Date,Furnace,SP_Power,Avg_Load,Ore_qty,Flux_qty,Reductant_qty,Additive_qty,Cr%,Cr recovery,Cr_recovery_pct,Total_Charge,Ore_fraction,Flux_fraction,Reductant_fraction,Additive_fraction,Reductant_Ore_ratio,Flux_Ore_ratio,Additive_Total_ratio,Flux_Reductant_ratio,Power_per_Charge,Power_per_Ore,Load_Power_ratio,Power_per_Load,Energy_Intensity,Ore_Cost,Flux_Cost,Reductant_Cost,Additive_Cost,Total_Material_Cost,Power_Cost,Est_Metal_kg,Material_Cost_per_ton,Power_Cost_per_ton,Total_Cost_per_ton,Cost_per_Cr_recovery,Material_Cost_Fraction,Reductant_Cost_Fraction,Power_Load_interaction,Ore_Reductant_interaction,Flux_Ore_interaction,Power_Ore_interaction,Cr_deviation,Cr_deviation_abs,Cr_normalized,Cr_in_spec,Power_Efficiency_Score,Recovery_Efficiency_Score,Cost_Efficiency_Score,Overall_Efficiency_Score,Reductant_Ore_OK,Flux_Ore_OK,Power_OK,Recovery_OK,All_Constraints_OK,Fur_Fur_1,Fur_Fur_2,Fur_Fur_3,Fur_Fur_4,Fur_Fur_5,Furnace_Num,Date_parsed,Day_of_Week,Day_of_Month,Month,Week_of_Year
01-08-2025 00:00,Fur_1,3622,7.25,110.131,16.611,24.684,12.2,58.54,93.11%,93.11,163.626,0.6730654052534438,0.10151809614608925,0.15085622089398995,0.07456027770647695,0.22413307584482958,0.150829465356444,0.07456027770647695,0.6729460106568623,22.13584638138193,32.8881056842478,2.0016565433462175,499.5861379881189,160.48488626501901,495.5895,46.510799999999996,444.312,42.699999999999996,1029.1123,170686.75,57.269099999999995,17969.765545468676,2980433.602064639,3004903.3676101076,31929.692568378574,0.00599311144710712,0.4317429691589538,26259.5,2718.4736040000003,1829.386041,398894.482,0.5399999999999991,0.5399999999999991,0.5693333333333332,0,0.29666666666666663,1.0,0.9685692397082448,0.7827138479416489,1,1,1,1,1,True,False,False,False,False,1.0,2025-08-01,4,1,8,31
01-08-2025 00:00,Fur_2,3550,10.02,172.738,27.896,39.115,11.1,58.15,85.30%,85.3,250.84900000000002,0.6886134686604292,0.11120634325829483,0.15593046015730577,0.044249727923970195,0.22644119865668702,0.1614931273866021,0.044249727923970195,0.7131790690737807,14.151940011720198,20.551355112648316,2.822535211267606,354.2913818072474,141.80243891743638,777.321,78.1088,704.07,38.85,1598.3498,231211.5,87.79715,18205.030573315875,2633473.8656095327,2658178.8961828486,30801.609457506936,0.00686547326658685,0.440498068695601,35571.0,6756.6468700000005,4818.699248,613219.9,0.14999999999999858,0.14999999999999858,0.5433333333333332,1,0.41666666666666663,0.04285714285714245,1.0,0.3464285714285712,1,1,1,1,1,False,True,False,False,False,2.0,2025-08-01,4,1,8,31
01-08-2025 00:00,Fur_3,3624,10.08,167.42,26.366,36.63,10.1,56.8,85.65%,85.65,240.516,0.6960867468276538,0.10962264464734155,0.15229756024547225,0.04199304827953234,0.21879106308212246,0.15748417060396508,0.04199304827953234,0.7197925001421649,15.067604650002496,21.646159230401633,2.781456953642384,359.5237738567685,151.88145487202513,753.39,73.8248,659.34,35.35,1521.9047999999998,237444.48,84.1806,18079.04434038246,2820655.5904804673,2845234.6348208496,32835.945006587994,0.006368698263873973,0.43323340592657317,36529.92,6132.5946,4414.19572,606730.08,-1.2000000000000028,1.2000000000000028,0.45333333333333314,0,0.29333333333333333,0.09285714285714367,0.9968073777381218,0.3337900469761962,1,1,1,1,1,False,False,True,False,False,3.0,2025-08-01,4,1,8,31
01-08-2025 00:00,Fur_4,3618,7.3,120.001,19.156,26.674,14.6,58.34,87.55%,87.55,180.431,0.665079725767745,0.10616800882331749,0.1478349064185201,0.08091735899041738,0.2222814791353282,0.1596320017363855,0.08091735899041738,0.7181524811369693,20.051986632008912,30.14974850084792,2.017689331122167,495.6163704635109,146.37950241366502,540.0045,53.636799999999994,480.132,51.1,1124.8733,171674.1,63.15085,17812.48075045704,2718476.473396637,2742788.954147094,30974.465885342677,0.006509722126919604,0.42683207077632657,26411.399999999998,3200.906674,2298.739156,434163.618,0.3400000000000034,0.3400000000000034,0.5560000000000003,1,0.30333333333333334,0.3642857142857139,1.0,0.4731428571428569,1,1,1,1,1,False,False,False,True,False,4.0,2025-08-01,4,1,8,31
01-08-2025 00:00,Fur_5,3616,7.38,116.438,18.596,25.907,12.2,58.65,91.54%,91.54,173.141,0.6725039129957665,0.10740379228490075,0.14962949272558204,0.07046280199375075,0.22249609043013371,0.1597073106742875,0.07046280199375075,0.7177982507508298,20.88471245978711,31.055153549054832,2.040929203539823,489.97283333701444,154.12917795322886,523.971,52.068799999999996,466.326,42.699999999999996,1085.0658,173459.52,60.599349999999994,17905.56829404936,2862399.019131393,2886804.5874254424,31195.208422578802,0.006216553753453635,0.4297674850686474,26686.079999999998,3016.559266,2165.281048,421039.808,0.6499999999999986,0.6499999999999986,0.5766666666666665,0,0.30666666666666664,0.9342857142857152,0.9894555434807956,0.7570339658390167,1,1,1,1,1,False,False,False,False,True,5.0,2025-08-01,4,1,8,31
02-08-2025 00:00,Fur_1,3759,5.74,85.804,14.376,18.838,14.7,55.85,90.18%,90.18,133.718,0.6416787567866705,0.10750983412853916,0.140878565338997,0.10993284374579339,0.2195468717128937,0.16754463466103403,0.10993284374579339,0.7631382968925418,28.11139861499574,43.80914591616771,1.527001862197393,654.8779346902552,161.35942805007554,386.118,40.25279999999999,339.084,51.449999999999996,816.9048,140248.29,46.80129999999999,17454.745915177573,2996675.0923585463,3020629.838273724,33128.206166634394,0.005790973465553957,0.4150838628932037,21576.66,1616.3757520000001,1233.518304,322537.23600000003,-2.1499999999999986,2.1499999999999986,0.39000000000000007,0,0.06833333333333336,0.740000000000001,0.9657879421957998,0.5836575884391605,1,1,1,1,1,True,False,False,False,False,1.0,2025-08-02,5,2,8,31
02-08-2025 00:00,Fur_2,3751,8.08,132.024,21.9,29.055,14.8,56.18,84.85%,84.85,197.77900000000002,0.6675329534480404,0.11072965279428046,0.14690639552227483,0.07483099823540416,0.22007362131071911,0.1658789298470056,0.07483099823540416,0.7537428754519746,18.965613133851416,28.411500724023657,2.154092242068782,464.23261581279513,153.24215412151946,594.108,61.31999999999999,522.99,51.800000000000004,1230.2179999999998,197002.52,69.22265,17771.89980447151,2845925.7193996473,2870197.619204119,33432.703776402086,0.006205927499220638,0.42511977551946084,30308.08,3835.95732,2891.3255999999997,495222.024,-1.8200000000000003,1.8200000000000003,0.412,0,0.08166666666666667,0.0,0.9923925609713175,0.22297851219426348,1,1,1,0,0,False,True,False,False,False,2.0,2025-08-02,5,2,8,31
02-08-2025 00:00,Fur_3,3758,8.33,131.402,22.455,28.304,11.3,55.38,87.85%,87.85,193.46099999999998,0.679216999808747,0.11606990556236141,0.14630338931360842,0.058409705315283195,0.21540006837491008,0.1708878086262933,0.058409705315283195,0.7933507351133855,19.425103767684444,28.599260067584513,2.2166045769026077,451.14040202396137,161.81111438481142,591.309,62.87399999999999,509.472,39.550000000000004,1203.205,203476.91,67.71135,17769.62060274976,3005063.552860784,3029333.1734635336,34094.91472665767,0.0058784655265607996,0.4234290914682037,31304.14,3719.2022079999992,2950.6319099999996,493808.71599999996,-2.6199999999999974,2.6199999999999974,0.35866666666666686,0,0.06999999999999995,0.4071428571428563,0.9642487179775271,0.4174211721669336,1,1,1,1,1,False,False,True,False,False,3.0,2025-08-02,5,2,8,31
02-08-2025 00:00,Fur_4,3761,5.95,96.05,16.163,21.22,13.8,57.93,85.79%,85.79,147.233,0.6523673361270911,0.1097783784885182,0.1441252979970523,0.09372898738733844,0.22092659842866633,0.1682769373422495,0.09372898738733844,0.7616870517583859,25.544545040853613,39.156688816692466,1.5820260568997606,632.100734100717,151.990042993079,432.22499999999997,45.2564,381.96,48.300000000000004,907.7413999999999,145456.67500000002,51.531549999999996,17615.25512040682,2822672.2270143246,2846787.4821347315,32800.86971004414,0.006201926822973345,0.420780632017004,22377.95,2038.1809999999998,1552.45615,361244.05,-0.07000000000000028,0.07000000000000028,0.5286666666666666,1,0.06499999999999995,0.11285714285714375,0.996532749662714,0.27523512136111467,1,1,1,1,1,False,False,False,True,False,4.0,2025-08-02,5,2,8,31
02-08-2025 00:00,Fur_5,3762,5.89,87.678,15.258,19.381,10.8,57.08,90.96%,90.96,133.117,0.6586536655723912,0.11462097252792657,0.14559372582014318,0.08113163607953906,0.22104746662734706,0.1740231281048481,0.08113163607953906,0.787265838333118,28.26085323437277,42.90700012651977,1.5656565656565655,638.7095689796997,166.45642555045563,394.551,42.72239999999999,348.858,37.800000000000004,823.9313999999999,144028.16999999998,46.59094999999999,17684.365740556914,3091333.6173656043,3115517.983106161,33879.05592764421,0.0056880873113795225,0.4234066088511738,22158.18,1699.287318,1337.790924,329844.636,-0.9200000000000017,0.9200000000000017,0.47199999999999986,0,0.06333333333333335,0.8514285714285705,0.9490065443330519,0.6345155945808957,1,1,1,1,1,False,False,False,False,True,5.0,2025-08-02,5,2,8,31
03-08-2025 00:00,Fur_1,3755,5.51,82.787,16.045,18.922,12.8,50.49,79.01%,79.01,130.554,0.6341207469706023,0.1228993366729476,0.14493619498445087,0.09804372137199933,0.22856245269713296,0.19381062009964584,0.09804372137199933,0.8479547168399367,28.762044824363866,45.3573623231019,1.4673768308921438,681.4880795847406,158.47886698224488,372.54150000000004,44.926,340.596,44.800000000000004,802.8634999999999,134485.32499999998,45.6939,17570.474395925932,2943178.9582416904,2967249.4326376165,37085.982160200176,0.005934468551184718,0.42422653414932926,20690.05,1566.4956140000002,1328.3174150000002,310865.185,-7.509999999999998,7.509999999999998,0.0326666666666668,0,0.07499999999999996,0.0,0.9752285085240411,0.21754570170480822,1,1,1,0,0,True,False,False,False,False,1.0,2025-08-03,6,3,8,31
03-08-2025 00:00,Fur_2,3750,6.03,98.423,18.689,22.663,14.8,55.14,78.77%,78.77,154.57500000000002,0.6367329775190037,0.12090570920265242,0.14661491185508652,0.09574640142325731,0.23026121709091152,0.18988447629228455,0.09574640142325731,0.8246480684530703,24.260067928190196,38.1008500238679,1.608,621.8904441309379,146.2882096069869,442.9035,52.3292,407.934,51.800000000000004,954.9667,146981.25,54.10125,17651.472008502573,2716781.035558328,2740932.5075668306,34360.44261710958,0.006455259714641601,0.42717091601204527,22612.5,2230.560449,1839.427447,369086.25,-2.8599999999999994,2.8599999999999994,0.34266666666666673,0,0.08333333333333337,0.0,1.0,0.22500000000000003,1,1,1,0,0,False,True,False,False,False,2.0,2025-08-03,6,3,8,31
03-08-2025 00:00,Fur_3,3752,6.02,97.215,17.015,20.284,10.9,50.61,82.79%,82.79,145.41400000000002,0.6685394803801559,0.11701074174426121,0.13949138322307342,0.07495839465250938,0.2086509262083945,0.17502442858587225,0.07495839465250938,0.8388384520391219,25.80219236112066,38.5948666502611,1.6044776119402986,623.2557104226395,155.32919801394635,437.46750000000003,47.641999999999996,365.11199999999997,38.15,888.3715,146815.75999999998,50.8949,17455.020051124964,2884685.10597329,2908640.126024415,34713.45179644844,0.0060145338588582405,0.4109902219960906,22587.039999999997,1971.90906,1654.113225,364750.68,-7.390000000000001,7.390000000000001,0.04066666666666663,0,0.07999999999999996,0.0,0.9855938296552821,0.22111876593105642,1,1,1,0,0,False,False,True,False,False,3.0,2025-08-03,6,3,8,31
03-08-2025 00:00,Fur_4,3750,5.54,84.635,16.608,18.012,17.0,51.69,80.04%,80.04,136.255,0.6211515173755092,0.12188910498697296,0.13219331400682544,0.12476606363069245,0.21281975290577476,0.19623087143343923,0.12476606363069245,0.92205191416545,27.52192580088804,44.30790991542612,1.4773333333333334,676.8951846759594,152.47146893691976,380.8575,46.5024,324.216,59.5,811.0759,135037.5,47.689249999999994,17007.52056281028,2831612.9945427957,2855120.515105606,35231.00339468911,0.005970440945932655,0.3997357090748227,20775.0,1524.4456200000002,1405.6180800000002,317381.25,-6.310000000000002,6.310000000000002,0.11266666666666651,0,0.08333333333333337,0.0,0.9950590150677908,0.2240118030135582,1,1,1,0,0,False,False,False,True,False,4.0,2025-08-03,6,3,8,31
03-08-2025 00:00,Fur_5,3751,5.53,81.015,15.749,17.217,9.8,51.48,83.44%,83.44,123.78099999999999,0.6545027104321343,0.12723277401216665,0.1390924293712282,0.07917208618447097,0.2125161980804024,0.19439609708824174,0.07917208618447097,0.9147353827765939,30.30351992632149,46.30006731716266,1.474273527059451,678.300058173588,167.57846519255784,364.5675,44.0972,309.90599999999995,34.300000000000004,752.8706999999999,134829.695,43.32335,17377.942841446933,3112171.496433217,3136049.439274664,37139.38227468811,0.005552857744747634,0.41163243568915614,20743.030000000002,1394.835255,1275.905235,303887.265,-6.520000000000003,6.520000000000003,0.09866666666666646,0,0.08166666666666667,0.0,0.9453754633874433,0.21357509267748867,1,1,1,0,0,False,False,False,False,True,5.0,2025-08-03,6,3,8,31
04-08-2025 00:00,Fur_1,3720,4.5,72.017,13.866,16.694,11.4,52.6,85.21%,85.21,113.977,0.6318555498039078,0.12165612360388499,0.14646814708230607,0.10002017950990112,0.2318063758306181,0.19253787032870198,0.10002017950990112,0.8305977698216264,32.638163840073,51.65446975499577,1.2096774193548387,826.6664829630038,146.8717372803285,324.0765,38.824799999999996,300.49199999999996,39.9,703.2932999999999,108810.0,39.89195,17629.95541707036,2727617.978063243,2751747.9334803135,31919.126939801805,0.006421990233399363,0.42726413005782937,16740.0,1202.2517979999998,998.5877219999999,267903.24,-5.399999999999999,5.399999999999999,0.17333333333333342,0,0.1333333333333333,0.029999999999999107,1.0,0.25499999999999956,1,1,1,1,1,True,False,False,False,False,1.0,2025-08-04,0,4,8,32
04-08-2025 00:00,Fur_2,3714,5.5,87.661,15.532,20.21,17.7,53.8,82.66%,82.66,141.10299999999998,0.6212553949951455,0.1100756185198047,0.14322870527203535,0.12544028121301462,0.2305472190535447,0.17718255350517845,0.12544028121301462,0.7685303924527267,26.321197990120694,42.3677571283951,1.4808831448572968,675.27260449589,144.7665889456638,394.47450000000003,43.489599999999996,363.78000000000003,61.949999999999996,863.6941000000002,132775.5,49.38604999999999,17488.624824216564,2688522.366133757,2712510.9909579735,32423.03359978453,0.006462880188829276,0.4211907896557357,20427.0,1771.6288100000002,1361.5506520000001,325572.954,-4.200000000000003,4.200000000000003,0.25333333333333313,0,0.1433333333333333,0.0,1.0,0.243,1,1,1,0,0,False,True,False,False,False,2.0,2025-08-04,0,4,8,32
04-08-2025 00:00,Fur_3,3717,5.48,93.583,16.568,19.256,23.8,49.9,78.76%,78.76,153.207,0.6108271815256483,0.10814127291833925,0.12568616316486844,0.155345382391144,0.20576386517034223,0.17704069994506805,0.155345382391144,0.8604071011421323,24.261293544028668,39.71875191307447,1.4743072370191015,678.2845477582941,132.9518886212771,421.1235,46.3904,346.608,83.3,897.4218999999999,132399.54,53.62244999999999,16735.936161066867,2469106.502966575,2492342.4391276417,31248.02456278387,0.006732500780274722,0.38622636688496237,20369.16,1802.034248,1550.483144,347848.011,-8.100000000000001,8.100000000000001,-0.006666666666666762,0,0.1383333333333333,0.0,1.0,0.2415,1,1,1,0,0,False,False,True,False,False,3.0,2025-08-04,0,4,8,32
04-08-2025 00:00,Fur_4,3715,4.54,65.398,12.952,14.057,15.4,51.69,87.23%,87.23,107.807,0.6066210913948074,0.12014062166649661,0.13039041991707404,0.14284786702162197,0.21494540788792615,0.1980488669676616,0.14284786702162197,0.9213914120088631,34.45972896008608,56.80601766405674,1.2220726783310902,818.2817580877185,156.44716947879078,294.291,36.2656,253.026,53.9,637.4825999999999,109629.65,37.73245,16894.810700073805,2905447.4331775433,2928842.243877617,33195.53716284276,0.00578125670785784,0.3969143628390799,16866.1,919.299686,847.034896,242953.56999999998,-6.310000000000002,6.310000000000002,0.11266666666666651,0,0.14166666666666672,0.3185714285714291,0.9820209936812688,0.3981899130219684,1,1,1,1,1,False,False,False,True,False,4.0,2025-08-04,0,4,8,32
04-08-2025 00:00,Fur_5,3716,4.45,60.599,11.906,13.054,13.6,52.24,93.41%,93.41,99.15899999999999,0.6111295999354572,0.12006978690789541,0.1316471525529705,0.13715346060367692,0.21541609242040147,0.1964718857329018,0.13715346060367692,0.9120575369957457,37.475166147298786,61.321142901349155,1.197524219590958,835.0559921222489,166.7644893554796,272.6955,33.3368,234.972,47.6,588.6043,107485.3,34.70564999999999,16959.898460337154,3097054.8023160505,3120514.7007763875,33052.798440593026,0.005446312907934797,0.39920197660805407,16536.2,791.059346,721.4916939999999,225185.884,-5.759999999999998,5.759999999999998,0.14933333333333346,0,0.14,1.0,0.9481228521986976,0.7316245704397396,1,1,1,1,1,False,False,False,False,True,5.0,2025-08-04,0,4,8,32
05-08-2025 00:00,Fur_1,3690,4.6,69.865,13.816,16.148,15.1,53.86,86.78%,86.78,114.92899999999999,0.6078970494827242,0.1202133491111904,0.14050413733696457,0.13138546406912094,0.2311314645225583,0.19775280615826518,0.13138546406912094,0.8555857780786612,32.10677896788452,52.8161446673421,1.2466124661246611,802.173738657883,147.69118325226881,314.3925,38.6848,290.664,52.85,696.5912999999999,110330.99999999999,40.22514999999999,17317.30770425965,2742836.260399278,2766653.5681035374,31518.04019256707,0.006274037758036096,0.41726619324703024,16974.0,1128.1800199999998,965.25484,257801.84999999998,-4.140000000000001,4.140000000000001,0.2573333333333333,0,0.18333333333333335,0.25428571428571445,1.0,0.38214285714285723,1,1,1,1,1,True,False,False,False,False,1.0,2025-08-05,1,5,8,32
05-08-2025 00:00,Fur_2,3688,5.45,86.414,15.837,19.951,16.1,55.27,85.91%,85.91,138.302,0.6248210438026927,0.11451027461641915,0.144256771413284,0.11641191016760424,0.23087693856461988,0.18326891263835823,0.11641191016760424,0.7937947574660539,26.666281037150586,42.67826923093169,1.477765726681128,676.6971235418122,145.3312316524707,388.863,44.343599999999995,359.118,56.35000000000001,848.6745999999999,130647.40000000001,48.405699999999996,17532.534391610905,2699008.5878315987,2723041.1222232096,31331.73538399735,0.006453991897336833,0.4231515824793154,20099.600000000002,1724.045714,1368.538518,318694.832,-2.729999999999997,2.729999999999997,0.35133333333333355,0,0.18666666666666665,0.1299999999999995,1.0,0.32099999999999973,1,1,1,1,1,False,True,False,False,False,2.0,2025-08-05,1,5,8,32
05-08-2025 00:00,Fur_3,3690,5.53,92.398,16.796,19.03,22.9,50.28,76.98%,76.98,151.124,0.6114052036738042,0.11114052036738042,0.12592308303115324,0.15153119292766204,0.2059568366635984,0.18177882441417753,0.15153119292766204,0.8826063645503748,24.417035017601442,39.935928916903734,1.4986449864498645,667.2693187578085,135.02620364733596,415.791,47.0288,342.54,80.14999999999999,885.5097999999999,132637.05000000002,52.89339999999999,16741.404409623887,2507629.4963076687,2530870.9007172924,32455.384723227653,0.00663191150114544,0.38682801703606223,20405.7,1758.33394,1551.916808,340948.62,-7.719999999999999,7.719999999999999,0.01866666666666674,0,0.18333333333333335,0.0,1.0,0.255,1,1,1,0,0,False,False,True,False,False,3.0,2025-08-05,1,5,8,32
05-08-2025 00:00,Fur_4,3687,4.51,73.803,15.181,15.6,15.8,52.02,83.25%,83.25,120.38399999999999,0.6130631977671451,0.12610479797979798,0.12958532695374803,0.1312466772993089,0.21137351853754566,0.20569624262297953,0.1312466772993089,0.9731409632601947,30.626993620414677,49.95731813127762,1.2232167073501492,817.5164484442465,138.1277412280702,332.1135,42.5068,280.8,55.300000000000004,710.7203,108084.405,42.13439999999999,16867.934514316094,2565229.479949875,2588597.414464191,30725.191863076452,0.006532648388796883,0.39509213399420284,16628.37,1151.3267999999998,1120.403343,272111.66099999996,-5.979999999999997,5.979999999999997,0.13466666666666688,0,0.18833333333333335,0.0,1.0,0.2565,1,0,1,0,0,False,False,False,True,False,4.0,2025-08-05,1,5,8,32
05-08-2025 00:00,Fur_5,3688,4.5,71.41,14.597,15.065,14.3,52.89,87.29%,87.29,115.37199999999999,0.6189543390077316,0.1265211663141837,0.13057760981867353,0.12394688485941131,0.21096484790694794,0.20441114403569327,0.12394688485941131,0.968934552344205,31.966161633671952,51.645427088006905,1.220173535791757,819.5553734321392,143.8477273515238,321.34499999999997,40.871599999999994,271.17,50.050000000000004,683.4366,107874.0,40.380199999999995,16925.042471310197,2671457.793671156,2694882.836142466,30523.081165958385,0.0062956221278349525,0.3967741850524248,16596.0,1075.79165,1042.37177,263360.08,-5.109999999999999,5.109999999999999,0.1926666666666667,0,0.18666666666666665,0.327142857142858,1.0,0.41957142857142904,1,0,1,1,0,False,False,False,False,True,5.0,2025-08-05,1,5,8,32
06-08-2025 00:00,Fur_1,3736,5.11,77.923,16.058,17.434,11.4,55.17,88.53%,88.53,122.815,0.6344746162927981,0.13074950128241664,0.14195334446118146,0.0928225379636038,0.2237336829468362,0.20607522546519993,0.0928225379636038,0.9210737110775661,30.419737002809104,47.94476537165195,1.3677730192719486,731.1153168071786,155.44485608435454,350.6535,44.962399999999995,313.812,39.9,749.3279,124091.24,42.98524999999999,17432.20988594925,2886833.0415665843,2910765.2514525335,32511.619026611566,0.006002278847371376,0.4187912928372212,19090.960000000003,1358.5095820000001,1251.287534,291120.328,-2.8299999999999983,2.8299999999999983,0.3446666666666668,0,0.10666666666666669,0.5042857142857144,0.9852179916053289,0.481186455463923,1,0,1,1,0,True,False,False,False,False,1.0,2025-08-06,2,6,8,32
06-08-2025 00:00,Fur_2,3734,5.8,93.569,18.665,21.518,14.1,55.4,81.96%,81.96,147.852,0.6328558288017747,0.12624110597083568,0.1455374293212131,0.09536563590617644,0.2299693249904421,0.1994784576143973,0.09536563590617644,0.8674132880651877,25.254984714444173,39.90637882304632,1.553294054633101,643.792992449484,146.47891134377622,421.0605,52.26199999999999,387.324,49.35,909.9965000000001,140771.8,51.7482,17585.085085085087,2720322.639241558,2744407.724326643,33081.09600200872,0.006422818756395428,0.42563240627848564,21657.2,2013.417742,1746.465385,349386.646,-2.6000000000000014,2.6000000000000014,0.35999999999999993,0,0.10999999999999999,0.0,1.0,0.233,1,1,1,0,0,False,True,False,False,False,2.0,2025-08-06,2,6,8,32
06-08-2025 00:00,Fur_3,3734,5.75,97.14,17.915,20.33,22.7,52.41,76.98%,76.98,158.08499999999998,0.6144795521396718,0.11332510990922606,0.12860170161621912,0.14359363633488315,0.20928556506809176,0.18442453999974737,0.14359363633488315,0.8812099910865719,23.620204320460516,38.43936546799088,1.5399035886448849,649.3911914102275,135.81617484264797,437.13,50.16199999999999,365.93999999999994,79.45,932.682,139558.25,55.32974999999999,16856.79042468112,2522300.389934891,2545657.180359572,32645.00103051516,0.006638734519890579,0.3923523773376134,21470.5,1974.8562,1740.2631,362720.76,-5.590000000000003,5.590000000000003,0.16066666666666643,0,0.10999999999999999,0.0,1.0,0.233,1,1,1,0,0,False,False,True,False,False,3.0,2025-08-06,2,6,8,32
06-08-2025 00:00,Fur_4,3732,5.28,85.822,16.617,18.359,15.5,53.1,84.34%,84.34,136.298,0.6296644118035482,0.12191668256320709,0.1346975010638454,0.1137214045693994,0.2139195053259129,0.19362167983009393,0.1137214045693994,0.9051146083602261,27.381179474387004,43.485352899194226,1.414790996784566,706.8180479511273,144.57262762476338,386.199,46.5276,330.46200000000005,54.25,817.4386000000001,128082.24,47.704299999999996,17135.53285552875,2684920.2273170347,2708555.7601725636,31738.40825137759,0.006341665152918388,0.40426522554721545,19704.96,1575.6060980000002,1426.104174,320287.704,-4.899999999999999,4.899999999999999,0.20666666666666675,0,0.11333333333333329,0.0,1.0,0.23399999999999999,1,1,1,0,0,False,False,False,True,False,4.0,2025-08-06,2,6,8,32
06-08-2025 00:00,Fur_5,3736,5.29,85.799,16.602,18.372,15.5,52.47,81.36%,81.36,136.27300000000002,0.6296111482098434,0.12182897565915476,0.1348176087706295,0.11374226736037217,0.21412836729882204,0.19349875647153514,0.11374226736037217,0.9036576908525097,27.415555539248416,43.54363053714343,1.4159528907922911,706.2380517508409,145.0282888026241,386.0955,46.4856,330.696,54.25,817.5271,128462.36,47.695550000000004,17140.53197835018,2693382.5063344482,2717023.0383127984,32989.59492851868,0.00632369905589127,0.40450769154930766,19763.44,1576.299228,1424.4349980000002,320545.064,-5.530000000000001,5.530000000000001,0.1646666666666666,0,0.10666666666666669,0.0,1.0,0.232,1,1,1,0,0,False,False,False,False,True,5.0,2025-08-06,2,6,8,32
07-08-2025 00:00,Fur_1,3699,6.32,102.001,18.187,22.213,10.2,54.92,86.34%,86.34,152.601,0.6684163275470016,0.1191800840099344,0.14556261099206427,0.06684097745099966,0.2177723726456371,0.1783021717600595,0.06684097745099966,0.8187547463757824,24.23968388149488,36.26434999397702,1.7085698837523657,585.2847175182409,153.19480213104762,459.0045,50.9236,399.834,35.699999999999996,945.4621000000001,151954.92,53.410349999999994,17701.8517946428,2845046.3252908853,2869248.177085528,32851.47901403169,0.006183516921374652,0.42289796703643645,23377.68,2265.7482130000003,1855.0921870000002,377301.699,-3.0799999999999983,3.0799999999999983,0.3280000000000001,0,0.16833333333333333,0.19142857142857192,0.9925604741070191,0.3447263805356898,1,1,1,1,1,True,False,False,False,False,1.0,2025-08-07,3,7,8,32
07-08-2025 00:00,Fur_2,3697,8.81,140.438,25.827,30.835,18.9,54.51,88.53%,88.53,216.0,0.6501759259259259,0.11956944444444445,0.14275462962962962,0.0875,0.21956307965391791,0.18390321576850133,0.0875,0.8375871302874289,17.11574074074074,26.32478370295231,2.3830132539897213,419.6367287586006,150.78967592592593,631.971,72.3156,555.03,66.14999999999999,1325.4666000000002,211708.70500000002,75.6,17532.626984126986,2800379.695767196,2824412.3227513228,31547.105135165002,0.006221849715681951,0.4187431052581784,32570.570000000003,4330.4057299999995,3627.0922259999998,519199.28599999996,-3.490000000000002,3.490000000000002,0.3006666666666665,0,0.17166666666666663,0.5042857142857144,1.0,0.5036428571428573,1,1,1,1,1,False,True,False,False,False,2.0,2025-08-07,3,7,8,32
07-08-2025 00:00,Fur_3,3800,5.97,61.2,9.88,13.069,12.8,53.43,77.79%,77.79,96.949,0.6312597344995823,0.10190925125581492,0.13480283447998434,0.13202817976461853,0.21354574814467733,0.16143790585885776,0.13202817976461853,0.755987393374597,39.19586586762112,62.09150225340682,1.5710526315789475,636.5158062787594,233.9993192296981,275.40000000000003,27.664,235.24200000000002,44.800000000000004,583.106,147459.0,33.93215,17184.46959594367,4345701.64283725,4369386.112433193,55456.099916654304,0.0039387848211237956,0.40342922213113913,22686.0,799.8228000000001,604.6560000000001,232560.0,-4.57,4.57,0.22866666666666666,0,0.0,0.0,0.7272542908474999,0.14545085816949999,1,1,1,0,0,False,False,True,False,False,3.0,2025-08-07,3,7,8,32
07-08-2025 00:00,Fur_4,3696,6.32,104.28,19.936,22.828,15.7,51.59,83.53%,83.53,162.744,0.6407609497124318,0.12249913975323207,0.14026938013075751,0.09647053040357863,0.21891062314048118,0.1911775969392252,0.09647053040357863,0.8733134364239777,22.710514673352012,35.44303763480018,1.70995670995671,584.8100340490452,143.53045273558473,469.26,55.8208,410.904,54.949999999999996,990.9348,151831.68,56.96039999999999,17396.90732508901,2665565.5508037163,2689462.4581288053,31816.662227952267,0.006484215711770429,0.41466300305529685,23358.72,2380.50384,2078.92608,385418.88,-6.409999999999997,6.409999999999997,0.10600000000000023,0,0.17333333333333334,0.0,1.0,0.252,1,1,1,0,0,False,False,False,True,False,4.0,2025-08-07,3,7,8,32
07-08-2025 00:00,Fur_5,3697,7.02,106.827,20.381,23.367,13.8,52.45,88.17%,88.17,164.375,0.6498980988593156,0.12399087452471483,0.14215665399239544,0.08395437262357415,0.21873683414551723,0.19078509935891583,0.08395437262357415,0.8722129125598959,22.49125475285171,34.60735549432863,1.8988368947795509,526.638101618504,157.888608365019,480.7215,57.06679999999999,420.606,48.300000000000004,1006.6942999999999,168694.11,57.53124999999999,17498.217055947855,2932217.0124932104,2956215.2295491584,33152.57630984813,0.005932171648522941,0.4178090608042581,25952.94,2496.226509,2177.241087,394939.419,-5.549999999999997,5.549999999999997,0.16333333333333352,0,0.17166666666666663,0.4528571428571431,0.9771799572793389,0.4733645628844393,1,1,1,1,1,False,False,False,False,True,5.0,2025-08-07,3,7,8,32
08-08-2025 00:00,Fur_1,3651,6.28,100.797,18.516,21.72,13.1,53.64,89.09%,89.09,154.13299999999998,0.6539611893624337,0.12013001758221796,0.14091725976916042,0.08499153328618791,0.21548260151113027,0.18369594150921215,0.08499153328618791,0.8524861485964019,23.6873349639597,36.221315751249385,1.7200766913174474,581.3693341768576,148.75646357366693,453.5865,51.84479999999999,390.96,45.85,942.2413,149033.82,53.94654999999999,17466.20126773631,2762620.0377966715,2786586.239064408,30931.138184753112,0.00628261131698356,0.41492556100013867,22928.280000000002,2189.3108399999996,1866.3572519999998,368009.847,-4.359999999999999,4.359999999999999,0.2426666666666667,0,0.2483333333333333,0.5842857142857147,1.0,0.5666428571428574,1,1,1,1,1,True,False,False,False,False,1.0,2025-08-08,4,8,8,32
08-08-2025 00:00,Fur_2,3652,8.26,136.822,26.376,29.904,12.4,52.65,84.94%,84.94,205.502,0.6657940068709793,0.12834911582369027,0.14551683195297369,0.06034004535235667,0.21856134087674978,0.19277601414409953,0.06034004535235667,0.8820224424149798,17.77111658280698,26.69161372665497,2.261774370208105,442.13069707860814,146.78942297398564,615.6990000000001,73.8528,538.272,43.4,1271.2238000000002,196075.88,71.92569999999999,17674.12482603576,2726089.283802591,2750263.4086286267,32002.13414741246,0.006441562989889696,0.423428195727613,30165.52,4091.525088,3608.8170720000003,499673.944,-5.350000000000001,5.350000000000001,0.17666666666666658,0,0.2466666666666667,0.0,1.0,0.274,1,1,1,0,0,False,True,False,False,False,2.0,2025-08-08,4,8,8,32
08-08-2025 00:00,Fur_3,3650,8.07,138.595,23.26,29.195,11.6,53.0,83.78%,83.78,202.64999999999998,0.683913150752529,0.11477917591907232,0.14406612385887,0.05724154946952875,0.21064973331902498,0.16782712097963765,0.05724154946952875,0.7967117384239857,18.011349617567237,26.335726207036863,2.210958904109589,452.29238509388045,145.3515914137676,623.6775,65.128,525.51,40.6,1254.9155,191460.75,70.92749999999998,17692.93292446513,2699386.697684256,2723579.630608721,32125.261035724478,0.006511746187027022,0.4187612632085586,29455.5,4046.281025,3223.7197,505871.75,-5.0,5.0,0.2,0,0.25,0.0,1.0,0.275,1,1,1,0,0,False,False,True,False,False,3.0,2025-08-08,4,8,8,32
08-08-2025 00:00,Fur_4,3650,4.9,52.258,9.979,11.238,13.2,51.48,83.92%,83.92,86.675,0.6029189501009519,0.11513123738102105,0.12965676377271415,0.15229304874531294,0.21504840952488785,0.19095640493405017,0.15229304874531294,0.8879693105562102,42.111335448514566,69.84576390512909,1.3424657534246576,744.8978071637127,206.34554369772138,235.161,27.941199999999995,202.284,46.199999999999996,511.58619999999996,116252.50000000001,30.336249999999996,16863.857596110265,3832131.5258148266,3855495.3834109367,45401.50004016647,0.004381366023142824,0.3954055054651592,17885.0,587.275404,521.482582,190741.7,-6.520000000000003,6.520000000000003,0.09866666666666646,0,0.25,0.0,0.8181381920653898,0.238627638413078,1,1,1,0,0,False,False,False,True,False,4.0,2025-08-08,4,8,8,32
08-08-2025 00:00,Fur_5,3646,6.98,130.232,24.35,28.248,15.7,50.91,71.26%,71.26,198.52999999999997,0.655981463758626,0.12265148844003428,0.1422858006346648,0.07908124716667507,0.21690521364253632,0.18697401416722456,0.07908124716667507,0.8620078992492247,18.364982622273715,27.996191197277234,1.9144267690619858,522.3494953654018,128.18757870347054,586.044,68.17999999999999,508.464,54.949999999999996,1217.638,165419.02000000002,69.48549999999999,17523.62723158069,2380626.4616358816,2404650.0888674622,33277.74825446252,0.007307143665831318,0.4175822370852421,25449.08,3678.793536,3171.1492000000003,474825.872,-7.090000000000003,7.090000000000003,0.06066666666666644,0,0.2566666666666667,0.0,1.0,0.277,1,1,1,0,0,False,False,False,False,True,5.0,2025-08-08,4,8,8,32
09-08-2025 00:00,Fur_1,3632,6.88,107.873,21.719,23.394,13.9,52.7,87.48%,87.48,166.88600000000002,0.6463873542418177,0.13014273216447153,0.14017952374674925,0.08329038984696138,0.21686612760499727,0.2013386092781455,0.08329038984696138,0.9284004048730271,21.763359419004587,33.66922182873173,1.8942731277533038,527.906900013532,149.73191280275157,485.42850000000004,60.8132,421.092,48.65,1015.9837,162423.04,58.41010000000001,17393.97296015586,2780735.523479672,2804629.496439828,31697.892138786483,0.0062162859089570045,0.41446727934709976,24988.16,2523.580962,2342.893687,391794.73600000003,-5.299999999999997,5.299999999999997,0.1800000000000002,0,0.28,0.35428571428571487,1.0,0.46114285714285747,1,0,1,1,0,True,False,False,False,False,1.0,2025-08-09,5,9,8,32
09-08-2025 00:00,Fur_2,3637,7.41,117.573,22.496,25.586,15.6,52.55,87.21%,87.21,181.25499999999997,0.6486607266006456,0.12411243827756477,0.14116024385534193,0.08606659126644783,0.21761798867411747,0.1913364446655572,0.08606659126644783,0.8792307949960605,20.06565336128659,30.9339726728588,2.0373934561451748,490.82314563790203,148.68649140713364,529.0785,62.98879999999999,460.548,54.6,1107.2152999999998,175176.105,63.43924999999999,17453.158730596595,2761320.5547039104,2785273.713434507,31575.487058547867,0.006280885214300106,0.4159516220558008,26950.170000000002,3008.222778,2644.9222079999995,427613.001,-5.450000000000003,5.450000000000003,0.16999999999999982,0,0.2716666666666666,0.31571428571428484,1.0,0.4393571428571424,1,1,1,1,1,False,True,False,False,False,2.0,2025-08-09,5,9,8,32
09-08-2025 00:00,Fur_3,3635,7.37,120.565,21.685,25.051,13.9,52.24,85.03%,85.03,181.201,0.6653660851761304,0.11967373248492005,0.13824978890844972,0.07671039343049983,0.20778003394202268,0.17986148401392207,0.07671039343049983,0.8656340718680263,20.060595692076756,30.149711523661832,2.0275103163686383,493.2156725623239,147.8465902506057,542.5425,60.71799999999999,450.91799999999995,48.65,1102.8285,174134.675,63.42034999999999,17389.189747454882,2745722.3903683918,2769611.580115847,32193.555505240576,0.0062933360609077615,0.4088740905770933,26789.95,3020.2738149999996,2614.4520249999996,438253.77499999997,-5.759999999999998,5.759999999999998,0.14933333333333346,0,0.275,0.004285714285714448,1.0,0.28464285714285725,1,1,1,1,1,False,False,True,False,False,3.0,2025-08-09,5,9,8,32
09-08-2025 00:00,Fur_4,3638,6.78,112.196,21.226,23.726,14.1,51.21,83.43%,83.43,171.248,0.6551667756703728,0.12394889283378492,0.13854760347566103,0.08233672802018126,0.21146921270393584,0.18918677859115496,0.08233672802018126,0.8946303256077583,21.244043726058116,32.425398120918764,1.863661352391424,536.5780919501339,144.03461646267402,504.882,59.43279999999999,427.068,49.35,1040.7328,160326.66,59.93679999999999,17363.83657452517,2674928.5914496607,2698792.428024186,31964.85168807516,0.006449461579204494,0.4103531665380393,24665.64,2661.9622959999997,2381.472296,408169.048,-6.789999999999999,6.789999999999999,0.08066666666666672,0,0.27,0.0,1.0,0.281,1,1,1,0,0,False,False,False,True,False,4.0,2025-08-09,5,9,8,32
09-08-2025 00:00,Fur_5,3751,5.04,49.55,9.395,10.285,8.1,51.48,92.03%,92.03,77.32999999999998,0.640760377602483,0.12149230570283204,0.1330014224751067,0.10474589421957844,0.20756810882809065,0.18960645429653977,0.10474589421957844,0.9134661241160793,48.5064011379801,75.70131027848012,1.343641695547854,744.2458840781976,244.4722617354197,222.975,26.305999999999997,185.13,28.349999999999998,462.761,122882.76,27.065499999999993,17097.818255713,4540199.146514937,4563796.9647706505,49057.2607198823,0.003751745472784537,0.4000553201328547,18905.04,509.62174999999996,465.52224999999993,185862.05,-6.520000000000003,6.520000000000003,0.09866666666666646,0,0.08166666666666667,1.0,0.6928718517380408,0.6630743703476081,1,1,1,1,1,False,False,False,False,True,5.0,2025-08-09,5,9,8,32
10-08-2025 00:00,Fur_1,3640,7.04,112.202,22.841,24.369,13.9,53.75,87.25%,87.25,173.312,0.6473989106351551,0.1317912204579025,0.14060769017725258,0.08020217872968981,0.21718863997799825,0.20357034452531736,0.08020217872968981,0.937297347560534,21.00258493353028,32.44148916738125,1.934065934065934,517.0453811015084,147.85819793205314,504.909,63.9548,438.642,48.65,1056.1558,166566.4,60.6592,17411.304468242248,2745937.961595273,2769849.2660635156,31386.393949728223,0.006300797616164256,0.41531940647393123,25625.6,2734.250538,2562.805882,408415.27999999997,-4.25,4.25,0.25,0,0.2666666666666667,0.32142857142857145,1.0,0.4407142857142857,1,0,1,1,0,True,False,False,False,False,1.0,2025-08-10,6,10,8,32
10-08-2025 00:00,Fur_2,3638,8.07,129.797,24.705,28.078,13.2,53.32,87.07%,87.07,195.78,0.6629737460414751,0.12618755746245786,0.14341607927265299,0.06742261722341403,0.2163224094830974,0.19033567655388278,0.06742261722341403,0.8798703298001876,18.582081928695473,28.0283825664046,2.218251786695987,450.80539643055806,149.95740116457247,584.0865,69.17399999999999,505.404,46.199999999999996,1204.8645,190831.29,68.523,17583.35887220349,2784923.1644849177,2809006.5233571213,31895.157526480318,0.006274154484800412,0.4194695752094945,29358.66,3644.440166,3206.6348849999995,472201.486,-4.68,4.68,0.22133333333333335,0,0.27,0.29571428571428476,1.0,0.4288571428571424,1,1,1,1,1,False,True,False,False,False,2.0,2025-08-10,6,10,8,32
10-08-2025 00:00,Fur_3,3639,8.0,129.604,23.765,26.683,12.2,52.11,86.93%,86.93,192.252,0.6741360297942285,0.12361379855606183,0.1387917941035724,0.06345837754613735,0.2058809897388893,0.1833662527131396,0.06345837754613735,0.8906419484075273,18.92828163036015,28.0778368871498,2.198406155537236,454.8749431406321,151.4262530428812,583.2180000000001,66.542,480.294,42.699999999999996,1172.7540000000001,189228.0,67.2882,17428.82110087653,2812201.8422249365,2836130.663325813,32254.414458385225,0.006159397877174374,0.4095436894694027,29112.0,3458.2235320000004,3080.0390600000005,471628.95600000006,-5.890000000000001,5.890000000000001,0.14066666666666663,0,0.2683333333333333,0.2757142857142867,0.9984174563001921,0.41804063411718173,1,1,1,1,1,False,False,True,False,False,3.0,2025-08-10,6,10,8,32
10-08-2025 00:00,Fur_4,3637,7.01,120.682,22.689,25.592,16.9,52.97,82.05%,82.05,185.86300000000003,0.649306209412309,0.12207378553020233,0.13769281675212386,0.09092718830536468,0.21206144899768442,0.18800649485419121,0.09092718830536468,0.8865660797684402,19.56817656015452,30.137054157728127,1.927412702777014,518.8301684978362,137.17291768668318,543.069,63.529199999999996,460.65599999999995,59.14999999999999,1126.4042,165719.905,65.05205000000001,17315.429721277036,2547497.0427526874,2571312.4724739646,30961.01712792251,0.006751148439548461,0.4089615432897001,25495.37,3088.493744,2738.153898,438920.434,-5.030000000000001,5.030000000000001,0.19799999999999993,0,0.2716666666666666,0.0,1.0,0.2815,1,1,1,0,0,False,False,False,True,False,4.0,2025-08-10,6,10,8,32
10-08-2025 00:00,Fur_5,3640,7.02,117.023,22.056,24.81,13.0,52.72,86.85%,86.85,176.889,0.6615617703757724,0.12468836388921867,0.14025744958702913,0.0734924161479798,0.21200960313776263,0.18847576810989491,0.0734924161479798,0.8889963365982936,20.577876521434344,31.104996187886176,1.9285714285714284,518.5184446554922,144.4566931804691,526.6034999999999,61.7568,446.58,45.5,1080.4403,166093.19999999998,61.91115,17451.46552761498,2682767.1590658547,2706718.62459347,30810.68440060865,0.00646298242989209,0.4133314908745999,25552.8,2903.3406299999997,2581.059288,425963.72,-5.280000000000001,5.280000000000001,0.18133333333333326,0,0.2666666666666667,0.26428571428571346,1.0,0.41214285714285676,1,1,1,1,1,False,False,False,False,True,5.0,2025-08-10,6,10,8,32
11-08-2025 00:00,Fur_1,3539,7.02,105.626,21.549,23.177,14.2,54.49,89.70%,89.7,164.552,0.6419004326899704,0.13095556419855123,0.1408490932957363,0.08629490981574213,0.21942513945974343,0.2040122677748635,0.08629490981574213,0.9297579095759628,21.50687928435996,33.505007919404235,1.9836111896015822,504.1309823175239,150.9782925762069,475.317,60.337199999999996,417.186,49.699999999999996,1002.5401999999999,161484.56999999998,57.593199999999996,17407.266830111887,2803882.576415271,2827789.843245383,31177.396287159678,0.006169967567064284,0.4161289492431326,24843.78,2448.093802,2276.134674,373810.414,-3.509999999999998,3.509999999999998,0.29933333333333345,0,0.43500000000000005,0.6714285714285718,0.9998925680806834,0.6661927993304226,1,0,1,1,0,True,False,False,False,False,1.0,2025-08-11,0,11,8,33
11-08-2025 00:00,Fur_2,3534,11.03,183.606,35.824,40.633,13.4,53.36,83.22%,83.22,273.46299999999997,0.6714107575796361,0.1310012689102365,0.1485868289311534,0.04900114457897413,0.22130540275750576,0.1951134483888683,0.04900114457897413,0.8816478999422168,12.923137682245864,19.247736897227014,3.1211092246745897,320.3988830100741,142.54220863517185,826.227,100.3072,731.394,46.9,1704.8282,253370.12999999998,95.71204999999998,17812.053968126274,2647212.446081763,2671524.5000498896,31720.784849796837,0.006683636104580963,0.4290133164151086,38980.02,7460.462598,6577.501343999999,648863.6039999999,-4.640000000000001,4.640000000000001,0.22399999999999995,0,0.44333333333333336,0.0,1.0,0.333,1,1,1,0,0,False,True,False,False,False,2.0,2025-08-11,0,11,8,33
11-08-2025 00:00,Fur_3,3535,10.95,181.807,33.659,37.552,12.1,52.47,83.85%,83.85,265.118,0.6857587941973008,0.12695856184793186,0.14164258933757798,0.04564005461718933,0.2065487016091311,0.18513588483867022,0.04564005461718933,0.8963303979460376,13.333685377831758,19.443695680344018,3.0975954738330973,322.83102074602556,146.00385488725775,818.1315,94.2452,675.936,42.35,1630.6626999999999,251603.62499999997,92.79129999999999,17573.443846567512,2711500.1621919293,2735573.606038497,32240.1132120035,0.006439344035164003,0.4145161350658233,38708.25,6827.216463999999,6119.4418129999995,642687.745,-5.530000000000001,5.530000000000001,0.1646666666666666,0,0.44166666666666665,0.0,1.0,0.3325,1,1,1,0,0,False,False,True,False,False,3.0,2025-08-11,0,11,8,33
11-08-2025 00:00,Fur_4,3537,7.6,131.502,23.941,28.533,14.5,53.0,77.94%,77.94,198.476,0.662558697273222,0.12062415606924766,0.14376045466454382,0.07305669199298656,0.21697768690227,0.1820580661734569,0.07305669199298656,0.8390635110551462,17.82079445373748,26.896929119732558,2.1487135990952786,465.39467560596376,135.43803784840483,591.759,67.03479999999999,513.594,50.75,1223.1378,174727.8,69.4666,17607.566801887526,2515277.84575609,2539385.4125579773,32168.550957157047,0.006951584431964307,0.4198987227767796,26881.199999999997,3752.1465660000003,3148.289382,465122.574,-5.0,5.0,0.2,0,0.43833333333333335,0.0,1.0,0.3315,1,1,1,0,0,False,False,False,True,False,4.0,2025-08-11,0,11,8,33
11-08-2025 00:00,Fur_5,3538,7.63,131.435,24.01,28.4,12.8,53.21,82.69%,82.69,196.645,0.6683871951994711,0.12209819725902006,0.14442269063540897,0.06509191690609982,0.21607638592402034,0.18267584598717354,0.06509191690609982,0.8454225054428696,17.991812657326655,26.918248359126196,2.1565856416054268,463.6958763177095,137.27753057540235,591.4575,67.228,511.2,44.800000000000004,1214.6854999999998,175467.11,68.82575,17648.70706094739,2549439.8535431866,2573588.560604134,30751.446536075207,0.006874989562804166,0.42084967672702117,26994.94,3732.754,3155.75435,465017.03,-4.789999999999999,4.789999999999999,0.21400000000000005,0,0.43666666666666665,0.0,1.0,0.33099999999999996,1,1,1,0,0,False,False,False,False,True,5.0,2025-08-11,0,11,8,33
12-08-2025 00:00,Fur_1,3631,7.14,111.021,22.802,24.672,12.7,55.03,84.29%,84.29,171.195,0.6485060895470078,0.13319314232308188,0.14411635853850874,0.07418440959140161,0.22222822509049436,0.2053845650337813,0.07418440959140161,0.9242055397128104,21.20973159262829,32.705523885521444,1.9664004406499587,508.5433461423885,151.437483571366,499.5945,63.8456,444.096,44.449999999999996,1051.9861,168514.71,59.91824999999999,17557.023110654936,2812410.4091825113,2836467.4322931664,33256.74091092937,0.00620396648749707,0.4221500645303203,25925.34,2739.1101120000003,2531.500842,403117.251,-2.969999999999999,2.969999999999999,0.3353333333333334,0,0.2816666666666666,0.0,0.9983578971841511,0.2841715794368302,1,0,1,0,0,True,False,False,False,False,1.0,2025-08-12,1,12,8,33
12-08-2025 00:00,Fur_2,3628,11.89,203.998,39.925,46.315,12.8,54.8,76.63%,76.63,303.038,0.6731763013219464,0.13174915357149927,0.1528356179753034,0.04223892713125087,0.22703653846098226,0.19571270210633093,0.04223892713125087,0.8620317205650067,11.972095908763917,17.784487996036784,3.2772877618522602,305.13033598567404,142.34822035520298,917.991,111.78999999999999,833.67,44.800000000000004,1908.251,280389.98000000004,106.0633,17991.62386989656,2643609.806596627,2668101.4304665234,34369.46322899038,0.006759698752770433,0.4368764905664925,43136.920000000006,9448.16737,8144.620149999999,740104.744,-3.200000000000003,3.200000000000003,0.3199999999999998,0,0.2866666666666666,0.0,1.0,0.286,1,1,1,0,0,False,True,False,False,False,2.0,2025-08-12,1,12,8,33
12-08-2025 00:00,Fur_3,3629,12.12,205.107,33.799,45.521,13.5,53.51,76.76%,76.76,297.927,0.6884471699443152,0.11344725385748856,0.152792462583116,0.045313113615080204,0.22193781673985863,0.1647871590692314,0.045313113615080204,0.7424924596891005,12.180836245120448,17.69320394870383,3.339763020115734,299.42241753940453,147.6317352908598,922.9815,94.63719999999999,819.378,47.25,1884.2467000000001,285892.62,104.27445,18070.070856283586,2741732.226830254,2766302.2976865373,35574.87522745032,0.006547596134488041,0.43485707046747113,43983.479999999996,9336.675747,6932.411493,744333.303,-4.490000000000002,4.490000000000002,0.23399999999999987,0,0.28500000000000003,0.0,1.0,0.28550000000000003,1,1,1,0,0,False,False,True,False,False,3.0,2025-08-12,1,12,8,33
12-08-2025 00:00,Fur_4,3632,7.14,119.41,21.687,26.321,14.6,54.05,77.24%,77.24,182.018,0.6560340186135437,0.1191475568350383,0.14460657737146876,0.08021184717994924,0.22042542316032643,0.181617953424186,0.08021184717994924,0.8239428280102264,19.954070476546274,30.416212792762643,1.9658590308370043,508.6834021451818,142.4720632025404,537.345,60.7236,473.778,51.1,1122.9466,168561.12,63.7063,17626.93171632947,2645909.7451900365,2670036.676906366,34126.23564553126,0.006617867089708233,0.42190608173175825,25932.48,3142.9906100000003,2589.64467,433697.12,-3.950000000000003,3.950000000000003,0.2699999999999998,0,0.28,0.0,1.0,0.28400000000000003,1,1,1,0,0,False,False,False,True,False,4.0,2025-08-12,1,12,8,33
12-08-2025 00:00,Fur_5,3631,7.13,118.166,21.475,26.062,13.1,53.9,82.35%,82.35,178.803,0.6608725804376884,0.12010424881014302,0.14575818079115005,0.07326498996101855,0.2205541338409176,0.18173586156986055,0.07326498996101855,0.8239965918196381,20.307265538050256,30.72795871292962,1.9636463784081521,509.2565905670981,144.7908032862983,531.747,60.13,469.11600000000004,45.85,1106.8429999999998,168278.695,62.58105,17686.55207926361,2688972.061031255,2713158.6131105185,32551.393078710484,0.0065344598663434885,0.42383246765801486,25889.03,3079.642292,2537.61485,429060.746,-4.100000000000001,4.100000000000001,0.2599999999999999,0,0.2816666666666666,0.0,1.0,0.2845,1,1,1,0,0,False,False,False,False,True,5.0,2025-08-12,1,12,8,33
13-08-2025 00:00,Fur_1,3612,7.0,106.829,21.085,24.63,13.9,56.5,89.19%,89.19,166.444,0.6418314868664536,0.12667924346927498,0.1479776982048016,0.08351157145946986,0.23055537138272034,0.19737149840051393,0.08351157145946986,0.8560697987791394,21.70099252601476,33.81104350119309,1.937984496124031,515.9999262857248,151.9069476821033,480.73049999999995,59.038,443.34,48.65,1031.7585,164346.0,58.255399999999995,17710.95040116453,2821129.0283819186,2845339.978783083,31548.286714525813,0.00623879842947563,0.4296935765491634,25284.0,2631.19827,2252.489465,385866.348,-1.5,1.5,0.43333333333333335,0,0.31333333333333335,0.5985714285714282,0.9967887471816302,0.5926434637220401,1,1,1,1,1,True,False,False,False,False,1.0,2025-08-13,2,13,8,33
13-08-2025 00:00,Fur_2,3580,12.1,204.013,38.532,47.024,13.9,56.27,81.63%,81.63,303.469,0.6722696552201378,0.12697178294982353,0.15495487183204876,0.045803689997989915,0.2304951143775391,0.18887031616186067,0.045803689997989915,0.8194113469842772,11.796921596604596,17.547901273213466,3.3798882681564244,295.86774414316164,142.7427513189156,918.0585,107.88959999999999,846.432,48.65,1921.0301000000002,281567.0,106.21414999999999,18086.385853485626,2650936.810208433,2675523.1960619185,32379.561854797514,0.00677640639473335,0.44061360621054296,43318.0,9593.507312,7861.028915999999,730366.54,-1.7299999999999969,1.7299999999999969,0.4180000000000002,0,0.3666666666666667,0.0,1.0,0.31,1,1,1,0,0,False,True,False,False,False,2.0,2025-08-13,2,13,8,33
13-08-2025 00:00,Fur_3,3590,11.93,194.348,34.354,44.13,12.6,54.5,82.92%,82.92,285.432,0.6808907200313911,0.12035791361865522,0.15460775245942993,0.04414361389052383,0.22706690973374097,0.17676538900958388,0.04414361389052383,0.7784726766718179,12.57742649737941,18.47201916936619,3.3231197771587744,300.9220200400654,150.04869811373635,874.566,96.1912,794.34,44.1,1809.1972,278386.55,99.9012,18109.864546171615,2786618.6792551037,2811228.543801275,33498.91019782263,0.0064569045678934565,0.43905661582938554,42828.7,8576.57724,6676.631192000001,697709.3200000001,-3.5,3.5,0.3,0,0.35,0.0,1.0,0.305,1,1,1,0,0,False,False,True,False,False,3.0,2025-08-13,2,13,8,33
13-08-2025 00:00,Fur_4,3623,7.1,118.792,19.6,26.969,15.3,56.23,81.49%,81.49,180.661,0.6575409191801219,0.10849048770902409,0.1492795899502383,0.08468900316061574,0.22702707061900576,0.16499427431986774,0.08468900316061574,0.7267603275330814,20.054134539275218,30.498686523514323,1.9597019044990338,510.2816182701946,142.38435522885405,534.564,54.88,485.442,53.550000000000004,1128.436,167201.44999999998,63.23135,17846.147520177885,2644280.8828215743,2668627.0303417523,32350.915630279458,0.006703717484844017,0.4301901038251173,25723.3,3203.7014480000003,2328.3232000000003,430383.416,-1.7700000000000031,1.7700000000000031,0.4153333333333331,0,0.29500000000000004,0.0,1.0,0.28850000000000003,1,1,1,0,0,False,False,False,True,False,4.0,2025-08-13,2,13,8,33
13-08-2025 00:00,Fur_5,3625,7.04,112.791,18.451,25.455,12.6,56.23,88.40%,88.4,169.297,0.6662315339314931,0.10898598321293348,0.1503570648032747,0.07442541805229862,0.22568289823050688,0.16358574563940612,0.07442541805229862,0.7248477420998727,21.412074638062105,32.139088826776174,1.9420689655172414,514.9146995859802,150.74100545195722,507.55949999999996,51.6628,458.18999999999994,44.1,1061.5122999999999,165880.0,59.253949999999996,17914.625100942638,2799475.8155363486,2823890.4406372914,31587.141394153146,0.00635858801909272,0.4316388985789425,25520.0,2871.094905,2081.106741,408867.375,-1.7700000000000031,1.7700000000000031,0.4153333333333331,0,0.29166666666666663,0.48571428571428654,1.0,0.5303571428571432,1,1,1,1,1,False,False,False,False,True,5.0,2025-08-13,2,13,8,33
14-08-2025 00:00,Fur_1,3624,7.1,104.416,18.616,23.788,10.8,56.26,93.53%,93.53,157.62,0.6624540032990737,0.1181068392335998,0.15091993401852558,0.06851922344880092,0.2278194890838618,0.17828685088217466,0.06851922344880092,0.7825794189263738,22.992006090597638,34.707324215567304,1.9591611479028697,510.42246332077985,163.24324324324323,469.87199999999996,52.12479999999999,428.184,37.800000000000004,987.9807999999998,167247.6,55.167,17908.90931172621,3031660.231660232,3056069.140971958,32329.0927850625,0.005872603139608859,0.43339303759749187,25730.399999999998,2483.847808,1943.8082559999998,378403.584,-1.740000000000002,1.740000000000002,0.4173333333333332,0,0.29333333333333333,1.0,0.9595203411207904,0.779904068224158,1,1,1,1,1,True,False,False,False,False,1.0,2025-08-14,3,14,8,33
14-08-2025 00:00,Fur_2,3588,12.15,208.787,35.681,47.755,13.8,56.2,80.54%,80.54,306.023,0.6822591765978374,0.11659581142593856,0.15605036222767568,0.04509464974854831,0.22872592532712321,0.17089665462458553,0.04509464974854831,0.7471678201828537,11.72460893462256,17.184977909616126,3.3862876254180603,295.30861767007264,142.45399855566413,939.5415,99.90679999999999,859.59,48.300000000000004,1947.3383000000001,283362.3,107.10805,18181.063888288507,2645574.2588909045,2670255.322779193,32747.796453019288,0.0068253505615972045,0.4414179087424101,43594.200000000004,9970.623185,7449.728947,749127.756,-1.7999999999999972,1.7999999999999972,0.4133333333333335,0,0.3533333333333334,0.0,1.0,0.30600000000000005,1,1,1,0,0,False,True,False,False,False,2.0,2025-08-14,3,14,8,33
14-08-2025 00:00,Fur_3,3587,12.03,199.806,33.661,44.552,14.7,56.48,84.11%,84.11,292.719,0.682586371229746,0.11499424362613975,0.15220057461251235,0.05021881053160198,0.22297628588242452,0.16846841351877115,0.05021881053160198,0.7555440663596682,12.254073018833763,17.95241375157696,3.3537775299693333,298.17121378460405,147.41649841657016,899.1270000000001,94.2508,801.936,51.449999999999996,1846.7638000000002,280485.46499999997,102.45164999999999,18025.710664493938,2737734.9705934455,2762260.6812579394,32455.18365947526,0.0065411016228976845,0.4342385312079433,43151.61,8901.756912,6725.669766000001,716704.1220000001,-1.5200000000000031,1.5200000000000031,0.4319999999999998,0,0.355,0.0,1.0,0.3065,1,1,1,0,0,False,False,True,False,False,3.0,2025-08-14,3,14,8,33
14-08-2025 00:00,Fur_4,3628,7.25,120.018,16.145,27.871,22.3,57.42,80.19%,80.19,186.33400000000003,0.6441014522309401,0.08664548606266166,0.14957549346871743,0.1196775682376807,0.2322234978734565,0.1345214873225559,0.1196775682376807,0.5792759291279133,19.47041334378052,30.228798761612435,1.9983461962513782,500.4137240808656,141.16049674240878,540.081,45.205999999999996,501.678,78.05,1165.015,170969.5,65.21690000000001,17863.697906524227,2621552.08235902,2645915.7802655445,32589.18315390497,0.006768049975334697,0.43061934824873493,26303.0,3345.021678,1937.6906099999999,435425.304,-0.5799999999999983,0.5799999999999983,0.49466666666666675,0,0.2866666666666666,0.0,1.0,0.286,1,1,1,0,0,False,False,False,True,False,4.0,2025-08-14,3,14,8,33
14-08-2025 00:00,Fur_5,3627,7.2,118.824,16.568,27.576,19.9,57.22,82.85%,82.85,182.868,0.6497801693024476,0.09060087057330972,0.15079729641052564,0.10882166371371699,0.2320743264654083,0.13943310998255312,0.10882166371371699,0.6008122787636975,19.83397860752018,30.52413628118784,1.9851116625310175,503.7499300347319,142.8046459741453,534.708,46.3904,496.368,69.64999999999999,1147.1164,169743.6,64.0038,17922.629593867867,2652086.282376984,2676508.911970852,31920.201693152678,0.006712572948169817,0.4327093571323712,26114.4,3276.690624,1968.676032,430974.648,-0.7800000000000011,0.7800000000000011,0.4813333333333333,0,0.28833333333333333,0.0,1.0,0.2865,1,1,1,0,0,False,False,False,False,True,5.0,2025-08-14,3,14,8,33
15-08-2025 00:00,Fur_1,3608,7.09,108.001,19.307,24.218,12.1,56.74,88.46%,88.46,163.626,0.6600479141456737,0.11799469521958612,0.14800826274552945,0.07394912788921075,0.2242386623805459,0.17876686161455113,0.07394912788921075,0.7972169131548057,22.05028540696466,33.40709777310305,1.9650776053215078,508.88568280878945,156.33652353537946,486.0045,54.059599999999996,435.924,42.35,1018.3381,166274.68,57.269099999999995,17781.632678006117,2903392.5799427615,2927674.2126207678,32726.06989292162,0.00608715242014036,0.4280739373298514,25580.72,2615.568218,2085.175307,389667.608,-1.259999999999998,1.259999999999998,0.4493333333333335,0,0.31999999999999995,0.4942857142857134,0.9822275652953723,0.5395883702019312,1,1,1,1,1,True,False,False,False,False,1.0,2025-08-15,4,15,8,33
15-08-2025 00:00,Fur_2,3594,12.07,200.403,33.362,45.976,17.3,57.17,84.41%,84.41,297.041,0.6746644402624553,0.11231446163997563,0.15477997986809902,0.05824111822947001,0.22941772214279366,0.1664745529434462,0.05824111822947001,0.7256394482852043,12.099339821775445,17.933863176030982,3.3583750695603785,297.76302421184556,146.03903164882962,901.8135,93.4136,827.568,60.550000000000004,1883.3450999999998,281967.27,103.96435,18115.297214862592,2712153.444906836,2736768.7421216983,32042.72031520546,0.006634986855098063,0.4394138918034725,43379.58,9213.728328,6685.844886,720248.382,-0.8299999999999983,0.8299999999999983,0.4780000000000001,0,0.3433333333333334,0.0,1.0,0.30300000000000005,1,1,1,0,0,False,True,False,False,False,2.0,2025-08-15,4,15,8,33
15-08-2025 00:00,Fur_3,3593,12.03,198.541,32.836,43.413,17.2,56.62,84.91%,84.91,291.99,0.6799582177471831,0.1124559060241789,0.1486797493064831,0.05890612692215486,0.21866012451503655,0.165386493644202,0.05890612692215486,0.7563632838927676,12.305215932052468,18.097017653295705,3.348177010854439,298.6699668603519,148.0317476625912,893.4345,91.9408,781.434,60.199999999999996,1827.0093,280954.635,102.1965,17877.41556706932,2749161.0280195507,2773538.44358662,32284.232843517868,0.0064608482793237654,0.4277121085262128,43223.79,8619.260433,6519.292275999999,713357.813,-1.3800000000000026,1.3800000000000026,0.4413333333333332,0,0.345,0.0,1.0,0.3035,1,1,1,0,0,False,False,True,False,False,3.0,2025-08-15,4,15,8,33
15-08-2025 00:00,Fur_4,3605,7.1,120.03,14.951,27.453,15.2,58.81,79.41%,79.41,177.634,0.6757152346960605,0.08416744542148463,0.15454811578864408,0.08556920409381087,0.22871781863935833,0.12456052549728797,0.08556920409381087,0.5446034843330971,20.29453820777554,30.03415787691279,1.969486823855756,507.74640735966096,144.09122127520632,540.135,41.8628,494.154,53.199999999999996,1129.3518000000001,166370.75,62.171899999999994,18164.987719532463,2675979.823682403,2700644.8114019358,33585.93223979525,0.006742394708204292,0.43755541895802524,25595.5,3295.18359,1794.56853,432708.15,0.8100000000000023,0.8100000000000023,0.5873333333333335,0,0.32499999999999996,0.0,1.0,0.2975,1,1,1,0,0,False,False,False,True,False,4.0,2025-08-15,4,15,8,33
15-08-2025 00:00,Fur_5,3604,7.0,114.045,14.232,26.093,12.5,59.56,87.01%,87.01,166.86999999999998,0.6834362078264519,0.08528794870258286,0.1563672319769881,0.07490861149397736,0.2287956488333934,0.12479284383539091,0.07490861149397736,0.5454336203030077,21.597650865943553,31.601560510311188,1.9422863485016648,514.857069306133,151.18355606160486,513.2025,39.849599999999995,469.674,43.75,1066.4760999999999,163982.0,58.404499999999985,18260.170021145634,2807694.612572662,2832454.7825938077,32183.32896936493,0.0064615931343337,0.4403980548649895,25228.0,2975.776185,1623.08844,411018.18,1.5600000000000023,1.5600000000000023,0.6373333333333335,0,0.32666666666666666,0.28714285714285787,0.9990675524441174,0.44138493906025245,1,1,1,1,1,False,False,False,False,True,5.0,2025-08-15,4,15,8,33
16-08-2025 00:00,Fur_1,3608,7.16,107.423,19.732,24.59,12.6,58.08,91.89%,91.89,164.345,0.6536432504791749,0.12006449846359792,0.14962426602573853,0.07666798503148864,0.22890814603103482,0.18368505642474092,0.07666798503148864,0.8024399836339982,21.953816666159604,33.586847941438535,1.9844789356984478,503.910544146572,157.18932732970276,483.4035,55.249599999999994,442.62,44.1,1025.3731,167916.32,57.52074999999999,17826.1427397939,2919230.3646944803,2943556.507434274,31688.626412254,0.006069390457647781,0.43166726336003935,25833.28,2641.53157,2119.670636,387582.184,0.0799999999999983,0.0799999999999983,0.5386666666666665,1,0.31999999999999995,0.9842857142857143,0.9794187095767831,0.7840265990582138,1,1,1,1,1,True,False,False,False,False,1.0,2025-08-16,5,16,8,33
16-08-2025 00:00,Fur_2,3580,12.02,201.667,33.069,46.417,13.8,57.8,83.86%,83.86,294.95300000000003,0.6837258817506517,0.11211616766061033,0.1573708353534292,0.04678711523530867,0.23016656056684257,0.16397824054516486,0.04678711523530867,0.7124329294777145,12.137526995826452,17.752036685466454,3.3575418994413404,297.83691365749473,145.89307448983396,907.5015,92.5932,835.5060000000001,48.300000000000004,1883.9007,279705.39999999997,103.23355000000001,18248.91907717985,2709442.811954059,2734191.731031239,32220.02982596322,0.006690242474827099,0.4434978977395147,43031.6,9360.777139,6668.926023000001,721967.86,-0.20000000000000284,0.20000000000000284,0.5199999999999998,1,0.3666666666666667,0.0,1.0,0.31,1,1,1,0,0,False,True,False,False,False,2.0,2025-08-16,5,16,8,33
16-08-2025 00:00,Fur_3,3590,12.02,189.035,31.535,41.207,12.5,57.6,89.71%,89.71,274.277,0.689212001006282,0.11497500701845216,0.15023862737305718,0.04557436460220872,0.2179860860793711,0.1668209581991644,0.04557436460220872,0.7652825790452453,13.088957513754345,18.99119200681783,3.348189415041783,298.66886034368883,157.3292693153272,850.6575,88.298,741.726,43.75,1724.4315000000001,280486.7,95.99694999999998,17963.39883715056,2921829.2872846485,2946292.686121799,32480.351517162377,0.006110430481017366,0.4301278421323201,43151.799999999996,7789.565245,5961.218725,678635.65,-0.3999999999999986,0.3999999999999986,0.5066666666666667,1,0.35,0.6728571428571419,0.978934803992371,0.6372155322270452,1,1,1,1,1,False,False,True,False,False,3.0,2025-08-16,5,16,8,33
16-08-2025 00:00,Fur_4,3604,7.18,117.661,14.603,27.19,14.1,60.13,85.49%,85.49,173.554,0.67795037855653,0.08414095900987589,0.15666593682657848,0.08124272560701568,0.23108761415347812,0.12411079181622804,0.08124272560701568,0.5370724333551882,20.765871140970532,30.63037004079202,1.9922308546059933,501.9497908147924,149.09895479216843,529.4745,40.8884,489.42,49.35,1109.1329,168198.68,60.7439,18259.1651178143,2768980.588997414,2793739.754115228,32301.303666495874,0.006550984747851527,0.4412636213387954,25876.719999999998,3199.2025900000003,1718.203583,424050.244,2.1300000000000026,2.1300000000000026,0.6753333333333335,0,0.32666666666666666,0.06999999999999927,1.0,0.33299999999999963,1,1,1,1,1,False,False,False,True,False,4.0,2025-08-16,5,16,8,33
16-08-2025 00:00,Fur_5,3605,7.05,114.03,14.159,26.344,13.1,60.04,88.04%,88.04,167.63299999999998,0.6802359917200075,0.08446427612701558,0.1571528279038137,0.07814690424916336,0.23102692071361117,0.12416907722380885,0.07814690424916336,0.5374658162213097,21.505312199865184,31.614487138345286,1.955617198335645,511.34744519894394,151.61245100904955,513.135,39.6452,474.192,45.85,1072.8222,165199.125,58.67154999999999,18285.22000867542,2815659.8044537776,2840445.024462453,31900.7752073501,0.006452214087019486,0.4420042761978639,25415.25,3004.00632,1614.55077,411078.15,2.039999999999999,2.039999999999999,0.6693333333333332,0,0.32499999999999996,0.43428571428571516,0.9976544420070431,0.5141737455442662,1,1,1,1,1,False,False,False,False,True,5.0,2025-08-16,5,16,8,33
17-08-2025 00:00,Fur_1,3595,7.4,116.405,19.268,26.576,13.7,58.52,91.27%,91.27,175.94899999999998,0.6615837543833725,0.10950900545044304,0.1510437683646966,0.07786347180148794,0.22830634226788935,0.16552553442270063,0.07786347180148794,0.7250150238931734,20.432057016521835,30.883552846668504,2.058414464534075,485.8107451607101,151.19722192226158,523.8225,53.9504,478.368,47.949999999999996,1104.0909,172919.5,61.58214999999999,17928.748833874753,2807948.407127715,2832377.15596159,30696.62030954362,0.0063444898148001605,0.4332686738021299,26603.0,3093.57928,2242.89154,418475.975,0.5200000000000031,0.5200000000000031,0.5680000000000002,0,0.3416666666666667,0.8957142857142851,0.9990812810653512,0.7501733990702129,1,1,1,1,1,True,False,False,False,False,1.0,2025-08-17,6,17,8,33
17-08-2025 00:00,Fur_2,3570,12.01,199.146,30.814,45.348,13.7,57.58,86.76%,86.76,289.008,0.6890674306593589,0.10661988595471407,0.15690915130377014,0.0474035320821569,0.2277123305127277,0.1547306993124105,0.0474035320821569,0.6795007347732925,12.35259923600731,17.926546262909895,3.3641456582633054,297.25226500813784,148.35471682444776,896.1569999999999,86.27919999999999,816.264,47.949999999999996,1846.6501999999998,278692.05,101.15279999999998,18256.046298273504,2755159.0267397445,2779915.073038018,31676.334013651067,0.006582514992346857,0.44202415812155443,42875.7,9030.872808,6136.484844,710951.22,-0.4200000000000017,0.4200000000000017,0.5053333333333332,1,0.3833333333333333,0.25142857142857217,1.0,0.44071428571428606,1,1,1,1,1,False,True,False,False,False,2.0,2025-08-17,6,17,8,33
17-08-2025 00:00,Fur_3,3593,11.79,196.168,31.007,42.996,14.3,56.8,87.07%,87.07,284.471,0.68958874542572,0.10899880831438002,0.15114370181846304,0.05026874444143691,0.2191794776967728,0.15806349578899975,0.05026874444143691,0.7211600911442904,12.630461453012785,18.31593318830832,3.2813804620094627,304.7497621077386,148.9131405310207,882.7560000000001,86.8196,773.928,50.050000000000004,1793.5536,275349.555,99.56484999999999,18013.923588495338,2765529.7527189567,2790043.676307452,31679.841901980835,0.006471579282848529,0.43150536454555916,42361.469999999994,8434.439328,6082.581176000001,704831.6240000001,-1.2000000000000028,1.2000000000000028,0.45333333333333314,0,0.345,0.29571428571428476,1.0,0.4513571428571424,1,1,1,1,1,False,False,True,False,False,3.0,2025-08-17,6,17,8,33
17-08-2025 00:00,Fur_4,3593,7.3,120.023,15.6,27.673,13.9,60.17,85.84%,85.84,177.196,0.6773459897514617,0.08803810469762297,0.15617169687803337,0.07844420867288202,0.23056413995180808,0.12997508702519445,0.07844420867288202,0.5637263555188684,20.276981421702523,29.93592869753357,2.0317283607013636,492.19171339839545,148.0219643784284,540.1034999999999,43.68,498.114,48.65,1130.5475,170487.85,62.01859999999999,18229.16834627031,2748979.338456528,2773708.5068027982,31940.44802859049,0.006587565881449277,0.4405953752496025,26228.899999999998,3321.3964789999995,1872.3588,431242.63899999997,2.1700000000000017,2.1700000000000017,0.6780000000000002,0,0.345,0.12000000000000048,1.0,0.36350000000000027,1,1,1,1,1,False,False,False,True,False,4.0,2025-08-17,6,17,8,33
17-08-2025 00:00,Fur_5,3596,7.1,115.218,14.97,26.579,12.0,60.43,87.36%,87.36,168.76700000000002,0.6827045571705368,0.08870217518827732,0.15748931959447046,0.07110394804671528,0.23068443966494437,0.12992761434908076,0.07110394804671528,0.5632265862814031,21.307483097999015,31.210400881716392,1.9744160177975527,506.4788019043941,151.283129995793,518.481,41.916,478.422,42.0,1080.819,165955.4,59.068450000000006,18297.737624738755,2809543.842779013,2834341.5804037517,32077.20213222897,0.0064705667218197755,0.44264765885869883,25531.6,3062.379222,1724.81346,414323.928,2.4299999999999997,2.4299999999999997,0.6953333333333334,0,0.33999999999999997,0.3371428571428571,0.9987338637120724,0.470318201313843,1,1,1,1,1,False,False,False,False,True,5.0,2025-08-17,6,17,8,33
18-08-2025 00:00,Fur_1,3534,7.18,113.429,18.753,25.325,12.9,57.87,90.75%,90.75,170.407,0.6656358013461888,0.11004829613806943,0.14861478695124025,0.07570111556450146,0.22326741641672396,0.16532808924236228,0.07570111556450146,0.7404935541759702,20.73858468255412,31.156053291873743,2.0316921335597056,492.200488551464,148.90303802073856,510.4305,52.508399999999995,455.84999999999997,45.15,1063.9389,164931.78,59.64245,17838.61829955007,2765342.134670859,2789680.752970409,30405.23981439138,0.006409435779732028,0.4284550550788207,25374.12,2872.589425,2127.1340370000003,400858.086,-0.13000000000000256,0.13000000000000256,0.5246666666666665,1,0.44333333333333336,0.8214285714285714,1.0,0.7437142857142858,1,1,1,1,1,True,False,False,False,False,1.0,2025-08-18,0,18,8,34
18-08-2025 00:00,Fur_2,3470,11.23,194.404,29.881,43.295,12.8,57.74,86.84%,86.84,280.38,0.6933590127683857,0.10657322205578144,0.15441543619373707,0.04565232898209573,0.2227063217695813,0.15370568427755765,0.04565232898209573,0.6901720593562292,12.376061059990013,17.849426874707174,3.2363112391930837,308.99373918132335,138.98316570368786,874.818,83.6668,779.3100000000001,44.800000000000004,1782.5948,253292.65000000002,98.133,18165.090234681506,2581115.9344970603,2605781.0247317418,29665.084525634582,0.006988505691321403,0.43717731028947243,38968.1,8416.72118,5808.985924,674581.88,-0.259999999999998,0.259999999999998,0.5160000000000001,1,0.55,0.26285714285714334,1.0,0.4964285714285717,1,1,1,1,1,False,True,False,False,False,2.0,2025-08-18,0,18,8,34
18-08-2025 00:00,Fur_3,3529,11.27,187.225,26.619,41.016,13.5,57.46,90.88%,90.88,268.36,0.6976635862274556,0.09919138470710985,0.15283946936950363,0.050305559695930833,0.21907330634758548,0.14217652481144866,0.050305559695930833,0.6489906219770183,13.150245938291846,18.848978401127102,3.193539246245395,313.1321816209245,148.20327172454913,842.5124999999999,74.5332,738.288,47.25,1702.5837,258516.895,93.926,18126.86263654366,2752346.4748844835,2776973.3375210273,30223.915297355546,0.006542875685193662,0.4336280207545744,39771.83,7679.2206,4983.742275,660717.025,-0.5399999999999991,0.5399999999999991,0.4973333333333334,0,0.45166666666666666,0.8399999999999993,1.0,0.7554999999999996,1,1,1,1,1,False,False,True,False,False,3.0,2025-08-18,0,18,8,34
18-08-2025 00:00,Fur_4,3530,7.23,117.665,17.129,26.201,12.8,59.48,87.90%,87.9,173.79500000000002,0.6770332863431053,0.09855864668143502,0.15075807704479413,0.07364998993066543,0.22267454023987981,0.14557429868206945,0.07364998993066543,0.6537536485724343,20.311286285566325,30.000424680232655,2.048158640226629,488.2433626219415,146.85059984464453,529.4925000000001,47.9612,471.618,44.800000000000004,1093.8717,165892.35,60.828250000000004,17982.955288044614,2727225.4256862556,2751708.3809743,30952.850179688416,0.006550670401808367,0.4311456270420014,25521.9,3082.940665,2015.4837850000004,415357.45,1.4799999999999969,1.4799999999999969,0.6319999999999998,0,0.44999999999999996,0.4142857142857151,1.0,0.5421428571428575,1,1,1,1,1,False,False,False,True,False,4.0,2025-08-18,0,18,8,34
18-08-2025 00:00,Fur_5,3533,7.03,114.027,16.594,25.374,11.9,58.97,87.37%,87.37,167.895,0.6791566157419816,0.09883558176241103,0.15113017064236575,0.07087763185324161,0.22252624183284447,0.14552693532648467,0.07087763185324161,0.6539764856161234,21.042913725840553,30.98388950876644,1.9898103594678744,502.56038370407055,147.9316834926591,513.1215,46.4632,456.73199999999997,41.65,1057.9667,161440.435,58.76325,18003.883379493134,2747302.6934350976,2771806.5768145905,31365.92256212052,0.0065106283442294315,0.43170734957915025,24836.99,2893.321098,1892.1640380000001,402857.391,0.9699999999999989,0.9699999999999989,0.598,0,0.44499999999999995,0.33857142857142924,1.0,0.5027857142857146,1,1,1,1,1,False,False,False,False,True,5.0,2025-08-18,0,18,8,34
19-08-2025 00:00,Fur_1,3516,7.2,112.806,19.657,24.957,12.5,58.35,91.77%,91.77,169.92,0.6638771186440678,0.11568385122410547,0.146875,0.07356403013182675,0.2212382300477082,0.17425491397394718,0.07356403013182675,0.7876347001789197,20.69209039548023,31.1685545878007,2.04778156996587,488.33326550926864,148.98305084745763,507.627,55.0396,449.226,43.75,1055.6426000000001,164548.80000000002,59.471999999999994,17750.2454936777,2766828.0871670707,2791078.3326607486,30086.00121440928,0.006374482371525461,0.4255474343305205,25315.2,2815.299342,2217.427542,396625.896,0.3500000000000014,0.3500000000000014,0.5566666666666668,1,0.4733333333333334,0.9671428571428565,1.0,0.8255714285714282,1,1,1,1,1,True,False,False,False,False,1.0,2025-08-19,1,19,8,34
19-08-2025 00:00,Fur_2,3491,11.31,187.212,27.777,41.209,14.9,57.43,90.36%,90.36,271.09799999999996,0.6905694619657836,0.10246110262709428,0.15200776103106628,0.054961674376055904,0.22011943561246378,0.14837189844469428,0.054961674376055904,0.6740517684473837,12.877262097101418,18.647308833582738,3.2397593812661127,308.66487102874703,145.64183431821704,842.454,77.7756,741.7620000000001,52.15,1714.1416,256640.86500000002,94.88429999999998,18065.597785935086,2704776.923052603,2729342.520838538,29874.589763994507,0.006634830199570825,0.4327308782424976,39483.21,7714.819308,5200.187723999999,653557.092,-0.5700000000000003,0.5700000000000003,0.4953333333333333,0,0.515,0.7657142857142857,1.0,0.7373571428571428,1,1,1,1,1,False,True,False,False,False,2.0,2025-08-19,1,19,8,34
19-08-2025 00:00,Fur_3,3518,11.18,181.813,29.007,39.073,16.7,57.21,92.89%,92.89,266.593,0.6819871489498973,0.10880630774251386,0.14656423837084995,0.06264230493673877,0.21490762368528313,0.1595430460993271,0.06264230493673877,0.7423796293507121,13.196145435176467,19.34955135579111,3.1779420125071063,314.6690237326455,147.5329059652729,818.1585,81.2196,703.314,58.449999999999996,1661.1421,255653.06,93.30755,17802.86911402132,2739896.825069354,2764199.694183375,29440.831762523965,0.006455695357827278,0.42339183384732704,39331.24,7103.979348999999,5273.849691,639618.134,-0.7899999999999991,0.7899999999999991,0.48066666666666674,0,0.47,1.0,1.0,0.841,1,1,1,1,1,False,False,True,False,False,3.0,2025-08-19,1,19,8,34
19-08-2025 00:00,Fur_4,3519,7.17,118.752,18.069,26.305,12.6,60.42,87.65%,87.65,175.726,0.6757793382880165,0.10282485232691804,0.1496932724810216,0.0717025369040438,0.22151205687894052,0.1521574360671194,0.0717025369040438,0.6869036043754569,20.02549423534366,29.633184875764748,2.0375106564364875,490.7949106283249,143.58279366741405,534.384,50.593199999999996,473.49,44.1,1102.5672,164002.995,61.504099999999994,17926.726836097107,2666537.5966805466,2690964.3235166436,30354.927507237942,0.006677953094423369,0.4294432121688365,25231.23,3123.7713599999997,2145.729888,417888.288,2.4200000000000017,2.4200000000000017,0.6946666666666668,0,0.4683333333333334,0.3785714285714294,1.0,0.5297857142857147,1,1,1,1,1,False,False,False,True,False,4.0,2025-08-19,1,19,8,34
19-08-2025 00:00,Fur_5,3518,7.02,105.592,16.577,23.097,11.0,59.6,91.22%,91.22,156.266,0.6757196063123136,0.10608193720962975,0.14780566469993475,0.07039279177812192,0.21873815991042733,0.1569910584420121,0.07039279177812192,0.7177122259292451,22.51289467958481,33.316917632804405,1.9954519613416715,501.13952975220377,158.04052065068535,475.164,46.415600000000005,415.74600000000004,38.5,975.8256000000001,160526.34,54.693099999999994,17841.84110975608,2935038.2406555857,2959380.0817653416,32090.436800751915,0.006042182755721512,0.4260453917175364,24696.359999999997,2438.858424,1750.3985840000003,371472.656,1.6000000000000014,1.6000000000000014,0.6400000000000001,0,0.47,0.8885714285714285,0.9766202388412731,0.7806097620539688,1,1,1,1,1,False,False,False,False,True,5.0,2025-08-19,1,19,8,34
20-08-2025 00:00,Fur_1,3551,7.23,115.787,18.957,25.479,14.4,58.04,90.77%,90.77,174.62300000000002,0.6630684388654415,0.10855958264375254,0.14590861455821968,0.08246336393258619,0.2200506082716487,0.16372304176010224,0.08246336393258619,0.744024461555616,20.335236480875942,30.668382196029068,2.0360461841734723,491.14792653555645,147.02375975673309,521.0415,53.0796,458.62199999999996,50.4,1083.1431000000002,166879.245,61.118050000000004,17722.147548882862,2730441.2526250426,2754663.4001739253,30017.03607032718,0.006448724099797438,0.4234177367699613,25673.730000000003,2950.136973,2194.9741590000003,411159.63700000005,0.03999999999999915,0.03999999999999915,0.5359999999999999,1,0.41500000000000004,0.8242857142857137,1.0,0.7366428571428569,1,1,1,1,1,True,False,False,False,False,1.0,2025-08-20,2,20,8,34
20-08-2025 00:00,Fur_2,3511,11.35,194.407,28.453,43.667,13.5,57.85,87.27%,87.27,280.02700000000004,0.6942437693508126,0.10160805922286063,0.15593853449845907,0.048209636927867665,0.22461639640230857,0.14635789788249445,0.048209636927867665,0.6515904309526546,12.538076685462471,18.060049185162832,3.232697237254343,309.3391797939049,142.30717037999904,874.8315,79.66839999999999,786.0060000000001,47.25,1787.7559,259024.025,98.00945000000002,18240.64822320705,2642847.449914268,2667588.098137475,30220.778272770764,0.0068545826182807995,0.439660694169713,39849.85,8489.170469,5531.4623710000005,682562.9770000001,-0.14999999999999858,0.14999999999999858,0.5233333333333334,1,0.4816666666666667,0.32428571428571373,1.0,0.506642857142857,1,1,1,1,1,False,True,False,False,False,2.0,2025-08-20,2,20,8,34
20-08-2025 00:00,Fur_3,3549,11.35,185.444,29.671,40.741,15.2,57.12,88.55%,88.55,271.056,0.6841538279912638,0.10946446490762057,0.15030473407709108,0.056076973024024555,0.21969435398452172,0.1599997834386673,0.056076973024024555,0.7282835294105808,13.093235346201524,19.137852833535447,3.1980839673147363,312.6871971200708,148.6082211793873,834.4979999999999,83.07879999999999,733.338,53.199999999999996,1704.1148,261827.475,94.86959999999999,17962.706704782147,2759866.96476005,2784329.6714648325,31092.458642823367,0.006466453609198391,0.430333684092175,40281.15,7555.1740039999995,5502.308924,658140.7559999999,-0.8800000000000026,0.8800000000000026,0.4746666666666665,0,0.41833333333333333,0.5071428571428568,1.0,0.5790714285714285,1,1,1,1,1,False,False,True,False,False,3.0,2025-08-20,2,20,8,34
20-08-2025 00:00,Fur_4,3555,7.22,120.032,17.948,27.161,13.2,61.47,84.96%,84.96,178.34099999999998,0.6730477007530518,0.1006386641321962,0.15229812550114671,0.0740155096136054,0.22628132309483037,0.1495267916095142,0.0740155096136054,0.6608003880269361,19.933722475482366,29.617101859361657,2.030942334739803,492.382203271163,143.92147627298266,540.144,50.2544,488.898,46.199999999999996,1125.4964000000002,166836.15,62.41934999999999,18031.20987322041,2672827.41649825,2697358.6263714703,31379.230181147865,0.006700913119889495,0.4343843303274892,25667.1,3260.189152,2154.334336,426713.76,3.469999999999999,3.469999999999999,0.7646666666666666,0,0.4083333333333333,0.0,1.0,0.3225,1,1,1,0,0,False,False,False,True,False,4.0,2025-08-20,2,20,8,34
20-08-2025 00:00,Fur_5,3553,7.1,115.722,17.44,26.073,10.3,61.26,86.35%,86.35,169.53500000000003,0.6825847170200842,0.10286961394402334,0.15379125254372253,0.060754416492169755,0.22530719979513664,0.1507060010135843,0.060754416492169755,0.6688911644654945,20.957324446279525,30.70289114686152,1.9983112862369827,500.42246472923034,148.79700356858464,520.749,48.832,469.314,36.050000000000004,1074.945,163970.94999999998,59.337250000000004,18115.85471183784,2763372.9234165717,2787988.7781284098,31917.444512059643,0.006513006579169994,0.436593500132565,25226.3,3017.219706,2018.1916800000001,411160.266,3.259999999999998,3.259999999999998,0.7506666666666665,0,0.4116666666666666,0.19285714285714203,1.0,0.419928571428571,1,1,1,1,1,False,False,False,False,True,5.0,2025-08-20,2,20,8,34
21-08-2025 00:00,Fur_1,3555,7.15,119.997,19.633,26.821,16.1,58.15,85.99%,85.99,182.551,0.6573341148500967,0.1075480276744581,0.14692332553642545,0.0881945319390198,0.22351391931870032,0.1636124222804535,0.0881945319390198,0.7320010166660073,19.47401000268418,29.625740396628746,2.011251758087201,497.20272766395414,139.2391715191919,539.9865,54.97239999999999,482.778,56.35000000000001,1134.0868999999998,165218.625,63.89284999999999,17749.824902160413,2585870.328213564,2610120.1531157247,30004.829901318826,0.006817363462530964,0.42569753693477996,25418.25,3218.439537,2355.901101,426589.335,0.14999999999999858,0.14999999999999858,0.5433333333333332,1,0.4083333333333333,0.1414285714285707,1.0,0.39321428571428535,1,1,1,1,1,True,False,False,False,False,1.0,2025-08-21,3,21,8,34
21-08-2025 00:00,Fur_2,3521,12.16,207.602,31.553,47.082,13.9,58.11,87.82%,87.82,300.137,0.6916907945371614,0.10512865791288645,0.15686836344735905,0.04631218410259315,0.22678972154993823,0.15198793772705496,0.04631218410259315,0.6701711764544587,11.731309368721616,16.960337487305818,3.4535643283158195,289.555897240469,142.65272192365487,934.2090000000001,88.3484,847.476,48.65,1918.6834000000001,278299.84,105.04795,18264.83429709956,2649264.835725019,2674029.670022119,30106.16606645034,0.006847096961042655,0.44169663426493394,42815.36,9774.317364,6550.465906,730966.642,0.10999999999999943,0.10999999999999943,0.5406666666666666,1,0.46499999999999997,0.40285714285714186,1.0,0.540928571428571,1,1,1,1,1,False,True,False,False,False,2.0,2025-08-21,3,21,8,34
21-08-2025 00:00,Fur_3,3549,12.16,196.195,29.587,43.285,13.7,59.02,89.49%,89.49,282.767,0.6938398045033544,0.10463385048467466,0.15307656126775754,0.04844978374421343,0.22062233889435337,0.15080404622541835,0.04844978374421343,0.6835393165406188,12.55096952614697,18.089145910501564,3.4263172724711186,291.8585286300552,152.61978943794716,882.8774999999999,82.8436,779.1299999999999,47.949999999999996,1792.8011,280512.96,98.96844999999999,18114.874992990193,2834367.5181333045,2858982.393126295,31594.456770099405,0.006350565050512531,0.4345880867654532,43155.840000000004,8492.300575,5804.821465,696296.0549999999,1.0200000000000031,1.0200000000000031,0.6013333333333335,0,0.41833333333333333,0.6414285714285707,0.9943760244615668,0.6450894906065987,1,1,1,1,1,False,False,True,False,False,3.0,2025-08-21,3,21,8,34
21-08-2025 00:00,Fur_4,3550,7.23,117.645,16.909,26.523,12.0,61.1,88.38%,88.38,173.077,0.6797263645660602,0.09769640102382177,0.15324393189158583,0.06933330251853222,0.2254494434489401,0.143729014036049,0.06933330251853222,0.6375221265497067,20.51110199506578,30.17552781524478,2.0366197183098596,491.00961396824147,148.2952674243256,529.4025,47.34519999999999,477.414,42.0,1096.1617,166832.25,60.57695,18095.359703649658,2754054.966451761,2778650.3261554106,31088.054667212025,0.006527553550368035,0.4355324583955086,25666.5,3120.298335,1989.2593049999998,417639.75,3.1000000000000014,3.1000000000000014,0.7400000000000001,0,0.41666666666666663,0.4828571428571422,1.0,0.5664285714285711,1,1,1,1,1,False,False,False,True,False,4.0,2025-08-21,3,21,8,34
21-08-2025 00:00,Fur_5,3552,7.07,115.865,16.847,25.986,11.6,60.84,87.57%,87.57,170.29799999999997,0.6803661816345465,0.09892658751130373,0.15259133988655182,0.06811589096759799,0.2242782529298904,0.1454019751831703,0.06811589096759799,0.6483106038516662,20.857555579043797,30.65636705945396,1.990427927927928,502.40445510545186,147.46291794383964,521.3924999999999,47.1716,467.748,40.6,1076.9120999999998,163232.16,59.60429999999999,18067.69142494753,2738597.047528451,2763164.7389533985,31197.52443212599,0.0065541852694815375,0.43434185575591555,25112.64,3010.86789,1951.9776550000001,411552.48,2.8400000000000034,2.8400000000000034,0.7226666666666669,0,0.41333333333333333,0.36714285714285616,1.0,0.5075714285714281,1,1,1,1,1,False,False,False,False,True,5.0,2025-08-21,3,21,8,34
22-08-2025 00:00,Fur_1,3539,7.23,118.809,18.629,26.705,13.8,58.65,87.86%,87.86,177.94299999999998,0.6676800998072417,0.10469082796176306,0.15007614797997113,0.07755292425102421,0.2247725321754031,0.15679788436231362,0.07755292425102421,0.6975846958403036,19.888391226403964,29.787305424780065,2.042949985871715,489.4881757277765,143.79306856690064,534.6405,52.1612,480.68999999999994,48.300000000000004,1115.7917,166315.30500000002,62.28004999999999,17915.716188410257,2670442.701956727,2694858.4181451374,30327.013483514937,0.006664184383855857,0.4308062158913711,25586.97,3172.794345,2213.292861,420465.051,0.6499999999999986,0.6499999999999986,0.5766666666666665,0,0.43500000000000005,0.4085714285714285,1.0,0.5347857142857142,1,1,1,1,1,True,False,False,False,False,1.0,2025-08-22,4,22,8,34
22-08-2025 00:00,Fur_2,3520,12.11,203.983,32.365,45.663,13.6,57.24,87.79%,87.79,295.61100000000005,0.690038598022401,0.1094851003514754,0.15446989455737437,0.046006407068749124,0.22385688893752473,0.15866518210505198,0.046006407068749124,0.7087795215211546,11.90754065308801,17.256339904519788,3.4403409090909087,290.66884470116895,144.2003173088958,917.9235,90.622,821.934,47.6,1878.0794999999998,277076.8,103.46385000000001,18152.035711023702,2678005.892879493,2702657.9285905166,30438.76482250835,0.00673255654594133,0.43764601019285926,42627.2,9314.475729,6601.9097950000005,718020.16,-0.759999999999998,0.759999999999998,0.4826666666666668,0,0.4666666666666667,0.39857142857142946,1.0,0.5392857142857148,1,1,1,1,1,False,True,False,False,False,2.0,2025-08-22,4,22,8,34
22-08-2025 00:00,Fur_3,3542,12.12,202.49,35.933,43.608,15.2,58.48,84.00%,84.0,297.231,0.6812546470590215,0.12089250448304517,0.14671417180576724,0.05113867665216616,0.21535878208623246,0.17745567594717923,0.05113867665216616,0.8240001645569583,11.916657414603456,17.492221751729854,3.4217955957086392,292.2442003098845,144.42988786499387,911.205,100.6124,784.944,53.199999999999996,1849.9614,279038.76,104.03084999999999,17782.815386012902,2682269.3460641727,2706552.161450186,31841.79013470807,0.006586100683500067,0.42430290707687196,42929.03999999999,8830.18392,7276.073170000001,717219.5800000001,0.4799999999999969,0.4799999999999969,0.5653333333333331,1,0.43000000000000005,0.0,1.0,0.329,1,1,1,0,0,False,False,True,False,False,3.0,2025-08-22,4,22,8,34
22-08-2025 00:00,Fur_4,3543,7.19,118.176,17.347,26.384,13.2,60.14,86.04%,86.04,175.10699999999997,0.6748787883979511,0.09906514302683504,0.15067358814896037,0.07538248042625367,0.22326022015248256,0.14678953301186762,0.07538248042625367,0.6574817822361362,20.23334304168309,29.980706488790393,2.029353655094553,492.7676644273067,145.47773646970143,531.792,48.571600000000004,474.91200000000003,46.199999999999996,1101.4756,165582.105,61.287449999999986,17972.28633268312,2701729.391580169,2726201.6779128523,31321.250895138466,0.006608182977801953,0.43115980054392494,25474.170000000002,3117.9555840000003,2049.999072,418697.568,2.1400000000000006,2.1400000000000006,0.676,0,0.42833333333333334,0.14857142857142946,1.0,0.40278571428571475,1,1,1,1,1,False,False,False,True,False,4.0,2025-08-22,4,22,8,34
22-08-2025 00:00,Fur_5,3546,7.03,115.539,17.158,25.602,12.6,60.39,86.42%,86.42,170.899,0.6760659804914013,0.10039848097414263,0.149807781204103,0.07372775733035301,0.2215875139858618,0.14850396707169036,0.07372775733035301,0.6701819908529806,20.749097420113635,30.690935262630497,1.9825155104342924,504.40960107971534,145.86615486339886,519.9255,48.0424,460.836,44.1,1072.9039,162034.47,59.81464999999999,17937.14248933999,2708942.8760345504,2733380.0185238905,31267.215952000577,0.00657789941892995,0.42952215944037486,24928.38,2958.029478,1982.4181620000002,409701.294,2.3900000000000006,2.3900000000000006,0.6926666666666667,0,0.42333333333333334,0.2028571428571431,1.0,0.42842857142857155,1,1,1,1,1,False,False,False,False,True,5.0,2025-08-22,4,22,8,34
23-08-2025 00:00,Fur_1,3557,7.2,114.008,16.742,25.302,13.6,58.16,92.33%,92.33,169.652,0.6720109400419683,0.09868436564260959,0.1491405936858982,0.08016410062952398,0.22193179231341845,0.1468493426176291,0.08016410062952398,0.6616867970244725,20.96644896611888,31.199564669149844,2.024177677818386,494.02770916281816,150.95843255605595,513.036,46.8776,455.436,47.6,1062.9496,166467.6,59.37819999999999,17901.34426439333,2803513.7474696105,2827915.0917340037,30300.172417593527,0.0063448105586588486,0.4284643411126925,25610.4,2884.630416,1908.721936,405526.456,0.1599999999999966,0.1599999999999966,0.5439999999999998,1,0.405,1.0,0.9998704173186155,0.8214740834637231,1,1,1,1,1,True,False,False,False,False,1.0,2025-08-23,5,23,8,34
23-08-2025 00:00,Fur_2,3529,12.22,206.352,33.372,45.64,14.6,57.71,88.00%,88.0,299.964,0.6879225507060848,0.11125335040204824,0.15215159152431626,0.04867250736755077,0.22117546609107028,0.16172365588061344,0.04867250736755077,0.7312006851183023,11.764745102745662,17.101845307523817,3.462737319353925,288.7888470712891,143.76518515555202,928.5840000000001,93.4416,821.52,51.1,1894.6455999999998,280308.47000000003,104.9874,18046.40937864925,2669924.8671745374,2694471.2765531866,30274.95816351895,0.006713765707269887,0.43360088029127986,43124.380000000005,9417.90528,6886.378944,728216.208,-0.28999999999999915,0.28999999999999915,0.514,1,0.45166666666666666,0.42857142857142855,1.0,0.5497857142857143,1,1,1,1,1,False,True,False,False,False,2.0,2025-08-23,5,23,8,34
23-08-2025 00:00,Fur_3,3554,12.1,198.009,33.184,42.73,13.8,57.17,92.48%,92.48,287.723,0.6881931580026622,0.11533315028690788,0.14851089415861782,0.047962797551811986,0.21579827070588575,0.16758834109768575,0.047962797551811986,0.7765972202996204,12.35215815211158,17.948679009799157,3.404614518851998,293.71898399016663,149.4611136405501,891.0405,92.91519999999998,769.14,48.300000000000004,1801.3956999999998,279522.1,100.70305,17888.194051719383,2775706.396181645,2800094.590233364,29953.942984952548,0.006403289193878732,0.4269689330334252,43003.4,8460.92457,6570.730655999999,703723.9859999999,-0.8299999999999983,0.8299999999999983,0.4780000000000001,0,0.41000000000000003,1.0,1.0,0.823,1,1,1,1,1,False,False,True,False,False,3.0,2025-08-23,5,23,8,34
23-08-2025 00:00,Fur_4,3531,7.22,118.81,17.659,26.625,15.6,60.56,89.51%,89.51,178.694,0.6648796266242851,0.09882256818919494,0.1489977279595286,0.0873000772269914,0.2240972963210395,0.14863226875993377,0.0873000772269914,0.6632488013803266,19.760036710801707,29.719720312097294,2.044746530727839,489.05810400857285,142.66746505198833,534.645,49.44519999999999,479.25,54.6,1117.9402,165709.83,62.54289999999999,17874.773955157183,2649538.6366797835,2673913.4106349405,29542.74014622628,0.0067011637130902565,0.42869019291013954,25493.82,3163.31625,2098.06579,419518.11,2.5600000000000023,2.5600000000000023,0.7040000000000002,0,0.44833333333333336,0.644285714285715,1.0,0.6566428571428575,1,1,1,1,1,False,False,False,True,False,4.0,2025-08-23,5,23,8,34
23-08-2025 00:00,Fur_5,3556,7.04,114.013,16.941,25.518,13.6,59.95,89.23%,89.23,170.072,0.6703807799049815,0.09961075309280774,0.15004233501105416,0.07996613199115668,0.22381658035648058,0.14858831757265997,0.07996613199115668,0.6638842909364255,20.90879157062891,31.18942549367681,1.9797525309336332,505.11356461455046,147.19789265722753,513.0585,47.434799999999996,459.324,47.6,1067.4172999999998,162722.56,59.5252,17932.19174400086,2733675.1493485114,2758107.341092512,30567.520127369076,0.006516987898746109,0.43031343037067143,25034.24,2909.383734,1931.494233,405430.228,1.9500000000000028,1.9500000000000028,0.6633333333333336,0,0.4066666666666666,0.6042857142857149,1.0,0.6241428571428574,1,1,1,1,1,False,False,False,False,True,5.0,2025-08-23,5,23,8,34
24-08-2025 00:00,Fur_1,3612,6.52,105.055,17.9,23.38,14.9,57.53,92.42%,92.42,161.235,0.6515644866189103,0.11101807920116598,0.14500573696777994,0.09241169721214376,0.22255009069011383,0.17038693855231127,0.09241169721214376,0.765611601128674,22.402083914782768,34.3819900587122,1.805094130675526,553.9876450939195,146.06158712438364,472.74750000000006,50.11999999999999,420.84,52.15,995.8575,153076.56,56.43225,17646.95719203115,2712572.3323099823,2736719.2895020135,29294.790082445015,0.006463567692121141,0.42259058148379663,23550.239999999998,2456.1859,1880.4845,379458.66000000003,-0.46999999999999886,0.46999999999999886,0.5020000000000001,1,0.31333333333333335,1.0,1.0,0.794,1,1,1,1,1,True,False,False,False,False,1.0,2025-08-24,6,24,8,34
24-08-2025 00:00,Fur_2,3580,9.84,167.972,27.367,37.148,13.4,58.85,87.12%,87.12,245.887,0.6831268021489546,0.11129909267265045,0.15107752748213613,0.054496577696258854,0.2211559056202468,0.162925962881159,0.054496577696258854,0.7367018214519807,14.55953344422438,21.31307586197059,2.7486033519553073,363.821101237693,143.26580909116788,755.874,76.6276,668.6640000000001,46.9,1548.0656000000004,228976.8,86.06044999999999,17988.118816483075,2660650.740264547,2685138.8590810304,30471.389685440652,0.006715395304410061,0.43193518414206733,35227.2,6239.823856000001,4596.889724000001,601339.76,0.8500000000000014,0.8500000000000014,0.5900000000000001,0,0.3666666666666667,0.3028571428571435,1.0,0.46142857142857174,1,1,1,1,1,False,True,False,False,False,2.0,2025-08-24,6,24,8,34
24-08-2025 00:00,Fur_3,3608,9.5,151.242,28.21,31.717,15.0,55.79,91.84%,91.84,226.16899999999998,0.6687123345816623,0.12472973749718133,0.140235841339883,0.0663220865812733,0.20971026428035688,0.18652226110126646,0.0663220865812733,0.8894283542129346,15.952672559015605,23.85580709157637,2.6330376940133036,379.7894337063754,151.55038931064826,680.5889999999999,78.988,570.906,52.5,1382.983,222794.0,79.15914999999998,17470.917765034115,2814507.2300548963,2838478.14781993,30573.87061417417,0.006169156982543564,0.4128076773177978,34276.0,4796.942513999999,4266.53682,545681.1359999999,-2.210000000000001,2.210000000000001,0.38599999999999995,0,0.31999999999999995,0.9771428571428576,0.9980022930430541,0.7841718871800397,1,1,1,1,1,False,False,True,False,False,3.0,2025-08-24,6,24,8,34
24-08-2025 00:00,Fur_4,3579,6.74,108.593,18.217,23.845,15.0,59.18,88.93%,88.93,165.655,0.6555371102592739,0.10996951495578158,0.14394373849265038,0.09054963629229422,0.21958137062627084,0.16775482611443807,0.09054963629229422,0.7639756442031602,21.605143219341404,32.957925161309426,1.883207599888237,531.0088232924594,145.61866529836104,488.6685,51.0076,429.21,52.5,1021.3860999999999,156795.99,57.97924999999999,17616.407594096163,2704346.6412552767,2728463.048849373,30339.85376236376,0.00647194957387205,0.4202230674570566,24122.46,2589.4000849999998,1978.2386809999998,388654.347,1.1799999999999997,1.1799999999999997,0.612,0,0.3683333333333333,0.5614285714285724,1.0,0.5912142857142861,1,1,1,1,1,False,False,False,True,False,4.0,2025-08-24,6,24,8,34
24-08-2025 00:00,Fur_5,3608,6.57,107.412,17.809,23.678,12.4,59.25,87.61%,87.61,161.299,0.6659185735807414,0.11040985994953471,0.14679570239121134,0.07687586407851257,0.22044091702564966,0.16580084007558896,0.07687586407851257,0.7521327497198771,22.36839658026398,33.59028755082963,1.8209534368070954,549.1627779052088,146.96036553233435,483.35400000000004,49.8652,426.204,43.4,1002.8231999999999,154079.64,56.45465,17763.341017967516,2729263.9313147813,2753527.272332749,31074.67861790711,0.006466386845472801,0.42500412834485685,23704.56,2543.3013360000004,1912.9003080000002,387542.49600000004,1.25,1.25,0.6166666666666667,0,0.31999999999999995,0.3728571428571428,1.0,0.4824285714285714,1,1,1,1,1,False,False,False,False,True,5.0,2025-08-24,6,24,8,34
25-08-2025 00:00,Fur_1,3852,5.51,89.407,15.056,19.789,16.2,57.02,86.23%,86.23,140.452,0.6365662290319825,0.10719676473101131,0.14089511007319228,0.11534189616381396,0.22133613451590892,0.1683984456653456,0.11534189616381396,0.7608266834692664,27.42573975450688,43.083874382499424,1.4304257528556594,699.0924321066367,151.1158260473329,402.3315,42.1568,356.202,56.699999999999996,857.3903,137959.38,49.158199999999994,17441.450256518754,2806436.7694504685,2830378.219706987,32447.30275945187,0.006176417288394441,0.41544906677857213,21224.52,1769.2751230000001,1346.111792,344395.76399999997,-0.9799999999999969,0.9799999999999969,0.4680000000000002,0,0.0,0.1757142857142863,0.9994348019888555,0.28774410325491423,1,1,0,1,0,True,False,False,False,False,1.0,2025-08-25,0,25,8,35
25-08-2025 00:00,Fur_2,3820,5.81,97.187,16.378,21.32,18.1,56.28,82.67%,82.67,152.98499999999999,0.6352714318397229,0.10705624734451091,0.13936006798052097,0.11831225283524531,0.21937090125869818,0.16852047940032638,0.11831225283524531,0.7681988382645948,24.96976827793575,39.30566804916637,1.5209424083769634,657.4869780573188,145.0743536948067,437.3415,45.858399999999996,383.76,63.35000000000001,930.3099000000001,144262.3,53.54474999999999,17374.437269760343,2694237.997189267,2718112.4344590274,32486.1053479028,0.00640741908724378,0.41250770307829676,22194.199999999997,2072.02684,1591.728686,371254.33999999997,-1.7199999999999989,1.7199999999999989,0.41866666666666674,0,0.0,0.0,1.0,0.2,1,1,0,0,0,False,True,False,False,False,2.0,2025-08-25,0,25,8,35
25-08-2025 00:00,Fur_3,3846,5.75,87.312,15.117,18.308,18.0,56.23,93.35%,93.35,138.737,0.6293346403627007,0.10896156036241235,0.13196191354865683,0.12974188572623022,0.2096848061012827,0.17313771104615963,0.12974188572623022,0.8257045649058027,27.721516250171188,44.04892747790765,1.4950598023920956,668.8694488922697,159.39871843848434,392.904,42.3276,329.544,63.0,827.7755999999999,143744.25,48.55795,17047.16941304153,2960261.913857566,2983809.0832706075,31624.89754393861,0.0057256969082682616,0.398107893008685,22114.5,1598.508096,1319.895504,335801.952,-1.7700000000000031,1.7700000000000031,0.4153333333333331,0,0.0,1.0,0.972299859363168,0.6944599718726336,1,1,0,1,0,False,False,True,False,False,3.0,2025-08-25,0,25,8,35
25-08-2025 00:00,Fur_4,3845,5.41,86.42,16.221,18.084,14.2,58.16,91.27%,91.27,134.925,0.6405039836946451,0.12022234574763757,0.13403001667593106,0.10524365388178616,0.209257113986842,0.1876996044006063,0.10524365388178616,0.8969807068690164,28.497313322216044,44.49201522226319,1.4070221066319895,710.7207558741671,154.1704650731888,388.89,45.4188,325.512,49.699999999999996,809.5208,135209.42500000002,47.22375,17142.238809920855,2863165.77993065,2886808.0187405706,31286.528868977683,0.00595152973167654,0.40210455370634085,20801.45,1562.81928,1401.81882,332284.9,0.1599999999999966,0.1599999999999966,0.5439999999999998,1,0.0,0.8957142857142851,0.9894549366371855,0.6457481301845797,1,1,0,1,0,False,False,False,True,False,4.0,2025-08-25,0,25,8,35
25-08-2025 00:00,Fur_5,3847,5.56,85.218,15.997,17.776,10.8,58.1,94.97%,94.97,129.791,0.6565786533735005,0.12325199744204143,0.13695864890477769,0.08321070027968042,0.20859442595936978,0.18771855490954312,0.08321070027968042,0.8999211914985827,29.639959627400977,45.143044366882066,1.4452820379516504,691.9063503765557,164.79817552834942,383.481,44.791599999999995,319.968,37.800000000000004,786.0406,139030.58,45.426849999999995,17303.43618366671,3060537.545526489,3084340.981710156,32138.595203815315,0.005621939627970096,0.40706294305917534,21389.32,1514.835168,1363.232346,327833.646,0.10000000000000142,0.10000000000000142,0.5400000000000001,1,0.0,1.0,0.9545203381322427,0.6909040676264485,1,1,0,1,0,False,False,False,False,True,5.0,2025-08-25,0,25,8,35
26-08-2025 00:00,Fur_1,3759,5.18,85.804,15.76,18.144,13.6,56.02,86.20%,86.2,133.308,0.6436522939358479,0.1182224622678309,0.13610586011342155,0.10201938368289976,0.2114586707908877,0.18367441863229664,0.10201938368289976,0.8686066540670936,28.19785759294266,43.80914591616771,1.3780260707635008,725.6755355838735,146.06490233144297,386.118,44.128,326.592,47.6,804.438,126565.53,46.657799999999995,17241.2329771228,2712633.900441084,2736375.133418207,31380.44877773173,0.0063157588294283,0.4059877827750554,19471.62,1556.8277759999999,1352.27104,322537.23600000003,-1.9799999999999969,1.9799999999999969,0.40133333333333354,0,0.06833333333333336,0.17142857142857185,1.0,0.30621428571428594,1,1,1,1,1,True,False,False,False,False,1.0,2025-08-26,1,26,8,35
26-08-2025 00:00,Fur_2,3730,5.65,96.011,17.134,20.104,12.4,55.26,82.60%,82.6,145.649,0.6591943645339137,0.11763898138675857,0.1380304705147306,0.08513618356459708,0.20939267157520836,0.1784587164131327,0.08513618356459708,0.8522681629393075,25.609513281931218,38.84971473216908,1.514745308310992,660.1768743049779,144.69375004291138,432.04949999999997,47.9752,361.87199999999996,43.4,885.2966999999999,136984.25,50.977149999999995,17366.539714362218,2687169.643654069,2711036.183368431,32428.662480483625,0.006421263587138492,0.4087578774437994,21074.5,1930.2051439999998,1645.0524739999998,358121.02999999997,-2.740000000000002,2.740000000000002,0.3506666666666665,0,0.1166666666666667,0.0,1.0,0.23500000000000001,1,1,1,0,0,False,True,False,False,False,2.0,2025-08-26,1,26,8,35
26-08-2025 00:00,Fur_3,3757,5.75,91.8,16.881,18.533,13.1,55.3,89.10%,89.1,140.314,0.6542469033738615,0.12030873612041565,0.13208232963211086,0.09336203087361204,0.20188452939123608,0.18388888688574198,0.09336203087361204,0.9108616569976983,26.775660304745074,40.92592548010975,1.5304764439712537,653.3911907145755,153.96004675228417,413.09999999999997,47.266799999999996,333.59400000000005,45.85,839.8108000000001,140417.875,49.109899999999996,17100.641622157655,2859258.011113849,2882858.652736007,31996.211462108844,0.0059452396890392785,0.3972251845296584,21602.75,1701.3294,1549.6758,344892.6,-2.700000000000003,2.700000000000003,0.35333333333333317,0,0.07166666666666666,0.5857142857142849,0.9901533998893151,0.5123878228350055,1,1,1,1,1,False,False,True,False,False,3.0,2025-08-26,1,26,8,35
26-08-2025 00:00,Fur_4,3755,5.3,82.195,15.921,16.207,12.4,55.42,92.72%,92.72,126.72299999999998,0.6486194297799137,0.12563623020288348,0.1278931212171429,0.09785121880006,0.1971774414845497,0.1936979111418224,0.09785121880006,0.9823532435149475,29.631558596308487,45.684043485807614,1.411451398135819,708.4904323602958,157.04726056043498,369.87749999999994,44.578799999999994,291.726,43.4,749.5822999999999,129359.75,44.35304999999999,16900.355217961336,2916591.98183665,2939992.337054611,31369.956648043226,0.005761172444353555,0.3891847499600778,19901.5,1332.134365,1308.626595,308642.225,-2.5799999999999983,2.5799999999999983,0.36133333333333345,0,0.07499999999999996,1.0,0.9800490492393128,0.7185098098478625,1,1,1,1,1,False,False,False,True,False,4.0,2025-08-26,1,26,8,35
26-08-2025 00:00,Fur_5,3756,5.33,82.226,15.904,16.186,11.0,55.78,93.89%,93.89,125.316,0.6561492546841584,0.12691116856586548,0.12916147977911838,0.08777809697085767,0.19684771000841936,0.19341813789533557,0.08777809697085767,0.9825774754369532,29.972230202049218,45.67898176149902,1.419062832800852,704.6902993076361,159.75198697692232,370.017,44.5312,291.348,38.5,744.3962,130126.62,43.8606,16971.865409957914,2966822.6152857007,2990294.4806956584,31513.273060339954,0.0056880142113544625,0.39138834937631334,20019.48,1330.910036,1307.722304,308840.85599999997,-2.219999999999999,2.219999999999999,0.3853333333333334,0,0.07333333333333336,1.0,0.9711528874766376,0.7162305774953276,1,1,1,1,1,False,False,False,False,True,5.0,2025-08-26,1,26,8,35
27-08-2025 00:00,Fur_1,3767,5.8,98.437,18.956,21.627,15.4,56.53,79.20%,79.2,154.42000000000002,0.6374627638906877,0.1227561196736174,0.1400531019298018,0.09972801450589301,0.21970397086762122,0.19256986506527154,0.09972801450589301,0.8764969308504679,24.394508483357075,38.2681304969866,1.5396867533846563,649.482646640923,141.48814920347104,442.9665,53.0768,389.286,53.9,939.2293,142015.9,54.047000000000004,17378.009880289377,2627637.0566358906,2651515.06651618,33061.28511865561,0.006570098635838175,0.4144738670311925,21848.6,2128.896999,1865.9717719999999,370812.179,-1.4699999999999989,1.4699999999999989,0.4353333333333334,0,0.05500000000000005,0.0,1.0,0.21650000000000003,1,1,1,0,0,True,False,False,False,False,1.0,2025-08-27,2,27,8,35
27-08-2025 00:00,Fur_2,3737,7.39,121.779,22.954,25.756,12.6,56.62,82.16%,82.16,183.089,0.6651355351768812,0.1253707213431719,0.1406747538082572,0.06881898967168973,0.21149787556559116,0.1884889825956119,0.06881898967168973,0.8912097805866679,20.410838444690835,30.686735556321405,1.9775220765319774,505.6832874582832,150.83609610626527,548.0055,64.2712,463.608,44.1,1119.9847,179506.79499999998,64.08115,17477.59988701826,2801241.7848306405,2825219.3847176586,33973.29707452692,0.006200546241593655,0.4139413690204875,27616.43,3136.539924,2795.315166,455088.12299999996,-1.3800000000000026,1.3800000000000026,0.4413333333333332,0,0.10499999999999998,0.0,1.0,0.2315,1,1,1,0,0,False,True,False,False,False,2.0,2025-08-27,2,27,8,35
27-08-2025 00:00,Fur_3,3763,7.22,120.593,23.623,24.791,17.6,56.5,84.79%,84.79,186.607,0.6462404947295654,0.12659225002277513,0.13285139357044484,0.09431586167721469,0.2055757779839976,0.19589030709999497,0.09431586167721469,0.9528860895935586,20.165374289281754,31.204132651114637,1.9186819027371778,521.1910635469441,145.59400236861427,542.6685,66.1444,446.238,61.60000000000001,1116.6508999999999,176597.59,65.31245,17097.06036138592,2703888.615417122,2727485.6757785077,31792.582769303037,0.006283406970341451,0.3996217618236819,27168.86,2989.621063,2848.7684390000004,453791.45900000003,-1.5,1.5,0.43333333333333335,0,0.06166666666666665,0.0,1.0,0.2185,1,1,1,0,0,False,False,True,False,False,3.0,2025-08-27,2,27,8,35
27-08-2025 00:00,Fur_4,3762,5.86,95.446,17.306,20.08,14.5,56.82,85.13%,85.13,147.332,0.6478293921211957,0.11746260147150654,0.1362908261613227,0.09841718024597508,0.2103807366429108,0.18131718268636526,0.09841718024597508,0.8618525467204908,25.534167730024706,39.414956735589165,1.5576820839978736,641.9794126314995,149.63022289794478,429.507,48.4568,361.43999999999994,50.75,890.1537999999999,143294.58000000002,51.566199999999995,17262.35014408663,2778846.996676118,2802609.3468202045,32539.293472892194,0.006173703529769945,0.40604219180999956,22045.32,1916.5556799999997,1651.788476,359067.852,-1.1799999999999997,1.1799999999999997,0.45466666666666666,0,0.06333333333333335,0.018571428571427923,1.0,0.22828571428571398,1,1,1,1,1,False,False,False,True,False,4.0,2025-08-27,2,27,8,35
27-08-2025 00:00,Fur_5,3760,5.83,95.178,17.304,19.623,14.1,56.54,84.99%,84.99,146.20499999999998,0.6509900482199652,0.1183543654457782,0.13421565609931263,0.0964399302349441,0.2061715921098196,0.1818067181301696,0.0964399302349441,0.8818223063842272,25.717314729318424,39.504927194257846,1.5505319148936172,644.9398550703507,149.93194487192642,428.301,48.45119999999999,353.214,49.35,879.3162,142485.2,51.17174999999999,17183.625730994154,2784450.404764348,2808134.0304953423,32656.518554428916,0.006133429828433376,0.4016916781471785,21920.8,1867.6778940000002,1646.9601119999998,357869.27999999997,-1.4600000000000009,1.4600000000000009,0.43599999999999994,0,0.06666666666666665,0.0,1.0,0.22,1,1,1,0,0,False,False,False,False,True,5.0,2025-08-27,2,27,8,35
28-08-2025 00:00,Fur_1,3709,7.12,112.201,20.553,24.106,14.98,57.42,88.09%,88.09,171.83999999999997,0.6529387802607077,0.11960544692737432,0.14028165735567974,0.08717411545623838,0.21484656808008337,0.18318018392723612,0.08717411545623838,0.852609273516582,21.584031657355684,33.05674608018872,1.9196548935022917,520.9268931282453,153.67830540037247,504.9045,57.5484,433.908,52.43,1048.7909,171652.52,60.143999999999984,17437.997140196865,2854025.6717212033,2877963.6688614003,32304.00346684701,0.006072860098944391,0.4137221251633667,26408.08,2704.717306,2306.067153,416153.50899999996,-0.5799999999999983,0.5799999999999983,0.49466666666666675,0,0.15166666666666662,0.4414285714285719,0.9910190999414824,0.46441810570258246,1,1,1,1,1,True,False,False,False,False,1.0,2025-08-28,3,28,8,35
28-08-2025 00:00,Fur_2,3670,8.49,139.191,25.571,30.294,14.05,56.71,89.28%,89.28,209.10600000000002,0.6656480445324381,0.12228726100637953,0.14487389171042436,0.06719080275075799,0.21764338055159185,0.18371158922838698,0.06719080275075799,0.8440945123095493,17.550907195393723,26.36664707943296,2.3133514986376023,432.27321174638263,149.00720208889268,626.3595,71.5988,545.292,49.175000000000004,1292.4253,202528.95,73.1871,17659.195404654645,2767276.610222293,2791435.805626948,30919.75859134856,0.006340970362395548,0.4219137461948478,31158.3,4216.652154,3559.2530610000003,510830.97000000003,-1.2899999999999991,1.2899999999999991,0.4473333333333334,0,0.21666666666666667,0.6114285714285715,1.0,0.5707142857142857,1,1,1,1,1,False,True,False,False,False,2.0,2025-08-28,3,28,8,35
28-08-2025 00:00,Fur_3,3704,8.49,141.007,27.085,30.133,13.91,56.35,84.27%,84.27,212.13500000000002,0.664704079949089,0.12767812949301152,0.14204633841657432,0.06557145214132509,0.2136986091917521,0.19208266120063075,0.06557145214132509,0.8988484087595524,17.460579348056662,26.268199264801044,2.2921166306695464,436.27792269989135,148.24031866500104,634.5315,75.838,542.394,48.685,1301.4485,204405.24,74.24725000000001,17528.57513241231,2753034.489492876,2777063.0646252884,32567.87926146697,0.006326719415348519,0.4167617850418207,31446.96,4248.963931,3819.1745950000004,522289.928,-1.6499999999999986,1.6499999999999986,0.42333333333333345,0,0.16000000000000003,0.0,1.0,0.24800000000000003,1,1,1,0,0,False,False,True,False,False,3.0,2025-08-28,3,28,8,35
28-08-2025 00:00,Fur_4,3669,7.18,115.215,20.157,25.401,15.32,56.65,92.31%,92.31,176.09300000000002,0.6542849517016576,0.11446792319967289,0.14424764187105676,0.08699948322761268,0.22046608323164446,0.17495117671352534,0.08699948322761268,0.7935514037419233,20.83558119857121,31.84481159705931,1.9569364949577541,511.0027143450259,149.59947300574126,518.4675,56.4396,457.218,53.620000000000005,1085.7451,171232.22999999998,61.63255,17616.42346454917,2778275.9272494805,2802392.3507140297,30033.14061423245,0.006300823227350007,0.4211098903416649,26343.42,2926.576215,2322.388755,422723.835,-1.3500000000000014,1.3500000000000014,0.44333333333333325,0,0.21833333333333338,1.0,1.0,0.7655000000000001,1,1,1,1,1,False,False,False,True,False,4.0,2025-08-28,3,28,8,35
28-08-2025 00:00,Fur_5,3702,7.16,115.2,20.176,25.409,12.28,56.89,91.73%,91.73,173.065,0.6656458556033861,0.1165804755438708,0.1468176696616878,0.07095599919105539,0.22056423419649102,0.17513888736858604,0.07095599919105539,0.7940493213408901,21.390806922254644,32.1354163877134,1.9340896812533765,517.0390339330958,153.15817756334326,518.4,56.49279999999999,457.36199999999997,42.98,1075.2348,172291.08000000002,60.57274999999999,17751.130665191857,2844366.1547478037,2868617.2854129956,30935.158906642893,0.00620209757149432,0.42536011669265167,26506.32,2927.1168,2324.2752,426470.4,-1.1099999999999994,1.1099999999999994,0.45933333333333337,0,0.16333333333333333,0.961428571428572,0.992672050154625,0.728248695745211,1,1,1,1,1,False,False,False,False,True,5.0,2025-08-28,3,28,8,35
29-08-2025 00:00,Fur_1,3475,7.08,117.007,20.768,25.196,13.81,57.32,87.45%,87.45,176.781,0.6618754277891855,0.11747868832057744,0.14252662899293478,0.07811925489730231,0.21533754206724776,0.17749365270886655,0.07811925489730231,0.8242577859875462,19.657089845628207,29.69907757912708,2.037410071942446,490.8191397148108,139.1721961070477,526.5315,58.1504,453.528,48.335,1086.5449,159919.5,61.873349999999995,17560.78990389239,2584626.499130886,2608687.2890347783,29493.355444146728,0.006748472709051684,0.4174038274902399,24603.0,2948.108372,2430.001376,406599.325,-0.6799999999999997,0.6799999999999997,0.48800000000000004,0,0.5416666666666667,0.3500000000000004,1.0,0.5375000000000003,1,1,1,1,1,True,False,False,False,False,1.0,2025-08-29,4,29,8,35
29-08-2025 00:00,Fur_2,3448,8.5,139.819,23.719,30.515,13.94,56.95,90.55%,90.55,207.993,0.6722293538724861,0.11403749164635349,0.14671166818114073,0.06702148630001971,0.21824644563152046,0.16964074861327327,0.06702148630001971,0.777289831974772,16.577480972917357,24.660453696132475,2.465197215777262,405.6470111003517,140.90858826979755,629.1854999999999,66.4132,549.27,48.79,1293.6587,190502.0,72.79754999999999,17770.635138133086,2616873.7821533834,2641144.4172915164,28849.20171809412,0.0067449842648602135,0.42458648482787614,29308.0,4266.576784999999,3316.366861,482095.91199999995,-1.0499999999999972,1.0499999999999972,0.46333333333333354,0,0.5866666666666667,0.7928571428571425,1.0,0.7724285714285712,1,1,1,1,1,False,True,False,False,False,2.0,2025-08-29,4,29,8,35
29-08-2025 00:00,Fur_3,3473,8.5,137.488,21.507,28.973,12.76,55.85,88.96%,88.96,200.728,0.6849467936710374,0.10714499222828903,0.14433960384201505,0.06356861025865848,0.2107311168194234,0.1564281962321934,0.06356861025865848,0.7423117819241438,17.302020644852735,25.26038617726357,2.4474517708033403,408.5881872249192,147.06717548124826,618.696,60.2196,521.514,44.66,1245.0896,191883.25,70.2548,17722.48444234415,2731247.5446517533,2755470.029094097,30629.94696636391,0.006446954406478002,0.41885660276979264,29520.5,3983.439824,2956.954416,477495.824,-2.1499999999999986,2.1499999999999986,0.39000000000000007,0,0.5449999999999999,0.5657142857142848,1.0,0.6463571428571424,1,1,1,1,1,False,False,True,False,False,3.0,2025-08-29,4,29,8,35
29-08-2025 00:00,Fur_4,3472,7.09,114.627,20.246,25.205,13.16,53.32,89.76%,89.76,173.23799999999997,0.6616735358293216,0.11686812362183818,0.1454934829540863,0.07596485759475405,0.21988711019317342,0.17662505189331437,0.07596485759475405,0.8032532908846145,20.041792216488304,30.28954757352502,2.0420506912442398,489.7037391108972,142.09630681490205,515.8215,56.68879999999999,453.68999999999994,46.06,1072.2603,160007.12,60.633299999999984,17684.346720366535,2638931.4122767528,2663115.7589971195,29342.394876565882,0.006656719798666869,0.42311554386560796,24616.48,2889.173535,2320.738242,397984.94399999996,-4.68,4.68,0.22133333333333335,0,0.5466666666666666,0.6800000000000007,1.0,0.7040000000000004,1,1,1,1,1,False,False,False,True,False,4.0,2025-08-29,4,29,8,35
29-08-2025 00:00,Fur_5,3472,7.11,114.61,20.252,25.25,11.6,54.04,91.37%,91.37,171.712,0.6674548080506896,0.11794166977264256,0.1470485464032799,0.067554975773388,0.2203123617458131,0.1767036019832161,0.067554975773388,0.8020593741758663,20.219903093551995,30.29404039530547,2.047811059907834,488.32623230292086,143.7635109951547,515.745,56.70559999999999,454.5,40.6,1067.5506,160458.48,60.09919999999999,17763.141605878285,2669893.7756243018,2694156.91723018,29167.01220342297,0.0066091551685787545,0.42574094380163335,24685.920000000002,2893.9025,2321.0817199999997,397925.92,-3.960000000000001,3.960000000000001,0.26933333333333326,0,0.5466666666666666,0.9100000000000007,1.0,0.8190000000000004,1,1,1,1,1,False,False,False,False,True,5.0,2025-08-29,4,29,8,35
30-08-2025 00:00,Fur_1,3516,5.98,98.405,18.556,22.156,13.24,57.47,84.88%,84.88,152.357,0.6458843374442921,0.12179289432057602,0.14542160845907964,0.0869011597760523,0.22515115873023567,0.18856765216637722,0.0869011597760523,0.8375157592744287,23.077377475271895,35.72989141070178,1.7007963594994313,587.9597678997043,138.00271730212594,442.8225,51.9568,398.808,46.34,939.9273,136666.92,53.324949999999994,17626.407525932984,2562907.607039482,2587034.0145654147,30123.82410998387,0.006830527102701813,0.42429664507031556,21025.68,2180.26118,1826.0031800000002,345991.98,-0.5300000000000011,0.5300000000000011,0.49799999999999994,0,0.4733333333333334,0.0,1.0,0.342,1,1,1,0,0,True,False,False,False,False,1.0,2025-08-30,5,30,8,35
30-08-2025 00:00,Fur_2,3483,7.58,125.39,21.909,28.048,14.08,55.17,86.15%,86.15,189.42700000000002,0.6619436511162611,0.11565933050726664,0.14806759332090988,0.0743294250555623,0.22368609758604274,0.17472685082760306,0.0743294250555623,0.7811251860694101,18.38703035998036,27.777334494159547,2.176284811943727,459.49862011891554,139.37369012865113,564.255,61.34519999999999,504.864,49.28,1179.7441999999999,171607.41,66.29945000000001,17794.177779755333,2588368.5309606637,2612662.7087404192,29978.918057836134,0.006827730947142365,0.42794361692983957,26401.14,3516.9387199999996,2747.1695099999997,436733.37,-2.8299999999999983,2.8299999999999983,0.3446666666666668,0,0.5283333333333333,0.1642857142857151,1.0,0.44064285714285756,1,1,1,1,1,False,True,False,False,False,2.0,2025-08-30,5,30,8,35
30-08-2025 00:00,Fur_3,3514,7.55,122.406,19.121,26.534,13.1,54.2,85.87%,85.87,181.161,0.6756752281120109,0.10554699963016322,0.14646640281296747,0.07231136944485844,0.21677041797975247,0.15620966164885983,0.07231136944485844,0.7206225702637156,19.397110857193326,28.707742849960436,2.148548662492886,465.4304019297481,146.4481869718096,550.827,53.538799999999995,477.61199999999997,45.85,1127.8278,172449.55,63.406349999999996,17787.300483311214,2719752.043762178,2744039.344245489,31587.882401812927,0.0064975506272453906,0.423479541823672,26530.7,3247.920804,2340.525126,430134.684,-3.799999999999997,3.799999999999997,0.2800000000000002,0,0.4766666666666667,0.12428571428571493,1.0,0.40514285714285747,1,1,1,1,1,False,False,True,False,False,3.0,2025-08-30,5,30,8,35
30-08-2025 00:00,Fur_4,3518,6.3,102.529,18.16,22.68,12.92,55.2,84.24%,84.24,156.289,0.6560218569445067,0.11619499772856696,0.14511577910153628,0.08266736622539014,0.22120570549595037,0.17712061780451757,0.08266736622539014,0.8007054320676618,22.509581608430537,34.312243030632864,1.7907902217168847,558.4126097757762,141.8103641331124,461.3805,50.848,408.24,45.22,965.6885,144062.1,54.70114999999999,17653.897587162246,2633621.0481863734,2657774.945773536,31179.903164870204,0.006658644594859832,0.4227450156028575,22163.399999999998,2325.35772,1861.92664,360697.022,-2.799999999999997,2.799999999999997,0.34666666666666685,0,0.47,0.0,1.0,0.34099999999999997,1,1,1,0,0,False,False,False,True,False,4.0,2025-08-30,5,30,8,35
30-08-2025 00:00,Fur_5,3519,6.23,102.565,18.141,22.666,12.35,54.87,82.81%,82.81,155.72199999999998,0.6586416819717189,0.11649606349777167,0.1455542569450688,0.07930799758544073,0.22099156416914578,0.17687320063498072,0.07930799758544073,0.8003617400352182,22.5979630366936,34.30994945342028,1.7703893151463483,564.8474213728055,140.78530971860113,461.5425,50.794799999999995,407.988,43.225,963.5503,142501.905,54.50269999999999,17678.946180647934,2614584.3233454498,2638763.2695260975,31485.064664432615,0.00671625303795345,0.42342158992633805,21923.370000000003,2324.73829,1860.6316649999999,360926.235,-3.1300000000000026,3.1300000000000026,0.3246666666666665,0,0.4683333333333334,0.0,1.0,0.3405,1,1,1,0,0,False,False,False,False,True,5.0,2025-08-30,5,30,8,35
31-08-2025 00:00,Fur_1,3508,6.94,113.407,20.292,26.25,11.69,57.32,83.91%,83.91,171.639,0.6607297875191536,0.11822487896107528,0.15293726950168668,0.06810806401808446,0.23146719134209362,0.17893075225576244,0.06810806401808446,0.7730285419798651,20.43824538712064,30.932834561069118,1.9783352337514255,505.47543148768995,141.84142298661726,510.3315,56.8176,472.5,40.915,1080.5641,158245.88,60.07365,17987.322228631023,2634197.8554657493,2658685.1776943803,31311.802822922866,0.006782076296900171,0.43727160656179487,24345.52,2976.9337499999997,2301.254844,397831.756,-0.6799999999999997,0.6799999999999997,0.48800000000000004,0,0.4866666666666667,0.0,1.0,0.346,1,1,1,0,0,True,False,False,False,False,1.0,2025-08-31,6,31,8,35
31-08-2025 00:00,Fur_2,3273,8.25,135.598,23.951,31.368,13.88,56.73,90.05%,90.05,204.797,0.66210930824182,0.11694995532161116,0.1531663061470627,0.0677744302895062,0.23133084388168818,0.17663239740532752,0.0677744302895062,0.7635488152400913,15.981679419132117,24.137523974265665,2.5206232813932172,396.7272246391243,131.84885520783996,610.191,67.0628,564.624,48.580000000000005,1290.4578000000001,175514.625,71.67895,18003.30222471172,2448621.5967170275,2473124.898941739,27162.272366191533,0.0072987596259308455,0.437537748231674,27002.25,4253.438064,3247.707698,443812.254,-1.2700000000000031,1.2700000000000031,0.44866666666666644,0,0.8783333333333333,0.721428571428571,1.0,0.8242142857142853,1,1,1,1,1,False,True,False,False,False,2.0,2025-08-31,6,31,8,35
31-08-2025 00:00,Fur_3,3511,8.08,129.587,20.202,29.395,13.57,56.68,86.82%,86.82,192.754,0.6722921443912967,0.1048071635348683,0.15250007781939676,0.0704006142544383,0.2268360234681255,0.15589526606916387,0.0704006142544383,0.6872597146705319,18.214926797887465,27.09376691262421,2.301338649957277,434.52964919187514,147.17660852693072,583.1415,56.5656,529.11,47.495000000000005,1216.3121,184397.72,67.4639,18029.080737994693,2733279.872642999,2757808.9533809936,31402.971457310337,0.006552910285062441,0.43501170464389854,28368.88,3809.209865,2617.916574,454979.95699999994,-1.3200000000000003,1.3200000000000003,0.4453333333333333,0,0.4816666666666667,0.259999999999999,1.0,0.47449999999999953,1,1,1,1,1,False,False,True,False,False,3.0,2025-08-31,6,31,8,35
31-08-2025 00:00,Fur_4,3136,6.66,106.873,18.675,23.696,10.6,56.95,92.79%,92.79,159.844,0.668608142939366,0.11683266184529918,0.14824453842496435,0.06631465679037062,0.2217211061566429,0.17474011046063917,0.06631465679037062,0.7881076642425867,19.619128650434174,29.34323889716543,2.123724489795918,470.8708001695495,130.6633968118916,480.92850000000004,52.29,426.528,37.1,996.8465000000001,135757.44,55.94539999999999,17818.203105170403,2426605.940792273,2450924.143897443,26132.04119732853,0.007289325442826247,0.4278773111005556,20885.760000000002,2532.4626080000003,1995.8532750000002,335153.728,-1.0499999999999972,1.0499999999999972,0.46333333333333354,0,1.0,1.0,1.0,1.0,1,1,0,1,0,False,False,False,True,False,4.0,2025-08-31,6,31,8,35
31-08-2025 00:00,Fur_5,3509,6.53,98.435,17.224,21.854,11.41,57.23,92.40%,92.4,148.923,0.6609791637289069,0.11565708453361805,0.14674697662550445,0.07661677511197061,0.2220145250976327,0.17497841037254624,0.07661677511197061,0.7881394349711982,23.562512170719096,35.64788910806229,1.8609290396124254,537.3659207709156,153.8632044747957,442.9575,48.227199999999996,393.37199999999996,39.935,924.4916999999998,148939.505,52.12305,17736.71533035768,2857459.5116747776,2881696.2270051353,30853.278661725217,0.00616887124564455,0.42550084549163614,22913.77,2151.1984899999998,1695.44444,345408.415,-0.7700000000000031,0.7700000000000031,0.4819999999999998,0,0.485,1.0,0.9903589801407795,0.8435717960281559,1,1,1,1,1,False,False,False,False,True,5.0,2025-08-31,6,31,8,35
01-09-2025 00:00,Fur_1,3548,7.17,117.572,21.51,26.854,11.76,57.1,84.54%,84.54,177.69599999999997,0.6616468575544752,0.12104943273905999,0.15112326670268325,0.06618044300378174,0.22840472027009218,0.18295172164331883,0.06618044300378174,0.8009979592985046,19.966684674950482,30.1772528307994,2.020856820744081,494.8395404686833,143.16112911939496,529.0740000000001,60.228,483.37199999999996,41.16,1113.834,165354.54,62.19359999999998,17909.141776645836,2658706.683645907,2683115.825422553,31366.79711740183,0.006690964615296837,0.43397130990793953,25439.16,3157.278488,2528.9737200000004,417145.456,-0.8999999999999986,0.8999999999999986,0.47333333333333344,0,0.42000000000000004,0.0,1.0,0.326,1,1,1,0,0,True,False,False,False,False,1.0,2025-09-01,0,1,9,36
01-09-2025 00:00,Fur_2,3514,8.66,144.025,22.598,33.379,12.26,56.96,83.95%,83.95,212.26199999999997,0.6785246534942666,0.10646276771160171,0.15725377128266013,0.05775880751147168,0.23175837367291527,0.1569033143072153,0.05775880751147168,0.6770124726021609,16.555012201901427,24.398541750400682,2.464428002276608,405.7736251993505,143.36640566846634,648.1125000000001,63.27439999999999,600.822,42.91,1355.1189000000002,197803.06,74.29169999999999,18240.515427699196,2662518.962414375,2687259.4778420744,31633.425283602992,0.006804234239761871,0.44337216461227125,30431.24,4807.410475,3254.67695,506103.85000000003,-1.0399999999999991,1.0399999999999991,0.4640000000000001,0,0.4766666666666667,0.0,1.0,0.34299999999999997,1,1,1,0,0,False,True,False,False,False,2.0,2025-09-01,0,1,9,36
01-09-2025 00:00,Fur_3,3547,8.57,139.504,22.692,31.893,13.72,57.12,85.87%,85.87,207.809,0.6713087498616518,0.10919642556385913,0.1534726599906645,0.06602216458382458,0.22861709894614424,0.16266200135722272,0.06602216458382458,0.7115040694978814,17.068558147144735,25.42579406020047,2.4161263039188046,413.8855993132323,146.27754332103038,627.7679999999999,63.5376,574.0740000000001,48.02,1313.3996,197585.635,72.73315,18057.785205233104,2716582.9473905643,2741140.732595797,31554.51516744327,0.006603348289956958,0.4370901285488438,30397.79,4449.201072,3165.6247679999997,494820.68799999997,-0.8800000000000026,0.8800000000000026,0.4746666666666665,0,0.42166666666666663,0.12428571428571493,1.0,0.38864285714285746,1,1,1,1,1,False,False,True,False,False,3.0,2025-09-01,0,1,9,36
01-09-2025 00:00,Fur_4,3548,7.14,116.376,20.373,25.895,12.75,58.24,87.24%,87.24,175.394,0.6635118647160109,0.11615562676032248,0.14763902984138566,0.07269347868228103,0.22251151248958967,0.1750618669222016,0.07269347868228103,0.7867541692699684,20.228742146253577,30.487385453294618,2.0124013528748588,496.91869791054654,144.43321892425053,523.692,57.044399999999996,466.11,44.625,1091.4714,164662.68,61.387899999999995,17779.911024811077,2682331.2085932246,2706611.119618036,30673.290113531686,0.00658488122789786,0.4270473784287889,25332.719999999998,3013.55652,2370.928248,412902.048,0.240000000000002,0.240000000000002,0.5493333333333335,1,0.42000000000000004,0.3199999999999993,1.0,0.48599999999999965,1,1,1,1,1,False,False,False,True,False,4.0,2025-09-01,0,1,9,36
01-09-2025 00:00,Fur_5,3516,7.16,123.618,21.606,27.505,4.32,57.34,81.49%,81.49,177.04899999999998,0.6982134889211462,0.12203401318279122,0.15535247304418554,0.02440002485187717,0.2224999577529166,0.1747803703766412,0.02440002485187717,0.7855298750943511,19.858909115555583,28.442459605862744,2.036405005688282,491.0613839299743,142.189789267378,556.281,60.4968,495.09,15.120000000000001,1126.9877999999999,163634.64,61.96714999999999,18186.85868238252,2640667.514965591,2665354.3736479734,32311.242255400335,0.006840110862269593,0.4393037795085271,25174.56,3400.11309,2670.890508,434640.888,-0.6599999999999966,0.6599999999999966,0.48933333333333356,0,0.4733333333333334,0.0,1.0,0.342,1,1,1,0,0,False,False,False,False,True,5.0,2025-09-01,0,1,9,36
02-09-2025 00:00,Fur_1,3541,7.17,117.607,20.697,25.868,13.58,56.73,88.45%,88.45,177.752,0.6616353121202574,0.11643750843872361,0.14552860164723883,0.07639857779378009,0.21995289209015711,0.17598442119955088,0.07639857779378009,0.8001004793528499,19.921013546964307,30.108751774054678,2.024851736797515,493.8632505072175,142.8336671317341,529.2315,57.95159999999999,465.62399999999997,47.53,1100.3371,165028.305,62.2132,17686.55365742318,2652625.2467322047,2676811.800389628,29925.229741639214,0.006623403924156917,0.4231648646582942,25388.97,3042.2578759999997,2434.112079,416446.387,-1.2700000000000031,1.2700000000000031,0.44866666666666644,0,0.43166666666666664,0.49285714285714327,1.0,0.5759285714285716,1,1,1,1,1,True,False,False,False,False,1.0,2025-09-02,1,2,9,36
02-09-2025 00:00,Fur_2,3543,8.42,140.446,24.631,31.112,15.51,56.68,84.68%,84.68,211.69899999999998,0.6634230676573815,0.11634915611316067,0.14696337724788497,0.0732643989815729,0.2215228613024019,0.17537701198056896,0.0732643989815729,0.7916880691794784,16.73602615033609,25.22677737189541,2.3765170759243577,420.7837980066749,140.9173401858299,632.007,68.96679999999999,560.016,54.285,1315.2748,193908.38999999998,74.09464999999999,17751.278938492862,2617036.317736841,2641287.5966753336,30827.35290237317,0.006737271331052279,0.425778704191702,29832.06,4369.555952,3459.325426,497600.178,-1.3200000000000003,1.3200000000000003,0.4453333333333333,0,0.42833333333333334,0.0,1.0,0.3285,1,1,1,0,0,False,True,False,False,False,2.0,2025-09-02,1,2,9,36
02-09-2025 00:00,Fur_3,3542,8.41,138.585,24.818,30.612,12.9,56.12,85.61%,85.61,206.91500000000002,0.6697677790397023,0.11994297175168547,0.14794480825459727,0.06234444095401493,0.2208897050843186,0.17908142887699657,0.06234444095401493,0.8107277926719002,17.118140299156657,25.558321423254164,2.374364765669114,421.1652293501511,143.9635599159075,623.6325,69.4904,551.016,45.15,1289.2889,193623.43,72.42025,17802.87833858624,2673608.9698668537,2697911.8482054397,31150.119480492318,0.006614698657307581,0.4273797750062069,29788.22,4242.36402,3439.4025300000003,490868.07,-1.8800000000000026,1.8800000000000026,0.4079999999999998,0,0.43000000000000005,0.08714285714285706,1.0,0.37257142857142855,1,1,1,1,1,False,False,True,False,False,3.0,2025-09-02,1,2,9,36
02-09-2025 00:00,Fur_4,3544,7.25,111.583,20.24,24.361,6.75,56.56,90.51%,90.51,162.934,0.6848355775958364,0.12422207765107343,0.14951452735463439,0.041427817398455816,0.21832178541245725,0.18138963658093404,0.041427817398455816,0.8308361384657387,21.751138497796653,31.76111027879596,2.045711060948081,488.8275187824112,157.69575410902576,502.1235,56.67199999999999,438.498,23.625,1020.9185,167011.0,57.0269,17902.40219966367,2928635.4334533354,2953037.835652999,32270.110760058997,0.0060757414966966525,0.42951322754950566,25694.0,2718.273463,2258.43992,395450.152,-1.4399999999999977,1.4399999999999977,0.43733333333333346,0,0.42666666666666664,0.7871428571428579,0.9777418937702701,0.717119807325483,1,1,1,1,1,False,False,False,True,False,4.0,2025-09-02,1,2,9,36
02-09-2025 00:00,Fur_5,3543,7.15,118.814,21.312,26.163,6.5,55.72,82.62%,82.62,172.78900000000002,0.6876247909299781,0.12334118491339147,0.15141588874291764,0.03761813541371267,0.2202013212230771,0.1793727996753514,0.03761813541371267,0.8145854521811163,20.50477750319754,29.81971796404702,2.018063787750494,495.5244062203627,146.6091591478624,534.663,59.6736,470.934,22.75,1088.0206,164660.92500000002,60.476150000000004,17990.90385217974,2722741.527031731,2747232.4308839105,32853.77219425867,0.006564268605519262,0.4328355547679888,25332.45,3108.530682,2532.163968,420958.002,-2.280000000000001,2.280000000000001,0.38133333333333325,0,0.42833333333333334,0.0,1.0,0.3285,1,1,1,0,0,False,False,False,False,True,5.0,2025-09-02,1,2,9,36
03-09-2025 00:00,Fur_1,3674,7.2,112.82,20.389,25.029,12.76,56.86,91.58%,91.58,170.998,0.6597737985239593,0.11923531269371572,0.14637013298401153,0.07462075579831344,0.22184896098343415,0.18072150167770343,0.07462075579831344,0.8146150139991604,21.485631410893696,32.56514773475317,1.95971692977681,510.277706905874,154.69654615843461,507.68999999999994,57.08919999999999,450.522,44.66,1059.9612,171943.2,59.84929999999999,17710.50287973293,2872935.8572280714,2897146.360107804,31293.436596541414,0.00612683139803806,0.42503631264993474,26452.8,2823.77178,2300.28698,414500.68,-1.1400000000000006,1.1400000000000006,0.4573333333333333,0,0.20999999999999996,0.9399999999999997,0.9876265541766492,0.7305253108353297,1,1,1,1,1,True,False,False,False,False,1.0,2025-09-03,2,3,9,36
03-09-2025 00:00,Fur_2,3668,11.48,179.68,31.384,40.269,12.98,56.03,90.94%,90.94,264.31300000000005,0.6798000855046856,0.11873801137287986,0.15235345972388795,0.04910844339854641,0.22411509225225348,0.17466607204660467,0.04910844339854641,0.7793587926355562,13.877486162239464,20.414069343198634,3.1297709923664123,319.5121672898809,159.31354114250905,808.5600000000001,87.87519999999999,724.842,45.43,1666.7072,273706.16000000003,92.50955,18016.596124400126,2958680.0497894543,2983196.6459138542,32447.211724101093,0.0060525469228218855,0.4348946233627598,42108.64,7235.53392,5639.07712,659066.24,-1.9699999999999989,1.9699999999999989,0.4020000000000001,0,0.21999999999999997,0.8485714285714282,0.972408171681507,0.6847673486220155,1,1,1,1,1,False,True,False,False,False,2.0,2025-09-03,2,3,9,36
03-09-2025 00:00,Fur_3,3668,11.16,182.71,31.908,39.453,13.35,55.96,88.35%,88.35,267.421,0.6832298136645963,0.11931748067653626,0.14753142049427684,0.04992128516459066,0.21593235063251956,0.17463740257984017,0.04992128516459066,0.8087597696307057,13.716200298405886,20.075529417790325,3.0425299890948745,328.67380567439017,153.07279533020966,822.195,89.3424,710.154,46.725,1668.4164,266076.72000000003,93.59734999999999,17825.46621245153,2842780.4847038942,2867105.9509163457,32088.48294254444,0.0062313602496497115,0.42564554028598617,40934.88,7208.457630000001,5829.910680000001,670180.28,-2.039999999999999,2.039999999999999,0.39733333333333337,0,0.21999999999999997,0.47857142857142776,0.9929393365004248,0.5038735815857989,1,1,1,1,1,False,False,True,False,False,3.0,2025-09-03,2,3,9,36
03-09-2025 00:00,Fur_4,3669,8.14,133.257,25.926,30.012,5.07,55.02,88.50%,88.5,194.265,0.6859547525287624,0.1334568759169176,0.15449000077214117,0.026098370782178984,0.22521893615180488,0.19455638206956194,0.026098370782178984,0.863854429433079,18.886572465446687,27.533262586331205,2.218588171163805,450.73704536399936,153.73669986873603,599.6565,72.5928,540.216,17.745,1230.2103,194126.79,67.99274999999999,18093.25700166562,2855110.1404193835,2879703.397421049,32175.456954425128,0.00629724196271865,0.43912492034898426,29865.660000000003,3999.309084,3454.8209819999997,488919.933,-2.979999999999997,2.979999999999997,0.3346666666666669,0,0.21833333333333338,0.5,0.990711421071965,0.5136422842143931,1,1,1,1,1,False,False,False,True,False,4.0,2025-09-03,2,3,9,36
03-09-2025 00:00,Fur_5,3667,7.88,130.865,25.364,29.976,5.23,55.18,87.34%,87.34,191.435,0.6836001776059759,0.1324940580353645,0.1565857862982213,0.02731997806043827,0.22906048042593144,0.19381805529501353,0.02731997806043827,0.8461435533045252,19.155326873351267,28.021243051837825,2.1488955549495503,465.35527089400114,150.943975762008,588.8925,71.0192,539.568,18.305,1217.7847,187823.74,67.00225,18175.280680872656,2803245.264151577,2827920.5448324494,32011.778863849326,0.006441889960063362,0.4430733938437558,28895.96,3922.80924,3319.25986,479881.955,-2.8200000000000003,2.8200000000000003,0.3453333333333333,0,0.22166666666666668,0.3342857142857148,0.9998694529134754,0.4336167477255525,1,1,1,1,1,False,False,False,False,True,5.0,2025-09-03,2,3,9,36
04-09-2025 00:00,Fur_1,3684,5.77,90.019,16.831,19.005,16.36,54.72,93.46%,93.46,142.215,0.6329782371761066,0.11834897865907253,0.1336356924375066,0.11503709172731427,0.21112209410099983,0.18697163724356372,0.11503709172731427,0.8856090036511969,25.904440459867104,40.924693221156716,1.566232356134636,638.4747593631266,149.46862145343314,405.0855,47.126799999999996,342.09,57.26,851.5623,138168.41999999998,49.77525,17108.147121310292,2775845.82699233,2799453.9741136404,29636.396084201147,0.0061254668998760205,0.4017204613215028,21256.679999999997,1710.811095,1515.109789,331629.99600000004,-3.280000000000001,3.280000000000001,0.3146666666666666,0,0.19333333333333336,1.0,1.0,0.758,1,1,1,1,1,True,False,False,False,False,1.0,2025-09-04,3,4,9,36
04-09-2025 00:00,Fur_2,3612,8.21,141.016,24.27,30.612,14.3,53.69,84.69%,84.69,210.198,0.6708722252352544,0.11546256386835269,0.14563411640453286,0.06803109449186005,0.21708174804928698,0.17210812835346254,0.06803109449186005,0.7928263167115407,17.183798133188706,25.614114528747702,2.2729789590254708,439.95122534089825,141.07898267347932,634.572,67.95599999999999,551.016,50.050000000000004,1303.5939999999998,192754.38000000003,73.5693,17719.266052551808,2620038.24965033,2644257.515702882,30858.414233899894,0.006717549261850995,0.4226898865751147,29654.520000000004,4316.781792,3422.4583199999997,509349.79199999996,-4.310000000000002,4.310000000000002,0.24599999999999986,0,0.31333333333333335,0.0,1.0,0.29400000000000004,1,1,1,0,0,False,True,False,False,False,2.0,2025-09-04,3,4,9,36
04-09-2025 00:00,Fur_3,3681,7.21,116.986,21.012,25.066,13.4,54.29,90.85%,90.85,176.464,0.6629454166288875,0.11907244537129387,0.14204596971620273,0.07593616828361592,0.2142649529493704,0.1796112339971344,0.07593616828361592,0.8382669417431206,20.859778765073898,31.4653032716282,1.958706873132301,510.54084458518105,150.3990048961828,526.437,58.8336,451.188,46.9,1083.3586,172510.065,61.76239999999999,17540.746473582636,2793124.376643395,2817165.1231169775,30671.36769860618,0.006240781347203063,0.41647151737199484,26540.01,2932.371076,2458.109832,430625.466,-3.710000000000001,3.710000000000001,0.2859999999999999,0,0.19833333333333336,0.8357142857142849,1.0,0.6773571428571424,1,1,1,1,1,False,False,True,False,False,3.0,2025-09-04,3,4,9,36
04-09-2025 00:00,Fur_4,3680,5.72,94.271,19.138,20.726,8.85,53.44,86.22%,86.22,142.98499999999999,0.6593069203063259,0.1338462076441585,0.14495226772039027,0.061894604329125434,0.2198555205751979,0.2030104676622666,0.061894604329125434,0.9233812157009932,25.736965415952724,39.03639465968968,1.5543478260869563,643.3565308817253,147.21544217924958,424.2195,53.586400000000005,373.068,30.974999999999998,881.8489000000001,136822.4,50.04474999999999,17621.207019717356,2734001.0690432065,2758122.276062924,31622.589727848244,0.006403933844048584,0.42305206708314763,21049.6,1953.8607459999998,1804.1583980000003,346917.28,-4.560000000000002,4.560000000000002,0.2293333333333332,0,0.19999999999999996,0.17428571428571413,1.0,0.3471428571428571,1,0,1,1,0,False,False,False,True,False,4.0,2025-09-04,3,4,9,36
04-09-2025 00:00,Fur_5,3681,5.92,99.102,20.141,21.824,10.11,53.25,84.41%,84.41,151.17700000000002,0.6555362257486257,0.13322793811227895,0.14436058395126242,0.06687525218783279,0.22021755140948165,0.20323504870502057,0.06687525218783279,0.9228830222286003,24.34894196868571,37.143548695853276,1.6082586253735398,621.7904355083724,144.1457364546194,445.959,56.39479999999999,392.83200000000005,35.385,930.5708,141644.88,52.911950000000004,17587.15753246667,2676992.248442932,2701079.4059753986,31624.861327425344,0.006526865563310567,0.42214090534540744,21791.52,2162.8020480000005,1996.0133819999999,364794.462,-4.75,4.75,0.21666666666666667,0,0.19833333333333336,0.0,1.0,0.2595,1,0,1,0,0,False,False,False,False,True,5.0,2025-09-04,3,4,9,36
05-09-2025 00:00,Fur_1,3853,4.68,75.011,13.958,16.243,12.88,53.87,84.55%,84.55,118.09199999999998,0.6351912068556719,0.1181959827930766,0.13754530366155202,0.10906750668969958,0.21654157101569674,0.18607937254430187,0.10906750668969958,0.859323963595151,32.62710429156929,51.365798997936324,1.214637944458863,823.2904223738414,152.69484808454425,337.54949999999997,39.0824,292.37399999999997,45.080000000000005,714.0858999999999,117208.26,41.33219999999999,17276.745491408637,2835761.464427251,2859538.2099186596,33425.34435907259,0.006055560500853299,0.40943813622422737,18032.039999999997,1218.4036729999998,1047.003538,289017.383,-4.130000000000003,4.130000000000003,0.25799999999999984,0,0.0,0.0,0.9942777257462959,0.19885554514925918,1,1,0,0,0,True,False,False,False,False,1.0,2025-09-05,4,5,9,36
05-09-2025 00:00,Fur_2,3845,5.08,85.827,15.789,19.299,16.1,52.62,78.06%,78.06,137.015,0.6264058679706602,0.11523555815056746,0.14085319125643178,0.11750538262234064,0.22485930738742696,0.18396308639515438,0.11750538262234064,0.8181252490737733,28.062620880925447,44.79942157130715,1.3211963589076723,756.8896147855089,142.55811407510126,386.2215,44.209199999999996,347.382,56.35000000000001,834.1627,126961.90000000001,47.95524999999999,17394.606429952928,2647507.83282331,2671402.439253263,33789.55779475415,0.006527295774034828,0.4164439383348117,19532.6,1656.3752729999999,1355.122503,330004.815,-5.380000000000003,5.380000000000003,0.1746666666666665,0,0.0,0.0,1.0,0.2,1,1,0,0,0,False,True,False,False,False,2.0,2025-09-05,4,5,9,36
05-09-2025 00:00,Fur_3,3848,5.78,77.459,13.013,16.558,10.85,52.38,80.42%,80.42,117.88,0.6571004411265694,0.11039192399049881,0.14046487953851375,0.09204275534441805,0.21376469856614855,0.1679985519048974,0.09204275534441805,0.785904047233721,32.643366135052595,49.67789347037925,1.5020790020790022,665.7438294560848,188.67865626060404,348.56550000000004,36.4364,298.044,37.975,721.0209000000001,144569.36000000002,41.257999999999996,17475.905278976203,3504032.1876969323,3528008.0929759084,43330.97633230052,0.004962619655435152,0.41336388445882766,22241.440000000002,1282.566122,1007.973967,298062.232,-5.619999999999997,5.619999999999997,0.15866666666666684,0,0.0,0.0,0.8760558015358704,0.1752111603071741,1,1,0,0,0,False,False,True,False,False,3.0,2025-09-05,4,5,9,36
05-09-2025 00:00,Fur_4,3846,5.05,78.023,15.033,16.886,9.52,52.81,87.53%,87.53,119.46199999999999,0.6531198205287038,0.12583917898578628,0.14135038757094306,0.07969061291456699,0.21642335956803302,0.19267395264634848,0.07969061291456699,0.8902640714044728,32.19433794846897,49.29315651419253,1.313052522100884,761.5840076071272,162.5814066397683,351.1035,42.0924,303.948,33.32,730.4639000000001,126244.95,41.811699999999995,17470.322900049512,3019368.98045284,3043339.3033528896,34376.36172317734,0.005752797943823045,0.4161026985727836,19422.3,1317.4963779999998,1172.9197589999999,300076.458,-5.189999999999998,5.189999999999998,0.1873333333333335,0,0.0,0.3614285714285716,0.9617716705170075,0.37306861981768735,1,1,0,1,0,False,False,False,True,False,4.0,2025-09-05,4,5,9,36
05-09-2025 00:00,Fur_5,3901,5.15,85.303,16.562,18.797,10.42,53.24,81.10%,81.1,131.082,0.6507605926061549,0.12634839260920647,0.14339878854457516,0.07949222624006347,0.22035567072253415,0.1941549512425712,0.07949222624006347,0.8810980006863861,29.75999755878,45.73109919075415,1.3201743142783904,757.4755810727027,153.263987427717,383.8635,46.3736,338.346,36.47,805.0531000000001,130585.975,45.878699999999995,17547.426147645863,2846331.1950861732,2870378.621233819,34961.980770204864,0.006127154278656566,0.4202778673853935,20090.15,1603.440491,1412.788286,332767.00299999997,-4.759999999999998,4.759999999999998,0.21600000000000014,0,0.0,0.0,0.9923605499431777,0.19847210998863554,1,1,0,0,0,False,False,False,False,True,5.0,2025-09-05,4,5,9,36
06-09-2025 00:00,Fur_1,3740,6.77,107.99,18.94,24.873,13.11,55.14,84.00%,84.0,164.913,0.6548301225494654,0.11484843523554844,0.15082498044423423,0.07949646177075184,0.23032687998586093,0.17538660824718394,0.07949646177075184,0.7614682281402232,22.67862448685064,34.63283605303421,1.8101604278074863,552.4371414420766,153.53428777597884,485.955,53.032000000000004,447.714,45.885,1032.586,164578.69999999998,57.71955,17889.709812359935,2851351.0586967496,2875740.7685091095,33832.24433540129,0.0062349977766611876,0.4335851929040293,25319.8,2686.03527,2045.3306,403882.6,-2.8599999999999994,2.8599999999999994,0.34266666666666673,0,0.09999999999999998,0.0,0.9914122299292897,0.22828244598585795,1,1,1,0,0,True,False,False,False,False,1.0,2025-09-06,5,6,9,36
06-09-2025 00:00,Fur_2,3650,6.71,117.07,20.328,26.854,15.64,54.15,75.15%,75.15,179.892,0.6507793565027905,0.11300113401374158,0.14927845596246636,0.0869410535210015,0.2293841271941221,0.17363970125873665,0.0869410535210015,0.756982171855881,20.289951748827075,31.177927469224162,1.8383561643835618,543.9641514211398,136.14557623462966,526.8149999999999,56.91839999999999,483.37199999999996,54.74,1121.8454,159194.75,62.962199999999996,17817.760497568383,2528417.844357408,2552735.6048549763,33522.46362252103,0.006997687277483189,0.4308722039596543,24491.5,3143.79778,2379.7989599999996,427305.5,-3.8500000000000014,3.8500000000000014,0.27666666666666656,0,0.25,0.0,1.0,0.275,1,1,1,0,0,False,True,False,False,False,2.0,2025-09-06,5,6,9,36
06-09-2025 00:00,Fur_3,3739,6.88,115.236,19.771,24.941,14.28,52.13,81.43%,81.43,174.228,0.6614091879606033,0.11347774180958284,0.14315150262873935,0.08196156760107445,0.21643409857653773,0.1715696468849175,0.08196156760107445,0.7927107656986181,21.460385242326147,32.44645742262438,1.840064188285638,543.4592233344152,147.6474504672039,518.562,55.3588,448.938,49.98,1072.8388,167208.08,60.9798,17593.34730517319,2742024.080105215,2766117.427410388,33557.16883914094,0.006375284896531003,0.4184580199746691,25724.32,2874.101076,2278.3309560000002,430867.40400000004,-5.869999999999997,5.869999999999997,0.14200000000000018,0,0.10166666666666668,0.0,1.0,0.2305,1,1,1,0,0,False,False,True,False,False,3.0,2025-09-06,5,6,9,36
06-09-2025 00:00,Fur_4,3737,6.49,106.196,19.673,23.052,12.96,52.05,85.20%,85.2,161.881,0.6560127501065598,0.12152754183628714,0.14240089942612166,0.08005880863103144,0.2170703207552985,0.18525179681671816,0.08005880863103144,0.8534183214723962,23.084858630722568,35.18964899629319,1.7366871822317367,575.8088481034132,149.82073251338946,477.882,55.084399999999995,414.936,45.36,993.2624,157645.345,56.65835,17530.732892856922,2782385.032391519,2806415.7652843758,32557.02743949392,0.006261164392949657,0.4177506366897609,24253.13,2448.0301919999997,2089.1939079999997,396854.452,-5.950000000000003,5.950000000000003,0.13666666666666646,0,0.10499999999999998,0.028571428571428976,1.0,0.2457857142857145,1,1,1,1,1,False,False,False,True,False,4.0,2025-09-06,5,6,9,36
06-09-2025 00:00,Fur_5,3741,6.49,107.502,19.916,23.409,11.89,52.03,84.31%,84.31,162.71699999999998,0.660668522649754,0.12239655352544604,0.14386327181548333,0.0730716520093168,0.21775408627044998,0.18526166782700168,0.0730716520093168,0.8507838501950596,22.99083685171187,34.79935224647586,1.7348302592889602,576.4251808281693,149.21053116761004,483.75899999999996,55.7648,421.36199999999997,41.615,1002.5007999999999,157814.085,56.95094999999999,17602.881075732716,2771052.7216841863,2795155.602759919,32764.6888144405,0.006312318042540365,0.4203108865349534,24279.09,2516.5143179999995,2141.0098319999997,402164.98199999996,-5.969999999999999,5.969999999999999,0.13533333333333342,0,0.09833333333333338,0.0,1.0,0.22950000000000004,1,1,1,0,0,False,False,False,False,True,5.0,2025-09-06,5,6,9,36
07-09-2025 00:00,Fur_1,3649,6.99,113.407,18.034,26.618,9.46,56.3,83.80%,83.8,167.519,0.6769799246652618,0.1076534602045141,0.1588954088789928,0.056471206251231205,0.2347121409197656,0.15902016490145965,0.056471206251231205,0.6775114329584705,21.78260376434912,32.176144045992366,1.9155933132365033,522.0313988510159,152.26040031280036,510.3315,50.4952,479.12399999999997,33.11,1073.0606999999998,165792.315,58.63165,18301.731232192848,2827693.148666292,2852494.879898485,33637.91131955761,0.006430697174285029,0.44650223421657326,25506.510000000002,3018.6675259999997,2045.1818379999997,413822.143,-1.7000000000000028,1.7000000000000028,0.4199999999999998,0,0.2516666666666667,0.0,0.9955233705373908,0.2746046741074782,1,1,1,0,0,True,False,False,False,False,1.0,2025-09-07,6,7,9,36
07-09-2025 00:00,Fur_2,3611,8.73,147.632,23.406,34.373,9.82,55.96,82.50%,82.5,215.231,0.6859234961506475,0.10874827510906886,0.15970283091190396,0.045625397828379745,0.23282892440101788,0.15854286226195632,0.045625397828379745,0.6809414167823171,16.777322969274874,24.459466616590802,2.4176128496261424,413.6311095497011,146.46602952176966,664.344,65.5368,618.7139999999999,34.370000000000005,1382.9647999999997,204906.195,75.33085,18358.545005134016,2720083.405404293,2744941.950409427,32873.55629232847,0.00670401101706363,0.44738231949215196,31524.030000000002,5074.554736,3455.474592,533099.152,-2.039999999999999,2.039999999999999,0.39733333333333337,0,0.31499999999999995,0.0,1.0,0.2945,1,1,1,0,0,False,True,False,False,False,2.0,2025-09-07,6,7,9,36
07-09-2025 00:00,Fur_3,3648,8.27,136.813,24.5,29.389,13.79,51.14,82.89%,82.89,204.492,0.6690383975901257,0.11980908788607868,0.14371711362791698,0.06743540089587857,0.21481145640537483,0.1790765484341653,0.06743540089587857,0.8336452130509642,17.83932867789449,26.664132599503468,2.2669956140350873,441.11240131651743,147.53124816618742,615.6585,68.6,529.002,48.265,1261.5255,196098.24,71.5722,17625.91481049905,2739866.0373720527,2763991.952182552,32947.81204175172,0.006392009520299112,0.4193351620716347,30168.96,4020.7972569999997,3351.9184999999998,499093.82399999996,-6.859999999999999,6.859999999999999,0.07600000000000004,0,0.2533333333333333,0.0,1.0,0.276,1,1,1,0,0,False,False,True,False,False,3.0,2025-09-07,6,7,9,36
07-09-2025 00:00,Fur_4,3645,6.96,115.19,21.625,25.305,13.1,51.65,84.73%,84.73,175.22,0.6574021230453144,0.1234162766807442,0.14441844538294715,0.07476315489099418,0.21968052591648124,0.18773330855340475,0.07476315489099418,0.8545741610521967,20.802419815089603,31.643371545764637,1.9094650205761317,523.7068213064912,144.78484191302363,518.355,60.55,455.49,45.85,1080.245,164899.8,61.327,17614.50910691865,2688861.349813296,2712975.8589202147,31645.583330458587,0.006508282366112143,0.4216543469305575,25369.2,2914.8829499999997,2490.98375,419867.55,-6.350000000000001,6.350000000000001,0.1099999999999999,0,0.2583333333333333,0.0,1.0,0.27749999999999997,1,1,1,0,0,False,False,False,True,False,4.0,2025-09-07,6,7,9,36
07-09-2025 00:00,Fur_5,3648,6.96,115.323,21.632,25.368,14.41,51.62,84.45%,84.45,176.73299999999998,0.6525266928077949,0.12239932553626094,0.14353855816401012,0.08153542349193417,0.21997346392329836,0.18757749809164265,0.08153542349193417,0.8527278124910198,20.641306377416782,31.63289169001074,1.907894736842105,524.1378557273196,143.66349238682082,518.9535,60.5696,456.62399999999997,50.435,1086.5820999999999,165035.52,61.856549999999984,17566.160738030172,2668036.2871838156,2692102.4479218456,31505.002316229908,0.0065408641370665625,0.4202388388323349,25390.079999999998,2925.5138639999996,2494.667136,420698.304,-6.380000000000003,6.380000000000003,0.10799999999999983,0,0.2533333333333333,0.0,1.0,0.276,1,1,1,0,0,False,False,False,False,True,5.0,2025-09-07,6,7,9,36
08-09-2025 00:00,Fur_1,3669,7.01,107.999,18.279,24.798,11.12,55.08,90.68%,90.68,162.196,0.6658548916126168,0.11269698389602703,0.15288909714172974,0.06855902734962638,0.22961323503353517,0.1692515655769816,0.06855902734962638,0.7371158667184504,22.6207797972823,33.97253646818456,1.9106023439629325,523.3950751219579,158.57166637894892,485.9955,51.1812,446.364,38.919999999999995,1022.4607,167177.985,56.76859999999999,18011.025461258512,2944902.3756090514,2969413.40107031,32388.889627730252,0.006078822774486858,0.4365585885110303,25719.69,2678.159202,1974.113721,396248.331,-2.9200000000000017,2.9200000000000017,0.33866666666666656,0,0.21833333333333338,0.8114285714285724,0.9748458009129314,0.6661834458968725,1,1,1,1,1,True,False,False,False,False,1.0,2025-09-08,0,8,9,37
08-09-2025 00:00,Fur_2,3661,8.45,140.435,23.569,32.012,11.92,52.3,83.75%,83.75,207.93599999999998,0.67537607725454,0.11334737611572793,0.153951215758695,0.05732533087103725,0.2279488715209964,0.16782853157810707,0.05732533087103725,0.736255131317783,17.606378885811022,26.06899970755866,2.3081125375580442,433.2543865971141,148.77390158510312,631.9575,65.99319999999999,576.216,41.72,1315.8867,201080.425,72.77759999999999,18080.93012135602,2762943.8865804863,2787524.8167018425,32891.14827966776,0.006501534978317493,0.4378918032988706,30935.449999999997,4495.60522,3309.912515,514132.53500000003,-5.700000000000003,5.700000000000003,0.15333333333333315,0,0.2316666666666667,0.0,1.0,0.2695,1,1,1,0,0,False,True,False,False,False,2.0,2025-09-08,0,8,9,37
08-09-2025 00:00,Fur_3,3662,8.53,144.013,27.658,31.402,7.52,50.51,82.67%,82.67,210.593,0.6838451420512554,0.13133389998717906,0.1491122686888928,0.03570868927267288,0.2180497578826234,0.1920521050734857,0.03570868927267288,0.880771897306799,17.388992036772354,25.428259772185427,2.3293282359366465,429.3082732346691,148.32810207366816,648.0585,77.44239999999999,565.236,26.32,1317.0568999999998,203039.59,73.70755,17868.683737283358,2754664.7527966946,2779033.436533978,33214.21580654928,0.006444893865598066,0.42916596845588073,31236.859999999997,4522.296226,3983.1115540000005,527375.606,-7.490000000000002,7.490000000000002,0.03399999999999987,0,0.22999999999999998,0.0,1.0,0.269,1,1,1,0,0,False,False,True,False,False,3.0,2025-09-08,0,8,9,37
08-09-2025 00:00,Fur_4,3664,7.15,117.594,20.987,25.998,13.12,50.42,82.66%,82.66,177.69899999999998,0.6617594921749701,0.11810420992802435,0.1463035807742306,0.07383271712277503,0.22108270642139308,0.17846998844779505,0.07383271712277503,0.8072543731343036,20.619136855018883,31.158052016616054,1.9514192139737991,512.4474807765761,147.42682851338503,529.173,58.76359999999999,467.964,45.919999999999995,1101.8206,170284.4,62.19464999999999,17715.681332719134,2737926.815248579,2762142.496581298,33016.286117395386,0.006428875064416935,0.42471886984142426,26197.600000000002,3057.208812,2467.9452779999997,430864.41599999997,-7.579999999999998,7.579999999999998,0.028000000000000115,0,0.22666666666666668,0.0,1.0,0.268,1,1,1,0,0,False,False,False,True,False,4.0,2025-09-08,0,8,9,37
08-09-2025 00:00,Fur_5,3661,7.02,118.805,21.192,26.21,17.92,50.66,80.52%,80.52,184.127,0.6452339961005176,0.11509447283668336,0.14234740152177572,0.09732412954102332,0.22061360868133825,0.1783763294610805,0.09732412954102332,0.8085463255037647,19.883015527326247,30.81520112103698,1.9175088773559135,521.5098972208124,139.57876900183024,534.6225000000001,59.337599999999995,471.78000000000003,62.720000000000006,1128.4601,167051.43,64.44445,17510.58624908739,2592177.138605419,2616187.7248545066,32092.587400079818,0.006709839680172321,0.4180741525553274,25700.219999999998,3113.8790500000005,2517.71556,434945.10500000004,-7.340000000000003,7.340000000000003,0.043999999999999775,0,0.2316666666666667,0.0,1.0,0.2695,1,1,1,0,0,False,False,False,False,True,5.0,2025-09-08,0,8,9,37
09-09-2025 00:00,Fur_1,3681,7.04,111.023,19.03,25.058,10.13,52.07,91.18%,91.18,165.24099999999999,0.671885306915354,0.11516512245750149,0.15164517280820136,0.06130439781894325,0.22570097884491522,0.1714059233545669,0.06130439781894325,0.7594380732924386,22.276553639835154,33.15529184803787,1.9125237707144798,522.8692439106187,156.82693762443947,499.6035,53.284,451.044,35.455000000000005,1039.3865,168442.56,57.83434999999999,17971.784934040068,2912500.2701681615,2936972.0551022016,31861.27202323933,0.006132726945049573,0.4339521438848782,25914.24,2782.014334,2112.76769,408675.663,-5.93,5.93,0.138,0,0.19833333333333336,0.8828571428571438,0.9805831997719274,0.6970452113829575,1,1,1,1,1,True,False,False,False,False,1.0,2025-09-09,1,9,9,37
09-09-2025 00:00,Fur_2,3676,7.95,130.847,21.74,29.876,13.0,49.88,83.20%,83.2,195.46300000000002,0.6694208110997989,0.11122309593119924,0.1528473419521853,0.06650875101681647,0.22832773981575627,0.1661482482124294,0.06650875101681647,0.7276743631117162,18.80662836444749,28.093880424511983,2.162676822633297,462.3898789446693,149.51269549735756,588.8115,60.87199999999999,537.768,45.5,1232.9515000000001,189957.30000000002,68.41205000000001,18022.431720727564,2776664.344950926,2801186.7766716536,33268.251504413936,0.006448819907535924,0.4361631418591891,29224.2,3909.1849720000005,2844.61378,480993.57200000004,-8.119999999999997,8.119999999999997,-0.00799999999999983,0,0.20666666666666667,0.0,1.0,0.262,1,1,1,0,0,False,True,False,False,False,2.0,2025-09-09,1,9,9,37
09-09-2025 00:00,Fur_3,3650,8.46,151.205,29.706,31.334,9.71,49.42,77.06%,77.06,221.955,0.681241693135996,0.1338379401229979,0.14117276024419365,0.04374760649681242,0.20722859556741777,0.19646175591771595,0.04374760649681242,0.9480436283894929,16.4447748417472,24.13941321954027,2.3178082191780827,431.4420293803748,139.12279516118133,680.4225,83.1768,564.012,33.985,1361.5963,200713.50000000003,77.68425,17527.314738830584,2583709.0529933674,2607736.367732198,33406.81998119649,0.006738070771366,0.41422850517440446,30879.000000000004,4737.85747,4491.69573,551898.25,-8.579999999999998,8.579999999999998,-0.03866666666666655,0,0.25,0.0,1.0,0.275,1,1,1,0,0,False,False,True,False,False,3.0,2025-09-09,1,9,9,37
09-09-2025 00:00,Fur_4,3679,7.06,117.016,20.425,26.16,12.05,49.79,87.41%,87.41,175.651,0.6661846502439497,0.11628171772435113,0.14893168840484824,0.06860194362685097,0.22355916948486387,0.1745487781623985,0.06860194362685097,0.7807721414077927,20.944941958770514,31.44014466876201,1.9189997281870073,521.1047420531527,147.87129022891983,526.572,57.19,470.88,42.175000000000004,1096.8169999999998,168829.31,61.47785,17840.848370592008,2746181.104251369,2770521.952621961,31337.20113812873,0.006454669563556873,0.42931500879362744,25973.739999999998,3061.1385600000003,2390.0518,430501.864,-8.21,8.21,-0.014000000000000058,0,0.20166666666666666,0.3442857142857138,1.0,0.4326428571428569,1,1,1,1,1,False,False,False,True,False,4.0,2025-09-09,1,9,9,37
09-09-2025 00:00,Fur_5,3678,6.97,115.834,20.277,25.904,14.51,50.71,89.21%,89.21,176.52499999999998,0.6561903413114291,0.11486758249539727,0.14674408723976776,0.08219798895340605,0.2236303656643959,0.17505222840398996,0.08219798895340605,0.7827748308070248,20.835575697493276,31.75233496423904,1.8950516585100599,527.6900247216607,145.22396261152812,521.253,56.7756,466.272,50.785,1095.0856,166631.79,61.78374999999999,17724.49228154653,2697016.448499808,2721240.9407813544,30165.623997132854,0.006528981095501907,0.4257858929018882,25635.66,3000.563936,2348.7660180000003,426037.452,-7.289999999999999,7.289999999999999,0.04733333333333339,0,0.20333333333333337,0.6014285714285705,1.0,0.5617142857142853,1,1,1,1,1,False,False,False,False,True,5.0,2025-09-09,1,9,9,37
10-09-2025 00:00,Fur_1,3575,7.0,112.793,19.935,25.356,14.05,49.64,85.47%,85.47,172.13400000000001,0.6552627604075895,0.11581093799017043,0.1473038446791453,0.08162245692309479,0.22480118247762554,0.1767396897259609,0.08162245692309479,0.7862044176445646,20.76870345196184,31.695229032872348,1.958041958041958,510.71421275511244,145.38092416373289,507.56850000000003,55.81799999999999,456.408,49.175000000000004,1068.9695000000002,162662.5,60.246900000000004,17743.14529046308,2699931.4487550394,2724174.5940455026,31504.274245929253,0.006528796835845904,0.426960731807596,25025.0,2859.9793080000004,2248.528455,403234.97500000003,-8.36,8.36,-0.023999999999999962,0,0.375,0.06714285714285698,1.0,0.3460714285714285,1,1,1,1,1,True,False,False,False,False,1.0,2025-09-10,2,10,9,37
10-09-2025 00:00,Fur_2,3579,9.73,160.787,25.864,35.662,12.18,50.62,83.66%,83.66,234.49300000000002,0.6856793166533756,0.11029753553410976,0.15208129880209642,0.05194184901041821,0.22179653689790507,0.16085877489561484,0.05194184901041821,0.7252537511846293,15.262715731386436,22.259262115349735,2.7186364906398435,367.8314113225682,148.50622406639002,723.5415,72.4192,641.9159999999999,42.629999999999995,1480.5067,226353.855,82.07255,18038.999641171133,2757972.732661529,2782511.7323027,32866.8997437125,0.0064981712545601495,0.43357858495338114,34823.67,5733.985994,4158.594968,575456.6730000001,-7.380000000000003,7.380000000000003,0.04133333333333316,0,0.3683333333333333,0.0,1.0,0.3105,1,1,1,0,0,False,True,False,False,False,2.0,2025-09-10,2,10,9,37
10-09-2025 00:00,Fur_3,3574,8.65,149.404,27.404,33.925,12.65,49.34,80.02%,80.02,223.383,0.6688243957687021,0.12267719566842597,0.15186921117542515,0.05662919738744667,0.2270688855246922,0.1834221293712208,0.05662919738744667,0.8077818479651631,15.999426993101533,23.9217154566028,2.420257414661444,413.1791429850702,138.39504349032828,672.318,76.7312,610.65,44.275,1403.9742,200948.15,78.18405,17957.296916698484,2570193.664820382,2594650.9617370805,32024.82055957888,0.006938272605492126,0.4349438899945597,30915.100000000002,5068.530699999999,4094.2672159999997,533969.896,-8.659999999999997,8.659999999999997,-0.043999999999999775,0,0.3766666666666667,0.0,1.0,0.313,1,1,1,0,0,False,False,True,False,False,3.0,2025-09-10,2,10,9,37
10-09-2025 00:00,Fur_4,3575,7.06,111.036,21.09,24.756,11.08,48.07,89.36%,89.36,167.96200000000002,0.6610781009990354,0.12556411569283527,0.14739048118026696,0.06596730212786225,0.22295471538100511,0.1899383966466876,0.06596730212786225,0.8519146529360698,21.28457627320465,32.196764723181985,1.9748251748251746,506.3738659527102,150.26910848882483,499.66200000000003,59.05199999999999,445.608,38.78,1043.102,164056.75,58.7867,17743.84342036549,2790712.0147924614,2814955.858212827,31152.676607047662,0.006318006875015249,0.42719503941129433,25239.5,2748.807216,2341.74924,396953.7,-9.93,9.93,-0.12866666666666665,0,0.375,0.6228571428571428,1.0,0.6239285714285714,1,1,1,1,1,False,False,False,True,False,4.0,2025-09-10,2,10,9,37
10-09-2025 00:00,Fur_5,3577,7.05,115.2,21.848,25.433,12.06,49.12,87.85%,87.85,174.541,0.6600168441798775,0.1251740278788365,0.14571361456620507,0.06909551337508094,0.2207725675280159,0.18965277613148632,0.06909551337508094,0.8590413691250984,20.493752184300536,31.05034695268796,1.9709253564439475,507.37581455662206,144.48095289931877,518.4,61.17439999999999,457.794,42.21,1079.5783999999999,163916.025,61.089349999999996,17672.121245356186,2683217.6967016347,2707389.817946991,30471.466718593034,0.006543073741078848,0.42404886944755477,25217.85,2929.8816,2516.8896,412070.4,-8.880000000000003,8.880000000000003,-0.05866666666666684,0,0.3716666666666667,0.4071428571428563,1.0,0.5150714285714282,1,1,1,1,1,False,False,False,False,True,5.0,2025-09-10,2,10,9,37
11-09-2025 00:00,Fur_1,3601,6.98,109.198,20.516,24.423,10.64,51.73,92.39%,92.39,164.777,0.6627017120107782,0.12450766793909344,0.14821850136851625,0.06457211868161213,0.22365794040497133,0.18787889716039766,0.06457211868161213,0.8400278082124305,21.85377813651177,32.976794144793914,1.938350458206054,515.902504885028,152.5393713928522,491.39099999999996,57.444799999999994,439.614,37.24,1025.6897999999999,163377.37000000002,57.67194999999999,17784.89889799114,2832874.04015297,2857158.939050961,30593.84237124918,0.006238872933677599,0.4286032677716011,25134.980000000003,2666.9427539999997,2240.3061679999996,393221.99799999996,-6.270000000000003,6.270000000000003,0.11533333333333312,0,0.33166666666666667,1.0,0.994698510567462,0.7984397021134925,1,1,1,1,1,True,False,False,False,False,1.0,2025-09-11,3,11,9,37
11-09-2025 00:00,Fur_2,3603,10.95,177.575,30.78,39.563,7.85,51.02,85.85%,85.85,255.768,0.6942815363923556,0.12034343623909168,0.15468315035500924,0.030691877013543523,0.22279600043476844,0.17333520949832348,0.030691877013543523,0.7779996264691852,14.086985080228958,20.29001818786418,3.0391340549542045,329.0410658409986,154.25248662850709,799.0875,86.184,712.134,27.474999999999998,1624.8804999999998,256443.525,89.5188,18151.276603350358,2864689.0373865603,2889340.3139899108,33268.16711560058,0.006296317043738234,0.4382685372862805,39452.85,7025.399725,5465.7585,639802.725,-6.979999999999997,6.979999999999997,0.06800000000000021,0,0.32833333333333337,0.12142857142857062,0.9890070887615614,0.3570157034665976,1,1,1,1,1,False,True,False,False,False,2.0,2025-09-11,3,11,9,37
11-09-2025 00:00,Fur_3,3605,10.45,178.189,30.393,39.629,11.42,50.44,80.74%,80.74,259.631,0.6863163489721952,0.11706229225323633,0.1526358562729412,0.04398550250162731,0.22239868778432625,0.17056608336897294,0.04398550250162731,0.7669383338732159,13.885090763429638,20.231327297244345,2.8987517337031896,344.9760435429624,145.0991984778397,801.8505,85.1004,713.322,39.97,1640.2429,244869.62499999997,90.87084999999999,18050.264743864507,2694699.4003027375,2719249.665046602,33267.06221001471,0.006653863043995408,0.43488802786465347,37672.25,7061.451880999999,5415.6982769999995,642371.345,-7.560000000000002,7.560000000000002,0.02933333333333318,0,0.32499999999999996,0.0,1.0,0.2975,1,1,1,0,0,False,False,True,False,False,3.0,2025-09-11,3,11,9,37
11-09-2025 00:00,Fur_4,3600,7.27,99.043,19.195,20.592,9.9,50.64,90.45%,90.45,148.73,0.6659248302292746,0.12905936932696835,0.13845222887110872,0.06656357157264843,0.20790969368951168,0.19380470912831083,0.06656357157264843,0.932158074390148,24.204935117326702,36.34784854711743,2.0194444444444444,495.1856265219221,175.96987830296513,445.69350000000003,53.745999999999995,370.65599999999995,34.65,904.7454999999999,170118.0,52.055499999999995,17380.40168666135,3268012.025626495,3291892.4273131564,35996.63671200827,0.005290205682027248,0.40967984919516043,26172.0,2039.493456,1901.1303850000002,356554.80000000005,-7.359999999999999,7.359999999999999,0.04266666666666671,0,0.33333333333333337,0.778571428571429,0.9178139256314707,0.6728484994120087,1,1,1,1,1,False,False,False,True,False,4.0,2025-09-11,3,11,9,37
11-09-2025 00:00,Fur_5,3605,7.2,104.324,19.82,22.087,11.61,50.98,94.52%,94.52,157.841,0.6609436078078572,0.1255694021198548,0.13993195684264545,0.07355503322964248,0.21171542299264387,0.18998504476453124,0.07355503322964248,0.8973603976384118,22.839439689307593,34.555806578008834,1.9972260748959778,500.69437490355904,164.44396576301466,469.45799999999997,55.495999999999995,397.566,40.635,963.155,168714.0,55.24435,17434.45257297805,3053959.364170273,3077893.816743251,32222.50645669233,0.005676397627011132,0.4127746832025998,25956.0,2304.2041879999997,2067.70168,376088.02,-7.020000000000003,7.020000000000003,0.06533333333333312,0,0.32499999999999996,1.0,0.9556605484355156,0.7886321096871032,1,1,1,1,1,False,False,False,False,True,5.0,2025-09-11,3,11,9,37
12-09-2025 00:00,Fur_1,3584,7.02,112.805,20.513,25.169,11.8,52.05,90.00%,90.0,170.28700000000003,0.6624404681508276,0.12046133879861644,0.14780341423596632,0.06929477881458948,0.22311954059554504,0.18184477477199792,0.06929477881458948,0.8150104964436213,21.046820955210904,31.77164104630432,1.958705357142857,510.5412378146385,147.74868310558054,507.62250000000006,57.4364,453.04200000000003,41.300000000000004,1059.4009,163537.91999999998,59.60045000000001,17775.048678323736,2743904.1148179243,2768179.163496248,30419.551247211515,0.006436319219579717,0.4276398103871726,25159.68,2839.189045,2313.9689650000005,404293.12,-5.950000000000003,5.950000000000003,0.13666666666666646,0,0.36,0.7142857142857143,1.0,0.6651428571428571,1,1,1,1,1,True,False,False,False,False,1.0,2025-09-12,4,12,9,37
12-09-2025 00:00,Fur_2,3581,9.57,158.419,28.768,35.1,8.65,50.03,81.17%,81.17,230.937,0.6859836232392384,0.1245707703832647,0.15198950363086036,0.03745610274663653,0.2215643311625226,0.1815943783157678,0.03745610274663653,0.8196011162506804,15.506393518578658,22.604611677863062,2.6724378665177326,374.19013853812555,148.39618597279775,712.8855000000001,80.5504,631.8000000000001,30.275000000000002,1455.5109000000002,222756.105,80.82795,18007.519676052656,2755929.1680662446,2780436.687742297,33837.61333506507,0.006491683734392997,0.43407438583936403,34270.17,5560.5069,4557.397792000001,567298.439,-7.969999999999999,7.969999999999999,0.002000000000000076,0,0.365,0.0,1.0,0.3095,1,1,1,0,0,False,True,False,False,False,2.0,2025-09-12,4,12,9,37
12-09-2025 00:00,Fur_3,3614,9.63,162.0,26.955,36.533,13.85,51.63,82.98%,82.98,239.338,0.6768670248769523,0.112623152194804,0.15264187049277592,0.05786795243546783,0.22551234428696085,0.16638888786179698,0.05786795243546783,0.7378260548592764,15.099984122872256,22.308641837600977,2.664637520752629,375.28552696931183,145.41284710325982,729.0,75.47399999999999,657.594,48.475,1510.543,226218.33000000002,83.7683,18032.39411567383,2700524.3033462544,2725056.6974619282,32448.877083376137,0.006633076342497861,0.4353361671928572,34802.82,5918.3460000000005,4366.71,585468.0,-6.369999999999997,6.369999999999997,0.10866666666666684,0,0.31000000000000005,0.0,1.0,0.29300000000000004,1,1,1,0,0,False,False,True,False,False,3.0,2025-09-12,4,12,9,37
12-09-2025 00:00,Fur_4,3619,8.07,126.61,22.913,27.617,12.61,52.25,90.72%,90.72,189.75,0.6672463768115942,0.1207536231884058,0.1455441370223979,0.0664558629776021,0.21812652856704426,0.1809730654689751,0.0664558629776021,0.8296701006745808,19.07246376811594,28.583839913246663,2.2298977618126554,448.45099771363107,153.91478260869567,569.745,64.15639999999999,497.106,44.135,1175.1424,189834.64500000002,66.4125,17694.596649727086,2858417.391304348,2882611.9879540754,31428.390623136453,0.00615226275048982,0.4230176700287557,29205.33,3496.58837,2901.01493,458201.59,-5.75,5.75,0.15,0,0.30166666666666664,0.817142857142857,0.9901970236723664,0.6971108333059017,1,1,1,1,1,False,False,False,True,False,4.0,2025-09-12,4,12,9,37
12-09-2025 00:00,Fur_5,3621,8.05,129.007,23.43,28.16,12.08,51.89,88.34%,88.34,192.67700000000002,0.6695505950372903,0.12160247460776323,0.14615133098397834,0.06269559937096798,0.2182827271521489,0.18161805032581138,0.06269559937096798,0.8320312204534367,18.793109712108865,28.068244141261758,2.223142778238056,449.8136087188064,151.28453318247637,580.5315,65.604,506.88,42.28,1195.2955,189468.825,67.43695,17724.63760594155,2809569.901960276,2833794.5395662175,31719.213561296365,0.006269116060564735,0.4240625016993706,29149.050000000003,3632.83712,3022.63401,467134.347,-6.109999999999999,6.109999999999999,0.12600000000000003,0,0.29833333333333334,0.47714285714285765,0.998830610360013,0.5278375506434314,1,1,1,1,1,False,False,False,False,True,5.0,2025-09-12,4,12,9,37
13-09-2025 00:00,Fur_1,3524,6.89,112.803,20.284,25.476,8.66,53.14,83.36%,83.36,167.22299999999998,0.6745662976982831,0.1212991035922092,0.1523474641646185,0.05178713454488917,0.2258450553101863,0.17981791105007924,0.05178713454488917,0.796200314170187,21.073656135818638,31.24030361568129,1.9551645856980702,511.465818364903,145.19749077579044,507.6135,56.795199999999994,458.568,30.310000000000002,1053.2866999999999,157822.34,58.52804999999999,17996.27187305916,2696524.8286932507,2721021.10056631,32254.873169349336,0.006629630496998064,0.43536864179524914,24280.36,2873.7692279999997,2288.096052,397517.772,-4.859999999999999,4.859999999999999,0.20933333333333337,0,0.45999999999999996,0.0,1.0,0.33799999999999997,1,1,1,0,0,True,False,False,False,False,1.0,2025-09-13,5,13,9,37
13-09-2025 00:00,Fur_2,3514,10.88,195.562,35.512,43.252,9.49,51.67,78.62%,78.62,283.81600000000003,0.6890450150801928,0.12512331933365278,0.15239450911858388,0.033437156467570534,0.2211677103876637,0.181589469418448,0.033437156467570534,0.8210487186477222,12.381261098740028,17.96872593873694,3.0961866818440527,322.9779114910008,134.70812075429149,880.029,99.4336,778.5360000000001,33.215,1791.2135999999998,248510.08000000002,99.3356,18031.94021076029,2501722.2425797,2526254.18279046,31728.889510053505,0.0071562298949301145,0.4346416306798922,38232.32,8458.447624,6944.797744,687204.868,-6.329999999999998,6.329999999999998,0.11133333333333345,0,0.4766666666666667,0.0,1.0,0.34299999999999997,1,1,1,0,0,False,True,False,False,False,2.0,2025-09-13,5,13,9,37
13-09-2025 00:00,Fur_3,3560,10.55,175.523,30.078,38.637,14.12,51.45,84.59%,84.59,258.358,0.6793790012308502,0.11641985152385449,0.1495483011944666,0.05465284605082869,0.22012499660941873,0.17136215668965232,0.05465284605082869,0.778476569648871,13.779329457574374,20.282242097718008,2.963483146067416,337.4407263089359,145.37192577740964,789.8534999999999,84.21839999999999,695.466,49.419999999999995,1618.9578999999999,244127.00000000003,90.4253,17903.81563566834,2699764.33586618,2724168.151501848,31828.112530691058,0.006587932976943584,0.42957633425798164,37558.0,6781.682151,5279.380794,624861.88,-6.549999999999997,6.549999999999997,0.09666666666666686,0,0.4,0.0,1.0,0.32,1,1,1,0,0,False,False,True,False,False,3.0,2025-09-13,5,13,9,37
13-09-2025 00:00,Fur_4,3561,8.07,130.256,22.733,28.488,10.24,52.2,87.83%,87.83,191.717,0.6794181006379194,0.11857581748097455,0.14859402139612032,0.05341206048498568,0.21870777377849945,0.17452554834690495,0.05341206048498568,0.7979850885290266,18.57425267451504,27.338471722312434,2.266217354675653,441.26388584090637,149.89421908333637,586.152,63.6524,512.784,35.84,1198.4284,186792.255,67.10095,17860.080967557093,2783749.7829762474,2808109.8639438045,31612.179037980462,0.006374935067659847,0.4278803806718866,28737.27,3710.732928,2961.109648,463841.616,-5.799999999999997,5.799999999999997,0.14666666666666686,0,0.3983333333333333,0.404285714285714,1.0,0.5216428571428571,1,1,1,1,1,False,False,False,True,False,4.0,2025-09-13,5,13,9,37
13-09-2025 00:00,Fur_5,3567,7.96,128.351,22.442,28.244,11.2,51.98,87.60%,87.6,190.237,0.6746899919574005,0.11796863911857315,0.14846743798524997,0.05887393093877637,0.22005282218250874,0.17484865583557077,0.05887393093877637,0.79457581098372,18.75029568380494,27.790979207088537,2.231567143257639,448.11552159352743,149.2523536430873,577.5795,62.837599999999995,508.392,39.199999999999996,1188.0091,184556.58,66.58295,17842.54227245864,2771829.4248001925,2796171.9670726513,31559.50301436401,0.006395928439995672,0.4279361159775628,28393.32,3625.1456439999997,2880.453142,457828.017,-6.020000000000003,6.020000000000003,0.13199999999999978,0,0.3883333333333333,0.3714285714285706,1.0,0.5022142857142853,1,1,1,1,1,False,False,False,False,True,5.0,2025-09-13,5,13,9,37
14-09-2025 00:00,Fur_1,3590,7.02,114.619,19.019,25.793,8.63,55.63,81.94%,81.94,168.061,0.682008318408197,0.11316724284634744,0.15347403621304168,0.05135040253241383,0.2250324970115557,0.16593234833725343,0.05135040253241383,0.7373705758395465,21.361291435847697,31.32115939485461,1.9554317548746518,511.39593854758715,149.95626587965083,515.7855,53.25319999999999,464.274,30.205000000000002,1063.5176999999999,163811.69999999998,58.821349999999995,18080.47078144245,2784902.080622087,2809482.5514035295,33873.67435982071,0.006450440004483463,0.4365456258979047,25201.8,2956.367867,2179.938761,411482.21,-2.3699999999999974,2.3699999999999974,0.3753333333333335,0,0.35,0.0,1.0,0.305,1,1,1,0,0,True,False,False,False,False,1.0,2025-09-14,6,14,9,37
14-09-2025 00:00,Fur_2,3619,10.75,182.412,32.656,38.682,9.25,51.55,86.39%,86.39,263.0,0.6935817490494297,0.12416730038022813,0.14707984790874526,0.03517110266159696,0.21205841604686965,0.17902330888854182,0.03517110266159696,0.8442169266269343,13.760456273764259,19.8397034195135,2.970433821497651,336.6511314743134,147.92490494296578,820.854,91.43679999999999,696.2760000000001,32.375,1640.9418,252877.625,92.05,17826.63552417165,2747176.8060836503,2771503.441607822,31714.194319805723,0.006447238095951749,0.4243148660117014,38904.25,7056.060984000001,5956.846272,660149.028,-6.450000000000003,6.450000000000003,0.10333333333333314,0,0.30166666666666664,0.19857142857142865,1.0,0.3897857142857143,1,1,1,1,1,False,True,False,False,False,2.0,2025-09-14,6,14,9,37
14-09-2025 00:00,Fur_3,3616,10.6,169.193,32.334,36.382,11.87,51.09,82.77%,82.77,249.77900000000002,0.6773707957834726,0.1294504341838185,0.14565676057634946,0.04752200945635941,0.21503253553614785,0.1911071959767414,0.04752200945635941,0.8887361637970382,14.476797488980257,21.372042452276144,2.9314159292035398,341.13204328942993,153.4540533831907,761.3685,90.5352,654.876,41.544999999999995,1548.3247000000001,249142.4,87.42265,17710.795772033907,2849860.9914021133,2874071.787174147,34309.08185715826,0.006176234489141433,0.4229577943179489,38329.6,6155.579726,5470.686462000001,611801.888,-6.909999999999997,6.909999999999997,0.0726666666666669,0,0.30666666666666664,0.0,0.9917073968319303,0.29034147936638605,1,1,1,0,0,False,False,True,False,False,3.0,2025-09-14,6,14,9,37
14-09-2025 00:00,Fur_4,3617,7.94,135.578,23.553,30.118,11.68,52.04,83.01%,83.01,200.929,0.6747557594971358,0.11722051072766998,0.14989374356115842,0.058129986214035805,0.22214518415860107,0.17372287411141282,0.058129986214035805,0.7820240128154589,18.00138357330201,26.67836945021781,2.195189383466962,455.54150433986086,142.930985572018,610.101,65.94839999999999,542.124,40.879999999999995,1259.0534000000002,186673.37,70.32515,17903.31623892733,2654432.58919462,2678835.905433547,31887.107551881287,0.006699500688714049,0.43058062509501177,28718.980000000003,4083.3382039999997,3193.268634,490385.626,-5.960000000000001,5.960000000000001,0.13599999999999995,0,0.30500000000000005,0.0,1.0,0.29150000000000004,1,1,1,0,0,False,False,False,True,False,4.0,2025-09-14,6,14,9,37
14-09-2025 00:00,Fur_5,3618,7.93,134.382,23.379,29.953,11.97,52.35,84.16%,84.16,199.684,0.6729732978105407,0.11707998637847801,0.1500020031650007,0.059944712645980655,0.2228944336079651,0.17397419167764885,0.059944712645980655,0.7805227930249794,18.11862743134152,26.92324844902406,2.1918186843559977,456.2420610035232,143.68071553053824,604.719,65.4612,539.154,41.895,1251.2292,186489.81,69.8894,17902.989580680336,2668356.145567139,2692759.1351478193,31619.999238466644,0.0066646547037969095,0.43089947069649587,28690.739999999998,4025.144046,3141.7167780000004,486194.076,-5.649999999999999,5.649999999999999,0.15666666666666676,0,0.30333333333333334,0.0,1.0,0.29100000000000004,1,1,1,0,0,False,False,False,False,True,5.0,2025-09-14,6,14,9,37
15-09-2025 00:00,Fur_1,3737,7.01,112.817,18.277,24.728,12.32,55.66,84.27%,84.27,168.142,0.6709626387220325,0.10869978946366762,0.14706617026085095,0.07327140155344887,0.2191868227378248,0.16200572465137592,0.07327140155344887,0.7391216135910056,22.22526198094468,33.12444017192055,1.8758362322718758,533.0955016982166,155.7990864864222,507.6765,51.1756,445.10400000000004,43.120000000000005,1047.0761,170276.405,58.84969999999999,17792.37787108516,2893411.6061764127,2917703.9840474976,34217.239170253284,0.006111690547478608,0.42509231181955165,26196.37,2789.738776,2061.956309,421597.12899999996,-2.3400000000000034,2.3400000000000034,0.37733333333333313,0,0.10499999999999998,0.0,0.9839908453422743,0.22829816906845488,1,1,1,0,0,True,False,False,False,False,1.0,2025-09-15,0,15,9,38
15-09-2025 00:00,Fur_2,3710,11.11,195.553,36.308,41.772,13.15,51.57,80.46%,80.46,286.78299999999996,0.6818849094960302,0.12660443610674274,0.14565716935801634,0.04585348503921084,0.21360960857869934,0.18566833448902173,0.04585348503921084,0.8691946550513585,12.9366106080207,18.9718387395139,2.994609164420485,333.93336328232556,143.72574385510998,879.9884999999999,101.66239999999999,751.896,46.025,1779.5719,267917.64999999997,100.37404999999998,17729.40217117871,2669192.3858806137,2693421.7880517924,33064.34799965373,0.006598406492521606,0.4225151004013943,41218.1,8168.639915999999,7100.138324,725501.63,-6.43,6.43,0.10466666666666669,0,0.15000000000000002,0.0,1.0,0.24500000000000002,1,1,1,0,0,False,True,False,False,False,2.0,2025-09-15,0,15,9,38
15-09-2025 00:00,Fur_3,3735,11.02,187.089,35.336,40.438,15.26,50.86,82.49%,82.49,278.123,0.6726843878427891,0.12705170014705724,0.14539610172477646,0.054867810285377336,0.21614311789499588,0.18887267456198562,0.054867810285377336,0.8738315229776071,13.429310053465553,19.963760456447144,2.9504685408299864,338.9291888449012,147.99099678919038,841.9005,98.9408,727.884,53.41,1722.1353000000001,267538.05,97.34304999999999,17691.404779283166,2748404.226084965,2772595.630864248,33208.71518582164,0.006395803739350691,0.42266365482433343,41159.7,7565.504982,6610.976904,698777.415,-7.140000000000001,7.140000000000001,0.0573333333333333,0,0.10833333333333328,0.0,1.0,0.23249999999999998,1,1,1,0,0,False,False,True,False,False,3.0,2025-09-15,0,15,9,38
15-09-2025 00:00,Fur_4,3734,7.95,130.127,22.31,28.204,12.32,52.36,90.35%,90.35,192.961,0.6743694321650489,0.11561921839128113,0.14616425080715792,0.06384709863651204,0.21674210412334025,0.17144789189447313,0.06384709863651204,0.7910225219464428,19.35106057700779,28.695043851813658,2.1290840921264063,469.6854755112609,153.8409315872119,585.5715,62.46799999999999,507.672,43.120000000000005,1198.8314999999998,192954.45,67.53635,17750.907474271262,2857045.872333936,2881296.7798082074,31541.289324665657,0.006174665144663031,0.4234723562068565,29685.3,3670.1019080000005,2903.13337,485894.21800000005,-5.640000000000001,5.640000000000001,0.1573333333333333,0,0.10999999999999999,0.7642857142857135,0.9904296241853927,0.6132287819799352,1,1,1,1,1,False,False,False,True,False,4.0,2025-09-15,0,15,9,38
15-09-2025 00:00,Fur_5,3735,7.97,130.182,22.274,28.112,12.6,51.74,89.15%,89.15,193.16799999999998,0.6739315000414148,0.11530895386399405,0.14553135094839725,0.06522819514619399,0.2159438308218968,0.17109892173189137,0.06522819514619399,0.7923306491060527,19.33550070405036,28.690602167038442,2.1338688085676036,468.63231259318536,154.1039406112814,585.819,62.3672,506.01599999999996,44.1,1198.3021999999999,193491.675,67.60879999999999,17724.056631681084,2861930.3256380833,2886154.3822697643,32015.023652465494,0.006154924959331702,0.4222774522153093,29767.95,3659.6763839999994,2899.673868,486229.76999999996,-6.259999999999998,6.259999999999998,0.11600000000000013,0,0.10833333333333328,0.5928571428571436,0.9895705352053057,0.526842678469633,1,1,1,1,1,False,False,False,False,True,5.0,2025-09-15,0,15,9,38
16-09-2025 00:00,Fur_1,3700,7.0,114.636,19.803,24.268,8.92,53.66,83.91%,83.91,167.62699999999998,0.6838755093153251,0.11813729291820532,0.1447738132878355,0.053213384478634114,0.2116961494495957,0.17274677960896423,0.053213384478634114,0.816012822811405,22.07281643172043,32.276073552147025,1.8918918918918919,528.5713530612353,154.509715022043,515.862,55.4484,436.824,31.22,1039.3544,168350.0,58.66944999999999,17715.427705560563,2869466.136123656,2893681.563829216,34079.39658260766,0.006135889729797565,0.42028397628373926,25900.0,2781.986448,2270.136708,424153.2,-4.340000000000003,4.340000000000003,0.24399999999999977,0,0.16666666666666663,0.0,0.988239319079652,0.2476478638159304,1,1,1,0,0,True,False,False,False,False,1.0,2025-09-16,1,16,9,38
16-09-2025 00:00,Fur_2,3733,10.99,186.047,35.369,40.041,10.4,52.18,83.85%,83.85,271.85699999999997,0.684356113692125,0.13010148717892128,0.14728699279400567,0.03825540633494816,0.21521980889119519,0.19010787494499845,0.03825540633494816,0.8833195753522747,13.731483831573218,20.06482222199325,2.9440128582909186,339.6723985739401,150.90900730898966,837.2115,99.0332,720.7379999999999,36.4,1693.3827,266666.855,95.14994999999999,17796.989909085612,2802595.850024094,2826892.8399331793,33316.35639284831,0.006310110299920934,0.4256202688264147,41025.67,7449.507927,6580.296343,694513.451,-5.82,5.82,0.14533333333333331,0,0.11166666666666669,0.0,1.0,0.2335,1,1,1,0,0,False,True,False,False,False,2.0,2025-09-16,1,16,9,38
16-09-2025 00:00,Fur_3,3701,10.9,190.712,36.131,40.288,10.61,49.65,77.19%,77.19,277.741,0.6866541130045618,0.13008882376026587,0.14505600541511696,0.038201057820055374,0.21125047080807463,0.1894532059364214,0.038201057820055374,0.8968178887803345,13.325364278230438,19.406224991577748,2.9451499594704136,339.54125325309604,145.24647063271178,858.204,101.1668,725.184,37.135,1721.6897999999999,262215.85000000003,97.20934999999999,17711.154328261633,2697434.454607505,2721645.6089357664,34808.10345230549,0.006523095582783028,0.4212047954283054,40340.9,7683.405055999999,6890.615272,705825.112,-8.350000000000001,8.350000000000001,-0.023333333333333428,0,0.16500000000000004,0.0,1.0,0.24950000000000003,1,1,1,0,0,False,False,True,False,False,3.0,2025-09-16,1,16,9,38
16-09-2025 00:00,Fur_4,3732,7.97,134.43,22.85,28.483,9.07,50.82,81.60%,81.6,194.833,0.6899755174944696,0.11727992691176548,0.14619186688086722,0.046552688712897715,0.21187978716149827,0.16997693840677722,0.046552688712897715,0.8022328826937863,19.154865962131673,27.761660137159414,2.135584137191854,468.2559010971266,152.66428171818944,604.9350000000001,63.98,512.694,31.745,1213.3539999999998,193336.25999999998,68.19154999999999,17793.318966939452,2835193.8033378036,2859487.122304743,34618.488163495684,0.006236733011456913,0.4225428028423692,29744.04,3828.9696900000004,3071.7255000000005,501692.76,-7.18,7.18,0.05466666666666668,0,0.11333333333333329,0.0,0.9942867608220317,0.23285735216440634,1,1,1,0,0,False,False,False,True,False,4.0,2025-09-16,1,16,9,38
16-09-2025 00:00,Fur_5,3732,8.09,134.394,22.877,28.534,9.81,50.58,83.10%,83.1,195.615,0.687033202975232,0.1169491092196406,0.14586815939472944,0.05014952841039798,0.2123160244332632,0.17022337180065053,0.05014952841039798,0.8017452582271936,19.078291542059656,27.769096628055593,2.167738478027867,461.3102025574534,154.34337857526262,604.773,64.0556,513.612,34.335,1216.7756,196247.22,68.46525,17772.163250700174,2866377.0306834495,2890649.1939341496,34371.571866042206,0.006162012453474328,0.42210905609875804,30191.88,3834.798396,3074.531538,501558.408,-7.420000000000002,7.420000000000002,0.03866666666666655,0,0.11333333333333329,0.0,0.9887756074196337,0.2317551214839267,1,1,1,0,0,False,False,False,False,True,5.0,2025-09-16,1,16,9,38
17-09-2025 00:00,Fur_1,3753,7.01,115.215,21.095,24.498,10.37,51.93,84.57%,84.57,171.178,0.6730713058921123,0.12323429412658168,0.14311418523408384,0.06058021474722219,0.21262856214357018,0.1830924776887343,0.06058021474722219,0.86109066613231,21.924546378623422,32.5738833261825,1.8678390620836662,535.3779550102774,153.69107011415016,518.4675,59.065999999999995,440.964,36.294999999999995,1054.7925,171005.445,59.912299999999995,17605.608531136346,2854262.730691361,2878368.3392224973,33637.587229432014,0.006130367569671638,0.41805758004536436,26308.53,2822.5370700000003,2430.4604249999998,432401.895,-6.07,6.07,0.12866666666666665,0,0.07833333333333337,0.0,0.9909475321566467,0.22168950643132937,1,1,1,0,0,True,False,False,False,False,1.0,2025-09-17,2,17,9,38
17-09-2025 00:00,Fur_2,3720,11.05,195.633,34.611,42.1,11.79,51.88,78.83%,78.83,284.134,0.6885237247214343,0.12181224351890303,0.14816952564634997,0.04149450611331273,0.2151988661667568,0.1769180037267843,0.04149450611331273,0.822113994724133,13.092414142622847,19.015196725423642,2.970430107526882,336.65155324420334,144.67117627598245,880.3485000000001,96.91079999999998,757.8000000000001,41.265,1776.3243000000002,267189.0,99.4469,17862.03793180079,2686750.4165539597,2711112.4544857605,33961.072961114376,0.006604287391406314,0.4266112893912446,41106.0,8236.149300000001,6771.053763,727754.76,-6.119999999999997,6.119999999999997,0.1253333333333335,0,0.1333333333333333,0.0,1.0,0.24,1,1,1,0,0,False,True,False,False,False,2.0,2025-09-17,2,17,9,38
17-09-2025 00:00,Fur_3,3749,10.45,176.38,33.899,37.189,13.22,50.62,84.48%,84.48,260.688,0.6765942429264101,0.13003667219051127,0.14265712269072608,0.05071196219235255,0.2108458997003861,0.1921929913131138,0.05071196219235255,0.9115329556714902,14.381175965138404,21.25524423826259,2.787409975993598,358.7559465305315,150.2832888356963,793.71,94.9172,669.402,46.27,1604.2992,254650.82499999998,91.2408,17583.13386116737,2790975.364091503,2815058.4979526703,32932.36427179071,0.006260554613330928,0.41725508558503305,39177.049999999996,6559.39582,5979.10562,661248.62,-7.380000000000003,7.380000000000003,0.04133333333333316,0,0.08499999999999996,0.0,1.0,0.2255,1,1,1,0,0,False,False,True,False,False,3.0,2025-09-17,2,17,9,38
17-09-2025 00:00,Fur_4,3752,8.05,135.483,24.573,29.388,7.58,51.14,80.08%,80.08,197.02400000000003,0.6876471901900275,0.12472084619132692,0.1491594932597044,0.03847247035894104,0.2169128214099716,0.18137330748969754,0.03847247035894104,0.8361575869008578,19.04336527529641,27.69351115864344,2.145522388059702,466.08689862274554,153.2990904661361,609.6735,68.8044,528.984,26.53,1233.9919,196323.40000000002,68.95840000000001,17894.729286062317,2846983.108656813,2871377.8379428755,35414.13218972466,0.006246245144927933,0.4286770439903212,30203.600000000002,3981.5744040000004,3329.223759,508332.216,-6.859999999999999,6.859999999999999,0.07600000000000004,0,0.07999999999999996,0.0,0.9921838339458801,0.222436766789176,1,1,1,0,0,False,False,False,True,False,4.0,2025-09-17,2,17,9,38
17-09-2025 00:00,Fur_5,3750,7.89,130.98,23.998,28.667,10.69,51.17,81.37%,81.37,194.33499999999998,0.6739907891012942,0.12348779169989968,0.14751331463709577,0.05500810456171045,0.21886547397415276,0.18321881063354095,0.05500810456171045,0.8371297716144077,19.296575501067746,28.630325021909265,2.104,475.28511086373754,152.2499807034245,589.41,67.1944,516.0060000000001,37.415,1210.0254,192318.75,68.01724999999999,17789.978277569295,2827499.641635027,2851789.619912596,34621.702317744275,0.006252431440745839,0.426442287905692,29587.5,3754.80366,3143.2580399999997,491174.99999999994,-6.829999999999998,6.829999999999998,0.07800000000000011,0,0.08333333333333337,0.0,0.9956480989577934,0.2241296197915587,1,1,1,0,0,False,False,False,False,True,5.0,2025-09-17,2,17,9,38
18-09-2025 00:00,Fur_1,3540,6.8,111.583,20.115,23.311,13.67,51.8,92.90%,92.9,168.679,0.6615109171858975,0.11925017340629242,0.13819740453761287,0.08104150487019723,0.20891174991789296,0.18026939426015257,0.08104150487019723,0.8628973075845177,20.98660769864654,31.725262524530955,1.9209039548022597,520.5881587370354,142.7089323507965,502.1235,56.32199999999999,419.598,47.845,1025.8885,156468.0,59.03765,17376.8518902768,2650308.743657649,2674185.5955479257,28479.07982479154,0.006513830535081366,0.4090093611537706,24072.0,2601.111313,2244.492045,395003.82,-6.200000000000003,6.200000000000003,0.11999999999999982,0,0.43333333333333335,1.0,1.0,0.8300000000000001,1,1,1,1,1,True,False,False,False,False,1.0,2025-09-18,3,18,9,38
18-09-2025 00:00,Fur_2,3574,8.49,145.277,24.836,31.029,15.78,52.15,88.24%,88.24,216.922,0.6697199915176884,0.114492766985368,0.14304219950028121,0.07274504199666239,0.21358508082087957,0.17095617220237083,0.07274504199666239,0.8004124915268783,16.4759683204101,24.60127876676089,2.3754896474538336,420.9657925835345,139.88097104028176,653.7465,69.54079999999999,558.522,55.23,1337.0393,197231.19,75.92269999999999,17610.534135377166,2597789.4621766615,2621899.9963120385,29380.322683908995,0.006733399923610035,0.4177304287166429,30343.260000000002,4507.8000329999995,3608.0995719999996,519219.99799999996,-5.850000000000001,5.850000000000001,0.14333333333333323,0,0.3766666666666667,0.46285714285714213,1.0,0.544428571428571,1,1,1,1,1,False,True,False,False,False,2.0,2025-09-18,3,18,9,38
18-09-2025 00:00,Fur_3,3572,8.43,141.111,24.664,29.648,10.32,51.03,87.07%,87.07,205.74299999999997,0.6858605153030723,0.11987771151387899,0.14410210796965148,0.050159665213397306,0.21010410095524729,0.17478438835537707,0.050159665213397306,0.8318941975211078,17.361465517660385,25.313405579200733,2.360022396416573,423.72474214415877,146.35715431387703,634.9994999999999,69.0592,533.664,36.120000000000005,1273.8426999999997,195727.74,72.01004999999998,17689.790522295152,2718061.437257717,2742251.227780012,31137.177560804044,0.006466154649832667,0.4189402663295869,30111.96,4183.658928,3480.361704,504048.49199999997,-6.969999999999999,6.969999999999999,0.06866666666666674,0,0.38,0.29571428571428476,1.0,0.46185714285714236,1,1,1,1,1,False,False,True,False,False,3.0,2025-09-18,3,18,9,38
18-09-2025 00:00,Fur_4,3573,6.87,120.645,21.088,26.339,7.15,53.75,84.16%,84.16,175.222,0.6885265548846605,0.12035018433758318,0.15031788245768224,0.040805378320073964,0.21831820449817063,0.17479381512044584,0.040805378320073964,0.8006378070299629,20.3912750681992,29.615814748926066,1.922753988245172,520.0872605404279,140.0880597185285,542.9025,59.0464,474.102,25.025000000000002,1101.0759,159552.315,61.3277,17953.973489956417,2601635.394772672,2626089.3682626286,30837.12268979132,0.006853735821146617,0.43058067114174414,24546.510000000002,3177.668655,2544.16176,431064.58499999996,-4.25,4.25,0.25,0,0.3783333333333333,0.0,1.0,0.3135,1,1,1,0,0,False,False,False,True,False,4.0,2025-09-18,3,18,9,38
18-09-2025 00:00,Fur_5,3571,6.56,115.87,20.273,25.318,9.52,54.02,83.91%,83.91,170.98100000000002,0.677677636696475,0.11856872985887319,0.14807493230241955,0.05567870114223217,0.21850349341068878,0.17496331945315163,0.05567870114223217,0.8007346235589452,20.88536153139822,30.819021051013884,1.8370204424530943,544.3596731159035,137.00797164597233,521.415,56.764399999999995,455.72400000000005,33.32,1067.2234,152267.44,59.84335,17833.617269086706,2544433.7591394866,2568767.3764085732,30252.825066642014,0.00696009223443471,0.4270183730978912,23425.76,2933.59666,2349.03251,413771.77,-3.979999999999997,3.979999999999997,0.2680000000000002,0,0.3816666666666667,0.0,1.0,0.3145,1,1,1,0,0,False,False,False,False,True,5.0,2025-09-18,3,18,9,38
19-09-2025 00:00,Fur_1,3693,6.17,105.452,18.75,22.114,14.6,51.98,86.18%,86.18,160.916,0.6553232742548908,0.11652042059211017,0.13742573765194263,0.09073056750105646,0.2097067840372228,0.17780601432115073,0.09073056750105646,0.847879133224241,22.94986203982202,35.02067258069385,1.670728405090712,598.5412320030418,141.60064878570188,474.534,52.5,398.052,51.1,976.186,148107.76499999998,56.32059999999999,17332.663359410235,2629726.334591606,2653558.9979510163,30437.703578240606,0.006547894615430472,0.4077624551058917,22785.81,2331.965528,1977.225,389434.236,-6.020000000000003,6.020000000000003,0.13199999999999978,0,0.17833333333333334,0.16857142857142954,1.0,0.3377857142857148,1,1,1,1,1,True,False,False,False,False,1.0,2025-09-19,4,19,9,38
19-09-2025 00:00,Fur_2,3674,9.53,166.228,27.88,36.015,11.32,51.37,82.05%,82.05,241.44299999999998,0.6884771975165982,0.11547238892823565,0.14916564158000026,0.04688477197516599,0.21666024847402213,0.1677214418285641,0.04688477197516599,0.774121872160992,15.216842070385145,22.102172786160136,2.5939031028851387,385.51937192871236,145.01650493077042,748.0260000000001,78.064,648.27,39.620000000000005,1513.98,227585.93,84.50504999999998,17915.852366219537,2693163.6630000225,2717579.5153662423,32722.209697365954,0.006608383215864206,0.4281892759481631,35013.22,5986.70142,4634.43664,610721.672,-6.630000000000003,6.630000000000003,0.09133333333333317,0,0.20999999999999996,0.0,1.0,0.263,1,1,1,0,0,False,True,False,False,False,2.0,2025-09-19,4,19,9,38
19-09-2025 00:00,Fur_3,3676,8.41,152.981,26.224,33.54,13.11,51.8,77.69%,77.69,225.85499999999996,0.6773416572579753,0.11610989351575128,0.14850235770737866,0.05804609151889487,0.2192429110854099,0.17141997913845525,0.05804609151889487,0.781872367863078,16.275929246640548,24.02912764311171,2.2878128400435256,437.09864005961475,136.880564964247,688.4145,73.4272,603.72,45.885,1411.4467,200948.54,79.04924999999999,17855.28262443983,2542067.6350503014,2566422.9176747412,32614.346393121632,0.006974929792283881,0.4277313482684114,30915.16,5130.9827399999995,4011.773744,562358.156,-6.200000000000003,6.200000000000003,0.11999999999999982,0,0.20666666666666667,0.0,1.0,0.262,1,1,1,0,0,False,False,True,False,False,3.0,2025-09-19,4,19,9,38
19-09-2025 00:00,Fur_4,3713,7.55,117.696,18.155,25.543,10.75,53.35,90.60%,90.6,172.144,0.6837066641881215,0.1054640301143229,0.1483815875081327,0.06244771818942281,0.2170252156655688,0.15425332930385632,0.06244771818942281,0.7107622162329321,21.56915140812343,31.547376023421563,2.033396175599246,491.7880143327133,162.8470931313319,529.632,50.834,459.774,37.625,1077.8649999999998,182215.475,60.2504,17889.756748502914,3024303.158153307,3048692.91490181,33282.673743469546,0.00588054645084213,0.4265599124194589,28033.149999999998,3006.308928,2136.77088,437005.248,-4.649999999999999,4.649999999999999,0.22333333333333344,0,0.14500000000000002,0.7999999999999992,0.9608248600849594,0.6356649720169915,1,1,1,1,1,False,False,False,True,False,4.0,2025-09-19,4,19,9,38
19-09-2025 00:00,Fur_5,3714,7.57,111.719,17.226,24.252,10.73,53.33,92.48%,92.48,163.927,0.6815167727098037,0.1050833602762205,0.1479439018587542,0.06545596515522153,0.2170803514435293,0.15419042280909762,0.06545596515522153,0.7102919053978267,22.65642633611303,33.244121114187195,2.0382337102854065,490.6208070514125,171.50914736437562,502.7355,48.2328,436.536,37.555,1025.0593000000001,182747.37,57.374449999999996,17866.12856419539,3185169.8796241186,3209536.008188314,34333.93247954978,0.005577873154882435,0.4258641426891107,28114.98,2709.4091879999996,1924.471494,414924.366,-4.670000000000002,4.670000000000002,0.2219999999999999,0,0.1433333333333333,1.0,0.9323790310861698,0.729475806217234,1,1,1,1,1,False,False,False,False,True,5.0,2025-09-19,4,19,9,38
20-09-2025 00:00,Fur_1,3713,7.08,117.688,20.733,24.687,9.51,52.15,86.59%,86.59,172.618,0.6817828963375778,0.120109142731349,0.14301521278198104,0.055092748149092215,0.2097664994751674,0.17616919162387676,0.055092748149092215,0.8398346968106818,21.509923646433165,31.54952049869553,1.9068138971182331,524.4349541758539,152.2902594167468,529.596,58.0524,444.36600000000004,33.285,1065.2994,170872.26,60.41629999999999,17632.648805041026,2828247.6748824413,2852380.323687482,32565.136701535357,0.006195850422196932,0.4171278046340775,26288.04,2905.363656,2440.0253040000002,436975.544,-5.850000000000001,5.850000000000001,0.14333333333333323,0,0.14500000000000002,0.22714285714285762,0.9955436303217704,0.3561801546357829,1,1,1,1,1,True,False,False,False,False,1.0,2025-09-20,5,20,9,38
20-09-2025 00:00,Fur_2,3712,9.63,164.405,28.177,36.178,15.42,51.45,87.93%,87.93,244.17999999999998,0.673294291096732,0.115394381194201,0.14816119256286348,0.06315013514620363,0.22005413326812362,0.17138773047420863,0.06315013514620363,0.7788434745192252,15.201900237529692,22.57838859780184,2.5942887931034484,385.4620575844177,146.39429928741097,739.8225,78.89559999999999,651.204,53.97,1523.8920999999998,232352.64,85.463,17831.015761206603,2718751.2724804888,2743082.288241695,30845.40974071399,0.006515797400948377,0.4273294677490618,35746.560000000005,5947.84409,4632.439685,610271.36,-6.549999999999997,6.549999999999997,0.09666666666666686,0,0.1466666666666666,0.41857142857142954,1.0,0.4532857142857148,1,1,1,1,1,False,True,False,False,False,2.0,2025-09-20,5,20,9,38
20-09-2025 00:00,Fur_3,3715,10.1,169.17,29.679,35.466,11.49,51.82,87.79%,87.79,245.805,0.6882284737901995,0.12074205162628912,0.14428510404589004,0.04674437053762129,0.20964709931047412,0.17543890657067504,0.04674437053762129,0.8368296160596173,15.113606313948047,21.96015829071255,2.718707940780619,367.8217457602232,152.6474237708753,761.265,83.10119999999999,638.388,40.215,1522.9691999999998,243889.75,86.03175,17702.408703763434,2834880.7271733982,2859083.1358771618,32200.508344150934,0.006205746812816374,0.4191732833467677,37521.5,5999.783219999999,5020.796429999999,628466.5499999999,-6.18,6.18,0.12133333333333335,0,0.14166666666666672,0.39857142857142946,0.9943582076501298,0.4406573558157407,1,1,1,1,1,False,False,True,False,False,3.0,2025-09-20,5,20,9,38
20-09-2025 00:00,Fur_4,3714,8.04,136.263,21.481,29.533,11.84,54.19,87.32%,87.32,199.117,0.6843363449630118,0.10788129592149341,0.14831983205853846,0.05946252705695647,0.21673528238233944,0.15764367320810732,0.05946252705695647,0.7273558146021124,18.65235012580543,27.25611481285371,2.1647819063004845,461.94024105220893,149.96489501147565,613.1835,60.1468,531.594,41.44,1246.3643000000002,194093.63999999998,69.69094999999999,17884.162864762216,2785062.3359274054,2809446.4987921678,31809.85619103451,0.006380486702999425,0.4265157466400474,29860.559999999998,4024.255179,2927.0655030000003,506080.782,-3.8100000000000023,3.8100000000000023,0.27933333333333316,0,0.1433333333333333,0.33142857142857046,1.0,0.40871428571428525,1,1,1,1,1,False,False,False,True,False,4.0,2025-09-20,5,20,9,38
20-09-2025 00:00,Fur_5,3718,7.74,136.405,21.643,29.547,5.42,53.48,82.09%,82.09,193.015,0.7067067326373598,0.11213118151439008,0.15308136673315548,0.028080719115094684,0.21661229268272944,0.15866720311816135,0.028080719115094684,0.7324939678311176,19.26275159961661,27.257065157017227,2.0817643894566973,480.3616950437086,149.09369738103257,613.8225,60.6004,531.846,18.97,1225.2389,187052.58000000002,67.55524999999999,18136.842066308694,2768882.9513620343,2793519.793428343,33620.40911575813,0.0065076115028226515,0.43407534644876195,28777.32,4030.3585350000003,2952.213415,507153.79,-4.520000000000003,4.520000000000003,0.2319999999999998,0,0.13666666666666671,0.0,1.0,0.24100000000000002,1,1,1,0,0,False,False,False,False,True,5.0,2025-09-20,5,20,9,38
21-09-2025 00:00,Fur_1,3675,6.59,110.914,22.298,24.444,12.2,53.47,82.09%,82.09,169.85599999999997,0.652988413715147,0.13127590429540317,0.1439101356443105,0.07182554634513942,0.22038696449152528,0.2010386407393238,0.07182554634513942,0.9122074573634651,21.63597400150716,33.13377902578774,1.7931972789115647,557.6630413257903,142.5810686699322,499.113,62.43439999999999,439.99199999999996,42.699999999999996,1044.2394,157418.625,59.44959999999998,17565.120707288195,2647934.1324415985,2671999.253148887,32157.89208266803,0.006589805150587698,0.42135165556863685,24218.25,2711.181816,2473.160372,407608.95,-4.530000000000001,4.530000000000001,0.23133333333333325,0,0.20833333333333337,0.0,1.0,0.2625,1,0,1,0,0,True,False,False,False,False,1.0,2025-09-21,6,21,9,38
21-09-2025 00:00,Fur_2,3703,10.15,175.308,31.287,37.807,12.55,52.88,81.31%,81.31,256.952,0.6822597216600765,0.12176204115943834,0.14713643015037828,0.04884180703010679,0.2156604363995914,0.17846875112106264,0.04884180703010679,0.8275451417053683,14.411251906970952,21.12282370956931,2.741020793950851,364.82755026329556,146.27420685575518,788.886,87.60359999999999,680.5260000000001,43.925000000000004,1600.9406000000001,244305.42500000002,89.9332,17801.441514368442,2716520.9844640247,2740822.4259783933,33298.77810689337,0.006510366643392008,0.4250788567670781,37585.450000000004,6627.869556000001,5484.861395999999,649165.524,-5.119999999999997,5.119999999999997,0.19200000000000017,0,0.16166666666666663,0.0,1.0,0.2485,1,1,1,0,0,False,True,False,False,False,2.0,2025-09-21,6,21,9,38
21-09-2025 00:00,Fur_3,3702,10.0,163.781,29.492,36.192,7.9,50.75,79.85%,79.85,237.365,0.6899964190171255,0.12424746698123143,0.15247403787416006,0.03328207612748299,0.22097801197344005,0.1800697261582862,0.03328207612748299,0.8148761932229169,15.596233648600256,22.603354341447698,2.7012425715829282,370.1999629800037,155.96233648600256,737.0145,82.5776,651.456,27.650000000000002,1498.6981,240630.0,83.07775,18039.704975158813,2896443.3918829053,2920983.096858064,36128.42420356295,0.006189675621933227,0.4346812743673993,37020.0,5927.561952,4830.229252,606317.262,-7.25,7.25,0.05,0,0.16333333333333333,0.0,0.9834109194009659,0.2456821838801932,1,1,1,0,0,False,False,True,False,False,3.0,2025-09-21,6,21,9,38
21-09-2025 00:00,Fur_4,3701,8.2,136.37,22.118,29.749,5.1,52.71,81.92%,81.92,193.337,0.7053486916627444,0.1144012785964404,0.15387121968376463,0.02637881005705064,0.218149151439839,0.16219109655942585,0.02637881005705064,0.7434871510475259,19.14274039630283,27.139399962312826,2.2156174007025125,451.34140837299907,156.9704712496832,613.665,61.93039999999999,535.482,17.849999999999998,1228.9273999999998,197263.3,67.66794999999999,18161.14423445664,2915165.8946369737,2939827.0388714303,35453.77519140654,0.0061913124563989855,0.4357311912811123,30348.199999999997,4056.87113,3016.23166,504705.37,-5.289999999999999,5.289999999999999,0.18066666666666673,0,0.16500000000000004,0.0,0.9800782829711224,0.2455156565942245,1,1,1,0,0,False,False,False,True,False,4.0,2025-09-21,6,21,9,38
21-09-2025 00:00,Fur_5,3701,8.27,134.863,21.917,29.52,8.11,51.96,83.34%,83.34,194.41000000000003,0.6937040275705981,0.11273597037189444,0.15184404094439585,0.04171596111311146,0.21888879663889432,0.1625130676129623,0.04171596111311146,0.7424457743073926,19.0370865696209,27.442663833351894,2.2345312077816804,447.5211067084515,157.43670593076484,606.8835,61.3676,531.36,28.384999999999998,1227.9961,198947.25499999998,68.04350000000001,18047.221262868607,2923824.5387142044,2948371.759977073,34958.16646878199,0.006134605018612115,0.4327049572877308,30607.269999999997,3981.15576,2955.792371,499127.963,-6.039999999999999,6.039999999999999,0.13066666666666674,0,0.16500000000000004,0.0,0.9785671103714977,0.24521342207429955,1,1,1,0,0,False,False,False,False,True,5.0,2025-09-21,6,21,9,38
22-09-2025 00:00,Fur_1,3701,7.12,117.612,23.023,26.895,9.74,54.92,77.33%,77.33,177.27,0.6634625148079201,0.1298753314153551,0.15171771873413437,0.054944435042590396,0.22867564339798965,0.19575383297831997,0.054944435042590396,0.8560326880077082,20.877757093698875,31.4678771599167,1.9238043771953526,519.8032977804357,148.64963050713598,529.254,64.4644,484.11,34.09,1111.9183999999998,171282.28,62.0445,17921.304869891766,2760635.995132526,2785057.3000024175,35555.43597602984,0.006449859741915769,0.4353826683684703,26351.12,3163.17474,2707.7810759999998,435282.012,-3.0799999999999983,3.0799999999999983,0.3280000000000001,0,0.16500000000000004,0.0,1.0,0.24950000000000003,1,1,1,0,0,True,False,False,False,False,1.0,2025-09-22,0,22,9,39
22-09-2025 00:00,Fur_2,3701,10.21,174.496,32.366,38.311,12.24,51.93,78.36%,78.36,257.413,0.6778834013822146,0.12573568545489155,0.14883086712792282,0.04755004603497104,0.2195523093964772,0.1854827607195422,0.04755004603497104,0.8448226137448093,14.377673233286586,21.209655114102013,2.7587138611186166,362.4877215976766,146.79604371185607,785.2320000000001,90.6248,689.598,42.84,1608.2948,245616.86500000002,90.09455,17851.18855691049,2726212.2403630414,2750563.428919952,34659.31740070504,0.006505384813184373,0.42877586870267814,37787.21000000001,6685.116256,5647.737536000001,645809.696,-6.07,6.07,0.12866666666666665,0,0.16500000000000004,0.0,1.0,0.24950000000000003,1,1,1,0,0,False,True,False,False,False,2.0,2025-09-22,0,22,9,39
22-09-2025 00:00,Fur_3,3702,10.18,171.874,31.169,38.648,10.22,52.76,78.31%,78.31,251.911,0.6822806467363474,0.12373020630301972,0.1534192631524626,0.04056988380817035,0.22486239789111562,0.18134796315121565,0.04056988380817035,0.8064841439017765,14.695666326599474,21.539034283608725,2.7498649378714206,363.6541882461505,149.60188320478264,773.433,87.2732,695.6640000000001,35.77,1592.1402,244961.34,88.16884999999999,18057.853765814118,2778320.688088821,2802878.541854635,35340.796139889484,0.006457585586333979,0.4369363954254783,37686.36,6642.586352,5357.140706,636277.548,-5.240000000000002,5.240000000000002,0.18399999999999986,0,0.16333333333333333,0.0,1.0,0.249,1,1,1,0,0,False,False,True,False,False,3.0,2025-09-22,0,22,9,39
22-09-2025 00:00,Fur_4,3703,7.96,137.524,21.923,30.51,4.65,54.02,80.41%,80.41,194.607,0.7066755049921123,0.1126526795027928,0.1567775054340286,0.023894310071066304,0.22185218418710784,0.1594121741702381,0.023894310071066304,0.7185512711061529,19.028092514657747,26.9262090476847,2.149608425600864,465.20094658279567,151.46361641667568,618.858,61.38439999999999,549.1800000000001,16.275000000000002,1245.6974,191593.22,68.11245,18288.83559466735,2812895.7334525483,2837684.5690472154,34856.707640919,0.006459782168430696,0.440861480484747,29475.88,4195.85724,3014.938652,509251.37200000003,-3.979999999999997,3.979999999999997,0.2680000000000002,0,0.16166666666666663,0.0,0.9981426410406241,0.2481285282081248,1,1,1,0,0,False,False,False,True,False,4.0,2025-09-22,0,22,9,39
22-09-2025 00:00,Fur_5,3700,8.17,133.565,21.466,29.76,6.79,54.15,86.16%,86.16,191.581,0.697172475349852,0.1120466016984983,0.1553389949942844,0.035441927957365296,0.2228128609829457,0.16071575517002393,0.035441927957365296,0.7213037392035033,19.312979888402296,27.70186779693881,2.208108108108108,452.8763215573658,157.78704568824676,601.0425,60.1048,535.6800000000001,23.765,1220.5923,196488.5,67.05335,18203.30080450865,2930330.848496011,2955034.14930052,33903.55839032262,0.006173678133871034,0.43886889995947054,30229.0,3974.8944,2867.10629,494190.5,-3.8500000000000014,3.8500000000000014,0.27666666666666656,0,0.16666666666666663,0.16571428571428523,0.977388836666698,0.3283349101904822,1,1,1,1,1,False,False,False,False,True,5.0,2025-09-22,0,22,9,39
23-09-2025 00:00,Fur_1,3671,5.69,84.214,17.139,19.029,13.31,56.77,89.69%,89.69,133.69199999999998,0.6299105406456632,0.12819764832600306,0.1423346198725429,0.09955719115579094,0.2259600514646015,0.20351722749759865,0.09955719115579094,0.9006778653277698,27.458636268437907,43.59132634014147,1.5499863797330429,645.1668461921183,156.2396403674117,378.96299999999997,47.9892,342.522,46.585,816.0591999999999,135771.935,46.79219999999999,17440.069071340953,2901593.3211090746,2925533.3901804155,32258.610543394152,0.005974604172055409,0.41972690216592135,20887.99,1602.508206,1443.343746,309149.594,-1.2299999999999969,1.2299999999999969,0.45133333333333353,0,0.21499999999999997,0.6699999999999997,0.9826061794329812,0.5960212358865962,1,0,1,1,0,True,False,False,False,False,1.0,2025-09-23,1,23,9,39
23-09-2025 00:00,Fur_2,3669,7.22,119.998,23.417,27.233,13.98,54.48,78.30%,78.3,184.62800000000001,0.6499447537751587,0.12683341638321383,0.14750200402972463,0.07571982581190285,0.2269454471995746,0.19514491745574997,0.07571982581190285,0.8598758542989808,19.872392053209694,30.57550933702637,1.9678386481330061,508.1716747684661,143.47867062417401,539.991,65.5676,490.194,48.93,1144.6826,172186.16999999998,64.6198,17714.115487822623,2664603.8830203745,2688817.9985081973,33906.91044777046,0.006604032593329551,0.42823573975877677,26490.18,3267.905534,2809.993166,440272.662,-3.520000000000003,3.520000000000003,0.29866666666666647,0,0.21833333333333338,0.0,1.0,0.2655,1,1,1,0,0,False,True,False,False,False,2.0,2025-09-23,1,23,9,39
23-09-2025 00:00,Fur_3,3668,7.21,113.375,21.058,24.884,11.13,53.66,86.21%,86.21,170.447,0.6651627778723005,0.12354573562456364,0.14599259593891356,0.06529889056422232,0.2194840112945181,0.1857375948336265,0.06529889056422232,0.8462465501428006,21.519885946951252,32.35281118101159,1.965648854961832,508.73779351764307,155.1583776775185,510.1875,58.962399999999995,447.91200000000003,38.955000000000005,1056.0169,171900.82,59.65645,17701.638297283866,2881512.7282967726,2905714.3665940566,33318.59152154635,0.006105667280505175,0.42415230286560757,26446.28,2821.2235,2387.45075,415859.5,-4.340000000000003,4.340000000000003,0.24399999999999977,0,0.21999999999999997,0.17285714285714196,0.9861112634520776,0.3496508241189865,1,1,1,1,1,False,False,True,False,False,3.0,2025-09-23,1,23,9,39
23-09-2025 00:00,Fur_4,3670,5.75,102.03,16.158,22.559,7.19,54.63,79.47%,79.47,147.937,0.689685474222135,0.10922216889621934,0.15249058720942021,0.04860176967222534,0.22110163460647228,0.15836518515764791,0.04860176967222534,0.7162551214036472,24.807857398757577,35.96981244761528,1.5667574931880108,638.2607585633464,142.64518004285608,459.135,45.2424,406.062,25.165000000000003,935.6043999999999,137166.25,51.777950000000004,18069.552772946783,2649124.77222447,2673694.3249974167,33225.976450819144,0.0067747417590071106,0.43401035736899063,21102.5,2301.69477,1648.60074,374450.1,-3.3699999999999974,3.3699999999999974,0.3086666666666668,0,0.21666666666666667,0.0,1.0,0.265,1,1,1,0,0,False,False,False,True,False,4.0,2025-09-23,1,23,9,39
23-09-2025 00:00,Fur_5,3672,5.79,102.079,16.15,22.59,7.13,54.12,79.42%,79.42,147.94899999999998,0.6899607297109139,0.10915923730474691,0.15268775050862124,0.04819228247571799,0.2212991876752399,0.15821079596968235,0.04819228247571799,0.7149180737088059,24.819363429289826,35.97213887310672,1.576797385620915,634.1967816585869,143.7041142555881,459.35549999999995,45.21999999999999,406.62,24.955,936.1505,138195.72,51.782149999999994,18078.633274207426,2668790.693318065,2693369.326592272,33491.28732395265,0.006728512285759862,0.43435323700622924,21260.88,2305.96461,1648.5758499999997,374834.088,-3.8800000000000026,3.8800000000000026,0.2746666666666665,0,0.21333333333333337,0.0,1.0,0.264,1,1,1,0,0,False,False,False,False,True,5.0,2025-09-23,1,23,9,39
24-09-2025 00:00,Fur_1,3645,6.39,93.584,17.783,20.635,13.23,56.2,90.13%,90.13,145.232,0.6443758951195329,0.12244546656384268,0.1420830120083728,0.09109562630825163,0.22049709116411897,0.19002179656755647,0.09109562630825163,0.861788182128026,25.09777459513055,38.94896521895874,1.7530864197530864,570.4224459432792,160.3747796628842,421.12800000000004,49.7924,371.43,46.305,888.6554,151395.07499999998,50.831199999999995,17482.47926470357,2978388.7651678496,3002371.244432553,32946.02484837653,0.005835524239298515,0.41796853988621463,23291.55,1931.1058400000002,1664.2042720000002,341113.68,-1.7999999999999972,1.7999999999999972,0.4133333333333335,0,0.2583333333333333,0.7328571428571422,0.9690170571521949,0.6377319828590101,1,1,1,1,1,True,False,False,False,False,1.0,2025-09-24,2,24,9,39
24-09-2025 00:00,Fur_2,3690,6.06,94.805,17.739,20.683,13.31,54.17,91.87%,91.87,146.537,0.6469697073094167,0.12105475067730334,0.1411452397687956,0.09083030224448432,0.21816359666511684,0.18711038249975864,0.09083030224448432,0.8576608394497491,25.181353514811956,38.92199737437902,1.6422764227642275,608.9107906087804,152.59900229976046,426.62250000000006,49.6692,372.294,46.585,895.1707000000001,145349.09999999998,51.28795,17453.82102423669,2833981.4712812654,2857935.292305502,30773.503739695294,0.006121065090039116,0.41589162826710024,22361.399999999998,1960.8518150000002,1681.7458950000002,349830.45,-3.8299999999999983,3.8299999999999983,0.27800000000000014,0,0.18333333333333335,0.9814285714285721,0.9945612089807411,0.7446265275104342,1,1,1,1,1,False,True,False,False,False,2.0,2025-09-24,2,24,9,39
24-09-2025 00:00,Fur_3,3670,5.9,90.041,16.757,19.721,11.28,53.98,92.46%,92.46,137.799,0.6534227389168281,0.12160465605701058,0.14311424611209078,0.08185835891407049,0.219022442897986,0.18610410606163744,0.08185835891407049,0.8497033188122651,26.63299443392187,40.75920924068803,1.6076294277929157,622.0337928756283,157.13466716013903,405.18449999999996,46.9196,354.978,39.48,846.5621,140744.5,48.22965,17552.731566577822,2918215.2472597254,2942267.978826303,31481.574778796312,0.005978923298153577,0.41931714164855716,21653.0,1775.698561,1508.817037,330450.47,-4.020000000000003,4.020000000000003,0.26533333333333314,0,0.21666666666666667,1.0,0.9796465916927849,0.7609293183385569,1,1,1,1,1,False,False,True,False,False,3.0,2025-09-24,2,24,9,39
24-09-2025 00:00,Fur_4,3670,5.93,100.825,16.562,22.031,6.96,53.82,89.86%,89.86,146.37800000000001,0.6887988632171501,0.11314541802729917,0.1505075899383787,0.04754812881717198,0.21850731248690985,0.16426481364478243,0.04754812881717198,0.7517588510844333,25.072073672273152,36.39970209372971,1.6158038147138964,618.8869108116508,148.6773968765798,453.71250000000003,46.3736,396.558,24.36,921.0041,141460.15,51.2323,17977.02035629866,2761151.656279339,2785628.676635638,30658.47101734138,0.006468581504495616,0.4305713731350382,21763.1,2221.275575,1669.8636500000002,370027.75,-4.18,4.18,0.2546666666666667,0,0.21666666666666667,0.6942857142857142,1.0,0.6121428571428571,1,1,1,1,1,False,False,False,True,False,4.0,2025-09-24,2,24,9,39
24-09-2025 00:00,Fur_5,3671,6.07,100.831,16.592,22.051,6.81,53.21,90.87%,90.87,146.284,0.6892824915916984,0.11342320417817396,0.15074102430887862,0.04655327992124908,0.2186926617935688,0.16455256652663797,0.04655327992124908,0.7524374970551223,25.095020644773182,36.40745369571408,1.653500408608009,604.777495094317,152.32677531377323,453.7395,46.45759999999999,396.91799999999995,23.834999999999997,920.9501,144839.305,51.1994,17987.517431844906,2828925.8272557883,2853413.344687633,31059.250513634845,0.0063182525261647965,0.4309875203879124,22282.97,2223.424381,1672.987952,370150.601,-4.789999999999999,4.789999999999999,0.21400000000000005,0,0.21499999999999997,0.8385714285714292,0.9953609358825998,0.6828579014622346,1,1,1,1,1,False,False,False,False,True,5.0,2025-09-24,2,24,9,39
25-09-2025 00:00,Fur_1,3618,5.99,91.829,17.143,19.1,11.7,53.76,91.03%,91.03,139.772,0.6569913859714392,0.122649743868586,0.13665111753427012,0.08370775262570472,0.20799529333875694,0.18668394312598482,0.08370775262570472,0.8975392200241246,25.885012735025615,39.39931786909018,1.6556108347153125,604.0065769605046,155.05122628280344,413.23049999999995,48.0004,343.8,40.949999999999996,845.9809,140866.83000000002,48.920199999999994,17293.07934145813,2879522.7738234927,2903315.853164951,31547.493786427804,0.0059696854125416265,0.40639215377084753,21671.82,1753.9339,1574.224547,332237.322,-4.240000000000002,4.240000000000002,0.25066666666666654,0,0.30333333333333334,0.8614285714285715,0.9865354514073174,0.7190213759957493,1,1,1,1,1,True,False,False,False,False,1.0,2025-09-25,3,25,9,39
25-09-2025 00:00,Fur_2,3616,6.92,113.998,21.82,24.382,10.77,52.29,89.82%,89.82,170.97000000000003,0.6667719482950224,0.1276247294847049,0.1426098145873545,0.06299350763291804,0.2138809434035602,0.19140686510809957,0.06299350763291804,0.8949224470952978,21.149909340820024,31.719854456044363,1.913716814159292,522.5432770891218,146.35737263847457,512.991,61.096,438.87600000000003,37.695,1050.658,162647.68,59.83950000000001,17557.934140492478,2718065.491857385,2742123.4259978775,30192.946773814994,0.0064182569770500665,0.41771537455575464,25022.72,2779.499236,2487.43636,412216.76800000004,-5.710000000000001,5.710000000000001,0.15266666666666662,0,0.30666666666666664,0.6885714285714276,1.0,0.6362857142857138,1,1,1,1,1,False,True,False,False,False,2.0,2025-09-25,3,25,9,39
25-09-2025 00:00,Fur_3,3642,6.03,97.155,18.197,20.889,13.59,53.11,92.26%,92.26,149.83100000000002,0.6484305651033497,0.12145016718836554,0.13941707657293884,0.0907021911353458,0.21500694544792398,0.18729864456488451,0.0907021911353458,0.8711283033592654,24.307386321922696,37.486490273413715,1.655683690280066,603.9799993399669,146.57353952119388,437.1975,50.95159999999999,376.002,47.565,911.7161000000001,142748.19,52.440850000000005,17385.60873822602,2722080.019679315,2745965.628417541,29444.195029139402,0.006346350382307539,0.4124112758346595,21961.260000000002,2029.470795,1767.929535,353838.51,-4.890000000000001,4.890000000000001,0.2073333333333333,0,0.2633333333333333,1.0,1.0,0.7789999999999999,1,1,1,1,1,False,False,True,False,False,3.0,2025-09-25,3,25,9,39
25-09-2025 00:00,Fur_4,3643,6.07,99.639,17.684,21.255,6.77,52.92,92.80%,92.8,145.348,0.685520268596747,0.12166662079973581,0.1462352423149957,0.04657786828852133,0.21332008336775676,0.17748070356506288,0.04657786828852133,0.83199243321607,25.06398436854996,36.561988412549425,1.6662091682679112,600.164645771887,152.13838511709827,448.3755,49.5152,382.59,23.695,904.1757,143734.565,50.8718,17773.61327886963,2825427.1521746824,2849700.765453552,30380.605175411,0.0062512691663665736,0.4231367863568994,22113.010000000002,2117.826945,1762.016076,362984.877,-5.079999999999998,5.079999999999998,0.1946666666666668,0,0.2616666666666667,1.0,0.9960175223227089,0.7777035044645418,1,1,1,1,1,False,False,False,True,False,4.0,2025-09-25,3,25,9,39
25-09-2025 00:00,Fur_5,3640,6.02,96.049,17.115,20.449,6.81,52.91,91.03%,91.03,140.423,0.683997635714947,0.12188174301930595,0.14562429231678573,0.04849632894896135,0.21290174584949614,0.1781902968465023,0.04849632894896135,0.8369602016254973,25.921679496948506,37.89732284669988,1.6538461538461537,604.6510623503219,156.04851057163,432.2205,47.92199999999999,368.08200000000005,23.834999999999997,872.0595000000001,142433.19999999998,49.14805,17743.521869128075,2898043.7677588426,2922287.2896279707,31753.637831445947,0.006085327942900799,0.4220835848930033,21912.8,1964.1060010000003,1643.878635,349618.36000000004,-5.090000000000003,5.090000000000003,0.19399999999999978,0,0.2666666666666667,0.8614285714285715,0.9831802670070323,0.7073503391156922,1,1,1,1,1,False,False,False,False,True,5.0,2025-09-25,3,25,9,39
26-09-2025 00:00,Fur_1,3600,6.05,96.369,18.351,23.039,14.13,52.18,91.03%,91.03,151.889,0.634469908946665,0.1208184924517246,0.15168313702769787,0.09302846157391252,0.23907065302046662,0.19042430459562407,0.09302846157391252,0.7965189115621809,23.7015188723344,37.35641090644906,1.6805555555555554,595.0412239601283,143.39418917762313,433.6605,51.382799999999996,414.702,49.455000000000005,949.2003000000001,141570.0,53.16115,17855.149860377365,2663034.941870144,2687390.0917305215,29201.239723248087,0.006660157354250886,0.4368961956712403,21780.0,2220.245391,1768.4675189999998,346928.4,-5.82,5.82,0.14533333333333331,0,0.33333333333333337,0.8614285714285715,1.0,0.7307142857142859,1,1,1,1,1,True,False,False,False,False,1.0,2025-09-26,4,26,9,39
26-09-2025 00:00,Fur_2,3682,7.1,117.611,21.574,24.067,13.28,53.21,92.65%,92.65,176.532,0.66623048512451,0.12221013753880317,0.1363322230530442,0.07522715428364261,0.204632218035454,0.18343522133614015,0.07522715428364261,0.896414139842351,20.85740828858224,31.30659520532437,1.9282998370450841,518.5914762547217,148.08759884893388,529.2495,60.4072,433.206,46.48,1069.3427,169924.3,61.7862,17307.14463747568,2750198.2643373436,2774005.4089748194,29620.986748262883,0.00625369857683019,0.4051142818854985,26142.199999999997,2830.543937,2537.339714,433043.702,-4.789999999999999,4.789999999999999,0.21400000000000005,0,0.19666666666666666,1.0,1.0,0.7589999999999999,1,1,1,1,1,False,True,False,False,False,2.0,2025-09-26,4,26,9,39
26-09-2025 00:00,Fur_3,3598,5.98,96.02,19.095,21.18,10.16,53.28,92.50%,92.5,146.45499999999998,0.6556280086033253,0.13038134580587896,0.14461780068963165,0.06937284490116419,0.22057904373485687,0.1988648177581252,0.06937284490116419,0.9015580310879115,24.56727322385716,37.4713597430602,1.662034463590884,601.6721401886052,146.91229387866582,432.09,53.465999999999994,381.24,35.56,902.356,139854.26,51.259249999999994,17603.76907582534,2728371.1720323656,2752474.941108191,29438.234664258725,0.006410753722581679,0.42249400458355685,21516.04,2033.7035999999998,1833.5018999999998,345479.95999999996,-4.719999999999999,4.719999999999999,0.21866666666666673,0,0.33666666666666667,1.0,1.0,0.8009999999999999,1,1,1,1,1,False,False,True,False,False,3.0,2025-09-26,4,26,9,39
26-09-2025 00:00,Fur_4,3683,5.95,100.201,18.06,23.728,7.74,50.7,87.77%,87.77,149.729,0.6692157163942856,0.12061791636890647,0.1584729745072765,0.05169339272953135,0.23680402154864705,0.18023772037965968,0.05169339272953135,0.7611260636747275,24.59777331044754,36.75611983157734,1.6155308172685312,618.9914926064718,146.35675119716288,450.9045,50.56799999999999,427.10400000000004,27.09,955.6665,142440.025,52.40515,18236.118015118744,2718053.9508044533,2742790.068819572,30897.713966650583,0.006664541242510066,0.44691741313523076,21913.850000000002,2377.569328,1809.6300599999997,369040.283,-7.299999999999997,7.299999999999997,0.046666666666666856,0,0.19499999999999995,0.39571428571428513,1.0,0.4563571428571426,1,1,1,1,1,False,False,False,True,False,4.0,2025-09-26,4,26,9,39
26-09-2025 00:00,Fur_5,3684,6.1,100.23,18.083,21.688,7.93,50.39,89.35%,89.35,147.931,0.6775456124814947,0.12223942243343178,0.1466088919834247,0.053606073101648735,0.21638231850361847,0.18041504359557972,0.053606073101648735,0.8337790098773972,24.903502308508696,36.7554620696851,1.6558089033659065,603.9343272238808,151.91136408190303,451.035,50.63239999999999,390.38399999999996,27.755,919.8064,146070.6,51.77585,17765.162715822145,2821211.0472353427,2845476.2099511647,31493.92595408041,0.00625759478136935,0.4244197474599002,22472.399999999998,2173.78824,1812.4590899999998,369247.32,-7.609999999999999,7.609999999999999,0.026000000000000037,0,0.19333333333333336,0.6214285714285707,0.9967646540829938,0.5680672165308841,1,1,1,1,1,False,False,False,False,True,5.0,2025-09-26,4,26,9,39
27-09-2025 00:00,Fur_1,3620,5.61,88.22,17.836,21.451,12.91,50.21,89.75%,89.75,140.417,0.6282715055869303,0.12702165692188266,0.15276640292842034,0.09194043456276661,0.2431534771803052,0.2021763749469919,0.09194043456276661,0.8314763492855181,25.780354230613103,41.03377872326254,1.5497237569060773,645.2761773126243,144.6277872337395,396.99,49.940799999999996,386.118,45.185,878.2338,132003.30000000002,49.14595,17869.911966296306,2685944.6200551623,2710314.5320214587,29865.724870759877,0.006609148576820536,0.4396528578153107,20308.2,1892.40722,1573.49192,319356.4,-7.789999999999999,7.789999999999999,0.014000000000000058,0,0.30000000000000004,0.6785714285714286,1.0,0.6292857142857143,1,0,1,1,0,True,False,False,False,False,1.0,2025-09-27,5,27,9,39
27-09-2025 00:00,Fur_2,3694,7.25,120.044,22.066,24.335,11.78,52.79,92.63%,92.63,178.225,0.6735530930004208,0.12380979099452938,0.13654088932529107,0.06609622667975873,0.20271733528775004,0.1838159326262376,0.06609622667975873,0.906759773710303,20.726609622667976,30.772049991902556,1.9626421223605848,509.51717110107984,150.26791976434282,540.198,61.78479999999999,438.03000000000003,41.23,1081.2428,174079.75,62.37875,17333.51181291706,2790689.9384806524,2814523.4502935694,30060.06034704229,0.006172851516288049,0.4051171485257521,26781.5,2921.27074,2648.890904,443442.53599999996,-5.210000000000001,5.210000000000001,0.18599999999999994,0,0.17666666666666664,1.0,1.0,0.7529999999999999,1,1,1,1,1,False,True,False,False,False,2.0,2025-09-27,5,27,9,39
27-09-2025 00:00,Fur_3,3650,6.73,115.208,20.351,24.397,13.55,52.28,88.66%,88.66,173.506,0.6640000922158311,0.11729277373693128,0.1406118520396989,0.07809528200753865,0.21176480616133597,0.1766457175140119,0.07809528200753865,0.8341599035061728,21.036736481735502,31.681827375860816,1.8438356164383563,542.3476162930733,141.57723652207991,518.436,56.98279999999999,439.14599999999996,47.425000000000004,1061.9898,159669.25,60.72709999999999,17487.905729073183,2629291.5354100564,2653279.4411391295,29592.677237777487,0.006607239521834386,0.4135124461647371,24564.5,2810.7295759999997,2344.598008,420509.2,-5.719999999999999,5.719999999999999,0.15200000000000008,0,0.25,0.5228571428571424,1.0,0.5364285714285713,1,1,1,1,1,False,False,True,False,False,3.0,2025-09-27,5,27,9,39
27-09-2025 00:00,Fur_4,3692,6.0,101.122,18.934,23.16,11.91,48.12,87.48%,87.48,155.126,0.6518700926988383,0.1220556193030182,0.14929799002101518,0.07677629797712827,0.2290302779906422,0.1872391745887228,0.07677629797712827,0.8175301892258122,23.80000773564715,36.51035346897457,1.6251354279523293,615.3332307777948,142.8000464138829,455.049,53.0152,416.88,41.685,966.6291999999999,143988.0,54.2941,17803.57718426127,2652000.8619721113,2676304.4391563726,30247.563733684136,0.0066684948617011805,0.4312718879173111,22152.0,2341.98552,1914.6439480000001,373342.424,-9.880000000000003,9.880000000000003,-0.1253333333333335,0,0.18000000000000005,0.35428571428571487,1.0,0.4311428571428575,1,1,1,1,1,False,False,False,True,False,4.0,2025-09-27,5,27,9,39
27-09-2025 00:00,Fur_5,3693,5.76,99.848,18.74,20.934,11.62,48.8,85.78%,85.78,151.142,0.6606237842558653,0.12398936099826652,0.13850551137341044,0.07688134337245768,0.2096586790956386,0.18768527974836471,0.07688134337245768,0.8951943777971538,24.433975996083156,36.98621868253527,1.5597075548334687,641.1457220233121,140.73970173743896,449.316,52.471999999999994,376.812,40.669999999999995,919.2699999999999,138265.91999999998,52.899699999999996,17377.603275632944,2613737.3179810094,2637614.9212566423,30394.27196654347,0.0066046538428406075,0.40990351039411715,21271.68,2090.218032,1871.15152,368738.664,-9.200000000000003,9.200000000000003,-0.0800000000000002,0,0.17833333333333334,0.11142857142857159,1.0,0.3092142857142858,1,1,1,1,1,False,False,False,False,True,5.0,2025-09-27,5,27,9,39
28-09-2025 00:00,Fur_1,3729,5.51,79.192,17.329,18.907,8.46,48.55,91.03%,91.03,123.88799999999998,0.6392225235696759,0.1398763399199277,0.15261365103964875,0.0682874854707478,0.23874886050675753,0.21882260558108643,0.0682874854707478,0.9165387995695351,30.09976753196436,47.088089111424274,1.477607937784929,676.7693871561911,165.84971910112364,356.364,48.5212,340.326,29.610000000000003,774.8212,133554.135,43.36079999999999,17869.16293057324,3080066.2118780105,3104435.374808584,33732.86292305317,0.005768087699917673,0.43923165757467664,20546.79,1497.2831439999998,1372.318168,295306.968,-9.450000000000003,9.450000000000003,-0.09666666666666686,0,0.11833333333333329,0.8614285714285715,0.9509665537686569,0.6564075964680172,1,0,1,1,0,True,False,False,False,False,1.0,2025-09-28,6,28,9,39
28-09-2025 00:00,Fur_2,3708,5.73,99.343,18.271,20.475,11.33,50.83,88.05%,88.05,149.419,0.6648618984198796,0.12228029902488974,0.13703076583299312,0.07582703672223746,0.20610410188836556,0.18391834166555932,0.07582703672223746,0.8923564887737978,24.816121109095896,37.32522636395895,1.545307443365696,647.1203059126865,142.1963739551195,447.0435,51.1588,368.55,39.655,906.4073,138104.46000000002,52.29665,17332.03369623102,2640789.8020236483,2664621.8357198793,29922.760648173826,0.006520406048858598,0.40660528660790796,21246.84,2034.0479250000003,1815.0959530000002,368363.84400000004,-7.170000000000002,7.170000000000002,0.05533333333333322,0,0.15333333333333332,0.43571428571428533,1.0,0.4638571428571427,1,1,1,1,1,False,True,False,False,False,2.0,2025-09-28,6,28,9,39
28-09-2025 00:00,Fur_3,3725,5.68,91.812,17.536,19.064,13.93,51.56,91.03%,91.03,142.342,0.6450099057200264,0.12319624566185665,0.13393095502381586,0.09786289359430105,0.20764170034808413,0.19099899587201027,0.09786289359430105,0.9198488816696978,26.169366736451643,40.57203807158064,1.5248322147651006,655.8097436954677,148.64200306304534,413.154,49.1008,343.152,48.754999999999995,854.1618,137527.0,49.819700000000005,17145.06109029159,2760494.3425994134,2784139.403689705,30252.51987058247,0.006172529475034368,0.4017412157743416,21158.0,1750.303968,1610.0152320000002,341999.7,-6.439999999999998,6.439999999999998,0.10400000000000015,0,0.125,0.8614285714285715,1.0,0.6682142857142858,1,1,1,1,1,False,False,True,False,False,3.0,2025-09-28,6,28,9,39
28-09-2025 00:00,Fur_4,3718,5.0,85.843,17.725,20.142,11.15,48.67,81.42%,81.42,134.86,0.6365341835978051,0.13143259676701766,0.14935488654901377,0.08267833308616342,0.23463764972522336,0.2064815977251308,0.08267833308616342,0.8800019422102104,27.56933115823817,43.31162653551686,1.3448090371167294,743.5998512800297,137.84665579119084,386.2935,49.63,362.556,39.025,837.5044999999999,120835.0,47.201,17743.363488061692,2560009.3218364017,2584252.6853244635,31354.679511337825,0.006883268355834657,0.4329003605353763,18590.0,1729.049706,1521.5671750000001,319164.27400000003,-9.329999999999998,9.329999999999998,-0.08866666666666655,0,0.13666666666666671,0.0,1.0,0.24100000000000002,1,0,1,0,0,False,False,False,True,False,4.0,2025-09-28,6,28,9,39
28-09-2025 00:00,Fur_5,3721,5.2,89.457,18.401,18.928,9.83,48.7,80.61%,80.61,136.61599999999999,0.65480617204427,0.13469139778649647,0.13854892545529077,0.07195350471394274,0.21158768780992337,0.2056965893591716,0.07195350471394274,0.9721575986814455,27.23692686068982,41.595402913182845,1.3974737973662994,715.5767854660028,141.63201967558706,402.55649999999997,51.5228,340.704,34.405,829.1883,125769.8,47.81559999999999,17341.376036272686,2630308.9368323316,2654150.3128686044,32522.36628928568,0.006549722956988275,0.4108885762136296,19349.2,1693.242096,1646.0982569999999,332869.497,-9.299999999999997,9.299999999999997,-0.08666666666666648,0,0.1316666666666667,0.0,1.0,0.23950000000000002,1,0,1,0,0,False,False,False,False,True,5.0,2025-09-28,6,28,9,39
29-09-2025 00:00,Fur_1,3645,5.7,89.182,19.185,20.747,9.6,48.74,93.30%,93.3,138.714,0.642919964819701,0.13830615511051517,0.14956673443199678,0.0692071456377871,0.23263662810167265,0.21512188317012532,0.0692071456377871,0.9247119619842886,26.27708810934729,40.871475848585185,1.5637860082304527,639.4735720221803,149.77940222327956,401.319,53.717999999999996,373.446,33.6,862.0830000000001,135047.25,48.549899999999994,17756.63801573227,2781617.4698609062,2805874.1078766384,29754.76254376075,0.0063430743199953754,0.43319030766179123,20776.5,1850.2589540000001,1710.95667,325068.39,-9.259999999999998,9.259999999999998,-0.08399999999999987,0,0.2583333333333333,1.0,1.0,0.7775000000000001,1,0,1,1,0,True,False,False,False,False,1.0,2025-09-29,0,29,9,40
29-09-2025 00:00,Fur_2,3612,5.68,105.612,18.809,21.714,8.74,49.46,80.90%,80.9,154.875,0.6819176755447941,0.12144632768361582,0.14020338983050848,0.05643260694108152,0.20560163423094313,0.17809529051532696,0.05643260694108152,0.86621530504673,23.322033898305083,34.20065869218784,1.5725359911406422,635.9153810008132,132.46915254237288,475.25399999999996,52.6652,390.852,30.59,949.3611999999999,133355.03999999998,54.20625,17513.869710596104,2460141.4043583535,2484155.2740689497,30331.566227948104,0.007068727394765377,0.4116999936378272,20516.16,2293.2589679999996,1986.456108,381470.544,-8.54,8.54,-0.03599999999999994,0,0.31333333333333335,0.0,1.0,0.29400000000000004,1,1,1,0,0,False,True,False,False,False,2.0,2025-09-29,0,29,9,40
29-09-2025 00:00,Fur_3,3630,5.7,91.786,16.156,18.843,11.55,50.43,91.03%,91.03,138.335,0.6635052589727835,0.11678895434994757,0.13621281671305163,0.0834929699642173,0.20529274393379443,0.17601812720874505,0.0834929699642173,0.8574005807249068,26.24064770303972,39.54851459320033,1.5702479338842976,636.8419935364923,149.5716919073264,413.03700000000003,45.236799999999995,339.174,40.425000000000004,837.8728,134491.5,48.41725,17305.25380933448,2777759.9925646335,2801565.246373968,30441.869459675847,0.006191359515411867,0.40480368857898236,20691.0,1729.523598,1482.8946159999998,333183.18,-7.57,7.57,0.02866666666666665,0,0.2833333333333333,0.8614285714285715,1.0,0.7157142857142857,1,1,1,1,1,False,False,True,False,False,3.0,2025-09-29,0,29,9,40
29-09-2025 00:00,Fur_4,3647,4.9,82.996,17.873,19.424,9.31,46.02,85.68%,85.68,129.603,0.6403864108083916,0.1379057583543591,0.14987307392575788,0.07183475691149124,0.2340353723789656,0.21534772500665428,0.07183475691149124,0.9201502821174691,28.139780714952582,43.941876187504505,1.343570057581574,744.2855623907014,137.88492550326768,373.48199999999997,50.0444,349.632,32.585,805.7434000000001,116156.95000000001,45.36105,17762.891291096657,2560720.0450606854,2584982.936351782,29822.13816741788,0.006888892317522503,0.4339247457689383,17870.300000000003,1612.114304,1483.387508,302686.412,-11.979999999999997,11.979999999999997,-0.26533333333333314,0,0.255,0.09714285714285811,1.0,0.32507142857142907,1,0,1,1,0,False,False,False,True,False,4.0,2025-09-29,0,29,9,40
29-09-2025 00:00,Fur_5,3701,5.41,78.173,16.864,16.454,10.55,47.51,87.42%,87.42,122.04100000000001,0.6405470292770462,0.1381830696241427,0.13482354290771134,0.0864463581910997,0.21048187724045544,0.21572665478200076,0.0864463581910997,1.0249178907914251,30.32587409149384,47.34371141770546,1.4617670899756823,684.1033855631449,164.06297883498166,351.7785,47.2192,296.172,36.925000000000004,732.0947,130145.66500000001,42.71435,17139.315007719884,3046883.89264966,3070523.2076573796,34726.56873622913,0.0055937288480343685,0.40455421955656834,20022.41,1286.258542,1318.3094720000001,289318.273,-10.490000000000002,10.490000000000002,-0.16600000000000012,0,0.16500000000000004,0.345714285714286,0.9569640740105937,0.41374995765926176,1,0,1,1,0,False,False,False,False,True,5.0,2025-09-29,0,29,9,40
30-09-2025 00:00,Fur_1,3559,5.8,93.708,19.97,22.449,10.35,50.52,90.57%,90.57,146.477,0.6397454890528889,0.1363353973661394,0.15325955610778486,0.07065955747318692,0.23956332181283008,0.21310880380427707,0.07065955747318692,0.8895718789446353,24.297329956238862,37.97968115870917,1.6296712559707782,613.62058385852,140.9245137461854,421.686,55.916,404.08200000000005,36.225,917.909,134174.3,51.26695,17904.497927027063,2617169.541000586,2641574.0389276133,28847.592431228717,0.006794684954777814,0.44022010896505,20642.2,2103.650892,1871.3487599999999,333506.772,-7.479999999999997,7.479999999999997,0.03466666666666687,0,0.4016666666666666,0.7957142857142847,1.0,0.7183571428571423,1,0,1,1,0,True,False,False,False,False,1.0,2025-09-30,1,30,9,40
30-09-2025 00:00,Fur_2,3544,7.01,121.14,24.461,26.033,11.38,51.03,81.91%,81.91,183.014,0.6619165746882751,0.13365644158370396,0.14224594839739035,0.06218103533063044,0.21490011379478197,0.20192339275281992,0.06218103533063044,0.9396150678133496,19.36463877080442,29.255406725644654,1.9779909706546275,505.5634086214824,135.74611778333897,545.13,68.4908,468.59400000000005,39.830000000000005,1122.0448000000001,161482.36,64.0549,17516.923763833838,2520999.3302620095,2545016.2540258435,30696.131395800792,0.006900457594491931,0.41762503600569245,24843.44,3153.63762,2963.20554,429320.16,-6.969999999999999,6.969999999999999,0.06866666666666674,0,0.42666666666666664,0.0,1.0,0.32799999999999996,1,0,1,0,0,False,True,False,False,False,2.0,2025-09-30,1,30,9,40
30-09-2025 00:00,Fur_3,3498,7.1,120.542,20.214,24.869,12.93,50.17,87.88%,87.88,178.555,0.6750973089524236,0.1132088152109994,0.13927921368765925,0.0724146621489177,0.20630983220529084,0.16769258708423132,0.0724146621489177,0.8128191397796799,19.590602335414857,29.01893092018607,2.0297312750142935,492.6759869470441,139.09327658144548,542.439,56.59919999999999,447.642,45.254999999999995,1091.9352,161432.69999999998,62.49425,17472.570676502237,2583160.850798273,2607133.4214747753,29333.184310022225,0.006718582685365104,0.40995289830385545,24835.8,2997.758998,2436.635988,421655.916,-7.829999999999998,7.829999999999998,0.011333333333333447,0,0.5033333333333334,0.41142857142857076,1.0,0.5567142857142855,1,1,1,1,1,False,False,True,False,False,3.0,2025-09-30,1,30,9,40
30-09-2025 00:00,Fur_4,3548,5.6,90.346,18.017,21.207,7.52,48.97,86.21%,86.21,137.09,0.6590269166241155,0.13142461156904223,0.1546939966445401,0.05485447516230213,0.2347309207410298,0.1994222190310338,0.05485447516230213,0.849577929477157,25.880808228171272,39.27124566365699,1.5783540022547913,633.5713154336937,144.93252607775912,406.557,50.447599999999994,381.726,26.32,865.0506,129147.2,47.9815,18028.836113918907,2691604.0557298125,2716132.8918437315,31144.741335210776,0.006653608379270684,0.441275920738047,19868.8,1915.9676220000001,1627.763882,320547.608,-9.030000000000001,9.030000000000001,-0.06866666666666674,0,0.42000000000000004,0.17285714285714196,1.0,0.412428571428571,1,1,1,1,1,False,False,False,True,False,4.0,2025-09-30,1,30,9,40
30-09-2025 00:00,Fur_5,3548,5.54,89.247,17.76,18.972,7.2,49.42,86.44%,86.44,133.179,0.670128173360665,0.1333543576690019,0.14245489153695404,0.05406257743337914,0.21257857168780386,0.19899828342691317,0.05406257743337914,0.9361163326946904,26.64083676855961,39.75483725217837,1.5614430665163472,640.4330973947477,147.59023569782025,401.6115,49.728,341.49600000000004,25.2,818.0355000000001,127763.48,46.612649999999995,17549.64585793771,2740961.520102376,2765011.1659603138,31621.81113861292,0.006361999209754221,0.417458655522896,19655.920000000002,1693.1940840000002,1585.02672,316648.35599999997,-8.579999999999998,8.579999999999998,-0.03866666666666655,0,0.42000000000000004,0.20571428571428538,1.0,0.4288571428571427,1,1,1,1,1,False,False,False,False,True,5.0,2025-09-30,1,30,9,40
01-10-2025 00:00,Fur_1,3656,6.04,97.232,21.441,20.131,12.87,51.98,82.95%,82.95,151.674,0.6410591136252752,0.14136239566438544,0.1327254506375516,0.08485304007278768,0.20704088975809518,0.22051382034192632,0.08485304007278768,1.0650737139201374,24.104329021453907,37.60078947670737,1.6520787746170678,605.2979130301468,145.5901472895816,437.544,60.03479999999999,362.358,45.044999999999995,904.9817999999999,143534.56,53.0859,17047.49848829915,2703817.0210922295,2727364.5195805286,32487.963306498255,0.006265471274154927,0.4004036324266411,22082.24,1957.377392,2084.751312,355480.192,-6.020000000000003,6.020000000000003,0.13199999999999978,0,0.24,0.0,1.0,0.272,1,0,1,0,0,True,False,False,False,False,1.0,2025-10-01,2,1,10,40
01-10-2025 00:00,Fur_2,3651,7.07,116.395,23.593,24.558,12.59,53.11,88.20%,88.2,177.136,0.6570939842832626,0.133191446120495,0.13863923764790895,0.07107533194833349,0.2109884427081194,0.20269770864128436,0.07107533194833349,0.9607052300388781,20.611281727034594,31.367326505714797,1.936455765543687,516.407281979168,145.72176181013458,523.7775,66.0604,442.044,44.065,1075.9469,167781.70500000002,61.99759999999999,17354.65405112456,2706261.290759643,2730115.9448107677,30606.68099563641,0.006371916746995815,0.4108418361538102,25812.57,2858.42841,2746.107235,424958.14499999996,-4.890000000000001,4.890000000000001,0.2073333333333333,0,0.2483333333333333,0.4571428571428576,1.0,0.5030714285714288,1,0,1,1,0,False,True,False,False,False,2.0,2025-10-01,2,1,10,40
01-10-2025 00:00,Fur_3,3650,7.01,125.982,18.606,25.083,14.0,52.02,77.44%,77.44,183.671,0.6859112216953139,0.10130069526490301,0.13656483603835118,0.07622324700143192,0.19909986982981798,0.14768776374650536,0.07622324700143192,0.7417772697931959,19.872489396801893,28.97239265155028,1.9205479452054794,520.6846618138857,139.30615067158126,566.919,52.0968,451.49399999999997,49.0,1119.5098,166312.25,64.28484999999999,17414.831021617072,2587114.226757938,2611029.057779555,33286.958921207995,0.006686364649916318,0.40329615694297627,25586.5,3160.0065059999997,2344.0210920000004,459834.3,-5.979999999999997,5.979999999999997,0.13466666666666688,0,0.25,0.0,1.0,0.275,1,1,1,0,0,False,False,True,False,False,3.0,2025-10-01,2,1,10,40
01-10-2025 00:00,Fur_4,3652,5.62,90.619,17.927,17.832,10.97,51.05,81.61%,81.61,137.34799999999998,0.659776625797245,0.13052246847424062,0.12983079476949066,0.07987011095902381,0.19677992256833643,0.1978282678265235,0.07987011095902381,1.0053274447438623,26.589393365757058,40.30059876736006,1.5388828039430449,649.8219484302582,149.43239071555467,407.7855,50.1956,320.976,38.395,817.3521000000001,133407.56,48.07179999999999,17002.73549149398,2775172.9704317297,2798675.705923224,33878.17099531805,0.006089421756455001,0.3927022393409156,20524.24,1615.918008,1624.526813,330940.588,-6.950000000000003,6.950000000000003,0.06999999999999981,0,0.2466666666666667,0.0,1.0,0.274,1,1,1,0,0,False,False,False,True,False,4.0,2025-10-01,2,1,10,40
01-10-2025 00:00,Fur_5,3654,5.47,90.704,17.925,17.853,11.27,51.59,80.44%,80.44,137.752,0.6584586793658167,0.13012515244787734,0.12960247401126662,0.0818136941750392,0.19682703963632214,0.1976208304195975,0.0818136941750392,1.00403287940218,26.525930657994074,40.28488225122506,1.4969896004378762,668.0071904922869,145.09684069922756,408.16799999999995,50.19,321.35400000000004,39.445,819.157,129917.97,48.2132,16990.30555947334,2694655.6129856557,2718145.918545129,33376.05499195885,0.006265679985456618,0.3922984238674638,19987.379999999997,1619.338512,1625.8691999999999,331432.41599999997,-6.409999999999997,6.409999999999997,0.10600000000000023,0,0.2433333333333333,0.0,1.0,0.273,1,1,1,0,0,False,False,False,False,True,5.0,2025-10-01,2,1,10,40
02-10-2025 00:00,Fur_1,3688,6.02,100.817,20.739,21.034,13.39,54.46,75.71%,75.71,155.98000000000002,0.6463456853442748,0.13295935376330298,0.13485062187459929,0.08584433901782279,0.20863544631723374,0.20570935253271422,0.08584433901782279,0.9859750410775392,23.644056930375687,36.581131787484935,1.6323210412147504,612.6244829527437,142.33722272086163,453.6765,58.069199999999995,378.61199999999997,46.865,937.2226999999999,144311.44,54.593,17167.451871119007,2643405.564816002,2667073.016687121,34768.25728962483,0.006452539270091331,0.4039722896169715,22201.76,2120.584778,2090.843763,371813.09599999996,-3.539999999999999,3.539999999999999,0.2973333333333334,0,0.18666666666666665,0.0,1.0,0.256,1,0,1,0,0,True,False,False,False,False,1.0,2025-10-02,3,2,10,40
02-10-2025 00:00,Fur_2,3684,7.02,121.719,23.559,25.543,12.45,54.16,80.49%,80.49,183.271,0.6641476283754658,0.1285473424600728,0.13937284131150046,0.06793218785296092,0.20985219883623593,0.19355236081834096,0.06793218785296092,0.9223270202275763,20.10137992371952,30.266433093712298,1.9055374592833874,524.7862500304487,141.11168706451102,547.7355,65.9652,459.774,43.574999999999996,1117.0497,168100.91999999998,64.14484999999999,17414.487679057635,2620645.6169123477,2644560.1045914055,32452.57215107873,0.006601247503325884,0.4115967266272933,25861.679999999997,3109.068417,2867.577921,448412.796,-3.8400000000000034,3.8400000000000034,0.2773333333333331,0,0.19333333333333336,0.0,1.0,0.258,1,1,1,0,0,False,True,False,False,False,2.0,2025-10-02,3,2,10,40
02-10-2025 00:00,Fur_3,3688,7.14,123.345,18.319,24.756,12.26,53.89,79.86%,79.86,178.67999999999998,0.6903122901276025,0.1025240653682561,0.13854936198791137,0.06861428251623014,0.2007053370569919,0.14851838219207603,0.06861428251623014,0.7399821966399177,20.640250727557646,29.89987409380296,1.9360086767895877,516.5265383016053,147.3713901947616,555.0525,51.29319999999999,445.608,42.91,1094.8637,171160.08,62.53799999999999,17507.174837698683,2736897.2464741436,2760904.4213118423,34144.2545301984,0.006356065471809157,0.4069986063105389,26332.32,3053.52882,2259.5570549999998,454896.36,-4.109999999999999,4.109999999999999,0.25933333333333336,0,0.18666666666666665,0.0,1.0,0.256,1,1,1,0,0,False,False,True,False,False,3.0,2025-10-02,3,2,10,40
02-10-2025 00:00,Fur_4,3694,6.0,99.667,18.701,20.342,9.63,52.03,85.61%,85.61,148.33999999999997,0.6718821625994339,0.12606849130376166,0.13713091546447354,0.06491843063233114,0.20409964979281356,0.18763482208118212,0.06491843063233114,0.9193294209355314,24.902251584198467,37.06342082069872,1.6242555495397943,615.6665640555726,149.4135095051908,448.5015,52.3628,366.15599999999995,33.705000000000005,900.7253,144066.0,51.91899999999999,17348.664265490475,2774822.319382115,2798670.9836476054,32313.485551871672,0.006213324458671483,0.4065123961767255,22164.0,2027.4261139999999,1863.8725670000001,368169.898,-5.969999999999999,5.969999999999999,0.13533333333333342,0,0.17666666666666664,0.08714285714285706,1.0,0.29657142857142854,1,1,1,1,1,False,False,False,True,False,4.0,2025-10-02,3,2,10,40
02-10-2025 00:00,Fur_5,3696,6.1,100.97,18.961,20.63,9.1,51.26,84.67%,84.67,149.661,0.6746580605501767,0.1266929928304635,0.1378448627230875,0.06080408389627224,0.204318112267821,0.1877884501556061,0.06080408389627224,0.9190983558362406,24.69581253633211,36.604931795534,1.6504329004329004,605.901540016141,150.64445647162586,454.365,53.090799999999994,371.34,31.849999999999998,910.6458,146546.4,52.38135,17384.924214438917,2797682.7630444802,2821567.6872589192,32935.30625958818,0.006175668277222464,0.4077765471492868,22545.6,2083.0110999999997,1914.4921699999998,373185.12,-6.740000000000002,6.740000000000002,0.08399999999999987,0,0.17333333333333334,0.0,1.0,0.252,1,1,1,0,0,False,False,False,False,True,5.0,2025-10-02,3,2,10,40
03-10-2025 00:00,Fur_1,3759,6.79,111.84,21.012,23.712,18.33,56.3,79.95%,79.95,174.894,0.6394730522487907,0.12014134275618374,0.13557926515489382,0.10480633984013173,0.21201716548625568,0.18787553480082678,0.10480633984013173,0.8861335658681864,21.49301862842636,33.610514720936024,1.8063314711359404,553.6081658898136,145.93759648701499,503.28000000000003,58.8336,426.816,64.155,1053.0846,165903.465,61.2129,17203.63844875835,2710269.649044564,2733973.2874933225,33773.60453975692,0.006307536916179777,0.4053007707073107,25523.61,2651.95008,2349.98208,420406.56,-1.7000000000000028,1.7000000000000028,0.4199999999999998,0,0.06833333333333336,0.0,1.0,0.22050000000000003,1,1,1,0,0,True,False,False,False,False,1.0,2025-10-03,4,3,10,40
03-10-2025 00:00,Fur_2,3757,7.1,122.437,23.18,26.071,15.87,54.93,77.16%,77.16,187.558,0.6527954019556618,0.12358843664359825,0.1390023352776208,0.08461382612311925,0.21293399697040932,0.18932185377523253,0.08461382612311925,0.8891104718226966,20.031137034943857,30.685168448384324,1.8898056960340697,529.154855048612,142.22107294810138,550.9665,64.904,469.278,55.544999999999995,1140.6935,173385.55,65.64529999999999,17376.621022373274,2641248.4976075976,2665125.118629971,34098.325468653675,0.006535942544365829,0.41139710185076006,26674.699999999997,3192.0550270000003,2838.08966,459995.809,-3.0700000000000003,3.0700000000000003,0.32866666666666666,0,0.07166666666666666,0.0,1.0,0.2215,1,1,1,0,0,False,True,False,False,False,2.0,2025-10-03,4,3,10,40
03-10-2025 00:00,Fur_3,3756,7.04,127.839,20.107,25.906,12.68,52.83,77.83%,77.83,186.532,0.685346214054425,0.10779383698239443,0.13888233654279158,0.067977612420389,0.2026455134767519,0.15728376976287542,0.067977612420389,0.7761522127633671,20.135955224840778,29.380705188708415,1.8743343982960599,533.5226514882597,141.7571247828791,575.2755,56.29959999999999,466.308,44.379999999999995,1142.2631000000001,171874.56,65.2862,17496.241165820655,2632632.317396326,2656628.5585621465,33700.730160625986,0.006602034874607521,0.4082316937315054,26442.24,3311.797134,2570.458773,480163.284,-5.170000000000002,5.170000000000002,0.18866666666666657,0,0.07333333333333336,0.0,1.0,0.22200000000000003,1,1,1,0,0,False,False,True,False,False,3.0,2025-10-03,4,3,10,40
03-10-2025 00:00,Fur_4,3759,5.82,101.526,19.593,20.477,18.62,51.92,77.93%,77.93,160.216,0.6336820292604983,0.12229115693813351,0.12780870824387078,0.11621810555749738,0.20169217538667755,0.1929850462641585,0.11621810555749738,0.9568295669859077,23.462076197133868,37.02499815786106,1.5482841181165206,645.8761776845055,136.54928346731913,456.86699999999996,54.8604,368.586,65.17,945.4834,142202.97,56.0756,16860.869968399802,2535915.2643930693,2559276.134361469,32424.631120758506,0.006604915229911942,0.3898386793464592,21877.38,2078.947902,1989.1989179999998,381636.234,-6.079999999999998,6.079999999999998,0.1280000000000001,0,0.06833333333333336,0.0,1.0,0.22050000000000003,1,1,1,0,0,False,False,False,True,False,4.0,2025-10-03,4,3,10,40
03-10-2025 00:00,Fur_5,3758,6.15,105.096,20.855,20.983,12.23,51.88,79.37%,79.37,159.164,0.6603000678545401,0.13102837325023248,0.13183257520544847,0.07683898368977911,0.19965555111844838,0.1984376170507192,0.07683898368977911,0.9938997762998724,23.61086677891986,35.7577830197364,1.6365087812666312,611.0568112102745,145.20683069035712,472.932,58.394,377.694,42.805,951.8249999999999,150226.05000000002,55.70739999999999,17086.150134452517,2696698.28424949,2720284.4343839427,33847.0129946988,0.0062960601873786074,0.3968103380348279,23111.7,2205.2293680000002,2191.7770800000003,394950.76800000004,-6.119999999999997,6.119999999999997,0.1253333333333335,0,0.06999999999999995,0.0,1.0,0.221,1,1,1,0,0,False,False,False,False,True,5.0,2025-10-03,4,3,10,40
04-10-2025 00:00,Fur_1,3719,6.06,103.117,17.945,22.644,15.4,55.72,76.73%,76.73,159.10600000000002,0.6481025228464042,0.11278644425728758,0.14232021419682472,0.09679081869948335,0.21959521495393372,0.17402561969388539,0.09679081869948335,0.7924836251332086,23.37435420411549,36.06582778721425,1.6294702877117504,613.6962683669525,141.64858647693987,464.0265,50.245999999999995,407.592,53.9,975.7645,146491.41,55.68710000000001,17522.271764915033,2630616.606000312,2654638.877765227,34152.050402228575,0.00661682508875899,0.4177155450931039,22537.14,2334.981348,1850.434565,383492.123,-2.280000000000001,2.280000000000001,0.38133333333333325,0,0.135,0.0,1.0,0.24050000000000002,1,1,1,0,0,True,False,False,False,False,1.0,2025-10-04,5,4,10,40
04-10-2025 00:00,Fur_2,3722,7.09,116.474,22.478,25.544,15.75,54.68,82.60%,82.6,180.246,0.6461946450961463,0.1247073444070881,0.14171743062259357,0.08738057987417196,0.21931074558003721,0.19298727447338226,0.08738057987417196,0.8799717788924296,20.649556716931304,31.955629308209307,1.9048898441698012,524.9646650261403,146.40535712304293,524.133,62.9384,459.79200000000003,55.125,1101.9884000000002,171528.37,63.0861,17468.006422967977,2718956.632285083,2742924.6387080513,32810.10333382837,0.006383514523248538,0.4172385117665485,26388.98,2975.2118560000004,2618.1025720000002,433516.228,-3.3200000000000003,3.3200000000000003,0.312,0,0.13,0.0,1.0,0.23900000000000002,1,1,1,0,0,False,True,False,False,False,2.0,2025-10-04,5,4,10,40
04-10-2025 00:00,Fur_3,3718,7.05,120.874,22.341,24.542,12.57,51.2,80.00%,80.0,180.327,0.6703045023762387,0.12389159693223978,0.13609720119560578,0.06970669949591575,0.20303787247019317,0.1848288284922413,0.06970669949591575,0.9103169704866363,20.618099341751375,30.759302821456206,1.8961807423345884,527.3758117197431,145.35760035934717,543.933,62.5548,441.75600000000003,43.995000000000005,1092.2388,170377.35,63.11445,17305.6851481713,2699498.292387876,2723303.9775360473,33621.036759704286,0.006369868894209421,0.40445001587564916,26211.899999999998,2966.489708,2700.446034,449409.532,-6.799999999999997,6.799999999999997,0.0800000000000002,0,0.13666666666666671,0.0,1.0,0.24100000000000002,1,1,1,0,0,False,False,True,False,False,3.0,2025-10-04,5,4,10,40
04-10-2025 00:00,Fur_4,3721,6.61,111.595,20.784,23.009,12.32,51.76,79.69%,79.69,167.70799999999997,0.6654125026832353,0.12392968731366424,0.13719679442841132,0.07346101557468936,0.20618307087071042,0.18624490177655897,0.07346101557468936,0.9032986699422543,22.187373291673627,33.34378750532024,1.7764041924213922,562.9348618857999,146.6585374579627,502.1775,58.19519999999999,414.16200000000003,43.120000000000005,1017.6547,159872.765,58.69779999999999,17337.186402216103,2723658.552790736,2747495.739192952,34050.01535745386,0.006325141682752412,0.4069769441442171,24595.81,2567.689355,2319.39048,415244.995,-6.240000000000002,6.240000000000002,0.1173333333333332,0,0.1316666666666667,0.0,1.0,0.23950000000000002,1,1,1,0,0,False,False,False,True,False,4.0,2025-10-04,5,4,10,40
04-10-2025 00:00,Fur_5,3715,6.56,111.558,20.734,23.034,12.04,52.47,80.20%,80.2,167.36599999999999,0.6665511513688563,0.12388418197244365,0.13762651912574836,0.07193814753295173,0.20647555346568103,0.18585847553865725,0.07193814753295173,0.9001475688049159,22.19686196718569,33.30106282560585,1.765814266487214,566.3108892818767,145.61141450473812,502.011,58.0552,414.61199999999997,42.14,1016.8181999999999,158407.59999999998,58.57809999999999,17358.333575175708,2704211.983659422,2728070.3172345976,33596.92508909603,0.006378058088469161,0.40775430652205086,24370.399999999998,2569.626972,2313.0435720000005,414437.97000000003,-5.530000000000001,5.530000000000001,0.1646666666666666,0,0.14166666666666672,0.0,1.0,0.24250000000000002,1,1,1,0,0,False,False,False,False,True,5.0,2025-10-04,5,4,10,40
05-10-2025 00:00,Fur_1,3671,5.91,97.785,18.566,21.887,17.47,56.41,84.32%,84.32,155.708,0.6280024147763763,0.11923600585711716,0.1405643897551828,0.11219718961132376,0.2238277831586871,0.18986551935505938,0.11219718961132376,0.8482660552718025,23.57618105685,37.54154484285377,1.6099155543448653,621.1504871149767,139.3352300459835,440.03249999999997,51.98479999999999,393.966,61.144999999999996,947.1283,141021.465,54.4978,17379.2024632187,2587654.272282551,2611533.4747457695,30608.690515069968,0.0066713931439651725,0.4159584292856628,21695.61,2140.220295,1815.4763099999998,358968.735,-1.5900000000000034,1.5900000000000034,0.4273333333333331,0,0.21499999999999997,0.0,1.0,0.2645,1,1,1,0,0,True,False,False,False,False,1.0,2025-10-05,6,5,10,40
05-10-2025 00:00,Fur_2,3670,7.07,116.466,22.701,25.744,12.98,55.58,82.91%,82.91,177.891,0.6547042852083579,0.1276118522016291,0.14471783283021628,0.07296602975979674,0.22104304929298638,0.19491525256370743,0.07296602975979674,0.8817976661825021,20.630610879695993,31.511342095449816,1.9264305177111718,519.0946931973559,145.85841891945068,524.097,63.562799999999996,463.392,45.43,1096.4818,168654.85,62.261849999999995,17610.813042015296,2708799.2085040845,2732910.0215461,32569.539048338695,0.006459341369361792,0.4226171378311979,25946.9,2998.3007039999998,2643.894666,427430.22,-2.4200000000000017,2.4200000000000017,0.3719999999999999,0,0.21666666666666667,0.0,1.0,0.265,1,1,1,0,0,False,True,False,False,False,2.0,2025-10-05,6,5,10,40
05-10-2025 00:00,Fur_3,3672,6.99,107.945,21.051,22.337,10.83,53.24,91.14%,91.14,162.16299999999998,0.6656573941034638,0.12981382929521532,0.13774412165537145,0.06678465494594946,0.20692945289796238,0.19501597855374517,0.06678465494594946,0.9424273204804887,22.64388300660447,34.01732332190168,1.90359477124183,525.3218132586819,158.28074221616524,485.75249999999994,58.94279999999999,402.066,37.905,984.6662999999999,166837.32,56.75704999999999,17348.792793141998,2939499.498300212,2963348.291093354,32161.366302293838,0.005867325978610467,0.4083271662694255,25667.280000000002,2411.167465,2272.3501949999995,396374.04,-4.759999999999998,4.759999999999998,0.21600000000000014,0,0.21333333333333337,0.8771428571428572,0.9759184430621097,0.6977551171838506,1,1,1,1,1,False,False,True,False,False,3.0,2025-10-05,6,5,10,40
05-10-2025 00:00,Fur_4,3671,6.08,102.056,18.37,21.155,13.96,54.64,82.89%,82.89,155.54100000000003,0.6561356812673185,0.1181039082942761,0.13600915514237402,0.08975125529603126,0.2072881534913366,0.179999214352912,0.08975125529603126,0.8683525942636448,23.601494139808793,35.97044724493957,1.6562244619994553,603.7827954304613,143.49708437003747,459.252,51.436,380.79,48.86,940.3380000000001,145077.92,54.439350000000005,17273.130557216424,2664945.8525864105,2688718.9831436267,32050.530255616006,0.006439865896770252,0.40495013495147486,22319.68,2158.9946800000002,1874.76872,374647.576,-3.3599999999999994,3.3599999999999994,0.30933333333333335,0,0.21499999999999997,0.0,1.0,0.2645,1,1,1,0,0,False,False,False,True,False,4.0,2025-10-05,6,5,10,40
05-10-2025 00:00,Fur_5,3671,6.09,102.102,18.367,21.165,27.23,54.95,83.39%,83.39,168.864,0.6046404206935759,0.10876800265302256,0.12533754974417283,0.16125402690922871,0.2072927052624561,0.1798887369504149,0.16125402690922871,0.8678005732199116,21.739387909797234,35.95424148445436,1.6589485153909016,602.7913624316318,132.39287237066515,459.459,51.4276,380.96999999999997,95.305,987.1615999999999,145316.535,59.102399999999996,16702.563686077046,2458724.7725980673,2481927.3362841443,29410.206615524876,0.006747345575955871,0.38592465509193224,22356.39,2160.98883,1875.307434,374816.44200000004,-3.049999999999997,3.049999999999997,0.3300000000000002,0,0.21499999999999997,0.0,1.0,0.2645,1,1,1,0,0,False,False,False,False,True,5.0,2025-10-05,6,5,10,40
06-10-2025 00:00,Fur_1,3755,6.64,104.979,18.795,23.804,13.44,55.52,85.32%,85.32,161.018,0.651970587139326,0.11672608031400217,0.14783440360705014,0.08346892893962166,0.22675010976719048,0.17903580545598832,0.08346892893962166,0.7895731478082194,23.32037411966364,35.76905823289364,1.7683089214380825,565.5119630253068,154.84728415456655,472.4055,52.626000000000005,428.472,47.04,1000.5435,162065.8,56.3563,17753.88909491929,2875735.277156236,2899989.1662511555,33595.79664331737,0.006135806313704459,0.42823925196655616,24933.199999999997,2498.920116,1973.0803050000002,394196.145,-2.479999999999997,2.479999999999997,0.3680000000000002,0,0.07499999999999996,0.04571428571428474,0.9871237910440948,0.24278190106596131,1,1,1,1,1,True,False,False,False,False,1.0,2025-10-06,0,6,10,41
06-10-2025 00:00,Fur_2,3752,7.04,117.597,23.026,26.447,14.04,55.01,78.55%,78.55,181.10999999999999,0.6493125724697698,0.12713820330186076,0.14602727624095854,0.07752194798741097,0.22489519099215804,0.195804313070875,0.07752194798741097,0.8706469213654886,20.716691513444868,31.905575551199647,1.8763326226012795,532.9544697507855,145.8455082546519,529.1865,64.47279999999999,476.046,49.14,1118.8453000000002,171691.52,63.38849999999999,17650.603816149625,2708559.439014964,2732710.0428311136,34352.10613238358,0.006474410826327906,0.42547973343589135,26414.08,3110.0878589999998,2707.788522,441223.94399999996,-2.990000000000002,2.990000000000002,0.33399999999999985,0,0.07999999999999996,0.0,1.0,0.224,1,1,1,0,0,False,True,False,False,False,2.0,2025-10-06,0,6,10,41
06-10-2025 00:00,Fur_3,3753,7.05,115.223,23.375,25.69,15.31,52.53,79.37%,79.37,179.598,0.6415605964431674,0.13015178342743236,0.14304168197864117,0.08524593815075891,0.22295895591193637,0.20286748129394755,0.08524593815075891,0.9098870801912385,20.896669227942404,32.5716217025106,1.8784972022382094,532.3403500226453,147.32151805699394,518.5035,65.45,462.42,53.585,1099.9585000000002,171981.225,62.8593,17498.739247812184,2735971.049629888,2759969.7888777,34340.79617864502,0.006355159340587708,0.4203976786396941,26458.649999999998,2960.0788700000003,2693.337625,432431.919,-5.469999999999999,5.469999999999999,0.16866666666666674,0,0.07833333333333337,0.0,1.0,0.22350000000000003,1,0,1,0,0,False,False,True,False,False,3.0,2025-10-06,0,6,10,41
06-10-2025 00:00,Fur_4,3752,6.59,117.697,20.651,25.342,12.45,53.5,76.97%,76.97,176.14,0.6682014306801408,0.11724196661746339,0.1438741909844442,0.07068241171795163,0.21531559669901867,0.17545901615624004,0.07068241171795163,0.8148922415400426,21.301237651867833,31.878467319655833,1.7563965884861408,569.3474098107117,140.37515612580904,529.6365000000001,57.822799999999994,456.15599999999995,43.574999999999996,1087.1903,160716.91999999998,61.648999999999994,17635.16520949245,2606967.185193596,2631102.3504030886,33745.060284764506,0.006719176033193763,0.4195732798572614,24725.68,2982.677374,2430.560747,441599.14400000003,-4.5,4.5,0.23333333333333334,0,0.07999999999999996,0.0,1.0,0.224,1,1,1,0,0,False,False,False,True,False,4.0,2025-10-06,0,6,10,41
06-10-2025 00:00,Fur_5,3753,6.87,115.271,20.191,24.843,15.19,53.24,80.26%,80.26,175.49499999999998,0.6568335280207415,0.11505171087495371,0.1415595885922676,0.08655517251203738,0.21551821173132696,0.17516114048493428,0.08655517251203738,0.8127439998090407,21.38522465027494,32.5580585528185,1.8305355715427658,546.288130089064,146.91649334738884,518.7195,56.53479999999999,447.174,53.165,1075.5933,167590.215,61.42324999999999,17511.175328560443,2728449.1621657927,2752460.3374943533,33872.26602872696,0.0063770678292240455,0.41574636063649706,25783.11,2863.6774530000002,2327.436761,432612.063,-4.759999999999998,4.759999999999998,0.21600000000000014,0,0.07833333333333337,0.0,1.0,0.22350000000000003,1,1,1,0,0,False,False,False,False,True,5.0,2025-10-06,0,6,10,41
07-10-2025 00:00,Fur_1,3675,5.88,88.792,15.696,19.579,10.56,53.85,92.87%,92.87,134.627,0.6595408053362253,0.11658879719521344,0.14543145134334123,0.07843894612522005,0.2205040969850426,0.17677268023276105,0.07843894612522005,0.801675223368138,27.29764460323709,41.388863395476356,1.6,624.9998937075011,160.51015026703408,399.564,43.9488,352.422,36.96,832.8948,140458.5,47.11945,17676.24197650864,2980902.7906734906,3005079.0326499995,32013.199452966863,0.0058948727994296785,0.42312906744044987,21609.0,1738.458568,1393.679232,326310.60000000003,-4.149999999999999,4.149999999999999,0.25666666666666677,0,0.20833333333333337,1.0,0.968538172550907,0.7562076345101814,1,1,1,1,1,True,False,False,False,False,1.0,2025-10-07,1,7,10,41
07-10-2025 00:00,Fur_2,3673,6.36,104.403,19.433,23.226,13.0,53.86,84.55%,84.55,160.062,0.6522659969261911,0.12140920393347576,0.14510627131986353,0.08121852782046957,0.22246486956826075,0.18613449626797604,0.08121852782046957,0.8366916026568672,22.947357898814207,35.18098105245078,1.731554587530629,577.5156324660954,145.94519623645837,469.81350000000003,54.4124,418.068,45.5,987.7939,151841.82,56.0217,17632.344252316514,2710410.7872485127,2734543.131500829,31964.268047934882,0.006463367110554482,0.4232340369787665,23360.280000000002,2424.864078,2028.863499,383472.21900000004,-4.140000000000001,4.140000000000001,0.2573333333333333,0,0.21166666666666667,0.0,1.0,0.2635,1,1,1,0,0,False,True,False,False,False,2.0,2025-10-07,1,7,10,41
07-10-2025 00:00,Fur_3,3674,6.28,104.363,21.204,22.649,16.82,52.9,84.86%,84.86,165.036,0.6323650597445406,0.1284810586781066,0.13723672410867932,0.1019171574686735,0.21702135606468428,0.2031754529557846,0.1019171574686735,0.9362002324076015,22.26180954458421,35.204047074115856,1.7093086554164398,585.0317539758353,139.80416393998885,469.6335,59.371199999999995,407.682,58.870000000000005,995.5567000000001,149972.68,57.7626,17235.316623559193,2596363.044599793,2620098.361223352,30515.93712116646,0.006594477896554781,0.40950153818461565,23072.72,2363.717587,2212.913052,383429.662,-5.100000000000001,5.100000000000001,0.19333333333333325,0,0.20999999999999996,0.0,1.0,0.263,1,0,1,0,0,False,False,True,False,False,3.0,2025-10-07,1,7,10,41
07-10-2025 00:00,Fur_4,3672,5.71,96.047,16.806,21.272,10.45,52.03,83.41%,83.41,144.575,0.6643403077987204,0.11624416392875672,0.1471347051703268,0.07228082310219609,0.22147490060621466,0.17497683243644435,0.07228082310219609,0.7900526142322013,25.398582050838666,38.23128220317884,1.5550108932461872,643.0821991099476,145.02590351028877,432.2115,47.0568,382.89599999999996,36.574999999999996,898.7393,136286.28,50.60124999999999,17761.207480052373,2693338.2080482203,2717599.4155282727,32195.23060689815,0.006551293316033379,0.42603678285794333,20967.12,2043.1117839999997,1614.165882,352684.584,-5.969999999999999,5.969999999999999,0.13533333333333342,0,0.21333333333333337,0.0,1.0,0.264,1,1,1,0,0,False,False,False,True,False,4.0,2025-10-07,1,7,10,41
07-10-2025 00:00,Fur_5,3671,5.62,96.141,16.762,21.259,11.02,51.68,81.11%,81.11,145.18200000000002,0.6622101913460346,0.11545508396357675,0.14642999820914437,0.07590472648124422,0.22112313975179018,0.1743480910917497,0.07590472648124422,0.7884660243442295,25.28550371258145,38.183500918614314,1.5309180059929175,653.2027307468451,142.10453086470773,432.6345,46.9336,382.66200000000003,38.57,900.8001,134101.63,50.813700000000004,17727.5045902975,2639084.144630287,2663311.6492205844,32435.898784807996,0.006672473223872731,0.42480235071021866,20631.02,2043.861519,1611.5154420000001,352933.61100000003,-6.32,6.32,0.11199999999999997,0,0.21499999999999997,0.0,1.0,0.2645,1,1,1,0,0,False,False,False,False,True,5.0,2025-10-07,1,7,10,41
08-10-2025 00:00,Fur_1,3714,6.5,105.633,21.566,22.869,14.64,53.28,83.31%,83.31,164.70799999999997,0.6413349685504044,0.13093474512470557,0.1388457148408092,0.08888457148408094,0.21649484331132465,0.20415968301421258,0.08888457148408094,0.9430232654237934,22.54899579862545,35.15946687910533,1.7501346257404415,571.3845274793034,146.56847269106544,475.3485,60.38479999999999,411.642,51.24,998.6152999999999,156916.5,57.64779999999998,17322.69574901384,2721985.921405501,2745808.617154515,32568.006371183903,0.0063237474012723584,0.4122127910517694,24141.0,2415.7210769999997,2278.0812779999997,392320.962,-4.719999999999999,4.719999999999999,0.21866666666666673,0,0.1433333333333333,0.0,1.0,0.243,1,0,1,0,0,True,False,False,False,False,1.0,2025-10-08,2,8,10,41
08-10-2025 00:00,Fur_2,3712,6.94,118.611,23.534,25.858,14.72,53.31,79.21%,79.21,182.723,0.6491301040372586,0.12879604647471854,0.14151475183748077,0.08055909765054207,0.21800675976084208,0.19841329894855197,0.08055909765054207,0.91012449106178,20.31490288578887,31.295579404139755,1.8696120689655173,534.870239932242,140.98542602737479,533.7495,65.89519999999999,465.444,51.52,1116.6087,167448.32,63.95305,17459.81935185265,2618300.7690798175,2642260.5884316703,32941.7851693264,0.00662420533506861,0.41683716059170955,25761.280000000002,3067.043238,2791.391274,440284.032,-4.689999999999998,4.689999999999998,0.22066666666666682,0,0.1466666666666666,0.0,1.0,0.244,1,1,1,0,0,False,True,False,False,False,2.0,2025-10-08,2,8,10,41
08-10-2025 00:00,Fur_3,3711,6.82,117.013,24.987,24.267,14.97,52.26,82.37%,82.37,181.237,0.6456352731506261,0.13786919889426552,0.1338965001627703,0.08259902779233821,0.20738721161420345,0.2135403740307455,0.08259902779233821,1.029669879685586,20.475951378581637,31.714424621927268,1.8377795742387497,544.13481757554,139.64598840192676,526.5585,69.96359999999999,436.806,52.395,1085.7231,164508.63,63.43294999999999,17116.074532242314,2593425.498892926,2617041.5734251686,31390.686978831338,0.00655652248808477,0.40231804960214995,25309.02,2839.554471,2923.8038309999997,434235.243,-5.740000000000002,5.740000000000002,0.15066666666666653,0,0.14833333333333332,0.0,1.0,0.2445,1,0,1,0,0,False,False,True,False,False,3.0,2025-10-08,2,8,10,41
08-10-2025 00:00,Fur_4,3710,6.49,106.275,20.251,23.448,10.36,51.21,82.05%,82.05,160.334,0.6628350817668118,0.1263050881285317,0.14624471415919268,0.06461511594546383,0.22063514259576436,0.1905528093102535,0.06461511594546383,0.8636557120583541,23.139196926416105,34.90943274608861,1.7493261455525608,571.6486022113094,150.17338805244054,478.2375,56.702799999999996,422.064,36.26,993.2643,156506.35,56.116899999999994,17699.913929671813,2788934.349545324,2813134.263474996,33872.77860897045,0.006306455443808664,0.4249261752385543,24077.9,2491.9362,2152.1750250000005,394280.25,-6.789999999999999,6.789999999999999,0.08066666666666672,0,0.15000000000000002,0.0,1.0,0.24500000000000002,1,1,1,0,0,False,False,False,True,False,4.0,2025-10-08,2,8,10,41
08-10-2025 00:00,Fur_5,3711,6.5,105.043,20.05,23.162,17.83,50.76,81.86%,81.86,166.08499999999998,0.6324653039106483,0.12072131739771806,0.13945871090104467,0.10735466779058916,0.22050017401920952,0.19087421160025692,0.10735466779058916,0.8656419624539348,22.343980491916792,35.32838898995279,1.7515494475882512,570.9229890887709,145.23587319745914,472.69350000000003,56.14,416.916,62.404999999999994,1008.1545000000001,156789.75,58.12974999999999,17343.176256563984,2697237.64509567,2721080.821352234,32839.4982060371,0.0063888966282185326,0.41354375743003674,24121.5,2433.005966,2106.1121500000004,389814.57300000003,-7.240000000000002,7.240000000000002,0.050666666666666534,0,0.14833333333333332,0.0,1.0,0.2445,1,1,1,0,0,False,False,False,False,True,5.0,2025-10-08,2,8,10,41
09-10-2025 00:00,Fur_1,3728,6.45,103.218,22.288,22.842,14.45,53.46,82.88%,82.88,162.798,0.6340249880219659,0.1369058587943341,0.14030884900305898,0.08876030418064103,0.22129860856344233,0.2159313277148237,0.08876030418064103,0.9757463892940028,22.89954422044497,36.1177310535204,1.7301502145922747,577.9844065140454,147.70206022187006,464.481,62.4064,411.15599999999995,50.574999999999996,988.6184,156296.4,56.979299999999995,17350.483421172252,2743038.261263301,2766888.7446844736,32986.27497239478,0.00628552172391773,0.41588948779427937,24045.600000000002,2357.705556,2300.5227840000002,384796.704,-4.539999999999999,4.539999999999999,0.23066666666666671,0,0.12,0.0,1.0,0.23600000000000002,1,0,1,0,0,True,False,False,False,False,1.0,2025-10-09,3,9,10,41
09-10-2025 00:00,Fur_2,3718,8.17,131.999,28.167,28.985,11.38,53.42,82.79%,82.79,200.531,0.6582473532770494,0.1404620731956655,0.14454124299983542,0.056749330527449626,0.2195849951925015,0.21338797859538347,0.056749330527449626,0.9717784725969132,18.54077424438117,28.166879838734538,2.197417966648736,455.0795036622395,151.47812557659415,593.9955,78.8676,521.73,39.830000000000005,1234.4231,197444.38999999998,70.18585,17587.91978725056,2813165.189279605,2837253.1090668556,33861.47641803145,0.006213159222864313,0.422650872298161,30376.06,3825.9910149999996,3718.015833,490772.282,-4.579999999999998,4.579999999999998,0.22800000000000012,0,0.13666666666666671,0.0,0.9982189466908721,0.24064378933817443,1,0,1,0,0,False,True,False,False,False,2.0,2025-10-09,3,9,10,41
09-10-2025 00:00,Fur_3,3721,7.11,114.278,24.732,23.72,13.08,50.59,85.30%,85.3,175.81,0.6500085319378875,0.14067459188897105,0.13491837779420965,0.0743984983789318,0.20756400875440584,0.21641960642976243,0.0743984983789318,1.0426643742552961,21.164893919572265,32.56094757905329,1.9107766729373825,523.3473244237236,150.48239576815882,514.251,69.24959999999999,426.96,45.78,1056.2405999999999,171966.015,61.5335,17165.293701804705,2794673.0642658067,2818338.3579676114,32657.45490113107,0.006104651660777447,0.40422608258004855,26456.31,2710.67416,2826.323496,425228.438,-7.409999999999997,7.409999999999997,0.03933333333333356,0,0.1316666666666667,0.04285714285714245,1.0,0.26092857142857123,1,0,1,1,0,False,False,True,False,False,3.0,2025-10-09,3,9,10,41
09-10-2025 00:00,Fur_4,3717,6.58,104.989,20.529,22.972,12.01,52.16,87.22%,87.22,160.5,0.6541370716510904,0.12790654205607477,0.14312772585669783,0.07482866043613708,0.21880387260756964,0.19553476844683948,0.07482866043613708,0.8936531040548013,23.1588785046729,35.40370862277278,1.7702448210922788,564.8935311711958,152.38542056074766,472.45050000000003,57.481199999999994,413.49600000000004,42.035,985.4626999999999,158976.09,56.175,17542.727191811304,2830014.953271028,2854057.6804628395,32351.594654985714,0.0061606222455728886,0.41959578987616686,24457.86,2411.8073080000004,2155.3191810000003,390244.113,-5.840000000000003,5.840000000000003,0.14399999999999977,0,0.1383333333333333,0.317142857142857,0.99524698218459,0.39912082500834645,1,1,1,1,1,False,False,False,True,False,4.0,2025-10-09,3,9,10,41
09-10-2025 00:00,Fur_5,3719,6.57,103.182,20.014,22.659,11.67,52.45,89.08%,89.08,157.52499999999998,0.6550198381209333,0.12705284875416603,0.14384383431201397,0.07408347881288685,0.219602254079178,0.19396793826473668,0.07408347881288685,0.8832693021197183,23.608950960165057,36.043107944766454,1.7666039257865018,566.0577525026251,155.11080780828442,464.319,56.039199999999994,407.86199999999997,40.845,969.0652,158819.89500000002,55.13374999999999,17576.624118620628,2880629.2878681393,2904705.91198676,32245.847157934724,0.0060646567747050135,0.4208818973171258,24433.83,2338.000938,2065.084548,383733.858,-5.549999999999997,5.549999999999997,0.16333333333333352,0,0.135,0.5828571428571426,0.9862896132134883,0.5291864940712689,1,1,1,1,1,False,False,False,False,True,5.0,2025-10-09,3,9,10,41
10-10-2025 00:00,Fur_1,3699,6.95,106.751,22.554,23.105,13.64,54.04,90.55%,90.55,166.05,0.6428846732911774,0.13582655826558263,0.13914483589280335,0.08214393255043662,0.21643825147831636,0.21127670737251444,0.08214393255043662,0.9761523057280974,22.27642276422764,34.650728942579185,1.8788861854555285,532.2301392474619,154.8211382113821,480.3795,63.15119999999999,415.89,47.74,1007.1607,167102.325,58.1175,17329.732008431194,2875249.7096399534,2899079.4416483846,31666.624157819602,0.005991099763384737,0.4129331098800817,25708.05,2466.481855,2407.662054,394871.949,-3.960000000000001,3.960000000000001,0.26933333333333326,0,0.16833333333333333,0.7928571428571425,0.9872846799573682,0.6443855074200449,1,0,1,1,0,True,False,False,False,False,1.0,2025-10-10,4,10,10,41
10-10-2025 00:00,Fur_2,3696,8.02,127.152,25.363,28.153,16.71,53.92,93.41%,93.41,197.378,0.6442055345580562,0.12849963015128332,0.14263494411737884,0.08465989117328174,0.22141216637243483,0.19946992418939596,0.08465989117328174,0.9008986288886218,18.72549118949427,29.067572440326757,2.16991341991342,460.8478228369299,150.17843933974405,572.184,71.01639999999999,506.75399999999996,58.485,1208.4393999999998,192672.47999999998,69.08229999999999,17492.749951869002,2789028.1591666755,2813020.9091185443,29795.793974351705,0.006232894932310703,0.4193458108035869,29641.92,3579.710256,3224.956176,469953.792,-4.079999999999998,4.079999999999998,0.2613333333333335,0,0.17333333333333334,1.0,1.0,0.752,1,1,1,1,1,False,True,False,False,False,2.0,2025-10-10,4,10,10,41
10-10-2025 00:00,Fur_3,3696,8.32,138.662,27.016,29.688,15.0,53.2,81.27%,81.27,210.36599999999999,0.6591464400140707,0.12842379471967905,0.14112546704315337,0.07130429822309689,0.21410335770360042,0.19483347856778727,0.07130429822309689,0.9099972746565186,17.569379082171075,26.654742996244515,2.2510822510822512,444.2307158376544,146.17723396366335,623.979,75.64479999999999,534.384,52.5,1286.5078,199879.68,73.62809999999999,17473.054445245773,2714720.0593251763,2738693.113770422,33289.08610393123,0.006395248694969802,0.41537563938594074,30750.72,4116.597456,3746.092592,512494.75200000004,-4.799999999999997,4.799999999999997,0.2133333333333335,0,0.17333333333333334,0.0,1.0,0.252,1,1,1,0,0,False,False,True,False,False,3.0,2025-10-10,4,10,10,41
10-10-2025 00:00,Fur_4,3698,7.12,116.406,23.887,25.433,11.69,52.84,82.78%,82.78,177.416,0.6561189520674573,0.13463836407088425,0.1433523470261983,0.06589033683546015,0.21848529956801796,0.20520419733343473,0.06589033683546015,0.9392127967910668,20.8436668620643,31.768121645206246,1.9253650621957816,519.381949525007,148.40690805789782,523.827,66.8836,457.794,40.915,1089.4196,171143.44,62.0956,17544.23179742204,2756128.2925038165,2780172.5243012384,33184.20296372927,0.006325271510501007,0.42021825199399754,26329.760000000002,2960.553798,2780.590122,430469.38800000004,-5.159999999999997,5.159999999999997,0.18933333333333355,0,0.17000000000000004,0.0,1.0,0.251,1,0,1,0,0,False,False,False,True,False,4.0,2025-10-10,4,10,10,41
10-10-2025 00:00,Fur_5,3698,6.57,106.189,21.962,23.099,11.61,52.98,83.81%,83.81,162.85999999999996,0.6520262802406976,0.13485202013999759,0.14183347660567364,0.07128822301363136,0.21752723711940752,0.20681991348614345,0.07128822301363136,0.9507770487563509,22.706619182119617,34.82469902885705,1.776636019469984,562.861405957168,149.1824880265259,477.85049999999995,61.493599999999994,415.782,40.635,995.7610999999999,157923.09,57.00099999999998,17469.186505499907,2770531.920492624,2794501.1069981237,32950.13685883886,0.006265846330423162,0.41755196100751474,24295.86,2452.859711,2332.122818,392686.92199999996,-5.020000000000003,5.020000000000003,0.19866666666666646,0,0.17000000000000004,0.0,1.0,0.251,1,0,1,0,0,False,False,False,False,True,5.0,2025-10-10,4,10,10,41
11-10-2025 00:00,Fur_1,3673,6.94,113.4,21.192,24.086,13.89,53.01,88.59%,88.59,172.56799999999998,0.6571322609058459,0.12280376431319828,0.13957396504566316,0.08049000973529276,0.2123985871922523,0.18687830523035004,0.08049000973529276,0.8798471776198963,21.284363265495344,32.389770437479974,1.8894636536890825,529.2506442001953,147.71348106253768,510.3,59.337599999999995,433.548,48.615,1051.8006,165689.03,60.39879999999999,17414.263197282067,2743250.3625899856,2767164.6257872675,30886.980977645577,0.006307996644944146,0.4121959998881917,25490.620000000003,2731.3523999999998,2403.1728000000003,416518.2,-4.990000000000002,4.990000000000002,0.20066666666666652,0,0.21166666666666667,0.5128571428571433,1.0,0.5199285714285717,1,1,1,1,1,True,False,False,False,False,1.0,2025-10-11,5,11,10,41
11-10-2025 00:00,Fur_2,3672,8.63,146.39,26.618,31.868,13.56,53.32,82.47%,82.47,218.43599999999998,0.6701734146386127,0.12185720302514239,0.14589170283286637,0.06207767950337857,0.2176924638452595,0.18182935868686825,0.06207767950337857,0.8352579127884425,16.810415865516674,25.083680407926224,2.3502178649237475,425.4924188305424,145.07388891940892,658.7549999999999,74.53039999999999,573.624,47.46,1354.3694,205980.84000000003,76.45259999999999,17715.15161027879,2694229.365646166,2718444.517256445,32567.92281366293,0.006532269188235618,0.4235358536600133,31689.360000000004,4665.15652,3896.6090199999994,537544.08,-4.68,4.68,0.22133333333333335,0,0.21333333333333337,0.0,1.0,0.264,1,1,1,0,0,False,True,False,False,False,2.0,2025-10-11,5,11,10,41
11-10-2025 00:00,Fur_3,3706,8.56,142.191,25.036,31.266,13.26,54.41,82.72%,82.72,211.753,0.6714946187303132,0.11823209116281708,0.14765316193867384,0.06262012816819597,0.21988733309501068,0.17607302729375962,0.06262012816819597,0.800741994475085,17.50152300085477,26.063534076956106,2.309767943874798,432.9438746560894,149.81303688731683,639.8595,70.10079999999999,562.788,46.41,1319.1583,206201.84000000003,74.11354999999999,17799.151437220324,2782242.113621599,2806541.265058819,33522.94869874366,0.006356746116327833,0.42662658454258295,31723.36,4445.7438059999995,3559.893876,526959.846,-3.5900000000000034,3.5900000000000034,0.29399999999999976,0,0.15666666666666662,0.0,1.0,0.247,1,1,1,0,0,False,False,True,False,False,3.0,2025-10-11,5,11,10,41
11-10-2025 00:00,Fur_4,3709,7.13,112.863,22.377,24.35,15.66,54.02,87.12%,87.12,175.25,0.6440114122681883,0.1276861626248217,0.13894436519258202,0.08935805991440798,0.21574829469579673,0.19826692363071224,0.08935805991440798,0.9189732682146501,21.164051355206848,32.86285113046037,1.9223510380156377,520.19628047738,150.89968616262482,507.8835,62.65559999999999,438.3,54.81,1063.6490999999999,171893.605,61.3375,17340.926839209293,2802422.7430201755,2826263.6698593847,32072.89684361535,0.006149780219018866,0.41207198877900625,26445.17,2748.21405,2525.535351,418608.86699999997,-3.979999999999997,3.979999999999997,0.2680000000000002,0,0.15166666666666662,0.3028571428571435,1.0,0.39692857142857174,1,1,1,1,1,False,False,False,True,False,4.0,2025-10-11,5,11,10,41
11-10-2025 00:00,Fur_5,3711,6.62,109.175,21.678,23.584,10.51,53.66,83.10%,83.1,164.947,0.6618792703110696,0.13142403317429235,0.1429792600047288,0.06371743650990924,0.21602014915484177,0.19856194001775188,0.06371743650990924,0.919182457633037,22.498135764821427,33.99129806282301,1.7838857450821881,560.5739334480463,148.93765876311784,491.28749999999997,60.6984,424.512,36.785,1013.2829,159684.33000000002,57.731449999999995,17551.66204902181,2765985.0913150464,2790036.7533640685,33175.22893417442,0.00630552552532658,0.41894716667971005,24566.82,2574.7832,2366.69565,405148.425,-4.340000000000003,4.340000000000003,0.24399999999999977,0,0.14833333333333332,0.0,1.0,0.2445,1,1,1,0,0,False,False,False,False,True,5.0,2025-10-11,5,11,10,41
12-10-2025 00:00,Fur_1,3600,6.93,117.559,22.215,25.758,13.96,54.03,86.97%,86.97,179.49200000000002,0.6549539812359324,0.12376596171417109,0.14350500300849062,0.07777505404140574,0.21910699972688608,0.18896894164658648,0.07777505404140574,0.8624504673324611,20.056604194058785,30.622920996070732,1.9249999999999998,519.4804445194164,138.9922670648274,529.0155,62.202,463.644,48.86,1103.7214999999999,162162.0,62.8222,17568.97243331179,2581284.959775366,2605353.9322086778,29616.391181183106,0.006760276988087789,0.420073360897654,24948.0,3028.084722,2611.5731849999997,423212.39999999997,-3.969999999999999,3.969999999999999,0.2686666666666667,0,0.33333333333333337,0.28142857142857125,1.0,0.4407142857142856,1,1,1,1,1,True,False,False,False,False,1.0,2025-10-12,6,12,10,41
12-10-2025 00:00,Fur_2,3600,8.62,145.288,27.45,31.799,16.18,54.61,87.67%,87.67,220.717,0.658254688130049,0.12436740260152139,0.1440713674071322,0.0733065418612975,0.21886872818905395,0.18893507936694648,0.0733065418612975,0.8632346657682737,16.310479029707725,24.77837106451757,2.3944444444444444,417.63336222350796,140.59632923608058,653.796,76.86,572.382,56.629999999999995,1359.6680000000001,201707.99999999997,77.25095,17600.66381060686,2611074.685812925,2635175.349623532,29718.905488029006,0.006695639997205268,0.42097188431293514,31031.999999999996,4620.013112000001,3988.1556,523036.80000000005,-3.3900000000000006,3.3900000000000006,0.3073333333333333,0,0.33333333333333337,0.38142857142857167,1.0,0.4907142857142858,1,1,1,1,1,False,True,False,False,False,2.0,2025-10-12,6,12,10,41
12-10-2025 00:00,Fur_3,3648,8.47,137.755,22.605,30.733,12.66,54.58,87.13%,87.13,203.753,0.6760882048362479,0.11094315175727475,0.1508345889385678,0.06213405446790968,0.22309897845378407,0.16409567591669505,0.06213405446790968,0.7355285609758708,17.9040308608953,26.481797201685623,2.3218201754385968,430.69652530147283,151.6471413917832,619.8975,63.294,553.194,44.31,1280.6954999999998,200840.64,71.31354999999999,17958.655823472538,2816304.054418831,2840762.7102423036,32233.776355864105,0.0063362707199211025,0.43194810944521944,30898.56,4233.624415,3113.951775,502530.24,-3.4200000000000017,3.4200000000000017,0.30533333333333323,0,0.2533333333333333,0.30428571428571366,0.9975982578390796,0.42766250871067274,1,1,1,1,1,False,False,True,False,False,3.0,2025-10-12,6,12,10,41
12-10-2025 00:00,Fur_4,3642,7.06,115.268,22.353,25.576,15.15,55.45,86.01%,86.01,178.347,0.6463130862868453,0.12533432017359417,0.14340583245022342,0.08494676108933708,0.22188291440917762,0.19392198880936612,0.08494676108933708,0.8739833877860733,20.420864943060437,31.59593268213266,1.9384953322350356,515.8639495943414,144.17130649800666,518.706,62.5884,460.368,53.025,1094.6874,167131.38,62.42145,17537.038950553055,2677467.120677267,2701504.1596278204,31048.203190757617,0.006507240030744486,0.4205474549172668,25712.519999999997,2948.094368,2576.5856040000003,419806.056,-2.549999999999997,2.549999999999997,0.3633333333333335,0,0.2633333333333333,0.14428571428571502,1.0,0.35114285714285753,1,1,1,1,1,False,False,False,True,False,4.0,2025-10-12,6,12,10,41
12-10-2025 00:00,Fur_5,3646,6.77,108.065,20.822,23.992,14.97,54.96,86.00%,86.0,167.849,0.6438227216128782,0.12405197528731181,0.14293799784329964,0.08918730525651032,0.22201452623870332,0.19268032949909472,0.08918730525651032,0.8678725880346536,21.721904807297037,33.738953095461504,1.856829402084476,538.5523576732116,147.05729554540093,486.2925,58.30159999999999,431.856,52.395,1028.8451,160442.22999999998,58.74714999999999,17513.106593256016,2731064.0601288746,2755077.1667221305,31667.553640484257,0.006371699075904649,0.4197483177982769,24683.42,2592.69548,2250.12943,394004.99,-3.039999999999999,3.039999999999999,0.3306666666666667,0,0.2566666666666667,0.14285714285714285,1.0,0.3484285714285714,1,1,1,1,1,False,False,False,False,True,5.0,2025-10-12,6,12,10,41
13-10-2025 00:00,Fur_1,3650,5.89,90.062,16.611,19.972,19.44,52.88,92.05%,92.05,146.085,0.6165040900845398,0.1137077728719581,0.1367149262415717,0.13307321080193038,0.2217583417894524,0.1844396062219404,0.13307321080193038,0.8317143585162047,24.985453674230754,40.527636067068954,1.6136986301369862,619.6942920722764,147.16432214121915,405.279,46.510799999999996,359.49600000000004,68.04,879.3258000000001,139740.25,51.12975,17197.928798791312,2733051.6969083557,2756749.625707147,29626.54084585865,0.00625322466660435,0.4088314024221739,21498.5,1798.718264,1496.019882,328726.3,-5.119999999999997,5.119999999999997,0.19200000000000017,0,0.25,1.0,1.0,0.7749999999999999,1,1,1,1,1,True,False,False,False,False,1.0,2025-10-13,0,13,10,42
13-10-2025 00:00,Fur_2,3651,9.66,132.047,25.034,28.238,13.5,53.28,91.52%,91.52,198.819,0.6641568461766733,0.12591351933165343,0.14202867935157104,0.0679009551401023,0.21384809792083048,0.18958401031765953,0.0679009551401023,0.8865358422503066,18.363436090112113,27.64924589237737,2.645850451930978,377.95027143371937,177.39079263048302,594.2115,70.09519999999999,508.284,47.25,1219.8407,229246.29,69.58664999999999,17529.809237835132,3294400.4345661136,3318430.2438039486,35867.16649161207,0.005292928276684084,0.4166806370700699,35268.66,3728.7431859999997,3305.664598,482103.597,-4.719999999999999,4.719999999999999,0.21866666666666673,0,0.2483333333333333,0.9314285714285708,0.9131205926790034,0.7228384042500862,1,1,1,1,1,False,True,False,False,False,2.0,2025-10-13,0,13,10,42
13-10-2025 00:00,Fur_3,3652,8.29,135.048,21.733,29.104,12.94,53.33,88.87%,88.87,198.825,0.679230479064504,0.10930717968062367,0.1463799823965799,0.06508235885829247,0.21550855832364374,0.16092796516106891,0.06508235885829247,0.7467358182127605,18.367911479944677,27.0422366340691,2.2699890470974804,440.5307068117363,152.26998616874135,607.716,60.852399999999996,523.872,45.29,1237.7304,196788.02,69.58874999999999,17786.35770868136,2827871.1717051966,2852157.529413878,31736.48079908621,0.0062503507624632635,0.4232521072440331,30275.079999999998,3930.436992,2934.998184,493195.29600000003,-4.670000000000002,4.670000000000002,0.2219999999999999,0,0.2466666666666667,0.5528571428571435,0.9955830324973899,0.5495451779280498,1,1,1,1,1,False,False,True,False,False,3.0,2025-10-13,0,13,10,42
13-10-2025 00:00,Fur_4,3670,7.05,117.71,22.093,26.229,13.33,54.1,86.18%,86.18,179.362,0.6562705589812781,0.12317547752589734,0.1462349884590939,0.07431897503373067,0.22282728550822117,0.18769008420958216,0.07431897503373067,0.8423119126801665,20.461413231342203,31.17831933414052,1.9209809264305178,520.5673020471912,144.25296328096252,529.6949999999999,61.8604,472.12199999999996,46.655,1110.3324,168177.75,62.77669999999999,17687.01444962861,2678983.6037893044,2703170.618238933,31006.774698771882,0.006558833819007214,0.4252078026363997,25873.5,3087.4155899999996,2600.5670299999997,431995.69999999995,-3.8999999999999986,3.8999999999999986,0.27333333333333343,0,0.21666666666666667,0.16857142857142954,1.0,0.34928571428571475,1,1,1,1,1,False,False,False,True,False,4.0,2025-10-13,0,13,10,42
13-10-2025 00:00,Fur_5,3671,7.07,116.542,21.839,25.978,13.3,54.16,87.27%,87.27,177.65900000000002,0.6559870313353109,0.12292650527133439,0.14622394587383694,0.07486251751951772,0.22290676131431794,0.18739166834796323,0.07486251751951772,0.840672844688858,20.66318058753004,31.4993733460952,1.9259057477526562,519.23613589305,146.0886867538374,524.439,61.14919999999999,467.60400000000004,46.550000000000004,1099.7422,168700.805,62.18065,17686.244836617177,2713075.611142695,2737261.855979312,31010.103726966267,0.006476670529834428,0.42519419551236654,25953.97,3027.528076,2545.160738,427825.68200000003,-3.8400000000000034,3.8400000000000034,0.2773333333333331,0,0.21499999999999997,0.32428571428571373,1.0,0.4266428571428569,1,1,1,1,1,False,False,False,False,True,5.0,2025-10-13,0,13,10,42
14-10-2025 00:00,Fur_1,3650,6.69,97.173,18.771,21.684,18.5,53.02,81.69%,81.69,156.12800000000001,0.6223931645829063,0.12022827423652387,0.13888604222176676,0.11849251895880303,0.22314840312485565,0.19317094055786135,0.11849251895880303,0.8656612771785059,23.378253740520595,37.561873796611465,1.8328767123287673,545.5903519296933,156.4005175240828,437.2785,52.5588,390.312,64.75,944.8993,158720.25,54.644800000000004,17291.659956665593,2904581.0397329666,2928372.6996896323,35413.86745301285,0.005918005927671782,0.4130725887933243,24418.5,2107.0993320000002,1824.0343830000002,354681.45,-4.979999999999997,4.979999999999997,0.20133333333333353,0,0.25,0.0,0.9821040346959987,0.27142080693919973,1,1,1,0,0,True,False,False,False,False,1.0,2025-10-14,1,14,10,42
14-10-2025 00:00,Fur_2,3660,8.51,145.149,26.019,30.323,12.94,52.26,83.60%,83.6,214.431,0.6769030597255061,0.1213397316619332,0.14141145636591723,0.06034575224664344,0.20890946400657626,0.17925717587267445,0.06034575224664344,0.8580615091494406,17.068427606083073,25.21546806925664,2.3251366120218577,430.0822056307632,145.25231892776696,653.1705,72.85319999999999,545.814,45.29,1317.1277,202452.9,75.05085,17549.803899622722,2697543.0658013867,2721592.8697010092,32170.128483463468,0.0064637950677375305,0.4143971765228231,31146.6,4401.353127,3776.6318309999997,531245.34,-5.740000000000002,5.740000000000002,0.15066666666666653,0,0.23333333333333328,0.0,1.0,0.27,1,1,1,0,0,False,True,False,False,False,2.0,2025-10-14,1,14,10,42
14-10-2025 00:00,Fur_3,3670,8.19,140.42,22.086,30.55,13.72,52.21,84.83%,84.83,206.77599999999998,0.6790923511432662,0.10681123534646188,0.14774441908151817,0.06635199442875384,0.21756159936218775,0.1572852858760484,0.06635199442875384,0.7229459665156802,17.748674894571906,26.13587789391912,2.231607629427793,448.1073933934807,145.3616473865439,631.89,61.840799999999994,549.9,48.02,1291.6508,195372.44999999998,72.37159999999999,17847.481608807877,2699573.451464387,2723920.933073195,31736.233637110512,0.006567801620863995,0.42573426192280456,30057.3,4289.831,3101.3161199999995,515341.39999999997,-5.789999999999999,5.789999999999999,0.1473333333333334,0,0.21666666666666667,0.0,1.0,0.265,1,1,1,0,0,False,False,True,False,False,3.0,2025-10-14,1,14,10,42
14-10-2025 00:00,Fur_4,3733,6.91,115.173,22.143,26.088,13.51,52.24,89.99%,89.99,176.914,0.6510112257933234,0.12516250833738427,0.14746147845846005,0.07636478741083239,0.22651141998114646,0.19225860060727254,0.07636478741083239,0.8487810162227454,21.100647772363974,32.41211019586092,1.8510581301901956,540.2314702993531,145.80547610703505,518.2785,62.0004,469.584,47.285,1097.1479000000002,167667.695,61.91989999999999,17718.825450299504,2707815.984844937,2732034.8102952363,30025.660075780157,0.006501045366718378,0.4280042827407316,25795.03,3004.633224,2550.275739,429940.809,-5.759999999999998,5.759999999999998,0.14933333333333346,0,0.11166666666666669,0.7128571428571421,1.0,0.5899285714285711,1,1,1,1,1,False,False,False,True,False,4.0,2025-10-14,1,14,10,42
14-10-2025 00:00,Fur_5,3735,6.99,114.07,21.925,25.832,14.03,51.5,90.63%,90.63,175.857,0.6486520297741915,0.12467516220565573,0.14689207708535912,0.07978073093479361,0.22645743642975863,0.19220653815896788,0.07978073093479361,0.8487534511941216,21.238847472662446,32.743052224572175,1.8714859437751006,534.3346875057672,148.45954383391052,513.3149999999999,61.39,464.976,49.105,1088.786,169699.725,61.549949999999995,17689.47009705126,2757105.8140583383,2781295.2841553898,30353.544517684055,0.006375054115905958,0.4270591282400765,26107.65,2946.65624,2500.98475,426051.44999999995,-6.5,6.5,0.1,0,0.10833333333333328,0.8042857142857136,1.0,0.6346428571428568,1,1,1,1,1,False,False,False,False,True,5.0,2025-10-14,1,14,10,42
15-10-2025 00:00,Fur_1,3680,7.01,110.97,22.166,24.97,12.8,51.64,85.27%,85.27,170.906,0.6493042959287562,0.12969702643558448,0.14610370613085555,0.07489497150480381,0.22501576800021836,0.19974767775301724,0.07489497150480381,0.8877052107446852,21.532304307631094,33.16211558833815,1.904891304347826,524.9642617739997,150.94145319649397,499.365,62.0648,449.46,44.800000000000004,1055.6897999999999,167679.19999999998,59.817099999999996,17648.628903775007,2803198.4165063165,2827347.0454100915,32773.235718211334,0.006256499774594928,0.42575006408132393,25796.8,2770.9208999999996,2459.76102,408369.6,-6.359999999999999,6.359999999999999,0.10933333333333337,0,0.19999999999999996,0.038571428571428,0.9999708788818895,0.27927989006209186,1,1,1,1,1,True,False,False,False,False,1.0,2025-10-15,2,15,10,42
15-10-2025 00:00,Fur_2,3681,8.47,141.566,24.541,30.019,10.89,52.03,83.73%,83.73,207.01600000000002,0.6838408625420257,0.11854639254936815,0.14500811531475827,0.05260462959384782,0.21204950191395178,0.1733537701612409,0.05260462959384782,0.8175155462368652,17.781234300730375,26.002005947741647,2.3010051616408584,434.5926287375881,150.6070545271863,637.047,68.7148,540.342,38.115,1284.2187999999999,202657.45500000002,72.4556,17724.217313775604,2796988.1555048884,2821212.372818664,33296.499148101786,0.006296990585942713,0.420755403985676,31178.070000000003,4249.669754,3474.171206,521104.446,-5.969999999999999,5.969999999999999,0.13533333333333342,0,0.19833333333333336,0.0,1.0,0.2595,1,1,1,0,0,False,True,False,False,False,2.0,2025-10-15,2,15,10,42
15-10-2025 00:00,Fur_3,3682,8.33,142.201,22.018,30.651,16.86,52.11,83.98%,83.98,211.73000000000002,0.6716147924243139,0.10399093184716383,0.14476455863599866,0.07962971709252349,0.21554700588922016,0.15483716601966818,0.07962971709252349,0.7183452181545392,17.39007226184291,25.892926027996104,2.2623574144486693,442.0167536594534,144.85930194115147,639.9045,61.6504,551.718,59.01,1312.2829,199361.89,74.1055,17708.30640100937,2690244.1789070987,2714452.485308108,31942.25094502363,0.0065393711658845955,0.4204261139118707,30671.06,4358.602851,3130.981618,523584.082,-5.890000000000001,5.890000000000001,0.14066666666666663,0,0.19666666666666666,0.0,1.0,0.259,1,1,1,0,0,False,False,True,False,False,3.0,2025-10-15,2,15,10,42
15-10-2025 00:00,Fur_4,3699,6.83,114.052,21.878,24.543,12.18,51.14,89.86%,89.86,172.65300000000002,0.6605851042263963,0.12671659339831917,0.14215217806814823,0.07054612430713626,0.21519131435493183,0.19182477999662628,0.07054612430713626,0.8914150311121285,21.42447568243818,32.4325743307213,1.8464449851311167,541.5811798563426,146.3291689110528,513.234,61.258399999999995,441.774,42.629999999999995,1058.8964,164217.105,60.42855,17523.114488102063,2717541.7083481234,2741564.8228362254,30173.50674484069,0.006406836994061015,0.4172022872114779,25264.170000000002,2799.178236,2495.229656,421878.348,-6.859999999999999,6.859999999999999,0.07600000000000004,0,0.16833333333333333,0.6942857142857142,1.0,0.5976428571428571,1,1,1,1,1,False,False,False,True,False,4.0,2025-10-15,2,15,10,42
15-10-2025 00:00,Fur_5,3700,7.02,114.179,22.114,24.793,11.85,51.42,92.26%,92.26,172.936,0.6602384697229032,0.12787389554517278,0.14336517555627515,0.0685224591756488,0.21714150397935256,0.19367834546038812,0.0685224591756488,0.8919452711674557,21.395198223620298,32.405258126229356,1.897297297297297,527.0654519849784,150.19429152981448,513.8055,61.9192,446.274,41.475,1063.4737,168831.0,60.5276,17570.062252592204,2789322.556982269,2813392.6192348613,30167.1951451304,0.006259613257803099,0.419638022078026,25974.0,2830.839947,2524.9544060000003,422462.3,-6.579999999999998,6.579999999999998,0.09466666666666677,0,0.16666666666666663,1.0,1.0,0.75,1,1,1,1,1,False,False,False,False,True,5.0,2025-10-15,2,15,10,42
16-10-2025 00:00,Fur_1,3643,7.09,110.97,20.593,22.766,11.57,52.6,91.58%,91.58,165.89899999999997,0.6689009578116807,0.12412974158976246,0.13722807250194397,0.06974122809661301,0.20515454442502887,0.18557267562789334,0.06974122809661301,0.9045506059672053,21.959143816418425,32.8286921435641,1.946198188306341,513.8222124369235,155.69032965840665,499.365,57.660399999999996,409.78799999999995,40.495000000000005,1007.3084,167887.655,58.064649999999986,17348.049114220103,2891391.8365132664,2915239.8856274867,31488.873251539066,0.00596411153844982,0.4068148344638047,25828.87,2526.34302,2285.20521,404263.71,-5.399999999999999,5.399999999999999,0.17333333333333342,0,0.2616666666666667,0.9399999999999997,0.9844266322999832,0.7453853264599966,1,1,1,1,1,True,False,False,False,False,1.0,2025-10-16,3,16,10,42
16-10-2025 00:00,Fur_2,3645,8.46,141.566,24.81,29.296,12.92,52.95,85.09%,85.09,208.59199999999998,0.6786741581652221,0.1189403236941014,0.14044642172278898,0.06193909641788756,0.2069423434515184,0.1752539439183565,0.06193909641788756,0.8468732643748885,17.474303904272457,25.747707601064466,2.3209876543209877,430.8510129017715,147.83261103014502,637.047,69.46799999999999,527.328,45.22,1279.0629999999999,200438.55000000002,73.00719999999998,17519.682990170837,2745462.776274122,2769482.459264293,32169.618530192736,0.006340859288276427,0.41227679950088464,30836.700000000004,4147.317536,3512.2524599999997,516008.07,-5.049999999999997,5.049999999999997,0.19666666666666685,0,0.2583333333333333,0.012857142857143344,1.0,0.28392857142857164,1,1,1,1,1,False,True,False,False,False,2.0,2025-10-16,3,16,10,42
16-10-2025 00:00,Fur_3,3660,8.44,142.201,22.652,28.818,12.2,52.36,84.04%,84.04,205.871,0.6907286601804041,0.11003006737228653,0.13998086180180794,0.059260410645501305,0.20265680126963384,0.15929564377679734,0.059260410645501305,0.7860364776862906,17.77812319365039,25.738215443363863,2.3060109289617485,433.6492377192847,150.04735975440929,639.9045,63.425599999999996,518.724,42.699999999999996,1264.7541,200787.59999999998,72.05485,17552.657454702912,2786593.8240104583,2810646.4814651613,33050.87584037113,0.006259536572259122,0.410138223706885,30890.399999999998,4097.948418,3221.137052,520455.66,-5.640000000000001,5.640000000000001,0.1573333333333333,0,0.23333333333333328,0.0,1.0,0.27,1,1,1,0,0,False,False,True,False,False,3.0,2025-10-16,3,16,10,42
16-10-2025 00:00,Fur_4,3660,7.05,114.052,21.84,23.397,12.99,52.1,89.68%,89.68,172.279,0.6620191665844357,0.12677110965352714,0.13580877530052995,0.0754009484615072,0.2051432661843434,0.19149159864367482,0.0754009484615072,0.9334529668994758,21.24460903534383,32.09062504742902,1.9262295081967211,519.1488625320762,149.77449369917403,513.234,61.151999999999994,421.14599999999996,45.465,1040.997,167719.5,60.29765,17264.30466195615,2781526.311556089,2805290.6162180454,30936.155891244434,0.006168487403779096,0.40456024368946303,25803.0,2668.474644,2490.89568,417430.32,-5.899999999999999,5.899999999999999,0.1400000000000001,0,0.23333333333333328,0.6685714285714296,1.0,0.6042857142857148,1,1,1,1,1,False,False,False,True,False,4.0,2025-10-16,3,16,10,42
16-10-2025 00:00,Fur_5,3658,7.02,114.179,21.864,23.722,13.36,51.91,88.77%,88.77,173.125,0.6595176895306859,0.12629025270758124,0.13702238267148015,0.0771696750902527,0.20776149547848996,0.19148880099239965,0.0771696750902527,0.9216760424215478,21.129241877256316,32.03741465560729,1.9190814652815746,521.082546854338,148.32727797833934,513.8055,61.2192,426.99600000000004,46.76,1048.7807,166914.53999999998,60.59374999999999,17308.39731820526,2754649.4481691592,2778457.8454873646,30950.850456581982,0.0062441055322622,0.4071356385562778,25679.16,2708.554238,2496.4096560000003,417666.782,-6.090000000000003,6.090000000000003,0.1273333333333331,0,0.2366666666666667,0.538571428571428,1.0,0.540285714285714,1,1,1,1,1,False,False,False,False,True,5.0,2025-10-16,3,16,10,42
17-10-2025 00:00,Fur_1,4080,5.2,48.597,9.108,10.309,17.16,51.07,79.02%,79.02,85.17399999999999,0.5705614389367648,0.10693404090450138,0.12103458801981826,0.20146993213891565,0.2121324317934763,0.18741897262343413,0.20146993213891565,0.88349976879428,47.90194190715477,83.95579801313254,1.2745098039215685,784.6152337278396,249.09009791720482,218.6865,25.5024,185.56199999999998,60.06,489.8109,137904.0,29.810899999999997,16430.59753311708,4625958.961319517,4648889.558852634,58096.595336823724,0.0035392543699365674,0.3788441621041916,21216.0,500.986473,442.62147600000003,198275.76,-6.93,6.93,0.07133333333333335,0,0.0,0.0,0.6778228413586648,0.13556456827173297,1,1,0,0,0,True,False,False,False,False,1.0,2025-10-17,4,17,10,42
17-10-2025 00:00,Fur_2,3652,7.02,73.64,13.062,15.607,15.74,51.39,80.19%,80.19,118.04899999999999,0.6238087573804099,0.11064896780150615,0.13220781201026693,0.1333344628078171,0.21193644470482828,0.17737642344681662,0.1333344628078171,0.8369320922065681,30.93630611017459,49.59261203703677,1.92223439211391,520.2278461213895,217.1728688934256,331.38,36.5736,280.926,55.09,703.9696,166640.75999999998,41.31715,17038.193583052074,4033210.422306475,4056748.6158895274,49966.11178580524,0.004206703143162509,0.3990598457660671,25637.039999999997,1149.29948,961.88568,268933.28,-6.609999999999999,6.609999999999999,0.0926666666666667,0,0.2466666666666667,0.0,0.7825456470604125,0.23050912941208251,1,1,1,0,0,False,True,False,False,False,2.0,2025-10-17,4,17,10,42
17-10-2025 00:00,Fur_3,3654,7.14,72.057,10.265,15.499,9.76,52.61,82.04%,82.04,107.581,0.6697929931865292,0.09541647688718269,0.14406819047973154,0.09072233944655654,0.21509360346540096,0.14245666427332995,0.09072233944655654,0.6623007508677495,33.965105362471064,50.7098539946174,1.9540229885057472,511.7646342066339,242.5108522880434,324.2565,28.742,278.982,34.16,666.1405000000001,169582.13999999998,37.653349999999996,17691.400632347457,4503772.971063664,4527964.371696012,54527.509293063726,0.003912759048394619,0.4188035406944931,26089.559999999998,1116.811443,739.665105,263296.278,-5.390000000000001,5.390000000000001,0.17399999999999996,0,0.2433333333333333,0.0,0.6992090079960889,0.21284180159921776,1,1,1,0,0,False,False,True,False,False,3.0,2025-10-17,4,17,10,42
17-10-2025 00:00,Fur_4,4079,5.26,45.821,8.975,10.194,14.59,50.05,91.19%,91.19,79.58,0.5757853732093491,0.11277959286252827,0.1280975119376728,0.18333752199044986,0.22247440644083707,0.19587088461904184,0.18333752199044986,0.8804197684500913,51.25659713495853,89.02031625193,1.2895317479774455,775.4751377423693,269.6097009298819,206.1945,25.13,183.49200000000002,51.065,465.8815,139461.00999999998,27.852999999999998,16726.438803719528,5007037.30298352,5030263.741787239,54564.09308804902,0.0033294636578130527,0.39385981199081743,21455.54,467.09927400000004,411.243475,186903.859,-7.950000000000003,7.950000000000003,0.003333333333333144,0,0.0,0.884285714285714,0.610375091065857,0.5642178753560284,1,1,0,1,0,False,False,False,True,False,4.0,2025-10-17,4,17,10,42
17-10-2025 00:00,Fur_5,4077,5.07,46.89,9.0,10.221,15.98,52.05,89.00%,89.0,82.09100000000001,0.5711953807360124,0.1096344300836876,0.12450816776504123,0.19466202141525865,0.2179782423122576,0.19193857556113084,0.19466202141525865,0.880539978422857,49.66439682791049,86.94817472919227,1.243561442236939,804.1418532264588,251.79849191750614,211.005,25.2,183.978,55.93,476.113,134357.535,28.73185,16570.913463630084,4676257.707039401,4699328.620503031,52214.762450033675,0.0035311141325791314,0.38641666999220775,20670.39,479.26269,422.01,191170.53,-5.950000000000003,5.950000000000003,0.13666666666666646,0,0.0,0.5714285714285714,0.6689024650263664,0.419494778719559,1,1,0,1,0,False,False,False,False,True,5.0,2025-10-17,4,17,10,42
18-10-2025 00:00,Fur_1,3632,6.95,113.4,20.809,24.052,13.38,52.37,89.48%,89.48,171.641,0.6606813057486266,0.12123560221625371,0.14012968929335065,0.07795340274176916,0.2120987635617393,0.18350088021604163,0.07795340274176916,0.8651671018972601,21.160445348139433,32.028218412449576,1.9135462555066078,522.5898528647693,147.06509516956905,510.3,58.2652,432.936,46.830000000000005,1048.3311999999999,164075.6,60.074349999999995,17450.562511288095,2731208.910291997,2755159.472803285,30450.48046864815,0.0063487538867412815,0.4129763570902021,25242.4,2727.4968,2359.7406,411868.80000000005,-5.630000000000003,5.630000000000003,0.15799999999999984,0,0.28,0.6400000000000006,1.0,0.6040000000000003,1,1,1,1,1,True,False,False,False,False,1.0,2025-10-18,5,18,10,42
18-10-2025 00:00,Fur_2,3550,9.55,163.256,29.557,34.983,13.71,52.64,85.62%,85.62,241.506,0.6759914867539523,0.12238619330368603,0.1448535440113289,0.05676877593103277,0.214283087823522,0.1810469435668708,0.05676877593103277,0.8448960682361129,14.699427757488428,21.74498933120382,2.690140845070423,371.72770976673195,140.37953508401446,734.652,82.75959999999999,629.694,47.985,1495.0905999999998,220366.25000000003,84.52709999999999,17687.707256016118,2607048.5087031266,2631236.215959143,30376.774601236928,0.006738851374271375,0.42117447598158936,33902.5,5711.1846479999995,4825.357591999999,579558.8,-5.359999999999999,5.359999999999999,0.17600000000000005,0,0.41666666666666663,0.08857142857142922,1.0,0.3692857142857146,1,1,1,1,1,False,True,False,False,False,2.0,2025-10-18,5,18,10,42
18-10-2025 00:00,Fur_3,3628,9.52,156.601,25.126,31.421,11.68,52.16,92.73%,92.73,224.828,0.6965369082142794,0.11175654277936913,0.1397557243759674,0.05195082463038411,0.20064367276937137,0.16044597313908615,0.05195082463038411,0.799656255381552,16.136780116355613,23.16715714990864,2.624035281146637,381.092396944076,153.62214670770544,704.7045,70.3528,565.578,40.879999999999995,1381.5153,224500.63999999998,78.68979999999999,17556.47237634357,2852982.7245716727,2877039.1969480165,30694.96636026903,0.006116088710793349,0.4093896028513039,34538.56,4920.560021,3934.756726,568148.428,-5.840000000000003,5.840000000000003,0.14399999999999977,0,0.2866666666666666,1.0,0.9911825969833818,0.7842365193966764,1,1,1,1,1,False,False,True,False,False,3.0,2025-10-18,5,18,10,42
18-10-2025 00:00,Fur_4,3633,6.86,109.247,21.178,22.17,12.91,51.68,91.03%,91.03,165.50500000000002,0.6600827769553789,0.12795988036615208,0.13395365698921483,0.07800368568925409,0.2029346325030927,0.1938542917072845,0.07800368568925409,0.9552548058071806,21.950998459261047,33.254917450777434,1.8882466281310213,529.5917595347289,150.5838494305308,491.6115,59.2984,399.06000000000006,45.185,995.1549,161995.47,57.926750000000006,17179.53967726482,2796557.2037098575,2820236.743387122,30644.75435604827,0.006105595954433328,0.40100289914665554,24922.38,2422.00599,2313.632966,396894.351,-6.32,6.32,0.11199999999999997,0,0.2783333333333333,0.8614285714285715,1.0,0.7142142857142857,1,1,1,1,1,False,False,False,True,False,4.0,2025-10-18,5,18,10,42
18-10-2025 00:00,Fur_5,3630,7.0,112.793,21.893,22.916,12.32,50.97,92.23%,92.23,169.922,0.6637927990489755,0.12884146843846,0.13486187780275657,0.07250385470980804,0.2031686345502945,0.194098922857811,0.07250385470980804,0.9553586596544484,21.36274290556844,32.182847941070385,1.928374655647383,518.5713544898065,149.53920033897907,507.56850000000003,61.300399999999996,412.488,43.120000000000005,1024.4769000000001,165165.0,59.472699999999996,17226.002855091498,2777156.577723897,2800882.5805789884,30042.7178009116,0.006164511250110326,0.4026327972841554,25410.0,2584.764388,2469.3771490000004,409438.59,-7.030000000000001,7.030000000000001,0.0646666666666666,0,0.2833333333333333,1.0,1.0,0.7849999999999999,1,1,1,1,1,False,False,False,False,True,5.0,2025-10-18,5,18,10,42
19-10-2025 00:00,Fur_1,3628,7.03,113.412,20.431,24.594,11.29,51.97,91.63%,91.63,169.727,0.6682024663135506,0.12037566209265468,0.14490328586494783,0.0665185857288469,0.21685535730914404,0.18014848358067503,0.0665185857288469,0.8307310388415451,21.375503013663117,31.98955990556943,1.9377067254685778,516.0738952953207,150.2697861860517,510.35400000000004,57.2068,442.692,39.515,1049.7678,165781.46,59.40445,17671.53470825839,2790724.6005981034,2814896.1353063616,30388.601266397083,0.006292393899171436,0.4217046855504617,25504.84,2789.2547280000003,2317.1205720000003,411458.73600000003,-6.030000000000001,6.030000000000001,0.13133333333333325,0,0.2866666666666666,0.9471428571428565,1.0,0.7595714285714283,1,1,1,1,1,True,False,False,False,False,1.0,2025-10-19,6,19,10,42
19-10-2025 00:00,Fur_2,3625,9.63,158.406,29.073,35.123,11.76,55.87,86.10%,86.1,234.362,0.6759030900913972,0.12405168073322467,0.149866445925534,0.05017878324984426,0.2217277109343856,0.1835347134355093,0.05017878324984426,0.8277481756185926,15.467524598697741,22.884234038582917,2.6565517241379313,376.4277906097829,148.95226188545925,712.827,81.4044,632.2139999999999,41.16,1467.6054000000001,226906.87500000003,82.02669999999999,17891.801084281098,2766256.2921585296,2790648.0932428106,32039.587752500698,0.006426310844493114,0.430779281678849,34908.75,5563.693937999999,4605.337638,574221.75,-2.1300000000000026,2.1300000000000026,0.39133333333333314,0,0.29166666666666663,0.15714285714285633,1.0,0.36607142857142816,1,1,1,1,1,False,True,False,False,False,2.0,2025-10-19,6,19,10,42
19-10-2025 00:00,Fur_3,3610,9.53,166.339,23.443,32.39,4.28,50.7,89.95%,89.95,226.45200000000003,0.7345441859643543,0.1035230424107537,0.14303251903273098,0.01890025259216081,0.19472282390345727,0.14093507751678755,0.01890025259216081,0.7237727470277017,15.941568191051523,21.702667313722774,2.6398891966759,378.80373779604014,151.923144860721,748.5255,65.6404,583.02,14.98,1412.1659,223621.44999999998,79.2582,17817.28452071836,2821429.833127676,2845747.1176483943,31289.13818195046,0.006275355325701808,0.4128551751603689,34403.299999999996,5387.72021,3899.485177,600483.79,-7.299999999999997,7.299999999999997,0.046666666666666856,0,0.31666666666666665,0.7071428571428575,0.9967167428306521,0.6479147771375592,1,1,1,1,1,False,False,True,False,False,3.0,2025-10-19,6,19,10,42
19-10-2025 00:00,Fur_4,3623,6.93,115.181,22.475,23.734,10.13,50.26,91.27%,91.27,171.52,0.6715310167910448,0.1310342817164179,0.13837453358208956,0.05906016791044776,0.2060582890749491,0.1951276669318059,0.05906016791044776,0.9469536973559578,21.122901119402982,31.454840369029267,1.9127794645321554,522.7993473594015,146.38170475746267,518.3145,62.93,427.21200000000005,35.455000000000005,1043.9115,163198.035,60.032,17389.25073294243,2718517.3740671645,2742406.624800107,29721.54139807204,0.006355937214857594,0.40924158800817895,25107.39,2733.7058540000003,2588.692975,417300.763,-7.740000000000002,7.740000000000002,0.0173333333333332,0,0.29500000000000004,0.8957142857142851,1.0,0.7363571428571425,1,1,1,1,1,False,False,False,True,False,4.0,2025-10-19,6,19,10,42
19-10-2025 00:00,Fur_5,3674,7.0,115.208,22.452,23.727,10.5,49.95,90.54%,90.54,171.887,0.67025429497286,0.13062069848214236,0.13803836241251521,0.06108664413248239,0.20594923784850672,0.19488229814871974,0.06108664413248239,0.9462637102767434,21.37450767073717,31.890146240797982,1.905280348394121,524.8570678775617,149.6215536951602,518.436,62.8656,427.086,36.75,1045.1376,167167.0,60.16045,17372.50303147666,2778685.9971958324,2802558.5002273093,30615.670747512664,0.006213211572670723,0.4086409291943951,25718.0,2733.540216,2586.650016,423274.192,-8.049999999999997,8.049999999999997,-0.003333333333333144,0,0.20999999999999996,0.7914285714285724,1.0,0.6587142857142863,1,1,1,1,1,False,False,False,False,True,5.0,2025-10-19,6,19,10,42
20-10-2025 00:00,Fur_1,3672,7.05,124.202,22.385,25.739,13.02,52.73,84.48%,84.48,185.346,0.6701088774508217,0.12077411975440527,0.13887000528740842,0.0702469975073646,0.20723498649591002,0.1802305906488576,0.0702469975073646,0.8696918734336271,19.811595610371953,29.564741070475993,1.9199346405228757,520.8509899502142,139.67174905312226,558.909,62.678,463.302,45.57,1130.459,168269.4,64.8711,17426.234486543315,2593903.910986556,2617830.1454730993,30625.060195052636,0.00667331724284375,0.4098352969899837,25887.6,3196.835278,2780.26177,456069.744,-5.270000000000003,5.270000000000003,0.1819999999999998,0,0.21333333333333337,0.0,1.0,0.264,1,1,1,0,0,True,False,False,False,False,1.0,2025-10-20,0,20,10,43
20-10-2025 00:00,Fur_2,3655,10.97,186.015,32.414,40.893,12.08,56.53,78.71%,78.71,271.402,0.6853855166874231,0.11943169173403292,0.15067317116307177,0.044509620415472254,0.2198371087286665,0.17425476346394236,0.044509620415472254,0.7926539800784003,13.467107832661513,19.64895293579038,3.001367989056088,333.1813734565749,147.73417292429681,837.0674999999999,90.75919999999999,736.0740000000001,42.28,1706.1807,260619.77500000002,94.99069999999999,17961.55518382326,2743634.6400226555,2768096.1952064787,34727.088134568796,0.006504048352543559,0.43141620345371395,40095.350000000006,7606.711394999999,6029.49021,679884.825,-1.4699999999999989,1.4699999999999989,0.4353333333333334,0,0.2416666666666667,0.0,1.0,0.2725,1,1,1,0,0,False,True,False,False,False,2.0,2025-10-20,0,20,10,43
20-10-2025 00:00,Fur_3,3654,9.86,174.654,23.593,33.218,5.56,50.9,85.03%,85.03,237.02499999999998,0.736858981120135,0.09953802341525156,0.1401455542664276,0.023457441198185845,0.19019318085933803,0.1350842228916359,0.023457441198185845,0.7102474348170439,15.416095348591922,20.921364406647633,2.698412698412698,370.58819770910776,152.00270013711634,785.943,66.0604,597.9240000000001,19.459999999999997,1469.3874,234184.86,82.95874999999998,17712.265433121887,2822907.2882607323,2847119.5536938543,33094.496730138955,0.006235352921544668,0.4069205983391446,36028.439999999995,5801.656572000001,4120.611822,638185.716,-7.100000000000001,7.100000000000001,0.05999999999999991,0,0.2433333333333333,0.004285714285714448,0.9964740213045784,0.2744376614037729,1,1,1,1,1,False,False,True,False,False,3.0,2025-10-20,0,20,10,43
20-10-2025 00:00,Fur_4,3676,6.97,115.181,22.484,23.464,11.54,50.69,87.65%,87.65,172.66899999999998,0.6670624142144798,0.13021445656139785,0.13589005553979,0.06683307368433246,0.20371415247554586,0.19520580481845268,0.06683307368433246,0.9582338493763277,21.289287596499662,31.914985701504715,1.896082698585419,527.4030807169181,148.38633454760264,518.3145,62.9552,422.352,40.39,1044.0117,166541.18,60.43414999999999,17275.194571281307,2755746.213026907,2779521.407598188,31353.879386330376,0.006229737182679727,0.40454719041941767,25621.719999999998,2702.6069839999996,2589.729604,423405.35599999997,-7.310000000000002,7.310000000000002,0.04599999999999985,0,0.20666666666666667,0.3785714285714294,1.0,0.4512857142857147,1,1,1,1,1,False,False,False,True,False,4.0,2025-10-20,0,20,10,43
20-10-2025 00:00,Fur_5,3677,7.14,116.456,22.689,23.701,11.26,51.49,90.19%,90.19,174.106,0.668879877775608,0.1303171631075322,0.13612971408222577,0.06467324503463408,0.20351892385519918,0.19482894659932554,0.06467324503463408,0.9573013392978633,21.11931811654969,31.574156491944112,1.9418003807451727,514.9859222708792,150.79193135216477,524.052,63.529199999999996,426.618,39.41,1053.6092,170649.56999999998,60.937099999999994,17290.1106222646,2800421.5822544885,2824211.692876753,30970.629376869754,0.0061362241800587474,0.4049110429180003,26253.78,2760.123656,2642.270184,428208.712,-6.509999999999998,6.509999999999998,0.09933333333333347,0,0.20499999999999996,0.7414285714285711,1.0,0.6322142857142856,1,1,1,1,1,False,False,False,False,True,5.0,2025-10-20,0,20,10,43
21-10-2025 00:00,Fur_1,3669,7.18,120.601,21.731,27.324,13.74,51.92,88.32%,88.32,183.39600000000002,0.6575988571179305,0.11849222447599729,0.14898907282601584,0.07491984558005627,0.22656528364967718,0.1801892175007735,0.07491984558005627,0.7953081248972286,20.005888896159128,30.4226330592397,1.9569364949577541,511.0027143450259,143.64228227442254,542.7045,60.8468,491.83200000000005,48.09,1143.4733,171232.22999999998,64.18860000000001,17814.273874177034,2667642.385096418,2691956.6589705953,30138.34145735105,0.006633610642968151,0.43012110558243905,26343.42,3295.3017240000004,2620.7803310000004,442485.069,-6.079999999999998,6.079999999999998,0.1280000000000001,0,0.21833333333333338,0.4742857142857133,1.0,0.5026428571428567,1,1,1,1,1,True,False,False,False,False,1.0,2025-10-21,1,21,10,43
21-10-2025 00:00,Fur_2,3642,10.12,169.213,28.278,38.381,12.37,57.23,81.85%,81.85,248.242,0.6816453299602807,0.11391303647247444,0.1546112261422322,0.049830407425012685,0.2268206330079803,0.16711481879574963,0.049830407425012685,0.7367707788548818,14.671167650921278,21.52316889646086,2.778693025809994,359.8813873634993,148.47221662732332,761.4585,79.1784,690.858,43.294999999999995,1574.7899,239570.75999999998,86.8847,18125.05423854833,2757341.165936005,2781966.2201745533,33578.349066681396,0.006530453913219819,0.43869852099000634,36857.03999999999,6494.564152999999,4785.005214,616273.7459999999,-0.7700000000000031,0.7700000000000031,0.4819999999999998,0,0.2633333333333333,0.0,1.0,0.279,1,1,1,0,0,False,True,False,False,False,2.0,2025-10-21,1,21,10,43
21-10-2025 00:00,Fur_3,3641,10.0,172.472,26.786,36.586,9.33,50.65,86.62%,86.62,245.174,0.7034677412776232,0.1092530203039474,0.14922463230195696,0.038054606116472385,0.2121271846321305,0.15530636766949785,0.038054606116472385,0.7321379562636541,14.850677478036006,21.1106729143822,2.7464982147761603,364.09996359000365,148.50677478036008,776.124,75.0008,658.548,32.655,1542.3278,236665.0,85.8109,17973.565129837814,2757982.9602066865,2782456.5253365245,31755.952126643737,0.006474728608243932,0.4269831614265139,36410.0,6310.060592,4619.834992,627970.552,-7.350000000000001,7.350000000000001,0.04333333333333324,0,0.265,0.23142857142857207,1.0,0.3952142857142861,1,1,1,1,1,False,False,True,False,False,3.0,2025-10-21,1,21,10,43
21-10-2025 00:00,Fur_4,3669,7.37,121.113,23.648,27.136,12.75,51.39,89.65%,89.65,184.647,0.6559164243123365,0.12807140110589396,0.1469614995098756,0.06905067507189394,0.22405521930713285,0.19525566871223016,0.06905067507189394,0.8714622320363269,19.87034720304148,30.294022687126713,2.008721722540202,497.8289690869784,146.4444588864157,545.0085,66.2144,488.448,44.625,1144.2959,175763.445,64.62644999999999,17706.309104089738,2719682.8078905777,2743889.1169946673,30269.047071093955,0.006468320120863632,0.4268546273739161,27040.53,3286.522368,2864.080224,444363.597,-6.609999999999999,6.609999999999999,0.0926666666666667,0,0.21833333333333338,0.6642857142857151,1.0,0.5976428571428576,1,1,1,1,1,False,False,False,True,False,4.0,2025-10-21,1,21,10,43
21-10-2025 00:00,Fur_5,3667,7.22,119.973,23.4,26.882,13.33,51.33,88.76%,88.76,183.585,0.6535011030312934,0.12746139390473077,0.14642808508320396,0.07260941798077185,0.2240670798924168,0.1950438832483652,0.07260941798077185,0.8704709147209687,19.97439877985674,30.56521025092971,1.9689119170984457,507.89466649658357,144.21515919056566,539.8785,65.52,483.87600000000003,46.655,1135.9295,172092.31,64.25475,17678.529602869825,2678281.527824791,2702460.057427661,30107.620960646847,0.006557415253302277,0.4259736189613881,26475.739999999998,3225.1141860000002,2807.3682,439940.991,-6.670000000000002,6.670000000000002,0.08866666666666655,0,0.22166666666666668,0.5371428571428579,1.0,0.535071428571429,1,1,1,1,1,False,False,False,False,True,5.0,2025-10-21,1,21,10,43
22-10-2025 00:00,Fur_1,3690,7.08,118.833,22.089,25.748,15.3,52.2,88.59%,88.59,181.97,0.6530362147606749,0.12138814090234654,0.1414958509644447,0.08407979337253393,0.216673817738559,0.18588270778417856,0.08407979337253393,0.8578918417783189,20.27806781337583,31.051980249156546,1.91869918699187,521.1863670640724,143.5687201187009,534.7485,61.84919999999999,463.464,53.550000000000004,1113.6117,169813.8,63.689499999999995,17485.01244318137,2666276.2307758736,2690261.2432190552,30028.588494464282,0.006515114743295442,0.4161809722365525,26125.2,3059.7120840000002,2624.9021369999996,438493.77,-5.799999999999997,5.799999999999997,0.14666666666666686,0,0.18333333333333335,0.5128571428571433,1.0,0.5114285714285717,1,1,1,1,1,True,False,False,False,False,1.0,2025-10-22,2,22,10,43
22-10-2025 00:00,Fur_2,3685,12.52,211.204,33.521,47.052,12.88,57.35,81.67%,81.67,304.65700000000004,0.6932517552526283,0.1100286551761489,0.1544425370170388,0.04227705255418388,0.22277987053853207,0.15871384936500327,0.04227705255418388,0.7124245364187594,12.095569771907423,17.447586137347844,3.3975576662143823,294.3290499737181,151.4365335442809,950.418,93.8588,846.936,45.080000000000005,1936.2928000000002,299885.3,106.62995000000001,18158.99566678968,2812392.7658223603,2837051.76148915,34317.79075225777,0.006415355449015443,0.4374007897979066,46136.2,9937.570608,7079.769284000001,778286.74,-0.6499999999999986,0.6499999999999986,0.4900000000000001,0,0.19166666666666665,0.0,0.9982545559212574,0.2571509111842515,1,1,1,0,0,False,True,False,False,False,2.0,2025-10-22,2,22,10,43
22-10-2025 00:00,Fur_3,3680,10.94,189.022,30.309,39.384,7.78,51.57,83.96%,83.96,266.49499999999995,0.7092891048612545,0.11373196495243816,0.1477851366817389,0.029193793504568574,0.20835669811790852,0.16034641385475548,0.029193793504568574,0.7695764582171325,13.808889472597988,19.46863317778548,2.9728260869565215,336.38022519376375,151.06925083022196,850.5989999999999,84.8652,708.912,27.23,1671.6062,261684.8,93.27324999999998,17921.603460799324,2805571.801132694,2829993.4045934933,33309.71521414187,0.006347315503426702,0.42409031505147565,40259.2,7444.442448,5729.067798,695600.96,-6.43,6.43,0.10466666666666669,0,0.19999999999999996,0.0,0.9995028582832908,0.25990057165665814,1,1,1,0,0,False,False,True,False,False,3.0,2025-10-22,2,22,10,43
22-10-2025 00:00,Fur_4,3758,7.17,118.15,23.428,25.279,13.11,51.8,86.96%,86.96,179.96699999999998,0.6565092489178572,0.13017942178288244,0.14046464073969117,0.07284668855956926,0.21395683272148258,0.19829030725103422,0.07284668855956926,0.9267771301563698,20.881606072224354,31.807024699051844,1.9079297498669505,524.1282393126584,149.72111553784862,531.6750000000001,65.5984,455.022,45.885,1098.1804,175141.59,62.98844999999999,17434.631269701036,2780535.0028457604,2804469.6341154613,31883.46559931175,0.006231172439157921,0.4143417602426705,26944.86,2986.71385,2768.0182000000004,444007.7,-6.200000000000003,6.200000000000003,0.11999999999999982,0,0.06999999999999995,0.2799999999999991,1.0,0.36099999999999954,1,1,1,1,1,False,False,False,True,False,4.0,2025-10-22,2,22,10,43
22-10-2025 00:00,Fur_5,3759,7.12,116.968,23.234,25.056,8.61,52.72,88.69%,88.69,173.868,0.6727402397220881,0.13363011019854143,0.1441093243149976,0.04952032576437297,0.21421243233865303,0.19863552254774364,0.04952032576437297,0.9272828493261953,21.619849541031126,32.136994458852044,1.8941207768023411,527.9493640520556,153.93332873214163,526.356,65.0552,451.00800000000004,30.134999999999998,1072.5542,173966.52,60.85379999999999,17625.0981861445,2858761.8193112016,2882886.917497346,32142.790918690447,0.006127512984755035,0.4204990293264434,26764.08,2930.7502080000004,2717.634512,439682.712,-5.280000000000001,5.280000000000001,0.18133333333333326,0,0.06833333333333336,0.5271428571428568,0.9901484011383502,0.4821011087990985,1,1,1,1,1,False,False,False,False,True,5.0,2025-10-22,2,22,10,43
23-10-2025 00:00,Fur_1,3742,7.06,118.813,23.39,25.721,15.56,52.3,85.20%,85.2,183.484,0.6475387499727496,0.1274770552200737,0.14018116021015456,0.08480303459702208,0.21648304296261317,0.19686397787393656,0.08480303459702208,0.9093736281881097,20.394148808615466,31.494869824893996,1.886691608765366,530.0282535370745,143.98269058882516,534.6585,65.492,462.978,54.46,1117.5885,171720.38,64.2194,17402.661812474114,2673964.253792468,2697866.915604942,31297.76004182067,0.006466105275936519,0.41426517899924703,26418.519999999997,3055.989173,2779.03607,444598.246,-5.700000000000003,5.700000000000003,0.15333333333333315,0,0.09666666666666668,0.028571428571428976,1.0,0.2432857142857145,1,1,1,1,1,True,False,False,False,False,1.0,2025-10-23,3,23,10,43
23-10-2025 00:00,Fur_2,3701,12.55,224.401,31.785,50.58,13.08,57.59,76.06%,76.06,319.846,0.7015907655559238,0.09937594967578146,0.15813860420327283,0.040894680565021914,0.2254000640576465,0.14164375318450562,0.040894680565021914,0.6284104264845705,11.571193636937776,16.492796304415773,3.390975412050797,294.9003749083367,145.2184801435691,1009.8045000000001,88.99799999999999,910.4399999999999,45.78,2055.0225,301909.075,111.9461,18357.24960494381,2696914.6312377118,2721771.8808426554,35320.16455804121,0.006760740879932374,0.44303164563891634,46447.55,11350.202580000001,7132.585785,830508.101,-0.4099999999999966,0.4099999999999966,0.5060000000000002,1,0.16500000000000004,0.0,1.0,0.24950000000000003,1,1,1,0,0,False,True,False,False,False,2.0,2025-10-23,3,23,10,43
23-10-2025 00:00,Fur_3,3703,9.72,171.105,28.109,36.895,9.76,51.96,83.01%,83.01,245.869,0.6959193716979367,0.11432510808601329,0.150059584575526,0.03969593564052402,0.2156278296038817,0.16427924277911668,0.03969593564052402,0.7618647306717786,15.060865745579964,21.64168188164179,2.6248987307588445,380.9670389951606,146.39161504703725,769.9725,78.7052,664.11,34.16,1546.9477,233955.54,86.05414999999999,17976.445063951014,2718701.4223021204,2743177.8673660713,32652.992112439842,0.006568710654006395,0.4293034599682976,35993.16,6312.9189750000005,4809.590445,633601.815,-6.039999999999999,6.039999999999999,0.13066666666666674,0,0.16166666666666663,0.0,1.0,0.2485,1,1,1,0,0,False,False,True,False,False,3.0,2025-10-23,3,23,10,43
23-10-2025 00:00,Fur_4,3739,7.01,117.5,22.553,25.62,6.02,52.23,86.98%,86.98,171.693,0.6843610397628325,0.1313565491895418,0.14921982841467035,0.03506258263295533,0.21804255133580808,0.19194042389837937,0.03506258263295533,0.8802888024867758,21.777241937644515,31.821276324925307,1.8748328430061514,533.3808083622242,152.65846598288806,528.75,63.148399999999995,461.16,21.07,1074.1284,170367.535,60.09255,17874.568478122495,2835085.796825064,2859460.3653031862,32501.254436271724,0.006265270522334422,0.4293341466439208,26210.39,3010.35,2649.9775,439332.5,-5.770000000000003,5.770000000000003,0.14866666666666645,0,0.10166666666666668,0.2828571428571434,0.9942914929188551,0.37078687001234273,1,1,1,1,1,False,False,False,True,False,4.0,2025-10-23,3,23,10,43
23-10-2025 00:00,Fur_5,3744,7.09,118.829,22.752,25.881,5.94,53.14,88.86%,88.86,173.402,0.6852804465923116,0.1312095592899736,0.14925433386004777,0.03425566025766716,0.21780036676400236,0.19146841098159195,0.03425566025766716,0.8791004644681246,21.591446465438693,31.507460034945513,1.8936965811965811,528.0676265066818,153.08335543996034,534.7305,63.70559999999999,465.858,20.790000000000003,1085.0841,172542.24,60.69069999999999,17878.918845885783,2842976.6010278347,2867355.5198737206,31909.14221982774,0.006249500795019164,0.4293289340429926,26544.96,3075.413349,2703.5974079999996,444895.77599999995,-4.859999999999999,4.859999999999999,0.20933333333333337,0,0.09333333333333338,0.5514285714285714,0.9928951991008023,0.5022933255344462,1,1,1,1,1,False,False,False,False,True,5.0,2025-10-23,3,23,10,43
24-10-2025 00:00,Fur_1,3745,7.1,118.793,23.383,26.114,14.18,53.23,87.54%,87.54,182.47000000000003,0.6510275661752616,0.1281470926727681,0.143113936537513,0.07771140461445716,0.21982776577889468,0.19683819587990709,0.07771140461445716,0.8954200468936184,20.523921740560088,31.525426316993205,1.8958611481975967,527.4647144415895,145.71984435797663,534.5685000000001,65.4724,470.052,49.629999999999995,1119.7229000000002,172831.75,63.86450000000001,17532.79051742361,2706225.6809338517,2730258.4714512755,30836.440834100693,0.006436984299889766,0.4197931470366462,26589.5,3102.1604020000004,2777.736719,444879.78500000003,-4.770000000000003,4.770000000000003,0.21533333333333313,0,0.09166666666666667,0.36285714285714377,1.0,0.40892857142857186,1,1,1,1,1,True,False,False,False,False,1.0,2025-10-24,4,24,10,43
24-10-2025 00:00,Fur_2,3692,12.55,214.778,28.435,49.752,12.13,59.62,81.51%,81.51,305.09499999999997,0.7039708943116079,0.09320047853947132,0.16307051901866634,0.039758108130254516,0.23164383581351985,0.13239251630803658,0.039758108130254516,0.5715348011831725,12.101148822497912,17.18984245504734,3.3992416034669555,294.18324349137504,151.8694177223488,966.501,79.618,895.5360000000001,42.455000000000005,1984.11,301174.9,106.78324999999998,18580.723100298972,2820432.0434150496,2845512.7665153486,34486.883608233526,0.006544783214590916,0.45135400759030503,46334.600000000006,10685.635056000001,6107.21243,792960.3759999999,1.6199999999999974,1.6199999999999974,0.6413333333333332,0,0.18000000000000005,0.0,0.9967581888891685,0.2533516377778337,1,1,1,0,0,False,True,False,False,False,2.0,2025-10-24,4,24,10,43
24-10-2025 00:00,Fur_3,3693,11.31,186.44,30.38,41.374,11.22,53.35,84.67%,84.67,269.41400000000004,0.6920204592188972,0.11276325654939978,0.15357034155611807,0.04164594267558478,0.2219158966857118,0.16294786439096834,0.04164594267558478,0.734277547873603,13.707528190814136,19.807981013688153,3.0625507717303004,326.5251700685084,155.03214383810788,838.98,85.064,744.7320000000001,39.27,1708.046,271490.895,94.29490000000001,18113.87466342294,2879168.3855648604,2903782.2602282832,33894.97210491751,0.006252022770468939,0.43601401835781944,41767.83,7713.76856,5664.0472,688522.92,-4.649999999999999,4.649999999999999,0.22333333333333344,0,0.17833333333333334,0.0,0.9864529652072805,0.2507905930414561,1,1,1,0,0,False,False,True,False,False,3.0,2025-10-24,4,24,10,43
24-10-2025 00:00,Fur_4,3742,7.9,133.656,25.822,28.888,5.33,52.33,90.25%,90.25,193.69600000000003,0.690029737320337,0.1333119940525359,0.14914092185693043,0.027517346770196592,0.216136946967312,0.1931974606961344,0.027517346770196592,0.8938659341641534,19.31893276061457,27.997246453602934,2.1111704970603955,473.6708261176169,152.61956880885512,601.452,72.3016,519.984,18.655,1212.3926,192151.7,67.7936,17883.584881168725,2834363.420735881,2858747.00561705,31328.734308132054,0.006269998652273043,0.4288907735002672,29561.800000000003,3861.0545280000006,3451.265232,500140.75200000004,-5.670000000000002,5.670000000000002,0.1553333333333332,0,0.09666666666666668,0.75,0.9944176538079044,0.602883530761581,1,1,1,1,1,False,False,False,True,False,4.0,2025-10-24,4,24,10,43
24-10-2025 00:00,Fur_5,3743,6.83,117.03,22.639,25.39,6.51,51.89,88.32%,88.32,171.56900000000002,0.6821162331190366,0.13195274204547439,0.1479871072279957,0.03794391760749319,0.21695291620137644,0.193446123272271,0.03794391760749319,0.8916502208881362,21.816295484615516,31.983251884275383,1.824739513759017,548.0233458238147,149.00529815992397,526.635,63.389199999999995,457.02,22.785,1069.8292,166170.48500000002,60.049150000000004,17815.892481408977,2767241.251541446,2791557.144022855,31253.43869259802,0.006396957606289882,0.42718968597978074,25564.69,2971.3917,2649.44217,438043.29,-6.109999999999999,6.109999999999999,0.12600000000000003,0,0.09499999999999997,0.4742857142857133,1.0,0.46564285714285664,1,1,1,1,1,False,False,False,False,True,5.0,2025-10-24,4,24,10,43
25-10-2025 00:00,Fur_1,3766,7.48,125.999,27.191,26.155,12.27,52.75,88.13%,88.13,191.615,0.6575633431620698,0.1419043394306291,0.13649766458784543,0.06403465281945567,0.20758101090023723,0.21580329831345252,0.06403465281945567,1.0396099774570835,19.653993685254285,29.889125866958263,1.9861922464152948,503.4758685192689,147.01187276570207,566.9955,76.1348,470.79,42.945,1156.8653,183102.92,67.06525,17249.846977383964,2730220.494220181,2753970.3411975647,30898.35455175098,0.006278447020419924,0.40695316905088263,28169.68,3295.503845,3426.0388089999997,474512.234,-5.25,5.25,0.18333333333333332,0,0.05666666666666664,0.4471428571428565,1.0,0.4405714285714283,1,0,1,1,0,True,False,False,False,False,1.0,2025-10-25,5,25,10,43
25-10-2025 00:00,Fur_2,3765,12.98,214.741,33.304,49.099,12.51,59.38,82.42%,82.42,309.654,0.693486924115303,0.10755230030937757,0.15856084533059478,0.040399930244724755,0.2286428757030894,0.15508915318877553,0.040399930244724755,0.6783030066131082,12.158732004107812,17.532748671503118,3.447543160690571,290.06161093516096,157.8203414133194,966.3345,93.2512,883.7819999999999,43.785,1987.1527,317653.05,108.37889999999999,18335.23591769247,2930949.1976759317,2955784.4335936243,35432.563337252745,0.006216842196990637,0.4447479048791771,48869.700000000004,10543.568359,7151.734264000001,808499.8650000001,1.3800000000000026,1.3800000000000026,0.6253333333333335,0,0.05833333333333335,0.0,0.9772561454937913,0.21295122909875827,1,1,1,0,0,False,True,False,False,False,2.0,2025-10-25,5,25,10,43
25-10-2025 00:00,Fur_3,3750,12.03,200.419,34.903,44.605,9.55,57.85,80.58%,80.58,289.47700000000003,0.6923486149158655,0.12057261889545627,0.15408823498930826,0.0329905311993699,0.2225587383304041,0.17415015455545554,0.0329905311993699,0.7824907346151613,12.954397067815403,18.71080077881438,3.2079999999999997,311.72067234242127,155.8413967258193,901.8855000000001,97.7284,802.89,33.425000000000004,1835.9289,293231.25,101.31695,18120.649111525763,2894197.3677652157,2918818.0168767413,35778.59790238712,0.006222070874992868,0.437320857033189,45112.5,8939.689495,6995.224357,751571.25,-0.14999999999999858,0.14999999999999858,0.5233333333333334,1,0.08333333333333337,0.0,0.9837938235944815,0.22175876471889633,1,1,1,0,0,False,False,True,False,False,3.0,2025-10-25,5,25,10,43
25-10-2025 00:00,Fur_4,3764,8.54,140.4,28.806,28.357,10.74,51.78,90.80%,90.8,208.30300000000003,0.6740181370407531,0.1382889348689169,0.13613342102610138,0.051559507064228544,0.2019729330343808,0.2051709387096087,0.051559507064228544,1.015833797093,18.06983096738885,26.809116618168684,2.268862911795962,440.74936290991076,154.31635646150076,631.8000000000001,80.6568,510.426,37.59,1260.4728,208939.63999999998,72.90605000000001,17289.001392888516,2865875.191427871,2889664.1928207595,31477.823451206532,0.005996537219745965,0.4049480480657734,32144.559999999998,3981.3228,4044.3624000000004,528465.6,-6.219999999999999,6.219999999999999,0.11866666666666674,0,0.06000000000000005,0.8285714285714282,0.9889498093245,0.6300756761506141,1,0,1,1,0,False,False,False,True,False,4.0,2025-10-25,5,25,10,43
25-10-2025 00:00,Fur_5,3764,6.92,115.128,23.772,23.199,12.92,51.62,89.82%,89.82,175.019,0.6578028671172844,0.13582525325821768,0.13255132299921724,0.07382055662528068,0.20150614792660215,0.20648321688483065,0.07382055662528068,1.024699296318837,21.506236465755144,32.69404460518688,1.8384697130712009,543.9305572354687,148.8231563430256,518.076,66.5616,417.58200000000005,45.22,1047.4396000000002,169304.72,61.25665,17099.198209500522,2763858.617799047,2787457.8160085473,30692.114248057118,0.006148672270779948,0.3986692884248409,26046.88,2670.854472,2736.822816,433341.792,-6.380000000000003,6.380000000000003,0.10799999999999983,0,0.06000000000000005,0.6885714285714276,1.0,0.5622857142857138,1,0,1,1,0,False,False,False,False,True,5.0,2025-10-25,5,25,10,43
26-10-2025 00:00,Fur_1,3724,7.41,125.921,27.877,26.184,13.51,53.98,83.95%,83.95,193.492,0.6507814276559238,0.14407313997477933,0.13532342422425733,0.0698220081450396,0.20793989717410205,0.22138483476636275,0.0698220081450396,1.0646577656332963,19.246273747751847,29.5740978107377,1.9897959183673468,502.5640347416957,142.61488847084118,566.6445,78.0556,471.312,47.285,1163.2971,179366.46,67.72219999999999,17177.48537407232,2648562.2144584795,2672239.6998325516,31456.618008623325,0.006443796960052522,0.4051518739279931,27594.84,3297.1154640000004,3510.299717,468929.804,-4.020000000000003,4.020000000000003,0.26533333333333314,0,0.1266666666666667,0.0,1.0,0.23800000000000002,1,0,1,0,0,True,False,False,False,False,1.0,2025-10-26,6,26,10,43
26-10-2025 00:00,Fur_2,3856,12.18,206.397,34.838,45.759,14.44,58.47,79.92%,79.92,301.43399999999997,0.6847170524891021,0.11557422188605136,0.15180437508708375,0.04790435053776283,0.22170380276019613,0.16879121223277854,0.04790435053776283,0.761336551031785,12.792186680998164,18.682441999242034,3.158713692946058,316.5845388682645,155.80883377455763,928.7864999999999,97.54639999999999,823.662,50.54,1900.5348999999999,305279.52,105.50189999999998,18014.224388375947,2893592.627241785,2918106.851630161,36061.62693561741,0.006187038740580678,0.43338430670228684,46966.08,9444.520322999999,7190.458686,795866.8319999999,0.46999999999999886,0.46999999999999886,0.5646666666666665,1,0.0,0.0,0.9839195963869636,0.19678391927739272,1,1,0,0,0,False,True,False,False,False,2.0,2025-10-26,6,26,10,43
26-10-2025 00:00,Fur_3,3723,13.0,201.617,31.839,44.612,10.02,59.54,91.98%,91.98,288.08799999999997,0.6998451861931078,0.11051831384854628,0.15485546083141266,0.03478103912693344,0.22127102267531498,0.1579182303182855,0.03478103912693344,0.7136868843879027,12.923134597761797,18.465704685290902,3.4918076819769004,286.3845933550313,168.00074977090335,907.2764999999999,89.1492,803.0160000000001,35.07,1834.5116999999998,314593.5,100.83079999999998,18193.96156729888,3120013.924316777,3144707.885884076,33821.336694816906,0.005797564160467782,0.4377273799889094,48399.0,8994.537604,6419.283662999999,750620.091,1.5399999999999991,1.5399999999999991,0.6359999999999999,0,0.1283333333333333,0.9971428571428577,0.9438441779177728,0.7258402641549835,1,1,1,1,1,False,False,True,False,False,3.0,2025-10-26,6,26,10,43
26-10-2025 00:00,Fur_4,3726,8.75,145.8,30.543,29.994,12.25,54.65,90.25%,90.25,218.58700000000002,0.6670113044234104,0.13972926111799877,0.13721767534208346,0.056041759116507384,0.20572016319807843,0.20948559527101784,0.056041759116507384,1.0183036267819021,17.04584444637604,25.555555380277397,2.3483628556092326,425.82852276245455,149.15113890579036,656.1,85.5204,539.892,42.875,1324.3874,211916.25,76.50545,17311.02032600292,2769949.7225361066,2793760.7428621096,30616.556086160104,0.006210764590408226,0.4076541350363195,32602.5,4373.1252,4453.169400000001,543250.8,-3.3500000000000014,3.3500000000000014,0.3099999999999999,0,0.1233333333333333,0.75,1.0,0.612,1,0,1,1,0,False,False,False,True,False,4.0,2025-10-26,6,26,10,43
26-10-2025 00:00,Fur_5,3724,6.56,110.018,23.116,22.717,12.78,53.16,87.65%,87.65,168.631,0.652418594445861,0.13708037075033652,0.13471425775806345,0.07578677704573891,0.20648439158606416,0.21011107082376457,0.07578677704573891,1.017563894107325,22.083721261215317,33.849006218536914,1.7615467239527387,567.6828402922499,144.86921147357248,495.081,64.7248,408.90599999999995,44.73,1013.4418,158791.36,59.020849999999996,17170.911635464417,2690428.2130806316,2714099.124716096,30615.895371867973,0.006341748111351182,0.40348246934357745,24429.44,2499.278906,2543.176088,409707.032,-4.840000000000003,4.840000000000003,0.21066666666666645,0,0.1266666666666667,0.3785714285714294,1.0,0.4272857142857147,1,0,1,1,0,False,False,False,False,True,5.0,2025-10-26,6,26,10,43
27-10-2025 00:00,Fur_1,3763,7.57,123.842,27.192,26.71,14.14,54.97,83.83%,83.83,191.88400000000001,0.6454003460424006,0.14171061683100206,0.1391986825373663,0.073690354589231,0.21567803963374269,0.21957009560916252,0.073690354589231,1.0180456376620877,19.61080652894457,30.38549094503084,2.0116927982992294,497.09372561509565,148.45380542411039,557.289,76.13759999999999,480.78000000000003,49.49,1163.6966,185158.415,67.1594,17327.382317292886,2756999.2435906213,2780826.6259079142,32781.16970302858,0.006245617280777962,0.41314892558764893,28485.91,3307.81982,3367.511664,466017.446,-3.030000000000001,3.030000000000001,0.33133333333333326,0,0.06166666666666665,0.0,1.0,0.2185,1,0,1,0,0,True,False,False,False,False,1.0,2025-10-27,0,27,10,44
27-10-2025 00:00,Fur_2,3762,13.03,206.354,30.497,45.213,13.63,58.38,84.51%,84.51,295.694,0.6978633316874877,0.10313702679120983,0.15290469201268878,0.046094949508613633,0.21910406282842076,0.14778971986106534,0.046094949508613633,0.6745183758096482,12.72261188931801,18.230807165207327,3.4635832004253055,288.7183201290622,165.77563291781368,928.5930000000001,85.3916,813.8340000000001,47.705000000000005,1875.5236,318622.58999999997,103.4929,18122.244134621793,3078690.325616539,3103312.5697511607,36291.808791383,0.005851902149854027,0.4339236253812003,49018.86,9329.883402000001,6293.177938000001,776303.748,0.38000000000000256,0.38000000000000256,0.5586666666666669,1,0.06333333333333335,0.0,0.951165126924705,0.20923302538494104,1,1,1,0,0,False,True,False,False,False,2.0,2025-10-27,0,27,10,44
27-10-2025 00:00,Fur_3,3761,12.65,208.778,32.587,46.325,10.77,58.57,81.43%,81.43,298.46,0.6995175232862025,0.10918381022582592,0.1552134289352007,0.03608523755277089,0.22188640459298203,0.1560844525951755,0.03608523755277089,0.7034430501145592,12.601353615224822,18.014350084710316,3.363467162988567,297.31222946148387,159.407123232594,939.501,91.2436,833.85,37.695,1902.2895999999998,309248.22500000003,104.46099999999998,18210.524501967244,2960418.002891032,2985128.5273929993,36214.103207485125,0.006113727957176901,0.43834019804345253,47576.65,9671.64085,6803.448686000001,785214.058,0.5700000000000003,0.5700000000000003,0.5713333333333334,0,0.06499999999999995,0.0,0.972066509698522,0.2139133019397044,1,1,1,0,0,False,False,True,False,False,3.0,2025-10-27,0,27,10,44
27-10-2025 00:00,Fur_4,3763,8.92,143.443,24.543,30.712,15.28,54.47,88.97%,88.97,213.978,0.6703633083774968,0.11469870734374561,0.14352877398611072,0.07140921029264691,0.21410595000030708,0.17109932048897944,0.07140921029264691,0.7991338630133542,17.585920047855385,26.23341657499204,2.370449109752857,421.860939253258,156.86640682687005,645.4935,68.7204,552.816,53.48,1320.5099,218178.74,74.89229999999999,17632.118388672803,2913233.2696418725,2937365.3880305453,32648.27595899239,0.006016010991388814,0.41863828510486745,33565.96,4405.421416,3520.521549,539776.0090000001,-3.530000000000001,3.530000000000001,0.29799999999999993,0,0.06166666666666665,0.567142857142857,0.9805136370633856,0.49817415598410564,1,1,1,1,1,False,False,False,True,False,4.0,2025-10-27,0,27,10,44
27-10-2025 00:00,Fur_5,3764,7.79,123.102,21.164,26.779,11.56,54.34,90.53%,90.53,182.60500000000002,0.6741436433832589,0.11590044084225513,0.1466498726759946,0.06330604309849128,0.21753505046599528,0.1719224693999897,0.06330604309849128,0.790320744227912,20.612798116152348,30.5762698365886,2.0696068012752393,483.1835066516679,160.5736973248268,553.9590000000001,59.2592,482.022,40.46,1135.7002,190590.14,63.911750000000005,17769.818538844578,2982082.950318212,3006352.7688570567,32845.54538246539,0.0059235635572924715,0.4244271507568635,29321.56,3296.548458,2605.3307280000004,463355.928,-3.6599999999999966,3.6599999999999966,0.28933333333333355,0,0.06000000000000005,0.7900000000000001,0.968312906537955,0.6066625813075911,1,1,1,1,1,False,False,False,False,True,5.0,2025-10-27,0,27,10,44
28-10-2025 00:00,Fur_1,3849,7.56,124.258,24.753,27.101,10.82,55.35,79.42%,79.42,186.932,0.6647230008773244,0.13241713564290758,0.14497785290907925,0.05788201057068881,0.21810265561893274,0.1992064881198274,0.05788201057068881,0.9133610968834693,20.590375109665548,30.975872531540244,1.9641465315666404,509.1269167821539,155.66323582907154,559.161,69.30839999999999,487.818,37.870000000000005,1154.1574,189139.86,65.4262,17640.599637454114,2890888.665397043,2915029.265034497,36247.566090953704,0.006065127090012238,0.42266158844538876,29098.44,3367.5160579999997,3075.758274,478269.04199999996,-2.6499999999999986,2.6499999999999986,0.35666666666666674,0,0.0,0.0,0.9844638815050899,0.19689277630101798,1,1,0,0,0,True,False,False,False,False,1.0,2025-10-28,1,28,10,44
28-10-2025 00:00,Fur_2,3820,12.92,229.244,32.056,51.907,14.6,59.79,75.56%,75.56,327.807,0.6993261278740234,0.09778924794162418,0.15834622201478307,0.04453840216956929,0.22642686296510764,0.1398335391991348,0.04453840216956929,0.6175660196588896,11.653198375873608,16.663467673468148,3.3821989528795813,295.6656117905873,150.559323016287,1031.598,89.75679999999998,934.3259999999999,51.1,2106.7807999999995,320803.6,114.73245,18362.55392436926,2796101.713159616,2820964.2670839853,36846.45071948779,0.00652435141533858,0.44348515042476183,49354.4,11899.368308,7348.645664,875712.08,1.7899999999999991,1.7899999999999991,0.6526666666666666,0,0.0,0.0,1.0,0.2,1,1,0,0,0,False,True,False,False,False,2.0,2025-10-28,1,28,10,44
28-10-2025 00:00,Fur_3,3829,12.85,223.21,32.22,51.007,12.48,60.06,77.46%,77.46,318.91700000000003,0.6998999739744196,0.10102942144821378,0.15993816572964123,0.03913243884772527,0.22851574647858183,0.14434837084203947,0.03913243884772527,0.6316779925955655,12.006258681725965,17.15424928473523,3.3559676155654214,297.9766305076552,154.28042406017866,1004.445,90.216,918.126,43.68,2056.467,319817.225,111.62095000000001,18423.665091544193,2865207.8754033176,2890131.540494862,36835.73209909332,0.006389049652433229,0.4464579300324294,49202.65,11385.27247,7191.8262,854671.0900000001,2.0600000000000023,2.0600000000000023,0.6706666666666669,0,0.0,0.0,0.9888671567731915,0.19777343135463832,1,1,0,0,0,False,False,True,False,False,3.0,2025-10-28,1,28,10,44
28-10-2025 00:00,Fur_4,3828,8.67,149.471,23.847,31.784,12.42,55.42,80.56%,80.56,217.522,0.6871534833258246,0.10963029026948999,0.1461185535256204,0.05709767287906511,0.212643253790747,0.15954265269154116,0.05709767287906511,0.7502831377333521,17.598219950165962,25.610318887206756,2.2648902821316614,441.5224404241707,152.5765669679389,672.6195,66.7716,572.112,43.47,1354.9731,215726.94,76.13269999999999,17797.51801788194,2833564.8151188656,2857862.3331367476,35039.99918019553,0.006241759530541008,0.42223126053203563,33188.76,4750.786264,3564.4349370000004,572174.988,-2.5799999999999983,2.5799999999999983,0.36133333333333345,0,0.0,0.0,0.9945741121399373,0.19891482242798747,1,1,0,0,0,False,False,False,True,False,4.0,2025-10-28,1,28,10,44
28-10-2025 00:00,Fur_5,3847,7.5,127.888,20.489,27.23,11.54,55.03,80.83%,80.83,187.147,0.6833558646411645,0.10948078248649458,0.14550059578833752,0.06166275708400348,0.2129206789306215,0.1602104954318584,0.06166275708400348,0.7524421317501971,20.556033492388337,30.081008147120855,1.949571094359241,512.9332649422313,154.17025119291253,575.496,57.3692,490.14,40.39,1163.3952000000002,187541.25,65.50144999999999,17761.36558809004,2863161.807868376,2887423.173456466,35285.63086223226,0.00616516460825311,0.42130137721042676,28852.5,3482.39024,2620.2972320000003,491985.136,-2.969999999999999,2.969999999999999,0.3353333333333334,0,0.0,0.0,0.9893461437415839,0.1978692287483168,1,1,0,0,0,False,False,False,False,True,5.0,2025-10-28,1,28,10,44
29-10-2025 00:00,Fur_1,3797,7.54,123.001,23.776,26.996,13.54,55.58,84.91%,84.91,187.31300000000002,0.6566602424818352,0.12693192677497023,0.144122404744999,0.07228542599819553,0.21947788863929651,0.19329923989805578,0.07228542599819553,0.8807230374602519,20.270883494471818,30.869667475307782,1.9857782459836713,503.58083506885475,152.84246154831752,553.5045,66.5728,485.928,47.39,1153.3953000000001,186090.97,65.55955,17593.093607262406,2838502.8573258966,2862595.950933159,33320.87010747479,0.006159839833642247,0.4213022196292979,28629.38,3320.534996,2924.471776,467034.797,-2.4200000000000017,2.4200000000000017,0.3719999999999999,0,0.0050000000000000044,0.0,0.9937369504090168,0.20024739008180337,1,1,1,0,0,True,False,False,False,False,1.0,2025-10-29,2,29,10,44
29-10-2025 00:00,Fur_2,3798,12.13,206.391,30.133,47.182,13.39,59.98,77.95%,77.95,297.096,0.6946946441554245,0.10142512857796807,0.15881062013625227,0.045069607130355176,0.22860492837088378,0.14599958260777077,0.045069607130355176,0.6386545581227044,12.78374666774376,18.40196511281032,3.1937862032648763,313.10797088969736,155.06684707973182,928.7595,84.3724,849.2760000000001,46.865,1909.2729000000002,299453.31,103.9836,18361.288703218586,2879812.8743378767,2904674.1630410952,36791.313021419825,0.006335467666978243,0.4448164534258041,46069.740000000005,9737.940162,6219.1800029999995,783873.0179999999,1.9799999999999969,1.9799999999999969,0.6653333333333331,0,0.0033333333333332993,0.0,0.9862952281582199,0.19825904563164398,1,1,1,0,0,False,True,False,False,False,2.0,2025-10-29,2,29,10,44
29-10-2025 00:00,Fur_3,3796,12.2,195.3,29.843,44.618,11.52,59.72,85.98%,85.98,281.281,0.6943234701241819,0.1060967502248641,0.15862429385561058,0.040955485795343444,0.22845878019222335,0.15280593879771665,0.040955485795343444,0.6688556038178403,13.495401395757268,19.436763853370383,3.2139093782929398,311.1475154797119,164.64389702823865,878.85,83.5604,803.124,40.32,1805.8544,301022.8,98.44834999999999,18343.16573106609,3057672.3733815756,3082515.5391126415,35439.36007257578,0.00596328773305146,0.4447335289046559,46311.2,8713.895400000001,5828.3379,741358.8,1.7199999999999989,1.7199999999999989,0.6479999999999999,0,0.00666666666666671,0.14000000000000057,0.9548431759172852,0.26296863518345737,1,1,1,1,1,False,False,True,False,False,3.0,2025-10-29,2,29,10,44
29-10-2025 00:00,Fur_4,3820,9.1,153.603,24.316,33.326,11.02,54.48,86.55%,86.55,222.26500000000001,0.6910804670101005,0.10940094031898859,0.14993813690864508,0.04958045576226576,0.21696190688357708,0.15830419875715837,0.04958045576226576,0.7296404990205696,17.186691561874337,24.869305776128684,2.3821989528795813,419.7801736505304,156.39889321305648,691.2135000000001,68.08479999999999,599.868,38.57,1397.7363,225953.0,77.79275,17967.43655417761,2904550.8739567637,2929018.3105109413,33455.377618628685,0.006147929506397645,0.4291710818414032,34762.0,5118.973578,3735.010548,586763.4600000001,-3.520000000000003,3.520000000000003,0.29866666666666647,0,0.0,0.22142857142857103,0.981989855500315,0.3071122568143485,1,1,0,1,0,False,False,False,True,False,4.0,2025-10-29,2,29,10,44
29-10-2025 00:00,Fur_5,3834,7.72,132.0,20.952,28.601,12.42,54.86,85.76%,85.76,193.97299999999998,0.6805070808823909,0.1080150330200595,0.1474483562145247,0.06402952988302496,0.2166742407827709,0.1587272715247934,0.06402952988302496,0.7325617729253603,19.765637485629444,29.045454325413225,2.013562858633281,496.6320600217539,152.59072138905933,594.0,58.6656,514.818,43.47,1210.9536,192390.12,67.89054999999999,17836.850636797022,2833827.682939673,2858164.53357647,32943.34409378135,0.006254890933621352,0.42513437343924654,29598.48,3775.332,2765.664,506088.0,-3.1400000000000006,3.1400000000000006,0.32399999999999995,0,0.0,0.1085714285714293,0.9945206666244597,0.2531898476106066,1,1,0,1,0,False,False,False,False,True,5.0,2025-10-29,2,29,10,44
30-10-2025 00:00,Fur_1,3785,7.65,127.241,23.974,27.897,12.69,55.7,81.48%,81.48,191.802,0.6633976705143847,0.12499348286253532,0.14544686708167798,0.06616197954140207,0.2192453673010636,0.1884141103228196,0.06616197954140207,0.859375529290765,19.733892243042305,29.74670090814517,2.02113606340819,494.77117715409446,150.96427565927362,572.5845,67.1272,502.14599999999996,44.415,1186.2727,188209.125,67.13069999999999,17671.090871985547,2803622.2622436536,2827793.353115639,34284.59448491318,0.0062634716281704025,0.4232972738898905,28955.25,3549.6421769999997,3050.475734,481607.185,-2.299999999999997,2.299999999999997,0.38000000000000017,0,0.025000000000000022,0.0,0.9998919473442435,0.20747838946884872,1,1,1,0,0,True,False,False,False,False,1.0,2025-10-30,3,30,10,44
30-10-2025 00:00,Fur_2,3786,12.27,207.523,28.898,48.004,14.85,59.82,80.53%,80.53,299.27500000000003,0.6934190961490267,0.0965600200484504,0.16040096900843703,0.0496199147940857,0.23131893702712983,0.1392520340432047,0.0496199147940857,0.6019914881678301,12.650572216189122,18.24376084461115,3.240887480190174,308.557432065409,155.22252109264053,933.8534999999999,80.9144,864.072,51.975,1930.8148999999999,301952.43,104.74625,18433.260379249852,2882703.9631490386,2907637.2235282883,35663.402717138335,0.006353805062978646,0.4475167453907674,46454.22,9961.934092,5996.999654,785682.078,1.8200000000000003,1.8200000000000003,0.6546666666666667,0,0.023333333333333317,0.0,0.9857711975007043,0.2041542395001409,1,1,1,0,0,False,True,False,False,False,2.0,2025-10-30,3,30,10,44
30-10-2025 00:00,Fur_3,3784,11.79,202.479,28.767,46.2,13.04,59.69,80.16%,80.16,290.48600000000005,0.6970353132336842,0.09903059011449776,0.15904380934020915,0.04489028731160881,0.2281718092830772,0.14207399215684594,0.04489028731160881,0.6226623241847982,13.026445336436177,18.68835771270918,3.115750528541226,320.94993036896267,153.58179051658252,911.1555000000001,80.54759999999999,831.6,45.64,1868.9431000000002,289986.83999999997,101.6701,18382.426101675912,2852233.2524508187,2877115.6785524944,35449.92211129244,0.006403652790938993,0.44495736654583007,44613.35999999999,9354.529800000002,5824.713393,766180.5360000001,1.6899999999999977,1.6899999999999977,0.6459999999999998,0,0.026666666666666616,0.0,0.991169070865486,0.2062338141730972,1,1,1,0,0,False,False,True,False,False,3.0,2025-10-30,3,30,10,44
30-10-2025 00:00,Fur_4,3810,9.02,149.944,23.285,32.177,12.94,53.61,87.01%,87.01,218.34599999999998,0.6867265715882133,0.10664266805895231,0.14736702298187282,0.05926373737096169,0.21459344678951178,0.1552913077196066,0.05926373737096169,0.7236535188596352,17.449369349564456,25.409486038724552,2.3674540682414698,422.3946316635664,157.39331153307137,674.7479999999999,65.198,579.186,45.29,1364.422,223380.3,76.42109999999998,17853.99582052601,2923018.6427570404,2947372.6385775665,33489.065317322646,0.006070985729311144,0.42449183610349295,34366.2,4824.748087999999,3491.44604,571286.64,-4.390000000000001,4.390000000000001,0.24066666666666664,0,0.0,0.28714285714285787,0.97874380951287,0.33932019047400297,1,1,0,1,0,False,False,False,True,False,4.0,2025-10-30,3,30,10,44
30-10-2025 00:00,Fur_5,3843,7.56,127.189,19.795,27.25,12.08,54.45,86.89%,86.89,186.314,0.6826593814742853,0.10624537071824985,0.14625846688923003,0.0648367809182348,0.2142480858073569,0.15563452691950935,0.0648367809182348,0.7264219916909361,20.626469293772878,30.214876835143947,1.9672131147540983,508.33326609348336,155.93610786092296,572.3505,55.426,490.5,42.28,1160.5565,188845.02,65.20989999999999,17797.24397675813,2895956.2888457123,2920253.5328224706,33226.2320266523,0.006108012835086447,0.42264206869721554,29053.079999999998,3465.9002499999997,2517.706255,488787.327,-3.549999999999997,3.549999999999997,0.29666666666666686,0,0.0,0.2700000000000001,0.9835399461025551,0.33170798922051103,1,1,0,1,0,False,False,False,False,True,5.0,2025-10-30,3,30,10,44
31-10-2025 00:00,Fur_1,3832,7.35,122.425,18.702,27.924,15.97,57.8,79.89%,79.89,185.02100000000002,0.6616816469481842,0.10108041789850881,0.15092340869414822,0.08631452645915869,0.22809066589266355,0.15276291482325577,0.08631452645915869,0.6697464306780393,20.711162516687292,31.3007961502896,1.9180584551148225,521.3604732842894,152.22704449765158,550.9125,52.3656,502.632,55.895,1161.8051,183073.8,64.75735,17940.899372812506,2827073.683527815,2851514.5829006275,35251.756495248206,0.00630608344879586,0.43263022343420593,28165.199999999997,3418.5957,2289.5923500000004,469132.6,-0.20000000000000284,0.20000000000000284,0.5199999999999998,1,0.0,0.0,0.9956967404981352,0.19913934809962705,1,1,0,0,0,True,False,False,False,False,1.0,2025-10-31,4,31,10,44
31-10-2025 00:00,Fur_2,3830,12.73,208.754,22.75,50.469,16.55,60.91,79.28%,79.28,298.523,0.6992895019814218,0.07620853334583934,0.16906235030466663,0.05543961436807214,0.2417630309274887,0.10897994716757549,0.05543961436807214,0.4507717519512621,12.829832207233613,18.346953742936886,3.3237597911227152,300.86407691562636,163.3237639980839,939.3929999999999,63.699999999999996,908.442,57.925000000000004,1969.4599999999998,316913.35000000003,104.48305,18849.56459444857,3033155.6171072726,3058505.181701721,38097.971869727466,0.006176124702363227,0.46126450905324307,48755.9,10535.605626,4749.153499999999,799527.82,2.9099999999999966,2.9099999999999966,0.727333333333333,0,0.0,0.0,0.9590895162925867,0.19181790325851733,1,1,0,0,0,False,True,False,False,False,2.0,2025-10-31,4,31,10,44
31-10-2025 00:00,Fur_3,3829,11.76,194.39,23.128,45.428,12.46,59.88,81.01%,81.01,275.40599999999995,0.7058306645461611,0.08397783635795882,0.16494920226865067,0.045242296827229626,0.2336951477252166,0.1189773130357667,0.045242296827229626,0.5091133109731155,13.903110317131802,19.697515202955323,3.0712979890310783,325.59521040857055,163.50057732947,874.7549999999999,64.7584,817.704,43.61,1800.8273999999997,292688.76,96.39209999999997,18682.313177117216,3036439.2932615858,3061621.606438703,37332.29613996711,0.006115080047139214,0.4540712785689512,45029.04,8830.748919999998,4495.85192,744319.3099999999,1.8800000000000026,1.8800000000000026,0.6586666666666668,0,0.0,0.0,0.958538362473393,0.1917076724946786,1,1,0,0,0,False,False,True,False,False,3.0,2025-10-31,4,31,10,44
31-10-2025 00:00,Fur_4,4077,9.06,151.39,22.745,33.128,11.25,54.79,78.11%,78.11,218.51299999999998,0.6928191915355151,0.1040899168470526,0.15160654057195683,0.05148435104547556,0.21882554845877836,0.1502410981554852,0.05148435104547556,0.6865793079395284,18.657928818880343,26.93044436930812,2.2222222222222223,449.99995033113134,169.04083509905593,681.2549999999999,63.686,596.304,39.375,1380.62,240094.53,76.47954999999999,18052.145965817006,3139329.7946967524,3163881.9406625694,39993.451405164575,0.005717441318495919,0.43191030116904,36937.62,5015.24792,3443.36555,617217.0299999999,-3.210000000000001,3.210000000000001,0.3193333333333333,0,0.0,0.0,0.9404531595513769,0.1880906319102754,1,1,0,0,0,False,False,False,True,False,4.0,2025-10-31,4,31,10,44
31-10-2025 00:00,Fur_5,4237,7.15,122.532,17.374,26.769,14.44,54.73,73.49%,73.49,181.115,0.6765425282279214,0.09592800154597907,0.1478011208348287,0.07972834939127073,0.21846537868911486,0.14179153085078566,0.07972834939127073,0.6490343065099814,23.393976202964964,34.57872201075048,1.6875147510030684,592.5873297080657,167.26692985119954,551.394,48.64719999999999,481.842,50.54,1132.4232,196914.575,63.39025,17864.311940716434,3106385.840093706,3130750.1520344224,42029.13346804165,0.005717951851289408,0.4254964045243863,30294.550000000003,3280.059108,2128.8709679999997,519168.084,-3.270000000000003,3.270000000000003,0.31533333333333313,0,0.0,0.0,0.946312666319638,0.1892625332639276,1,1,0,0,0,False,False,False,False,True,5.0,2025-10-31,4,31,10,44
01-11-2025 00:00,Fur_1,3731,7.53,119.711,20.355,28.376,9.91,58.73,83.29%,83.29,178.352,0.6712063783977752,0.11412824078227325,0.15910110343590203,0.05556427738404952,0.23703753007628767,0.1700344983331983,0.05556427738404952,0.7173315225073469,20.91930564277384,31.16672627271741,2.0182256767622624,495.48466195422816,157.522371490087,538.6995,56.994,510.76800000000003,34.685,1141.1464999999998,182613.795,62.423199999999994,18280.807456202183,2925415.470530188,2950196.2779863905,35000.54903293855,0.006210154081761114,0.44759196124248735,28094.43,3396.919336,2436.717405,446641.741,0.7299999999999969,0.7299999999999969,0.5819999999999997,0,0.11499999999999999,0.0,0.9782444361040623,0.23014888722081248,1,1,1,0,0,True,False,False,False,False,1.0,2025-11-01,5,1,11,44
01-11-2025 00:00,Fur_2,3728,12.3,205.281,22.497,49.08,13.82,61.75,83.29%,83.29,290.678,0.7062144365930686,0.0773949180880562,0.16884662753975188,0.047544017779123295,0.23908690897312995,0.10959124268884483,0.047544017779123295,0.45837407379025935,12.82518800872443,18.160472629417857,3.2993562231759657,303.0894062528938,157.7498125073105,923.7645,62.9916,883.4399999999999,48.370000000000005,1918.5661,298053.60000000003,101.73729999999999,18858.04026645095,2929639.375135767,2954997.415402218,35057.50878398644,0.006395813734799709,0.460468888718507,45854.4,10075.19148,4618.206657,765287.568,3.75,3.75,0.7833333333333333,0,0.12,0.0,0.9773953332228646,0.23147906664457293,1,1,1,0,0,False,True,False,False,False,2.0,2025-11-01,5,1,11,44
01-11-2025 00:00,Fur_3,3733,12.13,212.415,30.901,49.398,11.16,60.15,79.84%,79.84,303.874,0.6990232793855348,0.10169017421694518,0.16256079822558034,0.03672574817193968,0.23255419705503758,0.1454746597675557,0.03672574817193968,0.625551629103372,12.284696946760828,17.574088376178292,3.2493972676131797,307.74935632734076,149.01337396420885,955.8675,86.52279999999999,889.1640000000001,39.06,1970.6143000000002,294328.385,106.3559,18528.49066201311,2767391.2307638787,2792419.721425892,34542.54974549594,0.0066507625900037925,0.4512115841237933,45281.29,10492.87617,6563.835915,792945.195,2.1499999999999986,2.1499999999999986,0.6766666666666665,0,0.11166666666666669,0.0,1.0,0.2335,1,1,1,0,0,False,False,True,False,False,3.0,2025-11-01,5,1,11,44
01-11-2025 00:00,Fur_4,3732,9.1,145.344,21.901,31.573,11.28,55.72,91.87%,91.87,210.098,0.6917914497044236,0.10424183000314138,0.15027748955249454,0.053689230739940405,0.21722946790215306,0.15068389372327792,0.053689230739940405,0.6936622844309288,17.7631391065122,25.677014354379857,2.438370846730975,410.1098450428742,161.644565869261,654.048,61.322799999999994,568.314,39.48,1323.1648,220747.8,73.5343,17993.84504918113,3001970.5090005617,3026464.3540497427,32588.18083395868,0.0059582971650150645,0.4295111236332768,33961.2,4588.946112,3183.178944,542423.808,-2.280000000000001,2.280000000000001,0.38133333333333325,0,0.11333333333333329,0.9814285714285721,0.964756081674691,0.7176655020492242,1,1,1,1,1,False,False,False,True,False,4.0,2025-11-01,5,1,11,44
01-11-2025 00:00,Fur_5,3734,7.16,117.683,17.8,25.479,11.78,55.24,88.41%,88.41,172.742,0.681264544812495,0.10304384573525838,0.14749742390385662,0.06819418554839009,0.21650535577351565,0.15125379068128963,0.06819418554839009,0.6986145178925971,21.616051684014312,31.72930642718739,1.9175147295125872,521.5083070519124,154.77093005754247,529.5735000000001,49.839999999999996,458.62199999999996,41.23,1079.2655,173780.36000000002,60.45969999999999,17850.989998296387,2874317.2724972176,2898668.262495514,32419.955961251697,0.006172182382948086,0.42493899786475153,26735.440000000002,2998.445157,2094.7574000000004,439428.32200000004,-2.759999999999998,2.759999999999998,0.34933333333333344,0,0.10999999999999999,0.48714285714285666,0.987357398851487,0.4740429083417257,1,1,1,1,1,False,False,False,False,True,5.0,2025-11-01,5,1,11,44
02-11-2025 00:00,Fur_1,3810,7.57,117.606,20.619,27.364,13.22,57.61,82.80%,82.8,178.809,0.6577185712128584,0.11531298760129524,0.15303480249875567,0.0739336386870907,0.23267520166764283,0.17532268612721558,0.0739336386870907,0.7535082314899784,21.307652299380905,32.39630603543777,1.9868766404199476,503.30244342107744,161.29892790631345,529.227,57.7332,492.552,46.27,1125.7822,187471.05000000002,62.583149999999996,17988.58318892546,2995551.5182601074,3020040.101449033,36038.66469509586,0.00596925296606334,0.43751979734623625,28841.7,3218.170584,2424.918114,448078.86,-0.39000000000000057,0.39000000000000057,0.5073333333333333,1,0.0,0.0,0.9658922398223044,0.1931784479644609,1,1,0,0,0,True,False,False,False,False,1.0,2025-11-02,6,2,11,44
02-11-2025 00:00,Fur_2,3780,12.91,230.198,25.862,53.345,11.34,58.66,75.58%,75.58,320.74499999999995,0.7176978596704549,0.08063103088122965,0.16631592074701088,0.03535518870130478,0.23173528774474456,0.11234676186436561,0.03535518870130478,0.48480643950123836,11.785062900434927,16.420646502486353,3.4153439153439153,292.79625927217205,152.14516204461492,1035.891,72.41359999999999,960.21,39.69,2108.2046000000005,317198.7,112.26074999999997,18779.53425395787,2825553.0093999915,2850832.543653949,37226.854840088134,0.006602439751940148,0.4554633833926744,48799.8,12279.91231,5953.380676,870148.4400000001,0.6599999999999966,0.6599999999999966,0.5773333333333331,0,0.033333333333333326,0.0,0.9958173622257148,0.209163472445143,1,1,1,0,0,False,True,False,False,False,2.0,2025-11-02,6,2,11,44
02-11-2025 00:00,Fur_3,3820,12.15,197.975,29.973,45.384,11.4,57.67,80.61%,80.61,284.73199999999997,0.6953029515474201,0.10526740935335685,0.15939198966045265,0.0400376494387705,0.2292410646332059,0.15139790301099684,0.0400376494387705,0.6604309743426985,13.416124636500289,19.29536547899803,3.180628272251309,314.40326630425795,163.00591433347853,890.8874999999999,83.92439999999999,816.912,39.9,1831.6239,301684.5,99.65619999999998,18379.427471647527,3027252.694764601,3052132.1222362486,37398.996718983566,0.0060346840110658126,0.44600422608593393,46413.0,8984.8974,5933.904675,756264.5,-0.3299999999999983,0.3299999999999983,0.5113333333333334,1,0.0,0.0,0.9602166207025412,0.19204332414050826,1,1,0,0,0,False,False,True,False,False,3.0,2025-11-02,6,2,11,44
02-11-2025 00:00,Fur_4,3822,9.04,151.86,23.043,32.582,3.18,52.7,80.97%,80.97,210.66500000000002,0.7208601333871312,0.10938219447938669,0.15466261600170886,0.015095056131773194,0.21455287623763414,0.15173844230384273,0.015095056131773194,0.7072309647280411,18.14254859611231,25.167917653312802,2.365253793825222,422.7875638509333,164.00863930885527,683.3700000000001,64.5204,586.476,11.13,1345.4964000000002,224580.71999999997,73.73275,18248.287226503828,3045874.730021598,3070623.0172481015,37460.32715930342,0.005955468211877692,0.4358807648983675,34550.88,4947.902520000001,3499.30998,580408.92,-5.299999999999997,5.299999999999997,0.1800000000000002,0,0.0,0.0,0.9569464222327517,0.19138928444655035,1,1,0,0,0,False,False,False,True,False,4.0,2025-11-02,6,2,11,44
02-11-2025 00:00,Fur_5,3820,7.55,123.584,18.869,26.593,9.48,52.48,83.21%,83.21,178.52599999999998,0.6922465075115111,0.10569328837256199,0.14895869509203144,0.05310150902389569,0.21518157516198233,0.15268157566771123,0.05310150902389569,0.7095475986331892,21.39744350962885,30.91014993113874,1.9764397905759163,505.9601978860665,161.55069849769782,556.128,52.8332,478.674,33.18,1120.8152000000002,187466.5,62.48409999999999,17937.6065271005,3000227.2578143883,3024664.8643414886,35918.11975230363,0.005943216269935,0.4270766492103247,28841.0,3286.469312,2331.906496,472090.88,-5.520000000000003,5.520000000000003,0.16533333333333314,0,0.0,0.0,0.965074329573809,0.1930148659147618,1,1,0,0,0,False,False,False,False,True,5.0,2025-11-02,6,2,11,44
03-11-2025 00:00,Fur_1,3802,7.5,118.837,20.353,27.175,12.36,57.19,79.93%,79.93,178.72500000000002,0.6649153727794096,0.11387886417680794,0.15204923765561615,0.06915652538816616,0.22867456912683282,0.1712682062718833,0.06915652538816616,0.7489604140216959,21.27290530144076,31.99340245888568,1.9726459758022092,506.93326574223124,159.5467897608057,534.7665000000001,56.9884,489.15000000000003,43.26,1124.1649,185347.5,62.55375,17971.18318246308,2963011.809843534,2987482.993025997,36914.40742649199,0.006028609765472202,0.43512299663510223,28515.0,3229.3954750000003,2418.6894610000004,451818.27400000003,-0.8100000000000023,0.8100000000000023,0.47933333333333317,0,0.0,0.0,0.9716501117953775,0.1943300223590755,1,1,0,0,0,True,False,False,False,False,1.0,2025-11-03,0,3,11,45
03-11-2025 00:00,Fur_2,3760,12.92,226.838,25.456,53.165,12.73,60.78,78.05%,78.05,318.189,0.7129033373246717,0.080002765651861,0.16708622862512532,0.04000766839834186,0.23437431014920646,0.11222105594203327,0.04000766839834186,0.4788112389953684,11.816876133367275,16.575705937383923,3.4361702127659575,291.02164930172995,152.67403964310517,1020.771,71.2768,956.97,44.555,2093.5728,315764.8,111.36615,18799.004904093388,2835375.021943382,2860674.026847475,36188.15973241588,0.006586495682205292,0.4570989840907372,48579.2,12059.84227,5774.388128,852910.88,2.780000000000001,2.780000000000001,0.7186666666666668,0,0.06666666666666665,0.0,0.9940768513819023,0.21881537027638046,1,1,1,0,0,False,True,False,False,False,2.0,2025-11-03,0,3,11,45
03-11-2025 00:00,Fur_3,3810,11.57,194.776,26.413,44.154,15.02,58.63,80.70%,80.7,280.363,0.6947279063214475,0.0942100063132439,0.1574886843128373,0.05357340305247126,0.22669117228667202,0.13560705561461855,0.05357340305247126,0.598201734877888,13.5895250086495,19.560931431177703,3.036745406824147,329.299885108048,157.23080435007475,876.4920000000001,73.9564,794.772,52.57,1797.7904,286531.05,98.12705,18321.048069823766,2920000.6522156736,2944821.700285497,36044.32925686043,0.006235208373556793,0.44208268105113924,44081.700000000004,8600.139504,5144.618488,742096.56,0.6300000000000026,0.6300000000000026,0.5753333333333335,0,0.0,0.0,0.9791949544949763,0.19583899089899526,1,1,0,0,0,False,False,True,False,False,3.0,2025-11-03,0,3,11,45
03-11-2025 00:00,Fur_4,3804,8.48,147.18,23.405,31.057,11.21,53.76,80.00%,80.0,212.852,0.6914663709995678,0.10995903256722982,0.14590889444308722,0.0526657019901152,0.2110137232571428,0.15902296399631088,0.0526657019901152,0.753614297787478,17.871572735985566,25.84590280034038,2.229232386961094,448.5848527612202,151.5509368011576,662.3100000000001,65.534,559.026,39.235,1326.1049999999998,209676.48,74.4982,17800.497193220774,2814517.3977357843,2838817.8949290053,35047.13450529636,0.0062847808238936965,0.4215548542536225,32257.920000000002,4570.96926,3444.7479000000003,559872.72,-4.240000000000002,4.240000000000002,0.25066666666666654,0,0.0,0.0,0.997942207229171,0.1995884414458342,1,1,0,0,0,False,False,False,True,False,4.0,2025-11-03,0,3,11,45
03-11-2025 00:00,Fur_5,3806,7.74,132.82,21.118,27.593,12.29,53.98,82.22%,82.22,193.82099999999997,0.6852714618127036,0.108956201856352,0.1423633146047126,0.06340902172623195,0.20774732564563075,0.15899713778800528,0.06340902172623195,0.7653390075258577,19.636675076488103,28.65532277777953,2.0336311087756176,491.73120261870764,151.98786509201793,597.6899999999999,59.130399999999995,496.674,43.015,1196.5094000000001,191479.86000000002,67.83734999999999,17637.91480651883,2822631.780280333,2846769.6950868517,34207.75889313689,0.006209943667331735,0.4151024638836936,29458.440000000002,3664.90226,2804.8927599999997,505512.92,-4.020000000000003,4.020000000000003,0.26533333333333314,0,0.0,0.0,0.996535895382633,0.19930717907652662,1,1,0,0,0,False,False,False,False,True,5.0,2025-11-03,0,3,11,45
04-11-2025 00:00,Fur_1,3748,8.05,132.013,22.451,30.527,12.22,59.49,82.90%,82.9,197.21099999999998,0.6693997799311399,0.11384253413856227,0.1547935967060661,0.061964089224231925,0.23124237589296223,0.17006658306328482,0.061964089224231925,0.7354472848479285,19.00502507466622,28.39114308143029,2.147812166488794,465.5900042745336,152.99045185106309,594.0585,62.8628,549.486,42.77,1249.1772999999998,196114.1,69.02385,18097.76330934887,2841251.2486626003,2865849.011971949,34157.91432624492,0.006329329939638167,0.4398783103087128,30171.4,4029.9608510000003,2963.823863,494784.72400000005,1.490000000000002,1.490000000000002,0.6326666666666668,0,0.08666666666666667,0.0,0.9931616318414533,0.22463232636829067,1,1,1,0,0,True,False,False,False,False,1.0,2025-11-04,1,4,11,45
04-11-2025 00:00,Fur_2,3708,12.55,217.176,24.874,51.245,14.96,60.21,79.70%,79.7,308.25499999999994,0.7045335842078799,0.08069293279914358,0.1662422345136332,0.04853124847934341,0.235960694386301,0.11453383378212217,0.04853124847934341,0.4853936874740231,12.029001962660786,17.073709723571163,3.384573894282632,295.45814378819574,150.9639746313929,977.2919999999999,69.6472,922.41,52.36,2021.7091999999996,302480.10000000003,107.88924999999998,18738.745519131888,2803616.671725868,2828855.4172449997,35053.97047391573,0.006639399632177947,0.4562525609518917,46535.4,11129.184119999998,5402.035824,805288.608,2.210000000000001,2.210000000000001,0.6806666666666668,0,0.15333333333333332,0.0,0.9997041164962274,0.24594082329924546,1,1,1,0,0,False,True,False,False,False,2.0,2025-11-04,1,4,11,45
04-11-2025 00:00,Fur_3,3734,12.81,214.484,28.885,49.228,10.75,59.71,84.50%,84.5,303.347,0.7070582534193515,0.0952209845490478,0.1622827982475515,0.035437963784049294,0.229518284676161,0.13467204950172484,0.035437963784049294,0.5867595558064607,12.309335513454888,17.409223916892522,3.430637386181039,291.49099988360655,157.68258792735713,965.178,80.878,886.104,37.625,1969.785,310911.51,106.17145,18552.868968070045,2928390.918650918,2953443.787618988,34543.20219437413,0.006295630424311559,0.4498480798665844,47832.54,10558.618352000001,6195.37034,800883.256,1.7100000000000009,1.7100000000000009,0.6473333333333334,0,0.10999999999999999,0.0,0.9776700993278089,0.2285340198655618,1,1,1,0,0,False,False,True,False,False,3.0,2025-11-04,1,4,11,45
04-11-2025 00:00,Fur_4,3732,8.98,149.959,23.289,32.058,10.92,53.78,85.60%,85.6,216.22599999999997,0.6935289928130753,0.10770675126950507,0.1482615411652623,0.05050271475215747,0.21377843134604504,0.15530244830051917,0.05050271475215747,0.7264645103729332,17.259718997715357,24.886802226696616,2.4062165058949625,415.5901541659071,154.9922765994839,674.8155,65.2092,577.044,38.22,1355.2887,217836.84,75.67909999999999,17908.361753773504,2878427.9939904152,2902836.3557441887,33520.050297277005,0.006183108435681706,0.4257720144792766,33513.36,4807.385622,3492.395151,559646.988,-4.219999999999999,4.219999999999999,0.25200000000000006,0,0.11333333333333329,0.0857142857142849,0.9866202526963107,0.27418119339640457,1,1,1,1,1,False,False,False,True,False,4.0,2025-11-04,1,4,11,45
04-11-2025 00:00,Fur_5,3735,8.43,150.164,23.344,32.052,11.63,54.49,80.79%,80.79,217.18999999999997,0.691394631428703,0.10748192826557394,0.14757585524195407,0.05354758506376906,0.21344663026127017,0.15545669963868372,0.05354758506376906,0.7283164629877555,17.196924351949907,24.872805566761638,2.2570281124497993,443.06044566305513,144.97007228693772,675.7379999999999,65.3632,576.936,40.705000000000005,1358.7422,204659.32499999998,76.01649999999998,17874.306236146105,2692301.342471701,2716675.648707847,33215.2542940194,0.006595257486232741,0.4246103491891251,31486.05,4813.056527999999,3505.4284159999997,560862.5399999999,-3.509999999999998,3.509999999999998,0.29933333333333345,0,0.10833333333333328,0.0,1.0,0.23249999999999998,1,1,1,0,0,False,False,False,False,True,5.0,2025-11-04,1,4,11,45
05-11-2025 00:00,Fur_1,3722,8.08,111.585,18.043,25.115,11.8,56.74,91.03%,91.03,166.543,0.6700071453018139,0.10833838708321573,0.1508018950060945,0.07085257260887579,0.22507505287381768,0.16169735930727824,0.07085257260887579,0.7184152610625021,22.348582648325056,33.355737479448514,2.170875873186459,460.6435073461006,180.57654779846646,502.1325,50.520399999999995,452.07,41.300000000000004,1046.0229,195479.44,58.29005,17945.136434091237,3353564.459114377,3378009.595548468,36705.526410393,0.005322582043896562,0.43217983086221157,30073.760000000002,2802.4572749999998,2013.3281549999997,415319.37,-1.259999999999998,1.259999999999998,0.4493333333333335,0,0.13,0.8614285714285715,0.9025837146760138,0.6502310286494886,1,1,1,1,1,True,False,False,False,False,1.0,2025-11-05,2,5,11,45
05-11-2025 00:00,Fur_2,3717,12.38,206.346,26.968,48.289,14.26,60.08,82.61%,82.61,295.863,0.697437665405948,0.09115029591398721,0.1632140551539057,0.04819798352615907,0.23401955824673337,0.1306931070595354,0.04819798352615907,0.5584708617185931,12.563247178592794,18.013433659904074,3.330642991659941,300.24230208058947,155.53300007097883,928.557,75.51039999999999,869.202,49.91,1923.1794000000002,299106.99,103.55205,18572.1035942794,2888470.0013181777,2913542.104912457,34846.81383701061,0.00638865999322658,0.4519609559045817,46016.46000000001,9964.241994,5564.738928,766988.082,2.0799999999999983,2.0799999999999983,0.6719999999999999,0,0.1383333333333333,0.0,0.9847268925033302,0.23844537850066605,1,1,1,0,0,False,True,False,False,False,2.0,2025-11-05,2,5,11,45
05-11-2025 00:00,Fur_3,3723,12.68,214.196,28.951,49.053,14.68,59.56,84.03%,84.03,306.88,0.6979796663190824,0.0943398070907195,0.15984423879040666,0.047836287799791447,0.22900987773343162,0.13516125354739933,0.047836287799791447,0.5901983448474437,12.131777893639208,17.381276880141193,3.4058554928820843,293.6119642261858,153.83094369134514,963.882,81.0628,882.954,51.379999999999995,1979.2788,306849.66,107.40799999999999,18427.666468047075,2856860.382839267,2881788.049307314,33891.4271352148,0.006408980996699264,0.4460988517635817,47207.64,10506.956387999999,6201.1883960000005,797451.708,1.5600000000000023,1.5600000000000023,0.6373333333333335,0,0.1283333333333333,0.0,0.9903427409510656,0.2365685481902131,1,1,1,0,0,False,False,True,False,False,3.0,2025-11-05,2,5,11,45
05-11-2025 00:00,Fur_4,3724,9.15,151.732,23.732,31.95,10.68,54.3,91.03%,91.03,218.094,0.6957183599732226,0.10881546489128541,0.14649646482709291,0.04896971030839913,0.21056863278300797,0.15640734877015167,0.04896971030839913,0.7427855792555373,17.07520610379011,24.543273504974078,2.45703544575725,406.9944910388535,156.23813584967948,682.794,66.44959999999999,575.1,37.379999999999995,1361.7236000000003,221484.9,76.3329,17839.27507012049,2901565.3800654765,2925904.655135597,31792.94420445069,0.006110586635785135,0.42233240284592255,34074.6,4847.837399999999,3600.903824,565049.968,-3.700000000000003,3.700000000000003,0.28666666666666646,0,0.1266666666666667,0.8614285714285715,0.9825405195453694,0.6652223896233597,1,1,1,1,1,False,False,False,True,False,4.0,2025-11-05,2,5,11,45
05-11-2025 00:00,Fur_5,3725,8.41,144.693,22.606,30.416,12.45,54.08,85.57%,85.57,210.165,0.6884733423738492,0.10756310517926393,0.14472438322270598,0.059239169224181,0.2102105823349396,0.1562342327808931,0.059239169224181,0.7432272243810092,17.724169105226846,25.744161599081075,2.257718120805369,442.9250365130754,149.06026217495778,651.1185,63.2968,547.488,43.574999999999996,1305.4783,203627.125,73.55775,17747.664929936,2768262.011820644,2792509.6767505803,32257.24473548089,0.00637028115086654,0.41937732706855413,31327.25,4400.982288,3270.9299580000006,538981.425,-3.9200000000000017,3.9200000000000017,0.2719999999999999,0,0.125,0.08142857142857045,1.0,0.27821428571428525,1,1,1,1,1,False,False,False,False,True,5.0,2025-11-05,2,5,11,45
06-11-2025 00:00,Fur_1,3668,7.98,130.467,23.308,28.214,12.35,54.4,89.39%,89.39,194.339,0.6713371994298624,0.11993475318901507,0.1451793000890197,0.06354874729210297,0.216253916957898,0.17865053861397487,0.06354874729210297,0.8261146655520427,18.874235228132285,28.114388863740338,2.1755725190839694,459.649065206884,150.61639712049563,587.1015000000001,65.2624,507.852,43.225,1203.4409,190259.16,68.01865,17692.80778139525,2797161.6608092044,2821354.4685905995,31213.126104553594,0.006285514217100558,0.421999950309151,29270.640000000003,3680.995938,3040.924836,478552.95600000006,-3.6000000000000014,3.6000000000000014,0.2933333333333332,0,0.21999999999999997,0.6271428571428572,1.0,0.5795714285714286,1,1,1,1,1,True,False,False,False,False,1.0,2025-11-06,3,6,11,45
06-11-2025 00:00,Fur_2,3664,12.26,206.378,26.686,46.305,14.62,59.21,88.05%,88.05,293.989,0.701992251410767,0.09077210371816634,0.15750589307763216,0.04972975179343445,0.22436984453590092,0.12930641769323079,0.04972975179343445,0.5763092414143345,12.463051338655529,17.753830264108434,3.346069868995633,298.8580506641068,152.79700941191678,928.7009999999999,74.7208,833.49,51.169999999999995,1888.0818,291984.16,102.89614999999999,18349.39208123919,2837658.7462213114,2862508.1383025507,32144.953827092093,0.006424838863430211,0.4414480347196822,44920.64,9556.333289999999,5507.403308,756168.992,1.2100000000000009,1.2100000000000009,0.6140000000000001,0,0.22666666666666668,0.43571428571428533,0.9937524804701662,0.484607638951176,1,1,1,1,1,False,True,False,False,False,2.0,2025-11-06,3,6,11,45
06-11-2025 00:00,Fur_3,3669,11.94,203.323,29.668,44.593,10.37,55.89,88.53%,88.53,287.954,0.7060954180181557,0.1030303451245685,0.1548615403849226,0.03601269647235322,0.21932098080728213,0.14591561138722323,0.03601269647235322,0.6653061990602516,12.741618452947346,18.045179256428543,3.2542927228127554,307.2864064249241,152.13492432819132,914.9535000000001,83.07039999999999,802.6740000000001,36.294999999999995,1836.9929000000002,284751.08999999997,100.7839,18227.0471771781,2825362.880380695,2850089.9275578735,31833.90961194989,0.006409871901899659,0.4369499740581469,43807.86,9066.782539000002,6032.186764,745992.087,-2.1099999999999994,2.1099999999999994,0.3926666666666667,0,0.21833333333333338,0.5042857142857144,0.9959486972432718,0.5168325965915116,1,1,1,1,1,False,False,True,False,False,3.0,2025-11-06,3,6,11,45
06-11-2025 00:00,Fur_4,3671,9.2,157.18,24.36,32.905,9.72,53.1,89.56%,89.56,224.16500000000002,0.7011799344233042,0.10866995293645304,0.14678919545870228,0.04336091718154038,0.2093459714381857,0.15498154882948498,0.04336091718154038,0.7403129998385352,16.376329935538553,23.355388577710976,2.5061291201307543,399.0216957585114,150.66223540695466,707.3100000000001,68.208,592.29,34.02,1401.828,219525.8,78.45775,17867.298004339915,2798012.9432720155,2822380.2412763555,31165.859554730072,0.006345191014317141,0.4225126049700819,33773.2,5172.0079000000005,3828.9048000000003,577007.78,-4.899999999999999,4.899999999999999,0.20666666666666675,0,0.21499999999999997,0.6514285714285718,1.0,0.5902142857142859,1,1,1,1,1,False,False,False,True,False,4.0,2025-11-06,3,6,11,45
06-11-2025 00:00,Fur_5,3669,8.32,139.223,21.573,29.146,12.95,53.13,91.52%,91.52,202.892,0.6861926542199792,0.10632750428799559,0.1436527807897798,0.06382706070224553,0.2093475919255612,0.15495284432203843,0.06382706070224553,0.7401701523306747,18.08351241054354,26.353404061445275,2.2676478604524393,440.98552392000914,150.45482325572226,626.5035,60.404399999999995,524.628,45.324999999999996,1256.8609000000001,198419.52000000002,71.01219999999999,17699.22492191483,2794161.0033205566,2818360.2282424713,30462.172808500556,0.0062944895852727265,0.41741134599699936,30526.08,4057.7935580000003,3003.4577790000003,510809.18700000003,-4.869999999999997,4.869999999999997,0.20866666666666683,0,0.21833333333333338,0.9314285714285708,1.0,0.7312142857142854,1,1,1,1,1,False,False,False,False,True,5.0,2025-11-06,3,6,11,45
07-11-2025 00:00,Fur_1,3668,7.98,129.648,23.635,27.476,12.36,53.27,93.03%,93.03,193.11899999999997,0.6713373619374583,0.12238567929618528,0.14227497035506606,0.06400198841129046,0.2119276794711243,0.18230130675134745,0.06400198841129046,0.8602052387463518,18.993470347298818,28.29199040253617,2.1755725190839694,459.649065206884,151.5678933714446,583.4159999999999,66.178,494.568,43.26,1187.4219999999998,190259.16,67.59164999999999,17567.584161653103,2814832.305469685,2838899.889631338,30191.42709381408,0.006202367196088149,0.41650567363582625,29270.640000000003,3562.208448,3064.23048,475548.864,-4.729999999999997,4.729999999999997,0.21800000000000022,0,0.21999999999999997,1.0,0.9979277060949682,0.7655855412189936,1,1,1,1,1,True,False,False,False,False,1.0,2025-11-07,4,7,11,45
07-11-2025 00:00,Fur_2,3655,12.31,203.108,27.868,45.218,11.69,56.02,90.27%,90.27,287.884,0.7055202790012643,0.09680287893734976,0.15707020883411374,0.04060663322727209,0.22263032365721527,0.13720779025342286,0.04060663322727209,0.6163032284421418,12.696085923496964,17.9953521378018,3.3679890560875516,296.91305467806217,156.28881771824763,913.986,78.03039999999999,813.9240000000001,40.915,1846.8554,292454.825,100.7594,18329.360833827912,2902506.614767456,2927335.975601284,32073.364474649763,0.006275381769787543,0.44070802727706787,44993.05,9184.137544000001,5660.213744,742359.74,-1.9799999999999969,1.9799999999999969,0.40133333333333354,0,0.2416666666666667,0.7528571428571423,0.9822873840430767,0.6453860482371865,1,1,1,1,1,False,True,False,False,False,2.0,2025-11-07,4,7,11,45
07-11-2025 00:00,Fur_3,3573,10.72,181.861,27.161,39.053,12.5,54.05,90.69%,90.69,260.575,0.6979219034826826,0.10423486520195722,0.14987239758226997,0.04797083373309028,0.21474092733053857,0.14935032717652313,0.04797083373309028,0.6954907255398889,13.711983114266527,19.646873053338137,3.0002798768541843,333.3022077143463,146.99245898493717,818.3744999999999,76.0508,702.954,43.75,1641.1292999999998,248966.64,91.20124999999999,17994.592179383508,2729859.952577405,2754354.5447567888,30039.85761540832,0.0065485970550075824,0.4283355369988215,38302.560000000005,7102.217632999999,4939.526621,649789.353,-3.950000000000003,3.950000000000003,0.2699999999999998,0,0.3783333333333333,0.8128571428571425,1.0,0.7199285714285713,1,1,1,1,1,False,False,True,False,False,3.0,2025-11-07,4,7,11,45
07-11-2025 00:00,Fur_4,3638,8.66,144.11,22.326,30.503,10.5,51.86,91.70%,91.7,207.43900000000002,0.6947102521705176,0.10762682041467611,0.14704563751271457,0.050617289902091696,0.21166469910717714,0.15492332138697298,0.050617289902091696,0.731927983085992,17.537685777505676,25.24460464058979,2.3804288070368336,420.09233024337993,151.87635883319916,648.4950000000001,62.5128,549.054,36.75,1296.8118,204783.02,72.60365,17861.52349089887,2820560.9497594126,2844922.4732503113,30689.56281823421,0.006292764258748779,0.423387572506666,31505.08,4395.78733,3217.3998600000004,524272.18000000005,-6.140000000000001,6.140000000000001,0.12399999999999996,0,0.27,0.9571428571428575,0.9968625849246667,0.758943945556362,1,1,1,1,1,False,False,False,True,False,4.0,2025-11-07,4,7,11,45
07-11-2025 00:00,Fur_5,3670,9.0,150.013,23.255,31.766,8.67,52.2,91.19%,91.19,213.70399999999998,0.7019662711039569,0.10881873993935538,0.148644854565193,0.04057013439149478,0.2117549798233821,0.15501989724210635,0.04057013439149478,0.7320720036494364,17.173286414854193,24.464546242895306,2.452316076294278,407.77773246914086,154.55957773368775,675.0585,65.11399999999999,571.788,30.345,1342.3055000000002,214695.0,74.79639999999999,17946.124412404883,2870392.157911344,2894838.282323749,31400.78405818146,0.0062133042110173895,0.4259745639126115,33030.0,4765.3129579999995,3488.552315,550547.71,-5.799999999999997,5.799999999999997,0.14666666666666686,0,0.21666666666666667,0.884285714285714,0.9880347481787641,0.7047498067786099,1,1,1,1,1,False,False,False,False,True,5.0,2025-11-07,4,7,11,45
08-11-2025 00:00,Fur_1,3706,8.15,127.813,24.264,27.555,12.78,53.81,89.92%,89.92,192.412,0.6642673014157121,0.12610440097291228,0.14320832380516807,0.06641997380620751,0.2155883969894424,0.18983984266201526,0.06641997380620751,0.8805661084897075,19.260752967590378,28.995485365373746,2.1991365353480843,454.72387058602817,156.9751366858616,575.1585,67.9392,495.99,44.73,1183.8177,196325.35,67.3442,17578.61404545603,2915252.538451715,2939331.152497171,32328.763225881776,0.005993735449273527,0.41897498238115544,30203.9,3521.887215,3101.254632,473674.978,-4.189999999999998,4.189999999999998,0.25400000000000017,0,0.15666666666666662,0.7028571428571431,0.9801659827207155,0.5944617679727147,1,1,1,1,1,True,False,False,False,False,1.0,2025-11-08,5,8,11,45
08-11-2025 00:00,Fur_2,3706,12.58,209.723,28.135,48.526,11.61,56.43,79.35%,79.35,297.994,0.7037826264958355,0.09441465264401297,0.16284220487660825,0.03896051598354329,0.23138139244917633,0.13415314422284086,0.03896051598354329,0.5797922643574113,12.436492009906239,17.67092775865819,3.3944954128440368,294.59457117690215,156.4510694846205,943.7535,78.778,873.4680000000001,40.635,1936.6345000000001,303039.62,104.2979,18568.29811530242,2905519.8618572378,2930588.15997254,36472.783571531305,0.0063501156940072535,0.45102367018660466,46621.48,10177.018298,5900.556605000001,777233.4380000001,-1.5700000000000003,1.5700000000000003,0.42866666666666664,0,0.15666666666666662,0.0,0.9817122205181343,0.24334244410362688,1,1,1,0,0,False,True,False,False,False,2.0,2025-11-08,5,8,11,45
08-11-2025 00:00,Fur_3,3684,12.54,207.01,32.034,44.436,11.57,53.58,82.48%,82.48,295.04999999999995,0.7016098966276904,0.10857142857142858,0.15060498220640572,0.03921369259447552,0.21465629576031933,0.15474614678157506,0.03921369259447552,0.7209019551511847,12.486019318759535,17.79624164148475,3.4039087947882734,293.7798808787974,156.57468225724455,931.545,89.69519999999999,799.848,40.495000000000005,1861.5832,300282.83999999997,103.26749999999998,18026.806110344496,2907815.5276345415,2932342.333744886,35126.285742032655,0.006161236339509576,0.42966008717740894,46197.35999999999,9198.69636,6631.35834,762624.84,-4.420000000000002,4.420000000000002,0.23866666666666655,0,0.19333333333333336,0.0,0.9814019869473747,0.25428039738947494,1,1,1,0,0,False,False,True,False,False,3.0,2025-11-08,5,8,11,45
08-11-2025 00:00,Fur_4,3711,9.06,151.768,25.462,30.848,10.75,51.84,81.45%,81.45,218.82799999999997,0.6935492715740217,0.11635622498034988,0.14096916299559473,0.04912534045003382,0.203257602371662,0.16776922560902677,0.04912534045003382,0.8254019441972917,16.95852450326284,24.451794683650082,2.4413904607922396,409.60260379662213,153.64423199956133,682.956,71.2936,555.264,37.625,1347.1386,218540.79,76.58979999999998,17589.007935782574,2853392.879991853,2877481.8879276356,34899.71968377969,0.006126478195401946,0.41218030572355363,33621.66,4681.739264,3864.316816,563211.048,-6.159999999999997,6.159999999999997,0.1226666666666669,0,0.14833333333333332,0.0,0.991104305080085,0.24272086101601698,1,1,1,0,0,False,False,False,True,False,4.0,2025-11-08,5,8,11,45
08-11-2025 00:00,Fur_5,3724,8.02,139.821,23.418,28.355,13.11,50.89,75.93%,75.93,204.704,0.6830399015163358,0.11439932780991088,0.13851707831796153,0.06404369235579177,0.20279500073097032,0.16748556963914168,0.06404369235579177,0.8258860579832107,18.192121306862592,26.634053349396346,2.15359828141783,464.3390942220581,145.90081288103798,629.1945,65.57039999999999,510.39,45.885,1251.0399,194132.12,71.6464,17461.30859331383,2709586.5249335626,2733547.8335268763,35532.92387270085,0.00640300781623299,0.40797259943507796,29866.48,3964.624455,3274.3281779999998,520693.404,-7.109999999999999,7.109999999999999,0.05933333333333337,0,0.1266666666666667,0.0,1.0,0.23800000000000002,1,1,1,0,0,False,False,False,False,True,5.0,2025-11-08,5,8,11,45
09-11-2025 00:00,Fur_1,3702,8.1,122.3,25.14,25.985,9.14,54.73,92.21%,92.21,182.565,0.6698983923534084,0.1377043792621806,0.1423328677457344,0.05006436063867664,0.21246933595691467,0.20556009643859285,0.05006436063867664,0.9674812019441523,20.27770930901323,30.269828043582766,2.1880064829821717,457.0369806127185,164.24944540300714,550.35,70.392,467.73,31.990000000000002,1120.462,194910.3,63.897749999999995,17535.234026237235,3050346.8431987045,3074382.077224942,32983.3931683826,0.005715745776675602,0.41744387582979164,29986.199999999997,3177.9655,3074.622,452754.6,-3.270000000000003,3.270000000000003,0.31533333333333313,0,0.16333333333333333,1.0,0.9562816154629209,0.7402563230925843,1,0,1,1,0,True,False,False,False,False,1.0,2025-11-09,6,9,11,45
09-11-2025 00:00,Fur_2,3699,12.26,205.171,30.554,46.837,9.05,57.18,78.40%,78.4,291.612,0.7035752986845534,0.10477620948383468,0.16061410367200252,0.031034388159609343,0.22828274839873694,0.14891968090558763,0.031034388159609343,0.652347489114429,12.684663182585078,18.028863640432306,3.3144092998107597,301.71286282929344,155.51397061849303,923.2695,85.5512,843.066,31.675000000000004,1883.5617,294773.31,102.0642,18454.675586542588,2888116.5972005855,2913071.272787128,36688.55507288574,0.006349294015022136,0.4475913902900022,45349.74,9609.594127,6268.794733999999,758927.529,-0.8200000000000003,0.8200000000000003,0.47866666666666663,0,0.16833333333333333,0.0,0.9848101612956084,0.24746203225912167,1,1,1,0,0,False,True,False,False,False,2.0,2025-11-09,6,9,11,45
09-11-2025 00:00,Fur_3,3675,12.38,196.231,30.99,43.024,8.54,54.67,84.28%,84.28,278.785,0.7038793335365963,0.11116093046612979,0.15432681098337428,0.030632925013899595,0.21925179905696962,0.15792611688303013,0.030632925013899595,0.7202956321984094,13.182201337948598,18.727927703941134,3.3687074829931976,296.84973369549806,163.19565256380363,883.0395,86.77199999999999,774.432,29.889999999999997,1774.1335000000001,295727.25,97.57475000000001,18182.301261340664,3030776.404756353,3055458.7060176935,35828.54955461648,0.005963446217049273,0.4365128103381171,45496.5,8442.642544,6081.198689999999,721148.9249999999,-3.3299999999999983,3.3299999999999983,0.31133333333333346,0,0.20833333333333337,0.0,0.9596282993051868,0.2544256598610374,1,1,1,0,0,False,False,True,False,False,3.0,2025-11-09,6,9,11,45
09-11-2025 00:00,Fur_4,3704,8.96,159.62,27.415,32.357,10.85,54.96,75.86%,75.86,230.242,0.6932705588033461,0.11907036943737459,0.14053474170655225,0.047124330052727134,0.20271269137506145,0.1717516591169549,0.047124330052727134,0.8472664076624408,16.087421061318093,23.20511199595845,2.4190064794816415,413.39281100526665,144.14329270941013,718.29,76.76199999999999,582.4259999999999,37.975,1415.4529999999997,215720.96000000002,80.5847,17564.7858712634,2676946.864603331,2701011.6504745944,35141.96786982298,0.006518727008721469,0.41147674984616234,33187.840000000004,5164.82434,4375.9823,591232.48,-3.039999999999999,3.039999999999999,0.3306666666666667,0,0.16000000000000003,0.0,1.0,0.24800000000000003,1,1,1,0,0,False,False,False,True,False,4.0,2025-11-09,6,9,11,45
09-11-2025 00:00,Fur_5,3703,8.8,157.205,26.995,31.833,11.04,55.58,77.03%,77.03,227.073,0.692310402381613,0.11888247391807921,0.14018839756377904,0.048618726136528775,0.20249355807707412,0.1717184556997649,0.048618726136528775,0.848019324348339,16.30753105829403,23.55523028176438,2.3764515257899004,420.79540672779467,143.50627331298745,707.4225,75.586,572.9939999999999,38.64,1394.6425000000002,211811.6,79.47555,17548.069815182156,2665116.504384053,2689164.574199235,34463.21381775259,0.006541283611806067,0.41085367755535906,32586.4,5004.306765,4243.748975,582130.115,-2.4200000000000017,2.4200000000000017,0.3719999999999999,0,0.16166666666666663,0.0,1.0,0.2485,1,1,1,0,0,False,False,False,False,True,5.0,2025-11-09,6,9,11,45
10-11-2025 00:00,Fur_1,3697,8.04,124.736,26.799,25.15,7.76,53.16,90.72%,90.72,184.445,0.6762774810919244,0.1452953454959473,0.13635501097888258,0.042072162433245686,0.2016258321444825,0.21484575251053623,0.042072162433245686,1.0655665580291627,20.04391553037491,29.638596478654144,2.1747362726535027,459.8258134545009,161.15308086421425,561.312,75.0372,452.7,27.16,1116.2092,193205.21999999997,64.55574999999999,17290.623995538743,2992842.9303354076,3016633.5543309464,32889.59391987512,0.005744138485370918,0.4055691352481237,29723.879999999997,3137.1104,3342.800064,461148.992,-4.840000000000003,4.840000000000003,0.21066666666666645,0,0.17166666666666663,0.817142857142857,0.9664947030976457,0.6533703691909576,1,0,1,1,0,True,False,False,False,False,1.0,2025-11-10,0,10,11,46
10-11-2025 00:00,Fur_2,3660,12.47,208.796,28.702,46.762,11.74,57.05,83.03%,83.03,296.0,0.7053918918918919,0.09696621621621622,0.15797972972972973,0.03966216216216216,0.22396022805053628,0.13746431858146557,0.03966216216216216,0.6137889608274035,12.364864864864865,17.529071354197058,3.407103825136612,293.5043870485656,154.1898648648649,939.582,80.3656,841.716,41.09,1902.7535999999998,296661.3,103.6,18366.34749034749,2863526.0617760615,2888392.409266409,34373.34772422241,0.006373016366361392,0.44236731440161253,45640.200000000004,9763.718552,5992.862792,764193.36,-0.9500000000000028,0.9500000000000028,0.4699999999999998,0,0.23333333333333328,0.0,0.9891747300019835,0.2678349460003967,1,1,1,0,0,False,True,False,False,False,2.0,2025-11-10,0,10,11,46
10-11-2025 00:00,Fur_3,3650,12.29,200.708,30.036,41.954,9.65,54.67,89.50%,89.5,282.34799999999996,0.7108532732656155,0.1063793616388287,0.1485896836527973,0.03417768144275859,0.2090300326393067,0.14965023741131278,0.03417768144275859,0.7159269505666457,12.927309561250658,18.185622804344508,3.367123287671233,296.9893981294225,158.87663450777058,903.186,84.10079999999999,755.172,33.775,1776.2338000000002,291580.25,98.82179999999998,17974.108951668564,2950566.069430025,2975040.1783816935,32873.372136814294,0.006054864637697843,0.4251534904920737,44858.5,8420.503432,6028.465488,732584.2,-3.3299999999999983,3.3299999999999983,0.31133333333333346,0,0.25,0.6428571428571429,0.9738506798794856,0.5911987074044686,1,1,1,1,1,False,False,True,False,False,3.0,2025-11-10,0,10,11,46
10-11-2025 00:00,Fur_4,3692,8.43,154.761,24.001,31.645,9.34,53.64,73.88%,73.88,219.747,0.7042690002593891,0.10922105876303204,0.14400651658498181,0.04250342439259694,0.20447657869568833,0.15508429025992151,0.04250342439259694,0.7584452280472357,16.80113949223425,23.856139312513235,2.2833152762730227,437.9596159004015,141.63360591953472,696.4245,67.2028,569.61,32.69,1365.9273,202303.13999999998,76.91145,17759.739284592866,2630338.395648502,2654598.1349330945,35451.363981478295,0.006706601636212236,0.4170134091323894,31123.559999999998,4897.411845,3714.418761,571377.612,-4.359999999999999,4.359999999999999,0.2426666666666667,0,0.18000000000000005,0.0,1.0,0.254,1,1,1,0,0,False,False,False,True,False,4.0,2025-11-10,0,10,11,46
10-11-2025 00:00,Fur_5,3694,9.06,148.988,23.125,30.464,11.51,53.45,82.08%,82.08,214.087,0.6959226856371475,0.10801683427765349,0.14229729035392152,0.05376318973127747,0.20447284207806773,0.1552138416838011,0.05376318973127747,0.7590926746621365,17.254667494990354,24.793942969944272,2.4526258798050895,407.7262243127788,156.32728750461263,670.446,64.75,548.352,40.285,1323.833,217539.66,74.93045,17667.49031935615,2903221.0536570917,2927388.543976448,35235.77929677959,0.006048669798027943,0.41421538819473447,33467.64,4538.770431999999,3445.3475,550361.672,-4.549999999999997,4.549999999999997,0.23000000000000018,0,0.17666666666666664,0.0,0.9822780870880126,0.24945561741760253,1,1,1,0,0,False,False,False,False,True,5.0,2025-11-10,0,10,11,46
11-11-2025 00:00,Fur_1,3697,7.7,117.0,25.999,23.045,12.0,55.1,93.23%,93.23,178.04399999999998,0.657140931455146,0.1460257015119858,0.12943429714003282,0.06739906989283549,0.19696581028234353,0.22221367331441305,0.06739906989283549,1.1281839388941661,20.764530116151064,31.59829032821974,2.0827698133621855,480.1298077753496,159.88688189436323,526.5,72.79719999999999,414.81000000000006,42.0,1056.1072,185034.85,62.31539999999999,16947.77213979209,2969327.8066096026,2992775.5787493945,31760.32663429263,0.005675220418501882,0.3927726276271955,28466.9,2696.2650000000003,3041.883,432549.0,-2.8999999999999986,2.8999999999999986,0.3400000000000001,0,0.17166666666666663,1.0,0.9707140940567667,0.7456428188113533,1,0,1,1,0,True,False,False,False,False,1.0,2025-11-11,1,11,11,46
11-11-2025 00:00,Fur_2,3648,12.07,217.131,28.25,48.521,14.17,58.34,78.39%,78.39,308.072,0.7048060193720949,0.09169934301072477,0.15749889636188943,0.04599574125529097,0.2234641749751801,0.13010578807215098,0.04599574125529097,0.5822221186244695,11.84138772754421,16.80091734114006,3.3086622807017543,302.2369260781337,142.92554987145863,977.0895,79.1,873.378,49.595,1979.1625000000001,286203.84,107.8252,18355.28707574853,2654331.640469946,2679186.9275456946,33747.15867925047,0.006867728085385606,0.441286655340327,44031.36,10535.413251,6133.95075,792093.888,0.3400000000000034,0.3400000000000034,0.5560000000000003,1,0.2533333333333333,0.0,1.0,0.276,1,1,1,0,0,False,True,False,False,False,2.0,2025-11-11,1,11,11,46
11-11-2025 00:00,Fur_3,3650,12.73,216.025,31.614,44.857,9.86,55.21,90.88%,90.88,302.356,0.7144723438595563,0.10455886438502958,0.14835822672611093,0.03261056502930321,0.20764726208703962,0.14634417245066927,0.03261056502930321,0.7047729294252195,12.071862308007779,16.8961924920903,3.4876712328767123,286.7242508464846,153.67480718093904,972.1125000000001,88.5192,807.4259999999999,34.51,1902.5677,302019.25,105.82459999999999,17978.501218053272,2853960.704788868,2878439.206006921,31328.24560303571,0.00626005633421822,0.4243875263939359,46464.5,9690.233425,6829.41435,788491.25,-2.789999999999999,2.789999999999999,0.3473333333333334,0,0.25,0.8399999999999993,0.9909349990450892,0.6931869998090175,1,1,1,1,1,False,False,True,False,False,3.0,2025-11-11,1,11,11,46
11-11-2025 00:00,Fur_4,3689,8.61,144.091,22.319,29.537,4.89,53.49,83.08%,83.08,200.837,0.7174524614488367,0.11112992127944553,0.1470695140835603,0.024348103188157562,0.20498851278019783,0.1548951693381601,0.024348103188157562,0.7556285081210512,18.368129378550766,25.60187641419744,2.333965844402277,428.45523479033284,158.14959394932208,648.4095,62.493199999999995,531.6659999999999,17.115,1259.6836999999998,206454.88499999998,70.29294999999999,17920.484202185282,2937063.8876302675,2961484.3718324527,35222.22135861623,0.006064493732355135,0.4220630940925885,31762.289999999997,4256.015867,3215.967029,531551.699,-4.509999999999998,4.509999999999998,0.2326666666666668,0,0.18500000000000005,0.0,0.9762480856192117,0.25074961712384236,1,1,1,0,0,False,False,False,True,False,4.0,2025-11-11,1,11,11,46
11-11-2025 00:00,Fur_5,3686,8.7,151.326,23.462,30.972,10.32,54.08,82.22%,82.22,216.07999999999998,0.7003239540910774,0.10858015549796372,0.14333580155497966,0.04776008885597927,0.20467070956299177,0.15504275435124992,0.04776008885597927,0.7575228994729788,17.058496853017402,24.358008376894862,2.3602821486706453,423.6781122209067,148.40892262125138,680.967,65.69359999999999,557.496,36.120000000000005,1340.2765999999997,208443.3,75.62799999999999,17721.96276511345,2756165.7058232403,2780387.668588354,33410.0897451136,0.006388853797433062,0.41595593029080724,32068.199999999997,4686.868872,3550.4106119999997,557787.6359999999,-3.9200000000000017,3.9200000000000017,0.2719999999999999,0,0.18999999999999995,0.0,1.0,0.257,1,1,1,0,0,False,False,False,False,True,5.0,2025-11-11,1,11,11,46
12-11-2025 00:00,Fur_1,3770,7.97,126.014,26.738,26.3,19.57,55.39,87.09%,87.09,198.622,0.6344413005608643,0.13461751467611843,0.13241232089093857,0.09852886387207861,0.2087069674107086,0.2121827716588413,0.09852886387207861,1.0166539537393933,18.98077755737028,29.91731053758066,2.1140583554376655,473.0237800472045,151.27679713224111,567.063,74.8664,473.40000000000003,68.495,1183.8244,195304.85,69.5177,17029.10769487483,2809426.232455907,2832955.340150782,32159.7836320897,0.0060248989088808255,0.39989038914893127,30046.899999999998,3314.1682,3369.3623319999997,475072.77999999997,-2.6099999999999994,2.6099999999999994,0.3593333333333334,0,0.050000000000000044,0.29857142857142904,0.99897902657472,0.36408151960065854,1,0,1,1,0,True,False,False,False,False,1.0,2025-11-12,2,12,11,46
12-11-2025 00:00,Fur_2,3730,12.59,211.205,29.48,49.278,13.8,58.36,76.78%,76.78,303.76300000000003,0.6952953453843951,0.09704934439019892,0.16222515579580132,0.04543015442960466,0.23331833889671957,0.13958002822101737,0.04543015442960466,0.5982385527367476,12.27930985669749,17.66056666432818,3.3753351206434314,296.26685494306156,154.5965110958214,950.4225,82.544,887.004,48.300000000000004,1968.2704999999999,305244.55,106.31705000000001,18513.215895286783,2871078.0632081116,2896091.2791033983,37234.39546288761,0.00640686315368144,0.45065147295557195,46960.7,10407.75999,6226.3234,787794.65,0.35999999999999943,0.35999999999999943,0.5573333333333333,1,0.1166666666666667,0.0,0.9878131500274127,0.23256263000548255,1,1,1,0,0,False,True,False,False,False,2.0,2025-11-12,2,12,11,46
12-11-2025 00:00,Fur_3,3710,13.03,216.018,32.99,47.617,9.79,55.77,81.86%,81.86,306.415,0.7049850692688021,0.10766444201491442,0.1554003557267105,0.03195013298957296,0.22043070382824254,0.15271875421159925,0.03195013298957296,0.692819776701183,12.107762348448999,17.174494638527833,3.512129380053908,284.72752995183964,157.76414340029044,972.081,92.372,857.106,34.265,1955.824,314218.45,107.24525,18236.928908273327,2929905.5202911086,2954642.4491993818,35658.24824039804,0.0061859049291277885,0.43823268351344496,48341.299999999996,10286.129106,7126.43382,801426.78,-2.229999999999997,2.229999999999997,0.3846666666666669,0,0.15000000000000002,0.0,0.9774581106023585,0.24049162212047173,1,1,1,0,0,False,False,True,False,False,3.0,2025-11-12,2,12,11,46
12-11-2025 00:00,Fur_4,3769,9.05,162.084,25.531,33.11,4.68,53.11,76.44%,76.44,225.40500000000003,0.7190789911492645,0.11326723009693661,0.14689115148288634,0.020762627270912354,0.2042767934880877,0.15751708893217659,0.020762627270912354,0.7710963222260248,16.72101328719416,23.253374649852084,2.4011674184133724,416.46404237966385,151.32517024910717,729.378,71.48679999999999,595.98,16.38,1413.2248000000002,221711.42500000002,78.89175,17913.467504523607,2810324.590340562,2834738.057845086,36605.605085809475,0.0063337905572815835,0.4217163468968277,34109.450000000004,5366.60124,4138.166604,610894.596,-4.890000000000001,4.890000000000001,0.2073333333333333,0,0.05166666666666664,0.0,0.9986637448821766,0.21523274897643532,1,1,1,0,0,False,False,False,True,False,4.0,2025-11-12,2,12,11,46
12-11-2025 00:00,Fur_5,3761,8.93,157.226,24.79,32.025,10.79,52.95,77.43%,77.43,224.831,0.6993074798404135,0.11026059573635308,0.1424403218417389,0.04799160258149454,0.20368768394738984,0.15767112209385775,0.04799160258149454,0.7740827236820383,16.728120232530213,23.92097983844288,2.3743685190109014,421.16456649892876,149.38211367649478,707.517,69.41199999999999,576.4499999999999,37.765,1391.144,218307.245,78.69085,17678.59922722909,2774239.253992046,2798417.8532192754,35680.452036456394,0.0063320628172653555,0.4143711937800831,33585.729999999996,5035.162649999999,3897.63254,591326.986,-5.049999999999997,5.049999999999997,0.19666666666666685,0,0.06499999999999995,0.0,1.0,0.2195,1,1,1,0,0,False,False,False,False,True,5.0,2025-11-12,2,12,11,46
13-11-2025 00:00,Fur_1,3755,7.81,127.836,27.425,27.01,16.53,56.48,83.18%,83.18,198.801,0.6430349947937888,0.13795202237413293,0.13586450772380423,0.08314847510827411,0.21128633396471783,0.2145326808212657,0.08314847510827411,1.0153646421560665,18.88823496863698,29.373572159848774,2.079893475366178,480.7937924719856,147.5171151050548,575.262,76.78999999999999,486.18,57.855000000000004,1196.087,190622.57499999998,69.58035,17190.01126036302,2739603.566236732,2763293.577497095,32826.010661642846,0.006235509035090653,0.4064754486922774,29326.55,3452.8503600000004,3505.9023,480024.18,-1.5200000000000031,1.5200000000000031,0.4319999999999998,0,0.07499999999999996,0.0,1.0,0.2225,1,0,1,0,0,True,False,False,False,False,1.0,2025-11-13,3,13,11,46
13-11-2025 00:00,Fur_2,3670,12.34,206.423,29.464,49.249,13.2,60.66,79.66%,79.66,298.336,0.6919144856805749,0.09876112839214844,0.16507897136114985,0.04424541456612678,0.2385829086943659,0.14273603163050613,0.04424541456612678,0.5982659424908944,12.301566019521612,17.779026475833476,3.362397820163488,297.4067830302445,151.8013246808967,928.9035,82.49919999999999,886.4820000000001,46.199999999999996,1944.0847,294370.7,104.4176,18618.362230122126,2819167.45835951,2844285.8205896323,35262.65584663566,0.0065608764745514235,0.4559893918202227,45287.8,10166.126327,6082.047272,757572.41,2.6599999999999966,2.6599999999999966,0.7106666666666664,0,0.21666666666666667,0.0,0.9969751798290997,0.2643950359658199,1,1,1,0,0,False,True,False,False,False,2.0,2025-11-13,3,13,11,46
13-11-2025 00:00,Fur_3,3651,12.77,213.023,33.607,49.235,10.04,57.14,78.71%,78.71,305.90500000000003,0.6963697880060803,0.10986090452918389,0.16094866053186446,0.03282064693287131,0.23112527646721118,0.1577623066158945,0.03282064693287131,0.6825835141142782,11.935077883656689,17.138994300432376,3.4976718707203505,285.9044411977728,152.4109445742959,958.6034999999999,94.0996,886.23,35.14,1974.0731,303051.255,107.06675,18437.779235850532,2830488.970665496,2855426.7499013464,35822.69163092895,0.0064718333795310825,0.4489347430953798,46623.27,10488.187405,7159.063961,777746.973,-0.8599999999999994,0.8599999999999994,0.47600000000000003,0,0.2483333333333333,0.0,0.9950048560581927,0.2735009712116385,1,1,1,0,0,False,False,True,False,False,3.0,2025-11-13,3,13,11,46
13-11-2025 00:00,Fur_4,3758,8.98,159.006,23.49,33.069,4.71,52.89,76.02%,76.02,220.275,0.7218522301668369,0.10663942798774259,0.15012597889002385,0.021382362955396663,0.20797328271905915,0.14773027340018444,0.021382362955396663,0.7103329187355856,17.060492566110543,23.634328115704264,2.3895689196381054,418.4854767833545,153.20322324367268,715.527,65.77199999999999,595.2420000000001,16.485,1393.026,219354.46000000002,77.09625,18068.660927087898,2845202.7173824934,2869771.3783095814,37260.0802169512,0.0063104954228108395,0.4273014286883375,33746.840000000004,5258.169414000001,3735.0509399999996,597544.548,-5.109999999999999,5.109999999999999,0.1926666666666667,0,0.06999999999999995,0.0,0.992467943602617,0.2194935887205234,1,1,1,0,0,False,False,False,True,False,4.0,2025-11-13,3,13,11,46
13-11-2025 00:00,Fur_5,3749,9.13,155.423,22.905,32.352,11.31,52.81,79.10%,79.1,221.99,0.7001351412225776,0.1031803234379927,0.1457362944276769,0.05094824091175278,0.20815451890547396,0.14737200962938557,0.05094824091175278,0.7079933015580707,16.888148114779945,24.121268897645336,2.435316084289144,410.62427046831647,154.1887922879409,699.4035,64.134,582.3359999999999,39.585,1385.4585,222484.40500000003,77.6965,17831.671954335136,2863506.142490331,2887837.8144446663,36052.906547374114,0.006188678003995834,0.42032006011006456,34228.37,5028.244895999999,3559.963815,582680.827,-5.189999999999998,5.189999999999998,0.1873333333333335,0,0.08499999999999996,0.0,0.9892728126062195,0.2233545625212439,1,1,1,0,0,False,False,False,False,True,5.0,2025-11-13,3,13,11,46
14-11-2025 00:00,Fur_1,3730,8.05,133.221,26.088,29.499,13.61,58.02,78.61%,78.61,202.418,0.6581479907913328,0.12888181881058008,0.14573308697843076,0.06723710341965634,0.22142905231585822,0.19582498107787075,0.06723710341965634,0.8843689316800932,18.427214971000602,27.99858860090685,2.1581769436997322,463.35397970758015,148.33908051655487,599.4945,73.04639999999999,530.982,47.635,1251.1579,195172.25000000003,70.8463,17660.17279660335,2754868.6381645906,2779028.810961194,34908.03681649534,0.0063696985678864185,0.42439247676092684,30026.500000000004,3929.886279,3475.4694480000003,496914.33,0.020000000000003126,0.020000000000003126,0.5346666666666668,1,0.1166666666666667,0.0,1.0,0.23500000000000001,1,1,1,0,0,True,False,False,False,False,1.0,2025-11-14,4,14,11,46
14-11-2025 00:00,Fur_2,3718,12.65,212.412,26.807,50.155,11.58,60.2,78.82%,78.82,300.954,0.7057955700871229,0.08907341321265043,0.16665337559892873,0.03847764110129787,0.23612131030204833,0.12620285046888663,0.03847764110129787,0.5344830917259876,12.354047462402892,17.503719104835323,3.4023668639053257,293.91302024403,156.2787003993966,955.854,75.05959999999999,902.79,40.53,1974.2336,305712.55,105.3339,18742.623220064957,2902318.7217030795,2927561.3449231447,36677.04015188105,0.006416374395094428,0.45728631100189965,47032.700000000004,10653.523860000001,5694.128484,789747.816,2.200000000000003,2.200000000000003,0.6800000000000002,0,0.13666666666666671,0.0,0.9822475264585188,0.23744950529170378,1,1,1,0,0,False,True,False,False,False,2.0,2025-11-14,4,14,11,46
14-11-2025 00:00,Fur_3,3721,12.91,208.824,32.024,47.223,8.83,58.15,79.69%,79.69,296.901,0.7033455596309881,0.10786086944806518,0.1590530176725575,0.029740553248389194,0.2261377991699335,0.15335401987628808,0.029740553248389194,0.678144110324543,12.532797127662082,17.818832998990377,3.4694974469228703,288.22615892903497,161.7984109181175,939.7080000000001,89.6672,850.014,30.905,1910.2942,312247.715,103.91535,18383.176306484074,3004827.631336468,3029710.807642952,37547.53758387597,0.00608067960726051,0.44496496927017837,48038.11,9861.295752,6687.379776000001,777034.104,0.14999999999999858,0.14999999999999858,0.5433333333333332,1,0.1316666666666667,0.0,0.9641819316637829,0.23233638633275658,1,1,1,0,0,False,False,True,False,False,3.0,2025-11-14,4,14,11,46
14-11-2025 00:00,Fur_4,3722,8.84,153.163,23.031,33.513,11.58,55.39,75.41%,75.41,221.28700000000003,0.6921463981164732,0.10407751020168376,0.151445859901395,0.05233023178044801,0.2188061070963215,0.1503692135152144,0.05233023178044801,0.6872258321479476,16.819786069674223,24.300908024125224,2.3750671681891458,421.0406763528647,148.6869088559201,689.2335,64.48679999999999,603.2339999999999,40.53,1397.4842999999998,213866.12,77.45045,18043.591741558634,2761328.307324231,2785871.8990657898,36459.51968414854,0.006491967392929134,0.43165708552146165,32902.479999999996,5132.951619,3527.497053,570072.686,-2.6099999999999994,2.6099999999999994,0.3593333333333334,0,0.13,0.0,1.0,0.23900000000000002,1,1,1,0,0,False,False,False,True,False,4.0,2025-11-14,4,14,11,46
14-11-2025 00:00,Fur_5,3725,9.05,159.03,24.044,34.684,10.8,55.2,74.23%,74.23,228.55800000000002,0.6957971280812747,0.10519868042247481,0.15175141539565448,0.04725277610059591,0.21809721299064821,0.15119159811864682,0.04725277610059591,0.6932302879359277,16.297832497659236,23.42325332689899,2.429530201342282,411.60216446384925,147.4953841038161,715.635,67.3232,624.3119999999999,37.800000000000004,1445.0701999999999,219123.12500000003,79.9953,18064.43878577866,2739199.990499442,2763764.429285221,36737.53062987133,0.006551580107411604,0.4320288384605813,33711.25,5515.79652,3823.71732,592386.75,-2.799999999999997,2.799999999999997,0.34666666666666685,0,0.125,0.0,1.0,0.23750000000000002,1,1,1,0,0,False,False,False,False,True,5.0,2025-11-14,4,14,11,46
15-11-2025 00:00,Fur_1,3721,8.18,129.61,24.283,28.937,11.94,59.21,85.55%,85.55,194.77000000000004,0.6654515582481901,0.12467525799661137,0.14857010833290546,0.06130307542229295,0.22326209225166196,0.18735436935919783,0.06130307542229295,0.8391678183927905,19.10458489500436,28.709204315182436,2.1983337812416015,454.88991994010763,156.27550444113567,583.2450000000001,67.9924,520.866,41.79,1213.8934,197845.57,68.16950000000001,17806.986995650543,2902259.36819252,2926566.3551881704,33813.59162551323,0.006098144641135408,0.429087101058462,30437.78,3750.5245700000005,3147.3196300000004,482278.81000000006,1.2100000000000009,1.2100000000000009,0.6140000000000001,0,0.1316666666666667,0.07857142857142817,0.9824234948963193,0.275270413264978,1,1,1,1,1,True,False,False,False,False,1.0,2025-11-15,5,15,11,46
15-11-2025 00:00,Fur_2,3682,12.63,212.404,28.371,49.591,14.04,60.18,80.47%,80.47,304.406,0.6977654842545811,0.09320118525916046,0.1629107179227742,0.04612261256348429,0.23347488637937663,0.13357093023873876,0.04612261256348429,0.5720997646327002,12.095687995637405,17.334890033450925,3.4302009777294953,291.5280845979347,152.76853938490044,955.818,79.43879999999999,892.638,49.14,1977.0348000000001,302273.79000000004,106.54209999999999,18556.37161272399,2837130.0171481515,2862186.3887608754,35131.78334062693,0.006498042532175906,0.4515034333234802,46503.66,10533.326764,6026.113883999999,782071.5279999999,2.1799999999999997,2.1799999999999997,0.6786666666666666,0,0.19666666666666666,0.0,0.9938093833328003,0.2577618766665601,1,1,1,0,0,False,True,False,False,False,2.0,2025-11-15,5,15,11,46
15-11-2025 00:00,Fur_3,3685,10.54,170.647,26.958,39.199,9.73,59.79,83.23%,83.23,246.53399999999996,0.6921844451475253,0.1093480006814476,0.1590003812861512,0.039467172884875924,0.22970810954949042,0.15797523450177714,0.039467172884875924,0.6877216080073062,14.947228374179629,21.5942851524241,2.8602442333785616,349.62046018781217,157.54378706385327,767.9114999999999,75.48239999999998,705.582,34.055,1583.0309,252459.34999999998,86.28689999999999,18346.13249519916,2925813.188328704,2950659.320823903,35030.97852100087,0.0062313653902619365,0.44571587326564505,38839.899999999994,6689.191752999999,4600.301826,628834.195,1.7899999999999991,1.7899999999999991,0.6526666666666666,0,0.19166666666666665,0.0,0.9781625448825876,0.2531325089765175,1,1,1,0,0,False,False,True,False,False,3.0,2025-11-15,5,15,11,46
15-11-2025 00:00,Fur_4,3718,8.96,150.057,22.128,33.493,10.89,57.52,81.71%,81.71,216.56799999999998,0.6928862989915407,0.10217576003841751,0.15465350374939973,0.05028443722064202,0.22320184847623342,0.14746396271107673,0.05028443722064202,0.6606753452758682,17.16781796017879,24.777251146049498,2.409897794513179,414.9553108308805,153.823648923202,675.2565,61.9584,602.874,38.115,1378.2039,216536.32,75.79879999999999,18182.397346659844,2856724.9085737513,2881407.3059204114,34837.47196131558,0.006324516031948617,0.4374345479649274,33313.280000000006,5025.859101,3320.461296,557911.926,-0.4799999999999969,0.4799999999999969,0.5013333333333335,1,0.13666666666666671,0.0,0.9904100771422253,0.23908201542844507,1,1,1,0,0,False,False,False,True,False,4.0,2025-11-15,5,15,11,46
15-11-2025 00:00,Fur_5,3720,8.88,148.793,21.92,33.212,10.99,56.98,80.99%,80.99,214.91500000000002,0.6923341786287601,0.10199381150687481,0.15453551404043459,0.051136495823930386,0.2232094236744375,0.14731875728482688,0.051136495823930386,0.660002388895508,17.30916874113021,25.00117596257098,2.3870967741935485,418.9188717433703,153.70541842123632,669.5685000000001,61.376,597.816,38.465,1367.2255,214718.40000000002,75.22025000000001,18176.295611886428,2854529.1992515316,2879205.494863418,35116.54463792436,0.006327239476649037,0.4372475498738138,33033.600000000006,4941.713116000001,3261.5425600000003,553509.9600000001,-1.0200000000000031,1.0200000000000031,0.4653333333333331,0,0.1333333333333333,0.0,0.9907994773927123,0.23815989547854247,1,1,1,0,0,False,False,False,False,True,5.0,2025-11-15,5,15,11,46
16-11-2025 00:00,Fur_1,3675,7.83,127.581,23.123,27.761,14.37,59.46,86.45%,86.45,192.835,0.6616070734047242,0.11991080457385848,0.1439624549485311,0.07451966707288614,0.21759509474298605,0.1812417195253077,0.07451966707288614,0.8329310603749484,19.057743666865456,28.80522939305046,2.1306122448979594,469.3485990614816,149.2221329115565,574.1145,64.7444,499.698,50.294999999999995,1188.8519000000001,187039.125,67.49225,17614.6431627335,2771268.1826431924,2795382.8258059258,31965.49829394998,0.006316021239667269,0.42031980602461916,28775.25,3541.776141,2950.055463,468860.175,1.4600000000000009,1.4600000000000009,0.6306666666666667,0,0.20833333333333337,0.20714285714285754,1.0,0.3660714285714288,1,1,1,1,1,True,False,False,False,False,1.0,2025-11-16,6,16,11,46
16-11-2025 00:00,Fur_2,3665,12.82,217.212,25.516,50.346,12.87,59.71,80.30%,80.3,305.94399999999996,0.7099730669665038,0.08340088382187591,0.16455952723374212,0.04206652197787831,0.23178277336527092,0.11747048911906115,0.04206652197787831,0.5068128449765057,11.979316476217871,16.87291670408211,3.4979536152796724,285.88141295776813,153.57483722511313,977.454,71.44479999999999,906.228,45.044999999999995,2000.1718,305404.45,107.08039999999998,18679.158837658437,2852104.119894958,2877283.2787326165,35390.93823779356,0.006506641924535957,0.4530750808505549,46985.3,10935.755351999998,5542.381391999999,796081.98,1.7100000000000009,1.7100000000000009,0.6473333333333334,0,0.22499999999999998,0.0,0.9911394300150987,0.2657278860030198,1,1,1,0,0,False,True,False,False,False,2.0,2025-11-16,6,16,11,46
16-11-2025 00:00,Fur_3,3652,12.99,221.446,29.728,49.914,11.07,60.29,82.82%,82.82,312.158,0.709403571268396,0.09523382389687274,0.15989979433492013,0.035462810499810996,0.22540032231153276,0.13424491689059673,0.035462810499810996,0.595584393244693,11.699203608429064,16.491605102410496,3.5569550930996714,281.13931630952146,151.97265487349355,996.507,83.2384,898.452,38.745000000000005,2016.9424,308356.62,109.2553,18460.819749705504,2822349.3047934514,2847310.124543157,33969.34054573082,0.0064984349324206485,0.4454524829266319,47439.48,11053.255644,6583.146688000001,808720.792,2.289999999999999,2.289999999999999,0.6859999999999999,0,0.2466666666666667,0.0,0.9964403179873849,0.273288063597477,1,1,1,0,0,False,False,True,False,False,3.0,2025-11-16,6,16,11,46
16-11-2025 00:00,Fur_4,3667,9.06,156.784,22.891,34.855,10.11,57.54,80.41%,80.41,224.64,0.697934472934473,0.10190081908831909,0.1551593660968661,0.04500534188034188,0.2223122243193679,0.14600341778495626,0.04500534188034188,0.656749371489044,16.323896011396013,23.388866061658934,2.4706844832287977,404.74609219138057,147.8944978632479,705.528,64.09479999999999,627.39,35.385,1432.3978,215949.63,78.624,18218.327737077736,2746612.103174603,2771330.4309116807,34041.64636913992,0.006589311059872264,0.43799983496204753,33223.020000000004,5464.706319999999,3588.9425439999995,574926.928,-0.46000000000000085,0.46000000000000085,0.5026666666666666,1,0.22166666666666668,0.0,1.0,0.2665,1,1,1,0,0,False,False,False,True,False,4.0,2025-11-16,6,16,11,46
16-11-2025 00:00,Fur_5,3664,8.89,153.974,22.493,34.322,12.11,57.61,80.56%,80.56,222.899,0.6907792318494026,0.10091117501648728,0.1539800537463156,0.054329539387794466,0.2229077622007108,0.14608310399104327,0.054329539387794466,0.6553522331055232,16.43793825903212,23.796225182198132,2.4263100436681224,412.1484350789162,146.13327112279555,692.8829999999999,62.98039999999999,617.796,42.385,1416.0444,211724.24000000002,78.01464999999999,18151.00625331268,2713903.6065662033,2738554.612819516,33577.17769518779,0.00664372013946698,0.4362829301115135,32572.960000000003,5284.695628,3463.3371819999998,564160.7359999999,-0.39000000000000057,0.39000000000000057,0.5073333333333333,1,0.22666666666666668,0.0,1.0,0.268,1,1,1,0,0,False,False,False,False,True,5.0,2025-11-16,6,16,11,46
17-11-2025 00:00,Fur_1,3628,8.1,133.228,22.502,30.34,13.44,60.67,85.24%,85.24,199.51000000000002,0.667776051325748,0.1127863264999248,0.1520725778156483,0.06736504435867875,0.22772990491691006,0.16889842849177028,0.06736504435867875,0.7416611489234953,18.184552152774295,27.231512690789376,2.2326350606394705,447.9011792714594,147.29487243747178,599.5260000000001,63.005599999999994,546.12,47.04,1255.6916,191014.19999999998,69.8285,17982.508574579148,2735476.2024101904,2759958.7109847697,32003.23180640967,0.006530880053817019,0.43491570700958737,29386.8,4042.13752,2997.896456,483351.184,2.6700000000000017,2.6700000000000017,0.7113333333333335,0,0.2866666666666666,0.03428571428571355,1.0,0.30314285714285677,1,1,1,1,1,True,False,False,False,False,1.0,2025-11-17,0,17,11,47
17-11-2025 00:00,Fur_2,3631,12.98,216.657,30.254,50.23,12.06,60.18,80.66%,80.66,309.201,0.7006995449561936,0.09784573788571188,0.1624509623190093,0.039003754839085254,0.23184111184110776,0.13964007560503433,0.039003754839085254,0.602309364875386,11.743170300225419,16.75920917967474,3.5747727898650514,279.7380370001512,152.42635049692595,974.9565,84.7112,904.14,42.21,2006.0176999999999,306347.47000000003,108.22035,18536.41852017666,2830775.0806571967,2855811.4991773735,34971.975253213,0.006505578110897429,0.4507138695735337,47130.380000000005,10882.68111,6554.7408780000005,786681.567,2.1799999999999997,2.1799999999999997,0.6786666666666666,0,0.2816666666666666,0.0,0.9949368114074113,0.28348736228148225,1,1,1,0,0,False,True,False,False,False,2.0,2025-11-17,0,17,11,47
17-11-2025 00:00,Fur_3,3631,12.85,199.799,32.079,44.846,9.89,60.31,90.10%,90.1,286.614,0.6971013279183851,0.11192405116288807,0.1564682813819283,0.03450633953679862,0.2244555767323381,0.16055635833734724,0.03450633953679862,0.7153146163467285,12.668606557949019,18.17326403949337,3.538969980721564,282.56807139548084,162.7915942696449,899.0955,89.82119999999999,807.228,34.615,1830.7596999999998,303279.27499999997,100.31489999999998,18250.12734897807,3023272.4650076907,3048022.592356669,33457.98674376146,0.006000326084981433,0.4409251525473278,46658.35,8960.185954,6409.352121,725470.169,2.3100000000000023,2.3100000000000023,0.6873333333333335,0,0.2816666666666666,0.7285714285714278,0.9609434096608443,0.6409743962178827,1,1,1,1,1,False,False,True,False,False,3.0,2025-11-17,0,17,11,47
17-11-2025 00:00,Fur_4,3630,9.13,151.202,21.764,34.269,10.43,59.19,85.04%,85.04,217.66500000000002,0.6946546298210552,0.09998851446029448,0.1574391840672593,0.047917671651390895,0.22664382596365243,0.14393989402296337,0.047917671651390895,0.635092922609562,16.677003652401623,24.00761878806088,2.5151515151515156,397.5903178981032,152.26104334642685,680.409,60.93919999999999,616.842,36.504999999999995,1394.6952,215422.35,76.18275,18307.230967640317,2827705.090719356,2852512.3216869966,33153.32777413989,0.006432590199324422,0.4422772803692161,33141.9,5181.541338,3290.760328,548863.26,1.1899999999999977,1.1899999999999977,0.6126666666666665,0,0.2833333333333333,0.005714285714286608,0.9955202858781537,0.28696120003277403,1,1,1,1,1,False,False,False,True,False,4.0,2025-11-17,0,17,11,47
17-11-2025 00:00,Fur_5,3631,9.13,148.901,21.324,33.754,11.69,59.87,87.32%,87.32,215.669,0.6904144777413537,0.09887373706930529,0.15650835307809652,0.054203432111244544,0.2266875291187599,0.1432092454502707,0.054203432111244544,0.6317473297461834,16.83598477296227,24.38532968626584,2.514458826769485,397.69984691129827,153.71254097714555,670.0545000000001,59.7072,607.572,40.915,1378.2487,215481.695,75.48415,18258.782804072114,2854661.475289846,2879420.2580939177,32602.131545447442,0.006355478455286531,0.4408290027772201,33151.030000000006,5026.004354,3175.1649240000006,540659.5310000001,1.8699999999999974,1.8699999999999974,0.6579999999999998,0,0.2816666666666666,0.33142857142857046,0.9907614955434131,0.4483665848229679,1,1,1,1,1,False,False,False,False,True,5.0,2025-11-17,0,17,11,47
18-11-2025 00:00,Fur_1,3600,8.49,135.004,21.634,31.492,11.66,60.13,85.43%,85.43,199.78999999999996,0.6757295159917914,0.10828369788277693,0.15762550678212126,0.058361279343310486,0.23326716072659212,0.16024710260253697,0.058361279343310486,0.6869680970732853,18.018919865859154,26.665876369101092,2.3583333333333334,424.02821860680586,152.98062966114423,607.5179999999999,60.575199999999995,566.856,40.81,1275.7592,198666.0,69.92649999999998,18244.287930898878,2841068.836564108,2865813.1244950066,33157.62032274681,0.006380654071988379,0.4443283654156678,30564.0,4251.545967999999,2920.676536,486014.39999999997,2.1300000000000026,2.1300000000000026,0.6753333333333335,0,0.33333333333333337,0.0614285714285724,0.9931679787041718,0.3293478814551206,1,1,1,1,1,True,False,False,False,False,1.0,2025-11-18,1,18,11,47
18-11-2025 00:00,Fur_2,3574,12.52,203.943,29.405,47.692,9.81,60.22,84.38%,84.38,290.85,0.7011964930376483,0.10110022348289496,0.16397455733195804,0.03372872614749871,0.23384965292336754,0.14418244242664646,0.03372872614749871,0.6165604164941623,12.288121024583118,17.52450430990765,3.5030777839955234,285.4632359853646,153.8472752277806,917.7435,82.334,858.456,34.335,1892.8685,290852.12,101.7975,18594.449765465753,2857163.6828016406,2882258.1325671063,33758.00108417787,0.006465929646477963,0.4535212034010815,44746.479999999996,9726.449556000001,5996.943915000001,728892.282,2.219999999999999,2.219999999999999,0.6813333333333332,0,0.3766666666666667,0.0,0.9902596045990468,0.3110519209198094,1,1,1,0,0,False,True,False,False,False,2.0,2025-11-18,1,18,11,47
18-11-2025 00:00,Fur_3,3600,12.56,210.007,31.914,48.108,10.93,59.67,82.07%,82.07,300.959,0.6977927225967657,0.10604102219903708,0.1598490159789207,0.036317239225276535,0.22907807725895765,0.15196636230236915,0.036317239225276535,0.6633823758339077,11.961762233393918,17.14228565170549,3.488888888888889,286.6241810012595,150.2397336514276,945.0315,89.3592,865.944,38.254999999999995,1938.5897,293904.0,105.33565,18403.927825005114,2790166.482097941,2815070.4099229462,33887.93078034124,0.006552774237021898,0.4466876100703516,45216.0,10103.016755999999,6702.163398000001,756025.2000000001,1.6700000000000017,1.6700000000000017,0.6446666666666668,0,0.33333333333333337,0.0,1.0,0.30000000000000004,1,1,1,0,0,False,False,True,False,False,3.0,2025-11-18,1,18,11,47
18-11-2025 00:00,Fur_4,3601,9.14,149.412,21.358,34.294,9.36,58.96,87.99%,87.99,214.42400000000004,0.6968063276498898,0.0996063873447002,0.1599354549863821,0.04365183001902771,0.22952640865843163,0.14294701802434195,0.04365183001902771,0.6227911406429365,16.79382904898705,24.101142986499458,2.538183837822827,393.98245142423946,153.49559750774165,672.354,59.8024,617.2919999999999,32.76,1382.2084,213935.41,75.0484,18417.55986803183,2850632.5251437738,2875550.0850118054,32313.1822116171,0.006419392942718895,0.4465983566588077,32913.14,5123.935128,3191.141496,538032.612,0.9600000000000009,0.9600000000000009,0.5973333333333334,0,0.33166666666666667,0.42714285714285644,0.991445953168792,0.5113606192051866,1,1,1,1,1,False,False,False,True,False,4.0,2025-11-18,1,18,11,47
18-11-2025 00:00,Fur_5,3602,8.97,151.764,21.643,34.828,9.29,59.57,86.01%,86.01,217.525,0.6976853235260315,0.09949660958510516,0.1601103321457304,0.04270773474313297,0.2294878875788205,0.14260957708936522,0.04270773474313297,0.6214252721538627,16.559016205033902,23.734218762458692,2.4902831760133264,401.5607133154166,148.53437535915413,682.9380000000001,60.6004,626.904,32.515,1402.9574000000002,210014.61000000002,76.13374999999999,18427.535751227286,2758495.5423842915,2783423.078135519,31989.69173813951,0.0066359546997606786,0.4468446440355209,32309.940000000002,5285.636592000001,3284.6282520000004,546653.9280000001,1.5700000000000003,1.5700000000000003,0.638,0,0.32999999999999996,0.14428571428571502,1.0,0.3711428571428575,1,1,1,1,1,False,False,False,False,True,5.0,2025-11-18,1,18,11,47
19-11-2025 00:00,Fur_1,3624,8.64,136.233,20.401,31.75,12.32,60.56,86.76%,86.76,200.704,0.6787757095025511,0.10164720184948979,0.15819316007653061,0.06138392857142857,0.23305659984690494,0.14975079349532938,0.06138392857142857,0.6425511608645303,18.05644132653061,26.601484026619953,2.384105960264901,419.44439589763937,156.0076530612245,613.0485,57.1228,571.5,43.120000000000005,1284.7912999999999,203523.84000000003,70.2464,18289.78139805029,2897284.9854227407,2922074.766820791,33296.202903609745,0.006273130638317974,0.4448193259091964,31311.36,4325.39775,2779.289433,493708.392,2.5600000000000023,2.5600000000000023,0.7040000000000002,0,0.29333333333333333,0.25142857142857217,0.9832178526273275,0.41035785623975163,1,1,1,1,1,True,False,False,False,False,1.0,2025-11-19,2,19,11,47
19-11-2025 00:00,Fur_2,3619,12.76,211.21,29.13,49.625,13.71,60.55,81.78%,81.78,303.675,0.6955132954639005,0.09592491973326747,0.16341483493866799,0.04514694986416399,0.2349557301502972,0.13791960542626008,0.04514694986416399,0.5870025070629218,11.917345846711122,17.134605287938047,3.525835866261398,283.6206674278474,152.06533300403393,950.445,81.564,893.25,47.985,1973.244,300159.86,106.28625,18565.374166460853,2824070.4700749153,2849135.844241376,34418.166758170766,0.006531042027092801,0.45268096596264834,46178.44,10481.296250000001,6152.5473,764368.99,2.549999999999997,2.549999999999997,0.7033333333333331,0,0.30166666666666664,0.0,0.9961174311958286,0.2897234862391657,1,1,1,0,0,False,True,False,False,False,2.0,2025-11-19,2,19,11,47
19-11-2025 00:00,Fur_3,3620,12.92,207.027,31.275,47.655,10.33,58.5,82.45%,82.45,296.287,0.698738047906253,0.10555643683320565,0.16084067137606445,0.03486484388447688,0.2301873657533203,0.15106725136785418,0.03486484388447688,0.6562794951992551,12.21788333608967,17.485641884944275,3.569060773480663,280.1857368277294,157.85505270227856,931.6215,87.57,857.79,36.155,1913.1364999999998,304007.6,103.70044999999999,18448.680791645555,2931593.8358994587,2956542.5166911045,35428.909726675905,0.006253699967801954,0.4483684253580443,46770.4,9865.871685,6474.7694249999995,749437.74,0.5,0.5,0.5666666666666667,1,0.30000000000000004,0.0,0.9771220750670345,0.28542441501340693,1,1,1,0,0,False,False,True,False,False,3.0,2025-11-19,2,19,11,47
19-11-2025 00:00,Fur_4,3623,9.3,149.268,21.072,34.313,10.71,57.78,80.72%,80.72,215.36300000000003,0.6930995574913053,0.09784410506911585,0.15932634667979179,0.049729990759786964,0.22987512239813543,0.1411689033070122,0.049729990759786964,0.6141112518837976,16.82275971267116,24.271779455263154,2.566933480540988,389.56985058388705,156.45166532784182,671.706,59.001599999999996,617.634,37.485,1385.8265999999999,219010.35,75.37705000000001,18385.25917371401,2905530.927517062,2930416.186690776,35859.22891202614,0.006287888571293845,0.44567913474889287,33693.9,5121.832884,3145.3752959999997,540797.964,-0.21999999999999886,0.21999999999999886,0.5186666666666667,1,0.29500000000000004,0.0,0.9817426347713389,0.2848485269542678,1,1,1,0,0,False,False,False,True,False,4.0,2025-11-19,2,19,11,47
19-11-2025 00:00,Fur_5,3621,9.24,161.433,22.734,37.046,11.51,57.28,73.54%,73.54,232.72299999999998,0.6936701572255428,0.09768694972134255,0.15918495378626094,0.04945793926685373,0.22948219862430733,0.14082622424890684,0.04945793926685373,0.6136694754178731,15.559270033473272,22.430357966274816,2.551781275890638,391.88307447152874,143.76765510929303,726.4485,63.6552,666.828,40.285,1497.2167000000002,217477.26,81.45304999999999,18381.346063775396,2669970.737744014,2694852.0838077893,36153.10013157753,0.006837402799465168,0.44537841449404075,33458.04,5980.446918,3670.0178220000003,584548.8929999999,-0.7199999999999989,0.7199999999999989,0.4853333333333334,0,0.29833333333333334,0.0,1.0,0.2895,1,1,1,0,0,False,False,False,False,True,5.0,2025-11-19,2,19,11,47
20-11-2025 00:00,Fur_1,3590,8.53,133.194,18.477,31.022,12.36,60.64,89.85%,89.85,195.053,0.682860555848923,0.09472809954217572,0.15904395215659334,0.06336739245230784,0.23290838751814358,0.13872246393439297,0.06336739245230784,0.5956095482041923,18.40525395661692,26.95316585617096,2.3760445682451254,420.8674770378105,156.9968162499423,599.3729999999999,51.7356,558.396,43.26,1252.7645999999997,199047.55,68.26854999999999,18350.53769268572,2915655.1589275002,2940505.696620186,32366.600953441783,0.006254431514507466,0.44573098569356134,30622.699999999997,4131.944267999999,2461.025538,478166.45999999996,2.6400000000000006,2.6400000000000006,0.7093333333333334,0,0.35,0.6928571428571421,0.9799582592767546,0.6474202232839219,1,1,1,1,1,True,False,False,False,False,1.0,2025-11-20,3,20,11,47
20-11-2025 00:00,Fur_2,3565,13.34,217.165,30.51,50.281,12.69,60.32,86.62%,86.62,310.64599999999996,0.6990754749779492,0.09821468810156901,0.16185947992248415,0.040850356997997724,0.23153362543902736,0.1404922517878468,0.040850356997997724,0.6067898290250825,11.476085318980449,16.416089073211204,3.741935483870968,267.24135927725945,153.0909781551992,977.2425,85.428,905.058,44.415,2012.1435,309121.15,108.72609999999997,18506.536149093918,2843118.165739414,2868124.7018885077,32733.67612290011,0.006467142996382673,0.4497979393616807,47557.1,10919.273365,6625.7041500000005,774193.225,2.3200000000000003,2.3200000000000003,0.6880000000000001,0,0.3916666666666667,0.23142857142857207,0.9927591657802879,0.43176611887034366,1,1,1,1,1,False,True,False,False,False,2.0,2025-11-20,3,20,11,47
20-11-2025 00:00,Fur_3,3563,12.21,202.301,31.274,46.999,13.13,59.97,82.39%,82.39,293.704,0.6887921172336774,0.10648135537820391,0.16002165445482527,0.04470487293329339,0.2323221327016568,0.1545914248837553,0.04470487293329339,0.6654183989995873,12.131261406041457,17.61236959969368,3.426887454392366,291.80996791073153,148.1227017677662,910.3544999999999,87.5672,845.9820000000001,45.955000000000005,1889.8586999999998,282777.495,102.79639999999999,18384.483308754003,2750850.1756870863,2775734.65899584,33286.18130466291,0.006638831869676385,0.44764299045214345,43504.23,9507.944699,6326.761474,720798.463,1.9699999999999989,1.9699999999999989,0.6646666666666666,0,0.395,0.0,1.0,0.3185,1,1,1,0,0,False,False,True,False,False,3.0,2025-11-20,3,20,11,47
20-11-2025 00:00,Fur_4,3589,9.23,163.213,21.757,37.54,10.21,60.61,78.15%,78.15,232.72,0.7013277758679959,0.09349003093846683,0.1613097284290134,0.043872464764523895,0.23000618682331564,0.1333043315587341,0.043872464764523895,0.5795684448703132,15.421966311447234,21.9896698057773,2.5717470047366957,388.84069460014143,142.34474905465797,734.4585,60.9196,675.72,35.735,1506.8330999999998,215322.05500000002,81.452,18499.645189805036,2643545.339586505,2668544.98477631,33715.03455181693,0.006949411184108727,0.44843718922819,33126.47,6127.01602,3551.0252410000003,585771.4569999999,2.6099999999999994,2.6099999999999994,0.7073333333333333,0,0.3516666666666667,0.0,1.0,0.3055,1,1,1,0,0,False,False,False,True,False,4.0,2025-11-20,3,20,11,47
20-11-2025 00:00,Fur_5,3588,9.45,118.804,15.832,27.323,10.92,60.66,91.03%,91.03,172.879,0.6872089727497267,0.0915785028835197,0.15804695769873728,0.06316556666801636,0.22998383699215652,0.13326150522489558,0.06316556666801636,0.5794385470322239,20.754400476633947,30.201003079012466,2.6337792642140467,379.68249950449746,196.12908450419079,534.618,44.3296,491.814,38.22,1108.9816,220392.9,60.50764999999999,18327.95687817987,3642397.2836492583,3667225.240527438,39848.14995683405,0.005006646408551322,0.4434825609369894,33906.6,3246.081692,1880.9049280000002,426268.752,2.6599999999999966,2.6599999999999966,0.7106666666666664,0,0.3533333333333334,0.8614285714285715,0.851434618916011,0.707001209497488,1,1,1,1,1,False,False,False,False,True,5.0,2025-11-20,3,20,11,47
21-11-2025 00:00,Fur_1,3610,8.56,139.203,19.22,31.815,11.34,60.36,86.78%,86.78,201.578,0.6905664308605106,0.09534770659496572,0.15782972348172916,0.05625613906279455,0.22855110717045535,0.1380717359678187,0.05625613906279455,0.604117535624154,17.90870035420532,25.933348951291645,2.371191135734072,421.7289226952193,153.29847503199755,626.4135,53.815999999999995,572.6700000000001,39.69,1292.5895,200860.40000000002,70.5523,18321.011504940307,2846971.679165669,2871792.690670609,32715.797341884358,0.006394115185716805,0.44304088807776953,30901.600000000002,4428.743445,2675.48166,502522.83,2.3599999999999994,2.3599999999999994,0.6906666666666667,0,0.31666666666666665,0.25428571428571445,0.9921104653634208,0.4205649502155414,1,1,1,1,1,True,False,False,False,False,1.0,2025-11-21,4,21,11,47
21-11-2025 00:00,Fur_2,3571,13.32,219.638,30.345,48.051,13.58,59.72,88.17%,88.17,311.614,0.7048399622610024,0.09738009203694314,0.15420038894273044,0.04357955675932404,0.2187736174124076,0.13815915215873778,0.04357955675932404,0.6315165005615596,11.459690514546844,16.25857084721874,3.7300476057126852,268.0930729659855,152.64307765376395,988.371,84.966,864.918,47.53,1985.785,309177.18,109.06489999999998,18207.370107156385,2834800.0135699026,2859507.383677059,32068.04288075652,0.006381816679243946,0.43555470506625843,47565.72,10553.825538000001,6664.91511,784327.2980000001,1.7199999999999989,1.7199999999999989,0.6479999999999999,0,0.3816666666666667,0.4528571428571431,0.9942831775066377,0.5397852069298992,1,1,1,1,1,False,True,False,False,False,2.0,2025-11-21,4,21,11,47
21-11-2025 00:00,Fur_3,3566,12.14,197.144,24.08,44.049,20.26,60.32,85.72%,85.72,285.53299999999996,0.6904420855032519,0.08433350961184873,0.15426938392409986,0.07095502096079964,0.22343566010918078,0.12214421883423172,0.07095502096079964,0.5466639300173913,12.488924222419127,18.08830084563415,3.4043746494671905,293.73967926361786,151.61554006016823,887.148,67.42399999999999,792.882,70.91000000000001,1818.364,281393.06,99.93654999999998,18195.18484478402,2815717.1725459807,2840412.3573907646,32753.8325344876,0.006420517838997907,0.43604140865085317,43291.240000000005,8683.996056,4747.2275199999995,703015.5040000001,2.3200000000000003,2.3200000000000003,0.6880000000000001,0,0.39,0.10285714285714269,0.9976602193265174,0.3679606152938748,1,1,1,1,1,False,False,True,False,False,3.0,2025-11-21,4,21,11,47
21-11-2025 00:00,Fur_4,3609,9.19,154.997,22.099,33.646,9.82,60.15,86.99%,86.99,220.562,0.7027366454783689,0.10019404974564974,0.15254667621802487,0.044522628557956495,0.21707516779631109,0.14257695218244898,0.044522628557956495,0.6568091108360843,16.3627460759333,23.28432148180725,2.5464117484067605,392.7094240794969,150.373636437827,697.4865000000001,61.877199999999995,605.628,34.370000000000005,1399.3617,215583.615,77.19669999999999,18127.22175947936,2792653.248131073,2817280.4698905526,32018.189224804555,0.006449177356133118,0.43278874932763994,33166.71,5215.0290620000005,3425.2787030000004,559384.1730000001,2.1499999999999986,2.1499999999999986,0.6766666666666665,0,0.31833333333333336,0.28428571428571353,1.0,0.4376428571428568,1,1,1,1,1,False,False,False,True,False,4.0,2025-11-21,4,21,11,47
21-11-2025 00:00,Fur_5,3608,8.58,140.532,20.501,31.188,11.04,59.25,88.68%,88.68,203.261,0.6913869360083834,0.10086047003606202,0.15343819030704364,0.05431440364851103,0.22192810020544715,0.1458813640602755,0.05431440364851103,0.6573361338548117,17.75057684454962,25.67386769081869,2.3780487804878048,420.51277150200804,152.29994932623572,632.394,57.4028,561.384,38.64,1289.8208000000002,201218.16,71.14134999999999,18130.39533267221,2828427.6303443783,2853058.0256770505,31813.760322001006,0.006369234411921015,0.43524185685329303,30956.64,4382.912016,2881.0465320000003,507039.45600000006,1.25,1.25,0.6166666666666667,0,0.31999999999999995,0.5257142857142867,0.9954237756577404,0.5579418979886914,1,1,1,1,1,False,False,False,False,True,5.0,2025-11-21,4,21,11,47
22-11-2025 00:00,Fur_1,3645,8.57,132.001,18.276,29.57,10.95,60.18,87.53%,87.53,190.797,0.6918400184489274,0.09578766961744682,0.15498147245501764,0.05739083947860815,0.2240134527464682,0.1384534955155378,0.05739083947860815,0.6180588225208379,19.104073963427098,27.613426961815236,2.3511659807956105,425.3208371854333,163.72191386657025,594.0045,51.172799999999995,532.26,38.324999999999996,1215.7623,203044.725,66.77895,18205.771429469918,3040549.8289505905,3065255.6003800603,34623.91957957822,0.0059520189933474224,0.4377993954903849,31237.65,3903.2695700000004,2412.450276,481143.645,2.1799999999999997,2.1799999999999997,0.6786666666666666,0,0.2583333333333333,0.3614285714285716,0.957895674197967,0.44979342055387916,1,1,1,1,1,True,False,False,False,False,1.0,2025-11-22,5,22,11,47
22-11-2025 00:00,Fur_2,3591,12.92,218.393,28.393,47.581,13.8,60.93,83.38%,83.38,308.16700000000003,0.708683927870278,0.0921351085612671,0.15440004932390555,0.04478091424454922,0.21786870358542307,0.13000874510625915,0.04478091424454922,0.596729774558547,11.652772684940308,16.44283463095047,3.5978835978835977,277.94115495811496,150.55382308942876,982.7685,79.5004,856.4580000000001,48.300000000000004,1967.0269,301572.18,107.85845,18237.114477354346,2795999.57166082,2820736.6861381745,33428.972341054454,0.006480305856001102,0.4354073652983597,46395.72,10391.357333,6200.832449,784249.263,2.9299999999999997,2.9299999999999997,0.7286666666666667,0,0.3483333333333334,0.0,1.0,0.3045,1,1,1,0,0,False,True,False,False,False,2.0,2025-11-22,5,22,11,47
22-11-2025 00:00,Fur_3,3590,13.43,218.414,33.893,47.504,13.2,60.77,87.60%,87.6,313.01099999999997,0.6977837839564744,0.10828053966154545,0.15176463446971514,0.04217104191226507,0.21749521451237003,0.15517778093355838,0.04217104191226507,0.7134767448325038,11.46924548977512,16.43667522944191,3.7409470752089136,267.31196818228085,154.03196692767986,982.8629999999999,94.90039999999999,855.072,46.199999999999996,1979.0354,313389.05,109.55384999999998,18064.498874297893,2860593.6715140548,2885158.1703883526,32563.861968265832,0.006275319195630948,0.432065035319732,48213.7,10375.538655999999,7402.705701999999,784106.26,2.770000000000003,2.770000000000003,0.7180000000000002,0,0.35,0.3714285714285706,0.9897467197852349,0.4886636296713323,1,1,1,1,1,False,False,True,False,False,3.0,2025-11-22,5,22,11,47
22-11-2025 00:00,Fur_4,3639,9.34,157.434,22.322,33.721,11.2,58.61,87.02%,87.02,224.677,0.7007125785015823,0.09935151350605535,0.15008656871864942,0.04984933927371293,0.2141913423136594,0.14178639847944918,0.04984933927371293,0.6619613694148642,16.19658443009298,23.114447812324862,2.5666391865897227,389.6145193132207,151.27609857706844,708.453,62.501599999999996,606.978,39.199999999999996,1417.1326000000001,220923.69,78.63695,18021.205044193604,2809413.2592884135,2833934.464332607,32196.483348473157,0.006373695048117538,0.42831418880632616,33988.26,5308.831913999999,3514.241748,572902.326,0.6099999999999994,0.6099999999999994,0.574,0,0.2683333333333333,0.288571428571428,0.9988058640317989,0.4245468870920738,1,1,1,1,1,False,False,False,True,False,4.0,2025-11-22,5,22,11,47
22-11-2025 00:00,Fur_5,3648,8.97,146.538,20.795,31.463,16.84,58.56,89.32%,89.32,215.63600000000002,0.6795618542358418,0.09643566009386187,0.14590791890036914,0.07809456676992708,0.2147088112659596,0.14190858247069987,0.07809456676992708,0.6609350455794093,16.917397837095844,24.89456642717543,2.4588815789473686,406.6889178719155,151.74905859874974,659.421,58.226,566.3340000000001,58.94,1342.9210000000003,212696.64,75.4726,17793.49061778712,2818196.8025482097,2842490.2931659967,31471.32742655001,0.006274171904136918,0.421718031068097,32722.56,4610.5250940000005,3047.2577100000003,534570.6240000001,0.5600000000000023,0.5600000000000023,0.5706666666666668,0,0.2533333333333333,0.6171428571428562,0.9972927269802503,0.5840299739674781,1,1,1,1,1,False,False,False,False,True,5.0,2025-11-22,5,22,11,47
23-11-2025 00:00,Fur_1,3648,8.67,128.375,18.108,29.016,12.1,60.26,90.64%,90.64,187.599,0.6843053534400504,0.09652503478163531,0.1546703340636144,0.06449927771469997,0.22602531469503162,0.14105550036178774,0.06449927771469997,0.6240694574004185,19.445732653159133,28.41674758779554,2.3766447368421053,420.7611971440373,168.5945021028897,577.6875,50.7024,522.288,42.35,1193.0279,205583.04,65.65965,18169.879065758043,3131040.7533393796,3155710.6324051376,34435.951903155146,0.005769661412542994,0.43778355895951804,31628.16,3724.9289999999996,2324.6145,468312.0,2.259999999999998,2.259999999999998,0.6839999999999998,0,0.2533333333333333,0.8057142857142858,0.9418982923987865,0.6672368013369002,1,1,1,1,1,True,False,False,False,False,1.0,2025-11-23,6,23,11,47
23-11-2025 00:00,Fur_2,3581,13.26,225.645,26.518,48.741,12.15,60.11,85.69%,85.69,313.054,0.7207861902419391,0.0847074306669137,0.15569518357855194,0.03881119551259528,0.21600744436611738,0.11752088405450649,0.03881119551259528,0.5440594049350772,11.438921080708122,15.870061309268712,3.702876291538676,270.0603114584984,151.68009353018968,1015.4025,74.2504,877.338,42.525,2009.5159,308646.39,109.56889999999999,18340.203287611726,2816916.0227035233,2841756.225991135,32780.6693504572,0.006468622877708503,0.4365917184332803,47484.06,10998.162945,5983.65411,808034.745,2.1099999999999994,2.1099999999999994,0.6739999999999999,0,0.365,0.09857142857142824,0.9974225500823996,0.358270224302194,1,1,1,1,1,False,True,False,False,False,2.0,2025-11-23,6,23,11,47
23-11-2025 00:00,Fur_3,3582,13.11,210.559,28.171,45.179,12.64,59.92,89.71%,89.71,296.549,0.7100310572620376,0.0949961051967803,0.15234919018442147,0.04262364735676061,0.21456693746376582,0.1337914782374941,0.04262364735676061,0.6235418972632883,12.078948167082,17.011858828110608,3.659966499162479,273.2265237813483,158.35501047044502,947.5155,78.8788,813.222,44.24,1883.8563,305240.13,103.79214999999999,18150.27726085258,2940878.7658796934,2965529.043140546,32692.415865290994,0.006133862492133197,0.43167942268208037,46960.02,9512.845061,5931.6575889999995,754222.338,1.9200000000000017,1.9200000000000017,0.6613333333333334,0,0.3633333333333333,0.6728571428571419,0.975532767192816,0.6405351248671342,1,1,1,1,1,False,False,True,False,False,3.0,2025-11-23,6,23,11,47
23-11-2025 00:00,Fur_4,3639,9.46,152.347,21.505,32.633,21.48,59.23,86.17%,86.17,227.965,0.6682911850503367,0.09433465663588708,0.14314916763538263,0.09422499067839361,0.21420178793017397,0.14115801334349862,0.09422499067839361,0.658995475163317,15.962976772750203,23.886259500441362,2.5996152789227813,384.6722637767163,151.00976027021693,685.5615,60.21399999999999,587.394,75.18,1408.3495,223762.11000000002,79.78775,17651.199588909323,2804466.9764468856,2828618.176035795,32449.44563537679,0.006254592645621882,0.41707970926250904,34424.94,4971.539651000001,3276.222235,554390.733,1.2299999999999969,1.2299999999999969,0.6153333333333332,0,0.2683333333333333,0.1671428571428574,0.9997460736777923,0.3640206433069872,1,1,1,1,1,False,False,False,True,False,4.0,2025-11-23,6,23,11,47
23-11-2025 00:00,Fur_5,3631,9.4,152.526,21.495,32.865,11.35,58.96,85.15%,85.15,218.23600000000002,0.6989039388551843,0.09849429058450485,0.15059385252662255,0.052007918033688295,0.21547145919075136,0.14092679188514226,0.052007918033688295,0.6540392315825581,16.637951575358784,23.805777219583696,2.588818507298265,386.2765546514304,156.39674480837257,686.3670000000001,60.186,591.57,39.725,1377.848,221854.1,76.3826,18038.767991663022,2904510.975012634,2929049.743004297,33999.41663382817,0.006172270646493664,0.4293434399149979,34131.4,5012.766990000001,3278.5463700000005,553821.9060000001,0.9600000000000009,0.9600000000000009,0.5973333333333334,0,0.2816666666666666,0.02142857142857224,0.9819842965216065,0.2916111450186074,1,1,1,1,1,False,False,False,False,True,5.0,2025-11-23,6,23,11,47
24-11-2025 00:00,Fur_1,3610,8.53,142.827,21.47,32.59,10.61,59.71,80.81%,80.81,207.497,0.6883328433664101,0.10347137548976611,0.1570625117471578,0.05113326939666597,0.22817814399113515,0.15032171682999912,0.05113326939666597,0.658791019981865,17.397841896509345,25.275332918318437,2.3628808864265927,423.212142648049,148.40359137722473,642.7215,60.11599999999999,586.6200000000001,37.135,1326.5925,200156.44999999998,72.62395,18266.598002449606,2756066.697005602,2780833.2950080517,33991.36163070592,0.0065841397049580495,0.4422006004104502,30793.3,4654.731930000001,3066.4956899999997,515605.47,1.7100000000000009,1.7100000000000009,0.6473333333333334,0,0.31666666666666665,0.0,1.0,0.295,1,1,1,0,0,True,False,False,False,False,1.0,2025-11-24,0,24,11,48
24-11-2025 00:00,Fur_2,3575,13.39,225.624,26.892,48.847,12.02,60.34,85.71%,85.71,313.383,0.7199624740333713,0.08581192981112569,0.15586997380202502,0.03835562235347802,0.21649735747749638,0.11918944740280535,0.03835562235347802,0.5505353337864078,11.407766215780692,15.84494550293876,3.7454545454545456,266.9902713226086,152.74998962930346,1015.308,75.29759999999999,879.246,42.07,2011.9216,311150.125,109.68404999999998,18342.882123699845,2836785.5216870643,2861628.403810764,33002.28813067425,0.00642453841978436,0.43701802296868825,47869.25,11021.055528,6067.480608,806605.7999999999,2.3400000000000034,2.3400000000000034,0.6893333333333336,0,0.375,0.10142857142857054,0.9939080654965815,0.36199589881360156,1,1,1,1,1,False,True,False,False,False,2.0,2025-11-24,0,24,11,48
24-11-2025 00:00,Fur_3,3576,12.96,210.626,27.692,46.369,13.62,60.03,88.06%,88.06,298.307,0.7060712621561009,0.09283054034937162,0.15544053609201258,0.04565766140251486,0.22014850863545568,0.13147474608322454,0.04565766140251486,0.5972093295691232,11.987650306563372,16.977960854889897,3.6241610738255035,275.92590463534685,155.3599479730613,947.817,77.5376,834.642,47.669999999999995,1907.6666000000002,301242.24000000005,104.40745,18271.364734987783,2885256.176642568,2910027.5413775556,32674.910637520272,0.0062928160572291595,0.43751984754568746,46344.96000000001,9766.516994,5832.655192,753198.576,2.030000000000001,2.030000000000001,0.6686666666666667,0,0.3733333333333333,0.43714285714285744,0.985348458970851,0.527641120365599,1,1,1,1,1,False,False,True,False,False,3.0,2025-11-24,0,24,11,48
24-11-2025 00:00,Fur_4,3611,9.47,154.969,20.292,34.962,12.16,59.46,87.09%,87.09,222.383,0.6968563244492609,0.09124798208496153,0.15721525476317885,0.05468043870259867,0.22560641014908528,0.1309423166507991,0.05468043870259867,0.5804015622561192,16.23775198643781,23.30143433008257,2.622542232068679,381.3093578342811,153.7715113115661,697.3605,56.8176,629.316,42.56,1426.0540999999998,222275.105,77.83405,18321.725517302515,2855756.63864337,2880578.3641606723,32700.401454883326,0.006374817661818721,0.4412988259000834,34196.170000000006,5418.026178,3144.630948,559593.059,1.4600000000000009,1.4600000000000009,0.6306666666666667,0,0.31499999999999995,0.29857142857142904,0.9905566792440978,0.44189705013453406,1,1,1,1,1,False,False,False,True,False,4.0,2025-11-24,0,24,11,48
24-11-2025 00:00,Fur_5,3613,9.28,154.832,20.289,34.958,12.89,59.13,84.92%,84.92,222.969,0.6944104337374254,0.09099471226941863,0.1567841269414134,0.05781072705174262,0.22578019901712695,0.13103880250181615,0.05781072705174262,0.5803821562909162,16.204046302400783,23.334969364634127,2.5685026293938553,389.33185459786057,150.37354968627926,696.7439999999999,56.8092,629.2439999999999,45.115,1427.9122,217936.15999999997,78.03914999999999,18297.382787998078,2792651.6370309005,2817449.0198188988,32791.53887126279,0.00650932573269398,0.4406741534948717,33528.64,5412.617055999999,3141.386448,559408.016,1.1300000000000026,1.1300000000000026,0.6086666666666668,0,0.31166666666666665,0.0,1.0,0.2935,1,1,1,0,0,False,False,False,False,True,5.0,2025-11-24,0,24,11,48
25-11-2025 00:00,Fur_1,3620,8.54,145.709,18.019,33.549,10.6,60.58,81.13%,81.13,207.877,0.7009385357687479,0.08668106620742072,0.16138870582123083,0.05099169220260057,0.2302465857960278,0.12366428893435347,0.05099169220260057,0.5370949793706227,17.41414394088812,24.844038289714167,2.3591160220994474,423.88753818647103,148.71678925518452,655.6905,50.453199999999995,603.882,37.1,1347.1257,200946.19999999998,72.75695,18515.42292523257,2761883.229024856,2786898.6519500883,33932.77306648105,0.006659269134750303,0.44827442606135415,30914.799999999996,4888.391241,2625.530471,527466.58,2.5799999999999983,2.5799999999999983,0.7053333333333333,0,0.30000000000000004,0.0,1.0,0.29000000000000004,1,1,1,0,0,True,False,False,False,False,1.0,2025-11-25,1,25,11,48
25-11-2025 00:00,Fur_2,3603,13.3,224.4,26.863,49.656,16.65,59.47,85.44%,85.44,317.56899999999996,0.7066180892971292,0.08458949078782879,0.15636286917173908,0.052429550743303036,0.22128342147378152,0.11971033814745838,0.052429550743303036,0.5409819449616976,11.345565845532784,16.05614966106885,3.691368304190952,270.90223527050864,150.89602574558603,1009.8000000000001,75.2164,893.808,58.27499999999999,2037.0994,311479.35000000003,111.14914999999998,18327.620139245333,2802354.763846598,2827182.3839858435,32706.87626082651,0.006497583791531673,0.4387650401350076,47919.9,11142.8064,6028.0572,808513.2000000001,1.4699999999999989,1.4699999999999989,0.6313333333333333,0,0.32833333333333337,0.06285714285714253,1.0,0.3299285714285713,1,1,1,1,1,False,True,False,False,False,2.0,2025-11-25,1,25,11,48
25-11-2025 00:00,Fur_3,3602,13.31,214.199,26.009,47.841,14.72,60.49,88.44%,88.44,302.76900000000006,0.7074667485772981,0.08590377482503161,0.15801155336246442,0.04861792323520571,0.22334838060239132,0.1214244692018895,0.04861792323520571,0.5436550125696575,11.89685866122357,16.81613818544373,3.695169350360911,270.6235709523989,158.34718878088574,963.8955000000001,72.8252,861.138,51.52,1949.3787000000002,311627.03,105.96915000000001,18395.71894273003,2940733.5059307353,2965629.2248734655,33157.750725329446,0.006216598716981225,0.4417499791087283,47942.62,10247.494359,5571.101791,771544.7980000001,2.490000000000002,2.490000000000002,0.6993333333333335,0,0.32999999999999996,0.4914285714285711,0.9755150495999421,0.5398172956342739,1,1,1,1,1,False,False,True,False,False,3.0,2025-11-25,1,25,11,48
25-11-2025 00:00,Fur_4,3621,9.59,154.198,20.265,34.669,11.1,58.02,89.80%,89.8,220.232,0.7001616477169531,0.09201660067565114,0.15742035671473717,0.05040139489265865,0.22483430248878516,0.13142193717543718,0.05040139489265865,0.5845279476036821,16.44175233390243,23.482794695892327,2.648439657553162,377.58077397489325,157.6764048821243,693.8910000000001,56.742,624.0419999999999,38.85,1413.5249999999999,225715.035,77.0812,18338.129141736248,2928276.090668023,2953114.2198097594,32523.28435913832,0.006223457763303742,0.441479280522099,34725.39,5345.890461999999,3124.82247,558350.958,0.020000000000003126,0.020000000000003126,0.5346666666666668,1,0.29833333333333334,0.6857142857142853,0.9777283848864442,0.6279028198344315,1,1,1,1,1,False,False,False,True,False,4.0,2025-11-25,1,25,11,48
25-11-2025 00:00,Fur_5,3620,9.48,154.228,20.284,34.665,11.45,58.4,89.42%,89.42,220.62699999999998,0.6990440879856048,0.09193797676621629,0.1571203887103573,0.051897546537821755,0.2247646327206173,0.13151956757839323,0.051897546537821755,0.5851434996352661,16.40778327221963,23.471742981353948,2.6187845303867405,381.8564998041667,155.5457854206421,694.0260000000001,56.795199999999994,623.97,40.074999999999996,1414.8662000000002,223064.40000000002,77.21945,18322.66611585553,2888707.4435262107,2913530.109642066,32222.186569808295,0.006302881437341406,0.44100989902790805,34317.6,5346.31362,3128.360752,558305.36,0.3999999999999986,0.3999999999999986,0.5599999999999999,1,0.30000000000000004,0.6314285714285717,0.9847290139211877,0.6026600884985234,1,1,1,1,1,False,False,False,False,True,5.0,2025-11-25,1,25,11,48
26-11-2025 00:00,Fur_1,3639,8.58,138.614,16.212,31.366,12.46,61.36,86.25%,86.25,198.65200000000002,0.6977729899522783,0.08161005174878681,0.15789420695487585,0.06272275134405896,0.2262830577987573,0.11695788219835022,0.06272275134405896,0.5168653791728184,18.318466463967138,26.252759272131534,2.357790601813685,424.1258246939599,157.17244226083804,623.763,45.3936,564.588,43.61,1277.3546,202947.03,69.5282,18371.748441639505,2918916.7848441354,2943788.5332857748,33739.696656570486,0.006254662500278138,0.4419978602652701,31222.62,4347.766724,2247.210168,504416.346,3.3599999999999994,3.3599999999999994,0.7573333333333333,0,0.2683333333333333,0.17857142857142858,0.979377674754832,0.36566124923668064,1,1,1,1,1,True,False,False,False,False,1.0,2025-11-26,2,26,11,48
26-11-2025 00:00,Fur_2,3580,13.57,237.623,27.057,51.035,11.87,60.21,82.25%,82.25,327.58500000000004,0.725378146130012,0.08259535693026236,0.15579162660072957,0.03623487033899598,0.21477297982614066,0.1138652398384616,0.03623487033899598,0.5301655622579492,10.928461315383792,15.065881606301236,3.7905027932960893,263.8172244792023,148.29922004975805,1069.3035,75.75959999999999,918.6299999999999,41.544999999999995,2105.2381,315773.9,114.65475,18361.542805684017,2754128.37235265,2778989.9151583337,33381.26024214215,0.006622762703407493,0.4363544437087662,48580.6,12127.089804999998,6429.365510999999,850690.34,2.210000000000001,2.210000000000001,0.6806666666666668,0,0.3666666666666667,0.0,1.0,0.31,1,1,1,0,0,False,True,False,False,False,2.0,2025-11-26,2,26,11,48
26-11-2025 00:00,Fur_3,3581,13.18,226.706,22.84,49.721,16.64,59.8,81.07%,81.07,315.907,0.717635253413188,0.07229975910631926,0.1573912575536471,0.05267372992684556,0.21931929362557986,0.10074722283156501,0.05267372992684556,0.459363237678984,11.335614595434732,15.79578830822392,3.680536163082938,271.69952415026376,149.4034003678298,1020.1769999999999,63.952,894.978,58.24,2037.347,306784.27,110.56745,18426.281875904708,2774634.578259696,2799560.8601356004,34111.8662134227,0.00659716447245984,0.4392859930095364,47197.58,11272.049025999999,5177.96504,811834.186,1.7999999999999972,1.7999999999999972,0.6533333333333331,0,0.365,0.0,1.0,0.3095,1,1,1,0,0,False,False,True,False,False,3.0,2025-11-26,2,26,11,48
26-11-2025 00:00,Fur_4,3642,9.42,151.234,19.665,32.964,11.6,57.35,87.82%,87.82,215.463,0.7019024147997569,0.09126857047381685,0.15299146489188398,0.05383754983454236,0.21796685786286907,0.13003028333555758,0.05383754983454236,0.5965598654119687,16.90313418081063,24.08188618907199,2.5864909390444812,386.6241627787513,159.2275239832361,680.553,55.062,593.352,40.6,1369.567,222999.66,75.41205,18161.11616114401,2957082.5882600993,2981743.704421243,33570.63391602391,0.006104076830464812,0.43324057895670676,34307.64,4985.277576,2974.01661,550794.228,-0.6499999999999986,0.6499999999999986,0.4900000000000001,0,0.2633333333333333,0.40285714285714186,0.9726651309602646,0.47496159762062384,1,1,1,1,1,False,False,False,True,False,4.0,2025-11-26,2,26,11,48
26-11-2025 00:00,Fur_5,3643,9.42,148.827,19.342,32.426,11.85,57.43,89.33%,89.33,212.44499999999996,0.7005436701263857,0.09104474099178612,0.1526324460448587,0.055779142836969574,0.2178771310455957,0.1299629762747151,0.055779142836969574,0.5964966201043416,17.147967709289468,24.478085129189697,2.585780949766676,386.73031988000855,161.53385582150676,669.7215,54.157599999999995,583.668,41.475,1349.0221,223060.88999999998,74.35574999999999,18142.808054521676,2999914.465256554,3024557.2733110758,33483.419387922906,0.006011419403786665,0.4326600728038481,34317.06,4825.864302,2878.611834,542176.7609999999,-0.5700000000000003,0.5700000000000003,0.4953333333333333,0,0.2616666666666667,0.6185714285714283,0.965093357534478,0.5808043857926097,1,1,1,1,1,False,False,False,False,True,5.0,2025-11-26,2,26,11,48
27-11-2025 00:00,Fur_1,3617,8.59,138.608,16.495,30.827,11.55,60.95,84.09%,84.09,197.48000000000002,0.7018837350617784,0.08352744581729796,0.15610188373506179,0.05848693538586186,0.2224041886297747,0.11900467419626087,0.05848693538586186,0.5350828645316488,18.315778813044357,26.095174693414705,2.3748963229195463,421.0709637868494,157.33254000405103,623.736,46.186,554.8860000000001,40.425000000000004,1265.233,201955.195,69.118,18305.405248994473,2921890.0286466624,2946695.433895657,34630.33768827896,0.0062259144538363035,0.43856428025509936,31070.03,4272.868816,2286.33896,501345.136,2.950000000000003,2.950000000000003,0.7300000000000002,0,0.30500000000000005,0.0,0.9788635762257898,0.28727271524515796,1,1,1,0,0,True,False,False,False,False,1.0,2025-11-27,3,27,11,48
27-11-2025 00:00,Fur_2,3575,13.62,218.42,25.603,47.601,12.4,60.17,87.19%,87.19,304.024,0.7184301239375839,0.08421374628318817,0.15656987606241612,0.040786253716811834,0.21793333844000853,0.11721911859161654,0.040786253716811834,0.5378668402372463,11.758940083677604,16.367548684335002,3.809790209790209,262.4816253684563,160.15676393968897,982.89,71.6884,856.818,43.4,1954.7964,316494.75,106.4084,18370.69629841253,2974339.901737081,2999210.5980354934,34008.511146790945,0.006138480717270697,0.43831572433835053,48691.5,10397.010419999999,5592.20726,780851.5,2.1700000000000017,2.1700000000000017,0.6780000000000002,0,0.375,0.31285714285714256,0.9695760317721138,0.46284377778299407,1,1,1,1,1,False,True,False,False,False,2.0,2025-11-27,3,27,11,48
27-11-2025 00:00,Fur_3,3576,13.35,214.2,28.505,46.095,14.4,60.25,86.48%,86.48,303.19999999999993,0.7064643799472297,0.09401385224274408,0.15202836411609502,0.04749340369393141,0.21519607742672234,0.13307656333764442,0.04749340369393141,0.6183967758239121,11.794195250659634,16.69467779320879,3.733221476510067,267.8651484745207,157.4525065963061,963.9,79.814,829.71,50.4,1923.824,310307.39999999997,106.11999999999998,18128.75989445911,2924117.9796456844,2948746.7395401434,33707.667347281014,0.006161536233800884,0.43128165570239274,47739.6,9873.548999999999,6105.771,765979.2,2.25,2.25,0.6833333333333333,0,0.3733333333333333,0.211428571428572,0.9785007935386689,0.4134144444220198,1,1,1,1,1,False,False,True,False,False,3.0,2025-11-27,3,27,11,48
27-11-2025 00:00,Fur_4,3619,9.4,147.0,18.39,31.823,10.57,57.52,89.19%,89.19,207.783,0.707468849713403,0.08850579691312573,0.15315497417979335,0.050870379193678025,0.2164829917246055,0.12510203996529226,0.050870379193678025,0.57788390227559,17.417209300087112,24.619047451571106,2.5974025974025974,384.9999590425576,163.72176742081885,661.5,51.492,572.814,36.995000000000005,1322.801,221120.9,72.72404999999999,18189.319764232056,3040547.109243779,3065236.4290080112,33986.433407340184,0.005946677716893408,0.4330311210832166,34018.6,4677.981,2703.33,531993.0,-0.4799999999999969,0.4799999999999969,0.5013333333333335,1,0.30166666666666664,0.5985714285714282,0.9578990647418806,0.5813655272340902,1,1,1,1,1,False,False,False,True,False,4.0,2025-11-27,3,27,11,48
27-11-2025 00:00,Fur_5,3615,9.4,148.259,20.169,32.171,11.29,57.37,88.32%,88.32,211.88899999999998,0.6997012586778927,0.09518663073590419,0.15182949563214704,0.05328261495405613,0.21699188435783406,0.13603895793146484,0.05328261495405613,0.6269310675163636,17.060819580063146,24.383005251735106,2.600276625172891,384.57442717293327,160.3717040525936,667.1655,56.4732,579.078,39.515,1342.2317,220876.5,74.16114999999999,18098.85229665398,2978331.646691024,3002930.498987678,33619.91154262963,0.006040137524554147,0.43142923833493124,33981.0,4769.640288999999,2990.2357709999997,535956.2849999999,-0.6300000000000026,0.6300000000000026,0.4913333333333332,0,0.30833333333333335,0.4742857142857133,0.9689181504530211,0.5234264872334609,1,1,1,1,1,False,False,False,False,True,5.0,2025-11-27,3,27,11,48
28-11-2025 00:00,Fur_1,3654,8.58,141.592,18.287,30.765,13.05,59.09,84.33%,84.33,203.69400000000002,0.6951211130421122,0.08977682209588891,0.15103537659430322,0.06406668826769565,0.2172792232804168,0.12915277608090303,0.06406668826769565,0.5944092119483434,17.938672714954784,25.806542560267932,2.348111658456486,425.8740762384527,153.91381189431203,637.1640000000001,51.203599999999994,553.77,45.675000000000004,1287.8126,203783.58,71.2929,18063.68656626396,2858399.363751509,2882963.050317773,33786.04301321661,0.006279825692274545,0.4300082170340622,31351.32,4356.077880000001,2589.292904,517377.16800000006,1.0900000000000034,1.0900000000000034,0.6060000000000002,0,0.2433333333333333,0.0,0.9901349367044923,0.2710269873408985,1,1,1,0,0,True,False,False,False,False,1.0,2025-11-28,4,28,11,48
28-11-2025 00:00,Fur_2,3595,13.55,225.596,29.727,49.494,11.61,59.65,85.58%,85.58,316.427,0.7129480101255582,0.09394583900868131,0.15641522373248806,0.03669092713327244,0.21939218683224798,0.13177095280159687,0.03669092713327244,0.6006182446232221,11.361230236357832,15.935566162806229,3.769123783031989,265.3136335561894,153.94466970264864,1015.182,83.23559999999999,890.892,40.635,2029.9446,316629.625,110.74945,18329.161905544453,2858972.437334903,2883801.5992404474,33307.94177916895,0.006370260910563912,0.43887503136785116,48712.25,11165.648424,6706.292292,811017.62,1.6499999999999986,1.6499999999999986,0.6433333333333332,0,0.3416666666666667,0.08285714285714262,0.989986635532374,0.34192589853504607,1,1,1,1,1,False,True,False,False,False,2.0,2025-11-28,4,28,11,48
28-11-2025 00:00,Fur_3,3596,13.27,217.812,25.258,46.578,15.76,57.97,87.89%,87.89,305.408,0.7131836756077117,0.08270248323554065,0.15251073973176865,0.05160310142497904,0.21384496623765006,0.11596238905128096,0.05160310142497904,0.542273164535335,11.774413243922883,16.509650448507657,3.6902113459399333,270.9871687274176,156.24646374685665,980.154,70.7224,838.404,55.16,1944.4404000000002,310172.98,106.8928,18190.564752724225,2901720.041013052,2926410.6057657762,32921.70779351756,0.006229836186355974,0.4311800968546014,47718.92,10145.247336,5501.4954960000005,783251.952,-0.030000000000001137,0.030000000000001137,0.5313333333333332,1,0.33999999999999997,0.4128571428571429,0.9824510398865676,0.5049187794058849,1,1,1,1,1,False,False,True,False,False,3.0,2025-11-28,4,28,11,48
28-11-2025 00:00,Fur_4,3650,9.53,150.736,22.867,32.235,10.06,55.17,88.23%,88.23,215.89799999999997,0.6981815486942908,0.10591575651465046,0.14930661701358977,0.046596077777469,0.21385070445115498,0.1517023129729971,0.046596077777469,0.7093841877032981,16.906131599181098,24.21452059087066,2.610958904109589,383.0010091289603,161.11543414019584,678.3119999999999,64.02759999999999,580.23,35.21,1357.7795999999998,226099.24999999997,75.56429999999999,17968.53275951739,2992143.776889351,3016612.3096488686,33807.15353187121,0.005969389481555069,0.427337397026734,34784.5,4858.97496,3446.880112,550186.3999999999,-2.8299999999999983,2.8299999999999983,0.3446666666666668,0,0.25,0.461428571428572,0.9664984603158213,0.49901397777745027,1,1,1,1,1,False,False,False,True,False,4.0,2025-11-28,4,28,11,48
28-11-2025 00:00,Fur_5,3652,9.45,150.72,22.879,32.302,10.63,54.65,86.41%,86.41,216.53099999999998,0.6960666140183162,0.1056615449981758,0.14917956320342124,0.04909227778008692,0.21431793913005615,0.15179803508626571,0.04909227778008692,0.7082842948336235,16.86594529189816,24.23036077341852,2.5876232201533402,386.4549855603191,159.38318300843758,678.24,64.0612,581.436,37.205000000000005,1360.9422,224324.09999999998,75.78584999999998,17957.73485419772,2959973.3987281267,2984431.1335823243,34142.90279810462,0.006030272040775949,0.4272304878193946,34511.399999999994,4868.55744,3448.32288,550429.44,-3.3500000000000014,3.3500000000000014,0.3099999999999999,0,0.2466666666666667,0.20142857142857093,0.9721898469502369,0.3691522551043329,1,1,1,1,1,False,False,False,False,True,5.0,2025-11-28,4,28,11,48
29-11-2025 00:00,Fur_1,3560,8.6,137.504,21.582,29.893,11.39,59.23,91.05%,91.05,200.36899999999997,0.6862538616253013,0.10771127270186508,0.14918974492062148,0.05684512075221218,0.21739731049716876,0.15695543288227665,0.05684512075221218,0.7219750201727823,17.767219480059293,25.890155734450232,2.4157303370786516,413.95344023797213,152.7980875285099,618.7679999999999,60.4296,538.0740000000001,39.865,1257.1366,199004.0,70.12914999999998,17926.020777380025,2837678.768386613,2862104.789163993,31092.936329864133,0.00627748659247348,0.4280155394409804,30616.0,4110.407072,2967.611328,489514.24,1.2299999999999969,1.2299999999999969,0.6153333333333332,0,0.4,0.8642857142857139,0.9938238145908161,0.7509076200610202,1,1,1,1,1,True,False,False,False,False,1.0,2025-11-29,5,29,11,48
29-11-2025 00:00,Fur_2,3518,13.41,229.205,37.554,48.349,9.18,59.98,83.19%,83.19,324.288,0.7067945776593645,0.11580447010065127,0.1490927817248865,0.02830817051509769,0.21094216875311544,0.16384459255319653,0.02830817051509769,0.7767275274208872,10.848381685415433,15.348705240510872,3.8118249005116547,262.34151660391376,145.47679840142095,1031.4225000000001,105.1512,870.2819999999999,32.129999999999995,2038.9857000000002,306646.47000000003,113.5008,17964.505095999324,2701711.9703121036,2726176.475408103,32381.238572373237,0.006605383124955569,0.42682104146193856,47176.38,11081.832545,8607.56457,806343.1900000001,1.9799999999999969,1.9799999999999969,0.6653333333333331,0,0.47,0.0,1.0,0.34099999999999997,1,1,1,0,0,False,True,False,False,False,2.0,2025-11-29,5,29,11,48
29-11-2025 00:00,Fur_3,3520,13.24,215.402,30.485,44.815,12.3,58.36,89.02%,89.02,303.002,0.7108929974059577,0.10060989696437647,0.14790331416954342,0.040593791460122375,0.20805284905408097,0.1415260761667669,0.040593791460122375,0.6802409755608396,11.617085035742338,16.34153807141281,3.7613636363636362,265.8610071101958,153.81020587322857,969.309,85.35799999999999,806.67,43.050000000000004,1904.387,302931.2,106.05069999999999,17957.326071397925,2856475.251931388,2880932.578002786,32003.2501444433,0.0062472594448101625,0.42358512214166555,46604.8,9653.240629999998,6566.52997,758215.0399999999,0.35999999999999943,0.35999999999999943,0.5573333333333333,1,0.4666666666666667,0.5742857142857137,0.9904940349230028,0.6252416641274574,1,1,1,1,1,False,False,True,False,False,3.0,2025-11-29,5,29,11,48
29-11-2025 00:00,Fur_4,3557,9.27,147.991,21.827,30.781,10.43,56.71,85.15%,85.15,211.02900000000002,0.701282762084832,0.10343128195650834,0.14586146927673446,0.04942448668192523,0.2079923765094338,0.14748869764047343,0.04942448668192523,0.7091062438157876,16.855503272062133,24.035245224133593,2.6061287601911722,383.71085396862424,156.25051533201596,665.9595,61.1156,554.058,36.504999999999995,1317.6381000000001,214327.035,73.86015,17839.634769222648,2901795.28473744,2926134.9195066625,33965.5823506287,0.006110227908987008,0.4204933054076077,32973.39,4555.310971,3230.1995570000004,526403.9870000001,-1.2899999999999991,1.2899999999999991,0.4473333333333334,0,0.405,0.02142857142857224,0.9824997962492054,0.3287142449641272,1,1,1,1,1,False,False,False,True,False,4.0,2025-11-29,5,29,11,48
29-11-2025 00:00,Fur_5,3559,9.05,144.198,21.32,30.019,12.22,56.1,84.48%,84.48,207.757,0.6940704765663732,0.10261988765721491,0.1444909196802033,0.058818716096208555,0.20817903016561234,0.14785225767450133,0.058818716096208555,0.7102168389947421,17.130590064354028,24.681340762830686,2.5428491149199215,393.25962505418505,155.03184008240396,648.8910000000001,59.696,540.342,42.77,1291.699,209358.17500000002,72.71495,17763.871115912203,2879162.7443875023,2903426.6155034145,33966.15132783592,0.006131971386795133,0.4183188188579537,32208.95,4328.679762,3074.3013600000004,513200.68200000003,-1.8999999999999986,1.8999999999999986,0.4066666666666668,0,0.4016666666666666,0.0,0.9865158625864668,0.31780317251729334,1,1,1,0,0,False,False,False,False,True,5.0,2025-11-29,5,29,11,48
30-11-2025 00:00,Fur_1,3627,8.5,138.01,22.083,30.081,12.8,59.91,87.14%,87.14,202.974,0.6799393025707726,0.10879718584646308,0.14820124745041238,0.06306226413235193,0.21796246490861196,0.16001014303304004,0.06306226413235193,0.7341178573146552,17.86928375062816,26.280704106364006,2.343534601599118,426.7058321522551,151.88891188033935,621.045,61.83239999999999,541.458,44.800000000000004,1269.1354,200391.75,71.0409,17864.855315740653,2820794.077777731,2845158.933093472,32279.99697178888,0.006293413804479904,0.4266353298473906,30829.5,4151.47881,3047.6748299999995,500562.26999999996,1.9099999999999966,1.9099999999999966,0.6606666666666664,0,0.28833333333333333,0.30571428571428577,0.9968207659312229,0.4387212960433875,1,1,1,1,1,True,False,False,False,False,1.0,2025-11-30,6,30,11,48
30-11-2025 00:00,Fur_2,3580,13.48,225.627,36.603,47.15,10.29,61.13,85.45%,85.45,319.67,0.7058122438764977,0.1145024556573967,0.14749585510057245,0.032189445365533205,0.20897321593172263,0.16222792413041026,0.032189445365533205,0.7763096335883429,11.199049019301153,15.86689529237682,3.7653631284916202,265.5786153131591,150.96318078017956,1015.3215,102.4884,848.6999999999999,36.015,2002.5249000000001,313679.60000000003,111.8845,17898.144068213205,2803601.928774764,2828000.072842977,32712.551449889845,0.00634348524052272,0.4238149548102997,48258.4,10638.31305,8258.625081,807744.66,3.1300000000000026,3.1300000000000026,0.7420000000000002,0,0.3666666666666667,0.0642857142857147,0.999855388024882,0.3421139347478338,1,1,1,1,1,False,True,False,False,False,2.0,2025-11-30,6,30,11,48
30-11-2025 00:00,Fur_3,3581,13.18,215.942,32.854,44.093,10.19,59.31,89.77%,89.77,303.079,0.7124941021977769,0.10840077999465485,0.14548352079820773,0.03362159700936059,0.20418908686504209,0.15214270428104443,0.03362159700936059,0.7451069161747461,11.815401265016712,16.583156511548673,3.680536163082938,271.69952415026376,155.72698867292027,971.739,91.99119999999999,793.6740000000001,35.665,1893.0692,306784.27,106.07764999999999,17846.070307930087,2892072.646782805,2916418.717090735,32129.764427572274,0.006132841513103207,0.4192525027611247,47197.58,9521.530606,7094.558468,773288.302,1.3100000000000023,1.3100000000000023,0.6206666666666668,0,0.365,0.6814285714285708,0.984218150620498,0.647057915838385,1,1,1,1,1,False,False,True,False,False,3.0,2025-11-30,6,30,11,48
30-11-2025 00:00,Fur_4,3627,9.46,153.501,21.858,31.808,11.03,58.82,91.24%,91.24,218.197,0.7034972983129923,0.10017552945274225,0.14577652305027108,0.050550649183994274,0.20721688974523364,0.1423964655448729,0.050550649183994274,0.6871855920779177,16.62259334454644,23.628510409518437,2.6082161566032536,383.4037649678895,157.24973303940936,690.7545,61.2024,572.544,38.605,1363.1059,223024.23,76.36895,17848.954319785724,2920352.185017602,2944701.139337388,31924.340192296055,0.006074789802787618,0.42002899407888994,34311.420000000006,4882.559808,3355.224858,556748.127,0.8200000000000003,0.8200000000000003,0.588,0,0.28833333333333333,0.8914285714285707,0.9792162762442898,0.7280575409631432,1,1,1,1,1,False,False,False,True,False,4.0,2025-11-30,6,30,11,48
30-11-2025 00:00,Fur_5,3580,9.44,153.655,21.912,31.833,11.86,58.44,91.36%,91.36,219.26,0.7007890176046703,0.09993614886436195,0.14518380005472956,0.054091033476238254,0.2071719097512485,0.14260518601669203,0.054091033476238254,0.6883422646831192,16.327647541731277,23.29894879243143,2.636871508379888,379.237247962156,154.13299279394326,691.4475,61.35359999999999,572.9939999999999,41.51,1367.3050999999998,219668.8,76.74099999999999,17817.139469123416,2862469.8661732324,2886787.005642356,31255.81426637458,0.006185890306841097,0.41906813629233153,33795.2,4891.299615,3366.88836,550084.9,0.4399999999999977,0.4399999999999977,0.5626666666666665,1,0.3666666666666667,0.9085714285714285,0.9894586528987068,0.7621774448654557,1,1,1,1,1,False,False,False,False,True,5.0,2025-11-30,6,30,11,48
01-12-2025 00:00,Fur_1,3619,8.51,143.421,20.428,31.983,15.15,60.95,84.98%,84.98,210.982,0.6797783697187437,0.096823425695083,0.1515911309969571,0.07180707358921615,0.22300081422524726,0.1424338127440625,0.07180707358921615,0.638714297010465,17.15312206728536,25.233403579438136,2.3514783089251172,425.2643448573038,145.9730687925984,645.3945,57.1984,575.694,53.025,1331.3119000000002,200184.985,73.8437,18028.781060537327,2710928.4204339706,2735457.201494508,31815.040724523235,0.006606472630154808,0.4324260903849803,30797.69,4587.033843,2929.804188,519040.599,2.950000000000003,2.950000000000003,0.7300000000000002,0,0.30166666666666664,0.0,1.0,0.2905,1,1,1,0,0,True,False,False,False,False,1.0,2025-12-01,0,1,12,49
01-12-2025 00:00,Fur_2,3624,13.46,229.2,33.463,49.109,13.63,60.92,83.67%,83.67,325.402,0.7043595306728293,0.10283587685386077,0.15091794150005225,0.0418866509732577,0.2142626517702328,0.14599912676265653,0.0418866509732577,0.6814025803538541,11.136993626345259,15.81151825562165,3.7141280353200883,269.2421791053359,149.9039342106072,1031.3999999999999,93.6964,883.962,47.705000000000005,2056.7634,317063.76,113.89069999999998,18059.098767502528,2783930.2067684196,2808489.3055359223,33169.827631226195,0.0064450991057756575,0.42978302706086663,48779.04,11255.782799999999,7669.719599999999,830620.7999999999,2.9200000000000017,2.9200000000000017,0.7280000000000001,0,0.29333333333333333,0.0,1.0,0.28800000000000003,1,1,1,0,0,False,True,False,False,False,2.0,2025-12-01,0,1,12,49
01-12-2025 00:00,Fur_3,3604,13.28,217.773,32.092,43.531,14.59,59.85,89.21%,89.21,307.986,0.7070873351386102,0.10419954153760236,0.1413408401680596,0.04737228315572786,0.1998916293576723,0.1473644568088585,0.04737228315572786,0.7372217330816722,11.701830602689734,16.54934258815674,3.6847946725860155,271.385521733018,155.40031040371963,979.9784999999999,89.85759999999999,783.558,51.065,1904.4591,311097.27999999997,107.79509999999999,17667.39953856901,2886005.7646405078,2910173.164179077,32259.984083572523,0.006084500058932741,0.4114333565892804,47861.119999999995,9479.876462999999,6988.771116,784853.892,1.8500000000000014,1.8500000000000014,0.6566666666666667,0,0.32666666666666666,0.6014285714285705,0.9853227049193355,0.5957788266981523,1,1,1,1,1,False,False,True,False,False,3.0,2025-12-01,0,1,12,49
01-12-2025 00:00,Fur_4,3619,9.37,154.83,24.234,31.076,11.11,57.83,90.22%,90.22,221.25,0.6997966101694916,0.10953220338983051,0.14045649717514125,0.05021468926553672,0.20071045533352413,0.1565200532421362,0.05021468926553672,0.7798300688688998,16.357062146892655,23.374022971168227,2.589113014644929,386.2326161971595,153.26567231638418,696.735,67.8552,559.368,38.885,1362.8432,220415.19499999998,77.4375,17599.266505246163,2846362.4858757057,2870461.752380952,31467.460561071606,0.006145077353290431,0.4104419349195858,33910.03,4811.49708,3752.1502200000004,560329.77,-0.1700000000000017,0.1700000000000017,0.5219999999999999,1,0.30166666666666664,0.7457142857142856,0.9923458478235685,0.6618263124218564,1,1,1,1,1,False,False,False,True,False,4.0,2025-12-01,0,1,12,49
01-12-2025 00:00,Fur_5,3620,9.37,156.021,24.425,31.339,11.15,57.78,89.18%,89.18,222.935,0.6998497319846592,0.10956108282683294,0.1405746069482136,0.05001457824029426,0.2008639849708438,0.15654943785420275,0.05001457824029426,0.7793802999655286,16.23791688160226,23.202004709609575,2.5883977900552484,386.33933977168203,152.14928118061314,702.0944999999999,68.39,564.102,39.025,1373.6115,220476.09999999998,78.02725,17604.25364215707,2825629.507639959,2849733.761282116,31600.507443802573,0.006191630769824103,0.4106707027423693,33919.399999999994,4889.542119,3810.8129249999997,564796.0199999999,-0.21999999999999886,0.21999999999999886,0.5186666666666667,1,0.30000000000000004,0.5971428571428581,0.9960116868610933,0.5877737659436477,1,1,1,1,1,False,False,False,False,True,5.0,2025-12-01,0,1,12,49
02-12-2025 00:00,Fur_1,3613,8.67,145.819,18.232,32.802,11.56,60.38,84.86%,84.86,208.41299999999998,0.6996636486207675,0.08748014759156099,0.1573894142879763,0.05546678949969532,0.22495010783951264,0.1250317165456373,0.05546678949969532,0.5558197501426819,17.335770801245605,24.777292226820293,2.3996678660393025,416.7242887284558,150.3011328467994,656.1854999999999,51.0496,590.436,40.46,1338.1311,203610.615,72.94454999999999,18344.49729280666,2791306.7528691315,2816151.2501619384,32799.339042184234,0.006529101179994973,0.44123927767615595,31324.71,4783.1548379999995,2658.5720079999996,526844.0469999999,2.3800000000000026,2.3800000000000026,0.6920000000000002,0,0.31166666666666665,0.0,1.0,0.2935,1,1,1,0,0,True,False,False,False,False,1.0,2025-12-02,1,2,12,49
02-12-2025 00:00,Fur_2,3613,13.48,217.143,32.15,42.919,10.89,59.87,88.25%,88.25,303.102,0.7164023991923512,0.10606990386074655,0.14159919762984077,0.03592849931706159,0.19765315852846668,0.1480591124371538,0.03592849931706159,0.7490854691608503,11.920079709140818,16.638804766265526,3.73097149183504,268.02668634816865,160.68267447921824,977.1435,90.02,772.5419999999999,38.115,1877.8205,316571.06,106.08569999999999,17700.976663207202,2984106.81175691,3008307.788420117,33706.529842242206,0.00589677218224669,0.41140353936917823,48703.24,9319.560416999999,6981.1474499999995,784537.659,1.8699999999999974,1.8699999999999974,0.6579999999999998,0,0.31166666666666665,0.4642857142857143,0.9679671524801103,0.5192362876388792,1,1,1,1,1,False,True,False,False,False,2.0,2025-12-02,1,2,12,49
02-12-2025 00:00,Fur_3,3614,13.33,223.151,28.896,45.419,14.07,57.72,85.99%,85.99,311.536,0.716292820091418,0.09275332545837399,0.14579053464126135,0.04516331980894664,0.20353482528182787,0.1294907926494132,0.04516331980894664,0.6362095018338251,11.600585486107544,16.19531162219613,3.6884338682899833,271.1177591059446,154.63580452981358,1004.1795000000001,80.9088,817.5419999999999,49.245000000000005,1951.8753000000002,313135.03,109.0376,17900.937841625277,2871807.7984108236,2896208.736252449,33293.58243766466,0.006194720463364175,0.4188495033468582,48174.62,10135.295269,6448.171296,806467.714,-0.28000000000000114,0.28000000000000114,0.5146666666666666,1,0.31000000000000005,0.1414285714285707,0.98779237719901,0.36127276115408735,1,1,1,1,1,False,False,True,False,False,3.0,2025-12-02,1,2,12,49
02-12-2025 00:00,Fur_4,3610,9.46,157.181,24.691,31.698,8.62,56.61,87.44%,87.44,222.19000000000003,0.707417075475944,0.111125613213916,0.14266168594446194,0.038795625365678016,0.20166559443147966,0.1570864152977369,0.038795625365678016,0.7789450192773986,16.247355866600657,22.96715237231502,2.620498614958449,381.60672498871827,153.69998649804222,707.3145000000001,69.1348,570.564,30.169999999999998,1377.1833000000001,221978.90000000002,77.76650000000001,17709.21026405972,2854428.320677927,2878637.530941987,32549.044899841552,0.006165864299071903,0.4142977917318631,34150.600000000006,4982.323338,3880.956071,567423.41,-1.3900000000000006,1.3900000000000006,0.44066666666666665,0,0.31666666666666665,0.34857142857142825,0.9908999243827347,0.4674656991622611,1,1,1,1,1,False,False,False,True,False,4.0,2025-12-02,1,2,12,49
02-12-2025 00:00,Fur_5,3608,9.35,157.196,24.729,31.644,11.33,56.4,86.63%,86.63,224.89900000000003,0.6989626454541815,0.10995602470442285,0.14070316008519376,0.050378169756201664,0.20130283085254821,0.15731316218406854,0.050378169756201664,0.7814751364721547,16.04275697090694,22.952237824421502,2.591463414634146,385.88231167034104,149.99977767797986,707.382,69.24119999999999,569.592,39.655,1385.8702,219276.19999999998,78.71465,17606.254998275414,2785710.156876769,2809816.4118750445,32064.548806060076,0.006280509372289938,0.4109995293931567,33734.799999999996,4974.310224,3887.299884,567163.168,-1.6000000000000014,1.6000000000000014,0.4266666666666666,0,0.31999999999999995,0.2328571428571422,1.0,0.4124285714285711,1,1,1,1,1,False,False,False,False,True,5.0,2025-12-02,1,2,12,49
03-12-2025 00:00,Fur_1,3594,8.57,143.985,16.903,32.377,11.79,58.61,83.67%,83.67,205.055,0.7021774645826729,0.08243154275682134,0.15789422350101193,0.05749676915949379,0.22486369951825746,0.11739417218881013,0.05749676915949379,0.5220681186623801,17.52700494989149,24.96093325720781,2.384529771841959,419.3698460478593,150.20643242057008,647.9325000000001,47.328399999999995,582.7860000000001,41.265,1319.3119000000004,200203.77000000002,71.76925,18382.690358335924,2789548.0306677306,2814430.7210260667,33239.999067273726,0.0065467036706726755,0.44173481646000456,30800.58,4661.802345000001,2433.778455,517482.09,0.6099999999999994,0.6099999999999994,0.574,0,0.3433333333333334,0.0,1.0,0.30300000000000005,1,1,1,0,0,True,False,False,False,False,1.0,2025-12-03,2,3,12,49
03-12-2025 00:00,Fur_2,3588,13.46,224.428,31.378,47.971,10.83,59.73,83.51%,83.51,314.60699999999997,0.7133598425972723,0.09973713235878415,0.1524791247492904,0.03442390029465333,0.21374783799816494,0.13981321341448832,0.03442390029465333,0.6541035072418022,11.40470491756382,15.987309890088092,3.7513935340022297,266.5675879221703,153.507328190409,1009.9259999999999,87.85839999999999,863.478,37.905,1999.1674,313914.12,110.11244999999998,18155.689025173815,2850850.3806790244,2875506.0697041983,34025.63092775054,0.006328215620347472,0.431918807799687,48294.48,10766.035587999999,7042.1017839999995,805247.664,1.7299999999999969,1.7299999999999969,0.6486666666666665,0,0.3533333333333334,0.0,0.9914537374751489,0.3042907474950298,1,1,1,0,0,False,True,False,False,False,2.0,2025-12-03,2,3,12,49
03-12-2025 00:00,Fur_3,3589,13.52,212.446,32.648,44.858,12.61,57.44,87.96%,87.96,302.562,0.7021569132938043,0.10790515662905455,0.14826052181040578,0.04167740826673541,0.21115012656792725,0.15367669829661798,0.04167740826673541,0.727807732671815,11.86203158360931,16.893704673687882,3.767066035107272,265.45856024714794,160.37466701039787,956.007,91.4144,807.444,44.135,1899.0004,315401.32,105.8967,17932.573914012428,2978386.673050246,3002819.2469642586,33754.712758141395,0.005984867577839357,0.42519422323449746,48523.28,9529.902667999999,6935.937008000001,762468.694,-0.5600000000000023,0.5600000000000023,0.49599999999999983,0,0.3516666666666667,0.422857142857142,0.9689378258768723,0.5107161366039454,1,1,1,1,1,False,False,True,False,False,3.0,2025-12-03,2,3,12,49
03-12-2025 00:00,Fur_4,3593,9.1,153.616,23.297,32.883,10.12,57.1,83.94%,83.94,219.91600000000003,0.6985212535695448,0.10593590279925061,0.1495252732861638,0.04601757034504082,0.21405973196763534,0.1516573784523918,0.04601757034504082,0.7084815646844399,16.338056348787717,23.389490525794898,2.5327024770386863,394.83512144669,148.67631277396822,691.272,65.2316,591.894,35.419999999999995,1383.8176,212525.94999999998,76.9706,17978.5216693127,2761131.522945124,2785610.044614437,32795.03231239036,0.006469165085475041,0.42772544589691586,32696.3,5051.354928000001,3578.7919520000005,551942.2880000001,-0.8999999999999986,0.8999999999999986,0.47333333333333344,0,0.345,0.0,1.0,0.3035,1,1,1,0,0,False,False,False,True,False,4.0,2025-12-03,2,3,12,49
03-12-2025 00:00,Fur_5,3591,9.21,155.983,23.676,34.0,12.67,57.33,84.01%,84.01,226.32899999999998,0.6891869800158178,0.10460877748763968,0.15022378926253377,0.0559804532340089,0.21797246996164665,0.1517857705532925,0.0559804532340089,0.6963529206955024,15.866283154169375,23.02173940094921,2.564745196324144,389.9022377956311,146.12846784989995,701.9235,66.29279999999999,612.0,44.345,1424.5613,214975.21500000003,79.21515,17983.445085946314,2713814.402926713,2738297.8480126597,32211.47921435901,0.006583007267184499,0.42960594254525936,33073.11,5303.4220000000005,3693.053508,560134.953,-0.6700000000000017,0.6700000000000017,0.4886666666666665,0,0.3483333333333334,0.0,1.0,0.3045,1,1,1,0,0,False,False,False,False,True,5.0,2025-12-03,2,3,12,49
04-12-2025 00:00,Fur_1,3664,8.95,149.431,21.186,32.835,12.03,58.18,80.28%,80.28,215.48200000000003,0.6934732367436723,0.09831911714203505,0.1523793170659266,0.05582832904836598,0.21973352102486418,0.14177780954569125,0.05582832904836598,0.6452261110027072,17.00374045163865,24.51967781437802,2.4426855895196504,409.38542911894655,152.1834770421659,672.4395000000001,59.3208,591.03,42.105,1364.8953000000001,213153.19999999998,75.4187,18097.571292000524,2826264.573640224,2850862.1449322244,35074.58347603623,0.006362611499469156,0.4330222252212312,32792.799999999996,4906.566885,3165.845166,547515.184,0.17999999999999972,0.17999999999999972,0.5453333333333333,1,0.22666666666666668,0.0,0.995812127105681,0.2671624254211362,1,1,1,0,0,True,False,False,False,False,1.0,2025-12-04,3,4,12,49
04-12-2025 00:00,Fur_2,3656,13.85,237.688,32.617,51.949,12.71,58.93,76.74%,76.74,334.964,0.7095926726454186,0.09737464324524425,0.15508830799727732,0.03794437611205981,0.21855962346201901,0.13722611096384288,0.03794437611205981,0.6278657793631104,10.91460574867747,15.381508467480444,3.788293216630197,263.9711000742888,151.16728961918295,1069.596,91.32759999999999,935.082,44.485,2140.4906,329131.39999999997,117.2374,18257.74539524077,2807392.521499112,2832150.2668943526,36431.05565853297,0.00646143141249667,0.43685405579449865,50635.6,12347.653912,7752.669495999999,868987.328,0.9299999999999997,0.9299999999999997,0.5953333333333333,0,0.24,0.0,0.9991214074237571,0.2718242814847514,1,1,1,0,0,False,True,False,False,False,2.0,2025-12-04,3,4,12,49
04-12-2025 00:00,Fur_3,3667,13.02,176.446,27.697,37.771,13.13,57.92,87.85%,87.85,255.04399999999998,0.6918257241887674,0.10859694797760387,0.1480960148052885,0.05148131302834021,0.21406549191216864,0.1569715371446701,0.05148131302834021,0.7332874233330485,14.377911262370416,20.782562252572674,3.550586310335424,281.64360356039913,187.20040463606279,794.007,77.5516,679.878,45.955000000000005,1597.3916,310338.20999999996,89.26539999999999,17894.857357946083,3476578.9432411664,3500973.8005991126,39403.19415418248,0.0051209018521982015,0.42561761311377877,47744.34,6664.5418660000005,4887.024862,647027.482,-0.0799999999999983,0.0799999999999983,0.5280000000000001,1,0.22166666666666668,0.4071428571428563,0.880836938495751,0.4462388162705784,1,1,1,1,1,False,False,True,False,False,3.0,2025-12-04,3,4,12,49
04-12-2025 00:00,Fur_4,3659,9.75,159.683,25.276,35.311,10.79,57.69,82.05%,82.05,231.06,0.6910888946593958,0.1093915000432788,0.1528217778931879,0.04669782740413745,0.22113186612769134,0.15828860831592212,0.04669782740413745,0.7158109168301403,15.835713667445685,22.914148513529003,2.6646624760863626,375.28201279158844,154.39820825759543,718.5735,70.77279999999999,635.598,37.765,1462.7093,231889.125,80.871,18086.9446402295,2867395.2962124865,2891982.240852716,34822.182310086886,0.006268257133644482,0.4345347363279908,35675.25,5638.566413,4036.1475079999996,584280.097,-0.3100000000000023,0.3100000000000023,0.5126666666666665,1,0.235,0.0,0.9885398520389201,0.26820797040778405,1,1,1,0,0,False,False,False,True,False,4.0,2025-12-04,3,4,12,49
04-12-2025 00:00,Fur_5,3662,9.81,155.87,24.684,34.485,10.73,58.28,85.31%,85.31,225.76899999999998,0.6903959356687589,0.10933299080033133,0.15274461950046286,0.04752645403044706,0.2212420592722008,0.15836273716325952,0.04752645403044706,0.7157894529276657,16.220118793988547,23.49393710467738,2.6788640087383944,373.29252056141485,159.11936536902766,701.415,69.1152,620.73,37.555,1428.8152,233507.43000000002,79.01914999999998,18081.885213900685,2955073.928281943,2979655.8134958437,34522.71826550624,0.0060817146319149555,0.4344368676928969,35924.22,5375.17695,3847.49508,570795.9400000001,0.28000000000000114,0.28000000000000114,0.552,1,0.22999999999999998,0.04428571428571461,0.9730343839198944,0.2857497339268362,1,1,1,1,1,False,False,False,False,True,5.0,2025-12-04,3,4,12,49
05-12-2025 00:00,Fur_1,3669,9.05,151.193,21.523,33.189,12.16,58.26,79.77%,79.77,218.065,0.6933391419989453,0.09869992892027607,0.1521977392062,0.055763189874578685,0.21951412949333546,0.1423544731412534,0.055763189874578685,0.6484979767845378,16.825258523834638,24.266996327429204,2.4666121559007905,405.41431984372156,152.26858964070348,680.3685,60.264399999999995,597.402,42.56,1380.5949,215828.92500000002,76.32275,18088.904029270434,2827845.236184493,2852434.140213764,35315.51492155211,0.006356051524056612,0.4327134628702453,33204.450000000004,5017.944477,3254.126939,554727.1170000001,0.259999999999998,0.259999999999998,0.5506666666666665,1,0.21833333333333338,0.0,0.9955341126255322,0.2646068225251065,1,1,1,0,0,True,False,False,False,False,1.0,2025-12-05,4,5,12,49
05-12-2025 00:00,Fur_2,3665,13.9,235.161,32.448,51.559,12.69,60.52,76.51%,76.51,331.858,0.708619349239735,0.0977767599394922,0.15536464391396318,0.038239246906809535,0.21924978963667532,0.13798206276558586,0.038239246906809535,0.6293372518990429,11.043880213826396,15.585067185523675,3.7926330150068215,263.66904577920536,153.5099349721869,1058.2245,90.8544,928.0619999999999,44.415,2121.5559,331132.75,116.15029999999999,18265.608440098735,2850898.7923406144,2875664.400780713,37100.55993782367,0.006366177007887237,0.4374440475501965,50943.5,12124.665998999999,7630.5041280000005,861865.0650000001,2.520000000000003,2.520000000000003,0.7013333333333336,0,0.22499999999999998,0.0,0.9914257359076851,0.265785147181537,1,1,1,0,0,False,True,False,False,False,2.0,2025-12-05,4,5,12,49
05-12-2025 00:00,Fur_3,3658,13.6,228.606,32.965,48.946,13.44,58.79,81.70%,81.7,323.95700000000005,0.7056677275070455,0.10175733199159147,0.15108795303080344,0.04148698747055936,0.2141063654755065,0.14420006410942818,0.04148698747055936,0.6734973098210824,11.291622036257897,16.00132972887269,3.7178786221979223,268.97056845804644,153.56605969310738,1028.7269999999999,92.302,881.028,47.04,2049.0969999999998,323367.2,113.38495,18072.03689731309,2851941.1085862806,2876513.145483594,34782.50478214744,0.006296848126201865,0.4299591478587886,49748.799999999996,11189.349275999999,7535.99679,836240.748,0.7899999999999991,0.7899999999999991,0.586,0,0.2366666666666667,0.0,0.9912756315656929,0.2692551263131386,1,1,1,0,0,False,False,True,False,False,3.0,2025-12-05,4,5,12,49
05-12-2025 00:00,Fur_4,3666,10.0,162.031,25.31,36.057,11.0,58.51,84.89%,84.89,234.39800000000002,0.6912644305838787,0.10797873701994043,0.1538281043353612,0.04692872806081963,0.22253148951415785,0.1562046759187768,0.04692872806081963,0.7019441245266071,15.640065188269523,22.62529995725941,2.727768685215494,366.5999633400037,156.40065188269523,729.1395,70.868,649.0260000000001,38.5,1487.5335,238290.0,82.0393,18131.962364379026,2904583.5349643403,2929215.497328719,34104.267054706244,0.006203806829967246,0.43631017385490817,36660.0,5842.351767,4101.00461,594005.6460000001,0.509999999999998,0.509999999999998,0.5673333333333332,0,0.22333333333333338,0.0,0.9819549821191539,0.2633909964238308,1,1,1,0,0,False,False,False,True,False,4.0,2025-12-05,4,5,12,49
05-12-2025 00:00,Fur_5,3662,9.92,162.039,25.303,36.076,10.38,58.38,84.21%,84.21,233.79799999999997,0.6930726524606712,0.10822590441321142,0.1543041428925825,0.04439730023353494,0.2226377586714448,0.15615376448784699,0.04439730023353494,0.7013803996734561,15.663093781811652,22.599497512330384,2.7089022392135447,369.1531885934286,155.3778903155716,729.1754999999999,70.8484,649.368,36.330000000000005,1485.7219,236125.76,81.82929999999999,18156.355975182483,2885589.3915749006,2910245.747550083,34153.805275790204,0.006252736139347313,0.43707237538869154,36327.04,5845.718964,4100.072817,593386.818,0.38000000000000256,0.38000000000000256,0.5586666666666669,1,0.22999999999999998,0.0,0.985309868221672,0.2660619736443344,1,1,1,0,0,False,False,False,False,True,5.0,2025-12-05,4,5,12,49
06-12-2025 00:00,Fur_1,3682,9.06,145.817,24.344,31.348,8.64,58.47,82.06%,82.06,210.149,0.6938743462971511,0.11584161713831616,0.1491703505607926,0.041113686003740206,0.2149817907721199,0.16694898285557253,0.041113686003740206,0.7765726433401607,17.52090183631614,25.25082791957846,2.4606192286800654,406.4017211477129,158.7393706370242,656.1765,68.1632,564.264,30.240000000000002,1318.8437000000001,216832.98,73.55215,17930.72942123378,2948016.883259021,2972447.612680255,35786.751898389775,0.0060455313993325105,0.42784751521351616,33358.92,4571.0713160000005,3549.7690480000006,536898.194,0.46999999999999886,0.46999999999999886,0.5646666666666665,1,0.19666666666666666,0.0,0.9743091868573381,0.2538618373714676,1,1,1,0,0,True,False,False,False,False,1.0,2025-12-06,5,6,12,49
06-12-2025 00:00,Fur_2,3850,13.63,228.057,32.631,50.867,11.66,61.71,76.20%,76.2,323.21500000000003,0.7055891589189857,0.10095756694460342,0.15737821573874972,0.036075058397660995,0.22304511493598042,0.14308264976263546,0.036075058397660995,0.6414964389192122,11.91157588602014,16.88174440213743,3.5402597402597404,282.46512967974104,162.35477932645452,1026.2565,91.3668,915.606,40.81,2074.0393,341090.75,113.12525000000001,18334.008543627526,3015160.187491298,3039994.1960349255,39378.16316107416,0.00604385812492797,0.4414602944119719,52475.5,11600.575418999999,7441.727967,878019.45,3.710000000000001,3.710000000000001,0.7806666666666667,0,0.0,0.0,0.9623632678856301,0.19247265357712603,1,1,0,0,0,False,True,False,False,False,2.0,2025-12-06,5,6,12,49
06-12-2025 00:00,Fur_3,3650,13.38,217.847,31.513,46.864,9.07,58.91,84.16%,84.16,305.294,0.7135646295046743,0.10322181241688341,0.15350449075317563,0.029709067325266795,0.21512345721940876,0.14465657023205933,0.029709067325266795,0.6724351170955294,11.955688614908908,16.75487834693671,3.6657534246575345,272.7951963531243,159.9671136674812,980.3115,88.2364,843.5519999999999,31.745,1943.8448999999998,317440.5,106.85289999999999,18191.784219239722,2970817.825253222,2995509.609472462,35175.077612405614,0.0060862247353063665,0.43396054901293823,48837.0,10209.181808,6865.012511000001,795141.55,0.9099999999999966,0.9099999999999966,0.5939999999999998,0,0.25,0.0,0.9702305683495902,0.26904611366991804,1,1,1,0,0,False,False,True,False,False,3.0,2025-12-06,5,6,12,49
06-12-2025 00:00,Fur_4,3685,9.87,163.393,25.756,34.919,11.43,58.09,83.94%,83.94,235.498,0.6938190557881596,0.10936823242660236,0.14827726774749678,0.0485354440377413,0.21371172440856262,0.15763221094152008,0.0485354440377413,0.7375926934450389,15.647691275509771,22.552985607994312,2.6784260515603795,373.3535589307438,154.44271288928144,735.2685,72.1168,628.5419999999999,40.004999999999995,1475.9323,236411.175,82.42429999999999,17906.519072652118,2868221.810800941,2892628.3298735935,34054.96032344706,0.006204339178998458,0.4258609964698245,36370.95,5705.520167,4208.350108,602103.205,0.09000000000000341,0.09000000000000341,0.5393333333333336,1,0.19166666666666665,0.0,0.9884255882714785,0.25518511765429575,1,1,1,0,0,False,False,False,True,False,4.0,2025-12-06,5,6,12,49
06-12-2025 00:00,Fur_5,3689,9.85,162.216,25.65,34.647,11.94,58.02,84.21%,84.21,234.453,0.6918913385625264,0.10940359048508655,0.14777801947511868,0.050927051477268365,0.21358558826758403,0.15812250235412964,0.050927051477268365,0.740323816194077,15.734496892767421,22.7412830871105,2.6701002981837894,374.51772847535756,154.9847943937591,729.972,71.82,623.646,41.79,1467.2279999999998,236188.225,82.05855,17880.257450320532,2878289.0387412407,2902669.2961915615,34064.89022640021,0.006173761138146491,0.42505050339824485,36336.65,5620.297752,4160.8404,598414.824,0.020000000000003126,0.020000000000003126,0.5346666666666668,1,0.18500000000000005,0.0,0.9866497979342785,0.2528299595868557,1,1,1,0,0,False,False,False,False,True,5.0,2025-12-06,5,6,12,49
07-12-2025 00:00,Fur_1,3629,8.81,142.224,21.678,30.122,10.3,58.86,86.84%,86.84,204.324,0.6960709461443588,0.10609620015269865,0.14742272077680546,0.05041013292613692,0.21179266360253782,0.15242153115914664,0.05041013292613692,0.7196733045722958,17.761007028053484,25.51608711950102,2.4276660236979883,411.9182279320967,156.4744719171512,640.0079999999999,60.6984,542.196,36.050000000000004,1278.9524,207814.685,71.5134,17884.094449431854,2905954.478461379,2930338.572910811,33359.956431134,0.00611664905686891,0.4239375914224799,31971.49,4284.071328,3083.131872,516130.89599999995,0.8599999999999994,0.8599999999999994,0.5906666666666667,0,0.28500000000000003,0.26285714285714334,0.9817563611195937,0.4132798436524905,1,1,1,1,1,True,False,False,False,False,1.0,2025-12-07,6,7,12,49
07-12-2025 00:00,Fur_2,3750,12.92,200.417,28.579,45.345,9.25,60.14,85.12%,85.12,283.591,0.7067114259620368,0.10077541247782898,0.1598957653804246,0.03261739617970951,0.22625326081992414,0.14259768311771115,0.03261739617970951,0.6302569052760635,13.223268721503855,18.710987497512747,3.445333333333333,290.24765555358704,170.84463188182983,901.8765,80.0212,816.21,32.375,1830.4827,314925.0,99.25685,18441.87781498204,3172828.877805411,3197770.755620393,37131.56938713879,0.005778850880171363,0.44589877850252285,48450.0,9087.908865,5727.7174430000005,751563.75,2.1400000000000006,2.1400000000000006,0.676,0,0.08333333333333337,0.017142857142857792,0.9344597692505279,0.22046338242153452,1,1,1,1,1,False,True,False,False,False,2.0,2025-12-07,6,7,12,49
07-12-2025 00:00,Fur_3,3627,12.79,219.467,28.886,44.913,7.27,58.5,81.61%,81.61,300.536,0.7302519498496021,0.09611494130486863,0.1494429951819416,0.024190113663587722,0.20464580003077545,0.13161887604232583,0.024190113663587722,0.6431545289080105,12.068437724598716,16.526402527366745,3.526330300523849,283.5809004236982,154.35531849761756,987.6015000000001,80.8808,808.434,25.445,1902.3613,301530.64499999996,105.18759999999999,18085.41406021242,2866598.772098612,2891184.1861588242,34997.992811509794,0.006269460673369073,0.42496343885885396,46389.329999999994,9856.921371,6339.523762,796006.809,0.5,0.5,0.5666666666666667,1,0.28833333333333333,0.0,0.9886809916234075,0.2842361983246815,1,1,1,0,0,False,False,True,False,False,3.0,2025-12-07,6,7,12,49
07-12-2025 00:00,Fur_4,3628,10.03,163.455,25.528,34.591,11.98,57.68,88.78%,88.78,235.554,0.6939173183219135,0.10837430058500386,0.14684955466687044,0.05085882642621225,0.21162399307684687,0.15617754026381853,0.05085882642621225,0.7379954110029947,15.401988503697666,22.19571122207512,2.7646085997794927,361.7148193704069,154.48194469208758,735.5475,71.4784,622.638,41.93,1471.5939,236527.46,82.4439,17849.63957309152,2868950.401424484,2893300.0409975755,32226.554254818173,0.006183192226546915,0.4231044991420527,36388.84,5654.071905000001,4172.67924,593014.74,-0.3200000000000003,0.3200000000000003,0.512,1,0.2866666666666666,0.5400000000000001,0.9883067931191413,0.5536613586238284,1,1,1,1,1,False,False,False,True,False,4.0,2025-12-07,6,7,12,49
07-12-2025 00:00,Fur_5,3629,9.69,158.49,24.791,33.537,12.4,57.25,87.77%,87.77,229.21800000000002,0.6914378451954035,0.10815468244204207,0.1463104991754574,0.054096973187097,0.21160325439079275,0.1564199624176922,0.054096973187097,0.7392133840470709,15.832089975481855,22.897343536517486,2.670157068062827,374.5097652724701,153.41295186241913,713.205,69.4148,603.6659999999999,43.4,1429.6858000000002,228572.565,80.2263,17820.662301514592,2849097.677444928,2873418.3397464426,32369.250194282333,0.006215964387423291,0.42223682993843814,35165.009999999995,5315.27913,3929.12559,575160.2100000001,-0.75,0.75,0.48333333333333334,0,0.28500000000000003,0.39571428571428513,0.9918229619669223,0.4817217352505271,1,1,1,1,1,False,False,False,False,True,5.0,2025-12-07,6,7,12,49
08-12-2025 00:00,Fur_1,4026,8.57,70.214,10.809,14.921,11.4,58.28,74.42%,74.42,107.344,0.6541026978685348,0.1006949619913549,0.1390017141153674,0.1062006260247429,0.21250747411474244,0.1539436557674587,0.1062006260247429,0.7244152051192813,37.50558950663288,57.33899140714115,2.1286636860407353,469.77824156613286,321.4229020718438,315.96299999999997,30.265199999999997,268.578,39.9,654.7062,224268.33000000002,37.57039999999999,17426.117368992615,5969282.46704853,5993208.584417522,79464.44688965158,0.0029108010058064475,0.41022675514604867,34502.82,1047.663094,758.9431259999999,282681.564,0.28000000000000114,0.28000000000000114,0.552,1,0.0,0.0,0.4400739375066205,0.0880147875013241,1,1,0,0,0,True,False,False,False,False,1.0,2025-12-08,0,8,12,50
08-12-2025 00:00,Fur_2,3799,12.99,220.691,37.946,48.96,6.97,58.65,77.54%,77.54,314.567,0.7015707305597854,0.12062930949527445,0.15564251812809354,0.02215744181684665,0.22184864710455504,0.1719417639507648,0.02215744181684665,0.7750408338431202,12.076918430731768,17.21411377349274,3.419320873914188,292.4557126669967,156.87917041520566,993.1095,106.24879999999999,881.28,24.395,2005.0333,320768.565,110.09845,18211.276362201286,2913470.3077109624,2938181.5840731636,37410.00234368683,0.006211887560073714,0.43953384714358606,49349.01,10805.03136,8374.340686,838405.109,0.6499999999999986,0.6499999999999986,0.5766666666666665,0,0.0016666666666667052,0.0,0.9803692890992709,0.1965738578198542,1,1,1,0,0,False,True,False,False,False,2.0,2025-12-08,0,8,12,50
08-12-2025 00:00,Fur_3,3675,13.38,224.997,25.157,46.047,12.19,58.91,83.89%,83.89,308.391,0.7295835481580202,0.08157501353800856,0.14931369592497834,0.0395277423789929,0.2046560611712331,0.11181037919700983,0.0395277423789929,0.5463330825822946,11.916690175783339,16.333551041420325,3.640816326530613,274.66365660211835,159.44531455198108,1012.4865000000001,70.4396,828.846,42.665,1954.4371,319614.75,107.93685,18107.227513124573,2961127.270251077,2985734.497764202,35171.804662082715,0.006077812111370667,0.42408425423361024,49171.5,10360.436859,5660.249529000001,826863.9750000001,0.9099999999999966,0.9099999999999966,0.5939999999999998,0,0.20833333333333337,0.0,0.9719593410958463,0.25689186821916926,1,1,1,0,0,False,False,True,False,False,3.0,2025-12-08,0,8,12,50
08-12-2025 00:00,Fur_4,3678,10.05,169.22,27.185,36.995,13.04,58.01,81.89%,81.89,246.44,0.6866580100633014,0.11031082616458367,0.1501176757019964,0.05291348807011848,0.21862072911818503,0.16064885852352642,0.05291348807011848,0.7348290110872008,14.924525239409187,21.73501937279861,2.7324632952691683,365.97011283879476,149.99147865606233,761.49,76.118,665.91,45.64,1549.1580000000001,240265.35,86.25399999999999,17960.419226934406,2785556.032184015,2810016.451410949,33900.54833406863,0.006406389810159778,0.42985286200632855,36963.9,6260.2939,4600.2456999999995,622391.16,0.00999999999999801,0.00999999999999801,0.5339999999999999,1,0.20333333333333337,0.0,1.0,0.261,1,1,1,0,0,False,False,False,True,False,4.0,2025-12-08,0,8,12,50
08-12-2025 00:00,Fur_5,3677,10.01,168.023,27.018,36.716,11.94,58.2,82.45%,82.45,243.697,0.6894750448302605,0.11086718342860191,0.15066250302629905,0.0489952687148385,0.2185177016330044,0.16079941340888204,0.0489952687148385,0.7358644532121024,15.088408966872796,21.883908620344187,2.722327984770193,367.3326306361009,151.0349737583967,756.1034999999999,75.65039999999999,660.888,41.79,1534.4319,239244.005,85.29395,17989.926600890216,2804935.226941653,2829425.1535425433,33905.63395497356,0.006372796167944556,0.430705331399849,36806.77,6169.132468,4539.645414,617820.571,0.20000000000000284,0.20000000000000284,0.5466666666666669,1,0.20499999999999996,0.0,0.999603356053468,0.26142067121069357,1,1,1,0,0,False,False,False,False,True,5.0,2025-12-08,0,8,12,50
09-12-2025 00:00,Fur_2,3699,12.84,213.588,37.627,47.299,6.87,59.3,82.69%,82.69,305.384,0.6994079585047023,0.12321208707725356,0.1548836874230477,0.02249626699499646,0.22144970587556556,0.17616626319752862,0.02249626699499646,0.7955136304041602,12.11261886673827,17.31838859243783,3.4712084347120844,288.08408971307716,155.52602624891938,961.146,105.3556,851.382,24.045,1941.9286000000002,308718.54,106.8844,18168.494186242333,2888340.487479931,2913008.9816661733,34807.13324968543,0.006250967845221361,0.4384208564619728,47495.159999999996,10102.498812,8036.675676,790062.012,1.2999999999999972,1.2999999999999972,0.6199999999999998,0,0.16833333333333333,0.0,0.9848211777622693,0.24746423555245387,1,1,1,0,0,False,True,False,False,False,2.0,2025-12-09,1,9,12,50
09-12-2025 00:00,Fur_3,3670,13.63,227.421,29.864,47.911,11.95,58.5,84.50%,84.5,317.14599999999996,0.7170861369842282,0.09416483260075803,0.15106922363832434,0.037679806776689605,0.2106709573404789,0.13131592891018892,0.037679806776689605,0.6233223972924298,11.571957395016808,16.137471842365166,3.7138964577656677,269.25896777263625,157.7257792940791,1023.3945,83.61919999999999,862.398,41.824999999999996,2011.2367000000002,325143.65,111.00109999999998,18119.069991198292,2929193.044032898,2953812.114024096,34547.510105544985,0.0061476590500825915,0.42878990821915686,50022.100000000006,10895.967531,6791.700744,834635.07,0.5,0.5,0.5666666666666667,1,0.21666666666666667,0.0,0.9776049591360769,0.2605209918272154,1,1,1,0,0,False,False,True,False,False,3.0,2025-12-09,1,9,12,50
09-12-2025 00:00,Fur_4,3677,9.81,152.364,24.882,32.659,13.85,58.63,84.41%,84.41,223.755,0.680941208017698,0.11120198431319972,0.14595874952515028,0.06189805814395209,0.21434853236756363,0.16330629175326003,0.06189805814395209,0.7618726610774165,16.43315233179147,24.13299713755876,2.6679358172423173,374.82157239331576,161.2092243748743,685.638,69.6696,587.862,48.475,1391.6446,234463.905,78.31424999999999,17770.004820323255,2993885.5955333803,3018155.6003537034,35337.262619760026,0.005900410663900698,0.4224225064359104,36071.37,4976.055876,3791.1210480000004,560242.4280000001,0.6300000000000026,0.6300000000000026,0.5753333333333335,0,0.20499999999999996,0.0,0.9662255223699753,0.25474510447399507,1,1,1,0,0,False,False,False,True,False,4.0,2025-12-09,1,9,12,50
09-12-2025 00:00,Fur_5,3676,9.91,153.139,24.994,32.846,11.74,58.7,85.04%,85.04,222.71900000000002,0.687588396140428,0.11222212743412101,0.14747731446351678,0.052712161961934095,0.21448487834918026,0.16321119921632504,0.052712161961934095,0.760944992968855,16.505102842595377,24.00433577335404,2.6958650707290532,370.93840858340985,163.5655691701202,689.1255000000001,69.9832,591.228,41.09,1391.4267,236789.54,77.95165,17849.868476164393,3037646.2845879467,3061996.1530641112,35588.05384779302,0.005841888708733668,0.4249077583461637,36429.16,5030.003594,3827.5561660000003,562938.964,0.7000000000000028,0.7000000000000028,0.5800000000000002,0,0.20666666666666667,0.005714285714286608,0.9584721222075492,0.25655156729865314,1,1,1,1,1,False,False,False,False,True,5.0,2025-12-09,1,9,12,50
10-12-2025 00:00,Fur_1,3543,5.75,91.837,14.694,19.635,10.0,57.78,93.06%,93.06,136.166,0.6744488345108177,0.10791240103990718,0.14419899240632758,0.07343977204294758,0.21380271335297635,0.16000086936636793,0.07343977204294758,0.7483574867146683,26.019711234816327,38.579221462164256,1.622918430708439,616.1738058828164,149.61333960019388,413.2665,41.1432,353.43,35.0,842.8397,132419.625,47.6581,17685.130124784664,2778533.4497178867,2802718.5798426713,29797.135656417937,0.006324659399759698,0.4193324068621827,20372.25,1803.2194950000003,1349.452878,325378.49100000004,-0.21999999999999886,0.21999999999999886,0.5186666666666667,1,0.42833333333333334,1.0,1.0,0.8285,1,1,1,1,1,True,False,False,False,False,1.0,2025-12-10,2,10,12,50
10-12-2025 00:00,Fur_2,3720,13.0,213.63,37.332,47.453,9.3,58.4,80.51%,80.51,307.715,0.694246299335424,0.12132005264611737,0.15421087694782512,0.030222771070633547,0.22212704104233003,0.17475073643799685,0.030222771070633547,0.786715259589167,12.089108428253418,17.41328456952074,3.4946236559139785,286.15382414201355,157.15840956729443,961.335,104.5296,854.154,32.550000000000004,1952.5686,314340.0,107.70024999999998,18129.65708064745,2918656.177678325,2943285.8347589727,36109.5060085753,0.006173299008075399,0.43745146777429483,48360.0,10137.384390000001,7975.23516,794703.6,0.3999999999999986,0.3999999999999986,0.5599999999999999,1,0.1333333333333333,0.0,0.979466579264433,0.2358933158528866,1,1,1,0,0,False,True,False,False,False,2.0,2025-12-10,2,10,12,50
10-12-2025 00:00,Fur_3,3680,12.33,190.438,27.999,40.134,11.75,56.33,85.18%,85.18,270.32099999999997,0.704488367533414,0.10357685862363634,0.1484679325690568,0.043466841273892894,0.21074575341714494,0.14702422758575376,0.043466841273892894,0.6976378956087632,13.613444756419222,19.3238743353539,3.3505434782608696,298.4590187786684,167.853773846649,856.971,78.3972,722.412,41.125,1698.9052000000001,294933.6,94.61234999999998,17956.484539280555,3117284.371437767,3141740.8559770477,36455.56806657052,0.005727306246678998,0.42522207831255093,45374.4,7643.038691999999,5332.073562,700811.84,-1.6700000000000017,1.6700000000000017,0.4219999999999999,0,0.19999999999999996,0.02571428571428669,0.9443689105851512,0.26173092497417355,1,1,1,1,1,False,False,True,False,False,3.0,2025-12-10,2,10,12,50
10-12-2025 00:00,Fur_4,3702,9.91,164.633,26.158,35.554,21.01,57.63,80.31%,80.31,247.355,0.6655737704918033,0.10575084392876635,0.1437367346526248,0.08493865092680561,0.21595913203331574,0.15888673498699085,0.08493865092680561,0.7357259173165912,14.966343918659417,22.486378657460055,2.676931388438682,373.5620208312795,148.31646823391483,740.8485000000001,73.2424,639.972,73.53500000000001,1527.5979,238464.33000000002,86.57424999999999,17644.945234870647,2754448.695772704,2778593.6410075747,34172.84025344453,0.0063652053357249605,0.4189400888807192,36686.82,5853.361682000001,4306.470014,609471.366,-0.36999999999999744,0.36999999999999744,0.5086666666666668,1,0.16333333333333333,0.0,1.0,0.249,1,1,1,0,0,False,False,False,True,False,4.0,2025-12-10,2,10,12,50
10-12-2025 00:00,Fur_5,3700,10.09,167.97,26.713,36.256,13.06,56.8,78.94%,78.94,243.999,0.6884044606740192,0.1094799568850692,0.14859077291300374,0.053524809527907904,0.21584806682236074,0.15903435042546676,0.053524809527907904,0.7367883733233569,15.16399657375645,22.027742918213118,2.727027027027027,366.6996663330361,153.00472542920258,755.865,74.79639999999999,652.608,45.71,1528.9794,242664.5,85.39965,17903.81342312293,2841516.3293994768,2865920.1428225995,35850.88995274706,0.006261344093858715,0.4268258944495916,37333.0,6089.92032,4486.98261,621489.0,-1.2000000000000028,1.2000000000000028,0.45333333333333314,0,0.16666666666666663,0.0,0.9931490520285885,0.2486298104057177,1,1,1,0,0,False,False,False,False,True,5.0,2025-12-10,2,10,12,50
11-12-2025 00:00,Fur_1,3712,8.1,136.794,23.192,29.708,10.03,57.73,78.48%,78.48,199.72400000000002,0.6849151829524744,0.11612024593939636,0.14874526847048924,0.050219302637639934,0.21717326624579097,0.16953959845066596,0.050219302637639934,0.7806651144248985,18.58564819450842,27.135692887585034,2.182112068965517,458.2715483615373,150.5437503755182,615.5730000000001,64.9376,534.7439999999999,35.105,1250.3596,195436.8,69.9034,17886.96401033426,2795812.506973909,2820199.4709842433,35483.133756721734,0.006357098259707646,0.42767216727091945,30067.199999999997,4063.8761520000003,3172.526448,507779.32800000004,-0.2700000000000031,0.2700000000000031,0.5153333333333331,1,0.1466666666666666,0.0,1.0,0.244,1,1,1,0,0,True,False,False,False,False,1.0,2025-12-11,3,11,12,50
11-12-2025 00:00,Fur_2,3740,12.31,205.237,37.354,45.385,10.25,57.19,79.06%,79.06,298.226,0.6881928470354697,0.12525400199848438,0.1521832435803719,0.03436990738567395,0.22113458966397584,0.18200421862527605,0.03436990738567395,0.8230472441765508,12.540824743650788,18.22283497506378,3.2914438502673797,303.8180094380171,154.3775525943412,923.5665,104.59119999999999,816.93,35.875,1880.9627,299256.10000000003,104.3791,18020.491650148357,2867011.6910377657,2891532.182687914,36117.064485234994,0.006246201258441112,0.43431483250571634,46039.4,9314.681245,7666.422898,767586.38,-0.8100000000000023,0.8100000000000023,0.47933333333333317,0,0.09999999999999998,0.0,0.9886194468622593,0.2277238893724519,1,1,1,0,0,False,True,False,False,False,2.0,2025-12-11,3,11,12,50
11-12-2025 00:00,Fur_3,3680,12.62,214.228,31.715,45.025,10.39,57.8,81.64%,81.64,301.358,0.7108754371876639,0.10524027900370987,0.14940701756714606,0.03447726624148023,0.2101732723538787,0.14804320561251,0.03447726624148023,0.7043864363267865,12.211389775615713,17.177959850355883,3.429347826086956,291.6006108081925,154.1077389682703,964.0260000000001,88.80199999999999,810.4499999999999,36.365,1899.6429999999998,301870.39999999997,105.47529999999999,18010.311418881956,2862000.866553591,2886511.177972473,34928.74126297765,0.006253556082223684,0.4266327936354357,46441.6,9645.6157,6794.24102,788359.04,-0.20000000000000284,0.20000000000000284,0.5199999999999998,1,0.19999999999999996,0.0,0.9895074342704792,0.2579014868540958,1,1,1,0,0,False,False,True,False,False,3.0,2025-12-11,3,11,12,50
11-12-2025 00:00,Fur_4,3709,8.1,127.209,20.389,27.367,12.88,58.24,87.02%,87.02,187.845,0.6772019484149165,0.10854161675849769,0.1456892650855759,0.06856716974100988,0.21513414762214822,0.16027953870968611,0.06856716974100988,0.7450213488865659,19.745002528680562,29.156741825210936,2.1838770558101914,457.9011780368917,159.93452048231254,572.4405,57.08919999999999,492.606,45.080000000000005,1167.2157,195278.85,65.74575,17753.477601213766,2970212.523242947,2994466.000844161,34020.29085258079,0.005941659843585251,0.42203510456550575,30042.899999999998,3481.328703,2593.664301,471818.18100000004,0.240000000000002,0.240000000000002,0.5493333333333335,1,0.15166666666666662,0.288571428571428,0.9704151352587171,0.3838687413374574,1,1,1,1,1,False,False,False,True,False,4.0,2025-12-11,3,11,12,50
11-12-2025 00:00,Fur_5,3709,8.03,129.662,20.817,28.006,11.55,58.14,84.04%,84.04,190.03500000000003,0.6823058910200752,0.10954297892493486,0.14737285236930037,0.060778277685689476,0.21599234767324005,0.16054819329835887,0.060778277685689476,0.7433049795292087,19.517457310495434,28.605142380920064,2.16500404421677,461.89284409802696,156.7251822032783,583.479,58.2876,504.108,40.425000000000004,1186.2996,193591.25499999998,66.51225000000001,17835.806186078502,2910610.5266323113,2934946.33281839,34512.539191185206,0.006090535444067025,0.42494155776500303,29783.269999999997,3631.3139720000004,2699.173854,480916.358,0.14000000000000057,0.14000000000000057,0.5426666666666667,1,0.15166666666666662,0.0,0.9809414579259267,0.24168829158518534,1,1,1,0,0,False,False,False,False,True,5.0,2025-12-11,3,11,12,50
12-12-2025 00:00,Fur_1,3678,7.52,123.273,20.11,25.998,10.7,56.84,83.69%,83.69,180.08099999999996,0.6845419561197462,0.11167196983579614,0.1443683675679278,0.05941770647653002,0.21089776178970449,0.16313385605011757,0.05941770647653002,0.7735210103269092,20.424142469222186,29.836216934477,2.044589450788472,489.095679641532,153.58955136855084,554.7284999999999,56.30799999999999,467.964,37.449999999999996,1116.4505,179780.63999999998,63.02834999999998,17713.465448484694,2852377.3825588017,2876590.8480072864,33966.12171457417,0.00617174381806876,0.41915337939299596,27658.559999999998,3204.851454,2479.0200299999997,453398.094,-1.1599999999999966,1.1599999999999966,0.45600000000000024,0,0.20333333333333337,0.0,0.9912618895227082,0.25925237790454164,1,1,1,0,0,True,False,False,False,False,1.0,2025-12-12,4,12,12,50
12-12-2025 00:00,Fur_2,3660,12.05,190.835,31.642,40.495,11.77,58.2,89.25%,89.25,274.74199999999996,0.694597112927765,0.11516986845840826,0.14739282672470902,0.04284019188911779,0.21219901898394414,0.16580815801185234,0.04284019188911779,0.7813803980397482,13.321588981662797,19.178871699746527,3.2923497267759565,303.7344146278494,160.52514722903672,858.7575,88.5976,728.91,41.195,1717.4601,286669.5,96.15969999999999,17860.49769290046,2981181.3056821106,3005541.803375011,33302.40225346272,0.005955401379467573,0.42441160641810544,44103.0,7727.863325,6038.40107,698456.1,0.20000000000000284,0.20000000000000284,0.5466666666666669,1,0.23333333333333328,0.6071428571428571,0.9684563294537597,0.5672626944621805,1,1,1,1,1,False,True,False,False,False,2.0,2025-12-12,4,12,12,50
12-12-2025 00:00,Fur_3,3647,12.0,196.809,28.995,37.92,10.83,56.77,88.34%,88.34,274.554,0.716831661531065,0.1056076400270985,0.13811490635721937,0.03944579208461724,0.19267411453401972,0.14732557887431175,0.03944579208461724,0.7646360557849142,13.283361378818011,18.53065653231988,3.290375651220181,303.9166413402799,159.40033654581615,885.6405,81.18599999999999,682.5600000000001,37.905,1687.2915,284466.0,96.09389999999999,17558.77844483365,2960291.9644222995,2984350.742867133,33404.418433704195,0.005896460219469466,0.40452998192665585,43764.0,7462.9972800000005,5706.476955,717762.423,-1.2299999999999969,1.2299999999999969,0.45133333333333353,0,0.255,0.47714285714285765,0.9722040644120544,0.5095122414538398,1,1,1,1,1,False,False,True,False,False,3.0,2025-12-12,4,12,12,50
12-12-2025 00:00,Fur_4,3648,7.15,112.252,21.244,21.898,10.83,56.08,94.69%,94.69,166.224,0.6753056117046876,0.12780344595244972,0.13173789585138126,0.06515304649148138,0.19507892781350064,0.1892527510489546,0.06515304649148138,0.9701342145340115,21.94628934449899,32.49830709031192,1.9599780701754386,510.20971885178756,156.91596881316778,505.13399999999996,59.4832,394.164,37.905,996.6861999999999,169540.80000000002,58.17839999999999,17131.55054109429,2914153.7065302595,2937785.257071354,30701.06862860648,0.0058443819139630294,0.39547452347589446,26083.2,2458.0942959999998,2384.6814879999997,409495.296,-1.9200000000000017,1.9200000000000017,0.4053333333333332,0,0.2533333333333333,1.0,0.9804393813232559,0.7720878762646511,1,1,1,1,1,False,False,False,True,False,4.0,2025-12-12,4,12,12,50
12-12-2025 00:00,Fur_5,3647,6.98,112.145,21.132,21.97,12.09,56.1,92.10%,92.1,167.337,0.6701745579280135,0.1262840854084871,0.13129194380202824,0.07224941286147117,0.19590708283109293,0.18843461421878271,0.07224941286147117,0.9618570340529343,21.794343151843286,32.520397409421754,1.9139018371264054,522.4927618205212,152.12451519986615,504.6525,59.1696,395.46,42.315,1001.5971,165464.39,58.56794999999999,17101.453952204236,2825169.5679975147,2848771.021949719,30599.044274433076,0.0060168273258027006,0.3948294179366134,25456.06,2463.8256499999998,2369.84814,408992.815,-1.8999999999999986,1.8999999999999986,0.4066666666666668,0,0.255,1.0,0.9961819516692376,0.7757363903338476,1,1,1,1,1,False,False,False,False,True,5.0,2025-12-12,4,12,12,50
13-12-2025 00:00,Fur_1,3706,7.84,127.817,21.493,26.993,11.52,57.05,85.73%,85.73,187.823,0.6805183603712005,0.11443220478855091,0.14371509346565647,0.06133434137459203,0.21118473903170362,0.1681544695294486,0.06133434137459203,0.796243441031251,19.7313428067915,28.994577959155844,2.1154883971937397,472.7040213387728,154.69372760524536,575.1764999999999,60.18039999999999,485.87399999999997,40.32,1161.5508999999997,188857.76,65.73805,17669.384777917807,2872883.5126688424,2897052.8974467604,33403.12345724386,0.006112804506544496,0.41829763981931406,29055.04,3450.164281,2747.170781,473689.80199999997,-0.9500000000000028,0.9500000000000028,0.4699999999999998,0,0.15666666666666662,0.10428571428571486,0.9876430834712525,0.2966714738371079,1,1,1,1,1,True,False,False,False,False,1.0,2025-12-13,5,13,12,50
13-12-2025 00:00,Fur_2,3726,11.96,196.85,34.165,41.521,13.82,57.45,86.39%,86.39,286.356,0.6874310299068292,0.11930953079383703,0.14499783486289794,0.04826160443643577,0.21092710078269192,0.17355854623541506,0.04826160443643577,0.8228366170651811,13.011775552109961,18.92811776008068,3.2098765432098766,311.53843549009736,155.62083560323515,885.8249999999999,95.66199999999999,747.378,48.370000000000005,1777.2350000000001,289659.24000000005,100.2246,17732.522753894755,2890101.23263151,2914333.755385405,33348.59543867038,0.006098190008645967,0.4205285176130337,44562.96000000001,8173.40885,6725.380249999999,733463.1,-0.5499999999999972,0.5499999999999972,0.49666666666666687,0,0.1233333333333333,0.19857142857142865,0.9845868855343013,0.3332030913925746,1,1,1,1,1,False,True,False,False,False,2.0,2025-12-13,5,13,12,50
13-12-2025 00:00,Fur_3,3646,12.01,199.617,27.633,38.283,9.67,55.63,89.91%,89.91,275.20300000000003,0.7253445638310627,0.10040951588463787,0.13910822193072023,0.03513769835357899,0.19178226207295843,0.13843009293582165,0.03513769835357899,0.7218086168323116,13.24840208864002,18.264977340281753,3.2940208447613823,303.58032443128025,159.11330908456665,898.2764999999999,77.3724,689.094,33.845,1698.5879,284624.99,96.32105,17634.648916306454,2954961.4544276665,2979096.103343973,32769.72943948931,0.005932406658431884,0.4056863939746657,43788.46,7641.937611,5516.0165609999995,727803.5819999999,-2.3699999999999974,2.3699999999999974,0.3753333333333335,0,0.2566666666666667,0.701428571428571,0.9731333711934147,0.6223409599529685,1,1,1,1,1,False,False,True,False,False,3.0,2025-12-13,5,13,12,50
13-12-2025 00:00,Fur_4,3642,7.05,114.638,23.253,23.033,22.36,56.6,93.08%,93.08,183.28400000000005,0.6254664891643568,0.1268686846642369,0.1256683616682307,0.12199646450317536,0.2009194141478444,0.20283849855337235,0.12199646450317536,1.0095514692158438,19.87080159752078,31.769570022422144,1.9357495881383855,516.5956714048693,140.0891512625215,515.871,65.1084,414.59400000000005,78.25999999999999,1073.8334,166894.65,64.14940000000001,16739.57044025353,2601655.6663039713,2624895.236744225,27900.6721592711,0.006393064807537579,0.3860878233066694,25676.1,2640.4570540000004,2665.677414,417511.596,-1.3999999999999986,1.3999999999999986,0.4400000000000001,0,0.2633333333333333,1.0,1.0,0.7789999999999999,1,0,1,1,0,False,False,False,True,False,4.0,2025-12-13,5,13,12,50
13-12-2025 00:00,Fur_5,3643,7.13,115.55,23.494,23.485,24.02,56.56,93.97%,93.97,186.549,0.6194083055926325,0.12594010152828478,0.12589185683118106,0.1287597360479016,0.203245346575116,0.20332323493445925,0.1287597360479016,1.0003831807373567,19.528381283201732,31.52747700971461,1.9571781498764755,510.9396197840645,139.23735854922836,519.975,65.7832,422.73,84.07,1092.5582,168834.835,65.29214999999999,16733.377595928454,2585836.658771384,2609070.0363673125,27472.57066828801,0.006429558998260441,0.3869176031080084,25974.59,2713.69175,2714.7317,420948.64999999997,-1.4399999999999977,1.4399999999999977,0.43733333333333346,0,0.2616666666666667,1.0,1.0,0.7785,1,0,1,1,0,False,False,False,False,True,5.0,2025-12-13,5,13,12,50
14-12-2025 00:00,Fur_1,3700,7.68,126.03,22.172,27.347,14.16,56.33,82.35%,82.35,189.709,0.6643332683214819,0.11687373819903114,0.14415235966664736,0.07464063381283967,0.21698801700398307,0.1759263653421696,0.07464063381283967,0.8107653193854785,19.503555445445393,29.358089110861787,2.0756756756756753,481.77077060276423,149.78730582102062,567.135,62.081599999999995,492.24600000000004,49.56,1171.0226,184704.0,66.39815,17636.373904995846,2781764.2509618113,2805900.624866807,33664.07468346499,0.0063000535715873,0.42035567887417374,28416.0,3446.54241,2794.33716,466311.0,-1.6700000000000017,1.6700000000000017,0.4219999999999999,0,0.16666666666666663,0.0,1.0,0.25,1,1,1,0,0,True,False,False,False,False,1.0,2025-12-14,6,14,12,50
14-12-2025 00:00,Fur_2,3720,12.17,199.199,34.459,42.502,14.72,57.29,85.73%,85.73,290.88000000000005,0.6848150440044004,0.11846465896589659,0.14611523652365235,0.0506050605060506,0.21336452385120144,0.17298781533547952,0.0506050605060506,0.81076182742549,12.788778877887786,18.674792450389848,3.271505376344086,305.66965442320014,155.63943894389436,896.3955000000001,96.4852,765.0360000000001,51.52,1809.4367000000002,294270.6,101.808,17773.03060663209,2890446.7232437525,2914719.7538503846,33606.822943046056,0.006111309361371746,0.4228034061650236,45272.4,8466.355898000002,6864.198341000001,741020.28,-0.7100000000000009,0.7100000000000009,0.48599999999999993,0,0.1333333333333333,0.10428571428571486,0.9845186199588001,0.28904658113461745,1,1,1,1,1,False,True,False,False,False,2.0,2025-12-14,6,14,12,50
14-12-2025 00:00,Fur_3,3680,11.8,209.394,25.609,40.311,14.04,55.18,78.04%,78.04,289.35400000000004,0.7236602915459954,0.08850404694595547,0.1393137817344844,0.04852187977356455,0.19251267852702236,0.12230054288900091,0.04852187977356455,0.6352856382802303,12.71798558167504,17.574524496525573,3.206521739130435,311.86438035047627,150.07222986376547,942.273,71.7052,725.598,49.14,1788.7162,282256.0,101.27390000000001,17662.163696668144,2787055.69746993,2811217.8611665983,35567.02759573125,0.006297304959337948,0.4056529481870852,43424.0,8440.881534,5362.370946000001,770569.92,-2.8200000000000003,2.8200000000000003,0.3453333333333333,0,0.19999999999999996,0.0,1.0,0.26,1,1,1,0,0,False,False,True,False,False,3.0,2025-12-14,6,14,12,50
14-12-2025 00:00,Fur_4,3698,8.1,129.547,26.121,26.926,19.97,56.23,88.36%,88.36,202.564,0.6395361466005806,0.12895183744396832,0.13292589008905828,0.09858612586639284,0.20784734337462585,0.20163338246633744,0.09858612586639284,0.9701032099048054,18.255958610611955,28.54562414764044,2.190373174689021,456.543153513191,147.87326474595685,582.9615,73.13879999999999,484.66799999999995,69.895,1210.6633,194699.69999999998,70.89739999999999,17076.272190517568,2746217.7738534845,2769794.0460440023,30995.90472296332,0.00617967972498778,0.4003326110570957,29953.8,3488.1825219999996,3383.8971869999996,479064.806,-1.7700000000000031,1.7700000000000031,0.4153333333333331,0,0.17000000000000004,0.4799999999999999,1.0,0.491,1,0,1,1,0,False,False,False,True,False,4.0,2025-12-14,6,14,12,50
14-12-2025 00:00,Fur_5,3701,8.05,129.585,26.127,26.93,18.38,56.14,87.77%,87.77,201.02200000000002,0.6446309359174618,0.12997084896180516,0.13396543661887753,0.09143277850185551,0.20781726119676458,0.2016205563790519,0.09143277850185551,0.9701819171859666,18.410920197789295,28.560404147390482,2.1750878141042964,459.751495683044,148.20790759220384,583.1325,73.15559999999999,484.74,64.33,1205.3581,193654.825,70.35770000000001,17131.857636051205,2752432.5695694997,2776064.427205551,31272.551844154004,0.006185758839102722,0.4021543473263257,29793.050000000003,3489.7240500000003,3385.667295,479594.085,-1.8599999999999994,1.8599999999999994,0.4093333333333334,0,0.16500000000000004,0.39571428571428513,1.0,0.44735714285714256,1,0,1,1,0,False,False,False,False,True,5.0,2025-12-14,6,14,12,50
15-12-2025 00:00,Fur_1,3688,8.03,131.414,23.591,27.961,11.48,56.13,82.33%,82.33,194.446,0.6758380218672536,0.12132417226376475,0.14379827818520308,0.059039527683778535,0.2127703272652052,0.17951664069645062,0.059039527683778535,0.8437108528410696,18.96670540921387,28.0639807930359,2.177331887201735,459.27765139755286,152.30264443598736,591.3629999999999,66.0548,503.298,40.18,1200.8958,192495.15999999997,68.0561,17645.674671337325,2828477.6823826223,2852623.3570539597,34232.84959863146,0.006199898056984597,0.41910214025230164,29614.64,3674.4668539999993,3100.187674,484654.83199999994,-1.8699999999999974,1.8699999999999974,0.40866666666666684,0,0.18666666666666665,0.0,0.9955006487709772,0.25510012975419544,1,1,1,0,0,True,False,False,False,False,1.0,2025-12-15,0,15,12,51
15-12-2025 00:00,Fur_2,3689,12.02,196.84,32.223,42.323,14.2,57.77,86.85%,86.85,285.58599999999996,0.6892494730133831,0.11283116119137494,0.14819704047117158,0.04972232532407051,0.215012191551452,0.1637014826066781,0.04972232532407051,0.7613590539101894,12.917299867640573,18.741109435373353,3.2583355923014365,306.9051325370106,155.2659444090397,885.78,90.22439999999999,761.814,49.699999999999996,1787.5184,288221.57,99.95509999999997,17883.21356288974,2883510.39616788,2907893.60973077,33100.66715686705,0.006163663386764399,0.426185263323723,44341.78,8330.85932,6342.77532,726142.76,-0.22999999999999687,0.22999999999999687,0.5180000000000002,1,0.18500000000000005,0.26428571428571346,0.985725854440431,0.384788028030943,1,1,1,1,1,False,True,False,False,False,2.0,2025-12-15,0,15,12,51
15-12-2025 00:00,Fur_3,3648,11.9,219.616,26.484,45.804,13.42,56.57,74.96%,74.96,305.324,0.7192883625263654,0.08674064272707026,0.1500176861301437,0.043953308616420585,0.20856403810030216,0.12059230602236493,0.043953308616420585,0.5782027644266273,11.947963474866043,16.610811522790637,3.262061403508772,306.55459608784906,142.18076535090594,988.272,74.1552,824.472,46.97,1933.8692,282172.8,106.8634,18096.646747155715,2640499.9279453955,2665096.574692551,35085.52625977556,0.006806841970466493,0.4263328667729958,43411.200000000004,10059.291264000001,5816.310144000001,801159.1680000001,-1.4299999999999997,1.4299999999999997,0.438,0,0.2533333333333333,0.0,1.0,0.276,1,1,1,0,0,False,False,True,False,False,3.0,2025-12-15,0,15,12,51
15-12-2025 00:00,Fur_4,3688,8.53,136.854,27.579,28.496,13.78,57.5,85.72%,85.72,206.70900000000003,0.6620611584401259,0.1334194447266447,0.13785563279779783,0.06666376403543144,0.20822189919021802,0.20152132782730992,0.06666376403543144,0.9678200109552214,17.841506659119823,26.94842659368066,2.3129067245119304,432.3563385279791,152.18805180229208,615.8430000000001,77.2212,512.928,48.23,1254.2222000000002,204481.15999999997,72.34815,17335.926350570127,2826349.5334711387,2850185.459821709,32866.52974886657,0.0060962882834647404,0.4089610277987425,31458.64,3899.791584,3774.2964660000002,504717.552,-0.5,0.5,0.5,1,0.18666666666666665,0.10285714285714269,0.9959318019300483,0.306614931814581,1,0,1,1,0,False,False,False,True,False,4.0,2025-12-15,0,15,12,51
15-12-2025 00:00,Fur_5,3682,8.56,134.318,27.099,27.988,13.44,57.19,87.39%,87.39,202.845,0.6621706228893983,0.13359461657916144,0.13797727328748552,0.06625748724395474,0.20837117729290802,0.2017525558618163,0.06625748724395474,0.9682363524283139,18.151790776208436,27.412558053183055,2.324823465507876,430.1401366658719,155.37932904434422,604.431,75.8772,503.784,47.04,1231.1322,204866.48,70.99575,17340.928154150075,2885616.1108235354,2909457.0389776854,32916.133487698666,0.005973539367381375,0.40920382067823424,31517.920000000002,3759.2921840000004,3639.883482,494558.87600000005,-0.8100000000000023,0.8100000000000023,0.47933333333333317,0,0.19666666666666666,0.3414285714285715,0.985449354902274,0.4268041566947406,1,0,1,1,0,False,False,False,False,True,5.0,2025-12-15,0,15,12,51
16-12-2025 00:00,Fur_1,3721,7.89,124.209,21.894,26.312,13.26,57.36,85.21%,85.21,185.675,0.6689592029083075,0.1179157129392756,0.14170997711054262,0.07141510704187423,0.211836499675253,0.1762674188161291,0.07141510704187423,0.8320917895982141,20.040393160091558,29.9575712713445,2.1203977425423273,471.609572673058,158.11870203312236,558.9405,61.30319999999999,473.61600000000004,46.41,1140.2697,190831.485,64.98625,17546.32249129624,2936490.1806151303,2960536.5031064264,34340.98716049677,0.005939778493882778,0.4153543674799041,29358.69,3268.1872080000003,2719.431846,462181.689,-0.6400000000000006,0.6400000000000006,0.49066666666666664,0,0.1316666666666667,0.029999999999999107,0.9764157204933174,0.24978314409866306,1,1,1,1,1,True,False,False,False,False,1.0,2025-12-16,1,16,12,51
16-12-2025 00:00,Fur_2,3723,12.18,189.591,32.21,40.688,13.0,58.0,86.89%,86.89,275.48900000000003,0.6881980768742127,0.11691936883142338,0.14769373731800542,0.0471888169763584,0.21460934213855434,0.16989202984375826,0.0471888169763584,0.79163387751588,13.514151200229408,19.637007982251223,3.2715551974214345,305.66499953489335,164.6023616187942,853.1595,90.188,732.384,45.5,1721.2314999999999,294749.91,96.42115000000001,17851.18202800941,3056901.001491892,3081252.1835199017,35058.05192308456,0.005805730336151453,0.4254999981118171,45346.14,7714.078608000001,6106.7261100000005,705847.2930000001,0.0,0.0,0.5333333333333333,1,0.1283333333333333,0.2700000000000001,0.9550666060716141,0.36451332121432284,1,1,1,1,1,False,True,False,False,False,2.0,2025-12-16,1,16,12,51
16-12-2025 00:00,Fur_3,3650,11.91,199.778,25.572,43.219,12.84,57.71,82.43%,82.43,281.409,0.7099204360912409,0.09087129409507158,0.1535807312488229,0.045627538564864664,0.2163351309136385,0.128002081670644,0.045627538564864664,0.5916841992715195,12.970445152784738,18.27027991935909,3.2630136986301372,306.4651295999052,154.4780017696662,899.001,71.60159999999999,777.942,44.94,1793.4846,282564.75,98.49314999999999,18209.23180952178,2868877.1757223727,2893586.4075318943,34682.80483677207,0.0063071308714616695,0.43376006685532736,43471.5,8634.205382,5108.723016,729189.7,-0.28999999999999915,0.28999999999999915,0.514,1,0.25,0.0,0.9882561479014961,0.27265122958029925,1,1,1,0,0,False,False,True,False,False,3.0,2025-12-16,1,16,12,51
16-12-2025 00:00,Fur_4,3685,8.6,142.839,22.697,31.162,13.13,58.17,82.49%,82.49,209.828,0.6807432754446499,0.10816954839201631,0.14851211468440817,0.0625750614789256,0.21816170500940427,0.15889917908344933,0.0625750614789256,0.7283550244414664,17.562003164496634,25.79827620048953,2.333785617367707,428.4883222687998,151.03322721467106,642.7755,63.55159999999999,560.9159999999999,45.955000000000005,1313.1980999999998,205991.5,73.43979999999999,17881.286441411878,2804902.791129606,2829284.0775710177,33887.700054749286,0.006334627782369587,0.4271373831564331,31691.0,4451.148918,3242.016783,526361.715,0.1700000000000017,0.1700000000000017,0.5446666666666667,1,0.19166666666666665,0.0,0.9996283059775204,0.2574256611955041,1,1,1,0,0,False,False,False,True,False,4.0,2025-12-16,1,16,12,51
16-12-2025 00:00,Fur_5,3685,8.65,140.387,22.308,30.646,13.05,58.36,84.74%,84.74,206.39100000000002,0.6801992334937085,0.10808610840588978,0.14848515681400834,0.0632295012863933,0.2182965643663832,0.1589036010534907,0.0632295012863933,0.7279253172379652,17.85446070807351,26.24886901031528,2.3473541383989147,426.0115114437559,154.44108512483587,631.7415,62.462399999999995,551.628,45.675000000000004,1291.5069,207189.125,72.23685,17878.78208975059,2868191.580889809,2892570.3629795597,33736.533274779096,0.006194853153646835,0.42711966927935113,31875.25,4302.300002,3131.753196,517326.09500000003,0.35999999999999943,0.35999999999999943,0.5573333333333333,1,0.19166666666666665,0.0,0.9884358399790376,0.25518716799580754,1,1,1,0,0,False,False,False,False,True,5.0,2025-12-16,1,16,12,51
17-12-2025 00:00,Fur_1,3689,7.8,124.211,23.941,26.377,12.71,57.45,86.19%,86.19,187.239,0.6633820945422695,0.1278633190734836,0.14087342914670553,0.06788115723754133,0.21235639184648386,0.19274460238831825,0.06788115723754133,0.9076467791012329,19.702091978701016,29.699462771417487,2.114394144754676,472.9486573142747,153.67631743386795,558.9495,67.03479999999999,474.786,44.485,1145.2552999999998,187032.3,65.53365,17475.83569662303,2853988.7523432616,2877964.588039885,33007.96637274785,0.006086035596403563,0.4145678260559022,28774.2,3276.3135469999997,2973.7355509999998,458214.379,-0.5499999999999972,0.5499999999999972,0.49666666666666687,0,0.18500000000000005,0.16999999999999968,0.9910189373806073,0.3387037874761213,1,1,1,1,1,True,False,False,False,False,1.0,2025-12-17,2,17,12,51
17-12-2025 00:00,Fur_2,3691,10.42,162.011,26.073,34.839,14.61,58.03,90.67%,90.67,237.53300000000002,0.6820568089486513,0.10976580096239259,0.14667014688485389,0.06150724320410216,0.2150409526819725,0.160933515866617,0.06150724320410216,0.7483854086401618,15.538893543212943,22.782403523326174,2.823083175291249,354.22261475790646,161.91527072027887,729.0495,73.00439999999999,627.102,51.135,1480.2909,249991.43,83.13655,17805.536794586737,3006997.8848051787,3031303.4215997653,33067.56214246499,0.005886510398473994,0.4236343005283624,38460.22,5644.301229,4224.112803,597982.601,0.030000000000001137,0.030000000000001137,0.5353333333333334,1,0.18166666666666664,0.8100000000000003,0.9639002706775949,0.6522800541355191,1,1,1,1,1,False,True,False,False,False,2.0,2025-12-17,2,17,12,51
17-12-2025 00:00,Fur_3,3645,10.46,172.78,24.14,37.524,10.24,57.1,83.89%,83.89,244.68400000000003,0.7061352601723038,0.09865786075100946,0.15335698288404634,0.0418498961926403,0.21717791285346735,0.13971524401137145,0.0418498961926403,0.6433215903602604,14.89676480685292,21.096191566754303,2.869684499314129,348.47032997415585,155.82015987968154,777.51,67.592,675.432,35.84,1556.374,247823.55000000002,85.63940000000001,18173.57431275791,2893802.969194086,2918476.5435068435,34379.50928857161,0.00624097551653757,0.4339779513150438,38126.700000000004,6483.396720000001,4170.9092,629783.1,-0.8999999999999986,0.8999999999999986,0.47333333333333344,0,0.2583333333333333,0.0,0.9838542147054038,0.27427084294108073,1,1,1,0,0,False,False,True,False,False,3.0,2025-12-17,2,17,12,51
17-12-2025 00:00,Fur_4,3652,7.62,119.981,19.016,26.271,12.58,57.57,89.60%,89.6,177.84799999999998,0.6746266474742477,0.10692276550762449,0.14771602716926815,0.07073455984885971,0.21895966678924442,0.1584917598745488,0.07073455984885971,0.7238399480857237,20.53438891637803,30.438152453820585,2.0865279299014237,479.26502896784393,156.4720435428006,539.9145,53.24479999999999,472.87800000000004,44.03,1110.0673,180883.56,62.24679999999999,17833.323158780855,2905909.380080583,2930242.703239364,32342.63469359122,0.0060994844515635405,0.4259903881503401,27828.24,3152.0208509999998,2281.5586959999996,438170.61199999996,-0.4299999999999997,0.4299999999999997,0.5046666666666667,1,0.2466666666666667,0.6571428571428564,0.9817733161048805,0.5989260917924043,1,1,1,1,1,False,False,False,True,False,4.0,2025-12-17,2,17,12,51
17-12-2025 00:00,Fur_5,3689,7.31,114.05,18.044,24.937,11.98,57.29,89.11%,89.11,169.011,0.674808148582045,0.10676228174497518,0.1475466093922881,0.0708829602806918,0.2186497131201253,0.15821130944137388,0.0708829602806918,0.7235834012277579,21.826981675748915,32.345462232832425,1.9815668202764976,504.65109375498037,159.55523604972458,513.225,50.523199999999996,448.86600000000004,41.93,1054.5442,175282.835,59.15384999999999,17827.143964424973,2963168.669494885,2987495.81345931,33153.87652268683,0.005980264676634142,0.42564929947933905,26966.59,2844.06485,2057.9182,420730.45,-0.7100000000000009,0.7100000000000009,0.48599999999999993,0,0.18500000000000005,0.5871428571428571,0.9716478444437228,0.5434009974601731,1,1,1,1,1,False,False,False,False,True,5.0,2025-12-17,2,17,12,51
18-12-2025 00:00,Fur_1,3710,8.41,132.307,23.382,28.281,13.28,56.74,87.38%,87.38,197.25,0.6707579214195183,0.11853992395437263,0.1433764258555133,0.06732572877059569,0.21375286104474547,0.1767253419945631,0.06732572877059569,0.8267741300953245,18.808618504435994,28.04084418782949,2.266846361185984,441.141445762016,158.18048162230673,595.3815,65.4696,509.058,46.48,1216.3890999999999,202807.15,69.0375,17619.25185587543,2937637.5158428396,2961756.767698715,33511.6176476433,0.00596200372450063,0.41849931078797076,31201.100000000002,3741.7742669999993,3093.602274,490858.97,-1.259999999999998,1.259999999999998,0.4493333333333335,0,0.15000000000000002,0.33999999999999936,0.9761999111774415,0.410239982235488,1,1,1,1,1,True,False,False,False,False,1.0,2025-12-18,3,18,12,51
18-12-2025 00:00,Fur_2,3700,12.27,208.718,31.796,44.509,8.89,57.58,83.39%,83.39,293.91299999999995,0.7101353121501942,0.10818167280793978,0.15143596914733273,0.030247045894533423,0.21324945518235394,0.15233951957981814,0.030247045894533423,0.7143723580765158,12.5887592586922,17.72726828674447,3.316216216216216,301.5484676814615,154.4640761041533,939.231,89.02879999999999,801.162,31.115000000000002,1860.5368,295093.5,102.86954999999998,18086.370553774177,2868618.55621999,2893204.926773764,34283.74128183155,0.006265403292877546,0.430607983674389,45399.0,9289.829462,6636.3975279999995,772256.6,-0.4200000000000017,0.4200000000000017,0.5053333333333332,1,0.16666666666666663,0.0,0.9883236145000945,0.2476647229000189,1,1,1,0,0,False,True,False,False,False,2.0,2025-12-18,3,18,12,51
18-12-2025 00:00,Fur_3,3660,12.94,211.719,29.289,44.427,10.61,57.69,88.61%,88.61,296.045,0.7151581685216774,0.09893428363931159,0.15006840176324546,0.03583914607576551,0.20983945602501686,0.13833902418611924,0.03583914607576551,0.6592612452053652,12.362985356955868,17.287064376427885,3.53551912568306,282.8438730414318,159.97703051900893,952.7355,82.00919999999999,799.686,37.135,1871.5656999999999,307842.6,103.61575,18062.55998726062,2971001.9953530226,2995564.555340283,33428.90922151862,0.00604288052427303,0.4272818207771173,47360.4,9406.040013,6201.037791,774891.5399999999,-0.3100000000000023,0.3100000000000023,0.5126666666666665,1,0.23333333333333328,0.5157142857142857,0.9702208509241895,0.5219013130419807,1,1,1,1,1,False,False,True,False,False,3.0,2025-12-18,3,18,12,51
18-12-2025 00:00,Fur_4,3661,8.59,139.173,24.163,29.675,13.32,57.83,88.50%,88.5,206.33100000000002,0.6745132820565014,0.11710794790894243,0.14382230493721254,0.06455646509734358,0.21322382780263538,0.17361844485914332,0.06455646509734358,0.8142543954758418,17.743334738841956,26.305389505828074,2.346353455340071,426.19319834770687,152.4152454066524,626.2785,67.65639999999999,534.15,46.620000000000005,1274.7048999999997,204411.935,72.21585,17651.31754317092,2830568.843266402,2854720.160809573,31896.314645917013,0.00619731500606812,0.41903816326429755,31447.989999999998,4129.958775,3362.837199,509512.353,-0.1700000000000017,0.1700000000000017,0.5219999999999999,1,0.2316666666666667,0.5,0.9951298195369862,0.5185259639073972,1,1,1,1,1,False,False,False,True,False,4.0,2025-12-18,3,18,12,51
18-12-2025 00:00,Fur_5,3706,8.54,137.989,23.969,29.412,13.29,57.14,86.60%,86.6,204.66,0.6742353171113066,0.11711619270986026,0.14371152154793315,0.06493696863090002,0.21314742325006034,0.17370225036994072,0.06493696863090002,0.8149394527764364,18.108081696472198,26.85721306149611,2.3043712898003235,433.9577946185253,154.64301768787257,620.9505,67.1132,529.4159999999999,46.515,1263.9947,205720.05999999997,71.631,17645.917270455528,2871941.75706049,2896087.6743309456,33060.361579120385,0.006106724993053294,0.41884352837871863,31649.239999999998,4058.532468,3307.4583410000005,511387.234,-0.8599999999999994,0.8599999999999994,0.47600000000000003,0,0.15666666666666662,0.22857142857142776,0.9878137875477355,0.35884847179526097,1,1,1,1,1,False,False,False,False,True,5.0,2025-12-18,3,18,12,51
19-12-2025 00:00,Fur_1,3672,7.54,129.641,22.787,27.812,14.31,57.23,84.36%,84.36,194.55,0.6663634027242353,0.1171267026471344,0.14295553842199948,0.07355435620663069,0.21453089520652502,0.1757700096746399,0.07355435620663069,0.8193225651041792,18.87432536622976,28.324372472255135,2.053376906318083,487.0025879306912,142.3124132613724,583.3845,63.803599999999996,500.61600000000004,50.085,1197.8891,179964.72,68.0925,17592.085765686385,2642944.8177112015,2667036.903476888,31244.57478300009,0.0066122314419681215,0.4179151475708394,27686.88,3605.575492,2954.1294669999997,476041.752,-0.7700000000000031,0.7700000000000031,0.4819999999999998,0,0.21333333333333337,0.0,1.0,0.264,1,1,1,0,0,True,False,False,False,False,1.0,2025-12-19,4,19,12,51
19-12-2025 00:00,Fur_2,3672,12.25,196.855,28.218,42.472,11.47,57.74,79.66%,79.66,279.015,0.7055355446839776,0.10113434761571959,0.15222120674515707,0.041108900955145786,0.21575271029055546,0.14334408502022258,0.041108900955145786,0.6643906417312432,13.160582764367508,18.65332341747315,3.3360566448801743,299.7550775710141,161.21713886350196,885.8475,79.01039999999999,764.496,40.145,1769.4989,292383.0,97.65525,18119.85428330786,2994032.578893608,3018652.4331769156,37424.40408104284,0.0060155834358611325,0.4320409580361988,44982.0,8360.82556,5554.8543899999995,722851.5599999999,-0.259999999999998,0.259999999999998,0.5160000000000001,1,0.21333333333333337,0.0,0.9661376552366013,0.25722753104732027,1,1,1,0,0,False,True,False,False,False,2.0,2025-12-19,4,19,12,51
19-12-2025 00:00,Fur_3,3639,12.02,202.507,27.392,42.626,10.82,56.52,85.24%,85.24,283.34499999999997,0.7147011593640262,0.09667366637844325,0.15043851135541478,0.0381866629021158,0.21049148814366175,0.13526445932602596,0.0381866629021158,0.6426124749539607,12.843000582328964,17.96974910511859,3.3031052486946963,302.74539910604005,154.37286699959415,911.2815,76.6976,767.2679999999999,37.870000000000005,1793.1171,284315.07,99.17074999999998,18081.108593007517,2866924.672849606,2891505.7814426133,33528.59208537353,0.006267269448578461,0.4278962037671717,43740.78,8632.063382,5547.071744,736922.973,-1.4799999999999969,1.4799999999999969,0.43466666666666687,0,0.2683333333333333,0.03428571428571355,0.9886241160419788,0.29536768035125255,1,1,1,1,1,False,False,True,False,False,3.0,2025-12-19,4,19,12,51
19-12-2025 00:00,Fur_4,3640,8.54,138.009,23.457,29.659,11.45,56.26,87.39%,87.39,202.57499999999996,0.6812736023694929,0.11579415031469828,0.14640997161545108,0.0565222757003579,0.21490627267130208,0.16996717482216978,0.0565222757003579,0.790889753838978,17.968653585091946,26.375091288429807,2.346153846153846,426.2294582869488,153.4523016166852,621.0405,65.6796,533.862,40.074999999999996,1260.6571000000001,202056.4,70.90124999999998,17780.46367306642,2849828.4585955827,2874108.922268649,32516.222675287354,0.006200449278488008,0.42347915226115007,31085.6,4093.2089309999997,3237.2771129999996,502352.75999999995,-1.740000000000002,1.740000000000002,0.4173333333333332,0,0.2666666666666667,0.3414285714285715,0.9917008293223999,0.4490544515787658,1,1,1,1,1,False,False,False,True,False,4.0,2025-12-19,4,19,12,51
19-12-2025 00:00,Fur_5,3639,8.61,138.008,23.437,29.635,10.83,56.37,88.24%,88.24,201.91000000000003,0.6835124560447724,0.11607646971422911,0.146773314843247,0.053637759397751464,0.21473392691196216,0.169823487262887,0.053637759397751464,0.7908553807708661,18.022881481848348,26.368036444495704,2.3660346248969497,422.64803453565224,155.17700955871425,621.0360000000001,65.6236,533.4300000000001,37.905,1257.9946000000002,203656.63499999998,70.66850000000001,17801.348549919698,2881858.74894755,2906160.0974974697,32565.666713328887,0.0061391156036816235,0.4240320268465381,31331.789999999997,4089.8670800000004,3234.4934960000005,502211.112,-1.6300000000000026,1.6300000000000026,0.42466666666666647,0,0.2683333333333333,0.46285714285714213,0.9860324339244996,0.509135058213471,1,1,1,1,1,False,False,False,False,True,5.0,2025-12-19,4,19,12,51
20-12-2025 00:00,Fur_1,3649,7.97,126.047,20.504,27.354,11.73,57.04,90.16%,90.16,185.63499999999996,0.679004498074178,0.1104533089126512,0.14735367791634124,0.06318851509682981,0.21701428659932973,0.16266947914135618,0.06318851509682981,0.7495795587636339,19.656853502841603,28.949518600605185,2.1841600438476294,457.8418497061669,156.66512241764755,567.2115,57.4112,492.37199999999996,41.055,1158.0497,189036.445,64.97224999999999,17823.758604635063,2909495.130613455,2933818.88921809,32183.182198531045,0.006088765617672739,0.425173461898915,29082.53,3447.8896379999996,2584.467688,459945.50299999997,-0.9600000000000009,0.9600000000000009,0.46933333333333327,0,0.2516666666666667,0.7371428571428567,0.9811408514292758,0.6402995988572835,1,1,1,1,1,True,False,False,False,False,1.0,2025-12-20,5,20,12,51
20-12-2025 00:00,Fur_2,3651,12.66,199.479,30.64,44.036,11.0,57.75,89.72%,89.72,285.15500000000003,0.6995458610229524,0.10745033402886149,0.15442829338429975,0.038575511563886306,0.220755065842745,0.15360012756430436,0.038575511563886306,0.6957943342766297,12.803562974522627,18.302678385681308,3.4675431388660645,288.3886028129066,162.09310725745647,897.6555000000001,85.792,792.648,38.5,1814.5955000000001,300440.79,99.80425000000001,18181.545375071702,3010300.5633527627,3034982.1087278347,33454.38832371952,0.006003517512180111,0.43681801260942177,46221.66,8784.257244,6112.0365600000005,728297.829,-0.25,0.25,0.5166666666666667,1,0.2483333333333333,0.6742857142857142,0.9632496782098244,0.604292792784822,1,1,1,1,1,False,True,False,False,False,2.0,2025-12-20,5,20,12,51
20-12-2025 00:00,Fur_3,3432,12.4,216.874,24.388,46.838,11.94,56.87,89.21%,89.21,300.04,0.722816957738968,0.08128249566724437,0.15610585255299292,0.039794694040794554,0.21596871816829719,0.1124523911928014,0.039794694040794554,0.5206883188716787,11.43847487001733,15.824856756343053,3.613053613053613,276.77417122788944,141.8370883882149,975.933,68.2864,843.0840000000001,41.79,1929.0934,276619.2,105.014,18369.868779400844,2634117.355781134,2658987.224560535,29475.526267160352,0.006925525826969579,0.43703638196056244,42556.8,10157.944412,5289.123112,744311.568,-1.1300000000000026,1.1300000000000026,0.45799999999999985,0,0.6133333333333333,0.6014285714285705,1.0,0.6847142857142852,1,1,1,1,1,False,False,True,False,False,3.0,2025-12-20,5,20,12,51
20-12-2025 00:00,Fur_4,3434,8.63,139.819,24.635,29.906,11.94,57.34,92.14%,92.14,206.29999999999998,0.6777460009694619,0.11941347552108582,0.1449636451769268,0.05787687833252545,0.21389081445375227,0.17619207563927597,0.05787687833252545,0.8237477153832772,16.645661657779932,24.56032424376999,2.513104251601631,397.9142064989332,143.65206010664085,629.1854999999999,68.978,538.308,41.79,1278.2614999999998,192630.23,72.20499999999998,17703.226923343263,2667823.9734090446,2692027.200332388,28903.019114584364,0.006592086247032662,0.4211250984246964,29635.420000000002,4181.427014,3444.441065,480138.44599999994,-0.6599999999999966,0.6599999999999966,0.48933333333333356,0,0.61,1.0,1.0,0.883,1,1,1,1,1,False,False,False,True,False,4.0,2025-12-20,5,20,12,51
20-12-2025 00:00,Fur_5,3452,8.75,125.376,22.168,26.818,12.32,57.17,88.99%,88.99,186.68200000000002,0.6716019755520082,0.11874738860736438,0.14365605682390375,0.06599457901672362,0.2139005853281283,0.1768121476453855,0.06599457901672362,0.8266089631363649,18.491338211504054,27.53317997437165,2.5347624565469293,394.51424062694394,161.79920935066048,564.192,62.07039999999999,482.72400000000005,43.120000000000005,1152.1064000000001,196332.5,65.3387,17632.83322135274,3004842.459369409,3028975.2925907616,33659.02091999957,0.005833904834417515,0.41899255138240704,30205.0,3362.3335680000005,2779.335168,432797.952,-0.8299999999999983,0.8299999999999983,0.4780000000000001,0,0.5800000000000001,0.5699999999999993,0.9643120108295906,0.6518624021659177,1,1,1,1,1,False,False,False,False,True,5.0,2025-12-20,5,20,12,51
21-12-2025 00:00,Fur_1,3598,8.57,127.193,22.713,27.981,11.14,57.03,91.03%,91.03,189.027,0.6728827098774249,0.12015743782634228,0.14802647240870354,0.0589333798875293,0.21998851965132896,0.1785711463793515,0.0589333798875293,0.8117293587888439,19.03431784877293,28.287720013776546,2.3818788215675375,419.8365904508063,163.124103963984,572.3685,63.596399999999996,503.658,38.99,1178.6129,200426.59,66.15944999999999,17814.732438071962,3029447.645045417,3053762.377483489,33182.24902187862,0.005846143269351111,0.4273311449416513,30834.86,3558.987333,2888.934609,457640.414,-0.9699999999999989,0.9699999999999989,0.46866666666666673,0,0.33666666666666667,0.8614285714285715,0.9599283026837826,0.7236999462510423,1,1,1,1,1,True,False,False,False,False,1.0,2025-12-21,6,21,12,51
21-12-2025 00:00,Fur_2,3574,12.5,202.804,33.457,44.912,11.44,58.21,93.18%,93.18,292.613,0.6930792548519717,0.11433873409588774,0.15348600369771678,0.039096007354423756,0.22145519703035837,0.1649720904667951,0.039096007354423756,0.7449456549486629,12.214084815097074,17.622926482599325,3.497481813094572,285.9199771264019,152.67606018871342,912.618,93.6796,808.4159999999999,40.04,1854.7536,290387.5,102.41454999999999,18110.25484171927,2835412.546361821,2860022.80120354,30367.62371207836,0.0063466304997040306,0.4358616691726599,44675.0,9108.333247999999,6785.213428,724821.496,0.21000000000000085,0.21000000000000085,0.5473333333333333,1,0.3766666666666667,1.0,0.9941920235843792,0.8118384047168758,1,1,1,1,1,False,True,False,False,False,2.0,2025-12-21,6,21,12,51
21-12-2025 00:00,Fur_3,3541,12.46,208.789,26.52,44.412,12.08,57.18,89.75%,89.75,291.801,0.7155184526440965,0.09088385577842434,0.1521996154913794,0.04139807608609977,0.21271235451718074,0.12701818521560915,0.04139807608609977,0.5971358957683532,12.134982402390671,16.95970565039487,3.5187800056481224,284.1893832913818,151.20188073378776,939.5504999999999,74.256,799.4159999999999,42.28,1855.5024999999998,286785.59,102.13034999999999,18167.98336635486,2808034.9279132015,2832702.9112795563,31214.35714908602,0.006428407278842321,0.4308353128060997,44120.86,9272.737067999999,5537.084279999999,739321.8489999999,-0.8200000000000003,0.8200000000000003,0.47866666666666663,0,0.43166666666666664,0.6785714285714286,0.9990236697630505,0.6685904482383244,1,1,1,1,1,False,False,True,False,False,3.0,2025-12-21,6,21,12,51
21-12-2025 00:00,Fur_4,3548,8.42,139.233,24.394,29.912,12.63,57.4,90.33%,90.33,206.169,0.6753343131120585,0.11832040704470603,0.1450848575683056,0.06126042227492979,0.21483412542404368,0.17520271648816935,0.06126042227492979,0.8155255143245014,17.20918275783459,25.482464462573784,2.3731679819616684,421.3776221641779,144.90131882096725,626.5485,68.30319999999999,538.4159999999999,44.205000000000005,1277.4726999999998,194182.04,72.15915,17703.544179774843,2691024.4923893926,2715228.0365691674,29729.85915437608,0.006535740739110109,0.4214696721111927,29874.16,4164.737496,3396.449802,493998.684,-0.6000000000000014,0.6000000000000014,0.49333333333333323,0,0.42000000000000004,0.7614285714285712,1.0,0.7067142857142856,1,1,1,1,1,False,False,False,True,False,4.0,2025-12-21,6,21,12,51
21-12-2025 00:00,Fur_5,3550,8.59,142.767,24.983,30.683,12.92,57.32,89.65%,89.65,211.35299999999998,0.6754907666321274,0.11820508817002835,0.1451741872601761,0.06112995793766827,0.21491661087704714,0.17499141836004528,0.06112995793766827,0.8142293512945491,16.796544170179747,24.865690076378364,2.419718309859155,413.2711975237256,144.28231442184403,642.4515,69.9524,552.294,45.22,1309.9179000000001,198214.25,73.97354999999999,17707.922629101893,2679528.6964056753,2703736.619034777,29826.10721494514,0.00656520918637045,0.4216248972550111,30494.5,4380.519861,3566.747961,506822.85,-0.6799999999999997,0.6799999999999997,0.48800000000000004,0,0.41666666666666663,0.6642857142857151,1.0,0.6571428571428576,1,1,1,1,1,False,False,False,False,True,5.0,2025-12-21,6,21,12,51
22-12-2025 00:00,Fur_1,3597,8.39,133.209,24.355,25.832,6.97,57.1,88.67%,88.67,190.36599999999999,0.6997520565647227,0.12793776199531431,0.13569650042549616,0.03661368101446687,0.19392082971930705,0.1828329903922934,0.03661368101446687,0.9428228188749296,18.895180862128743,27.002679796390034,2.3324993049763694,428.7246211293658,158.53056743326016,599.4405,68.194,464.976,24.395,1157.0055,196162.39500000002,66.62809999999999,17365.128226679135,2944139.1094748317,2968004.237701511,33099.18855471742,0.00586361755138213,0.4018788156149647,30178.83,3441.054888,3244.305195,479152.773,-0.8999999999999986,0.8999999999999986,0.47333333333333344,0,0.3383333333333334,0.5242857142857146,0.9750950178323599,0.5586618607093292,1,1,1,1,1,True,False,False,False,False,1.0,2025-12-22,0,22,12,52
22-12-2025 00:00,Fur_2,3598,12.88,213.649,33.355,45.172,8.21,57.83,87.18%,87.18,300.38599999999997,0.7112481939903991,0.11104046127316186,0.15037984459994808,0.027331500136491053,0.21143089735299064,0.15612055213869216,0.027331500136491053,0.7383998773930781,11.977921740693642,16.84070593899009,3.5797665369649807,279.3478043984624,154.27563202013414,961.4205,93.39399999999999,813.096,28.735000000000003,1896.6454999999999,301224.56,105.13509999999998,18040.078907995525,2865118.8803739194,2889658.959281915,32770.004074415,0.006257053170765382,0.42870214808196894,46342.240000000005,9650.952628,7126.262395,768709.102,-0.1700000000000017,0.1700000000000017,0.5219999999999999,1,0.33666666666666667,0.3114285714285724,0.9889507348995309,0.4545044326941924,1,1,1,1,1,False,True,False,False,False,2.0,2025-12-22,0,22,12,52
22-12-2025 00:00,Fur_3,3549,12.61,212.386,25.792,45.492,12.31,57.72,87.34%,87.34,295.98,0.7175687546455841,0.08714102304209743,0.1536995742955605,0.04159064801675789,0.21419490826045545,0.12143926566986872,0.04159064801675789,0.5669568151112985,11.990675045611189,16.710140891065603,3.553113553113553,281.44327665001776,151.2024123251571,955.737,72.2176,818.856,43.085,1889.8956,290893.785,103.593,18243.46818800498,2808044.800324346,2832788.268512351,32066.881011006913,0.006454921244678145,0.4332810764785102,44752.89,9661.863911999999,5477.859712,753757.914,-0.28000000000000114,0.28000000000000114,0.5146666666666666,1,0.41833333333333333,0.3342857142857148,0.9990085739501171,0.4924445719328808,1,1,1,1,1,False,False,True,False,False,3.0,2025-12-22,0,22,12,52
22-12-2025 00:00,Fur_4,3547,9.09,144.103,23.843,32.259,11.95,58.42,87.39%,87.39,212.15499999999997,0.6792345219297213,0.11238481299050224,0.15205392283943345,0.05632674224034315,0.2238607091881452,0.16545803928122219,0.05632674224034315,0.7391115428527995,16.71890834531357,24.614338184393535,2.5627290668170284,390.20897797480995,151.97487685890036,648.4635000000001,66.76039999999999,580.662,41.824999999999996,1337.7109000000003,209574.495,74.25424999999998,18015.277240023308,2822390.570236721,2846905.8474767446,32208.460770186044,0.006342501109842123,0.43407136773722926,32242.23,4648.618677,3435.8478290000003,511133.341,0.4200000000000017,0.4200000000000017,0.5613333333333335,1,0.42166666666666663,0.3414285714285715,0.9965118162162757,0.4965166489575409,1,1,1,1,1,False,False,False,True,False,4.0,2025-12-22,0,22,12,52
22-12-2025 00:00,Fur_5,3545,9.06,145.306,24.126,32.527,11.98,58.25,86.25%,86.25,213.939,0.6791936019145645,0.11277046260850056,0.15203866522700396,0.05599727024993106,0.2238517320423676,0.16603581293246106,0.05599727024993106,0.7417222387025475,16.57014382604387,24.39679005411483,2.5557122708039492,391.28031001321085,150.1255030639575,653.8770000000001,67.5528,585.486,41.93,1348.8458000000003,208765.05000000002,74.87865,18013.756925371923,2788045.056902068,2812558.81382744,32235.63110403943,0.006419593501250002,0.434064442355086,32117.7,4726.368262000001,3505.6525560000005,515109.77,0.25,0.25,0.55,1,0.42500000000000004,0.17857142857142858,1.0,0.4167857142857143,1,1,1,1,1,False,False,False,False,True,5.0,2025-12-22,0,22,12,52
23-12-2025 00:00,Fur_1,3637,7.92,124.226,21.597,27.467,13.21,58.5,87.68%,87.68,186.50000000000003,0.6660911528150133,0.11580160857908846,0.14727613941018763,0.07083109919571046,0.22110508089204287,0.17385249324736776,0.07083109919571046,0.7862889727203928,19.501340482573724,29.277284712722903,2.177618916689579,459.21711373521293,154.4506166219839,559.017,60.4716,494.40599999999995,46.235,1160.1296,187232.76,65.275,17772.95442359249,2868368.5944082728,2892641.548831865,32618.87177302509,0.00615803283480185,0.4261644561090416,28805.04,3412.115542,2682.908922,451809.962,0.5,0.5,0.5666666666666667,1,0.2716666666666666,0.38285714285714384,0.9884232504388812,0.47061322151634816,1,1,1,1,1,True,False,False,False,False,1.0,2025-12-23,1,23,12,52
23-12-2025 00:00,Fur_2,3635,12.98,214.649,32.702,47.046,10.32,58.92,84.90%,84.9,304.717,0.7044208232556766,0.10731925032078946,0.15439243626053026,0.03386749016300371,0.21917642188327724,0.1523510468143292,0.03386749016300371,0.6951069018597351,11.929101428538612,16.93462342272909,3.5708390646492436,280.0462033862709,154.83973654243118,965.9205,91.56559999999999,846.828,36.120000000000005,1940.4341,306684.95,106.65095,18194.250496596607,2875595.1072165794,2900289.357713176,33763.554804577136,0.006287344463445902,0.43641162562542063,47182.3,10098.376854,7019.451598,780249.115,0.9200000000000017,0.9200000000000017,0.5946666666666668,0,0.275,0.0,0.9870707008254161,0.27991414016508326,1,1,1,0,0,False,True,False,False,False,2.0,2025-12-23,1,23,12,52
23-12-2025 00:00,Fur_3,3510,12.15,204.026,24.635,44.73,15.34,58.12,86.24%,86.24,288.731,0.7066300466524205,0.08532163155324507,0.15491928473215552,0.05312903706217898,0.21923676286729746,0.12074441433570028,0.05312903706217898,0.5507489257601403,12.156644073549428,17.203689641498194,3.4615384615384617,288.8888651120276,147.70322549362555,918.1170000000001,68.978,805.14,53.69,1845.9250000000002,277202.25,101.05584999999999,18266.384380518302,2743059.902024475,2767826.2864049934,31726.57366351437,0.006615076411089233,0.43617156710050514,42646.5,9126.08298,5026.18051,716131.26,0.11999999999999744,0.11999999999999744,0.5413333333333331,1,0.4833333333333333,0.1771428571428564,1.0,0.4335714285714282,1,1,1,1,1,False,False,True,False,False,3.0,2025-12-23,1,23,12,52
23-12-2025 00:00,Fur_4,3504,8.74,128.395,20.115,29.423,14.48,60.54,84.19%,84.19,192.413,0.667288592766601,0.10454075348339248,0.15291586327327153,0.07525479047673493,0.2291600122344327,0.1566649779456756,0.07525479047673493,0.68364882290559,18.210827750723702,27.29078213878436,2.4942922374429224,400.91528593646615,159.16263454132516,577.7775,56.32199999999999,529.6139999999999,50.68,1214.3935,199062.24,67.34455,18032.543093687607,2955877.4986246102,2980410.0417182976,34985.444790683156,0.006063580552446224,0.43611399435191306,30624.96,3777.766085,2582.665425,449896.08,2.539999999999999,2.539999999999999,0.7026666666666667,0,0.4933333333333333,0.0,0.9729009952452325,0.3425801990490465,1,1,1,0,0,False,False,False,True,False,4.0,2025-12-23,1,23,12,52
23-12-2025 00:00,Fur_5,3538,9.01,146.397,22.637,33.48,12.03,60.48,85.49%,85.49,214.54399999999998,0.6823635244984712,0.10551215601461705,0.15605190543664701,0.05607241405026475,0.2286932093643093,0.1546274844796855,0.05607241405026475,0.676134985778525,16.490789768066225,24.167161730314408,2.5466365178066703,392.6747621892606,148.5820158102767,658.7864999999999,63.383599999999994,602.64,42.105,1366.9151,207202.97,75.09039999999999,18203.593268913206,2759380.2936194246,2784083.886888338,32189.662237118024,0.006553751033350883,0.4408759549148298,31877.38,4901.37156,3313.9888889999997,517952.58599999995,2.479999999999997,2.479999999999997,0.6986666666666664,0,0.43666666666666665,0.06999999999999927,1.0,0.36599999999999966,1,1,1,1,1,False,False,False,False,True,5.0,2025-12-23,1,23,12,52
24-12-2025 00:00,Fur_1,3620,8.32,133.225,21.471,29.137,11.97,59.98,87.13%,87.13,195.803,0.6804032624627815,0.10965613397138961,0.14880773021863813,0.0611328733471908,0.21870519633173058,0.16116344408959699,0.0611328733471908,0.7368980767787323,18.487970051531388,27.17207710886037,2.298342541436464,435.09610155094936,153.81991082874114,599.5124999999999,60.11879999999999,524.466,41.895,1225.9923,195769.6,68.53105,17889.58873386589,2856655.486819478,2881045.075553344,32690.85527690167,0.006223450411687205,0.42778898366653695,30118.4,3881.776825,2860.473975,482274.5,1.9799999999999969,1.9799999999999969,0.6653333333333331,0,0.30000000000000004,0.30428571428571366,0.99047413922204,0.44023768498726484,1,1,1,1,1,True,False,False,False,False,1.0,2025-12-24,2,24,12,52
24-12-2025 00:00,Fur_2,3580,13.02,214.868,29.393,46.945,12.37,59.24,84.84%,84.84,303.576,0.7077898121063588,0.09682254196642685,0.15464002424434078,0.04074762168287348,0.21848297457749422,0.1367956134147681,0.04074762168287348,0.6261156539329928,11.792763591324741,16.6613920329626,3.636871508379888,274.9615764238421,153.54178195904814,966.906,82.3004,845.01,43.294999999999995,1937.5114,302975.39999999997,106.2516,18235.126812208004,2851490.2363823224,2876225.3631945304,33506.81923572379,0.00635431078042568,0.43613162740616646,46611.6,10086.97826,6315.615124,769227.44,1.240000000000002,1.240000000000002,0.6160000000000001,0,0.3666666666666667,0.0,0.9913265271659721,0.3082653054331944,1,1,1,0,0,False,True,False,False,False,2.0,2025-12-24,2,24,12,52
24-12-2025 00:00,Fur_3,3507,12.89,213.55,27.844,46.594,11.73,59.59,86.60%,86.6,299.718,0.7125030862343936,0.0929006599536898,0.15545946523065013,0.03913678858126639,0.2181877770162127,0.13038632577669715,0.03913678858126639,0.5975876594070555,11.700998939002663,16.422383439838992,3.675506130595951,272.0713520503218,150.82587632374432,960.975,77.9632,838.692,41.055,1918.6852000000001,293833.995,104.9013,18290.385343174967,2801051.988869537,2825842.374212712,32258.47459146932,0.006487465130332909,0.4371180848218353,45205.23,9950.148700000002,5946.086200000001,748919.8500000001,1.5900000000000034,1.5900000000000034,0.6393333333333335,0,0.4883333333333333,0.22857142857142776,1.0,0.46078571428571385,1,1,1,1,1,False,False,True,False,False,3.0,2025-12-24,2,24,12,52
24-12-2025 00:00,Fur_4,3510,9.09,141.693,19.88,32.214,10.86,61.62,89.79%,89.79,204.647,0.6923776063172195,0.09714288506550303,0.1574125200955792,0.05306698852169834,0.22735067909246975,0.14030333086106347,0.05306698852169834,0.6171229708473654,17.151485240438415,24.771865760680726,2.58974358974359,386.13857138189536,155.90700083558517,637.6185,55.663999999999994,579.852,38.01,1311.1445,207388.35,71.62644999999999,18305.311794735047,2895415.729803725,2920221.04159846,32164.567040405993,0.006282451728698366,0.44224873764867256,31905.899999999998,4564.498302,2816.85684,497342.43000000005,3.6199999999999974,3.6199999999999974,0.7746666666666665,0,0.4833333333333333,0.6842857142857152,0.9835456923225717,0.6838519956073719,1,1,1,1,1,False,False,False,True,False,4.0,2025-12-24,2,24,12,52
24-12-2025 00:00,Fur_5,3512,9.1,136.823,19.171,31.101,10.61,61.46,92.92%,92.92,197.70499999999998,0.6920563465769708,0.09696770440808275,0.15731013378518502,0.053665815229761514,0.2273082725323354,0.14011533046260255,0.053665815229761514,0.6164110280566211,17.763840064742926,25.668198872498053,2.591116173120729,385.93402352373374,161.65094458916062,615.7035000000001,53.678799999999995,559.818,37.135,1266.3353,207734.8,69.19675,18300.502552504273,3002088.9709415543,3026889.4734940585,32228.38025440863,0.006058987661393818,0.44207722867711263,31959.199999999997,4255.332123,2623.033733,480522.37600000005,3.460000000000001,3.460000000000001,0.764,0,0.48,1.0,0.9646808973769385,0.8369361794753878,1,1,1,1,1,False,False,False,False,True,5.0,2025-12-24,2,24,12,52
25-12-2025 00:00,Fur_1,3618,8.51,138.596,21.967,29.159,12.22,58.75,86.14%,86.14,201.94199999999998,0.6863158728743898,0.10877875825732142,0.14439294450881937,0.06051242435946956,0.21038846568163247,0.15849663656601462,0.06051242435946956,0.753352283913979,17.916035297263573,26.104649296482947,2.3521282476506356,425.14683605795113,152.465460379713,623.682,61.50759999999999,524.862,42.77,1252.8216,200129.66999999998,70.67969999999998,17725.33839277756,2831501.407051813,2855726.74544459,32771.7092660614,0.006221104873845945,0.418943926254145,30789.18,4041.320764,3044.538332,501440.32800000004,0.75,0.75,0.5833333333333334,0,0.30333333333333334,0.16285714285714295,0.9949518004886363,0.3714189315262988,1,1,1,1,1,True,False,False,False,False,1.0,2025-12-25,3,25,12,52
25-12-2025 00:00,Fur_2,3630,12.97,213.564,33.832,46.184,12.24,58.17,82.20%,82.2,305.82,0.6983323523641357,0.11062716630697797,0.15101693806814465,0.04002354326074162,0.21625367470054094,0.15841621172849257,0.04002354326074162,0.732548052733673,11.869727290563077,16.997246647387918,3.573002754820937,279.8766168175315,153.9503629586031,961.038,94.72959999999999,831.3119999999999,42.84,1929.9195999999997,306027.15,107.03699999999999,18030.39696553528,2859078.169231201,2883608.5661967364,34658.756805249235,0.006266846227971769,0.43074955039577817,47081.100000000006,9863.239775999999,7225.297248,775237.32,0.1700000000000017,0.1700000000000017,0.5446666666666667,1,0.2833333333333333,0.0,0.9900207742997922,0.28300415485995845,1,1,1,0,0,False,True,False,False,False,2.0,2025-12-25,3,25,12,52
25-12-2025 00:00,Fur_3,3450,13.05,205.217,29.285,43.692,9.91,58.8,92.86%,92.86,288.10400000000004,0.7123018076805597,0.10164732180046093,0.15165356954433118,0.03439730097464804,0.21290633713139584,0.14270260191552062,0.03439730097464804,0.6702599864904334,11.974842418015715,16.811472651819912,3.782608695652174,264.3677958338854,156.2716935551051,923.4765000000001,81.99799999999999,786.456,34.685,1826.6154999999999,292646.25,100.83640000000001,18114.644116608684,2902188.5945948088,2926803.2387114177,31182.64690721732,0.006203001070738723,0.4305536660561569,45022.5,8966.341164000001,6009.779845,707998.65,0.7999999999999972,0.7999999999999972,0.5866666666666664,0,0.5833333333333333,1.0,0.9823816009731346,0.8714763201946268,1,1,1,1,1,False,False,True,False,False,3.0,2025-12-25,3,25,12,52
25-12-2025 00:00,Fur_4,3565,9.15,148.211,23.845,32.246,11.44,59.84,84.50%,84.5,215.74200000000002,0.6869825995865432,0.11052553512992369,0.14946556535120653,0.05302629993232657,0.21756819522459064,0.16088549324351434,0.05302629993232657,0.7394715394321298,16.52436706807205,24.053545121120933,2.5666199158485274,389.6174437576564,151.19795867285924,666.9495000000001,66.76599999999999,580.428,40.04,1354.1835,212028.375,75.5097,17933.90120739455,2807962.089638815,2832395.990846209,33127.43848942935,0.006346270798885374,0.4286184257894148,32619.75,4779.211906,3534.091295,528372.2150000001,1.8400000000000034,1.8400000000000034,0.6560000000000002,0,0.3916666666666667,0.0,0.9990779500307625,0.3173155900061525,1,1,1,0,0,False,False,False,True,False,4.0,2025-12-25,3,25,12,52
25-12-2025 00:00,Fur_5,3564,9.12,148.16,23.785,32.286,11.97,60.67,85.34%,85.34,216.201,0.6852882271589863,0.11001336719071605,0.14933325932812522,0.055365146322172425,0.21791306548384812,0.16053590604389914,0.055365146322172425,0.736696997562504,16.484660107955097,24.055075431593714,2.558922558922559,390.7894308344923,150.34010018455047,666.72,66.598,581.148,41.895,1356.3609999999999,211273.91999999998,75.67035,17924.603229666573,2792030.4319987944,2816455.035228461,32620.512337600892,0.0063789644335747265,0.4284611545156489,32503.679999999997,4783.49376,3523.9856,528042.24,2.6700000000000017,2.6700000000000017,0.7113333333333335,0,0.3933333333333333,0.04857142857142906,1.0,0.3422857142857145,1,1,1,1,1,False,False,False,False,True,5.0,2025-12-25,3,25,12,52
26-12-2025 00:00,Fur_1,3630,8.55,135.005,22.333,28.69,11.95,58.95,88.55%,88.55,197.97799999999998,0.6819192031437837,0.11280546323328855,0.14491509157583168,0.06036024204709615,0.2125106461796923,0.1654235016079145,0.06036024204709615,0.7784245110343494,18.33537059673297,26.887892841836283,2.3553719008264467,424.56135385247325,156.76741860206693,607.5225,62.53239999999999,516.4200000000001,41.824999999999996,1228.2999000000002,201737.25000000003,69.29229999999998,17726.35487637155,2911394.9168955293,2935621.271771901,32781.92374954663,0.00605176543805181,0.42043478144059115,31036.500000000004,3873.29345,3015.066665,490068.14999999997,0.9500000000000028,0.9500000000000028,0.5966666666666669,0,0.2833333333333333,0.5071428571428568,0.9808220919173285,0.5347358469548942,1,1,1,1,1,True,False,False,False,False,1.0,2025-12-26,4,26,12,52
26-12-2025 00:00,Fur_2,3631,13.02,207.59,34.417,44.695,12.03,59.98,87.61%,87.61,298.73199999999997,0.6949037933666297,0.11521028882074905,0.14961570906364235,0.04027020874897902,0.21530420436772385,0.1657931491603972,0.04027020874897902,0.770041374425744,12.154707229222181,17.49120854814197,3.5857890388322775,278.8786268142376,158.25428812447277,934.155,96.3676,804.51,42.105,1877.1376,307291.52999999997,104.55619999999999,17953.383921756915,2939008.208025923,2963461.59194768,33443.87306114073,0.006071564801736721,0.4285833920752533,47275.619999999995,9278.23505,7144.62503,753759.29,1.9799999999999969,1.9799999999999969,0.6653333333333331,0,0.2816666666666666,0.3728571428571428,0.97589840529324,0.4661082524872194,1,1,1,1,1,False,True,False,False,False,2.0,2025-12-26,4,26,12,52
26-12-2025 00:00,Fur_3,3507,13.0,217.799,30.869,47.003,12.14,59.63,86.59%,86.59,307.811,0.7075738034053365,0.10028556484336168,0.152700845648791,0.03943978610251096,0.21580907067613225,0.1417315959130593,0.03943978610251096,0.656745300156473,11.39335501330362,16.102002230946873,3.706871970345024,269.7692100177531,148.11361517294705,980.0955,86.4332,846.054,42.49,1955.0727,296341.5,107.73384999999999,18147.246199778438,2750681.424640445,2775328.6708402233,31685.451202651253,0.0065541239119975975,0.43274810189922863,45591.0,10237.206397,6723.237331,763821.093,1.6300000000000026,1.6300000000000026,0.6420000000000001,0,0.4883333333333333,0.22714285714285762,1.0,0.4600714285714288,1,1,1,1,1,False,False,True,False,False,3.0,2025-12-26,4,26,12,52
26-12-2025 00:00,Fur_4,3505,9.0,129.133,23.034,28.265,11.68,61.21,91.03%,91.03,192.11200000000002,0.6721756058965603,0.11989880902806695,0.14712771716498707,0.0607978679103856,0.21888285551421513,0.1783742329352355,0.0607978679103856,0.8149300967652539,18.244565670025818,27.142558237301397,2.5677603423680457,389.4444011728443,164.20109103023233,581.0985000000001,64.4952,508.77,40.879999999999995,1195.2437,205042.5,67.2392,17775.99525276922,3049448.833418601,3073724.8286713706,33399.16145464925,0.005795465362240578,0.4256621473930379,31545.0,3649.944245,2974.449522,452611.16500000004,3.210000000000001,3.210000000000001,0.7473333333333334,0,0.4916666666666667,0.8614285714285715,0.9563978528442257,0.7694938562831309,1,1,1,1,1,False,False,False,True,False,4.0,2025-12-26,4,26,12,52
26-12-2025 00:00,Fur_5,3506,9.04,149.457,26.624,32.736,11.15,61.03,83.10%,83.1,219.96699999999998,0.6794519177876681,0.12103633726877214,0.14882232334850226,0.050689421595057446,0.21903289762919836,0.1781381924022415,0.050689421595057446,0.8132942078050401,15.938754449531068,23.458252049363683,2.57843696520251,387.8318155053302,144.08634022376083,672.5564999999999,74.54719999999999,589.2479999999999,39.025,1375.3766999999998,206012.55999999997,76.98844999999999,17864.714772150888,2675889.17558413,2700253.890356281,32107.656246804767,0.006631903098537361,0.42842662668343884,31694.239999999998,4892.624351999999,3979.1431679999996,523996.24199999997,3.030000000000001,3.030000000000001,0.7353333333333334,0,0.49,0.0,1.0,0.347,1,1,1,0,0,False,False,False,False,True,5.0,2025-12-26,4,26,12,52
27-12-2025 00:00,Fur_1,3681,9.09,139.216,23.15,29.383,12.15,58.86,89.68%,89.68,203.89900000000003,0.682769410345318,0.1135366039068362,0.14410566015527293,0.05958832559257279,0.21106050877010896,0.1662883564655761,0.05958832559257279,0.7878705105717417,18.053055679527606,26.44092614037951,2.469437652811736,404.95045050050055,164.10227612690596,626.472,64.82,528.894,42.525,1262.711,217491.885,71.36465000000001,17693.788171034255,3047613.6994996816,3071807.487670716,33875.247989310934,0.005772271865776022,0.4188559377403064,33460.29,4090.583728,3222.8504,512454.096,0.8599999999999994,0.8599999999999994,0.5906666666666667,0,0.19833333333333336,0.6685714285714296,0.9567369432777816,0.5851331029412712,1,1,1,1,1,True,False,False,False,False,1.0,2025-12-27,5,27,12,52
27-12-2025 00:00,Fur_2,3678,13.13,208.929,32.528,45.194,11.9,59.47,87.86%,87.86,298.551,0.6998100826994383,0.10895290921819052,0.1513778215447277,0.03985918653764349,0.21631271763942433,0.155689252541824,0.03985918653764349,0.7197415426883758,12.319503200458213,17.604066368938412,3.5698749320282763,280.12183700519137,161.75507702201634,940.1805,91.07839999999999,813.4920000000001,41.65,1886.4009,313898.91000000003,104.49284999999999,18052.918453272167,3004022.858980304,3028575.777433576,34082.554326283775,0.0059736815959668494,0.43124025227087204,48292.14,9442.337226000001,6796.042512,768440.862,1.4699999999999989,1.4699999999999989,0.6313333333333333,0,0.20333333333333337,0.4085714285714285,0.9643826668932829,0.45816224766437086,1,1,1,1,1,False,True,False,False,False,2.0,2025-12-27,5,27,12,52
27-12-2025 00:00,Fur_3,3482,13.06,217.195,29.758,48.332,11.67,60.19,89.09%,89.09,306.95500000000004,0.7075792868661529,0.09694580638855857,0.15745630467006563,0.03801860207522275,0.22252814188849587,0.1370105198691935,0.03801860207522275,0.6156997307022318,11.343682298708279,16.031676530161025,3.7507179781734634,266.61559979972435,148.1484908211301,977.3774999999999,83.32239999999999,869.976,40.845,1971.5208999999998,295586.98000000004,107.43425,18350.953257457466,2751329.1152495597,2776180.068507017,30815.629576057465,0.006625658127853539,0.44127150769743306,45474.92,10497.46874,6463.28881,756272.99,2.1899999999999977,2.1899999999999977,0.6793333333333332,0,0.53,0.5842857142857147,1.0,0.6511428571428575,1,1,1,1,1,False,False,True,False,False,3.0,2025-12-27,5,27,12,52
27-12-2025 00:00,Fur_4,3485,8.96,152.48,24.14,34.775,6.1,61.13,83.29%,83.29,217.495,0.7010735878985723,0.11099105726568427,0.15988873307432352,0.0280466217614198,0.22806269525142514,0.15831584366267157,0.0280466217614198,0.6941768312242464,16.023356858778364,22.855456303413852,2.5710186513629845,388.95084944744985,143.56927745465413,686.16,67.592,625.9499999999999,21.349999999999998,1401.0519999999997,202966.40000000002,76.12325,18405.04707825795,2666286.5813007196,2691191.6283789775,31927.7687552376,0.0068555534958668445,0.4467714260427165,31225.600000000002,5302.491999999999,3680.8671999999997,531392.7999999999,3.1300000000000026,3.1300000000000026,0.7420000000000002,0,0.525,0.0,1.0,0.35750000000000004,1,1,1,0,0,False,False,False,True,False,4.0,2025-12-27,5,27,12,52
27-12-2025 00:00,Fur_5,3579,9.06,140.48,22.249,32.14,21.54,61.08,88.95%,88.95,216.40899999999996,0.6491412094691071,0.10280995707202567,0.14851508024157964,0.09953375321728765,0.22878701431672116,0.15837841572908304,0.09953375321728765,0.6922526231408642,16.53812919056047,25.476936037322496,2.531433361274099,395.0330689808975,149.83545046647785,632.16,62.29719999999999,578.52,75.39,1348.3672,210767.31,75.74314999999999,17801.836865775986,2782658.3658060175,2806960.2026717933,31205.783242599147,0.006356754096627422,0.4290522641013516,32425.74,4515.0271999999995,3125.53952,502777.92,3.0799999999999983,3.0799999999999983,0.7386666666666666,0,0.3683333333333333,0.5642857142857147,1.0,0.5926428571428574,1,1,1,1,1,False,False,False,False,True,5.0,2025-12-27,5,27,12,52
28-12-2025 00:00,Fur_1,3590,8.73,133.212,22.704,28.154,13.62,59.89,91.91%,91.91,197.69,0.6738428853255096,0.11484647680712226,0.14241489200263038,0.06889574586473772,0.21134732448017204,0.17043509465787549,0.06889574586473772,0.8064217941883287,18.159745055389752,26.949523864595356,2.4317548746518107,411.225611543458,158.53457433355254,599.454,63.5712,506.772,47.669999999999995,1217.4672,203714.55000000002,69.19149999999999,17595.61795885333,2944213.5233374047,2968309.141296258,31948.220227061225,0.005940834510069907,0.4162510497202717,31340.7,3750.4506479999995,3024.445248,478231.07999999996,1.8900000000000006,1.8900000000000006,0.6593333333333333,0,0.35,0.9871428571428567,0.9750410942516821,0.7935796474217647,1,1,1,1,1,True,False,False,False,False,1.0,2025-12-28,6,28,12,52
28-12-2025 00:00,Fur_2,3588,13.0,211.198,32.684,44.079,11.04,59.31,85.60%,85.6,299.00100000000003,0.706345463727546,0.10931067120176853,0.14742091163574703,0.03692295343493834,0.20870936178984004,0.1547552526313921,0.03692295343493834,0.7414868590147948,11.99995986635496,16.988797161957987,3.6231884057971016,275.9999787692324,155.9994782626145,950.3910000000001,91.5152,793.422,38.64,1873.9682000000003,303186.0,104.65035,17906.946321727544,2897133.1677342695,2921540.114055997,33736.02903066971,0.006142950224040574,0.42339138945901,46644.0,9309.396642,6902.795432,757778.424,1.3100000000000023,1.3100000000000023,0.6206666666666668,0,0.3533333333333334,0.0857142857142849,0.9833124083885374,0.34551962453484997,1,1,1,1,1,False,True,False,False,False,2.0,2025-12-28,6,28,12,52
28-12-2025 00:00,Fur_3,3410,12.94,201.581,26.769,44.771,10.71,59.37,91.03%,91.03,283.83099999999996,0.7102148813906868,0.09431316522860435,0.15773823155328348,0.03773372182742548,0.22209930389223537,0.13279525286214847,0.03773372182742548,0.5979093476154352,12.014191543559374,16.916276747727828,3.794721407624633,263.5239363582739,155.4636385736583,907.1144999999999,74.9532,805.878,37.485,1825.4307,286815.1,99.34084999999997,18375.4286378665,2887181.8592250827,2912057.287862949,31642.478407725186,0.006324235531209131,0.4414727987208718,44125.4,9024.982951,5396.121789,687391.21,1.3699999999999974,1.3699999999999974,0.6246666666666665,0,0.65,0.8614285714285715,0.9849894891185891,0.8227121835380036,1,1,1,1,1,False,False,True,False,False,3.0,2025-12-28,6,28,12,52
28-12-2025 00:00,Fur_4,3520,9.06,147.038,22.789,33.305,12.87,61.58,87.64%,87.64,216.002,0.6807251784705698,0.10550365274395608,0.15418838714456345,0.05958278164091073,0.22650607171951417,0.15498714512583722,0.05958278164091073,0.6842515933267801,16.296145406061054,23.939389654787266,2.5738636363636367,388.5209284193236,147.64307737891315,661.671,63.8092,599.49,45.044999999999995,1370.0152000000003,207292.80000000002,75.6007,18121.726386131348,2741942.865608387,2766564.5919945184,31211.243140732382,0.0065656892373797526,0.4375790867137824,31891.2,4897.10059,3350.8489820000004,517573.76,3.5799999999999983,3.5799999999999983,0.7719999999999999,0,0.4666666666666667,0.3771428571428572,1.0,0.5285714285714287,1,1,1,1,1,False,False,False,True,False,4.0,2025-12-28,6,28,12,52
28-12-2025 00:00,Fur_5,3518,9.06,147.586,23.219,33.258,13.35,61.47,87.16%,87.16,217.413,0.6788278529802726,0.10679674168517982,0.1529715334409626,0.06140387189358502,0.22534657606177702,0.15732521948338446,0.06140387189358502,0.6981477930678996,16.18118511772525,23.83694914262227,2.5753268902785678,388.3001778918126,146.6015371665908,664.1370000000001,65.0132,598.644,46.725,1374.5192,207175.02000000002,76.09455,18063.30676769887,2722599.9759509717,2747163.2827186706,31161.10801631886,0.006590852251569012,0.43552974742004336,31873.08,4908.415188000001,3426.7993340000003,519207.54800000007,3.469999999999999,3.469999999999999,0.7646666666666666,0,0.47,0.3085714285714281,1.0,0.49528571428571405,1,1,1,1,1,False,False,False,False,True,5.0,2025-12-28,6,28,12,52
29-12-2025 00:00,Fur_1,3681,8.94,147.599,24.31,31.391,11.33,60.22,82.00%,82.0,214.63,0.6876904440199413,0.11326468806783767,0.14625634813399804,0.05278851977822299,0.21267759122570215,0.16470301177715965,0.05278851977822299,0.774425766161455,17.150444951777477,24.939193186002665,2.428687856560717,411.7449203864743,153.32497786889064,664.1954999999999,68.068,565.038,39.655,1336.9565,213902.90999999997,75.12049999999999,17797.49202947265,2847463.874707969,2871761.3667374416,34599.53453900532,0.006211472445788755,0.42263005565252126,32908.14,4633.280209,3588.1316899999997,543311.919,2.219999999999999,2.219999999999999,0.6813333333333332,0,0.19833333333333336,0.0,0.9921160051427688,0.25792320102855376,1,1,1,0,0,True,False,False,False,False,1.0,2025-12-29,0,29,12,1
29-12-2025 00:00,Fur_2,3684,13.03,208.814,32.41,45.294,12.72,59.8,83.51%,83.51,299.238,0.6978191272498814,0.10830843676271061,0.15136446574298718,0.04250797024442083,0.21691074249374687,0.15520989897607487,0.04250797024442083,0.7155472973120657,12.31127062739358,17.64249515050478,3.5369163952225837,282.73213486322834,160.41585627493833,939.663,90.74799999999999,815.2919999999999,44.52,1890.223,312016.38,104.7333,18047.965642255138,2979151.6165345693,3003699.5821768246,35542.53440038841,0.006021609554992381,0.43132053731226416,48002.52,9458.021315999998,6767.661739999999,769270.776,1.7999999999999972,1.7999999999999972,0.6533333333333331,0,0.19333333333333336,0.0,0.9687821346102684,0.2517564269220537,1,1,1,0,0,False,True,False,False,False,2.0,2025-12-29,0,29,12,1
29-12-2025 00:00,Fur_3,3410,12.63,199.844,27.443,44.25,7.11,59.72,94.82%,94.82,278.64700000000005,0.7171941560468978,0.09848661568220722,0.15880307342264582,0.025516154848248856,0.22142270860559884,0.13732211055962598,0.025516154848248856,0.6201807769450672,12.23770577110107,17.063309295934282,3.703812316715543,269.99206096658264,154.5622238890065,899.298,76.8404,796.5,24.885,1797.5234,279943.95,97.52645000000001,18431.137399136336,2870441.300795835,2895372.4381949715,30216.786038352868,0.00638004543068454,0.44310966967105964,43068.3,8843.097,5484.318892,681468.04,1.7199999999999989,1.7199999999999989,0.6479999999999999,0,0.65,1.0,0.9879402802954311,0.8925880560590863,1,1,1,1,1,False,False,True,False,False,3.0,2025-12-29,0,29,12,1
29-12-2025 00:00,Fur_4,3411,9.06,148.799,24.807,32.877,12.0,61.2,88.33%,88.33,218.483,0.6810552766119103,0.11354201471052666,0.15047852693344563,0.05492418174411739,0.22094906403303072,0.16671482895237985,0.05492418174411739,0.7545396248277024,15.612198660765369,22.923540998773237,2.6561125769569043,376.4900246699752,141.44651986653426,669.5955,69.4596,591.7860000000001,42.0,1372.8411,200873.79,76.46905,17952.898590998582,2626863.940378493,2651316.838969492,29680.027302916063,0.0067879553421149675,0.43106663983180576,30903.660000000003,4892.064723,3691.256793,507553.389,3.200000000000003,3.200000000000003,0.7466666666666668,0,0.6483333333333333,0.4757142857142855,1.0,0.6323571428571427,1,1,1,1,1,False,False,False,True,False,4.0,2025-12-29,0,29,12,1
29-12-2025 00:00,Fur_5,3542,9.08,144.054,24.004,31.872,15.6,60.37,87.12%,87.12,215.53,0.6683709924372477,0.11137196677956665,0.14787732566232079,0.07237971512086484,0.22125036291078093,0.16663195630366423,0.07237971512086484,0.7531375265707353,16.43390711269893,24.588001550890628,2.5635234330886507,390.0880627656319,149.21987658330627,648.243,67.2112,573.696,54.6,1343.7502,209048.84,75.43549999999999,17813.23382227201,2771226.2794042598,2795539.513226532,31724.234149188967,0.006386870368023065,0.42693649459549854,32161.36,4591.289088,3457.872216,510239.268,2.3699999999999974,2.3699999999999974,0.6913333333333331,0,0.43000000000000005,0.3028571428571435,1.0,0.48042857142857176,1,1,1,1,1,False,False,False,False,True,5.0,2025-12-29,0,29,12,1
30-12-2025 00:00,Fur_1,3695,9.18,143.122,22.923,30.167,10.06,59.19,86.82%,86.82,206.27200000000002,0.693850837728824,0.11112996431895747,0.14624864256903505,0.04877055538318337,0.2107782157126213,0.1601640547213981,0.04877055538318337,0.7598700314956729,17.913240769469436,25.817134851265806,2.4844384303112315,402.50540277718926,164.44355026372943,644.0490000000001,64.1844,543.0060000000001,35.21,1286.4494000000002,220480.65,72.1952,17819.043371304466,3053951.647754975,3078270.6911262795,35052.04612988248,0.0058009028547541175,0.4220966638874409,33920.1,4317.561374000001,3280.785606,528835.79,1.1899999999999977,1.1899999999999977,0.6126666666666665,0,0.17500000000000004,0.259999999999999,0.9555938964952017,0.37361877929903986,1,1,1,1,1,True,False,False,False,False,1.0,2025-12-30,1,30,12,1
30-12-2025 00:00,Fur_2,3685,13.14,217.196,35.901,47.255,10.51,59.4,82.43%,82.43,310.862,0.6986894506243928,0.11548854475619406,0.15201279024132894,0.033809214378084165,0.2175684625059004,0.16529309855939753,0.033809214378084165,0.7597291131154563,11.854134632087549,16.966242394122165,3.565807327001357,280.4413789618433,155.76332906563042,977.382,100.5228,850.59,36.785,1965.2798,314735.85000000003,108.8017,18062.951222269505,2892747.539790279,2917310.4910125486,34967.16398193154,0.006205471389511916,0.4328086005870513,48420.9,10263.59698,7797.553596000001,800367.26,1.3999999999999986,1.3999999999999986,0.6266666666666666,0,0.19166666666666665,0.0,0.984060436366394,0.2543120872732788,1,1,1,0,0,False,True,False,False,False,2.0,2025-12-30,1,30,12,1
30-12-2025 00:00,Fur_3,3410,12.9,215.936,27.52,48.25,9.75,59.8,89.29%,89.29,301.456,0.7163101746191816,0.0912902712170267,0.16005652566211984,0.03234302850167188,0.2234458347684229,0.12744516834874606,0.03234302850167188,0.5703626824795299,11.311766891353962,15.791715990887504,3.782991202346041,264.3410647797624,145.9217928984661,971.712,77.056,868.5,34.125,1951.393,285928.5,105.5096,18494.93316248,2709976.1538286563,2734971.0869911364,30290.963417777562,0.006778497031051766,0.4450666780089915,43989.0,10418.912,5942.55872,736341.76,1.7999999999999972,1.7999999999999972,0.6533333333333331,0,0.65,0.6128571428571438,1.0,0.701428571428572,1,1,1,1,1,False,False,True,False,False,3.0,2025-12-30,1,30,12,1
30-12-2025 00:00,Fur_4,3499,9.04,140.238,25.961,31.5,14.76,61.13,90.41%,90.41,212.459,0.6600708842647287,0.12219298782353301,0.14826390032900466,0.06947222758273361,0.22461814754475856,0.1851210072510945,0.06947222758273361,0.8241587039949617,16.469059912736103,24.95044121457493,2.5835953129465556,387.05747930780103,148.88030161113437,631.071,72.6908,567.0,51.66,1322.4218,205601.24,74.36064999999999,17783.89242159664,2764919.8870639247,2789203.7794855214,30513.114314468017,0.006390867958243333,0.42875881205225136,31630.959999999995,4417.497,3640.7187179999996,490692.762,3.1300000000000026,3.1300000000000026,0.7420000000000002,0,0.5016666666666667,0.7728571428571424,1.0,0.7369285714285712,1,1,1,1,1,False,False,False,True,False,4.0,2025-12-30,1,30,12,1
30-12-2025 00:00,Fur_5,3500,9.04,138.893,25.386,31.292,12.82,61.41,91.71%,91.71,208.391,0.6665019122706836,0.12181908047852355,0.15016003570211767,0.06151897154867533,0.22529572962427388,0.18277378857988674,0.06151897154867533,0.8112616383976211,16.795351046830238,25.19925392064932,2.5828571428571427,387.1680987645909,151.82997346334534,625.0185,71.0808,563.2560000000001,44.870000000000005,1304.2253,205659.99999999997,72.93684999999999,17881.56878176121,2819699.507176413,2844081.075958174,30677.17695996305,0.006301694402061477,0.43187016844405646,31639.999999999996,4346.239756,3525.9376979999997,486125.5,3.4099999999999966,3.4099999999999966,0.7606666666666665,0,0.5,0.9585714285714276,0.9970113898438158,0.828687992254477,1,1,1,1,1,False,False,False,False,True,5.0,2025-12-30,1,30,12,1
31-12-2025 00:00,Fur_1,3387,9.12,138.625,22.269,28.919,10.91,59.92,91.03%,91.03,200.723,0.6906283784120404,0.11094393766533978,0.14407417186869467,0.05435351205392506,0.20861316350865167,0.1606420186788673,0.05435351205392506,0.7700473470712214,16.87400048823503,24.432822186237534,2.6926483613817536,371.3815382257086,153.89088445270346,623.8125,62.353199999999994,520.542,38.185,1244.8926999999999,200781.36,70.25305,17720.123183263928,2857973.56840735,2882193.691590614,31317.97991514304,0.006162034306742353,0.4181420615608077,30889.44,4008.8963750000003,3087.040125,469522.875,1.9200000000000017,1.9200000000000017,0.6613333333333334,0,0.6883333333333334,0.8614285714285715,0.9902710012773894,0.8352684859697637,1,1,1,1,1,True,False,False,False,False,1.0,2025-12-31,2,31,12,1
31-12-2025 00:00,Fur_2,3436,13.08,214.802,33.478,45.711,11.33,59.82,89.89%,89.89,305.32099999999997,0.70352841763259,0.10964853383815723,0.1497145627061355,0.037108485823117314,0.21280528015192932,0.15585515890980925,0.037108485823117314,0.7323838740700517,11.253729681220749,15.996126591018117,3.8067520372526196,262.69111141505266,147.19878423036738,966.6089999999999,93.7384,822.798,39.655,1922.8003999999999,292128.72000000003,106.86234999999998,17993.24458052813,2733691.707135395,2758184.9517159234,30346.40721439018,0.006538991525649665,0.42791649096806933,44942.88,9818.814221999999,7191.141356,738059.672,1.8200000000000003,1.8200000000000003,0.6546666666666667,0,0.6066666666666667,0.6985714285714286,1.0,0.7312857142857143,1,1,1,1,1,False,True,False,False,False,2.0,2025-12-31,2,31,12,1
31-12-2025 00:00,Fur_3,3155,12.98,217.793,26.253,47.626,9.27,60.05,91.03%,91.03,300.94199999999995,0.7237042353676125,0.0872360787128417,0.1582564082115491,0.030803277707996894,0.21867553034911347,0.12054106366806526,0.030803277707996894,0.5512325084778796,10.483747698892147,14.4862322733686,4.114104595879557,243.0662370519078,136.07904513162006,980.0685000000001,73.5084,857.2679999999999,32.445,1943.2899,266187.35000000003,105.32969999999997,18449.59114096025,2527182.266730088,2552131.857871048,27731.520785298795,0.00724754880950851,0.4411426210777918,40951.9,10372.609418,5717.719629,687136.915,2.049999999999997,2.049999999999997,0.6699999999999998,0,1.0,0.8614285714285715,1.0,0.9307142857142858,1,1,0,1,0,False,False,True,False,False,3.0,2025-12-31,2,31,12,1
31-12-2025 00:00,Fur_4,3010,9.06,146.458,26.003,31.991,8.92,61.38,91.03%,91.03,213.37199999999999,0.6863974654593855,0.1218669741109424,0.14993063757194008,0.04180492285773204,0.21843122111164143,0.17754577983076528,0.04180492285773204,0.8128223308798621,14.106818139212269,20.551966976525918,3.0099667774086383,332.22954390402384,127.80777234126316,659.061,72.80839999999999,575.838,31.22,1338.9274,177258.90000000002,74.68019999999999,17928.81379535674,2373572.9149091733,2398001.72870453,26056.739418717047,0.007496885149679038,0.4300741025988414,27270.600000000002,4685.337878,3808.347374,440838.58,3.3800000000000026,3.3800000000000026,0.7586666666666668,0,1.0,0.8614285714285715,1.0,0.9307142857142858,1,1,0,1,0,False,False,False,True,False,4.0,2025-12-31,2,31,12,1
31-12-2025 00:00,Fur_5,3181,9.03,150.136,26.68,32.74,11.9,60.9,92.27%,92.27,221.45600000000002,0.677949570117766,0.12047539917636008,0.14783975146304457,0.053735279242829274,0.21806894936544902,0.17770554578711606,0.053735279242829274,0.8149052897096735,14.364027165667219,21.187456564798207,2.838729959132348,352.27017139865217,129.70716530597497,675.612,74.704,589.32,41.65,1381.286,186708.79499999998,77.5096,17820.837676881314,2408847.355682392,2433168.1933592735,26087.361352624353,0.007343747169740441,0.42664589375408135,28724.429999999997,4915.45264,4005.62848,477582.616,2.8999999999999986,2.8999999999999986,0.7266666666666666,0,1.0,1.0,1.0,1.0,1,1,0,1,0,False,False,False,False,True,5.0,2025-12-31,2,31,12,1
01-01-2026 00:00,Fur_1,3601,8.6,140.405,21.763,28.981,11.29,59.7,89.03%,89.03,202.439,0.6935669510321628,0.10750398885590229,0.14315917387459928,0.05576988623733569,0.20641002666279673,0.15500160140307254,0.05576988623733569,0.7509402453007058,17.788074432298124,25.647234602419896,2.3882254929186337,418.72088154408357,152.97744011776388,631.8225,60.9364,521.658,39.515,1253.9319000000003,201295.9,70.85364999999999,17697.491942899207,2841009.6021870435,2865207.094129943,31825.026037209183,0.006190732859354204,0.4160178076656315,30968.6,4069.0773050000003,3055.634015,505598.405,1.7000000000000028,1.7000000000000028,0.6466666666666668,0,0.33166666666666667,0.5757142857142858,0.9932751579170335,0.5860121744405495,1,1,1,1,1,True,False,False,False,False,1.0,2026-01-01,3,1,1,1
01-01-2026 00:00,Fur_2,3600,12.98,214.647,32.479,45.557,6.96,59.46,85.98%,85.98,299.643,0.71634244751254,0.10839232019436464,0.15203759140043321,0.02322764089266227,0.21224149318536253,0.15131355131302301,0.02322764089266227,0.7129310377564142,12.014297013446003,16.771722797096057,3.6055555555555556,277.34974750772363,155.94557523452912,965.9114999999999,90.9412,820.0260000000001,24.36,1901.2386999999999,303732.0,104.87504999999999,18128.60828195076,2896132.111498398,2920760.7197803487,33579.68176339789,0.006220654232788458,0.43131143922117726,46728.0,9778.673379,6971.519912999999,772729.2,1.4600000000000009,1.4600000000000009,0.6306666666666667,0,0.33333333333333337,0.14000000000000057,0.9834502477936043,0.3666900495587212,1,1,1,1,1,False,True,False,False,False,2.0,2026-01-01,3,1,1,1
01-01-2026 00:00,Fur_3,3567,12.61,214.198,28.033,44.83,11.67,59.5,86.44%,86.44,298.731,0.7170263548141974,0.09384027770803834,0.1500681214872243,0.03906524599053998,0.20929233601951308,0.13087423724369865,0.03906524599053998,0.6253178535507953,11.940508350321862,16.652816475164023,3.5351836276983457,282.87071507765944,150.56981029755866,963.8910000000001,78.4924,806.9399999999999,40.845,1890.1684000000002,292369.15499999997,104.55584999999999,18078.074062809497,2796296.476954661,2820874.55101747,32260.687911910685,0.006423478373293916,0.42691434265856937,44979.869999999995,9602.49634,6004.612534000001,764044.2660000001,1.5,1.5,0.6333333333333333,0,0.3883333333333333,0.20571428571428538,1.0,0.4193571428571427,1,1,1,1,1,False,False,True,False,False,3.0,2026-01-01,3,1,1,1
01-01-2026 00:00,Fur_4,3565,9.03,144.671,24.251,30.686,11.1,61.83,89.55%,89.55,210.708,0.686594718757712,0.11509292480589252,0.1456328188773089,0.052679537559086505,0.2121088524161107,0.16762861826054554,0.052679537559086505,0.7902952228933318,16.919148774607514,24.642118844536096,2.5329593267882187,394.7950836328812,152.77991343470583,651.0195,67.9028,552.348,38.85,1310.1202999999998,209247.675,73.7478,17764.872986041613,2837341.24950168,2861606.1224877215,31602.497211349768,0.00622214104271636,0.42160097816971465,32191.949999999997,4439.374306,3508.416421,515752.115,3.8299999999999983,3.8299999999999983,0.7886666666666665,0,0.3916666666666667,0.6499999999999996,0.9939120060494034,0.6412824012098804,1,1,1,1,1,False,False,False,True,False,4.0,2026-01-01,3,1,1,1
01-01-2026 00:00,Fur_5,3563,9.05,148.278,24.892,31.423,12.06,61.45,86.95%,86.95,216.653,0.6844031700461106,0.11489340096836878,0.14503837934392785,0.05566504964159278,0.21191950112680571,0.16787385743081337,0.05566504964159278,0.7921585847258829,16.44565272578732,24.029188254298088,2.5399943867527366,393.70161395562275,148.83315716837524,667.251,69.6976,565.6139999999999,42.21,1344.7725999999998,209593.475,75.82854999999999,17734.38368530059,2764044.347412683,2788278.7310979837,31702.998648072582,0.006375195657025074,0.4206019664588645,32245.15,4659.339593999999,3690.9359759999998,528314.514,3.450000000000003,3.450000000000003,0.7633333333333335,0,0.395,0.27857142857142897,1.0,0.4577857142857145,1,1,1,1,1,False,False,False,False,True,5.0,2026-01-01,3,1,1,1
02-01-2026 00:00,Fur_1,3653,9.05,142.261,22.743,29.705,11.6,58.94,87.90%,87.9,206.309,0.689553049067176,0.11023755628692883,0.143983054544397,0.05622634010149824,0.20880634742616494,0.15986812858149366,0.05622634010149824,0.765628656265657,17.706450033687332,25.678154760066676,2.4774158226115524,403.64636423797083,160.24337280487038,640.1745,63.68039999999999,534.6899999999999,40.6,1279.1448999999998,214887.725,72.20814999999999,17714.68871588595,2975948.3520904505,3000163.0408063363,33747.615757101645,0.005917395670260383,0.41800580997508574,33059.65,4225.863004999999,3235.441923,519679.43299999996,0.9399999999999977,0.9399999999999977,0.5959999999999999,0,0.245,0.4142857142857151,0.9694075879574808,0.4745243747343537,1,1,1,1,1,True,False,False,False,False,1.0,2026-01-02,4,2,1,1
02-01-2026 00:00,Fur_2,3654,13.45,226.794,31.106,48.126,9.17,59.45,82.82%,82.82,315.196,0.7195332428076499,0.09868780060660667,0.1526859477912156,0.029093008794527846,0.2122013800532581,0.1371553033274456,0.029093008794527846,0.646344997582492,11.592786710491248,16.111537271217326,3.6808976464148877,271.6728422548073,155.92298125610728,1020.5730000000001,87.0968,866.2679999999999,32.095,2006.0328000000002,319450.95,110.3186,18183.994358159005,2895712.509041993,2920396.503400152,34841.28493677109,0.006240439335076097,0.43183142369357064,49146.299999999996,10914.688044,7054.6541640000005,828705.2760000001,1.4500000000000028,1.4500000000000028,0.6300000000000002,0,0.2433333333333333,0.0,0.9835146611088293,0.2697029322217659,1,1,1,0,0,False,True,False,False,False,2.0,2026-01-02,4,2,1,1
02-01-2026 00:00,Fur_3,3617,13.53,226.793,28.441,47.463,10.69,60.06,86.91%,86.91,313.387,0.7236834967627885,0.09075360496765979,0.1514517194395428,0.0341111788300089,0.20927894507644,0.12540510454288667,0.0341111788300089,0.5992246465831353,11.541640208432385,15.948463947527198,3.7406690627591925,267.3318353782827,156.15839202009016,1020.5685000000001,79.6348,854.3340000000001,37.415,1991.9523000000002,318097.065,109.68544999999999,18160.58830045371,2900084.4232302466,2924745.0115307,33269.76466307246,0.00622311979586936,0.42889280029446486,48938.009999999995,10764.276159000001,6450.2197129999995,820310.2810000001,2.0600000000000023,2.0600000000000023,0.6706666666666669,0,0.30500000000000005,0.27285714285714235,0.9827456077652638,0.42447769298162397,1,1,1,1,1,False,False,True,False,False,3.0,2026-01-02,4,2,1,1
02-01-2026 00:00,Fur_4,3619,9.61,158.738,27.284,34.051,15.06,60.81,82.85%,82.85,235.13299999999998,0.6750987738854181,0.11603645596322082,0.14481591269621877,0.06404885745514241,0.2145107018199127,0.17188070801017583,0.06404885745514241,0.8012686616760547,15.391289185269615,22.79857360683281,2.655429676706272,376.58684947067127,147.91028907044097,714.321,76.39519999999999,612.918,52.71,1456.3442,226060.835,82.29654999999998,17696.297110875246,2746905.368451047,2771101.6655619224,33048.32040026145,0.00640102960629533,0.42086067290960477,34778.59,5405.187638,4331.007592,574472.822,2.8100000000000023,2.8100000000000023,0.7206666666666668,0,0.30166666666666664,0.0,1.0,0.2905,1,1,1,0,0,False,False,False,True,False,4.0,2026-01-02,4,2,1,1
02-01-2026 00:00,Fur_5,3619,9.59,157.738,24.867,34.515,14.62,60.7,83.02%,83.02,231.74,0.6806679899887805,0.10730560110468629,0.14893846552170537,0.06308794338482782,0.21881220619754146,0.15764749041037995,0.06308794338482782,0.7204693402732337,15.616639337188227,22.94310804661459,2.6499032882011604,377.37222342312583,149.7635712436351,709.821,69.6276,621.27,51.169999999999995,1451.8886000000002,225590.365,81.109,17900.462340800652,2781323.4659532234,2805723.928294024,33393.52449766751,0.006394794700011735,0.4279047304317975,34706.21,5444.32707,3922.470846,570853.822,2.700000000000003,2.700000000000003,0.7133333333333335,0,0.30166666666666664,0.0,1.0,0.2905,1,1,1,0,0,False,False,False,False,True,5.0,2026-01-02,4,2,1,1
03-01-2026 00:00,Fur_1,3639,8.89,142.327,22.839,29.87,11.0,60.06,88.75%,88.75,206.036,0.6907870469238385,0.1108495602710206,0.1449746646217166,0.05338872818342426,0.20986882172835217,0.16046849747083478,0.05338872818342426,0.7646132988077234,17.661961987225535,25.56788223198773,2.442978840340753,409.3362869138035,157.014842066435,640.4715,63.94919999999999,537.66,38.5,1280.5807,210279.61500000002,72.1126,17758.071404997187,2915989.924090936,2940247.995495933,32760.4233481441,0.006053032309612294,0.4198563979607064,32350.710000000003,4251.30749,3250.6063529999997,517927.953,2.0600000000000023,2.0600000000000023,0.6706666666666669,0,0.2683333333333333,0.5357142857142857,0.9800038348868942,0.5443579098345217,1,1,1,1,1,True,False,False,False,False,1.0,2026-01-03,5,3,1,1
03-01-2026 00:00,Fur_2,3638,13.35,229.197,31.755,50.001,11.75,60.57,81.96%,81.96,322.703,0.7102413054728343,0.0984031756754663,0.15494432961577675,0.03641118923592282,0.21815730477206374,0.13854893328207205,0.03641118923592282,0.6350872855525432,11.273523952364869,15.872808039054577,3.6695986805937326,272.5093428831953,150.50154476407099,1031.3865,88.91399999999999,900.0179999999999,41.125,2061.4435,315687.45,112.94604999999999,18251.576748367916,2795028.688475604,2819780.265223972,33989.63675535164,0.006487649657228468,0.43659600663321596,48567.299999999996,11460.079197,7278.150735,833818.686,2.5700000000000003,2.5700000000000003,0.7046666666666667,0,0.27,0.0,1.0,0.281,1,1,1,0,0,False,True,False,False,False,2.0,2026-01-03,5,3,1,1
03-01-2026 00:00,Fur_3,3589,13.3,217.81,28.112,46.472,10.97,60.46,88.70%,88.7,303.36400000000003,0.7179823578275603,0.0926675544889967,0.15318890837409843,0.036161179309344545,0.2133602671440234,0.12906661710175557,0.036161179309344545,0.6049233817153687,11.830672063923206,16.477663943447666,3.7057676232933967,269.8496037707065,157.34793845017867,980.145,78.71359999999999,836.496,38.395,1933.7496,310269.05,106.1774,18212.440688884828,2922175.999789032,2946888.440477917,32852.71394066797,0.006193889364469365,0.4325772064800944,47733.700000000004,10122.06632,6123.07472,781720.09,2.460000000000001,2.460000000000001,0.6973333333333334,0,0.3516666666666667,0.528571428571429,0.978829442138199,0.5655516027133543,1,1,1,1,1,False,False,True,False,False,3.0,2026-01-03,5,3,1,1
03-01-2026 00:00,Fur_4,3590,9.52,156.703,31.022,32.702,13.91,61.82,83.02%,83.02,234.337,0.6687078865053321,0.13238199686775884,0.1395511592279495,0.05935895739895962,0.2086877710784875,0.19796685323212157,0.05935895739895962,0.9486269662825833,15.319817186359815,22.909580397889126,2.651810584958217,377.10080072470583,145.84465961414543,705.1635,86.8616,588.636,48.685,1429.3460999999998,222149.19999999998,82.01794999999998,17427.235135723342,2708543.6785484157,2732470.913684139,32521.672383767425,0.006393037815715538,0.41182188134840125,34176.799999999996,5124.501506,4861.240466,562563.77,3.8200000000000003,3.8200000000000003,0.788,0,0.35,0.0,1.0,0.305,1,1,1,0,0,False,False,False,True,False,4.0,2026-01-03,5,3,1,1
03-01-2026 00:00,Fur_5,3588,9.53,150.963,26.704,32.736,13.41,61.93,86.48%,86.48,223.813,0.6745050555597754,0.11931389150764254,0.14626496226760732,0.05991609066497478,0.21684783545075392,0.1768910251062113,0.05991609066497478,0.8157380004967622,16.03124036584113,23.76741304977105,2.656075808249721,376.4952385629341,152.77772068646593,679.3335,74.7712,589.2479999999999,46.935,1390.2876999999999,222258.65999999997,78.33455,17748.07795538495,2837300.5270343674,2861548.604989752,32710.889403175035,0.006216383820705096,0.42383170044588614,34193.64,4941.924767999999,4031.315952,541655.244,3.9299999999999997,3.9299999999999997,0.7953333333333333,0,0.3533333333333334,0.211428571428572,0.9939221782792347,0.410498721370133,1,1,1,1,1,False,False,False,False,True,5.0,2026-01-03,5,3,1,1
04-01-2026 00:00,Fur_1,3611,8.84,140.389,21.806,29.499,9.7,59.61,90.09%,90.09,201.394,0.6970863084302412,0.10827532101254259,0.1464740756924238,0.048164294864792394,0.2101232987618453,0.15532555858845382,0.048164294864792394,0.7392114736360056,17.930027706883024,25.721388244653152,2.4480753253946275,408.48411668731717,158.50144492884593,631.7505000000001,61.056799999999996,530.982,33.949999999999996,1257.7393,207488.06,70.4879,17843.33623217602,2943598.262964282,2967941.5991964582,32582.518379585665,0.006025219689295085,0.42217174894670145,31921.239999999998,4141.335111,3061.3225340000004,506944.67900000006,1.6099999999999994,1.6099999999999994,0.6406666666666666,0,0.31499999999999995,0.7271428571428576,0.9751060957354707,0.6530926477185229,1,1,1,1,1,True,False,False,False,False,1.0,2026-01-04,6,4,1,1
04-01-2026 00:00,Fur_2,3612,13.5,225.608,32.528,49.382,9.2,59.93,85.05%,85.05,316.718,0.7123308432106795,0.10270335124621903,0.1559178827853169,0.029047922757784523,0.21888408115455088,0.14417928378346828,0.029047922757784523,0.6587015378335925,11.404467065338881,16.010070493909478,3.7375415282392024,267.555535736627,153.9603053820749,1015.236,91.07839999999999,888.876,32.199999999999996,2027.3904,316953.0,110.8513,18289.279422072632,2859262.814238534,2884052.0936606065,33516.0034126741,0.006355846506607072,0.4384335646454674,48762.0,11140.974256,7338.577024,814896.096,1.9299999999999997,1.9299999999999997,0.662,0,0.31333333333333335,0.007142857142856737,0.9899423344604698,0.29555989546352235,1,1,1,1,1,False,True,False,False,False,2.0,2026-01-04,6,4,1,1
04-01-2026 00:00,Fur_3,3575,12.86,204.614,23.116,44.731,9.44,59.39,91.03%,91.03,281.901,0.725836375181358,0.08200041858666694,0.15867627287593872,0.033486933356036336,0.21861162863434747,0.1129736962623589,0.033486933356036336,0.5167780618189162,12.681757070744693,17.471922656944674,3.597202797202797,277.9937575432537,163.08739592977676,920.763,64.7248,805.158,33.04,1823.6858,298834.25,98.66535,18483.548682490866,3028765.92441014,3053749.473092631,33182.10880248431,0.0060656499724428695,0.4415003944210127,45974.5,9152.588834,4729.857224,731495.05,1.3900000000000006,1.3900000000000006,0.626,0,0.375,0.8614285714285715,0.9599305848837091,0.7352004026910276,1,1,1,1,1,False,False,True,False,False,3.0,2026-01-04,6,4,1,1
04-01-2026 00:00,Fur_4,3580,9.3,155.187,30.279,33.566,11.78,61.44,81.70%,81.7,230.812,0.6723523906902588,0.13118468710465658,0.1454257144342582,0.051037207770826466,0.21629388920274323,0.19511299145474173,0.051037207770826466,0.9020734999084341,15.510458728315685,23.0689424818513,2.5977653631284916,384.9461951670758,144.24726617333587,698.3415,84.7812,604.1880000000001,41.23,1428.5407,216411.00000000003,80.7842,17683.41705432498,2678877.8003619523,2703061.217416277,32685.141685807463,0.006557765846409535,0.4229406974544023,33294.0,5209.006842000001,4698.9071730000005,555569.4600000001,3.4399999999999977,3.4399999999999977,0.7626666666666665,0,0.3666666666666667,0.0,1.0,0.31,1,1,1,0,0,False,False,False,True,False,4.0,2026-01-04,6,4,1,1
04-01-2026 00:00,Fur_5,3577,9.49,153.631,27.499,34.661,12.05,61.34,83.82%,83.82,227.841,0.6742904042731553,0.12069381717952431,0.15212801910103976,0.05288775944628052,0.2256120169392114,0.17899382169618228,0.05288775944628052,0.7933700472181977,15.699544858036964,23.283061209761954,2.653061224489796,376.9230372051594,148.9886807027708,691.3395,76.99719999999999,623.898,42.175000000000004,1434.4097,220647.245,79.74435,17987.60288346447,2766932.6416228865,2791420.244506351,32909.929786681816,0.006458929270576981,0.43495104641302973,33945.73,5325.004091,4224.698869,549538.087,3.3400000000000034,3.3400000000000034,0.7560000000000002,0,0.3716666666666667,0.0,1.0,0.3115,1,1,1,0,0,False,False,False,False,True,5.0,2026-01-04,6,4,1,1
05-01-2026 00:00,Fur_1,3638,7.95,126.006,21.384,26.81,11.73,59.16,87.40%,87.4,185.92999999999998,0.6777066637982037,0.11501102565481634,0.14419405152476739,0.06308825902221267,0.21276764429656012,0.1697062031196435,0.06308825902221267,0.7976128012826259,19.566503522831177,28.87164080383759,2.1852666300164927,457.61000533207476,155.55370300650785,567.027,59.8752,482.58,41.055,1150.5372,187993.65,65.07549999999999,17680.036265568455,2888854.484406574,2913034.5206721425,32952.87919312378,0.006082857829426334,0.41943884995635083,28922.100000000002,3378.22086,2694.512304,458409.828,1.1599999999999966,1.1599999999999966,0.6106666666666665,0,0.27,0.3428571428571437,0.984816661073478,0.4493919036432674,1,1,1,1,1,True,False,False,False,False,1.0,2026-01-05,0,5,1,2
05-01-2026 00:00,Fur_2,3637,12.32,200.429,28.281,44.183,14.76,59.7,86.00%,86.0,287.653,0.6967735431231379,0.09831637424257698,0.15359825901346413,0.051311823620820915,0.22044215048499893,0.14110233478637155,0.051311823620820915,0.6400878020938415,12.643706132041034,18.146076575016206,3.387407203739346,295.21101499910594,155.77045954674557,901.9305,79.18679999999999,795.294,51.66,1828.0713,291250.96,100.67855,18157.505248138754,2892879.963010989,2917537.468259128,33534.913428265834,0.006237468753364206,0.43504539456420543,44807.840000000004,8855.554507,5668.332549,728960.273,1.7000000000000028,1.7000000000000028,0.6466666666666668,0,0.2716666666666666,0.14285714285714285,0.9840202944130723,0.34973263031118584,1,1,1,1,1,False,True,False,False,False,2.0,2026-01-05,0,5,1,2
05-01-2026 00:00,Fur_3,3580,12.36,211.503,23.78,45.992,10.86,59.26,82.98%,82.98,292.135,0.7239906207746418,0.08140072226881408,0.1574340630188098,0.037174593937734264,0.21745317930500666,0.11243339284817053,0.037174593937734264,0.5170464316175328,12.25460831464905,16.926473776133324,3.4525139664804465,289.6439895110041,151.46695876906224,951.7634999999999,66.584,827.856,38.01,1884.2134999999998,287617.2,102.24725,18428.011511312037,2812957.805711156,2837885.817222468,33792.40077664287,0.006508477721128639,0.43936422279110093,44248.799999999996,9727.445975999999,5029.54134,757180.74,1.259999999999998,1.259999999999998,0.6173333333333332,0,0.3666666666666667,0.0,0.9981070493900124,0.30962140987800246,1,1,1,0,0,False,False,True,False,False,3.0,2026-01-05,0,5,1,2
05-01-2026 00:00,Fur_4,3621,8.76,136.874,26.669,29.606,4.92,60.78,86.51%,86.51,198.069,0.6910420106124634,0.13464499745038347,0.14947316339255515,0.024839828544598097,0.21630112208088373,0.19484343122255923,0.024839828544598097,0.900797105289566,18.2815079593475,26.454987605717758,2.4192212096106047,413.3561171967903,160.1460097238841,615.933,74.6732,532.908,17.22,1240.7342,206179.74,69.32414999999999,17897.575375969274,2974140.1805864195,2998537.7559623886,34265.086915351254,0.005981734468525288,0.42951020452245126,31719.96,4052.291644,3650.2927059999997,495620.75399999996,2.780000000000001,2.780000000000001,0.7186666666666668,0,0.29833333333333334,0.21571428571428644,0.969695026937922,0.39129614824472764,1,1,1,1,1,False,False,False,True,False,4.0,2026-01-05,0,5,1,2
05-01-2026 00:00,Fur_5,3622,9.14,144.046,23.275,32.406,12.64,61.43,87.03%,87.03,212.36700000000002,0.6782880579374384,0.10959800722334448,0.15259432962748448,0.05951960521173252,0.22496979975167794,0.16158032738444436,0.05951960521173252,0.718231169591089,17.055380544058163,25.14474525398314,2.523467697404749,396.28004417067353,155.88617817269161,648.207,65.16999999999999,583.308,44.24,1340.925,215183.02000000002,74.32845,18040.534949941775,2895029.02320713,2919569.5581570715,33165.62033576135,0.006192964016058362,0.43500419486548464,33105.08,4667.954675999999,3352.6706499999996,521734.61199999996,3.4299999999999997,3.4299999999999997,0.762,0,0.29666666666666663,0.29000000000000015,0.983660910117695,0.430732182023539,1,1,1,1,1,False,False,False,False,True,5.0,2026-01-05,0,5,1,2
06-01-2026 00:00,Fur_1,3610,8.42,138.653,22.46,29.858,10.45,58.74,84.29%,84.29,201.421,0.6883741020052526,0.1115077375248857,0.1482367776944807,0.051881382775380916,0.2153433375740638,0.161987117754487,0.051881382775380916,0.7522271835947758,17.9226595042225,26.036219728125467,2.332409972299169,428.741041717216,150.90879302555345,623.9385,62.888,537.444,36.574999999999996,1260.8455000000001,197575.3,70.49735,17885.005606593724,2802591.870474564,2826976.8760811575,33145.466949011105,0.006341128253263189,0.42625682528113074,30396.2,4139.901274,3114.14638,500537.32999999996,0.740000000000002,0.740000000000002,0.5826666666666668,0,0.31666666666666665,0.0,1.0,0.295,1,1,1,0,0,True,False,False,False,False,1.0,2026-01-06,1,6,1,2
06-01-2026 00:00,Fur_2,3610,13.2,220.796,31.682,48.612,11.45,59.39,83.67%,83.67,312.53999999999996,0.7064567735329879,0.10136942471363666,0.15553849107314266,0.03663531068023293,0.22016703101429813,0.14348991764574576,0.03663531068023293,0.6517320692065319,11.550521533243746,16.349933801563736,3.6565096952908585,273.48482776630095,152.46688423881744,993.582,88.7096,875.0160000000001,40.074999999999996,1997.3826000000001,309738.0,109.38899999999998,18259.446562268604,2831527.850149467,2856287.296711736,33734.3486088548,0.006407301549606003,0.4380813170195835,47652.0,10733.335152,6995.258871999999,797073.5599999999,1.3900000000000006,1.3900000000000006,0.626,0,0.31666666666666665,0.0,0.9948526644600729,0.2939705328920146,1,1,1,0,0,False,True,False,False,False,2.0,2026-01-06,1,6,1,2
06-01-2026 00:00,Fur_3,3562,12.68,214.254,26.371,45.196,12.69,59.06,84.91%,84.91,298.511,0.7177423947526221,0.08834180314963266,0.15140480585305063,0.042510996244694496,0.2109458856733322,0.123082882358869,0.042510996244694496,0.5834808261022917,11.932558599180599,16.62512710789471,3.5597978663672096,280.91480434425836,151.30484303760997,964.1429999999999,73.83879999999999,813.528,44.415,1895.9248,293580.04,104.47885000000001,18146.493764048893,2809947.084984185,2834593.578748234,32994.920018021585,0.006416511073187636,0.42909296824431015,45166.159999999996,9683.423783999999,5650.092234,763172.748,1.0600000000000023,1.0600000000000023,0.6040000000000002,0,0.3966666666666666,0.0,0.998689296664345,0.318737859332869,1,1,1,0,0,False,False,True,False,False,3.0,2026-01-06,1,6,1,2
06-01-2026 00:00,Fur_4,3560,9.17,159.042,30.825,34.356,7.28,60.93,81.52%,81.52,231.503,0.6869975767052695,0.13315162222519794,0.1484041243526002,0.031446676716932395,0.21601840887301213,0.19381672643819414,0.031446676716932395,0.897223166339994,15.377770482455952,22.38402420502745,2.5758426966292136,388.22242222220046,141.01415532412108,715.689,86.30999999999999,618.408,25.48,1445.887,212193.8,81.02604999999998,17844.71784074381,2618834.3131622486,2643179.0310029923,32030.768674297047,0.006767876419890093,0.4277014732133286,32645.2,5464.046952000001,4902.46965,566189.52,2.9299999999999997,2.9299999999999997,0.7286666666666667,0,0.4,0.0,1.0,0.32,1,1,1,0,0,False,False,False,True,False,4.0,2026-01-06,1,6,1,2
06-01-2026 00:00,Fur_5,3562,9.58,163.259,26.4,36.543,12.09,60.64,82.53%,82.53,238.292,0.6851216154969533,0.11078844442952343,0.15335386836318465,0.05073607171033857,0.22383451923731912,0.16170624491325902,0.05073607171033857,0.7224365617919557,14.94804693401373,21.81809259019048,2.6895002807411568,371.81624511312685,143.20228962785154,734.6655,73.91999999999999,657.774,42.315,1508.6745,221805.74,83.4022,18089.145130464185,2659471.0930886716,2684060.238219136,32132.889240023174,0.006755831249755712,0.4359946429796487,34123.96,5965.973636999999,4310.0376,581528.558,2.6400000000000006,2.6400000000000006,0.7093333333333334,0,0.3966666666666666,0.0,1.0,0.319,1,1,1,0,0,False,False,False,False,True,5.0,2026-01-06,1,6,1,2
07-01-2026 00:00,Fur_1,3639,8.14,135.041,19.845,29.123,15.64,60.01,84.49%,84.49,199.649,0.6763920680794795,0.09939944602777874,0.1458710036113379,0.07833748228140387,0.21566042745788,0.14695536802189432,0.07833748228140387,0.6814201599622236,18.22698836457984,26.947371339464524,2.2368782632591375,447.0515421312602,148.3676852876799,607.6845,55.565999999999995,524.214,54.74,1242.2045,192539.49000000002,69.87715,17776.977166355526,2755399.869628341,2779676.8467946965,32514.64319563337,0.00641032943387746,0.42200297938060927,29621.460000000003,3932.799043,2679.888645,491414.19899999996,2.009999999999998,2.009999999999998,0.6673333333333332,0,0.2683333333333333,0.0,1.0,0.28049999999999997,1,1,1,0,0,True,False,False,False,False,1.0,2026-01-07,2,7,1,2
07-01-2026 00:00,Fur_2,3606,13.08,222.024,31.203,47.337,12.75,59.3,83.25%,83.25,313.314,0.7086309580803921,0.099590187479653,0.15108485417185316,0.040694000268101646,0.2132066793985935,0.14053886003072252,0.040694000268101646,0.65916723368259,11.509220781707807,16.24148733361489,3.6272878535773714,275.6880523174272,150.54060782473812,999.108,87.3684,852.066,44.625,1983.1674,306582.12,109.65990000000001,18084.709178104302,2795754.145316565,2820338.8544946695,33475.832100826934,0.006427059299866016,0.4296490553444959,47166.48,10509.950088000001,6927.814872,800618.544,1.2999999999999972,1.2999999999999972,0.6199999999999998,0,0.32333333333333336,0.0,1.0,0.29700000000000004,1,1,1,0,0,False,True,False,False,False,2.0,2026-01-07,2,7,1,2
07-01-2026 00:00,Fur_3,3565,12.91,229.036,25.129,46.14,11.39,59.74,83.11%,83.11,311.695,0.7348080655769261,0.08062047835223536,0.14802932353743242,0.03654213253340605,0.20145304580304824,0.10971637598579972,0.03654213253340605,0.5446250423791712,11.437462904441842,15.565238584479127,3.621318373071529,276.1425037844691,147.6576460963442,1030.662,70.3612,830.52,39.865,1971.4082,299156.975,109.09325,18070.854062923234,2742213.4275035346,2766784.281566458,32894.831548763024,0.006546736574780641,0.42128261412324447,46024.15,10567.72104,5755.445644,816513.34,1.740000000000002,1.740000000000002,0.6493333333333334,0,0.3916666666666667,0.0,1.0,0.3175,1,1,1,0,0,False,False,True,False,False,3.0,2026-01-07,2,7,1,2
07-01-2026 00:00,Fur_4,3586,9.53,161.733,30.971,34.605,8.94,61.58,82.42%,82.42,236.249,0.684587024706983,0.13109473479252823,0.1464768104838539,0.03784143001663499,0.2139637537548691,0.19149462267134956,0.03784143001663499,0.8949862477969588,15.178900228149114,22.172345642680554,2.6575571667596205,376.2853749962881,144.65491917426104,727.7985,86.7188,622.89,31.29,1468.6972999999998,222134.77,82.68714999999999,17762.098463908842,2686448.498950563,2710710.5974144717,32494.73264702076,0.006568311832255742,0.4241105365959344,34174.579999999994,5596.770465,5009.032743,579974.5380000001,3.5799999999999983,3.5799999999999983,0.7719999999999999,0,0.3566666666666667,0.0,1.0,0.307,1,1,1,0,0,False,False,False,True,False,4.0,2026-01-07,2,7,1,2
07-01-2026 00:00,Fur_5,3619,9.58,149.439,24.778,33.158,12.51,61.27,88.44%,88.44,219.885,0.6796234395252063,0.11268617686517952,0.15079700752666167,0.05689337608295245,0.2218831749283442,0.16580678292944423,0.05689337608295245,0.747270621048597,16.458603360847718,24.217238978999866,2.6471400939486043,377.7661401079186,157.67342019692111,672.4755,69.37839999999998,596.844,43.785,1382.4829000000002,225355.13,76.95974999999999,17963.713499589077,2928220.6607999643,2952684.374299553,33013.018496193574,0.006097280827463453,0.4317189022735832,34670.02,4955.098362,3702.7995419999997,540819.7409999999,3.270000000000003,3.270000000000003,0.7513333333333335,0,0.30166666666666664,0.4914285714285711,0.9778044050103387,0.5317751667163533,1,1,1,1,1,False,False,False,False,True,5.0,2026-01-07,2,7,1,2
08-01-2026 00:00,Fur_1,3625,8.54,133.225,18.084,28.344,11.94,59.71,91.55%,91.55,191.593,0.6953542144024051,0.09438758200978116,0.1479385990093584,0.062319604578455375,0.21275286010318742,0.13574028796592016,0.062319604578455375,0.6380186057712882,18.920315460376948,27.209607602104654,2.355862068965517,424.47301821159044,161.5794940316191,599.5124999999999,50.6352,510.192,41.79,1202.1297,201223.74999999997,67.05754999999999,17926.835978946445,3000762.0320157832,3025188.86799473,32687.075829224526,0.005938616652088088,0.42440678405998955,30957.499999999996,3776.1294,2409.2409,482940.625,1.7100000000000009,1.7100000000000009,0.6473333333333334,0,0.29166666666666663,0.9357142857142853,0.9649816571561735,0.7483534742883774,1,1,1,1,1,True,False,False,False,False,1.0,2026-01-08,3,8,1,2
08-01-2026 00:00,Fur_2,3566,11.32,201.591,24.919,41.499,14.77,59.93,82.52%,82.52,282.779,0.7128924000721412,0.08812181951276439,0.14675417905855812,0.05223160135653637,0.20585740332724475,0.12361166855855832,0.05223160135653637,0.600472286067802,12.610554531984342,17.689281675822425,3.174425126191812,315.01764001610957,142.75147730206274,907.1595,69.7732,746.9820000000001,51.695,1775.6097,262386.28,98.97264999999999,17940.407779320856,2651098.864181166,2675539.271960487,32034.713505274034,0.006721672463868659,0.4206904253789558,40367.12,8365.824909,5023.446129,718873.506,1.9299999999999997,1.9299999999999997,0.662,0,0.39,0.0,1.0,0.317,1,1,1,0,0,False,True,False,False,False,2.0,2026-01-08,3,8,1,2
08-01-2026 00:00,Fur_3,3583,11.04,194.411,19.391,39.241,12.37,59.9,84.16%,84.16,265.413,0.7324848443746161,0.07305972201813776,0.14784882428517065,0.0466066093220754,0.20184557354344365,0.0997422980194418,0.0466066093220754,0.4941515125977546,13.499715537671477,18.430027012720334,3.0812168573820817,324.54707205189567,149.03685953589311,874.8495,54.294799999999995,706.338,43.294999999999995,1678.7773000000002,257116.08,92.89455,18071.859974562558,2767827.391380872,2792399.251355435,32790.03348233249,0.006486903632918522,0.420745503289805,39556.32,7628.882051,3769.823701,696574.613,1.8999999999999986,1.8999999999999986,0.6599999999999999,0,0.3616666666666667,0.0,1.0,0.3085,1,0,1,0,0,False,False,True,False,False,3.0,2026-01-08,3,8,1,2
08-01-2026 00:00,Fur_4,3580,9.05,151.772,29.445,32.099,10.88,62.32,84.41%,84.41,224.19599999999997,0.6769612303520135,0.13133597387999787,0.14317383004157078,0.04852896572641797,0.21149487249627816,0.19400811616103028,0.04852896572641797,0.9173182679423576,15.968170707773558,23.588013443928965,2.527932960893855,395.58006678673297,144.5119449053507,682.9739999999999,82.446,577.7819999999999,38.080000000000005,1381.2819999999997,210593.50000000003,78.46859999999998,17602.99024068226,2683793.262527942,2707896.2527686246,31704.67454359706,0.006516256259199736,0.4182940196136633,32399.000000000004,4871.729428,4468.9265399999995,543343.76,4.32,4.32,0.8213333333333334,0,0.3666666666666667,0.0,1.0,0.31,1,1,1,0,0,False,False,False,True,False,4.0,2026-01-08,3,8,1,2
08-01-2026 00:00,Fur_5,3581,9.05,152.986,28.78,32.597,11.62,61.99,83.39%,83.39,225.983,0.6769801268236991,0.1273547125226234,0.14424536358929654,0.05141979706438094,0.2130717829535266,0.18812178769219548,0.05141979706438094,0.882903307577283,15.846324723541152,23.40737045607199,2.5272270315554315,395.69056401209235,143.40923874804744,688.4369999999999,80.584,586.746,40.669999999999995,1396.437,210652.325,79.09405,17655.39885743618,2663314.433892309,2687469.8327497453,31845.83283267858,0.00658545226498422,0.4201736275965189,32408.050000000003,4986.884642,4402.93708,547842.8659999999,3.990000000000002,3.990000000000002,0.7993333333333335,0,0.365,0.0,1.0,0.3095,1,1,1,0,0,False,False,False,False,True,5.0,2026-01-08,3,8,1,2
09-01-2026 00:00,Fur_1,3614,8.7,135.608,20.445,28.994,9.08,58.08,86.24%,86.24,194.127,0.6985530091125912,0.10531765287672502,0.14935583406738887,0.04677350394329485,0.21380744341183822,0.15076544045509527,0.04677350394329485,0.7051458679331631,18.61667877214401,26.65034491585788,2.4073049252905365,415.4022511031896,161.96510531765284,610.236,57.245999999999995,521.892,31.78,1221.154,204371.69999999998,67.94445,17972.82927450292,3007923.384470696,3032396.213745199,34759.24133132966,0.005939671424571985,0.42737607214159723,31441.799999999996,3931.8183520000002,2772.50556,490087.31200000003,0.0799999999999983,0.0799999999999983,0.5386666666666665,1,0.31000000000000005,0.1771428571428564,0.963707005440866,0.37431282965960144,1,1,1,1,1,True,False,False,False,False,1.0,2026-01-09,4,9,1,2
09-01-2026 00:00,Fur_2,3612,11.82,186.014,24.545,39.824,11.43,58.76,90.58%,90.58,261.81300000000005,0.7104842005553581,0.09375011936000122,0.15210856603759168,0.04365711404704884,0.2140914113233874,0.13195243297841866,0.04365711404704884,0.6163368668055227,13.796106381272127,19.417893172460712,3.272425249169435,305.5837304920702,163.06997742663657,837.0630000000001,68.726,716.832,40.004999999999995,1662.6260000000002,277509.96,91.63455,18144.095212995537,3028442.4379232507,3053086.5331362463,33337.91802944143,0.0059555489449096555,0.43114446664493394,42693.840000000004,7407.821536,4565.71363,671882.5680000001,0.759999999999998,0.759999999999998,0.5839999999999999,0,0.31333333333333335,0.7971428571428569,0.9600478288153599,0.6845809943345005,1,1,1,1,1,False,True,False,False,False,2.0,2026-01-09,4,9,1,2
09-01-2026 00:00,Fur_3,3610,11.07,181.817,20.503,38.917,8.56,58.83,84.72%,84.72,249.797,0.7278590215254788,0.082078647862064,0.1557945051381722,0.03426782547428512,0.21404489011453884,0.1127672323667906,0.03426782547428512,0.5268391570049296,14.451734808664636,19.85512894913496,3.066481994459834,326.10656494068974,159.98070433191754,818.1765,57.40839999999999,700.5060000000001,29.96,1606.0509000000002,259757.55000000002,87.42895,18369.78369293009,2971070.2233070396,2995940.0069999695,34950.30339477333,0.00614489123378159,0.436166749136033,39962.700000000004,7075.772189,3727.793951,656359.37,0.8299999999999983,0.8299999999999983,0.5886666666666666,0,0.31666666666666665,0.0,0.9701544505989376,0.2890308901197875,1,1,1,0,0,False,False,True,False,False,3.0,2026-01-09,4,9,1,2
09-01-2026 00:00,Fur_4,3580,9.05,149.975,28.919,30.857,12.85,61.34,79.70%,79.7,222.601,0.6737391116841344,0.12991406148220358,0.13862022183188755,0.05772660500177448,0.20574762323222123,0.19282546962610123,0.05772660500177448,0.937194123304465,16.082587230066352,23.87064494835376,2.527932960893855,395.58006678673297,145.5474144321005,674.8874999999999,80.97319999999999,555.4259999999999,44.975,1356.2616999999998,210593.50000000003,77.91035,17407.97852916846,2703023.4108818667,2726931.389411035,33790.97136816648,0.006398977234613233,0.40952715836479053,32399.000000000004,4627.778574999999,4337.127025,536910.5,3.3400000000000034,3.3400000000000034,0.7560000000000002,0,0.3666666666666667,0.0,1.0,0.31,1,1,1,0,0,False,False,False,True,False,4.0,2026-01-09,4,9,1,2
09-01-2026 00:00,Fur_5,3580,9.02,147.996,28.65,29.872,17.87,60.86,81.05%,81.05,224.38800000000003,0.6595539868442162,0.12768062463233326,0.13312654865679088,0.07963883986665952,0.20184329169813175,0.19358631183554748,0.07963883986665952,0.9590920942992737,15.954507371160666,24.189842805279582,2.519553072625698,396.8957431379443,143.9096564878692,665.9820000000001,80.21999999999998,537.696,62.545,1346.4430000000002,209895.4,78.53580000000001,17144.321443214434,2672607.9062032853,2696252.2276465,32861.08747893358,0.0063739407916451486,0.39934553486482527,32291.6,4420.936512,4240.0854,529825.68,2.8599999999999994,2.8599999999999994,0.724,0,0.3666666666666667,0.0,1.0,0.31,1,1,1,0,0,False,False,False,False,True,5.0,2026-01-09,4,9,1,2
10-01-2026 00:00,Fur_1,3614,8.7,142.87,24.147,28.994,9.08,58.51,86.24%,86.24,205.091,0.6966175990170217,0.1177379797260728,0.14137139123608544,0.044273030020820024,0.20293973400336154,0.16901378757602165,0.044273030020820024,0.8328274528237755,17.621446089784534,25.29572320784123,2.4073049252905365,415.4022511031896,153.30658098112542,642.915,67.6116,521.892,31.78,1264.1986,204371.69999999998,71.78184999999999,17611.67481752003,2847122.218220901,2871233.8930384214,32911.896985768246,0.006147752452790848,0.412824377435634,31441.799999999996,4142.37278,3449.88189,516332.18,0.509999999999998,0.509999999999998,0.5673333333333332,0,0.31000000000000005,0.1771428571428564,0.9922092912537053,0.3800132868221693,1,1,1,1,1,True,False,False,False,False,1.0,2026-01-10,5,10,1,2
10-01-2026 00:00,Fur_2,3612,11.82,192.013,28.516,39.824,11.43,59.9,90.58%,90.58,271.783,0.7064937836435685,0.10492194140178009,0.14652866441241724,0.042055610542234056,0.20740262270053264,0.14851077714263733,0.042055610542234056,0.7160506047596775,13.290014460065565,18.811226225249197,3.272425249169435,305.5837304920702,157.087970917975,864.0585,79.84479999999999,716.832,40.004999999999995,1700.7403,277509.96,95.12405,17879.18302469249,2917348.031333822,2941727.214358514,32121.939444840733,0.0060912432731719335,0.421482339190763,42693.840000000004,7646.7257119999995,5475.442708,693550.956,1.8999999999999986,1.8999999999999986,0.6599999999999999,0,0.31333333333333335,0.7971428571428569,0.9797422283363301,0.6885198742386944,1,1,1,1,1,False,True,False,False,False,2.0,2026-01-10,5,10,1,2
10-01-2026 00:00,Fur_3,3610,11.07,188.993,25.514,38.917,8.56,58.98,84.72%,84.72,261.984,0.7213913826798584,0.0973876267252962,0.14854723952607796,0.03267375106876756,0.20591767840122294,0.13499970826962,0.03267375106876756,0.6556003634504108,13.779467448393795,19.10123645266631,3.066481994459834,326.10656494068974,152.53870465371935,850.4685,71.4392,700.5060000000001,29.96,1652.3737,259757.55000000002,91.69439999999999,18020.442906000808,2832861.657854788,2857382.1007607887,33333.90224872595,0.006321006014661868,0.42393920939312946,39962.700000000004,7355.040581,4821.967401999999,682264.73,0.9799999999999969,0.9799999999999969,0.5986666666666665,0,0.31666666666666665,0.0,0.9946590434090834,0.2939318086818167,1,1,1,0,0,False,False,True,False,False,3.0,2026-01-10,5,10,1,2
10-01-2026 00:00,Fur_4,3580,9.05,153.045,29.939,30.857,12.85,60.67,79.70%,79.7,226.69099999999997,0.6751260526443486,0.13206964546453104,0.1361192107317891,0.05668509115933143,0.20162043711574743,0.19562220134194389,0.05668509115933143,0.9702498308244537,15.792422284078329,23.391812712654367,2.527932960893855,395.58006678673297,142.9214216709089,688.7025,83.8292,555.4259999999999,44.975,1372.9326999999998,210593.50000000003,79.34184999999998,17304.016732657485,2654254.9738883083,2678058.9906209656,33185.36543520403,0.006477123205366845,0.4045544257194836,32399.000000000004,4722.509564999999,4582.014255,547901.1,2.6700000000000017,2.6700000000000017,0.7113333333333335,0,0.3666666666666667,0.0,1.0,0.31,1,1,1,0,0,False,False,False,True,False,4.0,2026-01-10,5,10,1,2
10-01-2026 00:00,Fur_5,3580,9.02,147.968,28.975,29.872,17.87,60.15,81.05%,81.05,224.685,0.658557536106104,0.12895831942497274,0.13295057524979415,0.079533569219129,0.20188148652491428,0.19581936502609104,0.079533569219129,0.9699718475504872,15.933417896165743,24.194420251713748,2.519553072625698,396.8957431379443,143.719429423415,665.856,81.13,537.696,62.545,1347.227,209895.4,78.63974999999999,17131.62872465897,2669075.117863422,2692706.7465880807,32817.87625335869,0.006377628507715917,0.3991131412894783,32291.6,4420.100095999999,4287.3728,529725.44,2.1499999999999986,2.1499999999999986,0.6766666666666665,0,0.3666666666666667,0.0,1.0,0.31,1,1,1,0,0,False,False,False,False,True,5.0,2026-01-10,5,10,1,2
11-01-2026 00:00,Fur_1,3623,8.51,140.43,21.459,29.054,15.44,59.19,88.04%,88.04,206.383,0.6804339504707267,0.10397658721890853,0.14077709888895887,0.07481236342140583,0.2068931125336957,0.15280922770911323,0.07481236342140583,0.7385901859093348,17.55474045827418,25.799330443642166,2.348882141871377,425.7343800547145,149.39084129991326,631.9350000000001,60.08519999999999,522.972,54.04,1269.0322,200406.245,72.23405,17568.337923735417,2774401.3384269606,2798469.676350696,31429.353957218056,0.0062924529849115295,0.41210301834736734,30831.73,4080.05322,3013.4873700000003,508777.89,1.1899999999999977,1.1899999999999977,0.6126666666666665,0,0.29500000000000004,0.43428571428571516,1.0,0.5056428571428576,1,1,1,1,1,True,False,False,False,False,1.0,2026-01-11,6,11,1,2
11-01-2026 00:00,Fur_2,3621,11.98,194.399,28.851,41.747,13.74,59.84,89.46%,89.46,278.737,0.6974280414871366,0.10350617248517419,0.1497720073043765,0.049293778723312656,0.21474904595831745,0.14841125649611747,0.049293778723312656,0.691091558888266,12.99074037533589,18.626638930104377,3.3084783209058273,302.25373103057336,155.62906969652397,874.7955,80.7828,751.446,48.09,1755.1143,281967.27,97.55795,17990.47950474564,2890254.151506874,2914744.631011619,32221.36448166725,0.006186026895023523,0.42814647456293875,43379.58,8115.575053,5608.605549,703918.779,1.8400000000000034,1.8400000000000034,0.6560000000000002,0,0.29833333333333334,0.6371428571428562,0.9845142203202455,0.6049742726354772,1,1,1,1,1,False,True,False,False,False,2.0,2026-01-11,6,11,1,2
11-01-2026 00:00,Fur_3,3588,10.87,189.881,28.661,39.801,11.76,58.1,82.55%,82.55,270.103,0.7029947834714905,0.10611137232833401,0.147354897946339,0.043538946253836495,0.2096102284609296,0.1509419049249693,0.043538946253836495,0.7201075168938591,13.283821357037871,18.896045318404447,3.0295429208472684,330.08276632173266,144.39513815100165,854.4645,80.2508,716.418,41.16,1692.2933,253510.13999999998,94.53605,17901.03669446735,2681623.994232888,2706025.0309273554,32388.09133366075,0.006631180111087131,0.42334150941801874,39001.56,7557.453681,5442.179341,681293.028,0.10000000000000142,0.10000000000000142,0.5400000000000001,1,0.3533333333333334,0.0,1.0,0.30600000000000005,1,1,1,0,0,False,False,True,False,False,3.0,2026-01-11,6,11,1,2
11-01-2026 00:00,Fur_4,3622,8.97,144.359,30.878,29.812,25.61,60.65,80.03%,80.03,230.65900000000005,0.6258546165551744,0.13386861123996893,0.12924707035060412,0.11102970185425236,0.20651292814086458,0.21389729622747944,0.11102970185425236,1.035757378379264,15.702834053732996,25.09022627553373,2.4765323025952517,403.79036747041613,140.854421461985,649.6155,86.4584,536.616,89.63499999999999,1362.3248999999998,211180.71000000002,80.73065000000001,16874.940310774156,2615867.82715115,2639242.7674619243,32571.180642501844,0.006409642643152075,0.3938972267188246,32489.340000000004,4303.630508,4457.517202,522868.298,2.6499999999999986,2.6499999999999986,0.7099999999999999,0,0.29666666666666663,0.0,1.0,0.289,1,0,1,0,0,False,False,False,True,False,4.0,2026-01-11,6,11,1,2
11-01-2026 00:00,Fur_5,3588,9.04,156.286,33.205,32.066,14.39,61.29,77.82%,77.82,235.947,0.6623775678436259,0.14073075733109552,0.13590340203520282,0.06098827279007574,0.205175126337771,0.21246304715417216,0.06098827279007574,1.035520456698046,15.206804918053631,22.957910350524614,2.5195094760312147,396.90261096210065,137.4695164592048,703.287,92.97399999999999,577.1880000000001,50.365,1423.814,210830.87999999998,82.58144999999999,17241.329620635148,2553005.305670947,2576746.635291582,32691.533053686657,0.006708044817138415,0.4053816018103489,32435.519999999997,5011.466876,5189.47663,560754.168,3.289999999999999,3.289999999999999,0.7526666666666666,0,0.3533333333333334,0.0,1.0,0.30600000000000005,1,0,1,0,0,False,False,False,False,True,5.0,2026-01-11,6,11,1,2
12-01-2026 00:00,Fur_1,3595,8.88,145.817,23.457,30.94,15.95,58.34,86.75%,86.75,216.164,0.6745665328176755,0.10851483133176663,0.14313206639403417,0.07378656945652375,0.21218376312649578,0.16086601589069852,0.07378656945652375,0.758144771876381,16.630891360263504,24.654189671614493,2.47009735744089,404.8422967519936,147.68231527913994,656.1765,65.6796,556.9200000000001,55.824999999999996,1334.6011,207503.40000000002,75.6574,17640.060324568385,2742671.5694697415,2766811.62979431,31530.616863752817,0.006390604645564193,0.4172932271672787,31923.600000000002,4511.57798,3420.4293690000004,524212.11500000005,0.3400000000000034,0.3400000000000034,0.5560000000000003,1,0.3416666666666667,0.25,1.0,0.4275,1,1,1,1,1,True,False,False,False,False,1.0,2026-01-12,0,12,1,3
12-01-2026 00:00,Fur_2,3565,12.06,208.832,31.011,45.572,12.75,59.53,84.49%,84.49,298.16499999999996,0.7003907232572569,0.10400617107977128,0.15284154746532963,0.04276155819764225,0.2182232597579717,0.14849735601585315,0.04276155819764225,0.6804836153672514,11.95646705683095,17.071138441085953,3.38288920056101,295.6052822881192,144.19499270538128,939.7439999999999,86.8308,820.296,44.625,1891.4958,279460.35000000003,104.35774999999998,18125.110976424847,2677907.0073856525,2702532.1183620775,31612.260128226433,0.006722883920031492,0.43367582418105294,42993.9,9516.891904,6476.089152,744486.08,1.5300000000000011,1.5300000000000011,0.6353333333333334,0,0.3916666666666667,0.0,1.0,0.3175,1,1,1,0,0,False,True,False,False,False,2.0,2026-01-12,0,12,1,3
12-01-2026 00:00,Fur_3,3591,11.01,184.193,23.794,38.3,12.44,58.5,86.08%,86.08,258.72700000000003,0.7119202866341742,0.09196566264827404,0.14803248211435216,0.0480815686031995,0.20793406802683015,0.12917971839766051,0.0480815686031995,0.6212532474868605,13.879494602418765,19.495854785492092,3.0659983291562236,326.15800852334166,152.8132355726306,828.8685,66.6232,689.4,43.54,1628.4317,256989.915,90.55445,17982.90089553854,2837960.089205997,2862442.990101536,32871.416974064494,0.0062966596174593836,0.4233521123422001,39536.909999999996,7054.5919,4382.688242,661437.0630000001,0.5,0.5,0.5666666666666667,1,0.3483333333333334,0.15428571428571405,0.9937640022243664,0.38039565758773036,1,1,1,1,1,False,False,True,False,False,3.0,2026-01-12,0,12,1,3
12-01-2026 00:00,Fur_4,3589,9.07,148.736,31.741,31.047,14.34,61.3,82.19%,82.19,225.86399999999998,0.6585201714305954,0.1405314702652924,0.13745882477951335,0.06348953352459888,0.20873897234873218,0.2134049576874129,0.06348953352459888,1.0223531734997529,15.890093153402049,24.13000198922923,2.5271663415993313,395.700066626233,144.12314490135657,669.3119999999999,88.8748,558.846,50.19,1367.2228,211589.495,79.05239999999999,17295.146004422386,2676572.6910251933,2700367.837029616,32460.245666902465,0.0064201909858699,0.40874537785648396,32552.23,4617.806592,4721.0293759999995,533813.504,3.299999999999997,3.299999999999997,0.7533333333333332,0,0.3516666666666667,0.0,1.0,0.3055,1,0,1,0,0,False,False,False,True,False,4.0,2026-01-12,0,12,1,3
12-01-2026 00:00,Fur_5,3591,9.03,153.652,32.375,32.696,18.89,61.24,79.02%,79.02,237.613,0.646648121104485,0.1362509626998523,0.13760189888600372,0.07949901730965898,0.21279254280586948,0.21070340632921536,0.07949901730965898,0.99018225501033,15.112809484329562,23.370994042570263,2.514619883040935,397.6743745654071,136.46866964349593,691.434,90.64999999999999,588.528,66.11500000000001,1436.727,210773.745,83.16454999999999,17275.714231604696,2534418.1505220677,2558193.8647536724,31969.430951682985,0.006770292655491572,0.4096310572572242,32426.729999999996,5023.805791999999,4974.483499999999,551764.3319999999,3.240000000000002,3.240000000000002,0.7493333333333335,0,0.3483333333333334,0.0,1.0,0.3045,1,0,1,0,0,False,False,False,False,True,5.0,2026-01-12,0,12,1,3
13-01-2026 00:00,Fur_1,3901,7.09,59.417,9.941,12.494,7.85,57.71,87.32%,87.32,89.702,0.6623821096519588,0.11082250117054247,0.13928340505228423,0.0875119841252146,0.21027651664882918,0.1673090164883953,0.0875119841252146,0.7956618540369895,43.48843949967671,65.65460952834022,1.8174826967444246,550.2114879814544,308.3330360527079,267.3765,27.8348,224.892,27.474999999999998,547.5783,179777.585,31.395699999999998,17441.18780597343,5726184.955264575,5750126.143070548,65105.594917012546,0.0030366161326526304,0.410702907693749,27658.09,742.355998,590.664397,231785.717,-0.28999999999999915,0.28999999999999915,0.514,1,0.0,0.33142857142857046,0.48306416741252933,0.2623271191967911,1,1,0,1,0,True,False,False,False,False,1.0,2026-01-13,1,13,1,3
13-01-2026 00:00,Fur_2,3602,10.48,144.002,21.46,30.846,13.68,59.22,83.37%,83.37,209.98800000000003,0.6857629959807227,0.10219631597996075,0.14689410823475627,0.06514657980456025,0.21420535677139652,0.14902570694139175,0.06514657980456025,0.6957141705338076,17.153361144446347,25.013541304887838,2.909494725152693,343.702257280319,179.7672247937977,648.009,60.088,555.228,47.879999999999995,1311.205,245368.24000000002,73.4958,17840.543269139187,3338534.1747419583,3362874.7180110975,39858.65494857292,0.005315420585610608,0.42344865982054675,37748.96,4441.885692000001,3090.28292,518695.204,1.2199999999999989,1.2199999999999989,0.6146666666666666,0,0.32999999999999996,0.0,0.9052603862666229,0.2800520772533246,1,1,1,0,0,False,True,False,False,False,2.0,2026-01-13,1,13,1,3
13-01-2026 00:00,Fur_3,3600,9.4,150.042,19.791,31.941,15.56,58.86,90.87%,90.87,217.334,0.690375182898212,0.09106260410244141,0.14696734059097977,0.07159487240836684,0.2128803920710175,0.13190306626209283,0.07159487240836684,0.6196111386740822,16.564366366974333,23.993281721162862,2.611111111111111,382.9786826618423,155.70504384955873,675.189,55.4148,574.938,54.46,1360.0018,219960.0,76.06689999999999,17879.02228170203,2891665.100063234,2916044.1223449362,31740.98315385802,0.00614495657391595,0.42274796989239277,33840.0,4792.491522,2969.481222,540151.2,0.8599999999999994,0.8599999999999994,0.5906666666666667,0,0.33333333333333337,0.8385714285714292,0.9842843993966507,0.7161425941650448,1,1,1,1,1,False,False,True,False,False,3.0,2026-01-13,1,13,1,3
13-01-2026 00:00,Fur_4,3601,8.25,135.27,29.037,28.118,13.36,60.9,82.08%,82.08,205.78500000000003,0.657336540564181,0.1411035789780596,0.1366377529946303,0.06492212746312899,0.20786574844484548,0.21465956816249301,0.06492212746312899,1.032683653436103,17.498845882838882,26.620832212457806,2.2910302693696196,436.48479557760055,144.3654785334208,608.715,81.30359999999999,506.12399999999997,46.76,1242.9026,193103.625,72.02475,17256.604153433367,2681073.1727635292,2704829.7769169626,32556.930391393387,0.006395291005960839,0.407211313259784,29708.25,3803.5218600000003,3927.8349900000003,487107.27,2.8999999999999986,2.8999999999999986,0.7266666666666666,0,0.33166666666666667,0.0,1.0,0.2995,1,0,1,0,0,False,False,False,True,False,4.0,2026-01-13,1,13,1,3
13-01-2026 00:00,Fur_5,4506,3.44,7.368,1.48,1.613,13.35,59.88,91.03%,91.03,23.811,0.30943681491747516,0.062156146318928227,0.06774180000839948,0.5606652387551971,0.2189196228393563,0.20086859380176522,0.5606652387551971,0.9175443784597778,189.24026710343958,611.5634349126717,0.7634265423879272,1309.8833401501918,650.9865188358322,33.156,4.144,29.034,46.725,113.059,100754.16,8.33385,13566.238893188622,12089749.635522598,12109815.874415787,131585.52509416264,0.0011208696058131631,0.2568039696087883,15500.64,11.884584,10.90464,33200.208,1.8800000000000026,1.8800000000000026,0.6586666666666668,0,0.0,0.8614285714285715,0.0,0.43071428571428577,1,0,0,1,0,False,False,False,False,True,5.0,2026-01-13,1,13,1,3
14-01-2026 00:00,Fur_1,3604,8.77,145.79,23.973,30.92,12.41,59.88,84.38%,84.38,213.093,0.6841613755496426,0.1125001759795019,0.14510096530622782,0.05823748316462765,0.21208587549155722,0.16443514531562423,0.05823748316462765,0.7753233901900585,16.912803330001456,24.72048820412588,2.4334073251942283,410.9463613516122,148.32528520411276,656.055,67.1244,556.5600000000001,43.435,1323.1743999999999,205446.02,74.58255,17741.07214086941,2754612.4395049512,2778853.5116458205,32546.89050885243,0.006399282077968961,0.42062482466408063,31607.079999999998,4507.8268,3495.0236699999996,525427.1599999999,1.8800000000000026,1.8800000000000026,0.6586666666666668,0,0.32666666666666666,0.0,1.0,0.298,1,1,1,0,0,True,False,False,False,False,1.0,2026-01-14,2,14,1,3
14-01-2026 00:00,Fur_2,3590,13.02,218.401,29.961,46.625,11.4,59.91,83.62%,83.62,306.387,0.7128272413646793,0.09778809153129865,0.15217682212365408,0.037207844980367964,0.21348345376860245,0.13718343717664552,0.037207844980367964,0.6425951604805328,11.717207322765,16.437653598483276,3.6267409470752088,275.7296255199981,152.5580393424003,982.8045000000001,83.89079999999998,839.25,39.9,1945.8453000000002,303821.7,107.23545,18145.541423102157,2833220.730644577,2857866.2720676796,33772.94105492412,0.0063638058711916546,0.43130355737940723,46741.799999999996,10182.946625,6543.512361,784059.5900000001,1.9099999999999966,1.9099999999999966,0.6606666666666664,0,0.35,0.0,0.9945734155221749,0.303914683104435,1,1,1,0,0,False,True,False,False,False,2.0,2026-01-14,2,14,1,3
14-01-2026 00:00,Fur_3,3573,12.73,212.972,27.321,45.592,14.73,59.37,88.24%,88.24,300.615,0.708454335279344,0.09088368843870066,0.15166242536134258,0.04899955092061274,0.21407508867797131,0.12828446871755692,0.04899955092061274,0.5992498552542145,11.885634449378774,16.776853216493937,3.562832353764344,280.6755474724629,151.3041265405918,958.374,76.4988,820.656,51.555,1907.0838,295647.885,105.21525,18125.54548889063,2809933.7786109904,2834559.324099881,31763.32725347245,0.006409181495745198,0.4303198422638795,45484.29,9709.819424,5818.608012000001,760948.956,1.3699999999999974,1.3699999999999974,0.6246666666666665,0,0.3783333333333333,0.46285714285714213,0.9986953547539374,0.5446676423793585,1,1,1,1,1,False,False,True,False,False,3.0,2026-01-14,2,14,1,3
14-01-2026 00:00,Fur_4,3603,9.48,150.088,29.476,31.546,13.79,61.86,85.59%,85.59,224.89999999999998,0.667354379724322,0.13106269453090263,0.14026678523788352,0.06131614050689196,0.2101833576955962,0.19639144904061984,0.06131614050689196,0.9343815084517368,16.020453534904405,24.005916369024064,2.631140716069942,380.0632510481803,151.87389951089375,675.396,82.5328,567.828,48.265,1374.0218,222016.86000000002,78.71499999999999,17455.653941434288,2820515.276630884,2844470.9305723184,32849.87793708648,0.006150751494101493,0.4132598187306781,34156.44,4734.676047999999,4423.993888,540767.064,3.8599999999999994,3.8599999999999994,0.7906666666666666,0,0.32833333333333337,0.08428571428571477,0.9969424422908824,0.3400313456010339,1,1,1,1,1,False,False,False,True,False,4.0,2026-01-14,2,14,1,3
14-01-2026 00:00,Fur_5,3605,9.15,141.362,26.9,30.197,13.07,60.97,86.40%,86.4,211.529,0.6682866179105466,0.1271693243006869,0.14275583962482685,0.0617882181639397,0.21361468984865317,0.19029159045364674,0.0617882181639397,0.8908169390728569,17.042580449961942,25.501902735516598,2.5381414701803053,393.98902797934124,155.9396111171518,636.129,75.32,543.5459999999999,45.745000000000005,1300.7399999999998,214407.375,74.03514999999999,17569.22218702873,2896021.349318533,2920090.571505562,33410.647271230686,0.006030093026402831,0.41787444070298446,32985.75,4268.7083139999995,3802.6377999999995,509610.01,2.969999999999999,2.969999999999999,0.7313333333333333,0,0.32499999999999996,0.20000000000000082,0.9835687665489883,0.3942137533097981,1,1,1,1,1,False,False,False,False,True,5.0,2026-01-14,2,14,1,3
15-01-2026 00:00,Fur_1,3600,8.78,133.208,19.663,28.64,10.94,59.42,90.84%,90.84,192.45100000000002,0.6921657980472951,0.10217146182664677,0.1488171014959652,0.05684563863009284,0.21500210036182438,0.1476112534711785,0.05684563863009284,0.6865572385978618,18.70606024390624,27.025403676765634,2.4388888888888887,410.0227323436524,164.23920894149677,599.436,55.0564,515.52,38.29,1208.3024,205451.99999999997,67.35785,17938.553561314682,3050156.7374849403,3074595.291046255,33477.73618299494,0.005846804567532658,0.4266481635722978,31607.999999999996,3815.07712,2619.268904,479548.8,1.4200000000000017,1.4200000000000017,0.6280000000000001,0,0.33333333333333337,0.8342857142857147,0.9562439076336487,0.7083916386695871,1,1,1,1,1,True,False,False,False,False,1.0,2026-01-15,3,15,1,3
15-01-2026 00:00,Fur_2,3599,13.36,220.805,30.096,47.961,14.31,60.61,84.76%,84.76,313.172,0.7050598393215229,0.09610054538719937,0.1531458751101631,0.04569374018111453,0.21720975423015892,0.13630126067660941,0.04569374018111453,0.6275098386707985,11.492087415222304,16.29944966690315,3.7121422617393716,269.3862073812719,153.53428786736998,993.6225000000001,84.2688,863.298,50.085,1991.2743,312537.16,109.6102,18166.87041899385,2851351.060394014,2876017.930813008,33535.65684250242,0.006330983411505191,0.4335404720484767,48082.64,10590.028605,6645.34728,794677.1950000001,2.6099999999999994,2.6099999999999994,0.7073333333333333,0,0.33499999999999996,0.0,0.9913632125214513,0.29877264250429025,1,1,1,0,0,False,True,False,False,False,2.0,2026-01-15,3,15,1,3
15-01-2026 00:00,Fur_3,3550,12.56,231.606,31.687,47.925,14.78,57.9,82.00%,82.0,325.998,0.7104522113632599,0.09719998282198052,0.14701010435646844,0.045337701458291156,0.20692469017674545,0.13681424429067363,0.045337701458291156,0.6611789116081606,10.889637359738403,15.327754827907071,3.5380281690140847,282.6432895984642,136.77384523831435,1042.2269999999999,88.7236,862.65,51.73,2045.3305999999998,289822.0,114.09929999999999,17925.882104447617,2540085.697282981,2564511.5793874287,30897.729872137694,0.007007740797146962,0.4217655571182478,44588.0,11099.71755,7338.899322,822201.2999999999,-0.10000000000000142,0.10000000000000142,0.5266666666666666,1,0.41666666666666663,0.0,1.0,0.325,1,1,1,0,0,False,False,True,False,False,3.0,2026-01-15,3,15,1,3
15-01-2026 00:00,Fur_4,3561,9.49,144.007,26.906,30.433,15.11,61.45,91.01%,91.01,216.45600000000002,0.6652945633292678,0.12430239863990833,0.14059670325608897,0.06980633477473482,0.21133000332393562,0.186838138515224,0.06980633477473482,0.8841060400188597,16.4513804191152,24.72796444111769,2.664981746700365,375.23705213518946,156.12360017740323,648.0315,75.3368,547.794,52.885,1324.0473,219660.285,75.7596,17476.95737569892,2899438.2890089173,2923415.246384616,31772.799112972676,0.005991589024521988,0.41372691141774165,33793.89,4382.565031,3874.652342,512808.927,3.450000000000003,3.450000000000003,0.7633333333333335,0,0.3983333333333333,0.8585714285714293,0.982980782749661,0.7453818708356469,1,1,1,1,1,False,False,False,True,False,4.0,2026-01-15,3,15,1,3
15-01-2026 00:00,Fur_5,3577,9.47,144.072,26.213,31.394,15.51,60.71,91.05%,91.05,217.189,0.6633485121253839,0.12069211608322707,0.14454691535943348,0.07141245643195558,0.21790493490820606,0.18194374908418187,0.07141245643195558,0.8349684387154094,16.46952654139943,24.827863673525297,2.647469946882863,377.7190731025266,155.9664163470526,648.3240000000001,73.3964,565.092,54.285,1341.0974,220182.23500000002,76.01615,17642.26943879689,2896519.1607309766,2920661.4301697733,31729.075830198515,0.006053978086508778,0.42136536839158734,33874.19,4522.996368,3776.5593360000003,515345.544,2.710000000000001,2.710000000000001,0.7140000000000001,0,0.3716666666666667,0.8642857142857139,0.9834678076106041,0.7403364186649778,1,1,1,1,1,False,False,False,False,True,5.0,2026-01-15,3,15,1,3
16-01-2026 00:00,Fur_1,3582,8.69,138.615,21.253,29.584,11.65,59.81,88.57%,88.57,201.102,0.6892770832711759,0.1056826883869877,0.14710942705691638,0.05793080128492009,0.21342567389225064,0.15332395373282867,0.05793080128492009,0.7183950541375387,17.81185666974968,25.841358973838624,2.4260189838079285,412.1978812200367,154.7850344601247,623.7675,59.508399999999995,532.512,40.775,1256.5629000000001,202329.27,70.3857,17852.53112493021,2874579.211402316,2898931.7425272465,32364.985402782702,0.006172152954362083,0.42378459526379453,31127.579999999998,4100.786160000001,2945.9845950000004,496518.93000000005,1.8100000000000023,1.8100000000000023,0.6540000000000001,0,0.3633333333333333,0.509999999999999,0.987310801215405,0.5614621602430805,1,1,1,1,1,True,False,False,False,False,1.0,2026-01-16,4,16,1,3
16-01-2026 00:00,Fur_2,3577,13.43,220.813,30.995,47.72,13.73,59.93,86.49%,86.49,313.25800000000004,0.704891814414955,0.09894400143013106,0.15233449744300223,0.043829686711911585,0.21611046353199104,0.14036764076223937,0.043829686711911585,0.6495180081827744,11.418702794501655,16.19922732719891,3.754542913055633,266.3439861247963,153.35317853015724,993.6585,86.786,858.96,48.055,1987.4595000000002,312254.21499999997,109.64030000000001,18127.089218106845,2847987.6012743483,2872614.6904924554,32833.634592438626,0.006324621020309642,0.43218993896479396,48039.11,10537.19636,6844.098935,789848.1009999999,1.9299999999999997,1.9299999999999997,0.662,0,0.3716666666666667,0.21285714285714213,0.9919650909746827,0.4163215896235076,1,1,1,1,1,False,True,False,False,False,2.0,2026-01-16,4,16,1,3
16-01-2026 00:00,Fur_3,3578,12.87,215.983,31.693,45.249,13.25,57.62,88.51%,88.51,306.175,0.7054233689883237,0.10351269698701723,0.14778802972156446,0.04327590430309464,0.20950259877165056,0.14673840002806518,0.04327590430309464,0.7004132533224325,11.68612721482812,16.56611855300594,3.596981553940749,278.0108564094129,150.4004572548379,971.9235,88.7404,814.4820000000001,46.375,1921.5209,299317.58999999997,107.16125,17931.116891600275,2793151.349018418,2817582.4659100184,31477.85125583754,0.006378723181923985,0.42387360970156507,46048.86,9773.014767,6845.149219000001,772787.174,-0.38000000000000256,0.38000000000000256,0.5079999999999998,1,0.37,0.5014285714285721,1.0,0.561714285714286,1,1,1,1,1,False,False,True,False,False,3.0,2026-01-16,4,16,1,3
16-01-2026 00:00,Fur_4,3580,9.46,158.498,29.562,33.678,12.87,61.21,83.12%,83.12,234.608,0.6755865102639296,0.1260059333015072,0.14355009206847166,0.05485746436609152,0.21248217509064987,0.18651339331402675,0.05485746436609152,0.8777836903086975,15.259496692354906,22.58703565605222,2.6424581005586596,378.4354779666514,144.35483870967744,713.241,82.7736,606.204,45.044999999999995,1447.2636,220134.2,82.1128,17625.310548416324,2680875.5760368663,2705000.8865852826,32156.45371594487,0.006531519272806175,0.4188621893067717,33866.8,5337.895643999999,4685.517876,567422.84,3.210000000000001,3.210000000000001,0.7473333333333334,0,0.3666666666666667,0.0,1.0,0.31,1,1,1,0,0,False,False,False,True,False,4.0,2026-01-16,4,16,1,3
16-01-2026 00:00,Fur_5,3579,9.56,159.429,28.847,35.675,15.18,60.49,85.11%,85.11,239.13100000000003,0.6667015150691461,0.12063262395925245,0.14918601101488302,0.06347984995671828,0.22376731821834597,0.18093947662633852,0.06347984995671828,0.8086054433467291,14.96669189691006,22.44886424396525,2.671137189158983,374.3723457769513,143.0815745344602,717.4305,80.77159999999999,642.15,53.129999999999995,1493.4821000000002,222399.06,83.69585000000001,17844.159537181356,2657229.2413542606,2681573.400891442,31141.2542200841,0.006670530809074235,0.42996832703920584,34215.240000000005,5687.629575,4599.048363,570596.3910000001,2.490000000000002,2.490000000000002,0.6993333333333335,0,0.3683333333333333,0.015714285714285632,1.0,0.3183571428571428,1,1,1,1,1,False,False,False,False,True,5.0,2026-01-16,4,16,1,3
17-01-2026 00:00,Fur_1,3589,8.57,138.616,20.667,28.852,13.4,59.82,87.94%,87.94,201.53500000000003,0.6878011263552236,0.10254794452576475,0.14316123750217083,0.06648969161684073,0.20814335857229063,0.14909534145340117,0.06648969161684073,0.7163108028451822,17.808321135286672,25.891671770274197,2.3878517692950685,418.78641554417555,152.61731212940677,623.772,57.8676,519.336,46.9,1247.8756000000003,199925.245,70.53725,17691.01573991048,2834321.510974698,2858512.526714608,32139.785548848755,0.0062029937015352955,0.41617609960480023,30757.73,3999.3488320000006,2864.7768720000004,497492.824,1.8200000000000003,1.8200000000000003,0.6546666666666667,0,0.3516666666666667,0.41999999999999965,0.9944591224630166,0.5143918244926031,1,1,1,1,1,True,False,False,False,False,1.0,2026-01-17,5,17,1,3
17-01-2026 00:00,Fur_2,3639,12.22,201.639,27.951,42.955,14.7,58.65,83.76%,83.76,287.245,0.7019756653727655,0.09730717680029244,0.1495413323121377,0.05117582551480443,0.21302922444056344,0.1386190164669582,0.05117582551480443,0.6507042102036036,12.668627826419955,18.047103893358408,3.3580654025831276,297.79048299586884,154.81063203885185,907.3755000000001,78.2628,773.1899999999999,51.449999999999996,1810.2783000000002,289045.77,100.53575,18006.314171824455,2875054.595007249,2899560.9091790738,34209.07160428355,0.006223966496762722,0.4271111242950876,44468.58,8661.403245,5636.011689,733764.321,0.6499999999999986,0.6499999999999986,0.5766666666666665,0,0.2683333333333333,0.0,0.987199530245518,0.27793990604910357,1,1,1,0,0,False,True,False,False,False,2.0,2026-01-17,5,17,1,3
17-01-2026 00:00,Fur_3,3551,11.18,187.225,30.415,38.158,21.23,56.9,92.20%,92.2,277.028,0.675834211704232,0.10979034610219904,0.13774058939890552,0.07663485279466335,0.20380825101451064,0.1624515948059736,0.07663485279466335,0.7970805388888166,12.818198882423436,18.966484075489472,3.148408898901718,317.62072293195683,143.307463505494,842.5124999999999,85.16199999999999,686.844,74.305,1688.8235000000002,258051.16999999998,96.9598,17417.77004490521,2661424.322244889,2685342.0922897942,28812.68339366732,0.006501977139689119,0.40669969360326874,39700.18,7144.13155,5694.448375,664835.975,-1.1000000000000014,1.1000000000000014,0.4599999999999999,0,0.41500000000000004,1.0,1.0,0.8245,1,1,1,1,1,False,False,True,False,False,3.0,2026-01-17,5,17,1,3
17-01-2026 00:00,Fur_4,3579,9.06,151.418,28.949,31.865,20.48,60.75,84.91%,84.91,232.71200000000002,0.650666918766544,0.12439839801987006,0.13692890783457662,0.08800577537900925,0.21044393526236024,0.19118598719316074,0.08800577537900925,0.9084889091953897,15.379524906321976,23.636555603451665,2.531433361274099,395.0330689808975,139.3384956512771,681.3810000000001,81.0572,573.5699999999999,71.68,1407.6882,210767.31,81.4492,17283.020582154277,2587714.9192380034,2611497.939820158,30398.06704481618,0.006634562092339869,0.4074552873285433,32425.74,4824.93457,4383.399682,541925.022,2.75,2.75,0.7166666666666667,0,0.3683333333333333,0.0,1.0,0.3105,1,1,1,0,0,False,False,False,True,False,4.0,2026-01-17,5,17,1,3
17-01-2026 00:00,Fur_5,3576,9.06,150.013,24.601,32.498,14.75,59.61,87.33%,87.33,221.862,0.6761545465199088,0.1108842433584841,0.14647844155375864,0.06648276856784849,0.2166345568941721,0.1639924528941328,0.06648276856784849,0.7570004075019877,16.11812748465262,23.83793388681025,2.533557046979866,394.701943189631,146.03023501095277,675.0585,68.88279999999999,584.9639999999999,51.625,1380.5303,210590.64,77.65169999999999,17778.494224852773,2711990.0787748373,2736268.57299969,30977.794328084346,0.006512821050363374,0.42372412977824536,32398.56,4875.122474,3690.469813,536446.488,1.6099999999999994,1.6099999999999994,0.6406666666666666,0,0.3733333333333333,0.33285714285714263,1.0,0.4784285714285713,1,1,1,1,1,False,False,False,False,True,5.0,2026-01-17,5,17,1,3
18-01-2026 00:00,Fur_1,3569,8.78,143.992,21.178,29.481,13.03,59.02,84.96%,84.96,207.68099999999998,0.6933325629210183,0.1019737000495953,0.14195328412324673,0.06274045290613971,0.20474053971928624,0.14707761440165001,0.06274045290613971,0.7183609538902699,17.185009702380093,24.786099055599625,2.4600728495376853,406.49198103735984,150.88438518689722,647.9639999999999,59.2984,530.658,45.605,1283.5254,203682.83,72.68834999999999,17657.924550495372,2802138.5820423774,2826296.506592873,32879.20552108973,0.0062621272525198056,0.4134378641825086,31335.819999999996,4245.028152,3049.462576,513907.448,1.0200000000000031,1.0200000000000031,0.6013333333333335,0,0.385,0.0,1.0,0.3155,1,1,1,0,0,True,False,False,False,False,1.0,2026-01-18,6,18,1,3
18-01-2026 00:00,Fur_2,3559,13.49,225.607,31.597,48.248,12.07,58.63,82.50%,82.5,317.522,0.710523995187735,0.09951121497093116,0.15195167578939411,0.03801311405193971,0.2138586115951251,0.1400532778679151,0.03801311405193971,0.6548872356390476,11.208672155000285,15.775219670598787,3.7903905591458273,263.82503603965637,151.20498737095383,1015.2315,88.4716,868.4639999999999,42.245000000000005,2014.4121,312070.915,111.13269999999999,18126.186981869425,2808092.622603428,2832718.8095852975,33924.776162698174,0.006413582317261964,0.43112528960682867,48010.91,10885.086535999999,7128.504379,802935.313,0.6300000000000026,0.6300000000000026,0.5753333333333335,0,0.4016666666666666,0.0,0.9990208580757268,0.32030417161514535,1,1,1,0,0,False,True,False,False,False,2.0,2026-01-18,6,18,1,3
18-01-2026 00:00,Fur_3,3555,12.52,207.58,33.088,41.745,12.15,55.92,90.17%,90.17,294.563,0.7047049357862326,0.11232911125973052,0.14171840998360283,0.04124754297043417,0.20110318816310246,0.15939878524232207,0.04124754297043417,0.7926218518955122,12.068725535793702,17.125927270806784,3.521800281293952,283.9456642215923,151.10044370813713,934.11,92.6464,751.41,42.525,1820.6914000000002,289305.89999999997,103.09705,17659.97572190475,2806151.0974368323,2830311.073158737,31044.324593163725,0.006253950871490196,0.41270585449022273,44508.6,8665.4271,6868.407040000001,737946.9,-2.0799999999999983,2.0799999999999983,0.3946666666666668,0,0.4083333333333333,0.7385714285714288,0.9994466771598084,0.691675049717676,1,1,1,1,1,False,False,True,False,False,3.0,2026-01-18,6,18,1,3
18-01-2026 00:00,Fur_4,3572,9.55,154.625,30.768,32.566,22.03,62.54,85.49%,85.49,239.989,0.6443003637666727,0.12820587610265471,0.13569788615311537,0.09179587397755731,0.21061277147542268,0.1989846389718051,0.09179587397755731,0.9447890147764842,14.884015517377879,23.101050780268064,2.673572228443449,374.0313744469765,142.14234819095878,695.8125,86.15039999999999,586.1880000000001,77.105,1445.2559,221731.90000000002,83.99615,17206.21599918568,2639786.4664035197,2663492.6824027053,30795.383077843744,0.006475823630656815,0.40559460784764834,34112.600000000006,5035.51775,4757.502,552320.5,4.539999999999999,4.539999999999999,0.836,0,0.38,0.06999999999999927,1.0,0.34899999999999964,1,1,1,1,1,False,False,False,True,False,4.0,2026-01-18,6,18,1,3
18-01-2026 00:00,Fur_5,3601,9.23,143.447,22.741,31.295,,60.9,88.48%,88.48,,,,,,0.21816419849725546,0.15853241853414557,,0.7266655783139294,,25.10334809997178,2.563176895306859,390.1408028016465,,645.5115000000001,63.6748,563.3100000000001,,,216041.99500000002,,,,,,,,33237.23,4489.173865000001,3262.128227,516552.647,2.8999999999999986,2.8999999999999986,0.7266666666666666,0,0.33166666666666667,0.4971428571428577,,,1,1,1,1,1,False,False,False,False,True,5.0,2026-01-18,6,18,1,3
