tree
version=v4
num_class=1
num_tree_per_iteration=1
label_index=0
max_feature_idx=53
objective=regression
feature_names=Column_0 Column_1 Column_2 Column_3 Column_4 Column_5 Column_6 Column_7 Column_8 Column_9 Column_10 Column_11 Column_12 Column_13 Column_14 Column_15 Column_16 Column_17 Column_18 Column_19 Column_20 Column_21 Column_22 Column_23 Column_24 Column_25 Column_26 Column_27 Column_28 Column_29 Column_30 Column_31 Column_32 Column_33 Column_34 Column_35 Column_36 Column_37 Column_38 Column_39 Column_40 Column_41 Column_42 Column_43 Column_44 Column_45 Column_46 Column_47 Column_48 Column_49 Column_50 Column_51 Column_52 Column_53
feature_infos=[-2.3860614442315784:2.2241517345110151] [-2.7471174400941529:3.0162737457046975] [-2.3388262167655554:2.3682540554418452] [-2.9913287778074964:5.4497228503153083] [-2.3979368466202819:2.2185354539968141] [-4.3479117513954924:2.4122349837747081] [-3.0896286397862602:2.5388632494671182] [-3.4520855958974139:2.8707873799985273] [-1.8385573390688419:5.8473620258965502] [-3.2694646109543357:2.6529039104727006] [-2.8263445368379383:2.3476012157692288] [-1.8385573390688419:5.8473620258965502] [-2.6563759516088141:3.0292207508517799] [-6.2854712054210768:5.8016188703625646] [-1.8734667108427325:2.1028068041907839] [-1.4706683784168755:5.8579702714542918] [-1.4236382869424618:6.5987378972508353] [-1.8629031587281213:2.5095305597150408] [-1.6309030514807239:3.23711311537404] [-1.8325097201601672:11.884285172726242] [-2.386061444231582:2.224151734511012] [-2.7471174400941534:3.0162737457046975] [-2.3388262167655549:2.3682540554418421] [-2.9913287778075062:5.449722850315303] [-2.3736022445566456:2.2262331816951049] [-1.8652415475283:2.3786032230001952] [-3.6035419535495192:2.7565077153535937] [-1.8325097201601774:11.884285172726228] [-1.8321177536900404:11.883510524330287] [-2.1693052153364474:10.074331732664341] [-7.9977700562127723:2.9195450420513973] [-3.5155345318938003:2.7411597883815264] [-1.865241547528302:2.3786032230001921] [-1.590190129462759:2.598665431376189] [-1.8361820104131108:2.6942700687227594] [-2.2822075105070931:2.337184013125158] [-1.7318634470939274:4.9868380263870895] [-0.82303512142318946:2.1126384155728335] [-13.249702630323796:0.32976043829663121] [-1.4909311853317471:3.1213095313064838] none [-3.6526846651685991:0.27377123723157154] [-4.2181872229994228:0.23706866175771926] [-1.1065666703449777:0.90369611411506501] [-1.5084483881382889:1.4434524073208403] [-1.5604059701819188:1.8462755109870455] [-2.612815015755678:0.94310462543735052] [-2.5097652257917598:1.0439242520932099] [-0.49713135899949407:2.0115407766923972] [-0.49713135899949473:2.0115407766923998] [-0.49713135899949434:2.0115407766923981] [-0.51429676266996505:1.944402672901359] [-0.49425928159511995:2.0232295826043223] [-1.424660333114889:1.41424234164787]
tree_sizes=1080 1311 1212 1135 1127 1378 1469 1448 1476 1491 1810 1506 1470 1396 1790 1558 1796 1779 1766 1476 1899 1745 1908 1734 1584 1875 1875 1994 1907 2123 2113 2014 2227 2238 2137 1934 2654 2475 1971 2347 2126 1998 2328 2299 2321 2093 2481 1973 1966 2164 2437 2344 2009 2275 2112 2318 2350 2358 2755 2502 2740 2371 2457 2747 2674 2503 2231 2977 2718 2640 2867 2452 2300 2653 2642 2929 2972 2543 2484 2593 2654 2449 2968 3126 3068 3050 2944 2964 2979 3185 2289 2335 2369 2684 2279 3457 2482 2830 1995 2155 2201 2489 2266 2822 2110 2604 1834 2072 2714 1896 1928 2420 2459 1539 2218 1917 1876 1928 1897 1446 1935 1624 1981 1737 2347 1913 2299 1668 2561 1782 1134 2200 1572 1890 2005 1830 2136 1821 2695 1792 1905 1560 2074 1821 2452 1640 2406 2051 1397 2077 1417 1821 2067 2787 1816 2526 2080 2734 1537 1391 1756 2680 1393 1654 3054 1570 1482 1401 2488 1734 1742 2774 1922 1640 2662 1970 1641 1430 1294 1716 1564 2368 1531 1608 2373 1350 1972 2082 1675 3032 1530 2326 1335 1671 1835 1351 2406 1665 1896 1348 1990 2399 2579 1353 2372 2409 1720 2043 1834 2097 2310 2419 1990 1855 2386 3080 1887 1986 2620 2353 2512 2691 1205 1867 2470 2707 1843 2479 2437

Tree=0
num_leaves=11
num_cat=0
split_feature=37 37 29 37 37 29 47 37 48 37
split_gain=6559.52 887.018 269.736 86.6293 79.4932 45.2434 20.9797 10.9632 8.68986 4.63815
threshold=-0.68463908325052059 0.77900386590892634 0.34963447586933422 -0.068147640481356228 -0.81674439241534058 -0.31953540702733996 0.66068322996836037 1.3346849282688862 1.0000000180025095e-35 -0.44978520029083774
decision_type=2 2 2 2 2 2 2 2 2 2
left_child=2 3 4 9 5 -1 8 -3 -7 -2
right_child=1 7 -4 -5 -6 6 -8 -9 -10 -11
leaf_value=85.405102418935627 85.487802001087729 85.667837172291499 85.22291332819448 85.594995231311984 85.471152512111303 85.29127544333943 85.416132557396836 85.788750414652384 85.402401365202195 85.520422707315063
leaf_weight=37 22 44 102 100 13.999999999999998 78 14.999999999999998 84 14.999999999999998 34
leaf_count=37 22 44 102 100 14 78 15 84 15 34
internal_value=85.482 85.6565 85.2924 85.5665 85.3449 85.3336 85.3146 85.7574 85.3032 85.5095
internal_weight=545 284 261 156 159 145 108 128 93 56
internal_count=545 284 261 156 159 145 108 128 93 56
is_linear=0
shrinkage=1


Tree=1
num_leaves=13
num_cat=0
split_feature=37 37 29 30 37 37 29 30 37 37 30 37
split_gain=5935.24 803.066 240.899 82.6368 78.2246 71.9673 40.7449 97.9769 8.717 5.74449 1.3109 0.224329
threshold=-0.68463908325052059 0.77900386590892634 0.34963447586933422 -0.051831333479093196 -0.017821808418565357 -0.81674439241534058 -0.31953540702733996 0.69640676084656972 1.382913850662393 -0.40155627789733084 -0.1688947899045288 -0.56511523210139514
decision_type=2 2 2 2 2 2 2 2 2 2 2 2
left_child=2 4 5 -4 9 6 -1 10 -3 11 -8 -2
right_child=1 8 3 -5 -6 -7 7 -9 -10 -11 -12 -13
leaf_value=-0.073373121474918937 0.00066135027535153747 0.18039083870804859 -0.16663778973791948 -0.30958149851573985 0.10977694646253491 -0.010427392917281042 -0.04570463835362356 -0.24778831583813757 0.29358745259868774 0.041853187930312404 -0.12125898623894103 0.01098912041039218
leaf_weight=37 12.000000000000002 47 55 47 94 13.999999999999998 10.999999999999998 27 81 37 70 12.999999999999998
leaf_count=37 12 47 55 47 94 14 11 27 81 37 70 13
internal_value=-7.03918e-06 0.16598 -0.180319 -0.246101 0.0803626 -0.130666 -0.141354 -0.159498 0.262008 0.0299157 -0.114936 0.00734409
internal_weight=545 284 261 102 156 159 145 108 128 62 81 25
internal_count=545 284 261 102 156 159 145 108 128 62 81 25
is_linear=0
shrinkage=0.0529975


Tree=2
num_leaves=12
num_cat=0
split_feature=37 37 29 37 13 37 47 29 37 37 37
split_gain=5386.41 821.702 189.952 83.8248 34.6193 31.807 17.8481 11.2261 4.44156 3.64968 0.286974
threshold=-0.78948456671466416 0.67415838244478266 0.17116908538165884 -0.18557458196119755 -0.28132988415772758 1.2738745478596842 0.31228230076395158 -0.34583423269224073 -0.52737085805430506 0.11847732008481973 -0.63011943184916475
decision_type=2 2 2 2 2 2 2 2 2 2 2
left_child=2 3 6 8 -4 -3 7 -1 10 -5 -2
right_child=1 5 4 9 -6 -7 -8 -9 -10 -11 -12
leaf_value=-0.071233444298504478 -0.006202034327387149 0.16414937170551236 -0.081188204516206952 0.057479771096469193 -0.23430671060413544 0.27557868919320394 -0.0438666496607572 -0.14428222346482411 0.025003856777156927 0.10574502842378761 0.002814339176411519
leaf_weight=29 16.000000000000004 50 12.999999999999998 35 124 87 17 65 31 66 11.999999999999998
leaf_count=29 16 50 13 35 124 87 17 65 31 66 12
internal_value=-0.000201329 0.150683 -0.180217 0.0652001 -0.22384 0.243549 -0.117603 -0.127439 0.0129127 0.0932434 -0.00231759
internal_weight=545 297 248 160 137 137 111 94 59 101 28
internal_count=545 297 248 160 137 137 111 94 59 101 28
is_linear=0
shrinkage=0.0529975


Tree=3
num_leaves=11
num_cat=0
split_feature=43 39 29 39 29 47 48 39 39 39
split_gain=4872.24 750.776 158.59 86.6125 36.3806 31.1274 14.1445 3.56934 0.167508 0.143056
threshold=1.0000000180025095e-35 0.77466986113471048 0.41037723249571229 -0.043054272318594086 -0.31953540702733996 0.66068322996836037 1.0000000180025095e-35 -0.4449525141229505 -0.63160371460194487 0.17534746249790709
decision_type=2 2 2 2 2 2 2 2 2 2
left_child=2 3 4 7 -1 6 -6 8 -2 -5
right_child=1 -3 -4 9 5 -7 -8 -9 -10 -11
leaf_value=-0.066924236600152134 -0.00024867650625713325 0.23774350208812073 -0.23243606924166813 0.05821474778719949 -0.1715577577091002 -0.05706386982099703 -0.068608379394566085 0.027716283055694627 0.00665153386019248 0.10532474280780178
leaf_weight=37 17.000000000000004 126 91 29 82 19 15.999999999999998 41 11.999999999999998 75
leaf_count=37 17 126 91 29 82 19 16 41 12 75
internal_value=-0.000161326 0.141789 -0.173241 0.0666611 -0.130818 -0.146719 -0.159742 0.0186397 0.00305747 0.0961415
internal_weight=545 300 245 174 154 117 98 70 29 104
internal_count=545 300 245 174 154 117 98 70 29 104
is_linear=0
shrinkage=0.0529975


Tree=4
num_leaves=11
num_cat=0
split_feature=37 37 13 37 30 37 37 39 37 37
split_gain=4406.72 672.75 78.2174 65.6513 62.7895 41.5638 4.87115 4.27526 0.370798 0.108024
threshold=-0.78948456671466416 0.6531892857519549 -0.28132988415772758 -0.14783020791410453 0.51871690791773173 1.4563056890872954 -0.49382030334577687 -0.63160371460194487 -0.60495651581777243 0.10170204273055711
decision_type=2 2 2 2 2 2 2 2 2 2
left_child=2 3 7 6 -4 -3 8 -1 -2 -5
right_child=1 5 4 9 -6 -7 -8 -9 -10 -11
leaf_value=-0.04185144856713964 -0.0057020776810617086 0.15326259008472098 -0.14958818401491591 0.050573345137301093 -0.24674424017772711 0.25577227981934164 0.026221570052529924 -0.1072875054144237 0.0042403769723320184 0.092980331489353932
leaf_weight=14.999999999999998 19.000000000000004 62 134 28 49 78 32 50 11.999999999999998 66
leaf_count=15 19 62 134 28 49 78 32 50 12 66
internal_value=-0.000245746 0.136229 -0.16307 0.0574101 -0.182643 0.218582 0.0134805 -0.0970955 -0.00160111 0.0842085
internal_weight=545 297 248 157 183 140 63 65 31 94
internal_count=545 297 248 157 183 140 63 65 31 94
is_linear=0
shrinkage=0.0529975


Tree=5
num_leaves=14
num_cat=0
split_feature=37 37 29 37 30 30 29 37 29 30 37 37 37
split_gain=3990.07 624.462 145.572 74.2811 50.5114 41.1577 96.185 18.5517 12.086 13.79 4.93555 3.4621 0.265928
threshold=-0.81674439241534058 0.73916258219255215 0.41037723249571229 -0.14783020791410453 0.007903202474750343 0.69640676084656972 -0.31953540702733996 1.5213098888350618 -0.26151545470841348 -0.017993314836550849 -0.52737085805430506 0.20235370685613588 -0.63011943184916475
decision_type=2 2 2 2 2 2 2 2 2 2 2 2 2
left_child=2 3 5 10 -4 8 -7 -3 -1 -10 12 -5 -2
right_child=1 7 4 11 -6 6 -8 -9 9 -11 -12 -13 -14
leaf_value=-0.025380189778997805 -0.0065496329498642746 0.15096270410475038 -0.14864107803133483 0.055504486469674028 -0.27553848968638234 -0.061954540737924911 -0.21821784429467381 0.24553666197645074 -0.040479752064389474 -0.1076408738823177 0.024027207066033389 0.098277386793453547 0.0019825099715516051
leaf_weight=13.999999999999998 19.000000000000004 57 55 43 36 26 29 74 22 63 35 60 11.999999999999998
leaf_count=14 19 57 55 43 36 26 29 74 22 63 35 60 12
internal_value=-0.00021299 0.128245 -0.156843 0.0575808 -0.212845 -0.11697 -0.157815 0.212846 -0.0864944 -0.0941477 0.0119032 0.0845208 -0.00327206
internal_weight=545 300 245 169 91 154 55 131 99 85 66 103 31
internal_count=545 300 245 169 91 154 55 131 99 85 66 103 31
is_linear=0
shrinkage=0.0529975


Tree=6
num_leaves=15
num_cat=0
split_feature=37 37 29 30 37 37 29 30 29 29 30 37 37 37
split_gain=3624.01 565.333 134.051 73.3744 54.5874 38.5127 28.2878 25.1194 40.5055 4.75127 3.05526 2.90837 1.45023 0.246196
threshold=-0.81674439241534058 0.62592946005127559 0.17116908538165884 0.36035248426005978 -0.20864058832330609 1.4563056890872954 0.69848664362485546 0.71883599648285379 -0.31953540702733996 -0.27712259344990625 0.17063488048219541 -0.52737085805430506 0.074442217029880728 -0.63011943184916475
decision_type=2 2 2 2 2 2 2 2 2 2 2 2 2 2
left_child=2 4 7 6 11 -3 -4 9 -9 -1 -11 13 -6 -2
right_child=1 5 3 -5 12 -7 -8 8 -10 10 -12 -13 -14 -15
leaf_value=-0.022121159953282437 -0.006285788147433401 0.13829775343613993 -0.099330279674908956 -0.25786903681003409 0.044131416605202055 0.23133951723501761 -0.18528527062356945 -0.061156611105076086 -0.18293079376953678 -0.032958469683256539 -0.084006983343557051 0.018656537448931122 0.081652540939224236 0.0019124506078887164
leaf_weight=13.999999999999998 19.000000000000004 65 57 39 32 78 41 25 19 17 33 28 66 11.999999999999998
leaf_count=14 19 65 57 39 32 78 41 25 19 17 33 28 66 12
internal_value=-0.000380083 0.122045 -0.149651 -0.185895 0.0495781 0.196363 -0.143968 -0.0962524 -0.129514 -0.0641492 -0.0721632 0.00787044 0.072719 -0.00312788
internal_weight=545 300 245 137 157 143 98 108 44 64 50 59 98 31
internal_count=545 300 245 137 157 143 98 108 44 64 50 59 98 31
is_linear=0
shrinkage=0.0529975


Tree=7
num_leaves=15
num_cat=0
split_feature=37 37 29 37 30 30 29 37 29 30 17 37 37 37
split_gain=3293.57 511.375 121.855 60.7903 48.5183 36.3975 80.492 15.9749 9.82275 13.4469 5.47751 4.15622 3.0691 0.330549
threshold=-0.81674439241534058 0.73916258219255215 0.41037723249571229 -0.14783020791410453 0.007903202474750343 0.69640676084656972 -0.31953540702733996 1.5988955465985291 -0.19322199846525803 -0.017993314836550849 0.92065541692549002 -0.49382030334577687 0.2275166228875313 -0.60495651581777243
decision_type=2 2 2 2 2 2 2 2 2 2 2 2 2 2
left_child=2 3 5 11 -4 8 -7 -3 -1 -10 -11 13 -5 -2
right_child=1 7 4 12 -6 6 -8 -9 9 10 -12 -13 -14 -15
leaf_value=-0.028464140559954235 -0.0055784032982155139 0.14032364072806844 -0.1342519349780594 0.051212637610418214 -0.25314720967822696 -0.056717377170576615 -0.19972916740475727 0.22577545922352599 -0.035913617089014478 -0.11155160217489292 -0.040857736034961442 0.022897344010531107 0.090030117571039445 0.0036101982120377136
leaf_weight=18 22 63 55 46 36 26 29 68 22 45 13.999999999999998 32 57 11.999999999999998
leaf_count=18 22 63 55 46 36 26 29 68 22 45 14 32 57 12
internal_value=-0.00060119 0.116111 -0.142902 0.0521567 -0.194101 -0.106463 -0.14446 0.192672 -0.0782425 -0.0864997 -0.100201 0.0108174 0.0765294 -0.00210569
internal_weight=545 300 245 169 91 154 55 131 99 81 59 66 103 34
internal_count=545 300 245 169 91 154 55 131 99 81 59 66 103 34
is_linear=0
shrinkage=0.0529975


Tree=8
num_leaves=15
num_cat=0
split_feature=37 37 29 19 29 37 19 29 19 37 37 37 19 37
split_gain=2993.67 463.447 111.531 92.851 71.4035 63.4416 49.3127 12.7233 22.7185 4.85511 4.42869 0.971996 0.590891 0.459534
threshold=-0.81674439241534058 0.87755862036522103 0.17116908538165884 -0.26555031205959151 0.69848664362485546 -0.087019827504899783 -0.95772725582126561 -0.30060901107959576 -0.27139899128830619 0.27574554528103529 -0.44978520029083774 1.6722873850234283 -0.61139804268437181 -0.60495651581777243
decision_type=2 2 2 2 2 2 2 2 2 2 2 2 2 2
left_child=2 5 6 -4 -5 10 -1 12 -9 -7 13 -3 -8 -2
right_child=1 11 3 4 -6 9 7 8 -10 -11 -12 -13 -14 -15
leaf_value=-0.16819132789596755 -0.0053460838511153914 0.14013476657717036 -0.25939846402993022 -0.081521692497931147 -0.18270670795771457 0.051695653540625601 -0.035990809146735581 -0.10294537587725403 -0.027423977495985637 0.091891483657072295 0.024654224151694333 0.21885904825308225 -0.011380096502947043 0.0048604474070502324
leaf_weight=14.999999999999998 22 61 29 61 47 50 19 38 23 59 31 61 12.999999999999998 15.999999999999998
leaf_count=15 22 61 29 61 47 50 19 38 23 59 31 61 13 16
internal_value=-0.000762366 0.110511 -0.136428 -0.16949 -0.132912 0.0529941 -0.0877185 -0.065267 -0.0795775 0.0771709 0.011592 0.187961 -0.0295503 -0.000813114
internal_weight=545 300 245 137 108 178 108 93 61 109 69 122 32 38
internal_count=545 300 245 137 108 178 108 93 61 109 69 122 32 38
is_linear=0
shrinkage=0.0529975


Tree=9
num_leaves=15
num_cat=0
split_feature=37 37 29 19 19 29 37 37 19 29 29 37 37 37
split_gain=2723.09 421.117 101.714 55.1484 52.0046 82.2793 42.7873 33.857 20.3567 19.4814 2.48257 1.77712 0.0696693 0.0179256
threshold=-0.81674439241534058 0.55463453129565721 0.41037723249571229 0.1123312941378672 -0.592058405594727 -0.31953540702733996 1.1795136127419574 -0.30090461377175504 0.044058632693227386 1.0000000180025095e-35 -0.27712259344990625 -0.57350287077852791 -0.44978520029083774 -0.7098019992819159
decision_type=2 2 2 2 2 2 2 2 2 2 2 2 2 2
left_child=2 7 4 -4 5 -1 -3 11 9 10 -6 13 -13 -2
right_child=1 6 3 -5 8 -7 -8 -9 -10 -11 -12 12 -14 -15
leaf_value=-0.055294341468960499 -0.0057327023516761605 0.10645123290271617 -0.23535892272850931 -0.11942413539298311 -0.011767971971071598 -0.19873653255631818 0.19180367432815357 0.057877687379250538 -0.012577140142765958 -0.10326096505641288 -0.049253005149548376 0.0050172357907833642 0.015740066029118271 -0.0011152800275598964
leaf_weight=27 13.000000000000002 56 36 55 11.999999999999998 27 96 92 19 42 27 13.000000000000002 18 11.999999999999998
leaf_count=27 13 56 36 55 12 27 96 92 19 42 27 13 18 12
internal_value=-0.000921026 0.105206 -0.130309 -0.177075 -0.0970304 -0.139827 0.165636 0.0390649 -0.0672518 -0.0782455 -0.0409797 0.00543674 0.0129742 -0.0043862
internal_weight=545 300 245 91 154 54 152 148 100 81 39 56 31 25
internal_count=545 300 245 91 154 54 152 148 100 81 39 56 31 25
is_linear=0
shrinkage=0.0529975


Tree=10
num_leaves=18
num_cat=0
split_feature=37 37 29 19 29 37 37 19 19 29 19 29 30 37 19 29 37
split_gain=2472.68 380.503 95.6242 51.6697 80.6965 39.1483 30.5135 24.1498 24.0735 9.9421 11.0414 6.57288 6.24912 2.00341 0.812487 0.466337 0.107661
threshold=-0.81674439241534058 0.55463453129565721 0.67528232375896413 0.036099156447675855 0.092064071066336753 1.5988955465985291 -0.20864058832330609 -0.95772725582126561 -0.26555031205959151 -0.30060901107959576 -0.27139899128830619 0.37014666599639606 -0.72758761312421016 -0.56511523210139514 0.1923965634511757 -0.50026514361871988 -0.68463908325052059
decision_type=2 2 2 2 2 2 2 2 2 2 2 2 2 2 2 2 2
left_child=2 6 3 4 7 -3 13 -1 -6 15 -11 -5 -4 16 -13 -9 -2
right_child=1 5 12 11 8 -7 -8 9 -10 10 -12 14 -14 -15 -16 -17 -18
leaf_value=-0.13839866532959783 -0.0056845573558691074 0.1158816573312889 -0.087959733495876824 -0.0096341437848084001 -0.20775739031570575 0.19517385151421324 0.055774162924314863 -0.0090147728787452804 -0.094068544085706474 -0.087237675118210123 -0.020227085766139158 -0.068358631729515812 -0.20987419826317907 0.014577727928314323 -0.02231366920359807 -0.031575619307779877 1.240112671636593e-05
leaf_weight=12.999999999999998 16.000000000000004 84 14.999999999999998 18 28 68 89 10.999999999999998 28 35 13.999999999999998 11.000000000000002 40 31 10.999999999999998 21 11.999999999999998
leaf_count=13 16 84 15 18 28 68 89 11 28 35 14 11 40 31 11 21 12
internal_value=-0.00111462 0.100017 -0.124408 -0.100572 -0.114865 0.15746 0.0371427 -0.0764384 -0.165622 -0.0575599 -0.0725117 -0.0388347 -0.188655 0.00637738 -0.055296 -0.0266507 -0.00346601
internal_weight=545 300 245 190 150 152 148 94 56 81 49 40 55 59 22 32 28
internal_count=545 300 245 190 150 152 148 94 56 81 49 40 55 59 22 32 28
is_linear=0
shrinkage=0.0529975


Tree=11
num_leaves=15
num_cat=0
split_feature=37 37 13 37 30 30 13 37 13 37 37 48 19 37
split_gain=2252.29 346.114 55.0931 47.3844 31.5269 18.5083 15.023 6.6367 4.36213 4.25931 2.61107 2.43984 4.05135 0.355048
threshold=-0.81674439241534058 0.87755862036522103 0.37868236936917049 -0.04088781478067683 0.075737815779329185 0.90938718312148792 -0.73447262538515012 1.7603575911333127 -0.67536705044244283 -0.44978520029083774 0.29252082263530083 1.0000000180025095e-35 0.18531090310476403 -0.60495651581777243
decision_type=2 2 2 2 2 2 2 2 2 2 2 2 2 2
left_child=2 3 5 9 -4 8 -7 -3 -1 13 -5 12 -10 -2
right_child=1 7 4 10 -6 6 -8 -9 11 -11 -12 -13 -14 -15
leaf_value=-0.020795902874875045 -0.0047913276412692258 0.12444679588079331 -0.10384314659751269 0.045519758888860236 -0.18930591406972766 -0.053738340054813941 -0.16119485291207189 0.19691933842811019 -0.087070277611172836 0.023257270885506037 0.080203266135727758 -0.031212187507591364 -0.033495068253581145 0.0041725791960670246
leaf_weight=10.999999999999998 22 72 60 47 49 14.999999999999998 18 50 61 37 56 14.999999999999998 15.999999999999998 15.999999999999998
leaf_count=11 22 72 60 47 49 15 18 50 61 37 56 15 16 16
internal_value=-0.00141247 0.0951104 -0.11908 0.0454155 -0.150191 -0.0888072 -0.128304 0.162037 -0.0697263 0.011823 0.0678158 -0.073875 -0.0792462 -0.00080401
internal_weight=545 300 245 178 109 136 33 122 103 75 103 92 77 38
internal_count=545 300 245 178 109 136 33 122 103 75 103 92 77 38
is_linear=0
shrinkage=0.0529975


Tree=12
num_leaves=15
num_cat=0
split_feature=37 37 29 37 27 29 29 27 27 37 37 27 29 37
split_gain=2047.16 314.117 88.8416 49.9256 48.7049 75.2109 21.0724 29.1807 9.128 5.46327 2.13388 1.88186 0.863618 0.428027
threshold=-0.81674439241534058 0.94675663945155553 0.67528232375896413 0.022019475297808743 -0.63732297160269591 -0.31953540702733996 -0.19322199846525803 0.03609915644766503 0.33105089177525177 -0.40155627789733084 0.34913738370593445 0.21046452638555882 -0.6328658389832057 -0.60495651581777243
decision_type=2 2 2 2 2 2 2 2 2 2 2 2 2 2
left_child=2 3 4 9 5 12 -6 -8 -4 13 -5 -9 -1 -2
right_child=1 -3 8 10 6 -7 7 11 -10 -11 -12 -13 -14 -15
leaf_value=-0.019401830911083221 -0.0045917867636048222 0.15887055913031092 -0.21551872472774672 0.045567359292461196 -0.015266164783125757 -0.19491148739945746 -0.096348001063502484 -0.041077138522619558 -0.10755491315353527 0.026100794175065403 0.08064599498816695 -0.0098884853856469838 -0.061078974071550621 0.0049477694405471867
leaf_weight=11.000000000000002 22 112 26 42 21 25 81 27 29 43 62 12.999999999999998 11.999999999999998 19
leaf_count=11 22 112 26 42 21 25 81 27 29 43 62 13 12 19
internal_value=-0.00146061 0.0905625 -0.113641 0.0461794 -0.0910717 -0.138611 -0.0699899 -0.0782632 -0.174877 0.0141558 0.0697995 -0.0337032 -0.0495216 0
internal_weight=545 300 245 188 190 48 142 121 55 84 104 40 23 41
internal_count=545 300 245 188 190 48 142 121 55 84 104 40 23 41
is_linear=0
shrinkage=0.0529975


Tree=13
num_leaves=14
num_cat=0
split_feature=37 37 29 19 37 19 29 19 19 37 37 19 37
split_gain=1860.74 282.95 83.2632 61.8869 47.2501 44.0766 18.537 30.7806 5.84085 5.69272 1.32856 0.778532 0.496367
threshold=-0.81674439241534058 0.99708247151434348 0.34963447586933422 0.1123312941378672 0.049279300998485126 -0.95772725582126561 -0.30060901107959576 -0.27459863756046599 0.044058632693227386 -0.36590881351952459 0.34913738370593445 -0.61139804268437181 -0.60495651581777243
decision_type=2 2 2 2 2 2 2 2 2 2 2 2 2
left_child=2 4 5 -4 9 -1 11 -8 -9 12 -6 -7 -2
right_child=1 -3 3 -5 10 6 7 8 -10 -11 -12 -13 -14
leaf_value=-0.15309492516118178 -0.0044005562068957036 0.15230596717116232 -0.198795086926944 -0.094454838584754994 0.043730715029187323 -0.026844931364666216 -0.10170249498073893 -0.046761822922466438 -0.0050998589528606286 0.026883776859749565 0.077569454851466768 -0.0060048969617193873 0.0055583322785334958
leaf_weight=15.999999999999998 22 109 42 58 38 19 48 34 14.999999999999998 44 65 12.999999999999998 22
leaf_count=16 22 109 42 58 38 19 48 34 15 44 65 13 22
internal_value=-0.00164515 0.0860901 -0.108594 -0.147111 0.0447806 -0.0771973 -0.0613497 -0.0726523 -0.0360818 0.0146442 0.068242 -0.0208463 0.000508615
internal_weight=545 300 245 100 191 145 129 97 49 88 103 32 44
internal_count=545 300 245 100 191 145 129 97 49 88 103 32 44
is_linear=0
shrinkage=0.0529975


Tree=14
num_leaves=18
num_cat=0
split_feature=37 37 29 28 29 37 37 29 28 30 19 29 37 19 37 29 37
split_gain=1689.22 255.545 80.7914 45.2779 86.7324 32.9624 23.4298 22.854 39.3609 15.5129 2.8637 4.08196 1.33543 0.928718 0.604769 0.519142 0.0825166
threshold=-0.81674439241534058 0.61125109236629682 0.7731741465887918 -0.57634309484549606 -0.31953540702733996 1.8001988748496838 -0.20864058832330609 0.17446000710872947 0.14638654743062807 -0.72758761312421016 -0.15395302483745629 -0.26151545470841348 -0.56511523210139514 0.33746938443185265 0.10170204273055711 -0.6328658389832057 -0.68463908325052059
decision_type=2 2 2 2 2 2 2 2 2 2 2 2 2 2 2 2 2
left_child=2 6 3 4 15 -3 12 10 -9 -4 11 -5 16 -10 -8 -1 -2
right_child=1 5 9 7 -6 -7 14 8 13 -11 -12 -13 -14 -15 -16 -17 -18
leaf_value=-0.01624090983934158 -0.0049340583886592747 0.10098304908516413 -0.068593114329415075 -0.0068766508456811464 -0.17673418389052864 0.17502504852814593 0.029853899428749223 -0.10620321147884938 -0.029917798711737879 -0.19577347749654739 -0.0064797655605644544 -0.047008679857026135 0.011700739517313848 -0.0058382942617684558 0.054387963714475886 -0.04964813160711843 0
leaf_weight=11.000000000000002 16.000000000000004 99 12.999999999999998 11.999999999999998 33 47 35 54 17.000000000000004 30 12.999999999999998 34 31 10.999999999999998 60 17 11.999999999999998
leaf_count=11 16 99 13 12 33 47 35 54 17 30 13 34 31 11 60 17 12
internal_value=-0.00175095 0.0818444 -0.10365 -0.0848655 -0.124241 0.130829 0.032198 -0.0634097 -0.0815148 -0.170567 -0.0329402 -0.0386742 0.00498927 -0.0233618 0.0477274 -0.0419089 -0.00298903
internal_weight=545 300 245 202 61 146 154 141 82 43 59 46 59 28 95 28 28
internal_count=545 300 245 202 61 146 154 141 82 43 59 46 59 28 95 28 28
is_linear=0
shrinkage=0.0529975


Tree=15
num_leaves=16
num_cat=0
split_feature=37 37 13 37 30 30 13 37 13 17 19 37 17 37 37
split_gain=1537.4 233.649 43.9217 39.7565 32.3672 18.1218 12.8282 3.59716 3.31372 5.00172 8.06297 3.09303 2.51795 1.77834 0.244921
threshold=-0.81674439241534058 1.0390206649000016 0.37868236936917049 1.0000000180025095e-35 0.36035248426005978 0.90938718312148792 -0.73447262538515012 -0.44978520029083774 -0.67536705044244283 -0.025288034545233127 0.21046452638556939 0.29252082263530083 -0.58977955253537162 1.8777845326131508 -0.63011943184916475
decision_type=2 2 2 2 2 2 2 2 2 2 2 2 2 2 2
left_child=2 3 5 7 -4 8 -7 14 -1 12 -11 -5 -10 -3 -2
right_child=1 13 4 11 -6 6 -8 -9 9 10 -12 -13 -14 -15 -16
leaf_value=-0.015463935463831917 -0.0045048960351371367 0.10516813092729912 -0.095155274133552362 0.037751627879130341 -0.18105210921752685 -0.044266354204467957 -0.13845160967893499 0.020773044418519612 -0.046689685185005297 -0.081133813556072576 -0.017394343018463591 0.069729105521599152 -0.013543418901297869 0.1689940316833467 0.0028746075941382234
leaf_weight=10.999999999999998 19 62 80 42 29 14.999999999999998 18 42 19 43 10.999999999999998 72 19 44 19
leaf_count=11 19 62 80 42 29 15 18 42 19 43 11 72 19 44 19
internal_value=-0.00185895 0.0778928 -0.0990699 0.0411048 -0.126318 -0.0727697 -0.109209 0.01112 -0.055665 -0.05916 -0.0713025 0.0604814 -0.03438 0.139354 -0.000767488
internal_weight=545 300 245 194 109 136 33 80 103 92 54 114 38 106 38
internal_count=545 300 245 194 109 136 33 80 103 92 54 114 38 106 38
is_linear=0
shrinkage=0.0529975


Tree=16
num_leaves=18
num_cat=0
split_feature=37 37 29 28 29 37 29 28 30 37 19 29 29 37 37 19 37
split_gain=1399.15 212.138 76.0497 41.509 77.481 36.0331 20.3088 33.9699 14.016 3.74002 2.86255 3.52214 2.80165 2.64329 1.86506 0.915258 0.225879
threshold=-0.81674439241534058 1.0390206649000016 0.7731741465887918 -0.57634309484549606 -0.25359189156537315 -0.04088781478067683 0.17446000710872947 0.14638654743062807 -0.72758761312421016 0.34913738370593445 -0.15395302483745629 -0.19322199846525803 -0.6328658389832057 -0.44978520029083774 1.8777845326131508 0.33746938443185265 -0.60495651581777243
decision_type=2 2 2 2 2 2 2 2 2 2 2 2 2 2 2 2 2
left_child=2 5 3 4 12 13 10 -8 -4 -7 11 -5 -1 16 -3 -9 -2
right_child=1 14 8 6 -6 9 7 15 -10 -11 -12 -13 -14 -15 -16 -17 -18
leaf_value=-0.013645298379230692 -0.0039221425287434648 0.10008600720888131 -0.063493764088760007 -0.0087392068063186744 -0.17404311986628018 0.036842461373548359 -0.096366455450869082 -0.026244363435117667 -0.18251828068988765 0.067162900796835664 -0.0036189286573887602 -0.043521754855891805 -0.056940381012270239 0.018177076949938486 0.16111195124180397 -0.0039982162321876812 0.0032139869478605312
leaf_weight=10.999999999999998 22 62 12.999999999999998 15.999999999999998 27 51 54 17.000000000000004 30 68 12.999999999999998 30 23 37 44 10.999999999999998 15.999999999999998
leaf_count=11 22 62 13 16 27 51 54 17 30 68 13 30 23 37 44 11 16
internal_value=-0.00189646 0.0741858 -0.0946329 -0.0767436 -0.114032 0.0391313 -0.0565704 -0.0734927 -0.158851 0.0566151 -0.0283335 -0.0339609 -0.0472535 0.00916632 0.13275 -0.019957 -0.000730175
internal_weight=545 300 245 202 61 194 141 82 43 119 59 46 34 75 106 28 38
internal_count=545 300 245 202 61 194 141 82 43 119 59 46 34 75 106 28 38
is_linear=0
shrinkage=0.0529975


Tree=17
num_leaves=18
num_cat=0
split_feature=37 37 29 19 29 37 29 19 19 29 37 19 29 37 19 37 37
split_gain=1274.78 192.6 70.0155 41.584 57.5835 32.68 13.4593 28.2755 13.3374 4.11965 4.00747 2.93863 2.21696 1.97777 1.53375 1.11494 0.328428
threshold=-0.81674439241534058 1.0390206649000016 0.67528232375896413 -0.63732297160268458 -0.25359189156537315 0.049279300998485126 -0.054945875154369203 0.036099156447675855 0.2948654323460424 -0.54213609959460229 -0.36590881351952459 -0.45985295251530983 -0.33273871682312839 1.9218196356680928 0.21046452638556939 0.38478484808374686 -0.60495651581777243
decision_type=2 2 2 2 2 2 2 2 2 2 2 2 2 2 2 2 2
left_child=2 5 3 4 9 10 11 -8 -4 -1 16 12 -5 -3 -9 -7 -2
right_child=1 13 8 6 -6 15 7 14 -10 -11 -12 -13 -14 -15 -16 -17 -18
leaf_value=-0.016938027787676519 -0.0037587999598188665 0.096495212768174646 -0.18374228660944139 -0.0051376147907467827 -0.17587650033854912 0.036961464092919769 -0.082371962370672389 -0.028263086887126521 -0.087899107272426669 -0.066053415395516193 0.02230823305181024 0.0020663161201331355 -0.039039486003862728 0.15544021904051014 -0.0039002931970270548 0.064731065795057538 0.0043456442474115106
leaf_weight=14.000000000000002 22 65 24 10.999999999999998 19 42 66 27 31 14.999999999999998 44 10.999999999999998 14.000000000000002 41 12.999999999999998 64 22
leaf_count=14 22 65 24 11 19 42 66 27 31 15 44 11 14 41 13 64 22
internal_value=-0.00196684 0.0706564 -0.0904846 -0.071092 -0.113634 0.0372541 -0.0526429 -0.0620656 -0.143788 -0.049507 0.0120405 -0.0198315 -0.0282276 0.126459 -0.0220377 0.0563585 0.000188911
internal_weight=545 300 245 190 48 194 142 106 55 29 88 36 25 106 40 106 44
internal_count=545 300 245 190 48 194 142 106 55 29 88 36 25 106 40 106 44
is_linear=0
shrinkage=0.0529975


Tree=18
num_leaves=18
num_cat=0
split_feature=37 37 29 19 29 37 29 28 35 37 19 29 29 19 37 37 37
split_gain=1162.47 174.835 66.1773 37.1688 67.5784 31.0003 17.1346 28.6455 13.3578 4.30728 3.17634 3.72139 2.36543 0.87503 0.627347 0.301679 0.280815
threshold=-0.81674439241534058 1.0872495872935086 0.7731741465887918 -0.58317633917525924 -0.25359189156537315 0.10170204273055711 0.17446000710872947 0.14638654743062807 -0.075187709818658785 -0.36590881351952459 -0.22334124211903542 -0.19322199846525803 -0.6328658389832057 0.33746938443185265 1.9469825516994852 -0.60495651581777243 0.38478484808374686
decision_type=2 2 2 2 2 2 2 2 2 2 2 2 2 2 2 2 2
left_child=2 5 3 4 12 9 10 -8 -4 15 11 -5 -1 -9 -3 -2 -7
right_child=1 14 8 6 -6 16 7 13 -10 -11 -12 -13 -14 -15 -16 -17 -18
leaf_value=-0.012596297633555487 -0.0036022601549535373 0.093519311029153257 -0.057442930011263493 -0.0079643125490962731 -0.16274187035863011 0.035574600904417011 -0.087876817119820108 -0.023893839025326276 -0.16861202709474296 0.022520210730035319 -0.0045460608274414047 -0.043690449922919865 -0.052534035390519769 -0.0029415347823669377 0.1502624520503916 0.0041646645708199323 0.062285542735805957
leaf_weight=10.999999999999998 22 65 12.999999999999998 15.999999999999998 26 36 54 17.000000000000004 30 50 18 26 23 10.999999999999998 38 22 67
leaf_count=11 22 65 13 16 26 36 54 17 30 50 18 26 23 11 38 22 67
internal_value=-0.00204378 0.0673077 -0.086571 -0.0699743 -0.105438 0.0361159 -0.0512776 -0.066886 -0.146289 0.0127684 -0.0257011 -0.0329214 -0.0436133 -0.0178387 0.121633 0.000175226 0.0554845
internal_weight=545 300 245 202 60 197 142 82 43 94 60 42 34 28 103 44 103
internal_count=545 300 245 202 60 197 142 82 43 94 60 42 34 28 103 44 103
is_linear=0
shrinkage=0.0529975


Tree=19
num_leaves=15
num_cat=0
split_feature=37 37 29 38 19 29 37 19 29 37 37 29 37 37
split_gain=1059.61 159.143 60.9205 44.5706 36.8828 41.1924 20.7664 14.374 17.111 11.94 2.0097 1.69404 0.962545 0.0840026
threshold=-0.81674439241534058 0.84820188499526061 0.42990594242352781 0.13090962736835629 -0.68361382853397312 -0.54213609959460229 -0.18557458196119755 0.036099156447675855 1.0000000180025095e-35 1.8777845326131508 0.20235370685613588 -0.35880181257487692 -0.52737085805430506 -0.63011943184916475
decision_type=2 2 2 2 2 2 2 2 2 2 2 2 2 2
left_child=2 6 4 -4 5 -1 12 8 11 -3 -8 -6 13 -2
right_child=1 9 3 -5 7 -7 10 -9 -10 -11 -12 -13 -14 -15
leaf_value=-0.015524611961936009 -0.0038688900627697506 0.083040689048844721 -0.075193395638689056 -0.1682844605610396 -0.0022245181433540322 -0.13179295153818807 0.027197610636501859 0 -0.069957328324284598 0.13988752827181372 0.050551656733893759 -0.026721751544259043 0.010175734742875208 0.00083552686649637374
leaf_weight=13.999999999999998 19.000000000000004 81 55 33 11.999999999999998 28 47 21 46 44 66 36 31 11.999999999999998
leaf_count=14 19 81 55 33 12 28 47 21 46 44 66 36 31 12
internal_value=-0.00208885 0.0641242 -0.0827888 -0.118685 -0.0589995 -0.0999639 0.0297778 -0.0397682 -0.0481392 0.108592 0.0427567 -0.021654 0.00433543 -0.00201877
internal_weight=545 300 245 88 157 42 175 115 94 125 113 48 62 31
internal_count=545 300 245 88 157 42 175 115 94 125 113 48 62 31
is_linear=0
shrinkage=0.0529975


Tree=20
num_leaves=19
num_cat=0
split_feature=37 37 29 19 29 37 19 30 29 19 29 37 37 19 29 37 29 37
split_gain=963.332 145.035 59.4633 34.8374 75.8867 25.3307 20.1158 12.5829 11.8586 12.5882 5.562 3.53117 1.45993 1.38399 1.65553 1.328 0.539648 0.106809
threshold=-0.81674439241534058 1.0872495872935086 0.7731741465887918 -0.27139899128830619 0.061826384744403794 -0.087019827504899783 -0.95772725582126561 -0.72758761312421016 0.26696810119628295 0.1923965634511757 -0.35880181257487692 0.40785085444585817 2.003599112770122 0.036099156447675855 0.061826384744403794 -0.49382030334577687 -0.50026514361871988 -0.63011943184916475
decision_type=2 2 2 2 2 2 2 2 2 2 2 2 2 2 2 2 2 2
left_child=2 5 3 4 6 15 -1 -4 13 -10 16 -7 -3 14 -5 17 -8 -2
right_child=1 12 7 8 -6 11 10 -9 9 -11 -12 -13 -14 -15 -16 -17 -18 -19
leaf_value=-0.099202167164283414 -0.0037130360981908919 0.085692848443499239 -0.05226206398744971 0.00045387368698267006 -0.14736587010895241 0.031341751732529503 0.00025891952357257519 -0.15639414737819526 -0.064463977186472093 -0.0092756246156695671 -0.042324031859867668 0.056830824971885942 0.13901093017495564 0.004825885967404739 -0.02480696617609781 0.012344074230404194 -0.013506569321492591 0.001347696297482175
leaf_weight=12.999999999999998 19 68 12.999999999999998 11.000000000000002 32 64 11.000000000000002 30 40 19 38 64 35 10.999999999999998 11.999999999999998 35 14.999999999999998 14.999999999999998
leaf_count=13 19 68 13 11 32 64 11 30 40 19 38 64 35 11 12 35 15 15
internal_value=-0.00208353 0.0610503 -0.0790297 -0.0634616 -0.0838211 0.0326473 -0.0485896 -0.135304 -0.0358969 -0.0492943 -0.0305915 0.0461113 0.110526 -0.00856902 -0.0148893 0.00588757 -0.00850733 -0.00143841
internal_weight=545 300 245 202 109 197 77 43 93 59 64 128 103 34 23 69 26 34
internal_count=545 300 245 202 109 197 77 43 93 59 64 128 103 34 23 69 26 34
is_linear=0
shrinkage=0.0529975


Tree=21
num_leaves=18
num_cat=0
split_feature=37 37 29 28 29 37 29 19 35 37 19 29 17 29 37 37 37
split_gain=878.478 131.843 54.5138 32.9395 54.6814 23.0037 13.5528 22.4828 12.051 3.27511 2.48289 2.84031 2.2035 1.9351 1.67793 0.275896 0.166736
threshold=-0.81674439241534058 1.0872495872935086 0.7731741465887918 -0.57634309484549606 -0.25359189156537315 0.10170204273055711 0.17446000710872947 0.18531090310476403 -0.075187709818658785 -0.33445516848028017 -0.22334124211903542 -0.19322199846525803 1.4179678394544537 -0.6328658389832057 2.003599112770122 -0.60495651581777243 0.40785085444585817
decision_type=2 2 2 2 2 2 2 2 2 2 2 2 2 2 2 2 2
left_child=2 5 3 4 13 9 10 12 -4 15 11 -5 -8 -1 -3 -2 -7
right_child=1 14 8 6 -6 16 7 -9 -10 -11 -12 -13 -14 -15 -16 -17 -18
leaf_value=-0.0104000962462024 -0.0031919374700450165 0.081519370130558794 -0.049605722446220656 -0.0058947628479980637 -0.14354115289678493 0.031415626557781996 -0.080610344089563482 -0.0067559013033703435 -0.14988791810102167 0.019990770011614249 -0.0025657964118742148 -0.036721040897888066 -0.032396422651291508 -0.045616764326351686 0.13272128008903353 0.0040377089654679366 0.054076954375913824
leaf_weight=10.999999999999998 22 68 12.999999999999998 15.999999999999998 27 39 45 21 30 47 18 25 15.999999999999998 23 35 25 64
leaf_count=11 22 68 13 16 27 39 45 21 30 47 18 25 16 23 35 25 64
internal_value=-0.0021353 0.0581549 -0.0756135 -0.0607077 -0.0932856 0.0310744 -0.0433358 -0.0570455 -0.129494 0.0109527 -0.0206692 -0.0271269 -0.0720998 -0.0376652 0.105327 0.000543566 0.0477609
internal_weight=545 300 245 202 61 197 141 82 43 94 59 41 61 34 103 47 103
internal_count=545 300 245 202 61 197 141 82 43 94 59 41 61 34 103 47 103
is_linear=0
shrinkage=0.0529975


Tree=22
num_leaves=19
num_cat=0
split_feature=37 37 29 19 29 19 37 37 38 29 19 29 19 29 37 29 37 37
split_gain=801.154 119.822 49.9989 30.4557 65.7268 19.0931 14.479 12.7496 12.5024 10.1324 10.2804 4.70532 1.26558 1.50333 0.717179 0.506519 0.389489 0.0667632
threshold=-0.81674439241534058 0.67415838244478266 0.7731741465887918 -0.27139899128830619 0.061826384744403794 -0.95772725582126561 1.7603575911333127 -0.18557458196119755 -0.18974382169629886 0.26696810119628295 0.19532064279088537 -0.35880181257487692 0.036099156447675855 0.061826384744403794 -0.52737085805430506 -0.50026514361871988 0.1436402361162151 -0.68463908325052059
decision_type=2 2 2 2 2 2 2 2 2 2 2 2 2 2 2 2 2 2
left_child=2 7 3 4 5 -1 -3 14 -4 12 -11 15 13 -5 17 -7 -9 -2
right_child=1 6 8 9 -6 11 -8 16 -10 10 -12 -13 -14 -15 -16 -17 -18 -19
leaf_value=-0.093250045639148751 -0.0037198890018350574 0.068278210881993984 -0.064667049053845002 0.00095231800151065354 -0.13611867481165421 0.0010460039831798292 0.11889830426664724 0.021787878582893442 -0.1576070712576467 -0.057429125278701552 -0.0064163729979849933 -0.037946308190601991 0.0052969014719251853 -0.022861134142553849 0.0087008433133015043 -0.011969894308416312 0.039322930723546812 0.00039026812014883536
leaf_weight=12.999999999999998 16.000000000000004 87 22 11.000000000000002 32 11.000000000000002 50 38 21 42 17 38 10.999999999999998 11.999999999999998 31 14.999999999999998 63 14.999999999999998
leaf_count=13 16 87 22 11 32 11 50 38 21 42 17 38 11 12 31 15 63 15
internal_value=-0.00216589 0.0554106 -0.072335 -0.0580615 -0.0770498 -0.0443567 0.0910127 0.0232784 -0.123933 -0.0324168 -0.044786 -0.0271878 -0.00728152 -0.0133895 0.00365122 -0.00708085 0.0343817 -0.0018014
internal_weight=545 300 245 202 109 77 137 163 43 93 59 64 34 23 62 26 101 31
internal_count=545 300 245 202 109 77 137 163 43 93 59 64 34 23 62 26 101 31
is_linear=0
shrinkage=0.0529975


Tree=23
num_leaves=18
num_cat=0
split_feature=43 29 19 29 29 19 30 38 29 19 19 29 9 19 29 30 19
split_gain=730.547 46.1944 29.6144 48.9893 12.7614 21.8749 14.0692 11.4993 11.0524 18.6321 2.14773 2.93395 2.14684 1.97568 1.8742 0.943431 0.730696
threshold=1.0000000180025095e-35 0.7731741465887918 -0.58317633917525924 -0.25359189156537315 -0.24835673359618479 -0.18832185409516231 -0.51484338589943546 -0.18974382169629886 0.17446000710872947 0.18531090310476403 -0.24311319476512336 -0.19322199846525803 0.92077631468792132 0.044058632693227386 -0.6328658389832057 0.10734847024358141 0.02657336111148936
decision_type=2 2 2 2 2 2 2 2 2 2 2 2 2 2 2 2 2
left_child=1 2 3 14 5 12 -6 -3 10 13 11 -4 -2 -10 -1 -7 -8
right_child=4 7 8 -5 6 15 16 -9 9 -11 -12 -13 -14 -15 -16 -17 -18
leaf_value=-0.0089031332286298205 0.04354263902086445 -0.061973911221269183 -0.0046428002005705132 -0.13521454814068443 0.054827141044906866 0.086221497552759693 0.0045855662135759851 -0.15110959972945776 -0.075154321896287651 -0.0060585640629445226 -0.0031235367203206778 -0.035378648308963902 0.01429053759159851 -0.032792741734746889 -0.042263455898616228 0.036885447131252781 0.019640834320621203
leaf_weight=10.999999999999998 75 22 15.999999999999998 26 52 77 18 21 41 21 20 24 17 20 23 14.999999999999998 46
leaf_count=11 75 22 16 26 52 77 18 21 41 21 20 24 17 20 23 15 46
internal_value=-0.00223989 -0.0692444 -0.0555378 -0.0866283 0.0527423 0.0621429 0.0354522 -0.118814 -0.0393761 -0.0518431 -0.0190696 -0.0254442 0.0394138 -0.0655477 -0.034598 0.0809981 0.0162619
internal_weight=545 245 202 60 300 184 116 43 142 82 60 40 92 61 34 92 64
internal_count=545 245 202 60 300 184 116 43 142 82 60 40 92 61 34 92 64
is_linear=0
shrinkage=0.0529975


Tree=24
num_leaves=16
num_cat=0
split_feature=37 37 29 19 19 29 37 19 29 37 37 29 9 37 29
split_gain=666.893 99.6582 45.5398 41.0684 34.2277 24.8879 16.405 14.1416 27.0437 2.78478 2.52191 2.39232 0.828032 0.153311 0.0991288
threshold=-0.75383710233685208 1.1396723290255804 0.42990594242352781 -0.036067908672949726 -0.95772725582126561 1.0939113685825921 0.1771907908247404 -0.047937934349164608 0.061826384744403794 -0.32397062013386352 2.0623125835100464 -0.50026514361871988 0.12359606136457299 -0.57350287077852791 -0.35880181257487692
decision_type=2 2 2 2 2 2 2 2 2 2 2 2 2 2 2
left_child=2 6 4 -4 -1 -5 9 8 11 13 -3 -6 -9 -2 -13
right_child=1 10 3 5 7 -7 -8 12 -10 -11 -12 14 -14 -15 -16
leaf_value=-0.10924347413306768 -0.002129908104273008 0.07228551427744051 -0.15888017754386063 -0.037173170720503398 0.00073765894724890711 -0.11040307744687992 0.04316334096344665 -0.0076757143253617472 -0.073565441709889962 0.018884079362227166 0.12076858643614838 -0.010581234056786343 0.0075756470068426189 0.0034598843872688518 -0.026264585037274243
leaf_weight=15.999999999999998 18 68 20 49 11.999999999999998 20 95 14.000000000000002 42 56 31 14.999999999999998 13.999999999999998 25 50
leaf_count=16 18 68 20 49 12 20 95 14 42 56 31 15 14 25 50
internal_value=-0.00229427 0.0515861 -0.0647109 -0.0953589 -0.0451455 -0.0656226 0.0279665 -0.034115 -0.041741 0.011685 0.0935637 -0.0202372 0 0.00100312 -0.0239431
internal_weight=545 293 252 89 163 69 194 147 119 99 99 77 28 43 65
internal_count=545 293 252 89 163 69 194 147 119 99 99 77 28 43 65
is_linear=0
shrinkage=0.0529975


Tree=25
num_leaves=19
num_cat=0
split_feature=37 37 29 19 29 37 19 38 29 29 37 19 29 37 37 29 37 37
split_gain=608.403 95.7649 41.3251 35.2181 73.5028 16.0431 15.2491 9.13175 16.9434 4.63106 3.9804 3.42827 3.68271 2.42033 0.826761 0.645717 0.0693104 0.0261597
threshold=-0.81674439241534058 1.0872495872935086 0.96361458521015575 -0.27139899128830619 0.083447991429444604 -0.087019827504899783 -0.95772725582126561 -0.16222339301724051 0.47796017511591082 -0.30060901107959576 2.1084445962342691 0.036099156447675855 0.061826384744403794 0.4330137704772507 -0.49382030334577687 -0.50026514361871988 -0.68463908325052059 -0.33445516848028017
decision_type=2 2 2 2 2 2 2 2 2 2 2 2 2 2 2 2 2 2
left_child=2 5 3 4 6 14 -1 -5 11 15 -3 12 -9 -7 16 -8 -2 -16
right_child=1 10 -4 7 -6 13 9 8 -10 -11 -12 -13 -14 -15 17 -17 -18 -19
leaf_value=-0.083708123716184968 -0.0040236835966952168 0.069020689826589571 -0.12086178704537555 0.0085309443382732848 -0.13410085918396333 0.024212088389509719 0.0017062909998805486 0.0022293884483396095 -0.061161695118324491 -0.037049102954871009 0.11754183419378762 0.0028476492147595572 -0.0317838796120649 0.044601833521796592 0.0032257738284540314 -0.012245985142762456 4.7948965468861687e-05 0.010387780120044914
leaf_weight=12.999999999999998 15.999999999999998 75 29 13.999999999999998 33 67 10.999999999999998 10.999999999999998 33 34 28 21 25 61 12.999999999999998 21 18 22
leaf_count=13 16 75 29 14 33 67 11 11 33 34 28 21 25 61 13 21 18 22
internal_value=-0.00232853 0.0478491 -0.0634736 -0.0526807 -0.0730277 0.0248342 -0.039773 -0.0279186 -0.03384 -0.0247711 0.0880159 -0.0135952 -0.0223902 0.0355423 0.0036232 -0.00775368 -0.00200946 0.0087589
internal_weight=545 300 245 216 112 197 79 104 90 66 103 57 36 128 69 32 34 35
internal_count=545 300 245 216 112 197 79 104 90 66 103 57 36 128 69 32 34 35
is_linear=0
shrinkage=0.0529975


Tree=26
num_leaves=19
num_cat=0
split_feature=37 37 13 30 37 30 13 35 19 35 37 53 37 9 9 37 37 37
split_gain=554.706 87.2155 23.0609 26.4579 15.3199 14.4634 8.47933 3.73094 3.72893 3.88973 2.86789 2.18365 1.91491 0.935876 1.85439 0.800633 0.174734 0.00198823
threshold=-0.81674439241534058 1.1396723290255804 0.37868236936917049 0.36035248426005978 0.074442217029880728 0.90938718312148792 -0.63103786923541239 -0.15589504110802757 0.18531090310476403 0.11287536321216828 2.1084445962342691 1.0000000180025095e-35 -0.33445516848028017 -0.4015808138966292 0.37469037699295688 0.4330137704772507 -0.60495651581777243 -0.49382030334577687
decision_type=2 2 2 2 2 2 2 2 2 2 2 2 2 2 2 2 2 2
left_child=2 4 5 7 12 8 -7 13 9 11 -3 -1 16 -4 -15 -6 -2 -18
right_child=1 10 3 -5 15 6 -8 -9 -10 -11 -12 -13 -14 14 -16 -17 17 -19
leaf_value=-0.0038614072308027904 -0.0033293089277003016 0.066265967280822749 -0.049667994113466687 -0.12332341315229821 0.024196912626258952 -0.029211086169397948 -0.097051359230281437 -0.073762803670405386 -0.0058135214179218892 -0.044691576771510456 0.11241117994167622 -0.029198127715463925 0.01452455820261489 -0.0066207673819977091 -0.03488391388839833 0.043069981432965886 0.00051226283690633415 0.0031087804963285284
leaf_weight=22 22 71 19 29 45 17 15.999999999999998 32 19 46 28 15.999999999999998 44 17.000000000000004 11.999999999999998 65 12.000000000000002 12.999999999999998
leaf_count=22 22 71 19 29 45 17 16 32 19 46 28 16 44 17 12 65 12 13
internal_value=-0.00231812 0.0455945 -0.0607021 -0.0797251 0.0242225 -0.0426837 -0.0721481 -0.0563423 -0.0297297 -0.0343139 0.0850582 -0.0172138 0.00730157 -0.0376975 -0.0224887 0.0370594 -0.000206898 0.002428
internal_weight=545 300 245 109 201 136 33 80 103 84 99 38 91 48 29 110 47 25
internal_count=545 300 245 109 201 136 33 80 103 84 99 38 91 48 29 110 47 25
is_linear=0
shrinkage=0.0529975


Tree=27
num_leaves=20
num_cat=0
split_feature=37 37 29 19 29 19 37 38 29 29 19 29 37 37 37 29 37 29 37
split_gain=506.625 79.3377 37.8984 31.5653 64.8657 13.9682 13.8775 8.10869 15.0805 4.18608 3.27337 3.73988 2.94713 1.57634 0.901679 0.578444 0.161722 0.16058 0.00141249
threshold=-0.81674439241534058 1.1396723290255804 0.96361458521015575 -0.27139899128830619 0.083447991429444604 -0.95772725582126561 0.049279300998485126 -0.16222339301724051 0.47796017511591082 -0.30060901107959576 -0.047937934349164608 0.061826384744403794 2.1084445962342691 -0.33445516848028017 0.4330137704772507 -0.50026514361871988 -0.60495651581777243 0.25224183869804911 -0.49382030334577687
decision_type=2 2 2 2 2 2 2 2 2 2 2 2 2 2 2 2 2 2 2
left_child=2 6 3 4 5 -1 13 -5 10 15 11 -9 -3 16 -8 -7 -2 -12 -18
right_child=1 12 -4 7 -6 9 14 8 -10 -11 17 -13 -14 -15 -16 -17 18 -19 -20
leaf_value=-0.077805430526307423 -0.003190655785417296 0.063027541976820256 -0.11274239062080289 0.0093109839179968054 -0.12440211874064332 0.002544977121288369 0.022958971923660105 0.0028359557732624066 -0.055953627971848552 -0.033508302686025573 0.0062537205596831253 -0.031888052247109978 0.10750447315682514 0.013380868645743945 0.04098017024296817 -0.010371125153630161 0.00049416015382423124 -0.00078152995124628746 0.0029960302611885623
leaf_weight=12.999999999999998 22 71 29 13.999999999999998 33 10.999999999999998 48 10.999999999999998 33 34 11.000000000000002 21 28 41 65 21 12.000000000000002 13.999999999999998 12.999999999999998
leaf_count=13 22 71 29 14 33 11 48 11 33 34 11 21 28 41 65 21 12 14 13
internal_value=-0.00233484 0.043455 -0.0581305 -0.0479196 -0.0671221 -0.0360244 0.0230701 -0.0246446 -0.030251 -0.021903 -0.0113501 -0.021204 0.0810946 0.00651426 0.0349265 -0.00604644 -0.000180214 0.00269961 0.00234839
internal_weight=545 300 245 216 112 79 201 104 90 66 57 32 99 88 113 32 47 25 25
internal_count=545 300 245 216 112 79 201 104 90 66 57 32 99 88 113 32 47 25 25
is_linear=0
shrinkage=0.0529975


Tree=28
num_leaves=20
num_cat=0
split_feature=37 37 29 27 29 27 37 29 27 3 37 29 27 29 9 37 37 37 37
split_gain=462.014 72.1822 34.9546 27.5418 31.0052 18.6107 11.5495 5.89442 13.3062 4.70964 4.64863 3.43332 2.19846 4.15852 1.62539 1.5625 0.614277 0.0588928 0.00317096
threshold=-0.81674439241534058 1.0390206649000016 0.67528232375896413 -0.63732297160269591 -0.25359189156537315 0.12500767621501169 -0.087019827504899783 0.16142385576168791 0.03609915644766503 -0.57854887887566175 2.003599112770122 -0.54213609959460229 -0.27139899128831813 -0.19322199846525803 0.12359606136457299 0.27574554528103529 -0.49382030334577687 -0.68463908325052059 -0.33445516848028017
decision_type=2 2 2 2 2 2 2 2 2 2 2 2 2 2 2 2 2 2 2
left_child=2 6 3 4 11 -4 16 12 -9 -7 -3 -1 13 -5 -10 -8 17 -2 -18
right_child=1 10 5 7 -6 9 15 8 14 -11 -12 -13 -14 -15 -16 -17 18 -19 -20
leaf_value=-0.0063443962349062693 -0.0036172267159908364 0.057155426143116805 -0.13590230482599241 -0.0016560743873363284 -0.12070912672670553 -0.019784604630349045 0.018606343919560588 -0.057559904842533247 -0.021210607743257871 -0.069761012397889691 0.098865379034941733 -0.044268302818671432 0 -0.033281866989270714 0 0.036030858596343196 0.0028873693679043284 0.0001057682729358201 0.0087930124542125905
leaf_weight=14.000000000000002 15.999999999999998 71 18 21 19 14.999999999999998 50 40 17 22 35 14.999999999999998 21 24 19 75 12.999999999999998 18 22
leaf_count=14 16 71 18 21 19 15 50 40 17 22 35 15 21 24 19 75 13 18 22
internal_value=-0.00231195 0.0414157 -0.0555941 -0.0423648 -0.0757014 -0.0925235 0.0210264 -0.0284382 -0.0383827 -0.0552476 0.0755459 -0.0303838 -0.0146469 -0.0205903 -0.0117322 0.0302851 0.00307987 -0.00175124 0.00751303
internal_weight=545 300 245 190 48 55 194 142 76 37 106 29 66 45 36 125 69 34 35
internal_count=545 300 245 190 48 55 194 142 76 37 106 29 66 45 36 125 69 34 35
is_linear=0
shrinkage=0.0529975


Tree=29
num_leaves=21
num_cat=0
split_feature=43 39 29 28 29 38 29 39 19 29 19 39 29 39 9 30 39 13 16 30
split_gain=422.452 64.8532 33.7135 28.5821 39.3176 11.6347 22.0621 8.87109 7.42371 9.88795 3.44915 1.86743 0.839762 0.762296 0.366958 0.323299 0.217303 0.189397 0.063996 0.0304245
threshold=1.0000000180025095e-35 0.96953901473456838 0.96361458521015575 -0.7132154924804589 -0.54213609959460229 -0.16222339301724051 0.41037723249571229 -0.043054272318594086 -0.047937934349164608 0.025471194833478934 -0.073027776466943153 1.4493800370583283 -0.35880181257487692 0.33335776788007615 0.1530035466870783 -0.47726024075960333 -0.36394965021240538 -0.094162230172487885 -0.28057763578010647 0.28955931014569997
decision_type=2 2 2 2 2 2 2 2 2 2 2 2 2 2 2 2 2 2 2 2
left_child=2 7 3 4 -1 -5 8 15 9 12 -8 -3 -7 -9 -10 -2 18 -14 -17 -18
right_child=1 11 -4 5 -6 6 10 13 14 -11 -12 -13 17 -15 -16 16 19 -19 -20 -21
leaf_value=-0.0061089886735999624 0.0095409425997099191 0.045619549202647727 -0.10463176557108396 0.0098385706495786214 -0.11644824079643842 0 -0.092653708417552758 0.018298831659171039 -0.0024199480929495147 -0.047075956807206353 -0.04132016839167299 0.080996192679959153 -0.01943044191086217 0.033022787334662067 0.0085572143544693571 -0.0036688756151660807 0.0065120379437623617 -0.007347176418390877 0.00044990184003770509 0.0010562569301285525
leaf_weight=13.999999999999998 17 39 29 13.999999999999998 25 13.999999999999998 13.999999999999998 50 11.000000000000002 40 31 69 19.999999999999996 72 11.999999999999998 11.000000000000002 12.000000000000002 21.000000000000004 19 10.999999999999998
leaf_count=14 17 39 29 14 25 14 14 50 11 40 31 69 20 72 12 11 12 21 19 11
internal_value=-0.00236056 0.0394541 -0.0533094 -0.0437473 -0.0830871 -0.0326025 -0.0365088 0.0198575 -0.0223752 -0.0285883 -0.0664444 0.0713542 -0.0117221 0.0281829 0.00365163 0.00417666 0.00154278 -0.0151172 -0.00122588 0.00490166
internal_weight=545 300 245 216 39 177 163 192 118 95 45 108 55 122 23 70 53 41 30 23
internal_count=545 300 245 216 39 177 163 192 118 95 45 108 55 122 23 70 53 41 30 23
is_linear=0
shrinkage=0.0529975


Tree=30
num_leaves=21
num_cat=0
split_feature=37 37 29 19 29 19 37 38 29 37 29 19 29 37 29 19 37 37 19 37
split_gain=385.33 59.6897 30.7163 26.9179 53.2072 12.2586 10.3863 6.50367 12.1935 3.98329 3.5511 2.45408 2.9018 1.68476 0.813934 1.45325 0.21764 0.156551 0.113307 0.00373688
threshold=-0.81674439241534058 1.1396723290255804 0.96361458521015575 -0.27139899128830619 0.083447991429444604 -0.95772725582126561 0.1436402361162151 -0.16222339301724051 0.47796017511591082 2.1084445962342691 -0.17292469673266564 -0.047937934349164608 0.061826384744403794 -0.30090461377175504 -0.50026514361871988 -0.54323978470450507 -0.57350287077852791 0.45398286717008124 0.12123585939265195 -0.7098019992819159
decision_type=2 2 2 2 2 2 2 2 2 2 2 2 2 2 2 2 2 2 2 2
left_child=2 6 3 4 5 -1 13 -5 11 -3 14 12 -9 16 -7 -16 19 -8 -13 -2
right_child=1 9 -4 7 -6 10 17 8 -10 -11 -12 18 -14 -15 15 -17 -18 -19 -20 -21
leaf_value=-0.07036977763591723 -0.0034541813920998931 0.053734104554584113 -0.10003668064618795 0.0094735112635169951 -0.11135897644890839 0.0033134733786526292 0.020413042729097653 0.0033514832736747041 -0.048692779240227094 0.094961055973997135 -0.033210543310717044 -7.0207592014556939e-05 -0.02683603762839256 0.014107663608935858 -0.018374202674158825 0.0024223485518229042 0.0033141055008309747 0.035870821298575543 0.0059067079213542652 -0.000576659003640088
leaf_weight=12.999999999999998 13.000000000000002 71 29 13.999999999999998 33 10.999999999999998 39 10.999999999999998 33 28 23 13.000000000000002 21 44 19.999999999999996 12.000000000000002 31 62 11.999999999999998 11.999999999999998
leaf_count=13 13 71 29 14 33 11 39 11 33 28 23 13 21 44 20 12 31 62 12 12
internal_value=-0.00236627 0.0375696 -0.0510245 -0.0418883 -0.0595535 -0.0315015 0.019887 -0.0205913 -0.0256405 0.0702181 -0.0185253 -0.00881896 -0.017384 0.00702819 -0.00742469 -0.0112401 0.000526577 0.0314458 0.00316105 -0.00267707
internal_weight=545 300 245 216 112 79 201 104 90 99 66 57 32 100 43 32 56 101 25 25
internal_count=545 300 245 216 112 79 201 104 90 99 66 57 32 100 43 32 56 101 25 25
is_linear=0
shrinkage=0.0529975


Tree=31
num_leaves=20
num_cat=0
split_feature=37 37 29 19 29 19 37 19 29 19 37 37 29 19 29 37 29 37 37
split_gain=351.528 54.4169 28.4716 22.5899 45.1865 15.9635 10.2923 6.85213 4.74358 7.21889 2.71926 1.77662 1.53484 1.38231 1.05843 0.200897 0.0875234 0.0113833 0.00299066
threshold=-0.81674439241534058 1.204676528773347 0.71547010596101057 -0.45332057286409322 -0.10741717961323992 0.12500767621502204 0.1771907908247404 -0.95772725582126561 0.26696810119628295 0.19532064279088537 2.1084445962342691 -0.30090461377175504 -0.50026514361871988 -0.15395302483745629 -0.008912818970167935 -0.57350287077852791 -0.35880181257487692 0.47495196386290883 -0.7098019992819159
decision_type=2 2 2 2 2 2 2 2 2 2 2 2 2 2 2 2 2 2 2
left_child=2 6 3 4 7 -4 11 -1 13 -10 -3 15 -9 14 -5 18 -14 -8 -2
right_child=1 10 5 8 -6 -7 17 12 9 -11 -12 -13 16 -15 -16 -17 -18 -19 -20
leaf_value=-0.054715635833982805 -0.0033289040658471122 0.051799362969942968 -0.12926934611874538 -0.00058936193851417279 -0.10568139895412787 -0.050014377763270473 0.020097834371219529 0.0031998221690634544 -0.039596991818294049 0.0014331883080229378 0.090816045133574677 0.014022712822420276 -0.0072456639220710066 0.0032493769650627558 -0.0197334766690224 0.0031669339501745469 -0.020413466896581609 0.035188990971651943 -0.00055628061350380682
leaf_weight=10.999999999999998 13.000000000000002 65 13.999999999999998 13.999999999999998 29 35 36 10.999999999999998 43 14.999999999999998 28 50 13.999999999999995 20 18 31 21.000000000000004 65 11.999999999999998
leaf_count=11 13 65 14 14 29 35 36 11 43 15 28 50 14 20 18 31 21 65 12
internal_value=-0.00233533 0.0358089 -0.0488101 -0.0376336 -0.057437 -0.0844113 0.0196175 -0.0250577 -0.0199219 -0.0297366 0.0684062 0.00734089 -0.0123392 -0.00691156 -0.0129565 0.000483054 -0.0171469 0.031303 -0.00258846
internal_weight=545 300 245 196 86 49 207 57 110 58 93 106 46 52 32 56 35 101 25
internal_count=545 300 245 196 86 49 207 57 110 58 93 106 46 52 32 56 35 101 25
is_linear=0
shrinkage=0.0529975


Tree=32
num_leaves=22
num_cat=0
split_feature=37 37 29 9 45 19 29 37 19 37 29 19 48 37 45 29 30 30 9 37 37
split_gain=321.274 49.5581 27.1087 24.5894 10.3816 9.36346 14.8536 9.33764 3.16678 2.67596 2.25945 4.67556 2.19785 1.83892 1.51107 0.740211 0.699514 0.685386 0.270611 0.185468 0.00231391
threshold=-0.81674439241534058 1.204676528773347 0.99250610888350865 -0.48086157001586738 0.086156745716413782 0.036099156447675855 0.16142385576168791 0.2275166228875313 -0.57481490821725811 2.1084445962342691 0.52337296649648568 0.40155559019853265 1.0000000180025095e-35 -0.30090461377175504 -0.8222916492619764 -0.19322199846525803 -0.7041632264904979 0.71883599648285379 0.24993975262748927 -0.57350287077852791 -0.7098019992819159
decision_type=2 2 2 2 2 2 2 2 2 2 2 2 2 2 2 2 2 2 2 2 2
left_child=2 7 3 4 8 6 12 13 -1 -3 -7 -12 14 19 15 -5 -4 -16 -8 20 -2
right_child=1 9 16 5 -6 10 18 -9 -10 -11 11 -13 -14 -15 17 -17 -18 -19 -20 -21 -22
leaf_value=-0.10025723613609192 -0.0032081703938732849 0.049285990055716475 -0.040115010200933089 0.0016618028684301008 -0.014343326433401714 0.0059520857797495585 -0.02589692793336517 0.030472648403799048 -0.044513714931503766 0.086851959169017251 -0.028268426134190623 0.0093185903177795855 0.0013366294583224067 0.013874728741121939 -0.011917981057534993 -0.014344651670624806 -0.112198974051018 -0.03529081740400327 -0.065989772303588809 0.0030262979569721737 -0.00053662238901071714
leaf_weight=20 13.000000000000002 65 11.000000000000002 11.000000000000002 11.999999999999998 21 12.999999999999998 95 24 28 18.000000000000004 10.999999999999998 12.999999999999998 56 15.999999999999998 12.999999999999998 14.999999999999998 19 28 31 11.999999999999998
leaf_count=20 13 65 11 11 12 21 13 95 24 28 18 11 13 56 16 13 15 19 28 31 12
internal_value=-0.0023323 0.0341341 -0.0467616 -0.0386026 -0.0679665 -0.0264194 -0.0345598 0.0186819 -0.078977 0.0652424 -0.00616654 -0.0146579 -0.0174772 0.00758125 -0.0214709 -0.00790986 -0.0951535 -0.0280825 -0.0583523 0.00044183 -0.00250305
internal_weight=545 300 245 219 56 163 113 207 44 93 50 29 72 112 59 24 26 35 41 56 25
internal_count=545 300 245 219 56 163 113 207 44 93 50 29 72 112 59 24 26 35 41 56 25
is_linear=0
shrinkage=0.0529975


Tree=33
num_leaves=22
num_cat=0
split_feature=37 37 29 38 19 13 29 37 19 29 29 37 3 37 29 9 3 37 13 37 37
split_gain=294.165 45.21 25.623 28.5182 21.4031 20.3428 20.0814 8.44555 5.67132 7.78616 2.9896 2.61958 2.26307 1.2696 0.902261 0.673544 0.659508 0.349925 0.156967 0.122216 0.00637992
threshold=-0.81674439241534058 1.204676528773347 0.55429414669926913 0.13090962736835629 -0.63124966229775092 1.3440734267667229 -0.25359189156537315 0.1436402361162151 -0.047937934349164608 1.0000000180025095e-35 -0.54213609959460229 2.1084445962342691 0.033841141203835676 -0.32397062013386352 -0.26151545470841348 0.23699458342849308 -0.74589870418267135 0.47495196386290883 0.088079959234192942 -0.60495651581777243 -0.49382030334577687
decision_type=2 2 2 2 2 2 2 2 2 2 2 2 2 2 2 2 2 2 2 2 2
left_child=2 7 4 5 6 12 10 13 9 14 -1 -3 16 19 -6 -10 -4 -9 -16 -2 -21
right_child=1 11 3 -5 8 -7 -8 17 15 -11 -12 -13 -14 -15 18 -17 -18 -19 -20 20 -22
leaf_value=-0.0032501375255511414 -0.0026775871204825731 0.046894570620581846 -0.0080780816403845795 -0.11306487644888542 0.0025795549867405104 -0.084939468503332699 -0.097297881239828146 0.017850219110405591 -0.0045395088984566262 -0.038243466739764309 -0.036765350569373155 0.083060903905808031 0.0040267494704804476 0.011512972801360981 -0.014517282436371712 0.0087901588327193962 -0.029467035415162397 0.032003003182305853 -0.003148254766613848 0.00018518516844003182 0.0026957923812245214
leaf_weight=14.000000000000002 22 65 14.999999999999998 25 15.999999999999998 12.999999999999998 18 42 18.000000000000004 46 15.999999999999998 28 10.999999999999998 50 17.000000000000004 12.999999999999998 12.000000000000002 65 10.999999999999998 12.000000000000002 15.999999999999998
leaf_count=14 22 65 15 25 16 13 18 42 18 46 16 28 11 50 17 13 12 65 11 12 16
internal_value=-0.00238091 0.0325142 -0.0448935 -0.0702908 -0.0314151 -0.0395113 -0.0596793 0.0177569 -0.0178593 -0.0242313 -0.0244658 0.0622255 -0.0143528 0.00603169 -0.00661274 0.00138027 -0.0214234 0.0277516 -0.0115994 0 0.00204772
internal_weight=545 300 245 76 169 51 48 207 121 90 30 93 38 100 44 31 27 107 28 50 28
internal_count=545 300 245 76 169 51 48 207 121 90 30 93 38 100 44 31 27 107 28 50 28
is_linear=0
shrinkage=0.0529975


Tree=34
num_leaves=21
num_cat=0
split_feature=37 37 29 28 29 38 29 37 19 29 19 37 37 19 19 29 29 9 37 37
split_gain=269.197 41.2127 24.8237 22.8897 30.3867 8.56206 15.7974 7.99359 4.69182 6.4823 3.46716 2.09579 1.52515 1.21241 0.939973 0.715472 0.687018 0.280718 0.154742 0.00249507
threshold=-0.81674439241534058 1.2214518061276125 0.96361458521015575 -0.7132154924804589 -0.54213609959460229 -0.16222339301724051 0.41037723249571229 0.2275166228875313 -0.047937934349164608 0.025471194833478934 -0.079993913381877391 2.1084445962342691 -0.30090461377175504 -0.32580081582471693 -0.50832564867298069 -0.054945875154369203 -0.34583423269224073 0.1530035466870783 -0.57350287077852791 -0.7098019992819159
decision_type=2 2 2 2 2 2 2 2 2 2 2 2 2 2 2 2 2 2 2 2
left_child=2 7 3 4 -1 -5 8 12 9 14 -8 -3 18 -11 16 -16 -7 -10 19 -2
right_child=1 11 -4 5 -6 6 10 -9 17 13 -12 -13 -14 -15 15 -17 -18 -19 -20 -21
leaf_value=-0.0031295413387758464 -0.0029947039802892417 0.04491638244302644 -0.086781759470281911 0.010555530054651412 -0.099124674031668109 -0.0017311388637621073 -0.0781787520555563 0.027878165202751472 -0.0016981780328809309 -0.049946813533769965 -0.032925892034560617 0.079435330454777048 0.012594373333267031 -0.02032614392744473 0.0053322377953266458 -0.0089825167904974863 -0.019821483011501023 0.00794036116075327 0.0027287777692944432 -0.00044832800345259846
leaf_weight=13.999999999999998 13.000000000000002 62 29 13.999999999999998 25 11.000000000000002 12.999999999999998 98 11.000000000000002 14.999999999999998 32 28 56 25 17 11.000000000000005 15.999999999999995 11.999999999999998 31 11.999999999999998
leaf_count=14 13 62 29 14 25 11 13 98 11 15 32 28 56 25 17 11 16 12 31 12
internal_value=-0.00238597 0.030996 -0.0430537 -0.0349658 -0.0698294 -0.0252094 -0.0285881 0.0172041 -0.0167838 -0.0217351 -0.0537914 0.0600195 0.00686308 -0.0366491 -0.00823749 -0.000678411 -0.014317 0.00369185 0.000355323 -0.00232096
internal_weight=545 300 245 216 39 177 163 210 118 95 45 90 112 40 55 28 27 23 56 25
internal_count=545 300 245 216 39 177 163 210 118 95 45 90 112 40 55 28 27 23 56 25
is_linear=0
shrinkage=0.0529975


Tree=35
num_leaves=20
num_cat=0
split_feature=37 37 13 30 39 30 13 37 39 37 19 35 9 33 9 37 8 37 37
split_gain=246.005 37.707 13.7695 16.9092 11.5314 9.82464 6.14862 5.8969 4.2833 4.07361 3.84329 1.70905 1.63883 1.1312 0.956464 0.831984 0.529359 0.330244 0.0362149
threshold=-0.81674439241534058 1.0390206649000016 0.37868236936917049 0.51871690791773173 -1.1558530955085182 0.90938718312148792 -0.63103786923541239 -0.087019827504899783 -1.0449328170218728 2.1084445962342691 0.34004903709483209 0.11287536321216828 -0.48086157001586738 -0.371978652770868 0.41167968144060818 0.45398286717008124 -1.059197870349244 -0.49382030334577687 -0.68463908325052059
decision_type=2 2 2 2 2 2 2 2 2 2 2 2 2 2 2 2 2 2 2
left_child=2 7 5 4 -4 10 -7 17 -6 -3 11 13 -10 -1 -14 -9 -13 18 -2
right_child=1 9 3 -5 8 6 -8 15 12 -11 -12 16 14 -15 -16 -17 -18 -19 -20
leaf_value=-0.017922432121408986 -0.0029660988977137669 0.041426498298379417 -0.081201092482098738 -0.095361484591812443 -0.00045946842393371353 -0.018459671721466175 -0.071489553318464405 0.014874587667070798 -0.0482452901481304 0.075968008079883506 0.0063791698586287381 -0.009094979170334019 -0.0088087739913170308 -0.00058930081500281888 -0.028880833420524662 0.02733131996312373 -0.031350001242062782 0.0052369761224055006 0
leaf_weight=20 15.999999999999998 78 11.999999999999998 22 13.999999999999998 17 15.999999999999998 70 18 28 12.999999999999998 10.999999999999998 20 20 23 55 39 35 18
leaf_count=20 16 78 12 22 14 17 16 70 18 28 13 11 20 20 23 55 39 35 18
internal_value=-0.00238605 0.0295262 -0.0412619 -0.0556484 -0.0400296 -0.0278193 -0.0513895 0.0147933 -0.027832 0.0541919 -0.0177918 -0.0215363 -0.0334066 -0.0106144 -0.0219082 0.0214091 -0.0280769 0.00196167 -0.001515
internal_weight=545 300 245 109 87 136 33 194 75 106 103 90 61 40 43 125 50 69 34
internal_count=545 300 245 109 87 136 33 194 75 106 103 90 61 40 43 125 50 69 34
is_linear=0
shrinkage=0.0529975


Tree=36
num_leaves=26
num_cat=0
split_feature=43 39 29 9 45 19 29 6 39 19 19 19 29 48 39 45 29 19 29 39 30 39 12 30 19
split_gain=225.256 33.8275 22.4024 20.3097 8.90406 7.02502 11.664 6.33605 4.38105 2.84267 2.49741 1.82799 3.81357 1.71874 1.68151 1.4212 1.22159 1.05735 0.624067 0.370519 0.2032 0.112162 0.0979126 0.0160761 0.00016352
threshold=1.0000000180025095e-35 0.96953901473456838 0.99250610888350865 -0.48086157001586738 0.086156745716413782 0.036099156447675855 0.16142385576168791 -0.80800736895610803 -0.043054272318594086 -0.26555031205959151 -0.57481490821725811 0.40155559019853265 0.52337296649648568 1.0000000180025095e-35 1.4493800370583283 -0.8222916492619764 0.24627008227285696 -0.50025667382205452 -0.19322199846525803 0.33335776788007615 -0.3306594747614941 -0.5033869996271515 0.29824792325718902 0.18182742823214648 0.33746938443185265
decision_type=2 2 2 2 2 2 2 2 2 2 2 2 2 2 2 2 2 2 2 2 2 2 2 2 2
left_child=2 8 3 4 10 6 13 -4 20 -8 -1 12 -7 15 -3 18 -12 22 -5 -10 24 -22 -17 -23 -2
right_child=1 14 7 5 -6 11 9 -9 19 -11 16 -13 -14 -15 -16 17 -18 -19 -20 -21 21 23 -24 -25 -26
leaf_value=-0.087616895854291027 0.0024866565763781811 0.0317564060940633 -0.10956854144594616 0.0031826451669060862 -0.010814385661294355 0.0057201676312712982 -0.067627080037468354 -0.034229160171997994 0.012814228010656955 -0.026680217665178918 -0.013278680414279558 0.010527993381172187 -0.024075582193947679 0.0025600164847244355 0.058635597514178961 -0.012085699641304133 -0.048880127980675821 -0.0063411375856592626 -0.011048378761429537 0.023263447873857888 -0.00251443039395566 0.0035950922585475499 -0.036148186552386052 0.00052424134329687221 0.0080204227159334698
leaf_weight=20 13.000000000000002 39 12.000000000000002 11.000000000000002 11.999999999999998 20 15.999999999999998 13.999999999999998 50 25 11.000000000000002 11.999999999999998 18 12.999999999999998 69 10.999999999999998 12.999999999999998 13.000000000000002 12.999999999999998 72 14.999999999999998 12.000000000000002 10.999999999999998 19 10.999999999999998
leaf_count=20 13 39 12 11 12 20 16 14 50 25 11 12 18 13 69 11 13 13 13 72 15 12 11 19 11
internal_value=-0.00240368 0.0281339 -0.0396033 -0.0323117 -0.0588346 -0.0213939 -0.0284287 -0.083237 0.0139827 -0.049398 -0.0689236 -0.00402862 -0.00959258 -0.0135186 0.0511715 -0.0170781 -0.038712 -0.023276 -0.00496064 0.0198365 0.00292822 0.000480973 -0.0295319 0.00229178 0.00635211
internal_weight=545 300 245 219 56 163 113 26 192 41 44 50 38 72 108 59 24 35 24 122 70 46 22 31 24
internal_count=545 300 245 219 56 163 113 26 192 41 44 50 38 72 108 59 24 35 24 122 70 46 22 31 24
is_linear=0
shrinkage=0.0529975


Tree=37
num_leaves=24
num_cat=0
split_feature=37 37 29 38 13 19 19 29 37 19 37 3 29 28 29 37 12 9 29 29 37 37 37
split_gain=206.786 31.379 21.1701 25.0564 18.0535 17.1837 6.51738 14.4397 6.2204 2.61256 2.03792 1.93887 1.87702 2.28543 1.32514 1.14449 0.731562 0.538263 0.497551 0.22291 0.125121 0.0689374 0.000109905
threshold=-0.81674439241534058 1.2738745478596842 0.55429414669926913 0.13090962736835629 1.3440734267667229 -0.95772725582126561 -0.047937934349164608 0.18888648312768833 0.2275166228875313 -0.30845206814241349 2.1084445962342691 0.033841141203835676 -0.35880181257487692 -0.41366219994125114 -0.15716204103522488 -0.30090461377175504 -0.46258037933419288 0.23699458342849308 -0.008912818970167935 -0.50026514361871988 -0.57350287077852791 0.47495196386290883 -0.7098019992819159
decision_type=2 2 2 2 2 2 2 2 2 2 2 2 2 2 2 2 2 2 2 2 2 2 2
left_child=2 8 5 4 11 -1 7 12 15 -9 -3 16 19 14 -14 20 -4 -8 -15 -7 22 -10 -2
right_child=1 10 3 -5 -6 6 17 9 21 -11 -12 -13 13 18 -16 -17 -18 -19 -20 -21 -22 -23 -24
leaf_value=-0.070922453171866448 -0.002760055681285103 0.038650285884216803 -0.022872250168365367 -0.10064391561056975 -0.075492909640002159 0.0049429106075600474 -0.0030592760467016752 -0.066881634730701703 0.01435421412345405 -0.022295519012727645 0.070092612360230858 0.0061778729775274193 -0.0094393237770981631 0.0031353303821416282 -0.034030301825685685 0.010806056586980663 -0.0034476999477670183 0.0088800374453655278 -0.0086603451946185659 -0.0031922295827796249 0.0023574518173747954 0.026882654443769947 -0.00046600923518149074
leaf_weight=15.999999999999998 13.000000000000002 59 14.999999999999998 25 12.999999999999998 11.000000000000002 18.000000000000004 15.999999999999998 30 15.999999999999998 28 10.999999999999998 19 13.000000000000002 15.999999999999998 56 12.000000000000002 12.999999999999998 15.999999999999998 14.999999999999998 31 71 11.999999999999998
leaf_count=16 13 59 15 25 13 11 18 16 30 16 28 11 19 13 16 56 12 13 16 15 31 71 12
internal_value=-0.00246604 0.0267941 -0.0381067 -0.0610386 -0.0329557 -0.0260161 -0.0187784 -0.0240708 0.0150226 -0.0518092 0.0527118 -0.00993899 -0.0115153 -0.0160353 -0.0241845 0.00584214 -0.0166462 0.00238652 -0.00354184 0.000312589 0.0002005 0.0242396 -0.00218742
internal_weight=545 300 245 76 51 169 153 122 213 32 87 38 90 64 35 112 27 31 29 26 56 101 25
internal_count=545 300 245 76 51 169 153 122 213 32 87 38 90 64 35 112 27 31 29 26 56 101 25
is_linear=0
shrinkage=0.0529975


Tree=38
num_leaves=20
num_cat=0
split_feature=37 37 29 28 29 9 6 37 19 29 19 29 37 19 37 19 37 37 37
split_gain=189.598 28.6148 20.2797 18.1414 25.5429 7.37613 6.13667 5.64358 5.19212 7.31848 2.30673 3.42623 1.96044 0.932173 0.911041 0.812053 0.20292 0.0849197 0.00970112
threshold=-0.81674439241534058 1.2738745478596842 0.96361458521015575 -0.7132154924804589 -0.54213609959460229 -1.4880454783536858 -0.80800736895610803 0.1771907908247404 0.34004903709483209 0.41037723249571229 0.044058632693227386 1.0000000180025095e-35 2.1084445962342691 -0.34390726110670761 -0.32397062013386352 -0.50025667382205452 0.47495196386290883 -0.63011943184916475 -0.52737085805430506
decision_type=2 2 2 2 2 2 2 2 2 2 2 2 2 2 2 2 2 2 2
left_child=2 7 3 4 -1 -5 -4 14 9 10 11 15 -3 -13 17 -7 -9 -2 -19
right_child=1 12 6 5 -6 8 -8 16 -10 -11 -12 13 -14 -15 -16 -17 -18 18 -20
leaf_value=-0.00027119318487818121 -0.0025608274454283035 0.036790894548405513 -0.10312325907273662 -0.054469710595390228 -0.087142051017343264 -0.0099828955959841269 -0.034453497546141451 0.013776345352500181 0.0085975700064817289 -0.038957733611394069 0.0042753640141202027 -0.037450362322770409 0.067033097997260038 -0.014699193193927457 0.0093922353942591345 0.0022023019504910581 0.025568896406406499 0 0.0020218667344518325
leaf_weight=13.999999999999998 19 59 12.000000000000002 11.999999999999998 25 26.999999999999996 17 36 17 36 18 11.999999999999998 28 31 56 24.000000000000004 71 12.000000000000002 19
leaf_count=14 19 59 12 12 25 27 17 36 17 36 18 12 28 31 56 24 71 12 19
internal_value=-0.00247456 0.0255438 -0.0366011 -0.0293907 -0.0603048 -0.0207881 -0.0758689 0.0143024 -0.0164735 -0.0196213 -0.0116829 -0.0148817 0.0502938 -0.0249972 0.00509772 -0.00449772 0.0226047 -7.81045e-05 0.0014232
internal_weight=545 300 245 216 39 177 29 213 165 148 112 94 87 43 106 51 107 50 31
internal_count=545 300 245 216 39 177 29 213 165 148 112 94 87 43 106 51 107 50 31
is_linear=0
shrinkage=0.0529975


Tree=39
num_leaves=23
num_cat=0
split_feature=37 37 29 19 29 6 37 38 29 19 19 29 37 29 37 37 29 12 29 37 37 37
split_gain=173.712 26.0918 18.9966 17.0644 38.6887 5.78435 5.11671 4.88271 7.92013 4.39224 2.08571 2.61156 1.88083 0.988834 0.567566 0.535945 0.191324 0.0877689 0.0686439 0.0458044 0.0291763 0.00291833
threshold=-0.81674439241534058 1.2738745478596842 0.96361458521015575 -0.45332057286409322 -0.10741717961323992 -0.80800736895610803 0.074442217029880728 -0.16222339301724051 0.47796017511591082 -0.95772725582126561 -0.047937934349164608 -0.041886065940975194 2.1084445962342691 -0.50026514361871988 -0.40155627789733084 0.47495196386290883 -0.35880181257487692 -0.49007717751835084 0.20235630727881282 -0.68463908325052059 -0.30090461377175504 -0.56511523210139514
decision_type=2 2 2 2 2 2 2 2 2 2 2 2 2 2 2 2 2 2 2 2 2 2
left_child=2 6 3 4 9 -4 14 -5 10 -1 11 -9 -3 -11 19 -8 -15 -12 -13 -2 -16 -21
right_child=1 12 5 7 -6 -7 15 8 -10 13 17 18 -14 16 20 -17 -18 -19 -20 21 -22 -23
leaf_value=-0.039509977259186368 -0.0026605213261623913 0.035020955388795752 -0.099479014853658052 0.011089085784766634 -0.088172473911710528 -0.033103673723887277 0.013020488555853025 0.0068283888511195467 -0.036995478913932518 0.005083831569358886 0.0065395971935377287 -0.011211136782037891 0.064107127945654499 -0.0030462760564039723 0.0025812036675480618 0.024319341681041686 -0.013445391252442884 6.8729459328058714e-05 -0.024479322858434766 0 0.00825561344847223 0.00083827772542573826
leaf_weight=10.999999999999998 15.999999999999998 59 12.000000000000002 13.999999999999998 31 17 51 10.999999999999998 36 10.999999999999998 13.000000000000002 27 28 13.999999999999995 14.999999999999998 71 21.000000000000004 11.999999999999998 14.999999999999998 11.999999999999998 35 13.000000000000002
leaf_count=11 16 59 12 14 31 17 51 11 36 11 13 27 28 14 15 71 21 12 15 12 35 13
internal_value=-0.00246633 0.0243531 -0.0351315 -0.0281643 -0.0455873 -0.0731079 0.0136182 -0.0146298 -0.0182428 -0.0161279 -0.00748141 -0.0130151 0.0479872 -0.00649054 0.00364701 0.0204819 -0.0105101 0.00427309 -0.0185616 -0.000827725 0.00713673 0.000407698
internal_weight=545 300 245 216 88 29 213 128 114 57 78 53 87 46 91 122 35 25 42 41 50 25
internal_count=545 300 245 216 88 29 213 128 114 57 78 53 87 46 91 122 35 25 42 41 50 25
is_linear=0
shrinkage=0.0529975


Tree=40
num_leaves=21
num_cat=0
split_feature=37 37 29 19 28 29 6 30 37 29 19 19 29 19 37 29 29 37 19 37
split_gain=158.934 23.8811 18.0169 14.2211 13.2382 19.1335 9.56031 6.53708 5.57472 3.7005 9.43473 1.80158 2.4601 1.19948 0.991386 0.823025 0.634568 0.516118 0.400182 0.0971918
threshold=-0.81674439241534058 1.5213098888350618 0.71547010596101057 0.12500767621502204 -0.7132154924804589 -0.54213609959460229 -0.80800736895610803 -0.7041632264904979 0.27574554528103529 -0.054945875154369203 -0.27139899128830619 0.21046452638556939 0.26696810119628295 -0.45985295251530983 -0.30090461377175504 -0.36400999389897842 0.18888648312768833 2.1084445962342691 -0.079993913381877391 -0.57350287077852791
decision_type=2 2 2 2 2 2 2 2 2 2 2 2 2 2 2 2 2 2 2 2
left_child=2 8 4 -4 5 -1 -5 -8 14 13 16 12 18 15 19 -6 -11 -3 -12 -2
right_child=1 17 3 6 9 -7 7 -9 -10 10 11 -13 -14 -15 -16 -17 -18 -19 -20 -21
leaf_value=0 -0.0019605397035001321 0.034184344369539307 -0.10078009435414935 -0.064124742082073555 0.002043992556355477 -0.075332932514241974 0.016432969754429195 -0.029168538835169667 0.022423035987837514 -0.022229770585882536 -0.0062175957041690176 0.0043753756019509352 -0.021759872366477574 0.0089215723316567516 0.0097626526620437307 -0.013436113826429947 -0.055212757782605558 0.061308878163363549 0.0043600879113212809 0.0020459315621248839
leaf_weight=13.999999999999998 25 46 13.999999999999998 10.999999999999998 11.999999999999995 24 10.999999999999998 13.000000000000002 107 18 15.000000000000002 14.999999999999998 39 10.999999999999998 63 20.000000000000004 14.999999999999998 28 12.999999999999998 31
leaf_count=14 25 46 14 11 12 24 11 13 107 18 15 15 39 11 63 20 15 28 13 31
internal_value=-0.00243448 0.023219 -0.033679 -0.0615842 -0.025047 -0.051456 -0.0332879 -0.00892811 0.0139193 -0.0170037 -0.0217747 -0.0105457 -0.014067 -0.00299822 0.00550824 -0.0080408 -0.0435858 0.0483613 -0.00119826 0.000128036
internal_weight=545 300 245 49 196 38 35 24 226 158 115 82 67 43 119 32 33 74 28 56
internal_count=545 300 245 49 196 38 35 24 226 158 115 82 67 43 119 32 33 74 28 56
is_linear=0
shrinkage=0.0529975


Tree=41
num_leaves=20
num_cat=0
split_feature=37 37 29 19 29 38 29 37 19 19 29 37 29 37 31 31 29 37 37
split_gain=145.659 21.8676 17.4863 17.9657 39.6093 9.00027 8.80065 5.03068 3.95846 1.99316 2.28769 0.946888 0.861759 0.517629 0.411552 0.199621 0.163629 0.0890397 0.00894264
threshold=-0.81674439241534058 1.5213098888350618 1.0939113685825921 -0.45332057286409322 -0.10741717961323992 -0.24281526106861553 0.52337296649648568 0.29252082263530083 -0.95772725582126561 -0.047937934349164608 -0.008912818970167935 -0.30090461377175504 -0.50026514361871988 2.1084445962342691 0.97117537728143455 0.66856331366879385 -0.35880181257487692 -0.60495651581777243 -0.49382030334577687
decision_type=2 2 2 2 2 2 2 2 2 2 2 2 2 2 2 2 2 2 2
left_child=2 7 3 4 8 -5 9 11 -1 10 -7 17 -10 -3 -8 -11 -14 -2 -19
right_child=1 13 -4 5 -6 6 14 -9 12 15 -12 -13 16 -15 -16 -17 -18 18 -20
leaf_value=-0.036745394913636049 -0.0020743522324204833 0.032581589208671068 -0.074527545466031755 0.024065189010009168 -0.086626336102861537 0.0034495912519873365 -0.041351294750259809 0.021523075969401537 0.0051379840445349685 0 -0.018525635446653161 0.0094462829957139786 -0.0025579067504067935 0.05863276926288933 -0.014900509525233087 0.0078258770173958419 -0.012016536925071876 0 0.0023572821042760119
leaf_weight=10.999999999999998 22 46 21 10.999999999999998 32 15.999999999999998 28 104 10.999999999999998 17.000000000000004 38 66 13.999999999999995 28 12.999999999999998 11.999999999999998 21.000000000000004 11.999999999999998 22
leaf_count=11 22 46 21 11 32 16 28 104 11 17 38 66 14 28 13 12 21 12 22
internal_value=-0.00243459 0.0221248 -0.0323452 -0.0265203 -0.044404 -0.0132937 -0.0176187 0.0132274 -0.0146 -0.00660198 -0.012204 0.00542404 -0.00554317 0.0461822 -0.0360844 0.00393356 -0.00933099 0.000115717 0.00180599
internal_weight=545 300 245 224 89 135 124 226 57 83 54 122 46 74 41 29 35 56 34
internal_count=545 300 245 224 89 135 124 226 57 83 54 122 46 74 41 29 35 56 34
is_linear=0
shrinkage=0.0529975


Tree=42
num_leaves=23
num_cat=0
split_feature=37 37 29 9 45 6 19 29 37 19 14 37 45 45 53 12 4 37 29 37 37 37
split_gain=132.915 20.0976 16.1948 14.2134 6.10252 5.57307 5.18847 6.70958 4.016 3.74224 3.48462 2.339 1.36658 1.11553 0.719813 0.855433 0.32823 0.171797 0.0793978 0.0543206 0.0183401 0.00016291
threshold=-0.81674439241534058 0.87755862036522103 0.96361458521015575 -0.48086157001586738 0.086156745716413782 -0.80800736895610803 0.14175503073181203 0.17116908538165884 2.003599112770122 -0.26555031205959151 0.070254225495459913 -0.087019827504899783 -0.8222916492619764 -0.14095535302818379 -0.36007183007885429 0.81929498120535549 -0.029574263192806986 -0.52737085805430506 -0.32816216453986924 0.29252082263530083 -0.68463908325052059 -0.36590881351952459
decision_type=2 2 2 2 2 2 2 2 2 2 2 2 2 2 2 2 2 2 2 2 2 2
left_child=2 11 3 4 10 -4 7 12 -3 -9 -1 17 16 -8 15 -14 -5 20 -16 -13 -2 -19
right_child=1 8 5 6 -6 -7 13 9 -10 -11 -12 19 14 -15 18 -17 -18 21 -20 -21 -22 -23
leaf_value=-0.064539862296619191 -0.0024024135539105337 0.02742608565641614 -0.090761698454386294 0.0036046028226851749 -0.0077871519719011411 -0.028894454271537834 0.01156159055741264 -0.054209920267093856 0.05373871786842449 -0.019084257993781262 -0.017481717984399073 0.0095392550482661896 0.0043573944882047159 -0.0053575910066816571 -0.0075922731794024661 -0.012654303640661028 -0.0058624374824790271 0.0010391064655946071 -0.023785456740513768 0.016391299048770468 0 0.0040072605446745879
leaf_weight=31 16.000000000000004 87 12.000000000000002 20.000000000000004 11.999999999999998 17 14.999999999999998 14.999999999999998 35 36 11.999999999999998 53 11.000000000000002 17 11.000000000000002 10.999999999999998 10.999999999999998 12.999999999999998 13.999999999999998 56 14.999999999999998 25
leaf_count=31 16 87 12 20 12 17 15 15 35 36 12 53 11 17 11 11 11 13 14 56 15 25
internal_value=-0.00237629 0.0210841 -0.0309486 -0.0245777 -0.04683 -0.0658593 -0.0155255 -0.0200913 0.0371933 -0.0341542 -0.0552966 0.00915274 -0.00903135 0.00296243 -0.0142022 -0.00478751 0 0.00121498 -0.0197329 0.0137915 -0.00142799 0.00343061
internal_weight=545 300 245 216 55 29 161 129 122 51 43 178 78 32 47 22 31 69 25 109 31 38
internal_count=545 300 245 216 55 29 161 129 122 51 43 178 78 32 47 22 31 69 25 109 31 38
is_linear=0
shrinkage=0.0529975


Tree=43
num_leaves=23
num_cat=0
split_feature=37 37 29 19 13 19 19 19 29 37 19 29 6 19 19 37 29 37 37 7 37 37
split_gain=121.797 18.396 15.4153 19.5255 15.6876 12.7809 11.6011 4.20454 9.45304 4.05951 1.47006 1.25003 1.04028 0.928911 0.889889 0.635869 0.610674 0.544772 0.212532 0.193762 0.0756634 0.0104433
threshold=-0.81674439241534058 1.5213098888350618 0.55429414669926913 -0.036067908672949726 1.1569057727814835 -0.95772725582126561 0.43761099535384468 -0.047937934349164608 0.18888648312768833 0.2275166228875313 -0.30845206814241349 -0.054945875154369203 1.3590427524952104 -0.50025667382205452 -0.32580081582471693 -0.30090461377175504 -0.46840301170822823 2.1084445962342691 0.47495196386290883 0.8761735751477443 -0.63011943184916475 -0.52737085805430506
decision_type=2 2 2 2 2 2 2 2 2 2 2 2 2 2 2 2 2 2 2 2 2 2
left_child=2 9 5 -4 6 -1 -5 8 11 15 -10 12 13 16 -13 20 -7 -3 -11 -9 -2 -22
right_child=1 17 3 4 -6 7 -8 19 10 18 -12 14 -14 -15 -16 -17 -18 -19 -20 -21 21 -23
leaf_value=-0.058027132212474394 -0.0021233748890120831 0.029580356729930896 -0.095734598844925481 -0.027705791402696391 -0.065847381334956559 0.0050092042557855114 0.022424413579973476 0 -0.051621246782608855 0.010280739763488337 -0.017322871200653671 -0.022840176019985045 -0.012859271325622914 0.011173531188921171 -0.0040252775265977149 0.0080211599606008124 -0.0078613194196618975 0.053727796709931448 0.020818383867689298 0.0074551737139290156 0 0.0020452400991873084
leaf_weight=15.999999999999998 19 46 14.999999999999998 29 17 10.999999999999995 14.999999999999998 20.000000000000004 15.999999999999998 30 15.999999999999998 14.999999999999998 12.999999999999998 13.000000000000002 17 56 21.000000000000004 28 84 10.999999999999998 11.999999999999998 25
leaf_count=16 19 46 15 29 17 11 15 20 16 30 16 15 13 13 17 56 21 28 84 11 12 25
internal_value=-0.00237277 0.0200855 -0.0297234 -0.0491496 -0.0300467 -0.0195626 -0.00983643 -0.0134595 -0.0177249 0.0119291 -0.0400961 -0.00769013 -0.00237712 0.00167008 -0.0152413 0.00432119 -0.00316094 0.042147 0.0187558 0.0032899 9.06008e-05 0.00152753
internal_weight=545 300 245 76 61 169 44 153 122 226 32 90 58 45 32 112 32 74 114 31 56 37
internal_count=545 300 245 76 61 169 44 153 122 226 32 90 58 45 32 112 32 74 114 31 56 37
is_linear=0
shrinkage=0.0529975


Tree=44
num_leaves=23
num_cat=0
split_feature=37 37 29 19 29 38 29 37 19 19 29 29 37 31 37 37 29 31 36 37 37 37
split_gain=111.759 16.8299 15.2681 15.3688 32.9604 7.62743 7.00961 3.82603 3.1249 1.58782 1.91932 0.682782 0.576698 0.49603 0.308034 0.205132 0.163938 0.157369 0.144068 0.0381323 0.0293758 0.00286681
threshold=-0.81674439241534058 1.5590542628821551 1.0939113685825921 -0.45332057286409322 -0.10741717961323992 -0.24281526106861553 0.52337296649648568 0.2275166228875313 -0.95772725582126561 -0.047937934349164608 -0.041886065940975194 -0.50026514361871988 -0.36590881351952459 0.97117537728143455 2.1084445962342691 0.47495196386290883 0.20235630727881282 0.66856331366879385 -0.19775994398242885 -0.68463908325052059 -0.30090461377175504 -0.56511523210139514
decision_type=2 2 2 2 2 2 2 2 2 2 2 2 2 2 2 2 2 2 2 2 2 2
left_child=2 7 3 4 8 -5 9 12 -1 10 -7 -10 19 -8 -3 -9 -12 -11 -13 -2 -14 -21
right_child=1 14 -4 5 -6 6 13 15 11 17 16 18 20 -15 -16 -17 -18 -19 -20 21 -22 -23
leaf_value=-0.032236104138328815 -0.0022279447779537404 0.028337604689479011 -0.067776515199494944 0.023191419693505487 -0.078177155664120992 0.0065114043388545696 -0.036436861384022634 0.0098266498575171751 0.0048373897563700171 0 -0.0084998943687214761 -0.001213143389809468 0.0020051974472405248 -0.012366231140542102 0.051382600189231152 0.019983767997988677 -0.020330655950898124 0.0075211821592217837 -0.0099776734019045993 0 0.0076371751806126875 0.00089313264750470701
leaf_weight=10.999999999999998 15.999999999999998 43 21 10.999999999999998 32 10.999999999999998 28 30 10.999999999999998 17.000000000000004 27 10.999999999999995 11.999999999999998 12.999999999999998 28 87 15.999999999999998 11.999999999999998 24.000000000000004 11.999999999999998 56 16.000000000000004
leaf_count=11 16 43 21 11 32 11 28 30 11 17 27 11 12 13 28 87 16 12 24 12 56 16
internal_value=-0.00236 0.0191533 -0.0285589 -0.0231807 -0.0396859 -0.011025 -0.0150438 0.011539 -0.0125813 -0.00525899 -0.0102839 -0.00457138 0.00411459 -0.031505 0.0408103 0.0180422 -0.014994 0.00405701 -0.00797382 -0.000481164 0.00698072 0.000528458
internal_weight=545 300 245 224 89 135 124 229 57 83 54 46 112 41 71 117 43 29 35 44 68 28
internal_count=545 300 245 224 89 135 124 229 57 83 54 46 112 41 71 117 43 29 35 44 68 28
is_linear=0
shrinkage=0.0529975


Tree=45
num_leaves=21
num_cat=0
split_feature=37 37 29 19 29 38 29 19 37 19 29 37 29 37 31 37 29 19 29 37
split_gain=102.088 15.4188 14.0738 14.0978 29.9646 7.06988 6.43341 2.92551 2.80947 1.46686 1.778 1.31548 0.651419 0.492436 0.424557 0.174885 0.154795 0.149608 0.124704 0.0185999
threshold=-0.81674439241534058 1.2738745478596842 1.0939113685825921 -0.45332057286409322 -0.10741717961323992 -0.24281526106861553 0.52337296649648568 -0.95772725582126561 -0.04088781478067683 -0.047937934349164608 -0.041886065940975194 2.0623125835100464 -0.36400999389897842 0.47495196386290883 0.97117537728143455 -0.49382030334577687 0.20235630727881282 0.12123585939265195 -0.50026514361871988 -0.68463908325052059
decision_type=2 2 2 2 2 2 2 2 2 2 2 2 2 2 2 2 2 2 2 2
left_child=2 8 3 4 7 -5 9 -1 15 10 -7 -3 18 -10 -8 19 -12 -11 -9 -2
right_child=1 11 -4 5 -6 6 14 12 13 17 16 -13 -14 -15 -16 -17 -18 -19 -20 -21
leaf_value=-0.031130413938087319 -0.0021420577045522414 0.025772061626485272 -0.064982375893575653 0.022395959530078263 -0.074687820805539956 0.0062880645712939127 -0.034846406510215922 0.004671468483874174 0.0093350730316057312 0 -0.0081312852541961245 0.048193513100664602 -0.0099250710227517594 0.017922314188084938 -0.011917728861148044 0.0036276011987854094 -0.019546910733074768 0.0069218577526622025 -0.0015081204187716972 0
leaf_weight=10.999999999999998 15.999999999999998 56 21 10.999999999999998 32 10.999999999999998 28 10.999999999999998 67 15.000000000000002 27 31 22.000000000000004 71 12.999999999999998 41 15.999999999999998 13.999999999999998 12.999999999999998 18
leaf_count=11 16 56 21 11 32 11 28 11 67 15 27 31 22 71 13 41 16 14 13 18
internal_value=-0.00229488 0.0182664 -0.0273347 -0.0221727 -0.037981 -0.0105293 -0.0144021 -0.0121151 0.0100217 -0.00502502 -0.0098571 0.0364288 -0.00436794 0.014364 -0.0301732 0.00147379 -0.0143939 0.00392033 0.001459 -0.0011033
internal_weight=545 300 245 224 89 135 124 57 213 83 54 87 46 138 41 75 43 29 24 34
internal_count=545 300 245 224 89 135 124 57 213 83 54 87 46 138 41 75 43 29 24 34
is_linear=0
shrinkage=0.0529975


Tree=46
num_leaves=25
num_cat=0
split_feature=43 39 29 19 36 28 29 19 29 19 39 19 19 29 7 39 8 19 13 39 39 39 13 19
split_gain=93.2195 13.706 13.113 13.2312 15.307 9.8498 14.2576 5.32099 2.41761 5.91865 1.84381 1.29569 1.15339 1.60198 0.632711 0.27211 0.248375 0.174882 0.141917 0.136083 0.0666752 0.0570929 0.0138185 0.00422983
threshold=1.0000000180025095e-35 1.1651088838879256 0.71547010596101057 0.12500767621502204 -1.6310829249917118 -0.7132154924804589 -0.54213609959460229 0.44452598162483986 0.18888648312768833 -0.13695324231613623 1.0000000180025095e-35 0.18531090310476403 -0.24311319476512336 -0.17292469673266564 0.99013990439501376 1.4493800370583283 -0.11124742640394288 -0.34390726110670761 0.19151471538393072 0.42080037888319483 -0.57725569735370785 -0.36394965021240538 -0.67536705044244283 -0.073027776466943153
decision_type=2 2 2 2 2 2 2 2 2 2 2 2 2 2 2 2 2 2 2 2 2 2 2 2
left_child=2 10 5 -4 -5 6 -1 -6 12 -10 18 14 13 16 -11 -3 -7 -15 21 22 -20 -2 -12 -23
right_child=1 15 3 4 7 8 -8 -9 9 11 19 -13 -14 17 -16 -17 -18 -19 20 -21 -22 23 -24 -25
leaf_value=0.0015115389615986325 -0.0020385746131101668 0.018900581401006544 -0.086266731768432414 -0.061212987889552699 -0.017370639114411716 -0.0035982661609187294 -0.062157283677125481 0.023991727064678642 -0.038150574560288426 -0.016425968691429076 0.0029098703816336758 0.0031102442062385478 0.0048506591889194159 -0.018900257057632361 -0.00058989346126778414 0.037020907567808535 0.0046193427224751199 -0.0050641254257386414 0.0006239220022674273 0.015121810460206123 0.0058777171240876926 0 0.0093047346359232414 0.002119263171239269
leaf_weight=13.999999999999998 15.999999999999998 27 13.999999999999998 11.999999999999995 12.000000000000005 14.000000000000002 24 10.999999999999998 23 25 11.999999999999998 19 20 20.000000000000004 10.999999999999998 69 14.999999999999998 10.999999999999998 14.999999999999998 75 24 11 39 12
leaf_count=14 16 27 14 12 12 14 24 11 23 25 12 19 20 20 11 69 15 11 15 75 24 11 39 12
internal_value=-0.00223866 0.0174091 -0.0261662 -0.0497934 -0.0245497 -0.018922 -0.0415326 0.00304105 -0.0121216 -0.0185084 0.00911006 -0.00723694 -0.00495688 -0.00847559 -0.0125286 0.0334038 0.00051584 -0.015796 0.0023366 0.0129536 0.00436469 0 0.00838705 0.001542
internal_weight=545 300 245 49 35 196 38 23 158 78 204 55 80 60 36 96 29 31 78 126 39 39 51 23
internal_count=545 300 245 49 35 196 38 23 158 78 204 55 80 60 36 96 29 31 78 126 39 39 51 23
is_linear=0
shrinkage=0.0529975


Tree=47
num_leaves=20
num_cat=0
split_feature=37 37 29 19 29 38 29 19 37 29 37 29 19 1 19 29 37 37 37
split_gain=85.4402 12.9445 12.7992 12.3944 24.5522 5.60925 5.07324 4.57609 3.14533 1.6177 0.699883 0.597304 0.790572 0.323112 0.256945 0.512934 0.110132 0.054176 0.00655088
threshold=-0.81674439241534058 1.6408337399841872 1.0939113685825921 -0.27139899128830619 0.092064071066336753 -0.24281526106861553 0.58687950133281286 -0.95772725582126561 0.45398286717008124 -0.15716204103522488 -0.30090461377175504 0.26696810119628295 -0.0057397529404137589 0.0070101247800723595 -0.54323978470450507 -0.50026514361871988 2.1084445962342691 -0.63011943184916475 -0.49382030334577687
decision_type=2 2 2 2 2 2 2 2 2 2 2 2 2 2 2 2 2 2 2
left_child=2 8 3 4 7 -5 11 -1 10 14 17 13 -13 -7 15 -9 -3 -2 -19
right_child=1 16 -4 5 -6 6 -8 9 -10 -11 -12 12 -14 -15 -16 -17 -18 18 -20
leaf_value=-0.037380029613546466 -0.0018469858439608832 0.024438034093844714 -0.060926153917869923 0.021725659026144119 -0.067044133992867183 0.0069795031313902908 -0.026493402676047721 0.0046482317678115843 0.017398774618855049 -0.017056961463690509 0.0076977059442266517 -0.014851362159483473 0 -0.0019195891023490129 0.0046865089584624039 -0.0069780929643028207 0.045420193142892397 0 0.001745491216526972
leaf_weight=12.999999999999998 19 36 21 10.999999999999998 33 15.999999999999998 33 10.999999999999995 97 21 83 11.999999999999998 21 18 11.999999999999998 23.000000000000004 28 14.999999999999998 22
leaf_count=13 19 36 21 11 33 16 33 11 97 21 83 12 21 18 12 23 28 15 22
internal_value=-0.00222223 0.0165882 -0.0251293 -0.020242 -0.0321945 -0.00698805 -0.0112628 -0.0140652 0.0102957 -0.00674674 0.0047762 -0.00210541 -0.00669672 0.00251213 -0.000481317 -0.00290905 0.0368221 7.7294e-06 0.00124736
internal_weight=545 300 245 224 113 111 100 80 236 67 139 67 33 34 46 34 64 56 37
internal_count=545 300 245 224 113 111 100 80 236 67 139 67 33 34 46 34 64 56 37
is_linear=0
shrinkage=0.0529975


Tree=48
num_leaves=20
num_cat=0
split_feature=37 37 29 28 29 6 9 37 19 29 19 29 19 37 6 29 37 37 37
split_gain=77.9977 11.8778 11.8281 10.8782 14.9617 6.1876 4.10044 2.83478 2.55787 3.69585 1.08118 1.2496 0.823981 0.63178 0.576206 0.448927 0.108511 0.0500067 0.00584739
threshold=-0.81674439241534058 1.6408337399841872 0.96361458521015575 -0.7132154924804589 -0.54213609959460229 -0.80800736895610803 -1.4880454783536858 0.45398286717008124 0.34004903709483209 0.29136380271561407 -0.12459461559622249 1.0000000180025095e-35 -0.088046267236164155 -0.30090461377175504 1.3590427524952104 0.60923513714294653 2.1084445962342691 -0.63011943184916475 -0.49382030334577687
decision_type=2 2 2 2 2 2 2 2 2 2 2 2 2 2 2 2 2 2 2
left_child=2 7 3 4 -1 -4 -5 13 9 10 11 14 -11 17 -8 -14 -3 -2 -19
right_child=1 16 5 6 -6 -7 8 -9 -10 12 -12 -13 15 -15 -16 -17 -18 18 -20
leaf_value=0.0018399297410630396 -0.0017725821189943508 0.02332780670013844 -0.077588175197986858 -0.036918019978326798 -0.062938298596461079 -0.020628458017471242 0.0016451755824610868 0.016530366855909334 0.0080119867224199819 -0.034027816331645248 0.0049689242650860803 -0.015428522814553033 -0.005712533161923535 0.0073172342726332369 -0.0094177472085799126 -0.019946093864409282 0.043437620013803434 0 0.0016727980708858379
leaf_weight=13.999999999999998 19 36 12.000000000000002 11.999999999999998 25 17 37 97 17 12.999999999999998 20 28 21 83 12.999999999999998 15.999999999999998 28 14.999999999999998 22
leaf_count=14 19 36 12 12 25 17 37 97 17 13 20 28 21 83 13 16 28 15 22
internal_value=-0.00216028 0.015812 -0.024047 -0.0186988 -0.042383 -0.0536533 -0.0122242 0.00978547 -0.00915581 -0.0114083 -0.00477442 -0.00753224 -0.0223824 0.00454146 -0.00180694 -0.0139534 0.0351931 4.90148e-06 0.00120002
internal_weight=545 300 245 216 39 29 177 236 165 148 98 78 50 139 50 37 64 56 37
internal_count=545 300 245 216 39 29 177 236 165 148 98 78 50 139 50 37 64 56 37
is_linear=0
shrinkage=0.0529975


Tree=49
num_leaves=21
num_cat=0
split_feature=37 29 19 29 37 38 29 37 19 19 29 37 29 31 9 29 37 13 19 37
split_gain=71.5948 11.1952 11.1653 23.3161 10.9076 5.59615 4.8842 2.683 2.24741 1.03194 1.3494 0.596635 0.540707 0.482164 0.242012 0.11871 0.060946 0.0549768 0.00636838 0.00147783
threshold=-0.81674439241534058 1.0939113685825921 -0.45332057286409322 -0.10741717961323992 1.6722873850234283 -0.24281526106861553 0.52337296649648568 0.47495196386290883 -0.95772725582126561 -0.047937934349164608 -0.041886065940975194 -0.18557458196119755 -0.4039438303596648 0.97117537728143455 0.23699458342849308 0.20235630727881282 -0.57350287077852791 0.088079959234192942 -0.079993913381877391 -0.44978520029083774
decision_type=2 2 2 2 2 2 2 2 2 2 2 2 2 2 2 2 2 2 2 2
left_child=1 2 3 8 7 -4 9 11 -1 10 -7 16 -10 -8 -11 -12 18 -14 -2 -18
right_child=4 -3 5 -5 -6 6 13 -9 12 14 15 -13 17 -15 -16 -17 19 -19 -20 -21
leaf_value=-0.026492367930352794 -0.0020709569764145101 -0.056557628490966877 0.020884276324498043 -0.064952335085392623 0.034181247951117148 0.0061304960376942367 -0.029794261653241193 0.016042247219767495 0.0029479812225855794 -0.00044972645651384025 -0.0064733132337185294 0.0072940665538654848 -0.0093228278101820279 -0.0093042498205804063 0.0078785275377281621 -0.016050453569439106 0.00020828843525596576 -0.0019498885157246274 0 0.002017299600357441
leaf_weight=10.999999999999998 12.000000000000002 21 10.999999999999998 32 61 10.999999999999998 28 97 18.999999999999996 16.000000000000004 27 80 16.000000000000007 12.999999999999998 12.999999999999998 15.999999999999998 12.999999999999998 10.999999999999998 12.999999999999998 24
leaf_count=11 12 21 11 32 61 11 28 97 19 16 27 80 16 13 13 16 13 11 13 24
internal_value=-0.00214662 -0.0231155 -0.0185571 -0.0325983 0.0150725 -0.00825803 -0.0117411 0.00944962 -0.0098701 -0.00362577 -0.00770799 0.00443149 -0.00316408 -0.0254622 0.0037943 -0.0117077 0.000317614 -0.00743094 -0.00138312 0.00166184
internal_weight=545 245 224 89 300 135 124 239 57 83 54 142 46 41 29 43 62 27 25 37
internal_count=545 245 224 89 300 135 124 239 57 83 54 142 46 41 29 43 62 27 25 37
is_linear=0
shrinkage=0.0529975


Tree=50
num_leaves=24
num_cat=0
split_feature=37 29 28 13 37 19 19 29 19 37 19 6 37 10 19 12 9 37 37 46 37 37 37
split_gain=65.2852 10.4491 16.7567 11.4009 9.89507 9.82263 9.22659 2.98784 7.65947 2.0365 1.17624 0.874871 0.771722 0.754358 0.399983 0.366612 0.269547 0.243979 0.158725 0.0459355 0.0217009 0.00159091 0.000360312
threshold=-0.81674439241534058 0.55429414669926913 0.020755637322990846 1.3440734267667229 1.5213098888350618 0.53717754361396441 -1.084056395528697 -0.054945875154369203 -0.34390726110670761 0.1436402361162151 -0.047937934349164608 1.3590427524952104 2.1084445962342691 0.76170805865383173 0.33105089177526276 0.24244024473966483 0.23699458342849308 -0.40155627789733084 0.53366543460282967 1.0000000180025095e-35 -0.68463908325052059 -0.30090461377175504 -0.56511523210139514
decision_type=2 2 2 2 2 2 2 2 2 2 2 2 2 2 2 2 2 2 2 2 2 2 2
left_child=1 6 -3 5 9 14 -1 11 -9 17 19 13 -6 15 -4 -8 -12 20 -11 -10 -2 -19 -22
right_child=4 2 3 -5 12 -7 7 8 10 18 16 -13 -14 -15 -16 -17 -18 21 -20 -21 22 -23 -24
leaf_value=-0.051481772925389899 -0.0018463475312019543 -0.075268155259268638 -0.023342230215124257 -0.052643030239422184 0.020623980471736671 0.028918575794151406 0.0027818033949405015 -0.035171277654132908 -0.0043173189810736924 0.0077389387506201883 -0.00092091528810216107 -0.0095640783891989822 0.040049587062078361 0.011619614491197834 -0.0059108149917515085 -0.0069449185751859965 0.0075927868580709379 0.0015875874709886271 0.014663097973679933 -0.012207412605846416 0 0.0049667224123632172 0.00035883217938979887
leaf_weight=10.999999999999998 15.999999999999998 19 19.000000000000004 13.999999999999998 46 11.999999999999998 21 29 17 45 18.000000000000004 13.999999999999998 28 13.999999999999998 11.999999999999998 11.999999999999998 12.999999999999998 14.999999999999998 81 20 11.999999999999998 44 13.000000000000002
leaf_count=11 16 19 19 14 46 12 21 29 17 45 18 14 28 14 12 12 13 15 81 20 12 44 13
internal_value=-0.00210665 -0.0221301 -0.0380198 -0.0195102 0.0143362 -0.0034577 -0.0138866 -0.00943993 -0.0149455 0.00835769 -0.00407424 -2.68208e-05 0.0305126 0.00344298 -0.0188351 -0.00110011 0.00311253 0.00240282 0.012707 -0.00985237 -0.000573692 0.00444081 0.000215087
internal_weight=545 245 76 57 300 43 169 158 97 226 68 61 74 47 31 33 31 100 126 37 41 59 25
internal_count=545 245 76 57 300 43 169 158 97 226 68 61 74 47 31 33 31 100 126 37 41 59 25
is_linear=0
shrinkage=0.0529975


Tree=51
num_leaves=23
num_cat=0
split_feature=37 29 19 29 37 38 29 37 19 19 29 29 37 6 29 9 19 29 26 37 19 37
split_gain=59.8913 10.3127 10.1468 15.1334 9.09584 5.69706 6.12157 2.45904 2.34871 1.26775 1.54046 1.22517 0.491712 0.443666 0.408811 0.208734 0.159513 0.129073 0.053153 0.0522346 0.00610265 0.000518227
threshold=-0.81674439241534058 1.0939113685825921 -0.61139804268437181 -0.25359189156537315 1.7100317590705216 -0.24281526106861553 0.52337296649648568 0.47495196386290883 -0.036067908672949726 -0.047937934349164608 1.0000000180025095e-35 -0.54213609959460229 -0.18557458196119755 0.53223009268930277 -0.15716204103522488 0.23699458342849308 -0.14661678075790294 0.20235630727881282 0.92986884120344449 -0.57350287077852791 -0.079993913381877391 -0.44978520029083774
decision_type=2 2 2 2 2 2 2 2 2 2 2 2 2 2 2 2 2 2 2 2 2 2
left_child=1 2 3 11 7 -4 9 12 -8 10 13 -1 19 -7 -15 -11 17 -12 -10 20 -2 -21
right_child=4 -3 5 -5 -6 6 8 -9 18 15 16 -13 -14 14 -16 -17 -18 -19 -20 21 -22 -23
leaf_value=0.0025338858257132097 -0.0019542736524153512 -0.05325009758927006 0.020119109825721324 -0.06362523032822108 0.03259408056223552 0.0047548912316324431 -0.046379729890103055 0.014888077461542136 -0.018759829427850677 -0.00039688813451729137 -0.0085482724396514116 -0.015920200499366349 0.006617829521393938 0.0018855068164706601 -0.0095973897290867922 0.0073174092692257922 -0.004548039425087599 -0.022368244773517135 -0.0067193979959783746 0.00019072322315182732 0 0.0018351327056006375
leaf_weight=13.999999999999998 12.000000000000002 21 10.999999999999998 23 53 17 10.999999999999998 105 19 16.000000000000004 19 18 80 11.000000000000002 13.999999999999998 12.999999999999998 11.000000000000002 12.999999999999998 13.999999999999998 12.999999999999998 12.999999999999998 24
leaf_count=14 12 21 11 23 53 17 11 105 19 16 19 18 80 11 14 13 11 13 14 13 13 24
internal_value=-0.00207502 -0.0212534 -0.0169132 -0.0356785 0.013674 -0.0097529 -0.0125348 0.00891034 -0.028113 -0.00535953 -0.00849922 -0.00853697 0.00401885 -0.000761552 -0.00493224 0.00352293 -0.0148962 -0.0169905 -0.0156496 0.000274739 -0.00129012 0.00152699
internal_weight=545 245 224 55 300 169 158 247 44 114 85 32 142 42 25 29 43 32 33 62 25 37
internal_count=545 245 224 55 300 169 158 247 44 114 85 32 142 42 25 29 43 32 33 62 25 37
is_linear=0
shrinkage=0.0529975


Tree=52
num_leaves=20
num_cat=0
split_feature=37 29 28 29 37 30 9 37 30 29 19 29 7 19 37 9 8 37 37
split_gain=54.8107 9.4787 8.64672 11.9536 8.30069 5.08952 3.14311 2.41658 2.11207 1.84185 1.05545 1.10999 0.964421 0.579253 0.444251 0.196923 0.19341 0.0493928 0.0064116
threshold=-0.81674439241534058 0.96361458521015575 -0.7132154924804589 -0.54213609959460229 1.8001988748496838 -0.66021637375627751 -1.4880454783536858 0.47495196386290883 -0.41432049956592126 0.47796017511591082 -0.047937934349164608 -0.17292469673266564 0.84691737639410036 -0.34390726110670761 -0.18557458196119755 0.1530035466870783 -0.11124742640394288 -0.63011943184916475 -0.49382030334577687
decision_type=2 2 2 2 2 2 2 2 2 2 2 2 2 2 2 2 2 2 2
left_child=1 2 3 -1 7 -3 -4 14 -8 10 11 16 -11 -13 17 -12 -10 -2 -19
right_child=4 5 6 -5 -6 -7 8 -9 9 12 15 13 -14 -15 -16 -17 -18 18 -20
leaf_value=0.0024398661606575703 -0.0015617326492875206 -0.011286819501942554 -0.031470429690642045 -0.055109662477218338 0.032321065355726014 -0.062103438672049011 0.011006120693016905 0.014429124468795743 -0.0029059948810694213 -0.026612823176183825 -0.00079539770719047609 -0.01710737916391554 -0.0071037279673323156 -0.0054508579849080266 0.0062915569158459445 0.0072651808684739642 0.0043284187729483855 0 0.0017172696701304509
leaf_weight=13.999999999999998 19 12.000000000000002 11.999999999999998 25 47 17 10.999999999999998 111 14.000000000000002 17 11.000000000000002 25 21 38 80 12.999999999999998 14.999999999999998 14.999999999999998 28
leaf_count=14 19 12 12 25 47 17 11 111 14 17 11 25 21 38 80 13 15 15 28
internal_value=-0.00205808 -0.0204047 -0.015659 -0.0367236 0.0130084 -0.0468123 -0.00992828 0.00872844 -0.00727208 -0.00898488 -0.00508052 -0.00759516 -0.0184278 -0.0112625 0.003821 0.00391743 0.000736851 0.000256757 0.00129562
internal_weight=545 245 216 39 300 29 177 253 165 154 116 92 38 63 142 24 29 62 43
internal_count=545 245 216 39 300 29 177 253 165 154 116 92 38 63 142 24 29 62 43
is_linear=0
shrinkage=0.0529975


Tree=53
num_leaves=23
num_cat=0
split_feature=37 37 39 19 9 30 4 13 37 37 30 45 1 5 45 13 19 37 2 37 37 30
split_gain=50.1316 7.58179 7.2098 13.4747 5.88049 2.74638 4.31374 3.18526 1.26082 1.25056 1.22168 0.990158 0.620993 0.714117 0.722464 0.351873 0.330855 0.124579 0.114721 0.0960315 0.0127079 0.00557043
threshold=-0.81674439241534058 1.2738745478596842 -1.1464725685440789 0.53717754361396441 -0.95319596059267508 0.52738096071083229 -0.63306583738815114 -0.28132988415772758 1.0000000180025095e-35 2.1084445962342691 0.36035248426005978 -0.59517955051737881 1.0678095630845852 -1.0597655669859136 -0.59517955051737881 0.063452636341398236 0.14175503073181203 0.53366543460282967 -0.12461888762486274 -0.49382030334577687 -0.68463908325052059 0.28955931014569997
decision_type=2 2 2 2 2 2 2 2 2 2 2 2 2 2 2 2 2 2 2 2 2 2
left_child=2 8 -1 4 10 12 -7 11 19 -3 -4 -8 13 -6 18 -14 -16 -10 -15 20 -2 -21
right_child=1 9 3 -5 5 6 7 -9 17 -11 -12 -13 15 14 16 -17 -18 -19 -20 21 -22 -23
leaf_value=-0.047764686949998796 -0.0016772977093413154 0.017268362377017548 -0.018581173070965271 0.029199308416980142 -0.01419185237620378 0.0019940991321741996 0.00067742911787999484 -0.040025716889507783 0.0065118665466441092 0.035467917305397521 -0.049080356713044865 -0.017874369477481392 -0.003579025536623889 0.0061042324284130318 -0.009589875051649481 -0.018896964991014155 0.00035597882690744894 0.011806021492534487 0 0.0030740931926761107 0 0.00055085990635212986
leaf_weight=19 15.999999999999998 59 20 11.999999999999998 12.999999999999998 14.999999999999998 11.000000000000002 28 65 28 17 15.999999999999998 11.000000000000002 14.000000000000002 25 15.999999999999998 10.999999999999998 68 17 32 18 13.999999999999998
leaf_count=19 16 59 20 12 13 15 11 28 65 28 17 16 11 14 25 16 11 68 17 32 18 14
internal_value=-0.00203159 0.0123775 -0.0195774 -0.0160043 -0.0192976 -0.0143157 -0.0222844 -0.0285654 0.00659986 0.0251101 -0.0376473 -0.011355 -0.00813474 -0.00498545 -0.00208438 -0.0146525 -0.00676764 0.00966145 0.00338086 0.00110998 -0.000809202 0.00259257
internal_weight=545 300 245 226 214 177 70 55 213 87 37 27 107 80 67 27 36 133 31 80 34 46
internal_count=545 300 245 226 214 177 70 55 213 87 37 27 107 80 67 27 36 133 31 80 34 46
is_linear=0
shrinkage=0.0529975


Tree=54
num_leaves=21
num_cat=0
split_feature=37 29 19 29 37 38 29 37 9 19 19 29 34 37 31 9 29 37 37 37
split_gain=45.899 9.23728 8.51814 17.4847 6.95544 4.28442 3.20361 1.95681 1.70293 0.852578 0.720751 1.16472 0.47666 0.366349 0.321957 0.200257 0.135788 0.0327556 0.00642888 0.00398803
threshold=-0.81674439241534058 1.0939113685825921 -0.45332057286409322 -0.10741717961323992 1.8001988748496838 -0.24281526106861553 0.58687950133281286 0.47495196386290883 -0.020266555036001721 -0.83382283659871825 -0.047937934349164608 1.0000000180025095e-35 -0.67020242385105522 -0.30090461377175504 0.97117537728143455 0.23699458342849308 0.20235630727881282 -0.68463908325052059 -0.087019827504899783 -0.52737085805430506
decision_type=2 2 2 2 2 2 2 2 2 2 2 2 2 2 2 2 2 2 2 2
left_child=1 2 3 8 7 -4 10 13 9 -1 11 -7 -10 17 -8 -12 -13 -2 -15 -19
right_child=4 -3 5 -5 -6 6 14 -9 12 -11 15 16 -14 18 -16 -17 -18 19 -20 -21
leaf_value=-0.024417222357830646 -0.0016126380221317647 -0.048918530800374768 0.019534252545287872 -0.054931516306451433 0.029480716140464353 0.0035647425915495126 -0.024877978174306821 0.013018209702496994 0.0080968711003390325 -0.0044165149168850842 -0.00071174995633442649 -0.0051561462413452124 -0.0033719522211153644 0.0017792604917117919 -0.0068709939742521969 0.0063355171358384296 -0.015051710175451217 0 0.0059107473529042493 0.0012182031678353166
leaf_weight=11.000000000000002 15.999999999999998 21 10.999999999999998 32 47 18 24 111 11.000000000000002 15.999999999999998 19 20 19 12.999999999999998 10.999999999999998 14.999999999999998 17 14.999999999999995 73 25.000000000000004
leaf_count=11 16 21 11 32 47 18 24 111 11 16 19 20 19 13 11 15 17 15 73 25
internal_value=-0.00198429 -0.0187732 -0.0147149 -0.0269483 0.011803 -0.00579737 -0.00889567 0.0078855 -0.00739417 -0.0157331 -0.0029412 -0.00646982 0.00128753 0.00346121 -0.0212218 0.00270642 -0.0113303 0 0.00551882 0.000869791
internal_weight=545 245 224 89 300 135 124 253 57 27 89 55 30 142 35 34 37 56 86 40
internal_count=545 245 224 89 300 135 124 253 57 27 89 55 30 142 35 34 37 56 86 40
is_linear=0
shrinkage=0.0529975


Tree=55
num_leaves=23
num_cat=0
split_feature=37 29 19 29 37 19 19 29 37 29 37 29 19 1 8 8 37 37 37 30 31 37
split_gain=41.89 8.5039 7.83856 16.1514 6.35079 3.49367 3.2291 2.99893 1.39874 0.709306 0.51996 0.419333 0.566318 0.272392 0.219561 0.26586 0.149454 0.137114 0.015244 0.00444909 0.0036527 7.64939e-05
threshold=-0.81674439241534058 1.0939113685825921 -0.30845206814241349 0.061826384744403794 1.6408337399841872 0.42263115192510348 -0.95772725582126561 0.58687950133281286 0.1436402361162151 -0.15716204103522488 2.1084445962342691 0.26696810119628295 0.12123585939265195 0.0070101247800723595 -0.11124742640394288 0.66579977688026848 -0.40155627789733084 0.6531892857519549 -0.68463908325052059 0.58676884827254006 0.95623705075458221 -0.56511523210139514
decision_type=2 2 2 2 2 2 2 2 2 2 2 2 2 2 2 2 2 2 2 2 2 2
left_child=1 2 3 6 8 7 -1 11 16 14 -6 13 -13 -4 -8 -16 18 -10 -2 -18 -9 -20
right_child=4 -3 5 -5 10 -7 9 20 17 -11 -12 12 -14 -15 15 -17 19 -19 21 -21 -22 -23
leaf_value=-0.028034353716704017 -0.0015504708693577657 -0.04690182654251468 0.0070851213307325705 -0.051822802612521542 0.015756728249657251 0.017813584653594759 -0.0031991299377298584 -0.022171756874390842 0.0066960337178928369 -0.010267615824405555 0.032632934284836351 -0.0094115235668359287 0.0026512995209367948 -0.00097225451309346581 0.0072209132494007221 -0.0013314025974725601 0.0037873431338926577 0.012240200707950424 0 0.00080294852412783255 -0.0080170483314337144 0.00021869893959427174
leaf_weight=12.999999999999998 15.999999999999998 21 15.999999999999998 33 36 11.999999999999998 15.999999999999998 21 60 17 28 20 13.999999999999998 20 16.000000000000004 13.999999999999998 47 76 11.999999999999998 11.999999999999998 11.999999999999998 13.000000000000002
leaf_count=13 16 21 16 33 36 12 16 21 60 17 28 20 14 20 16 14 47 76 12 12 12 13
internal_value=-0.00193807 -0.017977 -0.0140828 -0.0239024 0.0112332 -0.0039946 -0.00879061 -0.00743967 0.00682745 -0.00262711 0.0254029 -0.000711778 -0.00461703 0.00294281 0.000920683 0.00347885 0.00181782 0.0102295 -0.000478398 0.00341789 -0.0192279 0.000149603
internal_weight=545 245 224 109 300 115 76 103 236 63 64 70 34 36 46 30 100 136 41 59 33 25
internal_count=545 245 224 109 300 115 76 103 236 63 64 70 34 36 46 30 100 136 41 59 33 25
is_linear=0
shrinkage=0.0529975


Tree=56
num_leaves=23
num_cat=0
split_feature=37 29 19 13 19 19 37 29 19 37 1 19 19 29 19 37 29 5 23 19 13 37
split_gain=38.3166 7.68909 14.6662 11.1835 8.39348 7.57936 5.60706 2.01869 4.24155 1.50539 0.716386 0.538254 0.523863 0.395723 0.281475 0.267198 0.252285 0.194612 0.158207 0.126081 0.0679744 0.0181909
threshold=-0.75383710233685208 0.55429414669926913 -0.036067908672949726 1.1372039144672474 0.56461929902412689 -1.084056395528697 1.8777845326131508 -0.054945875154369203 -0.30845206814241349 0.5839912666656174 -0.49608686814034797 -0.047937934349164608 0.33105089177526276 -0.36400999389897842 -0.53091630390676692 -0.18557458196119755 0.20235630727881282 -0.7305514475155096 -0.52153959772712855 -0.62555187198812046 0.35898051105493473 -0.56511523210139514
decision_type=2 2 2 2 2 2 2 2 2 2 2 2 2 2 2 2 2 2 2 2 2 2
left_child=1 5 -3 4 12 -1 9 10 19 15 -7 16 -4 -12 -15 21 -10 -8 -13 -9 -20 -2
right_child=6 2 3 -5 -6 7 17 8 11 -11 13 18 -14 14 -16 -17 -18 -19 20 -21 -22 -23
leaf_value=-0.043990102720649953 -0.00039503148308590652 -0.069473786285875749 -0.01821020564508331 -0.044602483302647711 0.030109921422221159 0.0088600313988584662 0.036991389532382221 -0.032656808346663256 -0.0010076378805831845 0.012246261405133541 0.002800227179258256 -0.0016661774937418081 -0.002493715740475549 -0.0095184183653643992 0.00018598844426931995 0.0054111568109362048 -0.010740527099692749 0.017410735577045488 0.00037780190061065168 -0.014218265457453713 0.0067570336761873639 0.0012765712829914931
leaf_weight=10.999999999999998 21 14.999999999999998 20 18 11.999999999999998 17 13.999999999999998 10.999999999999998 17.000000000000004 105 19 12.999999999999998 11.999999999999998 16.000000000000004 10.999999999999998 89 13.999999999999998 30 11.000000000000002 24 10.999999999999998 34
leaf_count=11 21 15 20 18 12 17 14 11 17 105 19 13 12 16 11 89 14 30 11 24 11 34
internal_value=-0.00187892 -0.016835 -0.0303552 -0.0154963 0.000192479 -0.0100389 0.0110406 -0.00624919 -0.0106905 0.0075323 0.00108005 -0.00206023 -0.013824 -0.00235103 -0.00603779 0.00369632 -0.00662034 0.02747 0.00218593 -0.0241126 0.00458099 0.000547724
internal_weight=545 252 77 62 44 175 293 164 101 249 63 66 32 46 27 144 31 44 35 35 22 55
internal_count=545 252 77 62 44 175 293 164 101 249 63 66 32 46 27 144 31 44 35 35 22 55
is_linear=0
shrinkage=0.0529975


Tree=57
num_leaves=23
num_cat=0
split_feature=37 29 19 36 19 37 19 29 19 37 19 21 29 29 29 19 0 19 37 5 37 19
split_gain=35.2347 7.32333 12.5043 12.4238 6.25524 5.20813 4.83528 2.93681 6.20807 1.35537 0.811552 0.731009 0.462887 0.38476 0.366189 0.499395 0.270441 0.290631 0.243544 0.206161 0.0235601 0.00710971
threshold=-0.75383710233685208 0.74954040166073665 0.12500767621502204 -1.6310829249917118 -1.084056395528697 1.8777845326131508 0.56461929902412689 -0.020202083740976092 -0.34390726110670761 0.5839912666656174 0.044058632693227386 -0.49608686814034841 0.26696810119628295 -0.36400999389897842 0.30977886120655712 0.33105089177526276 -0.21349987310990928 -0.53091630390676692 -0.087019827504899783 -0.7305514475155096 -0.49382030334577687 -0.079993913381877391
decision_type=2 2 2 2 2 2 2 2 2 2 2 2 2 2 2 2 2 2 2 2 2 2
left_child=1 4 -3 -4 -1 9 -5 11 -9 18 12 -6 -10 -13 -12 -16 -15 -18 20 -7 21 -2
right_child=5 2 3 6 7 19 -8 8 10 -11 14 13 -14 16 15 -17 17 -19 -20 -21 -22 -23
leaf_value=-0.042481254402490912 -0.00095667119613950143 -0.070751347189610694 -0.047987515148219313 -0.010643521417442793 0.0085129115460870017 0.035618827858246646 0.028726148993572048 -0.032102713676350543 -0.0027419346544442541 0.011632302571268118 0.0058840588705358042 0.0026874231522333661 -0.01401598380267393 -0.010894471523551387 -0.0071956168614608742 0.004365946192552296 -0.0059018464205069995 0.003713791840035939 0.0053272369403329243 0.016641721271630397 0.0015884317120232023 0.00034755525149095473
leaf_weight=10.999999999999998 15.000000000000002 11.999999999999998 10.999999999999995 13.000000000000005 17 13.999999999999998 10.999999999999998 29 23 105 12.999999999999998 19 26 10.999999999999998 22 10.999999999999998 11.999999999999998 11.000000000000002 82 30 35 11.999999999999998
leaf_count=11 15 12 11 13 17 14 11 29 23 105 13 19 26 11 22 11 12 11 82 30 35 12
internal_value=-0.00185233 -0.0161942 -0.0341498 -0.0129173 -0.0111909 0.0105367 0.00930338 -0.00816131 -0.0128765 0.00715767 -0.00538076 0.000456397 -0.00972704 -0.00261198 -2.88622e-05 -0.00308391 -0.00570696 -0.0012452 0.00351375 0.0263674 0.000754276 -0.000207515
internal_weight=545 252 47 35 205 293 24 194 124 249 95 70 49 53 46 33 34 23 144 44 62 27
internal_count=545 252 47 35 205 293 24 194 124 249 95 70 49 53 46 33 34 23 144 44 62 27
is_linear=0
shrinkage=0.0529975


Tree=58
num_leaves=26
num_cat=0
split_feature=37 29 36 19 29 37 38 29 19 37 29 19 31 29 9 37 9 29 19 25 19 31 37 19 44
split_gain=32.4004 7.04916 12.4565 7.00551 13.7668 4.83817 3.43554 2.27853 2.21938 1.35288 0.504388 0.860329 0.486552 0.470003 0.244853 0.219026 0.156916 0.139423 0.138271 0.11251 0.10896 0.0635709 0.0214888 0.00662428 0.00160456
threshold=-0.75383710233685208 1.0939113685825921 -1.2167630007937162 -0.45332057286409322 0.092064071066336753 1.9469825516994852 -0.24281526106861553 0.52337296649648568 -0.95772725582126561 0.5839912666656174 -0.054945875154369203 -0.079993913381877391 0.97117537728143455 -0.36400999389897842 -0.23219308055222279 -0.087019827504899783 0.13593482714655908 0.20235630727881282 0.12123585939265195 0.023123719138633293 0.09284057523187364 -0.96321629034271128 -0.49382030334577687 -0.079993913381877391 -1.0000000180025095e-35
decision_type=2 2 2 2 2 2 2 2 2 2 2 2 2 2 2 2 2 2 2 2 2 2 2 2 2
left_child=1 3 -3 4 8 9 -5 10 -1 15 -8 17 18 16 -13 22 -10 24 -9 -15 -16 -7 23 -2 -12
right_child=5 2 -4 6 -6 21 7 12 13 -11 11 14 -14 19 20 -17 -18 -19 -20 -21 -22 -23 -24 -25 -26
leaf_value=-0.02465907356413222 -0.00092044987764143278 -0.069814490298091059 0.0012824120817684121 0.018368485813963394 -0.05393483595232243 0.0354523020473222 0.0066036561831024215 -0.025933087625668996 0.0053666232671233487 0.011322564181306567 -0.0054913310793565798 -0.0029902750477547048 -0.0043663319117691621 -0.0093509213239112519 6.9164894059013039e-05 0.005064145760871744 -0.0015009658165605177 -0.012882430693935874 -0.0094829660546945273 -0.0013203228934590804 0.0071316323792763201 0.01631756377981539 0.001516561946019863 0.00033527310759070097 -0.0016270011054342088
leaf_weight=12.999999999999998 15.000000000000002 11.000000000000002 10.999999999999998 10.999999999999998 23 11.999999999999998 10.999999999999998 12.000000000000002 11.999999999999998 111 11.999999999999996 11.999999999999998 12.999999999999998 17.000000000000007 12.000000000000002 82 12.999999999999998 11.999999999999998 15.999999999999998 11.999999999999998 13.999999999999998 26 35 11.999999999999998 15.000000000000004
leaf_count=13 15 11 11 11 23 12 11 12 12 111 12 12 13 17 12 82 13 12 16 12 14 26 35 12 15
internal_value=-0.00182239 -0.0155753 -0.0413558 -0.0120916 -0.0231679 0.0100579 -0.00426419 -0.00697603 -0.00894749 0.00702376 -0.00172929 -0.00339497 -0.0164312 -0.00296212 0.00204647 0.00334336 0.00197063 -0.00841828 -0.0200691 -0.0070231 0.00471417 0.0265272 0.000718879 -0.000191166 -0.00424198
internal_weight=545 252 22 230 90 293 140 129 67 255 88 77 41 54 38 144 25 39 28 29 26 38 62 27 27
internal_count=545 252 22 230 90 293 140 129 67 255 88 77 41 54 38 144 25 39 28 29 26 38 62 27 27
is_linear=0
shrinkage=0.0529975


Tree=59
num_leaves=25
num_cat=0
split_feature=37 13 19 37 30 13 2 53 47 3 37 19 44 1 24 7 45 26 47 28 37 37 19 37
split_gain=29.8147 5.27969 10.6585 4.51574 3.75654 4.40488 1.80496 1.66227 1.40214 1.23147 1.09979 1.06213 0.526317 0.36343 0.338084 0.26607 0.237597 0.167396 0.124603 0.124599 0.115626 0.0741068 0.00482904 0.00160318
threshold=-0.75383710233685208 1.4819864349663734 0.56461929902412689 1.8777845326131508 0.51871690791773173 -0.28132988415772758 -0.60925473793097651 -0.36007183007885429 -0.036118628440457261 -0.23649319198441113 0.29252082263530083 0.1123312941378672 -0.27848972336365163 0.89588625285339873 0.023138277501661229 -1.3300590492267399 -0.70873559988967771 -0.55409121420728102 0.66068322996836037 -0.68233214201494385 -0.36590881351952459 0.67415838244478266 -0.079993913381877391 -0.087019827504899783
decision_type=2 2 2 2 2 2 2 2 2 2 2 2 2 2 2 2 2 2 2 2 2 2 2 2
left_child=1 2 4 10 8 7 -7 -6 13 -8 20 12 -10 17 -13 -5 -16 -1 -18 -9 22 -12 -2 -22
right_child=3 -3 -4 15 5 6 9 19 11 -11 21 14 -14 -15 16 -17 18 -19 -20 -21 23 -23 -24 -25
leaf_value=-0.00084761080790942301 -0.00053087676713242811 -0.039506808803618357 0.027855883143495568 0.034757720877331276 0.0059152396248355809 -0.013210966268234174 -0.056552608360012552 -0.01952789568710674 -0.0078945766075767983 -0.02056469198411293 0.0056590985503512008 0.0019604039998429089 -0.022161351128156769 -0.0058403571486738519 0 0.015873662789485495 -0.012695460252808027 0.0064456332356191007 -0.0025076082911851118 -0.0065668955245039668 0.0015960957061660383 0.010892477207388812 0.00052031694858408134 0.0039962910307803738
leaf_weight=10.999999999999998 21 18 11.999999999999998 10.999999999999998 11.999999999999998 18 11.000000000000002 10.999999999999998 25 18 41 10.999999999999998 27 12.999999999999998 10.999999999999998 33 13.000000000000002 14.000000000000002 10.999999999999998 16.000000000000004 25 93 15.999999999999998 53
leaf_count=11 21 18 12 11 12 18 11 11 25 18 41 11 27 13 11 33 13 14 11 16 25 93 16 53
internal_value=-0.00179306 -0.0149858 -0.0121305 0.0096032 -0.0149983 -0.0235068 -0.0336939 -0.00822064 -0.0088033 -0.0417658 0.00646119 -0.0119869 -0.0169482 0 -0.00493635 0.0243369 -0.00724397 0.0034681 -0.0096936 -0.0146482 0.00239129 0.00965209 0 0.00347901
internal_weight=545 252 234 293 222 86 47 39 136 29 249 98 52 38 46 44 35 25 24 27 115 134 37 78
internal_count=545 252 234 293 222 86 47 39 136 29 249 98 52 38 46 44 35 25 24 27 115 134 37 78
is_linear=0
shrinkage=0.0529975


Tree=60
num_leaves=26
num_cat=0
split_feature=39 29 19 36 19 19 37 29 19 37 10 22 9 30 53 6 29 8 29 35 37 19 7 37 19
split_gain=27.4438 6.74899 12.4955 7.87915 7.79815 6.67082 3.74789 1.20564 3.04921 0.928199 0.525274 0.375278 0.289208 0.239367 0.235177 0.227696 0.131209 0.129731 0.12233 0.117734 0.176308 0.102151 0.0799697 0.0697079 0.0383835
threshold=-0.39234954295270691 0.55429414669926913 -0.036067908672949726 -1.3119446050013639 -0.95772725582126561 0.56461929902412689 2.1084445962342691 0.20235630727881282 -0.13695324231613623 0.67415838244478266 1.1185036050616828 1.6938024970991672 -0.14591056851891923 0.12619616011821214 -0.36007183007885429 0.17740782981316269 -0.15716204103522488 0.45010700893080763 -0.036971670352170895 -0.85884385454404988 -0.04088781478067683 0.14175503073181203 -0.21061014081448751 -0.73706182498259232 -0.41834980088588797
decision_type=2 2 2 2 2 2 2 2 2 2 2 2 2 2 2 2 2 2 2 2 2 2 2 2 2
left_child=1 4 -3 -4 -1 11 9 10 -9 19 13 -5 -10 23 18 -16 -12 -8 -15 -2 24 -14 -17 -6 -21
right_child=6 2 3 5 7 -7 17 8 12 -11 16 -13 21 14 15 22 -18 -19 -20 20 -22 -23 -24 -25 -26
leaf_value=-0.037611069681735214 0.0082935928353211862 -0.062220485838167229 -0.036594845285396915 -0.016203177022714337 0.0076653833618067308 0.026053784626530439 0.012244631929617583 -0.023340571266436374 -0.0051396100614926592 0.011116738666974758 -0.0004363944643370998 -0.0021823629055272246 -7.8516653758920892e-05 0.0048559563014417646 0.0021651833207609636 -0.00049084771380360247 -0.0084008684633980948 0.033163140073490111 -0.00097042870148071267 -0.0016869670281811318 0.0046808052513659555 0.0057302494668027169 -0.0070948521077796849 0.00080503310881040722 0.0012750274308786409
leaf_weight=15.999999999999998 15.999999999999998 14.999999999999998 19 20.000000000000004 11.000000000000002 12.999999999999998 14.000000000000002 21 11.999999999999998 109 11.000000000000002 10.999999999999998 11.000000000000002 20.000000000000004 11.999999999999998 10.999999999999998 19 13.999999999999998 10.999999999999998 10.999999999999998 74 12.999999999999998 17.000000000000004 10.999999999999998 33
leaf_count=16 16 15 19 20 11 13 14 21 12 109 11 11 11 20 12 11 19 14 11 11 74 13 17 11 33
internal_value=-0.0017529 -0.0134468 -0.0261738 -0.0128284 -0.00772083 0.000452878 0.0100804 -0.00389947 -0.00987471 0.00751127 -0.000746002 -0.0125769 2.51409e-05 0.00122405 -0.000295983 -0.00288138 -0.00623377 0.0269139 0.00277754 0.00417804 0.00318958 0.00335157 -0.00525007 0.00539181 0.000281309
internal_weight=545 274 78 63 196 44 271 180 57 243 123 31 36 93 71 40 30 28 31 134 118 24 28 22 44
internal_count=545 274 78 63 196 44 271 180 57 243 123 31 36 93 71 40 30 28 31 134 118 24 28 22 44
is_linear=0
shrinkage=0.0529975


Tree=61
num_leaves=23
num_cat=0
split_feature=37 29 13 19 29 19 37 29 19 44 37 12 29 19 39 45 7 37 29 7 12 37
split_gain=25.215 6.87321 10.3741 6.29942 9.36949 4.06211 3.82694 3.21192 1.61446 1.29913 0.890542 0.576128 0.406599 0.414223 0.277441 0.187538 0.161768 0.139131 0.139087 0.0611324 0.0294469 0.00866527
threshold=-0.7098019992819159 1.0939113685825921 1.0780983395245405 -0.61139804268437181 -0.25359189156537315 0.43761099535384468 1.9469825516994852 0.52337296649648568 -0.036067908672949726 1.0000000180025095e-35 0.6531892857519549 0.25200630881414771 -0.17292469673266564 -0.22831942904204558 -0.63927416386584646 -1.1629597973788728 -1.0367737378873938 -0.087019827504899783 0.16739444859547914 0.84691737639410036 -0.52135087621653597 -0.56511523210139514
decision_type=2 2 2 2 2 2 2 2 2 2 2 2 2 2 2 2 2 2 2 2 2 2
left_child=1 3 -3 4 9 7 10 11 -9 -1 17 14 -13 -14 15 -5 -8 21 -16 -10 -17 -2
right_child=6 2 -4 5 -6 -7 16 8 19 -11 -12 12 13 -15 18 20 -18 -19 -20 -21 -22 -23
leaf_value=-0.013346526290410511 0 0.00036090424113802589 -0.06487781889157071 -0.0017555650862120494 -0.047021284320411347 0.019912655863457907 0.032623734488746226 -0.033013123694451099 -0.012123874914668081 0.004793166626347641 0.0099750374206903046 0.0012260513222857249 -0.011883861233400961 -0.00087143841937387676 0.0003550396287599113 0.0069259815918475106 0.014487655349269239 0.0045542355764853848 -0.0064575601419349076 -0.0040330098270428116 0.0019779246148119117 0.0012835011306570154
leaf_weight=15.999999999999998 14.999999999999998 11.000000000000002 10.999999999999998 10.999999999999998 23 10.999999999999998 10.999999999999998 10.999999999999998 17 17 102 12.999999999999998 26.999999999999996 17.000000000000004 12.000000000000002 13.999999999999995 27 91 10.999999999999998 17 19.000000000000004 41
leaf_count=16 15 11 11 11 23 11 11 11 17 17 102 13 27 17 12 14 27 91 11 17 19 41
internal_value=-0.00170935 -0.0135823 -0.0389182 -0.0102858 -0.0249498 -0.0050288 0.00899958 -0.00731882 -0.0185626 -0.00452261 0.00623675 -0.00251667 -0.00617296 -0.00838359 0.000749784 0.00316218 0.0236272 0.00330789 -0.0033239 -0.00946422 0.00499842 0.000925319
internal_weight=545 258 22 236 56 180 287 169 45 33 249 124 57 44 67 44 38 147 23 34 33 56
internal_count=545 258 22 236 56 180 287 169 45 33 249 124 57 44 67 44 38 147 23 34 33 56
is_linear=0
shrinkage=0.0529975


Tree=62
num_leaves=24
num_cat=0
split_feature=39 29 13 19 29 19 37 29 19 19 37 6 29 19 30 29 5 9 14 37 10 7 37
split_gain=23.1913 6.12589 8.68731 7.16975 7.64124 3.6566 3.2975 3.2937 1.5156 1.5124 0.745638 0.641421 0.474304 0.347419 0.218751 0.2436 0.184496 0.164957 0.103551 0.157937 0.0925358 0.0546635 0.0334035
threshold=-0.39234954295270691 1.0939113685825921 1.0780983395245405 -0.61139804268437181 -0.10741717961323992 0.43761099535384468 2.1084445962342691 0.52337296649648568 -0.95772725582126561 -0.036067908672949726 0.71819348549972462 0.53223009268930277 -0.15716204103522488 -0.22831942904204558 -0.1688947899045288 0.26696810119628295 -0.67451514137555568 0.37469037699295688 -0.80114188524592755 -0.04088781478067683 0.041592096668920997 0.84691737639410036 -0.49382030334577687
decision_type=2 2 2 2 2 2 2 2 2 2 2 2 2 2 2 2 2 2 2 2 2 2 2
left_child=1 3 -3 4 8 7 10 11 -1 -9 18 14 -13 -14 -5 20 -8 -10 -2 22 -16 -11 -20
right_child=6 2 -4 5 -6 -7 16 9 17 21 -12 12 13 -15 15 -17 -18 -19 19 -21 -22 -23 -24
leaf_value=-0.020232987431329577 0.0076326981356413404 0.00034852474166387627 -0.058625964107196032 0.0049070254719585467 -0.048204731750945105 0.01937991803517701 0.032108150078614624 -0.031880782032207705 0.0038224003150182304 -0.011648883600503045 0.010121737148921979 0.0014486124702118275 -0.012456089773585609 -0.0018006488299022703 0.0026689295662425407 -0.0052449972565345275 0.012020075120977965 -0.0032478056997005769 -0.0014903443203253845 0.0043203470323389011 -0.0017528273616867292 -0.0038750036928894851 0.0012001267422154895
leaf_weight=10.999999999999998 17 11.000000000000002 11.999999999999998 21 19 10.999999999999998 12.000000000000002 10.999999999999998 12.000000000000002 17 106 13.999999999999998 22.999999999999996 18.000000000000004 34 17 15.999999999999998 12.999999999999998 12.999999999999998 76 12.999999999999998 17 31
leaf_count=11 17 11 12 21 19 11 12 11 12 17 106 14 23 18 34 17 16 13 13 76 13 17 31
internal_value=-0.00167292 -0.012423 -0.0359406 -0.00945251 -0.0253904 -0.00432458 0.00920457 -0.0063348 -0.00801962 -0.0178997 0.00680104 -0.00198716 -0.00615485 -0.00875334 0.00086071 -0.000673834 0.0249795 3.49007e-06 0.00386619 0.00293931 0.00125415 -0.00910027 0.000182104
internal_weight=545 274 23 251 55 196 271 185 36 45 243 140 55 41 85 64 28 25 137 120 47 34 44
internal_count=545 274 23 251 55 196 271 185 36 45 243 140 55 41 85 64 28 25 137 120 47 34 44
is_linear=0
shrinkage=0.0529975


Tree=63
num_leaves=27
num_cat=0
split_feature=37 29 13 19 29 37 19 47 29 14 29 37 3 29 19 31 9 31 29 12 19 19 37 37 36 39
split_gain=21.3675 6.06542 9.07507 5.36791 10.5185 3.35619 3.10596 1.69846 1.59344 1.14883 0.915538 0.713066 0.607219 0.329726 0.593356 0.302618 0.218516 0.19355 0.15192 0.141725 0.119664 0.10864 0.0815373 0.0059559 0.00570085 0.00321119
threshold=-0.7098019992819159 1.0939113685825921 1.0780983395245405 -0.45332057286409322 0.092064071066336753 1.9469825516994852 0.43761099535384468 -0.24515918596310252 0.52337296649648568 0.074484303702942664 -0.36400999389897842 0.47495196386290883 0.30233646532277475 -0.060961219973233179 -0.079993913381877391 0.97117537728143455 -0.14591056851891923 -0.96321629034271128 0.20235630727881282 0.29824792325718902 0.09284057523187364 0.09284057523187364 -0.18557458196119755 0.90901226540446534 0.81564419493429186 -0.47999791929632923
decision_type=2 2 2 2 2 2 2 2 2 2 2 2 2 2 2 2 2 2 2 2 2 2 2 2 2 2
left_child=1 3 -3 4 7 11 8 9 13 -1 12 22 -9 -5 18 21 -16 -7 19 -15 -18 -10 24 -13 25 -2
right_child=5 2 -4 6 -6 17 -8 10 15 -11 -12 23 -14 14 16 -17 20 -19 -20 -21 -22 -23 -24 -25 -26 -27
leaf_value=-0.024019263000678245 0 0.00033657071473865976 -0.06064167113842512 0.0053650770678483704 -0.046075593816057546 0.030044588711757497 0.018630007346117219 -0.0021600712869748961 -0.021508144920769006 -0.0016608595143216222 -0.0076815433839877538 0.0052580184087712067 0.012101128622270174 0.00018112962417070948 -0.0022729181813177313 -0.0037984737686278715 0 0.013004771669820626 -0.010893606842999009 -0.0061421129869192849 0.0073003356527474627 -0.0077905708394737415 0.0036431399375052966 0.0095497491219932416 0 0.0011958128696157955
leaf_weight=14.000000000000002 10.999999999999995 11.000000000000002 10.999999999999998 11.999999999999998 23 11.999999999999998 10.999999999999998 11.000000000000002 11.000000000000002 11.999999999999998 18 39 12.999999999999998 16.000000000000004 14.999999999999998 13.999999999999998 11.000000000000002 26 11.999999999999998 12.999999999999998 12.999999999999998 17 80 81 10.999999999999998 27.000000000000004
leaf_count=14 11 11 11 12 23 12 11 11 11 12 18 39 13 16 15 14 11 26 12 13 13 17 80 81 11 27
internal_value=-0.00164155 -0.0125713 -0.0363613 -0.0094787 -0.0191588 0.00821618 -0.00283777 -0.00696416 -0.00537243 -0.0161635 0 0.00563357 0.00620674 -0.00112754 -0.00248884 -0.0132227 0.00194957 0.021906 -0.00656943 -0.00302057 0.00474829 -0.0162282 0.00263108 0.00852699 0.000634661 0.000931367
internal_weight=545 258 22 236 91 287 145 68 134 26 42 249 24 92 80 42 39 38 41 29 24 28 129 120 49 38
internal_count=545 258 22 236 91 287 145 68 134 26 42 249 24 92 80 42 39 38 41 29 24 28 129 120 49 38
is_linear=0
shrinkage=0.0529975


Tree=64
num_leaves=26
num_cat=0
split_feature=39 29 19 19 29 19 37 29 19 37 10 9 8 19 45 25 37 9 9 17 47 19 29 7 19
split_gain=19.6814 5.39788 10.7858 6.38333 5.90766 6.01287 2.89813 0.928542 2.10403 0.604618 0.403056 0.250608 0.236924 0.198905 0.183943 0.162652 0.158602 0.154856 0.218452 0.208511 0.102789 0.0840482 0.0830773 0.0720562 0.0382721
threshold=-0.39234954295270691 0.55429414669926913 -0.079993913381877391 -0.95772725582126561 1.3382556559007897 0.44452598162483986 2.1084445962342691 0.20235630727881282 -0.13695324231613623 0.87755862036522103 1.1185036050616828 -0.14591056851891923 0.45010700893080763 0.33105089177526276 -1.0000000180025095e-35 -0.91482025821547508 0.022019475297808743 0.35752137825369174 0.63584499150947027 0.30136479438701852 -0.036118628440457261 0.14175503073181203 -0.15716204103522488 0.6772551411254385 -0.43841884579956775
decision_type=2 2 2 2 2 2 2 2 2 2 2 2 2 2 2 2 2 2 2 2 2 2 2 2 2
left_child=1 3 -3 -1 5 13 9 10 -9 15 17 -10 -8 14 -4 -2 24 19 -19 20 -5 -13 -12 -20 -17
right_child=6 2 4 7 -6 -7 12 8 11 -11 22 21 -14 -15 -16 16 -18 18 23 -21 -22 -23 -24 -25 -26
leaf_value=-0.033428470338363228 0.0086333433474453224 -0.058585405739047726 -0.017186805988282004 0.0076412585914778959 -0.035732453437006532 0.025547098258664535 0.0099461003555538236 -0.019386827079163629 -0.0048005408656429504 0.0094856911783877378 -0.00031247974881298981 0 0.029135044111464614 -0.0028133096469682563 -0.0043711331912790656 -0.0017074070336851731 0.0042090922980117604 -0.0054250129011900695 -0.00064471652499671194 -0.0010023425864883499 0.0014434620960385083 0.0052582258094447352 -0.00678611973344457 0.0041680908692720885 0.0011678086999828865
leaf_weight=15.999999999999998 13.999999999999998 12.999999999999998 15.999999999999995 18 13.999999999999998 10.999999999999998 14.000000000000002 21 11.999999999999998 94 11.000000000000002 11.000000000000002 13.999999999999998 11.999999999999998 12.000000000000005 10.999999999999998 83 12.999999999999998 11.000000000000002 19 21 12.999999999999998 19 10.999999999999998 41
leaf_count=16 14 13 16 18 14 11 14 21 12 94 11 11 14 12 12 11 83 13 11 19 21 13 19 11 41
internal_value=-0.00160473 -0.0115081 -0.0228762 -0.00640471 -0.011291 -0.00140567 0.00841545 -0.00296478 -0.00820101 0.00616715 -0.000215659 0 0.0231927 -0.0113337 -0.0136396 0.00374252 0.00284019 0.00148612 -0.00105304 0.00308261 0.00509631 0.00310481 -0.00505396 0.00188953 0.000325509
internal_weight=545 274 78 196 65 51 271 180 57 243 123 36 28 40 28 149 135 93 35 58 39 24 30 22 52
internal_count=545 274 78 196 65 51 271 180 57 243 123 36 28 40 28 149 135 93 35 58 39 24 30 22 52
is_linear=0
shrinkage=0.0529975


Tree=65
num_leaves=25
num_cat=0
split_feature=37 29 13 19 29 19 37 29 44 28 19 37 6 29 7 39 44 28 19 37 7 37 13 39
split_gain=18.1662 5.39376 8.52111 4.83927 7.15148 3.02809 2.92407 2.40843 1.48175 1.64992 1.18345 0.575196 0.521255 0.415673 0.23944 0.210716 0.176508 0.199697 0.173168 0.0553599 0.0482442 0.0127724 0.00392243 0.00199104
threshold=-0.7098019992819159 1.0939113685825921 1.0780983395245405 -0.61139804268437181 -0.10741717961323992 0.43761099535384468 1.9469825516994852 0.52337296649648568 0.70547720845605821 -0.90131216258272484 -0.036067908672949726 0.4330137704772507 0.53223009268930277 -0.15716204103522488 -1.0367737378873938 -0.63927416386584646 -0.7704731892735065 -0.16078487016931256 -0.22831942904204558 -0.30090461377175504 0.84691737639410036 0.93836900077442265 -0.67536705044244283 -0.47999791929632923
decision_type=2 2 2 2 2 2 2 2 2 2 2 2 2 2 2 2 2 2 2 2 2 2 2 2
left_child=1 3 -3 4 8 7 11 12 9 -1 -9 19 15 -14 -8 16 -5 -18 -15 22 -12 -13 -2 -24
right_child=6 2 -4 5 -6 -7 14 10 -10 -11 20 21 13 18 -16 -17 17 -19 -20 -21 -22 -23 23 -25
leaf_value=-0.023530099919688515 0 0.0010792651788857893 -0.057611501295986266 -0.00082207780614617612 -0.043652706168646783 0.017367625885143158 0.028678379303592749 -0.028245898107044847 0.0057203798938840079 0.0015166967961082346 -0.010356721350104108 0.0049481263352050666 0.001435905825829323 -0.010919361892942762 0.012071617644155395 -0.0030207029189722174 0 0.0079027025834959748 -0.0019079074127209131 0.0030815588017311453 -0.0033214448863833788 0.0087066885758974987 0 0.0010141035291505074
leaf_weight=10.999999999999998 11.999999999999998 11.000000000000002 10.999999999999998 21 19 10.999999999999998 10.999999999999998 10.999999999999998 14.999999999999998 11.000000000000002 17 49 12.999999999999998 22.999999999999996 27 21 14.999999999999998 17 14.000000000000002 80 17 77 10.999999999999998 20.000000000000004
leaf_count=11 12 11 11 21 19 11 11 11 15 11 17 49 13 23 27 21 15 17 14 80 17 77 11 20
internal_value=-0.00157102 -0.0116491 -0.0340708 -0.00873759 -0.0215854 -0.00413591 0.00751785 -0.00612262 -0.00558354 -0.0131147 -0.015856 0.00510981 -0.00196817 -0.00584853 0.0202911 0.000808251 0.0025966 0.00479961 -0.00841368 0.00228116 -0.00803906 0.00758913 0.000454596 0.000755961
internal_weight=545 258 22 236 56 180 287 169 37 22 45 249 124 50 38 74 53 32 37 123 34 126 43 31
internal_count=545 258 22 236 56 180 287 169 37 22 45 249 124 50 38 74 53 32 37 123 34 126 43 31
is_linear=0
shrinkage=0.0529975


Tree=66
num_leaves=22
num_cat=0
split_feature=37 29 13 19 29 19 37 29 19 44 37 6 29 8 0 47 26 19 37 7 13
split_gain=16.747 5.04306 7.9522 4.46569 6.58017 2.8206 2.73103 2.24403 1.10802 1.07652 0.646235 0.47859 0.384258 0.254822 0.196774 0.191222 0.334339 0.156393 0.0847208 0.0430323 0.00971334
threshold=-0.7098019992819159 1.0939113685825921 1.0780983395245405 -0.61139804268437181 -0.25359189156537315 0.43761099535384468 2.1084445962342691 0.52337296649648568 -0.036067908672949726 0.70547720845605821 0.6531892857519549 0.53223009268930277 -0.15716204103522488 0.45010700893080763 1.670872028398541 -0.036118628440457261 0.84692350543161665 -0.22831942904204558 -0.04088781478067683 0.84691737639410036 -0.71477076707091436
decision_type=2 2 2 2 2 2 2 2 2 2 2 2 2 2 2 2 2 2 2 2 2
left_child=1 3 -3 4 9 7 10 11 -9 -1 18 14 -13 -8 15 -5 -17 -14 20 -10 -2
right_child=6 2 -4 5 -6 -7 13 8 19 -11 -12 12 17 -15 -16 16 -18 -19 -20 -21 -22
leaf_value=-0.010991278165374287 0 0.0010422469530081602 -0.055635441552096536 0.0057521124417499693 -0.039238804091486577 0.016771921029439807 0.0089970936735738229 -0.027277071599930241 -0.009950963772553242 0.0055037958576365639 0.0081452448874896107 0.0013838280466956301 -0.010460336866095458 0.027253964500615541 -0.0042741148869376525 -0.0028600343974832677 0.0059085189100182992 -0.0018371146939968777 0.003678065918024334 -0.0031913167452316629 0.0012090419482101097
leaf_weight=18 15.999999999999998 11.000000000000002 10.999999999999998 19 23 10.999999999999998 14.000000000000002 10.999999999999998 17 14.999999999999998 112 12.999999999999998 22.999999999999996 13.999999999999998 10.999999999999998 32 11.999999999999998 14.000000000000002 85 17 46
leaf_count=18 16 11 11 19 23 11 14 11 17 15 112 13 23 14 11 32 12 14 85 17 46
internal_value=-0.0015379 -0.0112144 -0.0328936 -0.00839957 -0.0207427 -0.00397699 0.00718845 -0.00589585 -0.0152914 -0.00362102 0.0051598 -0.00188437 -0.00560322 0.021528 0.000772709 0.00205001 0 -0.0080712 0.00260944 -0.00773094 0.000846514
internal_weight=545 258 22 236 56 180 287 169 45 33 259 124 50 28 74 63 44 37 147 34 62
internal_count=545 258 22 236 56 180 287 169 45 33 259 124 50 28 74 63 44 37 147 34 62
is_linear=0
shrinkage=0.0529975


Tree=67
num_leaves=29
num_cat=0
split_feature=37 3 38 15 3 37 19 2 13 9 5 10 1 37 6 19 7 13 1 1 9 37 37 16 5 13 13 13
split_gain=15.3963 3.52217 5.38132 3.1663 3.02059 2.55931 2.39744 1.31061 1.14893 0.830254 0.528597 0.627638 0.490082 0.471703 0.423447 0.270071 0.267497 0.214811 0.193878 0.324213 0.0913833 0.0404692 0.030766 0.0249285 0.00945688 0.00387522 0.00143031 5.30408e-05
threshold=-0.7098019992819159 0.72346954219426107 -0.56299788065939205 0.93580236748553591 -0.32476562731118558 1.9469825516994852 -0.30845206814241349 -0.64101803352536402 0.82197418143947532 0.61916849406195451 0.21306079487294755 1.1932390427821107 -0.23209839232194646 0.29252082263530083 1.0000000180025095e-35 -0.05482424643904913 -1.0367737378873938 0.024048919712926695 0.55837610127759529 -0.30739055203294841 1.3192639404431332 1.0390206649000016 -0.33445516848028017 0.25725188349390554 -0.18951331152040399 -0.80835459406353427 -0.67536705044244283 0.37868236936917049
decision_type=2 2 2 2 2 2 2 2 2 2 2 2 2 2 2 2 2 2 2 2 2 2 2 2 2 2 2 2
left_child=1 2 -1 7 6 13 -4 -3 18 10 11 17 -11 22 -9 -12 -7 -6 19 -8 -14 -15 26 -19 -18 -24 -2 -28
right_child=5 3 4 -5 9 16 8 14 -10 12 15 -13 20 21 -16 -17 24 23 -20 -21 -22 -23 25 -25 -26 -27 27 -29
leaf_value=0.019354808192750247 0 0.0024197198594170938 -0.031148153803821552 -0.042135874260729546 -0.0032800250389755014 0.026930697165947693 -0.005596938491694489 -0.0056331166738068789 -0.02178393557242321 0.0096470160724077946 -0.014657376703781392 -0.010331107663521489 -0.0043614060840340757 0.0046276842294498723 -0.022121853293110165 -0.0022537021098475605 0.0045699328954590928 0.005462334055968872 -0.0074913784081520078 0.0044314206902763787 0.00098630802288649606 0.0080874301353283835 0.00049582738471893586 0.00080807514553858921 0.013453476231124351 0.002615276047077752 0.0005401303518254609 0
leaf_weight=13.999999999999998 10.999999999999998 10.999999999999998 21 11.999999999999998 11.999999999999998 10.999999999999998 11.999999999999998 14.000000000000002 10.999999999999998 10.999999999999998 20.000000000000004 12.999999999999998 11.000000000000002 72 15.999999999999998 10.999999999999998 13 12.000000000000002 21 12.000000000000002 11.999999999999998 68 14.999999999999998 11.999999999999998 14 60 12.000000000000002 10.999999999999998
leaf_count=14 11 11 21 12 12 11 12 14 11 11 20 13 11 72 16 11 13 12 21 12 12 68 15 12 14 60 12 11
internal_value=-0.00150175 -0.01078 -0.00718254 -0.0224318 -0.00969308 0.00686503 -0.0174504 -0.0118757 -0.00968522 -0.00378507 -0.00661384 -0.00246294 0.0026899 0.00461542 -0.0168413 -0.0115235 0.018809 0.00128145 -0.00437708 -0.000466405 -0.00170344 0.00661912 0.00177017 0.00399479 0.0109957 0.00234571 0.000164625 0.000419439
internal_weight=545 258 205 53 191 287 77 41 56 114 80 49 34 249 30 31 38 36 45 24 23 140 109 24 27 75 34 23
internal_count=545 258 205 53 191 287 77 41 56 114 80 49 34 249 30 31 38 36 45 24 23 140 109 24 27 75 34 23
is_linear=0
shrinkage=0.0529975


Tree=68
num_leaves=27
num_cat=0
split_feature=39 29 35 25 19 16 37 29 19 37 31 10 5 19 29 6 25 37 1 10 47 30 37 13 9 45
split_gain=14.2078 4.79363 11.7961 8.54744 4.73858 3.63645 2.23518 1.75044 3.01854 0.400241 0.364737 0.300708 0.289211 0.249245 0.444097 0.259881 0.164733 0.118083 0.100992 0.0928974 0.0511528 0.0496843 0.0281246 0.0108736 0.00643251 0.00202786
threshold=-0.39234954295270691 0.74954040166073665 -0.075187709818658785 1.3786611811569502 -0.95772725582126561 -1.0391389841559162 2.1084445962342691 0.26696810119628295 -0.13695324231613623 0.90901226540446534 0.66856331366879385 0.32751945902024521 -0.67451514137555568 -0.22831942904204558 -0.15716204103522488 0.6535002668551112 -0.91482025821547508 0.022019475297808743 0.83746028238458914 1.1185036050616828 -0.036118628440457261 -0.25743340651522839 -0.49382030334577687 -0.95611853142030256 0.043518741696623071 0.88104909132250542
decision_type=2 2 2 2 2 2 2 2 2 2 2 2 2 2 2 2 2 2 2 2 2 2 2 2 2 2
left_child=1 4 -3 -4 -1 -5 9 11 -9 16 21 18 -8 14 15 -13 -2 22 20 -17 -6 -10 -18 -19 -22 -24
right_child=6 2 3 5 7 -7 12 8 10 -11 -12 13 -14 -15 -16 19 17 23 -20 -21 24 -23 25 -25 -26 -27
leaf_value=-0.029720030503867623 0.0078124725136925781 0.011696342727950192 -0.068884760945041118 -0.028809701500960676 0.0063182110388583122 0.006651053401648674 0.026558964491747678 -0.024735689455054524 -0.0011419167398866424 0.0078708436346679022 0.0026188715713224161 -0.0040869972977173839 0.0088879396353408798 0.0026938089754547805 -0.0082707733761372953 0.0060581653907423602 -0.0014837495843785064 0.00098161503378888459 -0.00040868093028383285 0 0 -0.0069967512770435 0.0011312487560729422 0.003818158380403665 0.002246713499536038 0
leaf_weight=15.999999999999998 14.999999999999998 14.999999999999998 10.999999999999998 11.999999999999998 14.999999999999998 11.000000000000002 12.000000000000002 20 12.000000000000002 91 21 15.999999999999998 15.999999999999998 18 25 11.000000000000002 12.999999999999998 17 14.999999999999998 10.999999999999998 12.000000000000002 19 28 68 13.999999999999998 10.999999999999998
leaf_count=16 15 15 11 12 15 11 12 20 12 91 21 16 16 18 25 11 13 17 15 11 12 19 28 68 14 11
internal_value=-0.00145805 -0.00987298 -0.024068 -0.0394091 -0.00620685 -0.0137411 0.00705437 -0.0035956 -0.00993338 0.00508681 -0.00215089 0 0.0200154 -0.00199831 -0.00355775 8.8822e-05 0.00314038 0.00227383 0.00283197 0.00360017 0.00406706 -0.00547158 0.000104775 0.00342968 0.00160933 0.000916676
internal_weight=545 274 49 34 225 23 271 209 72 243 52 137 28 81 63 38 152 137 56 22 41 31 52 85 26 39
internal_count=545 274 49 34 225 23 271 209 72 243 52 137 28 81 63 38 152 137 56 22 41 31 52 85 26 39
is_linear=0
shrinkage=0.0529975


Tree=69
num_leaves=26
num_cat=0
split_feature=39 29 9 19 29 19 37 29 19 19 6 37 29 5 19 16 12 30 25 9 37 7 19 13 45
split_gain=13.1013 4.52656 6.52877 4.64719 5.17022 2.38811 2.09532 2.0675 1.00123 0.967803 0.393363 0.356362 0.310682 0.270542 0.190648 0.176941 0.232188 0.21105 0.147525 0.128215 0.11514 0.0346521 0.0266832 0.0106002 0.00242162
threshold=-0.39234954295270691 1.0939113685825921 0.10876556467993408 -0.61139804268437181 -0.10741717961323992 0.43761099535384468 2.1084445962342691 0.52337296649648568 -0.95772725582126561 -0.036067908672949726 0.53223009268930277 0.93836900077442265 -0.15716204103522488 -0.67451514137555568 -0.22831942904204558 -1.1530241629449678 -0.53279103178678933 -0.1688947899045288 -0.91482025821547508 0.37469037699295688 0.022019475297808743 0.84691737639410036 -0.43841884579956775 -0.86253470442768265 0.88104909132250542
decision_type=2 2 2 2 2 2 2 2 2 2 2 2 2 2 2 2 2 2 2 2 2 2 2 2 2
left_child=1 3 -3 4 8 7 11 10 -1 -9 15 18 -12 -8 -14 -5 -17 -18 -2 -10 22 -11 -20 -22 -24
right_child=6 2 -4 5 -6 -7 13 9 19 21 12 -13 14 -15 -16 16 17 -19 20 -21 23 -23 24 -25 -26
leaf_value=-0.015621242473762089 0.0075166779886536436 0.0012512247162571074 -0.049323355499679547 -0.003588637859401507 -0.038521617406815784 0.016228968235778029 0.025620404697478259 -0.02478415861697424 0.0039181756876784275 -0.0086933604718799871 0.0016009762874637657 0.007575075319462817 -0.0092537772949104653 0.008545310136254515 -0.0012565996492349598 0.0059595185690996784 0.0038899048518163731 -0.0024586374207792605 -0.0015827650814167521 -0.0022645026393991767 0.00099999026772561693 -0.0026956316581106259 0.0011313781969477144 0.0037338435629713346 0
leaf_weight=10.999999999999998 14.999999999999998 11.000000000000002 11.999999999999998 11.999999999999998 19 10.999999999999998 12.000000000000002 10.999999999999998 12.000000000000002 17 13.999999999999998 87 22.999999999999996 15.999999999999998 18.000000000000004 23 18 32 10.999999999999998 12.999999999999998 18 17 25 71 15.999999999999998
leaf_count=11 15 11 12 12 19 11 12 11 12 17 14 87 23 16 18 23 18 32 11 13 18 17 25 71 16
internal_value=-0.0014224 -0.00950319 -0.0296379 -0.00698252 -0.0198027 -0.00286937 0.00675148 -0.00451538 -0.00566737 -0.0136699 -0.00108441 0.00484796 -0.00436856 0.0192969 -0.00649975 0.00111171 0.00218654 0 0.00305986 0.000661722 0.00225093 -0.00672287 9.34565e-05 0.00335248 0.000836364
internal_weight=545 274 23 251 55 196 271 185 36 45 140 243 55 28 41 85 73 50 156 25 141 34 52 89 41
internal_count=545 274 23 251 55 196 271 185 36 45 140 243 55 28 41 85 73 50 156 25 141 34 52 89 41
is_linear=0
shrinkage=0.0529975


Tree=70
num_leaves=28
num_cat=0
split_feature=39 29 35 25 19 15 37 29 19 37 31 8 6 13 7 5 29 29 25 37 12 3 12 37 12 13 13
split_gain=12.0829 4.29188 10.668 8.0496 4.15452 3.29216 1.96372 1.56694 2.61798 0.318605 0.318147 0.263157 0.253008 0.237613 0.21467 0.208492 0.161499 0.133554 0.121553 0.120552 0.0823386 0.0518219 0.041774 0.0328658 0.00301414 0.00259884 0.00153234
threshold=-0.39234954295270691 0.74954040166073665 -0.075187709818658785 1.3786611811569502 -0.95772725582126561 -1.0779913155986873 2.1084445962342691 0.26696810119628295 -0.13695324231613623 1.0390206649000016 0.66856331366879385 0.45010700893080763 0.27622215148290635 -0.16311873427231305 -0.19967188325312279 -1.0869381551188761 0.11881274814264779 0.061826384744403794 -0.91482025821547508 0.1436402361162151 1.0572974616442488 -0.33947769986564769 -0.95269747152543105 -0.49382030334577687 0.77690392152255128 -0.80835459406353427 -0.80835459406353427
decision_type=2 2 2 2 2 2 2 2 2 2 2 2 2 2 2 2 2 2 2 2 2 2 2 2 2 2 2
left_child=1 4 -3 -4 -1 -5 9 12 -9 18 21 -8 14 20 -6 -15 -16 24 -2 23 -14 -10 -18 -20 -17 -21 -25
right_child=6 2 3 5 7 -7 11 8 10 -11 -12 -13 13 15 16 17 22 -19 19 25 -22 -23 -24 26 -26 -27 -28
leaf_value=-0.027696250261527444 0.0070633987536907143 0.011358949222126529 -0.06568364125521943 -0.026918874841806818 -0.0022408608290974547 0.0067032149910096908 0.0073885940819075858 -0.023024640829645737 -0.00723045256182354 0.0074251844755653064 0.0024573477245494768 0.023892099067229482 -0.0071945985981011311 -0.003498615574608053 0.0072328467207464055 0.0014909613842404802 -0.001015737096580691 -0.00094647221914223589 -0.0013990264896344608 0.001300242001695965 -0.00048008098040888919 -0.0015981291795451491 0.0025425845547654849 0 0.0060747842767165192 0.0039422137650710716 0.0012421648259939991
leaf_weight=15.999999999999998 15.999999999999998 14.999999999999998 10.999999999999998 11.999999999999998 12.999999999999998 11.000000000000002 14.000000000000002 20 14.000000000000002 78 21 13.999999999999998 16.000000000000004 18 21 11.000000000000002 11.999999999999998 12.999999999999998 12.999999999999998 18 10.999999999999998 17 11.000000000000002 11.999999999999998 10.999999999999998 66 40
leaf_count=16 16 15 11 12 13 11 14 20 14 78 21 14 16 18 21 11 12 13 13 18 11 17 11 12 11 66 40
internal_value=-0.00138684 -0.00914741 -0.0225727 -0.0371758 -0.00568338 -0.012537 0.00646259 -0.00324023 -0.00923808 0.00462112 -0.00198279 0.0186045 0.000118293 -0.00170638 0.00270878 0.000333445 0.00440424 0.00269806 0.00304082 0.00230725 -0.00525511 -0.0050902 0.000619061 0.000403116 0.00484259 0.00357804 0.00107215
internal_weight=545 274 49 34 225 23 271 209 72 243 52 28 137 80 57 53 44 35 165 149 27 31 23 65 22 84 52
internal_count=545 274 49 34 225 23 271 209 72 243 52 28 137 80 57 53 44 35 165 149 27 31 23 65 22 84 52
is_linear=0
shrinkage=0.0529975


Tree=71
num_leaves=24
num_cat=0
split_feature=39 29 13 19 29 30 35 29 19 19 37 6 29 19 16 12 30 25 9 37 45 31 12
split_gain=11.159 4.19763 6.36115 4.09249 4.64401 2.20482 1.86008 1.71258 0.878914 0.828258 0.647271 0.342908 0.276955 0.170673 0.16196 0.204488 0.191318 0.121586 0.115146 0.114923 0.0854501 0.0201132 0.00184153
threshold=-0.39234954295270691 1.0939113685825921 1.0780983395245405 -0.61139804268437181 -0.10741717961323992 -0.52627917423371862 -1.2356161011941302 0.52337296649648568 -0.036067908672949726 -0.95772725582126561 1.1396723290255804 0.53223009268930277 -0.15716204103522488 -0.22831942904204558 -1.1530241629449678 -0.53279103178678933 -0.1688947899045288 -0.80856147868421624 0.37469037699295688 0.15412478446262895 0.65393699257790783 1.0789486278708835 0.5956755400800211
decision_type=2 2 2 2 2 2 2 2 2 2 2 2 2 2 2 2 2 2 2 2 2 2 2
left_child=1 3 -3 4 9 -5 -2 11 -9 -1 19 14 -13 -14 -7 -16 -17 -12 -11 21 -10 22 -8
right_child=6 2 -4 5 -6 7 10 8 20 18 17 12 13 -15 15 16 -18 -19 -20 -21 -22 -23 -24
leaf_value=-0.014135464036198669 0.019933635035047251 0.0019448988604012305 -0.047633528249631477 0.015795139362946457 -0.036151778051828683 -0.0033860924464342254 0.0012605109706921316 -0.022919803712452579 -0.0075343824741343282 0.0037361923647476949 0.0020971434986278158 0.0015765606765426035 -0.0086440238176184684 -0.001098787793476253 0.0056695764477373446 0.0038581753814539818 -0.0022656868891251774 0.0092035651759165005 -0.0021171610336983152 0.0036324125282327846 -0.00074658066945214134 -0.00075261578050394163 0
leaf_weight=10.999999999999998 20 11.000000000000002 11.999999999999998 10.999999999999998 19 11.999999999999998 45 10.999999999999998 24 12.000000000000002 14.999999999999998 13.999999999999998 22.999999999999996 18.000000000000004 23 17 32 71 12.999999999999998 95 10.999999999999998 12.999999999999998 11.999999999999998
leaf_count=11 20 11 12 11 19 12 45 11 24 12 15 14 23 18 23 17 32 71 13 95 11 13 12
internal_value=-0.00135697 -0.00881508 -0.0281825 -0.00639703 -0.0184254 -0.00254038 0.00618608 -0.00412884 -0.0123512 -0.0050774 0.00462393 -0.000961341 -0.00402461 -0.00604296 0.00110128 0.00214155 0 0.00825748 0.000646363 0.00246608 -0.00599268 0.00062958 0.00109732
internal_weight=545 274 23 251 55 196 271 185 46 36 251 139 55 41 84 72 49 86 25 165 35 70 57
internal_count=545 274 23 251 55 196 271 185 46 36 251 139 55 41 84 72 49 86 25 165 35 70 57
is_linear=0
shrinkage=0.0529975


Tree=72
num_leaves=23
num_cat=0
split_feature=37 29 13 19 30 29 19 37 29 26 1 15 13 37 29 6 47 29 37 29 37 13
split_gain=10.2351 4.25061 6.6748 3.27933 2.51632 4.25964 5.52716 1.90177 0.597528 0.468451 0.344033 0.438128 0.323729 0.281407 0.252071 0.206367 0.178087 0.130055 0.0385723 0.0374655 0.0096628 0.0062209
threshold=-0.7098019992819159 1.0939113685825921 1.0780983395245405 -1.084056395528697 -0.41432049956592126 0.34963447586933422 -0.27459863756046599 1.9469825516994852 -0.46840301170822823 -0.68156680265806024 -1.1197631366375458 0.35253781361226161 -0.16311873427231305 0.1436402361162151 0.58687950133281286 -0.14593159087710691 0.52132285828659686 0.25224183869804911 1.1396723290255804 1.0000000180025095e-35 -0.56511523210139514 -0.80835459406353427
decision_type=2 2 2 2 2 2 2 2 2 2 2 2 2 2 2 2 2 2 2 2 2 2
left_child=1 3 -3 -1 -5 8 -7 13 -6 19 -9 -12 15 20 -8 -11 -16 -14 -15 -10 -2 -22
right_child=7 2 -4 4 5 6 14 10 9 12 11 -13 17 18 16 -17 -18 -19 -20 -21 21 -23
leaf_value=-0.029031431006973352 0 0.001878189299633054 -0.04955736507035953 0.01192707402097724 0.0070381219315324072 -0.039899010922463875 -0.00052519634750859462 0.023535408208973731 -0.0031037191922433155 0.00027745529530019729 0.013010896158698408 0 0.004095669630469239 0.0035812777445023611 -0.0016451032514870187 -0.0060155653838366366 -0.011282034601337245 -0.0013131721654352053 0.0063207558914601522 -0.010106941137724951 0 0.0013943921195749295
leaf_weight=10.999999999999998 14.999999999999998 11.000000000000002 10.999999999999998 18 17 14.999999999999998 18 10.999999999999998 16.000000000000004 23 16.000000000000004 10.999999999999998 36 101 11.999999999999998 25 21 11.999999999999998 61 11.999999999999998 12.999999999999998 59
leaf_count=11 15 11 11 18 17 15 18 11 16 23 16 11 36 101 12 25 21 12 61 12 13 59
internal_value=-0.00132996 -0.00889561 -0.0286962 -0.0063556 -0.00449193 -0.00624804 -0.0167435 0.00549023 -0.000805139 -0.0022092 0.0157698 0.00869224 -0.000226087 0.00356013 -0.00632939 -0.00317486 -0.00874863 0.00261844 0.00484318 -0.00756386 0.00093765 0.00118163
internal_weight=545 258 22 236 225 207 66 287 141 124 38 27 96 249 51 48 33 48 162 28 87 72
internal_count=545 258 22 236 225 207 66 287 141 124 38 27 96 249 51 48 33 48 162 28 87 72
is_linear=0
shrinkage=0.0529975


Tree=73
num_leaves=26
num_cat=0
split_feature=39 29 9 19 29 19 29 19 37 29 28 5 10 37 9 39 26 25 10 37 30 37 34 13 13
split_gain=9.50442 3.63922 5.82951 3.64757 5.2757 2.11965 2.70226 1.80469 1.65923 0.3054 0.516356 0.303713 0.23309 0.230873 0.210875 0.119652 0.184912 0.11827 0.0998382 0.0775088 0.0207272 0.0148928 0.0132598 0.00840941 0.00276229
threshold=-0.39234954295270691 1.0939113685825921 0.10876556467993408 -0.71234336683649502 -0.54213609959460229 0.43761099535384468 0.57049017291794757 -0.036067908672949726 2.1084445962342691 0.18888648312768833 -0.071462254183915774 -0.67451514137555568 1.1185036050616828 0.87755862036522103 -0.14591056851891923 -0.69848839585506151 0.5569115713511531 -0.91482025821547508 0.61840108698261209 -0.33445516848028017 0.034327892059729977 0.2275166228875313 1.1667220113737764 -0.80835459406353427 -0.80835459406353427
decision_type=2 2 2 2 2 2 2 2 2 2 2 2 2 2 2 2 2 2 2 2 2 2 2 2 2
left_child=1 3 -3 4 -1 6 9 -8 13 12 -11 -10 15 17 -12 18 -17 -2 -5 23 -14 24 -9 -19 -21
right_child=8 2 -4 5 -6 -7 7 22 11 10 14 -13 20 -15 -16 16 -18 19 -20 21 -22 -23 -24 -25 -26
leaf_value=0.0034625750690983068 0.0064760350653892814 0.0023515104811970213 -0.044863275500611609 0.0011301800075067083 -0.03270122027298792 0.015187620161824296 -0.029694361309491268 -0.0071727147138783169 0.022831994522173431 -0.008694569624647713 -0.0037796902879877643 0.0069702965483505602 -0.00024308940490371111 0.0060470602825238402 0.0035873944165290442 -0.0023594405599932102 0.0038163255233894869 -0.0014780156870717364 0.0075695910633753879 0 -0.0041162737688972585 0.0029576651304573784 -0.0017898006068531173 0 0.0013510743717332469
leaf_weight=15.999999999999998 13.999999999999998 11.000000000000002 11.999999999999998 20 24 10.999999999999998 10.999999999999998 20.000000000000004 12.000000000000002 25 11.999999999999998 15.999999999999998 11.000000000000002 94 21 25 18 12.000000000000002 11.999999999999998 11.999999999999998 13.999999999999998 60 10.999999999999998 10.999999999999998 40
leaf_count=16 14 11 12 20 24 11 11 20 12 25 12 16 11 94 21 25 18 12 12 12 14 60 11 11 40
internal_value=-0.00130488 -0.00818814 -0.0262248 -0.00593486 -0.0195183 -0.00285942 -0.00429912 -0.0153251 0.00565595 -0.000872378 -0.00376075 0.0168018 0.000854963 0.00396991 0.000560084 0.00235856 0.00023388 0.00243118 0.00454229 0.0017046 -0.00301412 0.00227684 -0.00605112 -0.000735687 0.00114627
internal_weight=545 274 23 251 40 211 200 42 271 158 58 28 100 243 33 75 43 149 32 135 25 112 31 23 52
internal_count=545 274 23 251 40 211 200 42 271 158 58 28 100 243 33 75 43 149 32 135 25 112 31 23 52
is_linear=0
shrinkage=0.0529975


Tree=74
num_leaves=26
num_cat=0
split_feature=39 29 13 19 29 19 29 19 37 5 29 28 10 37 9 39 10 10 25 37 45 45 19 25 45
split_gain=8.75066 3.3947 5.53986 3.33267 4.84632 1.97505 2.52308 1.85297 1.55434 0.290038 0.237517 0.422194 0.217565 0.205634 0.204656 0.111236 0.174173 0.092511 0.0879251 0.0932994 0.0492457 0.0208941 0.0204801 0.00497275 0.00198523
threshold=-0.39234954295270691 1.0939113685825921 1.0780983395245405 -0.71234336683649502 -0.54213609959460229 0.43761099535384468 0.52337296649648568 -0.036067908672949726 2.1084445962342691 -0.74261475481244321 0.18888648312768833 -0.071462254183915774 1.1185036050616828 1.1396723290255804 -0.14591056851891923 -0.69848839585506151 0.041592096668920997 0.61840108698261209 -0.91482025821547508 0.022019475297808743 0.086156745716413782 -0.48162350114508018 -0.43841884579956775 -0.80856147868421624 0.88104909132250542
decision_type=2 2 2 2 2 2 2 2 2 2 2 2 2 2 2 2 2 2 2 2 2 2 2 2 2
left_child=1 3 -3 4 -1 6 10 -8 13 -10 12 -12 15 18 -13 17 -17 -5 -2 22 -9 -14 -20 -21 -24
right_child=8 2 -4 5 -6 -7 7 20 9 -11 11 14 21 -15 -16 16 -18 -19 19 23 -22 -23 24 -25 -26
leaf_value=0.0033290931607525658 0.0060234103467862749 0.002469228053370499 -0.043465216576500133 0.001084099170382731 -0.031314587801479193 0.014666689013823562 -0.028400767276389911 -0.0069494086143247497 0.022501543006823152 0.0070158330198621431 -0.0078094470013380934 -0.0036352445877736255 -0.0041029313141356062 0.0062099166002263766 0.0038542921187134805 0.0033527839949233852 -0.0025926072420243865 0.0073020913317643479 -0.0014813365641128512 0.00042397933264050152 -0.0011669360593482428 -0.00029481084157339827 0.00091238576329804168 0.0030080423679082887 0
leaf_weight=15.999999999999998 15.999999999999998 11.000000000000002 11.999999999999998 20 24 10.999999999999998 11.999999999999998 22 11.000000000000002 17 24 11.000000000000002 13.000000000000002 71 19 21 22 11.999999999999998 10.999999999999998 10.999999999999998 11.999999999999998 11.999999999999998 25 93 15.999999999999998
leaf_count=16 16 11 12 20 24 11 12 22 11 17 24 11 13 71 19 21 22 12 11 11 12 12 25 93 16
internal_value=-0.00126345 -0.00786841 -0.0252881 -0.00569221 -0.0186778 -0.00275018 -0.00414107 -0.0142441 0.00541519 0.0162008 -0.000658896 -0.0033285 0.000823541 0.00378413 0.000765985 0.00227798 0.000223379 0.00438407 0.00256808 0.00196073 -0.00556409 -0.00291102 0 0.00283624 0.000656043
internal_weight=545 274 23 251 40 211 200 46 271 28 154 54 100 243 30 75 43 32 172 156 34 25 52 104 41
internal_count=545 274 23 251 40 211 200 46 271 28 154 54 100 243 30 75 43 32 172 156 34 25 52 104 41
is_linear=0
shrinkage=0.0529975


Tree=75
num_leaves=29
num_cat=0
split_feature=39 29 35 25 19 15 35 29 19 37 31 6 25 29 19 45 30 37 47 0 3 45 29 29 39 31 12 13
split_gain=8.0581 3.2328 9.57711 7.35718 3.17798 2.6393 1.52969 1.03732 1.97718 0.461747 0.317123 0.195243 0.158124 0.14312 0.16376 0.201326 0.150941 0.102587 0.0926115 0.0616713 0.0585767 0.0411341 0.0399207 0.0552031 0.0253243 0.0172393 0.00280114 0.00167058
threshold=-0.39234954295270691 0.74954040166073665 -0.075187709818658785 1.3786611811569502 -1.084056395528697 -1.0779913155986873 -1.2356161011941302 0.24627008227285696 -0.13695324231613623 1.4563056890872954 0.66856331366879385 1.3590427524952104 -0.80856147868421624 -0.054945875154369203 -0.53091630390676692 -0.14095535302818379 0.15998396861742989 0.1771907908247404 0.10324174324130626 1.4403347903856529 -0.33947769986564769 1.4488293381839996 0.031036353483505329 0.17446000710872947 -0.72037846618712831 1.0789486278708835 0.5956755400800211 -1.2565718707123976
decision_type=2 2 2 2 2 2 2 2 2 2 2 2 2 2 2 2 2 2 2 2 2 2 2 2 2 2 2 2
left_child=1 4 -3 -4 -1 -5 -2 11 -9 17 20 13 -11 14 15 -6 -15 25 -13 -12 -10 -14 -18 -24 -16 26 -8 -19
right_child=6 2 3 5 7 -7 9 8 10 12 19 18 21 16 24 -17 22 27 -20 -21 -22 -23 23 -25 -26 -27 -28 -29
leaf_value=-0.026723089840625415 0.017624858758058526 0.012485392130711171 -0.060182965010936493 -0.02315438937177115 0.004049258072016739 0.0067348736369490575 0.0011021350053809474 -0.018850729708500498 -0.0065067987852145863 0.00055584454769372447 0 -0.0058161587529088369 0.0094532848636078876 0.0024702562962064943 0.0077875679136780772 -0.0031093296958315578 0 0.00068411296794985955 0 0.004932335620243887 -0.001244282527622419 0.0024495351839873211 -0.0055480597888339696 -4.2492343278717402e-05 0.0016846891904449047 -0.00076587851707041394 0 0.0033743203633372029
leaf_weight=10.999999999999998 20 14.999999999999998 10.999999999999998 11.999999999999998 14.999999999999998 11.000000000000002 48 22 14.999999999999998 10.999999999999998 12.000000000000002 13.000000000000002 44 20 11.000000000000002 17 10.999999999999998 10.999999999999998 13.999999999999998 10.999999999999998 19 10.999999999999998 12.000000000000002 10.999999999999998 11.000000000000002 12.999999999999998 11.999999999999998 101
leaf_count=11 20 15 11 12 15 11 48 22 15 11 12 13 44 20 11 17 11 11 14 11 19 11 12 11 11 13 12 101
internal_value=-0.00122185 -0.00756037 -0.019201 -0.033131 -0.00456242 -0.010182 0.00518655 -0.00269423 -0.00728256 0.00378017 -0.00133744 0.000136774 0.00746815 0.00121592 0.00302511 0.000171906 -0.000598371 0.00223472 -0.00340466 0.00287857 -0.00436806 0.00854556 -0.0026778 -0.00370915 0.00600002 0.00050872 0.000935212 0.00321749
internal_weight=545 274 49 34 225 23 271 214 79 251 57 135 66 108 54 32 54 185 27 23 34 55 34 23 22 73 60 112
internal_count=545 274 49 34 225 23 271 214 79 251 57 135 66 108 54 32 54 185 27 23 34 55 34 23 22 73 60 112
is_linear=0
shrinkage=0.0529975


Tree=76
num_leaves=29
num_cat=0
split_feature=39 29 9 19 29 30 35 19 29 37 29 19 31 30 44 24 29 23 9 37 23 39 29 5 31 26 15 36
split_gain=7.4387 3.16064 5.22839 3.01331 5.08569 1.55365 1.41122 1.02422 0.893026 0.42293 0.270898 0.391024 0.249684 0.19982 0.180858 0.147781 0.144264 0.103392 0.100561 0.0930379 0.084171 0.0753912 0.0632606 0.0554074 0.0183537 0.00194645 0.00140791 0.000299438
threshold=-0.39234954295270691 1.0939113685825921 0.10876556467993408 -0.50025667382205452 0.092064071066336753 -0.52627917423371862 -1.2356161011941302 -1.0429653928487965 0.58687950133281286 1.4563056890872954 -0.060961219973233179 -0.079993913381877391 0.97117537728143455 0.70337587340394869 -0.27848972336365163 -0.85037832923460632 0.20235630727881282 -0.4534962621627398 -0.14591056851891923 0.2442919002417939 -0.017651112736791222 -0.80165551899036436 0.29136380271561407 -0.76712598019862421 1.0789486278708835 -0.52152838538054391 -1.2121442268034566 0.81564419493429186
decision_type=2 2 2 2 2 2 2 2 2 2 2 2 2 2 2 2 2 2 2 2 2 2 2 2 2 2 2 2
left_child=1 3 -3 4 7 -5 -2 -1 10 19 -7 16 17 23 -15 -11 20 -10 22 24 -12 -20 -13 -9 25 -8 -21 -27
right_child=6 2 -4 5 -6 8 9 13 12 15 11 18 -14 14 -16 -17 -18 -19 21 26 -22 -23 -24 -25 -26 27 -28 -29
leaf_value=-0.015522058525416185 0.016906241494194015 0.0027185911161817958 -0.0417509011449625 0.014198388461770821 -0.0341716090279214 0.0044858739974031701 0 -0.00024770274260856257 -0.0040321556423809739 0.00089593021636449411 0.00095924071277220181 0.0012257831889122301 -0.0022214547963484163 0.0055507869286159431 -0.001651245070126744 0.0083035576940051984 -0.0082511326304524693 -0.015794877085685936 0.0051961482934551736 0.00066831749704350854 -0.0037396179909683588 3.4726759328325571e-05 -0.0032431905564714448 -0.0058032004024159631 -0.00073810147104895149 0.0013614690985061012 0.003317615151334307 0.00020930939651241996
leaf_weight=11.999999999999998 20 11.000000000000002 11.999999999999998 10.999999999999998 18 21 11.999999999999998 12.000000000000002 10.999999999999998 12.999999999999998 13.000000000000002 11.000000000000002 15.999999999999998 14 13 53 15.999999999999998 11.000000000000002 15.999999999999995 10.999999999999998 17 17.000000000000004 10.999999999999998 10.999999999999998 12.999999999999998 36 93 20
leaf_count=12 20 11 12 11 18 21 12 12 11 13 13 11 16 14 13 53 16 11 16 11 17 17 11 11 13 36 93 20
internal_value=-0.00119852 -0.00728869 -0.024078 -0.00519714 -0.0133 -0.0010447 0.00495834 -0.00465869 -0.00260978 0.00360688 -0.000206318 -0.00144393 -0.0090876 -0.000543747 0.00220156 0.00713764 -0.004794 -0.0122863 0.00143928 0.00212615 -0.00168881 0.00313054 -0.000975269 -0.00379619 0.000601484 0.000991033 0.00315261 0.00112269
internal_weight=545 274 23 251 80 171 271 62 160 251 122 101 38 50 27 66 46 22 55 185 30 33 22 23 81 68 104 56
internal_count=545 274 23 251 80 171 271 62 160 251 122 101 38 50 27 66 46 22 55 185 30 33 22 23 81 68 104 56
is_linear=0
shrinkage=0.0529975


Tree=77
num_leaves=25
num_cat=0
split_feature=39 29 38 29 19 19 37 29 19 5 31 26 29 36 6 37 37 53 25 39 19 13 39 39
split_gain=6.85981 3.09051 4.93701 4.44063 3.48434 2.83181 1.34116 0.977523 1.43604 0.308214 0.200027 0.191482 0.31528 0.25393 0.310922 0.15213 0.0985117 0.0973334 0.0794241 0.0541977 0.0443392 0.0146918 0.000700729 0.000102763
threshold=-0.39234954295270691 1.3382556559007897 -0.2659583636342075 0.74954040166073665 0.12500767621502204 -1.084056395528697 2.1084445962342691 0.26696810119628295 -0.13695324231613623 -0.74261475481244321 0.66856331366879385 -0.56440320388895016 1.0000000180025095e-35 0.15497188337532505 0.27622215148290635 0.87755862036522103 -0.81674439241534058 -0.36007183007885429 -0.91482025821547508 -0.30472822905601454 0.16664694950672165 -0.80835459406353427 0.42080037888319483 0.13900033653651447
decision_type=2 2 2 2 2 2 2 2 2 2 2 2 2 2 2 2 2 2 2 2 2 2 2 2
left_child=1 2 -1 5 -5 -4 15 11 -9 -8 20 12 17 16 -15 18 -13 -7 -2 -20 -10 22 -21 -23
right_child=6 -3 3 4 -6 7 9 8 10 -11 -12 13 -14 14 -16 -17 -18 -19 19 21 -22 23 -24 -25
leaf_value=0.022533034227236695 0.0052987641613432201 -0.027385193208542043 -0.025215939596790846 -0.042304607656797305 -0.0039922907620779519 -0.0020717745911149645 0.020879542405149016 -0.017535727951706492 -0.0054791646235295977 0.0060571001830187566 0.0018145102154214178 0.0055780781072439414 -0.0075485793741038466 0.0023326732152131593 -0.005381227321139998 0.0049259330227710797 0 0.0026734557336737241 -0.0011440736266697268 0 -0.00039201147916100075 0.0010103075467413427 0.00052814690197097594 0.0024690786961064797
leaf_weight=10.999999999999998 13.999999999999998 13.999999999999998 10.999999999999998 11.000000000000002 13.999999999999998 15.999999999999998 11.000000000000002 20 20.000000000000004 17 20 31 14.999999999999998 27 20 94 12.999999999999998 20 13.999999999999998 15.000000000000002 10.999999999999998 34 14.999999999999998 57
leaf_count=11 14 14 11 11 14 16 11 20 20 17 20 31 15 27 20 94 13 20 14 15 11 34 15 57
internal_value=-0.00117366 -0.00702221 -0.00530685 -0.00706508 -0.0259979 -0.00429894 0.00473843 -0.00252596 -0.00733516 0.0147414 -0.00178837 3.12154e-05 -0.00236093 0.00150695 -0.00105551 0.00323053 0.00418213 0.000403463 0.0019667 0.00136096 -0.00421895 0.00174613 0.000328674 0.00209221
internal_weight=545 274 260 249 25 224 271 213 71 28 51 142 51 91 47 243 44 36 149 135 31 121 30 91
internal_count=545 274 260 249 25 224 271 213 71 28 51 142 51 91 47 243 44 36 149 135 31 121 30 91
is_linear=0
shrinkage=0.0529975


Tree=78
num_leaves=24
num_cat=0
split_feature=39 29 38 29 30 19 37 29 19 19 9 26 29 36 6 37 47 53 25 13 19 39 39
split_gain=6.34559 2.86139 4.60338 4.14334 3.26131 2.64244 1.25703 0.898061 1.31974 0.307502 0.198219 0.176263 0.291462 0.232622 0.285828 0.134655 0.0975884 0.0898067 0.0753465 0.0521348 0.0495556 0.0132169 0.00967383
threshold=-0.39234954295270691 1.3382556559007897 -0.2659583636342075 0.74954040166073665 0.23966141775408889 -1.084056395528697 2.1084445962342691 0.26696810119628295 -0.13695324231613623 0.056972887554589562 0.41167968144060818 -0.56440320388895016 1.0000000180025095e-35 0.15497188337532505 0.27622215148290635 0.90901226540446534 0.31228230076395158 -0.36007183007885429 -0.92260256309068633 -0.80835459406353427 0.16664694950672165 0.070326220464551184 -0.26104970718232323
decision_type=2 2 2 2 2 2 2 2 2 2 2 2 2 2 2 2 2 2 2 2 2 2 2
left_child=1 2 -1 5 -5 -4 15 11 -9 -8 20 12 17 16 -15 18 -13 -7 -2 21 -10 -20 -21
right_child=6 -3 3 4 -6 7 9 8 10 -11 -12 13 -14 14 -16 -17 -18 -19 19 22 -22 -23 -24
leaf_value=0.021760156082070738 0.0051650433332409958 -0.026369067882906563 -0.024351039259519133 -0.0038199069857692124 -0.040882101696405458 -0.0019919078306012022 0.0047342895044938963 -0.016820744388948424 -0.0055523150368977925 0.019096960583682123 0.0018621100075174209 0.0059610389658288606 -0.0072627763696406005 0.0022315137275611407 -0.0051618188276764242 0.0047238505515277843 0.00054364459354024725 0.0025644510412191832 -0.001466776470635231 0.00012188879274639161 -0.00041330459679390631 0.00028548510448189079 0.0021526571168555236
leaf_weight=10.999999999999998 13.999999999999998 13.999999999999998 10.999999999999998 14.000000000000002 10.999999999999998 15.999999999999998 14.000000000000002 20 19.000000000000004 13.999999999999998 20 24 14.999999999999998 27 20 91 20 20 10.999999999999998 15.999999999999998 11.999999999999998 25 86
leaf_count=11 14 14 11 14 11 16 14 20 19 14 20 24 15 27 20 91 20 20 11 16 12 25 86
internal_value=-0.00114574 -0.00677102 -0.00511883 -0.00681743 -0.0251067 -0.00414448 0.00454005 -0.00243087 -0.00704035 0.0142228 -0.00171621 1.85493e-05 -0.00227454 0.00143686 -0.00101086 0.00308065 0.00399883 0.000377819 0.00191073 0.00133074 -0.00414123 -0.000216596 0.00192324
internal_weight=545 274 260 249 25 224 271 213 71 28 51 142 51 91 47 243 44 36 152 138 31 36 102
internal_count=545 274 260 249 25 224 271 213 71 28 51 142 51 91 47 243 44 36 152 138 31 36 102
is_linear=0
shrinkage=0.0529975


Tree=79
num_leaves=26
num_cat=0
split_feature=39 39 19 29 19 19 35 29 19 37 31 26 29 36 6 25 47 53 37 45 33 31 13 12 45
split_gain=5.8639 2.80529 6.63436 5.3783 3.03094 2.48491 1.21174 0.777504 1.27023 0.325088 0.221458 0.162842 0.269444 0.21415 0.262769 0.143789 0.0886252 0.0828627 0.0732936 0.0592806 0.0186178 0.0128502 0.0103516 0.0025096 0.000372262
threshold=-0.39234954295270691 -1.1558530955085182 0.73874316106931182 0.74954040166073665 0.12500767621502204 -1.084056395528697 -1.2356161011941302 0.26696810119628295 -0.13695324231613623 1.5213098888350618 0.66856331366879385 -0.56440320388895016 1.0000000180025095e-35 0.15497188337532505 0.27622215148290635 -0.80856147868421624 0.31228230076395158 -0.36007183007885429 0.15412478446262895 1.4488293381839996 -0.15449979662767474 1.0789486278708835 -0.576857758871264 0.5956755400800211 -0.48162350114508018
decision_type=2 2 2 2 2 2 2 2 2 2 2 2 2 2 2 2 2 2 2 2 2 2 2 2 2
left_child=1 -1 3 5 -5 -3 -2 11 -9 18 20 12 17 16 -15 -11 -13 -7 21 -17 -10 23 -20 24 -8
right_child=6 2 -4 4 -6 7 9 8 10 15 -12 13 -14 14 -16 19 -18 -19 22 -21 -22 -23 -24 -25 -26
leaf_value=-0.027052447137776374 0.015402315185581312 -0.023515804632139523 0.027240957212817937 -0.042131803865158454 -0.0061343845065782495 -0.0019151198899082201 0 -0.016134913665633386 -0.0010058536735372868 6.4850163131701809e-05 0.0022531725548374441 0.0057082726154935454 -0.006987794426736714 0.0021347411649620574 -0.0049513563352838732 0.0083926801251700354 0.00052147857274699818 0.0024598909560003771 0.001224448219018563 0.0016963835831231686 -0.0052145866401536109 -0.00075164613532453751 0.0030925718799274813 0 0.0010169608110721564
leaf_weight=11.999999999999998 20 10.999999999999998 10.999999999999998 12.000000000000002 14.999999999999998 15.999999999999998 10.999999999999998 20 13.000000000000002 10.999999999999998 21 24 14.999999999999998 27 20 40 20 20 39 10.999999999999998 17 12.999999999999998 80 11.999999999999998 34
leaf_count=12 20 11 11 12 15 16 11 20 13 11 21 24 15 27 20 40 20 20 39 11 17 13 80 12 34
internal_value=-0.00111927 -0.00652703 -0.00497661 -0.00701837 -0.027094 -0.00392487 0.00434606 -0.00226505 -0.00655396 0.00309909 -0.00137196 1.08755e-05 -0.0021913 0.00137624 -0.000967878 0.00632294 0.00383565 0.000353314 0.00184379 0.00740135 -0.00405621 0.000322618 0.00262432 0.000726725 0.000889171
internal_weight=545 274 262 251 27 224 271 213 71 251 51 142 51 91 47 62 44 36 189 51 30 70 119 57 45
internal_count=545 274 262 251 27 224 271 213 71 251 51 142 51 91 47 62 44 36 189 51 30 70 119 57 45
is_linear=0
shrinkage=0.0529975


Tree=80
num_leaves=26
num_cat=0
split_feature=39 29 38 29 30 19 37 29 19 5 9 26 29 13 6 37 37 26 19 37 19 39 13 45 13
split_gain=5.41723 2.68775 4.17185 3.54279 2.97014 2.30272 1.12523 0.75822 1.11649 0.33323 0.167941 0.150454 0.249091 0.197157 0.24158 0.109079 0.085594 0.0808826 0.0588283 0.0595629 0.0504704 0.0176622 0.0059313 0.00441309 0.000745464
threshold=-0.39234954295270691 1.3382556559007897 -0.2659583636342075 0.74954040166073665 0.23966141775408889 -1.084056395528697 2.1084445962342691 0.26696810119628295 -0.13695324231613623 -0.74261475481244321 0.41167968144060818 -0.56440320388895016 1.0000000180025095e-35 -0.16311873427231305 0.27622215148290635 1.1396723290255804 -0.81674439241534058 -1.2732481143424925 -0.74651601231882447 0.15412478446262895 0.16664694950672165 -0.30472822905601454 -0.576857758871264 -0.59517955051737881 -0.72462169622803219
decision_type=2 2 2 2 2 2 2 2 2 2 2 2 2 2 2 2 2 2 2 2 2 2 2 2 2
left_child=1 2 -1 5 -5 -4 15 11 -9 -8 20 12 17 14 -13 18 -15 -7 -2 21 -10 -20 -21 -23 -25
right_child=6 -3 3 4 -6 7 9 8 10 -11 -12 13 -14 16 -16 -17 -18 -19 19 22 -22 23 -24 24 -26
leaf_value=0.020873372330090595 0.0051294808059631413 -0.025265721590806169 -0.022709219171196133 -0.0031488617998004552 -0.038259236418396611 0.0029830797467500685 0.019360122108229839 -0.015477045478169251 -0.0052058024864982356 0.0050682855054749445 0.0017076059123131617 0.0020421653368240251 -0.0067232237194552423 0.0049792584956803391 -0.0047494750001526621 0.0045658524066882313 0 -0.0013863111282508432 -0.001152493483204622 0.00085020559903069249 -0.00020928638597138776 0 0.0026589087063666199 0 0.0010183037185781674
leaf_weight=10.999999999999998 10.999999999999998 13.999999999999998 10.999999999999998 14.000000000000002 10.999999999999998 13.999999999999995 11.000000000000002 20 19.000000000000004 17 20 26.999999999999993 14.999999999999998 31 20 71 13.000000000000005 22.000000000000004 13.999999999999998 28 11.999999999999998 11.999999999999998 65 10.999999999999995 31.000000000000004
leaf_count=11 11 14 11 14 11 14 11 20 19 17 20 27 15 31 20 71 13 22 14 28 12 12 65 11 31
internal_value=-0.0010947 -0.00629259 -0.00469817 -0.00631951 -0.0232356 -0.00384461 0.00415797 -0.00224336 -0.00647866 0.0133129 -0.00157029 3.79299e-06 -0.00211109 0.0013183 -0.000926488 0.00277983 0.00367938 0.000329897 0.00187436 0.00143394 -0.00380787 0.000105629 0.00226939 0.000630814 0.000869292
internal_weight=545 274 260 249 25 224 271 213 71 28 51 142 51 91 47 243 44 36 172 161 31 68 93 54 42
internal_count=545 274 260 249 25 224 271 213 71 28 51 142 51 91 47 243 44 36 172 161 31 68 93 54 42
is_linear=0
shrinkage=0.0529975


Tree=81
num_leaves=24
num_cat=0
split_feature=39 39 30 29 19 19 35 29 19 37 31 14 12 39 29 47 37 0 3 47 13 45 26
split_gain=5.01466 2.60124 6.19766 4.75228 2.66491 2.16323 1.08467 0.663466 1.16879 0.273584 0.209478 0.13973 0.132297 0.0937926 0.112466 0.0652961 0.0634002 0.0624097 0.0580312 0.016756 0.00558621 0.00374843 0.000721109
threshold=-0.39234954295270691 -1.1558530955085182 -0.82590330011500368 0.74954040166073665 0.12500767621502204 -1.084056395528697 -1.2356161011941302 0.24207146523303721 -0.13695324231613623 1.5590542628821551 0.66856331366879385 -0.77999149420851521 1.4042475934178253 -0.46195446332225859 -0.020202083740976092 0.59100304412747862 0.2442919002417939 1.4403347903856529 -0.33947769986564769 1.0090841591727693 -0.576857758871264 -0.9358476986342753 -0.52152838538054391
decision_type=2 2 2 2 2 2 2 2 2 2 2 2 2 2 2 2 2 2 2 2 2 2 2
left_child=1 -1 -3 5 -5 -4 -2 12 -9 16 18 -11 13 14 -7 -13 19 -12 -10 21 -18 -8 -23
right_child=6 2 3 4 -6 7 9 8 10 11 17 15 -14 -15 -16 -17 20 -19 -20 -21 -22 22 -24
leaf_value=-0.0258152672529833 0.014441533818079765 0.026543539379531481 -0.021930297835951015 -0.039535944115549962 -0.0057436957854176546 0.0029204693186274532 0 -0.014668570440248042 -0.0056997776488297968 0 -7.5954837162797606e-05 0.0039736455587905378 -0.0034696648397457741 -0.0024799755111779846 -0.00036451214789661092 0.010221372488830569 0.00114704669213705 0.0043039341958118083 -0.00072203405988724651 -0.00096819495970877048 0.0028989848931994405 0 0.0010467290811463146
leaf_weight=11.999999999999998 20 10.999999999999998 10.999999999999998 12.000000000000002 14.999999999999998 58.999999999999993 11.999999999999998 22 14.999999999999998 10.999999999999998 13.000000000000002 33 17 12.999999999999998 45.000000000000007 14.999999999999998 35 10.999999999999998 18 10.999999999999998 76 10.999999999999998 47
leaf_count=12 20 11 11 12 15 59 12 22 15 11 13 33 17 13 45 15 35 11 18 11 76 11 47
internal_value=-0.00106595 -0.00606721 -0.00457928 -0.00655791 -0.0254296 -0.00364914 0.00398735 -0.00209852 -0.00576412 0.00280964 -0.00114732 0.00586205 0.000166981 0.000895565 0.0014932 0.0069737 0.00168726 0.00215772 -0.00369228 0.000406571 0.00249337 0.000773862 0.000935772
internal_weight=545 274 262 251 27 224 271 213 79 251 57 59 134 117 104 48 192 24 33 81 111 70 58
internal_count=545 274 262 251 27 224 271 213 79 251 57 59 134 117 104 48 192 24 33 81 111 70 58
is_linear=0
shrinkage=0.0529975


Tree=82
num_leaves=29
num_cat=0
split_feature=39 29 38 29 30 19 37 29 19 19 15 9 26 6 29 19 6 25 13 45 37 3 19 34 19 34 13 1
split_gain=4.64226 2.49938 3.78056 3.04162 2.68189 2.00527 1.01101 0.637708 0.94671 0.388768 0.214531 0.144224 0.137245 0.182064 0.172308 0.320958 0.128016 0.124197 0.103011 0.076402 0.127526 0.0709217 0.0248917 0.00709057 0.00692031 0.00695044 0.00092557 0.000240005
threshold=-0.39234954295270691 1.3382556559007897 -0.2659583636342075 0.74954040166073665 0.23966141775408889 -1.084056395528697 1.9469825516994852 0.26696810119628295 -0.13695324231613623 0.56461929902412689 0.45625915962691704 0.41167968144060818 -0.23817576173475374 0.27622215148290635 -0.27712259344990625 -0.22831942904204558 0.73051422641746433 1.3035103660642873 -0.30103174247196335 1.6759414369285972 0.2442919002417939 -0.33947769986564769 -0.58317633917525924 -0.60125381389005417 -0.61992875493280475 1.3591741290367534 -0.72462169622803219 0.18200848608856426
decision_type=2 2 2 2 2 2 2 2 2 2 2 2 2 2 2 2 2 2 2 2 2 2 2 2 2 2 2 2
left_child=1 2 -1 5 -5 -4 19 12 -9 10 -8 21 14 17 16 -16 -7 -14 -15 20 22 -10 -2 -24 -22 -26 -25 -28
right_child=6 -3 3 4 -6 7 9 8 11 -11 -12 -13 13 18 15 -17 -18 -19 -20 -21 24 -23 23 26 25 -27 27 -29
leaf_value=0.020007473854262572 -0.0016314366679221089 -0.024134241768204136 -0.02117809480143899 -0.0026189608493426297 -0.035801621388729013 -0.0013961899555593022 0.0088033587422771033 -0.014247920314516806 -0.0058458101293317084 0.018373290919349007 0 0.0015913575020564186 0.0050956236302592316 -0.0040366571545936624 -0.005846731773389925 0.0021856377170984499 0.0049626395679995073 -0.00042316111595343915 0.0015031769261231683 0.0058085238342446477 0.00035940317496113792 -0.00049270929954086664 0 0 0.003137751645086151 0.00042076065031901278 0.0012544342436050431 7.1742002802777599e-06
leaf_weight=10.999999999999998 10.999999999999998 13.999999999999998 10.999999999999998 14.000000000000002 10.999999999999998 11.999999999999995 14.000000000000002 20 13.000000000000002 10.999999999999998 12.999999999999998 20 32 14.000000000000002 33.999999999999993 16.000000000000014 10.999999999999998 11.999999999999998 10.999999999999998 13.999999999999998 10.999999999999998 18 18 11.999999999999998 118 10.999999999999998 25 12.999999999999998
leaf_count=11 11 14 11 14 11 12 14 20 13 11 13 20 32 14 34 16 11 12 11 14 11 18 18 12 118 11 25 13
internal_value=-0.00104118 -0.00585337 -0.00432088 -0.00586823 -0.0215462 -0.00357197 0.00382045 -0.00207585 -0.00595979 0.0112747 0.00535765 -0.00142997 0 0.00165135 -0.00151357 -0.00319284 0.00180146 0.00358056 -0.00155455 0.00232312 0.0019204 -0.00351 0.000103534 0.000588045 0.00285143 0.00298679 0.000901449 0.00104563
internal_weight=545 274 260 249 25 224 271 213 71 38 27 51 142 69 73 50 23 44 25 233 219 31 79 68 140 129 50 38
internal_count=545 274 260 249 25 224 271 213 71 38 27 51 142 69 73 50 23 44 25 233 219 31 79 68 140 129 50 38
is_linear=0
shrinkage=0.0529975


Tree=83
num_leaves=31
num_cat=0
split_feature=29 27 3 30 27 37 29 21 4 29 27 13 6 10 37 27 12 29 9 29 6 47 12 39 37 30 15 30 29 9
split_gain=4.34236 5.82544 3.97069 5.91498 2.13491 1.43875 1.20664 0.361016 0.414357 0.3588 0.788922 0.187114 0.141151 0.134717 0.400293 0.152423 0.157772 0.126643 0.1101 0.0962569 0.0921362 0.0665666 0.0610735 0.0991214 0.03612 0.0222634 0.0208655 0.0207858 0.0182583 0.00946875
threshold=0.52337296649648568 -0.14661678075791401 0.74002062381803124 -0.72758761312421016 -1.159774799019845 1.9469825516994852 1.0276841064871944 -1.1197631366375465 -0.55232827841792032 0.031036353483505329 -0.079993913381890117 0.13240914044122343 1.3590427524952104 0.76170805865383173 -0.75383710233685208 -0.27139899128831813 0.24244024473966483 -0.39613487478548931 -0.23219308055222279 0.67528232375896413 0.46114156163059888 0.31228230076395158 -0.061420716778445093 -0.80165551899036436 0.20235370685613588 0.057820360670835312 -0.55382572938544106 -0.2787928076093415 0.18888648312768833 -0.70205742406041227
decision_type=2 2 2 2 2 2 2 2 2 2 2 2 2 2 2 2 2 2 2 2 2 2 2 2 2 2 2 2 2 2
left_child=4 -2 3 -3 -1 9 19 -7 -9 12 11 -11 13 15 -15 16 21 -14 -18 -5 -13 -6 23 -12 -16 26 -25 -17 -24 -29
right_child=1 2 -4 6 5 7 -8 8 -10 10 22 20 17 14 24 27 18 -19 -20 -21 -22 -23 28 25 -26 -27 -28 29 -30 -31
leaf_value=-0.016308293031893198 -0.039691342495215325 0.023588583566697702 -0.027517629078083007 -0.0047149518452844702 0.0024320692242001752 0.017916546951192599 -0.02033247356997633 -0.0018061992351627411 0.0097795778889433384 -0.010310138030310641 0.0059768659105469491 0.00045365699095667878 0.0023077253357400083 0.0099504108970715054 -0.00083258596438329994 0.0040335006675742543 0 -0.003365982553451172 -0.0055841133549466727 0 -0.0046803630910565025 -0.0011866923526939876 0.0006271151214463555 0.002953260036202607 0.0020201263849823777 -0.00058293658963894741 0.0001208133119233836 0 -0.0016773681949643919 0.002070848030218678
leaf_weight=12.999999999999998 10.999999999999998 17 10.999999999999998 18 43 10.999999999999998 10.999999999999998 10.999999999999998 14.000000000000002 18 11.999999999999998 12.000000000000002 11.999999999999998 18 14.999999999999998 37 15.000000000000002 21 13.999999999999998 19 15.999999999999998 12.999999999999998 12.000000000000002 11.999999999999995 20 10.999999999999998 23.000000000000004 12.999999999999998 10.999999999999998 61
leaf_count=13 11 17 11 18 43 11 11 11 14 18 12 12 12 18 15 37 15 21 14 19 16 13 12 12 20 11 23 13 11 61
internal_value=-0.00100961 -0.0114603 -0.00468522 0.00107815 0.00108296 0.00181658 -0.00849914 0.0111765 0.00509326 0.000826305 -0.0014372 -0.00658109 0.00187864 0.00231524 0.00464111 0.00153263 -9.07407e-05 -0.0010861 -0.00299679 -0.00247368 -0.00258269 0.00144581 0.00165601 0.0025203 0.000684208 0.000898974 0.00155223 0.00277639 -0.000353104 0.00180529
internal_weight=545 87 76 65 458 445 48 36 25 409 127 46 282 249 53 196 85 33 29 37 28 56 81 58 35 46 35 111 23 74
internal_count=545 87 76 65 458 445 48 36 25 409 127 46 282 249 53 196 85 33 29 37 28 56 81 58 35 46 35 111 23 74
is_linear=0
shrinkage=0.0529975


Tree=84
num_leaves=31
num_cat=0
split_feature=29 19 3 30 19 37 29 7 29 19 5 36 6 10 37 19 12 29 9 9 29 47 12 39 37 30 15 30 29 9
split_gain=4.06115 5.4213 3.69474 5.47146 1.98194 1.3403 1.12741 0.369983 0.327736 0.729759 0.259799 0.171802 0.128506 0.125187 0.369204 0.140405 0.144331 0.117195 0.102597 0.0917432 0.0892113 0.0612492 0.0569415 0.0918496 0.0334195 0.0209813 0.0191763 0.0184036 0.0170769 0.0082415
threshold=0.52337296649648568 -0.14661678075790294 0.74002062381803124 -0.72758761312421016 -1.1597747990198337 1.9469825516994852 1.0276841064871944 -1.0367737378873938 0.031036353483505329 -0.079993913381877391 -0.18951331152040399 -0.091380503985645692 1.3590427524952104 0.76170805865383173 -0.75383710233685208 -0.27139899128830619 0.24244024473966483 -0.39613487478548931 -0.23219308055222279 -0.14121735629515034 0.67528232375896413 0.31228230076395158 -0.061420716778445093 -0.80165551899036436 0.20235370685613588 0.057820360670835312 -0.55382572938544106 -0.2787928076093415 0.18888648312768833 -0.70205742406041227
decision_type=2 2 2 2 2 2 2 2 2 2 2 2 2 2 2 2 2 2 2 2 2 2 2 2 2 2 2 2 2 2
left_child=4 -2 3 -3 -1 8 20 -7 12 11 -9 19 13 15 -15 16 21 -14 -18 -10 -5 -6 23 -11 -16 26 -25 -17 -24 -29
right_child=1 2 -4 6 5 7 -8 10 9 22 -12 -13 17 14 24 27 18 -19 -20 -21 -22 -23 28 25 -26 -27 -28 29 -30 -31
leaf_value=-0.01571681918478391 -0.03832993869311066 0.022664425797374405 -0.026573781007197955 -0.0045275132244500483 0.0023189501775736465 0.017511345146720904 -0.019635074531453012 -0.00054675530580610332 -0.0052352642749090529 0.0057656510749005451 0.0086824907858520893 -0.0099002681998985459 0.0022261732750203452 0.0095548415082145465 -0.00080106275378303204 0.0038495476432108275 0 -0.0032272172592408147 -0.0053769152210200385 0 0 -0.0011436530632535618 0.00060495367143838697 0.0028488955962605272 0.0019377599082407856 -0.0005629420589713034 0.00011573460371190353 0 -0.0016198349144846938 0.0019709212356126497
leaf_weight=12.999999999999998 10.999999999999998 17 10.999999999999998 18 43 10.999999999999998 10.999999999999998 12 11.000000000000002 11.999999999999998 13 18 11.999999999999998 18 14.999999999999998 37 15.000000000000002 21 13.999999999999998 17 19 12.999999999999998 12.000000000000002 11.999999999999995 20 10.999999999999998 23.000000000000004 12.999999999999998 10.999999999999998 61
leaf_count=13 11 17 11 18 43 11 11 12 11 12 13 18 12 18 15 37 15 21 14 17 19 13 12 12 20 11 23 13 11 61
internal_value=-0.000984934 -0.0110917 -0.00454935 0.00100912 0.00103838 0.00174581 -0.00819632 0.0107801 0.000789508 -0.00137247 0.00477836 -0.00632116 0.00179572 0.00221266 0.00445514 0.00145745 -9.71324e-05 -0.00102767 -0.0028784 -0.00247444 -0.00236907 0.0013696 0.0015996 0.00243457 0.000648123 0.000866556 0.00150283 0.00265156 -0.000333135 0.0017216
internal_weight=545 87 76 65 458 445 48 36 409 127 25 46 282 249 53 196 85 33 29 28 37 56 81 58 35 46 35 111 23 74
internal_count=545 87 76 65 458 445 48 36 409 127 25 46 282 249 53 196 85 33 29 28 37 56 81 58 35 46 35 111 23 74
is_linear=0
shrinkage=0.0529975


Tree=85
num_leaves=29
num_cat=0
split_feature=29 19 39 19 19 37 44 19 29 19 16 12 29 6 10 37 19 13 29 6 47 6 39 29 37 19 29 19
split_gain=3.81388 4.94805 3.62635 4.21354 1.83169 1.26101 0.390387 0.351387 0.317827 0.700608 0.211041 0.182402 0.158083 0.116993 0.116294 0.340527 0.129416 0.114766 0.108456 0.0728769 0.0636668 0.0505837 0.0902451 0.0563915 0.0309235 0.0247586 0.0145197 0.00725891
threshold=0.55429414669926913 -0.1050883714161035 -1.1464725685440789 0.85158199478838448 -1.1597747990198337 1.9469825516994852 -0.27848972336365163 0.56461929902412689 0.031036353483505329 -0.079993913381877391 0.49190068689733013 -0.31940383940353895 0.78170629896345034 1.3590427524952104 0.76170805865383173 -0.75383710233685208 -0.83382283659871825 0.13240914044122343 -0.39613487478548931 0.53223009268930277 1.0090841591727693 -0.086859458712498852 -0.80165551899036436 0.16739444859547914 0.20235370685613588 0.40155559019853265 0.18888648312768833 -0.3548451245661281
decision_type=2 2 2 2 2 2 2 2 2 2 2 2 2 2 2 2 2 2 2 2 2 2 2 2 2 2 2 2
left_child=4 -2 -3 6 -1 8 -4 10 13 11 -7 -10 -8 14 16 -16 -6 -13 -15 20 -18 22 -11 -24 -17 -25 -23 -19
right_child=1 2 3 -5 5 7 12 -9 9 21 -12 17 -14 18 15 24 19 27 -20 -21 -22 26 23 25 -26 -27 -28 -29
leaf_value=-0.015146796849302178 -0.03688466037972863 -0.022791225564986212 0.0011164467461847356 0.022671456234329642 -0.0030038173892477575 0.0083059649012733536 -0.0037019770061487568 0.016949773886659143 -0.00011083015408434968 0.0057208445207776997 -3.5753693235512758e-05 -0.012049389971027133 -0.013378892078844785 0.0021475031586637903 0.0091749976156909 -0.00077073301804006348 0.0024953516032739736 -0.0047239244949830537 -0.0030941728563079634 -0.00082437418326354866 -0.00047242852557940617 0.00058357534269432227 0.0028650944243028779 -0.0015933493947414858 0.001858751728526837 0.00087207288002522554 -0.0014328899166877892 -0.00087854042496631369
leaf_weight=12.999999999999998 10.999999999999998 15.999999999999998 11.999999999999991 13.999999999999998 10.999999999999998 12.000000000000002 20.000000000000011 10.999999999999998 12.999999999999998 10.999999999999998 12.999999999999998 10.999999999999998 10.999999999999998 11.999999999999998 18 14.999999999999998 148 11.999999999999998 21 20 17 12.000000000000002 17 18.000000000000004 20 12.999999999999998 11.999999999999998 11.000000000000002
leaf_count=13 11 16 12 14 11 12 20 11 13 11 13 11 11 12 18 15 148 12 21 20 17 12 17 18 20 13 12 11
internal_value=-0.000961069 -0.0109494 -0.00444978 0.00226717 0.000961202 0.00163789 -0.00619513 0.0104029 0.000717061 -0.00137992 0.00457517 -0.00618535 -0.00893643 0.00171661 0.00211478 0.00427662 0.00138603 -0.0079685 -0.000971873 0.00176972 0.00214289 0.00149615 0.00228377 0.000818915 0.000613556 -0.000396897 -0.000276698 -0.00368771
internal_weight=545 84 73 57 461 448 43 36 412 130 25 47 31 282 249 53 196 34 33 185 165 83 59 48 35 31 24 23
internal_count=545 84 73 57 461 448 43 36 412 130 25 47 31 282 249 53 196 34 33 185 165 83 59 48 35 31 24 23
is_linear=0
shrinkage=0.0529975


Tree=86
num_leaves=29
num_cat=0
split_feature=39 29 38 29 19 19 35 29 19 37 7 26 19 29 6 25 29 7 19 37 5 45 29 8 28 13 16 19
split_gain=3.5462 2.35372 3.09498 2.34101 2.3928 1.7161 0.937114 0.43409 0.7642 0.200129 0.162798 0.120831 0.168507 0.232325 0.166687 0.112151 0.107845 0.087567 0.0616423 0.0564404 0.0544237 0.0349781 0.0326862 0.0197114 0.0135713 0.00684797 0.00205761 8.14956e-05
threshold=-0.39234954295270691 1.3382556559007897 -0.2659583636342075 0.74954040166073665 0.12500767621502204 -1.084056395528697 -1.2356161011941302 0.24207146523303721 -0.30845206814241349 1.5213098888350618 0.84691737639410036 -0.23817576173475374 -0.50832564867298069 -0.38817803594679706 0.27622215148290635 -0.80856147868421624 -0.060961219973233179 0.8761735751477443 0.12123585939265195 0.022019475297808743 -0.11627862260274134 1.4488293381839996 0.52337296649648568 0.098819192396764219 -0.11682332499666785 -0.576857758871264 -0.2297321685622519 0.15301115370663809
decision_type=2 2 2 2 2 2 2 2 2 2 2 2 2 2 2 2 2 2 2 2 2 2 2 2 2 2 2 2
left_child=1 2 -1 5 -5 -4 -2 11 -9 19 18 12 13 -7 17 -11 -14 -13 -10 23 -16 -17 -12 24 -8 26 -21 -26
right_child=6 -3 3 4 -6 7 9 8 10 15 22 14 16 -15 20 21 -18 -19 -20 25 -22 -23 -24 -25 27 -27 -28 -29
leaf_value=0.018315617288714222 0.012999274004873315 -0.022846170592084762 -0.019339645713282318 -0.032249760659484178 -0.0014373036854340565 0.00065306726337724798 -0.0019284695053775247 -0.013796968747291888 -0.0051495944696861307 0 0.0027466415184532736 0.0051739748161617428 0.0036066665280387847 -0.0072247296973416428 0.00083995727950452641 0.0064652471393859424 -0.0012277207145666722 0 -0.00047654103067868478 0.0010686411490974919 -0.0031780606179510266 0.0011896757118955476 -0.00027597816402476276 0.00096586334434015737 8.5390558865078138e-05 0.0021518226676483596 0 -7.8587341757513875e-05
leaf_weight=10.999999999999998 20 13.999999999999998 10.999999999999998 11.000000000000002 13.999999999999998 15.000000000000002 12.999999999999998 13.999999999999998 22 10.999999999999998 14.000000000000002 27 16.999999999999993 16.999999999999993 11.000000000000002 40 22.000000000000014 11.999999999999998 18 27 12.999999999999998 10.999999999999998 10.999999999999998 19 11.000000000000002 90 18 10.999999999999998
leaf_count=11 20 14 11 11 14 15 13 14 22 11 14 27 17 17 11 40 22 12 18 27 13 11 11 19 11 90 18 11
internal_value=-0.000939429 -0.00514624 -0.00367336 -0.00508002 -0.0188362 -0.00306329 0.00330806 -0.0016843 -0.00464999 0.00222338 -0.00158258 0.000138511 -0.00125821 -0.00382789 0.00178637 0.00474886 0.000924162 0.00376361 -0.00353484 0.00123854 -0.00130385 0.0056948 0.00139525 -8.98486e-05 -0.00089077 0.00180066 0.000790937 0
internal_weight=545 274 260 249 25 224 271 213 79 251 65 134 71 32 63 62 39 39 40 189 24 51 25 54 35 135 45 22
internal_count=545 274 260 249 25 224 271 213 79 251 65 134 71 32 63 62 39 39 40 189 24 51 25 54 35 135 45 22
is_linear=0
shrinkage=0.0529975


Tree=87
num_leaves=29
num_cat=0
split_feature=39 38 39 19 46 19 28 5 8 26 12 9 37 7 33 38 45 45 5 37 3 45 13 34 13 45 45 45
split_gain=3.28007 5.05376 2.96063 1.32123 1.99266 1.14106 0.348988 0.34729 0.288131 0.387599 0.218515 0.364783 0.215076 0.210509 0.218929 0.176464 0.145232 0.116701 0.078662 0.056078 0.0148123 0.00853463 0.00788063 0.00514205 0.00468873 0.00284104 0.0016449 0.00118773
threshold=-1.1558530955085182 -0.85777646155359866 -0.39234954295270691 -0.32580081582471693 0.45820649254739221 -1.084056395528697 -0.90131216258272484 1.265816741428538 -0.72609654812835245 -0.45831677014854783 -1.3142651316849792 0.7019025238715112 1.5590542628821551 0.78560267157241925 -0.15449979662767474 0.22730385842290687 -0.9358476986342753 -0.59517955051737881 0.14420782187761055 0.2442919002417939 -0.79003492184605895 -0.9358476986342753 1.0000000180025095e-35 -0.069969625326041854 -0.45864660898584947 0.31326884446101144 -0.9358476986342753 0.88104909132250542
decision_type=2 2 2 2 2 2 2 2 2 2 2 2 2 2 2 2 2 2 2 2 2 2 2 2 2 2 2 2
left_child=-1 -2 3 4 5 -3 -4 10 -7 16 -5 13 19 14 -12 -14 -10 -11 -13 20 -8 -22 -9 -23 25 -21 -26 -27
right_child=1 2 6 7 -6 8 12 22 9 17 11 18 15 -15 -16 -17 -18 -19 -20 24 21 23 -24 -25 26 27 -28 -29
leaf_value=-0.023175449465880255 0.024719220580533385 -0.018676301623958187 0.010002388911592674 0.0052226065304665495 -0.025567158108132721 -0.0095198465580958111 -0.0013933803766719632 -0.0023736657665683232 -0.0077508258052917224 0.0058168671805403317 0.001463368704709853 -0.001116735067141052 0.0064781262426191772 0.0050576454756665534 -0.0041343422109567729 2.9649077745573255e-05 -0.001295124934556433 0 -0.0084818759741104952 0 -0.00049931088852208478 0.00095878906717440692 -0.0087148248231878073 0 0.00040681707912535619 0.0013813629645474726 0.0024269924397833883 0
leaf_weight=11.999999999999998 15.999999999999998 10.999999999999998 11.999999999999998 10.999999999999998 12.999999999999998 10.999999999999998 10.999999999999998 11.000000000000002 16.999999999999993 10.999999999999998 41 11.000000000000002 41 15.999999999999998 27 19 28 21.000000000000007 12.999999999999998 12.999999999999998 12.999999999999998 40 10.999999999999998 18 12.999999999999991 15.000000000000002 58.000000000000007 10.999999999999998
leaf_count=12 16 11 12 11 13 11 11 11 17 11 41 11 41 16 27 19 28 21 13 13 13 40 11 18 13 15 58 11
internal_value=-0.000919314 -0.000153024 -0.00121071 -0.00525634 -0.00941728 -0.00589102 0.00267112 -0.00165436 -0.00312907 -0.00151011 -0.000326016 -0.00119741 0.00207057 0.000484516 -0.000819779 0.00473017 -0.00449552 0.00255122 -0.00623709 0.00108608 0 0.000334308 -0.00698122 0.000659573 0.00183611 0.000799321 0.0022083 0.0010714
internal_weight=545 533 517 253 112 99 264 141 88 77 119 108 252 84 68 60 45 32 24 192 82 71 22 58 110 39 71 26
internal_count=545 533 517 253 112 99 264 141 88 77 119 108 252 84 68 60 45 32 24 192 82 71 22 58 110 39 71 26
is_linear=0
shrinkage=0.0529975


Tree=88
num_leaves=29
num_cat=0
split_feature=29 35 53 9 19 1 37 25 7 29 19 26 13 6 10 37 19 29 6 6 47 19 17 39 29 19 37 6
split_gain=3.21667 4.60824 6.38897 1.57641 1.5477 1.19043 1.04912 0.79628 0.366809 0.257562 0.569512 0.219635 0.172196 0.0945212 0.123505 0.32694 0.111277 0.0920186 0.0751952 0.0632793 0.0563304 0.0520373 0.0509761 0.0862038 0.0467582 0.0298155 0.0275085 0.0228094
threshold=0.55429414669926913 -0.075187709818658785 1.0000000180025095e-35 -0.36178192291980965 -1.1597747990198337 1.4805186910054118 1.9469825516994852 1.5525022023649455 -1.0367737378873938 0.031036353483505329 -0.079993913381877391 -0.16317797923966104 0.13240914044122343 1.3242449925049844 0.76170805865383173 -0.75383710233685208 -0.83382283659871825 -0.42740314582416888 0.46114156163059888 0.49645236205568127 1.0090841591727693 -0.3357664568293684 -0.43258160506111371 -0.77090409534292548 0.16739444859547914 -0.22334124211903542 0.20235370685613588 -0.53175982805060762
decision_type=2 2 2 2 2 2 2 2 2 2 2 2 2 2 2 2 2 2 2 2 2 2 2 2 2 2 2 2
left_child=4 3 5 -2 -1 7 9 -3 -8 13 12 -10 -11 14 16 -16 -6 -15 -14 20 -18 -19 -12 -24 -25 -21 -17 -26
right_child=1 2 -4 -5 6 -7 8 -9 11 10 22 -13 18 17 15 26 19 21 -20 25 -22 -23 23 24 27 -27 -28 -29
leaf_value=-0.013937703029784075 -0.0063981121028524818 -0.0061915350532641541 -0.043014255671485993 0.015459359371534961 -0.0028469093703661539 -0.01403280180898263 0.015993803977634009 0.0093465379428366389 -0.00087090414846743619 -0.0089618019924474022 -0.00060587314083799105 0.0074843364089360797 0.00072486488889986211 0.002195186022861579 0.0088964171859837148 -0.00094643193546411781 0.0022836034513096602 -0.0043490636336063534 -0.00383450405574692 -0.0022044741740086331 -0.00049061287042381568 0 0.0054550065586958674 0.0025816553221664827 -0.0013659432201602799 0.00075897717681478426 0.0016608037232051594 0.00095124649182541893
leaf_weight=12.999999999999998 11.000000000000002 12.000000000000002 13.999999999999998 15.999999999999998 10.999999999999998 18 10.999999999999998 12.999999999999998 12 19 20 13 12.000000000000002 11.999999999999998 18 14.000000000000002 145 11.999999999999998 15.999999999999998 12.000000000000002 17 13.000000000000002 10.999999999999998 18 20.999999999999996 10.999999999999998 17 13.000000000000002
leaf_count=13 11 12 14 16 11 18 11 13 12 19 20 13 12 12 18 14 145 12 16 12 17 13 11 18 21 11 17 13
internal_value=-0.000898399 -0.0100718 -0.0180602 0.00679834 0.000866007 -0.00552309 0.00148938 0.00190798 0.00948509 0.00064797 -0.00123693 0.00385586 -0.00557233 0.00154881 0.00192887 0.00423208 0.00120994 -0.000723354 -0.00189184 0.00156954 0.00194379 -0.00250325 0.00134961 0.00207033 0.000743928 -0.000682432 0.000331995 -0.000295543
internal_weight=545 84 57 27 461 43 448 25 36 412 130 25 47 282 245 49 196 37 28 185 162 25 83 63 52 23 31 34
internal_count=545 84 57 27 461 43 448 25 36 412 130 25 47 282 245 49 196 37 28 185 162 25 83 63 52 23 31 34
is_linear=0
shrinkage=0.0529975


Tree=89
num_leaves=31
num_cat=0
split_feature=39 30 39 19 46 19 5 28 26 31 1 11 26 53 45 39 12 45 19 37 47 13 19 47 13 37 39 15 7 5
split_gain=3.01712 4.64796 2.15204 1.49191 1.7384 1.01653 0.41675 0.374256 0.282435 0.686119 0.363762 0.250578 0.356464 0.19701 0.130449 0.119683 0.136934 0.107598 0.104345 0.129569 0.0861609 0.076453 0.0138393 0.00966249 0.00798891 0.00791721 0.00640208 0.00303738 0.00202258 0.00117442
threshold=-1.1558530955085182 -1.4739652562250283 -0.39234954295270691 -0.32580081582471693 0.45820649254739221 -1.084056395528697 1.265816741428538 -0.90131216258272484 0.82799820475087615 1.0219859218672156 1.0545775251155729 -0.72609654812835245 -0.45831677014854783 1.0593795073025254 -0.14095535302818379 0.53683300110035381 1.4405133582048497 -0.59517955051737881 -0.27459863756046599 1.9469825516994852 -0.036118628440457261 0.35898051105493473 -0.61139804268437181 1.0000000180025095e-35 1.0000000180025095e-35 0.022019475297808743 1.0819806052360186 -0.10251948894245368 1.0000000180025095e-35 0.3153379014180292
decision_type=2 2 2 2 2 2 2 2 2 2 2 2 2 2 2 2 2 2 2 2 2 2 2 2 2 2 2 2 2 2
left_child=-1 -2 3 4 5 -3 8 -4 13 -10 -11 -7 14 20 -13 22 18 -14 26 -20 -5 -22 -9 27 -8 29 -17 -24 -29 -25
right_child=1 2 7 6 -6 11 24 15 9 10 -12 12 17 -15 -16 16 -18 -19 19 -21 21 -23 23 25 -26 -27 -28 28 -30 -31
leaf_value=-0.022217639174958868 0.025604019843332777 -0.017693331376592437 0.0097616818679255157 0.00023398181416124308 -0.024031665940709136 -0.0089742630319330219 -0.0022200553310961356 -0.0010176417174456766 0.011980064927734436 0.0033740739863329832 -0.0068112991377431379 -0.0058315789676862025 0.00555354025340899 0.0029875052458217463 0 0.00068519674363310952 -0.0019341660865182791 0 0.0023672513937936603 0.0070814658160149096 -0.0060685255727670785 -0.0012620253285926658 0.00035349398240138889 0.00042704895422408253 -0.0083123402490179188 0.0013979083937150439 -0.00072779857192989449 -0.00076535861856891652 0 -9.5111095323135485e-05
leaf_weight=11.999999999999998 12.999999999999998 10.999999999999998 11.999999999999998 17 12.999999999999998 10.999999999999998 11.000000000000002 11.999999999999998 11.999999999999998 17.000000000000004 10.999999999999998 32.999999999999993 10.999999999999998 17 11.999999999999998 12.000000000000002 10.999999999999998 21.000000000000007 82 24 18 30 13.999999999999998 11.000000000000002 10.999999999999998 33 11.999999999999998 14.000000000000002 10.999999999999998 15.999999999999998
leaf_count=12 13 11 12 17 13 11 11 12 12 17 11 33 11 17 12 12 11 21 82 24 18 30 14 11 11 33 12 14 11 16
internal_value=-0.000872306 -0.000136949 -0.0010783 -0.00449883 -0.00892512 -0.00561574 -0.000790415 0.00223895 0.000472307 0.0038573 -0.000917491 -0.00299931 -0.00147488 -0.00124987 -0.00433824 0.00163509 0.00263331 0.00241708 0.00313939 0.00381899 -0.00261521 -0.00366757 0.000237404 0.000505484 -0.00664362 0.000904286 0 0 -0.000441156 0
internal_weight=545 533 520 256 112 99 144 264 122 40 28 88 77 82 45 252 141 32 130 106 65 48 111 99 22 60 24 39 25 27
internal_count=545 533 520 256 112 99 144 264 122 40 28 88 77 82 45 252 141 32 130 106 65 48 111 99 22 60 24 39 25 27
is_linear=0
shrinkage=0.0529975


Tree=90
num_leaves=22
num_cat=0
split_feature=29 19 29 30 13 19 29 19 29 5 19 10 31 13 32 3 10 3 31 19 26
split_gain=2.9572 3.02102 3.11585 1.94273 1.90236 1.17854 0.695941 0.646812 0.249972 0.371229 0.276108 0.105357 0.0994593 0.075472 0.0753614 0.0714202 0.0714054 0.0611004 0.0356429 0.0282422 0.014561
threshold=1.3382556559007897 0.56461929902412689 0.74954040166073665 0.23966141775408889 1.009141835424715 -1.1597747990198337 0.24207146523303721 -0.13695324231613623 -0.75396955002774324 -0.94748034014520965 -0.83382283659871825 1.1185036050616828 0.66856331366879385 -0.0055038677584269549 -0.95605744065264109 -0.33947769986564769 0.31867547718814321 -0.52153959772711989 0.53546145317687588 -0.3548451245661281 0.030287019402093059
decision_type=2 2 2 2 2 2 2 2 2 2 2 2 2 2 2 2 2 2 2 2 2
left_child=1 2 5 -4 18 -1 8 19 9 -7 -10 13 15 -12 -13 -9 -11 -14 20 -8 -3
right_child=-2 4 3 -5 -6 6 7 12 10 16 11 14 17 -15 -16 -17 -18 -19 -20 -21 -22
leaf_value=-0.013173479131247418 -0.020355077802286133 0.0027662470142080973 -0.00207106665838211 -0.029724206766085955 0.026806862103106014 0.01124074382054162 -0.01326108994475725 -0.0044856504538773115 -0.0053152777035177234 0.0033622222285254141 0.00076059273532194844 -0.0039253927338095077 -0.00070362830058328936 0.0027956789501527028 0.00012691000649427849 0 -0.00053091125040505337 0.0035797893324147389 0.0063958777911682614 -0.0038221184724647824 0
leaf_weight=12.999999999999998 14.999999999999998 12.000000000000002 15.000000000000002 10.999999999999998 10.999999999999998 10.999999999999998 11.000000000000002 14.999999999999998 13.999999999999998 18 163 10.999999999999998 11.000000000000002 86 40 19 21 12.999999999999998 10.999999999999998 10.999999999999998 12.999999999999998
leaf_count=13 15 12 15 11 11 11 11 15 14 18 163 11 11 86 40 19 21 13 11 11 13
internal_value=-0.000847095 -6.04074e-05 -0.00137514 -0.0173668 0.0119457 -0.000237109 0.000296633 -0.0039825 0.00130528 0.00459674 0.000683018 0.00108444 -0.00059625 0.00154008 -0.000945595 -0.00235526 0.0013193 0.00163551 0.0040592 -0.0106206 0.0017673
internal_weight=545 530 483 26 47 457 444 80 364 50 314 300 58 249 51 34 39 24 36 22 25
internal_count=545 530 483 26 47 457 444 80 364 50 314 300 58 249 51 34 39 24 36 22 25
is_linear=0
shrinkage=0.0529975


Tree=91
num_leaves=23
num_cat=0
split_feature=39 30 29 19 19 19 9 29 19 19 6 29 45 37 6 1 15 6 29 37 3 47
split_gain=2.77539 4.31918 2.51347 3.8581 1.21022 0.562737 0.372194 0.302899 0.597565 0.270658 0.178123 0.10929 0.0925432 0.122465 0.274017 0.0814663 0.0699913 0.101801 0.138659 0.0660262 0.0612247 0.0593068
threshold=-1.1558530955085182 -1.4739652562250283 0.55429414669926913 -0.1050883714161035 -1.1597747990198337 0.28664096110360499 0.39280709697333444 -0.15716204103522488 -0.3357664568293684 -0.94590896873541463 0.40306023220815956 0.69848664362485546 1.221717239439402 1.6722873850234283 0.48402615276326083 -0.65589634079426917 -1.2386340840856758 0.023161807640796724 0.18888648312768833 -0.81674439241534058 0.93863360330327394 1.0000000180025095e-35
decision_type=2 2 2 2 2 2 2 2 2 2 2 2 2 2 2 2 2 2 2 2 2 2
left_child=-1 -2 4 -4 -3 11 -7 9 10 -6 -9 -5 13 20 -15 -14 -10 19 -19 -18 -11 -12
right_child=1 2 3 5 7 6 -8 8 16 12 21 -13 15 14 -16 -17 17 18 -20 -21 -22 -23
leaf_value=-0.021297467304381944 0.024693829896154453 -0.012695698877776275 -0.032454901358001498 -0.0020297363036606885 0.008599070582263094 0.0076025927289526483 -0.0027690321918550252 0 -0.0017748486852771279 0.0017488081055935687 -0.010569372018752844 -0.010595754248700292 -0.0032560141739249545 0.0084062601662341953 0 0.0011398131852366216 0.004307597056917402 0.0012592805779469566 -0.0037063917534884898 0.00094436773105319551 -0.00072385521964079787 -0.0028193100195539451
leaf_weight=11.999999999999998 12.999999999999998 12.999999999999998 10.999999999999998 13.000000000000002 11.999999999999998 12.000000000000002 14.999999999999998 10.999999999999998 17 137 13.000000000000002 12.999999999999998 13.999999999999998 18 17 21 30 43 17 52 27 13.999999999999998
leaf_count=12 13 13 11 13 12 12 15 11 17 137 13 13 14 18 17 21 30 43 17 52 27 14
internal_value=-0.000825195 -0.000119513 -0.00102757 -0.0103826 0.000388022 -0.00285007 0.00217281 0.00095195 -0.000561727 0.00217636 -0.00605714 -0.0077141 0.00161127 0.00205387 0.00475279 -0.000667207 0.000881712 0.00130597 -0.000250753 0.00246388 0.00128946 -0.00800514
internal_weight=545 533 520 64 456 53 27 443 197 246 38 26 234 199 35 35 159 142 60 82 164 27
internal_count=545 533 520 64 456 53 27 443 197 246 38 26 234 199 35 35 159 142 60 82 164 27
is_linear=0
shrinkage=0.0529975


Tree=92
num_leaves=22
num_cat=0
split_feature=29 27 29 13 27 27 29 27 29 5 27 35 7 3 12 27 26 27 31 29 3
split_gain=2.74971 2.71877 2.70458 1.79355 1.77882 1.01371 0.596485 0.563497 0.224105 0.348228 0.255932 0.109544 0.105435 0.108982 0.0789635 0.0742699 0.0642895 0.0790352 0.0402879 0.0438109 0.0272923
threshold=1.3382556559007897 0.56461929902411578 0.74954040166073665 1.009141835424715 0.12500767621501169 -1.159774799019845 0.24207146523303721 -0.30845206814242393 -0.75396955002774324 -0.94748034014520965 -0.8338228365987318 -1.2151304697280925 0.84691737639410036 -0.33947769986564769 1.5902633668125283 0.11233129413785485 -0.35279146161951924 -0.58317633917526923 0.53546145317687588 0.19471766191415443 -0.52153959772711989
decision_type=2 2 2 2 2 2 2 2 2 2 2 2 2 2 2 2 2 2 2 2 2
left_child=1 2 5 18 -4 -1 8 -8 9 -7 -10 -12 13 -9 -13 -15 -11 -18 19 -3 -14
right_child=-2 3 4 -5 -6 6 7 12 10 16 11 14 20 15 -16 -17 17 -19 -20 -21 -22
leaf_value=-0.012235248139039923 -0.019621291098124088 0.0031549499638599378 -0.028007818001992001 0.025748895702200358 -0.001680285293300053 0.010730938231418095 -0.011561018850565119 -0.0051792753886477612 -0.0051708674086194291 -0.0013371144260938392 -0.0027514755247256984 0.0014935987190760134 -0.00016522732296087928 -0.0025598037108293743 -0.0016796660245227755 0.0023244253593563517 -0.00041690228321022391 0.0044063220074359926 0.006067630784262641 -0.00037942035065873555 0.0025584058171797615
leaf_weight=12.999999999999998 14.999999999999998 13.000000000000002 11.000000000000002 10.999999999999998 14.999999999999998 10.999999999999998 13.999999999999998 18 13.999999999999998 11.999999999999998 13.999999999999998 269 12.000000000000002 11.000000000000002 17 11.999999999999998 10.999999999999998 16.000000000000004 10.999999999999998 11.999999999999998 12.999999999999998
leaf_count=13 15 13 11 11 15 11 14 18 14 12 14 269 12 11 17 12 11 16 11 12 13
internal_value=-0.000810219 -5.12434e-05 -0.00129921 0.0113377 -0.0161986 -0.000237637 0.000256482 -0.0037036 0.00119163 0.00430701 0.000602306 0.000990597 -0.00111579 -0.00268021 0.00125044 0 0.00115131 0.00251096 0.00372014 0.00148791 0.00124667
internal_weight=545 530 483 47 26 457 444 80 364 50 314 300 66 41 286 23 39 27 36 25 25
internal_count=545 530 483 47 26 457 444 80 364 50 314 300 66 41 286 23 39 27 36 25 25
is_linear=0
shrinkage=0.0529975


Tree=93
num_leaves=26
num_cat=0
split_feature=30 29 19 29 29 19 28 19 7 29 7 13 53 19 45 29 12 12 8 37 2 9 19 5 31
split_gain=2.61777 7.44197 1.1977 4.05931 1.19824 0.756685 0.753855 0.552571 0.327084 0.311156 0.229975 0.157131 0.154102 0.135788 0.118548 0.104198 0.0945857 0.121443 0.113242 0.0920315 0.0698084 0.0605851 0.0419068 0.0250863 0.0124995
threshold=-1.4739652562250283 1.0939113685825921 -0.50025667382205452 0.092064071066336753 -0.74356857378253738 -0.94590896873541463 -0.90131216258272484 0.45888442751823744 0.22527045370200158 0.20235630727881282 1.5744293204194071 1.0000000180025095e-35 -0.36007183007885429 0.12123585939265195 -0.70873559988967771 0.60923513714294653 1.1767030379898344 0.92484264755300216 0.8675096686219349 1.6722873850234283 -0.92983480377535876 0.37469037699295688 0.65885930424766836 0.79440306992312704 -1.2230690306083336
decision_type=2 2 2 2 2 2 2 2 2 2 2 2 2 2 2 2 2 2 2 2 2 2 2 2 2
left_child=-1 2 3 4 6 -6 -2 9 22 16 13 -10 -7 21 -14 23 17 18 19 -4 -18 -11 -9 -15 -22
right_child=1 -3 7 -5 5 12 -8 8 11 10 -12 -13 14 15 -16 -17 20 -19 -20 -21 24 -23 -24 -25 -26
leaf_value=0.017113783626837391 0.013721962336449522 -0.033256721986102064 0.00096833924942008281 -0.024422202059936251 -0.01378804262784615 0.0022053807199135739 -0.00012479553462619973 0.0026110986009901041 0.0029200433463123432 -0.0064353004961366922 0.0033099029959625346 0.013673301705101002 0.00041679300066662088 0.0026969997288808175 -0.005221204297919859 -0.003310116898779746 -0.0037197539653570284 0.0054737928472811948 -0.0024621832194448899 0.0042788611602268475 0.0014784982294806593 -0.00077977894211061366 -0.00080506892543759313 0 -0.00035482268035346353
leaf_weight=15.999999999999998 15.999999999999998 13.999999999999998 161 18 11.999999999999998 20 20 15.000000000000002 13.000000000000002 29 11.999999999999998 10.999999999999998 12.999999999999998 11.000000000000002 19 18 10.999999999999998 17 14.999999999999998 26 11.999999999999998 11.999999999999998 10.999999999999998 11.999999999999998 11.000000000000002
leaf_count=16 16 14 161 18 12 20 20 15 13 29 12 11 13 11 19 18 11 17 15 26 12 12 11 12 11
internal_value=-0.000791552 -0.00153191 -0.000283244 -0.00484573 -7.3802e-05 -0.00437754 0.00694357 0.00110745 0.00600025 0.000292699 -0.00219854 0.00982958 -0.000884408 -0.00325464 -0.00304263 -0.000706055 0.00127474 0.00168795 0.00118714 0.00158346 -0.00106623 -0.00523934 0.00106749 0.00135411 0.000468758
internal_weight=545 529 515 118 100 64 36 397 50 347 94 24 52 82 32 41 253 219 202 187 34 41 26 23 23
internal_count=545 529 515 118 100 64 36 397 50 347 94 24 52 82 32 41 253 219 202 187 34 41 26 23 23
is_linear=0
shrinkage=0.0529975


Tree=94
num_leaves=21
num_cat=0
split_feature=29 19 29 13 19 19 29 19 29 2 19 35 13 3 13 29 9 31 9 29
split_gain=2.51801 2.42645 2.36642 1.66119 1.65011 0.931358 0.495932 0.47696 0.192271 0.286124 0.146097 0.108714 0.0960372 0.0831433 0.0725825 0.0676897 0.0623342 0.0439454 0.0431485 0.0413277
threshold=1.3382556559007897 0.56461929902412689 0.74954040166073665 1.009141835424715 0.12500767621502204 -1.1597747990198337 0.24207146523303721 -0.13695324231613623 -0.8007581298917843 -0.79383113947774209 -0.92602225282107575 -1.2151304697280925 -0.0055038677584269549 -0.33947769986564769 0.41808608599764202 -0.91996353719568635 0.23699458342849308 0.53546145317687588 0.31438680620565568 0.19471766191415443
decision_type=2 2 2 2 2 2 2 2 2 2 2 2 2 2 2 2 2 2 2 2
left_child=1 2 5 17 -4 -1 8 18 9 -7 -10 -12 -13 16 -15 -11 -9 19 -8 -3
right_child=-2 3 4 -5 -6 6 7 13 10 15 11 12 -14 14 -16 -17 -18 -19 -20 -21
leaf_value=-0.011722254822135464 -0.01876350496449947 0.0028903639241805502 -0.026511377218635186 0.024579787255020535 -0.0012979922670817697 0.009600068574428227 -0.011556627703694556 -0.0042871086226784301 -0.0041498108886572878 -0.0012019306293234685 -0.0027785000198033922 0.0002926925516161056 0.0022972744304307333 -0.00088721318493351737 0.0033813886228377232 0.0028742355213393776 0 0.0057715696117559556 -0.0029523656508580469 -0.00052772644781692174
leaf_weight=12.999999999999998 14.999999999999998 13.000000000000002 11.000000000000002 10.999999999999998 14.999999999999998 11.999999999999998 11.000000000000002 14.000000000000002 10.999999999999998 15.999999999999995 14.999999999999998 181 113 16.000000000000004 14.999999999999998 16.000000000000004 12.999999999999998 10.999999999999998 10.999999999999998 11.999999999999998
leaf_count=13 15 13 11 11 15 12 11 14 11 16 15 181 113 16 15 16 13 11 11 12
internal_value=-0.000762624 -3.59183e-05 -0.00121574 0.0107226 -0.0151528 -0.00022176 0.000251162 -0.00335798 0.00110482 0.00419133 0.000589714 0.000856395 0.00111696 -0.000440716 0.00120273 0.000784286 -0.00241498 0.00341709 -0.00905778 0.00123965
internal_weight=545 530 483 47 26 457 444 80 364 44 320 309 294 58 31 32 27 36 22 25
internal_count=545 530 483 47 26 457 444 80 364 44 320 309 294 58 31 32 27 36 22 25
is_linear=0
shrinkage=0.0529975


Tree=95
num_leaves=34
num_cat=0
split_feature=39 38 39 19 46 19 28 6 45 19 45 47 34 7 3 37 1 38 53 37 39 34 3 10 39 9 37 3 45 8 13 39 45
split_gain=2.46405 3.85824 1.71329 0.966639 1.41304 0.790089 0.358726 0.244981 0.219005 0.377397 0.206561 0.197574 0.17966 0.135537 0.135482 0.130696 0.144531 0.12268 0.121435 0.1092 0.0919773 0.0837986 0.0470865 0.0389359 0.0383215 0.0221902 0.0190205 0.0147394 0.00473611 0.0042259 0.00381242 0.00267006 0.000725915
threshold=-1.1558530955085182 -0.85777646155359866 -0.39234954295270691 -0.32580081582471693 0.45820649254739221 -1.084056395528697 -0.90131216258272484 0.27622215148290635 -0.25451140240048259 0.33105089177526276 0.54038094320560914 0.24260211492306979 1.2938115221619257 -0.097644030527205453 -0.33947769986564769 0.87755862036522103 -1.2861886282759738 0.22730385842290687 -1.0000000180025095e-35 1.9469825516994852 -0.58823341492797232 -0.33965866805157335 -0.074660393885324527 0.12567724113036263 1.7448722280453988 -1.0000000180025095e-35 0.2442919002417939 -0.79003492184605895 -0.9358476986342753 0.098819192396764219 -0.576857758871264 1.4493800370583283 -0.25451140240048259
decision_type=2 2 2 2 2 2 2 2 2 2 2 2 2 2 2 2 2 2 2 2 2 2 2 2 2 2 2 2 2 2 2 2 2
left_child=-1 -2 3 4 5 -3 -4 13 9 12 14 20 18 -7 -10 26 -17 24 23 -19 -9 -12 -23 -5 31 -20 27 -8 -29 -30 -28 -18 -32
right_child=1 2 6 8 -6 7 15 11 10 -11 21 -13 -14 -15 -16 16 17 19 25 -21 -22 22 -24 -25 -26 -27 30 28 29 -31 32 -33 -34
leaf_value=-0.020033051335014339 0.021651807588900614 -0.015306967595993556 0.0092840482457996181 0.0047904545679918146 -0.021220716999971748 -0.0015533113937752591 -0.0016491545968734674 -0.0070270730304849253 -0.0083860292185914832 0.0079872026148957945 0.0029861296151899508 0.0012888948494971669 -0.0049582394353733222 0.0050913559723395714 -0.001270159258495013 0.0074480016503208953 0.0018362313439145212 0.001196166069174557 -0.002810844565440564 -0.0039610562324632753 -0.0016292857968916565 0.0002323406603179614 -0.0035574180741666456 3.7569056236644402e-05 0.0050465915938746652 0 0 -0.00062700184955655637 0 0.00073253717596120438 9.8201047903608818e-05 4.432854881619722e-05 0.001444032951750329
leaf_weight=11.999999999999998 15.999999999999998 10.999999999999998 11.999999999999998 11.999999999999998 12.999999999999998 11.000000000000002 10.999999999999998 30.999999999999993 17 10.999999999999998 10.999999999999998 11.999999999999998 14.999999999999998 10.999999999999998 19 10.999999999999998 28 28 11.000000000000002 10.999999999999998 23.000000000000007 12 11 10.999999999999998 19 11.000000000000002 19 12.999999999999991 31.000000000000007 27 14.999999999999998 11.999999999999998 27
leaf_count=12 16 11 12 12 13 11 11 31 17 11 11 12 15 11 19 11 28 28 11 11 23 12 11 11 19 11 19 13 31 27 15 12 27
internal_value=-0.000743798 -7.85211e-05 -0.00100492 -0.00408366 -0.00763702 -0.00467672 0.00194484 -0.0023819 -0.00101722 0.000956065 -0.00302812 -0.00394498 -0.000835735 0.00189844 -0.00551434 0.00136062 0.00269795 0.00169891 0.000822902 -0.000437229 -0.00523706 0 -0.00170012 0.00323606 0.00312847 -0.00160322 0.000226826 -0.000234253 5.60557e-06 0.000302002 0.000916382 0.00152637 0.00118122
internal_weight=545 533 517 253 112 99 264 88 141 71 70 66 60 22 36 252 109 98 45 39 54 34 23 23 59 22 143 82 71 58 61 40 42
internal_count=545 533 517 253 112 99 264 88 141 71 70 66 60 22 36 252 109 98 45 39 54 34 23 23 59 22 143 82 71 58 61 40 42
is_linear=0
shrinkage=0.0529975


Tree=96
num_leaves=24
num_cat=0
split_feature=29 19 29 30 13 19 29 19 19 19 8 23 10 13 14 8 37 39 29 39 31 8 29
split_gain=2.3257 2.15396 2.15368 1.62166 1.58035 0.837166 0.438592 0.552207 0.198876 0.0957089 0.0883229 0.0843652 0.0775966 0.138994 0.116666 0.103001 0.0718417 0.0685283 0.0682851 0.0479429 0.0405534 0.0417909 0.0317204
threshold=1.3382556559007897 0.56461929902412689 0.74954040166073665 0.23966141775408889 1.009141835424715 -1.1597747990198337 0.031036353483505329 -0.50025667382205452 -0.94590896873541463 0.044058632693227386 -0.57956101264722126 -0.52153959772712855 0.32515024084660132 0.21121657369816649 -1.3214415047662709 0.39208500430182752 1.7603575911333127 -0.78164719673451521 0.30977886120655712 -0.39234954295270691 0.53546145317687588 -0.37818018930891889 0.20235630727881282
decision_type=2 2 2 2 2 2 2 2 2 2 2 2 2 2 2 2 2 2 2 2 2 2 2
left_child=1 2 5 -4 20 -1 8 -8 -7 10 -9 18 16 15 -15 -14 19 -13 -11 -10 21 -3 -12
right_child=-2 4 3 -5 -6 6 7 9 12 11 22 17 13 14 -16 -17 -18 -19 -20 -21 -22 -23 -24
leaf_value=-0.011084979385921977 -0.018014097174045104 -0.00072786226849876892 -0.00087205310504245436 -0.025665291531171745 0.02361202048417849 0.0067621705196146244 -0.0096718508089501855 0.00036672943313772316 0.0032960749949428325 0.0011044743054415863 -0.00049573406744657877 0.0042202473436112348 0.00016408195623734655 -0.0018316419642285396 0.0029003298992357992 -0.0034743375450236682 0.0049142354414507157 0 -0.003275627185509368 0.00063736137672506491 0.0052708426366544639 0.0027121088046090556 -0.0047027373229390811
leaf_weight=12.999999999999998 14.999999999999998 11.999999999999998 15.000000000000002 10.999999999999998 10.999999999999998 12.999999999999998 17 19 22 11.000000000000002 12.999999999999998 15.999999999999998 44 12.999999999999998 53 31 14.999999999999998 27 15.999999999999998 112 10.999999999999998 13.000000000000002 22
leaf_count=13 15 12 15 11 11 13 17 19 22 11 13 16 44 13 53 31 15 27 16 112 11 13 22
internal_value=-0.000714575 -1.58807e-05 -0.00112845 -0.0144239 0.0101198 -0.000179938 0.00026729 -0.00210068 0.0014112 -0.00061071 -0.00219863 0.000599177 0.0010156 6.11938e-05 0.00179634 -0.00139944 0.0018364 0.00201678 -0.00140304 0.00124624 0.00304804 0.00101421 -0.00361157
internal_weight=545 530 483 26 47 457 444 141 303 124 54 70 290 141 66 75 149 43 27 134 36 25 35
internal_count=545 530 483 26 47 457 444 141 303 124 54 70 290 141 66 75 149 43 27 134 36 25 35
is_linear=0
shrinkage=0.0529975


Tree=97
num_leaves=27
num_cat=0
split_feature=30 29 19 29 29 19 19 19 7 47 29 12 10 17 2 3 19 29 29 19 33 16 19 10 8 10
split_gain=2.35581 6.40219 0.96165 3.42745 1.03294 0.706894 0.623534 0.407065 0.295466 0.22959 0.223224 0.158287 0.10768 0.190368 0.183677 0.089658 0.0866628 0.0858094 0.142061 0.0607713 0.0508711 0.0413398 0.0383806 0.0301234 0.0168574 0.0143855
threshold=-1.4739652562250283 1.0939113685825921 -0.50025667382205452 0.092064071066336753 -0.74356857378253738 -0.95772725582126561 -0.94590896873541463 0.45888442751823744 0.22527045370200158 0.66068322996836037 0.60923513714294653 -1.0928251955869739 0.85910532906678883 -1.0560011098508615 -0.93867613347688927 -0.53441266121227449 -0.10161740863066245 -0.39613487478548931 -0.25359189156537315 -0.19209297706372019 -0.63521775304896388 -1.2004657762166915 0.65885930424766836 1.030660126196939 0.55961322369450717 1.4771463761361929
decision_type=2 2 2 2 2 2 2 2 2 2 2 2 2 2 2 2 2 2 2 2 2 2 2 2 2 2
left_child=-1 2 3 4 5 -2 -6 10 22 -10 12 -12 13 -4 -14 -13 19 20 -19 -15 -8 -18 -9 -16 -7 -25
right_child=1 -3 7 -5 6 24 17 8 9 -11 11 15 14 16 23 -17 21 18 -20 -21 -22 -23 -24 25 -26 -27
leaf_value=0.016295696964075349 0.014929196504383003 -0.030817220598250837 0.006234884663140281 -0.02231031766039164 -0.012492077846238929 -0.00049526401101573035 -0.0009043719614333502 0.0021794663630168255 0.013105043470434386 0.0018515092674730063 0.0012064052029598779 -0.00077622645932825499 -0.004808695339485353 0.00041865950355176354 -0.0010641768446981443 -0.0076591132084360154 -0.00046842499072921286 -0.006082158032642955 0.00039455928033328155 -0.0023832793578689769 0.0029253278201275025 0.0019361187645363697 -0.0011017507309634151 0.0020087780865495181 0.0016250624961559525 0
leaf_weight=15.999999999999998 10.999999999999998 13.999999999999998 14.999999999999998 18 11.999999999999998 12.000000000000002 11.000000000000002 15.000000000000002 11.000000000000002 12.999999999999998 10.999999999999998 12.999999999999998 18 60 10.999999999999998 13.000000000000002 15.999999999999998 10.999999999999998 16.000000000000007 25 13.999999999999995 127 10.999999999999998 27 12.999999999999998 10.999999999999998
leaf_count=16 11 14 15 18 12 12 11 15 11 13 11 13 18 60 11 13 16 11 16 25 14 127 11 27 13 11
internal_value=-0.000688544 -0.00139219 -0.000233395 -0.00432312 0 0.00656485 -0.00394854 0.0010111 0.00521338 0.0088309 0.000307519 -0.00324996 0.000807839 0.00133279 -0.000953491 -0.00522639 0.000828925 -0.000768777 -0.00265821 -0.000431428 0.00116595 0.00161218 0.000626649 0.000705598 0.000483047 0.00145187
internal_weight=545 529 515 118 100 36 64 397 50 24 347 37 310 243 67 26 228 52 27 85 25 143 26 49 25 38
internal_count=545 529 515 118 100 36 64 397 50 24 347 37 310 243 67 26 228 52 27 85 25 143 26 49 25 38
is_linear=0
shrinkage=0.0529975


Tree=98
num_leaves=19
num_cat=0
split_feature=39 38 29 19 29 19 31 26 26 17 14 47 30 29 28 29 47 17
split_gain=2.21903 3.40494 2.67164 0.771165 0.736056 1.25505 0.21956 0.209619 0.163436 0.30198 0.16219 0.120378 0.105994 0.0997824 0.163387 0.122318 0.0994757 0.00711671
threshold=-1.1558530955085182 -0.85777646155359866 0.99250610888350865 -1.1597747990198337 0.26696810119628295 -0.3548451245661281 -1.7306718095644047 0.81589188954728264 -0.47109149564709568 -1.008481039471935 1.6417282795751957 0.59100304412747862 0.34485729356418537 -0.29478589373628455 -0.41366219994125114 -0.87545902639589801 0.86972378749100565 0.015289660834777416
decision_type=2 2 2 2 2 2 2 2 2 2 2 2 2 2 2 2 2 2
left_child=-1 -2 3 -3 6 -6 -5 16 13 -10 11 -9 -11 15 -15 -8 17 -7
right_child=1 2 -4 4 5 7 8 10 9 12 -12 -13 -14 14 -16 -17 -18 -19
leaf_value=-0.01897109202935043 0.020377981766069427 -0.010661498638913053 -0.020975812393095775 0.006241871476504195 -0.016959377360123436 -0.0051836421229535402 -0.00306887577275644 0.0067932448289534523 0.0076339013478828937 0.0018870229406870607 -0.0024135893282847603 0 -0.00024991139926207741 -0.0053547575936496415 1.6598610523406677e-06 0.0020948706399529157 0.00035668292036473092 -0.0014053253581695075
leaf_weight=11.999999999999998 15.999999999999998 12.999999999999998 11.999999999999998 18 10.999999999999998 24 10.999999999999998 12.000000000000002 15.999999999999998 152 10.999999999999998 12.999999999999998 100 21 33 43 12.999999999999998 13.999999999999998
leaf_count=12 16 13 12 18 11 24 11 12 16 152 11 13 100 21 33 43 13 14
internal_value=-0.000666753 -3.52184e-05 -0.000906717 -0.000175609 0.000212471 -0.00374562 0.00125582 -0.00101399 0.000904611 0.0016043 0.00179858 0.00398565 0.00102586 -0.000763433 -0.00229197 0.000724987 -0.00310224 -0.00433164
internal_weight=545 533 517 505 492 98 394 87 376 268 36 25 252 108 54 54 51 38
internal_count=545 533 517 505 492 98 394 87 376 268 36 25 252 108 54 54 51 38
is_linear=0
shrinkage=0.0529975


Tree=99
num_leaves=21
num_cat=0
split_feature=29 19 29 13 30 29 19 19 29 19 5 39 3 53 9 44 30 45 30 29
split_gain=2.10122 1.8487 1.77637 1.49548 1.48469 0.780341 2.32258 0.670375 0.275285 0.321276 0.0956155 0.117802 0.0945469 0.0840643 0.0725449 0.0718847 0.0693095 0.054865 0.0559221 0.0332288
threshold=1.3382556559007897 0.56461929902412689 0.74954040166073665 1.009141835424715 0.23966141775408889 -0.8007581298917843 -0.95772725582126561 -0.95772725582126561 0.25849815300452755 -0.13695324231613623 -1.1467356927858219 -0.69848839585506151 -0.52153959772711989 1.0593795073025254 -0.26022922174839475 0.70547720845605821 0.12619616011821214 0.76749304195020673 0.57768355033597929 -0.33273871682312839
decision_type=2 2 2 2 2 2 2 2 2 2 2 2 2 2 2 2 2 2 2 2
left_child=1 2 5 14 -4 7 -7 -1 10 -10 19 13 -11 -12 -3 -14 -13 18 -9 -8
right_child=-2 3 4 -5 -6 6 8 17 9 12 11 16 15 -15 -16 -17 -18 -19 -20 -21
leaf_value=0.014568662220144905 -0.017097993396169794 -4.0898075856068369e-05 -0.00033149902543045881 0.022494102257708395 -0.023835923449942672 -0.018588575596246857 0 0.004820261001461529 -0.0077187404839713014 -0.0028622416327205732 0.0013317268429423031 0.0012336198239113955 0.0028383826035830702 0.0065011404524941132 0.0041644005639584671 -0.0014422604793784158 -0.00053201136435283771 -0.00062626779407951559 0 -0.003128054560627219
leaf_weight=10.999999999999998 14.999999999999998 13.999999999999998 15.000000000000002 10.999999999999998 10.999999999999998 13.999999999999998 21 11.000000000000002 20 20 39 125 22 10.999999999999998 22 10.999999999999998 108 14.999999999999998 12.999999999999998 15.999999999999998
leaf_count=11 15 14 15 11 11 14 21 11 20 20 39 125 22 11 22 11 108 15 13 16
internal_value=-0.000654953 0 -0.00102244 0.00939855 -0.0130974 -0.000159645 -0.000968121 0.00569555 -5.29852e-05 -0.00287483 0.000610361 0.000963182 -0.000329795 0.00316812 0.00259036 0.00123003 0.000393176 0.00142969 0.00281584 -0.00168377
internal_weight=545 530 483 47 26 457 407 50 393 73 320 283 53 50 36 33 233 39 24 37
internal_count=545 530 483 47 26 457 407 50 393 73 320 283 53 50 36 33 233 39 24 37
is_linear=0
shrinkage=0.0529975


Tree=100
num_leaves=22
num_cat=0
split_feature=30 29 19 29 29 5 19 39 26 29 39 30 13 16 45 37 29 31 39 13 39
split_gain=2.09389 5.52765 0.791164 2.95533 0.897135 0.939438 0.734607 0.405481 0.170631 0.184607 0.167353 0.12244 0.0919368 0.091508 0.0802839 0.104104 0.068831 0.0442322 0.040681 0.0199043 0.00603464
threshold=-1.4739652562250283 1.0939113685825921 -0.50025667382205452 0.092064071066336753 -0.5832868142001647 -1.0597655669859136 -0.83382283659871825 -1.037851409117408 -0.70210473937017503 1.0000000180025095e-35 1.8807771613815669 0.71883599648285379 0.088079959234192942 -1.1928400721714438 -0.36806745177278138 -0.75383710233685208 0.47796017511591082 -0.16701030651747042 -0.50953401405496501 0.63480652745423549 0.6653697839920566
decision_type=2 2 2 2 2 2 2 2 2 2 2 2 2 2 2 2 2 2 2 2 2
left_child=-1 2 3 4 5 -2 -6 -4 9 12 13 -8 -9 18 15 -15 -16 -7 -10 -14 -19
right_child=1 -3 7 -5 6 17 11 8 10 -11 -12 -13 19 14 16 -17 -18 20 -20 -21 -22
leaf_value=0.015378602791997846 0.015304208827072686 -0.028638216879545278 0.0074682678305086486 -0.020632198216301082 -0.013790452344512023 -0.0016411019992412879 -0.0029890425460105015 -0.0029004639753955216 -0.003693665556031457 -0.0058233340712889707 0.0052597033409244607 0.0020679723631365464 0.0027110655942524319 0.0035448029149058829 0.00064739881942860937 0.0002021586827027717 -0.0020008805874052135 0 0 0 0.0022329229237735603
leaf_weight=15.999999999999998 10.999999999999998 13.999999999999998 19 18 10.999999999999998 14.999999999999998 21 12.999999999999998 12.000000000000002 17 18 20 15.000000000000002 53 134 57 28 11.000000000000002 17 13.999999999999998 10.999999999999998
leaf_count=16 11 14 19 18 11 15 21 13 12 17 18 20 15 53 134 57 28 11 17 14 11
internal_value=-0.000632214 -0.00129647 -0.000218735 -0.00392911 8.66721e-06 0.00498598 -0.00450583 0.000908818 0.000449446 -0.00200514 0.000953541 -0.000424477 0 0.000575573 0.000904549 0.00197291 9.30145e-05 4.93955e-05 -0.00193671 0.00167695 0.00155612
internal_weight=545 529 515 118 100 48 52 397 378 59 319 41 42 301 272 110 162 37 29 29 22
internal_count=545 529 515 118 100 48 52 397 378 59 319 41 42 301 272 110 162 37 29 29 22
is_linear=0
shrinkage=0.0529975


Tree=101
num_leaves=24
num_cat=0
split_feature=39 30 29 19 19 31 7 29 10 19 28 13 15 7 26 45 30 37 13 29 13 37 45
split_gain=2.00374 3.02683 1.41171 2.87869 0.744546 0.465122 0.493427 0.157739 0.276753 0.241732 0.147857 0.144404 0.113734 0.079067 0.112314 0.0934966 0.104905 0.0550719 0.0472918 0.0396642 0.0272812 0.023782 0.0118775
threshold=-1.1558530955085182 -1.4739652562250283 0.55429414669926913 -0.1050883714161035 -1.1597747990198337 0.70014509696505478 1.0442629002395458 -0.15716204103522488 0.85910532906678883 -0.94590896873541463 -0.41366219994125114 0.16196192791257707 0.13740827769666095 0.48959172621014541 0.83675699829851558 -0.48162350114508018 0.55455133127410849 -0.75383710233685208 0.37868236936917049 0.25224183869804911 -0.95611853142030256 0.29252082263530083 -0.59517955051737881
decision_type=2 2 2 2 2 2 2 2 2 2 2 2 2 2 2 2 2 2 2 2 2 2 2
left_child=-1 -2 4 -4 -3 -5 -7 9 11 -6 -10 12 19 15 20 18 -17 -13 -11 -9 -15 -16 -12
right_child=1 2 3 5 7 6 -8 8 10 13 22 17 -14 14 21 16 -18 -19 -20 -21 -22 -23 -24
leaf_value=-0.018005857114747607 0.020758074337344355 -0.0099750119579623507 -0.026807969014774922 -0.0066789493505851867 0.0076312299570278153 0.0092973948198612731 -0.0022284527402623125 0.00082218443860306088 -0.0073191497853466901 0.0028258572667919069 -0.001746412843809097 0.0037461524709860475 -0.0043798314062499519 0.0012891462060945493 -0.0012235277316674749 0.00054939363973073336 -0.002740350945997195 5.2474113019437917e-05 -0.00035104435796867348 -0.0017050734508260311 0.0065990700477880429 0.0013457662132479737 0
leaf_weight=11.999999999999998 12.999999999999998 12.999999999999998 10.999999999999998 21 11.999999999999998 10.999999999999998 21 69 14.999999999999998 47 11.999999999999998 37 11.999999999999998 12.000000000000002 11.000000000000002 92 31 21 10.999999999999998 15.999999999999998 12.999999999999998 17 15.000000000000002
leaf_count=12 13 13 11 21 12 11 21 69 15 47 12 37 12 12 11 92 31 21 11 16 13 17 15
internal_value=-0.000612522 -1.20073e-05 -0.000775263 -0.00778711 0.000282035 -0.00139747 0.00239174 0.000727786 -0.000357179 0.00161218 -0.00390264 0.000669716 -0.000530755 0.00109145 0.00280857 0.00047736 -0.000314426 0.00264815 0.00213776 0.000188697 0.00501811 9.31733e-05 -0.000807728
internal_weight=545 533 520 64 456 53 32 443 197 246 42 155 97 234 53 181 123 58 58 85 25 28 27
internal_count=545 533 520 64 456 53 32 443 197 246 42 155 97 234 53 181 123 58 58 85 25 28 27
is_linear=0
shrinkage=0.0529975


Tree=102
num_leaves=22
num_cat=0
split_feature=29 19 29 13 30 29 19 2 29 19 3 19 5 39 53 9 31 30 29 5 31
split_gain=1.93328 1.63775 1.48458 1.37699 1.34121 0.695123 2.02648 0.629227 0.220944 0.240197 0.0878981 0.0803228 0.0721963 0.110538 0.0792149 0.0686994 0.0648067 0.0579794 0.0354546 0.0142529 0.00812326
threshold=1.3382556559007897 0.56461929902412689 0.74954040166073665 1.009141835424715 0.23966141775408889 -0.8007581298917843 -0.94590896873541463 -0.79383113947774209 0.25849815300452755 -0.30845206814241349 -0.52153959772711989 0.1123312941378672 -1.1644035560352715 -0.69848839585506151 1.0593795073025254 -0.37572345200423246 0.27725758502565062 0.12619616011821214 -0.33273871682312839 0.60255458480192703 -0.23990902356405411
decision_type=2 2 2 2 2 2 2 2 2 2 2 2 2 2 2 2 2 2 2 2 2
left_child=1 2 5 15 -4 7 -7 -1 12 -10 19 -12 18 14 -14 -3 20 -15 -8 -11 -9
right_child=-2 3 4 -5 -6 6 8 16 9 10 11 -13 13 17 -16 -17 -18 -19 -20 -21 -22
leaf_value=0.012965013212448523 -0.016368610157972797 -0.00037312531841090732 0 0.021436274025319099 -0.02216656352761829 -0.016946198669872341 0 -0.0014053684447713356 -0.0080019609648516541 -0.004182704808206969 -0.001212802966501364 0.0030189565150450901 0.0012373322004941326 0.0010854063997272449 0.0062133411465523083 0.0037619370768508823 0.0032360500604532165 -0.00052580421520704115 -0.0030068464948049965 -0.00056998685383374153 0
leaf_weight=13.999999999999998 14.999999999999998 11.999999999999998 15.000000000000002 10.999999999999998 10.999999999999998 14.999999999999998 19 11.999999999999998 11.999999999999998 11.000000000000002 20 17 40 125 10.999999999999998 24 12.999999999999998 109 14.999999999999998 12.999999999999998 11.000000000000002
leaf_count=14 15 12 15 11 11 15 19 12 12 11 20 17 40 125 11 24 13 109 15 13 11
internal_value=-0.000595891 1.5604e-05 -0.000930725 0.00887738 -0.0119696 -0.000140715 -0.000904732 0.00538456 -2.72798e-05 -0.00255705 -0.000761335 0.000718943 0.00056664 0.000863312 0.00297391 0.0023608 0.000840015 0.000311397 -0.00150214 -0.0029638 -0.000662532
internal_weight=545 530 483 47 26 457 407 50 392 73 61 37 319 285 51 36 36 234 34 24 23
internal_count=545 530 483 47 26 457 407 50 392 73 61 37 319 285 51 36 36 234 34 24 23
is_linear=0
shrinkage=0.0529975


Tree=103
num_leaves=28
num_cat=0
split_feature=30 29 19 29 29 0 19 29 29 26 30 44 37 30 5 0 10 37 37 29 24 29 5 5 37 37 29
split_gain=1.83451 4.8552 0.657299 2.55976 0.810781 0.527512 0.463533 0.331246 0.149373 0.146203 0.0931727 0.157073 0.0930911 0.0823535 0.114984 0.149801 0.0812078 0.168799 0.0763204 0.0663969 0.0619918 0.0603149 0.0341222 0.0275319 0.0105964 0.00774124 0.00139095
threshold=-1.4739652562250283 1.0939113685825921 -0.50025667382205452 0.092064071066336753 -0.87545902639589801 -0.69100505051381877 -0.95772725582126561 0.88678181099218489 -0.060961219973233179 -0.66871801552839083 0.70337587340394869 -0.27848972336365163 -0.81674439241534058 -0.2145055800327397 0.76363505924693598 1.7289956345236854 0.85910532906678883 1.7603575911333127 -0.78948456671466416 0.061826384744403794 -0.85037832923460632 -0.38817803594679706 -0.18951331152040399 0.11712860184185475 -0.30090461377175504 0.1771907908247404 -0.51914819900760623
decision_type=2 2 2 2 2 2 2 2 2 2 2 2 2 2 2 2 2 2 2 2 2 2 2 2 2 2 2
left_child=-1 2 3 4 5 -2 -6 8 12 19 21 -12 -4 18 23 -16 17 25 -11 -10 -18 -8 -19 -15 -20 -14 -22
right_child=1 -3 7 -5 6 -7 10 -9 9 13 11 -13 16 14 15 -17 20 22 24 -21 26 -23 -24 -25 -26 -27 -28
leaf_value=0.014406810700701501 0.013703602447553807 -0.026825339542488218 0.0050456118287451456 -0.019119399557559168 -0.010453065603816671 0 0 0.0076978579629717369 0 0.0037633900585466325 0.0044238212488224172 -0.0015534826998443796 0 -0.00038613611359140736 0.0030661130371370145 -0.0024634013185214788 -0.0031085799297883637 0.0014320554105703204 -0.00098669874160827288 -0.0054760513810503883 0.00083797564554704987 -0.0043063050943851202 0.0063385741405712582 -0.003466521660295038 0.00058213632769144182 0.00077380393203504148 0
leaf_weight=15.999999999999998 11.000000000000002 13.999999999999998 13.999999999999998 18 10.999999999999998 13.999999999999998 12.000000000000002 12.999999999999998 11.000000000000002 20 15.999999999999998 21 38 20 29 15.999999999999998 14.999999999999998 15.999999999999998 10.999999999999998 15.999999999999998 12.999999999999998 14.999999999999998 15.999999999999998 30 33 75 11.000000000000002
leaf_count=16 11 14 14 18 11 14 12 13 11 20 16 21 38 20 29 16 15 16 11 16 13 15 16 30 33 75 11
internal_value=-0.000577952 -0.00120063 -0.000189899 -0.00357298 8.27913e-05 0.0074277 -0.00264792 0.000836522 0.00047154 -0.000572237 -0.000426056 0.00112533 0.0014743 4.90477e-05 -0.000878132 0.000904619 0.00101514 0.00159819 0.00148244 -0.00378662 -0.000921484 -0.00258186 0.0046823 -0.0025324 0 0.000474175 0.000560763
internal_weight=545 529 515 118 100 25 75 397 384 186 64 37 198 159 95 45 184 145 64 27 39 27 32 50 44 113 24
internal_count=545 529 515 118 100 25 75 397 384 186 64 37 198 159 95 45 184 145 64 27 39 27 32 50 44 113 24
is_linear=0
shrinkage=0.0529975


Tree=104
num_leaves=20
num_cat=0
split_feature=39 38 29 29 19 6 19 29 12 30 19 12 6 37 29 45 45 30 7
split_gain=1.81073 2.73842 1.91164 0.589648 1.85687 1.06063 0.607128 0.226847 0.410469 0.15084 0.117351 0.107796 0.0740307 0.0736095 0.0693472 0.0501973 0.0496566 0.044189 0.00756749
threshold=-1.1558530955085182 -0.85777646155359866 0.96361458521015575 -0.8007581298917843 -0.77729306540003507 0.60253933251252334 -0.95772725582126561 0.26696810119628295 0.44588029440681037 -0.47726024075960333 0.45888442751823744 -1.1705435011372571 0.21253976309500919 -0.81674439241534058 -0.09068881691203412 0.76749304195020673 0.99460514069480432 0.57768355033597929 -0.54650470272485296
decision_type=2 2 2 2 2 2 2 2 2 2 2 2 2 2 2 2 2 2 2
left_child=-1 -2 3 6 5 -5 -3 10 9 -9 12 -11 13 -6 -12 17 -14 -8 -10
right_child=1 2 -4 4 7 -7 15 8 18 11 14 -13 16 -15 -16 -17 -18 -19 -20
leaf_value=-0.017089983929491154 0.018320500804584906 0.013441121353733895 -0.016437516440612115 -0.020528359562926948 0.0030160763084172118 -0.00034675204581437273 0.0041642820024931889 0.0043858936994918473 -0.0092866941512786717 0.0021720086754224289 0.0061753263039862737 -0.0023449901292121691 -0.00086364589893695386 0.00041732489124806873 0.00085485609226964925 -0.00089617265614860017 0.0015321984349601864 0 -0.0025938673604473448
leaf_weight=11.999999999999998 15.999999999999998 10.999999999999998 14.999999999999998 14.000000000000002 42 12.999999999999998 11.000000000000002 11.999999999999998 11.000000000000002 13.999999999999998 11.999999999999998 46 118 115 21 14.999999999999998 23 12.999999999999998 10.999999999999998
leaf_count=12 16 11 15 14 42 13 11 12 11 14 12 46 118 115 21 15 23 13 11
internal_value=-0.00055595 0 -0.000768176 -9.7717e-05 -0.00073756 -0.0128519 0.00502131 0.000183948 -0.00201502 5.53413e-06 0.000853898 -0.0010836 0.000459149 0.00124077 0.00362075 0.00101652 -0.000378758 0.00238498 -0.00746208
internal_weight=545 533 517 502 452 27 50 425 94 72 331 60 298 157 33 39 141 24 22
internal_count=545 533 517 502 452 27 50 425 94 72 331 60 298 157 33 39 141 24 22
is_linear=0
shrinkage=0.0529975


Tree=105
num_leaves=25
num_cat=0
split_feature=29 19 13 29 2 19 29 12 19 19 13 23 53 10 37 39 9 37 29 6 23 0 29 53
split_gain=1.75528 1.3933 1.32117 1.22825 1.24548 0.584791 0.220883 0.26948 0.222981 0.189245 0.111895 0.0997007 0.066185 0.137654 0.114712 0.0829407 0.064985 0.0642452 0.0478095 0.0393526 0.0174359 0.0144374 0.0118345 0.00182073
threshold=1.3382556559007897 0.56461929902412689 1.009141835424715 0.74954040166073665 1.3100232967216259 -1.1597747990198337 0.031036353483505329 0.44588029440681037 -0.3548451245661281 -0.94590896873541463 0.41808608599764202 -0.3394776998656564 -0.36007183007885429 1.1932390427821107 2.1084445962342691 -0.79348685826839638 -0.37572345200423246 -0.73706182498259232 0.25224183869804911 -0.16773770226522539 -0.37441887218250464 0.5696888383157015 0.25849815300452755 -0.36007183007885429
decision_type=2 2 2 2 2 2 2 2 2 2 2 2 2 2 2 2 2 2 2 2 2 2 2 2
left_child=1 3 16 5 -5 -1 9 10 -9 -7 18 -12 13 17 15 -14 -3 -11 20 -13 -8 -20 -10 -18
right_child=-2 2 -4 4 -6 6 7 8 22 12 11 19 14 -15 -16 -17 23 -19 21 -21 -22 -23 -24 -25
leaf_value=-0.0092228682613680526 -0.015564048663635071 -0.00066133803218232162 0.020494631394434849 -0.020689658686665294 0 0.0062675621860273012 0.00150300132780117 -0.0086936568998302773 0.00015084761144003965 0.0050067951247484534 -0.00070942599586806452 0.0057023458102208185 0.0039167745085234001 -0.0019145390746886147 -0.0039368401193982548 7.0502513499476945e-05 0.0008282323587672192 0.0013984638903198397 -0.00036377562172655483 0.00048234700389988562 -0.00061596034110343166 -0.003472995973243308 -0.0015867980659860456 0.0041168189754143894
leaf_weight=12.999999999999998 14.999999999999998 11.999999999999998 10.999999999999998 11.000000000000002 14.999999999999998 12.999999999999998 10.999999999999998 15.999999999999998 11.000000000000002 21 14.999999999999998 12 11.999999999999998 17 11.999999999999998 164 10.999999999999998 64 14.000000000000002 11 22 17 11.999999999999998 13.000000000000002
leaf_count=13 15 12 11 11 15 13 11 16 11 21 15 12 12 17 12 164 11 64 14 11 22 17 12 13
internal_value=-0.000534244 4.74588e-05 0.00822131 -0.000824704 -0.0108653 -0.000105062 0.000265721 -0.00140903 -0.00482754 0.00107988 2.88483e-05 0.00218028 0.000701475 0.00175029 5.9919e-05 0.000491536 0.00191397 0.00263788 -0.00122613 0.00406273 3.37542e-05 -0.00254417 -0.000655534 0.00330928
internal_weight=545 530 47 483 26 457 444 141 39 303 102 38 290 102 188 176 36 85 64 23 33 31 23 24
internal_count=545 530 47 483 26 457 444 141 39 303 102 38 290 102 188 176 36 85 64 23 33 31 23 24
is_linear=0
shrinkage=0.0529975


Tree=106
num_leaves=17
num_cat=0
split_feature=39 38 29 29 19 29 19 29 5 37 12 6 6 29 25 2
split_gain=1.67317 2.52793 1.73693 0.572503 1.04699 1.90965 0.158891 0.218074 0.148442 0.117477 0.112277 0.0918216 0.0701316 0.0558485 0.0454647 0.0414854
threshold=-1.1558530955085182 -0.85777646155359866 0.99250610888350865 -1.1125084092197188 -0.71234336683649502 -0.54213609959460229 0.45888442751823744 0.60923513714294653 0.66526598449751051 -0.7098019992819159 0.97238029643756796 1.0300798118089556 0.7166142897572868 -0.09068881691203412 -0.79393799585671976 0.077094412232276269
decision_type=2 2 2 2 2 2 2 2 2 2 2 2 2 2 2 2
left_child=-1 -2 3 -3 5 9 7 10 -9 -5 11 -6 -7 -8 -12 -15
right_child=1 2 -4 4 6 12 13 8 -10 -11 14 -13 -14 15 -16 -17
leaf_value=-0.016408896316303996 0.0176210852401406 0.0094212319111550615 -0.016901231176189285 0.0053197312261238821 0.00060488301264375471 -0.020353526637242127 0.0057964412686705635 -0.0062008944668731289 2.286581066659448e-05 -0.00059295494093868149 -0.0030844373568400946 0.0046264189491348343 -0.0067776572008069027 -0.0001120786585330941 -0.00012021302709101538 0.0030126776544842989
leaf_weight=11.999999999999998 15.999999999999998 10.999999999999998 11.999999999999998 13.000000000000002 288 12.000000000000002 11.999999999999998 19 14.999999999999998 12.999999999999998 23 11.999999999999998 12.999999999999998 19 41 13.999999999999998
leaf_count=12 16 11 12 13 288 12 12 19 15 13 23 12 13 19 41 14
internal_value=-0.000514964 8.48485e-06 -0.000719016 -0.000127 -0.00046402 -0.00723264 0.000385842 1.114e-05 -0.00368871 0.00258801 0.000429789 0.000876079 -0.0161963 0.00317192 -0.00145824 0.00129388
internal_weight=545 533 517 505 494 51 443 398 34 26 364 300 25 45 64 33
internal_count=545 533 517 505 494 51 443 398 34 26 364 300 25 45 64 33
is_linear=0
shrinkage=0.0529975


Tree=107
num_leaves=20
num_cat=0
split_feature=29 19 13 29 30 29 19 2 26 30 29 9 19 31 9 39 44 12 31
split_gain=1.60305 1.23903 1.26185 1.05965 1.25833 0.536113 1.61658 0.566179 0.172944 0.11185 0.156718 0.13352 0.0738583 0.0635406 0.0592854 0.0480105 0.0274596 0.00889924 0.00242371
threshold=1.3382556559007897 0.56461929902412689 1.009141835424715 0.74954040166073665 0.23966141775408889 -0.8007581298917843 -0.94590896873541463 -0.79383113947774209 -1.6597939457327306 -0.19480581771904446 0.34963447586933422 0.49828900170355284 -0.58317633917525924 0.27725758502565062 -0.37572345200423246 -0.87235159096103188 0.70547720845605821 0.44828847648560283 0.53546145317687588
decision_type=2 2 2 2 2 2 2 2 2 2 2 2 2 2 2 2 2 2 2
left_child=1 3 14 5 -5 7 -7 -1 -8 15 12 -12 -11 17 -3 -10 -17 -9 -16
right_child=-2 2 -4 4 -6 6 8 13 9 10 11 -13 -14 -15 18 16 -18 -19 -20
leaf_value=0.011926833447372148 -0.014865141618973357 -0.00077425510336169817 0.019742287434047441 0.00046429577980597949 -0.01998757010499435 -0.015098591663307782 -0.0044674467959963044 -0.0016958761027637663 0.0042391781147944133 0.0021346060337699823 -0.0057409683301913542 0 -0.00018490845251288698 0.0029185692083524475 0.00084574962362482129 0.0016627804143213615 -3.6824981512582437e-05 0 0.0039244924858545405
leaf_weight=13.999999999999998 14.999999999999998 11.999999999999998 10.999999999999998 15.000000000000002 10.999999999999998 14.999999999999998 17 12.000000000000002 13.999999999999998 41 19 20 192 12.999999999999998 13.000000000000002 56 33 10.999999999999998 10.999999999999998
leaf_count=14 15 12 11 15 11 15 17 12 14 41 19 20 192 13 13 56 33 11 11
internal_value=-0.000501587 5.36516e-05 0.00776217 -0.000768156 -0.0100944 -9.86125e-05 -0.000771729 0.00475172 0 0.000265174 -0.000282032 -0.00315828 0.000237338 0.000490539 0.00163906 0.00171032 0.000996519 -0.000960698 0.00299213
internal_weight=545 530 47 483 26 457 407 50 392 375 272 39 233 36 36 103 89 23 24
internal_count=545 530 47 483 26 457 407 50 392 375 272 39 233 36 36 103 89 23 24
is_linear=0
shrinkage=0.0529975


Tree=108
num_leaves=26
num_cat=0
split_feature=30 29 19 29 29 5 3 29 29 26 13 26 37 10 37 29 29 24 29 13 12 5 37 37 29
split_gain=1.56372 3.9596 0.536305 2.10378 0.6613 0.805991 0.559694 0.340676 0.117651 0.11494 0.102711 0.114457 0.0875828 0.0647434 0.143332 0.05862 0.100943 0.0569599 0.0539132 0.049445 0.041471 0.0267976 0.014821 0.00778581 0.00143288
threshold=-1.4739652562250283 1.0939113685825921 -0.50025667382205452 0.092064071066336753 -0.5832868142001647 -1.0597655669859136 0.76392774171903277 0.88678181099218489 -0.060961219973233179 -0.68156680265806024 -0.039982119808339538 0.096880454043543299 -0.81674439241534058 0.85910532906678883 1.8777845326131508 0.67528232375896413 0.60923513714294653 -0.85037832923460632 0.061826384744403794 -0.45864660898584947 0.36987089203339213 -0.18951331152040399 0.4330137704772507 0.1771907908247404 -0.51914819900760623
decision_type=2 2 2 2 2 2 2 2 2 2 2 2 2 2 2 2 2 2 2 2 2 2 2 2 2
left_child=-1 2 3 4 5 -2 10 8 12 18 11 -6 -4 14 23 16 19 -15 -10 -11 22 -16 -7 -14 -19
right_child=1 -3 7 -5 6 20 -8 -9 9 15 -12 -13 13 17 21 -17 -18 24 -20 -21 -22 -23 -24 -25 -26
leaf_value=0.013350327069737109 0.013932358596793808 -0.024199735995871968 0.0047492591626227725 -0.017297410404914282 -0.0043486701359543405 0 -0.010434247867990333 0.0077336372735293266 0 -0.0017050970373767096 0.003528197619858061 0.0014822496617301797 -3.557325705940426e-05 -0.0029579991197793087 0.0012643336334649772 0.0026143339879266189 -0.0037375052066039478 0.00083474990070908021 -0.0049976439463812463 0.00072707864061115617 -0.0017877251278049467 0.0061256761566544108 0.0023139599478133595 0.0007240336717802908 0
leaf_weight=15.999999999999998 10.999999999999998 13.999999999999998 13.999999999999998 18 13.000000000000002 11.000000000000002 15.999999999999998 12.999999999999998 11.000000000000002 23 10.999999999999998 11.999999999999998 38 14.999999999999998 14.000000000000002 15.999999999999998 14.999999999999998 12.999999999999998 14.999999999999998 106 14.999999999999998 12.999999999999998 10.999999999999998 80 11.000000000000002
leaf_count=16 11 14 14 18 13 11 16 13 11 23 11 12 38 15 14 16 15 13 15 106 15 13 11 80 11
internal_value=-0.00048259 -0.00105898 -0.000145216 -0.00320275 0.000103414 0.0043789 -0.00376745 0.000780374 0.000411778 -0.000511592 9.60259e-05 -0.00157919 0.00130297 0.000862373 0.00138634 2.43115e-05 -0.000309912 -0.00085561 -0.00341426 0.000185219 0 0.00450451 0.00132805 0.000433194 0.000554177
internal_weight=545 529 515 118 100 48 52 397 384 186 36 25 198 184 145 160 144 39 26 129 37 27 22 118 24
internal_count=545 529 515 118 100 48 52 397 384 186 36 25 198 184 145 160 144 39 26 129 37 27 22 118 24
is_linear=0
shrinkage=0.0529975


Tree=109
num_leaves=18
num_cat=0
split_feature=39 38 29 19 29 31 8 45 6 39 39 13 29 9 29 44 29
split_gain=1.51641 2.23695 1.4379 0.492369 0.360254 0.585023 0.138135 0.277668 0.174031 0.11775 0.117424 0.116462 0.101508 0.093076 0.0573434 0.0249291 0.0239795
threshold=-1.1558530955085182 -0.85777646155359866 0.96361458521015575 -1.1597747990198337 0.51570612243515501 -0.20609587453079195 0.97390045284613536 -0.59517955051737881 0.21253976309500919 1.8368162572147246 -0.63927416386584646 0.024048919712926695 0.67528232375896413 0.8357810543007641 -0.17292469673266564 0.70547720845605821 0.60923513714294653
decision_type=2 2 2 2 2 2 2 2 2 2 2 2 2 2 2 2 2
left_child=-1 -2 3 -3 6 -6 8 -8 9 10 -5 13 16 -10 -13 -9 -7
right_child=1 2 -4 4 5 12 7 15 11 -11 -12 14 -14 -15 -16 -17 -18
leaf_value=-0.015593645827820753 0.016603459803974985 -0.0084482555504614646 -0.014237897354476376 0.0031232818648734423 -0.011604023604336631 0 -0.00092659668875412233 0.0022420981090712387 -0.002818830642869924 0.0056460710044487321 0.00019436455086735416 0.0017379076464530418 0.0027692820459995701 0.0013700773665460682 -0.00073221613701532861 0.00880637364252514 -0.0031745395471082455
leaf_weight=11.999999999999998 15.999999999999998 12.999999999999998 14.999999999999998 48 11.999999999999998 12.000000000000002 19 12.000000000000002 75 11.999999999999998 158 46 14.999999999999998 11.999999999999998 44 10.999999999999998 12.999999999999998
leaf_count=12 16 13 15 48 12 12 19 12 75 12 158 46 15 12 44 11 13
internal_value=-0.000461866 3.55452e-05 -0.000648328 -6.5244e-05 0.000243149 -0.00366754 0.000767607 0.00347661 0.000414461 0.00141118 0.000978817 -0.000780984 0 -0.00211486 0.000487228 0.00679433 -0.00200083
internal_weight=545 533 517 502 489 52 437 42 395 218 206 177 40 87 90 23 25
internal_count=545 533 517 502 489 52 437 42 395 218 206 177 40 87 90 23 25
is_linear=0
shrinkage=0.0529975


Tree=110
num_leaves=18
num_cat=0
split_feature=29 19 13 29 2 29 19 12 0 30 29 8 9 44 13 29 31
split_gain=1.45853 1.07419 1.18557 0.886212 1.24094 0.506954 0.817273 0.14876 0.116187 0.109665 0.110986 0.117029 0.0565711 0.0562216 0.0385542 0.00425542 0.00238289
threshold=1.3382556559007897 0.56461929902412689 1.009141835424715 0.74954040166073665 1.3100232967216259 -1.1125084092197188 -0.95772725582126561 1.5902633668125283 -0.51124592859820361 -0.41432049956592126 0.60923513714294653 0.66579977688026848 -0.37572345200423246 1.0000000180025095e-35 0.33927865274069896 -0.065260069584867728 0.53546145317687588
decision_type=2 2 2 2 2 2 2 2 2 2 2 2 2 2 2 2 2
left_child=1 3 12 5 -5 -1 -7 9 -9 13 11 -11 -3 14 -8 -15 -14
right_child=-2 2 -4 4 -6 6 7 8 -10 10 -12 -13 16 15 -16 -17 -18
leaf_value=0.0089008161584227512 -0.014146581134891504 -0.00095098491364803937 0.018860737445702578 -0.019061405192422151 0.0010632618536628557 -0.0099399650575279445 0.00074679341650899173 -0.0063870405702072574 1.2070866089493222e-05 0.00067382508069431144 -0.0035588704265814516 -0.0020194882921908833 0.00071315537646325189 0.00074794991020002422 0.0051790494099590578 -0.00037920800179639335 0.0035792390221333504
leaf_weight=10.999999999999998 14.999999999999998 11.999999999999998 10.999999999999998 11.000000000000002 14.999999999999998 18 15.999999999999998 11.000000000000002 10.999999999999998 287 17 47 13.000000000000002 11.000000000000002 17 10.999999999999998 10.999999999999998
leaf_count=11 15 12 11 11 15 18 16 11 11 287 17 47 13 11 17 11 11
internal_value=-0.000444885 8.37927e-05 0.00726119 -0.000680822 -0.00920935 -6.75357e-05 -0.000419329 9.6783e-05 -0.00362071 0.000364943 0 0.00024535 0.00136362 0.00243913 0.00365446 0 0.00271253
internal_weight=545 530 47 483 26 457 446 428 22 406 351 334 36 55 33 22 24
internal_count=545 530 47 483 26 457 446 428 22 406 351 334 36 55 33 22 24
is_linear=0
shrinkage=0.0529975


Tree=111
num_leaves=23
num_cat=0
split_feature=30 29 29 19 29 31 19 29 21 29 5 13 47 37 21 29 29 10 37 24 35 19
split_gain=1.39307 3.46972 0.476583 0.903311 1.43657 0.418645 0.359954 0.339534 0.239913 0.116936 0.110847 0.115036 0.103376 0.0932315 0.0795345 0.0742002 0.0690573 0.0581007 0.127834 0.0510418 0.0377734 0.0296311
threshold=-1.4739652562250283 1.0939113685825921 -1.1125084092197188 -0.53091630390676692 0.17116908538165884 -0.23990902356405411 -0.95772725582126561 0.88678181099218489 -0.63110956544386554 -0.060961219973233179 0.74143221605516674 0.41808608599764202 0.80004360165012389 -0.81674439241534058 0.077270382728209339 0.24627008227285696 -0.38817803594679706 0.85910532906678883 1.8777845326131508 -0.85037832923460632 1.7050257548324281 0.27464921163272588
decision_type=2 2 2 2 2 2 2 2 2 2 2 2 2 2 2 2 2 2 2 2 2 2
left_child=-1 2 -2 4 5 6 -4 9 -7 13 12 20 15 -5 -10 -11 -8 18 -15 -19 -12 -14
right_child=1 -3 3 7 -6 8 16 -9 14 10 11 -13 21 17 -16 -17 -18 19 -20 -21 -22 -23
leaf_value=0.012626606977718176 0.0085955205760271988 -0.022635369978745469 -0.011099894261057796 0.0045769905024927457 -0.017634411061804727 0.0067676308765353774 0.00065085183882648639 0.0076437633403645538 -0.0034988556943738656 -0.00069783929099479923 0.00073071912334842436 0.0043318133299182346 -0.00022939822242087402 0.00036992128690758298 0.0010597829916571537 -0.0039049088452452561 -0.0035636209891222789 -0.0028464149889753441 0.0042059116906439141 0.00046843351401362553 -0.0018091224247222554 0.0027016817234132629
leaf_weight=15.999999999999998 10.999999999999998 13.999999999999998 11.999999999999998 15.999999999999998 13.999999999999998 11.999999999999998 19 12.999999999999998 10.999999999999998 52 36 14.999999999999998 12.000000000000002 120 21 42 12.000000000000002 14.999999999999998 27 24 20 10.999999999999998
leaf_count=16 11 14 12 16 14 12 19 13 11 52 36 15 12 120 21 42 12 15 27 24 20 11
internal_value=-0.000428501 -0.000973515 -0.000117499 -0.000420187 -0.00476008 -0.00160976 -0.00505387 0.000704242 0.00181884 0.000343043 -0.000574721 0.000968999 -0.00156987 0.00122272 -0.000628296 -0.00234887 -0.00110494 0.00076387 0.00125737 -0.000860702 -0.000150952 0.00120035
internal_weight=545 529 515 504 101 87 43 403 44 390 188 71 117 202 32 94 31 186 147 39 56 23
internal_count=545 529 515 504 101 87 43 403 44 390 188 71 117 202 32 94 31 186 147 39 56 23
is_linear=0
shrinkage=0.0529975


Tree=112
num_leaves=23
num_cat=0
split_feature=39 30 29 19 19 31 26 26 5 19 10 39 39 10 37 19 10 10 29 29 1 9
split_gain=1.36905 1.99881 0.715159 2.45076 0.483034 0.378193 0.306718 0.168604 0.120876 0.325677 0.172047 0.116158 0.110372 0.103852 0.0763808 0.109186 0.0618503 0.0568052 0.0538098 0.0531057 0.0526447 0.0430063
threshold=-1.1558530955085182 -1.4739652562250283 0.51570612243515501 -0.14661678075790294 -1.1597747990198337 0.68271478155926746 1.0465525907089588 1.4872143138350482 -1.0104878021227626 -0.61992875493280475 0.31867547718814321 1.8368162572147246 -0.77696491235144882 0.85910532906678883 2.003599112770122 -0.70598788282994651 -0.50972561685278994 0.60463584497698764 0.25224183869804911 -0.15716204103522488 -0.41091727163557618 0.34869418108768963
decision_type=2 2 2 2 2 2 2 2 2 2 2 2 2 2 2 2 2 2 2 2 2 2
left_child=-1 -2 4 -4 -3 16 -7 -8 9 -6 11 12 21 -11 15 17 -5 -12 -14 -17 -15 -10
right_child=1 2 3 5 8 6 7 -9 10 13 14 -13 18 20 -16 19 -18 -19 -20 -21 -22 -23
leaf_value=-0.014789323519773799 0.016960642187017917 -0.0080056069306925319 -0.02303107752680152 -0.0067577240997695959 0.0078106580573494497 0.0086260651850329235 -0.0043003854395377667 0.0029283868329907756 0.00082152728645114249 0.0033383356693133213 -6.4048369531976275e-05 0.0051588121098128936 0.00049667304319405108 -0.0032834122944397728 -0.0046342281620926611 0.0011227596118908408 -0.0006467845763868346 -0.0052495731327261855 -0.0022022163344769313 -0.0011727750703415794 0.0002906794677189106 0.0055446521425485404
leaf_weight=11.999999999999998 12.999999999999998 12.999999999999998 10.999999999999998 12.000000000000002 17 10.999999999999998 11.000000000000002 12.999999999999998 18.000000000000004 11.999999999999998 13.000000000000002 12.999999999999998 177 15.999999999999995 10.999999999999998 61 11.999999999999998 12.999999999999998 17 42 16.000000000000004 10.999999999999998
leaf_count=12 13 13 11 12 17 11 11 13 18 12 13 13 177 16 11 61 12 13 17 42 16 11
internal_value=-0.000410712 6.09824e-05 -0.000536767 -0.00529676 0.000248276 -6.31529e-05 0.00315027 -0.000349296 0.000614622 0.0026994 0.00022105 0.00109988 0.000703871 0 -0.0011969 -0.000659221 -0.0046752 -0.00337302 0.000166311 0.000109611 -0.00154869 0.00345571
internal_weight=545 533 520 70 450 59 35 24 437 61 376 236 223 44 140 129 24 26 194 103 32 29
internal_count=545 533 520 70 450 59 35 24 437 61 376 236 223 44 140 129 24 26 194 103 32 29
is_linear=0
shrinkage=0.0529975


Tree=113
num_leaves=14
num_cat=0
split_feature=29 39 29 19 28 19 25 45 2 39 3 19 13
split_gain=1.34535 1.02266 1.16188 1.37634 0.62097 0.43549 0.320727 0.361673 0.236705 0.122118 0.086341 0.14638 0.0829654
threshold=1.3382556559007897 -1.037851409117408 0.74954040166073665 0.2948654323460424 0.057306762566011353 -1.1597747990198337 -1.2633808432044347 -0.9358476986342753 -1.0530676585040981 1.9373597581478144 -0.52153959772711989 -0.30845206814241349 0.41808608599764202
decision_type=2 2 2 2 2 2 2 2 2 2 2 2 2
left_child=1 4 5 -4 -1 -3 7 -7 -8 10 11 -10 -12
right_child=-2 2 3 -5 -6 6 8 -9 9 -11 12 -13 -14
leaf_value=-0.00018430544938812641 -0.013561159843894192 -0.0077152570489407348 -0.020518692873026635 0.0020572645802113374 0.014663446010985489 -0.0005659558387734315 -0.0052875433006112594 0.0097845234601209811 -0.0054479436245461017 0.0039490869634064753 3.1652711853092478e-05 -0.00014147435951925835 0.0020692161317720026
leaf_weight=11.000000000000002 14.999999999999998 12.999999999999998 11.000000000000002 10.999999999999998 14.999999999999998 14.000000000000002 15.999999999999998 14.999999999999998 12.999999999999998 19 244 78 70
leaf_count=11 15 13 11 11 15 14 16 15 13 19 244 78 70
internal_value=-0.000401079 0.000105892 -0.000458866 -0.0109583 0.00930612 0.000134814 0.000461762 0.00534735 5.65312e-05 0.000345362 0.000104153 -0.00126148 0.000537977
internal_weight=545 530 504 22 26 482 469 29 440 424 405 91 314
internal_count=545 530 504 22 26 482 469 29 440 424 405 91 314
is_linear=0
shrinkage=0.0529975


Tree=114
num_leaves=21
num_cat=0
split_feature=39 30 29 19 29 19 31 26 26 6 14 45 22 39 29 39 19 9 10 1
split_gain=1.27822 1.88669 0.637472 2.21655 0.432468 0.731379 0.337819 0.282361 0.158813 0.10055 0.111888 0.105721 0.0743526 0.0699967 0.0692028 0.0920451 0.0650208 0.0600411 0.0519663 0.0322745
threshold=-1.1558530955085182 -1.4739652562250283 0.51570612243515501 -0.14661678075790294 -1.1125084092197188 -0.95772725582126561 0.68271478155926746 1.0465525907089588 1.4872143138350482 0.48402615276326083 -1.2601053707577752 1.221717239439402 -1.0383866851108168 1.7903052981355254 -0.15716204103522488 -0.55341380961845132 -0.22831942904204558 0.24993975262748927 -0.50972561685278994 -1.0895717260603621
decision_type=2 2 2 2 2 2 2 2 2 2 2 2 2 2 2 2 2 2 2 2
left_child=-1 -2 4 -4 -3 -6 18 -8 -9 10 -7 13 19 -12 15 -14 -16 -13 -5 -11
right_child=1 2 3 6 5 9 7 8 -10 12 11 17 14 -15 16 -17 -18 -19 -20 -21
leaf_value=-0.014286165094919647 0.016481826081890714 0.0085220694539479419 -0.021876861876271383 -0.0063227372839542726 -0.0090961292531677937 0.0050314628334124983 0.0082540616594036602 -0.0041846217564344501 0.0028290876929606204 -0.000264063665920927 0.00084376410355720512 4.0561034783066279e-05 0.003691048590542742 0.0045926317031063984 -0.0030446807002019629 -9.9318109027622529e-05 0.00026429535928426331 -0.0034107826711841337 -0.00062114793474874808 -0.0046151437557419668
leaf_weight=11.999999999999998 12.999999999999998 10.999999999999998 10.999999999999998 12.000000000000002 18 12.999999999999998 10.999999999999998 11.000000000000002 12.999999999999998 13.000000000000002 202 25 18 10.999999999999998 27 58 25 18 11.999999999999998 10.999999999999998
leaf_count=12 13 11 11 12 18 13 11 11 13 13 202 25 18 11 27 58 25 18 12 11
internal_value=-0.00039253 6.27691e-05 -0.000517643 -0.00501168 0.000222822 -8.14697e-05 -3.16422e-05 0.00299803 -0.000346588 0.000409924 0.00102735 0.000686855 -0.000636073 0.00118971 -2.29167e-05 0.000917494 -0.00147055 -0.00150225 -0.00439885 -0.00301509
internal_weight=545 533 520 70 450 439 59 35 24 421 269 256 152 213 128 76 52 43 24 24
internal_count=545 533 520 70 450 439 59 35 24 421 269 256 152 213 128 76 52 43 24 24
is_linear=0
shrinkage=0.0529975


Tree=115
num_leaves=18
num_cat=0
split_feature=29 39 29 19 28 29 19 37 1 8 8 25 39 29 7 34 39
split_gain=1.24785 0.962641 1.05438 1.21916 0.591564 0.411144 0.660952 0.210658 0.304687 0.218146 0.190665 0.153122 0.086074 0.0605773 0.0382316 0.0225513 0.0188139
threshold=1.3382556559007897 -1.037851409117408 0.74954040166073665 0.2948654323460424 0.057306762566011353 -1.1125084092197188 -0.95772725582126561 1.7100317590705216 -1.2228239394102789 0.66579977688026848 0.37206213843012781 -1.1764033572252413 -0.89389050235215495 0.25224183869804911 0.042432159270275466 -0.76961269148664779 1.8368162572147246
decision_type=2 2 2 2 2 2 2 2 2 2 2 2 2 2 2 2 2
left_child=1 4 5 -4 -1 -3 -7 9 -9 12 16 -11 14 -14 -8 -13 -10
right_child=-2 2 3 -5 -6 6 7 8 10 11 -12 15 13 -15 -16 -17 -18
leaf_value=-0.00020464201036862227 -0.013056184057917844 0.0082297649326394107 -0.019437056600946741 0.001823677961222326 0.01426278791293302 -0.0087345209778976855 0.0043730777094675372 0.0093088211156397531 0.00046165097826626099 -0.0061292026268630669 -0.003998677136582262 0.00058607785604536107 0.00046985498823140591 -0.0013593454875952861 0 -0.001534903919280824 0.0042109320626030891
leaf_weight=11.000000000000002 14.999999999999998 10.999999999999998 11.000000000000002 10.999999999999998 14.999999999999998 18 15.000000000000002 10.999999999999998 13.000000000000002 20 10.999999999999998 15.999999999999998 263 56 11.999999999999998 24 11.999999999999998
leaf_count=11 15 11 11 11 15 18 15 11 13 20 11 16 263 56 12 24 12
internal_value=-0.000381688 0.000106045 -0.000441533 -0.0104435 0.0090324 0.000123391 -0.000152364 0.000283085 0.00343022 -0.000108908 0.000394991 -0.00291663 0.00039953 0.000108094 0.00298573 -0.000568856 0.00295312
internal_weight=545 530 504 22 26 482 471 453 47 406 36 60 346 319 27 40 25
internal_count=545 530 504 22 26 482 471 453 47 406 36 60 346 319 27 40 25
is_linear=0
shrinkage=0.0529975


Tree=116
num_leaves=18
num_cat=0
split_feature=29 13 19 29 8 29 19 3 10 8 35 25 25 29 25 45 5
split_gain=1.15542 0.865083 1.02208 0.93022 1.24538 0.399808 0.578073 0.159481 0.153069 0.128406 0.077783 0.0816496 0.0626674 0.0612955 0.039101 0.00748636 0.00684921
threshold=1.3382556559007897 1.009141835424715 0.56461929902412689 0.74954040166073665 -0.86097211864665513 -1.1125084092197188 -0.95772725582126561 0.090850422352377599 0.79645243786982534 0.66579977688026848 -0.84017117618735393 -0.80856147868421624 -1.1890938102248458 -0.42378981793710108 -0.78473101139241186 -0.48162350114508018 -0.48679704686344355
decision_type=2 2 2 2 2 2 2 2 2 2 2 2 2 2 2 2 2
left_child=1 3 7 5 -5 -1 -7 -3 -9 10 15 -12 -11 -13 -14 -8 -17
right_child=-2 2 -4 4 -6 6 9 8 -10 12 11 13 14 -15 -16 16 -18
leaf_value=0.0079474860511268841 -0.012561853375871696 -0.0027234470092088884 0.017221396477242478 0.0024718789440680983 -0.018548266388623134 -0.0085205967333558553 0.003859460071287543 0.0062600547695170067 -0.00034238811947543199 -0.0040792605445818123 -0.0027656006676975678 0.0016832887281894888 0.00095167019965835306 0 -0.0020094934539206786 0 0.0017089474408703365
leaf_weight=10.999999999999998 14.999999999999998 11.999999999999998 10.999999999999998 11.000000000000002 11.999999999999998 17 12.999999999999998 15.000000000000002 13.999999999999998 21 18 75 19 242 17 10.999999999999998 11.000000000000002
leaf_count=11 15 12 11 11 12 17 13 15 14 21 18 75 19 242 17 11 11
internal_value=-0.000365659 0.000103158 0.00622965 -0.000617815 -0.00982206 -1.56857e-05 -0.000331768 0.00131096 0.00336056 9.16036e-05 0.000476592 0.000183984 -0.00210406 0.000421327 -0.000367606 0.00267034 0.00104205
internal_weight=545 530 52 478 23 455 444 41 29 427 370 335 57 317 36 35 22
internal_count=545 530 52 478 23 455 444 41 29 427 370 335 57 317 36 35 22
is_linear=0
shrinkage=0.0529975


Tree=117
num_leaves=18
num_cat=0
split_feature=39 38 29 29 19 6 19 12 29 31 19 29 29 12 29 7 25
split_gain=1.19073 1.80782 1.05992 0.384151 1.11798 0.9709 0.584105 0.110036 0.258678 0.0874152 0.0787171 0.0875933 0.07005 0.0472533 0.0445395 0.0284472 0.00971878
threshold=-1.1558530955085182 -0.85777646155359866 0.99250610888350865 -0.8007581298917843 -0.77729306540003507 0.60253933251252334 -0.95772725582126561 0.44588029440681037 0.24627008227285696 -0.067793863874690344 -0.6603797175785916 0.7731741465887918 0.60923513714294653 1.15004598973081 -0.89685283675921912 -0.54650470272485296 -0.71293023027759161
decision_type=2 2 2 2 2 2 2 2 2 2 2 2 2 2 2 2 2
left_child=-1 -2 3 6 5 -5 -3 10 9 13 -6 12 -12 -9 16 -10 -8
right_child=1 2 -4 4 7 -7 14 8 15 -11 11 -13 -14 -15 -16 -17 -18
leaf_value=-0.013761666167887251 0.014981347813555281 0.012283570535894591 -0.013167004665959008 -0.017333594014975015 0.0041794961349068769 0.00054295134386514367 0 0.0020231072788816393 -0.0071784009463657424 -0.0026328421127919622 0.00048930704982448245 0.0040649707435334494 -0.0022867592208517633 -0.0001784817317431444 0.0020753037735114343 -0.001502862902104067 -0.0018249482067554507
leaf_weight=11.999999999999998 15.999999999999998 10.999999999999998 11.999999999999998 14.000000000000002 11.999999999999998 12.999999999999998 10.999999999999998 42 12.000000000000002 20 246 11.999999999999998 22 50 17.000000000000004 11.999999999999998 10.999999999999998
leaf_count=12 16 11 12 14 12 13 11 42 12 20 246 12 22 50 17 12 11
internal_value=-0.000351069 8.76411e-05 -0.000526415 -6.13889e-05 -0.000577468 -0.0099802 0.00406913 0.0001293 -0.00106719 3.97792e-05 0.00072027 0.000463074 0.000190871 0.000817611 0.000268803 -0.00544119 -0.00102316
internal_weight=545 533 517 505 455 27 50 428 136 112 292 280 268 92 39 24 22
internal_count=545 533 517 505 455 27 50 428 136 112 292 280 268 92 39 24 22
is_linear=0
shrinkage=0.0529975


Tree=118
num_leaves=18
num_cat=0
split_feature=30 29 39 29 19 29 5 25 39 9 38 53 5 39 45 34 6
split_gain=1.24368 2.80464 0.440369 0.503992 1.61608 0.294833 0.259413 0.271511 0.127949 0.191939 0.126901 0.10975 0.0561321 0.0362978 0.0358941 0.03216 0.0214243
threshold=-1.6045160372440099 1.0939113685825921 -1.037851409117408 0.16739444859547914 -0.55180057978710095 -1.1125084092197188 -1.8458942291777902 -1.3308125281902385 -0.77090409534292548 -0.25153394435734083 0.22730385842290687 -0.36007183007885429 0.81934825992063065 1.7448722280453988 -0.25451140240048259 -0.60125381389005417 -0.53175982805060762
decision_type=2 2 2 2 2 2 2 2 2 2 2 2 2 2 2 2 2
left_child=-1 2 -2 5 -5 -4 -7 -8 9 -6 13 -12 14 -9 -11 -10 -17
right_child=1 -3 3 4 8 6 7 10 15 12 11 -13 -14 -15 -16 16 -18
leaf_value=0.012967169829801811 0.0066551212567743986 -0.020299292463700568 0.0074181551366659815 -0.017998172732374508 -0.0030467374022239584 -0.0061325676869761741 0.00710567806569263 0.00091216342525951403 -0.0049702532475570981 0.0020733857660715006 0.0010158291242444264 -0.0013824430813886047 0.0046195010226386989 0.003420809522375696 -0.00089482424781316832 -0.0022938344823424956 0
leaf_weight=12.999999999999998 20 13.999999999999998 10.999999999999998 11.999999999999998 20 10.999999999999998 10.999999999999998 93 10.999999999999998 17 75 144 15.999999999999998 22 14.000000000000002 21.999999999999996 19.000000000000004
leaf_count=13 20 14 11 12 20 11 11 93 11 17 75 144 16 22 14 22 19
internal_value=-0.000343324 -0.000822468 -5.64641e-05 -0.000415838 -0.00316902 0.000583327 0.000233462 0.000557637 -0.000826083 0.000619355 0.000199923 -0.00052489 0.00247941 0.00159555 0.000616344 -0.00268039 -0.00136163
internal_weight=545 532 518 498 131 367 356 345 119 67 334 219 47 115 31 52 41
internal_count=545 532 518 498 131 367 356 345 119 67 334 219 47 115 31 52 41
is_linear=0
shrinkage=0.0529975


Tree=119
num_leaves=14
num_cat=0
split_feature=30 29 39 29 19 19 8 29 44 19 7 19 15
split_gain=1.15509 2.60028 0.405271 0.470372 0.382091 0.163252 0.150765 0.123065 0.0763172 0.0823871 0.0755166 0.0541998 0.0469767
threshold=-1.6045160372440099 1.0939113685825921 -1.037851409117408 0.74954040166073665 -1.1597747990198337 -0.95772725582126561 0.66579977688026848 -0.33273871682312839 0.70547720845605821 -0.58317633917525924 -1.0367737378873938 -0.58317633917525924 0.86491804503317982
decision_type=2 2 2 2 2 2 2 2 2 2 2 2 2
left_child=-1 2 -2 4 -4 -6 8 10 9 -7 -8 -10 -9
right_child=1 -3 3 -5 5 6 7 12 11 -11 -12 -13 -14
leaf_value=0.012496872282676657 0.0063837723800281151 -0.019546089952910198 -0.0074048202453297369 -0.007641793555490323 0.0052144612586948304 0.0034888635305506985 0.0023978914108338922 -0.0010118144501083291 -0.002665769105480476 0.00058775140643815675 -0.0018149089844498522 0 -0.0058536929816263355
leaf_weight=12.999999999999998 20 13.999999999999998 12.999999999999998 18 11.999999999999998 28 15.999999999999998 17 21 234 20 102 17
leaf_count=13 20 14 13 18 12 28 16 17 21 234 20 102 17
internal_value=-0.00033001 -0.000792226 -5.41574e-05 -0.000399443 -2.25471e-05 0.000259458 4.74977e-05 -0.00209619 0.000481293 0.000994982 0 -0.00055415 -0.00412204
internal_weight=545 532 518 498 480 467 455 70 385 262 36 123 34
internal_count=545 532 518 498 480 467 455 70 385 262 36 123 34
is_linear=0
shrinkage=0.0529975


Tree=120
num_leaves=18
num_cat=0
split_feature=39 38 29 19 29 31 8 19 30 6 6 13 9 37 39 10 16
split_gain=1.07553 1.55734 0.849614 0.354144 0.177516 0.38314 0.129022 0.232856 0.160621 0.120899 0.106992 0.0884419 0.0843726 0.0808109 0.107189 0.0610601 0.0457939
threshold=-1.1558530955085182 -0.85777646155359866 0.96361458521015575 -1.1597747990198337 0.51570612243515501 -0.20609587453079195 0.97390045284613536 -0.61992875493280475 -0.045495215432908812 0.21253976309500919 -0.12401525707182241 0.024048919712926695 0.8357810543007641 1.9218196356680928 -0.63927416386584646 -0.84887132033029111 0.25725188349390554
decision_type=2 2 2 2 2 2 2 2 2 2 2 2 2 2 2 2 2
left_child=-1 -2 3 -3 6 -6 9 -8 -9 13 15 12 -11 14 -5 -7 -13
right_child=1 2 -4 4 5 10 7 8 -10 11 -12 16 -14 -15 -16 -17 -18
leaf_value=-0.013067204099095699 0.013918688144081386 -0.0071362598059913221 -0.010919939301570409 0.00279150893819974 -0.0089372189541069656 0.00045154099863330675 0.0082228183742448016 0.0033500943022774675 -0.0031199017916484317 -0.0025641089527137181 0.0033282750217456564 0.0019462622393471931 0.0014033568192090707 0.0047260099390633017 1.1965358660035739e-05 -0.0037129381717760169 -0.00037640129136639201
leaf_weight=11.999999999999998 15.999999999999998 12.999999999999998 14.999999999999998 48 11.999999999999998 13.999999999999998 10.999999999999998 17 14.000000000000002 75 13.999999999999998 29 11.999999999999998 10.999999999999998 159 12.000000000000002 61
leaf_count=12 16 13 15 48 12 14 11 17 14 75 14 29 12 11 159 12 61
internal_value=-0.000321338 9.48466e-05 -0.000474295 -2.32095e-05 0.000235938 -0.00250171 0.000606919 0.00321715 0.000207281 0.000267999 0.000190519 -0.000724325 -0.00188656 0.0011027 0.000749733 -0.00158786 0.000374076
internal_weight=545 533 517 502 489 52 437 42 31 395 40 177 87 218 207 26 90
internal_count=545 533 517 502 489 52 437 42 31 395 40 177 87 218 207 26 90
is_linear=0
shrinkage=0.0529975


Tree=121
num_leaves=15
num_cat=0
split_feature=29 39 29 1 29 19 25 45 2 3 37 39 30 34
split_gain=1.0454 0.863892 0.78139 1.06048 0.611066 0.344519 0.274546 0.27334 0.19662 0.0842193 0.0674076 0.0634682 0.0521605 0.00134047
threshold=1.3382556559007897 -1.037851409117408 0.74954040166073665 0.33725197380951638 0.7731741465887918 -1.1597747990198337 -1.2633808432044347 -0.9358476986342753 -1.0530676585040981 -0.95922375622237632 -0.49382030334577687 1.9373597581478144 1.007757035394693 -0.23149370543520928
decision_type=2 2 2 2 2 2 2 2 2 2 2 2 2 2
left_child=1 4 5 -4 -1 -3 7 -7 -8 10 -10 12 -11 -12
right_child=-2 2 3 -5 -6 6 8 -9 9 11 13 -13 -14 -15
leaf_value=0 -0.011910231834564246 -0.006877439911061399 -0.017423878268538154 0.0022012303255824614 0.014652871860299458 -0.00024918072597315626 -0.0048503242890993847 0.0087615165072260186 -0.0036196233157843897 0.00014534080628492502 -1.5788378198928936e-05 0.0031823126979039031 0.0025672592832015118 0.00045928027254372848
leaf_weight=13.000000000000002 14.999999999999998 12.999999999999998 11.000000000000002 10.999999999999998 12.999999999999998 14.000000000000002 15.999999999999998 14.999999999999998 20 340 11.000000000000002 19 22 11.999999999999998
leaf_count=13 15 13 11 11 13 14 16 15 20 340 11 19 22 12
internal_value=-0.000307878 0.000137031 -0.000381369 -0.00899207 0.00859251 0.000103001 0.000395573 0.00491459 1.99956e-05 0.000285101 -0.00175727 0.00055731 0.000350944 3.49145e-05
internal_weight=545 530 504 22 26 482 469 29 440 424 43 381 362 23
internal_count=545 530 504 22 26 482 469 29 440 424 43 381 362 23
is_linear=0
shrinkage=0.0529975


Tree=122
num_leaves=18
num_cat=0
split_feature=30 13 39 19 5 44 19 0 38 19 7 6 6 12 39 12 3
split_gain=1.07029 1.735 0.511199 0.343694 1.24697 0.332165 0.559394 0.21539 0.14683 0.125981 0.149408 0.123511 0.152433 0.101564 0.223778 0.111901 0.00252827
threshold=-1.6045160372440099 1.7528869867871151 -1.0783225139200134 -0.3357664568293684 0.63685018902434853 1.1974606743659131 -0.97088705664890151 -0.39383890213298772 -0.75348243586137342 0.57942704204251372 1.8644294573825355 1.2873217772327994 0.88657740479242231 -0.28549735582169616 -0.85317783451209428 -0.099596872126997846 -0.43326716240034546
decision_type=2 2 2 2 2 2 2 2 2 2 2 2 2 2 2 2 2
left_child=-1 2 -2 4 5 6 -4 -7 -5 10 13 12 -8 14 -10 -15 -11
right_child=1 -3 3 8 -6 7 11 -9 9 16 -12 -13 -14 15 -16 -17 -18
leaf_value=0.012047720259504719 0.0081101401531562291 -0.017412385175047632 -0.01048078775039021 -0.0043107984399973435 -0.015671630720270838 0.0076010260398634228 -0.00088086632425675177 -0.00036387665141364878 -0.0059068907435792526 0.0051158510038925948 0.0051623265617542768 -0.004176693561709151 0.0036660140384362945 0.003775428764637052 -2.0848228446526782e-05 0.00018629925423750972 0.001489785479550217
leaf_weight=12.999999999999998 13.999999999999998 10.999999999999998 12.999999999999998 10.999999999999998 11.999999999999998 13.000000000000002 81 14.999999999999998 15.999999999999998 11.000000000000002 10.999999999999998 15.999999999999998 21 25.999999999999986 118 127.00000000000001 15.999999999999998
leaf_count=13 14 11 13 11 12 13 81 15 16 11 11 16 21 26 118 127 16
internal_value=-0.000298703 -0.000744303 -0.00018501 -0.000519804 -0.00241747 -0.000841625 -0.00201186 0.00381709 0.000451 0.000708446 0.000331592 -0.000560784 0.000142156 2.07414e-05 -0.000996455 0.000959531 0.00383998
internal_weight=545 532 521 507 171 159 131 28 336 325 298 118 102 287 134 153 27
internal_count=545 532 521 507 171 159 131 28 336 325 298 118 102 287 134 153 27
is_linear=0
shrinkage=0.0529975


Tree=123
num_leaves=17
num_cat=0
split_feature=39 30 29 30 19 7 31 29 29 30 6 30 9 47 29 10
split_gain=1.02068 1.40703 0.412019 1.09169 0.561635 0.382741 0.248625 1.04116 0.247591 0.086493 0.0854481 0.127124 0.0727727 0.0667861 0.0419593 0.0068001
threshold=-1.1558530955085182 -1.4739652562250283 -0.8007581298917843 1.2529128884377021 -0.95772725582126561 -1.897707229271955 0.66856331366879385 0.6273942987389155 0.7731741465887918 0.86544403751546073 1.389307088260046 0.36035248426005978 -1.1925206000294124 0.80004360165012389 -0.89685283675921912 0.37719843703610667
decision_type=2 2 2 2 2 2 2 2 2 2 2 2 2 2 2 2
left_child=-1 -2 4 5 -3 -4 7 10 9 13 12 -12 -7 -8 15 -6
right_child=1 2 3 -5 14 6 8 -9 -10 -11 11 -13 -14 -15 -16 -17
leaf_value=-0.012706641218834986 0.014294252175397825 0.011949800479333196 -0.0079704967275692762 -0.014101700661381123 0 0.0024000701797301685 -0.00080446063380885285 -0.011239098871202552 0.0066932338436577659 0.004100360896904561 5.0841108954640608e-05 -0.005604275468655797 0 0.0023530644877565584 0.001953771428547954 -0.0017266171768415316
leaf_weight=11.999999999999998 12.999999999999998 10.999999999999998 11.999999999999998 10.999999999999998 10.999999999999998 35 70 19 19 10.999999999999998 23 11.999999999999998 239 19 17.000000000000004 10.999999999999998
leaf_count=12 13 11 12 11 11 35 70 19 19 11 23 12 239 19 17 11
internal_value=-0.000289162 0.0001157 -0.0003844 -0.000898077 0.00389853 -0.00038886 -6.7094e-05 -0.000835467 0.00193337 0.00063562 0 -0.00225381 0.000336762 0 0.00018258 -0.00106191
internal_weight=545 533 520 470 50 459 447 328 119 100 309 35 274 89 39 22
internal_count=545 533 520 470 50 459 447 328 119 100 309 35 274 89 39 22
is_linear=0
shrinkage=0.0529975


Tree=124
num_leaves=22
num_cat=0
split_feature=39 38 19 5 44 19 0 39 6 6 12 7 30 10 39 13 0 11 37 2 39
split_gain=0.949803 1.31986 0.318706 1.1378 0.293778 0.51602 0.19907 0.118098 0.111811 0.131838 0.178336 0.111072 0.0989213 0.113875 0.107065 0.0625496 0.0489193 0.0396113 0.0304825 0.0189003 0.0133659
threshold=-1.1558530955085182 -0.85777646155359866 -0.3357664568293684 0.63685018902434853 1.1974606743659131 -0.97088705664890151 -0.39383890213298772 -1.0606611111965953 1.2873217772327994 0.88657740479242231 0.24244024473966483 1.8644294573825355 -0.41432049956592126 0.85910532906678883 -0.43696225152990481 0.95003626048200773 1.6926789519187833 -0.49290444129679761 1.6408337399841872 -1.0383866851108159 -0.50953401405496501
decision_type=2 2 2 2 2 2 2 2 2 2 2 2 2 2 2 2 2 2 2 2 2
left_child=-1 -2 3 4 5 -3 -6 -4 9 10 -7 12 13 14 -9 16 17 -14 -16 -15 -18
right_child=1 2 7 -5 6 8 -8 11 -10 -11 -12 -13 15 19 18 -17 20 -19 -20 -21 -22
leaf_value=-0.012257604590175742 0.012837519525361137 -0.0099786727933964363 -0.0036339323881872947 -0.014905429393490124 0.0072735474238782311 0.0015203170659146227 -0.00036589860206109241 0.0068188555806839111 -0.0039123283025230245 0.0034729309678216006 -0.0030636118868386563 0.0049660945911278271 0.0013566733839295295 -0.0022136650252352875 0.0003154509420232875 -0.0030300912186435811 -0.0026006087543096333 -0.00012028903463824323 0.0029341202952242614 8.8139002572670217e-05 0
leaf_weight=11.999999999999998 15.999999999999998 12.999999999999998 11.999999999999998 11.999999999999998 13.000000000000002 41 14.999999999999998 10.999999999999998 15.999999999999998 21 41 10.999999999999998 76.999999999999986 11.000000000000002 40 12.999999999999998 14.000000000000002 111.00000000000001 21 10.999999999999998 12.999999999999998
leaf_count=12 16 13 12 12 13 41 15 11 16 21 41 11 77 11 40 13 14 111 21 11 13
internal_value=-0.000278899 0.000111199 -0.00041197 -0.00224234 -0.000746402 -0.00184344 0.00363286 0.000503383 -0.000462775 0.000194753 -0.000744856 0.000734721 0.000480729 0.00187466 0.00286662 -9.74259e-05 0.000125698 0.000471869 0.00150314 -0.00104091 -0.00172072
internal_weight=545 533 517 172 160 132 28 345 119 103 82 333 322 94 72 228 215 188 61 22 27
internal_count=545 533 517 172 160 132 28 345 119 103 82 333 322 94 72 228 215 188 61 22 27
is_linear=0
shrinkage=0.0529975


Tree=125
num_leaves=18
num_cat=0
split_feature=29 39 29 19 28 29 19 29 38 25 29 8 39 45 39 6 19
split_gain=1.01158 0.821468 0.712345 0.93426 0.524085 0.325548 0.445794 0.138042 0.203189 0.179271 0.15347 0.0658808 0.0712425 0.0482848 0.0480938 0.106528 0.00171534
threshold=1.3382556559007897 -1.037851409117408 0.74954040166073665 0.2948654323460424 0.057306762566011353 -1.1125084092197188 -0.95772725582126561 0.24207146523303721 -0.37905512615458281 -0.70376103259061573 -0.020202083740976092 0.66579977688026848 -0.73762888777164703 0.88104909132250542 -0.72037846618712831 -0.35546998807432423 0.40155559019853265
decision_type=2 2 2 2 2 2 2 2 2 2 2 2 2 2 2 2 2
left_child=1 4 5 -4 -1 -3 -7 8 10 -9 -8 12 -10 -13 15 -11 -16
right_child=-2 2 3 -5 -6 6 7 9 11 14 -12 13 -14 -15 16 -17 -18
leaf_value=-0.00023225539717605184 -0.0116870682880171 0.0073338453764845999 -0.016473056928159709 0.0019561818907599705 0.013334656758430962 -0.0071734855638962208 0.0082234724680117065 -0.0063425096319808414 0.0027355338995572144 0.003272890551958767 0 -4.8770452489784319e-05 0.0002899559350199291 -0.0034651518625734416 -0.0025521475923898263 -0.0012080326217544686 -0.00047063441467395603
leaf_weight=11.000000000000002 14.999999999999998 10.999999999999998 11.000000000000002 10.999999999999998 14.999999999999998 18 11.000000000000002 11.999999999999998 35 19 10.999999999999998 42 252 12.999999999999998 13.000000000000002 29 15.999999999999998
leaf_count=11 15 11 11 11 15 18 11 12 35 19 11 42 252 13 13 29 16
internal_value=-0.000272939 0.000164205 -0.000341277 -0.0085636 0.00840869 0.00012032 -0.000123583 0.000231384 0.000704334 -0.00155176 0.00506538 0.000321278 0.000661917 -0.00123205 -0.000316699 0.0006028 -0.00188072
internal_weight=545 530 504 22 26 482 471 453 364 89 22 342 287 55 77 48 29
internal_count=545 530 504 22 26 482 471 453 364 89 22 342 287 55 77 48 29
is_linear=0
shrinkage=0.0529975


Tree=126
num_leaves=22
num_cat=0
split_feature=30 29 39 29 19 30 30 30 19 7 13 39 6 13 26 5 39 30 8 45 6
split_gain=0.938068 2.19855 0.370296 0.427934 1.32244 0.268832 0.488872 0.194578 0.267938 0.119093 0.146271 0.14294 0.10031 0.100469 0.0793785 0.106699 0.0746545 0.06956 0.0512721 0.0461348 0.0446853
threshold=-1.6045160372440099 1.0939113685825921 -1.0783225139200134 0.16739444859547914 -0.55180057978710095 1.0684567549518114 1.3172068235561969 0.39034647172032694 -0.92602225282107575 1.5744293204194071 0.69391210239694279 -0.88168880801376159 0.27622215148290635 -0.039982119808339538 -1.5454523463728571 -0.50283477765723694 1.8368162572147246 0.89794870023472273 -1.0923923416683397 0.31326884446101144 0.58445819955196932
decision_type=2 2 2 2 2 2 2 2 2 2 2 2 2 2 2 2 2 2 2 2 2
left_child=-1 2 -2 5 -5 7 -7 14 -9 10 11 -6 17 -14 -4 19 -17 -10 -13 -16 -12
right_child=1 -3 3 4 9 6 -8 8 12 -11 20 18 13 -15 15 16 -18 -19 -20 -21 -22
leaf_value=0.011290617050580312 0.0070551913476642027 -0.017928579459923478 0.0037440669304377831 -0.016241065756898827 0.003264432610460743 0.011177067364056917 -0.00090517170367128668 -0.007801676299039881 -1.4593821690685895e-05 0.0032208211986145619 -0.005960279511363205 0.0011306422030463107 -0.0041867286786322283 0.00029707886711850232 -4.2666721333997146e-05 0.00077483839331323834 0.0042359375088345313 0.0038496744847148433 -0.0020754758304546731 -0.0033299232859821557 -0.00054973308611662626
leaf_weight=12.999999999999998 13.999999999999998 13.999999999999998 22 11.999999999999998 19 12.000000000000002 15.999999999999998 10.999999999999998 42 11.999999999999998 15.000000000000002 10.999999999999998 24 20 42 139 17 10.999999999999998 54 13.999999999999998 10.999999999999998
leaf_count=13 14 14 22 12 19 12 16 11 42 12 15 11 24 20 42 139 17 11 54 14 11
internal_value=-0.000266835 -0.000684932 -5.72328e-06 -0.000296202 -0.00280372 0.00062358 0.0051256 0.000152954 -0.0016293 -0.000728499 -0.00136378 -0.00010818 -0.000448064 -0.00221774 0.00102479 0.000615336 0.00133796 0.000978797 -0.00138485 -0.00121973 -0.00442152
internal_weight=545 532 518 504 134 370 28 342 108 122 110 84 97 44 234 212 156 53 65 56 26
internal_count=545 532 518 504 134 370 28 342 108 122 110 84 97 44 234 212 156 53 65 56 26
is_linear=0
shrinkage=0.0529975


Tree=127
num_leaves=16
num_cat=0
split_feature=29 39 29 1 29 29 19 37 3 8 25 39 29 7 34
split_gain=0.934725 0.752856 0.639887 0.92214 0.533018 0.301004 0.407692 0.119982 0.236892 0.131572 0.117738 0.0690089 0.0448909 0.0374222 0.0210924
threshold=1.3382556559007897 -1.037851409117408 0.74954040166073665 0.33725197380951638 0.7731741465887918 -1.1125084092197188 -0.95772725582126561 2.1084445962342691 -0.16109382014279092 0.66579977688026848 -1.1890938102248458 -0.89389050235215495 0.25224183869804911 0.042432159270275466 -0.76961269148664779
decision_type=2 2 2 2 2 2 2 2 2 2 2 2 2 2 2
left_child=1 4 5 -4 -1 -3 -7 9 -9 11 -11 13 -13 -8 -12
right_child=-2 2 3 -5 -6 6 7 8 -10 10 14 12 -14 -15 -16
leaf_value=0 -0.011229541385806709 0.007052313364649873 -0.015997101238879635 0.0022205716556482724 0.013715084143071094 -0.0068604893430056733 0.004073866946289314 0.0074157620599677333 -0.0014353948557873659 -0.0048796740702816152 0.00091165076351827764 0.00043368000202810222 -0.0011151001220027997 0 -0.0011725407841174547
leaf_weight=13.000000000000002 14.999999999999998 10.999999999999998 11.000000000000002 10.999999999999998 12.999999999999998 18 15.000000000000002 12.000000000000002 10.999999999999998 21 17 284 57 11.999999999999998 24
leaf_count=13 15 11 11 11 13 18 15 12 11 21 17 284 57 12 24
internal_value=-0.00025721 0.000162452 -0.000320949 -0.00811414 0.00805531 0.000115779 -0.000118197 0.000220618 0.00352029 0 -0.0021463 0.000388046 0.000139868 0.00271573 -0.000153685
internal_weight=545 530 504 22 26 482 471 453 23 430 62 368 341 27 41
internal_count=545 530 504 22 26 482 471 453 23 430 62 368 341 27 41
is_linear=0
shrinkage=0.0529975


Tree=128
num_leaves=24
num_cat=0
split_feature=30 29 39 29 19 30 30 30 10 46 30 8 47 26 5 39 38 5 45 3 12 12 8
split_gain=0.912616 2.03169 0.325357 0.379912 1.23816 0.250194 0.460161 0.149686 0.211917 0.148315 0.112833 0.0887366 0.0790581 0.0758736 0.0964454 0.0681995 0.0468857 0.0442679 0.041986 0.0293415 0.0251388 0.017113 0.00109403
threshold=-1.6045160372440099 1.0939113685825921 -1.0783225139200134 0.11881274814264779 -0.60422274417682142 1.0684567549518114 1.3172068235561969 0.39034647172032694 0.3867303336504192 -0.18832435130588573 0.58676884827254006 -1.1891354581061548 0.73036341580924213 -1.5454523463728571 -0.50283477765723694 1.8368162572147246 -0.24281526106861553 0.57815287283190997 0.31326884446101144 0.21958105720392354 0.096053270821981951 -0.4527830702255598 1.3584276793312708
decision_type=2 2 2 2 2 2 2 2 2 2 2 2 2 2 2 2 2 2 2 2 2 2 2
left_child=-1 2 -2 5 -5 7 -7 13 20 -10 11 -6 16 22 18 -16 -13 -14 -15 -11 21 -9 -4
right_child=1 -3 3 4 10 6 -8 8 9 19 -12 12 17 14 15 -17 -18 -19 -20 -21 -22 -23 -24
leaf_value=0.011152768795230568 0.0066116604945848255 -0.017235889244339581 0.00098769686637052647 -0.015578882408804092 0.001817101898390608 0.010854669760843184 -0.00086128332356277739 0.00076115427306354909 -0.0071417886328846323 -0.0025671238412774289 0.0033217613784179843 -0.0054499165098655308 0.0020214170169191841 -4.7430380737234165e-05 0.00070696759242593532 0.0041000797892619496 -0.0016230397423923767 -0.0011366289946664872 -0.0031950647717435207 0.00014825782515347834 0.0023959145887015622 -0.0010761556450678258 0.0045422936805755458
leaf_weight=12.999999999999998 13.999999999999998 13.999999999999998 11.000000000000002 11.999999999999998 15.999999999999998 12.000000000000002 15.999999999999998 28.999999999999996 17 11.000000000000002 10.999999999999998 12.999999999999991 13.999999999999998 42 129 15.999999999999998 55.000000000000007 27 13.999999999999998 19 10.999999999999998 18.000000000000004 10.999999999999998
leaf_count=13 14 14 11 12 16 12 16 29 17 11 11 13 14 42 129 16 55 27 14 19 11 18 11
internal_value=-0.000246744 -0.000659488 -6.03403e-06 -0.000279131 -0.00249063 0.000646989 0.00498333 0.000173079 -0.00140222 -0.00385236 -0.000677479 -0.00121868 -0.00179655 0.000962607 0.000543363 0.00127559 -0.0028314 0 -0.00117992 -0.000915128 0.000649032 0 0.0036067
internal_weight=545 532 518 504 148 356 28 328 105 47 136 125 109 223 201 145 68 41 56 30 58 47 22
internal_count=545 532 518 504 148 356 28 328 105 47 136 125 109 223 201 145 68 41 56 30 58 47 22
is_linear=0
shrinkage=0.0529975


Tree=129
num_leaves=17
num_cat=0
split_feature=39 30 29 30 19 7 31 29 29 30 6 30 9 47 29 45
split_gain=0.869613 1.16593 0.346007 0.878813 0.504888 0.328017 0.208203 0.800663 0.243456 0.0774511 0.0667437 0.0940516 0.0636961 0.0571812 0.038815 0.0300374
threshold=-1.1558530955085182 -1.4739652562250283 -0.8007581298917843 1.2529128884377021 -0.95772725582126561 -1.897707229271955 0.66856331366879385 0.6273942987389155 0.7731741465887918 0.86544403751546073 1.389307088260046 0.36035248426005978 -1.1925206000294124 0.80004360165012389 -0.85191837106913615 0.54038094320560914
decision_type=2 2 2 2 2 2 2 2 2 2 2 2 2 2 2 2
left_child=-1 -2 4 5 -3 -4 7 10 9 13 12 -12 -7 -8 15 -6
right_child=1 2 3 -5 14 6 8 -9 -10 -11 11 -13 -14 -15 -16 -17
leaf_value=-0.011698568768872843 0.01304350397726467 0.011236136301201906 -0.0073487635887153823 -0.012636633159810855 0.00053614745267240125 0.002224509091638462 -0.00081779434993482444 -0.0098610147198982638 0.0065084652834120332 0.003803625796231678 0 -0.0048747250309058117 -9.2437835838767322e-06 0.002096447577324845 0.0021761728440620955 -0.0022701032582560987
leaf_weight=11.999999999999998 12.999999999999998 10.999999999999998 11.999999999999998 10.999999999999998 12.999999999999998 35 70 19 19 10.999999999999998 23 11.999999999999998 239 19 12.000000000000002 13.999999999999998
leaf_count=12 13 11 12 11 13 35 70 19 19 11 23 12 239 19 12 14
internal_value=-0.000235396 0.000137005 -0.000317397 -0.000789601 0.00360582 -0.000331369 -3.27803e-05 -0.00073776 0.00179665 0.000517963 0 -0.00199692 0.000292674 -2.90655e-05 8.78794e-05 -0.000855377
internal_weight=545 533 520 470 50 459 447 328 119 100 309 35 274 89 39 27
internal_count=545 533 520 470 50 459 447 328 119 100 309 35 274 89 39 27
is_linear=0
shrinkage=0.0529975


Tree=130
num_leaves=10
num_cat=0
split_feature=45 30 30 30 30 34 39 29 4
split_gain=0.886325 0.747247 0.344813 0.28849 0.350227 0.311278 0.566024 0.181624 0.0726129
threshold=1.7894974863008961 -1.6045160372440099 1.2529128884377021 1.0684567549518114 0.90938718312148792 1.9839258697045794 -1.0783225139200134 0.96361458521015575 -0.5393208141406366
decision_type=2 2 2 2 2 2 2 2 2
left_child=1 -1 3 4 5 6 -3 8 -8
right_child=-2 2 -4 -5 -6 -7 7 -9 -10
leaf_value=0.010482291964605768 -0.011799410963674085 0.0087685816811077996 -0.0067101971219245679 0.0068564568783685154 -0.0060393322578024605 -0.005839508338458619 -0.00063260004175552317 -0.0051602120295938152 0.00078163650985086958
leaf_weight=12.999999999999998 11.999999999999998 15.999999999999998 15.999999999999998 10.999999999999998 21 17 149 11.999999999999998 278
leaf_count=13 12 16 16 11 21 17 149 12 278
internal_value=-0.000226237 0.000149735 -0.000211854 5.72182e-05 -0.000161062 0.000158341 0.00047063 3.84197e-05 0.000270087
internal_weight=545 533 520 504 493 472 455 439 427
internal_count=545 533 520 504 493 472 455 439 427
is_linear=0
shrinkage=0.0529975


Tree=131
num_leaves=21
num_cat=0
split_feature=29 13 19 29 0 29 19 19 3 10 2 7 30 29 9 44 29 19 45 9
split_gain=0.889243 0.673247 0.762847 0.541877 0.970194 0.29357 0.715361 0.475507 0.146325 0.131553 0.0745431 0.0616214 0.0404308 0.0602218 0.0483764 0.0428094 0.0369756 0.0368331 0.027566 0.0130547
threshold=1.3382556559007897 1.009141835424715 0.56461929902412689 0.74954040166073665 1.2070188308161685 -0.8007581298917843 -0.94590896873541463 -0.95772725582126561 0.090850422352377599 0.79645243786982534 -1.0530676585040981 -0.87994315168047754 -0.19480581771904446 0.60923513714294653 1.3928135279416141 0.70547720845605821 -0.85191837106913615 0.31174526624074356 0.54038094320560914 -0.74096380518180815
decision_type=2 2 2 2 2 2 2 2 2 2 2 2 2 2 2 2 2 2 2 2
left_child=1 3 8 5 -5 7 -7 -1 -3 -10 11 -8 15 14 -14 17 18 -12 -9 -17
right_child=-2 2 -4 4 -6 6 10 16 9 -11 12 -13 13 -15 -16 19 -18 -19 -20 -21
leaf_value=0.011009973273882562 -0.0109235017471448 -0.0025703075260617779 0.015104910464123563 -0.015259853103300362 0.0030001564152495972 -0.010266992898439192 -0.0046326700843598552 0.00055797714551086472 0.0059325733275903602 -0.00018789897242544123 2.778413935553937e-05 0 -0.00018955208369774535 -0.0031950127134684515 0.0021045372974055317 0.00056669972477937306 0.0021897825180238967 0.0026388333188524333 -0.0021253199978314829 -0.0010306614593390134
leaf_weight=10.999999999999998 14.999999999999998 11.999999999999998 10.999999999999998 12.000000000000002 10.999999999999998 13.999999999999998 11.000000000000002 12.999999999999998 15.000000000000002 13.999999999999998 30 13.999999999999998 217 10.999999999999998 23 18 12.000000000000002 44 13.999999999999998 23
leaf_count=11 15 12 11 12 11 14 11 13 15 14 30 14 217 11 23 18 12 44 14 23
internal_value=-0.000220278 0.000188429 0.00559162 -0.000446929 -0.00747148 0 -0.00048976 0.00360065 0.00128903 0.00325236 0 -0.00248683 0.000218003 -0.000138325 4.7846e-05 0.00102177 0.00016688 0.00174904 -0.000755069 -0.000197931
internal_weight=545 530 52 478 23 455 405 50 41 29 391 25 366 251 240 115 39 74 27 41
internal_count=545 530 52 478 23 455 405 50 41 29 391 25 366 251 240 115 39 74 27 41
is_linear=0
shrinkage=0.0529975


Tree=132
num_leaves=15
num_cat=0
split_feature=45 19 29 19 29 29 19 34 26 19 9 3 8 19
split_gain=0.849411 0.646251 0.505871 0.27568 0.168138 0.189443 0.187236 0.132227 0.137107 0.0813229 0.0553009 0.0548353 0.0742721 0.0392576
threshold=1.7894974863008961 0.95720864136975359 0.96361458521015575 -1.084056395528697 0.78170629896345034 0.51570612243515501 0.056972887554589562 -1.0254979019753936 -0.47109149564709568 -0.18832185409516231 0.7019025238715112 -0.94635069273722194 -0.57956101264722126 0.044058632693227386
decision_type=2 2 2 2 2 2 2 2 2 2 2 2 2 2
left_child=1 2 3 -1 5 7 -7 8 9 -5 -8 13 -13 -9
right_child=-2 -3 -4 4 -6 6 10 11 -10 -11 -12 12 -14 -15
leaf_value=-0.0065004221568385461 -0.011542023651012119 0.0083164244648612617 -0.0076016532306618957 -0.0020668519896906721 0.0055504745232009649 -0.0069018772597598289 0.0015558541813476281 -0.0031633704964482293 0.0058772444146978787 0.0027479895710513127 -0.0023532295864263134 0.0018220274132330939 0 0
leaf_weight=10.999999999999998 11.999999999999998 20 19 14.000000000000002 10.999999999999998 13.999999999999998 17.000000000000004 15.999999999999998 19 12.999999999999998 11.999999999999998 73 272 22
leaf_count=11 12 20 19 14 11 14 17 16 19 13 12 73 272 22
internal_value=-0.000211953 0.000155743 -0.000241365 0.000115524 0.000358346 0.000154619 -0.0029509 0.000518338 0.00303448 0.000117821 0 0.000156064 0.000390926 -0.00158014
internal_weight=545 533 513 494 483 472 43 429 46 27 29 383 345 38
internal_count=545 533 513 494 483 472 43 429 46 27 29 383 345 38
is_linear=0
shrinkage=0.0529975


Tree=133
num_leaves=18
num_cat=0
split_feature=39 38 29 29 19 29 6 29 30 19 44 19 39 45 29 13 39
split_gain=0.833771 1.0067 0.572422 0.27857 0.328286 1.18468 0.0882585 0.103407 0.096267 0.081994 0.0741214 0.0843407 0.0702743 0.0459467 0.0454458 0.0400847 0.019411
threshold=-1.1558530955085182 -0.85777646155359866 0.99250610888350865 -1.1125084092197188 -0.77729306540003507 -0.54213609959460229 0.46114156163059888 -0.15716204103522488 -0.41432049956592126 -0.68361382853397312 -1.2624566551833614 -0.3357664568293684 -0.38841790629953959 1.1081611900671031 -0.74356857378253738 -0.67536705044244283 1.2513520998271794
decision_type=2 2 2 2 2 2 2 2 2 2 2 2 2 2 2 2 2
left_child=-1 -2 3 -3 5 -5 8 14 12 -10 -9 -12 -6 -11 -8 -16 -14
right_child=1 2 -4 4 6 -7 7 10 9 13 11 -13 16 -15 15 -17 -18
leaf_value=-0.011434923233007417 0.011268289608523703 0.0067002013355378486 -0.0095900660848220985 0.0036068001258692697 0.0056915972266863169 -0.01304282782774264 -0.0017528691667874222 0.0010121105623663907 0.003766834982051184 0.00028733403197902098 -0.005135294292735273 -0.0008834046113157688 4.4710846408388999e-05 -0.0016396637065425219 -0.0011813614947133822 0.0015958198686051694 0.0023288530316639424
leaf_weight=11.999999999999998 15.999999999999998 10.999999999999998 11.999999999999998 20 10.999999999999998 17 13.999999999999998 10.999999999999998 10.999999999999998 191 23 39 31 36 10.999999999999998 61 18
leaf_count=12 16 11 12 20 11 17 14 11 11 191 23 39 31 36 11 61 18
internal_value=-0.000209585 0.000154588 -0.000301255 1.57478e-05 -0.000197697 -0.00463271 0.000201637 -0.000767613 0.000746704 0.000212161 -0.00217039 -0.00287721 0.00254929 -2.26251e-05 0.000411048 0.00102377 0.00117322
internal_weight=545 533 517 505 494 37 457 159 298 238 73 62 60 227 86 72 49
internal_count=545 533 517 505 494 37 457 159 298 238 73 62 60 227 86 72 49
is_linear=0
shrinkage=0.0529975


Tree=134
num_leaves=19
num_cat=0
split_feature=45 30 30 30 27 39 6 35 39 38 13 6 47 38 12 7 39 39
split_gain=0.798383 0.654855 0.2957 0.26984 0.301913 0.54268 0.497387 0.309052 0.563219 0.15527 0.101697 0.125976 0.0799492 0.0795524 0.0616476 0.0594771 0.032902 0.0172021
threshold=1.7894974863008961 -1.6045160372440099 1.2529128884377021 1.0684567549518114 -0.33576645682938006 -0.812326624193484 0.46114156163059888 1.8683597752269181 -1.0783225139200134 -0.75348243586137342 -0.054758513544016361 0.27622215148290635 0.24260211492306979 -0.1309571618684742 1.0572974616442488 -0.47670922529196619 -0.91694156627406687 -0.074935809284198865
decision_type=2 2 2 2 2 2 2 2 2 2 2 2 2 2 2 2 2 2
left_child=1 -1 3 4 5 6 -3 8 -6 -10 11 17 15 -11 -13 -12 -8 -7
right_child=-2 2 -4 -5 7 10 16 -9 9 13 12 14 -14 -15 -16 -17 -18 -19
leaf_value=0.0098273216802341641 -0.011186075512360696 -0.014412344576477974 -0.0062017181190730589 0.0066404433229822271 0.0096882716509748348 0.0022047454515870583 0 -0.0057187453281766715 -0.0044218994830795893 0.0021016206833488968 -0.0025122001012740226 -0.0046586793616154492 0.0040306340490492447 0.00019202294871424001 0 0.0017760099280518407 -0.0032155211326494104 0
leaf_weight=12.999999999999998 11.999999999999998 10.999999999999998 15.999999999999998 10.999999999999998 13.999999999999998 11.000000000000002 12.999999999999998 13.999999999999998 10.999999999999998 83 11.000000000000002 23 17 234 10.999999999999998 12.999999999999998 12.000000000000002 14.999999999999998
leaf_count=13 12 11 16 11 14 11 13 14 11 83 11 23 17 234 11 13 12 15
internal_value=-0.000201283 0.000154766 -0.000183044 6.50008e-05 -0.00014575 -0.00221722 -0.00728215 0.000655646 0.0010307 0.000472954 -3.96852e-05 -0.00143887 0.00178162 0.000743371 -0.00337715 -6.58717e-05 -0.00173831 0.0010354
internal_weight=545 533 520 504 493 137 36 356 342 328 101 60 41 317 34 24 25 26
internal_count=545 533 520 504 493 137 36 356 342 328 101 60 41 317 34 24 25 26
is_linear=0
shrinkage=0.0529975


Tree=135
num_leaves=17
num_cat=0
split_feature=29 39 29 1 29 29 28 29 25 1 5 35 3 13 26 30
split_gain=0.851893 0.621776 0.507219 0.787371 0.501223 0.263833 0.276272 0.0935016 0.151607 0.148735 0.108947 0.0731394 0.0448253 0.107163 0.0374359 0.0313138
threshold=1.3382556559007897 -1.037851409117408 0.74954040166073665 0.33725197380951638 0.7731741465887918 -1.1125084092197188 -0.9595310585171114 0.24207146523303721 -0.71293023027759161 -1.2861886282759738 -0.87164713458775489 -1.1312494572632468 -0.52153959772711989 0.41808608599764202 0.97816226116473237 1.007757035394693
decision_type=2 2 2 2 2 2 2 2 2 2 2 2 2 2 2 2
left_child=1 4 5 -4 -1 -3 -7 9 -9 10 -8 -11 14 -14 -10 -13
right_child=-2 2 3 -5 -6 6 7 8 12 11 -12 15 13 -15 -16 -17
leaf_value=-8.525741465147433e-05 -0.010675866994581172 0.0066405647099415021 -0.014488877997603492 0.0022531124938504226 0.012870370062863 -0.0056232934835455323 0 -0.0058098257713185344 -0.0029102687578727872 -0.0030278309309274875 0.006321368054145406 0.0002479621149387418 -0.0010569276981683335 0.0034859709349630151 0.0001320001595718333 0.0023932158567195791
leaf_weight=13.000000000000002 14.999999999999998 10.999999999999998 11.000000000000002 10.999999999999998 12.999999999999998 18 15.000000000000002 10.999999999999998 18.000000000000004 11.999999999999998 14.999999999999998 306 29 18 12.999999999999998 15.999999999999998
leaf_count=13 15 11 11 11 13 18 15 11 18 12 15 306 29 18 13 16
internal_value=-0.000199128 0.000200471 -0.00023814 -0.00717876 0.00737228 0.000148658 -6.98888e-05 0.00020614 -0.00125702 0.000597343 0.00384801 0.000222106 -0.000162884 0.000748682 -0.00163107 0.000417657
internal_weight=545 530 504 22 26 482 471 453 89 364 30 334 78 47 31 322
internal_count=545 530 504 22 26 482 471 453 89 364 30 334 78 47 31 322
is_linear=0
shrinkage=0.0529975


Tree=136
num_leaves=20
num_cat=0
split_feature=29 36 19 29 8 29 19 19 3 10 2 7 10 8 8 19 45 45 25
split_gain=0.788397 0.576895 0.65604 0.45901 0.881866 0.267465 0.554886 0.451406 0.138899 0.125703 0.0637042 0.0536207 0.0369899 0.0359878 0.109924 0.0507452 0.0503799 0.0287276 0.02725
threshold=1.3382556559007897 -1.1775705755317434 0.56461929902412689 0.74954040166073665 -0.86097211864665513 -0.8007581298917843 -0.94590896873541463 -0.95772725582126561 0.090850422352377599 0.79645243786982534 -1.0530676585040981 -0.87994315168047754 1.0000000180025095e-35 -0.74199266462636426 -0.65448179333522094 -0.27459863756046599 -0.70873559988967771 0.65393699257790783 -0.82075066646577588
decision_type=2 2 2 2 2 2 2 2 2 2 2 2 2 2 2 2 2 2 2
left_child=1 2 8 5 -5 7 -7 -3 -1 -10 11 -8 -9 15 -15 -12 -16 -17 -14
right_child=-2 3 -4 4 -6 6 10 12 9 -11 13 -13 18 14 16 17 -18 -19 -20
leaf_value=-0.0025568509117707707 -0.01027165905931952 0.01066825043777994 0.014018486522343759 0.0030355256504069729 -0.014310478975806609 -0.0090636878885490876 -0.0043215255104014942 0.0021459991488178573 0.0057370363400571969 -0.00022733587959025402 -0.0030514340450871519 0 0.00065063150005930607 0.0042028244705027583 0.0012494922219845896 -0.00078564176936634224 -0.00029523565588257831 0.0011648049902904796 -0.0020329205520212218
leaf_weight=11.999999999999998 14.999999999999998 10.999999999999998 10.999999999999998 11.000000000000002 11.999999999999998 13.999999999999998 11.000000000000002 11.999999999999998 15.000000000000002 13.999999999999998 13.999999999999998 13.999999999999998 10.999999999999998 14.999999999999998 79 50 180 28 16.000000000000004
leaf_count=12 15 11 11 11 12 14 11 12 15 14 14 14 11 15 79 50 180 28 16
internal_value=-0.000192729 0.000191214 0.00519302 -0.00039608 -0.00686152 5.93041e-07 -0.000452584 0.00345144 0.00119004 0.00311251 0 -0.00231984 0.000110269 0.000180479 0.000498341 -0.00066749 0.000167191 0 -0.000808388
internal_weight=545 530 52 478 23 455 405 50 41 29 391 25 39 366 274 92 259 78 27
internal_count=545 530 52 478 23 455 405 50 41 29 391 25 39 366 274 92 259 78 27
is_linear=0
shrinkage=0.0529975


Tree=137
num_leaves=17
num_cat=0
split_feature=45 30 29 19 37 35 35 34 29 29 29 30 1 10 7 34
split_gain=0.77451 0.671171 0.260183 1.08984 0.548695 0.219866 0.320594 0.522588 0.431818 0.153096 0.171403 0.0466314 0.0704834 0.0562976 0.0122711 0.0117591
threshold=1.7894974863008961 -1.6045160372440099 -0.62400762929631193 -0.77729306540003507 -0.7098019992819159 1.8683597752269181 1.5848058716099744 1.5282221012143749 0.91470921892100709 0.69848664362485546 0.24627008227285696 0.64606948963358668 -0.046290760559894624 0.85910532906678883 0.28429852049899468 1.8287459743947443
decision_type=2 2 2 2 2 2 2 2 2 2 2 2 2 2 2 2
left_child=1 -1 4 -4 -3 6 8 -8 9 10 -5 12 13 -6 -13 -9
right_child=-2 2 3 5 11 -7 7 15 -10 -11 -12 14 -14 -15 -16 -17
leaf_value=0.0099575106717047935 -0.011004625995310349 0.010705000749919062 -0.011945547887670206 0.00038648744523764897 0.0013216324747182331 -0.0055146150970540684 0.010057981212472566 -0.0014532229567479295 -0.0081443707021460338 0.004688142438040427 -0.0025092910520899117 -0.002251203212633742 0.003707409508614016 -0.002506809032069159 0 0.00021990249799196855
leaf_weight=12.999999999999998 11.999999999999998 11.999999999999998 17 270 20 13.999999999999998 17 12.000000000000002 12.999999999999998 12.999999999999998 66 12.000000000000002 13.999999999999998 11.999999999999998 11.999999999999998 15.999999999999998
leaf_count=13 12 12 17 270 20 14 17 12 13 13 66 12 14 12 12 16
internal_value=-0.000184699 0.000165661 -0.000176582 -0.000708659 0.00244074 -7.71736e-05 0.000170304 0.00411758 -0.000360498 4.24429e-05 -0.000195926 0.000199217 0.00121891 -9.92517e-05 -0.00137532 -0.000421547
internal_weight=545 533 520 438 82 421 407 45 362 349 336 70 46 32 24 28
internal_count=545 533 520 438 82 421 407 45 362 349 336 70 46 32 24 28
is_linear=0
shrinkage=0.0529975


Tree=138
num_leaves=26
num_cat=0
split_feature=39 38 19 5 44 19 39 39 39 19 30 19 45 26 1 19 37 2 31 37 37 47 47 9 13
split_gain=0.798309 0.884461 0.161158 0.829051 0.251152 0.306028 0.158903 0.140933 0.127528 0.148725 0.160678 0.0780434 0.110782 0.104976 0.0712265 0.0689284 0.0452062 0.0348339 0.0419268 0.0743855 0.027043 0.019979 0.0167891 0.0153423 0.00874283
threshold=-1.1558530955085182 -0.85777646155359866 -0.3357664568293684 0.63685018902434853 1.1974606743659131 -0.97088705664890151 -0.66293115134980962 -1.0606611111965953 -0.80460331585396416 0.33105089177526276 0.12619616011821214 -0.73828673672853917 0.31326884446101144 0.58121020734044138 -0.24728728097651712 -0.53091630390676692 0.2442919002417939 -1.1198688162489947 0.38088863983636262 2.003599112770122 1.4563056890872954 -0.24515918596310252 0.86972378749100565 -0.14121735629515034 0.16196192791257707
decision_type=2 2 2 2 2 2 2 2 2 2 2 2 2 2 2 2 2 2 2 2 2 2 2 2 2
left_child=-1 -2 3 4 5 -3 -6 -4 9 10 14 12 -7 15 -9 -13 21 -18 19 -19 -20 23 24 -10 -23
right_child=1 2 7 -5 6 11 -8 8 16 -11 -12 13 -14 -15 -16 -17 17 18 20 -21 -22 22 -24 -25 -26
leaf_value=-0.011162020561200822 0.010595414310669678 -0.0075798634245007853 -0.0041320281610927843 -0.012348710707720346 0.0073798266265581629 0.0045362103872814584 0 0.0012267533533451207 0.0012889982872956798 0.006610557533554863 0.0046678375792694815 -0.0034483373364316188 -0.0011503505089848121 0.0023809479016758655 -0.0027552272565282161 -0.00020600563476934903 0.0030000457275974543 0.0003981095422936624 0.00022122118529118747 -0.0032537481005840388 0.0031990523812378551 -0.0017375793496783893 0 -0.00050055348276652363 0
leaf_weight=11.999999999999998 15.999999999999998 12.999999999999998 11.999999999999998 11.999999999999998 11.000000000000002 14.000000000000002 17 15.999999999999995 18 13.999999999999998 14.999999999999998 33.999999999999993 11.999999999999998 13.999999999999998 21.000000000000004 45.000000000000007 11.999999999999998 76 27 12.999999999999998 13.999999999999998 51 21 19 15.999999999999998
leaf_count=12 16 13 12 12 11 14 17 16 18 14 15 34 12 14 21 45 12 76 27 13 14 51 21 19 16
internal_value=-0.000176781 0.00017901 -0.000247785 -0.00155263 -0.000284015 -0.00131732 0.00375496 0.000398258 0.000652318 0.002636 0.000872653 -0.000246491 0.00196963 -0.00101838 -0.000939902 -0.00182845 8.92544e-05 0.000743683 0.000360949 -0.000233496 0.0016651 -0.000600869 -0.00103335 0.000265944 -0.00142162
internal_weight=545 533 517 172 160 132 28 345 333 66 52 119 26 93 37 79 267 142 130 89 41 125 88 37 67
internal_count=545 533 517 172 160 132 28 345 333 66 52 119 26 93 37 79 267 142 130 89 41 125 88 37 67
is_linear=0
shrinkage=0.0529975


Tree=139
num_leaves=17
num_cat=0
split_feature=29 39 29 1 29 29 19 29 25 13 8 39 45 39 6 15
split_gain=0.754242 0.576478 0.440472 0.696023 0.436803 0.245288 0.205557 0.0825278 0.142373 0.129906 0.0424594 0.0438948 0.0397123 0.0392793 0.0710465 0.000861075
threshold=1.3382556559007897 -1.037851409117408 0.74954040166073665 0.33725197380951638 0.7731741465887918 -1.1125084092197188 -0.95772725582126561 0.24207146523303721 -0.71293023027759161 1.0583964812103044 0.66579977688026848 -0.73762888777164703 0.88104909132250542 -0.72037846618712831 -0.35546998807432423 -0.27406505412298726
decision_type=2 2 2 2 2 2 2 2 2 2 2 2 2 2 2 2
left_child=1 4 5 -4 -1 -3 -7 9 -9 10 11 -8 -12 14 -10 -15
right_child=-2 2 3 -5 -6 6 7 8 13 -11 12 -13 -14 15 -16 -17
leaf_value=0 -0.010026398059824611 0.0064048337339318853 -0.013563931853691627 0.0021452615508652669 0.012239530620577602 -0.0048563345000566562 0.0021963223131524459 -0.0056136002548578881 0.0027767048614870831 0.0045131152856693023 0 0.00024628553727033212 -0.003071481276001872 -0.0019352742213280931 -0.00081819185529142721 -0.00011594764277867415
leaf_weight=13.000000000000002 14.999999999999998 10.999999999999998 11.000000000000002 10.999999999999998 12.999999999999998 18 34 10.999999999999998 20 15.999999999999998 43 259 11.999999999999998 18.000000000000004 29 10.999999999999998
leaf_count=13 15 11 11 11 13 18 34 11 20 16 43 259 12 18 29 11
internal_value=-0.000167269 0.00020778 -0.0002142 -0.0066827 0.00711314 0.000145218 -6.5008e-05 0.000171115 -0.00120257 0.000539914 0.000264153 0.000535439 -0.000977118 -0.000141011 0.000664878 -0.00158288
internal_weight=545 530 504 22 26 482 471 453 89 364 348 293 55 78 49 29
internal_count=545 530 504 22 26 482 471 453 89 364 348 293 55 78 49 29
is_linear=0
shrinkage=0.0529975


Tree=140
num_leaves=18
num_cat=0
split_feature=39 30 29 30 19 7 31 29 14 29 30 47 31 6 16 6 17
split_gain=0.744059 0.858214 0.292357 0.614242 0.428741 0.239972 0.151702 0.531281 0.329832 0.213873 0.0674016 0.0513342 0.0494588 0.0627586 0.0371884 0.0359146 0.0269167
threshold=-1.1558530955085182 -1.4739652562250283 -0.8007581298917843 1.2529128884377021 -0.95772725582126561 -1.897707229271955 0.66856331366879385 0.55429414669926913 0.074484303702942664 0.7731741465887918 0.86544403751546073 0.80004360165012389 -0.90019152994632201 0.21253976309500919 0.2220264449986272 0.1282705344976546 -0.76795920376919746
decision_type=2 2 2 2 2 2 2 2 2 2 2 2 2 2 2 2 2
left_child=-1 -2 4 5 -3 -4 7 12 -9 10 11 -8 14 -14 -7 -6 -17
right_child=1 2 3 -5 15 6 9 8 -10 -11 -12 -13 13 -15 -16 16 -18
leaf_value=-0.010770629369883851 0.011250242277571354 0.010429871093206807 -0.006262149638068636 -0.010552168679374037 0.0021328514647371761 0 -0.00087940261071800551 -0.011270816814542034 -9.3948534815769852e-05 0.0059647159786867772 0.0034421629920335893 0.0018681052873914393 0.00054657774513810901 -0.0011052767200027713 0.0024668444496915246 0.00067081426603696789 -0.0019970248453510379
leaf_weight=11.999999999999998 12.999999999999998 10.999999999999998 11.999999999999998 10.999999999999998 11.999999999999998 26 70 14.000000000000002 13.999999999999998 19 10.999999999999998 19 124 118 32 10.999999999999998 16.000000000000004
leaf_count=12 13 11 12 11 12 26 70 14 14 19 11 19 124 118 32 11 16
internal_value=-0.00016476 0.000178231 -0.000210389 -0.000646562 0.00339509 -0.000261136 -3.85545e-06 -0.000608333 -0.00689011 0.00155564 0.000361983 -0.000138435 7.86719e-05 -0.000237957 0.00140743 0.000130182 -0.000774063
internal_weight=545 533 520 470 50 459 447 328 28 119 100 89 300 242 58 39 27
internal_count=545 533 520 470 50 459 447 328 28 119 100 89 300 242 58 39 27
is_linear=0
shrinkage=0.0529975


Tree=141
num_leaves=15
num_cat=0
split_feature=45 30 29 30 1 5 34 39 26 29 8 31 53 9
split_gain=0.723239 0.596814 0.235642 0.935332 0.885584 0.58858 0.216106 0.482889 0.135525 0.202489 0.0739029 0.0443888 0.0373493 0.0178361
threshold=1.7894974863008961 -1.6045160372440099 -0.62400762929631193 0.97505087236928578 0.052856340841722159 -1.0869381551188761 1.9839258697045794 -1.0783225139200134 1.7676063134409525 0.88678181099218489 0.71531411641482723 -0.23990902356405411 1.0000000180025095e-35 0.59969858694021938
decision_type=2 2 2 2 2 2 2 2 2 2 2 2 2 2
left_child=1 -1 5 6 -5 -3 7 -4 9 10 -9 12 -7 -13
right_child=-2 2 3 4 -6 11 -8 8 -10 -11 -12 13 -14 -15
leaf_value=0.0094133253974984891 -0.010614166620522114 0.010341430861655537 0.0079204938886811693 -0.017139759993025822 0.00093025635889771186 0 -0.0050032005707751287 0.0002443468471258322 0.0044607942667392285 -0.0058561248110882485 -0.0017686209159532707 0.0019318397312435198 -0.003210567290077767 0
leaf_weight=12.999999999999998 11.999999999999998 13.999999999999998 15.999999999999998 12.000000000000002 10.999999999999998 18 17 304 10.999999999999998 11.999999999999998 55 22 11.000000000000002 17
leaf_count=13 12 14 16 12 11 18 17 304 11 12 55 22 11 17
internal_value=-0.000157435 0.000180495 -0.000141729 -0.000649096 -0.00985151 0.00234854 0 0.000278512 -0.000141032 -0.000364784 -6.88999e-05 0 -0.00141722 0.0010994
internal_weight=545 533 520 438 23 82 415 398 382 371 359 68 29 39
internal_count=545 533 520 438 23 82 415 398 382 371 359 68 29 39
is_linear=0
shrinkage=0.0529975


Tree=142
num_leaves=19
num_cat=0
split_feature=29 13 19 29 8 29 19 19 3 10 2 7 29 30 30 29 38 45
split_gain=0.715823 0.498001 0.571161 0.394154 0.734775 0.233482 0.424176 0.406945 0.127006 0.106737 0.0541156 0.0483531 0.0349962 0.0337839 0.03953 0.0464697 0.0285704 0.0211593
threshold=1.3382556559007897 1.009141835424715 0.56461929902412689 0.74954040166073665 -0.86097211864665513 -0.8007581298917843 -0.94590896873541463 -0.95772725582126561 0.090850422352377599 0.79645243786982534 -1.0530676585040981 -0.87994315168047754 -0.85191837106913615 1.007757035394693 -0.19480581771904446 0.60923513714294653 -0.62108709288109554 0.54038094320560914
decision_type=2 2 2 2 2 2 2 2 2 2 2 2 2 2 2 2 2 2
left_child=1 3 8 5 -5 7 -7 -1 -3 -10 11 -8 17 14 16 -16 -12 -9
right_child=-2 2 -4 4 -6 6 10 12 9 -11 13 -13 -14 -15 15 -17 -18 -19
leaf_value=0.010108627721591974 -0.0097578634027644124 -0.0024594062855629235 0.01309742452880776 0.0026957295229148508 -0.013125447400230769 -0.0079179414953445063 -0.0040344215625980574 0.00032131359577175478 0.0053698236591182349 -0.00011480477758743341 -0.0010850613065472613 0 0.0020690496187322125 0.0021933060699588515 -0.0001085730424113731 -0.0030373050544805864 0.0011382697727696787 -0.0019877567009116211
leaf_weight=10.999999999999998 14.999999999999998 11.999999999999998 10.999999999999998 11.000000000000002 11.999999999999998 13.999999999999998 11.000000000000002 12.999999999999998 15.000000000000002 13.999999999999998 10.999999999999998 13.999999999999998 12.000000000000002 15.999999999999998 224 10.999999999999998 104 13.999999999999998
leaf_count=11 15 12 11 11 12 14 11 13 15 14 11 14 12 16 224 11 104 14
internal_value=-0.00015253 0.000212412 0.00485919 -0.000332603 -0.00632522 3.3504e-05 -0.000389192 0.00325711 0.00111118 0.00295649 0 -0.00213155 7.98124e-05 0.000173239 2.58845e-05 -0.000346807 0.000824643 -0.000807953
internal_weight=545 530 52 478 23 455 405 50 41 29 391 25 39 366 350 235 115 27
internal_count=545 530 52 478 23 455 405 50 41 29 391 25 39 366 350 235 115 27
is_linear=0
shrinkage=0.0529975


Tree=143
num_leaves=17
num_cat=0
split_feature=39 30 29 30 19 7 12 29 6 13 30 12 39 6 46 29
split_gain=0.71143 0.766651 0.249767 0.535742 0.378838 0.212687 0.141765 0.382571 0.619451 0.240133 0.0845949 0.0807836 0.0422845 0.0332836 0.0662859 0.0314814
threshold=-1.1558530955085182 -1.4739652562250283 -0.8007581298917843 1.2529128884377021 -0.95772725582126561 -1.897707229271955 -0.79568855045467857 0.63976665760306584 -0.1339160942167725 0.23091843201240225 1.007757035394693 -0.98632518450781059 -0.90565702642975776 0.50353014485828651 -0.18832435130588573 0.19471766191415443
decision_type=2 2 2 2 2 2 2 2 2 2 2 2 2 2 2 2
left_child=-1 -2 4 5 -3 -4 9 10 -9 11 12 15 -8 14 -6 -7
right_child=1 2 3 -5 13 6 7 8 -10 -11 -12 -13 -14 -15 -16 -17
leaf_value=-0.010520078413626897 0.010650659432308623 0.009761904717643927 -0.0058729871917398502 -0.0098354961180039807 -0.00085570852281349557 0.00015729950319753208 0.0011752280092625531 -0.012268046288693938 0.0016979391629588154 0.0062212341434797072 0.0034576185218227824 0.0027694857238684482 -0.00047666531455875191 -0.001332597412563318 0.003660198823422433 -0.0019074028254833571
leaf_weight=11.999999999999998 12.999999999999998 10.999999999999998 11.999999999999998 10.999999999999998 11.999999999999998 45 45 13.000000000000002 12.999999999999998 19 12.999999999999998 21 253 15.999999999999998 11.000000000000002 25
leaf_count=12 13 11 12 11 12 45 45 13 13 19 13 21 253 16 11 25
internal_value=-0.000148704 0.000186279 -0.000180488 -0.000584777 0.00315075 -0.000224085 0 -0.000538386 -0.00605722 0.00160486 6.81439e-06 0.000243981 -0.000185981 7.8426e-05 0.00137348 -0.000580505
internal_weight=545 533 520 470 50 459 447 337 26 110 311 91 298 39 23 70
internal_count=545 533 520 470 50 459 447 337 26 110 311 91 298 39 23 70
is_linear=0
shrinkage=0.0529975


Tree=144
num_leaves=24
num_cat=0
split_feature=45 30 30 29 29 8 16 25 13 30 29 13 6 39 26 8 44 9 9 39 19 19 26
split_gain=0.714895 0.553202 0.21779 0.882301 0.274971 0.862943 0.227307 0.257315 0.139995 0.11711 0.0982062 0.115451 0.0932716 0.0673696 0.0571133 0.0545923 0.0423979 0.0350067 0.0323507 0.0309424 0.0301314 0.0065278 0.00438924
threshold=1.7894974863008961 -1.6045160372440099 0.34485729356418537 0.55429414669926913 0.7731741465887918 -1.0006631898332965 0.84360428770212625 -0.8404287211798277 -1.0300005000986865 1.0684567549518114 -0.060961219973233179 1.0780983395245405 -0.14593159087710691 -0.77696491235144882 -1.5454523463728571 0.66579977688026848 1.1974606743659131 0.64923983991860779 -1.0369510939743465 1.8807771613815669 0.33105089177526276 0.12500767621502204 0.97816226116473237
decision_type=2 2 2 2 2 2 2 2 2 2 2 2 2 2 2 2 2 2 2 2 2 2 2
left_child=1 -1 4 6 10 -6 7 -4 12 13 14 16 -9 -10 -3 18 17 20 21 -20 -12 -16 -19
right_child=-2 2 3 -5 5 -7 -8 8 9 -11 11 -13 -14 -15 15 -17 -18 22 19 -21 -22 -23 -24
leaf_value=0.0090826316101661198 -0.010538411813528171 0.0034449638081782046 -0.0064554390990969142 -0.011316334652676693 -0.0037265940137491578 0.012099787282940847 0.0042616064282910825 0 0.0023772733955157153 0.0048949146805563086 0 -0.0043764621509864736 -0.0058276459778345236 -0.00076656242474786886 -0.00098147841448167927 -0.0017695071135222244 -0.0025834643006407486 -0.0020650512343164378 0.00078836893900957031 0.0034074298324334004 0.0017476486252322088 0.00017765527791288775 0
leaf_weight=12.999999999999998 11.999999999999998 19 14.999999999999998 17 13.000000000000002 14.999999999999998 21 17.000000000000004 20 10.999999999999998 65 15.999999999999998 10.999999999999998 66 17.000000000000004 17 11.999999999999998 11.000000000000002 84 14.999999999999998 35 11.999999999999998 10.999999999999998
leaf_count=13 12 19 15 17 13 15 21 17 20 11 65 16 11 66 17 17 12 11 84 15 35 12 11
internal_value=-0.000141508 0.000194247 -0.000115694 -0.00160028 0.000651175 0.00518512 -0.000163033 -0.00102234 -5.13974e-05 0.000871941 0.000135459 -0.000802544 -0.00304515 0 0.00103252 0.000545897 -0.000156739 0.000137235 0.000970963 0.00142366 0.000618769 -0.000353998 -0.0014658
internal_weight=545 533 520 178 342 28 161 140 125 97 314 150 28 86 164 145 134 122 128 99 100 29 22
internal_count=545 533 520 178 342 28 161 140 125 97 314 150 28 86 164 145 134 122 128 99 100 29 22
is_linear=0
shrinkage=0.0529975


Tree=145
num_leaves=15
num_cat=0
split_feature=39 38 29 29 19 29 7 12 29 29 5 8 8 21
split_gain=0.68814 0.677617 0.449977 0.203335 0.195376 0.736806 0.223049 0.211712 0.0855401 0.0697582 0.0604485 0.0405792 0.0929114 0.0395968
threshold=-1.1558530955085182 -0.85777646155359866 0.99250610888350865 -1.1125084092197188 -0.71234336683649502 -0.10741717961323992 -0.25942146564547869 0.77690392152255128 0.7731741465887918 0.60923513714294653 0.65447219597499107 -0.56648054097427192 -0.74199266462636426 -1.0556529808440203
decision_type=2 2 2 2 2 2 2 2 2 2 2 2 2 2
left_child=-1 -2 3 -3 5 6 7 -5 9 11 -11 12 -6 -13
right_child=1 2 -4 4 8 -7 -8 -9 -10 10 -12 13 -14 -15
leaf_value=-0.010340845470389959 0.0093059341511702327 0.0058015982461429427 -0.0084230506838060965 -0.006253276150074487 0 -0.011927985881284983 0.0048365679899249892 0.0019750550292962272 0.0037638241856793398 -0.0039774960951538046 0.00024796326566819022 0.0013255208734163665 0.0030587325686130145 -0.00031948384454061666
leaf_weight=11.999999999999998 15.999999999999998 10.999999999999998 11.999999999999998 11.000000000000002 81 11.999999999999998 15.999999999999998 11.999999999999998 12.999999999999998 15.000000000000002 10.999999999999998 43 38 242
leaf_count=12 16 11 12 11 81 12 16 12 13 15 11 43 38 242
internal_value=-0.000140279 0.000188907 -0.000183352 9.53188e-05 -8.58289e-05 -0.00301823 0.000792236 -0.00219871 0.000272006 0.000100106 -0.00226007 0.000299867 0.00109787 -2.50877e-05
internal_weight=545 533 517 505 494 51 39 23 443 430 26 404 119 285
internal_count=545 533 517 505 494 51 39 23 443 430 26 404 119 285
is_linear=0
shrinkage=0.0529975


Tree=146
num_leaves=24
num_cat=0
split_feature=45 30 19 29 29 8 29 37 19 36 6 2 29 45 19 13 39 29 13 4 26 26 47
split_gain=0.673102 0.49309 0.202328 1.25166 0.259693 1.0243 0.244283 0.507042 0.503504 0.0863017 0.084992 0.0636016 0.0498376 0.0615834 0.0492963 0.0384676 0.0335102 0.0424495 0.0411279 0.0311936 0.0280985 0.0222941 0.0111371
threshold=1.7894974863008961 -1.6045160372440099 -0.3357664568293684 0.41037723249571229 0.7731741465887918 -1.0006631898332965 -0.5832868142001647 -0.7098019992819159 -0.83382283659871825 -1.2895489334230941 0.22152609508892479 -1.1198688162489947 -0.15716204103522488 -0.14095535302818379 -0.55180057978710095 -0.054758513544016361 -0.88168880801376159 0.11881274814264779 0.69391210239694279 1.6362757127200405 -0.25898519317648783 0.40063310374275068 -1.0000000180025095e-35
decision_type=2 2 2 2 2 2 2 2 2 2 2 2 2 2 2 2 2 2 2 2 2 2 2
left_child=1 -1 3 6 9 -6 7 -3 -8 -4 14 -11 13 -12 -10 20 18 21 -13 -19 -9 -18 -14
right_child=-2 2 4 -5 5 -7 8 15 10 11 12 16 22 -15 -16 -17 17 19 -20 -21 -22 -23 -24
leaf_value=0.0085801453892014358 -0.010225522268915056 0.010031439614036807 -0.0028239092120363107 -0.015268063841842055 -0.0042947131065768952 0.012058320837715023 -0.0092435150114494394 -0.002974908590944637 0.0042580963008193428 0.0031076940455718417 0.0021522780837147401 0.0032519251011906523 -0.0037407932826269688 -0.0017876343121963475 0 0.0011719724808501872 -5.7857383310560882e-05 -0.0017579865712918133 0 0.00030830924968840536 0 0.001087450856488063 -0.00034421845980443604
leaf_weight=12.999999999999998 11.999999999999998 11.999999999999998 20 10.999999999999998 14.999999999999998 17 13.999999999999998 12 11.000000000000002 15.999999999999998 17 13.999999999999998 11.000000000000002 14.999999999999998 17 18 117 54 18 21 15 64 11.000000000000002
leaf_count=13 12 12 20 11 15 17 14 12 11 16 17 14 11 15 17 18 117 54 18 21 15 64 11
internal_value=-0.000136876 0.000188535 -0.000103399 -0.00162164 0.000591999 0.00474097 -5.77794e-05 0.0024948 -0.00169942 8.23551e-05 5.13423e-05 0.000347014 -0.0010743 0.000130963 0.00223427 -0.00032124 0.000109628 -8.07781e-05 0.00158906 -0.0011132 -0.00156047 0.000331647 -0.00272946
internal_weight=545 533 520 164 356 32 153 57 96 324 82 304 54 32 28 45 288 256 32 75 27 181 22
internal_count=545 533 520 164 356 32 153 57 96 324 82 304 54 32 28 45 288 256 32 75 27 181 22
is_linear=0
shrinkage=0.0529975


Tree=147
num_leaves=20
num_cat=0
split_feature=29 39 29 28 29 28 35 25 8 16 39 30 45 39 39 6 39 37 45
split_gain=0.694246 0.492072 0.370201 0.35554 0.2137 0.719913 0.274785 0.133149 0.289957 0.10237 0.0729976 0.0913664 0.0892856 0.0680221 0.068004 0.056371 0.0945429 0.0273544 0.0106199
threshold=1.3382556559007897 -1.037851409117408 0.88678181099218489 0.057306762566011353 -0.15716204103522488 -0.68233214201494385 -1.2356161011941302 -1.2174876212978896 1.1916330635483519 0.86798988183774373 -0.45960859485267685 0.68874291858603698 -0.14095535302818379 -0.89389050235215495 -0.92704100512702003 -0.35546998807432423 -0.69848839585506151 -0.60495651581777243 -0.8222916492619764
decision_type=2 2 2 2 2 2 2 2 2 2 2 2 2 2 2 2 2 2 2
left_child=1 3 4 -1 6 -6 -3 -8 10 13 12 -12 -9 14 18 16 -15 -17 -7
right_child=-2 2 -4 -5 5 9 7 8 -10 -11 11 -13 -14 15 -16 17 -18 -19 -20
leaf_value=-0.00034188991149148099 -0.009593533725868273 0.0063491127104191823 -0.0076346265012431384 0.010674491513264705 -0.010945348882802299 0.0010762298512925355 -0.0036839367987000315 0.0041957264474388025 0.0075816398808036907 -0.0036028852298208521 0.00048000511715671346 -0.0022919748513082552 -0.00022931389922535301 0.003185791129639719 0.0047177291274526833 -0.001919931405740946 -0.00040673468745230912 0 -0.0006626217794878154
leaf_weight=11.000000000000002 14.999999999999998 20 11.999999999999998 14.999999999999998 12.999999999999998 13 12.999999999999998 21 10.999999999999998 15.999999999999998 139 37 18 23 10.999999999999998 50 59 36 12
leaf_count=11 15 20 12 15 13 13 13 21 11 16 139 37 18 23 11 50 59 36 12
internal_value=-0.000133283 0.00022576 -0.000163411 0.00660482 9.45228e-05 -0.00104058 0.00114248 0.000533533 0.000895185 -0.00014951 0.000325048 -0.000120678 0.00223978 0.000183228 0.00211218 -0.000248524 0.000669977 -0.00118681 4.9523e-05
internal_weight=545 530 504 26 492 233 259 239 226 220 215 176 39 204 36 168 82 86 25
internal_count=545 530 504 26 492 233 259 239 226 220 215 176 39 204 36 168 82 86 25
is_linear=0
shrinkage=0.0529975


Tree=148
num_leaves=13
num_cat=0
split_feature=39 19 29 29 19 6 29 29 5 1 14 22
split_gain=0.668531 0.575253 0.404129 0.196998 0.17143 0.956196 0.0801924 0.065761 0.0929735 0.0458719 0.0720148 0.0491883
threshold=-1.1558530955085182 0.95720864136975359 0.99250610888350865 -1.1125084092197188 -0.77729306540003507 0.60253933251252334 0.7731741465887918 0.51570612243515501 0.64997638135509994 -1.0705623194006535 -1.5075649458954992 -0.94369713552961076
decision_type=2 2 2 2 2 2 2 2 2 2 2 2
left_child=-1 2 3 -2 5 -5 7 9 -9 10 -6 -11
right_child=1 -3 -4 4 6 -7 -8 8 -10 11 -12 -13
leaf_value=-0.010184144085506022 0.0057235069970296157 0.0084022807196582148 -0.0079653073297471875 -0.010916578747270998 -0.0011371862937459524 0.0039616904773168296 0.0035923641589142774 -0.0038843004733302125 0.00055115057041472655 -0.002357943195024186 0.0029176802476541214 0.0002189744132957969
leaf_weight=11.999999999999998 10.999999999999998 17 11.999999999999998 17 10.999999999999998 20 12.999999999999998 21 19 15.999999999999998 34 342
leaf_count=12 11 17 12 17 11 20 13 21 19 16 34 342
internal_value=-0.000129484 0.00019471 -0.000155728 0.000107986 -7.05852e-05 -0.00328092 0.000213987 5.26388e-05 -0.00182842 0.000280492 0.00177236 4.76691e-05
internal_weight=545 533 516 504 493 37 456 443 40 403 45 358
internal_count=545 533 516 504 493 37 456 443 40 403 45 358
is_linear=0
shrinkage=0.0529975


Tree=149
num_leaves=20
num_cat=0
split_feature=45 30 29 30 1 5 34 29 47 29 9 44 19 9 29 45 15 6 1
split_gain=0.631086 0.465973 0.181061 0.760084 0.752608 0.469815 0.167794 0.349037 0.607047 0.0667904 0.103537 0.0605925 0.049851 0.0488325 0.0398173 0.0382424 0.0371219 0.0275883 0.023665
threshold=1.7894974863008961 -1.6045160372440099 -0.62400762929631193 0.97505087236928578 0.052856340841722159 -1.0869381551188761 1.9839258697045794 0.69848664362485546 0.59100304412747862 0.25849815300452755 0.49828900170355284 0.70547720845605821 0.30575329854807115 -1.235495028343917 -0.89685283675921912 -1.0494037480065741 0.31461826253692604 0.22152609508892479 -0.41091727163557618
decision_type=2 2 2 2 2 2 2 2 2 2 2 2 2 2 2 2 2 2 2
left_child=1 -1 5 6 -5 -3 7 9 12 13 15 -12 -9 16 -7 -11 -4 -15 -16
right_child=-2 2 3 4 -6 14 -8 8 -10 10 11 -13 -14 17 18 -17 -18 -19 -20
leaf_value=0.0083445230422521197 -0.0098968117616044776 0.0092258518610967514 0 -0.015570033329135839 0.00099454379974285773 -0.0016695312236015046 -0.0043662364477591743 0.003118905483634739 -0.0027782269314438118 -0.0053786685615796045 0.0029302068815058803 -0.0012087158627128779 0.01217777798683038 0.0003442956346696056 -0.00026121243180682666 -0.0014207280919170252 0.0034870534972750613 -0.00072822009505629022 0.0017520058847453228
leaf_weight=12.999999999999998 11.999999999999998 13.999999999999998 19 12.000000000000002 10.999999999999998 21 17 11.000000000000002 13.999999999999998 10.999999999999998 13.000000000000002 12.999999999999998 10.999999999999998 142 20 37 13.999999999999998 113 27
leaf_count=13 12 14 19 12 11 21 17 11 14 11 13 13 11 142 20 37 14 113 27
internal_value=-0.000127668 0.000186973 -9.64898e-05 -0.000543214 -0.00883959 0.00208471 1.93507e-05 0.00028599 0.0048679 -0.000222585 -0.00158491 0.000803762 0.00953599 0.000128885 0 -0.00295369 0.00188717 -0.000110026 0.000830899
internal_weight=545 533 520 438 23 82 415 398 36 362 74 26 22 288 68 48 33 255 47
internal_count=545 533 520 438 23 82 415 398 36 362 74 26 22 288 68 48 33 255 47
is_linear=0
shrinkage=0.0529975


Tree=150
num_leaves=13
num_cat=0
split_feature=13 25 3 35 30 39 30 6 29 29 39 12
split_gain=0.662225 0.415529 0.770318 0.467672 0.457214 0.296211 0.239115 0.138699 0.412747 0.269194 0.0511817 0.0451236
threshold=1.9449801053509139 -1.3308125281902385 0.43474511831293622 -1.1669238279072049 1.2529128884377021 -1.0783225139200134 1.0684567549518114 -0.78128968984940284 0.74954040166073665 0.67528232375896413 -0.98176190957331844 -0.98632518450781059
decision_type=2 2 2 2 2 2 2 2 2 2 2 2
left_child=1 2 -1 -3 5 -5 7 9 10 11 -9 -7
right_child=-2 3 -4 4 -6 6 -8 8 -10 -11 -12 -13
leaf_value=0.012635491107738313 -0.010128558789709559 -0.0081056867620783873 -0.0028683442007059511 0.006682435204903114 -0.0071292363906461809 -0.00024713153441221797 0.0062058721006216979 0.0023665635601489011 -0.0071154646015610182 0.0077567147418227955 -0.00022079993400938908 0.0020503201728052033
leaf_weight=14.000000000000002 11.999999999999998 13.999999999999998 11.999999999999998 14.999999999999998 17 71 11.999999999999998 17 19 10.999999999999998 304 27
leaf_count=14 12 14 12 15 17 71 12 17 19 11 304 27
internal_value=-0.000121051 0.000201475 0.00606505 -0.000152985 0.000153547 0.000513594 0.000214689 -9.75805e-06 -0.000554589 0.00156928 -2.15295e-05 0.000400401
internal_weight=545 533 26 507 493 476 461 449 340 109 321 98
internal_count=545 533 26 507 493 476 461 449 340 109 321 98
is_linear=0
shrinkage=0.0529975


Tree=151
num_leaves=17
num_cat=0
split_feature=39 30 29 30 19 7 31 29 29 30 9 39 29 47 6 46
split_gain=0.639731 0.561905 0.219855 0.44219 0.346906 0.192625 0.128709 0.38897 0.188141 0.0672318 0.0508813 0.0484011 0.0483525 0.0444848 0.0363431 0.0608571
threshold=-1.1558530955085182 -1.4739652562250283 -0.8007581298917843 1.2529128884377021 -0.95772725582126561 -1.897707229271955 0.66856331366879385 0.6273942987389155 0.7731741465887918 0.86544403751546073 -1.2067186390077422 -0.63927416386584646 -0.42740314582416888 0.80004360165012389 0.50353014485828651 -0.18832435130588573
decision_type=2 2 2 2 2 2 2 2 2 2 2 2 2 2 2 2
left_child=-1 -2 4 5 -3 -4 7 10 9 13 11 -7 -12 -8 15 -6
right_child=1 2 3 -5 14 6 8 -9 -10 -11 12 -13 -14 -15 -16 -17
leaf_value=-0.0099499960365681487 0.0091608505155309737 0.0093425949880962672 -0.0055409948384173551 -0.0088932887192979277 -0.00072237387707076086 0.0039314019440488306 -0.00081908328938465292 -0.0068486323030064467 0.0056422105545641966 0.0034501507496686513 0.00083935605124214982 2.6626096945664376e-05 -0.00068705852840182798 0.0017371979614621412 -0.0014122213414543875 0.0035974781157166952
leaf_weight=11.999999999999998 12.999999999999998 10.999999999999998 11.999999999999998 10.999999999999998 11.999999999999998 10.999999999999998 70 19 19 10.999999999999998 73 27 198 19 15.999999999999998 11.000000000000002
leaf_count=12 13 11 12 11 12 11 70 19 19 11 73 27 198 19 16 11
internal_value=-0.00011355 0.000203181 -0.000109363 -0.00049033 0.00301602 -0.000161844 3.85798e-05 -0.000489152 0.00150273 0.00037564 2.63995e-06 0.00169748 -0.000241399 -0.000124626 6.91381e-05 0.00141947
internal_weight=545 533 520 470 50 459 447 328 119 100 309 38 271 89 39 23
internal_count=545 533 520 470 50 459 447 328 119 100 309 38 271 89 39 23
is_linear=0
shrinkage=0.0529975


Tree=152
num_leaves=19
num_cat=0
split_feature=29 13 29 29 9 29 19 19 29 30 2 29 3 29 19 31 46 12
split_gain=0.623262 0.428834 0.438268 0.354594 0.224441 0.188947 0.323697 0.321594 0.586934 0.15001 0.0551063 0.0483381 0.0454624 0.0418628 0.0407488 0.0337304 0.0219331 0.000725935
threshold=1.3382556559007897 1.009141835424715 0.7731741465887918 0.88678181099218489 -0.97405348019545046 -0.8007581298917843 -0.95772725582126561 -0.71234336683649502 -0.27712259344990625 1.0555148531397263 -1.0530676585040981 0.69848664362485546 0.55795872595655915 0.60923513714294653 -0.58317633917525924 -0.23990902356405411 -0.18832435130588573 0.80071472735218008
decision_type=2 2 2 2 2 2 2 2 2 2 2 2 2 2 2 2 2 2
left_child=1 3 4 5 -3 6 -1 8 9 -7 17 13 -6 14 -12 -8 -17 -9
right_child=-2 2 -4 -5 12 7 15 10 -10 -11 11 -13 -14 -15 -16 16 -18 -19
leaf_value=0.0090221462077820103 -0.0090694461641627686 0.0060587222814326705 0.011488970637001919 -0.0073681887962803406 -0.0028058607729777442 -0.0027258235162767957 -0.0013012887440179378 -0.00032652823530533308 -0.011691094610476717 0.0041672933681518778 0.0021786852862594568 0.0030809157642333208 0.00063709138176287706 -0.0020645683584884938 9.2755934439639451e-05 0 0.0026299875751849494 -0.0025827170242366253
leaf_weight=10.999999999999998 14.999999999999998 10.999999999999998 11.999999999999998 12.999999999999998 17.000000000000004 12.000000000000002 17 11.000000000000002 12.999999999999998 10.999999999999998 24 10.999999999999998 11.999999999999998 15.999999999999998 304 10.999999999999998 11.000000000000002 12.999999999999998
leaf_count=11 15 11 12 13 17 12 17 11 13 11 24 11 12 16 304 11 11 13
internal_value=-0.000104542 0.000234775 0.00454618 -0.00027033 0.00108524 4.55611e-06 0.00291089 -0.000365487 -0.00476981 0.00051004 0.000102498 0.000299291 -0.00131656 0.000139126 0.000302672 5.93526e-05 0.00141376 -0.00205347
internal_weight=545 530 52 478 40 465 50 415 36 23 379 355 29 344 328 39 22 24
internal_count=545 530 52 478 40 465 50 415 36 23 379 355 29 344 328 39 22 24
is_linear=0
shrinkage=0.0529975


Tree=153
num_leaves=27
num_cat=0
split_feature=45 30 30 29 29 8 1 47 25 36 30 29 36 45 33 26 5 37 39 39 1 30 30 5 8 1
split_gain=0.612107 0.449479 0.171108 0.757139 0.249123 0.609928 0.172142 0.345425 0.196274 0.115976 0.114149 0.088298 0.0775699 0.0700027 0.0614679 0.0459986 0.0634936 0.0404763 0.0384818 0.03149 0.0226019 0.0220376 0.0173864 0.00966612 0.00120329 0.000968393
threshold=1.7894974863008961 -1.6045160372440099 0.34485729356418537 0.67528232375896413 0.67528232375896413 -0.75956035854908854 -0.96153778120526734 -0.17547900012222076 -0.8265320433975768 0.10458162232421737 0.57768355033597929 0.18888648312768833 -1.0767900534295283 -0.48162350114508018 1.5923238857065465 -1.5454523463728571 -0.7305514475155096 -0.81674439241534058 1.8368162572147246 -0.89389050235215495 1.5447220301649172 -0.14500950889521416 -0.17828588221193531 0.013376071745630878 1.3584276793312708 -0.34000473012558519
decision_type=2 2 2 2 2 2 2 2 2 2 2 2 2 2 2 2 2 2 2 2 2 2 2 2 2 2
left_child=1 -1 4 6 11 -6 7 -4 -8 10 -10 15 -13 23 -15 24 21 -18 -19 -14 22 -17 -21 -11 -3 -23
right_child=-2 2 3 -5 5 -7 8 -9 9 13 -12 12 19 14 -16 16 17 18 -20 20 -22 25 -24 -25 -26 -27
leaf_value=0.0082209513934496069 -0.0097216043924270457 0.00058090584735354654 -0.0019542311161421964 -0.011413171674779465 -0.0018232918057346603 0.010576950118276784 -0.0053025087180572144 0.0078341909381257555 -0.00059733844829036142 0.0015509574346388047 0.0042877879802134559 -0.0046408332580901868 0.0012945582580049689 -0.003349493220501825 0.00018975669650715912 0 0.0028991046773654949 0 0.0022958590701679651 -0.00018915892032996784 0.00046387595148172743 -0.0030212905782647068 -0.0026975164430796741 0 0.0034076382870124339 -0.00045543068079314278
leaf_weight=12.999999999999998 11.999999999999998 11.000000000000002 15.000000000000002 12.999999999999998 18 15.999999999999998 19 13.999999999999998 20 12.000000000000002 21 10.999999999999998 13.999999999999998 38 13.999999999999998 15.999999999999998 17 135 19 22.999999999999993 10.999999999999998 10.999999999999998 18.000000000000007 11.999999999999998 10.999999999999998 11.000000000000002
leaf_count=13 12 11 15 13 18 16 19 14 20 12 21 11 14 38 14 16 17 135 19 23 11 11 18 12 11 11
internal_value=-9.91562e-05 0.00021027 -6.8155e-05 -0.00138628 0.000609882 0.00454835 -0.000182909 0.0031043 -0.00103454 -5.99391e-05 0.00198401 7.43139e-05 -0.00138949 -0.00131223 -0.00235509 0.00061453 0.000297126 0.00076382 0.000384632 -0.00040919 -0.00107475 -0.00146211 -0.00164268 0.000733534 0.0026709 -0.00236018
internal_weight=545 533 520 178 342 34 165 29 136 117 41 308 77 76 52 231 209 171 154 66 52 38 41 24 22 22
internal_count=545 533 520 178 342 34 165 29 136 117 41 308 77 76 52 231 209 171 154 66 52 38 41 24 22 22
is_linear=0
shrinkage=0.0529975


Tree=154
num_leaves=17
num_cat=0
split_feature=39 30 29 30 19 7 31 29 29 30 9 9 29 47 6 46
split_gain=0.625205 0.507444 0.197452 0.409103 0.304439 0.182417 0.121821 0.348413 0.174369 0.0603449 0.0443157 0.0463286 0.0417826 0.0395046 0.0338717 0.0551
threshold=-1.1558530955085182 -1.4739652562250283 -0.8007581298917843 1.2529128884377021 -0.95772725582126561 -1.897707229271955 0.66856331366879385 0.6273942987389155 0.7731741465887918 0.86544403751546073 -1.2067186390077422 -1.8110832826193433 -0.43202403176917242 0.80004360165012389 0.50353014485828651 -0.18832435130588573
decision_type=2 2 2 2 2 2 2 2 2 2 2 2 2 2 2 2
left_child=-1 -2 4 5 -3 -4 7 10 9 13 11 -7 -12 -8 15 -6
right_child=1 2 3 -5 14 6 8 -9 -10 -11 12 -13 -14 -15 -16 -17
leaf_value=-0.0098191787690763924 0.0087302418765098436 0.0088134143968923197 -0.0053612332776995326 -0.0085210667669834497 -0.00062750774348209015 -0.0002197933905397139 -0.00073188853134506591 -0.0064624574497678944 0.0054830822236805214 0.0033100440807111516 0.00081546742113103559 0.0029401355923553015 -0.00061462042444364383 0.0016818773034578329 -0.00132119389741192 0.003472138688829945
leaf_weight=11.999999999999998 12.999999999999998 10.999999999999998 11.999999999999998 10.999999999999998 11.999999999999998 15.999999999999998 70 19 19 10.999999999999998 71 22 200 19 15.999999999999998 11.000000000000002
leaf_count=12 13 11 12 11 12 16 70 19 19 11 71 22 200 19 16 11
internal_value=-9.41318e-05 0.000218664 -7.79465e-05 -0.000440036 0.0028836 -0.000123965 7.03207e-05 -0.000442763 0.00149381 0.000402644 2.11824e-05 0.00160227 -0.00020519 -6.94274e-05 0.000104234 0.00140488
internal_weight=545 533 520 470 50 459 447 328 119 100 309 38 271 89 39 23
internal_count=545 533 520 470 50 459 447 328 119 100 309 38 271 89 39 23
is_linear=0
shrinkage=0.0529975


Tree=155
num_leaves=24
num_cat=0
split_feature=29 39 29 38 29 19 35 39 36 5 16 30 31 39 30 19 37 39 30 13 13 44 29
split_gain=0.59251 0.406011 0.321258 0.302098 0.165018 0.599259 0.214747 0.116581 0.330986 0.11434 0.0884873 0.0817193 0.0755241 0.0591361 0.0774471 0.0645981 0.0284933 0.0227091 0.0203293 0.00825263 0.00773522 0.00689028 0.0043452
threshold=1.3382556559007897 -1.037851409117408 0.88678181099218489 0.17567711778915571 -0.15716204103522488 -0.69207913197058601 -1.2356161011941302 -0.45960859485267685 -0.31533721976834667 -0.11627862260274134 0.96708831306112775 0.68874291858603698 0.34817175472569123 -0.63927416386584646 0.57768355033597929 -0.32580081582471693 -0.60495651581777243 1.9373597581478144 0.89794870023472273 -0.665516121285325 0.23091843201240225 0.70547720845605821 -0.70243294004545087
decision_type=2 2 2 2 2 2 2 2 2 2 2 2 2 2 2 2 2 2 2 2 2 2 2
left_child=1 3 4 -1 6 -6 -3 8 -8 18 13 17 -13 14 15 -7 19 20 -10 -15 -9 -18 -14
right_child=-2 2 -4 -5 5 10 7 11 9 -11 -12 12 22 16 -16 -17 21 -19 -20 -21 -22 -23 -24
leaf_value=0.0097899224474351353 -0.0088299908167184162 0.0056583574581445528 -0.0070730967211386194 -0.00032069903675965194 -0.010170525685989191 -0.002160065047635139 -0.0037816719338316144 -6.8012557742090196e-05 0.0021110417685151163 0.00030000726896675775 -0.0035619267231611048 -0.0042209874062043365 0.0006752502076587556 -0.00020299654196769616 0.0040957947347139874 0.0010295508520532536 0.00024482484489543344 0.0019489699073583712 0.0085121589999702305 -0.0027312019557014446 0.00076151627546788868 -0.00081032882369991006 -0.00051195812998977835
leaf_weight=15.000000000000002 14.999999999999998 20 11.999999999999998 10.999999999999998 11.999999999999998 15.999999999999998 10.999999999999998 98 11.000000000000002 13.999999999999998 12.999999999999998 17 11.000000000000002 14.000000000000002 13.999999999999998 78 54 19 12.999999999999998 13.999999999999998 34 18 10.999999999999998
leaf_count=15 15 20 12 11 12 16 11 98 11 14 13 17 11 14 14 78 54 19 13 14 34 18 11
internal_value=-8.8239e-05 0.000242155 -0.00011047 0.00603561 0.000128448 -0.000867083 0.00104975 0.000506536 0.00265998 0.0049447 -7.58258e-05 -7.75801e-05 -0.00209555 0.00020312 0.00106026 0.000319814 -0.00066431 0.00045926 0.00681966 -0.00193132 0.000118845 0 0
internal_weight=545 530 504 26 492 233 259 239 49 38 221 190 39 208 108 94 100 151 24 28 132 72 22
internal_count=545 530 504 26 492 233 259 239 49 38 221 190 39 208 108 94 100 151 24 28 132 72 22
is_linear=0
shrinkage=0.0529975


Tree=156
num_leaves=20
num_cat=0
split_feature=39 30 29 30 19 7 31 29 31 39 9 17 34 9 39 29 29 47 45
split_gain=0.584009 0.485744 0.182896 0.382831 0.279938 0.166879 0.110391 0.309289 0.174142 0.209404 0.124039 0.0869818 0.0512218 0.04263 0.0442269 0.0357112 0.0340487 0.0283584 0.0159258
threshold=-1.1558530955085182 -1.4739652562250283 -0.8007581298917843 1.2529128884377021 -0.95772725582126561 -1.897707229271955 0.66856331366879385 0.6273942987389155 0.91109251678669823 -0.69589724420944676 1.3928135279416141 1.3903316759514752 1.7915139287922142 -1.2067186390077422 -0.63927416386584646 -0.42740314582416888 -0.87545902639589801 -0.036118628440457261 0.54038094320560914
decision_type=2 2 2 2 2 2 2 2 2 2 2 2 2 2 2 2 2 2 2
left_child=-1 -2 4 5 -3 -4 7 13 9 -8 12 -12 -10 14 -7 -15 18 -11 -6
right_child=1 2 3 -5 16 6 8 -9 10 17 11 -13 -14 15 -16 -17 -18 -19 -20
leaf_value=-0.0094891436525573747 0.0085400162460922899 0.0084587347496155995 -0.0051296236616159702 -0.0082440440825958892 6.1799005500866292e-05 0.0036944643639205128 0.0085702356423639058 -0.0060941926927283356 -0.00023243549701855874 0.0021298657456456796 0 0.0051973223352106464 -0.0039088955848243989 0.00071477267079371443 0 -0.00059397647916364634 0.0018431449822653623 -0.00073592429882665005 -0.001963915269192114
leaf_weight=11.999999999999998 12.999999999999998 10.999999999999998 11.999999999999998 10.999999999999998 11.999999999999998 10.999999999999998 11.999999999999998 19 40 11 20.000000000000004 10.999999999999998 11.999999999999998 73 27 198 15.000000000000002 13 11.999999999999998
leaf_count=12 13 11 12 11 12 11 12 19 40 11 20 11 12 73 27 198 15 13 12
internal_value=-8.96076e-05 0.000212269 -7.7629e-05 -0.000426554 0.00277198 -0.00012029 6.48919e-05 -0.000422748 0.00142066 0.00420164 0 0.00240956 -0.00151771 1.31807e-05 0.00156505 -0.000208378 9.93005e-05 0.000507911 -0.000908329
internal_weight=545 533 520 470 50 459 447 328 119 36 83 31 52 309 38 271 39 24 24
internal_count=545 533 520 470 50 459 447 328 119 36 83 31 52 309 38 271 39 24 24
is_linear=0
shrinkage=0.0529975


Tree=157
num_leaves=27
num_cat=0
split_feature=45 30 30 29 29 8 29 37 8 13 47 19 6 45 30 30 9 13 6 39 53 30 38 18 31 1
split_gain=0.596384 0.403368 0.158694 0.695535 0.255211 0.660603 0.15439 0.46507 0.428488 0.195641 0.0818329 0.0646601 0.0582478 0.0539479 0.0443052 0.0756629 0.0638457 0.0635559 0.0612045 0.0445771 0.0780965 0.0220217 0.020697 0.0196898 0.0110611 0.00129663
threshold=1.7894974863008961 -1.6045160372440099 0.34485729356418537 0.67528232375896413 0.7731741465887918 -1.0006631898332965 -0.6084896372559484 -0.7098019992819159 0.91664802833843739 -0.0055038677584269549 0.10324174324130626 0.80107462915198291 -0.14593159087710691 -0.48162350114508018 0.25202357818623405 -0.2145055800327397 0.24993975262748927 -0.094162230172487885 0.67635802281993895 -0.77090409534292548 1.0000000180025095e-35 0.17063488048219541 -0.28992675498330472 -1.2010930195417904 -0.2727259461694394 -0.30739055203294841
decision_type=2 2 2 2 2 2 2 2 2 2 2 2 2 2 2 2 2 2 2 2 2 2 2 2 2 2
left_child=1 -1 4 6 11 -6 7 -4 9 12 -11 14 23 -14 15 19 -16 21 -19 20 -3 -17 -21 -8 -9 -26
right_child=-2 2 3 -5 5 -7 8 24 -10 10 -12 -13 13 -15 16 17 -18 18 -20 22 -22 -23 -24 -25 25 -27
leaf_value=0.0078108588790452484 -0.0095808151109195595 0 0.0091754325532185238 -0.010920562391723747 -0.0028794841832902184 0.011000987707890932 -0.0013153836161583616 -0.0019551634560665224 -0.0088156095317326426 -0.00013497180105251149 0.0046389035456001889 -0.0029394042079275641 0 -0.0041179274404062917 0.0041755227261466915 0.00099864611814691039 -0.00026869567247117884 -0.0028297735359307996 0 0.0014338712217538355 0.0052060956323420988 -0.00093054406759313839 0 0.00092906445195553415 -0.00040250318394876737 0.0001096179192975127
leaf_weight=12.999999999999998 11.999999999999998 11 11.999999999999998 12.999999999999998 13.000000000000002 14.999999999999998 11.999999999999995 10.999999999999998 11.999999999999998 10.999999999999998 22 11.999999999999998 10.999999999999998 23 13.000000000000002 50 10.999999999999998 46 34 32 11 14.999999999999998 79 22.000000000000004 14.999999999999998 14.000000000000002
leaf_count=13 12 11 12 13 13 15 12 11 12 11 22 12 11 23 13 50 11 46 34 32 11 15 79 22 15 14
internal_value=-8.19002e-05 0.000223209 -4.00853e-05 -0.00131069 0.000612342 0.00497984 -0.000156297 0.00204582 -0.00128038 0 0.00309244 0.000115037 -0.00154475 -0.00291636 0.000313948 7.72609e-05 0.00225922 -0.000719285 -0.00168602 0.000989493 0.00293586 0.000414075 0.000413327 0 -0.000858543 0
internal_weight=545 533 520 178 342 28 165 52 113 101 33 314 68 34 302 278 24 145 80 133 22 65 111 34 40 29
internal_count=545 533 520 178 342 28 165 52 113 101 33 314 68 34 302 278 24 145 80 133 22 65 111 34 40 29
is_linear=0
shrinkage=0.0529975


Tree=158
num_leaves=14
num_cat=0
split_feature=13 7 8 19 43 25 30 30 7 35 35 17 13
split_gain=0.582052 0.374017 0.470652 0.385324 1.49754 0.18122 0.296783 0.122947 0.116154 0.123568 0.0913992 0.46264 0.0577277
threshold=1.9449801053509139 -2.251833151424401 2.2335239833880842 0.56461929902412689 1.0000000180025095e-35 -1.2633808432044347 1.2529128884377021 -1.0529160009114151 1.527066262327532 1.5848058716099744 0.13961564358590126 -0.014255969690326185 0.39838422768340626
decision_type=2 2 2 2 2 2 2 2 2 2 2 2 2
left_child=1 -1 3 5 -5 -3 8 -6 10 -10 12 -12 -7
right_child=-2 2 -4 4 7 6 -8 -9 9 -11 11 -13 -14
leaf_value=0.0079588386194956191 -0.0094647590854696519 0.0043588708190461858 -0.0087071137989830558 0.017000582585495212 -0.0049043923102125358 -0.00027397547755525855 -0.006323623708838582 0.00069203421862095002 -0.00052040905351846169 0.0058752825062179997 -0.0091425892156349504 -0.00024514436805728868 0.0013792629560721954
leaf_weight=10.999999999999998 11.999999999999998 17 10.999999999999998 11.999999999999998 11.999999999999995 179 17 21.000000000000004 11.000000000000002 11.999999999999998 12.999999999999998 138 79
leaf_count=11 12 17 11 12 12 179 17 21 11 12 13 138 79
internal_value=-8.05552e-05 0.000220709 -1.76623e-05 0.000254701 0.00463504 -0.000207007 -0.000450398 -0.00160513 -0.000119919 0.00310053 -0.000360034 -0.00137558 0.000225621
internal_weight=545 533 522 511 45 466 449 33 432 23 409 151 258
internal_count=545 533 522 511 45 466 449 33 432 23 409 151 258
is_linear=0
shrinkage=0.0529975


Tree=159
num_leaves=13
num_cat=0
split_feature=39 38 29 29 19 6 29 1 2 24 6 51
split_gain=0.568896 0.424858 0.341776 0.154656 0.134535 0.748003 0.0594431 0.0432332 0.0841944 0.0644741 0.0422123 0.0304046
threshold=-1.1558530955085182 -0.85777646155359866 0.99250610888350865 -1.1125084092197188 -0.77729306540003507 0.60253933251252334 0.7731741465887918 -1.0705623194006535 -0.9436971355296101 -1.4070254642064415 -0.93598428481790796 1.0000000180025095e-35
decision_type=2 2 2 2 2 2 2 2 2 2 2 2
left_child=-1 -2 3 -3 5 -5 7 9 -9 -6 -11 -10
right_child=1 2 -4 4 6 -7 -8 8 11 10 -12 -13
leaf_value=-0.0093560040500446553 0.0074365323775799743 0.0051376984175691021 -0.0072599066474961192 -0.0096082118801296603 -0.00082575741506921813 0.0035340569087112541 0.003178631109346703 -0.0031129928674745438 0.00037385393179522117 0 0.0038345196039576371 -0.00075833148455661098
leaf_weight=11.999999999999998 15.999999999999998 10.999999999999998 11.999999999999998 17 14.999999999999998 20 12.999999999999998 18 301 10.999999999999998 22 77
leaf_count=12 16 11 12 17 15 20 13 18 301 11 22 77
internal_value=-7.82942e-05 0.000219389 -7.33128e-05 0.000166978 0 -0.0028397 0.000259397 0.000117184 -5.68851e-05 0.00152945 0.00274147 0.000116794
internal_weight=545 533 517 505 494 37 457 444 396 48 33 378
internal_count=545 533 517 505 494 37 457 444 396 48 33 378
is_linear=0
shrinkage=0.0529975


Tree=160
num_leaves=16
num_cat=0
split_feature=45 25 44 8 30 19 2 30 39 25 7 29 35 5 30
split_gain=0.552111 0.367459 0.47879 0.460525 0.392017 0.376384 0.335006 0.245524 0.613295 0.178762 0.178769 0.289035 0.186025 0.0376268 0.0189232
threshold=1.7894974863008961 -1.1764033572252413 1.0000000180025095e-35 0.97390045284613536 1.2529128884377021 -0.18832185409516231 -0.98550243522943937 -0.66021637375627751 -0.21892884926927833 1.9371621489107038 1.527066262327532 0.7731741465887918 1.623929351719575 -1.0104878021227626 -0.88524535336970167
decision_type=2 2 2 2 2 2 2 2 2 2 2 2 2 2 2
left_child=1 2 5 -4 6 -1 -3 8 -8 10 11 13 -12 -9 -10
right_child=-2 4 3 -5 -6 -7 7 9 14 -11 12 -13 -14 -15 -16
leaf_value=-0.0041902455640672881 -0.009217721778902746 -0.0072777511760539846 5.6251198899188671e-05 0.014669801521850594 -0.0077420455207480579 0.0051489249853007256 0.01199762700953173 0.0016761321005663772 -0.0012884787997735178 -0.0054442182804390225 -0.00026876290871210998 -0.0062466204817531916 0.0077185319724416123 -2.9630188859456708e-05 0.00082840518704245872
leaf_weight=21 11.999999999999998 10.999999999999998 11.000000000000002 10.999999999999998 12.999999999999998 15.999999999999998 10.999999999999998 34 17.999999999999996 10.999999999999998 12.000000000000002 14.999999999999998 10.999999999999998 323 15.000000000000002
leaf_count=21 12 11 11 11 13 16 11 34 18 11 12 15 11 323 15
internal_value=-7.77988e-05 0.000215279 0.00396039 0.00918956 -0.000279985 0 1.21939e-05 0.00029907 0.0038081 -0.000114156 9.605e-05 -0.000195413 0.00411658 0.000138586 -0.000167725
internal_weight=545 533 59 22 474 37 461 450 44 406 395 372 23 357 33
internal_count=545 533 59 22 474 37 461 450 44 406 395 372 23 357 33
is_linear=0
shrinkage=0.0529975


Tree=161
num_leaves=26
num_cat=0
split_feature=3 29 30 29 30 47 29 29 30 12 3 12 39 1 6 43 30 9 3 12 35 39 30 45 0
split_gain=0.562746 1.59575 0.888351 0.354424 0.4121 0.208978 0.952486 0.804271 0.21453 0.193235 0.106461 0.0790018 0.076235 0.0455748 0.0480342 0.0706167 0.0405947 0.0351964 0.0303105 0.0256227 0.0170871 0.0388232 0.0149464 0.0210406 0.00320921
threshold=0.74002062381803124 0.6273942987389155 -1.4739652562250283 -0.62400762929631193 0.75721457286374616 0.59100304412747862 0.96361458521015575 0.88678181099218489 1.1485607431090135 0.72616680927323596 -0.94635069273722194 1.4650018586778282 -0.68960891435760863 1.4601115338560191 0.21253976309500919 1.0000000180025095e-35 0.49693226337683144 0.10876556467993408 -0.17764490176656142 1.8399546304852417 -0.33700523433492319 1.2711080041032032 -0.045495215432908812 -0.70873559988967771 0.042130428698848213
decision_type=2 2 2 2 2 2 2 2 2 2 2 2 2 2 2 2 2 2 2 2 2 2 2 2 2
left_child=2 3 -1 9 22 7 10 8 11 -2 -7 13 18 14 15 -4 -16 -15 -12 -13 -14 24 -5 -24 -22
right_child=1 -3 5 4 -6 6 -8 -9 -10 -11 12 19 20 17 16 -17 -18 -19 -20 -21 21 -23 23 -25 -26
leaf_value=0.011911175997108109 -0.00030675356427113302 -0.018522849688713643 0.0029288281261397532 0.00095089647690958378 -0.0097765250642804242 -0.0030873428965383781 -0.012861822181882714 0.011869892292936203 0.0051979279640548036 0.0080047644849857696 0.0045915028999997248 -0.0041392649124171064 -0.0014704061026473182 0 0.0003180190086718729 2.2112693951276171e-05 -0.0016644566751415225 -0.0033523146529943512 0.00068097760417583852 -5.9938656938725716e-05 0 0.0024578261638778989 0.00020926826871215442 -0.0020434264985722964 -0.00056858421618359155
leaf_weight=12.999999999999998 11.000000000000002 10.999999999999998 37 16.999999999999996 10.999999999999998 18 11.999999999999998 11.999999999999998 17 10.999999999999998 11.000000000000002 11.000000000000002 13.999999999999998 12.000000000000002 90 63 34 10.999999999999998 20 10.999999999999998 19 11.999999999999998 15.999999999999998 13.000000000000005 38
leaf_count=13 11 11 37 17 11 18 12 12 17 11 11 11 14 12 90 63 34 11 20 11 19 12 16 13 38
internal_value=-7.41225e-05 -0.00377615 0.000682588 -0.000478726 -0.00272283 0.000181735 -0.00142068 0.000991781 0.00027705 0.00442392 8.25047e-05 -0.000115097 0.000770483 0.000156998 0.000427815 0.00126834 -0.000223537 -0.00178267 0.00277667 -0.00279879 -3.69327e-05 0.000255096 0 -0.000778079 -0.000287573
internal_weight=545 90 455 79 57 442 144 298 286 22 132 269 114 247 224 100 124 23 31 22 83 69 46 29 57
internal_count=545 90 455 79 57 442 144 298 286 22 132 269 114 247 224 100 124 23 31 22 83 69 46 29 57
is_linear=0
shrinkage=0.0529975


Tree=162
num_leaves=13
num_cat=0
split_feature=19 38 29 29 19 6 29 1 29 6 6 5
split_gain=0.564057 0.37355 0.19618 0.136458 0.126211 0.659 0.0717649 0.124447 0.0474541 0.0451598 0.0805418 0.0348856
threshold=1.0782546332626139 -0.68690109666846921 0.99250610888350865 -1.1125084092197188 -0.77729306540003507 0.60253933251252334 0.69848664362485546 -0.06120009911652869 0.60923513714294653 0.48402615276326083 0.41459442075987957 -1.1467356927858219
decision_type=2 2 2 2 2 2 2 2 2 2 2 2
left_child=1 -1 3 -3 5 -5 8 -8 9 10 -6 -11
right_child=-2 2 -4 4 6 -7 7 -9 -10 11 -12 -13
leaf_value=0.0080037908417673852 -0.0080308670741238153 0.0049040811293134829 -0.0048814471360013956 -0.0090328976737355463 0.00040968086723938062 0.0032962264031027189 0.0058853748762570024 -0.0004096133803787532 -0.0022397407309855811 -0.0018795505431943459 0.0042737286167304411 0
leaf_weight=10.999999999999998 18 10.999999999999998 15.999999999999998 17 254 20 11.000000000000002 12.999999999999998 15.999999999999998 30 10.999999999999998 117
leaf_count=11 18 11 16 17 254 20 11 13 16 30 11 117
internal_value=-7.33741e-05 0.000272607 4.36414e-06 0.00023051 5.31329e-05 -0.00267579 0.000323878 0.00284249 0.000129231 0.00026875 0.000686866 -0.000436723
internal_weight=545 527 516 500 489 37 452 24 428 412 265 147
internal_count=545 527 516 500 489 37 452 24 428 412 265 147
is_linear=0
shrinkage=0.0529975


Tree=163
num_leaves=15
num_cat=0
split_feature=13 7 11 29 18 29 16 25 28 29 29 30 26 7
split_gain=0.529867 0.326876 0.427696 0.521708 0.175469 0.540905 0.239325 0.151771 0.157862 0.470253 0.0987463 0.0718167 0.0218248 0.0140293
threshold=1.9449801053509139 -2.251833151424401 2.2335239833880842 1.1880524913612776 -1.1877991006625901 0.88678181099218489 -1.081752715281953 -1.3308125281902385 -0.68233214201494385 -0.25653487140086723 0.69848664362485546 0.56564965927232158 1.1280953561172959 0.50672698769577862
decision_type=2 2 2 2 2 2 2 2 2 2 2 2 2 2
left_child=1 -1 3 4 6 7 11 -6 9 -9 -10 12 13 -3
right_child=-2 2 -4 -5 5 -7 -8 8 10 -11 -12 -13 -14 -15
leaf_value=0.0074516746442046073 -0.009023024969689198 -0.00063250730296928901 -0.0082886017440702998 0.0091225900914126065 0.0046502089309195466 -0.0095003021706420998 0.0077991973134875162 0.00031586653392088536 -8.2048268494421287e-05 -0.0094790367003882228 0.004047476899807537 0.0031572133454161552 -0.001522832962205281 0.0011860161248220217
leaf_weight=10.999999999999998 11.999999999999998 10.999999999999998 10.999999999999998 11.999999999999998 11.999999999999998 11.999999999999998 10.999999999999998 39 331 13.999999999999998 10.999999999999998 15.999999999999998 21 21
leaf_count=11 12 11 11 12 12 12 11 39 331 14 11 16 21 21
internal_value=-6.85606e-05 0.000218222 -3.87557e-06 0.000255022 -5.01859e-05 -0.000504689 0.00211826 -8.84629e-05 -0.000317226 -0.00285355 9.8156e-05 0.000568287 -0.000336346 0.000375908
internal_weight=545 533 522 511 499 419 80 407 395 53 342 69 53 32
internal_count=545 533 522 511 499 419 80 407 395 53 342 69 53 32
is_linear=0
shrinkage=0.0529975


Tree=164
num_leaves=30
num_cat=0
split_feature=45 30 19 5 39 1 38 53 3 16 7 7 19 30 34 13 31 30 10 1 12 16 26 31 0 37 3 14 39
split_gain=0.525258 0.371728 0.129694 0.462041 0.147228 0.462189 0.582411 0.109976 0.192133 0.18085 0.118064 0.129776 0.0958276 0.091164 0.0996339 0.052801 0.0412215 0.0319519 0.0219982 0.0218876 0.0344787 0.0254651 0.0229653 0.0193865 0.0192246 0.0148825 0.00983646 0.00605656 0.0025742
threshold=1.7894974863008961 -1.6045160372440099 -0.3357664568293684 0.59743580397646701 -0.82452217299705011 1.5447220301649172 -0.021326038405085547 1.0593795073025254 1.148280637204363 0.46036109760911498 -0.27206472911495433 -0.12305600513677624 0.80107462915198291 0.12619616011821214 -0.49296019366499494 0.61510466913999973 0.56873614145651319 0.17322561570113978 0.60463584497698764 0.23670712191821544 -0.98632518450781059 0.57767451677292148 0.4778682080297702 -1.0158461939073227 0.28866343775927145 1.1795136127419574 -0.054431294122938831 -0.1518248803973696 -0.50953401405496501
decision_type=2 2 2 2 2 2 2 2 2 2 2 2 2 2 2 2 2 2 2 2 2 2 2 2 2 2 2 2 2
left_child=1 -1 3 7 5 6 -4 8 10 -9 15 -12 17 14 -8 18 -13 19 -3 21 -21 23 -22 -6 27 -23 -16 -19 -26
right_child=-2 2 4 -5 12 -7 13 9 -10 -11 11 16 -14 -15 26 -17 -18 24 -20 20 22 25 -24 -25 28 -27 -28 -29 -30
leaf_value=0.0075051007461314333 -0.0089797320331401614 -0.00013565033017051014 0.010743611913979267 -0.0095551939376618145 -0.0018475998428738127 -0.0056008104882395923 0.0021692453871107516 -0.00087519396101558202 -0.0050761828516611169 0.0063286747429952455 0.0055152601981868811 -0.0010723295796994969 -0.0037142104275973784 0.0035574510470632566 -0.003474354874945474 0.00057675399713060286 0.0017742319363185798 -0.00036591482987346563 -0.0036338390170738274 -0.00028348990939784468 0.00053157782214666269 0 0.0034057098983666522 0 -0.0020171770017321879 0.0019604474340651832 -0.00029935458627786522 0.00087345920300946323 -0.00023817701565979573
leaf_weight=12.999999999999998 11.999999999999998 11.999999999999998 19 10.999999999999998 12.999999999999998 10.999999999999998 13.999999999999995 17.000000000000004 20 10.999999999999998 10.999999999999998 29 12.999999999999998 14.999999999999998 12.999999999999996 11.999999999999998 18 14.000000000000002 23 18 27 14.999999999999998 17 87 19 21 11.000000000000007 12.999999999999998 15.999999999999998
leaf_count=13 12 12 19 11 13 11 14 17 20 11 11 29 13 15 13 12 18 14 23 18 27 15 17 87 19 21 11 13 16
internal_value=-6.40437e-05 0.000221394 -3.09031e-05 -0.00125035 0.000522978 0.00239736 0.0040455 -0.000271497 -0.000997015 0.00236654 0 0.00154364 -6.11308e-05 0.000677972 -0.000629849 -0.00183843 0 0.000174877 -0.0028001 0.00052389 0.00130972 7.62729e-05 0.00205703 -0.000313161 -0.000784898 0.0012146 -0.00260274 6.94303e-05 -0.00152808
internal_weight=545 533 520 164 356 83 72 153 125 28 105 58 273 53 38 47 47 260 35 198 62 136 44 100 62 36 24 27 35
internal_count=545 533 520 164 356 83 72 153 125 28 105 58 273 53 38 47 47 260 35 198 62 136 44 100 62 36 24 27 35
is_linear=0
shrinkage=0.0529975


Tree=165
num_leaves=15
num_cat=0
split_feature=19 38 29 29 7 1 37 19 26 30 29 29 37 51
split_gain=0.532879 0.345999 0.193426 0.127265 0.111326 0.0950573 0.151394 0.134489 0.0640628 0.0424222 0.0824715 0.0516816 0.0232069 0.00605625
threshold=1.0782546332626139 -0.68690109666846921 0.99250610888350865 -1.1125084092197188 -1.9754482841524654 -0.67173751301069295 -0.75383710233685208 -0.95772725582126561 -0.56440320388895016 -0.2223400469422456 0.47796017511591082 0.34963447586933422 1.8777845326131508 1.0000000180025095e-35
decision_type=2 2 2 2 2 2 2 2 2 2 2 2 2 2
left_child=1 -1 3 -3 -5 6 8 -7 -6 11 -11 -9 13 -8
right_child=-2 2 -4 4 5 7 12 9 -10 10 -12 -13 -14 -15
leaf_value=0.0077130557906292044 -0.0077989867650716128 0.0047525677764569075 -0.0048377372599167721 -0.0040075761156307945 0.00035524416302539966 -0.0047559853218634013 0 0.00022471749833772808 0.0057346854671018856 8.2269610500891344e-05 -0.0024470934425764226 0.0031584745473503067 0.0016623628690756438 -0.0011363816975484724
leaf_weight=10.999999999999998 18 10.999999999999998 15.999999999999998 11.999999999999998 12.999999999999998 10.999999999999998 35 83 21 230 36 18 12.999999999999998 17
leaf_count=11 18 11 16 12 13 11 35 83 21 230 36 18 13 17
internal_value=-6.39511e-05 0.000271908 1.31176e-05 0.00023764 6.56239e-05 0.000231037 0.0016477 -0.000141741 0.0042141 5.20701e-05 -0.000280773 0.000960553 0 -0.0004677
internal_weight=545 527 516 500 489 477 99 378 34 367 266 101 65 52
internal_count=545 527 516 500 489 477 99 378 34 367 266 101 65 52
is_linear=0
shrinkage=0.0529975


Tree=166
num_leaves=14
num_cat=0
split_feature=39 38 29 29 31 29 19 37 29 9 5 13 39
split_gain=0.517532 0.390858 0.285107 0.122708 0.100206 0.0985656 0.381225 0.240099 0.0611747 0.0478146 0.0386909 0.0471722 0.0314453
threshold=-1.1558530955085182 -0.85777646155359866 0.99250610888350865 -1.1125084092197188 -2.0174160013276512 -0.47388545053975262 -0.77729306540003507 -0.78948456671466416 0.7731741465887918 -1.235495028343917 -0.48679704686344355 0.21121657369816649 1.2711080041032032
decision_type=2 2 2 2 2 2 2 2 2 2 2 2 2
left_child=-1 -2 3 -3 -5 7 -7 -6 9 -8 11 -9 -12
right_child=1 2 -4 4 5 6 8 10 -10 -11 12 -13 -14
leaf_value=-0.0089095488650910749 0.0071456453801165597 0.0045895559867284519 -0.0066217707048580095 -0.0039909854756009205 0.0062222929393323306 -0.0078014244848116287 0.0017254215797340754 -0.0023429251842653318 0.0030251717332874686 -0.00028267713914104434 0 0.00064569468603251979 0.002301763050019463
leaf_weight=11.999999999999998 15.999999999999998 10.999999999999998 11.999999999999998 10.999999999999998 18 11.999999999999998 31 22 12.999999999999998 308 31 22 26
leaf_count=12 16 11 12 11 18 12 31 22 13 308 31 22 26
internal_value=-5.93918e-05 0.000223806 -5.65268e-05 0.000161684 0 0.000148154 -0.000272626 0.00144246 9.09009e-05 -5.20021e-05 0.00022435 -0.000810692 0.00113532
internal_weight=545 533 517 505 494 483 364 119 352 339 101 44 57
internal_count=545 533 517 505 494 483 364 119 352 339 101 44 57
is_linear=0
shrinkage=0.0529975


Tree=167
num_leaves=13
num_cat=0
split_feature=19 38 29 29 19 6 29 1 29 6 6 29
split_gain=0.510809 0.317669 0.159009 0.110354 0.100523 0.596536 0.0667472 0.117423 0.0444831 0.0371571 0.0748062 0.0283664
threshold=1.0782546332626139 -0.68690109666846921 0.99250610888350865 -1.1125084092197188 -0.77729306540003507 0.60253933251252334 0.69848664362485546 -0.06120009911652869 0.60923513714294653 0.48402615276326083 0.41459442075987957 0.098039211012012434
decision_type=2 2 2 2 2 2 2 2 2 2 2 2
left_child=1 -1 3 -3 5 -5 8 -8 9 10 -6 -11
right_child=-2 2 -4 4 6 -7 7 -9 -10 11 -12 -13
leaf_value=0.0074015558927003457 -0.0076311780170563318 0.0044321354357523737 -0.00437392526808748 -0.0084366850781760396 0.00036828676596173198 0.0032794541867663183 0.0056960760199034144 -0.00040616144637218714 -0.0021728299329151642 0 0.0040901494671578128 -0.0017313638467826226
leaf_weight=10.999999999999998 18 10.999999999999998 15.999999999999998 17 254 20 11.000000000000002 12.999999999999998 15.999999999999998 119 10.999999999999998 28
leaf_count=11 18 11 16 17 254 20 11 13 16 119 11 28
internal_value=-5.75816e-05 0.000270938 2.22692e-05 0.000226918 6.56665e-05 -0.00236705 0.000308439 0.00273741 0.000120201 0.000255854 0.000635638 -0.000381219
internal_weight=545 527 516 500 489 37 452 24 428 412 265 147
internal_count=545 527 516 500 489 37 452 24 428 412 265 147
is_linear=0
shrinkage=0.0529975


Tree=168
num_leaves=24
num_cat=0
split_feature=45 25 44 8 5 5 38 29 29 5 19 39 31 31 37 53 19 39 44 29 29 9 53
split_gain=0.514033 0.348936 0.459485 0.447961 0.324131 0.277995 0.269194 0.536023 0.385194 0.72557 0.0931088 0.062123 0.051157 0.124008 0.0500381 0.0385855 0.0366291 0.0790281 0.0314541 0.030278 0.0288664 0.0116864 0.00537126
threshold=1.7894974863008961 -1.1764033572252413 1.0000000180025095e-35 0.97390045284613536 -1.0869381551188761 -1.4562252838241503 0.1899764519439007 0.67528232375896413 0.91470921892100709 0.89204371730505116 -0.95772725582126561 1.7903052981355254 0.94639197622347437 0.70892177038409643 -0.087019827504899783 1.0593795073025254 -0.58317633917525924 -0.4449525141229505 1.0000000180025095e-35 0.15371955706143023 -0.30060901107959576 -0.02450230380552406 -0.36007183007885429
decision_type=2 2 2 2 2 2 2 2 2 2 2 2 2 2 2 2 2 2 2 2 2 2 2
left_child=1 2 4 -4 14 -3 8 10 12 -10 -8 16 13 15 -1 19 17 -12 22 -7 -18 -17 -14
right_child=-2 5 3 -5 -6 6 7 -9 9 -11 11 -13 18 -15 -16 21 20 -19 -20 -21 -22 -23 -24
leaf_value=-0.0055845070185823889 -0.0088740190371809913 -0.0069107830599030324 1.0909223421285723e-05 0.01440352093031924 0.0049788964874076906 0.0004926278239819115 -0.0041070266935103114 -0.0097091948752872845 0.014272870950833223 -0.0016141398548582347 0.002738619421272446 -0.0031207525563301383 -0.00033726890005371954 0.0052522009628457045 -0.00015172648151354288 0.0029931792340525676 0.00040737497545921433 -0.00092288145445850855 -0.0023761246950112064 -0.0012973564233802633 -0.00088856544923629282 0 0.00085731975981096528
leaf_weight=11 11.999999999999998 10.999999999999998 11.000000000000002 10.999999999999998 14.999999999999998 65 11.999999999999998 12.999999999999998 11.000000000000002 11.999999999999998 33 11.999999999999998 12.000000000000002 10.999999999999998 11 11.000000000000002 81 21 18 35 93 10.999999999999998 11.999999999999998
leaf_count=11 12 11 11 11 15 65 12 13 11 12 33 12 12 11 11 11 81 21 18 35 93 11 12
internal_value=-5.35094e-05 0.000228633 0.00387771 0.00900038 0 -0.000253794 0 -0.0011038 0.00144495 0.00712344 -0.000417454 -0.000108966 0.000448769 0.000977505 -0.00373191 0.000309512 9.56107e-05 0.00124836 -0.000992979 -0.000105923 -0.000253005 0.00206557 7.91559e-05
internal_weight=545 533 59 22 37 474 463 265 198 23 252 240 175 133 22 122 228 54 42 100 174 22 24
internal_count=545 533 59 22 37 474 463 265 198 23 252 240 175 133 22 122 228 54 42 100 174 22 24
is_linear=0
shrinkage=0.0529975


Tree=169
num_leaves=16
num_cat=0
split_feature=39 38 29 29 25 19 46 3 3 30 29 29 3 34 8
split_gain=0.499962 0.364645 0.239096 0.117815 0.247807 0.198362 0.058079 0.0454198 0.121064 0.0845649 0.0635111 0.0503586 0.0332771 0.0297182 0.0143942
threshold=-1.1558530955085182 -0.85777646155359866 0.99250610888350865 -0.81017552788316061 -0.91482025821547508 -1.0429653928487965 0.45820649254739221 -0.94635069273722194 -1.3969079147176331 1.007757035394693 1.0000000180025095e-35 0.067446086066573888 -0.76244978580644196 1.601818843185439 0.40942731381501046
decision_type=2 2 2 2 2 2 2 2 2 2 2 2 2 2 2
left_child=-1 -2 3 4 -3 -5 14 8 11 12 -10 -7 -9 -14 -6
right_child=1 2 -4 5 6 7 -8 9 10 -11 -12 -13 13 -15 -16
leaf_value=-0.0087502265266370186 0.006912284443147558 0.0078011402322908209 -0.0060569597279771714 -0.0057297242738927369 0 -0.00056294865512435057 0.0025168553712766302 0.0022301152436029217 0 0.0037856903965303524 -0.0051207187196744795 0.0030406212963044557 0.0001723768602560509 -0.001356306355095609 -0.0022467666768917439
leaf_weight=11.999999999999998 15.999999999999998 10.999999999999998 11.999999999999998 10.999999999999998 12.000000000000002 18.000000000000004 10.999999999999998 13.999999999999998 13.000000000000002 12.999999999999998 15.999999999999998 11.999999999999998 327 34 12.999999999999998
leaf_count=12 16 11 12 11 12 18 11 14 13 13 16 12 327 34 13
internal_value=-5.10521e-05 0.000227012 -4.34082e-05 0.000155219 0.0025267 -0.000102597 0 9.44717e-05 -0.00118263 0.000321442 -0.00337402 0.000950841 0.000125323 0 -0.00133767
internal_weight=545 533 517 505 47 458 36 447 59 388 29 30 375 361 25
internal_count=545 533 517 505 47 458 36 447 59 388 29 30 375 361 25
is_linear=0
shrinkage=0.0529975


Tree=170
num_leaves=16
num_cat=0
split_feature=19 38 25 2 17 29 29 5 19 6 29 3 29 31 26
split_gain=0.509619 0.285379 0.129019 0.22332 0.297285 0.224981 0.107111 0.241402 0.234916 0.568335 0.125167 0.0623438 0.0614609 0.028159 0.0131887
threshold=1.0782546332626139 -0.68690109666846921 1.9371621489107038 1.6652591919516364 1.5444409411395836 0.91470921892100709 -0.75396955002774324 -1.0104878021227626 -0.77729306540003507 0.60253933251252334 0.69848664362485546 -0.17764490176656142 0.60923513714294653 -0.2727259461694394 1.1280953561172959
decision_type=2 2 2 2 2 2 2 2 2 2 2 2 2 2 2
left_child=1 -1 3 5 -5 6 7 -3 9 -8 12 -9 -10 -13 -6
right_child=-2 2 -4 4 14 -7 8 11 10 -11 -12 13 -14 -15 -16
leaf_value=0.0070378780013748915 -0.0076151423224312545 0.0075308404923219129 -0.0044843339757571106 0.0085903625059916087 0.0010435271931981147 -0.0059485805913073765 -0.010911724764219142 0.0027208261596769418 5.4323070427476928e-05 0.0026368540148319513 0.004218209005707736 -0.0026708451430595805 -0.003197145480578722 0 -0.00090444715252311096
leaf_weight=10.999999999999998 18 10.999999999999998 10.999999999999998 13.999999999999998 13.000000000000002 11.999999999999998 12.000000000000002 10.999999999999998 349 11.999999999999998 13.999999999999998 11.999999999999995 10.999999999999998 20.000000000000004 13.999999999999998
leaf_count=11 18 11 11 14 13 12 12 11 349 12 14 12 11 20 14
internal_value=-5.00215e-05 0.000278031 4.13536e-05 0.000205067 0.00369207 -0.000131364 8.36858e-05 0.00218292 -0.000212019 -0.00473168 0.000129721 0 -7.6697e-05 -0.0011389 0
internal_weight=545 527 516 505 41 464 452 54 398 24 374 43 360 32 27
internal_count=545 527 516 505 41 464 452 54 398 24 374 43 360 32 27
is_linear=0
shrinkage=0.0529975


Tree=171
num_leaves=27
num_cat=0
split_feature=45 30 19 29 29 8 29 37 3 10 13 19 19 29 30 29 37 53 7 45 13 26 38 1 37 0
split_gain=0.485619 0.365246 0.113681 0.82235 0.249263 0.691413 0.130677 0.382662 0.285468 0.194771 0.078799 0.152815 0.0701322 0.0475824 0.0344372 0.0494753 0.0339838 0.0467494 0.0319453 0.0260491 0.0257527 0.0374703 0.018336 0.0201627 0.0116824 0.00733327
threshold=1.7894974863008961 -1.6045160372440099 -0.3357664568293684 0.41037723249571229 0.7731741465887918 -1.0006631898332965 -0.5832868142001647 -0.7098019992819159 0.76392774171903277 0.66889347538467159 -1.0300005000986865 -0.58317633917525924 0.80107462915198291 -0.26151545470841348 -0.2223400469422456 0.60923513714294653 -0.78948456671466416 1.0000000180025095e-35 -0.1959149040383493 1.221717239439402 -0.054758513544016361 -0.25898519317648783 -0.28992675498330472 -0.34289341447093324 1.8001988748496838 -0.082078424880992137
decision_type=2 2 2 2 2 2 2 2 2 2 2 2 2 2 2 2 2 2 2 2 2 2 2 2 2 2
left_child=1 -1 3 6 12 -6 7 -3 10 -10 -8 18 14 -13 16 19 17 -4 -12 24 21 -9 25 -24 -16 -18
right_child=-2 2 4 -5 5 -7 8 20 9 -11 11 13 -14 -15 15 -17 22 -19 -20 -21 -22 -23 23 -25 -26 -27
leaf_value=0.0074467175672350934 -0.008620476811939155 0.0085158921307121379 0 -0.012226297223986183 -0.0029508775314650813 0.010525969421078694 -0.0024394396780280077 -0.0031161470690922017 -0.0091949967859394875 -0.00038211007605056213 0.00074238551540496244 0.0011380193574787496 -0.0031998535381703545 -0.0022001100215031954 8.0964968205387642e-05 -0.0028083894285934915 0.0018816580309343957 0.0040744362424927384 0.0058502345055535922 -0.0015394338722256214 0.00074255499689128478 5.6265652189453272e-05 -0.00098293515725223607 0.00061613741914875325 0.0016414976823910341 0
leaf_weight=12.999999999999998 11.999999999999998 11.999999999999998 12 10.999999999999998 14.999999999999998 17 10.999999999999998 12 11.000000000000002 15.999999999999998 11.000000000000002 14.999999999999995 11.999999999999998 19.000000000000004 139 12.999999999999998 17.000000000000004 13 12.999999999999998 19 18 15 36 38 10.999999999999998 13.999999999999998
leaf_count=13 12 12 12 11 15 17 11 12 11 16 11 15 12 19 139 13 17 13 13 19 18 15 36 38 11 14
internal_value=-4.66615e-05 0.000227168 -2.28777e-05 -0.00116556 0.000494817 0.00455614 1.68442e-05 0.00195504 -0.00111276 -0.00520274 0.000682554 0.00155689 0 -0.000602951 0.000199974 -0.000240461 0.000851356 0.00243678 0.00435839 6.62229e-06 -0.000453171 -0.00145208 0.000299698 -8.98448e-05 0.000298878 0.00128221
internal_weight=545 533 520 164 356 32 153 57 96 27 69 58 324 34 312 182 130 25 24 169 45 27 105 74 150 31
internal_count=545 533 520 164 356 32 153 57 96 27 69 58 324 34 312 182 130 25 24 169 45 27 105 74 150 31
is_linear=0
shrinkage=0.0529975


Tree=172
num_leaves=18
num_cat=0
split_feature=19 38 29 29 7 1 37 19 29 26 39 29 1 5 11 29 39
split_gain=0.492857 0.268171 0.126125 0.108825 0.0969691 0.0771008 0.174129 0.139123 0.499302 0.0624547 0.0483391 0.0473875 0.045297 0.0228479 0.0451772 0.0139047 0.0119798
threshold=1.0782546332626139 -0.68690109666846921 0.96361458521015575 -1.1125084092197188 -1.9754482841524654 -0.63930970165001366 -0.75383710233685208 -0.71234336683649502 -0.27712259344990625 -0.55409121420728102 -0.47999791929632923 0.69848664362485546 0.21061577944410606 -0.56368206430108414 1.1846244970882689 0.16142385576168791 1.525326010866711
decision_type=2 2 2 2 2 2 2 2 2 2 2 2 2 2 2 2 2
left_child=1 -1 3 -3 -5 6 9 8 10 -6 -7 12 -9 14 -8 -11 -15
right_child=-2 2 -4 4 5 7 13 11 -10 15 -12 -13 -14 16 -16 -17 -18
leaf_value=0.0068294615040727464 -0.0074862575279865864 0.0044183871768702651 -0.0036118061462063508 -0.0037182660611934319 0.00045858301054609453 0.0031810726604106117 -0.0026547191077485608 -0.00052603007448456536 -0.010087781635802524 0.0072316776437514989 -0.00058702711144677548 0.0025458727626590277 0.0007232918188684104 0 0.00083113636456870986 0.0016873533673586196 0.0016847997862194858
leaf_weight=10.999999999999998 18 10.999999999999998 19 11.999999999999998 13.999999999999998 11.999999999999998 17.000000000000004 171 10.999999999999998 11.000000000000002 12.000000000000002 17 144 31 10.999999999999998 10.999999999999998 11.999999999999998
leaf_count=11 18 11 19 12 14 12 17 171 11 11 12 17 144 31 11 11 12
internal_value=-4.62854e-05 0.000276091 4.61586e-05 0.000241277 7.98381e-05 0.000235794 0.00145156 -0.000117578 -0.0030435 0.00416061 0.00132345 0.000218735 2.61719e-05 -4.83805e-05 -0.00117477 0.00566416 0.000596538
internal_weight=545 527 516 497 486 474 107 367 35 36 24 332 315 71 28 22 43
internal_count=545 527 516 497 486 474 107 367 35 36 24 332 315 71 28 22 43
is_linear=0
shrinkage=0.0529975


Tree=173
num_leaves=15
num_cat=0
split_feature=13 7 5 29 17 29 39 25 28 29 29 29 10 14
split_gain=0.473257 0.30761 0.386343 0.53445 0.15749 0.474895 0.254825 0.12304 0.0967992 0.365498 0.0833856 0.035286 0.0147178 0.00523447
threshold=1.9449801053509139 -2.251833151424401 -1.8458942291777902 1.1880524913612776 1.3903316759514752 0.88678181099218489 -0.84506682601750038 -1.2991129645190382 -0.68233214201494385 -0.25653487140086723 0.69848664362485546 -0.51914819900760623 -0.81140132596907322 1.8976480111278851
decision_type=2 2 2 2 2 2 2 2 2 2 2 2 2 2
left_child=1 -1 -3 4 5 7 -6 -4 9 -9 -10 -8 13 -13
right_child=-2 2 3 -5 6 -7 11 8 10 -11 -12 12 -14 -15
leaf_value=0.0072458711979657871 -0.0085051150124436925 -0.0072264200558451947 0.0038617435285615916 0.0092553588690641748 0.0074670092534289828 -0.0088906779354825782 0.0024983558473841505 0.00058220694935381023 -0.0001434481986214802 -0.0081202814522469084 0.003658489671927171 -0.0010306204366084776 0.00095681249407247187 0
leaf_weight=10.999999999999998 11.999999999999998 13.999999999999998 14.999999999999998 11.999999999999998 12.999999999999998 11.999999999999998 10.999999999999998 36 328 13.999999999999998 10.999999999999998 32 12.999999999999998 10.999999999999998
leaf_count=11 12 14 15 12 13 12 11 36 328 14 11 32 13 11
internal_value=-4.07197e-05 0.00022939 0 0.000282082 -2.90628e-05 -0.000463484 0.00202351 -6.9766e-05 -0.000295373 -0.00233839 2.11172e-05 0.000344998 -0.000166054 -0.000723633
internal_weight=545 533 522 508 496 416 80 404 389 50 339 67 56 43
internal_count=545 533 522 508 496 416 80 404 389 50 339 67 56 43
is_linear=0
shrinkage=0.0529975


Tree=174
num_leaves=26
num_cat=0
split_feature=45 30 27 29 29 8 29 37 3 36 27 27 29 30 29 36 52 7 36 26 27 45 45 30 7
split_gain=0.461615 0.371722 0.0998978 0.739073 0.226206 0.639646 0.112297 0.348046 0.263646 0.125534 0.134522 0.0674658 0.0455921 0.0340038 0.0483908 0.0330637 0.0563966 0.0277696 0.024953 0.0359757 0.0241577 0.0237016 0.0198014 0.0118415 0.0111087
threshold=1.7894974863008961 -1.6045160372440099 -0.33576645682938006 0.41037723249571229 0.7731741465887918 -1.0006631898332965 -0.5832868142001647 -0.7098019992819159 1.148280637204363 1.1403814328192075 -0.58317633917526923 0.80107462915197203 -0.26151545470841348 -0.2223400469422456 0.60923513714294653 -0.19775994398242885 1.0000000180025095e-35 -0.22676798079162311 0.031795689694839868 -0.25898519317648783 0.10303217355354786 1.221717239439402 -1.0494037480065741 0.18182742823214648 0.47755087747422081
decision_type=2 2 2 2 2 2 2 2 2 2 2 2 2 2 2 2 2 2 2 2 2 2 2 2 2
left_child=1 -1 3 6 11 -6 7 -3 9 10 17 13 -12 15 21 16 22 -8 -9 -20 -17 23 -4 -15 -22
right_child=-2 2 4 -5 5 -7 8 18 -10 -11 12 -13 -14 14 -16 20 -18 -19 19 -21 24 -23 -24 -25 -26
leaf_value=0.007514460826100672 -0.0083952859296404173 0.0080846717034775469 0.0016769571282635161 -0.01157923714744147 -0.0028686345743683347 0.010080668470266823 0.00067732068154160313 0.00071185916202450093 -0.0063283022824112594 -0.0035128523655953542 0.00095981371487406945 -0.0031472612207125382 -0.0021331553324343043 0.00065013656293559879 -0.0027877388603142774 -0.0018076741761251869 0.0035600693273561859 0.005018306220424742 -0.0030723006735512656 3.0717448244421274e-05 0 -0.0014794580001109376 -0.00030075919001342535 -0.00022802204318176007 0.0015549884525066643
leaf_weight=12.999999999999998 11.999999999999998 11.999999999999998 13.999999999999998 10.999999999999998 14.999999999999998 17 13.000000000000002 18 14.999999999999998 12.999999999999998 17.999999999999993 11.999999999999998 21.000000000000014 93 12.999999999999998 10.999999999999998 21 15.999999999999991 12 15 39 19 33 57 11.999999999999998
leaf_count=13 12 12 14 11 15 17 13 18 15 13 18 12 21 93 13 11 21 16 12 15 39 19 33 57 12
internal_value=-3.52617e-05 0.000231303 -2.10872e-05 -0.00109303 0.000463362 0.00433208 2.52149e-05 0.00182417 -0.00101889 0.000252474 0.00129304 0 -0.000612733 0.000187962 -0.000249612 0.000835919 0.00159351 0.00372141 -0.000462661 -0.00144442 0 0 0.00027964 0.000275724 0.000464806
internal_weight=545 533 520 164 356 32 153 57 96 81 68 324 39 312 182 130 68 29 45 27 62 169 47 150 51
internal_count=545 533 520 164 356 32 153 57 96 81 68 324 39 312 182 130 68 29 45 27 62 169 47 150 51
is_linear=0
shrinkage=0.0529975


Tree=175
num_leaves=19
num_cat=0
split_feature=19 38 29 44 19 29 8 30 19 30 13 19 29 19 39 30 30 39
split_gain=0.467266 0.250582 0.124402 0.104292 0.315309 0.101961 0.0793538 0.102271 0.0827875 0.0719746 0.0594759 0.0523348 0.0431553 0.0423478 0.0403128 0.0233522 0.031501 0.0275572
threshold=1.0782546332626139 -0.68690109666846921 0.96361458521015575 1.1974606743659131 -1.084056395528697 -0.42740314582416888 -0.74199266462636426 0.94700107409178613 -0.36000485944164334 0.099707195366812731 -0.054758513544016361 -0.73828673672853917 0.32579273591308622 -0.13695324231613623 -0.58289786232641239 -0.087901814858564145 -0.2145055800327397 -0.62158061868772108
decision_type=2 2 2 2 2 2 2 2 2 2 2 2 2 2 2 2 2 2
left_child=1 -1 3 4 -3 9 8 10 -6 -5 13 -12 14 -8 -7 16 -10 -17
right_child=-2 2 -4 5 6 12 7 -9 15 -11 11 -13 -14 -15 -16 17 -18 -19
leaf_value=0.0066113345284645308 -0.0072825110644852984 -0.007155296722439637 -0.0035793463560284591 0 -0.0041787567010902176 -0.002710006507959804 -0.0014512246630971537 0.0038226720721232449 2.8020045286791332e-05 0.0055814622205771465 0.0038275294534085339 0.00056850029111687431 0.0023937314529619302 0.00035968474390085724 0.00044411480738969152 0.0019689447430701148 -0.0026254366976749344 -0.000388412597891355
leaf_weight=10.999999999999998 18 10.999999999999998 19 11.000000000000002 13.999999999999998 11.999999999999998 64 20 19 20 10.999999999999998 166 10.999999999999998 62 20 15.999999999999998 14.999999999999998 25
leaf_count=11 18 11 19 11 14 12 64 20 19 20 11 166 11 62 20 16 15 25
internal_value=-3.76434e-05 0.000275852 5.30167e-05 0.000246781 -6.82347e-05 0.00200493 0.000204206 0.00060504 -0.00112335 0.00405289 0.000299989 0.00092799 7.06142e-05 -0.000531367 -0.000795874 -0.000199631 -0.0011861 0.000516756
internal_weight=545 527 516 497 423 74 412 323 89 31 303 177 43 126 32 75 34 41
internal_count=545 527 516 497 423 74 412 323 89 31 303 177 43 126 32 75 34 41
is_linear=0
shrinkage=0.0529975


Tree=176
num_leaves=15
num_cat=0
split_feature=13 7 5 29 17 29 16 25 28 29 37 30 26 7
split_gain=0.441119 0.292709 0.36093 0.500279 0.149023 0.44351 0.182176 0.105718 0.0884474 0.320713 0.0779466 0.0628306 0.0150395 0.0103857
threshold=1.9449801053509139 -2.251833151424401 -1.8458942291777902 1.1880524913612776 1.3903316759514752 0.88678181099218489 -1.081752715281953 -1.2991129645190382 -0.68233214201494385 -0.25653487140086723 2.1084445962342691 0.56564965927232158 1.1280953561172959 0.50672698769577862
decision_type=2 2 2 2 2 2 2 2 2 2 2 2 2 2
left_child=1 -1 -3 4 5 7 11 -4 9 -9 -10 12 13 -6
right_child=-2 2 3 -5 6 -7 -8 8 10 -11 -12 -13 -14 -15
leaf_value=0.0070694070042499769 -0.0082078518622042216 -0.0069835231836012941 0.0035736268238491563 0.0089555031728903237 -0.00051480530029105462 -0.0085938929517612398 0.0069415059679615518 0.00049867656383689729 0.0002309553916593661 -0.0076470132973411797 -0.0032560756917595409 0.0030082658289021366 -0.0012498653726747124 0.0010263814858458577
leaf_weight=10.999999999999998 11.999999999999998 13.999999999999998 14.999999999999998 11.999999999999998 10.999999999999998 11.999999999999998 10.999999999999998 36 326 13.999999999999998 12.999999999999998 15.999999999999998 21 21
leaf_count=11 12 14 15 12 11 12 11 36 326 14 13 16 21 21
internal_value=-3.53384e-05 0.000224966 0 0.000273828 -2.67642e-05 -0.00044974 0.00196948 -6.86468e-05 -0.000278896 -0.00223203 2.2719e-05 0.000592072 -0.000250576 0.000315138
internal_weight=545 533 522 508 496 416 80 404 389 50 339 69 53 32
internal_count=545 533 522 508 496 416 80 404 389 50 339 69 53 32
is_linear=0
shrinkage=0.0529975


Tree=177
num_leaves=13
num_cat=0
split_feature=39 38 29 29 7 29 19 37 46 29 9 29
split_gain=0.437165 0.364891 0.207692 0.104952 0.0863243 0.0687266 0.261525 0.175048 0.0507207 0.0426858 0.0461121 0.0207888
threshold=-1.1558530955085182 -0.85777646155359866 0.99250610888350865 -1.1125084092197188 -1.9754482841524654 -0.47388545053975262 -0.77729306540003507 -0.78948456671466416 0.78147191447403119 0.7731741465887918 -1.235495028343917 -0.89685283675921912
decision_type=2 2 2 2 2 2 2 2 2 2 2 2
left_child=-1 -2 3 -3 -5 7 -7 -6 11 10 -8 -9
right_child=1 2 -4 4 5 6 9 8 -10 -11 -12 -13
leaf_value=-0.0081709434600227733 0.0069116674196816538 0.0042325421660682891 -0.0056514409259359093 -0.0036076693722714684 0.0052930166854797045 -0.0064562267931714198 0.0017080364413240192 -0.0016749973221345501 0.0025463001242050009 0.002530324134908305 -0.0002655434851749411 5.6300263493614507e-05
leaf_weight=11.999999999999998 15.999999999999998 10.999999999999998 11.999999999999998 11.999999999999998 18 11.999999999999998 31 18 14.999999999999998 12.999999999999998 307 68
leaf_count=12 16 11 12 12 18 12 31 18 15 13 307 68
internal_value=-3.50915e-05 0.000223986 -4.65004e-05 0.000137773 0 0.000129895 -0.000219677 0.0012115 0.000162952 7.88359e-05 -3.76117e-05 -0.0003157
internal_weight=545 533 517 505 494 482 363 119 101 351 338 86
internal_count=545 533 517 505 494 482 363 119 101 351 338 86
is_linear=0
shrinkage=0.0529975


Tree=178
num_leaves=12
num_cat=0
split_feature=19 38 25 39 29 29 3 39 3 19 9
split_gain=0.440827 0.228979 0.116415 0.216877 0.143777 0.0957811 0.0937731 0.248556 0.0700774 0.108448 0.0783659
threshold=1.0782546332626139 -0.68690109666846921 1.9371621489107038 -1.1464725685440789 0.96361458521015575 -1.1125084092197188 1.148280637204363 -0.72037846618712831 -0.95922375622237632 -0.27459863756046599 0.7359721555231199
decision_type=2 2 2 2 2 2 2 2 2 2 2
left_child=1 -1 3 -3 5 -5 8 -8 9 -7 -10
right_child=-2 2 -4 4 -6 6 7 -9 10 -11 -12
leaf_value=0.006327613797201849 -0.0070707356855923779 0.0059275773961204392 -0.004239650454677453 0.0040873670218302908 -0.0046475692269110896 -0.0049928034030029926 -0.0063406551031353542 0.0013821673213219728 8.6182847201130426e-05 0 0.0019008729178989305
leaf_weight=10.999999999999998 18 11.999999999999998 10.999999999999998 10.999999999999998 11.999999999999998 10.999999999999998 15.999999999999998 19 299 41 84
leaf_count=11 18 12 11 11 12 11 16 19 299 41 84
internal_value=-3.33581e-05 0.000270747 5.70427e-05 0.000212956 0 0.000176149 1.95984e-05 -0.00238894 0.000259075 -0.00143295 0.000525305
internal_weight=545 527 516 505 493 481 470 35 435 52 383
internal_count=545 527 516 505 493 481 470 35 435 52 383
is_linear=0
shrinkage=0.0529975


Tree=179
num_leaves=16
num_cat=0
split_feature=45 30 39 29 29 19 37 36 39 30 30 1 53 29 26
split_gain=0.442616 0.387632 0.106193 0.197631 0.0695359 0.341392 0.310425 0.0487071 0.0560163 0.0882554 0.0255492 0.0391637 0.037002 0.0255037 0.0139843
threshold=1.7894974863008961 -1.6045160372440099 -1.0783225139200134 0.99250610888350865 -0.62400762929631193 -0.77729306540003507 -0.7098019992819159 -1.2895489334230941 -0.71361890106462766 0.57768355033597929 0.70337587340394869 -0.046290760559894624 -0.36007183007885429 0.11881274814264779 -0.031777814701044585
decision_type=2 2 2 2 2 2 2 2 2 2 2 2 2 2 2
left_child=1 -1 -3 4 6 -6 -4 -7 9 -9 11 12 -8 -10 -12
right_child=-2 2 3 -5 5 7 10 8 13 -11 14 -13 -14 -15 -16
leaf_value=0.0076641538698842505 -0.0082208481618562222 0.0033248717562146739 0.0075617609779636248 -0.0056650591067267698 -0.0065756191985317574 -0.0025410024203587327 0.0012135826634681736 0.00035211376532234129 1.4686911367625955e-05 0.0040472296930688404 -0.0024411792361583272 0.0023924744340308424 -0.0017848383002313853 -0.0012232057579221931 0
leaf_weight=12.999999999999998 11.999999999999998 19 11.999999999999998 11.999999999999998 17 12.999999999999998 12.999999999999995 105 203 18 11.000000000000002 13.999999999999998 20.000000000000004 51 11.999999999999998
leaf_count=13 12 19 12 12 17 13 13 105 203 18 11 14 20 51 12
internal_value=-3.44495e-05 0.000226309 -3.16109e-05 -0.000210498 0 -0.000297696 0.00134297 5.37469e-05 0.00019984 0.00111001 -0.000143737 0.000462205 -0.000419552 -0.000229481 -0.00146237
internal_weight=545 533 520 501 489 407 82 390 377 123 70 47 33 254 23
internal_count=545 533 520 501 489 407 82 390 377 123 70 47 33 254 23
is_linear=0
shrinkage=0.0529975


Tree=180
num_leaves=15
num_cat=0
split_feature=19 38 25 39 2 29 17 29 39 19 19 12 1 26
split_gain=0.424509 0.211994 0.1096 0.195314 0.13643 0.451719 0.178262 0.0922179 0.207459 0.209963 0.110029 0.0511625 0.0439135 0.00985574
threshold=1.0782546332626139 -0.68690109666846921 1.9371621489107038 -1.1464725685440789 1.6652591919516364 0.81384386805079478 1.5444409411395836 0.11881274814264779 -0.88168880801376159 -0.14661678075790294 -0.95772725582126561 0.14266095426046657 -1.0705623194006535 1.1280953561172959
decision_type=2 2 2 2 2 2 2 2 2 2 2 2 2 2
left_child=1 -1 3 -3 5 7 -6 10 11 -10 -5 -9 -12 -8
right_child=-2 2 -4 4 6 -7 13 8 9 -11 12 -13 -14 -15
leaf_value=0.0060941480330119853 -0.0069385714302139636 0.0056346084648033444 -0.0041085868678617894 0.0037494025968934142 0.006697715859160713 -0.0087439772809720581 0.00086229507904639618 0.0034285855432290226 -0.00713763420598491 -0.00069984331768111873 0.0017439756091580194 0 -3.6522919573994669e-05 -0.00082340049640551854
leaf_weight=10.999999999999998 18 11.999999999999998 10.999999999999998 21 12.999999999999998 10.999999999999998 13.000000000000002 14.999999999999998 18 46 38 24 280 13.999999999999998
leaf_count=11 18 12 11 21 13 11 13 15 18 46 38 24 280 14
internal_value=-3.24527e-05 0.000265733 5.95244e-05 0.000211131 0 -0.000262885 0.0027643 4.68045e-05 -0.00128032 -0.00306661 0.000485523 0.00151381 0.000183022 0
internal_weight=545 527 516 505 493 453 40 442 103 64 339 39 318 27
internal_count=545 527 516 505 493 453 40 442 103 64 339 39 318 27
is_linear=0
shrinkage=0.0529975


Tree=181
num_leaves=24
num_cat=0
split_feature=3 29 30 12 19 47 29 29 30 29 3 39 5 3 10 30 13 36 3 12 39 10 29
split_gain=0.420712 1.39724 0.857766 0.226789 0.243517 0.157579 0.706569 0.630016 0.153055 0.14618 0.0654652 0.066113 0.0514927 0.052528 0.0350193 0.0430408 0.0343085 0.0272696 0.0236072 0.0170609 0.0323947 0.0138805 0.00407309
threshold=0.74002062381803124 0.6273942987389155 -1.4739652562250283 0.80071472735218008 -0.71234336683649502 0.59100304412747862 0.88678181099218489 0.96361458521015575 1.1485607431090135 -0.52667867531189805 -0.94635069273722194 -0.68960891435760863 -1.1467356927858219 0.55795872595655915 -0.053551922787591452 0.56564965927232158 -0.054758513544016361 -0.4273155776596968 -0.17764490176656142 0.064319180303798795 1.3764440153629633 -0.52875103714567451 0.056565116237184652
decision_type=2 2 2 2 2 2 2 2 2 2 2 2 2 2 2 2 2 2 2 2 2 2 2
left_child=2 3 -1 4 -2 6 8 10 12 -5 -7 18 -4 14 15 -14 -16 -6 -12 20 22 -19 -13
right_child=1 -3 5 9 17 7 -8 -9 -10 -11 11 19 13 -15 16 -17 -18 21 -20 -21 -22 -23 -24
leaf_value=0.011653647358419712 -0.0076134696530686776 -0.017024520544945632 -0.0025110718886837582 0.0066370314541924266 0.0017240072036675109 -0.0025185315474200347 0.011028452834478552 -0.010561300833888107 0.0043290654091156346 0 0.0039991100172648104 0 0 0.0028192885794734719 -0.0016376234723875685 0.0024105331700084187 0 0 0.00052996930963095784 -0.0015353243715690561 0.0022029214963453399 -0.0018506797436596354 -0.00081440671463596319
leaf_weight=12.999999999999998 10.999999999999998 10.999999999999998 18 11.000000000000002 10.999999999999995 18 11.999999999999998 11.999999999999998 17 18 11.000000000000002 31 72 11.999999999999998 55 21 91 14.999999999999995 20 15.999999999999998 10.999999999999998 13.000000000000009 25
leaf_count=13 11 11 18 11 11 18 12 12 17 18 11 31 72 12 55 21 91 15 20 16 11 13 25
internal_value=-3.05936e-05 -0.00323399 0.000621717 -0.000166016 -0.00231932 0.000130018 0.000835837 -0.00125909 0.000166558 0.00310827 0 0.000513697 -0.000159762 3.63353e-05 -0.000140469 0.00060284 -0.000665003 0 0.00239841 -0.00022592 9.15238e-05 -0.000875803 -0.000383509
internal_weight=545 90 455 79 50 442 298 144 286 29 132 114 269 251 239 93 146 39 31 83 67 28 56
internal_count=545 90 455 79 50 442 298 144 286 29 132 114 269 251 239 93 146 39 31 83 67 28 56
is_linear=0
shrinkage=0.0529975


Tree=182
num_leaves=14
num_cat=0
split_feature=39 38 29 30 30 30 7 6 29 8 5 5 1
split_gain=0.417649 0.348403 0.158609 0.093128 0.276235 0.100262 0.153521 0.0561953 0.0382892 0.0386681 0.0325009 0.0372272 0.027691
threshold=-1.1558530955085182 -0.85777646155359866 0.99250610888350865 1.0684567549518114 1.4244897927812694 0.81566411525288152 -0.3099230353774472 0.25998191677495136 0.7731741465887918 2.023231164866321 -1.1644035560352715 -1.0104878021227626 -0.49608686814034797
decision_type=2 2 2 2 2 2 2 2 2 2 2 2 2
left_child=-1 -2 3 5 -5 8 -7 -8 9 10 12 -12 -3
right_child=1 2 -4 4 -6 6 7 -9 -10 -11 11 -13 -14
leaf_value=-0.0079800664428105184 0.0067601809042698051 -0.0029828136312193211 -0.0049378589707532328 0.0059494449548619273 -0.0026102034447749054 -0.0064379051524791637 0.0020717242457378034 -0.0020591183501427078 0.002487977309974505 0.0023186661039540789 0.0022420278910806196 -4.0983388197031422e-05 0
leaf_weight=11.999999999999998 15.999999999999998 13.000000000000002 11.999999999999998 20 11.999999999999998 10.999999999999998 13.000000000000002 11.999999999999998 12.999999999999998 13.999999999999998 14.999999999999998 365 17
leaf_count=12 16 13 12 20 12 11 13 12 13 14 15 365 17
internal_value=-2.72598e-05 0.000225619 -3.84462e-05 0.000120885 0.00265039 -6.66993e-05 -0.00255076 0 0.000153927 3.24235e-05 -6.11504e-05 6.447e-05 -0.00159205
internal_weight=545 533 517 505 32 473 36 25 437 424 410 380 30
internal_count=545 533 517 505 32 473 36 25 437 424 410 380 30
is_linear=0
shrinkage=0.0529975


Tree=183
num_leaves=15
num_cat=0
split_feature=19 19 47 13 29 30 29 7 35 19 2 39 52 39
split_gain=0.415279 0.198126 0.253781 0.179655 0.109401 0.499011 0.0899883 0.125323 0.0621095 0.0810025 0.0399733 0.0373788 0.0570219 0.0450893
threshold=1.0782546332626139 0.56461929902412689 0.66068322996836037 0.71361396071117855 0.74954040166073665 0.23966141775408889 -1.1125084092197188 -1.897707229271955 -1.189027962267261 -0.94590896873541463 -1.3119221447655731 -0.88168880801376159 1.0000000180025095e-35 -0.812326624193484
decision_type=2 2 2 2 2 2 2 2 2 2 2 2 2 2
left_child=1 4 3 -3 6 -6 -1 -8 10 -10 -9 12 -11 -13
right_child=-2 2 -4 -5 5 -7 7 8 9 11 -12 13 -14 -15
leaf_value=0.003943940115813312 -0.0068597909618187706 0.00082410574075319695 -0.00086782669394629326 0.010233020803332472 0.0024192501351284219 -0.0095910658833648996 -0.0044512585322497413 0 -0.0031867333740033823 0.0002054555278593431 0.0042149112378562382 -0.0021567868164172892 0.0039237812600039119 0.00013391039435649071
leaf_weight=10.999999999999998 18 13.000000000000002 18 10.999999999999998 17.000000000000004 10.999999999999998 10.999999999999998 11.000000000000002 14.999999999999998 48 10.999999999999998 20 11.999999999999998 318
leaf_count=11 18 13 18 11 17 11 11 11 15 48 11 20 12 318
internal_value=-2.88872e-05 0.000265872 0.00351599 0.00655293 -4.08584e-05 -0.0029531 0.000158422 0 0.000185878 5.04933e-06 0.00260288 0.000188146 0.0013439 -1.65629e-05
internal_weight=545 527 42 24 485 28 457 446 435 413 22 398 60 338
internal_count=545 527 42 24 485 28 457 446 435 413 22 398 60 338
is_linear=0
shrinkage=0.0529975


Tree=184
num_leaves=23
num_cat=0
split_feature=45 30 16 35 29 29 34 29 29 25 30 2 17 24 5 2 34 25 34 19 17 9
split_gain=0.416302 0.370524 0.09255 0.299316 0.59362 0.252417 0.18064 0.275879 0.114124 0.181806 0.103779 0.0858457 0.0444231 0.0624908 0.0327592 0.0259929 0.0230843 0.0216193 0.0155724 0.0142303 0.0279943 0.013618
threshold=1.7894974863008961 -1.6045160372440099 -0.90459423178773413 0.26267843997095658 0.63976665760306584 0.69848664362485546 1.5282221012143749 0.7731741465887918 0.098039211012012434 -0.82894980672843088 1.0555148531397263 1.8888575116255271 -1.4430991583872543 -1.1894527247688729 0.44276557395262933 1.6463212820353956 -0.51153556002726497 1.5386232371345685 -0.69367494857363643 0.14518025791233882 1.5139713566090511 0.32536966463151379
decision_type=2 2 2 2 2 2 2 2 2 2 2 2 2 2 2 2 2 2 2 2 2 2
left_child=1 -1 6 5 14 8 7 19 10 -10 12 15 -4 -14 -5 17 18 -8 -11 20 -3 -18
right_child=-2 2 3 4 -6 -7 11 -9 9 16 -12 -13 13 -15 -16 -17 21 -19 -20 -21 -22 -23
leaf_value=0.007498141325841149 -0.007965985644929811 0.0028342519965662482 -0.0025685598075000635 -0.0014737465569506596 -0.011943303569745272 0.0064680377519337777 0.00067449895912647913 0.0091445293504872748 -0.0064629358721201438 -0.00021990549248421476 0.0037721321293093303 -0.0039093706454531967 0.0029944646182461943 0 0.0011042152132870785 0.0016121463171488745 -0.001656534408152261 -0.001676160319014945 0.001852200396591905 -0.00010385620171579614 0 0
leaf_weight=12.999999999999998 11.999999999999998 12.000000000000002 10.999999999999998 24 11.999999999999998 10.999999999999998 12.000000000000002 10.999999999999998 12.999999999999998 11.000000000000002 17 10.999999999999998 14.999999999999998 225 18 21 29 15.999999999999998 10.999999999999998 17 11.999999999999998 10.999999999999998
leaf_count=13 12 12 11 24 12 11 12 11 13 11 17 11 15 225 18 21 29 16 11 17 12 11
internal_value=-2.59231e-05 0.000226515 -2.54035e-05 -0.000411119 -0.00387767 0.000154058 0.00126999 0.00340554 -0.000136072 -0.00189599 0.000361667 -0.000616236 2.08771e-05 0.000227671 -0.000223459 0.000341681 -0.000350187 -0.000522005 0.00074147 0.000746867 0.00148261 -0.00112084
internal_weight=545 533 520 408 54 354 112 52 343 75 268 60 251 240 42 49 62 28 22 41 24 40
internal_count=545 533 520 408 54 354 112 52 343 75 268 60 251 240 42 49 62 28 22 41 24 40
is_linear=0
shrinkage=0.0529975


Tree=185
num_leaves=12
num_cat=0
split_feature=39 38 29 29 31 45 27 31 1 0 4
split_gain=0.401841 0.322081 0.142727 0.0904104 0.070842 0.0615958 0.0569887 0.0374964 0.037399 0.0398251 0.034561
threshold=-1.1558530955085182 -0.85777646155359866 0.99250610888350865 -1.1125084092197188 -2.0174160013276512 1.6759414369285972 -0.94590896873542507 -0.047619721137843934 -1.0705623194006535 -1.0829376853726445 -1.4017841560628788
decision_type=2 2 2 2 2 2 2 2 2 2 2
left_child=-1 -2 3 -3 -5 6 -6 -7 10 -10 -8
right_child=1 2 -4 4 5 7 8 -9 9 -11 -12
leaf_value=-0.0078257419695346893 0.006505847250432361 0.0039210979561920588 -0.0046789006241618877 -0.0033734683389535086 -0.0027345693559519594 0 -0.00034378073396628078 0.0040847636305985828 -0.0025787994947317778 2.9594307029117108e-05 0.002401382616719348
leaf_weight=11.999999999999998 15.999999999999998 10.999999999999998 11.999999999999998 10.999999999999998 14.999999999999998 11.000000000000002 11.999999999999998 10.999999999999998 10.999999999999998 394 29
leaf_count=12 16 11 12 11 15 11 12 11 11 394 29
internal_value=-2.45638e-05 0.000223222 -3.02193e-05 0.000120185 0 0.000106558 -2.47452e-05 0.00252343 8.60086e-05 -6.08474e-05 0.00150795
internal_weight=545 533 517 505 494 483 461 22 446 405 41
internal_count=545 533 517 505 494 483 461 22 446 405 41
is_linear=0
shrinkage=0.0529975


Tree=186
num_leaves=19
num_cat=0
split_feature=19 19 47 13 45 30 43 30 13 6 39 39 8 39 19 13 45 10
split_gain=0.417565 0.184956 0.231353 0.168807 0.100912 0.29945 0.115106 0.111944 0.0772144 0.201551 0.159909 0.0449733 0.0403215 0.0401043 0.11416 0.0401605 0.0356276 0.00857447
threshold=1.0782546332626139 0.56461929902412689 0.66068322996836037 0.71361396071117855 1.4488293381839996 1.2529128884377021 1.0000000180025095e-35 1.0555148531397263 0.67421024408270702 -0.16773770226522539 -0.90242666681960892 -0.98176190957331844 0.73417860902511378 -0.812326624193484 -0.2117746308052324 -0.054758513544016361 1.6759414369285972 0.79645243786982534
decision_type=2 2 2 2 2 2 2 2 2 2 2 2 2 2 2 2 2 2
left_child=1 4 3 -3 5 7 -6 8 10 -10 -1 17 -13 14 -12 -15 -8 -11
right_child=-2 2 -4 -5 6 -7 16 -9 9 11 13 12 -14 15 -16 -17 -18 -19
leaf_value=0.0046266138833544537 -0.0068755969912315702 0.00075909134313644465 -0.00077397239502737479 0.0098724850206243844 0.0051963323802228191 -0.007200303113421457 -0.0014718106146047562 0.003952553865673925 -0.0056375037929426858 0.0024659186475483202 -0.0050522189636195763 8.5859557226663255e-05 -0.0029028546811083037 -0.00036414151665547145 0.00039846403787835015 0.00092310467440789563 0.0015406668864584199 0
leaf_weight=14.999999999999998 18 13.000000000000002 18 10.999999999999998 14.999999999999998 10.999999999999998 14.999999999999998 12.999999999999998 19 11.000000000000002 10.999999999999998 25 12.999999999999998 190 22 97 17 10.999999999999998
leaf_count=15 18 13 18 11 15 11 15 13 19 11 11 25 13 190 22 97 17 11
internal_value=-2.57934e-05 0.000269782 0.00340951 0.00630747 -2.62052e-05 -0.000300639 0.00214413 -9.51226e-06 -0.000205211 -0.00163897 0.000135293 0 -0.00103413 -0.000135042 -0.00173681 5.70703e-05 0 0.00168266
internal_weight=545 527 42 24 485 438 47 427 414 79 335 60 38 320 33 287 32 22
internal_count=545 527 42 24 485 438 47 427 414 79 335 60 38 320 33 287 32 22
is_linear=0
shrinkage=0.0529975


Tree=187
num_leaves=20
num_cat=0
split_feature=45 17 19 19 8 38 29 29 9 3 9 39 10 31 37 1 39 10 5
split_gain=0.402565 0.312775 0.595886 0.329876 0.137503 0.184661 0.379336 0.3081 0.0880886 0.0733109 0.0766487 0.112727 0.0383914 0.0355712 0.0491724 0.0603823 0.0179804 0.0174063 0.000542698
threshold=1.7894974863008961 -1.3571207634493772 0.38603713801689205 1.0782546332626139 1.1846244970882689 0.1899764519439007 0.67528232375896413 0.88678181099218489 -0.64789962636876808 1.148280637204363 0.61916849406195451 -0.38841790629953959 0.28166352977320075 0.94639197622347437 -0.78948456671466416 0.33725197380951638 1.7448722280453988 -1.0259270070808439 0.8752401053996145
decision_type=2 2 2 2 2 2 2 2 2 2 2 2 2 2 2 2 2 2 2
left_child=1 2 -1 4 5 7 9 13 -6 10 12 -12 -7 14 15 -3 -16 18 -15
right_child=-2 3 -4 -5 8 6 -8 -9 -10 -11 11 -13 -14 17 16 -17 -18 -19 -20
leaf_value=-0.0008553781893742994 -0.0078305050642637937 0.0042592349863851738 0.012263628455851132 -0.0073681853965314311 0.0059637809768224677 0.00019730042950693956 -0.0082096040590872166 0.0065486381622217611 0 -0.0034163984904194474 0.0035849280169528066 -0.00046856625039407387 -0.0012705247429178718 0.00027267926455358586 -0.00019350578503900211 0 0.001502826869045328 -0.001976429473248574 -0.00012381188916996873
leaf_weight=19.000000000000004 11.999999999999998 15.000000000000002 10.999999999999998 10.999999999999998 12.000000000000002 71 12.999999999999998 20 11.999999999999998 14.999999999999998 28 36 114 11.000000000000002 87 14.999999999999998 14.999999999999998 17 10.999999999999998
leaf_count=19 12 15 11 11 12 71 13 20 12 15 28 36 114 11 87 15 15 17 11
internal_value=-2.21749e-05 0.000225823 0.00500249 -0.000100922 0.000134296 -7.31309e-05 -0.000953157 0.00115785 0.00361802 -0.00039557 -0.000110142 0.00136024 -0.000682119 0.000287384 0.000730245 0.00242281 6.08721e-05 -0.000953867 0
internal_weight=545 533 30 503 492 468 277 191 24 264 249 64 185 171 132 30 102 39 22
internal_count=545 533 30 503 492 468 277 191 24 264 249 64 185 171 132 30 102 39 22
is_linear=0
shrinkage=0.0529975


Tree=188
num_leaves=16
num_cat=0
split_feature=13 29 17 29 39 45 30 38 53 5 19 36 29 34 5
split_gain=0.411112 0.269365 0.132685 0.367415 0.188657 0.076178 0.0790764 0.0713501 0.0678095 0.199014 0.109819 0.0399751 0.0280669 0.0137492 0.00389932
threshold=1.9449801053509139 1.1880524913612776 1.3903316759514752 0.88678181099218489 -0.84506682601750038 1.6759414369285972 1.1158556766981123 -0.62108709288109554 1.0593795073025254 -0.91979543431640332 -0.62555187198812046 1.4371240812312862 -0.51914819900760623 1.8287459743947443 1.265816741428538
decision_type=2 2 2 2 2 2 2 2 2 2 2 2 2 2 2
left_child=1 2 3 5 -4 6 7 -1 10 -10 -9 -7 -6 14 -14
right_child=-2 -3 4 -5 12 11 -8 8 9 -11 -12 -13 13 -15 -16
leaf_value=-0.0034338502297612404 -0.007910907399136205 0.0061154594902752372 0.006595903921192461 -0.0077970548691949559 0.0023249230207069891 0 -0.0035944335341779252 -0.002608470151360699 0.0065192814658078576 7.6147801481148784e-05 0.00011488031963334744 0.0040974652459737282 0 0.00081808257083212943 -0.0011586538526396632
leaf_weight=10.999999999999998 11.999999999999998 14.999999999999998 12.999999999999998 11.999999999999998 10.999999999999998 11.000000000000002 12.999999999999998 43 10.999999999999998 77 248 11.999999999999998 18 20 18
leaf_count=11 12 15 13 12 11 11 13 43 11 77 248 12 18 20 18
internal_value=-2.0108e-05 0.000230621 0 -0.000376765 0.00189756 -4.62472e-05 -0.000247342 -6.53944e-05 6.6189e-05 0.00132036 -0.000308562 0.00255889 0.000423313 -2.62981e-05 -0.000711543
internal_weight=545 533 518 438 80 426 403 390 379 88 291 23 67 56 36
internal_count=545 533 518 438 80 426 403 390 379 88 291 23 67 56 36
is_linear=0
shrinkage=0.0529975


Tree=189
num_leaves=30
num_cat=0
split_feature=3 30 30 29 19 47 29 29 30 9 3 39 12 9 37 29 8 25 9 12 53 3 31 47 30 19 9 9 14
split_gain=0.385488 1.30211 0.764546 0.182502 0.22473 0.132539 0.60461 0.539341 0.13426 0.124694 0.0573104 0.0563596 0.0425286 0.0311676 0.037259 0.0479531 0.0278745 0.027981 0.0256114 0.0206762 0.020275 0.019244 0.0157612 0.0169149 0.0148561 0.0120249 0.0097824 0.00253946 0.00184828
threshold=0.74002062381803124 -0.60920933772045338 -1.4739652562250283 -0.62400762929631193 -0.71234336683649502 0.59100304412747862 0.88678181099218489 0.96361458521015575 1.1485607431090135 -0.062756608992104099 -0.94635069273722194 -0.68960891435760863 1.4650018586778282 0.19657784518709928 -0.81674439241534058 0.24627008227285696 0.48031795285631473 -0.8404287211798277 0.92077631468792132 1.8399546304852417 -0.36007183007885429 -0.17764490176656142 0.83735045318079593 0.80004360165012389 0.007903202474750343 0.15735257183360071 -0.35261593758322801 -0.37294869812298032 0.22465208006856999
decision_type=2 2 2 2 2 2 2 2 2 2 2 2 2 2 2 2 2 2 2 2 2 2 2 2 2 2 2 2 2
left_child=2 -2 -1 9 -5 6 8 10 12 -3 -7 21 13 14 15 -4 20 -18 24 -14 -15 -12 25 -24 -6 27 -16 -13 -27
right_child=1 3 5 4 18 7 -8 -9 -10 -11 11 22 19 16 26 -17 17 -19 -20 -21 -22 -23 23 -25 -26 28 -28 -29 -30
leaf_value=0.011022891933740729 -0.016396157652391594 0.0062553626359517361 0.0027316191104516186 -0.0069824616197600277 0.00035169054887112736 -0.0023237323146034108 0.010218958429216904 -0.0097384168048214922 0.0040662152014383484 -0.0003066936926267811 0.0037158659207015957 -0.0019949773582026748 -0.0032706926611909964 -0.0022163559074922859 0.00035755117044979708 -9.7216707971720161e-05 -0.00074798110076554119 0.0016326793994995584 0.0017734241665333533 0 -0.00020742409386156695 0.00050325842236410986 -0.00015516291023308674 0.0019204114184825487 -0.0014236298238243248 -0.00030777477536840297 -0.00070462936497265661 -0.00013320152088284139 0.00038472245171903831
leaf_weight=12.999999999999998 10.999999999999998 11.000000000000002 33 10.999999999999998 12.999999999999998 18 11.999999999999998 11.999999999999998 17 10.999999999999998 11.000000000000002 12.000000000000002 11.000000000000002 27 47 21 19 21 11.999999999999998 10.999999999999998 43 20 15 11 21 16.000000000000004 36 13.999999999999998 14.999999999999998
leaf_count=13 11 11 33 11 13 18 12 12 17 11 11 12 11 27 47 21 19 21 12 11 43 20 15 11 21 16 36 14 15
internal_value=-1.7091e-05 -0.00308432 0.000606689 -0.000122627 -0.0017704 0.000141299 0.000789237 -0.00113095 0.000167934 0.00336191 0 0.000511505 -0.000136321 5.68653e-05 0.00060331 0.00161533 -0.000559499 0.000399922 3.13927e-06 -0.00210238 -0.00118794 0.00224951 -0.000166979 0.000700003 -0.00061924 -0.000702306 -4.11064e-05 -0.00142362 0
internal_weight=545 90 455 79 57 442 298 144 286 22 132 114 269 247 137 54 110 40 46 22 70 31 83 26 34 57 83 26 31
internal_count=545 90 455 79 57 442 298 144 286 22 132 114 269 247 137 54 110 40 46 22 70 31 83 26 34 57 83 26 31
is_linear=0
shrinkage=0.0529975


Tree=190
num_leaves=14
num_cat=0
split_feature=39 19 29 30 2 30 7 19 29 12 30 10 10
split_gain=0.386706 0.285092 0.13559 0.0795643 0.248464 0.0868441 0.12563 0.0316425 0.0336764 0.0239985 0.0414852 0.0382635 0.0156048
threshold=-1.1558530955085182 0.95720864136975359 0.99250610888350865 1.0684567549518114 -0.52569871464058704 0.81566411525288152 -0.3099230353774472 -0.74651601231882447 0.7731741465887918 1.4650018586778282 -0.41432049956592126 1.6688279465970373 0.28166352977320075
decision_type=2 2 2 2 2 2 2 2 2 2 2 2 2
left_child=-1 2 3 5 -5 7 -7 -2 9 10 -9 -11 -8
right_child=1 -3 -4 4 -6 6 12 8 -10 11 -12 -13 -14
leaf_value=-0.0076723908336968159 0.0024115900760122485 0.0059987531154552963 -0.0045518211572861851 0.0073084367617552992 -0.00087495811382966185 -0.0058752905739744791 0.0010798472670636829 0.0011013603809015139 0.0022396261637908687 -0.0026042801667895319 -0.00019892755829225482 0.00043115933061763778 -0.0010975492571406889
leaf_weight=11.999999999999998 10.999999999999998 17 11.999999999999998 10.999999999999998 21 10.999999999999998 13.000000000000002 82 12.999999999999998 19 298 12.999999999999998 11.999999999999998
leaf_count=12 11 17 12 11 21 11 13 82 13 19 298 13 12
internal_value=-1.90383e-05 0.000223751 -1.98552e-05 0.000126604 0.0024637 -4.61504e-05 -0.00235967 0.000158493 5.12305e-05 -3.22491e-05 7.63164e-05 -0.00131387 0
internal_weight=545 533 516 504 32 472 36 436 425 412 380 32 25
internal_count=545 533 516 504 32 472 36 436 425 412 380 32 25
is_linear=0
shrinkage=0.0529975


Tree=191
num_leaves=23
num_cat=0
split_feature=19 38 1 30 1 30 7 29 13 30 3 10 12 45 1 5 45 53 37 3 9 30
split_gain=0.396127 0.160808 0.082011 0.174925 0.535981 0.134613 0.101846 0.139157 0.0708818 0.0645819 0.0475328 0.0471305 0.0638552 0.0332619 0.0377525 0.031867 0.0252388 0.0225713 0.0203693 0.0145451 0.00215986 0.00458574
threshold=1.0782546332626139 -0.68690109666846921 -0.63930970165001366 0.83988821281013359 0.077270382728210144 0.94700107409178613 1.527066262327532 0.96361458521015575 1.0583964812103044 1.1158556766981123 -0.29350247313295302 -0.50972561685278994 0.084741481519680195 0.086156745716413782 -0.41091727163557618 -0.68588595877810354 -0.25451140240048259 -0.36007183007885429 -0.56511523210139514 -0.74589870418267135 1.025018557531242 0.34485729356418537
decision_type=2 2 2 2 2 2 2 2 2 2 2 2 2 2 2 2 2 2 2 2 2 2
left_child=1 -1 5 6 -5 8 7 10 15 -6 11 19 -13 14 -12 17 -17 -3 -15 -4 21 -18
right_child=-2 2 3 4 9 -7 -8 -9 -10 -11 13 12 -14 18 -16 16 20 -19 -20 -21 -22 -23
leaf_value=0.0053486696918596099 -0.0066909526253376714 0 0.00054531529252190068 -0.0092517215392232174 -0.00070864719192883553 0.0057159175630649523 0.0032733490090576293 -0.0046452770692178335 0.0032856396564400407 0.0034142323102887891 -0.0013770633004345477 0.0034907171250272693 0.00014023765486781566 -0.0020807461024850817 0.00076695973272491091 0.0020859933838523526 0 -0.0024157535331185216 -0.00027942595509060966 -0.0011076044931845098 0.00033542344547516506 -0.00094381795287953613
leaf_weight=10.999999999999998 18 20 20 17 16.000000000000004 10.999999999999998 21 11.999999999999998 14.999999999999998 12.999999999999998 23 29 39 31 92 15.999999999999998 17.000000000000004 15.999999999999998 60 23 11.999999999999998 12.999999999999998
leaf_count=11 18 20 20 17 16 11 21 12 15 13 23 29 39 31 92 16 17 16 60 23 12 13
internal_value=-1.86866e-05 0.000268816 8.69452e-05 -0.000269592 -0.00314418 0.00127579 0.000135188 -9.92778e-05 0.000492276 0.00120829 0.00013423 0.00100445 0.00183059 -0.000316876 0.000233435 -5.39221e-05 0.000622831 -0.00124381 -0.00105577 -0.000223601 0 -0.000335084
internal_weight=545 527 516 396 46 120 350 329 109 29 317 111 68 206 115 94 58 36 91 43 42 30
internal_count=545 527 516 396 46 120 350 329 109 29 317 111 68 206 115 94 58 36 91 43 42 30
is_linear=0
shrinkage=0.0529975


Tree=192
num_leaves=12
num_cat=0
split_feature=45 30 39 29 2 8 53 23 31 26 37
split_gain=0.392216 0.337883 0.0904516 0.12842 0.0594946 0.10684 0.097315 0.0752994 0.0708098 0.0886571 0.0697856
threshold=1.7894974863008961 -1.6045160372440099 -1.0783225139200134 0.99250610888350865 -1.336645122264297 1.1846244970882689 1.0000000180025095e-35 1.148280637204355 -0.25672678536692412 -0.16317797923966104 2.003599112770122
decision_type=2 2 2 2 2 2 2 2 2 2 2
left_child=1 -1 -3 4 -4 7 -7 8 10 -10 -6
right_child=-2 2 3 -5 5 6 -8 -9 9 -11 -12
leaf_value=0.0071716318730565753 -0.0077241096226979764 0.0030858496645457235 -0.0026480420910736215 -0.0045757344802928477 -0.00039498062762112062 -4.1151472459798951e-05 0.0055075212846203885 -0.0031129221917728205 0.002722893535824231 0.00011513680870303289 -0.004175312492742337
leaf_weight=12.999999999999998 11.999999999999998 19 17 11.999999999999998 117 12.000000000000002 12.999999999999998 15.999999999999998 38 265 10.999999999999998
leaf_count=13 12 19 17 12 117 12 13 16 38 265 11
internal_value=-1.63351e-05 0.000228241 -1.18435e-05 -0.000178205 -2.05656e-06 0.000110655 0.0031261 -8.17234e-05 5.59914e-05 0.000511281 -0.000944288
internal_weight=545 533 520 501 489 472 25 447 431 303 128
internal_count=545 533 520 501 489 472 25 447 431 303 128
is_linear=0
shrinkage=0.0529975


Tree=193
num_leaves=16
num_cat=0
split_feature=19 30 13 45 30 39 9 30 7 30 3 3 30 39 8
split_gain=0.382178 0.155216 0.342722 0.0997993 0.258685 0.18131 0.105328 0.0929753 0.0996856 0.0894036 0.165325 0.061748 0.034729 0.0292135 0.00980358
threshold=1.0782546332626139 -0.66021637375627751 1.0583964812103044 1.4488293381839996 1.2529128884377021 -1.0606611111965953 0.95771659356792516 1.0555148531397263 1.5744293204194071 0.41858325918345057 -0.56751482445981505 -0.19603499245963937 -0.41432049956592126 1.6070081309751629 -0.65448179333522094
decision_type=2 2 2 2 2 2 2 2 2 2 2 2 2 2 2
left_child=1 2 13 4 5 -3 11 8 9 12 -11 -5 -7 14 -1
right_child=-2 3 -4 6 -6 7 -8 -9 -10 10 -12 -13 -14 -15 -16
leaf_value=0.0019591980582018553 -0.0065724176284709303 -0.0054124876629279318 0.009188059221268835 0.0020608889977246489 -0.0067253083555934498 0.001567933235918156 0.0053008913067991142 0.0037910237996807089 0.0031700363305224521 -0.0063597301747216114 -0.00051308387824770536 -0.001849898022140678 0 -0.0016174953614197447 0
leaf_weight=10.999999999999998 18 10.999999999999998 10.999999999999998 18 10.999999999999998 42 12.999999999999998 12.999999999999998 20 10.999999999999998 94 14.999999999999998 227 10.999999999999998 19.000000000000004
leaf_count=11 18 11 11 18 11 42 13 13 20 11 94 15 227 11 19
internal_value=-1.84882e-05 0.000263684 0.00285385 -3.73919e-05 -0.000313291 -3.53539e-05 0.00214074 0.000169537 0 -0.000222126 -0.001499 9.30359e-05 0.000272702 5.03062e-05 0.00102345
internal_weight=545 527 52 475 429 418 46 407 394 374 105 33 269 41 30
internal_count=545 527 52 475 429 418 46 407 394 374 105 33 269 41 30
is_linear=0
shrinkage=0.0529975


Tree=194
num_leaves=17
num_cat=0
split_feature=45 30 39 8 19 13 6 5 30 6 39 19 19 29 13 30
split_gain=0.372082 0.332261 0.0850579 0.294328 0.21599 0.134063 0.159084 0.156123 0.231167 0.194901 0.152102 0.110072 0.0711892 0.0426816 0.0436781 0.0322309
threshold=1.7894974863008961 -1.6045160372440099 -0.97321023941938856 -0.74199266462636426 0.12123585939265195 0.67421024408270702 1.070545142625978 -1.2693510750792598 1.2529128884377021 1.034976837128385 -0.90242666681960892 0.14175503073181203 -0.088046267236164155 -0.89685283675921912 0.2900240069551096 -0.50406980460498985
decision_type=2 2 2 2 2 2 2 2 2 2 2 2 2 2 2 2
left_child=1 -1 3 -3 12 7 11 9 10 -4 -9 -7 -5 -12 -15 -13
right_child=-2 2 5 4 -6 6 -8 8 -10 -11 13 15 -14 14 -16 -17
leaf_value=0.0071059296839188846 -0.0075252035246918701 -0.0037350214114783066 0.0071125865072750724 0.0029198693922441337 0.0090051264411552309 -0.006945212643512182 0.001076913747807685 0.0048476022450141456 -0.0058986240030947058 -0.00088149616836638816 -0.0022502822687547634 -0.0025254933421930826 -0.001720804409193537 0.00029901676105589407 -0.0011917464580095641 0.00059366628926260895
leaf_weight=12.999999999999998 11.999999999999998 11.999999999999998 13.000000000000002 12.999999999999998 10.999999999999998 17 18 11.999999999999998 12.999999999999998 10.999999999999998 19 11.000000000000002 11.000000000000002 286 62 10.999999999999998
leaf_count=13 12 12 13 13 11 17 18 12 13 11 19 11 11 286 62 11
internal_value=-1.76819e-05 0.000220223 -1.76868e-05 0.00198264 0.00437293 -0.000253364 -0.00253542 7.43541e-05 -0.000187903 0.00377201 7.86582e-05 -0.00427921 0.00064124 -0.000133973 0 -0.000923314
internal_weight=545 533 520 47 35 473 57 416 392 24 379 39 24 367 348 22
internal_count=545 533 520 47 35 473 57 416 392 24 379 39 24 367 348 22
is_linear=0
shrinkage=0.0529975


Tree=195
num_leaves=12
num_cat=0
split_feature=39 38 29 30 29 30 29 29 24 2 24
split_gain=0.377431 0.287275 0.110612 0.0887848 0.230794 0.0776731 0.0283148 0.0330177 0.0217312 0.0923157 0.0385076
threshold=-1.1558530955085182 -0.85777646155359866 0.99250610888350865 1.0684567549518114 -0.42378981793710108 0.97505087236928578 0.69848664362485546 0.60923513714294653 -1.1894527247688729 -1.0530676585040981 -1.4070254642064415
decision_type=2 2 2 2 2 2 2 2 2 2 2
left_child=-1 -2 3 5 -5 6 7 8 10 -10 -3
right_child=1 2 -4 4 -6 -7 -8 -9 9 -11 -12
leaf_value=-0.0075778627722975275 0.0061559983156048272 -0.00036999196489423424 -0.0041102813414788325 0.0055911566787275758 -0.0022302039414867588 -0.0032268621526431898 0.0017317859526760546 -0.0019488798735255626 -0.003648485506209608 0.00013278361175387556 0.002764883892243259
leaf_weight=11.999999999999998 15.999999999999998 13.000000000000002 11.999999999999998 20 11.999999999999998 14.999999999999998 21 18 12.999999999999998 377 15.999999999999998
leaf_count=12 16 13 12 20 12 15 21 18 13 377 16
internal_value=-1.65794e-05 0.000223108 -1.56229e-05 0.000115098 0.00258524 -6.77043e-05 6.10732e-05 -2.58006e-05 6.67108e-05 -2.89594e-05 0.0013374
internal_weight=545 533 517 505 32 473 458 437 419 390 29
internal_count=545 533 517 505 32 473 458 437 419 390 29
is_linear=0
shrinkage=0.0529975


Tree=196
num_leaves=24
num_cat=0
split_feature=19 13 44 1 34 29 45 47 19 19 3 30 7 39 1 30 13 46 12 11 24 7 45
split_gain=0.383437 0.146946 0.416651 0.110451 0.518918 0.0790875 0.0684697 0.066821 0.201023 0.120049 0.0665394 0.0624627 0.0365665 0.0328411 0.0254273 0.0262907 0.0196846 0.0287401 0.0196446 0.0222664 0.0184501 0.0181223 0.015893
threshold=1.0782546332626139 1.0978001978387761 -0.27848972336365163 0.21061577944410606 1.0000000180025095e-35 0.78170629896345034 1.6759414369285972 0.10324174324130626 -0.63732297160268458 -0.73828673672853917 -0.29350247313295302 1.1158556766981123 -0.90595447073387436 -0.75589987518680701 0.5078707169169977 -0.24747927026112429 0.41808608599764202 0.78147191447403119 0.18796489964238358 0.45988943514773828 0.30455849841479915 -0.39213372521462914 0.65393699257790783
decision_type=2 2 2 2 2 2 2 2 2 2 2 2 2 2 2 2 2 2 2 2 2 2 2
left_child=1 3 -3 4 6 11 7 8 -1 -9 13 14 -12 -11 15 -5 17 20 19 -10 -16 -20 -19
right_child=-2 2 -4 5 -6 -7 -8 9 18 10 12 -13 -14 -15 16 -17 -18 22 21 -21 -22 -23 -24
leaf_value=-0.005458009542218467 -0.0065848657166381833 0.007627903610928688 -0.0021126056452672095 -7.4114414643867475e-05 -0.0076272326586812912 0.0044587017597213117 0.0029678445216615363 0.0040770457352354798 -0.00017401752223786555 0.0031247141927072748 -0.0029345902324749333 0.0036793555716063309 -0.00023447907701289484 0.00024635292870813392 0.00025988677863434995 0.0025058478064585955 0.0011824431138192921 -0.00012887588648483986 0 0.0016948212195574219 -0.0013934561898318726 -0.0016758310202505536 0.0018016938734684103
leaf_weight=18 18 20 18 11.000000000000002 21 11.999999999999998 14.999999999999998 17 30 12.999999999999998 15.999999999999998 10.999999999999998 63 46 14.999999999999998 18 19 14.000000000000002 27 23 62 24 13.999999999999998
leaf_count=18 18 20 18 11 21 12 15 17 30 13 16 11 63 46 15 18 19 14 27 23 62 24 14
internal_value=-2.02576e-05 0.000262416 0.00319614 0 -0.000595879 0.0010403 2.9665e-05 -0.000164275 -0.00108339 0.000529183 -1.0946e-05 0.000600636 -0.00103196 0.0012178 0.000204945 0.00148264 -9.47475e-05 -0.000440179 -6.48477e-06 0.000608428 -0.000991714 -0.000764838 0.000778485
internal_weight=545 527 38 489 313 176 292 277 122 155 138 164 79 59 153 29 124 105 104 53 77 51 28
internal_count=545 527 38 489 313 176 292 277 122 155 138 164 79 59 153 29 124 105 104 53 77 51 28
is_linear=0
shrinkage=0.0529975


Tree=197
num_leaves=16
num_cat=0
split_feature=13 29 38 44 19 29 39 53 19 13 3 19 29 37 37
split_gain=0.362402 0.260789 0.138475 0.119275 0.217281 0.148411 0.0929054 0.107262 0.0626693 0.0352798 0.0306836 0.0810861 0.0430702 0.0268563 0.0126969
threshold=1.9449801053509139 1.0276841064871944 -0.75348243586137342 1.1974606743659131 -1.084056395528697 0.74954040166073665 -0.69848839585506151 1.0000000180025095e-35 -0.73828673672853917 -0.576857758871264 0.52853458084763438 -0.62555187198812046 -0.19322199846525803 -0.7098019992819159 0.022019475297808743
decision_type=2 2 2 2 2 2 2 2 2 2 2 2 2 2 2
left_child=1 2 -1 4 -4 8 7 -5 13 -8 11 -10 -12 -6 -11
right_child=-2 -3 3 6 5 -7 9 -9 10 14 12 -13 -14 -15 -16
leaf_value=-0.0047484494669129337 -0.0074237355788790661 0.0052991893550192537 -0.0061012202726730344 0 0.0033873512155581614 -0.0042262688564251418 0.0019382606510991328 0.006950176352644037 -0.0037669214068886889 -0.0014514727893717679 -0.00016526467698553592 0 0.0021417120932888524 0 0.00019689684536549772
leaf_weight=10.999999999999998 11.999999999999998 21 10.999999999999998 11.000000000000002 18.000000000000004 15.999999999999998 21 11.999999999999998 10.999999999999998 14.999999999999998 37 283 36 12.999999999999998 17
leaf_count=11 12 21 11 11 18 16 21 12 11 15 37 283 36 13 17
internal_value=-1.41826e-05 0.000220412 -3.33459e-05 0.00011134 -0.000228006 0 0.00197208 0.00442608 0.000243546 0.000447117 1.44997e-05 -0.000211538 0.000960218 0.00232452 -0.000499077
internal_weight=545 533 512 501 425 414 76 23 398 53 367 294 73 31 32
internal_count=545 533 512 501 425 414 76 23 398 53 367 294 73 31 32
is_linear=0
shrinkage=0.0529975


Tree=198
num_leaves=18
num_cat=0
split_feature=45 17 19 0 3 29 29 9 19 29 8 1 19 9 29 45 39
split_gain=0.355424 0.294295 0.559896 0.331022 0.109408 0.526042 0.420769 0.174351 0.1035 0.172453 0.0909381 0.136986 0.05389 0.0953627 0.0416006 0.0268229 0.022985
threshold=1.7894974863008961 -1.3571207634493772 0.34004903709483209 -1.2495039205934646 -0.021329130875398474 0.81384386805079478 0.99250610888350865 -1.1925206000294124 -0.62555187198812046 0.69848664362485546 1.0250222033349827 -0.4754933442589972 -0.58317633917525924 0.75355035113404167 0.60923513714294653 0.65393699257790783 -0.63927416386584646
decision_type=2 2 2 2 2 2 2 2 2 2 2 2 2 2 2 2 2
left_child=1 2 -1 -3 6 7 8 -6 -5 14 12 -12 13 -9 16 -14 -10
right_child=-2 3 -4 4 5 -7 -8 10 9 -11 11 -13 15 -15 -16 -17 -18
leaf_value=-0.0010797471796550038 -0.0073549983993260997 -0.0073813178771758112 0.011526247182422945 -0.0032456967593816623 0.0043478093047141847 0.0099516213000954805 -0.0082054342748423617 0 0.001071907633054968 0.0051863645196182934 -0.0061350468562072743 0.00067768013792101039 9.9623550502353533e-05 0.0049062195461783394 -0.002521127151402072 -0.0013732352717863623 -0.0001740731933459098
leaf_weight=18.000000000000004 11.999999999999998 10.999999999999998 11.999999999999998 19 20 10.999999999999998 12.999999999999998 31 49 12.999999999999998 11.000000000000002 10.999999999999998 104 10.999999999999998 11.999999999999998 41 146
leaf_count=18 12 11 12 19 20 11 13 31 49 13 11 11 104 11 12 41 146
internal_value=-1.72062e-05 0.000215026 0.00484872 -0.000101481 0.000134173 0.000943705 -0.000613751 0.000238394 0 0.000348054 -0.00023266 -0.00306364 0.000149045 0.00171563 -6.04642e-05 -0.000308578 0.000126907
internal_weight=545 533 30 503 492 240 252 229 239 220 209 22 187 42 207 145 195
internal_count=545 533 30 503 492 240 252 229 239 220 209 22 187 42 207 145 195
is_linear=0
shrinkage=0.0529975


Tree=199
num_leaves=12
num_cat=0
split_feature=39 38 29 30 9 30 29 29 24 2 4
split_gain=0.360989 0.274131 0.104647 0.0825283 0.213924 0.0685407 0.0224773 0.0301247 0.0196082 0.0785008 0.0408731
threshold=-1.1558530955085182 -0.85777646155359866 0.99250610888350865 1.0684567549518114 1.101902077484733 0.97505087236928578 0.69848664362485546 0.63976665760306584 -1.1894527247688729 -1.0530676585040981 -1.4220666722903352
decision_type=2 2 2 2 2 2 2 2 2 2 2
left_child=-1 -2 3 5 -5 6 7 8 10 -10 -3
right_child=1 2 -4 4 -6 -7 -8 -9 9 -11 -12
leaf_value=-0.0074112237058334002 0.0060134947919409107 -0.00052047553508102957 -0.0039980203220577734 0.0055367599189563993 -0.0019305607671548923 -0.0030319135856545377 0.0015448054614539655 -0.0021545699480241681 -0.0033750625485493681 0.00010933637984303411 0.002682114309009863
leaf_weight=11.999999999999998 15.999999999999998 13.000000000000002 11.999999999999998 19 12.999999999999998 14.999999999999998 21 11.999999999999998 12.999999999999998 382 17
leaf_count=12 16 13 12 19 13 15 21 12 13 382 17
internal_value=-1.62236e-05 0.000217908 -1.49886e-05 0.000111794 0.00249341 -6.39456e-05 5.61317e-05 -1.95817e-05 5.36321e-05 -3.66769e-05 0.00124477
internal_weight=545 533 517 505 32 473 458 437 425 395 30
internal_count=545 533 517 505 32 473 458 437 425 395 30
is_linear=0
shrinkage=0.0529975


Tree=200
num_leaves=19
num_cat=0
split_feature=19 19 47 13 45 30 30 49 30 13 11 16 45 36 11 29 29 1
split_gain=0.369555 0.144173 0.172817 0.133508 0.0919142 0.185073 0.0968898 0.0857381 0.0968065 0.251899 0.0517986 0.0508731 0.0762673 0.0482311 0.0330232 0.0324561 0.0382236 0.00285285
threshold=1.0782546332626139 0.56461929902412689 0.66068322996836037 0.71361396071117855 1.6759414369285972 1.2529128884377021 1.0684567549518114 1.0000000180025095e-35 0.59757875010197681 0.2604712194837559 -0.13512864915979886 -1.1928400721714438 -0.70873559988967771 1.4371240812312862 -0.58746950037894974 0.69848664362485546 0.60923513714294653 0.077270382728210144
decision_type=2 2 2 2 2 2 2 2 2 2 2 2 2 2 2 2 2 2
left_child=1 4 3 -3 5 6 7 8 15 10 -10 -9 17 -6 -14 16 -1 -13
right_child=-2 2 -4 -5 13 -7 -8 11 9 -11 -12 12 14 -15 -16 -17 -18 -19
leaf_value=-5.9438012265147749e-05 -0.0064646955134153219 0.00058348524392378548 -0.000566258257904213 0.0087001419459213272 0 -0.0053288593742642247 0.0039384759508009444 -0.00091980636440614774 -0.0020868678983136696 -0.0077128930407524355 0.00098314103846331574 0.0012716187435245414 0.0015538462087899773 0.0043248536686993347 -0.00097198638007284645 0.0018135552493286869 -0.0026933078124574566 0.0052408168089946982
leaf_weight=263 18 13.000000000000002 18 10.999999999999998 12.000000000000002 12.999999999999998 10.999999999999998 14.999999999999998 20 11.999999999999998 30 12.000000000000002 25 13.999999999999998 19 17 10.999999999999998 10.999999999999998
leaf_count=263 18 13 18 11 12 13 11 15 20 12 30 12 25 14 19 17 11 11
internal_value=-1.98049e-05 0.000257473 0.00302871 0.00553199 -2.34231e-06 -0.000205379 0 -0.000138802 -0.000514519 -0.00231874 -0.000212101 0.00132408 0.00195642 0.00273049 0.000337681 -6.75426e-05 -0.000245538 0.00410204
internal_weight=545 527 42 24 485 459 446 435 353 62 50 82 67 26 44 291 274 23
internal_count=545 527 42 24 485 459 446 435 353 62 50 82 67 26 44 291 274 23
is_linear=0
shrinkage=0.0529975


Tree=201
num_leaves=23
num_cat=0
split_feature=23 30 29 29 30 12 26 45 30 9 19 38 29 37 26 36 39 9 10 31 37 23
split_gain=0.352355 1.21029 0.698594 0.159079 0.177823 0.12024 0.181774 0.131048 0.111191 0.101633 0.0996715 0.0581377 0.131684 0.0875589 0.0535485 0.0468956 0.0269407 0.0167457 0.0148458 0.0109144 0.00931438 0.00464041
threshold=0.74002062381802314 -0.60920933772045338 1.1880524913612776 -0.62400762929631193 0.75721457286374616 -1.5712548210644959 1.3774236398144597 0.99460514069480432 -0.999345381801095 -0.062756608992104099 0.57942704204251372 -0.13565697504152754 0.6273942987389155 -0.78948456671466416 -1.3783615560015323 1.4371240812312862 -0.91694156627406687 -0.31931851527468763 0.70302013324095325 0.29315123166822066 -0.44978520029083774 -0.16109382014279955
decision_type=2 2 2 2 2 2 2 2 2 2 2 2 2 2 2 2 2 2 2 2 2 2
left_child=2 -2 5 9 16 -1 7 8 -7 -3 15 13 14 -10 -13 17 -5 18 -9 -19 -18 -15
right_child=1 3 -4 4 -6 6 -8 10 11 -11 -12 12 -14 21 -16 -17 20 19 -20 -21 -22 -23
leaf_value=0.0036051808957582869 -0.015783381456993283 0.0057579231384807606 0.0097991538685023097 0.0015598651233187867 -0.0060951580319604645 -0.0041888380956234929 -0.0046927289266887363 0.0018668262634659908 0.0045147074269543466 -0.00015240150739612789 0.0055478674155692836 -0.0029228781398303368 -0.0044390482012069063 -0.00052771037618458926 0.0001516206550396538 0.0027858426077718526 -0.0016384161296195004 -0.0016167678824592182 -5.1000537546354874e-05 0 0 0.00056742153580392274
leaf_weight=20 10.999999999999998 11.000000000000002 15.999999999999998 15.999999999999995 11.999999999999998 13.999999999999998 17 14.000000000000002 11.999999999999998 10.999999999999998 11.999999999999998 10.999999999999998 14.999999999999998 20 229 19 11.999999999999998 12.999999999999998 10.999999999999998 20 17.000000000000007 11.999999999999998
leaf_count=20 11 11 16 16 12 14 17 14 12 11 12 11 15 20 229 19 12 13 11 20 17 12
internal_value=-1.70722e-05 -0.00295003 0.000578747 -9.34917e-05 -0.00163851 9.94832e-05 -9.99242e-05 0.000143295 -0.00035509 0.00315359 0.00188134 -7.38567e-05 -0.000410934 0.00155494 -2.87137e-05 0.000866237 0 0 0.000951024 -0.000698009 -0.000795529 0
internal_weight=545 90 455 79 57 439 419 402 313 22 89 299 255 44 240 77 45 58 25 33 29 32
internal_count=545 90 455 79 57 439 419 402 313 22 89 299 255 44 240 77 45 58 25 33 29 32
is_linear=0
shrinkage=0.0529975


Tree=202
num_leaves=25
num_cat=0
split_feature=25 15 44 39 19 30 29 47 8 14 37 1 30 30 1 39 29 39 1 37 29 10 26 47
split_gain=0.35462 1.84956 0.436089 0.465941 0.178919 0.148655 0.100688 0.540254 0.0356902 0.0778852 0.0636831 0.0762585 0.0584743 0.0574886 0.0607629 0.0329084 0.017415 0.0272069 0.0174018 0.017388 0.0150733 0.012408 0.00994368 0.00522209
threshold=-1.1764033572252413 0.93580236748553591 1.0000000180025095e-35 -0.56694565077481152 -0.18832185409516231 1.2529128884377021 0.78170629896345034 0.59100304412747862 -0.17466023672623582 -0.090488746388873678 -0.81674439241534058 -0.52851467950102726 0.34485729356418537 0.28316466899559672 -0.20926846765710047 1.6853511833333175 0.58687950133281286 -0.76344154031964429 -0.05663411418355923 0.62592946005127559 -0.87545902639589801 1.2207255081358548 0.14368255521203668 0.66068322996836037
decision_type=2 2 2 2 2 2 2 2 2 2 2 2 2 2 2 2 2 2 2 2 2 2 2 2
left_child=2 5 4 -4 -1 6 8 -8 9 12 11 -10 22 21 -15 16 17 -11 20 -20 -12 -13 -2 -22
right_child=1 -3 3 -5 -6 -7 7 -9 10 15 18 13 -14 14 -16 -17 -18 -19 19 -21 23 -23 -24 -25
leaf_value=-0.003039288743354828 -0.0013532964946386056 -0.017701233531951282 0.013737367703410275 0 0.0033925637207068518 -0.0040612086949011967 0.0079000127626538633 -0.0036564229879554795 0.0041283912472773023 0.0016362459019048806 -0.0019378377270735541 -0.0017333985179172541 -0.0048110119732471326 -0.00044064711926615295 0.0037261192311196663 0.0022870007353591559 -0.0013944434399858652 -0.00023016634620452462 0 0.0020744283790984225 2.6707353280039944e-05 0 0.00022788644898232274 -0.00077166363477169876
leaf_weight=21 11.000000000000002 10.999999999999998 12.000000000000002 10.999999999999998 15.999999999999998 17 19 14.999999999999998 20 20 11.999999999999998 17.000000000000004 11.999999999999998 11.000000000000002 15.999999999999998 10.999999999999998 21 126 19.000000000000004 10.999999999999998 69 11.999999999999998 13.999999999999998 21
leaf_count=21 11 11 12 11 16 17 19 15 20 20 12 17 12 11 16 11 21 126 19 11 69 12 14 21
internal_value=-1.91061e-05 -0.000521622 0.00361538 0.00848477 -1.02569e-05 7.86638e-05 0.000298353 0.00284314 4.06437e-05 -0.000414685 0.000542367 0.00170973 -0.00244265 0.000417499 0.00204529 3.47646e-05 -0.000147342 3.40188e-05 -0.000124222 0.000821651 -0.000497269 -0.000989217 -0.000369708 -0.000123385
internal_weight=545 485 60 23 37 474 457 34 423 215 208 76 37 56 27 178 167 146 132 30 102 29 25 90
internal_count=545 485 60 23 37 474 457 34 423 215 208 76 37 56 27 178 167 146 132 30 102 29 25 90
is_linear=0
shrinkage=0.0529975


Tree=203
num_leaves=12
num_cat=0
split_feature=39 38 29 30 29 30 29 29 6 37 39
split_gain=0.357545 0.264968 0.108385 0.0748122 0.194475 0.0600015 0.0212332 0.0252641 0.0164727 0.03655 0.0270602
threshold=-1.1558530955085182 -0.85777646155359866 0.99250610888350865 1.0684567549518114 -0.42378981793710108 0.97505087236928578 0.69848664362485546 0.63976665760306584 0.48402615276326083 2.1084445962342691 1.946446891419239
decision_type=2 2 2 2 2 2 2 2 2 2 2
left_child=-1 -2 3 5 -5 6 7 8 10 -10 -3
right_child=1 2 -4 4 -6 -7 -8 -9 9 -11 -12
leaf_value=-0.0073795211600892882 0.0059109047417643225 0.00013976365855609645 -0.004069107925434909 0.0051454397014237064 -0.0020182755051529042 -0.0028313542802815839 0.0015044740286424252 -0.0019715893855005253 -2.2988721035373187e-05 -0.0026087595741153039 0.0022763998660855055
leaf_weight=11.999999999999998 15.999999999999998 252 11.999999999999998 20 11.999999999999998 14.999999999999998 21 11.999999999999998 148 11.999999999999998 12.999999999999998
leaf_count=12 16 252 12 20 12 15 21 12 148 12 13
internal_value=-2.00725e-05 0.000212915 -1.58198e-05 0.000113447 0.00238066 -5.32383e-05 5.81097e-05 -1.50522e-05 5.06473e-05 -0.000346231 0.000318405
internal_weight=545 533 517 505 32 473 458 437 425 160 265
internal_count=545 533 517 505 32 473 458 437 425 160 265
is_linear=0
shrinkage=0.0529975


Tree=204
num_leaves=23
num_cat=0
split_feature=19 30 13 29 47 45 52 39 19 31 7 36 6 39 45 29 5 9 9 37 1 2
split_gain=0.347727 0.129643 0.260885 0.171794 0.303058 0.0666165 0.0991923 0.173571 0.168877 0.0390945 0.0452062 0.0389628 0.0284874 0.0283838 0.0236318 0.0224591 0.0186323 0.0162033 0.0110694 0.0102795 0.0086835 0.00635459
threshold=1.0782546332626139 -0.66021637375627751 1.0583964812103044 0.74954040166073665 0.59100304412747862 1.6759414369285972 1.0000000180025095e-35 -0.80165551899036436 -0.97088705664890151 -0.23212118341123811 -0.11594017356335605 1.4371240812312862 -0.35546998807432423 1.6070081309751629 -0.25451140240048259 -0.13206036081016861 -0.7305514475155096 -0.60891210923676342 0.800265724070368 -1.0000000180025095e-35 -0.50484610454237056 -0.57678195291609624
decision_type=2 2 2 2 2 2 2 2 2 2 2 2 2 2 2 2 2 2 2 2 2 2
left_child=1 2 13 5 -5 6 8 -8 -3 14 21 -7 -12 20 15 -10 -9 -16 19 -18 -1 -11
right_child=-2 3 -4 4 -6 11 7 16 9 10 12 -13 -14 -15 17 -17 18 -19 -20 -21 -22 -23
leaf_value=0 -0.0062748807543312815 -0.0053540872162868621 0.0081460257366870008 0.0013372496852308395 -0.0077800352233549181 0 0.0052790973258821676 0.0015504253985931969 0.00086359696566849667 0.00038911719587327341 0.00062529059637099417 0.0040086544728200387 -0.00065140537496525739 -0.0015108684128638129 -0.00035103998461275118 -0.0010175502250779056 -0.0016149504844450648 -0.0025231517116322891 0.00061270427507119092 0 0.0016954201782105273 0.0031530732856290848
leaf_weight=12.999999999999998 18 11.999999999999998 10.999999999999998 15.000000000000002 14.999999999999998 11.000000000000002 20 12.999999999999998 30 13.000000000000002 101 13.999999999999998 84 10.999999999999998 31 29 16.999999999999996 24 11.999999999999998 23.000000000000004 17.000000000000004 10.999999999999998
leaf_count=13 18 12 11 15 15 11 20 13 30 13 101 14 84 11 31 29 17 24 12 23 17 11
internal_value=-2.30976e-05 0.000245524 0.00261263 -2.84308e-05 -0.00356399 0.000238651 4.60185e-05 0.0016141 -0.000352757 -5.15198e-05 0.000354644 0.00261458 6.78049e-06 0.000129481 -0.000834871 0 3.73957e-05 -0.00156825 -0.000341623 -0.000822326 0.00107647 0.00226585
internal_weight=545 527 52 475 30 445 420 85 335 323 209 25 185 41 114 59 65 55 52 40 30 24
internal_count=545 527 52 475 30 445 420 85 335 323 209 25 185 41 114 59 65 55 52 40 30 24
is_linear=0
shrinkage=0.0529975


Tree=205
num_leaves=23
num_cat=0
split_feature=45 30 16 35 29 29 34 39 29 25 30 39 17 24 5 34 26 35 45 9 13 39
split_gain=0.354414 0.311785 0.0702243 0.209894 0.431132 0.197527 0.138698 0.269085 0.104055 0.145719 0.0773523 0.0656575 0.0354493 0.0382901 0.0230238 0.0208485 0.0211746 0.0168316 0.0138435 0.00807805 0.00585797 0.000518287
threshold=1.7894974863008961 -1.6045160372440099 -0.90459423178773413 0.26267843997095658 0.63976665760306584 0.69848664362485546 1.5282221012143749 -0.63927416386584646 0.098039211012012434 -0.82894980672843088 1.0555148531397263 -0.91103434732234057 -1.4430991583872543 -1.1894527247688729 0.44276557395262933 1.7542449708267644 0.67623746148310737 -0.33109630494470821 -0.36806745177278138 0.32536966463151379 -0.665516121285325 -0.5308762244612043
decision_type=2 2 2 2 2 2 2 2 2 2 2 2 2 2 2 2 2 2 2 2 2 2
left_child=1 -1 6 5 14 8 7 -3 10 -10 12 -8 -4 -14 21 -13 -17 18 -11 -19 -9 -5
right_child=-2 2 3 4 -6 -7 11 20 9 17 -12 15 13 -15 -16 16 -18 19 -20 -21 -22 -23
leaf_value=0.0068826255039200115 -0.0073467597996196357 0.0068615247889599338 -0.0022706012489141013 -0.00162436430574807 -0.010131285597737174 0.0057030473262849575 -0.0034174645017971887 0.00024168769522304136 -0.0059212739302875054 0.0015346955370063879 0.003282034524440407 -0.00092926668340130125 0.0023889735796382254 0 0.00095645879325904958 0 0.0021799325764034218 -0.0015559022658787297 -0.00041265422687430475 0 -0.00089057652059503954 -8.0836368110522611e-05
leaf_weight=12.999999999999998 11.999999999999998 21 10.999999999999998 10.999999999999998 11.999999999999998 10.999999999999998 10.999999999999998 17.000000000000004 12.999999999999998 12.000000000000002 17 14.999999999999998 14.999999999999998 225 18 18 15.999999999999998 25 10.999999999999998 13.999999999999998 13.999999999999998 13.000000000000002
leaf_count=13 12 21 11 11 12 11 11 17 13 12 17 15 15 225 18 18 16 25 11 14 14 13
internal_value=-1.9526e-05 0.00021238 -1.76591e-05 -0.000355388 -0.00325859 0.000114972 0.00110898 0.0029827 -0.000139133 -0.00181978 0.000335237 -0.000532534 3.65534e-05 0.000223462 -0.000129018 0.000290104 0.00106136 -0.000410725 0.000469738 -0.0010786 -0.000142331 -0.00120443
internal_weight=545 533 520 408 54 354 112 52 343 75 268 60 251 240 42 49 34 62 23 39 31 24
internal_count=545 533 520 408 54 354 112 52 343 75 268 60 251 240 42 49 34 62 23 39 31 24
is_linear=0
shrinkage=0.0529975


Tree=206
num_leaves=16
num_cat=0
split_feature=13 5 8 29 17 29 39 45 9 45 39 36 29 1 14
split_gain=0.338428 0.25671 0.346985 0.44199 0.110533 0.306646 0.134494 0.0618903 0.0643649 0.0660136 0.0432342 0.0330929 0.0260121 0.0114161 0.0039294
threshold=1.9449801053509139 -2.2121322698951009 1.7193012331271491 1.1880524913612776 1.3903316759514752 0.88678181099218489 -0.84506682601750038 1.6759414369285972 1.4335351696782734 0.086156745716413782 -0.88168880801376159 1.4371240812312862 -0.51914819900760623 1.6432168480046809 1.8490021117418365
decision_type=2 2 2 2 2 2 2 2 2 2 2 2 2 2 2
left_child=1 -1 3 4 5 7 -6 8 10 -10 -3 -9 -8 14 -14
right_child=-2 2 -4 -5 6 -7 12 11 9 -11 -12 -13 13 -15 -16
leaf_value=0.0064278573405405241 -0.0071820390429066846 0.001242755641650595 -0.0074607092276026176 0.0083970443822455054 0.0056493630855787057 -0.0071846833761578027 0.0022354834909980689 0 -0.0045629927867985613 1.8040506901877478e-05 -0.00032626609740867577 0.0036470625097379411 -0.00083789262993305929 0.0010452432624556574 0
leaf_weight=11.999999999999998 11.999999999999998 52 10.999999999999998 11.999999999999998 12.999999999999998 11.999999999999998 10.999999999999998 11.000000000000002 13.000000000000002 10.999999999999998 307 11.999999999999998 29 10.999999999999998 15.999999999999998
leaf_count=12 12 52 11 12 13 12 11 11 13 11 307 12 29 11 16
internal_value=-2.1883e-05 0.00020447 0 0.000235148 -4.5231e-05 -0.000409374 0.00167207 -9.05108e-05 -0.000281324 -0.00264662 -6.3179e-05 0.00224715 0.000403994 -2.45247e-05 -0.000515144
internal_weight=545 533 521 510 498 418 80 406 383 24 359 23 67 56 45
internal_count=545 533 521 510 498 418 80 406 383 24 359 23 67 56 45
is_linear=0
shrinkage=0.0529975


Tree=207
num_leaves=20
num_cat=0
split_feature=45 30 30 30 29 29 30 52 39 8 6 31 7 39 39 34 5 3 39
split_gain=0.337184 0.29432 0.0641295 0.0927329 0.174921 0.148434 0.274058 0.0805965 0.161527 0.0997381 0.130746 0.0646146 0.0913175 0.0204013 0.0168888 0.01492 0.00776933 0.00490911 0.00217511
threshold=1.7894974863008961 -1.6045160372440099 -1.2827102050692498 -0.66021637375627751 0.55429414669926913 0.74954040166073665 0.23966141775408889 1.0000000180025095e-35 -0.80165551899036436 1.0250222033349827 0.41459442075987957 -0.23212118341123811 -0.11594017356335605 -0.4449525141229505 0.60761844773504792 -0.60360570267587166 0.3153379014180292 -0.082016430162555901 1.1188353461528682
decision_type=2 2 2 2 2 2 2 2 2 2 2 2 2 2 2 2 2 2 2
left_child=1 -1 -3 4 17 7 -7 9 -9 11 -11 13 -13 -5 16 -16 -10 18 -4
right_child=-2 2 3 5 -6 6 -8 8 14 10 -12 12 -14 -15 15 -17 -18 -19 -20
leaf_value=0.006688716505884958 -0.0071650727043369037 -0.0032283725003685545 0 -0.0017023838783560099 0.0066221827143028702 0.00047386938384271838 -0.0083501264767028259 0.0050563930502998391 0 -0.0062673722187970519 0 0.0032427387550071295 9.4560163749295091e-05 -1.1663060467949219e-05 0 0.0019265379817981394 -0.0013617117360738833 0.00074182450973020171 -0.000765456145538744
leaf_weight=12.999999999999998 11.999999999999998 10.999999999999998 11.000000000000002 52 10.999999999999998 19.000000000000004 10.999999999999998 20 31 11.000000000000002 20 25 193 44 11.000000000000002 14.999999999999998 11.999999999999998 10.999999999999998 11.999999999999998
leaf_count=13 12 11 11 52 11 19 11 20 31 11 20 25 193 44 11 15 12 11 12
internal_value=-1.78206e-05 0.000208057 -1.50859e-05 7.75752e-05 0.00223195 -0.000142311 -0.00341958 0.00011187 0.0014907 -0.00024332 -0.00284945 4.07207e-05 0.000563915 -0.00104219 4.23823e-05 0.00106106 -0.00048548 0 -0.000391098
internal_weight=545 533 520 509 45 464 30 434 89 345 31 314 218 96 69 26 43 34 23
internal_count=545 533 520 509 45 464 30 434 89 345 31 314 218 96 69 26 43 34 23
is_linear=0
shrinkage=0.0529975


Tree=208
num_leaves=18
num_cat=0
split_feature=19 38 39 29 30 30 39 13 29 7 1 29 49 13 3 6 1
split_gain=0.34596 0.117887 0.0782979 0.125072 0.333778 0.157913 0.121615 0.110649 0.110787 0.035477 0.0296328 0.0284087 0.0225018 0.020062 0.0265344 0.0190725 0.0121227
threshold=1.0782546332626139 -0.68690109666846921 -1.1512768679247249 0.16739444859547914 0.59757875010197681 1.0684567549518114 -0.38841790629953959 1.0780983395245405 0.69848664362485546 -2.0721208788924996 -1.0556529808440198 -0.89685283675921912 1.0000000180025095e-35 0.41808608599764202 -0.50682752517265783 -0.34859160096112468 -1.3320348443376233
decision_type=2 2 2 2 2 2 2 2 2 2 2 2 2 2 2 2 2
left_child=1 -1 -3 5 7 9 -7 8 13 -4 16 -12 -13 15 -15 -5 -11
right_child=-2 2 3 4 -6 6 -8 -9 -10 10 11 12 -14 14 -16 -17 -18
leaf_value=0.004601356112654411 -0.0062548644510800003 0.0036316092865085981 -0.0022084489085525548 -8.344967267341379e-05 -0.0070675172297056128 0.0065888093992592187 0 -0.0041689373442793344 0.0034036542432646305 0 -0.0017713728006835793 0 0.0012441879911010317 -0.00086214689511274645 0.0015373562906795916 -0.0023403055256894195 0.0022637324312259899
leaf_weight=10.999999999999998 18 10.999999999999998 10.999999999999998 35 18 14.000000000000002 13.999999999999998 10.999999999999998 21 17 15.999999999999998 232 42 15.999999999999998 21 15.999999999999998 21
leaf_count=11 18 11 11 35 18 14 14 11 21 17 16 232 42 16 21 16 21
internal_value=-1.87302e-05 0.000249137 9.11849e-05 -1.39756e-05 -0.00135347 0.000484641 0.00393537 -0.000145367 0.000396157 0.000115932 0.000253046 3.3085e-05 0.000199079 -0.000418581 0.000361758 -0.00108575 0.00153964
internal_weight=545 527 516 505 138 367 28 120 109 339 328 290 274 88 37 51 38
internal_count=545 527 516 505 138 367 28 120 109 339 328 290 274 88 37 51 38
is_linear=0
shrinkage=0.0529975


Tree=209
num_leaves=20
num_cat=0
split_feature=39 38 29 30 30 39 13 29 17 24 2 51 10 19 39 4 30 3 19
split_gain=0.338834 0.248446 0.0921026 0.309814 0.148938 0.112553 0.0641086 0.143787 0.0324713 0.0344415 0.0361895 0.0376014 0.0240656 0.021441 0.0207433 0.0320674 0.0236614 0.0233913 0.0160094
threshold=-1.1558530955085182 -0.85777646155359866 0.11881274814264779 0.59757875010197681 1.0684567549518114 -0.38841790629953959 1.0780983395245405 0.69848664362485546 -1.4430991583872543 -1.1894527247688729 -1.0530676585040981 1.0000000180025095e-35 0.28166352977320075 -0.7281052018580183 -0.88702436061532142 1.6362757127200405 -0.17828588221193531 -0.50682752517265783 0.30575329854807115
decision_type=2 2 2 2 2 2 2 2 2 2 2 2 2 2 2 2 2 2 2
left_child=-1 -2 4 6 8 -6 7 14 -3 -10 -11 13 -13 -12 17 16 -16 -4 -9
right_child=1 2 3 -5 5 -7 -8 18 9 10 11 12 -14 -15 15 -17 -18 -19 -20
leaf_value=-0.0071828187173509387 0.0057257094448710999 -0.0021456451766069069 -0.00071035606609028427 -0.0063747364009030198 0.0063443323476957822 0 -0.002708235105120557 0.00075468489991433244 0.0023000915386858739 -0.0022306150914637203 0.0021579158966184863 0.00010439466716450969 -0.0016568731906767982 0.00033098277091569842 -0.00020897419346520993 0.00054695257290621419 -0.0027024826330536108 0.001686761964274082 0.0050609689611398837
leaf_weight=11.999999999999998 15.999999999999998 10.999999999999998 13.000000000000002 20 14.000000000000002 13.999999999999998 15.999999999999998 11.000000000000002 14.999999999999998 11.999999999999998 17 30 36 208 29 19 24 17 10.999999999999998
leaf_count=12 16 11 13 20 14 14 16 11 15 12 17 30 36 208 29 19 24 17 11
internal_value=-1.8144e-05 0.000208319 -1.27675e-05 -0.00105941 0.000446824 0.00379157 -2.15935e-05 0.000380274 7.85408e-05 0.000215323 4.68792e-05 0.000207454 -0.000817266 0.000551689 -0.000457525 -0.000957817 -0.00161642 0.000508679 0.00378012
internal_weight=545 533 517 160 357 28 140 124 329 318 303 291 66 225 102 72 53 30 22
internal_count=545 533 517 160 357 28 140 124 329 318 303 291 66 225 102 72 53 30 22
is_linear=0
shrinkage=0.0529975


Tree=210
num_leaves=24
num_cat=0
split_feature=19 13 44 1 34 29 45 47 19 19 3 30 9 8 43 1 30 5 13 17 12 15 14
split_gain=0.331375 0.123416 0.335758 0.0891805 0.406909 0.0548207 0.0536418 0.061012 0.164123 0.0921812 0.0555456 0.052542 0.0405489 0.0284837 0.0274118 0.0201618 0.02008 0.0171968 0.0169275 0.0217116 0.0248583 0.0229225 0.0160941
threshold=1.0782546332626139 1.0978001978387761 -0.27848972336365163 0.21061577944410606 1.0000000180025095e-35 0.78170629896345034 1.6759414369285972 0.10324174324130626 -0.80519814494085062 -0.73828673672853917 -0.27143436430125917 1.1158556766981123 0.043518741696623071 0.40942731381501046 1.0000000180025095e-35 0.5078707169169977 -0.24747927026112429 -0.56368206430108414 0.41808608599764202 1.578715931184435 -0.95269747152543105 -0.58769149734598847 -0.39082429912012867
decision_type=2 2 2 2 2 2 2 2 2 2 2 2 2 2 2 2 2 2 2 2 2 2 2
left_child=1 3 -3 4 6 11 7 8 -1 -9 14 15 -12 22 -11 16 -5 -15 19 21 -21 -17 -10
right_child=-2 2 -4 5 -6 -7 -8 9 13 10 12 -13 -14 17 -16 18 -18 -19 -20 20 -22 -23 -24
leaf_value=-0.0058970855005451564 -0.0061197915637541643 0.0069134339449079783 -0.0018186016511690349 0 -0.0067567861846520834 0.0038087121475726105 0.0026242847224636138 0.0036199506692646938 -0.0019911520847208093 0.0026499230037119073 -0.0021451853767463372 0.0033891773922823843 4.9750897556637625e-05 -2.3576198412867319e-05 0.00015724555609886978 -0.0016952424046406771 0.0022218808621420204 0.001594708555980557 0.0011145377996652876 -0.00051217095260573642 0.0016561791473952696 0.00013953614570902815 0
leaf_weight=10.999999999999998 18 20 18 11.000000000000002 21 11.999999999999998 14.999999999999998 17 23 17 34 10.999999999999998 43 41 44 41 18 19 19 25 19 20 28
leaf_count=11 18 20 18 11 21 12 15 17 23 17 34 11 43 41 44 41 18 19 19 25 19 20 28
internal_value=-1.61666e-05 0.000245706 0.00293433 0 -0.000530367 0.000939831 2.09371e-05 -0.000147976 -0.00102749 0.000513387 0 0.000561883 -0.00092025 -0.000207707 0.00113118 0.00019453 0.00133172 0.00048138 -6.6856e-05 -0.000392221 0.000370795 -0.00103077 -0.0011063
internal_weight=545 527 38 489 313 176 292 277 122 155 138 164 77 111 61 153 29 60 124 105 44 61 51
internal_count=545 527 38 489 313 176 292 277 122 155 138 164 77 111 61 153 29 60 124 105 44 61 51
is_linear=0
shrinkage=0.0529975


Tree=211
num_leaves=23
num_cat=0
split_feature=25 15 44 39 30 30 29 47 35 47 1 37 30 39 13 39 7 15 51 25 14 53
split_gain=0.323992 1.69707 0.412343 0.437659 0.156426 0.137744 0.0949349 0.722305 0.0587823 0.0245678 0.0337536 0.0840458 0.0350146 0.0330017 0.0284608 0.0227103 0.0149635 0.00839479 0.00773376 0.00589611 0.0124088 0.0036058
threshold=-1.1764033572252413 0.93580236748553591 1.0000000180025095e-35 -0.56694565077481152 0.099707195366812731 1.2529128884377021 0.91470921892100709 0.59100304412747862 -1.3658915081057359 -0.31483937180398425 -0.52851467950102726 -0.75383710233685208 0.83988821281013359 -0.9697254259394984 0.16196192791257707 -0.63927416386584646 0.32371535876696395 0.42779024140672012 1.0000000180025095e-35 0.17146575066825573 0.061794069080494791 -0.36007183007885429
decision_type=2 2 2 2 2 2 2 2 2 2 2 2 2 2 2 2 2 2 2 2 2 2
left_child=2 5 4 -4 8 6 9 -8 -1 15 11 17 13 -12 -15 -2 19 -11 21 20 -17 -13
right_child=1 -3 3 -5 -6 -7 7 -9 -10 10 12 18 -14 14 -16 16 -18 -19 -20 -21 -22 -23
leaf_value=-0.00012276702143684825 0.002587200985897758 -0.01694882087716925 0.013289508129035187 0 -0.003788130449552049 -0.0039019779393094718 0.009660664938961238 -0.0052408164445412412 0.0041994760538821415 0.0041139987032154544 -0.0019995506705412498 -0.00022194471895056609 -0.0022320164948212971 -0.00050289034186135843 0.00063181294876404046 -0.00055062615448212818 0.0013417852147833624 0.00060186269940581136 -0.0010729116369832476 -0.0010027690886876609 0.0012407246550028969 0.00059123896998602814
leaf_weight=10.999999999999998 12.999999999999998 10.999999999999998 12.000000000000002 10.999999999999998 13.999999999999998 17 14.000000000000002 10.999999999999998 12.000000000000002 12.000000000000002 19 23 21 127 110 18.000000000000004 19 10.999999999999998 15.999999999999998 11.999999999999998 11.999999999999998 19
leaf_count=11 13 11 12 11 14 17 14 11 12 12 19 23 21 127 110 18 19 11 16 12 12 19
internal_value=-1.13893e-05 -0.000492362 0.00346212 0.00819869 -5.25652e-05 8.19518e-05 0.000293853 0.00313323 0.00229353 7.29438e-05 -9.56681e-05 0.000793248 -0.000391585 -0.000166324 0 0.000921999 0.000263066 0.00314699 -0.000238403 -0.00018607 5.91971e-05 2.83062e-05
internal_weight=545 485 60 23 37 474 457 25 23 432 358 81 277 256 237 74 61 23 58 42 30 42
internal_count=545 485 60 23 37 474 457 25 23 432 358 81 277 256 237 74 61 23 58 42 30 42
is_linear=0
shrinkage=0.0529975


Tree=212
num_leaves=19
num_cat=0
split_feature=39 38 29 29 19 19 3 3 36 28 39 29 39 5 6 46 8 6
split_gain=0.326471 0.246439 0.0945162 0.067869 0.136821 0.116845 0.038317 0.0346341 0.0277187 0.0657345 0.0514751 0.0385799 0.0270591 0.039914 0.0239302 0.0457267 0.0136046 0.00377336
threshold=-1.1558530955085182 -0.85777646155359866 0.99250610888350865 -0.81017552788316061 -0.95772725582126561 -1.0429653928487965 0.52853458084763438 1.6319400224323146 -0.8304376660685574 -0.68233214201494385 -0.75065069125639916 0.30977886120655712 -0.5308762244612043 -1.1644035560352715 0.50353014485828651 -0.18832435130588573 0.49165819004824213 0.56860294972728564
decision_type=2 2 2 2 2 2 2 2 2 2 2 2 2 2 2 2 2 2
left_child=-1 -2 3 4 -3 -5 8 12 11 -10 -11 16 13 -8 15 -6 -7 -14
right_child=1 2 -4 5 14 6 7 -9 9 10 -12 -13 17 -15 -16 -17 -18 -19
leaf_value=-0.0070445715822396813 0.0057056705813432846 0.0058318222188708429 -0.0037957479175022499 -0.0044017462494479898 -0.00081520699259105575 0.00072020083568350509 0 -0.00076613002871528618 -0.002623978743362274 0.0015546646047046948 -9.699322543593439e-05 -0.0026978138709686113 0.00058999045416965336 0.0033012687624299191 -0.0013531074983226285 0.0029483030329967149 -0.0011473407048592599 -0.00024515353860360254
leaf_weight=11.999999999999998 15.999999999999998 10.999999999999998 11.999999999999998 10.999999999999998 10.999999999999998 22 10.999999999999998 15.999999999999998 18 61 222 21 25 28 13.999999999999998 11.000000000000002 11.999999999999998 10.999999999999998
leaf_count=12 16 11 12 11 11 22 11 16 18 61 222 21 25 28 14 11 12 11
internal_value=-1.12069e-05 0.000210794 -9.3734e-06 0.000110417 0.00191207 -8.17366e-05 6.60132e-05 0.00101151 -0.000169129 1.66369e-05 0.00025972 -0.00120198 0.00150561 0.00239638 0 0.0010455 0 0.000169924
internal_weight=545 533 517 505 47 458 447 91 356 301 283 55 75 39 36 22 34 36
internal_count=545 533 517 505 47 458 447 91 356 301 283 55 75 39 36 22 34 36
is_linear=0
shrinkage=0.0529975


Tree=213
num_leaves=17
num_cat=0
split_feature=3 30 29 12 30 12 26 6 30 13 29 9 26 36 29 12
split_gain=0.320939 1.11518 0.653469 0.133547 0.185788 0.10271 0.142353 0.0895917 0.0749353 0.0777628 0.082016 0.080408 0.0544438 0.026814 0.0260395 0.00581749
threshold=0.74002062381803124 -0.60920933772045338 1.1880524913612776 0.77690392152255128 0.88237165100966586 -1.5712548210644959 1.3774236398144597 1.070545142625978 1.1485607431090135 1.0583964812103044 0.7731741465887918 -0.19155332817298618 -1.414999645407262 -0.4273155776596968 -0.93173233176629544 -0.70695410212017784
decision_type=2 2 2 2 2 2 2 2 2 2 2 2 2 2 2 2
left_child=2 -2 5 4 13 -1 8 -5 9 10 12 -11 -7 -3 -14 -15
right_child=1 3 -4 7 -6 6 -8 -9 -10 11 -12 -13 14 15 -16 -17
leaf_value=0.0033294781707045276 -0.015133681703591799 0.0017670944118028506 0.0094699925539193531 0.0047748933536957616 -0.006381183463384006 -0.0028272352445259611 -0.0041594441201846183 -0.00018114110268584071 0.003132077642615225 0.0042318098797460429 -0.0034240884738758722 -0.0004856642082684187 -0.0019049100571599741 0 0.00020560345763485439 -0.0013109259834432454
leaf_weight=20 10.999999999999998 12.999999999999995 15.999999999999998 14.000000000000002 10.999999999999998 12.999999999999998 17 14.999999999999998 15.999999999999998 17.000000000000004 15.999999999999998 11.999999999999998 10.999999999999998 12.999999999999995 317 13.000000000000009
leaf_count=20 11 13 16 14 11 13 17 15 16 17 16 12 11 13 317 13
internal_value=-1.55527e-05 -0.00281527 0.000552502 -7.12134e-05 -0.0017453 8.85651e-05 -9.44918e-05 0.00242004 0.000118896 -3.41862e-05 -0.000280931 0.00233143 -5.67002e-05 8.3168e-05 8.09826e-05 -0.000713878
internal_weight=545 90 455 79 50 439 419 29 402 386 357 29 341 39 328 26
internal_count=545 90 455 79 50 439 419 29 402 386 357 29 341 39 328 26
is_linear=0
shrinkage=0.0529975


Tree=214
num_leaves=23
num_cat=0
split_feature=45 30 3 29 29 52 9 8 4 30 39 44 29 27 45 39 29 39 30 9 31 27
split_gain=0.313381 0.28545 0.0619928 0.349898 0.271065 0.088427 0.105956 0.0747185 0.111153 0.0877806 0.0899512 0.060417 0.0592116 0.0504428 0.0298151 0.0429873 0.0281052 0.0288149 0.0545115 0.0318034 0.0123979 0.0015504
threshold=1.7894974863008961 -1.6045160372440099 -0.021329130875398474 0.99250610888350865 0.78170629896345034 1.0000000180025095e-35 -0.51573603446668803 1.0250222033349827 -1.1622003561429641 0.71883599648285379 -0.26104970718232323 -0.7704731892735065 0.69848664362485546 0.80107462915197203 1.0000000180025095e-35 -0.43696225152990481 0.60923513714294653 -0.77696491235144882 0.62218772731163263 -0.14591056851891923 -0.33198621477907758 -0.10161740863067427
decision_type=2 2 2 2 2 2 2 2 2 2 2 2 2 2 2 2 2 2 2 2 2 2
left_child=1 -1 3 12 5 7 -7 9 -9 14 11 -11 13 16 20 -16 17 19 -19 -3 -4 -8
right_child=-2 2 4 -5 -6 6 21 8 -10 10 -12 -13 -14 -15 15 -17 -18 18 -20 -21 -22 -23
leaf_value=0.006579715119922269 -0.0069108838044414896 -0.00045426083601639522 -0.00056407094765470738 -0.0075362655307425344 0.0070218366746676716 0.0055366339748299069 -0.00020318700468420354 0.00049025627595609587 -0.0045601573588331052 0.00011619285025895247 -0.00033410418478629445 0.0059028734863690018 0.0026957691218029356 -0.003091847808488906 -0.0028498230664602896 0 -0.0020845529486339704 0.00017059640189518235 -0.0023065040913726 0.0022527927365886226 0.00075244633525875916 0.00044283319697692111
leaf_weight=12.999999999999998 11.999999999999998 10.999999999999998 25 12.999999999999998 10.999999999999998 10.999999999999998 13.999999999999998 17 20 11.000000000000002 19 11.999999999999998 13.999999999999998 10.999999999999998 24 39 11.999999999999998 154 23 26 41 12.000000000000002
leaf_count=13 12 11 25 13 11 11 14 17 20 11 19 12 14 11 24 39 12 154 23 26 41 12
internal_value=-2.03336e-05 0.000197001 -2.24785e-05 -0.00059827 0.00054475 6.5307e-05 0.00227948 -0.000348757 -0.0023325 0.000105491 0.00208045 0.00397256 -4.42968e-05 -0.00029743 -0.000549628 -0.0013345 -5.49126e-05 8.08663e-05 -0.00017815 0.00133443 0.000151305 0
internal_weight=545 533 520 264 256 245 37 208 37 171 42 23 251 237 129 63 226 214 177 37 66 26
internal_count=545 533 520 264 256 245 37 208 37 171 42 23 251 237 129 63 226 214 177 37 66 26
is_linear=0
shrinkage=0.0529975


Tree=215
num_leaves=31
num_cat=0
split_feature=19 19 47 36 45 1 34 36 25 5 29 36 39 47 45 6 8 1 36 6 19 0 1 45 36 26 31 12 7 29
split_gain=0.322085 0.10764 0.145281 0.101062 0.0795592 0.069929 0.338197 0.0606632 0.0791166 0.0814712 0.0592971 0.0559448 0.0653037 0.0592264 0.0565026 0.107733 0.042603 0.0418865 0.0406047 0.0389295 0.0346427 0.0278511 0.0216026 0.0226029 0.0223058 0.0214392 0.0247836 0.0244625 0.00237923 0.00188654
threshold=1.0782546332626139 0.56461929902412689 0.66068322996836037 -0.76325065133374725 1.6759414369285972 0.21061577944410606 1.0000000180025095e-35 -0.27054587661180635 -0.8404287211798277 -0.61172853236132974 0.91470921892100709 -0.78564632291201708 -0.98176190957331844 1.0000000180025095e-35 -0.25451140240048259 0.46114156163059888 0.48031795285631473 -0.52851467950102726 1.4371240812312862 0.33221314831891452 0.34947031177971305 -0.73357989732009787 0.89588625285339873 0.086156745716413782 -0.091380503985645692 0.6534145057255093 -0.090099247028412335 -0.95269747152543105 -0.082766668243488453 -0.42378981793710108
decision_type=2 2 2 2 2 2 2 2 2 2 2 2 2 2 2 2 2 2 2 2 2 2 2 2 2 2 2 2 2 2
left_child=1 4 3 -3 5 6 7 11 9 -9 20 12 17 -14 15 -13 19 -1 -6 -10 22 -18 23 24 -7 26 -24 -27 -16 -25
right_child=-2 2 -4 -5 18 10 -8 8 16 -11 -12 14 13 -15 28 -17 21 -19 -20 -21 -22 -23 25 29 -26 27 -28 -29 -30 -31
leaf_value=0.0031708453241036183 -0.0060360759991225236 0.0077097973502107727 -0.00061584312312277611 0.00053380799455562901 0 0.0003080927650532285 -0.0063348627666977861 -0.0055355684168486522 0 0 0.0036741482141486154 0.0063217120992803333 -0.0039205654351821013 0 -0.00015807997382778077 0.00014221473557449638 -0.00024902278505523344 -0.0003253899586081953 0.004022282326745473 -0.002300907015928218 -0.0018497975847471372 0.0023196200440383907 0.00022046083400777076 0.00035232075819140304 0.0031754549648792857 -0.00028873906696178241 -0.0019078521027962301 0.001969853305803067 0.0005623789167978207 -0.0004097263839424622
leaf_weight=12.000000000000002 18 11.000000000000002 18 12.999999999999998 12.000000000000002 23 21 12.000000000000002 64 11.999999999999998 10.999999999999998 11.000000000000002 12.999999999999998 24 21 20 11.999999999999998 11.999999999999998 13.999999999999998 26 11.999999999999998 20 21.999999999999996 11.000000000000002 17 17 21.000000000000004 19 12.999999999999998 12.999999999999998
leaf_count=12 18 11 18 13 12 23 21 12 64 12 11 11 13 24 21 20 12 12 14 26 12 20 22 11 17 17 21 19 13 13
internal_value=-1.86032e-05 0.000239418 0.00263356 0.00493939 0 -0.000173463 -0.000672968 -8.34972e-05 -0.000825447 -0.00327955 0.00066031 0.00072175 -0.000332713 -0.00170941 0.00175423 0.00319296 -0.000157081 0.00147429 0.00255864 -0.000790926 0.000274162 0.00128527 0.000566547 0.00124502 0.00193368 0 -0.000782678 0.00084804 0 0
internal_weight=545 527 42 24 485 459 293 272 146 24 166 126 61 37 65 31 122 24 26 90 155 32 143 64 40 79 43 36 34 24
internal_count=545 527 42 24 485 459 293 272 146 24 166 126 61 37 65 31 122 24 26 90 155 32 143 64 40 79 43 36 34 24
is_linear=0
shrinkage=0.0529975


Tree=216
num_leaves=18
num_cat=0
split_feature=39 38 45 30 13 8 6 39 31 25 31 31 39 3 5 6 31
split_gain=0.325055 0.227385 0.0695824 0.148426 0.0770193 0.109496 0.103336 0.086627 0.0454893 0.068949 0.0427912 0.0407411 0.0251616 0.019029 0.0291113 0.0153263 0.00679894
threshold=-1.1558530955085182 -0.85777646155359866 1.6759414369285972 1.2529128884377021 0.67421024408270702 1.1846244970882689 -0.25921772107916047 -0.90242666681960892 -0.25672678536692412 -0.10476799041521419 -0.047619721137843934 -1.1680168690217747 -0.69848839585506151 0.40164295506539588 -1.1467356927858219 1.034976837128385 0.1357699213420179
decision_type=2 2 2 2 2 2 2 2 2 2 2 2 2 2 2 2 2
left_child=-1 -2 3 4 5 7 -6 -3 9 -9 -4 -7 -10 15 -15 16 -8
right_child=1 2 10 -5 6 11 13 8 12 -11 -12 -13 -14 14 -16 -17 -18
leaf_value=-0.0070314959652817395 0.0054858755395557198 0.0034737229724069048 0 -0.0047672125906910315 -0.0041368132678300485 0.005220983182168808 -0.0021512053524056266 -0.0019731287322034695 0.0012660013051915006 0.00070078591445924595 0.003697992995912868 0.00018772381662990559 0 -0.0004608950068074749 0.0023114365961511714 0.00015927788336688508 0
leaf_weight=11.999999999999998 15.999999999999998 13.999999999999998 11.000000000000002 12.999999999999998 21 11.000000000000002 15.000000000000002 68 49 34 15.999999999999998 10.999999999999998 203 15.000000000000002 11.999999999999998 12.999999999999998 10.999999999999998
leaf_count=12 16 14 11 13 21 11 15 68 49 34 16 11 203 15 12 13 11
internal_value=-1.35187e-05 0.000207994 -3.01466e-06 -0.000172905 0 0.000332104 -0.00136255 6.84872e-05 -0.000102399 -0.00102773 0.00233961 0.00353307 0.000260247 -0.000111787 0.000755711 -0.000888264 -0.00156202
internal_weight=545 533 517 490 477 390 87 368 354 102 27 22 252 66 27 39 26
internal_count=545 533 517 490 477 390 87 368 354 102 27 22 252 66 27 39 26
is_linear=0
shrinkage=0.0529975


Tree=217
num_leaves=19
num_cat=0
split_feature=19 30 13 29 47 29 14 19 26 30 36 39 30 30 39 39 30 1
split_gain=0.308883 0.107022 0.211042 0.146219 0.238311 0.0550629 0.12656 0.108745 0.0484806 0.0294691 0.027199 0.0418667 0.0293494 0.0438502 0.0238681 0.0232628 0.00995715 0.00673376
threshold=1.0782546332626139 -0.66021637375627751 1.0583964812103044 0.74954040166073665 0.59100304412747862 -0.81017552788316061 -0.88785848849931825 -1.0429653928487965 0.31655207147272219 0.97505087236928578 -0.49450259239450667 -0.812326624193484 0.54269626113870151 -0.31970743230468118 -0.75065069125639916 1.6070081309751629 0.70337587340394869 -0.50484610454237056
decision_type=2 2 2 2 2 2 2 2 2 2 2 2 2 2 2 2 2 2
left_child=1 2 15 5 -5 6 -3 -7 16 10 12 -12 13 -9 -13 17 -8 -1
right_child=-2 3 -4 4 -6 7 8 9 -10 -11 11 14 -14 -15 -16 -17 -18 -19
leaf_value=0 -0.0059036219126924784 0.0056157475855863797 0.0073722007617678586 0.0010668671734971051 -0.0070048549588495055 -0.0041237427148112333 0 0.0019691895812567074 0.0023230727935982429 0.0019043827387856932 -0.002545201137068351 0.0013323676669709618 0.0027234911227065144 -0.00037465056812743255 -0.00021238400692553104 -0.0013309902558398294 -0.0020059160299434062 0.0015468904102726177
leaf_weight=12.999999999999998 18 10.999999999999998 10.999999999999998 15.000000000000002 14.999999999999998 10.999999999999998 13.000000000000002 25 10.999999999999998 21 13.999999999999998 26 12.999999999999998 67 221 10.999999999999998 11.999999999999998 17.000000000000004
leaf_count=13 18 11 11 15 15 11 13 25 11 21 14 26 13 67 221 11 12 17
internal_value=-1.00714e-05 0.000242275 0.00239211 -5.44218e-06 -0.00326954 0.000239668 0.00184569 8.14345e-06 0 0.000204489 5.90523e-05 -0.000211517 0.00076963 0.00027251 0 0.000137212 -0.00119745 0.00100163
internal_weight=545 527 52 475 30 445 47 398 36 387 366 261 105 92 247 41 25 30
internal_count=545 527 52 475 30 445 47 398 36 387 366 261 105 92 247 41 25 30
is_linear=0
shrinkage=0.0529975


Tree=218
num_leaves=25
num_cat=0
split_feature=45 30 16 0 0 4 29 19 39 1 29 25 30 39 39 13 16 44 31 31 29 0 16 13
split_gain=0.311605 0.286599 0.0577619 0.157276 0.225366 0.106872 0.221067 0.096946 0.072432 0.0814398 0.0693977 0.162469 0.0575105 0.0502711 0.0451326 0.0469865 0.0436183 0.0241573 0.0235843 0.0230472 0.0197033 0.0167072 0.0124153 0.00939834
threshold=1.7894974863008961 -1.6045160372440099 -0.90459423178773413 0.28866343775927145 0.39222518203379619 1.5480257726268594 0.78170629896345034 0.39495454874742936 -1.0204131756543164 -0.49133451647542103 0.098039211012012434 -0.82894980672843088 1.0555148531397263 -0.812326624193484 -0.88168880801376159 0.69391210239694279 -1.1928400721714438 0.70547720845605821 -0.061487483200831784 1.108658458863365 0.16142385576168791 0.5696888383157015 -1.2554156008913566 -0.73447262538515012
decision_type=2 2 2 2 2 2 2 2 2 2 2 2 2 2 2 2 2 2 2 2 2 2 2 2
left_child=1 -1 5 8 -5 6 20 16 9 -4 12 -12 13 -10 15 -13 22 -15 -16 -18 23 -6 -7 -3
right_child=-2 2 3 4 21 7 -8 -9 10 -11 11 14 -14 17 18 -17 19 -19 -20 -21 -22 -23 -24 -25
leaf_value=0.0066045276475987132 -0.0068787718640134932 0 0.0050121533303951731 -0.0078578252765729422 0.00065311996827144129 0.00030848605909106452 0.007805453875093688 -0.0036109389022157602 -0.0021365433053995306 -0.00020980664110352708 -0.0059551920370735974 0.0032166626614472636 0.0028575157085735385 0.00065664960587250769 -0.0027327496710072706 -0.00055264909419809887 0 -0.00045834201390324329 0 0.0033110950569215079 -0.0010535174889375364 -0.0012468742153076023 -0.0013783104411328329 0.0019197243676323909
leaf_weight=12.999999999999998 11.999999999999998 10.999999999999998 11.000000000000002 11.999999999999998 14.999999999999998 12.999999999999998 10.999999999999998 12.999999999999998 21 10.999999999999998 11.999999999999998 12.000000000000002 15.999999999999998 156 11.999999999999998 10.999999999999998 12.000000000000005 70 28 12.999999999999998 11.999999999999998 21 15.999999999999998 11.000000000000002
leaf_count=13 12 11 11 12 15 13 11 13 21 11 12 12 16 156 12 11 12 70 28 13 12 21 16 11
internal_value=-6.88845e-06 0.000209673 -1.03891e-05 -0.00031801 -0.00298836 0.00101025 0.00285428 -0.000265323 6.20801e-05 0.00266598 -0.000130618 -0.00150193 0.000259238 0 -0.000108616 0.00143158 0.000704085 0.000278271 -0.00121726 0.00215187 0.000147726 -0.000308676 -0.000499283 0.00113774
internal_weight=545 533 520 408 48 112 45 67 360 22 338 75 263 247 63 23 54 226 40 25 34 36 29 22
internal_count=545 533 520 408 48 112 45 67 360 22 338 75 263 247 63 23 54 226 40 25 34 36 29 22
is_linear=0
shrinkage=0.0529975


Tree=219
num_leaves=23
num_cat=0
split_feature=39 38 29 30 30 44 7 31 29 7 9 14 51 6 37 37 31 31 44 8 27 24
split_gain=0.310213 0.208509 0.0874639 0.264101 0.127164 0.105735 0.0625887 0.049726 0.0615173 0.0294606 0.0269378 0.0265373 0.0206717 0.0167321 0.0225122 0.030737 0.0180536 0.0183965 0.0142709 0.0155656 0.0111081 0.00310776
threshold=-1.1558530955085182 -0.85777646155359866 0.11881274814264779 0.59757875010197681 1.0684567549518114 0.70547720845605821 1.5744293204194071 0.94639197622347437 0.69848664362485546 -2.0721208788924996 0.32536966463151379 1.7136396091023975 1.0000000180025095e-35 0.48402615276326083 2.1084445962342691 -0.81674439241534058 -0.067793863874690344 -0.35693652117952007 1.0000000180025095e-35 -0.33284407637126751 -0.22831942904205535 -0.63425860350940255
decision_type=2 2 2 2 2 2 2 2 2 2 2 2 2 2 2 2 2 2 2 2 2 2
left_child=-1 -2 4 6 9 -6 7 8 10 -3 11 -4 13 14 15 -11 17 -15 21 -20 -18 -14
right_child=1 2 3 -5 5 -7 -8 -9 -10 12 -12 -13 18 16 -16 -17 20 -19 19 -21 -22 -23
leaf_value=-0.0068649910059513817 0.0052611575580336504 -0.0020009310500199422 -0.0014989987133210531 -0.0059243580453689016 0.00011484749472238977 0.0065284448524662916 0.0029270916181907717 -0.0023821806236668059 0.002584066742798468 0.0019146583174580777 0.001062978727867907 0.00054923181574399683 -0.00020279743355323515 -5.3200100870204183e-05 0.0027744063209570557 2.3391854129240161e-05 -0.0020494924040561171 0.0016076498211271212 0 -0.00193926873501701 0 0.00054135546113138837
leaf_weight=11.999999999999998 15.999999999999998 10.999999999999998 59 20 17.000000000000004 10.999999999999998 10.999999999999998 24 15.999999999999998 28 14.999999999999998 14.999999999999998 18 53 10.999999999999998 112 11.000000000000002 18 10.999999999999998 21 13.999999999999998 21
leaf_count=12 16 11 59 20 17 11 11 24 16 28 15 15 18 53 11 112 11 18 11 21 14 21
internal_value=-8.55477e-06 0.00020751 0 -0.00101501 0.000453472 0.00354702 -5.13134e-05 -0.000475763 2.21575e-06 0.000110563 -0.000522226 -0.000986457 0.00024084 0.000482751 0.000821521 0.00051259 0 0.000369557 -0.000482079 -0.00123345 -0.00113872 6.1418e-05
internal_weight=545 533 517 160 357 28 140 129 105 329 89 74 318 247 151 140 96 71 71 32 25 39
internal_count=545 533 517 160 357 28 140 129 105 329 89 74 318 247 151 140 96 71 71 32 25 39
is_linear=0
shrinkage=0.0529975


Tree=220
num_leaves=24
num_cat=0
split_feature=19 30 13 29 30 45 52 19 39 36 31 7 26 39 7 30 39 34 3 1 53 2 30
split_gain=0.312321 0.0984789 0.19261 0.135009 0.222161 0.0567269 0.0699664 0.148369 0.12134 0.0358779 0.0241078 0.0346348 0.0229251 0.0223775 0.0217668 0.0227537 0.0139887 0.0140695 0.00659285 0.00561021 0.00407345 0.00312594 0.00049588
threshold=1.0782546332626139 -0.66021637375627751 1.0583964812103044 0.74954040166073665 0.23966141775408889 1.6759414369285972 1.0000000180025095e-35 -0.94590896873541463 -0.80165551899036436 1.4371240812312862 -0.23212118341123811 -0.11594017356335605 0.5569115713511531 1.6070081309751629 -0.50886311127018535 0.54269626113870151 0.60761844773504792 -0.60360570267587166 -0.15005976572694438 -0.50484610454237056 -0.36007183007885429 -0.57678195291609624 0.3773158493490944
decision_type=2 2 2 2 2 2 2 2 2 2 2 2 2 2 2 2 2 2 2 2 2 2 2
left_child=1 2 13 5 -5 6 7 -3 -8 -7 14 21 -13 19 15 -9 18 -18 -10 -1 -16 -12 -20
right_child=-2 3 -4 4 -6 9 8 10 16 -11 11 12 -14 -15 20 -17 17 -19 22 -21 -22 -23 -24
leaf_value=0 -0.0059298075953174798 -0.0044747780327306771 0.0070719404233219553 0.0003633350451865863 -0.0075627972815171815 0 0.0044527961962072546 -0.00047787102700133145 -0.0011098024252043236 0.0037810404853606929 0.00036746040997548776 -0.0005855863729165308 0.00056455227704247692 -0.001289107286342169 -0.00022262144441934352 0.0016631163528810838 0 0.0019250034186030791 -5.044251864753457e-05 0.001494789182669744 -0.0022545279400814295 0.0027713995356506782 0.00025978746686606565
leaf_weight=12.999999999999998 18 15.999999999999998 10.999999999999998 19.000000000000004 10.999999999999998 11.000000000000002 20 68 15.999999999999998 13.999999999999998 13.000000000000002 77 108 10.999999999999998 15.000000000000002 10.999999999999998 11.000000000000002 12.999999999999998 11.000000000000002 17.000000000000004 15.999999999999998 10.999999999999998 13.999999999999998
leaf_count=13 18 16 11 19 11 11 20 68 16 14 13 77 108 11 15 11 11 13 11 17 16 11 14
internal_value=-3.21606e-06 0.000250541 0.00231218 0 -0.00312458 0.000248147 6.85033e-05 -0.000263783 0.00138594 0.00244371 4.60151e-06 0.000357328 4.59208e-05 0.000147152 -0.000589192 -1.28336e-06 4.75288e-05 0.00101456 -0.000427143 0.000994834 -0.00165558 0.00203587 0
internal_weight=545 527 52 475 30 445 420 335 85 25 319 209 185 41 110 79 65 24 41 30 31 24 25
internal_count=545 527 52 475 30 445 420 335 85 25 319 209 185 41 110 79 65 24 41 30 31 24 25
is_linear=0
shrinkage=0.0529975


Tree=221
num_leaves=26
num_cat=0
split_feature=45 30 16 35 29 29 34 37 29 25 5 19 19 44 1 26 37 5 35 12 45 46 9 0 30
split_gain=0.303492 0.273153 0.0553872 0.149198 0.33648 0.154505 0.117665 0.157781 0.0864707 0.1183 0.0803974 0.053357 0.0512061 0.0358066 0.0238152 0.0289715 0.0203706 0.0175056 0.0152264 0.0145493 0.00958663 0.00908524 0.00487403 0.00400743 0.00179646
threshold=1.7894974863008961 -1.6045160372440099 -0.90459423178773413 0.26267843997095658 0.63976665760306584 0.69848664362485546 1.5282221012143749 -0.78948456671466416 0.098039211012012434 -0.82894980672843088 1.1611771117188261 -0.95772725582126561 0.39495454874742936 0.70547720845605821 1.6432168480046809 0.67623746148310737 1.8001988748496838 0.44276557395262933 -0.33109630494470821 1.568457934737238 -0.36806745177278138 -1.4813860390124414 0.32536966463151379 1.4094426555151489 0.50176205256839046
decision_type=2 2 2 2 2 2 2 2 2 2 2 2 2 2 2 2 2 2 2 2 2 2 2 2 2
left_child=1 -1 6 5 17 8 7 10 11 -10 -3 -4 14 19 21 -16 -15 24 20 -13 -11 -8 -20 -9 -5
right_child=-2 2 3 4 -6 -7 12 23 9 18 -12 13 -14 16 15 -17 -18 -19 22 -21 -22 -23 -24 -25 -26
leaf_value=0.0064544614794840634 -0.0067840312942180668 0.0073972235926688147 0.0027476219738300986 0 -0.0088189476850266818 0.0050336292904947033 2.9132883634931574e-05 -0.00071891198915656474 -0.0053667778456768147 0.0013290338768157813 0.00056947536435332795 0.00066398688074250983 -0.0030529928010762826 -0.00024996853165290382 -6.8582990405657499e-05 0.0028303485050919478 -0.0024992783829862831 0.00093941794836234764 -0.0013983830577086543 -0.00063733116715471063 -0.0002338697009296354 -0.0013786069148440999 0 0.00030511457610023256 -0.0013549085656786222
leaf_weight=12.999999999999998 11.999999999999998 14.000000000000002 17 12.000000000000002 11.999999999999998 10.999999999999998 11 12.000000000000002 12.999999999999998 12.000000000000002 10.999999999999998 159 10.999999999999998 62 12.000000000000002 10.999999999999998 11.999999999999998 18 25 18 10.999999999999998 15 13.999999999999998 14.999999999999998 11.999999999999998
leaf_count=13 12 14 17 12 12 11 11 12 13 12 11 159 11 62 12 11 12 18 25 18 11 15 14 15 12
internal_value=-1.70345e-06 0.00021181 -2.77945e-06 -0.000304454 -0.00275255 8.92113e-05 0.00099661 0.00272517 -0.000133105 -0.00166601 0.0053097 0.00029746 -0.000507134 4.40972e-05 0.000207945 0.00137558 -0.000862034 0 -0.000382471 0.000476934 0.000446891 -0.000670887 -0.00102118 0 -0.000966005
internal_weight=545 533 520 408 54 354 112 52 343 75 25 268 60 251 49 23 74 42 62 177 23 26 39 27 24
internal_count=545 533 520 408 54 354 112 52 343 75 25 268 60 251 49 23 74 42 62 177 23 26 39 27 24
is_linear=0
shrinkage=0.0529975


Tree=222
num_leaves=11
num_cat=0
split_feature=13 5 8 29 30 12 26 19 8 29
split_gain=0.303543 0.225228 0.328288 0.378587 0.0913969 0.0817779 0.110612 0.0842794 0.0769038 0.0724468
threshold=1.9449801053509139 -2.2121322698951009 1.7193012331271491 1.1880524913612776 -1.2357643872213815 -1.5712548210644959 1.3774236398144597 0.64201477522746131 -0.69311765719912344 0.17116908538165884
decision_type=2 2 2 2 2 2 2 2 2 2
left_child=1 -1 3 4 -3 8 7 9 -6 -7
right_child=-2 2 -4 -5 5 6 -8 -9 -10 -11
leaf_value=0.0060373136952286957 -0.006788082019707522 -0.003845911533989505 -0.0072404246080316802 0.0077979242603709769 0.0051423212192699096 0.00031750537707472614 -0.0035741972431898566 0.0029896479527155542 0 -0.0012781448299486861
leaf_weight=11.999999999999998 11.999999999999998 10.999999999999998 10.999999999999998 11.999999999999998 11.000000000000002 323 18 21 14.999999999999998 99
leaf_count=12 12 11 11 12 11 323 18 21 15 99
internal_value=-5.43617e-06 0.00020813 0 0.000245336 -1.3408e-05 0.000104716 -5.95636e-05 0.000113514 0.00270109 -5.3173e-05
internal_weight=545 533 521 510 498 487 461 443 26 422
internal_count=545 533 521 510 498 487 461 443 26 422
is_linear=0
shrinkage=0.0529975


Tree=223
num_leaves=18
num_cat=0
split_feature=39 38 29 45 44 19 31 31 3 19 36 15 45 30 9 0 37
split_gain=0.294455 0.1953 0.0796599 0.0641483 0.0386098 0.0880176 0.076448 0.0441357 0.0434399 0.0414525 0.0453538 0.0433817 0.0316816 0.0400268 0.0270457 0.0173496 0.00111556
threshold=-1.1558530955085182 -0.85777646155359866 0.99250610888350865 1.7894974863008961 1.1974606743659131 -0.97088705664890151 -1.0158461939073227 0.62197785921925075 0.52853458084763438 -0.62555187198812046 -0.8304376660685574 0.25930869907955556 -0.14095535302818379 0.25202357818623405 -0.2420963763339069 -0.14061279854058986 0.29252082263530083
decision_type=2 2 2 2 2 2 2 2 2 2 2 2 2 2 2 2 2
left_child=-1 -2 3 4 5 -3 -6 15 9 11 -11 -7 13 -10 -14 -8 -17
right_child=1 2 -4 -5 6 8 7 -9 12 10 -12 -13 14 -15 -16 16 -18
leaf_value=-0.0066853708382049234 0.0050961706828189955 -0.0038154872468204423 -0.003468173335164952 0.0033210004605840246 0.0039268833135452218 -0.0037538732451894386 -0.0019470175777747997 0.0019707022927356703 0 -0.0014263959969014475 0.00019739050225491949 0 0.0014092261977280763 0.0029719513637524501 -0.001160069392096468 -0.00018021304367486061 0.00038725187455528932
leaf_weight=11.999999999999998 15.999999999999998 11.999999999999998 11.999999999999998 10.999999999999998 13.999999999999998 13.000000000000002 15.999999999999998 17 24 53 246 12.999999999999998 11.999999999999998 27 24 12.000000000000002 10.999999999999998
leaf_count=12 16 12 12 11 14 13 16 17 24 53 246 13 12 27 24 12 11
internal_value=-4.82505e-06 0.000205325 0 0.000119348 0 -0.000185612 0.00110997 0 -9.95862e-06 -0.000310341 -8.9922e-05 -0.00213496 0.000984708 0.00177224 -5.83919e-05 -0.000877596 0
internal_weight=545 533 517 505 494 424 70 56 412 325 299 26 87 51 36 39 23
internal_count=545 533 517 505 494 424 70 56 412 325 299 26 87 51 36 39 23
is_linear=0
shrinkage=0.0529975


Tree=224
num_leaves=25
num_cat=0
split_feature=19 13 44 1 35 45 30 29 30 45 12 37 8 39 2 16 30 0 53 31 10 31 17 14
split_gain=0.304243 0.0932226 0.277513 0.0741016 0.272295 0.0467711 0.0583665 0.0423175 0.0487393 0.0321576 0.0273 0.036633 0.0155268 0.0275415 0.0151952 0.0262943 0.018722 0.0165628 0.0195348 0.0123614 0.0104918 0.00795006 0.00696203 0.00510535
threshold=1.0782546332626139 1.0978001978387761 -0.27848972336365163 0.21061577944410606 0.26267843997095658 1.6759414369285972 1.0319252690523251 0.78170629896345034 1.1158556766981123 -0.36806745177278138 0.2135731719466816 -0.7098019992819159 -0.49290444129679761 -0.58289786232641239 0.80082819724459375 -1.0737127645398459 0.41858325918345057 1.6926789519187833 -0.36007183007885429 -0.25672678536692412 0.76170805865383173 0.32071341373555257 0.30136479438701852 1.8976480111278851
decision_type=2 2 2 2 2 2 2 2 2 2 2 2 2 2 2 2 2 2 2 2 2 2 2 2
left_child=1 3 -3 4 5 6 9 8 14 10 11 -1 -11 -14 16 17 19 18 -16 -5 -12 -17 -18 -19
right_child=-2 2 -4 7 -6 -7 -8 -9 -10 12 20 -13 13 -15 15 21 22 23 -20 -21 -22 -23 -24 -25
leaf_value=0.0028967216619194764 -0.0058546322130158006 0.0062131159058993893 -0.0017030035323742541 4.9190343029106024e-05 -0.0058816012000635397 0.0024035526057619972 -0.0028125441406942476 0.0034270041606221913 0.0032697953103506122 0.000609580073833856 -0.00095568497603600424 0 -0.0020480959764714313 -0.00018554287857457008 0.0023677634716072669 0 0.00034611955242745966 -0.00088223181155264554 0 0.00224839514118076 0.00036438965806181675 -0.0019088317297438896 -0.001022341051141332 9.134224968461411e-05
leaf_weight=22 18 20 18 20 18 14.999999999999998 15.999999999999998 11.999999999999998 10.999999999999998 20 19 30 28 101 13.000000000000002 11.000000000000002 13.000000000000002 17.000000000000004 15.999999999999998 20 44 19 10.999999999999998 12.999999999999998
leaf_count=22 18 20 18 20 18 15 16 12 11 20 19 30 28 101 13 11 13 17 16 20 44 19 11 13
internal_value=-5.14583e-06 0.000245161 0.00258358 2.02374e-05 -0.000452472 0 -0.000187644 0.000886495 0.000545191 4.50256e-06 0.000676332 0.00150879 -0.000475065 -0.000714574 0.000189445 -0.000197974 0.000798791 0.000368556 0.00121463 0.00145041 0 -0.00138198 -0.00012723 -0.000321375
internal_weight=545 527 38 489 313 295 280 176 164 264 115 52 149 129 153 89 64 59 29 40 63 30 24 30
internal_count=545 527 38 489 313 295 280 176 164 264 115 52 149 129 153 89 64 59 29 40 63 30 24 30
is_linear=0
shrinkage=0.0529975


Tree=225
num_leaves=26
num_cat=0
split_feature=45 30 39 29 19 26 13 29 30 19 30 10 46 30 39 12 28 10 30 39 29 44 30 3 19
split_gain=0.294919 0.265228 0.0508295 0.0809424 0.248715 0.199139 0.0994329 0.11459 0.0871784 0.0731517 0.0308799 0.0448618 0.0351115 0.0250549 0.0244906 0.0242802 0.0242995 0.0219789 0.0176733 0.0121575 0.0121287 0.0102656 0.0081369 0.00214972 0.000885014
threshold=1.7894974863008961 -1.6045160372440099 -1.0783225139200134 0.17116908538165884 -0.3357664568293684 -0.43178084104118936 0.99929090626759709 0.67528232375896413 1.0684567549518114 -0.97088705664890151 0.39034647172032694 0.3867303336504192 -0.18832435130588573 0.30623422519323845 -0.84506682601750038 1.5117235543663337 -0.32554900251137159 1.6688279465970373 0.63794849914436813 -0.66293115134980962 0.58687950133281286 1.0000000180025095e-35 0.71883599648285379 0.090850422352377599 0.4114465141411599
decision_type=2 2 2 2 2 2 2 2 2 2 2 2 2 2 2 2 2 2 2 2 2 2 2 2 2
left_child=1 -1 -3 8 5 -5 7 19 10 -10 13 18 -13 15 -9 16 -4 -17 23 20 -6 -20 -14 -12 -21
right_child=-2 2 3 4 6 -7 -8 14 9 -11 11 12 22 -15 -16 17 -18 -19 21 24 -22 -23 -24 -25 -26
leaf_value=0.0063596829587845164 -0.0066880624910033706 0.0023158288953756367 -0.0012630080998865551 0 0.00058479171601359778 -0.0092895156178101901 -0.0038555127270786791 0.0047098065520839163 0.0052994697819706482 0 0 -0.0034353918561743509 -0.0010436228347191886 0.0021110460732476685 0.00038275699964790112 -0.0022125583846203068 0.00061276338106102507 0.00013944779703797331 0.0016644600902029484 -0.0016454935729528933 -0.001009588699926769 0 0.00026988188863659896 -0.0010310475436637163 -0.00019639600909111924
leaf_weight=12.999999999999998 11.999999999999998 19 13.999999999999998 12.000000000000002 37 10.999999999999998 10.999999999999998 12.000000000000002 11.000000000000002 10.999999999999998 14.000000000000002 17 17.000000000000004 15.999999999999998 10.999999999999998 15.000000000000002 178 11.999999999999998 19 13.000000000000002 12.999999999999998 13.999999999999998 13.999999999999998 10.999999999999998 18
leaf_count=13 12 19 14 12 37 11 11 12 11 11 14 17 17 16 11 15 178 12 19 13 13 14 14 11 18
internal_value=-2.07915e-06 0.000208222 -3.03355e-06 -0.000131101 -0.00120462 -0.00559399 -3.52957e-05 0.000493421 0.000271029 0.00311623 1.66595e-05 -0.000689437 -0.00180761 0.000373366 0.00338834 0.00016249 0.000406603 -0.00112017 0.000209473 -0.000425196 0 0.00101806 -0.000314037 -0.00062299 -0.00116108
internal_weight=545 533 520 501 138 23 115 104 363 22 341 106 48 235 23 219 192 27 58 81 50 33 31 25 31
internal_count=545 533 520 501 138 23 115 104 363 22 341 106 48 235 23 219 192 27 58 81 50 33 31 25 31
is_linear=0
shrinkage=0.0529975


Tree=226
num_leaves=17
num_cat=0
split_feature=19 19 47 13 45 30 30 49 29 16 45 36 17 4 10 1
split_gain=0.294187 0.0861886 0.120757 0.084542 0.070323 0.129705 0.0648057 0.0532775 0.0599842 0.0402274 0.0608186 0.034615 0.0307747 0.0366112 0.0173814 0.00418975
threshold=1.0782546332626139 0.56461929902412689 0.66068322996836037 0.71361396071117855 1.6759414369285972 1.2529128884377021 1.0684567549518114 1.0000000180025095e-35 0.7731741465887918 -1.1928400721714438 -0.70873559988967771 1.4371240812312862 -1.4115869124585407 -1.1831674757534365 -0.7814633708626112 0.077270382728210144
decision_type=2 2 2 2 2 2 2 2 2 2 2 2 2 2 2 2
left_child=1 4 3 -3 5 6 7 8 12 -9 15 -6 -1 -14 -12 -11
right_child=-2 2 -4 -5 11 -7 -8 9 -10 10 14 -13 13 -15 -16 -17
leaf_value=-0.0022717792374561535 -0.005758612305634285 0.00043698995269614955 -0.00055359777919534612 0.0070225830753475951 0 -0.0044304766159779692 0.003249940797873226 -0.00089476993232401824 -0.0032264610071698415 0.00098769616624777719 0.001669653150881571 0.0037811380853531185 0.0021267261594625875 -0.00020265500056754898 -0.00029501485426733202 0.004601023074795008
leaf_weight=12.999999999999998 18 13.000000000000002 18 10.999999999999998 12.000000000000002 12.999999999999998 10.999999999999998 14.999999999999998 13.999999999999998 12.000000000000002 10.999999999999998 13.999999999999998 13.999999999999998 312 33 10.999999999999998
leaf_count=13 18 13 18 11 12 13 11 15 14 12 11 14 14 312 33 11
internal_value=-6.5039e-06 0.000239435 0.002383 0.00448869 1.27445e-05 -0.00013861 2.81533e-05 -8.05618e-05 -0.000380434 0.00106894 0.00164164 0.00242826 -0.000188617 -4.49765e-05 0.000197793 0.0035508
internal_weight=545 527 42 24 485 459 446 435 353 82 67 26 339 326 44 23
internal_count=545 527 42 24 485 459 446 435 353 82 67 26 339 326 44 23
is_linear=0
shrinkage=0.0529975


Tree=227
num_leaves=23
num_cat=0
split_feature=3 30 29 29 19 12 26 45 30 9 19 44 14 38 29 37 26 4 37 34 19 3
split_gain=0.292572 1.04084 0.602879 0.113207 0.143714 0.0864607 0.109465 0.0841236 0.086092 0.0769195 0.0705829 0.0422375 0.0373097 0.0335851 0.0807528 0.051244 0.0345205 0.0172893 0.012709 0.0105045 0.00875146 0.00400195
threshold=0.74002062381803124 -0.60920933772045338 1.1880524913612776 -0.62400762929631193 -0.71234336683649502 -1.5712548210644959 1.3774236398144597 0.99460514069480432 -0.999345381801095 -0.062756608992104099 0.57942704204251372 -0.7704731892735065 -0.76307118137858543 -0.13565697504152754 0.6273942987389155 -0.78948456671466416 -1.3783615560015323 -0.19971189593968405 0.99708247151434348 -0.32101876138339708 -0.079993913381877391 -0.16109382014279092
decision_type=2 2 2 2 2 2 2 2 2 2 2 2 2 2 2 2 2 2 2 2 2 2
left_child=2 -2 5 9 -5 -1 7 8 -7 -3 11 -9 18 15 16 -10 -15 -6 -13 -14 -19 -17
right_child=1 3 -4 4 17 6 -8 10 13 -11 -12 12 19 14 -16 21 -18 20 -20 -21 -22 -23
leaf_value=0.0030666349201982786 -0.014575272443174928 0.0049704705184456929 0.0091058561525994772 -0.0055180427974270184 0.0011930911544511826 -0.0036550237904917461 -0.0036395724747976545 -0.0015483303786825956 0.003462091180884733 -0.0001123091441968648 0.0045916892166355354 0.0038228742269661004 -0.00070451320166752495 -0.002324878372617497 -0.0034487372722473925 -0.00047268512074164404 0.0001472059106487676 -0.0013071418930447932 0.00032554097372450763 0.00075528578356113467 5.9234542297851064e-05 0.00054939773249010717
leaf_weight=20 10.999999999999998 11.000000000000002 15.999999999999998 10.999999999999998 18.999999999999996 13.999999999999998 17 11.999999999999998 11.999999999999998 10.999999999999998 11.999999999999998 11.000000000000002 14.999999999999995 10.999999999999998 14.999999999999998 20 229 15.999999999999998 10.999999999999998 28.000000000000004 11.000000000000005 11.999999999999998
leaf_count=20 11 11 16 11 19 14 17 12 12 11 12 11 15 11 15 20 229 16 11 28 11 12
internal_value=-1.68633e-06 -0.00267578 0.00054003 -2.53378e-05 -0.00134492 9.36433e-05 -7.30968e-05 0.00011188 -0.000283752 0.00269987 0.00150687 0.00064495 0.00124482 -3.42427e-05 -0.000296298 0.00119817 0 3.99516e-05 0.00276796 7.95998e-05 -0.00062919 0
internal_weight=545 90 455 79 57 439 419 402 313 22 89 77 65 299 255 44 240 46 22 43 27 32
internal_count=545 90 455 79 57 439 419 402 313 22 89 77 65 299 255 44 240 46 22 43 27 32
is_linear=0
shrinkage=0.0529975


Tree=228
num_leaves=23
num_cat=0
split_feature=25 15 44 8 30 30 29 47 35 47 1 37 30 36 37 1 37 1 51 24 37 34
split_gain=0.281876 1.52031 0.392152 0.38427 0.11974 0.103312 0.0712757 0.557343 0.0440009 0.0229726 0.0256686 0.0704539 0.0257361 0.0224475 0.0196312 0.0164149 0.0289033 0.00793854 0.00604251 0.00441347 0.00249168 0.00212296
threshold=-1.1764033572252413 0.93580236748553591 1.0000000180025095e-35 0.97390045284613536 0.099707195366812731 1.2529128884377021 0.91470921892100709 0.59100304412747862 -1.3658915081057359 -0.31483937180398425 -0.52851467950102726 -0.75383710233685208 0.83988821281013359 -1.2671532618448238 1.8777845326131508 0.80419382073009904 -0.81674439241534058 1.3515529124905272 1.0000000180025095e-35 -0.5842666407129895 0.53366543460282967 -0.68230720353707286
decision_type=2 2 2 2 2 2 2 2 2 2 2 2 2 2 2 2 2 2 2 2 2 2
left_child=2 5 4 -4 8 6 9 -8 -1 15 11 19 13 -12 -15 16 -2 -17 21 -11 -18 -13
right_child=1 -3 3 -5 -6 -7 7 -9 -10 10 12 18 -14 14 -16 17 20 -19 -20 -21 -22 -23
leaf_value=-0.00013717403212048173 0.0032501418627342081 -0.016029172541964704 1.934655554288766e-06 0.012995789959538115 -0.0034340557835925742 -0.003356374840533641 0.0084883102943534294 -0.0045828967918986529 0.0035361535322363186 0.0005644568576745906 -0.0017647530307105331 -0.00010628369000502093 -0.0019235345261707888 0.0001557648763699952 -0.0014377994026839066 -0.00071801513536387908 0 0.00074139009804157234 -0.00097184248381334876 0.0036710013448324284 0.00067651528097484174 0.00057117496328390038
leaf_weight=10.999999999999998 11.999999999999998 10.999999999999998 12.000000000000002 10.999999999999998 13.999999999999998 17 14.000000000000002 10.999999999999998 12.000000000000002 11.000000000000002 15.999999999999998 30.999999999999996 21 222 18 17.000000000000004 18 12.999999999999998 15.999999999999998 11.999999999999998 13.999999999999998 11.000000000000002
leaf_count=11 12 11 12 11 14 17 14 11 12 11 16 31 21 222 18 17 18 13 16 12 14 11
internal_value=-3.28547e-06 -0.000452853 0.00323585 0.00785964 -0.000171228 8.98015e-05 0.000274891 0.00273768 0.0018734 8.08926e-05 -8.15327e-05 0.000690343 -0.00034177 -0.000144301 0 0.000901202 0.00149053 0 -0.000243783 0.00285012 0.00023806 0
internal_weight=545 485 60 23 37 474 457 25 23 432 358 81 277 256 240 74 44 30 58 23 32 42
internal_count=545 485 60 23 37 474 457 25 23 432 358 81 277 256 240 74 44 30 58 23 32 42
is_linear=0
shrinkage=0.0529975


end of trees

feature_importances:
Column_29=823
Column_37=562
Column_19=561
Column_30=303
Column_39=274
Column_13=165
Column_45=134
Column_9=120
Column_6=106
Column_31=87
Column_3=83
Column_5=83
Column_7=81
Column_38=80
Column_1=77
Column_8=75
Column_12=71
Column_26=68
Column_10=61
Column_47=61
Column_25=60
Column_44=41
Column_35=40
Column_28=38
Column_36=38
Column_2=35
Column_34=34
Column_53=31
Column_27=28
Column_16=27
Column_17=27
Column_0=24
Column_14=20
Column_15=20
Column_24=15
Column_46=15
Column_4=12
Column_23=9
Column_43=9
Column_11=7
Column_51=6
Column_52=6
Column_21=5
Column_33=5
Column_48=5
Column_22=3
Column_49=3
Column_18=2
Column_32=1

parameters:
[boosting: gbdt]
[objective: regression]
[metric: rmse]
[tree_learner: serial]
[device_type: cpu]
[data_sample_strategy: bagging]
[data: ]
[valid: ]
[num_iterations: 1000]
[learning_rate: 0.0529975]
[num_leaves: 126]
[num_threads: 0]
[seed: 42]
[deterministic: 0]
[force_col_wise: 0]
[force_row_wise: 0]
[histogram_pool_size: -1]
[max_depth: 9]
[min_data_in_leaf: 11]
[min_sum_hessian_in_leaf: 0.001]
[bagging_fraction: 0.99809]
[pos_bagging_fraction: 1]
[neg_bagging_fraction: 1]
[bagging_freq: 0]
[bagging_seed: 400]
[bagging_by_query: 0]
[feature_fraction: 0.925341]
[feature_fraction_bynode: 1]
[feature_fraction_seed: 30056]
[extra_trees: 0]
[extra_seed: 12879]
[early_stopping_round: 0]
[early_stopping_min_delta: 0]
[first_metric_only: 0]
[max_delta_step: 0]
[lambda_l1: 0.131792]
[lambda_l2: 5.99641]
[linear_lambda: 0]
[min_gain_to_split: 0]
[drop_rate: 0.1]
[max_drop: 50]
[skip_drop: 0.5]
[xgboost_dart_mode: 0]
[uniform_drop: 0]
[drop_seed: 17869]
[top_rate: 0.2]
[other_rate: 0.1]
[min_data_per_group: 100]
[max_cat_threshold: 32]
[cat_l2: 10]
[cat_smooth: 10]
[max_cat_to_onehot: 4]
[top_k: 20]
[monotone_constraints: ]
[monotone_constraints_method: basic]
[monotone_penalty: 0]
[feature_contri: ]
[forcedsplits_filename: ]
[refit_decay_rate: 0.9]
[cegb_tradeoff: 1]
[cegb_penalty_split: 0]
[cegb_penalty_feature_lazy: ]
[cegb_penalty_feature_coupled: ]
[path_smooth: 0]
[interaction_constraints: ]
[verbosity: -1]
[saved_feature_importance_type: 0]
[use_quantized_grad: 0]
[num_grad_quant_bins: 4]
[quant_train_renew_leaf: 0]
[stochastic_rounding: 1]
[linear_tree: 0]
[max_bin: 255]
[max_bin_by_feature: ]
[min_data_in_bin: 3]
[bin_construct_sample_cnt: 200000]
[data_random_seed: 175]
[is_enable_sparse: 1]
[enable_bundle: 1]
[use_missing: 1]
[zero_as_missing: 0]
[feature_pre_filter: 1]
[pre_partition: 0]
[two_round: 0]
[header: 0]
[label_column: ]
[weight_column: ]
[group_column: ]
[ignore_column: ]
[categorical_feature: ]
[forcedbins_filename: ]
[precise_float_parser: 0]
[parser_config_file: ]
[objective_seed: 16083]
[num_class: 1]
[is_unbalance: 0]
[scale_pos_weight: 1]
[sigmoid: 1]
[boost_from_average: 1]
[reg_sqrt: 0]
[alpha: 0.9]
[fair_c: 1]
[poisson_max_delta_step: 0.7]
[tweedie_variance_power: 1.5]
[lambdarank_truncation_level: 30]
[lambdarank_norm: 1]
[label_gain: ]
[lambdarank_position_bias_regularization: 0]
[eval_at: ]
[multi_error_top_k: 1]
[auc_mu_weights: ]
[num_machines: 1]
[local_listen_port: 12400]
[time_out: 120]
[machine_list_filename: ]
[machines: ]
[gpu_platform_id: -1]
[gpu_device_id: -1]
[gpu_use_dp: 0]
[num_gpu: 1]

end of parameters

pandas_categorical:null
