tree
version=v4
num_class=1
num_tree_per_iteration=1
label_index=0
max_feature_idx=53
objective=regression
feature_names=Column_0 Column_1 Column_2 Column_3 Column_4 Column_5 Column_6 Column_7 Column_8 Column_9 Column_10 Column_11 Column_12 Column_13 Column_14 Column_15 Column_16 Column_17 Column_18 Column_19 Column_20 Column_21 Column_22 Column_23 Column_24 Column_25 Column_26 Column_27 Column_28 Column_29 Column_30 Column_31 Column_32 Column_33 Column_34 Column_35 Column_36 Column_37 Column_38 Column_39 Column_40 Column_41 Column_42 Column_43 Column_44 Column_45 Column_46 Column_47 Column_48 Column_49 Column_50 Column_51 Column_52 Column_53
feature_infos=[-2.3860614442315784:2.2241517345110151] [-2.7471174400941529:3.0162737457046975] [-2.3388262167655554:2.3682540554418452] [-2.9913287778074964:5.4497228503153083] [-2.3979368466202819:2.2185354539968141] [-4.3479117513954924:2.4122349837747081] [-3.0896286397862602:2.5388632494671182] [-3.4520855958974139:2.8707873799985273] [-1.8385573390688419:5.8473620258965502] [-3.2694646109543357:2.6529039104727006] [-2.8263445368379383:2.3476012157692288] [-1.8385573390688419:5.8473620258965502] [-2.6563759516088141:3.0292207508517799] [-6.2854712054210768:5.8016188703625646] [-1.8734667108427325:2.1028068041907839] [-1.4706683784168755:5.8579702714542918] [-1.4236382869424618:6.5987378972508353] [-1.8629031587281213:2.5095305597150408] [-1.6309030514807239:3.23711311537404] [-1.8325097201601672:11.884285172726242] [-2.386061444231582:2.224151734511012] [-2.7471174400941534:3.0162737457046975] [-2.3388262167655549:2.3682540554418421] [-2.9913287778075062:5.449722850315303] [-2.3736022445566456:2.2262331816951049] [-1.8652415475283:2.3786032230001952] [-3.6035419535495192:2.7565077153535937] [-1.8325097201601774:11.884285172726228] [-1.8321177536900404:11.883510524330287] [-2.1693052153364474:10.074331732664341] [-7.9977700562127723:2.9195450420513973] [-3.5155345318938003:2.7411597883815264] [-1.865241547528302:2.3786032230001921] [-1.590190129462759:2.598665431376189] [-1.8361820104131108:2.6942700687227594] [-2.2822075105070931:2.337184013125158] [-1.7318634470939274:4.9868380263870895] [-0.82303512142318946:2.1126384155728335] [-13.249702630323796:0.32976043829663121] [-1.4909311853317471:3.1213095313064838] none [-3.6526846651685991:0.27377123723157154] [-4.2181872229994228:0.23706866175771926] [-1.1065666703449777:0.90369611411506501] [-1.5084483881382889:1.4434524073208403] [-1.5604059701819188:1.8462755109870455] [-2.612815015755678:0.94310462543735052] [-2.5097652257917598:1.0439242520932099] [-0.49713135899949407:2.0115407766923972] [-0.49713135899949473:2.0115407766923998] [-0.49713135899949434:2.0115407766923981] [-0.51429676266996505:1.944402672901359] [-0.49425928159511995:2.0232295826043223] [-1.424660333114889:1.41424234164787]
tree_sizes=803 1378 1170 1213 1465 1470 1450 1382 1393 1575 1801 1436 1781 1877 1491 1795 1775 1383 1597 1679 1936 1878 1791 1753 1782 1754 1986 1804 1872 1568 2100 2211 2165 2133 2089 2205 2035 2399 1861 2131 2137 2065 2127 2104 2245 2416 2236 1942 2082 2139 2163 2346 2105 2334 2560 2410 2552 2540 2488 2452 2758 2460 2973 2557 2836 2848 2559 2468 2605 2505 2738 2669 2478 2801 2832 2430 2886 2431 2321 2940 2615 3022 2930 2807 2726 3049 2724 2959 2873 2866 2107 2997 2128 2315 2026 2727 2204 1889 2239 2673 2443 1881 2536 2436 1843 2106 2066 2735 2474 2419 2351 2172 1491 2902 1518 1674 2520 1928 1578 2206 2581 1921 1521 1690 1883 2107 1523 1973 1897 1568 2450 1822 1635 1754 2792 1767 1697 2513 2612 1709 1400 2285 1786 1883 1155 1841 1631 3034 1384 2264 1915 2024 1345 2035 2117 2112 1796 1809 1861 1549 2521 2312 1779 2000 2775 2425 1860 1843 1602 3287 1414 1598 2696 2484 2323 2042 1980 1411 1396 2468 2165 1625 2036 1407 2435 1751 1622 1587 1323 2557 1400 1709 2065 2100 1680 2272 1788 1441 1621 1837 1526 3037 1245 1764 2130 1691 2629 2197 2076 1687 3454 2089 2512 2183 1467 3187 2097 2030 2094 1838 1593 1787 2268 2554 3216 2046 1436 1599 2767 1397 2062 2127 1605 2641 2281 1283 2300 2141 1713

Tree=0
num_leaves=8
num_cat=0
split_feature=37 37 37 13 37 37 37
split_gain=6559.52 887.018 181.681 99.193 86.6293 10.9632 4.63815
threshold=-0.68463908325052059 0.77900386590892634 -0.81674439241534058 -0.28132988415772758 -0.068147640481356228 1.3346849282688862 -0.44978520029083774
decision_type=2 2 2 2 2 2 2
left_child=2 4 3 -1 6 -3 -2
right_child=1 5 -4 -5 -6 -7 -8
leaf_value=85.3594035492156 85.487802001087729 85.667837172291499 85.4705374198318 85.25865195693514 85.594995231311984 85.788750414652384 85.520422707315063
leaf_weight=64 22 44 15.999999999999998 181 100 84 34
leaf_count=64 22 44 16 181 100 84 34
internal_value=85.482 85.6565 85.2924 85.2814 85.5665 85.7574 85.5095
internal_weight=545 284 261 245 156 128 56
internal_count=545 284 261 245 156 128 56
is_linear=0
shrinkage=1


Tree=1
num_leaves=14
num_cat=0
split_feature=37 37 29 30 37 37 29 30 37 37 30 30 37
split_gain=5921.82 803.066 264.955 78.5224 78.2246 69.393 47.066 103.524 8.717 5.74449 4.71681 0.369353 0.224329
threshold=-0.68463908325052059 0.77900386590892634 0.34963447586933422 -0.051831333479093196 -0.017821808418565357 -0.81674439241534058 -0.31953540702733996 0.69640676084656972 1.382913850662393 -0.40155627789733084 -0.017993314836550849 0.90938718312148792 -0.56511523210139514
decision_type=2 2 2 2 2 2 2 2 2 2 2 2 2
left_child=2 4 5 -4 9 6 11 10 -3 12 -8 -1 -2
right_child=1 8 3 -5 -6 -7 7 -9 -10 -11 -12 -13 -14
leaf_value=-0.037607851287464418 0.00066135027535153747 0.18039083870804859 -0.1690640009396577 -0.31136198920147351 0.10977694646253491 -0.010404570051647199 -0.05394172209779368 -0.2478132964350207 0.29358745259868774 0.041853187930312404 -0.12356307585966753 -0.084708103460898479 0.01098912041039218
leaf_weight=19 12.000000000000002 47 55 47 94 13.999999999999998 18 27 81 37 63 18 12.999999999999998
leaf_count=19 12 47 55 47 94 14 18 27 81 37 63 18 13
internal_value=0.000157397 0.16598 -0.179927 -0.248345 0.0803626 -0.128563 -0.139059 -0.157994 0.262008 0.0299157 -0.112956 -0.069302 0.00734409
internal_weight=545 284 261 102 156 159 145 108 128 62 81 37 25
internal_count=545 284 261 102 156 159 145 108 128 62 81 37 25
is_linear=0
shrinkage=0.0529975


Tree=2
num_leaves=11
num_cat=0
split_feature=37 37 29 37 37 29 47 48 37 37
split_gain=5374.21 727.106 238.424 74.9126 63.1828 42.0619 23.7617 13.0148 6.76889 0.332131
threshold=-0.68463908325052059 0.84820188499526061 0.34963447586933422 0.022019475297808743 -0.81674439241534058 -0.31953540702733996 0.66068322996836037 1.0000000180025095e-35 -0.36590881351952459 -0.56511523210139514
decision_type=2 2 2 2 2 2 2 2 2 2
left_child=2 3 4 8 5 -1 7 -7 9 -2
right_child=1 -3 -4 -5 -6 6 -8 -9 -10 -11
leaf_value=-0.066541814873305488 0.00063797900124611053 0.25122073311341747 -0.23660032451627683 0.10840496666628101 -0.010018508964648058 -0.17372269729404455 -0.054943952993642207 -0.06822294949770305 0.044480760180022449 0.012623308557383891
leaf_weight=37 12.000000000000002 125 102 91 13.999999999999998 78 14.999999999999998 14.999999999999998 40 15.999999999999998
leaf_count=37 12 125 102 91 14 78 15 15 40 16
internal_value=-5.90087e-05 0.157888 -0.171637 0.0780075 -0.122836 -0.132852 -0.150813 -0.16194 0.0317458 0.00871073
internal_weight=545 284 261 159 159 145 108 93 68 28
internal_count=545 284 261 159 159 145 108 93 68 28
is_linear=0
shrinkage=0.0529975


Tree=3
num_leaves=12
num_cat=0
split_feature=37 37 29 37 37 13 47 29 37 37 37
split_gain=4858.67 742.804 185.782 75.7286 38.0476 32.1635 19.3418 13.2496 3.98279 3.58144 0.264673
threshold=-0.78948456671466416 0.67415838244478266 0.17116908538165884 -0.18557458196119755 1.4563056890872954 -0.28132988415772758 0.31228230076395158 -0.34583423269224073 -0.52737085805430506 0.1436402361162151 -0.63011943184916475
decision_type=2 2 2 2 2 2 2 2 2 2 2
left_child=2 3 6 8 -3 -4 7 -1 10 -5 -2
right_child=1 4 5 9 -6 -7 -8 -9 -10 -11 -12
leaf_value=-0.065055332317845355 -0.0059668567414649411 0.16183929329703173 -0.07730825199602917 0.055948622367552263 0.26867136730433056 -0.223999756949217 -0.038138329163792208 -0.13661147825250605 0.023621839518834269 0.10149015397441863 0.0026859073511836611
leaf_weight=29 16.000000000000004 59 12.999999999999998 38 78 124 17 65 31 63 11.999999999999998
leaf_count=29 16 59 13 38 78 124 17 65 31 63 12
internal_value=-0.000167011 0.143135 -0.171138 0.0618626 0.231428 -0.213955 -0.109975 -0.11983 0.0121701 0.0885168 -0.00223341
internal_weight=545 297 248 160 137 137 111 94 59 101 28
internal_count=545 297 248 160 137 137 111 94 59 101 28
is_linear=0
shrinkage=0.0529975


Tree=4
num_leaves=15
num_cat=0
split_feature=37 37 29 37 30 29 30 37 30 30 37 17 37 37
split_gain=4396.23 671.237 170.237 64.9066 50.3727 66.3875 44.6937 41.4229 38.4334 5.67241 3.63968 2.2149 1.87599 0.245593
threshold=-0.78948456671466416 0.6531892857519549 0.41037723249571229 -0.18557458196119755 0.12619616011821214 -0.30060901107959576 0.007903202474750343 1.2738745478596842 0.56564965927232158 0.90938718312148792 -0.52737085805430506 -0.43258160506111371 0.11847732008481973 -0.63011943184916475
decision_type=2 2 2 2 2 2 2 2 2 2 2 2 2 2
left_child=2 3 4 10 11 9 -4 -3 -7 -6 13 -1 -5 -2
right_child=1 7 6 12 5 8 -8 -9 -10 -11 -12 -13 -14 -15
leaf_value=-0.066065505315505355 -0.0057368349314420074 0.14585502854845658 -0.15768858057737706 0.051861490916338057 -0.029248339207794443 -0.10942177856729764 -0.28599522036196529 0.25035026063788302 -0.21810527858426954 -0.085227096884248593 0.022572849470541688 -0.022325495075522683 0.093764974146013327 0.0025909907059512081
leaf_weight=25 16.000000000000004 53 55 35 19 47 36 87 33 19 31 13.999999999999998 63 11.999999999999998
leaf_count=25 16 53 55 35 19 47 36 87 33 19 31 14 63 12
internal_value=-0.000118744 0.136192 -0.162751 0.0574559 -0.12083 -0.138607 -0.223062 0.218455 -0.166417 -0.0651976 0.0116245 -0.0555868 0.0827198 -0.00213483
internal_weight=545 297 248 157 157 118 91 140 80 38 59 39 98 28
internal_count=545 297 248 157 157 118 91 140 80 38 59 39 98 28
is_linear=0
shrinkage=0.0529975


Tree=5
num_leaves=15
num_cat=0
split_feature=37 37 29 37 37 30 30 29 30 30 37 47 37 37
split_gain=3993.98 623.549 143.078 56.2151 49.5956 41.6855 40.7487 62.276 30.6895 5.21207 3.09524 1.37246 0.766613 0.292524
threshold=-0.81674439241534058 0.61125109236629682 0.41037723249571229 -0.20864058832330609 1.4563056890872954 0.007903202474750343 0.12619616011821214 -0.30060901107959576 0.56564965927232158 0.90938718312148792 -0.52737085805430506 1.0000000180025095e-35 0.074442217029880728 -0.63011943184916475
decision_type=2 2 2 2 2 2 2 2 2 2 2 2 2 2
left_child=2 3 6 10 -3 -4 11 9 -9 -8 13 -1 -5 -2
right_child=1 4 5 12 -6 -7 7 8 -10 -11 -12 -13 -14 -15
leaf_value=-0.020114762735238746 -0.0064039300322379488 0.14436357581559439 -0.15015304828747911 0.046167357119053107 0.24312820595970316 -0.27300236812258571 -0.028070101920982169 -0.10612730548907287 -0.20832365506036155 -0.081793817314456244 0.019590426596550435 -0.063059035128851276 0.083808208149128538 0.0024994284432743184
leaf_weight=10.999999999999998 19.000000000000004 68 55 32 78 36 19 46 33 19 28 26 63 11.999999999999998
leaf_count=11 19 68 55 32 78 36 19 46 33 19 28 26 63 12
internal_value=-0.000351893 0.128171 -0.157057 0.0506357 0.204684 -0.212698 -0.117395 -0.133413 -0.160584 -0.0625776 0.008476 -0.0550401 0.0746922 -0.00292217
internal_weight=545 300 245 154 146 91 154 117 79 38 59 37 95 31
internal_count=545 300 245 154 146 91 154 117 79 38 59 37 95 31
is_linear=0
shrinkage=0.0529975


Tree=6
num_leaves=15
num_cat=0
split_feature=37 37 29 30 37 29 37 30 29 37 29 37 30 37
split_gain=3628.35 563.852 131.081 71.0059 63.3702 28.6047 23.351 23.3422 40.8885 4.43603 3.53461 2.65839 2.1373 0.366233
threshold=-0.81674439241534058 0.71819348549972462 0.17116908538165884 0.36035248426005978 -0.14783020791410453 0.69848664362485546 1.5590542628821551 0.71883599648285379 -0.31953540702733996 -0.49382030334577687 -0.26151545470841348 0.20235370685613588 0.17063488048219541 -0.63011943184916475
decision_type=2 2 2 2 2 2 2 2 2 2 2 2 2 2
left_child=2 4 7 5 9 -4 -3 10 -9 13 -1 -6 -12 -2
right_child=1 6 3 -5 11 -7 -8 8 -10 -11 12 -13 -14 -15
leaf_value=-0.025627672159216099 -0.0061459547747658005 0.14455583951593287 -0.09944235008891654 -0.25716694818154345 0.052226336400899367 -0.18567633749133722 0.23534942014431179 -0.06098597137936259 -0.18306233878232661 0.023948040604406157 -0.034661489847830719 0.092136985090213841 -0.084673127587747088 0.0033246342043030761
leaf_weight=14.999999999999998 19 63 57 39 43 41 71 25 19 32 17 57 32 14.999999999999998
leaf_count=15 19 63 57 39 43 41 71 25 19 32 17 57 32 15
internal_value=-0.000563846 0.121937 -0.149922 -0.185852 0.0535086 -0.144213 0.200733 -0.0969034 -0.129474 0.0114744 -0.065238 0.0789667 -0.0731202 -0.00192109
internal_weight=545 300 245 137 166 98 134 108 44 66 64 100 49 34
internal_count=545 300 245 137 166 98 134 108 44 66 64 100 49 34
is_linear=0
shrinkage=0.0529975


Tree=7
num_leaves=14
num_cat=0
split_feature=37 37 29 37 30 37 30 29 30 29 17 37 37
split_gain=3298.61 510.823 119.271 51.3106 40.6948 40.6529 34.657 80.1177 9.12333 13.7123 4.59326 2.57749 0.156152
threshold=-0.81674439241534058 0.55463453129565721 0.41037723249571229 1.204676528773347 0.007903202474750343 -0.20864058832330609 0.69640676084656972 -0.31953540702733996 -0.017993314836550849 -0.19322199846525803 0.92065541692549002 -0.56511523210139514 -0.68463908325052059
decision_type=2 2 2 2 2 2 2 2 2 2 2 2 2
left_child=2 5 6 -3 -4 11 8 -8 -1 -10 -11 12 -2
right_child=1 3 4 -5 -6 -7 7 -9 9 10 -12 -13 -14
leaf_value=-0.034924943458204433 -0.0062822717646728813 0.11975378630633333 -0.13567805493979737 0.21273368193216957 -0.25074238348213379 0.06470351527426986 -0.056797239073210735 -0.1995731159535114 -0.030788929949892165 -0.11204441473412341 -0.042147012290075711 0.016949331104011575 0.00053548592107935031
leaf_weight=23 16.000000000000004 59 55 93 36 89 26 29 17 45 13.999999999999998 31 11.999999999999998
leaf_count=23 16 59 55 93 36 89 26 29 17 45 14 31 12
internal_value=-0.000757882 0.116045 -0.143166 0.182602 -0.193957 0.0431965 -0.106965 -0.144412 -0.0790345 -0.088768 -0.100985 0.00766987 -0.00357585
internal_weight=545 300 245 152 91 148 154 55 99 76 59 59 28
internal_count=545 300 245 152 91 148 154 55 99 76 59 59 28
is_linear=0
shrinkage=0.0529975


Tree=8
num_leaves=14
num_cat=0
split_feature=37 37 29 19 29 37 19 29 19 37 37 19 37
split_gain=2995.24 461.954 109.008 91.3713 71.5034 66.0811 48.2622 11.5827 21.1199 7.23814 4.28451 0.380109 0.303825
threshold=-0.81674439241534058 0.90901226540446534 0.17116908538165884 -0.26555031205959151 0.69848664362485546 -0.087019827504899783 -0.95772725582126561 -0.30060901107959576 -0.27139899128830619 0.27574554528103529 -0.49382030334577687 -0.61139804268437181 -0.63011943184916475
decision_type=2 2 2 2 2 2 2 2 2 2 2 2 2
left_child=2 5 6 -4 -5 10 -1 11 -9 -7 12 -8 -2
right_child=1 -3 3 4 -6 9 7 8 -10 -11 -12 -13 -14
leaf_value=-0.16822565498184439 -0.0056886626521961631 0.18924863183489585 -0.25888035498579492 -0.08159199232071529 -0.18285154730125744 0.050850258991928604 -0.037048705557023685 -0.10252250251962675 -0.028636310773930966 0.093638324385966226 0.023131548433862281 -0.012718351381801744 0.0029298996236545825
leaf_weight=14.999999999999998 19 119 29 61 47 50 19 38 23 62 35 12.999999999999998 14.999999999999998
leaf_count=15 19 119 29 61 47 50 19 38 23 62 35 13 15
internal_value=-0.000981756 0.110323 -0.136681 -0.16945 -0.13302 0.0539909 -0.088325 -0.0659581 -0.0798245 0.0781506 0.011569 -0.0309153 -0.00184252
internal_weight=545 300 245 137 108 181 108 93 61 112 69 32 34
internal_count=545 300 245 137 108 181 108 93 61 112 69 32 34
is_linear=0
shrinkage=0.0529975


Tree=9
num_leaves=16
num_cat=0
split_feature=37 37 29 19 29 19 37 37 19 29 29 37 37 37 37
split_gain=2720.42 417.305 99.4982 52.0379 82.2544 51.9932 49.8656 33.2889 20.4841 19.5168 1.86017 1.74928 0.291588 0.0843381 0.0430884
threshold=-0.81674439241534058 0.55463453129565721 0.41037723249571229 -0.592058405594727 -0.31953540702733996 0.1123312941378672 1.5988955465985291 -0.30090461377175504 0.044058632693227386 1.0000000180025095e-35 -0.27712259344990625 -0.57350287077852791 0.049279300998485126 -0.44978520029083774 -0.7098019992819159
decision_type=2 2 2 2 2 2 2 2 2 2 2 2 2 2 2
left_child=2 7 3 4 -1 -4 -3 11 9 10 -5 14 -9 -13 -2
right_child=1 6 5 8 -6 -7 -8 12 -10 -11 -12 13 -14 -15 -16
leaf_value=-0.055690756788947589 -0.0058426397222513587 0.12017346073481806 -0.23428055316731419 -0.013275127570979163 -0.19928770675276777 -0.11994260168975347 0.2060639081200881 0.035823363570004138 -0.01275869214505513 -0.10376156595718614 -0.048879135557502465 0.0049768767632808047 0.064882236460347631 0.015953915287531449 -0.00059183394177128883
leaf_weight=27 13.000000000000002 84 36 11.999999999999998 27 55 68 32 19 42 27 13.000000000000002 60 18 11.999999999999998
leaf_count=27 13 84 36 12 27 55 68 32 19 42 27 13 60 18 12
internal_value=-0.00123072 0.104848 -0.130552 -0.0974968 -0.140348 -0.176934 0.165005 0.0390001 -0.0676608 -0.0786917 -0.0413083 0.0056254 0.0576566 0.0130922 -0.00414966
internal_weight=545 300 245 154 54 91 152 148 100 81 39 56 92 31 25
internal_count=545 300 245 154 54 91 152 148 100 81 39 56 92 31 25
is_linear=0
shrinkage=0.0529975


Tree=10
num_leaves=18
num_cat=0
split_feature=37 37 29 37 28 29 28 28 29 28 29 37 37 30 28 37 28
split_gain=2471.99 379.307 94.6987 59.0649 51.3747 79.3246 23.4971 23.3522 8.86059 10.205 6.57558 6.12649 4.81322 4.44154 0.621675 0.396937 0.244475
threshold=-0.81674439241534058 0.94675663945155553 0.67528232375896413 -0.04088781478067683 0.035246431409356176 0.092064071066336753 -0.9595310585171114 -0.26708089053454231 -0.30060901107959576 -0.27208147962454932 0.37014666599639606 0.29252082263530083 -0.44978520029083774 -0.72758761312421016 0.19291431746378793 -0.60495651581777243 -0.61459076474149843
decision_type=2 2 2 2 2 2 2 2 2 2 2 2 2 2 2 2 2
left_child=2 3 4 12 5 6 -1 -7 16 -10 -6 -5 15 -4 -12 -2 -8
right_child=1 -3 13 11 10 7 8 -9 9 -11 14 -13 -14 -15 -16 -17 -18
leaf_value=-0.13835469431410677 -0.004836099319137508 0.17481812909117597 -0.088965893893322462 0.047421081047722004 -0.009874386658049435 -0.20742195619387574 -0.033312799479472466 -0.094288485462426519 -0.086756516989888122 -0.021084252489744562 -0.068456984887635186 0.087768466711249757 0.025029452712474268 -0.20943746184842862 -0.022831360319709965 0.0046500481809789267 -0.011657277991582121
leaf_weight=12.999999999999998 22 112 14.999999999999998 47 18 28 19 28 35 13.999999999999998 11.000000000000002 66 37 40 10.999999999999998 15.999999999999998 12.999999999999998
leaf_count=13 22 112 15 47 18 28 19 28 35 14 11 66 37 40 11 16 13
internal_value=-0.00136732 0.0997531 -0.124641 0.0509762 -0.100865 -0.115129 -0.0768892 -0.165559 -0.0580876 -0.0724647 -0.0391877 0.0742808 0.0128779 -0.188672 -0.0556699 -0.000593785 -0.0279272
internal_weight=545 300 245 188 190 150 94 56 81 49 40 113 75 55 22 38 32
internal_count=545 300 245 188 190 150 94 56 81 49 40 113 75 55 22 38 32
is_linear=0
shrinkage=0.0529975


Tree=11
num_leaves=15
num_cat=0
split_feature=37 37 29 37 19 29 19 29 37 19 29 37 37 37
split_gain=2250.94 341.826 85.4161 55.8226 47.1147 92.4094 16.6521 33.8337 7.56078 5.8368 3.31184 1.32429 1.17822 0.488917
threshold=-0.81674439241534058 0.99708247151434348 0.67528232375896413 0.074442217029880728 -0.592058405594727 -0.31953540702733996 0.18531090310476403 0.17446000710872947 -0.40155627789733084 0.33105089177526276 -0.26151545470841348 0.34913738370593445 1.7603575911333127 -0.60495651581777243
decision_type=2 2 2 2 2 2 2 2 2 2 2 2 2 2
left_child=2 3 4 8 5 -1 7 10 13 -4 -6 -5 -3 -2
right_child=1 12 9 11 6 -7 -8 -9 -10 -11 -12 -13 -14 -15
leaf_value=-0.050684785489939682 -0.004634694001752075 0.12489418340332244 -0.22057122474566274 0.047609859329640986 -0.013233160431010348 -0.19673650562175163 -0.016526465384415302 -0.11074005502762452 0.030177979059916316 -0.1122725899968445 -0.05238077106410375 0.085480271837882454 0.19909608811296259 0.0055572466100377799
leaf_weight=27 22 59 26 35 12.999999999999998 30 17 54 50 29 49 65 50 19
leaf_count=27 22 59 26 35 13 30 17 54 50 29 49 65 50 19
internal_value=-0.00167883 0.0948178 -0.119308 0.0494101 -0.0966617 -0.139075 -0.0732188 -0.0802492 0.0175163 -0.180234 -0.046166 0.0757347 0.167599 4.62113e-05
internal_weight=545 300 245 191 190 57 133 116 91 55 62 100 109 41
internal_count=545 300 245 191 190 57 133 116 91 55 62 100 109 41
is_linear=0
shrinkage=0.0529975


Tree=12
num_leaves=18
num_cat=0
split_feature=37 37 29 37 19 29 19 29 19 37 19 29 19 19 19 37 37
split_gain=2048.67 310.237 78.7832 52.9535 45.223 98.8695 12.4273 8.95083 13.767 7.48115 5.46294 3.9178 3.30539 3.26794 2.58106 0.692382 0.575748
threshold=-0.81674439241534058 1.0390206649000016 0.67528232375896413 0.10170204273055711 -0.27139899128830619 -0.10741717961323992 -0.95772725582126561 0.26696810119628295 0.19532064279088537 -0.36590881351952459 0.33105089177526276 -0.50026514361871988 -0.44438029562472414 -0.50025667382205452 0.036099156447675855 0.34913738370593445 -0.60495651581777243
decision_type=2 2 2 2 2 2 2 2 2 2 2 2 2 2 2 2 2
left_child=2 3 4 9 5 6 -1 14 -9 16 -4 -8 -7 -13 -6 -5 -2
right_child=1 -3 10 15 7 12 11 8 -10 -11 -12 13 -14 -15 -16 -17 -18
leaf_value=-0.10782460141347795 -0.0044416764752238692 0.16113463011169585 -0.21107225685482539 0.045512269622824737 -0.035527113987282304 -0.19958996128668746 -0.0076965805377952551 -0.086045061521353702 -0.014510782444973254 0.030387389434274974 -0.10734194456766553 -0.057578719589389316 -0.089530125091328988 -0.013280099119783187 -0.0028768728140485251 0.082207299468785577 0.0062807884817798615
leaf_weight=10.999999999999998 22 106 26 32 23 28 10.999999999999998 35 12.999999999999998 50 29 28.999999999999996 18 11.000000000000002 10.999999999999998 68 22
leaf_count=11 22 106 26 32 23 28 11 35 13 50 29 29 18 11 11 68 22
internal_value=-0.00175556 0.0903046 -0.113974 0.0478978 -0.0922622 -0.115555 -0.062138 -0.0557205 -0.0705635 0.0175314 -0.172422 -0.0418543 -0.171949 -0.0488679 -0.0271534 0.0737698 0.000890141
internal_weight=545 300 245 194 190 108 62 82 48 94 55 51 46 40 34 100 44
internal_count=545 300 245 194 190 108 62 82 48 94 55 51 46 40 34 100 44
is_linear=0
shrinkage=0.0529975


Tree=13
num_leaves=19
num_cat=0
split_feature=43 39 29 19 29 39 19 19 39 29 29 19 19 39 29 16 39 16
split_gain=1866.53 277.333 74.0819 43.1788 75.1191 31.987 21.9709 19.96 13.8431 8.56214 6.46724 8.15014 3.56313 1.44045 0.506469 0.362908 0.212884 0.0703149
threshold=1.0000000180025095e-35 0.77466986113471048 0.7731741465887918 0.044058632693227386 0.092064071066336753 -0.043054272318594086 -0.95772725582126561 -0.26555031205959151 1.4493800370583283 0.37014666599639606 -0.30060901107959576 -0.27139899128830619 0.33105089177526276 -0.4449525141229505 -0.50026514361871988 -0.2297321685622519 0.24887667716674952 0.56449160595542192
decision_type=2 2 2 2 2 2 2 2 2 2 2 2 2 2 2 2 2 2
left_child=2 5 3 4 6 13 -1 -6 -3 -5 14 -12 -11 17 -8 -15 -7 -2
right_child=1 8 -4 9 7 16 10 -9 -10 12 11 -13 -14 15 -16 -17 -18 -19
leaf_value=-0.12463112233266577 -0.00062901890946537667 0.100703672791268 -0.17448317599491975 -0.0049786903686918991 -0.18925555266299823 0.038907263787087844 -0.0074325900374771128 -0.090257770153576389 0.16907314379434812 -0.06616579292013447 -0.074483321848223219 -0.017040108406751651 -0.015867274127055242 0.0065415171659942836 -0.028508296388462747 0.0209895065241478 0.06603055676861605 0.0037336115457561763
leaf_weight=12.999999999999998 18.000000000000004 57 43 17 29 41 10.999999999999998 33 69 18.000000000000004 35 13.999999999999998 10.999999999999998 17 21 24 63 10.999999999999998
leaf_count=13 18 57 43 17 29 41 11 33 69 18 35 14 11 17 21 24 63 11
internal_value=-0.00202008 0.0858557 -0.109131 -0.0905571 -0.103969 0.0401882 -0.0668596 -0.149272 0.144177 -0.0381928 -0.049556 -0.0618454 -0.0532744 0.0109925 -0.0237637 0.0167465 0.0581051 0.00118238
internal_weight=545 300 245 202 156 174 94 62 126 46 81 49 29 70 32 41 104 29
internal_count=545 300 245 202 156 174 94 62 126 46 81 49 29 70 32 41 104 29
is_linear=0
shrinkage=0.0529975


Tree=14
num_leaves=15
num_cat=0
split_feature=37 37 29 38 19 29 37 37 19 29 29 37 37 37
split_gain=1700.25 254.904 67.433 52.2132 41.843 56.1975 34.7976 24.8488 16.1343 18.9729 2.13215 1.60312 0.242039 0.14178
threshold=-0.81674439241534058 0.62592946005127559 0.42990594242352781 0.13090962736835629 -0.68361382853397312 -0.54213609959460229 1.8001988748496838 -0.18557458196119755 0.036099156447675855 1.0000000180025095e-35 -0.35880181257487692 -0.52737085805430506 0.1771907908247404 -0.63011943184916475
decision_type=2 2 2 2 2 2 2 2 2 2 2 2 2 2
left_child=2 7 4 -4 5 -1 -3 11 9 10 -6 13 -9 -2
right_child=1 6 3 -5 8 -7 -8 12 -10 -11 -12 -13 -14 -15
leaf_value=-0.022331739088161263 -0.0047877537481794824 0.10064574401570536 -0.093573479390489545 -0.19899476651335346 -0.0087281311140458024 -0.16043294156076549 0.17625858703374175 0.03380308231145198 -0.010244457324082842 -0.089081357699345554 -0.040784046450158949 0.013425074499558499 0.057609929183115624 0.0013770772452999537
leaf_weight=13.999999999999998 19.000000000000004 96 55 33 11.999999999999998 28 47 44 21 46 36 31 51 11.999999999999998
leaf_count=14 19 96 55 33 12 28 47 44 21 46 36 31 51 12
internal_value=-0.00213935 0.0817326 -0.104367 -0.143353 -0.0780014 -0.123086 0.131638 0.0330642 -0.0561941 -0.0651597 -0.0347587 0.00590892 0.0493144 -0.00237616
internal_weight=545 300 245 88 157 42 143 157 115 94 48 62 95 31
internal_count=545 300 245 88 157 42 143 157 115 94 48 62 95 31
is_linear=0
shrinkage=0.0529975


Tree=15
num_leaves=18
num_cat=0
split_feature=37 37 29 28 29 37 30 29 28 37 37 19 29 37 19 29 37
split_gain=1545.62 231.935 65.3513 39.8188 78.2397 39.4836 18.1037 16.0104 33.9715 5.64323 5.19513 2.74955 3.738 2.20039 0.633202 0.427328 0.176473
threshold=-0.81674439241534058 1.0390206649000016 0.7731741465887918 -0.57634309484549606 -0.31953540702733996 -0.087019827504899783 -0.72758761312421016 0.17446000710872947 0.14638654743062807 0.29252082263530083 1.8777845326131508 -0.15395302483745629 -0.19322199846525803 -0.49382030334577687 0.33746938443185265 -0.6328658389832057 -0.63011943184916475
decision_type=2 2 2 2 2 2 2 2 2 2 2 2 2 2 2 2 2
left_child=2 5 3 4 15 13 -4 11 -9 -7 -3 12 -5 16 -10 -1 -2
right_child=1 10 6 7 -6 9 -8 8 14 -11 -12 -13 -14 -15 -16 -17 -18
leaf_value=-0.016044642929099451 -0.0045948843138170188 0.10384065424602919 -0.061936038283182546 -0.012666134071612893 -0.16949573234409224 0.037002308477712346 -0.1857847818543506 -0.10062829895176052 -0.028906650634839676 0.069783669071983911 0.17009274368584129 -0.0079811242479907122 -0.05085713595323494 0.016133366656283444 -0.0067822062964132184 -0.048425895167259869 0.0019504848187526813
leaf_weight=11.000000000000002 19 62 12.999999999999998 15.999999999999998 33 53 30 54 17.000000000000004 72 44 12.999999999999998 30 35 10.999999999999998 17 14.999999999999998
leaf_count=11 19 62 13 16 33 53 30 54 17 72 44 13 30 35 11 17 15
internal_value=-0.00216911 0.0777988 -0.0996361 -0.0823581 -0.119559 0.0411375 -0.160647 -0.0619959 -0.0776319 0.0582677 0.139038 -0.0349999 -0.0407003 0.00783381 -0.0231497 -0.040984 -0.00167309
internal_weight=545 300 245 202 61 194 43 141 82 125 106 59 46 69 28 28 34
internal_count=545 300 245 202 61 194 43 141 82 125 106 59 46 69 28 28 34
is_linear=0
shrinkage=0.0529975


Tree=16
num_leaves=18
num_cat=0
split_feature=37 37 29 37 28 29 30 29 28 37 37 19 29 29 37 19 37
split_gain=1407.69 210.704 60.1771 37.2623 36.6469 71.0803 15.8825 14.38 30.512 5.20319 2.78844 2.48991 3.37668 2.38959 0.708805 0.573926 0.409117
threshold=-0.81674439241534058 1.0872495872935086 0.7731741465887918 0.10170204273055711 -0.57634309484549606 -0.25359189156537315 -0.72758761312421016 0.17446000710872947 0.14638654743062807 -0.36590881351952459 1.8777845326131508 -0.15395302483745629 -0.19322199846525803 -0.6328658389832057 0.38478484808374686 0.33746938443185265 -0.60495651581777243
decision_type=2 2 2 2 2 2 2 2 2 2 2 2 2 2 2 2 2
left_child=2 3 4 9 5 13 -4 11 -9 16 -3 12 -6 -1 -5 -10 -2
right_child=1 10 6 14 7 -7 -8 8 15 -11 -12 -13 -14 -15 -16 -17 -18
leaf_value=-0.015494316048453914 -0.0040537587556342403 0.09941614198179595 -0.059689722827079697 0.038787182243186474 -0.012177855698493013 -0.17219453961352038 -0.17757885375617807 -0.095828267310095111 -0.027774140968025638 0.024955161561360253 0.16215943008700237 -0.0076916621789556109 -0.048610827156097138 -0.058679041326001796 0.06879456628070689 -0.0065495778676708119 0.0049873545249421256
leaf_weight=10.999999999999998 22 59 12.999999999999998 36 15.999999999999998 27 30 54 17.000000000000004 50 44 12.999999999999998 30 23 67 10.999999999999998 22
leaf_count=11 22 59 13 36 16 27 30 54 17 50 44 13 30 23 67 11 22
internal_value=-0.00222782 0.0740899 -0.0952434 0.039844 -0.0786825 -0.114343 -0.153748 -0.0591722 -0.0740183 0.0142359 0.13373 -0.033506 -0.0389386 -0.0492998 0.0610815 -0.0222673 0.000383081
internal_weight=545 300 245 197 202 61 43 141 82 94 103 59 46 34 103 28 44
internal_count=545 300 245 197 202 61 43 141 82 94 103 59 46 34 103 28 44
is_linear=0
shrinkage=0.0529975


Tree=17
num_leaves=14
num_cat=0
split_feature=37 37 29 19 19 37 19 29 37 37 29 37 37
split_gain=1282.9 186.813 58.5334 56.4426 40.3102 31.8895 14.2999 26.1445 4.26481 2.72584 2.63382 0.548537 0.372224
threshold=-0.78948456671466416 1.0872495872935086 0.34963447586933422 -0.036067908672949726 -0.95772725582126561 0.10170204273055711 -0.047937934349164608 -0.020202083740976092 -0.33445516848028017 1.8777845326131508 -0.50026514361871988 0.38478484808374686 -0.60495651581777243
decision_type=2 2 2 2 2 2 2 2 2 2 2 2 2
left_child=2 5 4 -4 -1 8 7 10 12 -3 -6 -7 -2
right_child=1 9 3 -5 6 11 -8 -9 -10 -11 -12 -13 -14
leaf_value=-0.13533695985191721 -0.0031720544463971208 0.094633421394613823 -0.18991253576694397 -0.086301616539340528 -0.0039991926305870777 0.037025068845138551 -0.006213003822181748 -0.086513994092620283 0.024432730978308732 0.15459612724856789 -0.035440084901431218 0.065448128437820163 0.0054921656434993556
leaf_weight=15.999999999999998 19 59 26 74 10.999999999999998 36 20 46 47 44 55 67 25
leaf_count=16 19 59 26 74 11 36 20 46 47 44 55 67 25
internal_value=-0.00227877 0.0713745 -0.0901146 -0.122526 -0.0642514 0.0386615 -0.0500779 -0.057138 0.0142871 0.127408 -0.0310665 0.0581614 0.00167938
internal_weight=545 297 248 100 148 194 132 112 91 103 66 103 44
internal_count=545 297 248 100 148 194 132 112 91 103 66 103 44
is_linear=0
shrinkage=0.0529975


Tree=18
num_leaves=16
num_cat=0
split_feature=37 37 13 30 37 37 30 13 19 17 53 37 37 37 37
split_gain=1167.14 174.217 40.8663 31.4273 20.7592 18.3133 16.8014 14.1134 4.44937 3.29066 1.92994 1.42552 1.06421 0.070843 0.0081403
threshold=-0.81674439241534058 0.73916258219255215 0.37868236936917049 0.36035248426005978 -0.18557458196119755 1.7603575911333127 0.90938718312148792 -0.73447262538515012 0.18531090310476403 -0.025288034545233127 1.0000000180025095e-35 0.2275166228875313 -0.56511523210139514 -0.68463908325052059 -0.40155627789733084
decision_type=2 2 2 2 2 2 2 2 2 2 2 2 2 2 2
left_child=2 4 6 -4 12 -3 8 -8 9 10 -1 -6 13 -2 -14
right_child=1 5 3 -5 11 -7 7 -9 -10 -11 -12 -13 14 -15 -16
leaf_value=-0.013592859469664938 -0.0043996071482225027 0.083471164356114638 -0.083652150771230172 -0.1643735579080825 0.029169081186844401 0.14402097059015881 -0.035774352280906294 -0.1249360519784961 -0.016003581415803776 -0.062518508688999483 -0.044348575749508019 0.051912426724324216 0.0041518634970537328 0.0001079351342364946 0.012072867583041415
leaf_weight=22 16.000000000000004 81 80 29 50 50 14.999999999999998 18 19 50 11.999999999999998 57 12.999999999999998 11.999999999999998 21
leaf_count=22 16 81 80 29 50 50 15 18 19 50 12 57 13 12 21
internal_value=-0.00225399 0.067239 -0.0869487 -0.112641 0.0299125 0.111925 -0.0624212 -0.09632 -0.0467948 -0.0521515 -0.0296439 0.0434584 0.00466122 -0.00258405 0.0102954
internal_weight=545 300 245 109 169 131 136 33 103 84 34 107 62 28 34
internal_count=545 300 245 109 169 131 136 33 103 84 34 107 62 28 34
is_linear=0
shrinkage=0.0529975


Tree=19
num_leaves=17
num_cat=0
split_feature=37 37 29 28 29 37 35 19 29 37 37 37 29 36 29 37
split_gain=1061.66 158.467 55.8745 34.6218 61.5745 27.7603 15.8248 12.0149 24.7063 3.51984 3.02259 2.01735 1.42087 0.942826 0.658917 0.17815
threshold=-0.81674439241534058 1.0872495872935086 0.7731741465887918 -0.57634309484549606 -0.31953540702733996 -0.04088781478067683 -0.075187709818658785 0.18531090310476403 0.17446000710872947 1.9469825516994852 0.34913738370593445 -0.44978520029083774 -0.26151545470841348 0.16616971916445997 -0.6328658389832057 -0.60495651581777243
decision_type=2 2 2 2 2 2 2 2 2 2 2 2 2 2 2 2
left_child=2 5 3 4 14 11 -4 8 12 -3 -7 15 -5 -10 -1 -2
right_child=1 9 6 7 -6 10 -8 -9 13 -11 -12 -13 -14 -15 -16 -17
leaf_value=-0.011528576885618385 -0.0035482040089598074 0.087917094484869382 -0.051612158446576836 -0.00593609827575155 -0.14551458729835776 0.031845716079239951 -0.16085872504642168 -0.0089366144140575546 -0.084397458977536935 0.14468869115053687 0.058409308410673572 0.015779128331627444 -0.030777278120879326 -0.030752544969669476 -0.03962026258087837 0.0027802539041896644
leaf_weight=11.000000000000002 22 65 12.999999999999998 11.999999999999998 33 51 30 21 50 38 71 37 47 10.999999999999998 17 15.999999999999998
leaf_count=11 22 65 13 12 33 51 30 21 50 38 71 37 47 11 17 16
internal_value=-0.0022648 0.0640144 -0.0830413 -0.0675892 -0.101432 0.034319 -0.138332 -0.04936 -0.0556167 0.115734 0.0493716 0.00790485 -0.0268461 -0.0784463 -0.0327697 -0.000709074
internal_weight=545 300 245 202 61 197 43 141 120 103 122 75 59 61 28 38
internal_count=545 300 245 202 61 197 43 141 120 103 122 75 59 61 28 38
is_linear=0
shrinkage=0.0529975


Tree=20
num_leaves=19
num_cat=0
split_feature=37 37 29 27 29 37 30 27 37 29 27 27 29 27 27 29 37 37
split_gain=967.087 144.083 51.4173 32.2192 67.8857 26.6843 14.2849 11.0515 10.8974 9.34989 11.5076 8.70301 2.25799 2.0698 1.48955 1.58167 0.583765 0.0228038
threshold=-0.81674439241534058 0.53366543460282967 0.7731741465887918 -0.27139899128831813 -0.10741717961323992 1.6722873850234283 -0.72758761312421016 -0.95772725582127649 -0.30090461377175504 0.26696810119628295 0.19239656345116493 -0.44438029562473463 -0.50026514361871988 -0.50025667382206596 0.03609915644766503 0.061826384744403794 -0.57350287077852791 -0.7098019992819159
decision_type=2 2 2 2 2 2 2 2 2 2 2 2 2 2 2 2 2 2
left_child=2 8 3 4 7 -3 -4 -1 16 14 -11 -6 -9 -14 15 -5 17 -2
right_child=1 5 6 9 11 -7 -8 12 -10 10 -12 -13 13 -15 -16 -17 -18 -19
leaf_value=-0.081039081593349979 -0.0041300791680325272 0.069392688147515313 -0.04951835886253201 -0.001346462752739011 -0.1532158734574047 0.12612071860339794 -0.1538708661760074 -0.0017776785538161743 0.032511943098453906 -0.064300356261972863 -0.010698332324561799 -0.062682701858043893 -0.036794798116384343 -0.0057235536877282738 0.002563385054106691 -0.028368591964396526 0.0069664949011539658 -0.00025138848027201011
leaf_weight=10.999999999999998 13.000000000000002 94 12.999999999999998 11.000000000000002 29 61 30 10.999999999999998 89 40 19 18 28.999999999999996 11.000000000000002 10.999999999999998 11.999999999999998 31 11.999999999999998
leaf_count=11 13 94 13 11 29 61 30 11 89 40 19 18 29 11 11 12 31 12
internal_value=-0.00228131 0.0609776 -0.0793752 -0.0645658 -0.0842952 0.0956272 -0.132386 -0.0413773 0.0215653 -0.0376663 -0.0497257 -0.129691 -0.0250744 -0.0302622 -0.0122473 -0.0186369 0.00259346 -0.00290245
internal_weight=545 300 245 202 109 155 43 62 145 93 59 47 51 40 34 23 56 25
internal_count=545 300 245 202 109 155 43 62 145 93 59 47 51 40 34 23 56 25
is_linear=0
shrinkage=0.0529975


Tree=21
num_leaves=19
num_cat=0
split_feature=37 37 29 28 29 37 35 29 19 37 37 19 29 29 19 37 17 37
split_gain=881.374 131.72 46.983 29.9037 53.1158 23.9736 13.4844 10.0544 22.0579 3.14385 2.81687 2.32092 2.61375 2.17931 0.897777 0.5042 0.356573 0.317517
threshold=-0.81674439241534058 1.1396723290255804 0.7731741465887918 -0.57634309484549606 -0.25359189156537315 0.10170204273055711 -0.075187709818658785 0.17446000710872947 0.14175503073181203 -0.33445516848028017 2.003599112770122 -0.15395302483745629 -0.19322199846525803 -0.6328658389832057 0.33746938443185265 0.40785085444585817 1.4179678394544537 -0.60495651581777243
decision_type=2 2 2 2 2 2 2 2 2 2 2 2 2 2 2 2 2 2
left_child=2 5 3 4 13 9 -4 11 16 17 -3 12 -5 -1 -10 -7 -9 -2
right_child=1 10 6 7 -6 15 -8 8 14 -11 -12 -13 -14 -15 -16 -17 -18 -19
leaf_value=-0.010083577787144587 -0.0032945139965609915 0.080989160724236814 -0.047070937097795945 -0.0074862834123945394 -0.14282819282235046 0.031189101936725156 -0.14741835206407403 -0.082408177776950794 -0.021099549073671571 0.019824757481542409 0.13437661013682453 -0.002398258959821343 -0.037519263537060456 -0.046440257816630165 -0.0012986575408897036 0.054567264192717277 -0.030797911950139346 0.0044605299507215826
leaf_weight=10.999999999999998 22 64 12.999999999999998 15.999999999999998 27 39 30 42 18.000000000000004 47 35 12.999999999999998 30 23 10.999999999999998 68 10.999999999999998 25
leaf_count=11 22 64 13 16 27 39 30 42 18 47 35 13 30 23 11 68 11 25
internal_value=-0.00240581 0.0579866 -0.0760022 -0.0618356 -0.0932105 0.0316518 -0.126697 -0.0449659 -0.0571397 0.0109671 0.106526 -0.0242284 -0.0292754 -0.0381277 -0.0152979 0.0482154 -0.076034 0.000736676
internal_weight=545 300 245 202 61 201 43 141 82 94 99 59 46 34 29 107 53 47
internal_count=545 300 245 202 61 201 43 141 82 94 99 59 46 34 29 107 53 47
is_linear=0
shrinkage=0.0529975


Tree=22
num_leaves=18
num_cat=0
split_feature=37 37 29 19 29 37 19 19 29 37 29 29 37 29 37 38 37
split_gain=804.015 119.819 43.377 32.9516 40.9757 19.9601 18.7753 9.46377 21.5431 5.63492 4.27424 3.22089 2.46697 2.37121 1.08776 0.447456 0.0962536
threshold=-0.81674439241534058 1.0390206649000016 0.67528232375896413 -0.63732297160268458 -0.25359189156537315 -0.087019827504899783 0.2948654323460424 0.036099156447675855 0.083447991429444604 2.003599112770122 0.52337296649648568 -0.6328658389832057 0.27574554528103529 -0.35880181257487692 -0.49382030334577687 0.10304137979170645 -0.68463908325052059
decision_type=2 2 2 2 2 2 2 2 2 2 2 2 2 2 2 2 2
left_child=2 5 3 4 11 14 -4 8 13 -3 15 -1 -7 -5 16 -9 -2
right_child=1 9 6 7 -6 12 -8 10 -10 -11 -12 -13 -14 -15 -16 -17 -18
leaf_value=-0.0097377130943198543 -0.0038350377811122434 0.075980140440152499 -0.15266763477694326 -0.00016790673105414279 -0.14708679357662255 0.025785229201823145 -0.065381530888459202 0.0052596464464603667 -0.074704517210948299 0.12829663642313766 -0.032832906919792397 -0.052346412314264415 0.048552786647670487 -0.028089931171851417 0.011085960778871915 -0.0065625601354106786 0.00094685912671980575
leaf_weight=11.000000000000002 15.999999999999998 71 24 10.999999999999998 19 50 31 13.000000000000002 47 35 15.999999999999998 18 75 44 35 10.999999999999998 18
leaf_count=11 16 71 24 11 19 50 31 13 47 35 16 18 75 44 35 11 18
internal_value=-0.00242926 0.0552528 -0.0727208 -0.0573497 -0.0946775 0.028917 -0.114849 -0.0413598 -0.0498192 0.0992611 -0.0159541 -0.0408218 0.0410963 -0.0231855 0.00523823 -0.000154715 -0.0013664
internal_weight=545 300 245 190 48 194 55 142 102 106 40 29 125 55 69 24 34
internal_count=545 300 245 190 48 194 55 142 102 106 40 29 125 55 69 24 34
is_linear=0
shrinkage=0.0529975


Tree=23
num_leaves=18
num_cat=0
split_feature=37 37 29 19 29 37 19 38 29 29 37 37 29 37 29 37 47
split_gain=733.348 109.167 41.662 38.0863 77.2769 19.6559 15.2723 9.91484 16.0128 5.00542 2.90985 2.3269 1.58158 1.36178 0.552744 0.123678 0.022892
threshold=-0.81674439241534058 1.1396723290255804 0.96361458521015575 -0.27139899128830619 0.083447991429444604 -0.04088781478067683 -0.95772725582126561 -0.16222339301724051 0.47796017511591082 -0.30060901107959576 2.0623125835100464 0.4330137704772507 0.061826384744403794 -0.44978520029083774 -0.50026514361871988 -0.63011943184916475 0.80004360165012389
decision_type=2 2 2 2 2 2 2 2 2 2 2 2 2 2 2 2 2
left_child=2 5 3 4 6 13 -1 -5 12 14 -3 -7 -9 15 -8 -2 -14
right_child=1 10 -4 7 -6 11 9 8 -10 -11 -12 -13 16 -15 -16 -17 -18
leaf_value=-0.089926924066660793 -0.0033720688228876441 0.074726514259513474 -0.12804134857505031 0.0063995727802076676 -0.14271230236227295 0.027838691229391196 -0.00021463375308911623 0 -0.065386162350340532 -0.042443406427083559 0.12511388202110285 0.049867968829242514 -0.024342215548068511 0.012795531851179046 -0.015103798815554098 0.0018462989931560395 -0.0089719492597334534
leaf_weight=12.999999999999998 19 68 29 13.999999999999998 33 61 10.999999999999998 10.999999999999998 33 34 31 65 34 37 21 19 11.999999999999998
leaf_count=13 19 68 29 14 33 61 11 11 33 34 31 65 34 37 21 19 12
internal_value=-0.00246258 0.0526273 -0.0695931 -0.0584678 -0.0797522 0.0286552 -0.0451575 -0.0323846 -0.0385133 -0.0294869 0.0968151 0.0410051 -0.0181015 0.00632155 -0.0110111 -0.000708106 -0.021964
internal_weight=545 300 245 216 112 201 79 104 90 66 99 126 57 75 32 38 46
internal_count=545 300 245 216 112 201 79 104 90 66 99 126 57 75 32 38 46
is_linear=0
shrinkage=0.0529975


Tree=24
num_leaves=18
num_cat=0
split_feature=37 37 29 19 29 19 37 19 38 29 37 37 29 19 19 37 19
split_gain=668.648 99.3291 38.0239 35.5268 52.1405 25.1315 17.8703 17.5892 4.19697 8.52856 3.01539 2.99454 2.87008 4.19167 0.371644 0.281272 0.186315
threshold=-0.81674439241534058 1.1396723290255804 0.96361458521015575 0.044058632693227386 0.092064071066336753 -0.26555031205959151 0.15412478446262895 -0.95772725582126561 -0.16222339301724051 0.41037723249571229 -0.32397062013386352 2.0623125835100464 -0.35880181257487692 -0.27139899128830619 -0.63124966229775092 -0.60495651581777243 -0.50832564867298069
decision_type=2 2 2 2 2 2 2 2 2 2 2 2 2 2 2 2 2
left_child=2 6 3 4 7 -6 10 -1 -5 -10 15 -3 14 16 -9 -2 -14
right_child=1 11 -4 8 5 -7 -8 12 9 -11 -12 -13 13 -15 -16 -17 -18
leaf_value=-0.086665425355181153 -0.0029411094625135317 0.071087126700302247 -0.12241819321618892 0.0061621173817577382 -0.13731039584423288 -0.055908732045086042 0.042912029651423891 -0.012183764284448461 0.0020480870315169692 -0.043012477652490992 0.018919638031159872 0.1195578776003358 -0.046676255231290452 -0.0040594839251281425 0 0.004196322547382089 -0.019841329038389158
leaf_weight=12.999999999999998 22 68 29 13.999999999999998 32 35 98 15.000000000000002 19 22 53 31 23.999999999999996 13.999999999999998 10.999999999999998 28 17.000000000000004
leaf_count=13 22 68 29 14 32 35 98 15 19 22 53 31 24 14 11 28 17
internal_value=-0.00246125 0.050143 -0.0665615 -0.0559266 -0.0682213 -0.102969 0.0272768 -0.0386952 -0.0166536 -0.0243852 0.010794 0.0922926 -0.0254731 -0.0319944 -0.00804902 0.000952467 -0.0396495
internal_weight=545 300 245 216 161 67 201 94 55 41 103 99 81 55 26 50 41
internal_count=545 300 245 216 161 67 201 94 55 41 103 99 81 55 26 50 41
is_linear=0
shrinkage=0.0529975


Tree=25
num_leaves=18
num_cat=0
split_feature=37 37 29 28 29 38 37 29 19 37 19 19 29 13 37 37 37
split_gain=609.837 90.6878 35.292 25.3641 40.4585 16.1859 12.2321 10.7241 23.4606 10.3257 4.21652 1.31399 1.84817 0.647279 0.610003 0.537026 0.0425078
threshold=-0.81674439241534058 0.73916258219255215 0.7731741465887918 -0.7132154924804589 -0.54213609959460229 -0.18974382169629886 1.9469825516994852 1.0000000180025095e-35 -0.16545183642694675 -0.18557458196119755 0.18531090310476403 -0.45985295251530983 -0.35880181257487692 -0.2172988446364614 0.2275166228875313 -0.56511523210139514 -0.68463908325052059
decision_type=2 2 2 2 2 2 2 2 2 2 2 2 2 2 2 2 2
left_child=2 9 3 4 -1 -4 -3 11 -9 15 13 12 -5 -10 -11 16 -2
right_child=1 6 5 7 -6 -7 -8 8 10 14 -12 -13 -14 -15 -16 -17 -18
leaf_value=-0.010181749786362458 -0.003443824708618723 0.061604688240949848 -0.051961090149923173 -0.003736430460243649 -0.12467721764966092 -0.14078178188424581 0.11028478656039024 -0.08204427162607314 -0.015480576631000768 0.020454294025538031 -0.0055959942190495918 -0.0036928187358581123 -0.030943943148317145 -0.04034298088934115 0.036229275609544025 0.0070526476548669831 0
leaf_weight=13.999999999999998 16.000000000000004 93 22 12.999999999999998 24 21 38 36 15.999999999999998 50 21 19 20 39 57 34 11.999999999999998
leaf_count=14 16 93 22 13 24 21 38 36 16 50 21 19 20 39 57 34 12
internal_value=-0.00248582 0.0477527 -0.0637013 -0.051537 -0.0897903 -0.107402 0.0799858 -0.0397777 -0.0489286 0.0208427 -0.0283043 -0.0169267 -0.0226276 -0.0354577 0.0303962 0.00302578 -0.00204002
internal_weight=545 300 245 202 38 43 131 164 112 169 76 52 33 55 107 62 28
internal_count=545 300 245 202 38 43 131 164 112 169 76 52 33 55 107 62 28
is_linear=0
shrinkage=0.0529975


Tree=26
num_leaves=20
num_cat=0
split_feature=37 37 29 38 19 29 37 19 29 37 37 29 9 37 26 3 3 37 37
split_gain=556.336 82.9312 33.5994 40.6665 27.5104 20.2438 15.1041 10.9076 19.4174 2.62863 1.97678 1.49428 0.990655 0.660345 0.400992 0.388493 0.364811 0.154947 0.0733845
threshold=-0.81674439241534058 1.1795136127419574 0.42990594242352781 0.13090962736835629 -0.95772725582126561 1.0939113685825921 0.10170204273055711 -0.047937934349164608 -0.020202083740976092 2.1084445962342691 -0.36590881351952459 -0.50026514361871988 0.12359606136457299 0.4330137704772507 0.46365984699157753 -0.74589870418267135 0.033841141203835676 -0.60495651581777243 -0.30090461377175504
decision_type=2 2 2 2 2 2 2 2 2 2 2 2 2 2 2 2 2 2 2
left_child=2 6 4 5 -1 15 10 8 11 -3 17 -6 -9 -8 -13 -4 -17 -2 -12
right_child=1 9 3 -5 7 -7 13 12 -10 -11 18 14 -14 -15 -16 16 -18 -19 -20
leaf_value=-0.10098334198255443 -0.0027143161033176639 0.06558634252318632 -0.0075412116165445324 -0.13212348871363949 3.6888448843745892e-05 -0.090991086296273352 0.024431897877296507 -0.0094331285315787817 -0.06200976424647691 0.11157466969425073 0.0055091963988183022 -0.023351342171017784 0.0081767371384656538 0.043464763109701744 -0.0068280563322763114 -0.031891643021808747 -0.0093478353177017959 0.0028596352536950304 0.0168118162005442
leaf_weight=15.999999999999998 22 68 11.999999999999998 33 10.999999999999998 17 42 11.000000000000002 52 28 11.999999999999998 41 12.999999999999998 68 12.999999999999998 15.000000000000002 10.999999999999998 22 38
leaf_count=16 22 68 12 33 11 17 42 11 52 28 12 41 13 68 13 15 11 22 38
internal_value=-0.0025174 0.0454678 -0.0609851 -0.0876305 -0.0433328 -0.0504559 0.0250133 -0.0328909 -0.0392681 0.084839 0.00849889 -0.0172757 0 0.0378966 -0.0205699 -0.022233 -0.0261115 0 0.0151044
internal_weight=545 300 245 88 157 55 204 141 117 96 94 65 24 110 54 38 26 44 50
internal_count=545 300 245 88 157 55 204 141 117 96 94 65 24 110 54 38 26 44 50
is_linear=0
shrinkage=0.0529975


Tree=27
num_leaves=18
num_cat=0
split_feature=37 37 29 19 29 19 37 38 29 29 19 29 37 37 29 37 29
split_gain=507.739 73.7433 32.8156 30.4177 58.8402 13.0575 12.9561 7.34765 13.0253 3.07377 2.7588 2.95324 2.70892 2.33408 0.690656 0.201185 0.0904553
threshold=-0.78948456671466416 1.1795136127419574 0.96361458521015575 -0.27139899128830619 0.061826384744403794 -0.95772725582126561 0.20235370685613588 -0.16222339301724051 0.47796017511591082 -0.19322199846525803 0.036099156447675855 0.056565116237184652 2.1084445962342691 -0.30719534277960381 -0.50026514361871988 -0.57350287077852791 0.25224183869804911
decision_type=2 2 2 2 2 2 2 2 2 2 2 2 2 2 2 2 2
left_child=2 6 3 4 5 -1 13 -5 10 14 11 -9 -3 15 -7 -2 -12
right_child=1 12 -4 7 -6 9 -8 8 -10 -11 16 -13 -14 -15 -16 -17 -18
leaf_value=-0.076935028933357186 -0.0017118690918746535 0.062392106494673055 -0.10913475567473514 0.0073112454200719348 -0.11985969186018773 3.5623159369434337e-05 0.038023530779750722 0.0013285549676761549 -0.054907669168496417 -0.03642150787511609 0.0040266767075655598 -0.029239720965092298 0.10670447934363873 0.017419893165389187 -0.014455981350480296 0.0043176862444384958 -0.0013551450040244848
leaf_weight=12.999999999999998 22 68 29 13.999999999999998 35 10.999999999999995 95 10.999999999999998 33 23 11.000000000000002 26 28 56 31.000000000000004 28 10.999999999999998
leaf_count=13 22 68 29 14 35 11 95 11 33 23 11 26 28 56 31 28 11
internal_value=-0.0024993 0.0438434 -0.0577507 -0.0481882 -0.0670573 -0.0364156 0.0242809 -0.0254972 -0.030703 -0.0223998 -0.0132406 -0.0210715 0.0808984 0.0105256 -0.0109848 0.00164073 0.00137238
internal_weight=545 297 248 219 113 78 201 106 92 65 59 37 96 106 42 50 22
internal_count=545 297 248 219 113 78 201 106 92 65 59 37 96 106 42 50 22
is_linear=0
shrinkage=0.0529975


Tree=28
num_leaves=19
num_cat=0
split_feature=37 37 29 28 29 19 37 19 29 37 29 29 37 47 9 29 37 37
split_gain=462.797 67.263 30.2988 25.3587 35.2561 16.8996 11.1717 5.72913 12.168 3.4266 2.75354 2.06353 1.9861 0.955123 0.731158 0.673809 0.532381 0.039026
threshold=-0.78948456671466416 1.1396723290255804 0.71547010596101057 -0.57634309484549606 -0.25359189156537315 0.12500767621502204 -0.087019827504899783 0.044058632693227386 0.083447991429444604 2.1084445962342691 0.52337296649648568 -0.6328658389832057 0.4330137704772507 -0.036118628440457261 0.12359606136457299 -0.19322199846525803 -0.49382030334577687 -0.68463908325052059
decision_type=2 2 2 2 2 2 2 2 2 2 2 2 2 2 2 2 2 2
left_child=2 6 3 4 11 -4 16 8 15 -3 14 -1 -8 -10 -9 -5 17 -2
right_child=1 9 5 7 -6 -7 12 10 13 -11 -12 -13 -14 -15 -16 -17 -18 -19
leaf_value=-0.0043637591814091716 -0.0024978251966446844 0.058992693336813909 -0.13976176970331944 -0.0032402703658235494 -0.11151200722343452 -0.055739467381768465 0.021077526707487762 -0.0064006971726749467 -0.019844385396449615 0.10204687084859003 -0.022859308183410049 -0.034968780563448064 0.039048201821315007 -0.059086198521670207 0.0087042410775574827 -0.018091806489376947 0.0081988455166250671 0.00061308189629905637
leaf_weight=10.999999999999998 13.000000000000002 71 13.999999999999998 17 27 35 67 11.000000000000002 10.999999999999998 28 19 23 65 37 12.999999999999998 30 35 18
leaf_count=11 13 71 14 17 27 35 67 11 11 28 19 23 65 37 13 30 35 18
internal_value=-0.00248294 0.0417617 -0.055232 -0.0435856 -0.071371 -0.092494 0.0226878 -0.0287945 -0.0358873 0.0763687 -0.0105077 -0.0273805 0.0312896 -0.0534251 0.00165272 -0.0138262 0.00421389 -0.000696102
internal_weight=545 297 248 199 61 49 198 138 95 99 43 34 132 48 24 47 66 31
internal_count=545 297 248 199 61 49 198 138 95 99 43 34 132 48 24 47 66 31
is_linear=0
shrinkage=0.0529975


Tree=29
num_leaves=16
num_cat=0
split_feature=37 37 29 28 29 37 19 29 38 29 37 29 37 29 37
split_gain=422.678 61.3594 28.9679 28.2205 37.9763 12.2161 10.9511 25.4477 3.48808 6.01074 2.06031 1.00281 0.77432 0.55698 0.195773
threshold=-0.78948456671466416 1.2738745478596842 0.96361458521015575 -0.7132154924804589 -0.54213609959460229 0.2275166228875313 0.044058632693227386 0.061826384744403794 -0.16222339301724051 0.37014666599639606 -0.30090461377175504 -0.35880181257487692 2.1084445962342691 0.23832575056983082 -0.57350287077852791
decision_type=2 2 2 2 2 2 2 2 2 2 2 2 2 2 2
left_child=2 5 3 4 -1 10 7 11 -8 -10 14 -5 -3 -9 -2
right_child=1 12 -4 6 -6 -7 8 13 9 -11 -12 -13 -14 -15 -16
leaf_value=-0.0070426970997229978 -0.0015895519870846356 0.057593246043154515 -0.10100333480961941 -0.0011396985156441042 -0.11600549062835072 0.035924500672764773 0.0083708869584182711 -0.035760260700264695 0.0038956817087893139 -0.033382776955344091 0.016421658439232132 -0.018180003944635582 0.097592562388901224 -0.07320329495979061 0.0042524146018269055
leaf_weight=13.999999999999998 22 59 29 13.999999999999998 25 101 13.999999999999998 23 18 24 56 47 28 40 31
leaf_count=14 22 59 29 14 25 101 14 23 18 24 56 47 28 40 31
internal_value=-0.00249228 0.0397919 -0.0529024 -0.0439798 -0.083197 0.0230637 -0.0330368 -0.041626 -0.0117188 -0.0187701 0.00983427 -0.0148254 0.0760044 -0.0639308 0.00179397
internal_weight=545 297 248 219 39 210 180 124 56 42 109 61 87 63 53
internal_count=545 297 248 219 39 210 180 124 56 42 109 61 87 63 53
is_linear=0
shrinkage=0.0529975


Tree=30
num_leaves=21
num_cat=0
split_feature=37 37 29 9 19 29 45 37 37 19 48 19 29 30 45 37 29 37 37 9
split_gain=385.166 57.5486 25.8711 28.2645 9.69378 15.8092 9.60653 8.57926 5.04372 3.12947 2.8793 2.1469 4.56772 1.63806 1.43749 1.1946 0.87922 0.431416 0.0509588 0.000982334
threshold=-0.81674439241534058 0.99708247151434348 0.99250610888350865 -0.48086157001586738 0.036099156447675855 0.16142385576168791 0.086156745716413782 -0.14783020791410453 2.1084445962342691 -0.57481490821725811 1.0000000180025095e-35 0.40155559019853265 0.52337296649648568 -0.7041632264904979 -0.8222916492619764 0.40785085444585817 -0.19322199846525803 -0.49382030334577687 -0.68463908325052059 0.24993975262748927
decision_type=2 2 2 2 2 2 2 2 2 2 2 2 2 2 2 2 2 2 2 2
left_child=2 7 3 6 5 10 9 17 -3 -1 14 12 -6 -4 16 -9 -5 18 -2 -7
right_child=1 8 13 4 11 19 -8 15 -10 -11 -12 -13 -14 -15 -16 -17 -18 -19 -20 -21
leaf_value=-0.10780635611282265 -0.0028942151615826551 0.052433727571241637 -0.040864044476713199 0.00063390391402659151 0.0030677779322792046 -0.028434403508086997 -0.019003182656680759 0.018448808681229643 0.093332684145237668 -0.048580952286974906 0.0014643758267805682 0.0078022931190175095 -0.030133112550348954 -0.11766011466523674 -0.031461412018783913 0.033584887017975594 -0.017296752397372002 0.0068174702508367845 0.00053577955536570319 -0.070648951203505062
leaf_weight=20 15.999999999999998 81 11.000000000000002 11.000000000000002 20 12.999999999999998 11.999999999999998 67 28 24 12.999999999999998 11.999999999999998 18 14.999999999999998 35 58 12.999999999999998 32 18 28
leaf_count=20 16 81 11 11 20 13 12 67 28 24 13 12 18 15 35 58 13 32 18 28
internal_value=-0.00245503 0.0374733 -0.0511019 -0.0428782 -0.0297324 -0.0380578 -0.0744525 0.0188745 0.0673196 -0.0853425 -0.0201651 -0.00873186 -0.0144637 -0.0991351 -0.0247338 0.0267411 -0.0103618 0.00289228 -0.00109562 -0.0627483
internal_weight=545 300 245 219 163 113 56 191 109 44 72 50 38 26 59 125 24 66 34 41
internal_count=545 300 245 219 163 113 56 191 109 44 72 50 38 26 59 125 24 66 34 41
is_linear=0
shrinkage=0.0529975


Tree=31
num_leaves=22
num_cat=0
split_feature=37 37 29 38 19 29 13 37 19 29 29 3 37 19 29 19 9 37 3 37 37
split_gain=352.491 52.5374 24.9089 31.8584 22.3823 22.4963 20.8582 10.451 5.63714 7.17098 2.54779 2.12267 1.64237 1.09271 1.06755 1.53803 1.05934 0.911597 0.548291 0.317901 0.14712
threshold=-0.81674439241534058 1.2738745478596842 0.55429414669926913 0.13090962736835629 -0.63732297160268458 -0.25359189156537315 1.3440734267667229 0.1771907908247404 -0.047937934349164608 0.025471194833478934 -0.54213609959460229 0.033841141203835676 -0.32397062013386352 -0.16545183642694675 -0.35880181257487692 -0.45985295251530983 0.23699458342849308 2.1084445962342691 -0.74589870418267135 0.47495196386290883 -0.60495651581777243
decision_type=2 2 2 2 2 2 2 2 2 2 2 2 2 2 2 2 2 2 2 2 2
left_child=2 7 4 6 5 10 11 12 9 14 -1 18 20 -11 -6 -16 -10 -3 -4 -9 -2
right_child=1 17 3 -5 8 -7 -8 19 16 13 -12 -13 -14 -15 15 -17 -18 -19 -20 -21 -22
leaf_value=-0.0055900059462744818 -0.0022438634387015712 0.052300056848371086 -0.0092566181054935196 -0.11959743984682861 0.0019279491668485855 -0.10450003754180798 -0.087980908516260475 0.019668582029911452 -0.0087000715457256836 -0.050821145840436358 -0.038441937476709945 0.0023550545834294576 0.013645377161723865 -0.019392963762136638 -0.025099677759423695 -0.0033950693242917559 0.0080292690802391525 0.08925874782184777 -0.030704821183243514 0.035781395168317132 0.0029070719666412287
leaf_weight=14.000000000000002 22 59 14.999999999999998 25 10.999999999999998 18 12.999999999999998 36 18.000000000000004 26 14.999999999999998 10.999999999999998 56 17 15.999999999999995 21.000000000000004 12.999999999999998 28 12.000000000000002 71 28
leaf_count=14 22 59 15 25 11 18 13 36 18 26 15 11 56 17 16 21 13 28 12 71 28
internal_value=-0.00249602 0.0357022 -0.0490327 -0.0743848 -0.0354337 -0.0649198 -0.0418484 0.0204432 -0.0215105 -0.0278054 -0.0264572 -0.0160673 0.00787502 -0.0424326 -0.0113154 -0.0151348 -0.00133144 0.0692583 -0.0228485 0.0317535 0.000518341
internal_weight=545 300 245 76 169 47 51 213 122 91 29 38 106 43 48 37 31 87 27 107 50
internal_count=545 300 245 76 169 47 51 213 122 91 29 38 106 43 48 37 31 87 27 107 50
is_linear=0
shrinkage=0.0529975


Tree=32
num_leaves=22
num_cat=0
split_feature=37 37 29 9 37 30 45 29 19 14 29 29 47 37 37 3 30 37 19 37 37
split_gain=322.914 47.9012 23.7378 24.6369 9.46857 9.31854 8.30973 7.79146 9.2662 4.29087 3.09039 3.04852 1.99154 1.59701 0.994809 0.976275 0.299415 0.184888 0.172017 0.117994 0.012519
threshold=-0.81674439241534058 1.2738745478596842 0.96361458521015575 -0.48086157001586738 0.20235370685613588 -0.1688947899045288 0.086156745716413782 -0.30060901107959576 -0.27139899128830619 0.070254225495459913 0.26696810119628295 0.083447991429444604 0.4516426724457151 -0.30090461377175504 2.1084445962342691 0.1993519574415378 -0.66021637375627751 -0.60495651581777243 -0.14661678075790294 0.47495196386290883 -0.49382030334577687
decision_type=2 2 2 2 2 2 2 2 2 2 2 2 2 2 2 2 2 2 2 2 2
left_child=2 4 3 6 13 12 9 15 11 -1 18 -9 -5 17 -3 -7 -4 -2 -10 -6 -19
right_child=1 14 16 5 19 7 -8 8 10 -11 -12 -13 -14 -15 -16 -17 -18 20 -20 -21 -22
leaf_value=-0.090387260887856286 -0.0021504149807402193 0.049784002990057127 -0.040102564678917353 -0.011743966694885094 0.018759930349787964 -0.014624899660599993 -0.017313703283779489 -0.030826373377520901 -0.0083109789876800143 -0.028562152520290714 -0.030707776535673904 -0.074460133391784436 0.012646712191890527 0.013900420803883748 0.085362639027241477 0.0021722060767351034 -0.10597662437524644 0.00067284668795364593 0 0.034032754926071287 0.0042051308335886153
leaf_weight=31 22 59 12.000000000000002 11.000000000000002 33 12.000000000000002 11.999999999999998 25 15.000000000000002 11.999999999999998 36 19 14.999999999999998 53 28 17 17 11.999999999999998 10.999999999999998 71 22
leaf_count=31 22 59 12 11 33 12 12 25 15 12 36 19 15 53 28 17 17 12 11 71 22
internal_value=-0.00252716 0.0340344 -0.0470678 -0.0389245 0.0194644 -0.0266505 -0.0685872 -0.0320325 -0.0384229 -0.0788834 -0.0216557 -0.0564786 0.00184226 0.00779757 0.0660756 -0.00589369 -0.0904598 0.00112319 -0.00549781 0.0305369 0.00342086
internal_weight=545 300 245 216 213 161 55 135 106 43 62 44 26 109 87 29 29 56 26 104 34
internal_count=545 300 245 216 213 161 55 135 106 43 62 44 26 109 87 29 29 56 26 104 34
is_linear=0
shrinkage=0.0529975


Tree=33
num_leaves=21
num_cat=0
split_feature=37 37 29 28 29 19 37 29 19 12 12 19 29 19 37 19 29 37 37 37
split_gain=295.547 43.7637 22.3582 19.3131 26.4302 16.1149 10.2865 5.55792 13.1155 5.35047 5.66422 3.24558 3.82007 1.78139 1.54304 1.14388 1.0256 0.234765 0.170609 0.0106746
threshold=-0.81674439241534058 1.5213098888350618 0.71547010596101057 -0.7132154924804589 -0.54213609959460229 0.12500767621502204 0.2275166228875313 -0.054945875154369203 -0.34390726110670761 -0.82364262812076139 -0.16114821916657254 0.21046452638556939 0.26696810119628295 -0.45985295251530983 -0.30090461377175504 -0.079993913381877391 -0.35880181257487692 0.47495196386290883 -0.60495651581777243 -0.49382030334577687
decision_type=2 2 2 2 2 2 2 2 2 2 2 2 2 2 2 2 2 2 2 2
left_child=2 6 3 4 -1 -4 14 13 -9 -7 -11 12 15 16 18 -10 -5 -8 -2 -20
right_child=1 -3 5 7 -6 9 17 8 11 10 -12 -13 -14 -15 -16 -17 -18 -19 19 -21
leaf_value=-0.0046542583351272693 -0.002060858286118804 0.066505907786731974 -0.120467203017744 -0.00036373814660508425 -0.095503184005678463 -0.069528446037373487 0.017876041421624828 -0.063261325081139047 -0.014505094658885479 0.0060158986096463174 -0.03855888052446866 0.0019771351157042267 -0.033652509382412217 0.0078724058249988755 0.013489773568828103 0.0030150486815512085 -0.019460972907545636 0.033718640515149251 0.00064906914346602189 0.0040300030303270827
leaf_weight=13.999999999999998 22 74 13.999999999999998 12.999999999999995 24 10.999999999999998 30 23 22 10.999999999999998 13.000000000000002 14.999999999999998 42 10.999999999999998 56 12.999999999999998 19.000000000000004 84 11.999999999999998 22
leaf_count=14 22 74 14 13 24 11 30 23 22 11 13 15 42 11 56 13 19 84 12 22
internal_value=-0.00252946 0.0324492 -0.0451402 -0.0351253 -0.0673874 -0.0768752 0.019837 -0.0251432 -0.0310493 -0.0441982 -0.0207774 -0.0195468 -0.0236639 -0.00733853 0.00771305 -0.00833807 -0.0131683 0.0307094 0.00107764 0.00328757
internal_weight=545 300 245 196 38 49 226 158 115 35 24 92 77 43 112 35 32 114 56 34
internal_count=545 300 245 196 38 49 226 158 115 35 24 92 77 43 112 35 32 114 56 34
is_linear=0
shrinkage=0.0529975


Tree=34
num_leaves=21
num_cat=0
split_feature=37 37 29 9 19 29 45 37 19 37 48 19 29 45 12 37 29 37 9 37
split_gain=270.198 39.5839 21.7438 22.3614 7.3427 11.9518 7.25728 6.89938 3.7192 3.06352 2.22838 1.79197 3.54571 1.27533 0.885709 0.750155 0.699245 0.587806 0.0599705 0.0507554
threshold=-0.81674439241534058 1.1795136127419574 0.99250610888350865 -0.48086157001586738 0.036099156447675855 0.16142385576168791 0.086156745716413782 1.0000000180025095e-35 -0.57481490821725811 2.1084445962342691 1.0000000180025095e-35 0.40155559019853265 0.52337296649648568 -0.8222916492619764 0.084741481519680195 0.45398286717008124 -0.19322199846525803 -0.44978520029083774 0.24993975262748927 -0.68463908325052059
decision_type=2 2 2 2 2 2 2 2 2 2 2 2 2 2 2 2 2 2 2 2
left_child=2 7 3 6 5 10 8 17 -1 -3 13 12 -6 16 -15 -9 -5 19 -7 -2
right_child=1 9 -4 4 11 18 -8 15 -10 -11 -12 -13 -14 14 -16 -17 -18 -19 -20 -21
leaf_value=-0.094111834296350491 -0.0025337982329511144 0.043775222292197304 -0.086861696477159758 0.0016712055236835701 0.0035723995270985714 -0.023786871706369526 -0.015983708185483947 0.016356732455819499 -0.040420285060002552 0.07873363425075823 0.0023734520236184582 0.0084884648069568098 -0.025474582586412074 -0.0079731184278246138 -0.032048803528895026 0.029454537417120098 -0.013855061102544733 0.0079745401030360021 -0.059732836368493997 0.00078984334904387543
leaf_weight=20 15.999999999999998 68 26 11.000000000000002 20 12.999999999999998 11.999999999999998 59 24 28 12.999999999999998 11.999999999999998 18 11.999999999999998 23 65 12.999999999999998 42 28 22
leaf_count=20 16 68 26 11 20 13 12 59 24 28 13 12 18 12 23 65 13 42 28 22
internal_value=-0.00257239 0.0308737 -0.0433137 -0.0359355 -0.0243657 -0.0315894 -0.0638852 0.0167498 -0.0733256 0.0580692 -0.0161865 -0.00628072 -0.0116247 -0.0202252 -0.0263382 0.0243182 -0.00759448 0.00405979 -0.0529732 -0.000605436
internal_weight=545 300 245 219 163 113 56 204 44 96 72 50 38 59 35 124 24 80 41 38
internal_count=545 300 245 219 163 113 56 204 44 96 72 50 38 59 35 124 24 80 41 38
is_linear=0
shrinkage=0.0529975


Tree=35
num_leaves=22
num_cat=0
split_feature=37 37 29 38 13 19 29 37 19 29 29 35 37 29 19 9 19 37 37 35 37
split_gain=247.03 36.3277 20.4698 26.346 19.7597 18.019 18.6463 8.39017 4.14863 5.75391 2.15594 1.97723 1.27797 0.902245 1.46256 0.863898 0.601651 0.141286 0.122753 0.0696508 0.00619923
threshold=-0.81674439241534058 1.5213098888350618 0.55429414669926913 0.13090962736835629 1.3440734267667229 -0.63124966229775092 -0.25359189156537315 0.2275166228875313 -0.047937934349164608 1.0000000180025095e-35 -0.54213609959460229 0.15206500095711631 -0.30090461377175504 -0.19322199846525803 -0.3357664568293684 0.23699458342849308 -0.16545183642694675 -0.60495651581777243 0.47495196386290883 1.5656038145479607 -0.49382030334577687
decision_type=2 2 2 2 2 2 2 2 2 2 2 2 2 2 2 2 2 2 2 2 2
left_child=2 7 5 4 11 6 10 12 9 13 -1 -4 17 -7 -15 -10 -11 -2 -9 -13 -19
right_child=1 -3 3 -5 -6 8 -8 18 15 16 -12 19 -14 14 -16 -17 -18 20 -20 -21 -22
leaf_value=-0.0034258868498219085 -0.001907258326143307 0.060450911787808641 0.0054790421915843299 -0.1050855601914862 -0.079782484782943863 0.001150578001458758 -0.09140277314922865 0.016306163014576824 -0.0067064385895983791 -0.040556289726499259 -0.032373128107015689 -0.02301289970350712 0.012232949027797011 -0.021742307910305049 0.0013281326895399925 0.0084212890790820588 -0.015818510859281959 0.00059821981797815525 0.030408165830381813 -0.0085492785652938885 0.0035844618531173929
leaf_weight=14.000000000000002 22 74 10.999999999999998 25 12.999999999999998 20 18 30 18.000000000000004 29 15.999999999999998 11.000000000000002 56 13.000000000000002 10.999999999999998 12.999999999999998 17 11.999999999999998 84 15.999999999999998 22
leaf_count=14 22 74 11 25 13 20 18 30 18 29 16 11 56 13 11 13 17 12 84 16 22
internal_value=-0.00255695 0.0294236 -0.041512 -0.0643064 -0.0352414 -0.0293691 -0.0553353 0.0179342 -0.016887 -0.0223304 -0.0218795 -0.0110479 0.00697568 -0.00693194 -0.0127838 0 -0.034427 0.000931046 0.0277556 -0.0177648 0.00295283
internal_weight=545 300 245 76 51 169 48 226 121 90 30 38 112 44 24 31 46 56 114 27 34
internal_count=545 300 245 76 51 169 48 226 121 90 30 38 112 44 24 31 46 56 114 27 34
is_linear=0
shrinkage=0.0529975


Tree=36
num_leaves=20
num_cat=0
split_feature=37 37 29 28 29 37 9 38 29 19 29 9 37 19 19 9 37 37 37
split_gain=225.926 32.8208 19.3799 19.6358 25.7403 8.21779 7.42082 5.56067 7.79065 2.768 3.5716 1.46126 1.2358 0.813461 0.463032 0.396941 0.130444 0.0750692 0.00499732
threshold=-0.81674439241534058 1.5988955465985291 0.96361458521015575 -0.7132154924804589 -0.54213609959460229 0.2442919002417939 -1.4880454783536858 -0.16222339301724051 0.41037723249571229 -0.047937934349164608 1.0000000180025095e-35 0.10876556467993408 -0.30090461377175504 -0.50832564867298069 -0.34390726110670761 0.1530035466870783 -0.60495651581777243 0.47495196386290883 -0.49382030334577687
decision_type=2 2 2 2 2 2 2 2 2 2 2 2 2 2 2 2 2 2 2
left_child=2 5 3 4 -1 12 -5 -8 9 10 13 -4 16 -9 -12 -11 -2 -7 -18
right_child=1 -3 11 6 -6 17 7 8 -10 15 14 -13 -14 -15 -16 -17 18 -19 -20
leaf_value=-0.0032987692568311588 -0.0018278281722881424 0.059086168875947365 -0.031448438429181873 -0.057782190950937382 -0.091890617311463196 0.015473035831629598 0.0093605196164962198 -0.012469432367641869 -0.041530129767847444 -0.0038614575437645733 -0.039927354944208231 -0.09223421044630789 0.011886446702508978 1.337415309649887e-05 -0.017188952400640677 0.007412865870272102 0.00057707951108937447 0.029458073360538479 0.0034351824599347437
leaf_weight=13.999999999999998 22 68 11.000000000000002 11.999999999999998 25 27 13.999999999999998 25.999999999999996 38 11.000000000000002 11.999999999999998 18 59 25.000000000000004 27 11.999999999999998 11.999999999999998 90 22
leaf_count=14 22 68 11 12 25 27 14 26 38 11 12 18 59 25 27 12 12 90 22
internal_value=-0.0025896 0.0279954 -0.0398425 -0.0326067 -0.0649213 0.0175941 -0.0235543 -0.0190852 -0.0220238 -0.0136432 -0.0176181 -0.0787162 0.00690059 -0.00687022 -0.0287291 0.00209645 0.000893366 0.0271992 0.00283882
internal_weight=545 300 245 216 39 232 177 165 151 113 90 29 115 51 39 23 56 117 34
internal_count=545 300 245 216 39 232 177 165 151 113 90 29 115 51 39 23 56 117 34
is_linear=0
shrinkage=0.0529975


Tree=37
num_leaves=24
num_cat=0
split_feature=37 37 29 9 37 45 19 29 19 19 30 48 19 29 37 45 37 29 12 29 37 37 37
split_gain=206.485 29.7217 18.1089 19.2254 6.84932 6.00506 5.92005 9.79706 3.24266 2.87871 2.69575 1.8652 1.5452 2.70039 1.23365 1.12005 1.04614 1.04326 0.632082 0.617641 0.0899476 0.0351728 0.00923807
threshold=-0.81674439241534058 1.5213098888350618 0.99250610888350865 -0.48086157001586738 0.2275166228875313 0.086156745716413782 0.036099156447675855 0.16142385576168791 -0.57481490821725811 -0.16545183642694675 -0.66021637375627751 1.0000000180025095e-35 0.40155559019853265 0.52337296649648568 2.1084445962342691 -0.8222916492619764 -0.32397062013386352 0.24627008227285696 0.084741481519680195 -0.19322199846525803 -0.68463908325052059 0.47495196386290883 -0.56511523210139514
decision_type=2 2 2 2 2 2 2 2 2 2 2 2 2 2 2 2 2 2 2 2 2 2 2
left_child=2 4 3 5 16 8 7 11 -1 -9 -4 15 13 -8 -3 19 20 -10 -17 -5 -2 -6 -22
right_child=1 14 10 6 21 -7 12 9 17 -11 -12 -13 -14 -15 -16 18 -18 -19 -20 -21 22 -23 -24
leaf_value=-0.084882509386558766 -0.0022921332414221679 0.038215123931782405 -0.031537991096726274 0.002442539025074424 0.014918349485640076 -0.01406110033042853 0.00334623562085899 -0.06044460037946011 -0.012374027279886081 -0.021342741411585594 -0.095743627561091893 0.0030705973159313956 0.0087417347396173441 -0.021930272413572021 0.070079197522742318 -0.0070057585965617938 0.010614314538296128 -0.045508356472565882 -0.027790287235582446 -0.011875030581441482 0 0.027446803940943971 0.0024565745893201153
leaf_weight=20 15.999999999999998 46 12.000000000000002 11.000000000000002 30 11.999999999999998 20 21 11.000000000000002 20 13.999999999999998 12.999999999999998 11.999999999999998 18 28 11.999999999999998 62 12.999999999999998 23 12.999999999999998 11.999999999999995 84 22.000000000000004
leaf_count=20 16 46 12 11 30 12 20 21 11 20 14 13 12 18 28 12 62 13 23 13 12 84 22
internal_value=-0.00260112 0.0266392 -0.0382144 -0.0315366 0.0162418 -0.0573493 -0.0209068 -0.0273809 -0.0659131 -0.046676 -0.0777926 -0.0135601 -0.00478546 -0.00982519 0.0547084 -0.0172771 0.00633023 -0.0360641 -0.0229016 -0.0059035 0.000325468 0.0251183 0.00189088
internal_weight=545 300 245 219 226 56 163 113 44 41 26 72 50 38 74 59 112 24 35 24 50 114 34
internal_count=545 300 245 219 226 56 163 113 44 41 26 72 50 38 74 59 112 24 35 24 50 114 34
is_linear=0
shrinkage=0.0529975


Tree=38
num_leaves=19
num_cat=0
split_feature=37 37 13 30 39 30 37 13 39 19 35 33 9 37 9 37 37 37
split_gain=189.496 27.2325 15.1125 15.5922 10.1073 8.39759 7.06633 6.89468 4.67255 3.9223 1.41364 1.25427 1.24497 1.02173 0.261914 0.109588 0.0551866 0.0102563
threshold=-0.81674439241534058 1.6408337399841872 0.37868236936917049 0.51871690791773173 -1.1558530955085182 0.90938718312148792 0.2442919002417939 -0.63103786923541239 -1.0449328170218728 0.34004903709483209 0.11287536321216828 -0.371978652770868 -0.48086157001586738 -0.30090461377175504 0.41167968144060818 -0.63011943184916475 0.47495196386290883 -0.52737085805430506
decision_type=2 2 2 2 2 2 2 2 2 2 2 2 2 2 2 2 2 2
left_child=2 6 5 4 -4 9 13 -7 -6 10 11 -1 -10 15 -14 -2 -8 -17
right_child=1 -3 3 -5 8 7 16 -9 12 -11 -12 -13 14 -15 -16 17 -18 -19
leaf_value=-0.016078575816752413 -0.0019357755690328474 0.054781886116309964 -0.075106681390745611 -0.089307918204571957 0.0014341226526663393 -0.013261708152277145 0.014155073456053593 -0.065198315766297588 -0.044607059674645171 0.0094831730354993649 -0.023826064717662871 0.00099777463255120834 -0.010125625519849031 0.010793449766993719 -0.025569273444033296 0.00022134544071367873 0.02692805877529876 0.0030084983065141583
leaf_weight=20 19 64 11.999999999999998 22 13.999999999999998 17 27 15.999999999999998 18 12.999999999999998 50 20 20 59 23 11.999999999999998 94 25
leaf_count=20 19 64 12 22 14 17 27 16 18 13 50 20 20 59 23 12 94 25
internal_value=-0.00261129 0.0254011 -0.0367273 -0.0514736 -0.0366896 -0.0231848 0.0162445 -0.0447755 -0.0253513 -0.0141206 -0.0179821 -0.00837157 -0.0311812 0.00625943 -0.0206471 0.000787927 0.0249358 0.00242394
internal_weight=545 300 245 109 87 136 236 33 75 103 90 40 61 115 43 56 121 37
internal_count=545 300 245 109 87 136 236 33 75 103 90 40 61 115 43 56 121 37
is_linear=0
shrinkage=0.0529975


Tree=39
num_leaves=21
num_cat=0
split_feature=37 37 29 28 19 13 19 19 29 37 37 29 19 29 29 19 9 37 37 37
split_gain=173.245 24.7721 17.0257 23.7014 15.0731 14.4336 12.106 5.28314 15.3181 4.89353 3.56442 1.18946 0.947203 1.42864 0.432913 0.834474 0.4266 0.233605 0.200765 0.0236027
threshold=-0.81674439241534058 0.99708247151434348 0.55429414669926913 0.020755637322990846 -0.95772725582126561 1.3440734267667229 0.43761099535384468 -0.27459863756046599 -0.15716204103522488 2.1084445962342691 -0.087019827504899783 0.031036353483505329 0.056972887554589562 0.11881274814264779 -0.50026514361871988 -0.54323978470450507 0.1530035466870783 0.29252082263530083 -0.52737085805430506 -0.68463908325052059
decision_type=2 2 2 2 2 2 2 2 2 2 2 2 2 2 2 2 2 2 2 2
left_child=2 10 4 -4 -1 6 -5 8 14 -3 18 -10 13 -9 -6 -16 -14 -12 19 -2
right_child=1 9 3 5 7 -7 -8 12 11 -11 17 -13 16 -15 15 -17 -18 -19 -20 -21
leaf_value=-0.066378336809345323 -0.0021291476411080699 0.032498687441869178 -0.10124376537620518 -0.031359655690318025 0.0041719261102844242 -0.070242337441341549 0.020366312249438818 0.0023923363237393544 -0.021636981266542926 0.064629057968177556 0.01144511586653468 -0.055903925536029027 -0.0032940860664669933 -0.01580215715333683 -0.011029718975054038 0.0038397957685782249 0.0086206859347720231 0.020291019404993553 0.0043128224601185301 0.00020184646199965592
leaf_weight=15.999999999999998 16.000000000000004 81 19 28 10.999999999999998 13.999999999999998 14.999999999999998 15.999999999999998 17 28 53 25 11.000000000000002 27 22.999999999999996 12.000000000000002 10.999999999999998 69 38 14.999999999999998
leaf_count=16 16 81 19 28 11 14 15 16 17 28 53 25 11 27 23 12 11 69 38 15
internal_value=-0.00261317 0.0241718 -0.0352329 -0.0558659 -0.0243178 -0.0324319 -0.0128889 -0.0175379 -0.0256415 0.0437528 0.0119703 -0.0466155 -0.00522947 -0.00942532 -0.0031895 -0.00594528 0.00298425 0.0172189 0.00196214 -0.00096255
internal_weight=545 300 245 76 169 57 43 153 88 109 191 42 65 43 46 35 22 122 69 31
internal_count=545 300 245 76 169 57 43 153 88 109 191 42 65 43 46 35 22 122 69 31
is_linear=0
shrinkage=0.0529975


Tree=40
num_leaves=21
num_cat=0
split_feature=37 37 29 19 29 38 29 37 9 19 29 29 37 45 19 37 37 37 37 37
split_gain=158.549 22.8029 16.8185 19.5541 40.7048 9.15782 8.34662 5.94103 2.42597 1.71788 2.46767 0.896698 0.787953 0.258336 0.253603 0.138763 0.0907602 0.0478766 0.0410978 0.000488855
threshold=-0.81674439241534058 1.6722873850234283 1.0939113685825921 -0.45332057286409322 -0.10741717961323992 -0.24281526106861553 0.52337296649648568 0.2275166228875313 -0.020266555036001721 -0.047937934349164608 -0.041886065940975194 -0.39613487478548931 -0.36590881351952459 -0.14095535302818379 0.12123585939265195 0.47495196386290883 2.1084445962342691 -0.68463908325052059 -0.20864058832330609 -0.56511523210139514
decision_type=2 2 2 2 2 2 2 2 2 2 2 2 2 2 2 2 2 2 2 2
left_child=2 7 3 4 8 -5 9 12 13 10 -7 -10 17 -1 -11 -9 -3 -2 -14 -19
right_child=1 16 -4 5 -6 6 -8 15 11 14 -12 -13 18 -15 -16 -17 -18 19 -20 -21
leaf_value=-0.032090249200671522 -0.0020470691457118097 0.033025418026728016 -0.075443879668262936 0.023614768596828758 -0.089524560337466308 0.0065254414423474068 -0.036555759330372736 0.012883058138909786 0.0037252851444315484 -0.001938472590500204 -0.018120654264495981 -0.011895608642514169 0.0032433569015573893 -0.010422667694744545 0.00639125531222856 0.024496650429513319 0.061808026879391902 0 0.0097605575281256175 0.0014090195289206875
leaf_weight=15.000000000000002 15.999999999999998 33 21 10.999999999999998 32 10.999999999999998 41 30 16.000000000000004 15.000000000000002 43 13.999999999999998 14.999999999999998 11.999999999999998 13.999999999999998 97 28 11.999999999999998 53 16.000000000000004
leaf_count=15 16 33 21 11 32 11 41 30 16 15 43 14 15 12 14 97 28 12 53 16
internal_value=-0.0025923 0.0230319 -0.0337974 -0.0279975 -0.0466634 -0.014181 -0.0185223 0.0148761 -0.0162591 -0.0076728 -0.0128333 -0.00413769 0.00545621 -0.0263161 0.00228928 0.0225103 0.0506909 -2.46351e-06 0.00879666 0.00111542
internal_weight=545 300 245 224 89 135 124 239 57 83 54 30 112 27 29 127 61 44 68 28
internal_count=545 300 245 224 89 135 124 239 57 83 54 30 112 27 29 127 61 44 68 28
is_linear=0
shrinkage=0.0529975


Tree=41
num_leaves=21
num_cat=0
split_feature=37 37 29 28 29 6 9 37 19 29 26 6 47 37 13 29 37 37 37 37
split_gain=144.638 20.532 15.8659 15.1831 20.586 8.62535 5.53149 5.07368 3.83775 6.20871 1.07067 1.02093 0.899516 0.633643 0.441569 0.355744 0.103406 0.0910678 0.0626164 0.00195634
threshold=-0.78948456671466416 1.6722873850234283 0.99250610888350865 -0.7132154924804589 -0.54213609959460229 -0.80800736895610803 -1.5624087533424216 0.2275166228875313 0.34004903709483209 0.29136380271561407 0.76428365057150949 -0.35546998807432423 -0.036118628440457261 -0.30090461377175504 -0.16311873427231305 0.11881274814264779 0.53366543460282967 2.1084445962342691 -0.60495651581777243 -0.44978520029083774
decision_type=2 2 2 2 2 2 2 2 2 2 2 2 2 2 2 2 2 2 2 2
left_child=2 7 3 4 -1 -4 -5 13 9 11 -11 15 14 18 -13 -8 -9 -3 -2 -20
right_child=1 17 5 6 -6 -7 8 16 -10 10 -12 12 -14 -15 -16 -17 -18 -19 19 -21
leaf_value=-0.0003260198497248245 -0.0010600479803811005 0.031544289494041533 -0.095374123850240994 -0.048641528346224851 -0.078402162266358474 -0.02359446937703312 0.0059152413230476042 0.012744596812546877 0.0063488878714198799 -0.03751574470808313 -0.014006662396119599 -0.008927740861522206 -0.017091583186204126 0.0091343244233475316 0.0014332642155343051 -0.0042882053249356277 0.023434870640932245 0.059110129878847485 0.00062738386993840107 0.0028748744318998535
leaf_weight=13.999999999999998 19 33 12.000000000000002 10.999999999999998 25 13.999999999999998 11.000000000000002 33 18 34 20 19 37 56 17 15.999999999999998 94 28 15.999999999999998 18
leaf_count=14 19 33 12 11 25 14 11 33 18 34 20 19 37 56 17 16 94 28 16 18
internal_value=-0.0025048 0.0222364 -0.0319874 -0.0259763 -0.0543085 -0.0686071 -0.0183698 0.0143966 -0.0148212 -0.0174845 -0.0311952 -0.00866884 -0.0117104 0.00547469 -0.00436268 0 0.0214095 0.0484598 0.000954117 0.00224449
internal_weight=545 297 248 222 39 26 183 236 172 154 54 100 73 109 36 27 127 61 53 34
internal_count=545 297 248 222 39 26 183 236 172 154 54 100 73 109 36 27 127 61 53 34
is_linear=0
shrinkage=0.0529975


Tree=42
num_leaves=21
num_cat=0
split_feature=37 37 29 19 29 38 29 37 9 19 29 29 37 19 37 45 19 37 37 37
split_gain=132.605 19.1843 14.8838 17.2782 35.7189 8.08885 7.28073 4.8393 2.29646 1.55383 2.15656 0.798949 0.560656 0.220701 0.199659 0.149663 0.111686 0.0902267 0.0389663 0.0123052
threshold=-0.81674439241534058 1.6722873850234283 1.0939113685825921 -0.45332057286409322 -0.10741717961323992 -0.24281526106861553 0.52337296649648568 0.1771907908247404 -0.020266555036001721 -0.047937934349164608 -0.041886065940975194 -0.39613487478548931 -0.36590881351952459 0.12123585939265195 0.5839912666656174 -0.14095535302818379 0.1923965634511757 2.1084445962342691 -0.68463908325052059 -0.20864058832330609
decision_type=2 2 2 2 2 2 2 2 2 2 2 2 2 2 2 2 2 2 2 2
left_child=2 7 3 4 8 -5 9 12 15 10 -7 -10 18 -11 -9 -1 -8 -3 -2 -14
right_child=1 17 -4 5 -6 6 16 14 11 13 -12 -13 19 -15 -16 -17 -18 -19 -20 -21
leaf_value=-0.02956018327843838 -0.0018108780928341763 0.030129585320243065 -0.070092733509162938 0.022773758436312009 -0.083242596238424046 0.0064021549981189687 -0.038051472404672305 0.012843757145880354 0.0041453911466131071 -0.0013042561409985283 -0.016536323541168973 -0.010529179469199144 0.0029643105286551101 0.0065034330663877689 0.02258331264721292 -0.0099221567359282607 -0.014570282181639015 0.056529997017467352 0.0010476539700311714 0.0084230043906305743
leaf_weight=15.000000000000002 15.999999999999998 33 21 10.999999999999998 32 10.999999999999998 28 45 16.000000000000004 15.000000000000002 43 13.999999999999998 14.999999999999998 13.999999999999998 88 11.999999999999998 12.999999999999998 28 28 47
leaf_count=15 16 33 21 11 32 11 28 45 16 15 43 14 15 14 88 12 13 28 28 47
internal_value=-0.0024736 0.0209605 -0.0310115 -0.0255853 -0.0431119 -0.0126391 -0.0167399 0.0134822 -0.0146924 -0.00664927 -0.0115744 -0.00312191 0.00456619 0.00273388 0.0200345 -0.0244331 -0.0335639 0.0463271 0 0.00758295
internal_weight=545 300 245 224 89 135 124 239 57 83 54 30 106 29 133 27 41 61 44 62
internal_count=545 300 245 224 89 135 124 239 57 83 54 30 106 29 133 27 41 61 44 62
is_linear=0
shrinkage=0.0529975


Tree=43
num_leaves=21
num_cat=0
split_feature=37 37 29 19 19 29 19 6 37 37 19 19 29 28 19 29 37 31 37 37
split_gain=121.087 17.6159 13.9641 15.4915 10.6389 7.25797 14.4119 7.24639 3.1482 2.09207 1.68873 1.40911 2.12925 0.419613 0.316483 0.616145 0.310696 0.298639 0.11815 0.0237872
threshold=-0.81674439241534058 1.2738745478596842 0.7731741465887918 0.12500767621502204 -0.95772725582126561 0.18888648312768833 -0.26555031205959151 -0.73947783872829453 0.049279300998485126 2.1084445962342691 0.18531090310476403 -0.22334124211903542 -0.15716204103522488 -0.33651806663970074 -0.54323978470450507 -0.50026514361871988 -0.44978520029083774 0.97117537728143455 0.45398286717008124 -0.68463908325052059
decision_type=2 2 2 2 2 2 2 2 2 2 2 2 2 2 2 2 2 2 2 2
left_child=2 8 4 -4 -1 11 -7 -5 16 -3 17 12 14 -14 15 -6 19 -8 -10 -2
right_child=1 9 3 7 5 6 10 -9 18 -11 -12 -13 13 -15 -16 -17 -18 -19 -20 -21
leaf_value=-0.05865095764303109 -0.0017410689272340874 0.028013963640773746 -0.097672511100570014 -0.05220617030429385 0.0042579841348229326 -0.061475230434828471 -0.021840229221060416 -0.0035403046627248656 0.011004526603836755 0.054062484602853698 -0.00047122436805023218 0.0051094516444735744 -0.023187894438910034 -0.0054176898940791543 0.004178779777860765 -0.0086021618524278164 0.0055995909544101392 -0.0071264641263598409 0.018936086922844104 0.00049897063911691244
leaf_weight=15.999999999999998 15.999999999999998 59 11.999999999999998 11.000000000000002 10.999999999999995 21 33 20 51 28 21 18 21 10.999999999999998 11.999999999999998 23.000000000000004 50 14.999999999999998 74 22
leaf_count=16 16 59 12 11 11 21 33 20 51 28 21 18 21 11 12 23 50 15 74 22
internal_value=-0.00239957 0.0199935 -0.0296701 -0.0561485 -0.0225438 -0.0176666 -0.0280699 -0.0266604 0.0111656 0.0394179 -0.0137075 -0.00676824 -0.00976148 -0.0190822 -0.00169029 -0.0042523 0.00307702 -0.0186736 0.0164052 -0.000394196
internal_weight=545 300 245 43 202 186 90 31 213 87 69 96 78 32 46 34 88 48 125 38
internal_count=545 300 245 43 202 186 90 31 213 87 69 96 78 32 46 34 88 48 125 38
is_linear=0
shrinkage=0.0529975


Tree=44
num_leaves=22
num_cat=0
split_feature=37 37 29 19 29 38 29 37 19 19 29 29 31 37 37 31 29 37 37 29 37
split_gain=111.146 16.192 13.4498 15.172 30.8151 7.22274 6.34757 3.94049 3.27442 1.3607 1.88305 0.710297 0.466669 0.402114 0.249209 0.210457 0.119091 0.0717869 0.0269319 0.0184735 0.00964831
threshold=-0.81674439241534058 1.6722873850234283 1.0939113685825921 -0.45332057286409322 -0.10741717961323992 -0.24281526106861553 0.52337296649648568 0.1436402361162151 -0.95772725582126561 -0.047937934349164608 -0.041886065940975194 -0.35880181257487692 0.97117537728143455 -0.40155627789733084 0.5839912666656174 0.66856331366879385 -0.50026514361871988 2.1084445962342691 -0.68463908325052059 0.20235630727881282 -0.30090461377175504
decision_type=2 2 2 2 2 2 2 2 2 2 2 2 2 2 2 2 2 2 2 2 2
left_child=2 7 3 4 8 -5 9 13 -1 10 -7 16 -8 18 -9 -11 -10 -3 -2 -12 -15
right_child=1 17 -4 5 -6 6 12 14 11 15 19 -13 -14 20 -16 -17 -18 -19 -20 -21 -22
leaf_value=-0.033590978142552977 -0.0016739507668873457 0.027521954322869621 -0.065553678295994705 0.022066206392399507 -0.07707876246875757 0.0062610394559262459 -0.035710605903110301 0.011561961302206764 0.0041119364403666946 -0.00072169202519251627 -0.0091125535865601709 -0.011151210647737893 -0.012146253962660726 0.0023929307768246057 0.020390185683676055 0.0069788601014710485 -0.001853175371367292 0.051702677615170348 0.00070423364481715992 -0.019608817615747849 0.0071093005568846779
leaf_weight=10.999999999999998 15.999999999999998 33 21 10.999999999999998 32 10.999999999999998 28 51 10.999999999999998 17.000000000000004 27 21.000000000000004 12.999999999999998 14.999999999999998 88 11.999999999999998 13.999999999999998 28 25 15.999999999999998 44
leaf_count=11 16 33 21 11 32 11 28 51 11 17 27 21 13 15 88 12 14 28 25 16 44
internal_value=-0.00239502 0.0190596 -0.0285215 -0.0234008 -0.0398102 -0.0113003 -0.0151953 0.012193 -0.0134313 -0.00580464 -0.0104271 -0.00515827 -0.0308907 0.00375178 0.0178113 0.00291497 0.000833859 0.0423597 -0.000170386 -0.0150825 0.00634908
internal_weight=545 300 245 224 89 135 124 239 57 83 54 46 41 100 139 29 25 61 41 43 59
internal_count=545 300 245 224 89 135 124 239 57 83 54 46 41 100 139 29 25 61 41 43 59
is_linear=0
shrinkage=0.0529975


Tree=45
num_leaves=24
num_cat=0
split_feature=43 39 29 19 36 28 29 30 6 29 39 30 29 29 33 19 19 29 6 30 39 39 16
split_gain=101.568 14.4535 12.5485 13.5054 16.0482 9.96424 13.996 5.22222 2.58813 3.92296 1.62953 1.10277 1.02806 0.88065 0.78199 0.594406 0.504779 0.490135 0.237186 0.0942846 0.0705839 0.0313527 0.0158691
threshold=1.0000000180025095e-35 0.96953901473456838 0.71547010596101057 0.12500767621502204 -1.6310829249917118 -0.7132154924804589 -0.54213609959460229 -0.3306594747614941 0.46114156163059888 0.19471766191415443 -0.043054272318594086 -0.17828588221193531 -0.15716204103522488 0.056565116237184652 -0.79721938526581937 0.036099156447675855 -0.32205160727889987 0.37014666599639606 -0.14593159087710691 -0.47726024075960333 -0.36394965021240538 0.13900033653651447 -0.28057763578010647
decision_type=2 2 2 2 2 2 2 2 2 2 2 2 2 2 2 2 2 2 2 2 2 2 2
left_child=2 10 5 -4 -5 6 -1 -6 11 12 19 -7 -10 18 -3 -15 -14 -17 -13 -2 22 -12 -21
right_child=1 14 3 4 7 8 -8 -9 9 -11 21 13 16 15 -16 17 -18 -19 -20 20 -22 -23 -24
leaf_value=0.00022147279716707748 0.0050028405476872911 0.04444521494309471 -0.087423306427580144 -0.062537736010927922 0.023956357968913825 0.0039514064057451243 -0.063366822561373159 -0.017025866101248784 0.0007927343648557331 -0.038101784177729636 0.0066597603216710169 0.0034589963107945179 -0.020067719536522109 -0.017403485867374908 0.025762153763165208 0.0026766698035668489 -0.0030249917635671222 -0.0099288766108913389 -0.0051212707549514068 -0.0020452379733239649 0.0025961052866229784 0.013530296923427741 0
leaf_weight=13.999999999999998 17 31 13.999999999999998 11.999999999999995 10.999999999999998 17 24 12.000000000000005 15.999999999999998 20 26 13.000000000000002 14.999999999999998 31 77 11.000000000000002 11.000000000000002 12.999999999999998 10.999999999999998 11.000000000000002 23 96 19
leaf_count=14 17 31 14 12 11 17 24 12 16 20 26 13 15 31 77 11 11 13 11 11 23 96 19
internal_value=-0.00232936 0.0181799 -0.0273049 -0.0505456 -0.0249946 -0.0201321 -0.0429436 0.0032343 -0.0132337 -0.0213661 0.00892201 -0.00696561 -0.00948668 -0.00951005 0.033242 -0.0129022 -0.0149938 -0.00453836 -0.000478392 0.00209781 0.000633831 0.0125012 -0.0008584
internal_weight=545 300 245 49 35 196 38 23 158 62 192 96 42 79 108 55 26 24 24 70 53 122 30
internal_count=545 300 245 49 35 196 38 23 158 62 192 96 42 79 108 55 26 24 24 70 53 122 30
is_linear=0
shrinkage=0.0529975


Tree=46
num_leaves=22
num_cat=0
split_feature=37 37 29 19 29 38 29 37 19 19 29 29 31 37 31 29 37 37 29 37 37
split_gain=93.1092 13.8995 12.2459 13.4535 26.8112 6.53664 5.42134 3.5517 2.92338 1.16372 1.64737 0.633087 0.524899 0.507685 0.190444 0.106022 0.0347251 0.0217629 0.0205094 0.00589156 0.00138793
threshold=-0.81674439241534058 1.7100317590705216 1.0939113685825921 -0.45332057286409322 -0.10741717961323992 -0.24281526106861553 0.52337296649648568 0.27574554528103529 -0.95772725582126561 -0.047937934349164608 -0.041886065940975194 -0.35880181257487692 0.97117537728143455 -0.33445516848028017 0.66856331366879385 -0.50026514361871988 -0.68463908325052059 -0.14783020791410453 0.20235630727881282 0.67415838244478266 -0.56511523210139514
decision_type=2 2 2 2 2 2 2 2 2 2 2 2 2 2 2 2 2 2 2 2 2
left_child=2 7 3 4 8 -5 9 13 -1 10 -7 15 -8 16 -11 -10 -2 -15 -12 -9 -18
right_child=1 -3 -4 5 -6 6 12 19 11 14 18 -13 -14 17 -16 -17 20 -19 -20 -21 -22
leaf_value=-0.031256741323880684 -0.0016110869837643478 0.040717410515466457 -0.061444885074472738 0.021618704034628754 -0.071570668101588755 0.0061298934088210768 -0.032916900456602602 0.011551309613272021 0.0041514849293816849 -0.00054651143022680976 -0.008248839608372794 -0.010151769004133088 -0.010605676204207251 0.002988279838461054 0.0067855280079414868 -0.0014635884207351098 0 0.0079259833296162711 -0.017932646513368119 0.019413468434760509 0.001331832823995663
leaf_weight=10.999999999999998 15.999999999999998 53 21 10.999999999999998 32 10.999999999999998 28 44 10.999999999999998 17.000000000000004 27 21.000000000000004 12.999999999999998 19 11.999999999999998 13.999999999999998 11.999999999999998 53 15.999999999999998 84 19.000000000000004
leaf_count=11 16 53 21 11 32 11 28 44 11 17 27 21 13 19 12 14 12 53 16 84 19
internal_value=-0.00231551 0.0173215 -0.0262281 -0.0213802 -0.0368163 -0.0100213 -0.0137496 0.0114277 -0.0122389 -0.005089 -0.00937472 -0.00447661 -0.0282471 0.00442034 0.00293066 0.00110688 0 0.00704245 -0.0137484 0.0174008 0.0010455
internal_weight=545 300 245 224 89 135 124 247 57 83 54 46 41 119 29 25 47 72 43 128 31
internal_count=545 300 245 224 89 135 124 247 57 83 54 46 41 119 29 25 47 72 43 128 31
is_linear=0
shrinkage=0.0529975


Tree=47
num_leaves=19
num_cat=0
split_feature=37 37 29 19 29 38 19 29 37 29 29 19 37 19 29 34 37 37
split_gain=84.9713 12.6377 11.285 12.4999 24.2716 5.32693 4.78354 4.633 3.49034 1.42896 0.583849 0.692825 0.527825 0.245926 0.465262 0.235947 0.0516412 0.00569574
threshold=-0.81674439241534058 1.8001988748496838 1.0939113685825921 -0.27139899128830619 0.092064071066336753 -0.24281526106861553 -0.95772725582126561 0.58687950133281286 0.34913738370593445 -0.15716204103522488 0.26696810119628295 0.12123585939265195 -0.30090461377175504 -0.54323978470450507 -0.50026514361871988 -0.19284966944578177 -0.68463908325052059 -0.56511523210139514
decision_type=2 2 2 2 2 2 2 2 2 2 2 2 2 2 2 2 2 2
left_child=2 8 3 4 6 -5 -1 10 12 13 15 -12 16 14 -8 -7 -2 -18
right_child=1 -3 -4 5 -6 7 9 -9 -10 -11 11 -13 -14 -15 -16 -17 17 -19
leaf_value=-0.038230748494651502 -0.0015489797439940198 0.040334136724541725 -0.058911773308682927 0.020877187321429978 -0.067130928902618001 0.0059463032167564513 0.0040090900742425894 -0.025858235962865253 0.017256153761165405 -0.016618401078863212 -0.012355976576814781 0.0014415576328478921 0.0074376842014970213 0.0041505676982248538 -0.0070970074964715165 -0.0016331050236446114 0 0.0018900915867543051
leaf_weight=12.999999999999998 15.999999999999998 47 21 10.999999999999998 33 15.999999999999998 10.999999999999995 33 127 21 19 13.999999999999998 70 11.999999999999998 23.000000000000004 18 11.999999999999995 28.000000000000004
leaf_count=13 16 47 21 11 33 16 11 33 127 21 19 14 70 12 23 18 12 28
internal_value=-0.00226445 0.0164948 -0.0251081 -0.0204553 -0.0324605 -0.00713677 -0.014394 -0.0112909 0.0112079 -0.00691273 -0.00248554 -0.00700178 0.00455172 -0.000942045 -0.00326687 0.00211579 0.00046113 0.00151414
internal_weight=545 300 245 224 113 111 80 100 253 67 67 33 126 46 34 34 56 40
internal_count=545 300 245 224 113 111 80 100 253 67 67 33 126 46 34 34 56 40
is_linear=0
shrinkage=0.0529975


Tree=48
num_leaves=21
num_cat=0
split_feature=37 37 13 30 39 19 30 45 37 47 34 26 14 12 19 37 37 37 4 37
split_gain=77.4331 11.5161 9.45035 9.62093 8.08117 5.25714 3.22502 3.18228 2.61634 2.22369 1.45114 1.3723 1.29829 0.830288 0.705648 0.598297 0.233125 0.225356 0.180322 0.0164557
threshold=-0.81674439241534058 1.6722873850234283 0.37868236936917049 0.51871690791773173 -1.1558530955085182 0.34004903709483209 1.0909449037682633 1.221717239439402 0.10170204273055711 1.0000000180025095e-35 0.47583688578149524 0.73125598756907617 -0.70385008647383096 0.53181816397511239 -0.05482424643904913 2.1084445962342691 -0.44978520029083774 0.47495196386290883 -0.034959809805857743 -0.68463908325052059
decision_type=2 2 2 2 2 2 2 2 2 2 2 2 2 2 2 2 2 2 2 2
left_child=2 8 5 4 -4 6 10 9 16 -6 12 -11 13 -1 -12 -3 19 -10 -14 -2
right_child=1 15 3 -5 7 -7 -8 -9 17 11 14 -13 18 -15 -16 -17 -18 -19 -20 -21
leaf_value=-0.020942020017354696 -0.0014892667050181436 0.021964833916113712 -0.057462056562279644 -0.064527100887167926 0.0010438963154418995 0.013639179764788312 -0.035682659386794324 0.006833685526699931 0.0087410226495157721 -0.029716138265216206 -0.0240575581753435 -0.0077472819569386888 0.0041109844526030209 -0.0014397765444122742 -0.0070485900503517909 0.044230118435677389 0.004696742887331587 0.016247478744058384 -0.0024157999594344799 0.00034510046810518091
leaf_weight=12.000000000000002 15.999999999999998 33 11.999999999999998 22 10.999999999999998 12.999999999999998 18 11.999999999999998 48 34 27 18 19 11.999999999999998 19 28 56 97 15.999999999999998 22
leaf_count=12 16 33 12 22 11 13 18 12 48 34 27 18 19 12 19 28 56 97 16 22
internal_value=-0.00221595 0.0156919 -0.0240227 -0.0354911 -0.0243862 -0.0136714 -0.0171119 -0.0151456 0.00990818 -0.0196634 -0.0121096 -0.0238192 -0.00554116 -0.0136609 -0.0187895 0.0353332 0.00268094 0.0142546 0.00104 -0.000366218
internal_weight=545 300 245 109 87 136 123 75 239 63 105 52 59 24 46 61 94 145 35 38
internal_count=545 300 245 109 87 136 123 75 239 63 105 52 59 24 46 61 94 145 35 38
is_linear=0
shrinkage=0.0529975


Tree=49
num_leaves=21
num_cat=0
split_feature=37 29 28 36 37 19 19 37 19 29 29 9 19 29 37 29 19 7 37 37
split_gain=70.9155 10.5208 18.46 11.7408 10.2092 10.0279 9.8272 2.63102 2.33262 6.48101 1.00285 0.654377 0.611668 0.736057 0.378139 0.271954 0.242063 0.0864585 0.0324677 0.00040295
threshold=-0.75383710233685208 0.55429414669926913 0.020755637322990846 -1.6310829249917118 1.8777845326131508 0.53717754361396441 -0.95772725582126561 0.40785085444585817 -0.12459461559622249 0.20235630727881282 -0.060961219973233179 0.26302158581422697 -0.53091630390676692 -0.39613487478548931 -0.14783020791410453 0.28237332503594575 -0.26555031205959151 0.8761735751477443 -0.52737085805430506 -0.63011943184916475
decision_type=2 2 2 2 2 2 2 2 2 2 2 2 2 2 2 2 2 2 2 2
left_child=1 6 -3 -4 7 17 -1 14 9 10 12 15 13 -8 18 -10 -12 -5 19 -2
right_child=4 2 3 5 -6 -7 8 -9 11 -11 16 -13 -14 -15 -16 -17 -18 -19 -20 -21
leaf_value=-0.048041597358725381 -0.00024947092817663539 -0.077541306926359327 -0.053214161974334991 -0.024868210270052461 0.037579876909166199 0.028062131305114004 0.0019447765201221999 0.016063996847765553 0.0018326750175698501 -0.035765473967045339 -0.015429007641590871 0.0087414859868659312 0.0058588553183374784 -0.010720509767448943 0.0074434170028727558 -0.0066624540215877862 -0.0032149451620237892 -0.0098188462349776198 0.0022956011994829228 2.5563529203766728e-05
leaf_weight=15.999999999999998 12.000000000000002 19 13.999999999999998 13.000000000000002 44 12.999999999999998 20.999999999999996 123 12.999999999999998 22 22 12.999999999999998 17 20.000000000000004 67 19 11.999999999999998 18 35 11.999999999999998
leaf_count=16 12 19 14 13 44 13 21 123 13 22 22 13 17 20 67 19 12 18 35 12
internal_value=-0.00217387 -0.0225205 -0.0384506 -0.0194702 0.015403 -0.00349913 -0.0144311 0.0106652 -0.00938351 -0.0132468 -0.00593159 0.000673256 -0.00121086 -0.00466436 0.00485172 -0.0032829 -0.0124211 -0.0193264 0.00138595 0
internal_weight=545 252 77 58 293 44 175 249 159 114 92 45 58 41 126 32 34 31 59 24
internal_count=545 252 77 58 293 44 175 249 159 114 92 45 58 41 126 32 34 31 59 24
is_linear=0
shrinkage=0.0529975


Tree=50
num_leaves=21
num_cat=0
split_feature=37 29 37 19 29 6 9 37 38 29 44 19 29 9 19 7 37 19 37 37
split_gain=64.9181 9.74261 9.33614 9.17816 11.9566 7.33188 2.9963 2.48168 2.28255 3.23299 2.13805 0.964836 1.15555 0.436022 0.428701 0.42162 0.403604 0.159141 0.0303523 0.00129533
threshold=-0.75383710233685208 0.96361458521015575 1.9218196356680928 -0.68361382853397312 -0.25359189156537315 -0.80800736895610803 -1.4880454783536858 0.47495196386290883 -0.16222339301724051 0.47796017511591082 1.0000000180025095e-35 -0.047937934349164608 1.0000000180025095e-35 0.12359606136457299 -0.53091630390676692 0.84691737639410036 -0.14783020791410453 -0.34390726110670761 -0.44978520029083774 -0.63011943184916475
decision_type=2 2 2 2 2 2 2 2 2 2 2 2 2 2 2 2 2 2 2 2
left_child=1 3 7 4 10 -3 -5 16 -8 11 -1 12 14 -13 -10 -11 18 -14 19 -2
right_child=2 5 -4 6 -6 -7 8 -9 9 15 -12 13 17 -15 -16 -17 -18 -19 -20 -21
leaf_value=-0.020125586049166411 -0.00024065502491886934 -0.071954805803369673 0.036669898616699975 -0.031795810847779049 -0.063454805207381101 -0.015574113908642315 0.0094342628258137634 0.015813618309064293 -0.0064538063144606245 -0.028463597824467158 0.0057037271435934882 -0.0032996686955766969 -0.019477075175983304 0.0078043183094360039 0.0024380385695304792 -0.0086587996188441738 0.0074057999407602789 -0.0079346691459342943 0.0024191270653368727 0.00032226343287758668
leaf_weight=14.000000000000002 12.000000000000002 13.000000000000002 41 11.999999999999998 19 17 13.999999999999998 117 21.999999999999996 20 11.999999999999998 13.000000000000002 12.999999999999998 14.999999999999998 27.000000000000004 12.999999999999998 76 28 28 19
leaf_count=14 12 13 41 12 19 17 14 117 22 20 12 13 13 15 27 13 76 28 28 19
internal_value=-0.00215999 -0.0216269 0.0146575 -0.0168453 -0.0369817 -0.0481164 -0.0106437 0.01028 -0.00800342 -0.00996324 -0.00915128 -0.0052081 -0.00778119 0.00277077 -0.00169561 -0.0233719 0.00496608 -0.0137613 0.00132263 0
internal_weight=545 252 293 222 45 30 177 252 165 151 26 118 90 28 49 33 135 41 59 31
internal_count=545 252 293 222 45 30 177 252 165 151 26 118 90 28 49 33 135 41 59 31
is_linear=0
shrinkage=0.0529975


Tree=51
num_leaves=23
num_cat=0
split_feature=37 29 19 29 37 38 19 29 37 37 19 29 29 31 9 37 35 37 29 29 2 37
split_gain=59.6214 9.83514 10.3898 20.1606 8.92378 4.9652 3.85939 3.76062 1.60114 1.20247 0.790798 1.15877 0.612667 0.581 0.308718 0.139134 0.112194 0.0956586 0.0836793 0.0635158 0.0129671 0.0115051
threshold=-0.81674439241534058 1.0939113685825921 -0.45332057286409322 0.061826384744403794 1.5213098888350618 -0.24281526106861553 -0.95772725582126561 0.52337296649648568 0.049279300998485126 2.1084445962342691 -0.047937934349164608 -0.041886065940975194 -0.35880181257487692 0.97117537728143455 0.23699458342849308 -0.44978520029083774 -1.0000000180025095e-35 0.6531892857519549 -0.50026514361871988 0.20235630727881282 -0.20670135596499742 -0.68463908325052059
decision_type=2 2 2 2 2 2 2 2 2 2 2 2 2 2 2 2 2 2 2 2 2 2
left_child=1 2 3 6 8 -4 -1 10 15 -6 11 -7 18 -9 -12 21 -14 -10 -8 20 -13 -2
right_child=4 -3 5 -5 9 7 12 13 17 -11 14 19 16 -15 -16 -17 -18 -19 -20 -21 -22 -23
leaf_value=-0.032688514948234118 -0.001227622015745951 -0.052600238358204793 0.020228378739495175 -0.065992899474022287 0.018821923074487368 0.005874258215271367 0.00432775295420926 -0.02678104553945234 0.008170579795105954 0.039058517532046554 -0.0014127786064653154 -0.0079884985060276973 -0.011636651153065438 -0.0073522585309149938 0.0078783769096143572 0.0036911634161503337 -0.0023808894536026721 0.013740043137791964 -0.00065890915988175069 -0.014297139499683384 -0.002503597813444787 0.00029092096949121031
leaf_weight=12.999999999999998 15.999999999999998 21 10.999999999999998 25 46 10.999999999999998 11.000000000000002 28 72 28 16.000000000000004 10.999999999999995 14 12.999999999999998 12.999999999999998 50 12.000000000000004 66 13.999999999999995 15.999999999999998 16.000000000000007 22
leaf_count=13 16 21 11 25 46 11 11 28 72 28 16 11 14 13 13 50 12 66 14 16 16 22
internal_value=-0.00215611 -0.0212903 -0.0170298 -0.030555 0.0135583 -0.00714338 -0.0121448 -0.0104463 0.00788078 0.0289201 -0.00330227 -0.006875 -0.00389749 -0.0224934 0.0031889 0.0019983 -0.00882985 0.011344 0.00172264 -0.0105988 -0.00599552 -0.000269883
internal_weight=545 245 224 89 300 135 64 124 226 74 83 54 51 41 29 88 26 138 25 43 27 38
internal_count=545 245 224 89 300 135 64 124 226 74 83 54 51 41 29 88 26 138 25 43 27 38
is_linear=0
shrinkage=0.0529975


Tree=52
num_leaves=21
num_cat=0
split_feature=37 29 35 1 37 19 29 19 37 37 19 29 1 29 31 4 19 37 37 37
split_gain=54.5734 9.06409 13.5719 8.4322 8.1619 7.49428 3.99887 9.70742 1.45022 1.11559 0.940735 1.12784 0.762668 0.431115 0.420613 0.285575 0.22691 0.135338 0.0925748 0.0106747
threshold=-0.81674439241534058 0.74954040166073665 -0.075187709818658785 0.4797293403913509 1.5213098888350618 -1.084056395528697 -0.020202083740976092 -0.34390726110670761 1.0000000180025095e-35 2.1084445962342691 0.21046452638556939 0.26696810119628295 -0.49608686814034797 -0.36400999389897842 0.97117537728143455 0.20918801266748963 -0.079993913381877391 0.62592946005127559 -0.44978520029083774 -0.68463908325052059
decision_type=2 2 2 2 2 2 2 2 2 2 2 2 2 2 2 2 2 2 2 2
left_child=1 5 -3 -4 8 -1 12 -8 18 -6 11 16 -7 -14 -13 -15 -9 -10 19 -2
right_child=4 2 3 -5 9 6 7 10 17 -11 -12 14 13 15 -16 -17 -18 -19 -20 -21
leaf_value=-0.049068841573876504 -0.0011802973017691662 0.0024291882320777026 -0.086027315295503365 -0.02371580771476969 0.017939445171800159 0.0074843328125554359 -0.04062309134811258 -0.0043439877115632195 0.0075287944150053783 0.037353628179964418 0.0036990515145744239 -0.016813554115679336 0.001996779275366148 -0.01057572603195062 -0.0025274663552686963 -0.0003848159608475054 0.0033615568709660778 0.012964891469514819 0.0030627155803560234 0.00027880521066475747
leaf_weight=10.999999999999998 15.999999999999998 13.999999999999998 11.999999999999998 20 46 17 29 18.000000000000004 77 28 14.999999999999998 34 18 19 10.999999999999998 13.999999999999998 12.999999999999998 69 42 22
leaf_count=11 16 14 12 20 46 17 29 18 77 28 15 34 18 19 11 14 13 69 42 22
internal_value=-0.002104 -0.0204103 -0.0406977 -0.0571552 0.0129303 -0.0146334 -0.0111282 -0.0167211 0.00750009 0.027622 -0.00699155 -0.00930293 -0.00060864 -0.00393243 -0.0141662 -0.0071554 -0.000902735 0.010554 0.00149823 -0.000253932
internal_weight=545 245 46 32 300 199 188 120 226 74 91 76 68 51 45 33 31 146 80 38
internal_count=545 245 46 32 300 199 188 120 226 74 91 76 68 51 45 33 31 146 80 38
is_linear=0
shrinkage=0.0529975


Tree=53
num_leaves=23
num_cat=0
split_feature=37 29 19 29 37 38 29 19 37 19 29 29 37 9 31 37 37 9 29 29 17 37
split_gain=50.0729 8.9673 9.29093 17.3769 7.48838 4.53225 3.23429 2.95942 1.56592 0.729101 1.00022 0.72525 0.56842 0.45103 0.381887 0.151443 0.137218 0.0933279 0.0823683 0.0772121 0.0154236 0.0250912
threshold=-0.81674439241534058 1.0939113685825921 -0.45332057286409322 0.092064071066336753 1.6722873850234283 -0.24281526106861553 0.58687950133281286 -0.95772725582126561 0.10170204273055711 -0.12459461559622249 1.0000000180025095e-35 -0.35880181257487692 2.1084445962342691 -0.23219308055222279 0.97117537728143455 0.67415838244478266 -0.40155627789733084 0.26302158581422697 -0.15716204103522488 -0.50026514361871988 0.37665426595076323 -0.63011943184916475
decision_type=2 2 2 2 2 2 2 2 2 2 2 2 2 2 2 2 2 2 2 2 2 2
left_child=1 2 3 7 8 -4 9 -1 16 10 -7 19 -6 -11 -8 -10 20 -15 -13 -9 21 -2
right_child=4 -3 5 -5 12 6 14 11 15 13 -12 18 -14 17 -16 -17 -18 -19 -20 -21 -22 -23
leaf_value=-0.030146255379407957 -0.002299905739607846 -0.049426683900573309 0.019843012542385286 -0.06292939025285782 0.01706508780834573 0.0018170463908219173 -0.025680730911440769 0.0040423789887393613 0.0075890922251554008 -0.0053275466927016181 -0.013054070721591888 -0.0042603356785185413 0.035723156763557133 0.00077844986031298162 -0.0068964885477251396 0.013295999190876946 0.0037028734712552551 0.007110334113814034 -0.013546418009419645 -0.00073132655423106721 0.0010442833795332852 0.00017281197303487935
leaf_weight=12.999999999999998 11.999999999999998 21 10.999999999999998 23 33 17 24 11.000000000000002 69 12.999999999999998 28 17 28 16.000000000000004 10.999999999999998 76 53 14.999999999999998 11.000000000000005 13.999999999999995 10.999999999999998 18.000000000000004
leaf_count=13 12 21 11 23 33 17 24 11 69 13 28 17 28 16 11 76 53 15 11 14 11 18
internal_value=-0.00207026 -0.0196054 -0.0155636 -0.028343 0.0123309 -0.00624198 -0.00941827 -0.0119557 0.0076707 -0.0033983 -0.00774606 -0.00476496 0.0281645 0.0013043 -0.0218197 0.0110358 0.00205954 0.00468692 -0.00985979 0.00151945 -0.000117558 -0.000840598
internal_weight=545 245 224 89 300 135 124 66 239 89 45 53 61 44 35 145 94 31 28 25 41 30
internal_count=545 245 224 89 300 135 124 66 239 89 45 53 61 44 35 145 94 31 28 25 41 30
is_linear=0
shrinkage=0.0529975


Tree=54
num_leaves=25
num_cat=0
split_feature=39 30 39 19 39 37 39 37 30 9 9 34 11 1 31 13 47 37 26 46 31 9 7 26
split_gain=45.8589 8.48391 10.7817 9.84315 6.74601 6.07347 1.3823 1.37595 1.37059 1.15538 1.13806 1.0549 1.87017 0.50663 0.29636 0.268531 0.141705 0.127456 0.179862 0.113997 0.0376196 0.0225583 0.0142424 0.026429
threshold=-0.43696225152990481 0.51871690791773173 -1.1558530955085182 0.73874316106931182 -0.66293115134980962 2.003599112770122 -0.75589987518680701 0.67415838244478266 -0.2145055800327397 -0.48086157001586738 -0.013613883497124732 1.0000000180025095e-35 0.56921887989089426 -0.14944474669860638 -0.26480786765853631 -0.41924289235737794 -0.036118628440457261 -0.087019827504899783 -0.40626976992395725 -0.18832435130588573 0.94639197622347437 0.28561775879472229 1.0209363665892022 0.43103031203003944
decision_type=2 2 2 2 2 2 2 2 2 2 2 2 2 2 2 2 2 2 2 2 2 2 2 2
left_child=1 2 -1 6 11 7 8 17 14 -10 -6 12 -3 21 -4 -8 -12 18 -2 -17 -15 -11 23 -20
right_child=5 4 3 -5 10 -7 15 -9 9 13 16 -13 -14 20 -16 19 -18 -19 22 -21 -22 -23 -24 -25
leaf_value=-0.049615968999232991 0.0071334253477633404 -0.0040969659214762965 -0.0073768434550141948 0.032644002445356458 -0.019830550655843385 0.032190748575083861 -0.0068424948925152017 0.014084079885988829 -0.028277331956262405 -0.00061489912696219545 0.0020839212142579086 -0.055053347139761746 -0.033971958027249713 -0.0176121085614405 0.0017067296211130292 0.0031030734917199959 -0.0046905871604658728 0.0067786106918373452 -0.00015531863888216545 -0.0020138841934324086 -0.005929456014649729 -0.0050079474129218048 -0.00079439810283430735 0.0024998834968833119
leaf_weight=11.999999999999998 10.999999999999998 11.000000000000002 12.000000000000002 10.999999999999998 12.999999999999998 35 18 102 17 11.000000000000002 10.999999999999998 21 18 21 17 15.999999999999998 11.000000000000002 92 15.000000000000002 21 11.999999999999998 14.999999999999998 10.999999999999998 10.999999999999998
leaf_count=12 11 11 12 11 13 35 18 102 17 11 11 21 18 21 17 16 11 92 15 21 12 15 11 11
internal_value=-0.00201809 -0.0174634 -0.0103963 -0.00601691 -0.0309138 0.0129541 -0.00980014 0.00943265 -0.0132391 -0.0167811 -0.0102695 -0.0425929 -0.0254833 -0.0110579 -0.00247235 -0.00246419 -0.001333 0.00555663 0.00259247 0.000160576 -0.015108 -0.0038312 0.000273434 0.00100771
internal_weight=545 268 183 171 85 277 160 242 105 76 35 50 29 59 29 55 22 140 48 37 33 26 37 26
internal_count=545 268 183 171 85 277 160 242 105 76 35 50 29 59 29 55 22 140 48 37 33 26 37 26
is_linear=0
shrinkage=0.0529975


Tree=55
num_leaves=24
num_cat=0
split_feature=37 29 19 13 19 19 37 26 29 37 1 45 29 28 29 7 15 19 5 13 37 37 37
split_gain=41.9939 7.72125 15.6266 11.9215 8.32146 7.80844 6.07701 2.13911 1.71045 1.24061 0.867975 0.444181 0.481443 0.949227 0.465384 0.409492 0.352313 0.335287 0.261325 0.188388 0.145131 0.0206383 0.0094567
threshold=-0.75383710233685208 0.55429414669926913 -0.036067908672949726 1.1372039144672474 0.56461929902412689 -1.084056395528697 1.7100317590705216 -0.66871801552839083 -0.060961219973233179 0.27574554528103529 1.0844893855948197 -0.59517955051737881 -0.34583423269224073 -0.071462254183915774 -0.041886065940975194 0.75838092719554961 -1.1937383797473988 -0.079993913381877391 -0.7305514475155096 0.13240914044122343 -0.30090461377175504 0.73916258219255215 -0.57350287077852791
decision_type=2 2 2 2 2 2 2 2 2 2 2 2 2 2 2 2 2 2 2 2 2 2 2
left_child=1 5 -3 4 15 -1 9 8 -7 20 11 14 -13 19 -9 -4 -12 -16 -8 -14 22 -11 -2
right_child=6 2 3 -5 -6 7 18 10 -10 21 16 12 13 -15 17 -17 -18 -19 -20 -21 -22 -23 -24
leaf_value=-0.045304807483775522 -1.275441976337102e-05 -0.071599967414657253 -0.019924743556729602 -0.045962723656481276 0.030060628887076439 -0.0024598161879592147 0.037116554847637546 0.0092230211085251312 -0.024674602662275565 0.0073830811809629431 -0.0015755860682502151 0.0045268316649802664 -0.015850972473165727 0.0025511149973076524 -0.0056095341476427871 -0.005378469941605379 -0.014068783376459506 0.0044723677868312734 0.01829525435983731 -0.0032766916932326297 0.0047023500569737635 0.012560947048574765 0.0011560913937335017
leaf_weight=10.999999999999998 18 14.999999999999998 12.999999999999998 18 11.999999999999998 18 14.999999999999998 15.999999999999998 23 50 13.000000000000002 10.999999999999998 11.999999999999998 18.000000000000004 14 19 17 11 38 10.999999999999998 63 78 31
leaf_count=11 18 15 13 18 12 18 15 16 23 50 13 11 12 18 14 19 17 11 38 11 63 78 31
internal_value=-0.00199572 -0.0176522 -0.0312328 -0.0159109 0.000281481 -0.0108014 0.0115305 -0.00692962 -0.0166286 0.00751792 -0.00301977 -0.000223329 -0.00337625 -0.00595226 0.00354744 -0.0136835 -0.0100134 -0.000941131 0.0269715 -0.0119993 0.00310951 0.0110114 0.000645142
internal_weight=545 252 77 62 44 175 293 164 41 240 123 93 52 41 41 32 30 25 53 23 112 128 49
internal_count=545 252 77 62 44 175 293 164 41 240 123 93 52 41 41 32 30 25 53 23 112 128 49
is_linear=0
shrinkage=0.0529975


Tree=56
num_leaves=25
num_cat=0
split_feature=39 30 29 39 30 37 29 19 19 37 26 19 29 29 31 29 19 9 34 37 26 29 39 7
split_gain=38.7101 7.52371 11.8729 9.46109 8.67543 5.18774 4.07955 3.91077 2.14295 1.09694 0.739106 0.468401 0.360563 0.274553 0.297721 0.2694 0.521458 0.31997 0.101847 0.0975478 0.155118 0.0729671 0.02085 0.00197109
threshold=-0.43696225152990481 0.51871690791773173 0.092064071066336753 -1.1558530955085182 -0.82590330011500368 2.003599112770122 0.52337296649648568 -0.95772725582126561 0.12123585939265195 0.67415838244478266 -0.68156680265806024 -0.3357664568293684 -0.060961219973233179 -0.4039438303596648 -1.0000000180025095e-35 -0.008912818970167935 0.066280657057420436 -0.14591056851891923 1.7915139287922142 -0.04088781478067683 -0.40626976992395725 0.20235630727881282 -0.22504222024845988 0.3392717906329859
decision_type=2 2 2 2 2 2 2 2 2 2 2 2 2 2 2 2 2 2 2 2 2 2 2 2
left_child=1 3 7 -1 -5 9 10 -3 -8 19 12 -4 -6 -9 -15 -12 21 -18 -10 20 -2 -17 23 -22
right_child=5 2 11 4 6 -7 8 13 18 -11 15 -13 -14 14 -16 16 17 -19 -20 -21 22 -23 -24 -25
leaf_value=-0.046238340765583238 0.0067712318739972001 -0.031687275183859623 -0.06139204095096492 0.030860767446091932 -0.0018181469018193257 0.029565839516565516 -0.034635223624968958 0.0026901405165147322 -0.011670148902239164 0.012705724088999705 0.0055588523752944157 -0.021243703573374489 -0.013366151524420734 -0.0099324378814689609 0 -0.0018870467245977148 -0.0029045212087159067 0.0064990829050002759 -0.002480185400279237 0.0062677390248316502 -0.00066180115707880748 -0.0079993108916252952 0.0017297107311207488 0
leaf_weight=11.999999999999998 11.999999999999998 12.999999999999998 19.000000000000004 10.999999999999998 17 35 15.999999999999998 14.999999999999995 20.000000000000004 102 12.999999999999998 10.999999999999998 17 10.999999999999998 16.000000000000007 19 11.000000000000002 20 10.999999999999998 86 11.000000000000002 15.999999999999998 18 12.999999999999998
leaf_count=12 12 13 19 11 17 35 16 15 20 102 13 11 17 11 16 19 11 20 11 86 11 16 18 13
internal_value=-0.00196194 -0.0161522 -0.0288101 -0.00950831 -0.00541213 0.0117939 -0.0089727 -0.0116728 -0.0211591 0.00854267 -0.0030345 -0.0528562 -0.00890502 -0.00214743 -0.00504712 0 -0.00153513 0.00304359 -0.00952852 0.00506447 0.00259682 -0.00561293 0.000561652 -0.000252195
internal_weight=545 268 85 183 171 277 160 55 47 242 113 30 34 42 27 79 66 31 31 140 54 35 42 24
internal_count=545 268 85 183 171 277 160 55 47 242 113 30 34 42 27 79 66 31 31 140 54 35 42 24
is_linear=0
shrinkage=0.0529975


Tree=57
num_leaves=25
num_cat=0
split_feature=39 29 36 19 29 19 29 39 19 7 44 19 29 19 9 29 39 15 26 47 2 31 24 26
split_gain=35.5397 7.41238 11.6052 10.1215 9.70335 4.92878 4.45916 4.24717 2.37482 1.07803 0.779366 0.739611 1.09102 0.43893 0.339577 0.331076 0.248918 0.135993 0.132977 0.11848 0.0757591 0.0431183 0.0225955 0.0114897
threshold=-0.43696225152990481 1.0939113685825921 -1.2167630007937162 -0.61139804268437181 -0.25359189156537315 0.43761099535384468 0.52337296649648568 1.230214092067196 -0.036067908672949726 -1.3300590492267399 0.70547720845605821 -0.12459461559622249 -0.19322199846525803 -0.32580081582471693 -0.35791663023193693 0.061826384744403794 0.42080037888319483 0.86491804503317982 0.92986884120344449 0.38196248660483334 -0.14372052586891007 1.214785613304679 -0.73057911050703128 0.84692350543161665
decision_type=2 2 2 2 2 2 2 2 2 2 2 2 2 2 2 2 2 2 2 2 2 2 2 2
left_child=1 3 -3 4 10 6 11 16 -8 -9 -1 12 20 -14 -13 -15 17 21 -10 -16 -5 22 -2 -21
right_child=7 2 -4 5 -6 -7 8 9 18 -11 -12 14 13 15 19 -17 -18 -19 -20 23 -22 -23 -24 -25
leaf_value=-0.013355003851225082 0.0002074044310840909 -0.067746369190265193 0.00047528589386332975 0.0044655623498158943 -0.053570552148956861 0.021553387121668037 -0.039210554611929342 0.034901257371154543 -0.013961479468917858 0.015630872151080548 0.0022147150003988263 -0.0035843775676200926 -0.014170106362406369 0.002081820197293699 0 -0.0076500508141394081 0.0086772537189901255 0.0088962247973685855 -0.0039841070499664327 0.0021092743523493064 -0.0003507791607244811 0 0.0037029753136635997 0.0078849498309226801
leaf_weight=18 10.999999999999998 12.000000000000002 10.999999999999998 14.000000000000002 23 10.999999999999998 10.999999999999998 12.999999999999998 19 74 11.000000000000002 18 28.999999999999996 12.000000000000005 12.999999999999998 17 84 11.999999999999998 14.999999999999998 12.000000000000002 10.999999999999998 10.999999999999998 72 10.999999999999998
leaf_count=18 11 12 11 14 23 11 11 13 19 74 11 18 29 12 13 17 84 12 15 12 11 11 72 11
internal_value=-0.00194386 -0.0155404 -0.0415268 -0.0121392 -0.0316603 -0.006049 -0.0083887 0.0112368 -0.021826 0.0206502 -0.0078821 -0.00319598 -0.00619158 -0.00991245 0.00145059 -0.00375678 0.00639085 0.00414904 -0.0109916 0.00428672 0.00246314 0.00297604 0.00336338 0.00617179
internal_weight=545 268 23 245 52 193 182 277 45 87 29 137 83 58 54 29 190 106 34 36 25 94 83 23
internal_count=545 268 23 245 52 193 182 277 45 87 29 137 83 58 54 29 190 106 34 36 25 94 83 23
is_linear=0
shrinkage=0.0529975


Tree=58
num_leaves=24
num_cat=0
split_feature=39 30 39 30 39 37 13 39 39 9 44 19 37 19 9 8 5 30 30 1 19 26 14
split_gain=32.6316 6.36674 8.34895 7.91084 5.66524 4.43043 2.70739 3.62747 1.31091 1.24497 1.20167 0.940655 0.910394 0.451347 0.424408 0.414235 0.242465 0.240316 0.149959 0.141492 0.114246 0.0760313 0.0167281
threshold=-0.39234954295270691 0.51871690791773173 -1.1558530955085182 -0.82590330011500368 -0.83856856987246542 2.1084445962342691 0.13240914044122343 -0.66293115134980962 -0.82452217299705011 -0.14591056851891923 -0.27848972336365163 -0.83382283659871825 0.87755862036522103 0.19532064279088537 0.37469037699295688 -0.24274029186837209 0.78339173605645052 0.22383387894593715 0.34485729356418537 -0.30142681661029475 -0.58317633917525924 1.3504425193816314 -0.80114188524592755
decision_type=2 2 2 2 2 2 2 2 2 2 2 2 2 2 2 2 2 2 2 2 2 2 2
left_child=1 2 -1 -4 -3 12 7 -6 9 10 -5 -9 21 15 19 18 -16 -17 -10 -11 -13 22 -2
right_child=5 4 3 8 6 -7 -8 11 13 14 -12 20 -14 -15 16 17 -18 -19 -20 -21 -22 -23 -24
leaf_value=-0.043082387074007009 0.008499942505235749 -0.047165877785194162 0.029846517183628483 -0.0030478661664292764 -0.039854974507921574 0.029304801489149639 0.0024092736018721961 -0.018746465657544491 -0.0033123763266684259 0.0031260658440760733 -0.026719190874673972 0.0012002365593495551 0.012309519921657809 0.0040203221025419244 -0.01237400301329783 -0.003421577276353012 -0.0013655879953009579 0.0049567454756843966 -0.012134406713666734 -0.0036911256003559693 -0.0046319882060921296 0.00016024527469755216 0.0046572821325095003
leaf_weight=11.999999999999998 18 22 10.999999999999998 11.000000000000002 13.999999999999998 28 15.999999999999998 10.999999999999995 21 11.000000000000002 20 12.999999999999995 94 15.999999999999998 22 16.000000000000004 10.999999999999998 10.999999999999998 12.999999999999998 10.999999999999998 12.000000000000009 10.999999999999998 120
leaf_count=12 18 22 11 11 14 28 16 11 21 11 20 13 94 16 22 16 11 11 13 11 12 11 120
internal_value=-0.00189865 -0.0146492 -0.00856342 -0.00478806 -0.0260712 0.0110059 -0.0156 -0.0211285 -0.00814278 -0.0124635 -0.0203639 -0.0090289 0.00821439 -0.00268102 -0.00633195 -0.00474552 -0.00965787 6.06068e-05 -0.00817366 -9.35596e-05 -0.0017284 0.00520955 0.00554009
internal_weight=545 274 186 174 88 271 66 50 163 86 31 36 243 77 55 61 33 27 34 22 25 149 138
internal_count=545 274 186 174 88 271 66 50 163 86 31 36 243 77 55 61 33 27 34 22 25 149 138
is_linear=0
shrinkage=0.0529975


Tree=59
num_leaves=24
num_cat=0
split_feature=39 29 13 19 29 19 29 37 19 37 29 19 29 19 9 29 26 5 47 26 2 14 26
split_gain=29.928 7.09344 10.2433 8.46682 9.10888 4.41636 4.08 4.06859 2.19568 0.815119 0.715524 0.69685 0.953906 0.387284 0.30207 0.269221 0.132507 0.120351 0.107217 0.0677211 0.0643041 0.0181926 0.00535
threshold=-0.39234954295270691 1.0939113685825921 1.0780983395245405 -0.61139804268437181 -0.25359189156537315 0.43761099535384468 0.52337296649648568 2.1084445962342691 -0.036067908672949726 0.87755862036522103 -0.54213609959460229 -0.12459461559622249 -0.19322199846525803 -0.34390726110670761 -0.35791663023193693 1.0000000180025095e-35 0.92986884120344449 -0.67451514137555568 0.38196248660483334 1.3504425193816314 -0.14372052586891007 -0.80114188524592755 0.84692350543161665
decision_type=2 2 2 2 2 2 2 2 2 2 2 2 2 2 2 2 2 2 2 2 2 2 2
left_child=1 3 -3 4 10 6 11 9 -8 19 -1 12 20 -14 -13 -15 -10 -9 -16 21 -5 -2 -20
right_child=7 2 -4 5 -6 -7 8 17 16 -11 -12 14 13 15 18 -17 -18 -19 22 -21 -22 -23 -24
leaf_value=0.00052347323755569126 0.0081620351324499015 0.00014374543577531367 -0.064068727344402804 0.0043038032922620827 -0.049904264447065527 0.020829874490557086 -0.036969174516987058 0.035599840039543064 -0.012907724426252614 0.011696266632441971 -0.013561989374887081 -0.0028247406816011697 -0.013482389917737817 0.001936170133313958 0 -0.0067228739248179365 -0.0034518722023261219 0.013871256764577835 0.0023110533404572795 0.00015474889258038809 -0.00013625271991730547 0.0044222046386240051 0.0078267977534851874
leaf_weight=17 18 11.000000000000002 11.999999999999998 14.000000000000002 23 10.999999999999998 10.999999999999998 12.000000000000002 19 94 14.999999999999998 20 26 10.999999999999998 12.999999999999998 21 14.999999999999998 15.999999999999998 13.000000000000002 10.999999999999998 10.999999999999998 120 10.999999999999998
leaf_count=17 18 11 12 14 23 11 11 12 19 94 15 20 26 11 13 21 15 16 13 11 11 120 11
internal_value=-0.00186737 -0.0140783 -0.0394386 -0.0108612 -0.0281944 -0.00527018 -0.00746388 0.010491 -0.0203433 0.00781622 -0.00699357 -0.00261071 -0.00557583 -0.0090626 0.00171581 -0.00372669 -0.0100536 0.0280257 0.00438427 0.00496554 0.00247642 0.00527809 0.00613119
internal_weight=545 274 23 251 55 196 185 271 45 243 32 140 83 58 57 32 34 28 37 149 25 138 24
internal_count=545 274 23 251 55 196 185 271 45 243 32 140 83 58 57 32 34 28 37 149 25 138 24
is_linear=0
shrinkage=0.0529975


Tree=60
num_leaves=27
num_cat=0
split_feature=39 29 13 19 29 19 37 29 19 19 37 19 29 19 9 29 8 26 10 39 9 2 26 26 26 2
split_gain=27.4965 6.49332 9.53891 8.06212 7.93172 4.15447 3.93744 3.71958 2.05809 1.893 0.841443 0.604183 0.875818 0.357386 0.295116 0.278333 0.121374 0.119319 0.101932 0.161641 0.0690966 0.0600715 0.0403214 0.0173229 0.0374877 0.0125185
threshold=-0.43696225152990481 1.0939113685825921 1.0780983395245405 -0.61139804268437181 -0.10741717961323992 0.43761099535384468 2.1084445962342691 0.52337296649648568 -0.036067908672949726 -0.95772725582126561 0.47495196386290883 -0.12459461559622249 -0.19322199846525803 -0.32580081582471693 -0.35791663023193693 0.061826384744403794 0.45010700893080763 0.92986884120344449 0.041592096668920997 -0.72037846618712831 0.37469037699295688 -0.14372052586891007 1.3084474590209834 -0.43178084104118936 -0.25898519317648783 -0.84595132382935689
decision_type=2 2 2 2 2 2 2 2 2 2 2 2 2 2 2 2 2 2 2 2 2 2 2 2 2 2
left_child=1 3 -3 4 9 7 10 11 -9 -1 22 12 21 -14 -13 -15 -8 -10 19 -16 -11 -5 23 25 -25 -2
right_child=6 2 -4 5 -6 -7 16 8 17 20 -12 14 13 15 18 -17 -18 -19 -20 -21 -22 -23 -24 24 -26 -27
leaf_value=-0.022198319707691573 0.0076450433247243375 0.00013881572505956044 -0.061804620825260781 0.0041441112353615842 -0.050911942149260279 0.020115415295687517 0.012323305814021872 -0.035701141007257527 -0.012387751180770885 0.0032480471354628363 0.010148008054922948 -0.0031449565219022319 -0.012499937526660242 0.0021065154649693748 0.0092968111716079938 -0.0067618831069709735 0.033254098470462866 -0.0033211779589641323 0 0.00065654201010227392 -0.0014356503158806317 -0.00013157927080202213 0 0 0.0033002598910843281 0.002501507566508692
leaf_weight=10.999999999999998 11.000000000000002 11.000000000000002 11.999999999999998 14.000000000000002 19 10.999999999999998 14.000000000000002 10.999999999999998 19 11.000000000000002 130 18 28.999999999999996 12.000000000000005 10.999999999999998 17 13.999999999999998 14.999999999999998 10.999999999999998 14.000000000000002 10.999999999999998 10.999999999999998 10.999999999999998 10.999999999999998 68 18
leaf_count=11 11 11 12 14 19 11 14 11 19 11 130 18 29 12 11 17 14 15 11 14 11 11 11 11 68 18
internal_value=-0.00181848 -0.0137781 -0.0380363 -0.0106186 -0.0280377 -0.00518684 0.0097746 -0.00734608 -0.019612 -0.00888511 0.00721902 -0.00261482 -0.00533068 -0.00867302 0.0015587 -0.00316046 0.0270137 -0.00966004 0.00419009 0.00574665 0.000850809 0.00237596 0.00363007 0.00392968 0.00287112 0.00562772
internal_weight=545 268 23 245 52 193 277 182 45 33 249 137 83 58 54 29 28 34 36 25 22 25 119 108 79 29
internal_count=545 268 23 245 52 193 277 182 45 33 249 137 83 58 54 29 28 34 36 25 22 25 119 108 79 29
is_linear=0
shrinkage=0.0529975


Tree=61
num_leaves=24
num_cat=0
split_feature=39 29 27 27 13 27 37 29 28 37 10 27 29 9 6 31 5 47 10 29 26 24 39
split_gain=25.3158 6.30136 12.7835 7.33499 7.10074 6.84212 3.57914 1.11416 2.67813 0.670162 0.456805 0.39642 0.632979 0.368387 0.285421 0.256377 0.145434 0.0976643 0.0679788 0.0567385 0.0544411 0.0171783 0.0161667
threshold=-0.39234954295270691 0.55429414669926913 -0.079993913381890117 -0.95772725582127649 1.1372039144672474 0.56461929902411578 2.1084445962342691 0.20235630727881282 -0.071462254183915774 0.87755862036522103 0.041592096668920997 -0.2233412421190463 -0.15716204103522488 -0.14591056851891923 0.6535002668551112 0.97117537728143455 -0.67451514137555568 -0.10579881428133901 1.1185036050616828 -0.46840301170822823 1.3504425193816314 -0.68970762427205135 -0.67360225655292927
decision_type=2 2 2 2 2 2 2 2 2 2 2 2 2 2 2 2 2 2 2 2 2 2 2
left_child=1 3 -3 -1 5 15 9 10 -9 20 17 12 14 -10 19 -4 -8 -5 -16 -12 21 -2 -19
right_child=6 2 4 7 -6 -7 16 8 13 -11 11 -13 -14 -15 18 -17 -18 22 -20 -21 -22 -23 -24
leaf_value=-0.036463438078064382 0.0068023895687661911 -0.06421020980189622 -0.017162013153300786 0.0069630754529418689 -0.035402355040724233 0.025836410749877439 0.033228269132091794 -0.020630477235977 -0.0051741571565700429 0.010607997033889115 -0.00026949063403323682 0.0032711211333070023 -0.010246022424861086 0.0047488696357055552 0.0055366780170699771 -0.0046958685347821645 0.012710168420299749 -7.2445724560860951e-05 0 -0.0061010969625320708 0.00011779794539172226 0.0038211455226124726 0.001998443638977779
leaf_weight=15.999999999999998 30 12.999999999999998 17 11.999999999999998 19 12.999999999999998 12.000000000000002 25 10.999999999999998 94 10.999999999999998 18 26 21 11.000000000000002 15.999999999999998 15.999999999999998 10.999999999999998 10.999999999999998 11.000000000000002 10.999999999999998 108 12.000000000000002
leaf_count=16 30 13 17 12 19 13 12 25 11 94 11 18 26 21 11 16 16 11 11 11 11 108 12
internal_value=-0.00177825 -0.0130091 -0.0253085 -0.00747391 -0.0126637 -0.000137661 0.00958754 -0.00376702 -0.00951182 0.00708515 -0.000732252 -0.00278188 -0.00456556 0.000875759 -0.000242931 -0.0129484 0.026019 0.00390385 0.00343371 -0.00411702 0.0044932 0.00477403 0.000956975
internal_weight=545 274 78 196 65 46 271 180 57 243 123 88 70 32 44 33 28 35 22 22 149 138 23
internal_count=545 274 78 196 65 46 271 180 57 243 123 88 70 32 44 33 28 35 22 22 149 138 23
is_linear=0
shrinkage=0.0529975


Tree=62
num_leaves=29
num_cat=0
split_feature=39 30 39 30 39 37 4 19 13 39 9 44 37 35 9 47 7 45 5 9 1 45 3 4 37 9 19 9
split_gain=23.2618 4.89833 6.44682 6.85804 4.48156 3.36171 2.36498 1.91547 1.03183 0.967536 0.998101 0.967212 0.60193 0.374878 0.373468 0.202825 0.185615 0.217152 0.139141 0.126493 0.113371 0.0869397 0.0806822 0.0512458 0.175521 0.0215031 0.0164214 0.00160847
threshold=-0.39234954295270691 0.51871690791773173 -1.1558530955085182 -0.82590330011500368 -0.83856856987246542 2.1084445962342691 -0.63306583738815114 -0.592058405594727 -0.63103786923541239 -0.82452217299705011 -0.14591056851891923 -0.27848972336365163 0.67415838244478266 1.7830456262629795 0.37469037699295688 -1.0000000180025095e-35 -0.919580696861244 -0.25451140240048259 -0.67451514137555568 1.4058277343555114 -0.30142681661029475 0.76749304195020673 0.10372348583753192 -0.7358658813816773 -0.14783020791410453 0.7857388836564444 -0.32205160727889987 0.083308969491546661
decision_type=2 2 2 2 2 2 2 2 2 2 2 2 2 2 2 2 2 2 2 2 2 2 2 2 2 2 2 2
left_child=1 2 -1 -4 -3 12 -6 8 -8 10 11 -5 23 16 20 -9 -11 22 -7 -16 -12 -19 -18 25 26 -2 -25 -28
right_child=5 4 3 9 6 18 7 15 -10 13 14 -13 -14 -15 19 -17 17 21 -20 -21 -22 -23 -24 24 -26 -27 27 -29
leaf_value=-0.037490089289553774 0.0021001687064286685 -0.041206808472795842 0.028344693454655994 -0.0023905873492885885 0.0032539737924295042 0.03205402419039273 -0.0074345053609100979 -0.0085914499721339403 -0.034202695663953127 -0.0051087192030359668 0.0032163872727426052 -0.023448568994252315 0.0096827697953129708 -0.0093368972766622385 -0.010450875160992265 0 0.005894736033378649 -0.0041694887627394843 0.012220192261039412 -0.0016344074451180349 -0.0028965344275547491 0.00080319990540902401 0 -0.0014127472780120017 0.0043878640115403876 0.00821957998582502 0.00096384851314337795 0
leaf_weight=11.999999999999998 12.000000000000002 22 10.999999999999998 11.000000000000002 15.999999999999998 12.000000000000002 10.999999999999998 11.000000000000002 15.999999999999998 11.999999999999998 11.000000000000002 20 109 10.999999999999998 22 12.000000000000002 15.999999999999998 15.000000000000005 15.999999999999998 10.999999999999998 10.999999999999998 11.999999999999998 10.999999999999998 10.999999999999998 75 12.999999999999998 12.000000000000002 10.999999999999998
leaf_count=12 12 22 11 11 16 12 11 11 16 12 11 20 109 11 22 12 16 15 16 11 11 12 11 11 75 13 12 11
internal_value=-0.00173137 -0.0124972 -0.00716955 -0.00386039 -0.0225078 0.0091633 -0.0132649 -0.0184581 -0.0268417 -0.00700369 -0.0107188 -0.0177637 0.00674136 -0.00229553 -0.00527759 -0.00485997 -0.000345045 0.00100193 0.0250804 -0.00839438 0 -0.0020034 0.00403685 0.00398657 0.0030453 0.00648213 0 0.000648672
internal_weight=545 274 186 174 88 271 66 50 27 163 86 31 243 77 55 23 66 54 28 33 22 27 27 134 109 25 34 23
internal_count=545 274 186 174 88 271 66 50 27 163 86 31 243 77 55 23 66 54 28 33 22 27 27 134 109 25 34 23
is_linear=0
shrinkage=0.0529975


Tree=63
num_leaves=24
num_cat=0
split_feature=39 29 13 27 29 27 37 27 29 37 31 10 29 27 9 10 29 10 8 45 27 7 2
split_gain=21.393 6.18037 7.90492 6.57397 9.95418 3.15603 3.15474 2.8082 1.74662 0.542673 0.452038 0.345306 0.339557 0.412903 0.247409 0.240343 0.149635 0.147832 0.134037 0.113148 0.0913488 0.0467785 0.0164143
threshold=-0.39234954295270691 1.0939113685825921 1.0780983395245405 -0.45332057286410549 0.061826384744403794 0.43761099535383424 2.1084445962342691 -0.95772725582127649 0.52337296649648568 0.87755862036522103 0.97117537728143455 1.1575568244941292 -0.054945875154369203 -0.0057397529404253017 -0.14591056851891923 0.35276627385815701 0.20235630727881282 0.66889347538467159 0.45010700893080763 -0.36806745177278138 0.1212358593926398 1.3351506280696028 -0.84595132382935689
decision_type=2 2 2 2 2 2 2 2 2 2 2 2 2 2 2 2 2 2 2 2 2 2 2
left_child=1 3 -3 4 7 8 9 -1 11 21 20 12 -5 16 -15 -9 -14 -17 -8 -19 -10 22 -2
right_child=6 2 -4 5 -6 -7 18 15 10 -11 -12 -13 13 14 -16 17 -18 19 -20 -21 -22 -23 -24
leaf_value=-0.024938636251416069 0.0070629116979768489 0 -0.057226816440612033 0.006763671471852385 -0.044930711005297649 0.019418923123361621 0.010834065136167276 0.0038622536807389608 -0.021371440752196134 0.0095971223809519415 -0.0028902001473025307 -0.0069212589986643374 -0.00089641249782774005 -0.001720863702444457 0.005501124835340529 -0.0068313417414490318 -0.0079945918169640161 -0.0028951699303264261 0.029918754944490832 0.0028256925279625121 -0.0077281251537776059 2.9709511440145642e-05 0.0036355916678567531
leaf_weight=12.999999999999998 14.999999999999998 11.000000000000002 11.999999999999998 13.999999999999998 25 10.999999999999998 14.000000000000002 13.999999999999998 12.000000000000002 94 13.999999999999998 14.999999999999998 20.999999999999993 17.999999999999993 24.000000000000014 11.999999999999998 14.999999999999998 15.999999999999996 13.999999999999998 11.000000000000004 15.999999999999998 10.999999999999998 123
leaf_count=13 15 11 12 14 25 11 14 14 12 94 14 15 21 18 24 12 15 16 14 11 16 11 123
internal_value=-0.00168467 -0.0120092 -0.0355927 -0.00904089 -0.019947 -0.00229949 0.00876289 -0.00743245 -0.00463716 0.00641941 -0.0130502 -0.000755735 0.000540241 -0.000896739 0.00243216 -0.000921759 -0.00473951 -0.00308016 0.0241759 -0.000262818 -0.0165189 0.00407589 0.00433524
internal_weight=545 274 23 251 91 160 271 66 149 243 42 107 92 78 42 53 36 39 28 27 28 149 138
internal_count=545 274 23 251 91 160 271 66 149 243 42 107 92 78 42 53 36 39 28 27 28 149 138
is_linear=0
shrinkage=0.0529975


Tree=64
num_leaves=28
num_cat=0
split_feature=39 30 39 30 39 37 4 19 13 39 9 44 37 35 9 47 19 5 8 12 5 1 26 37 2 37 9
split_gain=19.6826 4.26408 5.62537 6.31318 3.92941 2.95488 2.1797 1.64889 0.905711 0.831883 0.839856 0.834124 0.488224 0.342494 0.34018 0.176034 0.166717 0.153734 0.123585 0.117736 0.108627 0.101467 0.0925151 0.0571884 0.15464 0.0330125 0.00359645
threshold=-0.39234954295270691 0.51871690791773173 -1.1558530955085182 -0.82590330011500368 -0.83856856987246542 2.1084445962342691 -0.63306583738815114 -0.592058405594727 -0.63103786923541239 -0.82452217299705011 -0.14591056851891923 -0.27848972336365163 0.93836900077442265 1.7830456262629795 0.37469037699295688 -1.0000000180025095e-35 -0.079993913381877391 -0.67451514137555568 -0.22268067527572741 -0.98632518450781059 0.78339173605645052 -0.30142681661029475 0.11645637120682288 0.049279300998485126 -0.57678195291609624 -0.49382030334577687 0.52476271656541329
decision_type=2 2 2 2 2 2 2 2 2 2 2 2 2 2 2 2 2 2 2 2 2 2 2 2 2 2 2
left_child=1 2 -1 -4 -3 12 -6 8 -8 10 11 -5 23 16 21 -9 18 -7 -11 -18 -16 -12 -21 24 -2 -26 -27
right_child=5 4 3 9 6 17 7 15 -10 13 14 -13 -14 -15 20 -17 19 -19 -20 22 -22 -23 -24 -25 25 26 -28
leaf_value=-0.034900126587085641 0.0065331110204984661 -0.038383492002564537 0.02739336377285333 -0.0021548182436065396 0.0034961465496307184 0.029920188853352819 -0.0068708051583213584 -0.0080504415057210989 -0.031924681408208568 -0.0062360694689184686 0.0031068580724081954 -0.021720088395283135 0.0093192198602000571 -0.0088662908116150293 -0.0098320496109695291 0 -0.0016275779416233848 0.011193506269314816 0 0 -0.0015506355267628103 -0.0026675560626203874 0.0060936448469394704 0.0049002369501952858 -0.0013641334906204935 0.0015693285446140878 0
leaf_weight=11.999999999999998 10.999999999999998 22 10.999999999999998 11.000000000000002 15.999999999999998 12.000000000000002 10.999999999999998 11.000000000000002 15.999999999999998 11.000000000000002 11.000000000000002 20 87 10.999999999999998 22 12.000000000000002 10.999999999999995 15.999999999999998 20 11.000000000000005 10.999999999999998 10.999999999999998 12.999999999999998 96 11.999999999999998 26 10.999999999999998
leaf_count=12 11 22 11 11 16 12 11 11 16 11 11 20 87 11 22 12 11 16 20 11 11 11 13 96 12 26 11
internal_value=-0.00164571 -0.011549 -0.00658002 -0.0034905 -0.0208875 0.00837524 -0.0122474 -0.017245 -0.0250328 -0.00651405 -0.00996097 -0.0164409 0.0061096 -0.00213857 -0.00493694 -0.0045757 -0.00027521 0.0232865 -0.0029126 0.00197473 -0.0079136 1.7213e-05 0.00385395 0.00399781 0.00213404 0.000414842 0.00126404
internal_weight=545 274 186 174 88 271 66 50 27 163 86 31 243 77 55 23 66 28 31 35 33 22 24 156 60 49 37
internal_count=545 274 186 174 88 271 66 50 27 163 86 31 243 77 55 23 66 28 31 35 33 22 24 156 60 49 37
is_linear=0
shrinkage=0.0529975


Tree=65
num_leaves=27
num_cat=0
split_feature=39 29 13 19 29 19 37 19 29 31 37 10 29 19 29 9 14 31 29 2 19 2 37 39 8 2
split_gain=18.1045 5.7852 6.95395 5.69479 8.83461 2.86949 2.77273 2.36395 1.54567 0.448412 0.441647 0.317166 0.30396 0.369809 0.290382 0.227727 0.146524 0.145956 0.134541 0.112845 0.109864 0.0651222 0.049618 0.0455886 0.0440072 0.0223503
threshold=-0.39234954295270691 1.0939113685825921 1.0780983395245405 -0.45332057286409322 0.092064071066336753 0.43761099535384468 2.1084445962342691 -0.95772725582126561 0.52337296649648568 0.97117537728143455 0.38478484808374686 1.1575568244941292 -0.054945875154369203 -0.0057397529404137589 -0.15716204103522488 -0.14591056851891923 -0.70385008647383096 -0.96321629034271128 0.20235630727881282 -0.84595132382935689 0.12123585939265195 -0.52569871464058704 1.2214518061276125 -0.043054272318594086 -0.11124742640394288 -0.1164870473438256
decision_type=2 2 2 2 2 2 2 2 2 2 2 2 2 2 2 2 2 2 2 2 2 2 2 2 2 2
left_child=1 3 -3 4 7 8 10 -1 11 20 19 12 -5 18 16 -15 -9 -8 -14 -2 -10 -6 -12 25 -18 -21
right_child=6 2 -4 5 21 -7 17 14 9 -11 22 -13 13 15 -16 -17 24 -19 -20 23 -22 -23 -24 -25 -26 -27
leaf_value=-0.023281450021546447 0.0070299092345237511 -2.8047603676253128e-05 -0.054172913354786446 0.0065445347472251857 -0.018198901975889529 0.018721418059011438 0.028864007572073965 -0.0020866499441710559 -0.020285280798504637 -0.0023385175537130221 0.0056445615126884197 -0.0064864612582357858 -0.00073077882709136031 -0.00155224399909197 -0.0072229583547019577 0.0053772019540712351 0 0.010761048165431341 -0.0074247697459662873 0.0014546402707362302 -0.0070956284991065778 -0.05187300313538927 0.0095757436499398618 0.0026663576754686405 0.0048700096157536623 -0.00084168167927247425
leaf_weight=12.999999999999998 10.999999999999998 11.000000000000002 11.999999999999998 13.999999999999998 11.000000000000002 10.999999999999998 12.000000000000002 19.999999999999996 12.000000000000002 13.999999999999998 80 14.999999999999998 20.999999999999993 17.999999999999993 10.999999999999998 24.000000000000014 10.999999999999998 15.999999999999998 14.999999999999998 14.999999999999998 15.999999999999998 11.999999999999998 62 55 13.000000000000005 20
leaf_count=13 11 11 12 14 11 11 12 20 12 14 80 15 21 18 11 24 11 16 15 15 16 12 62 55 13 20
internal_value=-0.00160178 -0.0111 -0.0338793 -0.00824364 -0.0183929 -0.00197329 0.00800872 -0.00712506 -0.00421132 -0.0121232 0.00581641 -0.000565357 0.0006666 -0.00069715 -0.00127844 0.00243901 0.000756041 0.0224476 -0.00434815 0.00278297 -0.0155347 -0.0431029 0.00772663 0.00178444 0.00330137 4.09028e-05
internal_weight=545 274 23 251 91 160 271 68 149 42 243 107 92 78 55 42 44 28 36 101 28 23 142 90 24 35
internal_count=545 274 23 251 91 160 271 68 149 42 243 107 92 78 55 42 44 28 36 101 28 23 142 90 24 35
is_linear=0
shrinkage=0.0529975


Tree=66
num_leaves=25
num_cat=0
split_feature=39 29 36 19 29 19 37 29 19 29 6 29 37 19 30 6 17 5 36 26 2 39 37 2
split_gain=16.7465 5.38403 6.46539 5.31919 6.45691 3.05164 2.59843 2.53285 1.63073 0.633407 0.474105 0.396227 0.394995 0.305425 0.192692 0.184875 0.296311 0.17402 0.140199 0.111753 0.0901143 0.0564444 0.0267534 0.0206585
threshold=-0.39234954295270691 1.0939113685825921 -1.2167630007937162 -0.61139804268437181 -0.25359189156537315 0.43761099535384468 2.1084445962342691 0.52337296649648568 -0.036067908672949726 -0.5832868142001647 0.53223009268930277 -0.15716204103522488 0.45398286717008124 -0.22831942904204558 -0.1688947899045288 -0.8819472532717475 1.4413317934239942 -0.67451514137555568 -0.36012856292488654 0.92986884120344449 -0.84595132382935689 -0.043054272318594086 1.1795136127419574 -0.1164870473438256
decision_type=2 2 2 2 2 2 2 2 2 2 2 2 2 2 2 2 2 2 2 2 2 2 2 2
left_child=1 3 -3 4 9 7 12 10 -9 -1 14 -12 20 -13 -5 16 -16 -8 -17 -10 -2 23 -14 -22
right_child=6 2 -4 5 -6 -7 17 8 19 -11 11 13 22 -15 15 18 -18 -19 -20 -21 21 -23 -24 -25
leaf_value=0.0032744972435708821 0.006788784829416551 -0.052258512372515116 -2.7084459185841806e-05 0.0046512064878824087 -0.039892906411822547 0.018079278463144575 0.028002764269049591 -0.029600126086298362 -0.0094405431325641446 -0.009635759455932931 0.0016582985633241357 -0.010999715160503937 0.0052492307650003796 -0.0012247478403073226 0.0074516989769178839 -0.0057268251484532866 -0.0024720260685562648 0.01021630955347542 0 -0.0018508389186026211 0.001399564975087258 0.0028626764523075063 0.0089591449170405239 -0.00080736381270080332
leaf_weight=13.999999999999998 10.999999999999998 12.000000000000002 10.999999999999998 21 23 10.999999999999998 12.000000000000002 10.999999999999998 19 18 13.999999999999998 22.999999999999996 65 18.000000000000004 11.000000000000002 15.999999999999998 10.999999999999998 15.999999999999998 26 14.999999999999998 14.999999999999998 64 68 20
leaf_count=14 11 12 11 21 23 11 12 11 19 18 14 23 65 18 11 16 11 16 26 15 15 64 68 20
internal_value=-0.00157717 -0.0107122 -0.0326906 -0.00795529 -0.0216815 -0.00353967 0.00766571 -0.00538894 -0.0155287 -0.00417831 -0.00157797 -0.00516722 0.0055452 -0.00756071 0.00085519 -0.000582344 0.00277364 0.0216392 -0.00261266 -0.00704627 0.00285478 0.0019884 0.00750095 3.44573e-05
internal_weight=545 274 23 251 55 196 271 185 45 32 140 55 243 41 85 64 22 28 42 34 110 99 133 35
internal_count=545 274 23 251 55 196 271 185 45 32 140 55 243 41 85 64 22 28 42 34 110 99 133 35
is_linear=0
shrinkage=0.0529975


Tree=67
num_leaves=24
num_cat=0
split_feature=39 29 35 25 19 15 37 29 19 31 37 5 6 5 53 8 29 19 3 29 31 30 16
split_gain=15.419 5.14069 11.3315 8.31632 4.882 4.08868 2.43477 1.69629 3.61292 0.392895 0.354156 0.343032 0.238295 0.305003 0.229578 0.17767 0.149644 0.117098 0.0995365 0.0518494 0.0413717 0.0303718 0.0206226
threshold=-0.39234954295270691 0.74954040166073665 -0.075187709818658785 1.3786611811569502 -0.95772725582126561 -1.0779913155986873 2.1084445962342691 0.24627008227285696 -0.13695324231613623 0.66856331366879385 0.93836900077442265 -1.300866931953909 0.24077274226287421 -1.0104878021227626 -0.36007183007885429 0.45010700893080763 -0.054945875154369203 -0.31962396469036186 -0.33947769986564769 0.52337296649648568 1.2845932411310237 0.12619616011821214 0.90568538605599913
decision_type=2 2 2 2 2 2 2 2 2 2 2 2 2 2 2 2 2 2 2 2 2 2 2
left_child=1 4 -3 -4 -1 -5 10 11 -9 18 20 -6 16 -14 -15 -8 -13 -16 -10 -11 22 -18 -2
right_child=6 2 3 5 7 -7 15 8 9 19 -12 12 13 14 17 -17 21 -19 -20 -21 -22 -23 -24
leaf_value=-0.03037428277253797 0.0031426412069764835 0.01035567181136653 -0.069168304874994993 -0.030356410605612848 -0.0062852930717872003 0.0072196743299412476 0.0089496814807753875 -0.025290057012323574 -0.0077252846615762294 0.0049326751398572014 0.0080343858267817939 0.0075092911493965849 0.0049832131967610131 0.0020951009505167885 -0.0062304889175864636 0.026166592248679527 0.0025957998485807029 0 -0.0012932901262855644 0 0 -7.9028906947019293e-05 0.0066563312394681516
leaf_weight=15.999999999999998 133 14.999999999999998 10.999999999999998 11.999999999999998 14.999999999999998 11.000000000000002 14.000000000000002 22 14.999999999999998 11.000000000000002 87 13.999999999999998 12.999999999999998 14.999999999999991 27.999999999999993 13.999999999999998 12.999999999999998 13.000000000000012 19 11.999999999999998 11.999999999999998 19 10.999999999999998
leaf_count=16 133 15 11 12 15 11 14 22 15 11 87 14 13 15 28 14 13 13 19 12 12 19 11
internal_value=-0.00153055 -0.0102963 -0.0249979 -0.0399839 -0.00649855 -0.0143678 0.00733803 -0.00384207 -0.00966402 -0.00168885 0.00528698 0 0.00105246 -0.000842254 -0.00265844 0.0208606 0.00379823 -0.00459159 -0.00503834 0.00303966 0.00347098 0.00106196 0.00371298
internal_weight=545 274 49 34 225 23 271 209 79 57 243 130 115 69 56 28 46 41 34 23 156 32 144
internal_count=545 274 49 34 225 23 271 209 79 57 243 130 115 69 56 28 46 41 34 23 156 32 144
is_linear=0
shrinkage=0.0529975


Tree=68
num_leaves=25
num_cat=0
split_feature=39 29 9 19 29 19 37 19 29 31 37 10 13 31 19 33 29 19 2 19 2 39 37 2
split_gain=14.2017 5.00715 6.22954 4.72349 7.50846 2.43214 2.2786 2.10118 1.19972 0.391512 0.330105 0.262556 0.271244 0.208334 0.205737 0.184246 0.141748 0.240341 0.101314 0.0992134 0.0421482 0.0374632 0.0342823 0.0183832
threshold=-0.39234954295270691 1.0939113685825921 0.10876556467993408 -0.45332057286409322 0.061826384744403794 0.43761099535384468 2.1084445962342691 -0.95772725582126561 0.52337296649648568 0.97117537728143455 0.38478484808374686 1.1575568244941292 -0.56700682971414607 -0.96321629034271128 -0.58317633917525924 -0.63521775304896388 -0.054945875154369203 -0.067710861908419975 -0.84595132382935689 0.12123585939265195 -0.52569871464058704 -0.043054272318594086 1.2214518061276125 -0.1164870473438256
decision_type=2 2 2 2 2 2 2 2 2 2 2 2 2 2 2 2 2 2 2 2 2 2 2 2
left_child=1 3 -3 4 7 8 10 -1 11 19 18 12 -5 -8 15 -9 -14 -18 -2 -10 -6 23 -12 -20
right_child=6 2 -4 5 20 -7 13 14 9 -11 22 -13 16 -15 -16 -17 17 -19 21 -21 -22 -23 -24 -25
leaf_value=-0.020828410782379497 0.0063812452375189635 0 -0.050279536461742866 -0.0047986556564745177 -0.015959531517965267 0.017478465090922643 0.026289660626029207 -0.0017191307956543592 -0.018072591168925022 -0.0017029947527142974 0.0048738374555001053 -0.0058121286508010604 0.0061353360865385002 0.009229909214862957 -0.0038727898027338462 0.0050891631722431918 -0.0026920987031197824 0.003261192583557347 0.001227588666143408 -0.006156979133797702 -0.045254563944875557 0.0022628825494388732 0.0082918153158720396 -0.00087695299993019037
leaf_weight=12.999999999999998 10.999999999999998 11.000000000000002 11.999999999999998 13.999999999999998 11.000000000000002 10.999999999999998 12.000000000000002 13.999999999999998 12.000000000000002 13.999999999999998 80 14.999999999999998 12.999999999999998 15.999999999999998 20 19 26.999999999999993 38.000000000000007 14.999999999999998 15.999999999999998 13.999999999999998 55 62 20
leaf_count=13 11 11 12 14 11 11 12 14 12 14 80 15 13 16 20 19 27 38 15 16 14 55 62 20
internal_value=-0.00149474 -0.00990748 -0.0310738 -0.00726098 -0.0165021 -0.00155675 0.00701625 -0.00570159 -0.00362892 -0.0105986 0.00503366 -0.000414077 0.000696556 0.0200942 -0.000132962 0.00220148 0.00203819 0.000671393 0.00239679 -0.0137561 -0.0381711 0.00146886 0.00668888 0
internal_weight=545 274 23 251 91 160 271 66 149 42 243 107 92 28 53 33 78 65 101 28 25 90 142 35
internal_count=545 274 23 251 91 160 271 66 149 42 243 107 92 28 53 33 78 65 101 28 25 90 142 35
is_linear=0
shrinkage=0.0529975


Tree=69
num_leaves=24
num_cat=0
split_feature=39 29 13 19 29 30 37 29 19 29 6 29 37 19 5 16 6 30 2 1 39 37 2
split_gain=13.1308 4.65691 5.97536 4.4021 5.52072 2.59149 2.13463 1.85978 1.49645 0.615359 0.367251 0.335843 0.294118 0.247358 0.195385 0.167128 0.218951 0.257619 0.0952442 0.0848315 0.0338727 0.0300241 0.0169777
threshold=-0.39234954295270691 1.0939113685825921 1.0780983395245405 -0.61139804268437181 -0.25359189156537315 -0.52627917423371862 2.1084445962342691 0.52337296649648568 -0.036067908672949726 -0.5832868142001647 0.50353014485828651 -0.15716204103522488 0.38478484808374686 -0.22831942904204558 -0.67451514137555568 -1.1530241629449678 -0.84749906586935231 -0.1664031776661318 -0.84595132382935689 -0.16053356725010295 -0.043054272318594086 1.2214518061276125 -0.1164870473438256
decision_type=2 2 2 2 2 2 2 2 2 2 2 2 2 2 2 2 2 2 2 2 2 2 2
left_child=1 3 -3 4 9 -5 12 10 -9 -1 15 -12 18 -13 -8 -7 -17 -18 -2 -10 22 -14 -20
right_child=6 2 -4 5 -6 7 14 8 19 -11 11 13 21 -15 -16 16 17 -19 20 -21 -22 -23 -24
leaf_value=0.0038169269023477954 0.006162370097406774 0.00011184428744248351 -0.048784059188709442 0.01690852880218759 -0.036309931950163798 -0.0037418396307690623 0.025360865285797399 -0.026658042896199961 -0.00054973148818423807 -0.0088345383605904181 0.0015233456581701355 -0.0098558277904986918 0.0046335472473868463 -0.0010393225814270776 0.0088738936283256405 0.0065064939441640043 0.0045407699683610477 -0.0022807094987921284 0.0011811099076028658 -0.0071392198933608658 0.0021547451811696223 0.0078911232018540299 -0.00084119706866938714
leaf_weight=13.999999999999998 10.999999999999998 11.000000000000002 11.999999999999998 10.999999999999998 23 11.999999999999998 12.000000000000002 10.999999999999998 10.999999999999998 18 14.999999999999998 22.999999999999996 80 18.000000000000004 15.999999999999998 14.999999999999998 17.999999999999993 38.000000000000007 14.999999999999998 24 55 62 20
leaf_count=14 11 11 12 11 23 12 12 11 11 18 15 23 80 18 16 15 18 38 15 24 55 62 20
internal_value=-0.0014663 -0.00955572 -0.029971 -0.00700217 -0.0194852 -0.00299024 0.00671727 -0.00470368 -0.0132808 -0.00338684 -0.00138518 -0.00449605 0.00479963 -0.00676027 0.0193721 0.000796749 0.00188622 2.63643e-05 0.00229994 -0.00562193 0.00139966 0.00636516 0
internal_weight=545 274 23 251 55 196 271 185 46 32 139 56 243 41 28 83 71 56 101 35 90 142 35
internal_count=545 274 23 251 55 196 271 185 46 32 139 56 243 41 28 83 71 56 101 35 90 142 35
is_linear=0
shrinkage=0.0529975


Tree=70
num_leaves=27
num_cat=0
split_feature=39 29 35 25 27 15 35 29 27 39 31 5 6 5 53 30 25 29 39 27 3 0 27 13 7 15
split_gain=12.0855 4.36226 10.2261 7.79284 4.13159 3.58436 1.75545 1.46724 2.90952 0.57879 0.344848 0.328247 0.203024 0.265393 0.197614 0.145178 0.145906 0.119948 0.114571 0.0951064 0.0897506 0.0528855 0.0198163 0.0188767 0.0178833 0.00550071
threshold=-0.39234954295270691 0.74954040166073665 -0.075187709818658785 1.3786611811569502 -0.95772725582127649 -1.0779913155986873 -1.2356161011941302 0.24627008227285696 -0.13695324231614844 0.94398139952423521 0.66856331366879385 -1.300866931953909 0.24077274226287421 -1.0104878021227626 -0.36007183007885429 0.40226600080149705 -0.80856147868421624 -0.054945875154369203 0.0241978723428521 -0.31962396469037108 -0.33947769986564769 1.4403347903856529 0.044058632693216825 -1.167913508298337 0.84691737639410036 -0.11045139256861861
decision_type=2 2 2 2 2 2 2 2 2 2 2 2 2 2 2 2 2 2 2 2 2 2 2 2 2 2
left_child=1 4 -3 -4 -1 -5 -2 11 -9 18 20 -6 17 -14 -15 16 -11 -13 24 -16 -10 -12 -19 -20 25 -8
right_child=6 2 3 5 7 -7 9 8 10 15 21 12 13 14 19 -17 -18 22 23 -21 -22 -23 -24 -25 -26 -27
leaf_value=-0.027642901151323701 0.01982745024119768 0.010633874008554535 -0.065076611410545604 -0.027672300880218166 -0.0058418570673139788 0.0073361411326984599 0 -0.0226940261415755 -0.0071896254532919429 0.0022615702153889125 0 0.0072238841141438886 0.0049725139131813634 0.0021897319512755526 -0.0054543772944974723 0.0017060167863441821 0.0099643679660129901 0 0.00037463524964667134 0 -0.0011211224528616206 0.0048170428222600514 0.0024862290598967897 0.003809653730519706 -0.0010709227532238535 0.0013484419256230005
leaf_weight=15.999999999999998 20 14.999999999999998 10.999999999999998 11.999999999999998 14.999999999999998 11.000000000000002 14.999999999999998 22 14.999999999999998 14.999999999999998 12.000000000000002 13.999999999999998 12.999999999999998 14.999999999999991 27.999999999999993 14.999999999999998 68 19 10.999999999999998 13.000000000000012 19 10.999999999999998 12.999999999999998 95 10.999999999999998 21
leaf_count=16 20 15 11 12 15 11 15 22 15 15 12 14 13 15 28 15 68 19 11 13 19 11 13 95 11 21
internal_value=-0.00141908 -0.00918014 -0.0227128 -0.0369879 -0.00568968 -0.0126336 0.00643153 -0.00325246 -0.00866961 0.00489923 -0.00150088 0.000225259 0.00132464 -0.000434936 -0.00216244 0.00802529 0.00889695 0.00384412 0.00262583 -0.00397955 -0.00464954 0.00291176 0.00127496 0.0035547 0.000233955 0.000894963
internal_weight=545 274 49 34 225 23 271 209 79 251 57 130 115 69 56 98 83 46 153 41 34 23 32 106 47 36
internal_count=545 274 49 34 225 23 271 209 79 251 57 130 115 69 56 98 83 46 153 41 34 23 32 106 47 36
is_linear=0
shrinkage=0.0529975


Tree=71
num_leaves=26
num_cat=0
split_feature=39 29 9 27 29 27 37 27 29 2 31 6 31 37 13 29 5 29 45 44 45 15 37 37 27
split_gain=11.119 4.32881 5.6083 3.91147 6.40787 2.12966 1.93443 1.64094 0.956864 0.417561 0.274904 0.240055 0.237677 0.234988 0.224887 0.191278 0.172 0.124647 0.111122 0.146509 0.106509 0.106048 0.0619888 0.0280545 0.0149976
threshold=-0.39234954295270691 1.0939113685825921 0.10876556467993408 -0.45332057286410549 0.092064071066336753 0.43761099535383424 2.1084445962342691 -1.042965392848809 0.58687950133281286 -0.52569871464058704 0.97117537728143455 0.50353014485828651 -0.96321629034271128 0.34913738370593445 -0.51282671934999768 -0.39613487478548931 -0.042741999509909444 1.0000000180025095e-35 -1.1629597973788728 -0.7704731892735065 1.4488293381839996 0.37536627254804528 -0.20864058832330609 1.3346849282688862 -0.32205160727891247
decision_type=2 2 2 2 2 2 2 2 2 2 2 2 2 2 2 2 2 2 2 2 2 2 2 2 2
left_child=1 3 -3 4 7 8 13 -1 11 -6 -10 14 -8 20 -5 21 -17 -13 -16 -20 22 -9 24 -15 -2
right_child=6 2 -4 5 9 -7 12 15 10 -11 -12 17 -14 23 18 16 -18 -19 19 -21 -22 -23 -24 -25 -26
leaf_value=-0.01920339057328312 -0.0018348610958900129 0.00045406609517586994 -0.046722611216658848 -0.0041183480321695153 -0.013951862664766205 0.016601672245307651 0.02412901991219631 0.0053629649445604624 -0.012804320789002543 -0.044117715676480318 -0.0015810113597568623 0 0.0080291296998290726 0.0042373791439009609 -0.001021762786983766 -0.005382958315019953 0.0014481993014583445 -0.0060493079441395169 0 0.0054622888438854095 0.0058475809813429789 -0.00049445397891483142 0.0020046535790150715 0.0072448785993063725 4.3359493418598503e-05
leaf_weight=11.999999999999998 12.000000000000002 11.000000000000002 11.999999999999998 11.999999999999998 11.000000000000002 10.999999999999998 12.000000000000002 11.000000000000002 24 11.999999999999998 11.999999999999998 17 15.999999999999998 90 13.999999999999998 22 10.999999999999998 20 17.999999999999993 32.000000000000007 11.999999999999998 11.999999999999998 57 56 15.999999999999998
leaf_count=12 12 11 12 12 11 11 12 11 24 12 12 17 16 90 14 22 11 20 18 32 12 12 57 56 16
internal_value=-0.00138844 -0.00883284 -0.028491 -0.00638158 -0.0147891 -0.00119622 0.00614143 -0.0052628 -0.00314666 -0.0358002 -0.00998945 -0.000514434 0.0181735 0.0043227 0.00112906 -0.00059442 -0.00305425 -0.00373937 0.00248126 0.00359122 0.00200433 0.00259577 0.00103541 0.0056772 -0.000737799
internal_weight=545 274 23 251 91 160 271 68 149 23 36 113 28 243 76 56 33 37 64 50 97 23 85 146 28
internal_count=545 274 23 251 91 160 271 68 149 23 36 113 28 243 76 56 33 37 64 50 97 23 85 146 28
is_linear=0
shrinkage=0.0529975


Tree=72
num_leaves=24
num_cat=0
split_feature=39 29 13 19 29 19 29 19 37 26 1 45 37 19 13 12 45 45 37 37 19 39 45
split_gain=10.2771 4.02536 5.51944 3.72696 5.63861 2.36526 2.86739 2.68963 1.81185 0.359759 0.269888 0.231062 0.210067 0.175416 0.276271 0.147997 0.0942104 0.0799249 0.0625073 0.0206105 0.0169681 0.00678242 0.000397241
threshold=-0.39234954295270691 1.0939113685825921 1.0780983395245405 -0.71234336683649502 -0.54213609959460229 0.43761099535384468 0.52337296649648568 -0.036067908672949726 2.1084445962342691 -0.66871801552839083 -1.0365503908183322 -0.14095535302818379 0.38478484808374686 -0.58317633917525924 -0.41924289235737794 0.25200630881414771 1.4488293381839996 0.086156745716413782 -0.14783020791410453 1.3346849282688862 -0.32205160727889987 -0.5612317575249578 0.88104909132250542
decision_type=2 2 2 2 2 2 2 2 2 2 2 2 2 2 2 2 2 2 2 2 2 2 2
left_child=1 3 -3 4 -1 6 9 -8 12 11 -10 -5 16 -11 21 -16 18 -9 20 -14 -2 -15 -22
right_child=8 2 -4 5 -6 -7 7 17 10 13 -12 -13 19 14 15 -17 -18 -19 -20 -21 22 -23 -24
leaf_value=0.0038121906325906327 -0.0017700194190655378 0.00096903196482490798 -0.045572553998270766 -0.0072094934920601461 -0.033522048646016343 0.016032238664214295 -0.032204254459021045 -0.0068814517403639449 0.023971382070448435 0.0051779220337068443 0.0078823869075627436 0.00078140035961657352 0.0040429548220152619 -0.0060414201163749327 0.002830710563783903 -0.0016019995623308767 0.0056409349305104883 -0.00060319314333636504 0.002140840158212501 0.0068980555167548327 0.00034958965433713138 -0.0014800948353218171 0
leaf_weight=15.999999999999998 11.999999999999998 11.000000000000002 11.999999999999998 27 24 10.999999999999998 11.999999999999998 22 11.000000000000002 13.999999999999998 17 10.999999999999998 86 11.000000000000002 53 26 11.999999999999998 11.999999999999998 55 56 11.000000000000002 11.999999999999998 10.999999999999998
leaf_count=16 12 11 12 27 24 11 12 22 11 14 17 11 86 11 53 26 12 12 55 56 11 12 11
internal_value=-0.00135922 -0.00851637 -0.0274754 -0.00615137 -0.0198864 -0.00303781 -0.00455672 -0.0153288 0.00587966 -0.000841531 0.0175218 -0.00494635 0.00412046 0.00062293 -0.000190376 0.00127957 0.00198529 -0.00526287 0.00109391 0.00544997 -0.000492074 -0.0047007 0.000185314
internal_weight=545 274 23 251 40 211 200 46 271 154 28 38 243 116 102 79 101 34 89 142 34 23 22
internal_count=545 274 23 251 40 211 200 46 271 154 28 38 243 116 102 79 101 34 89 142 34 23 22
is_linear=0
shrinkage=0.0529975


Tree=73
num_leaves=27
num_cat=0
split_feature=39 29 9 19 29 19 30 37 29 29 19 37 13 11 6 31 6 37 45 12 44 25 37 19 45 37
split_gain=9.46918 3.75371 5.24767 3.42848 6.55977 3.57527 1.71466 1.69884 0.738828 0.672854 0.266163 0.188292 0.172655 0.162916 0.259195 0.161117 0.139682 0.137686 0.132134 0.12152 0.0922216 0.0545759 0.136076 0.0201494 0.00118657 0.000523249
threshold=-0.39234954295270691 1.0939113685825921 0.10876556467993408 -0.30845206814241349 0.34963447586933422 -1.084056395528697 -0.52627917423371862 2.1084445962342691 -0.15716204103522488 0.58687950133281286 0.056972887554589562 1.0872495872935086 -0.51282671934999768 0.59230268583394485 0.6535002668551112 1.0412680890266075 0.78489489977110205 -0.81674439241534058 -0.14095535302818379 0.3658744157966432 -0.7704731892735065 -0.93356545186414219 -0.04088781478067683 -0.32580081582471693 0.88104909132250542 0.2275166228875313
decision_type=2 2 2 2 2 2 2 2 2 2 2 2 2 2 2 2 2 2 2 2 2 2 2 2 2 2
left_child=1 3 -3 4 5 -1 -5 11 13 12 -9 21 -8 18 -15 -11 17 20 -7 -10 -14 -2 23 -23 -25 -24
right_child=7 2 -4 6 -6 8 9 10 19 15 -12 -13 16 14 -16 -17 -18 -19 -20 -21 -22 22 25 24 -26 -27
leaf_value=-0.028568751099694544 0.0058752436279593655 0.0011308742974621663 -0.044146317902914456 0.015716098435244553 -0.03957188472331321 0.0064955811218212877 -0.0041446126445885915 0.0064411102400576343 -0.0010948385989004361 -0.010176033394072711 0.021944869664515056 0.006189151291760054 0.00024185315412803682 -0.0058075761424250796 0.0033962476964196952 -0.0016002984735706699 -0.0018997097277156181 -0.001132046387998473 0 -0.0092340205424423141 0.0057487970268518176 -0.0015651671169150125 0.0015665453528523829 0.00071629484403367121 0 0.0035290512884676461
leaf_weight=10.999999999999998 12.999999999999998 11.000000000000002 11.999999999999998 10.999999999999998 14.999999999999998 17.999999999999996 12.999999999999998 14.000000000000002 10.999999999999998 22 13.999999999999998 75 15.999999999999991 11.000000000000002 10.999999999999998 13.999999999999998 19 13.999999999999998 15.000000000000002 23 27.000000000000007 13.999999999999998 31 17.000000000000004 13.999999999999998 79
leaf_count=11 13 11 12 11 15 18 13 14 11 22 14 75 16 11 11 14 19 14 15 23 27 14 31 17 14 79
internal_value=-0.00131707 -0.00818742 -0.0264953 -0.00590356 -0.0123938 -0.00624315 -7.46921e-05 0.00563098 -0.00178112 -0.0021734 0.0169019 0.00392847 0.000338799 0.00192079 -0.00121442 -0.00771202 0.00143789 0.00273623 0.00405539 -0.00733432 0.00412263 0.00270058 0.00218202 -0.000129717 0.00047837 0.00314577
internal_weight=545 274 23 251 115 100 136 271 89 125 28 243 89 55 22 36 76 57 33 34 43 168 155 45 31 110
internal_count=545 274 23 251 115 100 136 271 89 125 28 243 89 55 22 36 76 57 33 34 43 168 155 45 31 110
is_linear=0
shrinkage=0.0529975


Tree=74
num_leaves=28
num_cat=0
split_feature=39 29 36 19 29 19 37 19 29 31 5 19 29 19 30 37 9 29 44 47 10 25 37 12 19 37 30
split_gain=8.7449 3.49254 5.16131 3.22921 5.33938 1.84254 1.58686 1.22474 1.07081 0.354624 0.292562 0.278494 0.234038 0.478572 0.168862 0.167843 0.153985 0.151142 0.140367 0.120196 0.0775054 0.0666008 0.104366 0.0514457 0.0139605 0.00152589 0.000892634
threshold=-0.39234954295270691 1.0939113685825921 -1.2167630007937162 -0.50025667382205452 0.092064071066336753 0.43761099535384468 2.1084445962342691 -1.0429653928487965 0.58687950133281286 0.97117537728143455 -0.74261475481244321 -0.58317633917525924 -0.054945875154369203 -0.079993913381877391 -0.087901814858564145 0.87755862036522103 -0.35791663023193693 0.20235630727881282 -0.27848972336365163 -0.036118628440457261 0.041592096668920997 -0.93356545186414219 -0.14783020791410453 0.3658744157966432 -0.41834980088588797 0.1436402361162151 0.15998396861742989
decision_type=2 2 2 2 2 2 2 2 2 2 2 2 2 2 2 2 2 2 2 2 2 2 2 2 2 2 2
left_child=1 3 -3 4 7 8 15 -1 12 14 -8 18 19 17 -10 21 -15 23 -9 -5 -18 -2 24 -14 -23 -24 -26
right_child=6 2 -4 5 -6 -7 10 11 9 -11 -12 -13 13 16 -16 -17 20 -19 -20 -21 -22 22 25 -25 26 -27 -28
leaf_value=-0.017058549800970345 0.0057879938494260702 -0.043068687422933537 0.0016029128816426295 0.0065761646399100926 -0.035483877360943397 0.015238535468466985 0.022611713113263248 0.0047865920556242215 -0.0047408688956619635 -0.0011995339026114789 0.0070549419393728828 -0.0056686245399409883 0 -0.0019326845031290925 -0.017576793017062494 0.0055472297858825091 0.004665195232633236 -0.0090034321152097346 -0.00097390685574990157 0 0 -0.0016316855179404493 0.0012174885952808056 -0.0039626224071651122 0.0003782058886267965 0.0030392826835783215 0
leaf_weight=11.999999999999998 11.999999999999998 12.000000000000002 10.999999999999998 11.000000000000002 18 10.999999999999998 11.000000000000002 15.999999999999995 13 11.999999999999998 17 14.999999999999998 16.000000000000004 18 12 94 26 15.999999999999998 19.000000000000004 11.999999999999998 11.999999999999998 10.999999999999998 29 11.999999999999998 15.000000000000002 71 10.999999999999998
leaf_count=12 12 12 11 11 18 11 11 16 13 12 17 15 16 18 12 94 26 16 19 12 12 11 29 12 15 71 11
internal_value=-0.00128593 -0.00788849 -0.0255498 -0.00568456 -0.0140765 -0.00137518 0.00539075 -0.00517754 -0.00306866 -0.0102784 0.0162823 -0.000679992 -0.000468744 -0.00164912 -0.0133358 0.00374581 0.00148007 -0.00547128 0.00180404 0.00370218 0.00329848 0.00239364 0.00181723 -0.00201541 -0.000389888 0.00267562 0.000124524
internal_weight=545 274 23 251 80 171 271 62 160 37 28 50 123 100 25 243 56 44 35 23 38 149 137 28 37 100 26
internal_count=545 274 23 251 80 171 271 62 160 37 28 50 123 100 25 243 56 44 35 23 38 149 137 28 37 100 26
is_linear=0
shrinkage=0.0529975


Tree=75
num_leaves=24
num_cat=0
split_feature=37 29 19 29 19 19 37 29 19 26 26 1 15 1 9 37 29 53 36 19 8 30 37
split_gain=8.05548 3.85309 6.67197 5.51774 3.62363 3.19074 1.60873 1.11757 1.85015 0.484596 0.505238 0.436413 0.389641 0.355007 0.223538 0.217912 0.194756 0.176751 0.00981959 0.00468174 0.00514637 0.00255467 0.001038
threshold=-0.7098019992819159 1.3382556559007897 0.53717754361396441 0.74954040166073665 0.12500767621502204 -1.084056395528697 1.9218196356680928 0.24627008227285696 -0.13695324231613623 -0.68156680265806024 -1.327511249019979 -1.1197631366375458 0.35253781361226161 -0.61983437816041054 -0.14591056851891923 0.1436402361162151 0.51570612243515501 -0.36007183007885429 0.77085285177775187 0.32817604960927232 0.62998325045560355 0.36801256332655824 -0.30719534277960381
decision_type=2 2 2 2 2 2 2 2 2 2 2 2 2 2 2 2 2 2 2 2 2 2 2
left_child=1 2 3 5 -5 -1 15 9 -9 10 -7 -8 -13 -11 -10 18 -16 -15 19 20 -2 -17 -20
right_child=6 -3 -4 4 -6 7 11 8 14 13 -12 12 -14 17 16 21 -18 -19 22 -21 -22 -23 -24
leaf_value=-0.026946293845643329 0.0014010320491524117 -0.031283385915698181 0.026325733026044032 -0.04591520456475872 -0.0063576271430101838 0.0027135064053772076 0.022008462227678747 -0.01865690713989878 -0.0051618790067893385 0.0084313309231640703 -0.0087572277393355973 0.011675664311183774 0 0.0032309276100074558 0.004786140434849471 0.0044701693559115862 -0.0021511523162573857 -0.0016485301004129924 -0.00041679714927792466 0 0 0.0022254323408800636 0
leaf_weight=10.999999999999998 43 12.999999999999998 10.999999999999998 11.000000000000002 14.999999999999998 12.999999999999998 10.999999999999998 22 21 15.999999999999998 21 17.000000000000004 12.999999999999998 31.999999999999993 14.999999999999998 123 18 39.000000000000007 11.000000000000002 10.999999999999998 10.999999999999998 36 10.999999999999998
leaf_count=11 43 13 11 11 15 13 11 22 21 16 21 17 13 32 15 123 18 39 11 11 11 36 11
internal_value=-0.00125484 -0.00796709 -0.00598425 -0.00815201 -0.0287803 -0.00480664 0.00479489 -0.00277655 -0.00755876 0.000387238 -0.00444745 0.0138748 0.00752902 0.00251671 -0.0015081 0.0029597 0.00107413 0.000540299 0.000664201 0.000982763 0.00116708 0.00410361 -3.64234e-05
internal_weight=545 258 245 234 26 208 287 197 76 121 34 41 30 87 54 246 33 71 87 65 54 159 22
internal_count=545 258 245 234 26 208 287 197 76 121 34 41 30 87 54 246 33 71 87 65 54 159 22
is_linear=0
shrinkage=0.0529975


Tree=76
num_leaves=28
num_cat=0
split_feature=39 3 30 15 20 17 37 24 2 19 26 45 24 2 31 12 1 20 2 47 37 25 1 37 10 37 45
split_gain=7.45194 3.10951 8.12103 3.48451 2.12219 4.45193 1.39785 1.31824 1.10449 0.690415 0.629795 0.528758 0.441968 0.41248 0.410981 0.37422 0.241793 0.172426 0.14086 0.114931 0.0983547 0.101293 0.0916913 0.0412739 0.0406179 0.0071541 0.000800223
threshold=-0.39234954295270691 0.72346954219426107 -0.72758761312421016 0.93580236748553591 0.1315569372289461 0.18435890614490139 1.9469825516994852 1.7982491327432464 -0.64101803352536402 -0.68361382853397312 -0.56440320388895016 -0.70873559988967771 1.6014705879276734 0.80082819724459375 -0.96321629034271128 0.14266095426046657 -0.52851467950102726 -0.22526715483219326 -0.10360708555641084 0.17292192908218804 0.34913738370593445 -0.90242383357698541 0.83746028238458914 -0.49382030334577687 -0.7814633708626112 -0.14783020791410453 0.42682489383331024
decision_type=2 2 2 2 2 2 2 2 2 2 2 2 2 2 2 2 2 2 2 2 2 2 2 2 2 2 2
left_child=1 2 -1 8 10 -6 20 12 -3 -10 11 -4 13 22 -8 -16 19 -18 -19 -12 21 -2 -7 -23 -15 26 -25
right_child=6 3 4 -5 5 7 14 -9 9 -11 16 -13 -14 24 15 -17 17 18 -20 -21 -22 23 -24 25 -26 -27 -28
leaf_value=0.029090900580429863 0.0053064527826220727 0.0039558269216623566 -0.013208196276328847 -0.03740096379434945 -0.035331061779649425 0.0025831191770716334 0.021012620356858795 -0.018749292232923504 -0.020789927510891031 -0.0036354733629798785 7.3914160369841671e-05 -0.00059917980042859843 0.003214025268003207 -0.0028473911517001957 0.012235043433223344 0.00017582648340059523 -0.0040724407223468604 0.0048804554429661452 -0.0015227056941610915 0.007376024239644537 0.0041233133472450617 -0.0014270609951468952 -0.0027739405174948897 0.00036524831619215523 -0.010889779178978404 0.0015999873068198746 0
leaf_weight=12.999999999999998 11.999999999999998 11.999999999999998 13.999999999999998 12.999999999999998 13.999999999999998 13.000000000000002 11.999999999999998 13.999999999999998 10.999999999999998 18.000000000000004 12.000000000000002 21 19 10.999999999999998 11.000000000000002 14.999999999999998 22 12 14 12.999999999999998 136 12.999999999999998 10.999999999999998 12.000000000000002 17.000000000000004 49 10.999999999999998
leaf_count=13 12 12 14 13 14 13 12 14 11 18 12 21 19 11 11 15 22 12 14 13 136 13 11 12 17 49 11
internal_value=-0.00122135 -0.0073167 -0.00422482 -0.0181156 -0.00710999 -0.0124951 0.00494123 -0.00657677 -0.00786021 -0.0127892 -0.00171475 -0.00700737 -0.00281259 -0.00523969 0.013723 0.0068329 0.00107368 -0.0010488 0.00157509 0.00478871 0.00317141 0.0016066 0 0.000692251 -0.00899524 0.00124475 7.26922e-05
internal_weight=545 274 220 54 207 99 271 85 41 29 108 35 71 52 38 26 73 48 26 25 233 97 24 85 28 72 23
internal_count=545 274 220 54 207 99 271 85 41 29 108 35 71 52 38 26 73 48 26 25 233 97 24 85 28 72 23
is_linear=0
shrinkage=0.0529975


Tree=77
num_leaves=24
num_cat=0
split_feature=37 29 19 29 19 19 37 29 19 1 26 26 15 1 31 37 53 19 36 7 8 30 37
split_gain=6.89847 3.62823 5.86522 5.056 3.37143 2.88561 1.41573 1.01808 1.62501 0.422898 0.40405 0.44895 0.356867 0.30938 0.191906 0.169015 0.161591 0.0714494 0.00935615 0.00346065 0.00513564 0.00320879 0.000830201
threshold=-0.7098019992819159 1.3382556559007897 0.53717754361396441 0.74954040166073665 0.12500767621502204 -1.084056395528697 1.9218196356680928 0.24627008227285696 -0.13695324231613623 -1.1197631366375458 -0.68156680265806024 -1.327511249019979 0.35253781361226161 -0.61983437816041054 0.66856331366879385 0.1436402361162151 -0.36007183007885429 0.12123585939265195 0.77085285177775187 0.99689984190197711 0.62998325045560355 0.36801256332655824 -0.30719534277960381
decision_type=2 2 2 2 2 2 2 2 2 2 2 2 2 2 2 2 2 2 2 2 2 2 2
left_child=1 2 3 5 -5 -1 15 10 -9 -8 11 -7 -11 -12 17 18 -15 -10 19 20 -2 -17 -20
right_child=6 -3 -4 4 -6 7 9 8 14 12 13 -13 -14 16 -16 21 -18 -19 22 -21 -22 -23 -24
leaf_value=-0.025370846545670171 0.0013646295175356023 -0.030000048946770344 0.024793181543669648 -0.043754294352730948 -0.0057859666268085877 0.0028449982309732731 0.02078250751729175 -0.017370831201782393 -0.0055921253662184487 0.010835852530361598 0.0080753359474203118 -0.0079084682970111259 0 0.0032317971125384623 0.002115477993712435 0.0040396769827023161 -0.00142682916022186 -0.00031384081429961669 -0.00037249140881413068 0 0 0.0019548178683716413 0
leaf_weight=10.999999999999998 42 12.999999999999998 10.999999999999998 11.000000000000002 14.999999999999998 12.999999999999998 10.999999999999998 22 17 17.000000000000004 15.999999999999998 21 12.999999999999998 31.999999999999993 21 123 39.000000000000007 15.999999999999998 11.000000000000002 10.999999999999998 11.999999999999998 36 10.999999999999998
leaf_count=11 42 13 11 11 15 13 11 22 17 17 16 21 13 32 21 123 39 16 11 11 12 36 11
internal_value=-0.00118873 -0.00740071 -0.00548567 -0.00752204 -0.0272573 -0.00432784 0.00440889 -0.00240371 -0.00697222 0.0129249 0.000604485 -0.00381211 0.00686773 0.00254013 -0.00130661 0.00268805 0.000670289 -0.00365384 0.000647442 0.000958565 0.00111773 0.00369816 -3.07273e-05
internal_weight=545 258 245 234 26 208 287 197 76 41 121 34 30 87 54 246 71 33 87 65 54 159 22
internal_count=545 258 245 234 26 208 287 197 76 41 121 34 30 87 54 246 71 33 87 65 54 159 22
is_linear=0
shrinkage=0.0529975


Tree=78
num_leaves=23
num_cat=0
split_feature=37 29 19 29 19 19 37 29 19 7 29 10 12 19 9 29 37 36 7 8 30 37
split_gain=6.3731 3.37008 5.46557 4.71936 3.14602 2.69555 1.32487 0.938772 1.48988 0.425804 0.3933 0.34534 0.261404 0.21677 0.179881 0.180419 0.151942 0.00859477 0.00312487 0.00461531 0.00151656 0.000777744
threshold=-0.7098019992819159 1.3382556559007897 0.53717754361396441 0.74954040166073665 0.12500767621502204 -1.084056395528697 1.9218196356680928 0.24627008227285696 -0.13695324231613623 -1.3300590492267399 -0.42378981793710108 1.1575568244941292 0.14266095426046657 -0.50832564867298069 -0.14591056851891923 0.51570612243515501 0.1436402361162151 0.77085285177775187 0.99689984190197711 0.62998325045560355 0.36801256332655824 -0.30719534277960381
decision_type=2 2 2 2 2 2 2 2 2 2 2 2 2 2 2 2 2 2 2 2 2 2
left_child=1 2 3 5 -5 -1 16 10 -9 -8 -7 13 -11 -12 -10 -16 17 18 19 -2 -18 -19
right_child=6 -3 -4 4 -6 7 9 8 14 12 11 -13 -14 -15 15 -17 20 21 -20 -21 -22 -23
leaf_value=-0.024500633075221875 0.0013013430768569526 -0.028911997580038921 0.023942781691407254 -0.042253533492007542 -0.0055668991022837008 0.0063053874365010688 0.020240981987255817 -0.016647401601964623 -0.0045478080946161703 0.011135808851953123 -0.0025588890422553116 -0.0061889364744999705 0.0011314170377725162 0.0027393880974305126 0.0046111812737271744 -0.0020622105144898475 0.0038355363150283858 -0.00035971504239440611 0 0 0.0018660098753322885 0
leaf_weight=10.999999999999998 42 12.999999999999998 10.999999999999998 11.000000000000002 14.999999999999998 21 10.999999999999998 22 21 12.000000000000002 27.999999999999993 20 18 52.000000000000007 14.999999999999998 18 123 11.000000000000002 10.999999999999998 11.999999999999998 36 10.999999999999998
leaf_count=11 42 13 11 11 15 21 11 22 21 12 28 20 18 52 15 18 123 11 11 12 36 11
internal_value=-0.00115785 -0.00712882 -0.00528204 -0.00724886 -0.0263163 -0.00416216 0.00422199 -0.00230191 -0.00668924 0.0124594 0.000584502 -0.000839731 0.00651563 0.000754648 -0.00125744 0.00103466 0.00255756 0.000617114 0.000915781 0.0010671 0.00351596 -2.29709e-05
internal_weight=545 258 245 234 26 208 287 197 76 41 121 100 30 80 54 33 246 87 65 54 159 22
internal_count=545 258 245 234 26 208 287 197 76 41 121 100 30 80 54 33 246 87 65 54 159 22
is_linear=0
shrinkage=0.0529975


Tree=79
num_leaves=29
num_cat=0
split_feature=37 3 30 15 35 17 37 35 26 45 26 1 7 15 1 2 39 30 9 37 17 3 36 19 8 37 37 8
split_gain=5.89759 2.68662 7.07718 3.5408 2.18267 4.26319 1.24603 1.09071 0.929388 0.815082 0.680867 0.405862 0.366644 0.328487 0.267451 0.233697 0.213424 0.171845 0.166371 0.136571 0.0883878 0.0613354 0.00789816 0.00327847 0.00351378 0.003136 0.000727822 0.000406065
threshold=-0.7098019992819159 0.74002062381803124 -0.72758761312421016 0.93580236748553591 0.13961564358590126 0.18435890614490139 1.9218196356680928 1.8196664449598725 -0.68156680265806024 -1.0494037480065741 -0.87503966933825494 -1.1197631366375458 0.79864768722026469 0.35253781361226161 -0.52851467950102726 0.83804910376585162 -0.86305666682133453 0.22114772662105717 0.35752137825369174 0.1436402361162151 -0.34573477766013477 -0.3155705819646461 0.77085285177775187 0.32817604960927232 0.62998325045560355 1.0872495872935086 -0.30719534277960381 0.087195842581020186
decision_type=2 2 2 2 2 2 2 2 2 2 2 2 2 2 2 2 2 2 2 2 2 2 2 2 2 2 2 2
left_child=1 2 -1 9 8 -6 19 12 17 -3 -11 -8 15 -13 21 -7 -14 -4 20 22 -16 -10 23 24 27 -21 -24 -2
right_child=6 3 4 -5 5 7 11 -9 14 10 -12 13 16 -15 18 -17 -18 -19 -20 25 -22 -23 26 -25 -26 -27 -28 -29
leaf_value=0.028050660183315985 0.00043002255381092991 0.0036827005573787496 -0.0022106558967922231 -0.037020776107674083 -0.033633087508712474 -0.00053518022484778016 0.019610954879700659 -0.017439559649295586 0.0013775759953720671 -0.00017166880150428396 -0.016566102618644277 0.010071411666530626 -0.0029049666731699609 0 -0.00066388823680224162 -0.0090464930878177193 0.0044974536991038401 -0.01259799912880564 -0.003543638958384799 0.0025091162519138024 0.0042348615911191765 0.0081455141578393193 -0.00034737691326545728 0 0 0.0042082119671825102 0 0.0017643174513400715
leaf_weight=11.999999999999998 27 10.999999999999998 13.000000000000002 11.999999999999998 14.999999999999998 18 10.999999999999998 12.999999999999998 12.000000000000002 11.999999999999998 16.000000000000004 17.000000000000004 12.999999999999998 12.999999999999998 13.000000000000002 20 19 10.999999999999998 19 97 15.999999999999998 12.999999999999998 11.000000000000002 10.999999999999998 10.999999999999998 62 10.999999999999998 15.999999999999998
leaf_count=12 27 11 13 12 15 18 11 13 12 12 16 17 13 13 13 20 19 11 19 97 16 13 11 11 11 62 11 16
internal_value=-0.00112762 -0.00687175 -0.00389215 -0.017161 -0.00667082 -0.0120119 0.0040472 -0.00602317 -0.000821643 -0.00677591 -0.011015 0.0120347 -0.00260232 0.00625857 0.00217084 -0.005796 0.00132254 -0.00877105 -0.000148862 0.00243355 0.0021018 0.0060172 0.000588221 0.000874981 0.00102929 0.00334285 -1.54805e-05 0.00122422
internal_weight=545 258 207 51 195 98 287 83 97 39 28 41 70 30 73 38 32 24 48 246 29 25 87 65 54 159 22 43
internal_count=545 258 207 51 195 98 287 83 97 39 28 41 70 30 73 38 32 24 48 246 29 25 87 65 54 159 22 43
is_linear=0
shrinkage=0.0529975


Tree=80
num_leaves=26
num_cat=0
split_feature=29 19 29 19 19 37 39 7 26 29 19 39 45 12 29 29 13 5 37 13 47 9 37 8 47
split_gain=5.62447 7.04714 3.67595 3.21907 2.7609 1.70141 0.424672 0.39413 0.366573 0.483159 0.534784 0.245702 0.196803 0.194702 0.135339 0.117713 0.1031 0.0843127 0.175352 0.0559739 0.0522176 0.0439404 0.0226953 0.0211206 0.0113617
threshold=0.52337296649648568 -0.079993913381877391 1.3382556559007897 0.56461929902412689 -1.1597747990198337 1.8777845326131508 -0.55888787561939324 -1.3300590492267399 -0.35279146161951924 -0.27712259344990625 -0.22831942904204558 -0.69848839585506151 0.42682489383331024 0.04171189223162805 0.16142385576168791 0.74954040166073665 0.69391210239694279 -1.0869381551188761 -0.04088781478067683 -0.95611853142030256 -0.10579881428133901 0.12359606136457299 0.34913738370593445 -0.22268067527572741 0.59100304412747862
decision_type=2 2 2 2 2 2 2 2 2 2 2 2 2 2 2 2 2 2 2 2 2 2 2 2 2
left_child=4 -2 3 12 -1 6 8 -7 9 -6 -11 16 15 -9 -13 -3 21 -8 19 23 -21 -10 -20 -19 -22
right_child=1 2 -4 -5 5 7 17 13 11 10 -12 14 -14 -15 -16 -17 -18 18 22 20 24 -23 -24 -25 -26
leaf_value=-0.018495728741687357 -0.041021392523722278 -0.0029644074405619364 -0.023864831190754911 0.019685838413529524 0.0029738357501773549 0.019117012195537072 0.0055243131590983433 0.010314241733345482 0.001413754868848523 -0.0094671838853105112 0.00086494670098776752 0.00069119408719346188 0 0.00139427435777182 -0.0049400263032397442 -0.011242462626604976 -0.00031849464401803986 -0.0033064749342943795 0.0012199130601663016 0.0028822356860744576 -0.0014356003250670345 0.0064127092200007563 0.0032476610231104729 0 0.00016513278468116086
leaf_weight=12.999999999999998 13.999999999999998 20.000000000000004 14.999999999999998 13.999999999999998 17 10.999999999999998 19 11.000000000000002 17 36 18 21 12.999999999999998 19 14.999999999999998 10.999999999999998 10.999999999999998 12.000000000000002 44 13.999999999999998 12.000000000000002 19 119 10.999999999999998 19
leaf_count=13 14 20 15 14 17 11 19 11 17 36 18 21 13 19 15 11 11 12 44 14 12 19 119 11 19
internal_value=-0.00109548 -0.012989 -0.00481879 0.00177234 0.00128739 0.00211904 0.000974762 0.0116827 -0.00115728 -0.00382453 -0.00616449 0.00114982 -0.00546515 0.00603231 -0.00185917 -0.00743667 0.00353595 0.00231173 0.00188493 -0.000273193 0.00070449 0.00475733 0.00280433 -0.00217704 -0.000397965
internal_weight=545 87 73 58 458 445 404 41 154 71 54 83 44 30 36 31 47 250 231 68 45 36 163 23 31
internal_count=545 87 73 58 458 445 404 41 154 71 54 83 44 30 36 31 47 250 231 68 45 36 163 23 31
is_linear=0
shrinkage=0.0529975


Tree=81
num_leaves=30
num_cat=0
split_feature=29 19 3 30 19 37 29 29 19 1 34 26 10 37 8 30 6 35 2 29 6 13 39 37 7 8 37 6 19
split_gain=5.21493 6.53266 4.16766 5.5998 2.5634 1.59151 1.35365 0.395468 1.05055 0.371945 0.35711 0.170935 0.145863 0.21842 0.138378 0.113151 0.113478 0.0913177 0.112022 0.0808664 0.0541386 0.054459 0.051273 0.0671989 0.0357511 0.0241581 0.0160611 0.0128586 0.000456319
threshold=0.52337296649648568 -0.14661678075790294 0.74002062381803124 -0.72758761312421016 -1.1597747990198337 1.8777845326131508 1.0276841064871944 -0.15716204103522488 -0.34390726110670761 -1.1197631366375458 -0.58449333884126908 -0.20307959017612334 0.8649158441504271 -0.75383710233685208 0.66579977688026848 -0.1688947899045288 -1.1629089085114055 0.19806968841869885 1.5817577447705153 0.26696810119628295 0.57844841771020161 -0.95611853142030256 -0.75589987518680701 -0.30090461377175504 -0.17448719079395239 -0.69311765719912344 0.2275166228875313 0.27622215148290635 0.36631744540971395
decision_type=2 2 2 2 2 2 2 2 2 2 2 2 2 2 2 2 2 2 2 2 2 2 2 2 2 2 2 2 2
left_child=4 -2 3 -3 -1 7 17 12 11 -7 -11 -9 14 -14 20 22 -17 -5 -19 24 21 25 -10 -24 -18 -6 -15 -23 -25
right_child=1 2 -4 6 5 9 -8 8 15 10 -12 -13 13 26 -16 16 19 18 -20 -21 -22 27 23 28 -26 -27 -28 -29 -30
leaf_value=-0.017824919996567167 -0.04242537096796288 0.022575064773980628 -0.028688611096268905 0.00094174924910741891 -0.00076863880592124519 0.018503279450658713 -0.021153007533018353 -0.010463277072043397 0.0051561906680221261 -0.00050199072889090652 0.0098072675639020949 -0.0015330306903816398 0.0087116574065853759 0 -0.0023290683519054944 0.0029163005512579999 -0.0019042594784640951 -0.0068198113068766658 -2.3685014718430262e-05 -0.0040097289523614932 -0.00015400724798386961 0.0037984336388315514 -0.0010597639455931314 0.00054891823180419326 0.00093591239728999128 0.0014450738912430928 0.0024836860543682197 0.00079028014497539343 0.0027184614441303676
leaf_weight=12.999999999999998 10.999999999999998 17 10.999999999999998 10.999999999999998 11.999999999999998 10.999999999999998 10.999999999999998 24 13.999999999999998 12.999999999999998 17.000000000000004 12.999999999999998 19 17 17 17 12.999999999999998 11.000000000000002 14.999999999999998 15.999999999999998 20 57 14.999999999999998 12.999999999999998 30 34 22 14.999999999999998 36
leaf_count=13 11 17 11 11 12 11 11 24 14 13 17 13 19 17 17 17 13 11 15 16 20 57 15 13 30 34 22 15 36
internal_value=-0.00105796 -0.0125105 -0.00530963 0.000637324 0.00123604 0.00203796 -0.00864711 0.00093084 -0.000782607 0.0112878 0.00580645 -0.00813946 0.00247856 0.00469581 0.00146151 0.0011801 -0.000202877 -0.00233515 -0.0038565 -0.00139522 0.00205451 0.00247451 0.00252906 0.0014621 0 0.00071121 0.00168391 0.00337022 0.00239248
internal_weight=545 87 76 65 458 445 48 404 191 41 30 37 213 58 155 154 76 37 26 59 138 118 78 64 43 46 39 72 49
internal_count=545 87 76 65 458 445 48 404 191 41 30 37 213 58 155 154 76 37 26 59 138 118 78 64 43 46 39 72 49
is_linear=0
shrinkage=0.0529975


Tree=82
num_leaves=29
num_cat=0
split_feature=29 19 6 19 29 19 37 1 29 19 29 16 12 30 6 19 9 9 26 37 10 6 39 37 13 1 29 37
split_gain=4.88006 6.08642 3.50269 3.97688 2.52729 2.37931 1.48149 0.453208 0.338058 0.812181 0.310098 0.305501 0.284636 0.120705 0.149134 0.132877 0.0714119 0.0705601 0.132808 0.0633841 0.0738499 0.0598732 0.104685 0.0412876 0.0386488 0.0383899 0.035797 0.0127933
threshold=0.52337296649648568 -0.079993913381877391 -0.80800736895610803 0.56461929902412689 0.99250610888350865 -1.1597747990198337 1.7100317590705216 -1.2228239394102789 0.031036353483505329 -0.079993913381877391 0.74954040166073665 0.49190068689733013 -0.31940383940353895 1.0909449037682633 1.3590427524952104 -0.24311319476512336 -0.37572345200423246 0.34869418108768963 -0.31225579734268905 -0.81674439241534058 0.51025009870396032 -0.086859458712498852 -0.68960891435760863 0.1771907908247404 0.5461481650401746 -0.91475973148382772 0.24207146523303721 -0.18557458196119755
decision_type=2 2 2 2 2 2 2 2 2 2 2 2 2 2 2 2 2 2 2 2 2 2 2 2 2 2 2 2
left_child=5 -2 4 10 -3 -1 8 -8 13 12 -4 -9 -10 14 17 -16 26 19 -19 20 -7 22 -18 -21 -14 -20 -11 -24
right_child=1 2 3 -5 -6 6 7 11 9 16 -12 -13 24 -15 15 -17 21 18 25 23 -22 -23 27 -25 -26 -27 -28 -29
leaf_value=-0.017178440366094318 -0.038170819619394634 -0.0012795646905729415 -0.0018690378919450825 0.018815765031686405 -0.03219252452473239 0.00067858830653218813 0.018068352345976684 0.0084684221487904884 0 0.0011274868663838124 -0.013943960611047766 -0.0003721233639473708 -0.01102972873384938 0.0056087226722551968 -0.0042000649046142107 0.0017710892180860418 0.0071646555213097799 -0.003227065363359369 0.0034931021828761974 7.044064089101514e-05 0.0068235966682968774 0 0 0.0024741108471501736 -0.003558652980291779 0.00056560769702022667 -0.0021689934298418398 0.001953475698787871
leaf_weight=12.999999999999998 13.999999999999998 15.000000000000002 15.000000000000002 21 10.999999999999998 13.000000000000002 10.999999999999998 25 12.999999999999998 11.000000000000002 10.999999999999998 13.999999999999998 18 18 18.000000000000004 11.999999999999998 10.999999999999998 13.999999999999998 17 36 15.999999999999998 18 13.000000000000002 71 14.999999999999998 53 11.999999999999998 15.999999999999998
leaf_count=13 14 15 15 21 11 13 11 25 13 11 11 14 18 18 18 12 11 14 17 36 16 18 13 71 15 53 12 16
internal_value=-0.00103493 -0.0121138 -0.00451002 0.00410874 -0.0181585 0.00118387 0.00195705 0.010039 0.000781782 -0.00139652 -0.00885177 0.00551299 -0.00661774 0.0018475 0.00142437 -0.00172041 0.0017401 0.00191838 0.000546332 0.00265778 0.00485678 0.00267598 0.00369043 0.00177387 -0.00888229 0.001588 -0.000444407 0.00117122
internal_weight=545 87 73 47 26 458 445 50 395 127 26 39 46 268 250 30 81 220 84 136 29 58 40 107 33 70 23 29
internal_count=545 87 73 47 26 458 445 50 395 127 26 39 46 268 250 30 81 220 84 136 29 58 40 107 33 70 23 29
is_linear=0
shrinkage=0.0529975


Tree=83
num_leaves=28
num_cat=0
split_feature=29 19 3 30 19 37 29 7 29 19 12 12 12 19 13 35 2 9 37 5 6 39 47 37 29 37 39
split_gain=4.5607 5.69722 3.8967 4.91958 2.20914 1.38727 1.21923 0.358537 0.341981 0.752275 0.263515 0.167607 0.119135 0.0911705 0.0897311 0.0857354 0.100801 0.0664901 0.0627291 0.0607326 0.0557336 0.0974536 0.0432515 0.0361752 0.0334076 0.0118871 0.0089372
threshold=0.52337296649648568 -0.14661678075790294 0.74002062381803124 -0.72758761312421016 -1.1597747990198337 1.9218196356680928 1.0276841064871944 -1.3300590492267399 0.031036353483505329 -0.079993913381877391 -0.31940383940353895 0.14266095426046657 1.5902633668125283 -0.94590896873541463 -0.95611853142030256 0.19806968841869885 1.5817577447705153 -0.37572345200423246 -0.63011943184916475 -1.300866931953909 -0.086859458712498852 -0.68960891435760863 0.24260211492306979 -0.81674439241534058 0.24207146523303721 -0.18557458196119755 0.46708297258952247
decision_type=2 2 2 2 2 2 2 2 2 2 2 2 2 2 2 2 2 2 2 2 2 2 2 2 2 2 2
left_child=4 -2 3 -3 -1 8 15 -7 12 10 -10 -9 13 -6 18 -5 -17 24 -15 -16 21 -19 -12 -21 -11 -23 -20
right_child=1 2 -4 6 5 7 -8 11 9 17 22 -13 -14 14 19 16 -18 20 26 23 -22 25 -24 -25 -26 -27 -28
leaf_value=-0.016555407571863766 -0.039660942000689731 0.021306107775462865 -0.027594101461240514 0.0011170489356198199 0.0063122324499670611 0.017611578292260007 -0.019812079057184934 0.0089955643578424078 0 0.0010888143658687433 -0.010098562896234241 0.0007241402351503822 -0.0015805850633874661 -0.0028479866715529355 -0.00037659503157005557 -0.0062993128885498783 0 0.0069189096721271994 0 0.0040939825306819562 0 0 -0.0025486827460985324 0.001938477268478936 -0.0020923440240284085 0.0018781693623053292 0.0014305501694010596
leaf_weight=12.999999999999998 10.999999999999998 17 10.999999999999998 10.999999999999998 10.999999999999998 10.999999999999998 10.999999999999998 11.000000000000002 12.999999999999998 11.000000000000002 22 17 19 10.999999999999998 14.999999999999998 11.000000000000002 14.999999999999998 10.999999999999998 14.999999999999998 46 18 13.000000000000002 10.999999999999998 137 11.999999999999998 15.999999999999998 25
leaf_count=13 11 17 11 11 11 11 11 11 13 11 22 17 19 11 15 11 15 11 15 46 18 13 11 137 12 16 25
internal_value=-0.00100795 -0.0117183 -0.00498413 0.000751234 0.00113664 0.00188222 -0.00795691 0.0107308 0.000871473 -0.00133456 -0.00636098 0.00519259 0.00190711 0.00221813 0.00186569 -0.00199844 -0.00349714 0.00168135 0 0.00236357 0.00258483 0.00356361 -0.00853993 0.00262996 -0.000419503 0.00112389 0.00091288
internal_weight=545 87 76 65 458 445 48 39 406 127 46 28 279 260 249 37 26 81 51 198 58 40 33 183 23 29 40
internal_count=545 87 76 65 458 445 48 39 406 127 46 28 279 260 249 37 26 81 51 198 58 40 33 183 23 29 40
is_linear=0
shrinkage=0.0529975


Tree=84
num_leaves=27
num_cat=0
split_feature=29 19 13 19 19 37 7 29 28 29 10 29 10 19 19 10 9 6 37 9 14 9 7 10 7 8
split_gain=4.2791 5.38756 3.38224 3.39866 2.04094 1.31255 0.386074 0.324188 0.502838 0.253403 0.18871 0.275812 0.166816 0.187745 0.180184 0.158469 0.125329 0.101128 0.0502809 0.0418039 0.0407405 0.0381426 0.029624 0.0237439 0.00984352 0.00660325
threshold=0.55429414669926913 -0.079993913381877391 1.1372039144672474 0.85158199478838448 -1.1597747990198337 1.6722873850234283 -1.3300590492267399 0.24627008227285696 -0.071462254183915774 0.74954040166073665 1.1932390427821107 -0.15716204103522488 0.76170805865383173 -0.61139804268437181 -0.83382283659871825 -0.070679045973420548 -0.14591056851891923 0.50353014485828651 -0.57350287077852791 1.101902077484733 -0.090488746388873678 -0.2420963763339069 -0.22676798079162311 1.4623052303535065 0.83775774803185177 0.48031795285631473
decision_type=2 2 2 2 2 2 2 2 2 2 2 2 2 2 2 2 2 2 2 2 2 2 2 2 2 2
left_child=4 -2 3 9 -1 7 -7 10 -9 24 12 23 14 -14 -6 -8 -10 19 -19 -16 -18 -15 -17 -12 -3 -23
right_child=1 2 -4 -5 5 6 15 8 16 -11 11 -13 13 21 17 22 20 18 -20 -21 -22 25 -24 -25 -26 -27
leaf_value=-0.015954970810893657 -0.03679141802668217 -0.001311463883606266 -0.02000287602168983 0.02241482542857965 -0.003952353339279447 0.016220725453627918 0.0082223159182146181 -0.0083785016936134549 -0.0024222114073986717 -0.0087691194186838416 0 -0.0055086698070545221 0.0089429360743375277 -0.00019776864157860361 0.0022281554954263864 -0.00020131221548093324 0 -0.0033429463812383385 0.00051103682972422496 0 0.0045182077455154703 0.003682817435133998 0.0026616681996517798 0.0028049476506289395 0.00032663301349621012 0.00048051248168592362
leaf_weight=12.999999999999998 12.999999999999998 11.000000000000002 20 11.999999999999998 11.999999999999998 11.999999999999998 19 21 12.999999999999998 17 14.000000000000002 21 12.999999999999998 12.999999999999998 170 10.999999999999998 11 11.000000000000002 12.999999999999998 31 13 11.000000000000002 14.000000000000002 13.999999999999998 10.999999999999998 10.999999999999998
leaf_count=13 13 11 20 12 12 12 19 21 13 17 14 21 13 13 170 11 11 11 13 31 13 11 14 14 11 11
internal_value=-0.000986032 -0.011566 -0.00435103 0.00312309 0.00105058 0.00176365 0.00893971 0.000601702 -0.00283842 -0.00485365 0.00125916 -0.00156774 0.00179148 0.00451647 0.001113 0.00510698 0.00087347 0.00150898 -0.00133768 0.00191152 0.00301883 0.00163441 0.00138137 0.0016328 -0.000348399 0.00277701
internal_weight=545 84 71 51 461 448 56 392 58 39 334 49 285 48 237 44 37 225 24 201 24 35 25 28 22 22
internal_count=545 84 71 51 461 448 56 392 58 39 334 49 285 48 237 44 37 225 24 201 24 35 25 28 22 22
is_linear=0
shrinkage=0.0529975


Tree=85
num_leaves=30
num_cat=0
split_feature=39 3 30 15 35 0 35 24 2 19 26 19 7 37 3 45 45 10 25 2 8 37 3 2 2 3 13 8 39
split_gain=3.89995 2.27771 5.60424 2.83009 1.41549 3.70774 1.04043 1.00178 0.88751 0.623479 0.505561 0.407753 0.29735 0.25384 0.201892 0.187553 0.170769 0.169687 0.163292 0.138056 0.0830149 0.0647684 0.0273123 0.0144633 0.0737105 0.013074 0.00315667 0.00279306 0.000914773
threshold=-0.39234954295270691 0.72346954219426107 -0.72758761312421016 0.93580236748553591 0.27585025848075434 0.39222518203379619 -1.2356161011941302 1.7982491327432464 -0.64101803352536402 -0.68361382853397312 -0.56440320388895016 -0.22831942904204558 0.79864768722026469 1.2738745478596842 -0.61349005119250999 -0.36806745177278138 -0.36806745177278138 -0.053551922787591452 -0.80856147868421624 0.83804910376585162 -0.37302240447475093 0.022019475297808743 0.070621322589991556 -0.71944390254449508 -0.14372052586891007 -0.39648698101418961 -0.82313098779921112 0.098819192396764219 -0.18564210945553025
decision_type=2 2 2 2 2 2 2 2 2 2 2 2 2 2 2 2 2 2 2 2 2 2 2 2 2 2 2 2 2
left_child=1 2 -1 8 10 -6 -2 12 -3 -10 11 15 19 21 -14 -4 20 -18 -15 -7 -12 25 -22 -20 -25 -8 -23 28 -27
right_child=6 3 4 -5 5 7 13 -9 9 -11 16 -13 14 18 -16 -17 17 -19 23 -21 22 26 -24 24 -26 27 -28 -29 -30
leaf_value=0.024884567429613924 0.013712594708007128 0.004646716154475399 -0.012741665963585103 -0.031811397229050138 -0.032665988484931151 1.8717644545404798e-05 -0.0014166860751791942 -0.014979416258646613 -0.017544920655219405 -0.0020321780866261979 0 0.00087597952932435825 -0.0021568857740618549 -0.0003680522333939152 0.0051930150449366374 -0.0018223768101086487 0.0018963980830285245 -0.0039953508733620337 0.0088744387140426081 -0.0064237100882769778 0.006255288183339259 0.0005856842990470554 0.0012643076889203467 0.0010068967225297354 0.0057687655570902085 -0.00039569000881684436 0.002016581360683107 0.00059330907073322449 0
leaf_weight=12.999999999999998 20 11.999999999999998 13 12.999999999999998 10.999999999999998 10.999999999999998 13.999999999999998 13.999999999999998 10.999999999999998 18.000000000000004 10.999999999999998 13.999999999999998 12.000000000000002 10.999999999999998 19 11 21 21 11.999999999999998 21 15.000000000000002 27 12.999999999999998 21.999999999999996 29.000000000000004 10.999999999999998 96 18 11.000000000000002
leaf_count=13 20 12 13 13 11 11 14 14 11 18 11 14 12 11 19 11 21 21 12 21 15 27 13 22 29 11 96 18 11
internal_value=-0.00095187 -0.00536342 -0.00274396 -0.014578 -0.00516359 -0.0100412 0.00350284 -0.00459831 -0.00560344 -0.0101139 -0.00119211 -0.00580737 -0.00108881 0.00236117 0.00227065 -0.0093346 0.00114383 -0.00103507 0.00488163 -0.00437184 0.0034708 0.00114382 0.00477523 0.0058518 0.00415921 -0.000261588 0.00179845 0.000122828 -5.72573e-05
internal_weight=545 274 220 54 207 88 271 77 41 29 119 38 63 251 31 24 81 42 74 32 39 177 28 63 51 54 123 40 22
internal_count=545 274 220 54 207 88 271 77 41 29 119 38 63 251 31 24 81 42 74 32 39 177 28 63 51 54 123 40 22
is_linear=0
shrinkage=0.0529975


Tree=86
num_leaves=27
num_cat=0
split_feature=29 35 33 15 19 37 29 19 5 10 10 29 10 37 19 31 31 3 13 2 19 10 31 29 10 37
split_gain=3.89208 6.88448 6.00345 2.52792 1.72209 1.29228 0.641951 0.953799 0.383984 0.19855 0.172875 0.239813 0.160072 0.180676 0.1535 0.152873 0.142535 0.0751327 0.0480583 0.0431494 0.042718 0.0394052 0.035966 0.0310069 0.0228701 0.010136
threshold=0.74954040166073665 -0.075187709818658785 1.2162046280076428 -1.1132998417179685 -1.1597747990198337 1.6722873850234283 0.24627008227285696 -0.13695324231613623 -0.76712598019862421 -0.070679045973420548 1.1932390427821107 -0.15716204103522488 0.76170805865383173 -0.75383710233685208 -0.83382283659871825 -0.35693652117952007 0.6376605009582208 -0.33947769986564769 -0.9708949251559793 1.6463212820353956 0.14830366495451694 0.35276627385815701 -0.12247016799732505 -0.42378981793710108 1.4623052303535065 0.47495196386290883
decision_type=2 2 2 2 2 2 2 2 2 2 2 2 2 2 2 2 2 2 2 2 2 2 2 2 2 2
left_child=4 -2 -3 -4 -1 6 10 -8 -7 -10 12 24 14 15 -6 -14 17 -9 23 -18 -19 -20 -11 -16 -12 -15
right_child=1 2 3 -5 5 8 7 16 9 22 11 -13 13 25 18 -17 19 20 21 -21 -22 -23 -24 -25 -26 -27
leaf_value=-0.015073730829793536 0.010811540718065869 -0.05060411704818072 -0.020403173533097139 0.0083665450688219702 -0.0036032257929927407 0.014922677161307473 -0.011923334843484368 -0.0041428812069415908 0.0076987656476371772 -0.0011686456380945605 0 -0.0051608503973642498 0.00089868838781684117 -0.00017260021417847955 0.00081702304906703532 0.0101557792367039 9.0865132174718898e-06 -0.0018086668493316469 0.0021457148219047764 0.0042464651063307294 0.0019462952834237814 0 0.002141322418279305 -0.0018161056945112752 0.0026450971144961598 0.0014082182273742047
leaf_weight=12.999999999999998 17 10.999999999999998 10.999999999999998 12.000000000000002 11.999999999999998 13.999999999999998 22 19 19 11 14.000000000000002 21 11.000000000000002 12.000000000000002 26 12.999999999999998 17.000000000000004 11.000000000000002 150 10.999999999999998 10.999999999999998 35 12 13.999999999999998 13.999999999999998 11.999999999999998
leaf_count=13 17 11 11 12 12 14 22 19 19 11 14 21 11 12 26 13 17 11 150 11 11 35 12 14 14 12
internal_value=-0.000928786 -0.0140481 -0.0264099 -0.00652592 0.000563899 0.00118128 0.000120175 -0.00366674 0.00833112 0.00439855 0.00121895 -0.0014841 0.0017287 0.00439694 0.00106438 0.00717361 -0.00019821 -0.00215374 0.00143063 0.00233461 0 0.00178351 0.000403108 -6.93344e-05 0.00149192 0.000508462
internal_weight=545 51 34 23 494 481 425 91 56 42 334 49 285 48 237 24 69 41 225 28 22 185 23 40 28 24
internal_count=545 51 34 23 494 481 425 91 56 42 334 49 285 48 237 24 69 41 225 28 22 185 23 40 28 24
is_linear=0
shrinkage=0.0529975


Tree=87
num_leaves=29
num_cat=0
split_feature=39 30 39 19 46 19 5 28 14 1 39 44 47 24 30 37 12 37 45 26 53 19 3 33 34 53 12 15
split_gain=3.46026 4.48319 2.38384 1.73892 1.74182 1.37673 0.514629 0.422567 0.390105 0.72882 0.267476 0.278425 0.442333 0.225243 0.19728 0.154598 0.149004 0.122326 0.100517 0.0840977 0.0812247 0.0521813 0.0138167 0.00393892 0.00951383 0.00141635 0.00140275 8.04046e-05
threshold=-1.1464725685440789 -1.4739652562250283 -0.39234954295270691 -0.32580081582471693 0.45820649254739221 -1.084056395528697 1.265816741428538 -0.90131216258272484 1.4682950730684146 1.4601115338560191 -0.64566921704707625 1.0000000180025095e-35 0.24260211492306979 0.59081753826905514 0.94700107409178613 0.2442919002417939 1.5117235543663337 1.5988955465985291 -0.25451140240048259 -0.59205888581365251 -0.36007183007885429 -0.036067908672949726 -0.79003492184605895 -0.12369670203102227 -0.7657825557832586 -0.36007183007885429 -0.93157172418212364 -1.2121442268034566
decision_type=2 2 2 2 2 2 2 2 2 2 2 2 2 2 2 2 2 2 2 2 2 2 2 2 2 2 2 2
left_child=-1 -2 3 4 5 -3 8 -4 13 -10 11 12 -7 18 -12 22 17 27 19 -5 -20 -19 -9 24 -24 -26 -25 -17
right_child=1 2 7 6 -6 10 -8 15 9 -11 14 -13 -14 -15 -16 16 -18 21 20 -21 -22 -23 23 26 25 -27 -28 -29
leaf_value=-0.020169982229338378 0.025298783014645457 -0.019947637389833319 0.010559953603940082 -0.00086889955019200222 -0.024501755278195723 -0.011514037753774695 -0.0069798492101012365 -0.0013625175344580216 0.013608695612869967 -0.0019381376487127545 -0.0022936091039702068 0 0 -0.0055407238493222358 0.0047178292795275866 0.00024299661592476393 -0.0018786928717594647 0.00091782225529806849 -0.0037564293477092784 0.0036642372946009798 0.00055521647454026145 0.0062862508197048207 -0.00019950972959704457 0.00014374692540280174 0.0015916558515337641 9.9200150741361165e-05 -0.00040743238888809761 0.0020364631883886103
leaf_weight=19 12.999999999999998 10.999999999999998 11.999999999999998 10.999999999999998 12.999999999999998 21 22 10.999999999999998 11.000000000000002 12.999999999999998 21 19 12.999999999999998 14.999999999999998 12.999999999999998 10.999999999999998 11.999999999999998 11.999999999999998 13.999999999999998 29 23 39 10.999999999999995 16.000000000000004 12.999999999999998 16.000000000000007 14.999999999999998 96
leaf_count=19 13 11 12 11 13 21 22 11 11 13 21 19 13 15 13 11 12 12 14 29 23 39 11 16 13 16 15 96
internal_value=-0.000904006 0 -0.000914289 -0.00458978 -0.00934725 -0.00597294 -0.000484722 0.00255144 0.000972388 0.00625064 -0.00295863 -0.00513327 -0.00764331 -0.000631494 0.000517995 0.00190644 0.00279198 0.00324502 0.00057191 0.00231501 -0.00121013 0.00537509 0 0.000306951 0.000631068 0.0011259 0 0.00193658
internal_weight=545 526 513 249 111 98 138 264 116 24 87 53 34 92 34 252 170 158 77 40 37 51 82 71 40 29 31 107
internal_count=545 526 513 249 111 98 138 264 116 24 87 53 34 92 34 252 170 158 77 40 37 51 82 71 40 29 31 107
is_linear=0
shrinkage=0.0529975


Tree=88
num_leaves=28
num_cat=0
split_feature=39 30 39 30 39 30 45 1 45 28 12 39 26 45 37 12 34 12 13 37 45 3 28 34 33 53 16
split_gain=3.20415 4.21005 2.33475 1.44773 1.09606 1.56771 1.06665 0.80148 0.484781 0.39527 0.394337 0.325906 0.238344 0.205069 0.140593 0.13749 0.121063 0.152747 0.139283 0.111759 0.05618 0.0128743 0.00371447 0.00371274 0.00897641 0.00112263 0.000379142
threshold=-1.1558530955085182 -1.4739652562250283 -0.39234954295270691 0.34485729356418537 -0.84506682601750038 1.1158556766981123 1.0000000180025095e-35 1.0844893855948197 1.3352732888117009 -0.90131216258272484 0.68564406534471722 -0.94395498571383207 -0.23817576173475374 -0.8222916492619764 0.2442919002417939 1.5117235543663337 -0.7657825557832586 -0.86036561408002055 0.2900240069551096 1.5988955465985291 1.221717239439402 -0.79003492184605895 -0.035591504570383306 -0.7657825557832586 -0.12369670203102227 -0.36007183007885429 -0.86541269115518105
decision_type=2 2 2 2 2 2 2 2 2 2 2 2 2 2 2 2 2 2 2 2 2 2 2 2 2 2 2
left_child=-1 -2 3 8 6 7 -5 10 11 -4 12 13 -6 -3 21 19 -13 -18 -19 -16 22 -11 -21 -23 25 -25 -26
right_child=1 2 9 4 5 -7 -8 -9 -10 14 -12 16 -14 -15 15 -17 17 18 -20 20 -22 23 -24 24 26 -27 -28
leaf_value=-0.022869983688471825 0.024381238590212791 -0.0011969843383187108 0.01018677864122617 -0.022972749080307032 -0.0054504424409584449 -0.019085644328818208 -0.0015152773733137365 -0.0095678514088678203 0.0062479941548499486 -0.0013157834841477634 0.0087343877119153528 -0.0041153964755215227 0.001786304631213799 -0.010024420455991155 0.001843633462749478 -0.0018123023394079091 -0.0028154022593603434 0.004460552526000321 -0.00025729084796113726 0.0018760730418287833 0.00057648214904470465 -0.00019266660047992195 0.0067758425719885171 0.0015339291926992457 0 9.5376002305652078e-05 -0.00021519199397218393
leaf_weight=11.999999999999998 12.999999999999998 18 11.999999999999998 19.000000000000004 12.999999999999998 11.999999999999998 10.999999999999998 18 17 10.999999999999998 10.999999999999998 12.999999999999998 32 13.999999999999998 107 11.999999999999998 20 26 32 10.999999999999998 10.999999999999998 10.999999999999998 29 13.000000000000002 13.999999999999998 15.999999999999995 17.000000000000007
leaf_count=12 13 18 12 19 13 12 11 18 17 11 11 13 32 14 107 12 20 26 32 11 11 11 29 13 14 16 17
internal_value=-0.000873573 -0.000116464 -0.00101315 -0.00457682 -0.0088055 -0.00500323 -0.0168621 -0.00137283 -0.000807459 0.00244156 0.00181926 -0.00208186 -0.000562412 -0.00621533 0.00181747 0.00266195 -0.00026194 0.000545093 0.00196825 0.00309819 0.00513689 0 0.0060005 0.000295751 0.000500497 0.00109216 0
internal_weight=545 533 520 256 116 86 30 74 140 264 56 123 45 32 252 170 91 78 58 158 51 82 40 71 60 29 31
internal_count=545 533 520 256 116 86 30 74 140 264 56 123 45 32 252 170 91 78 58 158 51 82 40 71 60 29 31
is_linear=0
shrinkage=0.0529975


Tree=89
num_leaves=28
num_cat=0
split_feature=29 35 38 29 27 29 27 27 4 7 27 29 26 27 39 13 2 17 13 37 2 37 29 29 29 30 32
split_gain=3.54688 5.93881 1.52652 1.45559 1.96075 0.70401 2.25513 0.663862 0.469664 0.204613 0.116305 0.174972 0.120203 0.10389 0.0902545 0.114468 0.082277 0.0778718 0.068778 0.056859 0.0774826 0.058286 0.0542621 0.0473319 0.0268784 0.0249902 0.0231087
threshold=0.99250610888350865 -0.075187709818658785 -0.37905512615458281 0.17116908538165884 -0.50025667382206596 -0.8007581298917843 -0.94590896873542507 -0.95772725582127649 -0.57409866599779635 0.84691737639410036 -0.24311319476513552 -0.15716204103522488 -0.29630931754335849 0.1212358593926398 -0.45960859485267685 0.2604712194837559 -0.06212924251219399 1.4887209766512375 0.35898051105493473 -0.81674439241534058 -1.0530676585040981 1.1396723290255804 -0.49493806836938409 -0.89685283675921912 0.30977886120655712 0.22383387894593715 -0.71293023027759395
decision_type=2 2 2 2 2 2 2 2 2 2 2 2 2 2 2 2 2 2 2 2 2 2 2 2 2 2 2
left_child=2 -2 8 5 -5 7 -7 -4 -1 13 11 14 -13 24 15 -8 -10 25 -15 -12 -21 -22 -16 26 -6 -11 -9
right_child=1 -3 3 4 9 6 10 23 16 17 19 12 -14 18 22 -17 -18 -19 -20 20 21 -23 -24 -25 -26 -27 -28
leaf_value=0.015787922952321218 0.010390444513873182 -0.0317317620964776 0.015387476892153631 -0.020943975564259996 -0.0020131505847450588 -0.017201209402156338 0.004218694055678914 0.0015834475967452782 0 0 0.00464282088730931 -0.0058587385596417692 9.8982384137547572e-05 -0.0033664526449813902 0.00077266741189698244 -0.00096843208253033107 0.0054823359507200102 -0.0024052696341366991 0.0011258807445805887 -0.001828351496005952 0.00095798413767327051 0.0034469684756995704 -0.0023955315926249927 0.0038093346034990217 -0.0072301813720031085 0.0033150988390013916 -0.00114540574068725
leaf_weight=13.999999999999998 11.000000000000002 19 10.999999999999998 13.999999999999998 14.999999999999998 13.999999999999998 31 10.999999999999998 12.000000000000002 16.000000000000004 19 15.000000000000002 12.999999999999998 11.000000000000002 32 11.999999999999998 17 10.999999999999998 13.999999999999998 10.999999999999998 98 44 18 17.000000000000004 22 11.999999999999998 10.999999999999998
leaf_count=14 11 19 11 14 15 14 31 11 12 16 19 15 13 11 32 12 17 11 14 11 98 44 18 17 22 12 11
internal_value=-0.000848105 -0.0169349 0.000259709 -0.000642861 -0.0056794 0.00102733 7.57033e-06 0.00649261 0.00917572 -0.00244305 0.00118167 -2.85429e-05 -0.00335763 -0.00421164 0.00104588 0.00268721 0.00362583 0.000399903 -0.000894277 0.00204457 0.00151505 0.00188483 -0.000377541 0.00211231 -0.00585334 0.00193726 1.6448e-05
internal_weight=545 30 515 472 115 357 307 50 43 101 293 121 28 62 93 43 29 39 25 172 153 142 50 39 37 28 22
internal_count=545 30 515 472 115 357 307 50 43 101 293 121 28 62 93 43 29 39 25 172 153 142 50 39 37 28 22
is_linear=0
shrinkage=0.0529975


Tree=90
num_leaves=20
num_cat=0
split_feature=29 19 29 30 13 19 29 28 29 2 19 12 31 29 13 30 7 29 13
split_gain=3.40036 3.04054 3.59001 2.31964 1.99289 1.34504 0.674855 0.632484 0.209218 0.284564 0.230074 0.101341 0.0809731 0.0714229 0.0684169 0.0601817 0.0545122 0.0343804 0.0330394
threshold=1.3382556559007897 0.56461929902412689 0.74954040166073665 0.23966141775408889 1.009141835424715 -1.1597747990198337 0.24627008227285696 -0.071462254183915774 -0.8007581298917843 -0.79383113947774209 -0.92602225282107575 1.5902633668125283 0.66856331366879385 -0.91996353719568635 -0.95611853142030256 -0.24326545948369957 0.4115726716950609 0.57049017291794757 0.60525373998288179
decision_type=2 2 2 2 2 2 2 2 2 2 2 2 2 2 2 2 2 2 2
left_child=1 2 5 -4 16 -1 8 18 9 -7 -10 14 15 -11 -12 -9 -3 -14 -8
right_child=-2 4 3 -5 -6 6 7 12 10 13 11 -13 17 -15 -16 -17 -18 -19 -20
leaf_value=-0.013901542024507156 -0.021733047904494325 0.0012262537567146582 -0.0019407623845743285 -0.031936732369355195 0.027267020075226755 0.010153488741441025 -0.011723064469562002 0.00049078972315771659 -0.0050333445492523783 -0.00088584855038442766 -0.00030467828327609275 -0.0019382388784742013 0.0034863762493471586 0.003297619979866189 0.0018526124692079392 -0.0034285270392142571 0.006152344868342886 0 -0.0032518359511305756
leaf_weight=12.999999999999998 14.999999999999998 21 15.000000000000002 10.999999999999998 10.999999999999998 11.999999999999998 15.000000000000002 13.000000000000002 10.999999999999998 15.999999999999995 41 19 11.000000000000002 16.000000000000004 250 18 14.999999999999998 10.999999999999998 10.999999999999998
leaf_count=13 15 21 15 11 11 12 15 13 11 16 41 19 11 16 250 18 15 11 11
internal_value=-0.000815503 0 -0.00129391 -0.0184566 0.0120705 -7.59993e-05 0.000493131 -0.00375146 0.00147644 0.00471587 0.000932706 0.001258 -5.8984e-05 0.00121237 0.00152513 -0.001783 0.00403049 0.00198239 -0.00963847
internal_weight=545 530 483 26 47 457 444 79 365 44 321 310 53 32 291 31 36 22 26
internal_count=545 530 483 26 47 457 444 79 365 44 321 310 53 32 291 31 36 22 26
is_linear=0
shrinkage=0.0529975


Tree=91
num_leaves=30
num_cat=0
split_feature=39 38 39 19 6 5 6 15 45 45 37 6 13 19 12 3 37 17 25 45 5 31 26 37 19 1 39 39 3
split_gain=2.90817 3.82234 2.20329 1.45088 1.78186 0.411808 0.320294 0.308576 0.289183 0.295154 0.263137 0.153219 0.184092 0.138897 0.132206 0.0956781 0.148759 0.144058 0.072791 0.0541983 0.050626 0.0435728 0.10331 0.0637667 0.0308923 0.0261557 0.0176109 0.0103241 0.00408789
threshold=-1.1558530955085182 -0.85777646155359866 -0.5612317575249578 -0.32580081582471693 0.15032444639703532 -1.2693510750792598 1.2873217772327994 -1.2252975897148428 -0.36806745177278138 0.65393699257790783 0.38478484808374686 0.60253933251252334 0.62495559829711766 -0.83382283659871825 -0.43235053271425467 -0.26775634616264371 1.6722873850234283 -0.72340947011875822 0.16424198159548414 -1.0494037480065741 0.70756048009203754 0.68271478155926746 0.90307999345160417 -0.60495651581777243 -0.24311319476512336 -0.10331898053901971 1.2513520998271794 -0.26233452934068974 -0.32476562731118558
decision_type=2 2 2 2 2 2 2 2 2 2 2 2 2 2 2 2 2 2 2 2 2 2 2 2 2 2 2 2 2
left_child=-1 -2 3 4 -3 -4 11 -5 14 18 13 -6 -13 -7 -9 16 -12 -17 -10 -16 -11 23 -23 -15 -19 -21 -26 -24 -25
right_child=1 2 5 7 6 10 -8 8 9 20 15 12 -14 21 19 17 -18 24 -20 25 -22 22 27 28 26 -27 -28 -29 -30
leaf_value=-0.021753601361865025 0.021552146792431854 -0.021273887897818124 0.0086311900959684957 -0.0074355735953009162 -0.0043235376612758246 -0.0046566101283666188 -0.0096203645099123426 0.0052726502187666977 -0.001721195621790021 -0.00048981034147891245 0.00152127576691549 0.0049414530622338528 -0.0025791291902462769 -0.002758521892958157 -0.0019850770419517277 -0.0025925925345575587 0.0068852071530558336 0 -0.0077853145924564786 0.0028235898447547666 0.0034330437508891384 0.0045564402715761567 -0.0013554498040009991 -7.8167739228884796e-05 0.0013108363682000287 0 0.0042194291878452821 0.00026900296325866853 0.0006051330799775749
leaf_weight=11.999999999999998 15.999999999999998 23 18 13.999999999999998 20 12.999999999999998 17 19 18 12.000000000000002 41 12.000000000000002 11.999999999999998 19 12.999999999999995 14.999999999999998 28 17.999999999999993 17 12.999999999999998 10.999999999999998 12.999999999999998 11 15.999999999999998 31.000000000000007 13.000000000000005 21 14 45
leaf_count=12 16 23 18 14 20 13 17 19 18 12 41 12 12 19 13 15 28 18 17 13 11 13 11 16 31 13 21 14 45
internal_value=-0.000798299 -7.67886e-05 -0.000998942 -0.00505175 -0.0102443 0.00188332 -0.00444952 -0.00134144 -0.000219359 -0.00277808 0.00126406 -0.00139776 0.00118443 -0.000433402 0.00225077 0.00271379 0.00416755 0.00126006 -0.00554491 0.00011688 0.00146742 0.000178229 0.00156598 -0.00046296 0.00231696 0.00156121 0.0029207 -0.000344363 0.000330698
internal_weight=545 533 517 214 84 303 61 130 116 58 285 44 24 131 58 154 69 85 35 39 23 118 38 80 70 26 52 25 61
internal_count=545 533 517 214 84 303 61 130 116 58 285 44 24 131 58 154 69 85 35 39 23 118 38 80 70 26 52 25 61
is_linear=0
shrinkage=0.0529975


Tree=92
num_leaves=20
num_cat=0
split_feature=29 38 29 19 13 19 29 28 29 2 19 3 12 13 35 29 7 7 13
split_gain=3.13274 2.70779 3.23302 2.1874 1.92491 1.20483 0.613276 0.555149 0.190408 0.252239 0.198205 0.12961 0.0882994 0.0670093 0.0668348 0.06366 0.0611401 0.0558755 0.025899
threshold=1.3382556559007897 -0.37905512615458281 0.74954040166073665 0.12500767621502204 1.009141835424715 -1.1597747990198337 0.24627008227285696 -0.071462254183915774 -0.8007581298917843 -0.79383113947774209 -0.92602225282107575 -0.33947769986564769 1.5902633668125283 0.41808608599764202 -1.2151304697280925 -0.91996353719568635 0.8761735751477443 0.4115726716950609 0.60525373998288179
decision_type=2 2 2 2 2 2 2 2 2 2 2 2 2 2 2 2 2 2 2
left_child=1 4 5 -4 17 -3 8 18 9 -7 -10 16 14 -13 -12 -11 -9 -1 -8
right_child=-2 2 3 -5 -6 6 7 11 10 15 12 13 -14 -15 -16 -17 -18 -19 -20
leaf_value=0.00094427955298880797 -0.020848190645780931 -0.013157560871181131 -0.03059595279962106 -0.001597539265281905 0.026207606057929891 0.009621490893833724 -0.011047797876934787 -0.0044002525855074076 -0.0046491887790294749 -0.00079824777877804322 -0.0015488420242339631 -0.00014449007436608682 -0.0017894095332514394 0.0042103696403004093 0.0016311930201650196 0.0031410239667735446 0 0.0056307013135129284 -0.0030760354188109182
leaf_weight=21 14.999999999999998 12.999999999999998 11.000000000000002 14.999999999999998 10.999999999999998 11.999999999999998 15.000000000000002 14.000000000000002 10.999999999999998 15.999999999999995 12.999999999999998 14.000000000000002 19 12.999999999999998 277 16.000000000000004 10.999999999999998 17 10.999999999999998
leaf_count=21 15 13 11 15 11 12 15 14 11 16 13 14 19 13 277 16 11 17 11
internal_value=-0.00077044 1.1647e-05 -0.00123441 -0.0175191 0.0111713 -7.29332e-05 0.00046728 -0.00360542 0.00140317 0.00449402 0.000881902 -7.97848e-05 0.00118573 0.00212472 0.00143655 0.00117243 -0.00263643 0.00368127 -0.00910197
internal_weight=545 530 481 26 49 455 442 78 364 44 320 52 309 27 290 32 25 38 26
internal_count=545 530 481 26 49 455 442 78 364 44 320 52 309 27 290 32 25 38 26
is_linear=0
shrinkage=0.0529975


Tree=93
num_leaves=22
num_cat=0
split_feature=29 38 29 30 13 19 29 28 29 19 19 3 53 37 5 13 39 7 7 6 13
split_gain=2.89564 2.52945 3.01018 2.04778 1.79621 1.11614 0.5646 0.515668 0.186192 0.312679 0.222339 0.119486 0.10418 0.120718 0.103529 0.0626017 0.0625341 0.0571069 0.0509912 0.0418698 0.0215555
threshold=1.3382556559007897 -0.37905512615458281 0.74954040166073665 0.23966141775408889 1.009141835424715 -1.1597747990198337 0.24627008227285696 -0.071462254183915774 -0.46840301170822823 -0.94590896873541463 -0.70598788282994651 -0.33947769986564769 -0.36007183007885429 2.1084445962342691 -1.300866931953909 0.41808608599764202 -0.90565702642975776 0.8761735751477443 0.4115726716950609 0.6535002668551112 0.60525373998288179
decision_type=2 2 2 2 2 2 2 2 2 2 2 2 2 2 2 2 2 2 2 2 2
left_child=1 4 5 -4 18 -3 8 20 9 -7 -10 17 19 -14 -12 -13 -16 -9 -1 -11 -8
right_child=-2 2 3 -5 -6 6 7 11 10 12 14 15 13 -15 16 -17 -18 -19 -20 -21 -22
leaf_value=0.00090535089776965167 -0.020058840125592094 -0.012680358150412983 -0.0015145188804357721 -0.029574356653934607 0.025308692031655936 0.0098046981528614029 -0.010629508323020436 -0.0042369815958438308 -0.0052470395270119447 0.0046036589260147823 -0.0026485123232750148 -0.00013912878081544518 0.0014466907654934588 -0.0033845133271861068 0.0042383433265208966 0.0040576666935684081 0.00084260245173746928 0 0.0054101007137456539 9.2421462824877627e-05 -0.0029705281990513826
leaf_weight=21 14.999999999999998 12.999999999999998 15.000000000000002 10.999999999999998 10.999999999999998 10.999999999999998 15.000000000000002 14.000000000000002 11.999999999999998 31 14.999999999999998 14.000000000000002 64 11.999999999999998 12.999999999999998 12.999999999999998 195 10.999999999999998 17 10.999999999999998 10.999999999999998
leaf_count=21 15 13 15 11 11 11 15 14 12 31 15 14 64 12 13 13 195 11 17 11 11
internal_value=-0.000756071 0 -0.00120824 -0.016922 0.0107822 -8.67304e-05 0.000432848 -0.0034739 0.00133162 0.00291013 0.000385282 -7.16596e-05 0.00176802 0.000406962 0.000848328 0.00204005 0.00120029 -0.0025311 0.00354208 0.00372683 -0.00877144
internal_weight=545 530 481 26 49 455 442 78 364 129 235 52 118 76 223 27 208 25 38 42 26
internal_count=545 530 481 26 49 455 442 78 364 129 235 52 118 76 223 27 208 25 38 42 26
is_linear=0
shrinkage=0.0529975


Tree=94
num_leaves=19
num_cat=0
split_feature=29 19 29 19 13 19 29 19 29 2 19 12 3 13 29 9 7 13
split_gain=2.67796 2.36065 2.81324 1.95663 1.65287 1.03822 0.513553 0.490665 0.169544 0.241101 0.185146 0.0783855 0.0759417 0.0662653 0.058043 0.0537758 0.0455307 0.0360522
threshold=1.3382556559007897 0.56461929902412689 0.74954040166073665 0.12500767621502204 1.009141835424715 -1.1597747990198337 0.24627008227285696 -0.13695324231613623 -0.8007581298917843 -0.79383113947774209 -0.92602225282107575 1.5902633668125283 -0.33947769986564769 -0.95611853142030256 -0.91996353719568635 0.23699458342849308 0.4115726716950609 0.41808608599764202
decision_type=2 2 2 2 2 2 2 2 2 2 2 2 2 2 2 2 2 2
left_child=1 2 5 -4 16 -1 8 -8 9 -7 -10 13 15 -12 -11 -9 -3 -14
right_child=-2 4 3 -5 -6 6 7 12 10 14 11 -13 17 -15 -16 -17 -18 -19
leaf_value=-0.012220463285214386 -0.019299376052558666 0.00086802723245229477 -0.028707116705517708 -0.0013380580776510172 0.024440610175425304 0.009198819224535415 -0.0090319064879765473 -0.003948648837237197 -0.0045490737919147393 -0.00086503042568715515 -0.00046693359519787725 -0.0017069590893934296 -0.0001987737015964676 0.0016511618713722512 0.0028897057481575574 1.4347679715971655e-05 0.0052484399835276262 0.0027461491126938723
leaf_weight=12.999999999999998 14.999999999999998 21 11.000000000000002 14.999999999999998 10.999999999999998 11.999999999999998 22 14.000000000000002 10.999999999999998 15.999999999999995 41 19 16.000000000000004 250 16.000000000000004 11.999999999999998 14.999999999999998 14.999999999999998
leaf_count=13 15 21 11 15 11 12 22 14 11 16 41 19 16 250 16 12 15 15
internal_value=-0.000736377 0 -0.00115242 -0.0163455 0.0106234 -7.2454e-05 0.000425813 -0.00327396 0.00128539 0.00420193 0.000794527 0.00108897 -0.00029254 0.00132582 0.000988276 -0.00224137 0.0033483 0.00125154
internal_weight=545 530 483 26 47 457 444 79 365 44 321 310 57 291 32 26 36 31
internal_count=545 530 483 26 47 457 444 79 365 44 321 310 57 291 32 26 36 31
is_linear=0
shrinkage=0.0529975


Tree=95
num_leaves=26
num_cat=0
split_feature=39 30 29 19 19 19 29 6 19 19 36 36 39 44 28 53 37 44 19 13 29 8 8 12 29
split_gain=2.61736 3.58411 2.0795 3.66935 1.05248 0.537163 0.264768 0.42854 0.290984 0.259593 0.16332 0.146172 0.105116 0.091315 0.0896107 0.0891923 0.115942 0.0810752 0.118284 0.0631736 0.057097 0.0551446 0.0342854 0.0310219 0.0272696
threshold=-1.1558530955085182 -1.4739652562250283 0.55429414669926913 -0.1050883714161035 -1.1597747990198337 0.53717754361396441 -0.15716204103522488 0.48402615276326083 -0.94590896873541463 -0.22831942904204558 -0.96481169553817858 -0.60648095028585713 -0.77696491235144882 -0.7704731892735065 -0.16078487016931256 -0.36007183007885429 1.9218196356680928 -0.27848972336365163 -0.17535202936783847 0.13240914044122343 0.26696810119628295 0.8675096686219349 0.71531411641482723 -0.52135087621653597 0.11038155558398463
decision_type=2 2 2 2 2 2 2 2 2 2 2 2 2 2 2 2 2 2 2 2 2 2 2 2 2
left_child=-1 -2 4 -4 -3 10 8 12 -6 19 -5 -12 13 -8 -15 16 21 22 -19 -9 23 -10 -17 -14 -11
right_child=1 2 3 5 6 -7 7 9 15 24 11 -13 20 14 -16 17 -18 18 -20 -21 -22 -23 -24 -25 -26
leaf_value=-0.020598328037773624 0.022568109459980158 -0.011777247733677462 -0.030867399587149576 -0.0091984222245519113 0.0087275781583293389 0.0057541042359337859 -5.0081273561762617e-06 -0.0094443497814982007 0.0022728492416096767 0.00085619095223917201 0.0016837615721162604 -0.0046149260203319489 0.0017709916302504245 0.00037125597384967004 0.0074437755223209449 0.0026283099955293587 0.00680946038645526 -0.0019652461838172335 0.0015453505999092133 -0.0026668330950259654 -0.0020917816392980416 -0.0010716433582946526 -3.5416126573768869e-05 -5.9571297790601046e-05 -0.0018417202713559798
leaf_weight=11.999999999999998 12.999999999999998 12.999999999999998 10.999999999999998 11.999999999999995 11.999999999999998 11.999999999999998 10.999999999999998 13.999999999999998 53 20.000000000000004 12.999999999999995 16.000000000000011 42 11 12 51 12.999999999999998 49.999999999999993 45.000000000000007 18 17 10.999999999999998 10.999999999999998 41 10.999999999999998
leaf_count=12 13 13 11 12 12 12 11 14 53 20 13 16 42 11 12 51 13 50 45 18 17 11 11 41 11
internal_value=-0.00071904 -3.43378e-05 -0.000863515 -0.009374 0.000421987 -0.00211076 0.00094804 -0.000465982 0.00209227 -0.00389697 -0.00500176 -0.00178709 0.00119503 0.00350497 0.00507842 0.00151333 0.00295472 0.000680863 -0.000240155 -0.00683833 0.000189901 0.00155567 0.00209155 0.000845168 -5.56834e-05
internal_weight=545 533 520 64 456 53 443 197 246 63 41 29 134 34 23 234 77 157 95 32 100 64 62 83 31
internal_count=545 533 520 64 456 53 443 197 246 63 41 29 134 34 23 234 77 157 95 32 100 64 62 83 31
is_linear=0
shrinkage=0.0529975


Tree=96
num_leaves=21
num_cat=0
split_feature=29 19 29 30 13 19 29 19 29 5 19 24 5 3 26 7 29 13 29 7
split_gain=2.49096 2.12871 2.45764 1.79683 1.55456 0.894295 0.425975 0.428399 0.159871 0.298277 0.196863 0.102084 0.0903348 0.0757904 0.0737512 0.0721358 0.0624191 0.0622122 0.0510029 0.049082
threshold=1.3382556559007897 0.56461929902412689 0.74954040166073665 0.23966141775408889 1.009141835424715 -1.1597747990198337 0.24627008227285696 -0.30845206814241349 -0.46840301170822823 -1.2483823521915196 -0.70598788282994651 -0.59902160458984266 -1.300866931953909 -0.33947769986564769 -0.97608372935309318 0.8761735751477443 -0.82733476449728782 -0.054758513544016361 0.44862645002109164 0.4115726716950609
decision_type=2 2 2 2 2 2 2 2 2 2 2 2 2 2 2 2 2 2 2 2
left_child=1 2 5 -4 19 -1 8 -8 9 -7 -10 14 -12 15 -11 -9 -13 -14 -15 -3
right_child=-2 4 3 -5 -6 6 7 13 10 11 12 16 17 18 -16 -17 -18 -19 -20 -21
leaf_value=-0.011350106811194619 -0.018604327831742998 0.00063720540280620805 -0.0010073513995668569 -0.027121244096794769 0.023483475037549873 0.0083887654860604829 -0.0098063009876001583 -0.0041988198701575895 -0.005002311281062103 -0.0029303753046890377 -0.0025265912441798481 0 0.00026733646973821476 -0.00092154607541958429 0.00088777583042077093 0.00017593369699017201 0.0036687743964702586 0.0022054605200430362 0.0025171726656034901 0.0049909993617193431
leaf_weight=12.999999999999998 14.999999999999998 21 15.000000000000002 10.999999999999998 10.999999999999998 15.999999999999998 13.999999999999998 18.000000000000004 11.999999999999998 13.999999999999998 14.999999999999998 12.999999999999998 131 15.999999999999998 41 12.999999999999998 45 78 18 14.999999999999998
leaf_count=13 15 21 15 11 11 16 14 18 12 14 15 13 131 16 41 13 45 78 18 15
internal_value=-0.000701103 0 -0.00108545 -0.0152861 0.0100969 -7.49392e-05 0.000386514 -0.00298098 0.0011706 0.0026333 0.00029677 0.00137801 0.000734036 -0.00070845 -0.000162142 -0.00244429 0.00282599 0.00106448 0.000828768 0.00307121
internal_weight=545 530 483 26 47 457 444 79 365 129 236 113 224 65 55 31 58 209 34 36
internal_count=545 530 483 26 47 457 444 79 365 129 236 113 224 65 55 31 58 209 34 36
is_linear=0
shrinkage=0.0529975


Tree=97
num_leaves=18
num_cat=0
split_feature=39 30 29 19 19 29 19 6 45 19 6 39 6 37 6 47 19
split_gain=2.40756 3.34078 1.83545 3.06523 0.848135 0.43042 0.423171 0.143826 0.151023 0.139288 0.0862909 0.118623 0.0755096 0.16257 0.144084 0.0582779 0.0484182
threshold=-1.1558530955085182 -1.4739652562250283 0.74954040166073665 0.12500767621502204 -1.1597747990198337 0.26696810119628295 -0.31962396469036186 1.3590427524952104 -0.36806745177278138 -0.94590896873541463 -0.35546998807432423 -0.76344154031964429 0.50353014485828651 2.1084445962342691 1.034976837128385 0.80004360165012389 -0.36000485944164334
decision_type=2 2 2 2 2 2 2 2 2 2 2 2 2 2 2 2 2
left_child=-1 -2 4 -4 -3 7 -7 9 16 -6 11 -8 13 -11 -14 -12 -9
right_child=1 2 3 -5 5 6 10 8 -10 12 15 -13 14 -15 -16 -17 -18
leaf_value=-0.019750631494310365 0.021793626953498752 -0.010938457462443419 -0.027959879124108182 0.0014764756736602577 0.0064290030733228738 -0.010432780972371778 0.00356261100538638 -0.0059803585503620292 0.0015627520346168744 0.001332318723169765 -0.003617687016598294 -0.001881740897465424 -0.0012517959247336369 0.0067982751629396465 0.0028167968071636882 0.00013727590160433881 -0.00038968140624195068
leaf_weight=11.999999999999998 12.999999999999998 12.999999999999998 11.999999999999998 20 10.999999999999998 10.999999999999998 17 11.000000000000002 18 230 27 14.999999999999998 70 11.999999999999998 30 11.999999999999998 10.999999999999998
leaf_count=12 13 13 12 20 11 11 17 11 18 230 27 15 70 12 30 12 11
internal_value=-0.00068478 -2.76184e-05 -0.000828659 -0.0120488 3.02705e-05 0.000477612 -0.00286151 0.00122436 -0.00153854 0.00157737 -0.00087664 0.00093253 0.00129316 0.00178935 0 -0.00244276 -0.00411669
internal_weight=545 533 520 32 488 475 82 393 40 353 71 32 342 242 100 39 22
internal_count=545 533 520 32 488 475 82 393 40 353 71 32 342 242 100 39 22
is_linear=0
shrinkage=0.0529975


Tree=98
num_leaves=21
num_cat=0
split_feature=29 38 29 30 13 29 19 19 29 19 5 39 6 39 53 30 45 7 29 30
split_gain=2.29884 1.93192 2.11514 1.6085 1.47496 0.824311 2.74939 0.82233 0.312125 0.383974 0.0988125 0.0800184 0.0810629 0.0799066 0.0786239 0.0594629 0.0548674 0.0516999 0.0485435 0.0331453
threshold=1.3382556559007897 -0.37905512615458281 0.74954040166073665 0.23966141775408889 1.009141835424715 -0.8007581298917843 -0.95772725582126561 -0.95772725582126561 0.25849815300452755 -0.31962396469036186 -1.300866931953909 -0.76344154031964429 -0.35546998807432423 -0.69848839585506151 1.0593795073025254 0.092958246108635609 0.76749304195020673 0.4115726716950609 -0.33273871682312839 0.57768355033597929
decision_type=2 2 2 2 2 2 2 2 2 2 2 2 2 2 2 2 2 2 2 2
left_child=1 4 5 -4 17 7 -7 -3 10 -10 18 12 -11 14 -12 -15 19 -1 -8 -9
right_child=-2 2 3 -5 -6 6 8 16 9 11 13 -13 -14 15 -16 -17 -18 -19 -20 -21
leaf_value=0.00046211828295093836 -0.017867754231048413 0.015706230483278939 -0.00076935169858152784 -0.025415550040799588 0.022571805392930137 -0.020111106425830551 5.356112826004451e-05 0.0042487047446982456 -0.010074939247041859 0.0028903712780358375 0.0012161000470740898 -0.0034592299408384617 -0.0011778817974540908 0.0013742780405527643 0.0060912848532577064 -0.00023071303341838941 -0.00076898856000342608 0.0047144218495027701 -0.0036182388440198277 4.615521373610263e-05
leaf_weight=21 14.999999999999998 10.999999999999998 15.000000000000002 10.999999999999998 10.999999999999998 13.999999999999998 13.000000000000002 11.000000000000002 10.999999999999998 15.999999999999995 43 15.999999999999998 29.000000000000004 122 10.999999999999998 116 14.999999999999998 17 13.999999999999998 12.999999999999998
leaf_count=21 15 11 15 11 11 14 13 11 11 16 43 16 29 122 11 116 15 17 14 13
internal_value=-0.00066875 0 -0.00105097 -0.0142238 0.00942787 -0.00010786 -0.000943039 0.00590891 1.90928e-05 -0.00297394 0.000758536 -0.00080205 0.000301423 0.00106664 0.00283516 0.000576942 0.00126551 0.00290649 -0.0019502 0.00266946
internal_weight=545 530 481 26 49 455 405 50 391 72 319 61 45 292 54 238 39 38 27 24
internal_count=545 530 481 26 49 455 405 50 391 72 319 61 45 292 54 238 39 38 27 24
is_linear=0
shrinkage=0.0529975


Tree=99
num_leaves=26
num_cat=0
split_feature=39 30 29 27 27 27 29 6 27 27 9 10 39 44 53 37 28 44 27 13 37 29 8 12 29
split_gain=2.21384 3.11242 1.62578 3.12622 0.818957 0.430395 0.206556 0.352699 0.260023 0.203954 0.115642 0.196964 0.107369 0.0853089 0.0842407 0.10394 0.0757219 0.0707164 0.103166 0.0635143 0.0522055 0.0444512 0.0357855 0.0281921 0.0233872
threshold=-1.1558530955085182 -1.4739652562250283 0.55429414669926913 -0.10508837141611549 -1.159774799019845 0.53717754361395242 -0.15716204103522488 0.48402615276326083 -0.94590896873542507 -0.22831942904205535 1.5058701607946559 -0.50972561685278994 -0.77696491235144882 -0.7704731892735065 -0.36007183007885429 1.9218196356680928 -0.16078487016931256 -0.27848972336365163 -0.17535202936784935 0.13240914044122343 -0.75383710233685208 0.26696810119628295 0.71531411641482723 -0.52135087621653597 0.11038155558398463
decision_type=2 2 2 2 2 2 2 2 2 2 2 2 2 2 2 2 2 2 2 2 2 2 2 2 2
left_child=-1 -2 4 -4 -3 10 8 12 -6 19 11 -5 13 -8 15 20 -15 22 -19 -9 -10 23 -16 -14 -11
right_child=1 2 3 5 6 -7 7 9 14 24 -12 -13 21 16 17 -17 -18 18 -20 -21 -22 -23 -24 -25 -26
leaf_value=-0.018928373031126749 0.021046544205632223 -0.01041189712478786 -0.028142202767646757 -0.00886468364016583 0.0080818001962194956 0.0053547330736321026 0 -0.0086553829522131205 0.003451095307091364 0.00073066600100974647 0 -0.00018870668736148096 0.0015551981216193847 0.00044706700901927013 0.0023746759238967414 0.0063054130219156257 0.0071125533796446592 -0.0019736530613929377 0.0012952355217593387 -0.0022467643454610882 0.00016117043771478218 -0.0019414704372658655 -0.00031429598736985837 -0.00019197966795940312 -0.0017525200267586615
leaf_weight=11.999999999999998 12.999999999999998 12.999999999999998 10.999999999999998 15.999999999999996 11.999999999999998 11.999999999999998 10.999999999999998 13.999999999999998 17 20.000000000000004 10.999999999999998 14.000000000000004 42 11 51 12.999999999999998 12 49.999999999999993 45.000000000000007 18 47 17 10.999999999999998 41 10.999999999999998
leaf_count=12 13 13 11 16 12 12 11 14 17 20 11 14 42 11 51 13 12 50 45 18 47 17 11 41 11
internal_value=-0.000645875 -1.53011e-05 -0.000789056 -0.00831416 0.000346184 -0.0016384 0.000812276 -0.000433156 0.00182393 -0.00354754 -0.00425587 -0.00571583 0.00107041 0.00339689 0.00128 0.00267064 0.00491728 0.000481951 -0.000371107 -0.00615783 0.00135563 6.60911e-05 0.00180923 0.000658868 -0.000102907
internal_weight=545 533 520 64 456 53 443 197 246 63 41 30 134 34 234 77 23 157 95 32 64 100 62 83 31
internal_count=545 533 520 64 456 53 443 197 246 63 41 30 134 34 234 77 23 157 95 32 64 100 62 83 31
is_linear=0
shrinkage=0.0529975


Tree=100
num_leaves=23
num_cat=0
split_feature=29 19 29 19 13 29 19 19 29 19 5 39 31 3 25 19 7 45 29 8 7 30
split_gain=2.14194 1.73684 1.85513 1.48047 1.36878 0.759357 2.51505 0.779521 0.255111 0.345862 0.0887604 0.0736738 0.0787345 0.0704065 0.0583549 0.0545086 0.0531023 0.0493336 0.0447894 0.0441537 0.0347359 0.0292116
threshold=1.3382556559007897 0.56461929902412689 0.74954040166073665 0.12500767621502204 1.009141835424715 -0.8007581298917843 -0.95772725582126561 -0.95772725582126561 0.25849815300452755 -0.31962396469036186 -1.300866931953909 -0.69848839585506151 -0.26480786765853631 -0.33947769986564769 -0.80856147868421624 -0.016006497985795905 0.48959172621014541 0.76749304195020673 -0.33273871682312839 -0.093456767632447243 0.8761735751477443 0.57768355033597929
decision_type=2 2 2 2 2 2 2 2 2 2 2 2 2 2 2 2 2 2 2 2 2 2
left_child=1 2 5 -4 16 7 -7 -1 10 -10 18 12 -12 20 -13 -15 19 21 -8 -3 -11 -9
right_child=-2 4 3 -5 -6 6 8 17 9 13 11 14 -14 15 -16 -17 -18 -19 -20 -21 -22 -23
leaf_value=0.015236304547034818 -0.017227984205120193 -0.0013903663828827681 -0.024022945172056845 -0.0004806047128351121 0.021685208403744625 -0.019211009125876741 5.2805084126098957e-05 0.004002645276781896 -0.0093869029510364466 -0.0035830730612244192 0.00030032265549895167 -0.0013602490626115785 0.0045270599097718385 -0.001463800195600826 0.00087854760948413192 0.0022224220279496378 0.004632315031083834 -0.00073111071835325176 -0.0034579657541953706 0.0023558842014660634 0 2.8011049624867302e-05
leaf_weight=10.999999999999998 14.999999999999998 10.999999999999998 11.000000000000002 14.999999999999998 10.999999999999998 13.999999999999998 13.000000000000002 11.000000000000002 10.999999999999998 17.000000000000004 28 31 26 10.999999999999998 208 23 13.999999999999998 14.999999999999998 13.999999999999998 11.000000000000002 10.999999999999998 12.999999999999998
leaf_count=11 15 11 11 15 11 14 13 11 11 17 28 31 26 11 208 23 14 15 14 11 11 13
internal_value=-0.000625888 1.84314e-05 -0.000956513 -0.0132946 0.00914393 -7.63881e-05 -0.000875337 0.00569964 3.92368e-05 -0.00264496 0.000710382 0.00100244 0.0027009 -0.000623766 0.000533465 0.00081453 0.00259641 0.00118258 -0.00185351 0.000336675 -0.00241134 0.00251855
internal_weight=545 530 483 26 47 457 407 50 393 73 320 293 54 62 239 34 36 39 27 22 28 24
internal_count=545 530 483 26 47 457 407 50 393 73 320 293 54 62 239 34 36 39 27 22 28 24
is_linear=0
shrinkage=0.0529975


Tree=101
num_leaves=18
num_cat=0
split_feature=39 38 29 29 19 29 19 19 29 5 6 29 16 29 45 31 30
split_gain=2.03846 2.92376 2.35824 0.713047 2.33991 1.34931 0.725857 0.212606 0.277041 0.127978 0.0780262 0.0762124 0.0715548 0.061905 0.0463501 0.0341696 0.0268283
threshold=-1.1558530955085182 -0.85777646155359866 0.99250610888350865 -0.8007581298917843 -0.71234336683649502 -0.54213609959460229 -0.95772725582126561 0.45888442751823744 0.60923513714294653 0.66526598449751051 -0.22886210253792746 -0.17292469673266564 -1.1749493714930623 -0.09068881691203412 0.76749304195020673 0.071378912845110179 0.57768355033597929
decision_type=2 2 2 2 2 2 2 2 2 2 2 2 2 2 2 2 2
left_child=-1 -2 3 6 5 -5 -3 8 10 -10 12 -12 -6 -9 16 -15 -8
right_child=1 2 -4 4 7 -7 14 13 9 -11 11 -13 -14 15 -16 -17 -18
leaf_value=-0.018150356291139522 0.018913280836489726 0.01471370360851218 -0.019665208851192145 0.00061858152439423712 -0.00074638182880784143 -0.018491004047735973 0.0038653556601221445 0.0064152627451946114 -0.0065418573268059554 0 0.00077643720098113608 -0.0012208010944519108 0.0019956976826708745 0 -0.00070342950785900159 0.0028986925655175204 2.6995129285570535e-05
leaf_weight=11.999999999999998 15.999999999999998 10.999999999999998 11.999999999999998 13.999999999999998 27 25 11.000000000000002 11.999999999999998 19 14.999999999999998 100 100 110 15.999999999999998 14.999999999999998 17 12.999999999999998
leaf_count=12 16 11 12 14 27 25 11 12 19 15 100 100 110 16 15 17 13
internal_value=-0.000607228 -1.7714e-06 -0.000810644 -0.000123437 -0.00082119 -0.0123077 0.00550938 0.000398701 -2.33016e-05 -0.00421412 0.000445428 -0.000194743 0.00139781 0.00360848 0.00114321 0.0015792 0.00244011
internal_weight=545 533 517 505 455 39 50 416 371 34 337 200 137 45 39 33 24
internal_count=545 533 517 505 455 39 50 416 371 34 337 200 137 45 39 33 24
is_linear=0
shrinkage=0.0529975


Tree=102
num_leaves=24
num_cat=0
split_feature=29 19 29 30 13 19 29 19 19 12 53 10 37 30 9 7 30 26 47 29 39 8 39
split_gain=1.95355 1.54158 1.61751 1.41388 1.31412 0.673883 0.289396 0.378583 0.173697 0.138929 0.0742183 0.121449 0.10049 0.0900284 0.0631662 0.0494156 0.0469785 0.0574693 0.0466988 0.0464858 0.0424465 0.0387655 0.0386527
threshold=1.3382556559007897 0.56461929902412689 0.74954040166073665 0.23966141775408889 1.009141835424715 -1.1597747990198337 0.031036353483505329 -0.32580081582471693 -0.94590896873541463 0.47401385762894593 -0.36007183007885429 1.1932390427821107 2.1084445962342691 0.092958246108635609 -0.87195667307956237 0.48959172621014541 -0.19480581771904446 0.97816226116473237 0.4516426724457151 0.18888648312768833 -0.75589987518680701 -0.093456767632447243 -0.72037846618712831
decision_type=2 2 2 2 2 2 2 2 2 2 2 2 2 2 2 2 2 2 2 2 2 2 2
left_child=1 2 5 -4 15 -1 8 9 -7 -8 11 14 13 -12 -10 21 18 19 -9 -18 -20 -3 -19
right_child=-2 4 3 -5 -6 6 7 16 10 -11 12 -13 -14 -15 -16 -17 17 22 20 -21 -22 -23 -24
leaf_value=-0.0098526420082867515 -0.016438342887392241 -0.0014397328044414022 -5.42523100687895e-05 -0.022878585356503878 0.020896611325802301 0.0062630391152304742 -0.00062015143271160319 -0.00064734935340896797 0 -0.0090851928293171607 0.0019154087735064943 -0.0014537716725860697 -0.0035209002179497416 -0.00039069477814566072 0.0034317919246546831 0.0042069043501402406 4.3810244660304327e-05 0.0024759352012448982 0.0042524540364049781 -0.0030255088761208604 0 0.0020900053567087917 -0.00078758805428666206
leaf_weight=12.999999999999998 14.999999999999998 10.999999999999998 15.000000000000002 10.999999999999998 10.999999999999998 12.999999999999998 11.000000000000002 15.999999999999998 13.999999999999998 15.999999999999998 77 17 11.999999999999998 99 71 13.999999999999998 14.999999999999998 13.000000000000002 10.999999999999998 31 15.000000000000002 11.000000000000002 12.999999999999998
leaf_count=13 15 11 15 11 11 13 11 16 14 16 77 17 12 99 71 14 15 13 11 31 15 11 13
internal_value=-0.000582825 3.17673e-05 -0.000886132 -0.0124069 0.0086294 -6.33985e-05 0.000335174 -0.00158481 0.00126465 -0.00658758 0.000894648 0.00201127 0.000209373 0.000609714 0.00283117 0.00226627 -7.17492e-05 -0.000922554 0.00117429 -0.00200069 0.00242482 0.000145292 0.000784084
internal_weight=545 530 483 26 47 457 444 141 303 27 290 102 188 176 85 36 114 72 42 46 26 22 26
internal_count=545 530 483 26 47 457 444 141 303 27 290 102 188 176 85 36 114 72 42 46 26 22 26
is_linear=0
shrinkage=0.0529975


Tree=103
num_leaves=24
num_cat=0
split_feature=39 30 29 19 19 31 7 29 6 19 19 39 45 7 30 13 26 29 5 12 29 45 13
split_gain=1.87994 2.72444 1.25573 2.7288 0.677075 0.397757 0.572259 0.165301 0.276352 0.227851 0.154127 0.110548 0.0811544 0.0895216 0.106526 0.0722897 0.0640954 0.0403883 0.0316682 0.0233566 0.0230174 0.021389 0.0194063
threshold=-1.1558530955085182 -1.4739652562250283 0.55429414669926913 -0.1050883714161035 -1.1597747990198337 0.70014509696505478 1.0442629002395458 -0.15716204103522488 0.48402615276326083 -0.94590896873541463 -0.22831942904204558 -0.77696491235144882 -0.70873559988967771 0.59241849810332703 0.51871690791773173 0.60525373998288179 0.83675699829851558 0.26696810119628295 0.44742025898667792 -0.52135087621653597 0.11038155558398463 -0.70873559988967771 0.2604712194837559
decision_type=2 2 2 2 2 2 2 2 2 2 2 2 2 2 2 2 2 2 2 2 2 2 2
left_child=-1 -2 4 -4 -3 -5 -7 9 11 -6 15 21 18 14 -14 -10 -15 19 22 -13 -12 -9 -11
right_child=1 2 3 5 7 6 -8 8 10 12 20 17 13 16 -16 -17 -18 -19 -20 -21 -22 -23 -24
leaf_value=-0.017415310354395887 0.019718151329839822 -0.009495303404807658 -0.025836060612543916 -0.0060334940876660206 0.00746752199413569 0.0098036527188460187 -0.0026069672937516107 0.00094360669629365906 -0.0073543612822044779 0.0041540507925349928 0.0007017173429896969 0.0013256369601020268 0.00068286455673124188 0.0045088483847765103 -0.0024508827401611812 -0.0011468777680296658 0.00015371393986774863 -0.0019939859013102202 1.753989450254571e-05 -0.00026355321606892401 -0.0017562986947208328 0.0046186491120823242 0.00050361114817258656
leaf_weight=11.999999999999998 12.999999999999998 12.999999999999998 10.999999999999998 21 11.999999999999998 10.999999999999998 21 18 18 30 20.000000000000004 42 102 17 36 13.999999999999998 23 17 13.999999999999998 41 10.999999999999998 15.999999999999998 11.999999999999998
leaf_count=12 13 13 11 21 12 11 21 18 18 30 20 42 102 17 36 14 23 17 14 41 11 16 12
internal_value=-0.000568276 0 -0.000711562 -0.00732522 0.000284581 -0.00112947 0.00234926 0.00071011 -0.000400984 0.00161597 -0.00315966 0.000925896 0.00110771 0.000467117 -0.000154148 -0.005432 0.002503 0 0.0027891 0.000497268 -0.000124985 0.00328083 0.00344982
internal_weight=545 533 520 64 456 53 32 443 197 246 63 134 234 178 138 32 40 100 56 83 31 34 42
internal_count=545 533 520 64 456 53 32 443 197 246 63 134 234 178 138 32 40 100 56 83 31 34 42
is_linear=0
shrinkage=0.0529975


Tree=104
num_leaves=18
num_cat=0
split_feature=29 19 29 30 13 29 19 29 19 39 6 8 7 26 37 7 25
split_gain=1.8107 1.4046 1.42892 1.2851 1.2224 0.691377 1.22154 0.202871 0.264335 0.0657952 0.0835567 0.0589794 0.164863 0.055615 0.0774233 0.0476246 0.0337761
threshold=1.3382556559007897 0.56461929902412689 0.74954040166073665 0.23966141775408889 1.009141835424715 -1.1125084092197188 -0.95772725582126561 0.24627008227285696 -0.31962396469036186 -0.72037846618712831 -0.35546998807432423 0.66579977688026848 -1.2457362635928277 -1.240898733776995 1.6722873850234283 0.4115726716950609 -1.1890938102248458
decision_type=2 2 2 2 2 2 2 2 2 2 2 2 2 2 2 2 2
left_child=1 2 5 -4 15 -1 -7 11 -9 10 -10 13 -13 -8 -15 -3 -14
right_child=-2 4 3 -5 -6 6 7 8 9 -11 -12 12 16 14 -16 -17 -18
leaf_value=0.010417790310530852 -0.015813794758474654 0 0 -0.021642277383717122 0.020077743789166238 -0.012107863312548159 -0.0014465576501032109 -0.0076797342823092946 0.0028779540414062437 -0.0029650928173600619 -0.0010214458816488233 0.0025948892265097979 -0.0047585429662002259 0.00084354485381201154 0.0035923955390713917 0.0039172350560009953 -0.0009222581184720705
leaf_weight=10.999999999999998 14.999999999999998 21 15.000000000000002 10.999999999999998 10.999999999999998 18 15.999999999999998 12.999999999999998 19 14.999999999999998 32 20 10.999999999999998 244 31 14.999999999999998 27
leaf_count=11 15 21 15 11 11 18 16 13 19 15 32 20 11 244 31 15 27
internal_value=-0.00054869 4.23919e-05 -0.000833303 -0.0116618 0.00824941 -5.90998e-05 -0.000467731 0.000166241 -0.00214128 -0.00040459 0.000458671 0.000735595 -0.000685219 0.00105042 0.00124832 0.00211815 -0.00268872
internal_weight=545 530 483 26 47 457 446 428 79 66 51 349 58 291 275 36 38
internal_count=545 530 483 26 47 457 446 428 79 66 51 349 58 291 275 36 38
is_linear=0
shrinkage=0.0529975


Tree=105
num_leaves=20
num_cat=0
split_feature=39 38 29 29 19 29 30 29 9 10 47 5 39 2 39 37 29 1 29
split_gain=1.72988 2.54485 1.9258 0.649186 1.15693 2.11535 0.173612 0.161781 0.167017 0.151098 0.118345 0.106812 0.124989 0.11242 0.0792999 0.0814888 0.0506085 0.0232526 0.0113679
threshold=-1.1558530955085182 -0.85777646155359866 0.99250610888350865 -1.1125084092197188 -0.71234336683649502 -0.54213609959460229 -0.41432049956592126 0.47796017511591082 -0.11989508553051136 0.85910532906678883 1.0000000180025095e-35 -0.48679704686344355 1.8368162572147246 -0.93867613347688927 -0.38841790629953959 1.5213098888350618 -0.029401002529347103 1.0678095630845852 -0.10741717961323992
decision_type=2 2 2 2 2 2 2 2 2 2 2 2 2 2 2 2 2 2 2
left_child=-1 -2 3 -3 5 10 9 11 -9 14 -5 13 -13 -8 -6 -16 -11 -10 -7
right_child=1 2 -4 4 6 18 7 8 17 16 -12 12 -14 -15 15 -17 -18 -19 -20
leaf_value=-0.016694827755199235 0.017670249930106557 0.010060462775304537 -0.01776989549631635 0.0058179900630933356 0.0070297001441326154 -0.0075008541570731899 -0.0042304078511297945 -0.0072403748506967621 0.0004813584033275719 0.00091414595387765091 -0.00017269286564029141 0.00053024452315390228 0.0053656514968836279 0 0.00020513847133337944 0.0042493516489944842 -0.0030046055672201966 -0.001900056739219819 -0.021002205580449174
leaf_weight=11.999999999999998 15.999999999999998 10.999999999999998 11.999999999999998 11.000000000000002 11.999999999999998 13.000000000000002 19 10.999999999999998 20 12.000000000000002 14.999999999999998 212 10.999999999999998 64 36 23 10.999999999999998 11.999999999999998 11.999999999999998
leaf_count=12 16 11 12 11 12 13 19 11 20 12 15 212 11 64 36 23 11 12 12
internal_value=-0.00053401 0 -0.00073131 -0.00010899 -0.000467344 -0.00758257 0.000426561 -0.00011038 -0.00295411 0.00237702 0.00275888 0.000315939 0.000933521 -0.00121596 0.00353665 0.00213574 -0.000952929 -0.000386772 -0.0170161
internal_weight=545 533 517 505 494 51 443 349 43 94 26 306 223 83 71 59 23 32 25
internal_count=545 533 517 505 494 51 443 349 43 94 26 306 223 83 71 59 23 32 25
is_linear=0
shrinkage=0.0529975


Tree=106
num_leaves=20
num_cat=0
split_feature=29 19 29 19 13 29 19 29 19 9 3 5 39 30 53 13 37 8 7
split_gain=1.65065 1.25939 1.24331 1.18816 1.17027 0.602278 1.0714 0.17367 0.24207 0.087395 0.064076 0.0566653 0.083845 0.0696468 0.0640978 0.0514346 0.0506363 0.0272077 0.0232154
threshold=1.3382556559007897 0.56461929902412689 0.74954040166073665 0.12500767621502204 1.009141835424715 -1.1125084092197188 -0.95772725582126561 0.25849815300452755 -0.31962396469036186 -0.26022922174839475 -0.33947769986564769 -1.1644035560352715 -0.69848839585506151 -0.14500950889521416 1.0593795073025254 0.41808608599764202 0.5839912666656174 1.5662352973307523 0.8761735751477443
decision_type=2 2 2 2 2 2 2 2 2 2 2 2 2 2 2 2 2 2 2
left_child=1 2 5 -4 9 -1 -7 11 -9 -3 18 13 14 -8 -13 -12 -14 -15 -10
right_child=-2 4 3 -5 -6 6 7 8 10 -11 15 12 16 17 -16 -17 -18 -19 -20
leaf_value=0.009715391353907107 -0.015095267817557361 -0.00087613973762294575 -0.020480232654376276 0 0.019373536028255339 -0.011345459921536421 0.0013438228851588919 -0.007718593932433313 -0.0030792349264739194 0.0036582320103541255 -0.0006568088449517475 0.0011733332396607825 -0.00010278559170443817 -0.0039103214048221155 0.0057156827592062653 0.0027923811540882804 0.0013247167055377501 0 0
leaf_weight=10.999999999999998 14.999999999999998 13.999999999999998 11.000000000000002 14.999999999999998 10.999999999999998 18 12.999999999999998 10.999999999999998 17.000000000000004 22 18 40 160 13.000000000000002 10.999999999999998 15.999999999999998 107 10.999999999999998 10.999999999999998
leaf_count=11 15 14 11 15 11 18 13 11 17 22 18 40 160 13 11 16 107 11 11
internal_value=-0.000520286 4.34444e-05 -0.000785093 -0.010886 0.00781521 -6.17907e-05 -0.000444075 0.000148723 -0.00208357 0.00185523 -0.000388577 0.000654092 0.000897313 -0.00110745 0.00277386 0.000967003 0.000460231 -0.00267129 -0.00212032
internal_weight=545 530 483 26 47 457 446 428 73 36 62 355 318 37 51 34 267 24 28
internal_count=545 530 483 26 47 457 446 428 73 36 62 355 318 37 51 34 267 24 28
is_linear=0
shrinkage=0.0529975


Tree=107
num_leaves=27
num_cat=0
split_feature=30 29 19 29 29 29 13 31 30 7 29 12 37 37 6 1 44 13 4 1 5 1 29 37 5 7
split_gain=1.53803 4.8903 0.585124 2.13295 0.564126 0.547542 0.535375 0.384055 0.475387 0.20541 0.130224 0.0954322 0.108411 0.0754409 0.0651986 0.0623276 0.0618666 0.122586 0.0612045 0.0598894 0.0411889 0.0398482 0.0314118 0.0249475 0.00831694 0.00194866
threshold=-1.4739652562250283 1.0939113685825921 -0.32580081582471693 0.031036353483505329 0.7731741465887918 -1.1125084092197188 0.65450838576847126 -0.23990902356405411 0.81566411525288152 -0.18563611317720563 0.16142385576168791 1.5117235543663337 1.9218196356680928 -0.81674439241534058 -0.22886210253792746 -0.52851467950102726 0.70547720845605821 0.16196192791257707 -0.8871723570730895 0.1150096459496902 -0.37348633136782394 0.099913940661098308 -0.32816216453986924 0.40785085444585817 1.1611771117188261 -0.11881468229662549
decision_type=2 2 2 2 2 2 2 2 2 2 2 2 2 2 2 2 2 2 2 2 2 2 2 2 2 2
left_child=-1 2 3 5 10 -2 -5 8 18 -9 11 12 13 -4 16 -11 17 24 -7 -17 -14 25 -20 -15 -12 -16
right_child=1 -3 4 6 -6 7 -8 9 -10 15 14 -13 20 23 21 19 -18 -19 22 -21 -22 -23 -24 -25 -26 -27
leaf_value=0.013214660339439204 0.0093821561384203733 -0.026790627409590595 0.0036799326085695128 -0.017805632440930582 0.0088905499748217574 -0.0029721248846805155 -0.0019026358225761521 0.0065184698340787746 -0.010584553621108734 0.0021934617687180791 0 -0.0019684347290088379 0.00084420304156855304 -0.00019487208062487073 -0.0043335785101305977 -0.0029177474703315355 -0.0018355759447473104 0.0043116717866139567 0.0020178921741103076 0.00057574190646904159 0.0062277343842408288 0 -0.00078764427325884578 0.0010636316961369621 -0.0015315912600590584 -0.00091083315875510466
leaf_weight=15.999999999999998 10.999999999999998 13.999999999999998 21 21 19 11.999999999999998 10.999999999999998 12.999999999999998 13.999999999999998 21 14.000000000000002 15.999999999999998 12.000000000000002 64 14 18 21 15.999999999999998 18 23 13.999999999999998 15.999999999999998 12.000000000000002 91 11.999999999999998 11
leaf_count=16 11 14 21 21 19 12 11 13 14 21 14 16 12 64 14 18 21 16 18 23 14 16 12 91 12 11
internal_value=-0.000503897 -0.00107534 -6.25802e-05 -0.00252635 0.0011964 0.000393873 -0.0136858 -0.000687511 -0.00383696 0.00168781 0.000566863 0.00130486 0.00164699 0.00103778 -0.000903397 8.66895e-05 9.79149e-05 0.00131873 -0.000400867 -0.000985955 0.00458519 -0.0024068 0.000757374 0.000512704 -0.000767657 -0.00352046
internal_weight=545 529 515 174 341 142 32 131 56 75 322 218 202 176 104 62 63 42 42 41 26 41 30 155 26 25
internal_count=545 529 515 174 341 142 32 131 56 75 322 218 202 176 104 62 63 42 42 41 26 41 30 155 26 25
is_linear=0
shrinkage=0.0529975


Tree=108
num_leaves=24
num_cat=0
split_feature=39 30 29 19 19 31 31 34 5 19 6 39 13 39 39 9 10 29 17 8 4 29 5
split_gain=1.55948 2.27489 0.928388 2.31406 0.59713 0.379852 0.359151 0.236642 0.151133 0.334343 0.170711 0.144004 0.109363 0.115614 0.102439 0.104029 0.100842 0.0750261 0.0746398 0.0540326 0.0476482 0.0316109 0.0116116
threshold=-1.1558530955085182 -1.4739652562250283 0.55429414669926913 -0.1050883714161035 -1.1597747990198337 0.20467284060940552 0.91109251678669823 1.2938115221619257 -1.0104878021227626 -0.83382283659871825 0.21253976309500919 1.946446891419239 0.024048919712926695 -0.5612317575249578 -0.62158061868772108 -0.19155332817298618 0.85910532906678883 0.20235630727881282 -1.0322366512859695 -0.5715105647925246 -0.5393208141406366 0.24627008227285696 -1.2483823521915196
decision_type=2 2 2 2 2 2 2 2 2 2 2 2 2 2 2 2 2 2 2 2 2 2 2
left_child=-1 -2 4 -4 -3 -5 -7 -8 9 -6 11 14 13 -12 15 -10 -11 20 -18 -15 -14 -16 -20
right_child=1 2 3 5 8 6 7 -9 10 16 12 -13 17 19 21 -17 18 -19 22 -21 -22 -23 -24
leaf_value=-0.015831024510809394 0.018048180478888384 -0.008948381670716642 -0.023340675215087817 -0.0067470987279779097 0.0094287533709199803 0.0076652970066400927 0.0026999902502360673 -0.0056178383550537685 -0.00049437121516603274 0.0036848472420286369 -0.0057176709195480005 0.0059134970023382452 0 0.001468146221940095 0.00027435289251599184 0.0039035177355900902 -0.0034136518896104896 -0.0023894893807242029 0 -0.0017675987802866769 0.0027311981012613238 -0.00187791622276147 0.0017213207635117919
leaf_weight=11.999999999999998 12.999999999999998 12.999999999999998 10.999999999999998 13.999999999999998 10.999999999999998 12.999999999999998 13.000000000000002 12.999999999999998 17 13.999999999999998 17 10.999999999999998 35 11.999999999999998 143 39 12.999999999999995 14.999999999999998 11.999999999999995 52 25 15.999999999999998 11.000000000000009
leaf_count=12 13 13 11 14 11 13 13 13 17 14 17 11 35 12 143 39 13 15 12 52 25 16 11
internal_value=-0.000486293 1.84995e-05 -0.000619576 -0.00630662 0.000234983 -0.000639846 0.00200426 -0.00151404 0.000635937 0.00296673 0.000205642 0.00113947 -0.0010962 -0.00238606 0.00070979 0.0025371 0.000562901 0.00028413 -0.000837658 -0.000987313 0.00121475 0 0.000782299
internal_weight=545 533 520 64 456 53 39 26 443 61 382 226 156 81 215 56 50 75 36 64 60 159 23
internal_count=545 533 520 64 456 53 39 26 443 61 382 226 156 81 215 56 50 75 36 64 60 159 23
is_linear=0
shrinkage=0.0529975


Tree=109
num_leaves=23
num_cat=0
split_feature=29 19 13 29 30 29 19 19 29 28 3 31 13 35 13 17 30 29 31 29 45 31
split_gain=1.51594 1.10714 1.07787 1.0549 1.08058 0.552373 1.75165 0.69778 0.126793 0.186835 0.0763077 0.0645362 0.0484515 0.0482446 0.0511887 0.0736079 0.05695 0.0435366 0.0428465 0.0361755 0.0356344 0.0268701
threshold=1.3382556559007897 0.56461929902412689 1.009141835424715 0.74954040166073665 0.23966141775408889 -0.8007581298917843 -0.94590896873541463 -0.95772725582126561 0.24627008227285696 -0.071462254183915774 -0.33947769986564769 0.53546145317687588 0.41808608599764202 -1.2151304697280925 0.13240914044122343 -0.71120044104797164 0.70337587340394869 -0.85191837106913615 -0.031273162286867988 0.19471766191415443 0.54038094320560914 0.61564735826777806
decision_type=2 2 2 2 2 2 2 2 2 2 2 2 2 2 2 2 2 2 2 2 2 2
left_child=1 3 11 5 -5 7 -7 -1 13 18 21 19 -12 -8 15 -15 -16 20 -10 -3 -9 -11
right_child=-2 2 -4 4 -6 6 8 17 9 10 12 -13 -14 14 16 -17 -18 -19 -20 -21 -22 -23
leaf_value=0.013879510493280277 -0.014439910293166051 0.0015709106791659997 0.018440295771633686 0 -0.019164904016628622 -0.015639999506845033 -0.0018356865809331761 0.0011057290598028018 -0.0067980142243566728 -0.0029872821357818467 0 0.004172108509438611 0.00367471516713677 -0.0022974970416679919 0.00096701834771643251 0.0006009664068705972 0.0046813568873415434 0.0027726925285542574 -0.0011691956913541521 -0.001743874420554045 -0.0020189482706098319 0
leaf_weight=10.999999999999998 14.999999999999998 13.000000000000002 10.999999999999998 15.000000000000002 10.999999999999998 14.999999999999998 14.999999999999998 12.999999999999998 13.000000000000002 13.000000000000002 15.000000000000002 10.999999999999998 12.999999999999998 22 87 178 10.999999999999998 12.000000000000002 12.999999999999998 11.999999999999998 13.999999999999998 11.999999999999998
leaf_count=11 15 13 11 15 11 15 15 13 13 13 15 11 13 22 87 178 11 12 13 12 14 12
internal_value=-0.000471645 6.7775e-05 0.0073547 -0.000708514 -0.0100124 -4.12833e-05 -0.000725229 0.00488278 5.49812e-05 -0.00174525 5.09981e-05 0.00165179 0.00188214 0.000555513 0.000732687 0.000190631 0.00169698 0.000678536 -0.00494846 0 -0.000375258 -0.0017419
internal_weight=545 530 47 483 26 457 407 50 392 79 53 36 28 313 298 200 98 39 26 25 27 25
internal_count=545 530 47 483 26 457 407 50 392 79 53 36 28 313 298 200 98 39 26 25 27 25
is_linear=0
shrinkage=0.0529975


Tree=110
num_leaves=22
num_cat=0
split_feature=39 38 29 29 27 6 27 29 12 29 30 27 44 27 29 45 29 45 25 7 29
split_gain=1.43796 2.12908 1.46465 0.512049 1.62928 0.840903 0.64987 0.142239 0.343409 0.13639 0.0649171 0.0732596 0.129877 0.107655 0.0585791 0.0406574 0.0404138 0.0331227 0.0309553 0.0129032 0.0125327
threshold=-1.1558530955085182 -0.85777646155359866 0.96361458521015575 -0.8007581298917843 -0.77729306540004683 0.60253933251252334 -0.95772725582127649 0.26696810119628295 0.44588029440681037 0.67528232375896413 -0.2223400469422456 -0.58317633917526923 -0.27848972336365163 -0.50832564867299135 0.6273942987389155 0.99460514069480432 -0.85191837106913615 0.54038094320560914 -0.78702065393137444 -0.54650470272485296 -0.060961219973233179
decision_type=2 2 2 2 2 2 2 2 2 2 2 2 2 2 2 2 2 2 2 2 2
left_child=-1 -2 3 6 5 -5 -3 10 9 14 15 12 -12 -13 -9 18 17 -8 -6 -10 -17
right_child=1 2 -4 4 7 -7 16 8 19 -11 11 13 -14 -15 -16 20 -18 -19 -20 -21 -22
leaf_value=-0.015190169377841359 0.016192927524094878 0.013403446565679496 -0.014352795765739812 -0.018846797503123302 -0.0010238825898020187 -0.0006304904068055409 0.0010656260718375438 0 -0.0082283716691814897 0.0038206265107917424 0.0054641194061370172 -0.0038136193103362271 -0.00028861318418617294 0.00017654271818841156 -0.0034875494010954545 0.0042643481022974867 0.002674709163475382 -0.0019440352831421931 0.0013696761018186221 -0.0020961535093835717 0.00059119191818469085
leaf_weight=11.999999999999998 15.999999999999998 10.999999999999998 14.999999999999998 14.000000000000002 10.999999999999998 12.999999999999998 12.999999999999998 43 11.000000000000002 17 12.999999999999998 14.999999999999998 20 175 11.999999999999998 18.000000000000004 12.000000000000002 13.999999999999998 68 10.999999999999998 10.999999999999998
leaf_count=12 16 11 15 14 11 13 13 43 11 17 13 15 20 175 12 18 12 14 68 11 11
internal_value=-0.000455116 2.89736e-05 -0.000637834 -4.96915e-05 -0.000647445 -0.0119962 0.00471994 0.000214197 -0.00152191 0.000298665 0.000746262 0.000179882 0.00229024 -0.000209871 -0.00094401 0.00178348 0.000655708 -0.000352948 0.000905499 -0.00651743 0.00341069
internal_weight=545 533 517 502 452 27 50 425 94 72 331 223 33 190 55 108 39 27 79 22 29
internal_count=545 533 517 502 452 27 50 425 94 72 331 223 33 190 55 108 39 27 79 22 29
is_linear=0
shrinkage=0.0529975


Tree=111
num_leaves=21
num_cat=0
split_feature=29 19 13 29 2 19 29 37 19 26 3 3 37 9 5 47 13 29 45 39
split_gain=1.38614 0.994558 1.0274 0.92104 1.07686 0.510341 0.169667 0.251496 0.227767 0.192724 0.104443 0.0907099 0.105143 0.0755139 0.0685397 0.0680587 0.0533787 0.0488278 0.0237777 0.0197149
threshold=1.3382556559007897 0.56461929902412689 1.009141835424715 0.74954040166073665 1.3100232967216259 -1.1597747990198337 -0.42378981793710108 -0.78948456671466416 -0.50025667382205452 -0.21326753491197928 1.2549431632242152 -0.19603499245963937 1.9469825516994852 -0.26022922174839475 -1.300866931953909 0.10324174324130626 -0.56700682971414607 -0.054945875154369203 0.76749304195020673 -0.4449525141229505
decision_type=2 2 2 2 2 2 2 2 2 2 2 2 2 2 2 2 2 2 2 2
left_child=1 3 13 5 -5 -1 7 -7 9 -8 11 15 -13 -3 -10 -9 19 -18 -15 -16
right_child=-2 2 -4 4 -6 6 8 10 14 -11 -12 12 -14 18 16 -17 17 -19 -20 -21
leaf_value=-0.0085595020741508036 -0.013799691556594829 -0.0010353846858687152 0.017791743544227724 -0.018508420213322201 0.00039178697563254213 0.0064273328489841521 -0.0059832313416180241 -0.00072335369606553793 -0.0027066324103636142 0.00027673125038611907 0.0045503641865694156 0 -0.0046735190297037448 0.0044939433327489215 -0.0022990378234627666 0.0032575930334514292 0.0019749854763486526 0.00016874895910503002 0.00028418802046772002 0
leaf_weight=12.999999999999998 14.999999999999998 13.999999999999998 10.999999999999998 11.000000000000002 14.999999999999998 21 28 11.999999999999998 13.999999999999998 19 10.999999999999998 66 10.999999999999998 11.000000000000002 13.999999999999998 28 69 121 10.999999999999998 30
leaf_count=13 15 14 11 11 15 21 28 12 14 19 11 66 11 11 14 28 69 121 11 30
internal_value=-0.00044254 7.26152e-05 0.00697948 -0.000662543 -0.00935623 -3.80797e-05 0.000306634 0.00173687 -0.00041276 -0.00357584 0.000662023 3.56453e-05 -0.000956368 0.00144077 0.000229462 0.00197285 0.000497466 0.00090069 0.00315025 -0.00100322
internal_weight=545 530 47 483 26 457 444 149 295 47 128 117 77 36 248 40 234 190 22 44
internal_count=545 530 47 483 26 457 444 149 295 47 128 117 77 36 248 40 234 190 22 44
is_linear=0
shrinkage=0.0529975


Tree=112
num_leaves=14
num_cat=0
split_feature=30 29 39 29 29 27 8 29 7 29 39 25 6
split_gain=1.33975 4.10712 0.672529 0.595567 0.482916 0.817024 0.172524 0.160186 0.073373 0.0707194 0.0864718 0.0586794 0.05837
threshold=-1.6045160372440099 1.0939113685825921 -1.037851409117408 0.74954040166073665 -1.1125084092197188 -0.95772725582127649 0.66579977688026848 -0.33273871682312839 -1.0367737378873938 -0.054945875154369203 -0.69848839585506151 -1.1764033572252413 0.023161807640796724
decision_type=2 2 2 2 2 2 2 2 2 2 2 2 2
left_child=-1 2 -2 4 -4 -6 9 8 -8 10 -7 -9 -11
right_child=1 -3 3 -5 5 6 7 11 -10 12 -12 -13 -14
leaf_value=0.013386500658925932 0.008297492122688984 -0.02449308778164478 0.0087411319783132473 -0.0085925846173235017 -0.0098828000333807745 0.0046452640284003295 0.0026569973980919747 -0.0068950042009426537 -0.001518905479503977 0.00051337342555111943 0.00081980367169978577 -0.0015173367294969205 -0.001482765254191159
leaf_weight=12.999999999999998 20 13.999999999999998 10.999999999999998 18 18 13.999999999999998 14.999999999999998 12.999999999999998 20 101 208 21 59
leaf_count=13 20 14 11 18 18 14 15 13 20 101 208 21 59
internal_value=-0.000428908 -0.000924926 -1.61964e-06 -0.000443532 -2.13222e-05 -0.000349297 0.000140596 -0.00216845 0.000227256 0.000602745 0.00120751 -0.00447359 -0.000207599
internal_weight=545 532 518 498 480 469 451 69 35 382 222 34 160
internal_count=545 532 518 498 480 469 451 69 35 382 222 34 160
is_linear=0
shrinkage=0.0529975


Tree=113
num_leaves=28
num_cat=0
split_feature=39 38 39 19 12 44 47 5 25 14 36 12 19 26 39 12 13 45 12 44 46 46 26 44 39 39 2
split_gain=1.29993 1.90377 0.484895 0.727292 1.23225 0.363327 0.337184 0.268927 0.225911 0.173262 0.138174 0.169842 0.128839 0.105635 0.0981492 0.173378 0.0912354 0.0864861 0.0779221 0.0700566 0.0629024 0.052237 0.0264578 0.0262142 0.0247729 0.0169583 0.00759715
threshold=-1.1558530955085182 -0.85777646155359866 -0.5612317575249578 -0.3357664568293684 -0.042725598743581276 1.0000000180025095e-35 0.24260211492306979 -1.2693510750792598 -0.80428921117211327 -0.73346063392620831 -1.2895489334230941 -1.5712548210644959 0.34004903709483209 0.68300227579872419 1.946446891419239 0.14266095426046657 -0.99059678347021507 1.0000000180025095e-35 0.24244024473966483 -0.27848972336365163 -0.18832435130588573 -0.18832435130588573 -0.45831677014854783 0.70547720845605821 0.42080037888319483 0.18963449079900394 0.065360548739504573
decision_type=2 2 2 2 2 2 2 2 2 2 2 2 2 2 2 2 2 2 2 2 2 2 2 2 2 2 2
left_child=-1 -2 3 4 -3 6 9 -4 -7 -6 -5 -12 13 20 16 -16 18 -15 26 21 -13 -18 23 -21 -23 -24 -9
right_child=1 2 7 10 5 8 -8 14 -10 -11 11 12 -14 17 15 -17 19 -19 -20 22 -22 24 25 -25 -26 -27 -28
leaf_value=-0.014424883493310482 0.015330012008936118 -0.017204771238022169 0.0061637335007415335 -0.003997731897179206 -0.011666332923117712 0.0064354092503331704 0.0014279540346168198 0.00036734485821474978 -0.0015897667235661203 -0.0018079814542095679 0.0055795546565760813 0.0032519950056614367 0.0038755840180737943 -0.0046493458605765779 0.0063379778262827435 -0.001116619735771986 0.0039750989647276674 6.8345730053547831e-05 -0.0046642304183601591 -0.002484127326444601 -0.00039143379708551224 -0.00039214828920995767 -0.00061388685900130933 0 0.0015071923321136917 0.00069604022817587954 -0.00090829747970433297
leaf_weight=11.999999999999998 15.999999999999998 15.999999999999998 18 14.999999999999998 12.999999999999998 11.000000000000002 10.999999999999998 14.999999999999998 17 13.000000000000002 10.999999999999998 10.999999999999991 12.999999999999998 22 13.000000000000002 10.999999999999998 15.999999999999998 12.999999999999998 13.999999999999998 19 48.000000000000007 25 36 19 34 65 18
leaf_count=12 16 16 18 15 13 11 11 15 17 13 11 11 13 22 13 11 16 13 14 19 48 25 36 19 34 65 18
internal_value=-0.000414343 4.51025e-05 -0.000584919 -0.00248882 -0.0062566 -0.00223777 -0.00538867 0.000759347 0.00193654 -0.00821805 0 0.000650896 -6.31787e-05 -0.000877489 0.000274036 0.00314823 -2.88678e-05 -0.00297299 -0.00202562 0.000421182 0.000417739 0.00167372 -0.000247742 -0.00135368 0.000632996 0.000155619 -0.000182024
internal_weight=545 533 517 214 81 65 37 303 28 26 133 118 107 94 285 24 261 35 47 214 59 75 139 38 59 101 33
internal_count=545 533 517 214 81 65 37 303 28 26 133 118 107 94 285 24 261 35 47 214 59 75 139 38 59 101 33
is_linear=0
shrinkage=0.0529975


Tree=114
num_leaves=14
num_cat=0
split_feature=29 39 29 19 28 19 25 45 2 39 3 5 1
split_gain=1.27943 0.917633 1.10428 1.11265 0.823861 0.484446 0.371388 0.265417 0.251324 0.127407 0.0542963 0.0565746 0.0437343
threshold=1.3382556559007897 -1.037851409117408 0.74954040166073665 0.2948654323460424 0.057306762566011353 -1.1597747990198337 -1.2633808432044347 -0.9358476986342753 -1.0530676585040981 1.8807771613815669 -0.95922375622237632 1.1843251936161412 1.0678095630845852
decision_type=2 2 2 2 2 2 2 2 2 2 2 2 2
left_child=1 4 5 -4 -1 -3 7 -7 -8 10 11 -10 -12
right_child=-2 2 3 -5 -6 6 8 -9 9 -11 12 -13 -14
leaf_value=-0.0015920206252501067 -0.013231907998608124 -0.0081409417199432253 -0.019236023159305206 0.0012417798933030623 0.015049082897426342 0 -0.0054582894966375209 0.0095096246945800249 -0.0027032902011192143 0.0039505601431321577 0.00061384259704909384 0.00078740155383000016 -0.00083963434401845404
leaf_weight=11.000000000000002 14.999999999999998 12.999999999999998 11.000000000000002 10.999999999999998 14.999999999999998 14.000000000000002 15.999999999999998 14.999999999999998 30 20 298 12.999999999999998 63
leaf_count=11 15 13 11 11 15 14 16 15 30 20 298 13 63
internal_value=-0.000398424 9.57244e-05 -0.000438514 -0.0106747 0.00881141 0.000139811 0.000483921 0.00574058 4.92744e-05 0.000346569 9.59486e-05 -0.0015382 0.000331582
internal_weight=545 530 504 22 26 482 469 29 440 424 404 43 361
internal_count=545 530 504 22 26 482 469 29 440 424 404 43 361
is_linear=0
shrinkage=0.0529975


Tree=115
num_leaves=16
num_cat=0
split_feature=30 29 39 29 30 19 9 19 22 29 30 29 30 29 45
split_gain=1.2312 3.68193 0.592613 0.525909 1.33246 0.654346 0.78891 0.628608 0.156664 0.0832974 0.0651595 0.0842191 0.0560334 0.0370083 0.0278712
threshold=-1.6045160372440099 1.0939113685825921 -1.037851409117408 -0.8007581298917843 1.2529128884377021 -0.71234336683649502 -0.90716431318354485 -0.95772725582126561 -1.053067658504099 -0.17292469673266564 -0.42585993925910831 0.47796017511591082 -0.84189108030333826 -0.85191837106913615 0.54038094320560914
decision_type=2 2 2 2 2 2 2 2 2 2 2 2 2 2 2
left_child=-1 2 -2 7 5 6 -5 -4 9 -7 12 -12 -10 14 -9
right_child=1 -3 3 4 -6 8 -8 13 10 -11 11 -13 -14 -15 -16
leaf_value=0.012854296000231425 0.0077994994855440734 -0.023179773174798541 0.012953284946397678 -0.015570783988473658 -0.015584213625009993 -0.00018946879162182463 0 0.0008080717700523313 0 -0.0057158293036369831 0.00049742862982306334 -0.0019506673910755956 0.0027586437968412595 0.0024214012456898358 -0.0019196273095476342
leaf_weight=12.999999999999998 20 13.999999999999998 10.999999999999998 11.000000000000002 10.999999999999998 19.000000000000004 20 12.999999999999998 25 11.999999999999998 259 40 51 12.000000000000002 13.999999999999998
leaf_count=13 20 14 11 11 11 19 20 13 25 12 259 40 51 12 14
internal_value=-0.000388754 -0.000865009 0 -0.000405992 -0.00101166 -0.000423092 -0.00717562 0.00442324 0.000172475 -0.0030972 0.000505593 0.000115111 0.00183588 0.000456511 -0.000486433
internal_weight=545 532 518 498 448 437 31 50 406 31 375 299 76 39 27
internal_count=545 532 518 498 448 437 31 50 406 31 375 299 76 39 27
is_linear=0
shrinkage=0.0529975


Tree=116
num_leaves=24
num_cat=0
split_feature=39 30 29 19 19 31 31 34 5 19 6 39 39 10 13 39 9 44 17 29 4 29 5
split_gain=1.19422 1.75268 0.585422 1.91689 0.450737 0.355962 0.290643 0.179127 0.137891 0.286403 0.132407 0.113104 0.116254 0.0859047 0.0854084 0.0879934 0.084484 0.0756546 0.0550335 0.0526226 0.0404709 0.0293618 0.0110239
threshold=-1.1558530955085182 -1.4739652562250283 0.55429414669926913 -0.1050883714161035 -1.1597747990198337 0.20467284060940552 0.91109251678669823 1.2938115221619257 -1.0104878021227626 -0.83382283659871825 0.21253976309500919 1.946446891419239 -0.62158061868772108 0.85910532906678883 0.024048919712926695 -0.5612317575249578 -0.19155332817298618 1.0000000180025095e-35 -1.0322366512859695 0.20235630727881282 -0.5393208141406366 0.24627008227285696 -1.2483823521915196
decision_type=2 2 2 2 2 2 2 2 2 2 2 2 2 2 2 2 2 2 2 2 2 2 2
left_child=-1 -2 4 -4 -3 -5 -7 -8 9 -6 11 12 16 -11 15 -12 -10 -17 -15 20 -16 -14 -20
right_child=1 2 3 5 8 6 7 -9 10 13 14 -13 21 18 19 17 -18 -19 22 -21 -22 -23 -24
leaf_value=-0.013811363802733102 0.015883337194009448 -0.0078017564381722814 -0.02050534940722679 -0.0059249530588469015 0.0087309799007557753 0.007607363024826095 0.0028570971195806473 -0.0043705091884050839 -0.00022862776555054875 0.0034003933166268344 -0.0050929938706400918 0.0051692123754860419 7.4199174209181368e-05 -0.0029823307001690027 -5.8693397248407456e-05 0.00088400244313879036 0.0037351009000365165 -0.0024167157301732312 -0.00011522911543100002 -0.0020379506873713987 0.0023887047192953943 -0.0019720067224123423 0.0015560155364227459
leaf_weight=11.999999999999998 12.999999999999998 12.999999999999998 10.999999999999998 13.999999999999998 10.999999999999998 12.999999999999998 13.000000000000002 12.999999999999998 17 13.999999999999998 17 10.999999999999998 143 12.999999999999995 35 28 39 36 11.999999999999995 14.999999999999998 25 15.999999999999998 11.000000000000009
leaf_count=12 13 13 11 14 11 13 13 13 17 14 17 11 143 13 35 28 39 36 12 15 25 16 11
internal_value=-0.000382055 5.76245e-05 -0.000501301 -0.00501786 0.000174384 0 0.00257272 -0.000680224 0.000525071 0.00274806 0.000115104 0.000941156 0.000558843 0.000513076 -0.00102904 -0.00216746 0.00251343 -0.000920845 -0.000768652 0.000183664 0.000979605 -0.000153561 0.000599671
internal_weight=545 533 520 64 456 53 39 26 443 61 382 226 215 50 156 81 56 64 36 75 60 159 23
internal_count=545 533 520 64 456 53 39 26 443 61 382 226 215 50 156 81 56 64 36 75 60 159 23
is_linear=0
shrinkage=0.0529975


Tree=117
num_leaves=18
num_cat=0
split_feature=29 39 29 1 28 29 19 37 1 8 19 25 8 39 30 29 39
split_gain=1.18003 0.84819 0.944267 0.999397 0.781977 0.418134 0.693944 0.203012 0.243523 0.166682 0.146002 0.119506 0.0995878 0.0621549 0.0990914 0.071482 0.0236448
threshold=1.3382556559007897 -1.037851409117408 0.74954040166073665 0.33725197380951638 0.057306762566011353 -1.1125084092197188 -0.95772725582126561 1.8777845326131508 -1.0556529808440198 0.66579977688026848 0.056972887554589562 -1.1331575714055218 1.5662352973307523 -0.71361890106462766 0.57768355033597929 0.24627008227285696 -0.812326624193484
decision_type=2 2 2 2 2 2 2 2 2 2 2 2 2 2 2 2 2
left_child=1 4 5 -4 -1 -3 -7 9 -9 13 -10 12 -11 14 -8 -15 -13
right_child=-2 2 3 -5 -6 6 7 8 10 11 -12 16 -14 15 -16 -17 -18
leaf_value=-0.0016137519423504894 -0.012696478501291474 0.0082983320836377689 -0.018001861367258346 0.001323069725347525 0.014565051313892671 -0.0089484259366605801 0.0003987546842940681 0.0084713642042368066 -0.0031593663656113422 -0.0077659835540851941 0.0033986696479444633 -0.0018120871009756185 -0.00033290134578743837 0.00026978009099770992 0.0045339213008025025 -0.0024285166605948717 0.00044341202653731576
leaf_weight=11.000000000000002 14.999999999999998 10.999999999999998 11.000000000000002 10.999999999999998 14.999999999999998 18 70 11.999999999999998 12.000000000000002 11.000000000000002 13.999999999999998 13.999999999999998 10.999999999999998 241 18 25 25
leaf_count=11 15 11 11 11 15 18 70 12 12 11 14 14 11 241 18 25 25
internal_value=-0.000371149 0.000102788 -0.000410439 -0.00987608 0.00848224 0.000123337 -0.000154863 0.000291672 0.00371753 -5.3913e-05 0.000128742 -0.00249458 -0.00516626 0.000381798 0.00155417 -6.08805e-06 -0.000344614
internal_weight=545 530 504 22 26 482 471 453 38 415 26 61 22 354 88 266 39
internal_count=545 530 504 22 26 482 471 453 38 415 26 61 22 354 88 266 39
is_linear=0
shrinkage=0.0529975


Tree=118
num_leaves=15
num_cat=0
split_feature=30 29 39 29 30 19 19 9 2 17 39 8 29 45
split_gain=1.13265 3.293 0.515559 0.475088 1.19431 0.596841 0.575175 0.695953 0.141753 0.06956 0.0557413 0.0673504 0.0344558 0.0280853
threshold=-1.6045160372440099 1.0939113685825921 -1.037851409117408 -0.8007581298917843 1.2529128884377021 -0.95772725582126561 -0.71234336683649502 -0.90716431318354485 -1.0530676585040981 -1.4115869124585407 1.7448722280453988 -1.2033288219565137 -0.87545902639589801 0.54038094320560914
decision_type=2 2 2 2 2 2 2 2 2 2 2 2 2 2
left_child=-1 2 -2 5 6 -4 7 -5 9 -8 11 -10 13 -7
right_child=1 -3 3 4 -6 12 8 -9 10 -11 -12 -13 -14 -15
leaf_value=0.012341678054307631 0.0072758380152766122 -0.021920243870218965 0.012518832856702642 -0.014612196653128703 -0.014750949561172204 0.00065936982839683174 0 0 0.0026835150341805451 -0.0048472494174227757 0.0028334949618415966 3.4358557430672149e-05 0.0020580846961608247 -0.0021685398605785764
leaf_weight=12.999999999999998 20 13.999999999999998 10.999999999999998 11.000000000000002 10.999999999999998 11.999999999999998 15.000000000000002 20 24 15.999999999999998 21 330 15.000000000000002 11.999999999999998
leaf_count=13 20 14 11 11 11 12 15 20 24 16 21 330 15 12
internal_value=-0.000359491 -0.00081694 0 -0.000377642 -0.000954033 0.00421121 -0.000396007 -0.00672716 0.000161328 -0.00294765 0.000479017 0.000275072 0.000356756 -0.00067258
internal_weight=545 532 518 498 448 50 437 31 406 31 375 354 39 24
internal_count=545 532 518 498 448 50 437 31 406 31 375 354 39 24
is_linear=0
shrinkage=0.0529975


Tree=119
num_leaves=21
num_cat=0
split_feature=39 30 29 19 19 7 26 30 46 39 1 30 2 29 37 6 19 10 30 3
split_gain=1.0984 1.58706 0.501839 1.73174 0.410675 0.326752 0.272688 0.146158 0.0763314 0.120185 0.0609092 0.0926912 0.0833802 0.0779531 0.0506701 0.0421571 0.0379212 0.0251082 0.0220227 0.00407967
threshold=-1.1558530955085182 -1.4739652562250283 0.55429414669926913 -0.1050883714161035 -1.1597747990198337 0.75838092719554961 1.1280953561172959 1.0909449037682633 0.78147191447403119 1.9373597581478144 -1.0556529808440198 0.83988821281013359 -1.4533288438807916 -0.5832868142001647 2.003599112770122 -0.93598428481790796 0.21046452638556939 -0.50972561685278994 0.30003679722413751 -0.19603499245963937
decision_type=2 2 2 2 2 2 2 2 2 2 2 2 2 2 2 2 2 2 2 2
left_child=-1 -2 4 -4 -3 17 -7 8 10 16 12 14 -6 -13 -12 -14 18 -5 -10 -18
right_child=1 2 3 5 7 6 -8 -9 9 -11 11 13 15 -15 -16 -17 19 -19 -20 -21
leaf_value=-0.013228281815649315 0.015131977261824905 -0.0074467502898271027 -0.019361776453947498 -0.0057681761522217507 -0.0014209433659468488 0.0083057508633601999 -0.00041749526857818382 0.0043764919261197162 -0.001208251409888635 0.0057235832788805714 0.00012199389807933466 0 0 -0.0051201502228217528 -0.0027765019903815248 0.0039150087477212714 0.0027730618223880859 -0.00082801039063984611 0.00087096571217952956 0.00022800325988706806
leaf_weight=11.999999999999998 12.999999999999998 12.999999999999998 10.999999999999998 11.000000000000002 11.999999999999998 11.000000000000002 20 20 28 10.999999999999998 261 13.000000000000002 10.999999999999998 13.999999999999998 11.999999999999998 23 11.000000000000002 10.999999999999998 15.999999999999998 10.999999999999998
leaf_count=12 13 13 11 11 12 11 20 20 28 11 261 13 11 14 12 23 11 11 16 11
internal_value=-0.000348357 7.26045e-05 -0.000458815 -0.00464091 0.000165645 0 0.00333356 0.000501058 0.000242929 0.0016909 -8.27809e-05 -0.000384839 0.00157003 -0.00304167 -3.7314e-05 0.00285507 0.000501051 -0.00425398 -0.00029869 0.00207141
internal_weight=545 533 520 64 456 53 31 443 423 77 346 300 46 27 273 34 66 22 44 22
internal_count=545 533 520 64 456 53 31 443 423 77 346 300 46 27 273 34 66 22 44 22
is_linear=0
shrinkage=0.0529975


Tree=120
num_leaves=26
num_cat=0
split_feature=39 38 39 30 13 3 5 19 3 8 37 39 30 44 30 3 37 37 39 39 3 12 39 13 3
split_gain=1.02167 1.48545 0.33167 0.824128 0.25816 0.506338 0.228475 0.188364 0.135946 0.103942 0.0742586 0.0758577 0.0718696 0.077922 0.0697385 0.0635406 0.125042 0.0687172 0.0277057 0.0124988 0.0125896 0.00826296 0.00742675 0.000859074 0.000356189
threshold=-1.1558530955085182 -0.85777646155359866 -0.5612317575249578 0.90938718312148792 0.74316674818253226 0.090850422352377599 -1.2693510750792598 0.34004903709483209 0.62416305245163961 0.71531411641482723 0.5839912666656174 -0.47999791929632923 0.57768355033597929 1.1974606743659131 0.90938718312148792 -0.26775634616264371 2.0623125835100464 2.1084445962342691 -0.80165551899036436 0.0241978723428521 -0.15005976572694438 -0.70695410212017784 0.9919161588454396 -0.80835459406353427 0.12027456746130243
decision_type=2 2 2 2 2 2 2 2 2 2 2 2 2 2 2 2 2 2 2 2 2 2 2 2 2
left_child=-1 -2 3 4 7 -6 -4 9 -7 12 11 -8 13 -3 19 17 21 22 -14 20 -13 -17 -12 -21 -23
right_child=1 2 6 -5 5 8 10 -9 -10 -11 15 14 18 -15 -16 16 -18 -19 -20 23 -22 24 -24 -25 -26
leaf_value=-0.012760810539589967 0.013568680673145825 0.0002743238473727304 0.0055975115031187943 -0.01115687062795561 -0.0093401603230472315 0.0031070682096853313 0.0019778508818002437 0.0051621172060062961 -0.002570308457617001 -0.0037795254192709883 0 -0.0019313928926491786 0.0039930013587055118 -0.0033785655866582116 -0.0036823202993815436 0 -0.0039398032844953773 0.0051897885149947793 0 -0.00015740603195986045 -8.2823514910111243e-05 0.00025117436012918781 0.0012773426643075279 0.00019328983477562032 0.0017202829272209422
leaf_weight=11.999999999999998 15.999999999999998 75 18 19 20 18 20 13.999999999999998 17 14.999999999999998 13.999999999999998 19 11.000000000000002 13.999999999999998 19 15.999999999999998 11.999999999999998 11.999999999999998 10.999999999999998 15.999999999999998 34 15.999999999999998 37 44 26
leaf_count=12 16 75 18 19 20 18 20 14 17 15 14 19 11 14 19 16 12 12 11 16 34 16 37 44 26
internal_value=-0.000338939 6.6624e-05 -0.00048866 -0.00206446 -0.000837367 -0.00372743 0.000620143 0.000356637 0.000206505 -0.000334641 0.000172913 -0.000588631 0.000241036 -0.000403755 -0.00109715 0.00108135 0 0.00222312 0.00262678 -0.000440129 -0.00099286 0.00105972 0.000929973 0 0.00140745
internal_weight=545 533 517 214 195 55 303 140 35 126 285 152 111 89 132 133 70 63 22 113 53 58 51 60 42
internal_count=545 533 517 214 195 55 303 140 35 126 285 152 111 89 132 133 70 63 22 113 53 58 51 60 42
is_linear=0
shrinkage=0.0529975


Tree=121
num_leaves=18
num_cat=0
split_feature=29 39 29 0 38 29 19 37 1 8 13 25 8 39 30 29 39
split_gain=1.09099 0.805783 0.825812 0.92447 0.739569 0.37186 0.558659 0.162152 0.210619 0.149301 0.131717 0.110973 0.083939 0.0624931 0.0903082 0.0640312 0.0200522
threshold=1.3382556559007897 -1.037851409117408 0.74954040166073665 1.0722266725251193 0.17567711778915571 -1.1125084092197188 -0.95772725582126561 1.8777845326131508 -1.0556529808440198 0.66579977688026848 -0.1926715217436667 -1.1331575714055218 1.5662352973307523 -0.71361890106462766 0.57768355033597929 0.24627008227285696 -0.812326624193484
decision_type=2 2 2 2 2 2 2 2 2 2 2 2 2 2 2 2 2
left_child=1 4 5 -4 -1 -3 -7 9 -9 13 -10 12 -11 14 -8 -15 -13
right_child=-2 2 3 -5 -6 6 7 8 10 11 -12 16 -14 15 -16 -17 -18
leaf_value=0.01421033480051722 -0.012177535077365242 0.0078366993324532307 -0.017052719408081649 0.0014493468528639685 -0.0015258381251649869 -0.008025244744997934 0.00043104054170795079 0.0077413310855743043 0.0031406378374686833 -0.007327023665905103 -0.0030979951047856238 -0.0016486012652586657 -0.00037451281796922005 0.00024016672680710462 0.0043974314679536145 -0.002312134471925477 0.00042546408002801472
leaf_weight=15.000000000000002 14.999999999999998 10.999999999999998 11.000000000000002 10.999999999999998 10.999999999999998 18 70 11.999999999999998 13.999999999999998 11.000000000000002 12.000000000000002 13.999999999999998 10.999999999999998 241 18 25 25
leaf_count=15 15 11 11 11 11 18 70 12 14 11 12 14 11 241 18 25 25
internal_value=-0.000325283 0.00012961 -0.000370576 -0.00922321 0.00829617 0.000127541 -0.000134114 0.000264971 0.00332675 -4.21845e-05 2.0014e-06 -0.00235328 -0.00492503 0.000369218 0.00154543 -1.97168e-05 -0.000284325
internal_weight=545 530 504 22 26 482 471 453 38 415 26 61 22 354 88 266 39
internal_count=545 530 504 22 26 482 471 453 38 415 26 61 22 354 88 266 39
is_linear=0
shrinkage=0.0529975


Tree=122
num_leaves=14
num_cat=0
split_feature=29 39 29 1 28 19 25 17 2 39 3 30 5
split_gain=1.00953 0.744258 0.768494 0.864193 0.68675 0.359335 0.305153 0.237182 0.211315 0.0799698 0.0465576 0.0555227 0.0441617
threshold=1.3382556559007897 -1.037851409117408 0.74954040166073665 0.33725197380951638 0.057306762566011353 -1.1597747990198337 -1.2633808432044347 -1.5396878263841973 -1.0530676585040981 1.8807771613815669 -0.95922375622237632 1.007757035394693 1.1843251936161412
decision_type=2 2 2 2 2 2 2 2 2 2 2 2 2
left_child=1 4 5 -4 -1 -3 7 -7 -8 10 12 -12 -10
right_child=-2 2 3 -5 -6 6 8 -9 9 -11 11 -13 -14
leaf_value=-0.0014735020976346092 -0.011716471240745055 -0.007007144678843189 -0.016470289291839389 0.0014021081701195033 0.013672305581593117 -0.00020895820101879449 -0.0050246792117528728 0.0083568433242579513 -0.00244345892783763 0.0031579819769544226 0.00010471209506006332 0.0025961849927252927 0.00061398096598201614
leaf_weight=11.000000000000002 14.999999999999998 12.999999999999998 11.000000000000002 10.999999999999998 14.999999999999998 12.000000000000002 15.999999999999998 17 30 20 339 22 12.999999999999998
leaf_count=11 15 13 11 11 15 12 16 17 30 20 339 22 13
internal_value=-0.000315255 0.000121856 -0.000358319 -0.0088983 0.00797091 0.000121711 0.000419981 0.00518431 2.48271e-05 0.000299031 9.6346e-05 0.000315518 -0.00141455
internal_weight=545 530 504 22 26 482 469 29 440 424 404 361 43
internal_count=545 530 504 22 26 482 469 29 440 424 404 361 43
is_linear=0
shrinkage=0.0529975


Tree=123
num_leaves=16
num_cat=0
split_feature=30 29 39 29 30 19 19 9 2 17 8 29 0 29 45
split_gain=1.03946 2.86016 0.427523 0.41124 1.04257 0.586723 0.460752 0.600855 0.138083 0.0536829 0.0481051 0.0781913 0.0409591 0.0326872 0.0238566
threshold=-1.6045160372440099 1.0939113685825921 -1.037851409117408 -0.8007581298917843 1.2529128884377021 -0.95772725582126561 -0.71234336683649502 -0.90716431318354485 -1.0530676585040981 -1.4115869124585407 -1.2033288219565137 0.63976665760306584 1.4757936937274316 -0.87545902639589801 0.54038094320560914
decision_type=2 2 2 2 2 2 2 2 2 2 2 2 2 2 2
left_child=-1 2 -2 5 6 -4 7 -5 9 -8 12 -12 -10 14 -7
right_child=1 -3 3 4 -6 13 8 -9 10 -11 11 -13 -14 -15 -16
leaf_value=0.011860634231097573 0.0066408845517960729 -0.020413038674763861 0.012166833555513274 -0.013339615252129833 -0.013756134222164734 0.00039479140757085702 0 0 0.0041374256351959888 -0.0045985990279265266 0.00050379568766761168 -0.0023892468730365882 0 0.0018508622166623742 -0.0021748223673361241
leaf_weight=12.999999999999998 20 13.999999999999998 10.999999999999998 11.000000000000002 10.999999999999998 11.999999999999998 15.000000000000002 20 12.000000000000002 15.999999999999998 329 22 11.999999999999998 15.000000000000002 11.999999999999998
leaf_count=13 20 14 11 11 11 12 15 20 12 16 329 22 12 15 12
internal_value=-0.000306205 -0.00074538 3.64708e-07 -0.000328303 -0.000865761 0.00393962 -0.000343711 -0.00601107 0.000153255 -0.00291506 0.000467122 0.000265814 0.00253671 0.00015173 -0.000835084
internal_weight=545 532 518 498 448 50 437 31 406 31 375 351 24 39 24
internal_count=545 532 518 498 448 50 437 31 406 31 375 351 24 39 24
is_linear=0
shrinkage=0.0529975


Tree=124
num_leaves=18
num_cat=0
split_feature=30 29 39 29 19 29 3 35 11 11 11 45 11 37 11 11 45
split_gain=0.966324 2.65024 0.394076 0.396219 1.6015 0.279795 0.239957 0.164964 0.116201 0.0973598 0.0745952 0.0669159 0.178312 0.0747797 0.0394534 0.0640087 0.0571377
threshold=-1.6045160372440099 1.0939113685825921 -1.037851409117408 0.031036353483505329 -0.55180057978710095 -1.1125084092197188 1.80296786587794 -1.189027962267261 0.71531411641482723 1.1916330635483519 -1.2033288219565137 -0.48162350114508018 0.38654285709781305 -0.81674439241534058 -0.74199266462636426 -0.5127097674775597 0.76749304195020673
decision_type=2 2 2 2 2 2 2 2 2 2 2 2 2 2 2 2 2
left_child=-1 2 -2 5 -5 -4 7 9 10 -7 -6 13 -13 -9 16 -16 -12
right_child=1 -3 3 4 8 6 -8 11 -10 -11 14 12 -14 -15 15 -17 -18
leaf_value=0.011430468945003627 0.0063701162291680321 -0.019655614887397109 0.0074065696578541279 -0.015736261589071453 0.0027379505840904915 0.0072001841242682685 -0.0050793094885130058 0.0031949971412490123 -0.0044257903271788194 6.3476382687670425e-05 -0.0028232664523470444 0.00076862277917371822 -0.0027443170302866647 9.1737289806304002e-05 0.0021231359607072633 -0.00071516558808072152 0.00084309315357196846
leaf_weight=12.999999999999998 20 13.999999999999998 10.999999999999998 15.999999999999998 19 11.000000000000002 14.999999999999998 35 11.999999999999998 10.999999999999998 29 132 51 58 27 60 10.999999999999998
leaf_count=13 20 14 11 16 19 11 15 35 12 11 29 132 51 58 27 60 11
internal_value=-0.000299728 -0.000723558 0 -0.000321093 -0.00232765 0.000758048 0.000367664 0.000759599 -0.000401484 0.0046592 4.48813e-05 0.000331529 -0.000229446 0.00145297 -0.000410782 0.000170682 -0.0016847
internal_weight=545 532 518 498 174 324 313 298 158 22 146 276 183 93 127 87 40
internal_count=545 532 518 498 174 324 313 298 158 22 146 276 183 93 127 87 40
is_linear=0
shrinkage=0.0529975


Tree=125
num_leaves=20
num_cat=0
split_feature=39 30 29 30 19 19 44 6 29 6 16 35 29 34 19 30 29 45 29
split_gain=0.938925 1.31199 0.369985 0.957712 0.529914 0.398336 0.258873 0.156211 0.310674 0.390221 0.208995 0.477611 0.0632218 0.0533679 0.0633605 0.0357776 0.0312977 0.0217188 0.0215918
threshold=-1.1464725685440789 -1.4739652562250283 -0.8007581298917843 1.2529128884377021 -0.95772725582126561 -0.71234336683649502 1.0000000180025095e-35 -0.72093697764263742 0.63976665760306584 -0.1339160942167725 -1.1928400721714438 1.5848058716099744 0.19471766191415443 -0.11421210073449009 -0.58317633917525924 0.21344277011759211 -0.87545902639589801 0.54038094320560914 0.22835153749618131
decision_type=2 2 2 2 2 2 2 2 2 2 2 2 2 2 2 2 2 2 2
left_child=-1 -2 4 5 -3 6 -4 10 13 -10 18 12 -12 15 -15 -9 17 -6 -7
right_child=1 2 3 -5 16 7 -8 8 9 -11 11 -13 -14 14 -16 -17 -18 -19 -20
leaf_value=-0.010326681929986063 0.01386269880599281 0.011560061424445715 -0.0086887157803173746 -0.013170827538674676 0.00033473383551083189 0 0.00016663703859981887 0 -0.010957539035583563 0.00039281645709476871 0.0018343016609089593 0.010264404023366088 -0.0011145006092740683 0.0039207275217839881 0.00031259452238280929 -0.001690919618361621 0.0018019130410178168 -0.002102153764627425 -0.0033568642775956155
leaf_weight=19 12.999999999999998 10.999999999999998 19.000000000000004 10.999999999999998 11.999999999999998 14.000000000000002 11.999999999999998 136 11.000000000000002 13.999999999999998 54 13.999999999999998 23 11.999999999999998 88 44 15.000000000000002 11.999999999999998 10.999999999999998
leaf_count=19 13 11 19 11 12 14 12 136 11 14 54 14 23 12 88 44 15 12 11
internal_value=-0.000285646 0.000176233 -0.000313299 -0.000808272 0.00374114 -0.00032366 -0.00560063 0.000121742 -0.000493063 -0.00552965 0.00174029 0.00291749 0.000852451 3.87204e-05 0.00100877 -0.000477794 0.000133933 -0.000827518 -0.00205485
internal_weight=545 526 513 463 50 452 31 421 305 25 116 91 77 280 100 180 39 24 25
internal_count=545 526 513 463 50 452 31 421 305 25 116 91 77 280 100 180 39 24 25
is_linear=0
shrinkage=0.0529975


Tree=126
num_leaves=14
num_cat=0
split_feature=29 39 29 0 28 19 25 17 2 39 3 30 5
split_gain=0.925417 0.692074 0.662478 0.822005 0.628973 0.335231 0.263752 0.22207 0.183002 0.0663982 0.0425095 0.0597271 0.0341746
threshold=1.3382556559007897 -1.037851409117408 0.74954040166073665 1.0722266725251193 0.057306762566011353 -1.1597747990198337 -1.2633808432044347 -1.5396878263841973 -1.0530676585040981 1.8807771613815669 -0.95922375622237632 1.007757035394693 1.1843251936161412
decision_type=2 2 2 2 2 2 2 2 2 2 2 2 2
left_child=1 4 5 -4 -1 -3 7 -7 -8 10 12 -12 -10
right_child=-2 2 3 -5 -6 6 8 -9 9 -11 11 -13 -14
leaf_value=-0.0013345452640878652 -0.01119056391005745 -0.0067587895540610916 -0.015657467022376796 0.0016596722938485953 0.013165890417968684 -0.00031423347488071946 -0.0046513497872882528 0.007922437924794707 -0.002227983174824096 0.0029101130667442917 0.00010620901000758754 0.0026886883622224758 0.00043217967938060904
leaf_weight=11.000000000000002 14.999999999999998 12.999999999999998 11.000000000000002 10.999999999999998 14.999999999999998 12.000000000000002 15.999999999999998 17 30 20 339 22 12.999999999999998
leaf_count=11 15 13 11 11 15 12 16 17 30 20 339 22 13
internal_value=-0.000273559 0.000144118 -0.000318704 -0.00824847 0.00771241 0.000125831 0.000414282 0.00484472 4.54039e-05 0.000301276 0.000114417 0.000323981 -0.00132673
internal_weight=545 530 504 22 26 482 469 29 440 424 404 361 43
internal_count=545 530 504 22 26 482 469 29 440 424 404 361 43
is_linear=0
shrinkage=0.0529975


Tree=127
num_leaves=19
num_cat=0
split_feature=30 29 39 29 19 29 3 25 39 13 53 7 19 1 45 10 3 13
split_gain=0.88866 2.36173 0.352275 0.351997 1.47817 0.264698 0.196033 0.144163 0.122558 0.120118 0.082546 0.0809865 0.0780342 0.0599698 0.0414551 0.038682 0.0126404 0.00629775
threshold=-1.6045160372440099 1.0939113685825921 -1.037851409117408 0.17116908538165884 -0.55180057978710095 -1.1125084092197188 1.80296786587794 -1.3308125281902385 -0.77090409534292548 0.69391210239694279 -0.36007183007885429 0.82628127174349031 -0.11693091420222342 0.35206812900017176 1.0000000180025095e-35 1.1932390427821107 0.25452222952077169 -0.094162230172487885
decision_type=2 2 2 2 2 2 2 2 2 2 2 2 2 2 2 2 2 2
left_child=-1 2 -2 5 -5 -4 7 -7 9 11 15 13 -12 -6 -10 -9 -11 -16
right_child=1 -3 3 4 8 6 -8 10 14 16 12 -13 -14 -15 17 -17 -18 -19
leaf_value=0.010982291454353921 0.0060320525073589981 -0.018545267977305359 0.0070017378476935769 -0.016775408191980819 0.0021708526587819093 0.0045814280229459926 -0.0047503913214905387 0.0016621724382951935 -0.0038858886255136366 -0.0026465059220991786 -0.0014034909182351848 0.0048104497008554289 0.00060028163793212058 -0.0019757092474534691 0 -0.00052276318334704087 0 -0.0011130740031162884
leaf_weight=12.999999999999998 20 13.999999999999998 10.999999999999998 11.999999999999998 16.000000000000004 17 14.999999999999998 105 20 11.000000000000002 107 18 95 10.999999999999998 14.000000000000002 20 10.999999999999998 14.999999999999998
leaf_count=13 20 14 11 12 16 17 15 105 20 11 107 18 95 11 14 20 11 15
internal_value=-0.000266031 -0.000673222 3.17368e-06 -0.000293978 -0.00263224 0.000525435 0.000196091 0.000509429 -0.000359262 0.00101729 0.000198072 0.00254144 -0.000437404 0.000217792 -0.00227419 0.00125134 -0.0017274 -0.000487715
internal_weight=545 532 518 498 128 370 359 344 116 67 327 45 202 27 49 125 22 29
internal_count=545 532 518 498 128 370 359 344 116 67 327 45 202 27 49 125 22 29
is_linear=0
shrinkage=0.0529975


Tree=128
num_leaves=18
num_cat=0
split_feature=45 30 19 29 19 29 29 7 34 26 30 49 30 39 34 8 19
split_gain=0.892626 0.766473 0.375182 0.294422 0.502679 0.227532 0.268714 0.285841 0.135149 0.130911 0.126075 0.0646514 0.0584916 0.0523983 0.0474206 0.050099 0.0380275
threshold=1.7894974863008961 -1.6045160372440099 -1.084056395528697 0.96361458521015575 0.34004903709483209 0.78170629896345034 0.28237332503594575 -0.19967188325312279 -1.0254979019753936 -0.47109149564709568 -0.25743340651522839 1.0000000180025095e-35 0.34485729356418537 -0.4449525141229505 1.5282221012143749 -0.49290444129679761 -0.073027776466943153
decision_type=2 2 2 2 2 2 2 2 2 2 2 2 2 2 2 2 2
left_child=1 -1 -3 5 -5 6 8 16 9 10 -4 12 -10 -13 15 -9 -8
right_child=-2 2 3 4 -6 -7 7 14 11 -11 -12 13 -14 -15 -16 -17 -18
leaf_value=0.010583982669076404 -0.011872644784466983 -0.0079939589472804249 0.0037101930298547941 -0.011165448314224976 0.0020635432682079655 0.0063419497031612232 -0.0090758712153531842 0.0018383542716372344 0.00046580606634919505 0.0060182755487908166 -0.002466200999388208 0.0033474172619741855 -0.0011140680625768824 5.9145278688823453e-05 -0.0024137757903646383 -0.0012153770278042245 -0.0019983084472994309
leaf_weight=12.999999999999998 11.999999999999998 10.999999999999998 11.000000000000002 11.000000000000002 10.999999999999998 10.999999999999998 11.000000000000002 27 197 19 13.999999999999998 26 91 32 17 20 10.999999999999998
leaf_count=13 12 11 11 11 11 11 11 27 197 19 14 26 91 32 17 20 11
internal_value=-0.000259598 0.000118077 -0.000247967 0 -0.00527621 0.000310659 7.96243e-05 -0.00248526 0.000691921 0.00328384 0.000218094 0.000292144 -2.21737e-05 0.00181787 -0.000377798 0.000416613 -0.00697253
internal_weight=545 533 520 509 22 487 476 86 390 44 25 346 288 58 64 47 22
internal_count=545 533 520 509 22 487 476 86 390 44 25 346 288 58 64 47 22
is_linear=0
shrinkage=0.0529975


Tree=129
num_leaves=15
num_cat=0
split_feature=29 39 29 1 28 29 19 37 3 2 8 13 19 29
split_gain=0.886385 0.631134 0.593934 0.767586 0.572268 0.292984 0.408002 0.113035 0.178191 0.122577 0.0588996 0.0419185 0.0532567 0.0497521
threshold=1.3382556559007897 -1.037851409117408 0.74954040166073665 0.33725197380951638 0.057306762566011353 -1.1125084092197188 -0.95772725582126561 1.8777845326131508 -0.12063562061801954 -1.1412626510823281 1.1916330635483519 -0.039982119808339538 -0.60422274417682142 0.25224183869804911
decision_type=2 2 2 2 2 2 2 2 2 2 2 2 2 2
left_child=1 4 5 -4 -1 -3 -7 9 -9 10 -8 13 -13 -11
right_child=-2 2 3 -5 -6 6 7 8 -10 11 -12 12 -14 -15
leaf_value=-0.0012378456066187661 -0.010938611752113464 0.0069754691692699555 -0.014967266026023449 0.0017147897198103096 0.012583791512892427 -0.0068436271687306273 -0.0053786691075337874 0.005783467750957734 -0.00058192344289981245 0 0 0.0030241747537133744 0.00036881935232276514 -0.0025458559043187723
leaf_weight=11.000000000000002 14.999999999999998 10.999999999999998 11.000000000000002 10.999999999999998 14.999999999999998 18 11.000000000000002 19 19 192 11.999999999999998 21 161 18
leaf_count=11 15 11 11 11 15 18 11 19 19 192 12 21 161 18
internal_value=-0.000253754 0.000154608 -0.000286937 -0.00779599 0.00738179 0.000133071 -9.77678e-05 0.000240967 0.00279648 -1.294e-05 -0.00335443 0.000213153 0.000799047 -0.000270371
internal_weight=545 530 504 22 26 482 471 453 38 415 23 392 182 210
internal_count=545 530 504 22 26 482 471 453 38 415 23 392 182 210
is_linear=0
shrinkage=0.0529975


Tree=130
num_leaves=24
num_cat=0
split_feature=39 30 29 19 5 29 6 29 44 30 30 39 30 39 8 39 28 44 12 6 47 25 29
split_gain=0.889009 1.17268 0.345202 1.41802 0.647099 0.262783 0.0921606 0.127992 0.0788991 0.104097 0.0752055 0.121738 0.0796819 0.0854681 0.0642711 0.053415 0.0484896 0.0411499 0.0259522 0.0264994 0.0181057 0.0119173 0.00865617
threshold=-1.1558530955085182 -1.4739652562250283 -0.62400762929631193 -0.77729306540003507 -1.0869381551188761 0.96361458521015575 0.46114156163059888 -0.15716204103522488 -1.2624566551833614 0.21344277011759211 -0.41432049956592126 -0.38841790629953959 0.58676884827254006 -0.32879661478526795 0.33084238251150072 -0.5308762244612043 0.38602634040013523 -0.27848972336365163 0.36987089203339213 0.085967592106231658 -0.036118628440457261 -0.79689008783578485 -0.09068881691203412
decision_type=2 2 2 2 2 2 2 2 2 2 2 2 2 2 2 2 2 2 2 2 2 2 2
left_child=-1 -2 4 -4 -3 6 10 15 -9 -10 11 -5 16 -14 18 -8 -12 -16 19 -6 -17 -19 -13
right_child=1 2 3 5 14 -7 7 8 9 -11 12 22 13 -15 17 20 -18 21 -20 -21 -22 -23 -24
leaf_value=-0.011837467622362633 0.013073295473104875 0.011033335597343256 -0.013779424571270243 0.0061588504972277906 0.00023741057053207795 -0.0056217242754486923 0.0027679093966135695 0.00084311521643717024 -0.0011052498301319447 -0.0059505852264963126 -1.7126444732969074e-05 0.0014179102382492308 0.0034751185311968219 -0.0010718071362003959 0.00071744034680640343 -0.0013718454314770503 -0.0029083285947153845 -0.0033918835642085879 0 0.0039268748193665159 0.00049957154396250121 -0.00017812753749137634 0
leaf_weight=11.999999999999998 12.999999999999998 13.999999999999998 17 10.999999999999998 16.000000000000004 18 17 10.999999999999998 40 20 153 17 29 10.999999999999998 10.999999999999998 19 12.999999999999998 11.999999999999998 13.999999999999998 10.999999999999998 23 11.000000000000002 32
leaf_count=12 13 14 17 11 16 18 17 11 40 20 153 17 29 11 11 19 13 12 14 11 23 11 32
internal_value=-0.000247555 0.000129213 -0.000326458 -0.000964057 0.00255367 -0.000231973 7.58438e-05 -0.00103216 -0.00248325 -0.00322011 0.000653846 0.00221806 0.00011545 0.00209615 0.000184913 0.0006746 -0.000377656 -0.001297 0.00157113 0.00239267 -0.000267119 -0.00245044 0.000631335
internal_weight=545 533 520 431 89 414 396 130 71 60 266 60 206 40 75 59 166 34 41 27 42 23 49
internal_count=545 533 520 431 89 414 396 130 71 60 266 60 206 40 75 59 166 34 41 27 42 23 49
is_linear=0
shrinkage=0.0529975


Tree=131
num_leaves=17
num_cat=0
split_feature=45 30 19 5 34 39 33 2 19 38 7 38 12 26 9 7
split_gain=0.844946 0.709662 0.324867 0.993908 0.303801 0.444632 0.202582 0.608507 0.376095 0.134238 0.092371 0.0995779 0.0566429 0.0522081 0.0622959 0.00916574
threshold=1.7894974863008961 -1.6045160372440099 -0.3357664568293684 0.59743580397646701 1.9518237526746343 -1.0783225139200134 -1.0074332757020199 -0.86685397367927142 -0.95772725582126561 -0.75348243586137342 1.8644294573825355 -0.42152753544637073 -0.24770820666942364 0.58121020734044138 0.35752137825369174 0.48959172621014541
decision_type=2 2 2 2 2 2 2 2 2 2 2 2 2 2 2 2
left_child=1 -1 3 6 5 -4 -3 -8 -9 -7 11 15 -13 14 -10 -11
right_child=-2 2 4 -5 -6 9 7 8 13 10 -12 12 -14 -15 -16 -17
leaf_value=0.0102012604047529 -0.011535182352360038 -0.0049013520676276304 0.0085761885777637763 -0.014327990533023558 -0.0050701292014890915 -0.0039879033754794541 0.0087082143165036312 -0.0085762462749053529 0.00031784402253544569 0.0010909431900772355 0.0046814522231386725 -0.00054278245730379738 0.00093708056454468516 0.0021850729396403592 -0.0023556344926562119 0.0046245117523428794
leaf_weight=12.999999999999998 11.999999999999998 21 14.999999999999998 10.999999999999998 18 10.999999999999998 13.999999999999998 10.999999999999998 59 16.000000000000004 10.999999999999998 134 140 17 31 10.999999999999998
leaf_count=13 12 21 15 11 18 11 14 11 59 16 11 134 140 17 31 11
internal_value=-0.00023583 0.000131106 -0.000220794 -0.00213956 0.000664638 0.0010734 -0.000712023 8.78658e-05 -0.00125022 0.000553782 0.00080805 0.00055507 0.000192282 -2.01171e-05 -0.000619884 0.00332102
internal_weight=545 533 520 164 356 338 153 132 118 323 312 301 274 107 90 27
internal_count=545 533 520 164 356 338 153 132 118 323 312 301 274 107 90 27
is_linear=0
shrinkage=0.0529975


Tree=132
num_leaves=15
num_cat=0
split_feature=39 38 29 29 19 29 6 37 29 29 5 1 19 1
split_gain=0.855381 1.06973 0.57886 0.28071 0.305472 1.00465 0.225641 0.136 0.0723065 0.145876 0.0871972 0.0437224 0.0629708 0.0534576
threshold=-1.1558530955085182 -0.85777646155359866 0.99250610888350865 -1.1125084092197188 -0.71234336683649502 -0.54213609959460229 0.7166142897572868 -0.7098019992819159 0.7731741465887918 0.60923513714294653 0.65447219597499107 0.21061577944410606 -0.58317633917525924 -1.0556529808440198
decision_type=2 2 2 2 2 2 2 2 2 2 2 2 2 2
left_child=-1 -2 3 -3 5 7 -7 -5 9 11 -11 13 -13 -6
right_child=1 2 -4 4 8 6 -8 -9 -10 10 -12 12 -14 -15
leaf_value=-0.011596975444395361 0.011598093888314408 0.0067020672668153761 -0.009668670796627336 0.0059178622135780982 0.0014488413353501016 -0.014680425905183286 -0.0027973036370632291 -0.00049704055213909272 0.0034370468585697674 -0.0053709069277308868 0 0.0038595472117575751 0.00054376935309071123 -0.00040514431108948406
leaf_weight=11.999999999999998 15.999999999999998 10.999999999999998 11.999999999999998 13.000000000000002 48 12.000000000000002 12.999999999999998 12.999999999999998 12.999999999999998 15.000000000000002 10.999999999999998 14.999999999999998 122 219
leaf_count=12 16 11 12 13 48 12 13 13 13 15 11 15 122 219
internal_value=-0.000227741 0.000141438 -0.000328677 0 -0.000223615 -0.00388344 -0.0104631 0.00300007 0.0002284 6.94377e-05 -0.00335784 0.000352925 0.00110228 -2.17553e-05
internal_weight=545 533 517 505 494 51 25 26 443 430 26 404 137 267
internal_count=545 533 517 505 494 51 25 26 443 430 26 404 137 267
is_linear=0
shrinkage=0.0529975


Tree=133
num_leaves=16
num_cat=0
split_feature=29 39 29 29 1 29 19 29 47 13 30 29 39 8 39
split_gain=0.84044 0.593554 0.545258 0.531875 0.712852 0.250652 0.301591 0.0979288 0.148207 0.139596 0.0562933 0.0542655 0.0554579 0.0380316 0.0312976
threshold=1.3382556559007897 -1.037851409117408 0.7731741465887918 0.74954040166073665 0.33725197380951638 -1.1125084092197188 -0.95772725582126561 0.24627008227285696 0.24260211492306979 1.0583964812103044 1.007757035394693 0.60923513714294653 -0.77090409534292548 0.66579977688026848 -0.85317783451209428
decision_type=2 2 2 2 2 2 2 2 2 2 2 2 2 2 2
left_child=1 2 -1 5 -5 -3 -7 9 14 10 13 12 -10 -8 -9
right_child=-2 3 -4 4 -6 6 7 8 11 -11 -12 -13 -14 -15 -16
leaf_value=-0.00046765713058754009 -0.01062641187801654 0.0064721881130538859 0.012935541082798718 -0.014281067478588896 0.0017484023357691606 -0.0058703681097130641 0.00039160127916586257 -0.00079315450132478368 0.0028714698500377669 0.0047369720186401267 0.0027693969610970582 -0.0018447949176158909 -0.00047334718039359746 -0.0010747176266220032 -0.0054210463839514649
leaf_weight=13.000000000000002 14.999999999999998 10.999999999999998 12.999999999999998 11.000000000000002 10.999999999999998 18 279 13.000000000000002 21.999999999999996 15.999999999999998 19 15.999999999999998 19.000000000000004 53 15.999999999999998
leaf_count=13 15 11 13 11 11 18 279 13 22 16 19 16 19 53 16
internal_value=-0.000221125 0.000175921 0.00718394 -0.000252125 -0.007359 0.000144382 -6.8263e-05 0.000220747 -0.00130766 0.000612892 0.000328926 0.000222405 0.00131019 0.000121942 -0.00403742
internal_weight=545 530 26 504 22 482 471 453 86 367 351 57 41 332 29
internal_count=545 530 26 504 22 482 471 453 86 367 351 57 41 332 29
is_linear=0
shrinkage=0.0529975


Tree=134
num_leaves=28
num_cat=0
split_feature=45 30 28 29 29 19 37 34 29 5 6 10 29 0 1 13 13 10 38 39 13 29 26 9 37 10 24
split_gain=0.80019 0.661728 0.294135 1.64109 0.335607 0.807476 0.545465 0.272525 0.693023 0.287054 0.0791961 0.0956106 0.0640666 0.0842232 0.070068 0.0544716 0.0505816 0.047474 0.0426918 0.0422987 0.0416629 0.0321591 0.0245746 0.0226179 0.0216643 0.0121272 0.00819239
threshold=1.7894974863008961 -1.6045160372440099 -0.32554900251137159 0.41037723249571229 -0.5832868142001647 -0.94590896873541463 -0.7098019992819159 1.9518237526746343 0.7731741465887918 0.89204371730505116 -0.14593159087710691 0.66889347538467159 0.16142385576168791 -0.42951527064006562 -0.7018357402218981 -0.054758513544016361 1.0000000180025095e-35 1.1575568244941292 0.1899764519439007 -0.77090409534292548 0.69391210239694279 -0.36400999389897842 -0.25898519317648783 -0.10010119324953989 1.6408337399841872 -0.97625920282189427 -0.92277931482635622
decision_type=2 2 2 2 2 2 2 2 2 2 2 2 2 2 2 2 2 2 2 2 2 2 2 2 2 2 2
left_child=1 -1 3 4 6 -6 -3 8 12 -10 -7 16 14 -14 23 22 -12 -13 21 20 -15 -16 -8 -4 -20 -21 -25
right_child=-2 2 7 -5 5 10 15 -9 9 -11 11 17 13 19 18 -17 -18 -19 24 25 -22 -23 -24 26 -26 -27 -28
leaf_value=0.0098651214133799424 -0.011211907455037468 0.010585496436819417 0.0040315370363911323 -0.017646706471221699 -0.012683520743195714 0.0023939408751151529 -0.0029782456759782808 -0.004772414971203588 0.013045082294027474 0.0014762342760733398 -0.0044827920290189905 0.0020964220022821425 -0.003730180045498529 0.0022213273355011355 0.0027723715258997405 0.0016309233367968147 0 -0.0010738064536167762 -9.6775681392894644e-05 -0.0018963372163819684 -0.00089415070124430256 0.00026218566978472124 0 0 -0.0023432121794504817 0 0.0015251380117246637
leaf_weight=12.999999999999998 11.999999999999998 11.999999999999998 14.999999999999998 10.999999999999998 10.999999999999998 21 12 18 12.000000000000002 13.999999999999998 17.000000000000004 22 15.999999999999998 27 17 18 10.999999999999998 17 72 19.999999999999996 10.999999999999998 64 15 11.999999999999995 10.999999999999998 21.000000000000004 23.000000000000004
leaf_count=13 12 12 15 11 11 21 12 18 12 14 17 22 16 27 17 18 11 17 72 20 11 64 15 12 11 21 23
internal_value=-0.000215226 0.000141375 -0.000198132 -0.00200136 -0.000242681 -0.00210729 0.0027773 0.000654679 0.00104556 0.0084781 0 -0.000963221 0.000248509 -0.00082956 0.000768406 -0.000167781 -0.00306827 0.000600358 0.000163225 0 0.00116177 0.00102408 -0.00165706 0.00239862 -0.0006108 -0.00112447 0.00104111
internal_weight=545 533 520 167 156 99 57 353 335 26 88 67 309 95 214 45 28 39 164 79 38 81 27 50 83 41 35
internal_count=545 533 520 167 156 99 57 353 335 26 88 67 309 95 214 45 28 39 164 79 38 81 27 50 83 41 35
is_linear=0
shrinkage=0.0529975


Tree=135
num_leaves=17
num_cat=0
split_feature=39 30 29 30 19 7 31 29 30 38 15 6 9 30 29 45
split_gain=0.829017 0.957216 0.299156 0.717983 0.511589 0.242057 0.183489 0.748308 0.25946 0.119988 0.123452 0.0587326 0.0592241 0.056745 0.0330365 0.0172718
threshold=-1.1558530955085182 -1.4739652562250283 -0.8007581298917843 1.2529128884377021 -0.95772725582126561 -1.897707229271955 0.66856331366879385 0.6273942987389155 -0.4671124990250764 -0.21026374513355034 -1.2252975897148428 1.389307088260046 -1.1925206000294124 0.36035248426005978 -0.87545902639589801 0.54038094320560914
decision_type=2 2 2 2 2 2 2 2 2 2 2 2 2 2 2 2
left_child=-1 -2 4 5 -3 -4 7 11 -8 -10 -11 12 -7 -13 15 -6
right_child=1 2 3 -5 14 6 8 -9 9 10 -12 13 -14 -15 -16 -17
leaf_value=-0.01140396172811832 0.011846529385680036 0.01106203530501357 -0.0063117230674163936 -0.011407457028619422 0 0.0021606997530014892 0.0078289972199341064 -0.009507936266556884 -0.003432274704726684 -0.0024006298108371414 0.0021542977051530595 0 0 -0.0040781065588160158 0.0016456428748775191 -0.0021661326449668255
leaf_weight=11.999999999999998 12.999999999999998 10.999999999999998 11.999999999999998 10.999999999999998 11.999999999999998 35 10.999999999999998 19 10.999999999999998 13.999999999999998 83 23 239 11.999999999999998 15.000000000000002 11.999999999999998
leaf_count=12 13 11 12 11 12 35 11 19 11 14 83 23 239 12 15 12
internal_value=-0.000210725 0.000152389 -0.000258405 -0.000698835 0.0033884 -0.000283384 -2.47227e-05 -0.000687578 0.00169177 0.000626468 0.00132758 3.27311e-06 0.000299119 -0.0018474 0 -0.00109444
internal_weight=545 533 520 470 50 459 447 328 119 108 97 309 274 35 39 24
internal_count=545 533 520 470 50 459 447 328 119 108 97 309 274 35 39 24
is_linear=0
shrinkage=0.0529975


Tree=136
num_leaves=16
num_cat=0
split_feature=29 39 28 29 19 29 19 39 24 17 35 25 30 13 39
split_gain=0.803908 0.543412 0.502184 0.481692 0.656849 0.229092 0.245816 0.0833994 0.160681 0.128352 0.111754 0.0557968 0.0533781 0.0439818 0.0267482
threshold=1.3382556559007897 -1.037851409117408 0.057306762566011353 0.74954040166073665 0.2948654323460424 -1.1125084092197188 -0.95772725582126561 1.2513520998271794 -1.1775959117802184 -0.72340947011875822 -1.0499418511253469 -1.3727723827438771 1.007757035394693 -0.039982119808339538 1.8368162572147246
decision_type=2 2 2 2 2 2 2 2 2 2 2 2 2 2 2
left_child=1 2 -1 5 -5 -3 -7 10 -9 -10 11 -8 13 -12 -11
right_child=-2 3 -4 4 -6 6 7 8 9 14 12 -13 -14 -15 -16
leaf_value=-0.0011572551208281149 -0.010385435574086074 0.0061961067640295478 0.011761403704857397 -0.013644494943762759 0.0017139080444615916 -0.0052953157852914223 0 0.0063745970082370023 -0.0034392348041764101 0.00042282607462049713 -0.0005940803359651746 -0.0042271654426910424 0.0025845756464565181 0.00060992599808621642 0.0031989039757564348
leaf_weight=11.000000000000002 14.999999999999998 10.999999999999998 14.999999999999998 11.000000000000002 10.999999999999998 18 11.999999999999998 10.999999999999998 11.999999999999998 35 168 20 18 161 15.999999999999998
leaf_count=11 15 11 15 11 11 18 12 11 12 35 168 20 18 161 16
internal_value=-0.000208408 0.000179554 0.00688494 -0.000229547 -0.00699349 0.000147008 -5.57393e-05 0.000203698 0.00176426 0.000374003 -0.000105595 -0.00284623 0.000171413 0 0.00166122
internal_weight=545 530 26 504 22 482 471 453 74 63 379 32 347 329 51
internal_count=545 530 26 504 22 482 471 453 74 63 379 32 347 329 51
is_linear=0
shrinkage=0.0529975


Tree=137
num_leaves=23
num_cat=0
split_feature=39 30 16 35 14 19 19 19 9 25 6 2 6 45 1 17 34 45 46 39 12 19
split_gain=0.775466 0.903107 0.216448 0.567709 0.799488 0.244486 0.230179 0.210958 0.109817 0.104509 0.0679811 0.116641 0.0748212 0.0771946 0.0475435 0.0465671 0.0434089 0.0410109 0.0249839 0.0210884 0.0117349 0.00859611
threshold=-1.1558530955085182 -1.4739652562250283 -0.90459423178773413 0.26267843997095658 0.17177610247503919 -1.1597747990198337 -0.95772725582126561 0.60675712484006339 1.4058277343555114 1.5294687999074881 0.48402615276326083 -1.0383866851108159 0.40306023220815956 -0.25451140240048259 -1.0365503908183322 1.6588777220044402 0.52913402947215349 -0.70873559988967771 -0.18832435130588573 -0.50953401405496501 -0.98632518450781059 0.064425278750974715
decision_type=2 2 2 2 2 2 2 2 2 2 2 2 2 2 2 2 2 2 2 2 2 2
left_child=-1 -2 7 5 -5 -4 -7 8 9 18 12 14 13 -8 -12 -11 -6 -13 -3 -18 -17 -20
right_child=1 2 3 4 16 6 10 -9 -10 15 11 17 -14 -15 -16 20 19 -19 21 -21 -22 -23
leaf_value=-0.0110252725615689 0.011510385751201479 0 -0.0060481025149938823 -0.015411553012771953 0.00051070057174875294 0.0063015455623715516 0.001633172153140326 0.0072732480675476796 0.0042445125645057969 -0.0039702765326737888 -0.00077699619434656766 0.0014213054301724678 0.0039160382256439663 -0.00055235214930471506 -0.005746004610193459 -0.0011005560637775919 -0.0036065228993005871 -0.00067047671699800625 0.0034770229240475917 -0.00012467835684153744 0.00049537293903686617 0.00034514111257197153
leaf_weight=11.999999999999998 12.999999999999998 15.999999999999998 11.999999999999998 10.999999999999998 14.999999999999998 10.999999999999998 65.999999999999986 10.999999999999998 13.999999999999998 11.999999999999998 17.000000000000004 31 11.999999999999998 112.00000000000001 10.999999999999998 19.999999999999993 13.999999999999998 84 13.000000000000002 13.000000000000002 14.000000000000005 10.999999999999998
leaf_count=12 13 16 12 11 15 11 66 11 14 12 17 31 12 112 11 20 14 84 13 13 14 11
internal_value=-0.000199243 0.000151483 -0.000247193 -0.000823668 -0.00563914 -5.92758e-06 0.000284899 0.00175058 0.000700099 -4.0027e-05 -1.19553e-06 -0.000874327 0.000626958 0.000246865 -0.00360374 -0.00173388 -0.0013285 -6.3857e-06 0.00172815 -0.00246907 -0.000293031 0.00263037
internal_weight=545 533 520 409 53 356 344 111 100 86 333 143 190 178 28 46 42 115 40 27 34 24
internal_count=545 533 520 409 53 356 344 111 100 86 333 143 190 178 28 46 42 115 40 27 34 24
is_linear=0
shrinkage=0.0529975


Tree=138
num_leaves=25
num_cat=0
split_feature=45 30 28 29 29 27 27 35 29 8 27 44 29 38 39 6 46 30 9 9 0 9 47 1
split_gain=0.761373 0.576595 0.25437 1.43455 0.301708 0.702543 0.484737 0.232994 0.615285 0.344593 0.0923959 0.101099 0.0654279 0.0639047 0.0366495 0.0427987 0.0365943 0.032853 0.0269822 0.0213108 0.0198207 0.0160091 0.0154972 0.00727707
threshold=1.7894974863008961 -1.6045160372440099 -0.32554900251137159 0.41037723249571229 -0.5832868142001647 -0.8338228365987318 -0.94590896873542507 1.8196664449598725 0.7731741465887918 -0.74199266462636426 -0.58317633917526923 -0.27848972336365163 -0.17292469673266564 -0.62108709288109554 1.2513520998271794 0.87077502392940376 -0.18832435130588573 0.54269626113870151 -1.3196012616945847 -1.878231527801024 -0.42951527064006562 -0.15921305042862932 -1.0000000180025095e-35 -0.4754933442589972
decision_type=2 2 2 2 2 2 2 2 2 2 2 2 2 2 2 2 2 2 2 2 2 2 2 2
left_child=1 -1 3 4 6 -6 -3 8 13 -10 11 -7 17 -4 18 16 -16 -12 19 -15 -20 -8 -14 -23
right_child=-2 2 7 -5 5 10 21 -9 9 -11 12 -13 22 14 15 -17 -18 -19 20 -21 -22 23 -24 -25
leaf_value=0.0092310297445428267 -0.010919960135831932 0.010025561998710757 -0.0026730724149087613 -0.01646672757677654 -0.010906408564490979 0.0046641736967112544 -0.0012723472613760058 -0.004172147898566101 0.0009671699457678046 0.013286042893928913 0.0017302836411559306 -0.00039479924269051735 -0.0042253290920082195 0 0 -0.00069348777373199352 0.0031606348038689552 -0.0011795556674920069 -0.00085084894841391833 0.0028586403808158068 0.00023747904128893754 -7.2612918414787894e-05 -0.00048431158833645602 0.0011415703729470567
leaf_weight=12.999999999999998 11.999999999999998 11.999999999999998 12.999999999999998 10.999999999999998 13.999999999999998 14.999999999999998 17 20 14.000000000000002 10.999999999999998 17 17 11.000000000000002 11.000000000000002 15.999999999999998 10.999999999999998 32 12.999999999999998 59 10.999999999999998 155 12.000000000000002 12.000000000000002 15.999999999999998
leaf_count=13 12 12 13 11 14 15 17 20 14 11 17 17 11 11 16 11 32 13 59 11 155 12 12 16
internal_value=-0.000192514 0.000154845 -0.000161429 -0.00183961 -0.000193747 -0.00196535 0.00266656 0.000630509 0.00100826 0.00813448 5.21962e-05 0.00215461 -0.00118877 0.000263289 0.000466568 0.00159209 0.00226407 0.000288871 0.000123847 0.00168019 -4.5838e-05 -0.000106983 -0.00301816 0.000494729
internal_weight=545 533 520 167 156 99 57 353 333 25 85 32 53 308 295 59 48 30 236 22 214 45 23 28
internal_count=545 533 520 167 156 99 57 353 333 25 85 32 53 308 295 59 48 30 236 22 214 45 23 28
is_linear=0
shrinkage=0.0529975


Tree=139
num_leaves=16
num_cat=0
split_feature=29 13 29 29 8 9 29 8 12 34 9 2 19 29 3
split_gain=0.772682 0.49767 0.63143 0.452804 0.825451 0.313191 0.235393 0.245419 0.447814 0.147959 0.107113 0.0814156 0.089178 0.0507494 0.0503807
threshold=1.3382556559007897 1.009141835424715 0.91470921892100709 0.74954040166073665 -0.86097211864665513 -0.97405348019545046 -1.1125084092197188 1.0250222033349827 0.95127183809463067 -1.0254979019753936 0.47345735103936021 -0.9436971355296101 -0.94590896873541463 -0.42378981793710108 0.19015691209499869
decision_type=2 2 2 2 2 2 2 2 2 2 2 2 2 2 2
left_child=1 3 5 6 -5 -3 -1 9 -9 10 -8 -11 -13 -14 -7
right_child=-2 2 -4 4 -6 14 7 8 -10 11 -12 12 13 -15 -16
leaf_value=0.0061748681095947075 -0.010165786742452512 0.0068737853007732243 0.013481216426375993 0.0028255037889879818 -0.013973389372063305 -0.0039127558314583253 0 -0.0088209090671117606 0.0019436858779986552 -0.0035596749147546376 0.0065499332671456103 -0.0036484041047660904 0.0012538260420744429 -9.7565725116264713e-05 0
leaf_weight=10.999999999999998 14.999999999999998 10.999999999999998 10.999999999999998 11.000000000000002 11.999999999999998 11.000000000000002 12.000000000000002 18 14.999999999999998 11.999999999999998 10.999999999999998 10.999999999999998 100 265 19
leaf_count=11 15 11 11 11 12 11 12 18 15 12 11 11 100 265 19
internal_value=-0.000187639 0.0001923 0.00483814 -0.000352353 -0.00677542 0.000946405 4.10856e-05 -0.000175614 -0.00420231 0.000186728 0.00384338 -6.74998e-05 7.97966e-05 0.000268133 -0.00181594
internal_weight=545 530 52 478 23 41 455 444 33 411 23 388 376 365 30
internal_count=545 530 52 478 23 41 455 444 33 411 23 388 376 365 30
is_linear=0
shrinkage=0.0529975


Tree=140
num_leaves=13
num_cat=0
split_feature=39 38 29 29 19 6 29 29 5 6 6 29
split_gain=0.755195 0.820104 0.475989 0.218562 0.219104 1.03257 0.0794574 0.108376 0.108127 0.0420871 0.105924 0.0516735
threshold=-1.1558530955085182 -0.85777646155359866 0.99250610888350865 -1.1125084092197188 -0.77729306540003507 0.60253933251252334 0.7731741465887918 0.51570612243515501 0.64997638135509994 0.48402615276326083 0.41459442075987957 -0.15716204103522488
decision_type=2 2 2 2 2 2 2 2 2 2 2 2
left_child=-1 -2 3 -3 5 -5 7 9 -9 10 -6 -11
right_child=1 2 -4 4 6 -7 -8 8 -10 11 -12 -13
leaf_value=-0.010864162514710913 0.010196728257305986 0.0059630715384368692 -0.0087162337759632003 -0.011670315853749828 0.00039900742773809109 0.0038196425854864257 0.0035381336705798882 -0.004498575062916052 0.00029423465937501644 0.00038995832742923437 0.0048106643640405677 -0.0015442732633367752
leaf_weight=11.999999999999998 15.999999999999998 10.999999999999998 11.999999999999998 17 249 20 12.999999999999998 22 19 85 10.999999999999998 58
leaf_count=12 16 11 12 17 249 20 13 22 19 85 11 58
internal_value=-0.000179829 0.000165949 -0.000244477 4.30834e-05 -0.000144702 -0.00376994 0.000178745 1.90265e-05 -0.00237474 0.000310885 0.000716153 -0.000378254
internal_weight=545 533 517 505 494 37 457 444 41 403 260 143
internal_count=545 533 517 505 494 37 457 444 41 403 260 143
is_linear=0
shrinkage=0.0529975


Tree=141
num_leaves=22
num_cat=0
split_feature=45 30 19 29 29 19 37 29 47 36 39 19 23 29 25 25 39 13 26 30 10
split_gain=0.731876 0.538023 0.231634 1.28564 0.271318 0.632357 0.516241 0.223603 0.909849 0.0923862 0.0664397 0.125229 0.0859103 0.0688243 0.0642597 0.0579345 0.0674921 0.0536788 0.0256407 0.0158113 0.0149318
threshold=1.7894974863008961 -1.6045160372440099 -0.3357664568293684 0.41037723249571229 -0.5832868142001647 -0.94590896873541463 -0.7098019992819159 0.7731741465887918 0.59100304412747862 -1.2895489334230941 -0.46195446332225859 -0.58317633917525924 0.72346954219425308 -0.26151545470841348 -0.94602032792381785 -0.80856147868421624 1.8807771613815669 -0.054758513544016361 -0.25898519317648783 -0.19480581771904446 0.8649158441504271
decision_type=2 2 2 2 2 2 2 2 2 2 2 2 2 2 2 2 2 2 2 2 2
left_child=1 -1 3 4 6 -6 -3 9 -9 -4 11 12 -7 -13 20 -16 19 18 -8 -17 -11
right_child=-2 2 7 -5 5 10 17 8 -10 14 -12 13 -14 -15 15 16 -18 -19 -20 -21 -22
leaf_value=0.0089347141658332498 -0.010690533777962035 0.010127330825069541 -0.0028733388806768006 -0.015594080132229826 -0.011225718118896612 0.0049446089081991397 -0.0031282610322817361 0.011034175709491587 -0.004415987069150468 0.0038474864261240781 -0.0024429631444380455 0.0011881859569103357 -9.9904869147668615e-05 -0.0027118152224504906 -0.0022797088799510938 0.00061345311254006171 0.0035239396339037943 0.001470709732300421 0 -0.00020594358195500352 0.00034575094142567524
leaf_weight=12.999999999999998 11.999999999999998 11.999999999999998 20 10.999999999999998 10.999999999999998 18.000000000000004 12 18 13.999999999999998 12.000000000000002 18 14.999999999999995 10.999999999999998 23.000000000000004 19 104 11.999999999999998 18 15 145 11.999999999999998
leaf_count=13 12 12 20 11 11 18 12 18 14 12 18 15 11 23 19 104 12 18 15 145 12
internal_value=-0.000172158 0.000167994 -0.000137253 -0.00176026 -0.000171131 -0.00189354 0.00252301 0.000607901 0.00446074 0.000132066 0 0.000771064 0.00314233 -0.00106146 0.000404077 0.000125281 0.000373785 -0.000320228 -0.00177616 0.000115281 0.00274859
internal_weight=545 533 520 164 153 96 57 356 32 324 85 67 29 38 304 280 261 45 27 249 24
internal_count=545 533 520 164 153 96 57 356 32 324 85 67 29 38 304 280 261 45 27 249 24
is_linear=0
shrinkage=0.0529975


Tree=142
num_leaves=17
num_cat=0
split_feature=39 30 29 30 19 26 31 29 30 51 9 9 9 29 29 45
split_gain=0.727481 0.73639 0.242156 0.607029 0.465663 0.180898 0.130243 0.554243 0.218188 0.11056 0.138808 0.0383882 0.0408115 0.0364431 0.0316755 0.0134401
threshold=-1.1558530955085182 -1.4739652562250283 -0.8007581298917843 1.2529128884377021 -0.95772725582126561 -1.6597939457327306 0.66856331366879385 0.6273942987389155 -0.4671124990250764 1.0000000180025095e-35 1.5701698219090805 -1.2067186390077422 -1.8110832826193433 -0.43202403176917242 -0.87545902639589801 0.54038094320560914
decision_type=2 2 2 2 2 2 2 2 2 2 2 2 2 2 2 2
left_child=-1 -2 4 5 -3 -4 7 11 -8 10 -10 12 -7 -13 15 -6
right_child=1 2 3 -5 14 6 8 -9 9 -11 -12 13 -14 -15 -16 -17
leaf_value=-0.010655691709534126 0.010426643903588519 0.010412785319122146 -0.0044177527526088733 -0.010431577631999122 0 -0.00014925180725563594 0.007133106652817277 -0.0080911283817939588 -0.0014180021657880231 0.0040189868348290206 0.0028775734316389325 0.00087670399766615861 0.0028676637958579675 -0.00049332516635501632 0.0014995118646950287 -0.0021018840114251057
leaf_weight=11.999999999999998 12.999999999999998 10.999999999999998 21 10.999999999999998 11.999999999999998 14.999999999999998 10.999999999999998 19 70 14.999999999999998 23 67 21 197 15.000000000000002 11.999999999999998
leaf_count=12 13 11 21 11 12 15 11 19 70 15 23 67 21 197 15 12
internal_value=-0.000168815 0.000170248 -0.000188824 -0.000586934 0.00309078 -0.000204506 3.8704e-05 -0.000504969 0.0015063 0.000526863 -0.000175149 0.000101803 0.00160248 -0.00010801 0 -0.00117986
internal_weight=545 533 520 470 50 459 438 319 119 108 93 300 36 264 39 24
internal_count=545 533 520 470 50 459 438 319 119 108 93 300 36 264 39 24
is_linear=0
shrinkage=0.0529975


Tree=143
num_leaves=18
num_cat=0
split_feature=29 13 29 29 8 9 29 8 39 25 26 30 29 44 30 39 1
split_gain=0.721197 0.476568 0.567936 0.409359 0.71465 0.271507 0.20077 0.216128 0.409085 0.132947 0.0700693 0.082984 0.0735187 0.0490723 0.0393267 0.04284 0.019536
threshold=1.3382556559007897 1.009141835424715 0.91470921892100709 0.74954040166073665 -0.86097211864665513 -0.97405348019545046 -1.1125084092197188 1.0250222033349827 -0.71361890106462766 -1.2991129645190382 -0.45831677014854783 0.36035248426005978 -0.31953540702733996 1.0000000180025095e-35 1.007757035394693 1.8368162572147246 0.29960589395401543
decision_type=2 2 2 2 2 2 2 2 2 2 2 2 2 2 2 2 2
left_child=1 3 5 6 -5 -3 -1 9 -9 -8 11 16 -13 -7 15 -12 -11
right_child=-2 2 -4 4 -6 13 7 8 -10 10 14 12 -14 -15 -16 -17 -18
leaf_value=0.0057138937196221313 -0.0097987261188445789 0.0065371503431046699 0.012963670818669804 0.002512069262482962 -0.013123611676333229 0 0.0047797722384995585 -0.0095538421199467781 0.00081745672850304309 -0.00060042637031556146 -3.3319334431815315e-06 0 -0.0054538190660468784 -0.0036303185194144338 0.0023173366058465311 0.0023538494855384639 0.0014238827824771603
leaf_weight=10.999999999999998 14.999999999999998 10.999999999999998 10.999999999999998 11.000000000000002 11.999999999999998 19.000000000000004 10.999999999999998 12.999999999999998 20 45 278 13.000000000000002 13.999999999999998 10.999999999999998 21 17 11.999999999999998
leaf_count=11 15 11 11 11 12 19 11 13 20 45 278 13 14 11 21 17 12
internal_value=-0.000157604 0.000208796 0.00475461 -0.000324076 -0.00643173 0.00103051 4.91558e-05 -0.000149935 -0.00392993 0.000188966 0 -0.00131321 -0.00343036 -0.00154719 0.000359456 0.000153487 0
internal_weight=545 530 52 478 23 41 455 444 33 411 400 84 27 30 316 295 57
internal_count=545 530 52 478 23 41 455 444 33 411 400 84 27 30 316 295 57
is_linear=0
shrinkage=0.0529975


Tree=144
num_leaves=10
num_cat=0
split_feature=45 30 30 30 30 34 39 38 28
split_gain=0.707317 0.499906 0.207875 0.209859 0.229036 0.167334 0.394883 0.109026 0.115976
threshold=1.7894974863008961 -1.6045160372440099 1.2529128884377021 1.0684567549518114 0.97505087236928578 1.9839258697045794 -1.0783225139200134 -0.75348243586137342 -0.16078487016931256
decision_type=2 2 2 2 2 2 2 2 2
left_child=1 -1 3 4 5 6 -3 -8 -9
right_child=-2 2 -4 -5 -6 -7 7 8 -10
leaf_value=0.0086349232160867293 -0.010489993377310363 0.0072959247316550044 -0.0051583936161721062 0.0058935667561420945 -0.0055142679418699013 -0.0042580069507199897 -0.0041432734285421534 -0.00079833176290310104 0.00092471621884344013
leaf_weight=12.999999999999998 11.999999999999998 15.999999999999998 15.999999999999998 10.999999999999998 14.999999999999998 17 10.999999999999998 183 251
leaf_count=13 12 16 16 11 15 17 11 183 251
internal_value=-0.000148639 0.000185341 -0.00010865 9.67296e-05 -8.78825e-05 0.000134179 0.000363698 5.27019e-06 0.000181325
internal_weight=545 533 520 504 493 478 461 445 434
internal_count=545 533 520 504 493 478 461 445 434
is_linear=0
shrinkage=0.0529975


Tree=145
num_leaves=17
num_cat=0
split_feature=39 30 29 30 19 7 3 39 29 31 31 39 30 19 29 45
split_gain=0.701694 0.666809 0.221901 0.545381 0.432901 0.185628 0.118476 0.358771 0.202547 0.0995282 0.119732 0.0941861 0.0893615 0.0609754 0.0303221 0.0125607
threshold=-1.1558530955085182 -1.4739652562250283 -0.8007581298917843 1.2529128884377021 -0.95772725582126561 -1.897707229271955 -0.3597067996280337 -0.94395498571383207 0.7731741465887918 -0.51514633841205149 -1.0355256308113063 -0.63927416386584646 1.007757035394693 -0.6603797175785916 -0.87545902639589801 0.54038094320560914
decision_type=2 2 2 2 2 2 2 2 2 2 2 2 2 2 2 2
left_child=-1 -2 4 5 -3 -4 7 -7 12 10 -9 -11 13 -8 15 -6
right_child=1 2 3 -5 14 6 8 9 -10 11 -12 -13 -14 -15 -16 -17
leaf_value=-0.010446110080846439 0.0099458520284144199 0.010044178196242854 -0.0054530996510730595 -0.0098673864561535946 0 -0.0075980828425207614 -0.0022578519783335508 0.00043483841219285054 0.0062925546611161719 0.0025606861906424757 -0.0058316226319609435 -0.00047348988374098399 0.0039036662211730509 0.00030268001806680315 0.0014719677601081496 -0.0020408134970664295
leaf_weight=11.999999999999998 12.999999999999998 10.999999999999998 11.999999999999998 10.999999999999998 11.999999999999998 14.999999999999998 23 12.000000000000002 10.999999999999998 37 10.999999999999998 75 11.999999999999998 251 15.000000000000002 11.999999999999998
leaf_count=12 13 11 12 11 12 15 23 12 11 37 11 75 12 251 15 12
internal_value=-0.000145824 0.000186753 -0.000154548 -0.000536558 0.00298454 -0.00017356 2.30612e-05 -0.00114794 0.000648541 -8.90599e-05 -0.00290748 0.00054887 0.000282778 1.90482e-05 0 -0.00115005
internal_weight=545 533 520 470 50 459 447 150 297 135 23 112 286 274 39 24
internal_count=545 533 520 470 50 459 447 150 297 135 23 112 286 274 39 24
is_linear=0
shrinkage=0.0529975


Tree=146
num_leaves=15
num_cat=0
split_feature=29 13 29 29 8 9 29 8 39 25 26 3 19 30
split_gain=0.68701 0.431492 0.528979 0.383008 0.668555 0.251421 0.183557 0.196284 0.368424 0.126004 0.0669532 0.0477386 0.04711 0.0487296
threshold=1.3382556559007897 1.009141835424715 0.91470921892100709 0.74954040166073665 -0.86097211864665513 -0.97405348019545046 -1.1125084092197188 1.0250222033349827 -0.71361890106462766 -1.2991129645190382 -1.3783615560015323 0.19015691209499869 -0.85535387021005227 1.007757035394693
decision_type=2 2 2 2 2 2 2 2 2 2 2 2 2 2
left_child=1 3 5 6 -5 -3 -1 9 -9 -8 -11 -7 -12 -14
right_child=-2 2 -4 4 -6 11 7 8 -10 10 12 -13 13 -15
leaf_value=0.0054837223039542506 -0.0095528665372996788 0.0062550601250623734 0.01246072727829904 0.0024332793219704416 -0.012676604133559892 -0.0035770699087767765 0.0046701712756822599 -0.009064015614807094 0.00076666476218948982 -0.0030621582400959134 -0.0023804623206019407 0 0.00013017634508857417 0.0027413481891730915
leaf_weight=10.999999999999998 14.999999999999998 10.999999999999998 10.999999999999998 11.000000000000002 11.999999999999998 11.000000000000002 10.999999999999998 12.999999999999998 20 12.999999999999998 12.999999999999998 19 358 15.999999999999998
leaf_count=11 15 11 11 11 12 11 11 13 20 13 13 19 358 16
internal_value=-0.000142407 0.000214788 0.00454015 -0.000291743 -0.00620048 0.000947739 6.85568e-05 -0.000121366 -0.00372518 0.000200648 0 -0.00152206 0.000158941 0.000301761
internal_weight=545 530 52 478 23 41 455 444 33 411 400 30 387 374
internal_count=545 530 52 478 23 41 455 444 33 411 400 30 387 374
is_linear=0
shrinkage=0.0529975


Tree=147
num_leaves=29
num_cat=0
split_feature=45 30 30 29 29 47 47 13 39 8 30 12 29 13 37 30 3 3 33 37 9 12 47 30 6 39 27 12
split_gain=0.685084 0.466235 0.193675 0.783278 0.240995 0.726119 0.206821 0.414027 0.231124 0.191087 0.134008 0.11419 0.0852453 0.0869948 0.0651134 0.0624768 0.0442452 0.0423538 0.0627499 0.0580651 0.0285275 0.0274556 0.0366912 0.0219202 0.00906572 0.00472358 0.00142202 0.000574286
threshold=1.7894974863008961 -1.6045160372440099 0.34485729356418537 0.55429414669926913 0.7731741465887918 0.59100304412747862 1.0000000180025095e-35 1.0000000180025095e-35 -0.62158061868772108 0.72142320383420455 0.57768355033597929 0.44588029440681037 -0.060961219973233179 1.0780983395245405 -0.81674439241534058 1.007757035394693 1.1648317188281332 -0.26775634616264371 -0.83343960298167408 1.9218196356680928 0.64923983991860779 -0.98632518450781059 0.59100304412747862 0.69640676084656972 0.20528273472306618 -0.50953401405496501 -0.35484512456613954 -0.71506127834847388
decision_type=2 2 2 2 2 2 2 2 2 2 2 2 2 2 2 2 2 2 2 2 2 2 2 2 2 2 2 2
left_child=1 -1 4 6 12 -6 7 9 10 11 -8 15 14 20 -3 -4 17 19 -19 -16 21 25 -23 26 -12 -14 -10 -22
right_child=-2 2 3 -5 5 -7 8 -9 23 -11 24 -13 13 -15 16 -17 -18 18 -20 -21 27 22 -24 -25 -26 -27 -28 -29
leaf_value=0.0083525774975556806 -0.010313466680488225 0.0039858413705968357 -0.001147565054604648 -0.010646041474223367 0.011216255558692882 -0.0033001421104690656 0 -0.0094056047799936909 0.00048652594049423124 0.0048417102170661402 0.0080105221901684166 -0.0046783580335184915 -0.0017731536220256263 -0.0038317903971889448 4.6638184052554769e-05 0.0026262669330942828 0.0031214317842482584 -0.0031807435202675176 0.00011665272348055714 0.0036922416234697148 -0.00017647966663059984 -0.0001945282582400092 0.0017911092628383727 -0.0019701205844290604 0.0023338956142106011 0 -1.629888689917065e-05 -0.0021267159975436947
leaf_weight=12.999999999999998 11.999999999999998 12.999999999999998 33 17 15.000000000000002 12.999999999999998 11.999999999999998 10.999999999999998 11.000000000000002 10.999999999999998 12.000000000000002 14.999999999999998 11.000000000000002 15.999999999999998 47 11.999999999999998 10.999999999999998 13.999999999999998 66 12.999999999999998 11.000000000000002 49 38 19 12.999999999999998 12.999999999999998 11.999999999999998 11.999999999999998
leaf_count=13 12 13 33 17 15 13 12 11 11 11 12 15 11 16 47 12 11 14 66 13 11 49 38 19 13 13 12 12
internal_value=-0.000135365 0.000193016 -9.05885e-05 -0.0014917 0.000631714 0.00487774 -0.000135709 -0.00196924 0.00168994 -8.36392e-05 0.00446301 -0.00145033 0.000146952 -0.000725152 0.000983138 0 0.000537774 0.000167064 -0.000560724 0.00120606 -0.000156081 0.000166005 0.000657223 -0.000859857 0.00630657 -0.00115723 3.41842e-05 -0.00166426
internal_weight=545 533 520 178 342 28 161 82 79 71 37 60 314 150 164 45 151 140 80 60 134 111 87 42 25 24 23 23
internal_count=545 533 520 178 342 28 161 82 79 71 37 60 314 150 164 45 151 140 80 60 134 111 87 42 25 24 23 23
is_linear=0
shrinkage=0.0529975


Tree=148
num_leaves=13
num_cat=0
split_feature=39 38 29 29 19 6 29 29 5 39 30 29
split_gain=0.678425 0.611943 0.433566 0.176297 0.158831 0.8728 0.0794039 0.0721887 0.0811419 0.0470194 0.102722 0.0441886
threshold=-1.1558530955085182 -0.85777646155359866 0.99250610888350865 -1.1125084092197188 -0.77729306540003507 0.60253933251252334 0.7731741465887918 0.51570612243515501 0.64997638135509994 -0.71361890106462766 0.57768355033597929 0.24627008227285696
decision_type=2 2 2 2 2 2 2 2 2 2 2 2
left_child=-1 -2 3 -3 5 -5 7 9 -9 10 -6 -11
right_child=1 2 -4 4 6 -7 -8 8 -10 11 -12 -13
leaf_value=-0.010258960058227226 0.0088600570154392707 0.005427847443520502 -0.0082461092866524827 -0.010441283371821809 0.00026885334393405815 0.003768700004912153 0.00358379094503767 -0.0037422204709288221 0.00036294851118030114 0.00015770783318451104 0.0045311257791894937 -0.002205059717252628
leaf_weight=11.999999999999998 15.999999999999998 10.999999999999998 11.999999999999998 17 76 20 12.999999999999998 22 19 293 15.999999999999998 18
leaf_count=12 16 11 12 17 76 20 13 22 19 293 16 18
internal_value=-0.00013021 0.000196466 -0.000156808 0.000116254 -5.17281e-05 -0.0031434 0.000220965 6.05391e-05 -0.00188763 0.000300586 0.00131329 0
internal_weight=545 533 517 505 494 37 457 444 41 403 92 311
internal_count=545 533 517 505 494 37 457 444 41 403 92 311
is_linear=0
shrinkage=0.0529975


Tree=149
num_leaves=22
num_cat=0
split_feature=45 30 19 29 29 19 43 29 8 36 39 19 44 29 25 13 25 39 26 39 10
split_gain=0.643495 0.414765 0.182805 1.07736 0.224596 0.500113 0.497812 0.216104 0.845514 0.0734506 0.0619149 0.103047 0.0784702 0.0661595 0.0579631 0.048431 0.04769 0.0580733 0.0308098 0.0173359 0.0101763
threshold=1.7894974863008961 -1.6045160372440099 -0.3357664568293684 0.41037723249571229 -0.5832868142001647 -0.94590896873541463 1.0000000180025095e-35 0.7731741465887918 -1.0006631898332965 -1.2895489334230941 -0.46195446332225859 -0.58317633917525924 -0.27848972336365163 -0.17292469673266564 -0.94602032792381785 -0.054758513544016361 -0.80856147868421624 1.8807771613815669 -0.25898519317648783 -0.63927416386584646 0.8649158441504271
decision_type=2 2 2 2 2 2 2 2 2 2 2 2 2 2 2 2 2 2 2 2 2
left_child=1 -1 3 4 6 -6 -3 9 -9 -4 11 12 -7 -13 20 18 -16 19 -8 -18 -11
right_child=-2 2 7 -5 5 10 15 8 -10 14 -12 13 -14 -15 16 -17 17 -19 -20 -21 -22
leaf_value=0.0078883225613289656 -0.0099900136456020916 0.0098541459515036935 -0.0025580359359173967 -0.014179818477844656 -0.0099384250342881026 0.0051066270613311414 -0.0032504836362950177 -0.0038261254848419657 0.011022841750716703 0.0035511915833108354 -0.0023174978688702812 0.00098123011436322509 0 -0.0027941548630800264 -0.0020823342203246673 0.001299276739883564 0.00075009999947215776 0.0032456133793807899 0 -0.00017420946637412176 0.00037416648284176082
leaf_weight=12.999999999999998 11.999999999999998 11.999999999999998 20 10.999999999999998 10.999999999999998 14.000000000000002 12 14.999999999999998 17 12.000000000000002 18 18.999999999999996 14.999999999999998 19.000000000000004 19 18 74 11.999999999999998 15 175 11.999999999999998
leaf_count=13 12 12 20 11 11 14 12 15 17 12 18 19 15 19 19 18 74 12 15 175 12
internal_value=-0.000125197 0.000192611 -7.42374e-05 -0.00151862 -6.39552e-05 -0.00163928 0.00238185 0.000585989 0.00437321 0.000118108 0 0.000785354 0.002933 -0.000871252 0.000362777 -0.000398199 9.73714e-05 0.00032541 -0.00177199 8.42732e-05 0.00258788
internal_weight=545 533 520 164 153 96 57 356 32 324 85 67 29 38 304 45 280 261 27 249 24
internal_count=545 533 520 164 153 96 57 356 32 324 85 67 29 38 304 45 280 261 27 249 24
is_linear=0
shrinkage=0.0529975


Tree=150
num_leaves=18
num_cat=0
split_feature=29 13 19 29 29 8 12 7 19 30 3 10 39 13 2 39 29
split_gain=0.663785 0.405954 0.455944 0.363245 0.181246 0.190102 0.339842 0.153981 0.211559 0.191716 0.138753 0.086079 0.0802465 0.0572608 0.0493816 0.048895 0.0291066
threshold=1.3382556559007897 1.009141835424715 0.56461929902412689 0.88678181099218489 -1.1125084092197188 1.0250222033349827 0.95127183809463067 -0.28687391215209518 -0.7281052018580183 0.90938718312148792 0.090850422352377599 0.70302013324095325 -0.71361890106462766 0.69391210239694279 -0.9436971355296101 1.8368162572147246 -0.36400999389897842
decision_type=2 2 2 2 2 2 2 2 2 2 2 2 2 2 2 2 2
left_child=1 3 10 4 -1 7 -7 9 -9 14 -3 -12 13 -10 -6 -14 -16
right_child=-2 2 -4 -5 5 6 -8 8 12 -11 11 -13 15 -15 16 -17 -18
leaf_value=0.0054031899601060364 -0.0093727910001329719 -0.0026836724534132776 0.01179426094670096 -0.0074467464352959561 -0.0028062979265827976 -0.0075692321640074139 0.0016933774579459819 0.0058354400105395301 0.0026903530783484913 -0.0066740305077854101 0.0053965223934056153 0 -0.00036672938695197447 -0.0005469712090770244 0.0012075792270895068 0.0023019143029921721 -0.0006224483745591175
leaf_weight=10.999999999999998 14.999999999999998 11.999999999999998 10.999999999999998 12.999999999999998 14.999999999999998 19 14.999999999999998 15.999999999999998 52 10.999999999999998 13.000000000000002 15.999999999999998 203 13.999999999999998 32 14.999999999999998 62
leaf_count=11 15 12 11 13 15 19 15 16 52 11 13 16 203 14 32 15 62
internal_value=-0.000121896 0.000228819 0.0044238 -0.000262262 1.60149e-05 -0.00016806 -0.00366693 0.000146415 0.000801117 -0.00139513 0.00104519 0.00298319 0.00037861 0.00191827 -0.00048143 -9.52182e-05 0
internal_weight=545 530 52 478 465 454 34 420 300 120 41 29 284 66 109 218 94
internal_count=545 530 52 478 465 454 34 420 300 120 41 29 284 66 109 218 94
is_linear=0
shrinkage=0.0529975


Tree=151
num_leaves=19
num_cat=0
split_feature=39 19 39 29 29 19 19 29 31 18 29 6 19 10 19 29 13 13
split_gain=0.650025 0.54426 0.631907 0.3847 0.166932 0.397458 0.377572 0.0777253 0.137848 0.0469725 0.0341645 0.0326778 0.0299061 0.0761512 0.0709648 0.0677709 0.0261963 0.0180213
threshold=-1.1558530955085182 0.85158199478838448 -0.22504222024845988 0.99250610888350865 -0.77812266363463123 -0.95772725582126561 -1.0429653928487965 0.51570612243515501 -0.031273162286867988 -0.6627771275658324 -0.82733476449728782 0.50353014485828651 -0.58317633917525924 0.9390356124716327 -0.50832564867298069 -0.30060901107959576 -0.38969010488602435 0.33927865274069896
decision_type=2 2 2 2 2 2 2 2 2 2 2 2 2 2 2 2 2 2
left_child=-1 3 -3 4 5 -2 -6 12 -9 17 11 -7 13 15 -14 -8 -16 -10
right_child=1 2 -4 -5 6 10 7 8 9 -11 -12 -13 14 -15 16 -17 -18 -19
leaf_value=-0.010031397547341147 0.0095761426904256985 0.013911505653180941 -0.0010325168769797664 -0.0077995844055931424 -0.0080071157448475191 0.00017145189652431148 7.9016012416141375e-05 -0.0054665740435424848 0 0.001880249166595672 0.0018623658788090025 -0.0027074522649174477 -0.002785293894786693 -0.00086590081064604645 -0.00033757215283578576 0.005025591309377065 0.0006473723178062826 -0.0024829773809288791
leaf_weight=11.999999999999998 10.999999999999998 11.000000000000002 11.999999999999998 11.999999999999998 10.999999999999998 19 18 12.999999999999998 10.999999999999998 16.000000000000004 12.000000000000002 10.999999999999998 15.999999999999998 18 100 13.999999999999998 217 10.999999999999998
leaf_count=12 11 11 12 12 11 19 18 13 11 16 12 11 16 18 100 14 217 11
internal_value=-0.000116273 0.000203116 0.0072726 -0.000182978 7.73096e-05 0.00273795 -0.000256279 3.07427e-05 -0.00177957 0 0 -0.00096528 0.000313475 0.00145744 9.83624e-05 0.00287855 0.000314541 -0.00139099
internal_weight=545 533 23 510 498 53 445 434 51 38 42 30 383 50 333 32 317 22
internal_count=545 533 23 510 498 53 445 434 51 38 42 30 383 50 333 32 317 22
is_linear=0
shrinkage=0.0529975


Tree=152
num_leaves=12
num_cat=0
split_feature=45 30 30 30 30 7 35 39 38 38 6
split_gain=0.626563 0.388999 0.16803 0.171791 0.190201 0.257249 0.142293 0.463754 0.114982 0.0899888 0.0682078
threshold=1.7894974863008961 -1.6045160372440099 1.2529128884377021 1.0684567549518114 0.81566411525288152 -0.3099230353774472 1.8196664449598725 -1.0783225139200134 -0.75348243586137342 -0.42152753544637073 0.25998191677495136
decision_type=2 2 2 2 2 2 2 2 2 2 2
left_child=1 -1 3 4 6 -6 7 -3 -9 -10 -7
right_child=-2 2 -4 -5 5 10 -8 8 9 -11 -12
leaf_value=0.0076504226970324149 -0.0098499229525694457 0.0081747653481152333 -0.0046034600999389219 0.0053654392553801394 -0.0085001525995458266 0.002181531453419512 -0.003610136807957005 -0.0041666273357209961 0.0029305254334524617 2.5346523363365359e-05 -0.0023710341439497759
leaf_weight=12.999999999999998 11.999999999999998 14.999999999999998 15.999999999999998 10.999999999999998 10.999999999999998 13.000000000000002 19 10.999999999999998 27 385 11.999999999999998
leaf_count=13 12 15 16 11 11 13 19 11 27 385 12
internal_value=-0.000115292 0.000198059 -6.00629e-05 0.000122907 -4.31395e-05 -0.00346937 0.000253112 0.00048292 8.34261e-05 0.000271753 0
internal_weight=545 533 520 504 493 36 457 438 423 412 25
internal_count=545 533 520 504 493 36 457 438 423 412 25
is_linear=0
shrinkage=0.0529975


Tree=153
num_leaves=19
num_cat=0
split_feature=29 39 29 19 29 19 29 7 12 39 29 13 30 9 45 53 9 1
split_gain=0.631668 0.310969 0.613017 0.490931 0.153858 0.139169 0.595255 0.250808 0.152683 0.0484322 0.0947362 0.0956911 0.0870094 0.0687235 0.0520928 0.0474775 0.0389327 0.0304927
threshold=1.4142917490010982 -1.0449328170218728 0.96361458521015575 0.16664694950672165 -1.1125084092197188 -0.71234336683649502 -0.10741717961323992 -0.25942146564547869 0.77690392152255128 -0.69848839585506151 0.24627008227285696 1.0583964812103044 -0.41432049956592126 -0.013613883497124732 0.086156745716413782 -0.36007183007885429 1.1550104415670115 0.33725197380951638
decision_type=2 2 2 2 2 2 2 2 2 2 2 2 2 2 2 2 2 2
left_child=1 3 4 -1 -3 6 7 8 -6 12 11 15 -7 17 -12 -11 -15 -14
right_child=-2 2 -4 -5 5 9 -8 -9 -10 10 14 -13 13 16 -16 -17 -18 -19
leaf_value=-0.0011101642170088068 -0.0098867491655523498 0.0051951564246158766 -0.0097166296134667558 0.011492453292789275 -0.0056330792612100944 0.0048735767140064426 -0.010431460147012531 0.0052393113532548342 0.0013502526768455511 0.00096498446126712704 -0.0045851910202702705 0.0038861269917960968 -0.0019885229694606844 0.0024449790812225338 -2.6786082781865764e-05 -0.00044405344828889003 -6.3757403489841697e-05 0.00040293098487062133
leaf_weight=14.000000000000002 11.999999999999998 10.999999999999998 11.999999999999998 10.999999999999998 11.000000000000002 10.999999999999998 11.999999999999998 15.999999999999998 11.999999999999998 100 12.000000000000002 13.999999999999998 24 45 17 174 18 19
leaf_count=14 12 11 12 11 11 11 12 16 12 100 12 14 24 45 17 174 18 19
internal_value=-0.000112417 0.000202228 -9.75916e-05 0.00536018 0.0002345 4.56916e-05 -0.00240262 0.000973491 -0.00222296 0.000378093 9.17404e-06 0.000340363 0.00127168 0.000594607 -0.00257505 5.49014e-05 0.00168372 -0.00086929
internal_weight=545 533 508 25 496 485 51 39 23 434 317 288 117 106 29 274 63 43
internal_count=545 533 508 25 496 485 51 39 23 434 317 288 117 106 29 274 63 43
is_linear=0
shrinkage=0.0529975


Tree=154
num_leaves=20
num_cat=0
split_feature=39 30 29 30 19 6 29 6 29 26 30 9 9 29 12 6 37 2 39
split_gain=0.637436 0.51034 0.18132 0.458176 0.370975 0.142936 0.247615 0.52923 0.14809 0.135726 0.05287 0.0474529 0.037592 0.0326321 0.0315219 0.0307393 0.0189449 0.0187676 0.00809968
threshold=-1.1558530955085182 -1.4739652562250283 -0.77812266363463123 1.2529128884377021 -0.95772725582126561 -0.72093697764263742 0.63976665760306584 -0.1339160942167725 0.78170629896345034 -1.6597939457327306 1.007757035394693 -0.95319596059267508 0.8357810543007641 -0.82733476449728782 -0.98632518450781059 0.50353014485828651 -0.40155627789733084 0.20065472361662803 -0.50953401405496501
decision_type=2 2 2 2 2 2 2 2 2 2 2 2 2 2 2 2 2 2 2
left_child=-1 -2 4 5 -3 8 9 -8 12 -7 11 -11 14 15 18 -6 -14 -16 -4
right_child=1 2 3 -5 13 6 7 -9 -10 10 -12 -13 16 -15 17 -17 -18 -19 -20
leaf_value=-0.0099299948147801402 0.0087414831079845635 0.0092687508211137144 -0.0017514935267754076 -0.0089992002181296694 0.00016395773109110563 -0.0038707914644649831 -0.010940712591811137 0.0016947282236950303 0.0060624864670889454 0.0013661672333181707 0.0027498038261487071 -0.00039645101956637974 0.0031243443060229481 0.0018340349192067687 0 -0.0026213145218117466 0.0002095035931095891 0.0020930317255466674 -7.8760832302660573e-05
leaf_weight=11.999999999999998 12.999999999999998 10.999999999999998 15.999999999999998 10.999999999999998 19 20 13.000000000000002 13.999999999999998 10.999999999999998 46 13.999999999999998 230 13.999999999999998 12.000000000000002 13.000000000000002 10.999999999999998 19 15.999999999999998 30
leaf_count=12 13 11 16 11 19 20 13 14 11 46 14 230 14 12 13 11 19 16 30
internal_value=-0.000111094 0.000205024 -9.23296e-05 -0.00044952 0.00266239 -0.000114032 -0.000685508 -0.00505998 0.00140372 -0.000193613 0.000109667 -5.51091e-05 0.000574005 0 -2.81251e-05 -0.000929813 0.00191549 0.00111679 -0.000929801
internal_weight=545 533 520 467 53 456 337 27 119 310 290 276 108 42 75 30 33 29 46
internal_count=545 533 520 467 53 456 337 27 119 310 290 276 108 42 75 30 33 29 46
is_linear=0
shrinkage=0.0529975


Tree=155
num_leaves=20
num_cat=0
split_feature=45 25 30 44 8 29 39 19 45 29 6 8 5 9 37 3 29 13 9
split_gain=0.608284 0.374813 0.513519 0.4714 0.600976 0.37417 0.444986 0.340806 0.110267 0.194995 0.258067 0.0867491 0.0759234 0.066276 0.0595917 0.0088947 0.00797644 0.00780376 0.0025249
threshold=1.7894974863008961 -1.1764033572252413 1.2529128884377021 1.0000000180025095e-35 0.97390045284613536 1.2691251708631672 -1.0783225139200134 -0.18832185409516231 -0.70873559988967771 0.63976665760306584 -0.1339160942167725 1.0554987731082663 0.50680426770890763 -0.25153394435734083 -0.81674439241534058 -0.3155705819646461 0.24207146523303721 1.0000000180025095e-35 0.55439832253344135
decision_type=2 2 2 2 2 2 2 2 2 2 2 2 2 2 2 2 2 2 2
left_child=1 3 5 7 -5 6 -3 -1 13 11 -11 12 -10 16 15 -15 17 -8 -16
right_child=-2 2 -4 4 -6 -7 8 -9 9 10 -12 -13 -14 14 18 -17 -18 -19 -20
leaf_value=-0.0039436349130810471 -0.0096960711903471518 0.0082914608955008007 -0.0088371709303794645 0 0.015427646771408782 -0.00743784446967695 -0.00020509834568822557 0.0049427052866406274 -0.00094209951919086517 -0.0078205069479037759 0.00084621423623347709 0.0033070838701847369 0.00087059923416313496 0.00067157153239041131 -0.00039937523692356106 0.0036688501858744694 -0.0011034903681368358 0.0011021619369662751 0.00048885852102730604
leaf_weight=21 11.999999999999998 12.999999999999998 12.999999999999998 11.000000000000002 10.999999999999998 11.999999999999998 23 15.999999999999998 180 16.000000000000004 12.999999999999998 13.999999999999998 91 12.999999999999998 13.000000000000002 38 11.999999999999998 11.999999999999998 10.999999999999998
leaf_count=21 12 13 13 11 11 12 23 16 180 16 13 14 91 13 13 38 12 12 11
internal_value=-0.000103927 0.00020454 -0.000295684 0.00398727 0.0091762 4.06054e-05 0.000351215 0 0 -0.000520728 -0.00425653 -3.67119e-05 -0.000302522 0.00131976 0.00224554 0.00317842 -0.000112668 0.000168385 0
internal_weight=545 533 474 59 22 461 449 37 436 314 29 285 271 122 75 51 47 35 24
internal_count=545 533 474 59 22 461 449 37 436 314 29 285 271 122 75 51 47 35 24
is_linear=0
shrinkage=0.0529975


Tree=156
num_leaves=17
num_cat=0
split_feature=39 19 39 29 29 19 19 3 30 30 3 19 29 6 34 3
split_gain=0.617216 0.470943 0.596486 0.278908 0.147568 0.347248 0.316844 0.0648041 0.089842 0.0844088 0.0401563 0.0418454 0.0292571 0.0293392 0.0231656 0.0117143
threshold=-1.1464725685440789 0.85158199478838448 -0.22504222024845988 0.99250610888350865 -0.77812266363463123 -0.95772725582126561 -1.0429653928487965 -0.95922375622237632 0.34485729356418537 1.007757035394693 -0.48659842541027187 -0.63124966229775092 -0.82733476449728782 0.50353014485828651 0.38480516850028612 -1.314152506598782
decision_type=2 2 2 2 2 2 2 2 2 2 2 2 2 2 2 2
left_child=-1 3 -3 4 5 -2 -6 8 15 10 14 -12 13 -7 -9 -8
right_child=1 2 -4 -5 6 12 7 9 -10 -11 11 -13 -14 -15 -16 -17
leaf_value=-0.0082451433230838565 0.0090136529379560362 0.013306820791347764 -0.0011523918544958038 -0.0067740822658553714 -0.0072941527374153345 0.00021016795794334038 0.00070435451051633789 0.001924978438816212 -0.0044293505197113151 0.0038006359012899798 -0.0021460979224368205 6.0751746834109043e-05 0.0017718049619794836 -0.0025088559620209884 0 -0.00088344326690511393
leaf_weight=19 10.999999999999998 11.000000000000002 11.999999999999998 10.999999999999998 10.999999999999998 19 20.999999999999996 43 13.999999999999998 12.999999999999998 20 279 12.000000000000002 10.999999999999998 19 19.000000000000004
leaf_count=19 11 11 12 11 11 19 21 43 14 13 20 279 12 11 19 19
internal_value=-9.80293e-05 0.000272747 0.00684376 -9.10801e-05 0.000124079 0.0026219 -0.000193051 7.16203e-05 -0.00152741 0.000341336 0.000137668 -0.000103254 0 -0.000844624 0.0013089 0
internal_weight=545 526 23 503 492 53 439 428 54 374 361 299 42 30 62 40
internal_count=545 526 23 503 492 53 439 428 54 374 361 299 42 30 62 40
is_linear=0
shrinkage=0.0529975


Tree=157
num_leaves=17
num_cat=0
split_feature=29 39 29 19 29 28 35 32 8 38 29 7 45 26 30 30
split_gain=0.592858 0.302179 0.538086 0.478098 0.148905 0.535509 0.242056 0.10861 0.343597 0.107378 0.106412 0.0805883 0.085458 0.0534649 0.0499734 0.0405504
threshold=1.4142917490010982 -1.0449328170218728 0.96361458521015575 0.16664694950672165 -0.054945875154369203 -0.68233214201494385 -1.2356161011941302 -1.2298185094944465 1.1846244970882689 -0.75348243586137342 0.69848664362485546 0.39453799534628864 -0.59517955051737881 0.83675699829851558 0.57768355033597929 -0.17828588221193531
decision_type=2 2 2 2 2 2 2 2 2 2 2 2 2 2 2 2
left_child=1 3 4 -1 6 -6 -3 -8 11 -7 14 12 -9 -13 15 -11
right_child=-2 2 -4 -5 5 9 7 8 -10 10 -12 13 -14 -15 -16 -17
leaf_value=-0.0010879368275486159 -0.0095644275500730031 0.0057983821155719205 -0.0090982446317061233 0.011345977165870273 -0.0098734027579892684 -0.0040726990537594144 -0.0034643174129240385 0.0012715851271651755 0.0074459061752829006 0.00046236059117747176 0.0038875479637077008 0.0028753272389463961 -0.0011595073024478961 0 0.0022883343032184403 -0.0012056947537962604
leaf_weight=14.000000000000002 11.999999999999998 21 11.999999999999998 10.999999999999998 10.999999999999998 10.999999999999998 11.999999999999998 51 13.999999999999998 63 14.999999999999998 37 126 36 14.999999999999998 84
leaf_count=14 12 21 12 11 11 11 12 51 14 63 15 37 126 36 15 84
internal_value=-9.41965e-05 0.000210092 -8.53663e-05 0.00529421 0.000224848 -0.000863355 0.000979689 0.00047278 0.000750574 -1.12764e-05 0.000328143 0.000182722 -0.000402141 0.00161211 -8.68523e-05 -0.000455059
internal_weight=545 533 508 25 496 199 297 276 264 188 177 250 177 73 162 147
internal_count=545 533 508 25 496 199 297 276 264 188 177 250 177 73 162 147
is_linear=0
shrinkage=0.0529975


Tree=158
num_leaves=18
num_cat=0
split_feature=39 19 39 29 53 34 29 1 19 1 30 12 39 13 30 53 10
split_gain=0.588221 0.467273 0.554542 0.286166 0.580743 0.127643 0.121211 0.318681 0.305493 0.0447932 0.0326898 0.0346299 0.0665781 0.0559486 0.0795394 0.0752881 0.0208768
threshold=-1.1558530955085182 0.85158199478838448 -0.22504222024845988 0.60923513714294653 1.0000000180025095e-35 1.2938115221619257 -0.8007581298917843 -0.93908059000433697 -1.0429653928487965 -0.046290760559894624 1.007757035394693 -0.56649063926266952 -0.64566921704707625 -0.0055038677584269549 0.34485729356418537 1.0593795073025254 -1.1507549063072637
decision_type=2 2 2 2 2 2 2 2 2 2 2 2 2 2 2 2 2
left_child=-1 3 -3 6 5 -5 7 -2 -8 -9 11 12 -10 14 -13 -15 -14
right_child=1 2 -4 4 -6 -7 8 9 10 -11 -12 13 16 15 -16 -17 -18
leaf_value=-0.0095238716680749232 0.0086407353267564883 0.012986077242965098 -0.00098064082468943986 0.0032846323318548843 -0.010711470645993549 -0.0022737979589527169 -0.0070039914826710474 -0.001707886913725907 0.0032151870881063269 0.0014379134882289415 0.0021611631429859098 -3.3487419547929614e-05 -0.00068651101621958123 -0.00016554326917833688 -0.003090111862517707 0.0023625921399466391 0.00089301901415487551
leaf_weight=11.999999999999998 10.999999999999998 11.000000000000002 11.999999999999998 15.999999999999998 14.999999999999998 18 10.999999999999998 18 21 21 18 78 38 135 32 36 42
leaf_count=12 11 11 12 16 15 18 11 18 21 21 18 78 38 135 32 36 42
internal_value=-9.05685e-05 0.000212447 0.00676235 -0.000144558 -0.0037678 0.000267586 0.000269037 0.00258404 -2.89522e-05 0 0.000246271 0.000106033 0.000929528 -0.000178857 -0.00109668 0.000389244 6.59682e-05
internal_weight=545 533 23 510 49 34 461 50 411 39 400 382 101 281 110 171 80
internal_count=545 533 23 510 49 34 461 50 411 39 400 382 101 281 110 171 80
is_linear=0
shrinkage=0.0529975


Tree=159
num_leaves=15
num_cat=0
split_feature=19 38 29 44 19 39 0 19 29 6 34 13 13 37
split_gain=0.560434 0.41877 0.191933 0.175205 0.451055 0.170695 0.117227 0.102107 0.0626998 0.0472744 0.059917 0.0517904 0.0421029 0.0192209
threshold=1.0782546332626139 -0.68690109666846921 0.99250610888350865 1.1974606743659131 -1.084056395528697 -0.69848839585506151 -0.47410771092439491 -0.92602225282107575 0.74954040166073665 0.48402615276326083 -0.51153556002726497 -0.054758513544016361 -0.665516121285325 0.022019475297808743
decision_type=2 2 2 2 2 2 2 2 2 2 2 2 2 2
left_child=1 -1 3 4 -3 6 -5 -6 9 10 -9 -11 -7 -14
right_child=-2 2 -4 5 7 12 -8 8 -10 11 -12 -13 13 -15
leaf_value=0.0084432353082076993 -0.0080184524287920875 -0.0086812059781240531 -0.0048575510691292014 0.0086851007397583373 0.0040260858840893265 0.0022740673176061452 0.00053808377422558432 0.0016971333813130011 -0.0030260257678656256 -0.0020719777806413862 0 0 -0.0015817775737440654 0.00045049483546934726
leaf_weight=10.999999999999998 18 10.999999999999998 15.999999999999998 11.000000000000002 11.999999999999998 18 10.999999999999998 77 12.999999999999998 43 178 91 17 18
leaf_count=11 18 11 16 11 12 18 11 77 13 43 178 91 17 18
internal_value=-8.71302e-05 0.000257827 0 0.000199142 -0.000213424 0.00246597 0.00584881 0.000115666 -4.13997e-05 8.50844e-05 0.000520688 -0.000680768 0.000491632 -0.000453218
internal_weight=545 527 516 500 425 75 22 414 402 389 255 134 53 35
internal_count=545 527 516 500 425 75 22 414 402 389 255 134 53 35
is_linear=0
shrinkage=0.0529975


Tree=160
num_leaves=24
num_cat=0
split_feature=45 30 38 29 29 8 35 52 14 8 5 13 19 19 38 31 12 31 13 7 12 5 10
split_gain=0.579989 0.3741 0.142072 0.675898 0.308214 0.416985 0.148284 0.134562 0.302623 0.27047 0.256622 0.0857786 0.0847747 0.0695539 0.0597489 0.0506862 0.0557548 0.0552082 0.0503771 0.0461347 0.0393909 0.0251058 0.00142647
threshold=1.7894974863008961 -1.6045160372440099 0.1899764519439007 0.63976665760306584 0.88678181099218489 -0.9575740639998177 -1.2356161011941302 1.0000000180025095e-35 -0.91323895774421293 0.94391955827425378 -0.87164713458775489 -1.0792551458842758 -0.58317633917525924 -0.62555187198812046 -0.62108709288109554 0.94639197622347437 -0.98632518450781059 0.53546145317687588 -0.0055038677584269549 0.36975010353499743 -0.95269747152543105 -0.91979543431640332 -1.4387254281039261
decision_type=2 2 2 2 2 2 2 2 2 2 2 2 2 2 2 2 2 2 2 2 2 2 2
left_child=1 -1 4 6 14 -6 -4 8 9 -8 -9 13 -13 -10 -3 16 -16 21 19 -12 22 -18 -17
right_child=-2 2 3 -5 5 -7 7 10 11 -11 18 12 -14 -15 15 20 17 -19 -20 -21 -22 -23 -24
leaf_value=0.0075255445141702874 -0.0094497598291147945 -0.0025925066252513135 0.0043361632680265433 -0.0095105987039894226 -0.00084361114466376759 0.011468998682927597 0 0.0073003402532414788 -0.0050213242847263603 -0.0095895687610783233 -0.0031201600802845731 0.0021362600131740795 -0.00041831225163149949 0 -0.0012036578558639181 0 -0.00081559932640800346 0.0041558347763714148 0.0015588354087228851 0.00024736289452111473 -0.002856930960398781 0.0011795873139347649 0.00046298253637981342
leaf_weight=12.999999999999998 11.999999999999998 12.999999999999998 13.999999999999998 17 11.000000000000002 10.999999999999998 14.000000000000002 10.999999999999998 11.000000000000002 13.999999999999998 15.000000000000002 44 122 12.999999999999998 19 10.999999999999998 12.999999999999998 13.999999999999998 21 15.999999999999998 12.999999999999998 89 14.000000000000002
leaf_count=13 12 13 14 17 11 11 14 11 11 14 15 44 122 13 19 11 13 14 21 16 13 89 14
internal_value=-8.22724e-05 0.000218453 -3.4655e-05 -0.000757366 0.00100762 0.00620111 -5.03176e-05 -0.00037923 -0.00102188 -0.0056342 0.00163887 -0.000154959 0.000269065 -0.00278814 0.000182468 0.000509877 0.00101132 0.00147271 -6.92939e-05 -0.00143491 -0.00100786 0.000829458 9.49958e-05
internal_weight=545 533 520 312 208 22 295 281 218 28 63 190 166 24 186 173 135 116 52 31 38 102 25
internal_count=545 533 520 312 208 22 295 281 218 28 63 190 166 24 186 173 135 116 52 31 38 102 25
is_linear=0
shrinkage=0.0529975


Tree=161
num_leaves=23
num_cat=0
split_feature=29 13 19 29 3 44 19 19 10 31 29 8 8 19 37 8 6 45 29 37 14 37
split_gain=0.545933 0.276229 0.39684 0.374345 0.155686 0.143109 0.155993 0.118879 0.0827298 0.078148 0.136766 0.0626737 0.0526168 0.0416208 0.038881 0.0836789 0.0464869 0.0425811 0.0232804 0.0173653 0.0167567 0.00770858
threshold=1.4142917490010982 1.009141835424715 0.56461929902412689 0.96361458521015575 0.090850422352377599 1.1974606743659131 -1.0429653928487965 -0.71234336683649502 0.70302013324095325 -0.25672678536692412 0.30977886120655712 -0.57956101264722126 1.1846244970882689 0.01979566026298445 -0.78948456671466416 -0.71311381512148331 -0.39548389697389436 0.086156745716413782 -0.34583423269224073 1.6722873850234283 -0.069338355351461448 -0.087019827504899783
decision_type=2 2 2 2 2 2 2 2 2 2 2 2 2 2 2 2 2 2 2 2 2 2
left_child=1 3 4 5 -3 6 -1 -7 -6 10 12 -9 13 -8 15 16 -11 -17 -13 21 -20 -16
right_child=-2 2 -4 -5 8 7 9 11 -10 14 -12 18 -14 -15 19 17 -18 -19 20 -21 -22 -23
leaf_value=-0.0051634289387611689 -0.0091697440652362891 -0.0030137944967942639 0.010505344178381367 -0.0079284166483521695 0.0051685697573230138 0.0059977916849672623 -0.0016625003830069043 0.0028456675205978067 0 0.0010635923099550342 -0.0055167975035054538 0.00075297435177237968 0.0019437795177658728 0.00057101219470455833 -0.00099754118071138445 0.0030543615570688388 -0.001932822862479325 0 -0.0023712980138669497 0.0010519161949543163 0 -4.0669806429946502e-05
leaf_weight=11.999999999999998 11.999999999999998 13.999999999999998 10.999999999999998 10.999999999999998 13.000000000000002 11.999999999999998 63 21 15.999999999999998 20 11.999999999999998 20 14.999999999999998 26 35 47 24 15.999999999999998 12 22 11 100
leaf_count=12 12 14 11 11 13 12 63 21 16 20 12 20 15 26 35 47 24 16 12 22 11 100
internal_value=-8.1247e-05 0.000210152 0.00360703 -0.000198256 0.000630072 6.67021e-05 -0.00033443 0.00209403 0.00280374 -8.59958e-05 -0.00121251 0.000811181 -0.00037869 -0.000941631 0.000399053 0.00115476 -0.000466904 0.00233074 -0.000266518 -9.66683e-05 -0.0013663 -0.000370159
internal_weight=545 533 54 479 43 468 392 76 29 380 116 64 104 89 264 107 44 63 43 157 23 135
internal_count=545 533 54 479 43 468 392 76 29 380 116 64 104 89 264 107 44 63 43 157 23 135
is_linear=0
shrinkage=0.0529975


Tree=162
num_leaves=17
num_cat=0
split_feature=39 38 29 44 19 39 19 29 31 39 5 44 36 19 38 37
split_gain=0.557036 0.438602 0.24385 0.136971 0.382265 0.170679 0.0956127 0.0633303 0.13623 0.0506878 0.0668179 0.0496421 0.0470956 0.0469809 0.0326805 0.0123848
threshold=-1.1558530955085182 -0.85777646155359866 0.99250610888350865 1.1974606743659131 -1.084056395528697 -0.69848839585506151 -0.92602225282107575 0.28237332503594575 -0.031273162286867988 -0.63927416386584646 -0.62435688727511185 0.70547720845605821 0.72606150862121177 0.052765665871175878 -0.28992675498330472 0.022019475297808743
decision_type=2 2 2 2 2 2 2 2 2 2 2 2 2 2 2 2
left_child=-1 -2 3 4 -3 -5 -6 9 13 10 -8 -10 15 -9 -11 -7
right_child=1 2 -4 5 6 12 7 8 11 14 -12 -13 -14 -15 -16 -17
leaf_value=-0.0092593965807010459 0.0075487920128833961 -0.0080348626929568935 -0.0061522858333741687 0.0055872477097005354 0.0038493823346330129 -0.0015761109187255513 -0.00013522919447412344 -0.005960213570054349 0.0010346215545341522 0.0014160268407175838 0.0027950618287036649 -0.0020355544708036892 0.0021745969370816462 -0.00046041068172994373 -0.00035112341265923757 0
leaf_weight=11.999999999999998 15.999999999999998 10.999999999999998 11.999999999999998 21 11.999999999999998 17 34 13.000000000000002 43 27 38 14.999999999999998 18 10.999999999999998 226 19
leaf_count=12 16 11 12 21 12 17 34 13 43 27 38 15 18 11 226 19
internal_value=-7.88758e-05 0.000215569 -8.19713e-05 0.000119108 -0.000239772 0.00212834 5.89172e-05 -9.01964e-05 -0.00136459 0.000229138 0.00141775 1.51376e-05 0.000242808 -0.00426827 -0.000107148 -0.000729354
internal_weight=545 533 517 505 430 75 419 407 82 325 72 58 54 24 253 36
internal_count=545 533 517 505 430 75 419 407 82 325 72 58 54 24 253 36
is_linear=0
shrinkage=0.0529975


Tree=163
num_leaves=19
num_cat=0
split_feature=19 38 25 39 29 19 26 30 0 7 30 10 26 47 1 45 29 29
split_gain=0.536128 0.376303 0.157081 0.216305 0.181565 0.776416 0.4114 0.260329 0.241362 0.172189 0.0630926 0.127636 0.0461646 0.0422791 0.0360979 0.0305549 0.0170567 0.0120768
threshold=1.0782546332626139 -0.68690109666846921 1.9371621489107038 -1.1464725685440789 0.031036353483505329 -0.3357664568293684 -0.13697551976899464 1.0684567549518114 -0.51124592859820361 1.5744293204194071 0.81566411525288152 0.3867303336504192 -1.621090904150696 0.86972378749100565 1.4886256438455814 -0.25451140240048259 0.29136380271561407 -0.49493806836938409
decision_type=2 2 2 2 2 2 2 2 2 2 2 2 2 2 2 2 2 2
left_child=1 -1 3 -3 7 6 -6 10 -9 13 12 -12 17 15 -14 -7 -15 -5
right_child=-2 2 -4 4 5 9 -8 8 -10 -11 11 -13 14 16 -16 -17 -18 -19
leaf_value=0.0080157806766077543 -0.0078381809537842618 0.005877097455947701 -0.0050111223841307079 0.00020865543572529528 -0.0017517195688106866 3.0422999253392156e-05 -0.014135363489365171 0.0095717427556438577 0.00014209731049810758 0.0048148394553898842 0.0012812927815829258 -0.0046733076645050437 0 0 0.002462711389293827 -0.0016871650235795871 0.0022296542098553039 0.003502629209530437
leaf_weight=10.999999999999998 18 11.999999999999998 10.999999999999998 11.000000000000002 19.000000000000004 42 11.999999999999998 11.000000000000002 17 14.999999999999998 13.000000000000002 14.999999999999998 236 12.000000000000002 11.999999999999998 53 13.999999999999998 10.999999999999998
leaf_count=11 18 12 11 11 19 42 12 11 17 15 13 15 236 12 12 53 14 11
internal_value=-8.03409e-05 0.00025673 0 0.000167844 -2.60812e-05 -0.00143111 -0.00824829 0.00068548 0.00508694 0.000356321 0.000156761 -0.00196486 0.000439997 -0.000342634 0.000174765 -0.000901931 0.0012687 0.00250258
internal_weight=545 527 516 505 493 167 31 326 28 136 298 28 270 121 248 95 26 22
internal_count=545 527 516 505 493 167 31 326 28 136 298 28 270 121 248 95 26 22
is_linear=0
shrinkage=0.0529975


Tree=164
num_leaves=27
num_cat=0
split_feature=45 30 30 29 29 47 1 47 35 2 29 25 30 37 30 30 39 23 23 5 37 29 9 39 5 6
split_gain=0.540176 0.375642 0.123851 0.606244 0.267408 0.515129 0.161271 0.232766 0.133812 0.245733 0.0708544 0.0721188 0.0578462 0.0668431 0.0626993 0.0548192 0.0851844 0.0511547 0.0412681 0.0335358 0.0312566 0.0303455 0.0194524 0.0192215 0.0131589 0.0102069
threshold=1.7894974863008961 -1.6045160372440099 0.41858325918345057 0.67528232375896413 0.7731741465887918 0.59100304412747862 -0.65589634079426917 -0.17547900012222076 -0.26500239748679782 -0.60183238707043252 0.18888648312768833 -0.82894980672843088 -0.24326545948369957 -0.78948456671466416 0.15998396861742989 0.57768355033597929 -0.45960859485267685 1.1648317188281256 -0.12063562061802814 -1.1467356927858219 -0.81674439241534058 -0.008912818970167935 -0.080783503497674894 1.946446891419239 0.8430272393667122 -0.49496877573861692
decision_type=2 2 2 2 2 2 2 2 2 2 2 2 2 2 2 2 2 2 2 2 2 2 2 2 2 2
left_child=1 -1 4 6 10 -6 7 -4 9 -8 17 -12 13 -13 24 -10 18 19 -17 22 21 -21 -3 -22 -14 -18
right_child=-2 2 3 -5 5 -7 8 -9 15 -11 11 12 14 -15 -16 16 25 -19 -20 20 23 -23 -24 -25 -26 -27
leaf_value=0.0075411416282644946 -0.0091116743241895538 -0.0025845072489639551 -0.0019671152334095163 -0.010747261570322729 0.010269860752885072 -0.0018716762673042493 6.498550580316033e-05 0.005719284292220495 -0.0020229792810851389 -0.0080053635132182489 -0.004396814958949921 0.0034169292560327236 -0.0034720605411481544 -0.00062886849573273913 0.00097643359005260559 0 0 0.0028977743035408197 0.0036584841183189818 0.003562929390163512 -3.1305985565948899e-05 4.0606392676567393e-05 0 0.0016061506849640121 -0.00031543779517445407 -0.0018045965009518305
leaf_weight=12.999999999999998 11.999999999999998 11.000000000000002 12.999999999999998 10.999999999999998 15.000000000000002 13.999999999999998 20 21 18 12.999999999999998 10.999999999999998 12.999999999999998 21 20 11.999999999999998 10.999999999999998 11.000000000000002 17 22 11.000000000000002 161 19 12.999999999999998 15.999999999999998 11.999999999999998 13.999999999999998
leaf_count=13 12 11 13 11 15 14 20 21 18 13 11 13 21 20 12 11 11 17 22 11 161 19 13 16 12 14
internal_value=-7.06759e-05 0.000219019 -3.46378e-05 -0.00127939 0.000482513 0.00489247 -0.000100993 0.00275143 -0.00114855 -0.00367724 3.7602e-06 -0.00121048 -0.000396166 0.00106616 -0.00160477 5.28656e-05 0.000935423 0.000485305 0.00257618 0.000209466 0.000463192 0.00190454 -0.0014012 0.000126324 -0.00272832 -0.00108443
internal_weight=545 533 520 154 366 29 143 34 109 33 337 89 78 33 45 76 58 248 33 231 207 30 24 177 33 25
internal_count=545 533 520 154 366 29 143 34 109 33 337 89 78 33 45 76 58 248 33 231 207 30 24 177 33 25
is_linear=0
shrinkage=0.0529975


Tree=165
num_leaves=23
num_cat=0
split_feature=39 30 16 29 29 29 19 19 39 25 16 34 12 1 30 15 13 9 12 29 9 25
split_gain=0.53919 0.409826 0.160379 0.678359 0.174874 0.11322 0.428827 0.35314 0.0702877 0.0582754 0.0323712 0.030721 0.0353203 0.0470064 0.0217358 0.0194636 0.0207423 0.0145523 0.00370417 0.00352358 0.00252387 0.00190151
threshold=-1.1558530955085182 -1.4739652562250283 -0.90459423178773413 0.74954040166073665 0.88678181099218489 -0.62400762929631193 -0.95772725582126561 -0.83382283659871825 1.8368162572147246 1.503839327763641 -1.0633477078009963 0.38480516850028612 1.5902633668125283 0.23670712191821544 0.41858325918345057 -1.1675191779368379 -0.1926715217436667 0.13593482714655908 -0.98632518450781059 0.10284821060726505 -0.74096380518180815 -0.79393799585671976
decision_type=2 2 2 2 2 2 2 2 2 2 2 2 2 2 2 2 2 2 2 2 2 2
left_child=-1 -2 4 5 9 6 -4 -7 17 10 -3 12 13 -9 -13 16 18 20 19 -11 -8 -19
right_child=1 2 3 -5 -6 7 8 11 -10 15 -12 14 -14 -15 -16 -17 -18 21 -20 -21 -22 -23
leaf_value=-0.0091042288262337262 0.0078663827207485302 0.0033438151460752157 0.0089069170437884263 -0.010615338127805881 0.0063853538517029433 -0.0073634109161145392 8.0452249206790249e-05 3.958393670576338e-05 -0.0028870658443806226 0 7.6019593995919365e-05 0 -0.0018479757567961684 0.0024936056825319462 -0.0025722865775750273 -0.0017974611788782043 0.0017417698694622153 -0.00052814135381275414 0 -0.0012742677449093856 0.0019165086549141541 8.6064874716824643e-05
leaf_weight=11.999999999999998 12.999999999999998 20 11.999999999999998 11.999999999999998 12.999999999999998 13.999999999999998 12.999999999999998 237 14.999999999999998 10.999999999999995 20 15.999999999999998 17 19 15.999999999999998 12.999999999999998 10.999999999999998 13.000000000000002 12.000000000000005 10.999999999999998 14.000000000000002 10.999999999999998
leaf_count=12 13 20 12 12 13 14 13 237 15 11 20 16 17 19 16 13 11 13 12 11 14 11
internal_value=-7.15263e-05 0.000217901 -4.75295e-05 -0.000548309 0.00167152 -7.32607e-05 0.00164222 -0.000536773 -0.000213443 0.000646926 0.00208469 -6.50258e-05 0.000105568 0.000301281 -0.00149121 -0.000337917 0.000108541 0.00067138 -0.000427138 -0.000795153 0.00141943 -5.2851e-05
internal_weight=545 533 520 409 111 397 78 319 66 98 40 305 273 256 32 58 45 51 34 22 27 24
internal_count=545 533 520 409 111 397 78 319 66 98 40 305 273 256 32 58 45 51 34 22 27 24
is_linear=0
shrinkage=0.0529975


Tree=166
num_leaves=18
num_cat=0
split_feature=19 38 29 44 19 39 0 19 31 51 25 39 1 0 13 39 37
split_gain=0.527733 0.336327 0.144291 0.139846 0.34693 0.144478 0.0914943 0.0822539 0.0484359 0.0990713 0.064862 0.0588776 0.0946035 0.0554739 0.0364363 0.0358704 0.0161058
threshold=1.0782546332626139 -0.68690109666846921 0.99250610888350865 1.1974606743659131 -1.084056395528697 -0.69848839585506151 -0.47410771092439491 -0.92602225282107575 -0.26480786765853631 1.0000000180025095e-35 -0.10476799041521419 -0.47999791929632923 -0.49608686814034797 -1.2092245394208951 -0.665516121285325 -0.26233452934068974 0.022019475297808743
decision_type=2 2 2 2 2 2 2 2 2 2 2 2 2 2 2 2 2
left_child=1 -1 3 4 -3 6 -5 -6 9 13 -11 12 -10 -9 -7 -13 -16
right_child=-2 2 -4 5 7 14 -8 8 11 10 -12 15 -14 -15 16 -17 -18
leaf_value=0.0076023099925646397 -0.007765642388345902 -0.0075893110410965763 -0.0041769709280933594 0.0078652540401038251 0.0036333045760776864 0.0020785318830163092 0.00052415875977285156 0.0024860361089749385 0.0039900619654340977 -0.0047243258297265927 0 -0.0019679735050265866 0.00034700897432776723 -0.00053500410487535119 -0.0014864625463069936 4.8752907952913771e-05 0.00035274111213524879
leaf_weight=10.999999999999998 18 10.999999999999998 15.999999999999998 11.000000000000002 11.999999999999998 18 10.999999999999998 14.999999999999998 22 19 12.999999999999998 23 95 85 17 130 18
leaf_count=11 18 11 16 11 12 18 11 15 22 19 13 23 95 85 17 130 18
internal_value=-6.82026e-05 0.000266012 1.07028e-05 0.000206424 -0.000160751 0.00223118 0.00534263 0.000125532 -1.39183e-05 -0.00084037 -0.00314457 0.000374298 0.00124994 0 0.000409491 -0.000273272 -0.00045697
internal_weight=545 527 516 500 425 75 22 414 402 132 32 270 117 100 53 153 35
internal_count=545 527 516 500 425 75 22 414 402 132 32 270 117 100 53 153 35
is_linear=0
shrinkage=0.0529975


Tree=167
num_leaves=17
num_cat=0
split_feature=3 29 38 29 19 12 29 29 19 29 19 5 3 39 4 19
split_gain=0.498176 1.58954 0.786794 0.292785 0.376371 0.160462 0.119023 0.133593 0.111932 0.0611319 0.0604676 0.0575087 0.0588591 0.0419378 0.0146221 0.0161613
threshold=0.74002062381803124 0.6273942987389155 -0.85777646155359866 -0.62400762929631193 -0.71234336683649502 0.72616680927323596 0.99250610888350865 0.78170629896345034 -0.97088705664890151 0.60923513714294653 0.15735257183360071 -1.1467356927858219 0.52853458084763438 -0.75065069125639916 -0.19971189593968405 -0.16019818992092613
decision_type=2 2 2 2 2 2 2 2 2 2 2 2 2 2 2 2
left_child=2 3 -1 5 -5 -2 7 8 -4 11 -11 -10 13 -13 -6 -16
right_child=1 -3 6 4 14 -7 -8 -9 9 10 -12 12 -14 -15 15 -17
leaf_value=0.010435689617149498 -0.00014649238101291525 -0.018256942643825633 0.0041039554346099178 -0.0090730616683373146 0.0010836421177768645 0.0074246151649415629 -0.0037299853034951881 0.004701176419485884 -0.0023616533759725691 -0.0044520562878339687 0 0.0012463054877400492 0.002796237785242258 -0.0001814160797292043 -0.0016569643066617343 0.00034127970399727139
leaf_weight=15.999999999999998 11.000000000000002 10.999999999999998 12.999999999999998 10.999999999999998 18.999999999999996 10.999999999999998 14.999999999999998 12.999999999999998 18 11.000000000000002 13.999999999999998 66 19 270 13.999999999999998 13.000000000000005
leaf_count=16 11 11 13 11 19 11 15 13 18 11 14 66 19 270 14 13
internal_value=-6.1641e-05 -0.00354569 0.000649516 -0.000271611 -0.0023301 0.00416901 0.000141332 0.000344638 0.000124468 -4.72104e-05 -0.00232146 0.000121108 0.00030348 9.5541e-05 8.40278e-06 -0.000595992
internal_weight=545 90 455 79 57 22 439 424 411 398 25 373 355 336 46 27
internal_count=545 90 455 79 57 22 439 424 411 398 25 373 355 336 46 27
is_linear=0
shrinkage=0.0529975


Tree=168
num_leaves=15
num_cat=0
split_feature=19 38 25 39 29 30 7 30 0 19 17 26 12 49
split_gain=0.50853 0.306066 0.134162 0.207003 0.152575 0.707188 0.250181 0.230779 0.195196 0.0712735 0.0566467 0.0665378 0.0426519 0.040691
threshold=1.0782546332626139 -0.68690109666846921 1.9371621489107038 -1.1464725685440789 0.031036353483505329 0.83988821281013359 1.5744293204194071 1.0684567549518114 -0.51124592859820361 -0.3357664568293684 -1.3392876385518702 -1.621090904150696 -0.24770820666942364 1.0000000180025095e-35
decision_type=2 2 2 2 2 2 2 2 2 2 2 2 2 2
left_child=1 -1 3 -3 7 6 9 10 -9 -6 -5 -12 -11 -13
right_child=-2 2 -4 4 5 -7 -8 8 -10 12 11 13 -14 -15
leaf_value=0.0072652077015643041 -0.0076183103230160016 0.0057721512724541926 -0.0045951593323052299 -0.0023438567783088506 -0.0034033439755135472 -0.011562126943359143 0.0053971882322013448 0.0088406791019298055 0.00025057392842768312 -0.0011189707060246348 0.0031863458149150514 -0.00013740862349562299 0.0007736127360633275 0.0016410303830312776
leaf_weight=10.999999999999998 18 11.999999999999998 10.999999999999998 17 21 10.999999999999998 13.999999999999998 11.000000000000002 17 71 15.999999999999998 229 50 36
leaf_count=11 18 12 11 17 21 11 14 11 17 71 16 229 50 36
internal_value=-6.18012e-05 0.000265997 2.16632e-05 0.000188639 -1.00077e-06 -0.00129081 -0.000122263 0.000650072 0.00479482 -0.00091026 0.000150759 0.000371834 -0.000282311 0.000109382
internal_weight=545 527 516 505 493 167 156 326 28 142 298 281 121 265
internal_count=545 527 516 505 493 167 156 326 28 142 298 281 121 265
is_linear=0
shrinkage=0.0529975


Tree=169
num_leaves=32
num_cat=0
split_feature=45 30 28 29 29 34 47 6 6 19 19 47 29 13 45 16 0 13 1 29 13 29 10 37 12 6 37 26 31 1 24
split_gain=0.509106 0.366764 0.116116 0.740832 0.276221 0.648583 0.181123 0.150861 0.217296 0.138603 0.112099 0.0764276 0.0630204 0.0787354 0.0571135 0.0367533 0.0482408 0.0337584 0.0265089 0.0238274 0.0441791 0.0481433 0.0221441 0.0189614 0.0149861 0.014792 0.0141009 0.0130141 0.00966318 0.00596218 0.000934296
threshold=1.7894974863008961 -1.6045160372440099 -0.32554900251137159 0.41037723249571229 0.67528232375896413 1.7915139287922142 0.59100304412747862 0.68766972570943896 -0.14593159087710691 -0.83382283659871825 -0.94590896873541463 0.10324174324130626 0.18888648312768833 0.82197418143947532 -0.59517955051737881 0.57767451677292148 -0.51124592859820361 -1.0000000180025095e-35 -1.3320348443376233 0.60923513714294653 0.16196192791257707 0.32579273591308622 1.1575568244941292 1.7603575911333127 1.4042475934178253 1.0005924238459138 -0.81674439241534058 -1.327511249019979 0.50474091680678101 -0.78784398702048064 -0.71185879413469544
decision_type=2 2 2 2 2 2 2 2 2 2 2 2 2 2 2 2 2 2 2 2 2 2 2 2 2 2 2 2 2 2 2
left_child=1 -1 3 7 12 6 -6 8 11 -10 -9 -3 15 19 -11 16 24 -16 -17 20 28 -22 25 26 30 -12 -18 -24 -14 -20 -4
right_child=-2 2 4 -5 5 -7 -8 10 9 14 22 -13 13 -15 17 18 23 -19 29 -21 21 -23 27 -25 -26 -27 -28 -29 -30 -31 -32
leaf_value=0.0074595877207137935 -0.0088338827360519376 -0.00023980907488871749 0 -0.011672845388719858 0.010750186695865473 -0.0047629772438233606 0.0014170663586032545 0.005376651689048135 -0.0073634298673447519 0.00076922279732718471 0 0.004049967325599201 0 -0.0043262164410324292 -0.0036494845607509718 0 0.0013907143806827663 0 0.0035714643180360236 -0.0019750943649126675 -0.00042973206928650698 0.0033084648208936591 0.0002587128513492433 0.0020499823363752966 -0.0028626633095504717 0.0024522719797043474 0 -0.0015752157509006013 -0.0015810358743399836 0.00075985691314316628 -0.00054322492786447625
leaf_weight=12.999999999999998 11.999999999999998 20 12.999999999999998 10.999999999999998 18.000000000000004 10.999999999999998 12.999999999999998 12.999999999999998 11.999999999999998 15.999999999999995 16.000000000000004 13.999999999999998 13.999999999999998 12.999999999999998 19 13.999999999999998 17 11.000000000000005 10.999999999999998 12.999999999999998 11.000000000000002 13.999999999999998 12.000000000000002 13.999999999999998 10.999999999999998 10.999999999999998 117 11.999999999999998 20 17.000000000000004 12.000000000000002
leaf_count=13 12 20 13 11 18 11 13 13 12 16 16 14 14 13 19 14 17 11 11 13 11 14 12 14 11 11 117 12 20 17 12
internal_value=-5.58282e-05 0.000224922 -2.56434e-05 -0.00116563 0.000504677 0.00424889 0.00788914 0 -0.00136151 -0.0032529 0.00185966 0.0016943 -4.97473e-05 -0.00124974 -0.00132074 0.000392108 1.23254e-05 -0.00257189 0.00170099 -0.000314819 9.20096e-05 0.00167338 0.000369283 0.000481124 -0.00154215 0.00135591 0.000186536 -0.000556989 -0.000972685 0.00250499 -0.000294396
internal_weight=545 533 520 167 353 42 31 156 92 58 64 34 311 85 46 226 184 30 42 72 59 25 51 148 36 27 134 24 34 28 25
internal_count=545 533 520 167 353 42 31 156 92 58 64 34 311 85 46 226 184 30 42 72 59 25 51 148 36 27 134 24 34 28 25
is_linear=0
shrinkage=0.0529975


Tree=170
num_leaves=13
num_cat=0
split_feature=39 38 29 29 19 6 29 29 5 12 2 39
split_gain=0.501881 0.383228 0.19761 0.129812 0.0896476 0.577961 0.0698215 0.0409043 0.0371699 0.0303555 0.0371857 0.0310067
threshold=-1.1558530955085182 -0.85777646155359866 0.99250610888350865 -1.1125084092197188 -0.77729306540003507 0.60253933251252334 0.7731741465887918 0.60923513714294653 0.65447219597499107 1.4042475934178253 -0.9436971355296101 -0.71361890106462766
decision_type=2 2 2 2 2 2 2 2 2 2 2 2
left_child=-1 -2 3 -3 5 -5 7 9 -9 11 -11 -6
right_child=1 2 -4 4 6 -7 -8 8 -10 10 -12 -13
leaf_value=-0.0087718051809462048 0.0070763689783701266 0.0046806436185300735 -0.0055217241696082237 -0.0083190541886041022 0.0011687720622443345 0.0032121861863548136 0.0033343253593229104 -0.0031253479071600256 0.00010718340108142295 -0.003050835882753461 0 4.4092457137704072e-05
leaf_weight=11.999999999999998 15.999999999999998 10.999999999999998 11.999999999999998 17 91 20 12.999999999999998 15.000000000000002 10.999999999999998 10.999999999999998 26 290
leaf_count=12 16 11 12 17 91 20 13 15 11 11 26 290
internal_value=-5.62393e-05 0.00022243 -5.50316e-05 0.000124473 -1.79287e-05 -0.00234481 0.000183305 3.23217e-05 -0.00177566 0.000184775 -0.00111809 0.000344713
internal_weight=545 533 517 505 494 37 457 444 26 418 37 381
internal_count=545 533 517 505 494 37 457 444 26 418 37 381
is_linear=0
shrinkage=0.0529975


Tree=171
num_leaves=15
num_cat=0
split_feature=19 38 29 30 13 25 29 3 39 45 29 3 39 30
split_gain=0.510456 0.27539 0.125033 0.146995 0.733934 0.126901 0.236464 0.231224 0.123292 0.0937117 0.0603143 0.026409 0.0479638 0.040893
threshold=1.0782546332626139 -0.68690109666846921 -1.1125084092197188 0.90938718312148792 -0.31088267162908129 1.9371621489107038 0.69848664362485546 -0.3597067996280337 -0.32879661478526795 -0.36806745177278138 0.60923513714294653 -0.094889493647710224 -0.63927416386584646 -0.37025288467007178
decision_type=2 2 2 2 2 2 2 2 2 2 2 2 2 2
left_child=1 -1 -3 5 8 6 10 -8 9 -5 11 12 -4 -13
right_child=-2 2 3 4 -6 -7 7 -9 -10 -11 -12 13 -14 -15
leaf_value=0.0069127046336765058 -0.0076272126458079266 0.0045200988476481428 0.0019536276726413978 0 -0.010853400555281561 -0.0042745825692953304 -0.00029737675525887987 0.0075693489936480805 -0.0019387651435681613 0.0061931875847673979 -0.0027679849746805756 0.0012474884935385578 2.4474175426149396e-05 -0.00057575398373717248
leaf_weight=10.999999999999998 18 10.999999999999998 48 10.999999999999998 13.999999999999998 10.999999999999998 14.999999999999998 18 10.999999999999998 11.000000000000002 14.999999999999998 35 134 182
leaf_count=11 18 11 48 11 14 11 15 18 11 11 15 35 134 182
internal_value=-5.61659e-05 0.000272223 3.94984e-05 -9.6327e-05 -0.00274856 0.000192796 0.000373278 0.00431857 0.00165093 0.00372609 0 0.000145193 0.0006165 -0.000224723
internal_weight=545 527 516 505 47 458 447 33 33 22 414 399 182 217
internal_count=545 527 516 505 47 458 447 33 33 22 414 399 182 217
is_linear=0
shrinkage=0.0529975


Tree=172
num_leaves=26
num_cat=0
split_feature=45 32 44 8 2 5 38 29 29 8 32 33 13 19 6 31 39 10 39 53 12 19 13 12 44
split_gain=0.48713 0.320265 0.451302 0.575449 0.321739 0.270523 0.215109 0.48134 0.368048 0.426017 0.0671767 0.141054 0.0626077 0.118357 0.0582857 0.0470156 0.0508765 0.0360775 0.0334391 0.0332545 0.0301765 0.0280192 0.0117417 0.010223 0.00153997
threshold=1.7894974863008961 -1.1764033572252435 1.0000000180025095e-35 0.97390045284613536 -0.98550243522943937 -1.0869381551188761 0.1899764519439007 0.63976665760306584 0.88678181099218489 -0.9575740639998177 -0.81708062571740447 -0.72467080835816478 -1.0792551458842758 -0.58317633917525924 1.0936685771845343 0.94639197622347437 -0.77090409534292548 -0.46575898406250593 1.7448722280453988 -0.36007183007885429 -0.95269747152543105 -0.50832564867298069 -0.16311873427231305 -0.98632518450781059 -0.27848972336365163
decision_type=2 2 2 2 2 2 2 2 2 2 2 2 2 2 2 2 2 2 2 2 2 2 2 2 2
left_child=1 2 5 -4 -3 19 8 10 15 -10 11 22 17 14 -14 16 -6 -12 23 -1 24 -15 -8 -18 -17
right_child=-2 4 3 -5 6 -7 7 -9 9 -11 12 -13 13 21 -16 20 18 -19 -20 -21 -22 -23 -24 -25 -26
leaf_value=-0.00029782899790094377 -0.0086393830325377698 -0.0074021542998666291 -1.8098790959382597e-05 0.014917615577609348 0.0029982275701784396 0.004452220766954125 -0.00093670353038789462 -0.0084704702253138465 -0.00062593198978882776 0.011621557777339756 0 -0.0057641252325684681 0.0036473919974020284 -0.0021592485995155053 0 0.00043886391764718605 -0.0010265713316595481 -0.0037151373593649895 0.0022535319639093734 -0.0050620758585609828 -0.0026222628482556031 0 0.0008501507361024838 0.00015164333656683674 -0.00021867315483806572
leaf_weight=10.999999999999998 11.999999999999998 10.999999999999998 11.000000000000002 10.999999999999998 20 14.999999999999998 11.000000000000002 15.999999999999998 11.000000000000002 12.999999999999998 11.000000000000002 11.999999999999998 34 12.999999999999998 12.999999999999998 11.000000000000002 20 10.999999999999998 13.999999999999998 11.000000000000002 13.999999999999998 129 19 75 15.999999999999998
leaf_count=11 12 11 11 11 20 15 11 16 11 13 11 12 34 13 13 11 20 11 14 11 14 129 19 75 16
internal_value=-5.25588e-05 0.00022177 0.00371791 0.0087959 -0.000239861 0 7.87436e-06 -0.000939161 0.00134474 0.0067723 -0.000250819 -0.00205022 0.000121926 0.000484735 0.00263649 0.000334179 0.000856213 -0.00218169 0.000266599 -0.00350344 -0.00105937 -0.000258237 0 -7.34674e-05 0
internal_weight=545 533 59 22 474 37 463 269 194 24 253 42 211 189 47 170 129 22 109 22 41 142 30 95 27
internal_count=545 533 59 22 474 37 463 269 194 24 253 42 211 189 47 170 129 22 109 22 41 142 30 95 27
is_linear=0
shrinkage=0.0529975


Tree=173
num_leaves=24
num_cat=0
split_feature=39 30 16 29 29 29 30 0 25 30 25 1 30 16 12 12 19 15 13 30 45 12 29
split_gain=0.490745 0.370922 0.154034 0.597796 0.157584 0.104123 0.177944 0.240507 0.139654 0.0643122 0.0515927 0.0346279 0.0332009 0.0291641 0.0246713 0.0406378 0.0326967 0.0182324 0.0192538 0.0154653 0.0142289 0.0031917 0.00316347
threshold=-1.1558530955085182 -1.4739652562250283 -0.90459423178773413 0.74954040166073665 0.88678181099218489 1.0000000180025095e-35 1.0555148531397263 -0.51124592859820361 -0.82894980672843088 0.90938718312148792 1.503839327763641 -0.065952450781455632 -0.17828588221193531 -1.0633477078009963 0.93727083975314363 1.0494807303797227 -0.53091630390676692 -1.1675191779368379 -0.1926715217436667 0.30003679722413751 -0.25451140240048259 -0.98632518450781059 0.10284821060726505
decision_type=2 2 2 2 2 2 2 2 2 2 2 2 2 2 2 2 2 2 2 2 2 2 2
left_child=-1 -2 4 5 10 6 9 -8 -7 14 13 19 -13 -3 16 -16 -4 18 21 20 -10 22 -12
right_child=1 2 3 -5 -6 8 7 -9 11 -11 17 12 -14 -15 15 -17 -18 -19 -20 -21 -22 -23 -24
leaf_value=-0.0086742638408324295 0.0074954801377914767 0.0032188381408066887 -0.0016020410387231029 -0.0099745865434161946 0.0061358783821752567 -0.0051210069142368208 0.0085330866685080151 -0.00029282828562934393 0.00075733366045132829 -0.0029624850898875596 0 0.00010700392061945818 -0.0025361228094346122 8.5981095335636293e-05 0.0033801273972947628 0.00020151684947494807 0.00022841910678023583 -0.001682315243828841 0.001731563375083198 0.0016758013770641451 -0.0007958255662168938 0 -0.0011503928324943986
leaf_weight=11.999999999999998 12.999999999999998 20 27 11.999999999999998 12.999999999999998 17 11.000000000000002 13.999999999999998 21 12.999999999999998 10.999999999999995 13.999999999999998 26 20 10.999999999999998 54 145 12.999999999999998 10.999999999999998 10.999999999999998 33 12.000000000000005 10.999999999999998
leaf_count=12 13 20 27 12 13 17 11 14 21 13 11 14 26 20 11 54 145 13 11 11 33 12 11
internal_value=-5.58308e-05 0.00021959 -3.24036e-05 -0.000523695 0.00165221 -7.6527e-05 0.00047712 0.00426474 -0.00134296 0 0.000670777 -0.000424737 -0.00156583 0.00201968 0.00023932 0.00107787 -6.39703e-05 -0.000252437 0.000172919 0.000252035 -6.00769e-05 -0.000340717 -0.000697175
internal_weight=545 533 520 409 111 397 275 25 122 250 98 105 40 40 237 65 172 58 45 65 54 34 22
internal_count=545 533 520 409 111 397 275 25 122 250 98 105 40 40 237 65 172 58 45 65 54 34 22
is_linear=0
shrinkage=0.0529975


Tree=174
num_leaves=23
num_cat=0
split_feature=19 38 29 28 29 3 6 25 29 26 19 13 29 31 3 1 51 38 8 6 45 3
split_gain=0.494662 0.248057 0.117403 0.129208 0.61479 0.190038 0.166585 0.13435 0.420353 0.0882476 0.101884 0.0444728 0.0342921 0.0334603 0.0306222 0.0281077 0.0319146 0.0236659 0.020503 0.0193474 0.0181373 0.0172299
threshold=1.0782546332626139 -0.68690109666846921 -1.1125084092197188 -0.32554900251137159 0.41037723249571229 1.148280637204363 0.7166142897572868 1.9371621489107038 0.69848664362485546 -0.47109149564709568 -0.7281052018580183 -1.0300005000986865 0.11881274814264779 -1.2230690306083336 -0.3597067996280337 -0.67173751301069295 1.0000000180025095e-35 0.1899764519439007 -0.5127097674775597 1.0557119206150614 0.88104909132250542 0.23245412068907817
decision_type=2 2 2 2 2 2 2 2 2 2 2 2 2 2 2 2 2 2 2 2 2 2
left_child=1 -1 -3 4 5 9 -7 8 12 13 -11 -12 15 -4 -10 16 -5 -17 20 -15 -14 -20
right_child=-2 2 3 7 -6 6 -8 -9 14 10 11 -13 18 19 -16 17 -18 -19 21 -21 -22 -23
leaf_value=0.0065753663648707881 -0.0075043575026661853 0.0043910847327499067 0.00041073455810453053 0.0021802786590182565 -0.010859398561466437 -0.0074999275530036958 0.00020586939160138613 -0.004060319048261242 0.0020075308385128846 0.0047196733171907344 -0.0013818735327549517 0.001303965953425808 -0.00052807948470758666 -0.0029085244262423366 0.0077083603314778756 0.00073594020865074927 -0.00040717374558195819 -0.00051892927111694671 -0.002075775509586794 0 0.0015029936860761204 0
leaf_weight=10.999999999999998 18 10.999999999999998 18 38 10.999999999999998 11.000000000000002 10.999999999999998 10.999999999999998 14.000000000000002 17 18 48 39 18.000000000000004 17 74 10.999999999999998 81 31 11.999999999999998 10.999999999999998 13.999999999999998
leaf_count=11 18 11 18 38 11 11 11 11 14 17 18 48 39 18 17 74 11 81 31 12 11 14
internal_value=-5.10022e-05 0.00027203 5.02852e-05 -8.10169e-05 -0.00128867 -0.000173045 -0.00417868 0.000491892 0.000734176 0.000602132 0.0016381 0.000420366 5.01747e-05 -0.00104285 0.00606526 0.000455945 0.00149136 4.18825e-05 -0.000727344 -0.00203218 0 -0.00147546
internal_weight=545 527 516 505 164 153 22 341 330 131 83 66 299 48 31 204 49 155 95 30 50 45
internal_count=545 527 516 505 164 153 22 341 330 131 83 66 299 48 31 204 49 155 95 30 50 45
is_linear=0
shrinkage=0.0529975


Tree=175
num_leaves=19
num_cat=0
split_feature=45 30 30 31 4 29 29 1 8 7 29 31 45 12 45 31 29 30
split_gain=0.466563 0.346583 0.107246 0.116995 0.200071 0.366269 0.126569 0.0858974 0.20411 0.0787371 0.0665794 0.0490645 0.0438497 0.0332847 0.0240829 0.0189482 0.0163422 0.0155571
threshold=1.7894974863008961 -1.6045160372440099 1.2529128884377021 0.68271478155926746 1.7284598402542812 0.88678181099218489 0.74954040166073665 -1.3320348443376233 1.1846244970882689 -1.6197684868051214 -0.89685283675921912 0.90100170543945313 -1.0494037480065741 -1.3030036158463754 -0.70873559988967771 0.81380191975749872 -0.029401002529347103 0.25202357818623405
decision_type=2 2 2 2 2 2 2 2 2 2 2 2 2 2 2 2 2 2
left_child=1 -1 3 6 5 11 7 12 10 -10 -9 15 -3 17 -12 -5 -15 -13
right_child=-2 2 -4 4 -6 -7 -8 8 9 -11 14 13 -14 16 -16 -17 -18 -19
leaf_value=0.0072505117467187227 -0.0084544424000579169 -0.004377782971887836 -0.0036590518968181731 0.00052563566293396412 -0.0031001311751412972 0.008950444637080307 -0.0048119944071657482 -0.0029436229978592795 0.0065704039618247152 0.00022168205450135101 0.00063387524389260771 0 0 0.00019289247541041365 -0.00035540392390074715 0.0038763299716768279 -0.0016554041917754472 0.0021770091685806184
leaf_weight=12.999999999999998 11.999999999999998 13.000000000000002 15.999999999999998 18.000000000000004 15.999999999999998 13.999999999999998 10.999999999999998 18 12.000000000000002 11.999999999999998 95 13.000000000000002 10.999999999999998 10.999999999999995 209 10.999999999999998 26.000000000000004 13.999999999999998
leaf_count=13 12 13 16 18 16 14 11 18 12 12 95 13 11 11 209 11 26 14
internal_value=-5.05911e-05 0.000217607 -2.55888e-05 0.00011773 0.00150869 0.00238761 -0.000329689 -0.000103239 0.00011138 0.00430778 -0.000253136 0.000846798 -0.00283392 0 -1.74415e-05 0.00244259 -0.000993196 0.00124414
internal_weight=545 533 520 504 123 107 381 370 346 24 322 93 24 64 304 29 37 27
internal_count=545 533 520 504 123 107 381 370 346 24 322 93 24 64 304 29 37 27
is_linear=0
shrinkage=0.0529975


Tree=176
num_leaves=19
num_cat=0
split_feature=19 38 29 44 19 1 19 7 51 31 39 8 10 37 7 26 39 37
split_gain=0.477764 0.225699 0.114318 0.114173 0.287439 0.115735 0.0701184 0.0435797 0.0952294 0.0574858 0.053855 0.0898705 0.0387887 0.026806 0.0208887 0.0370108 0.0182688 0.000424737
threshold=1.0782546332626139 -0.68690109666846921 0.99250610888350865 1.1974606743659131 -1.084056395528697 -0.55143778753185158 -0.92602225282107575 -0.22061682293704682 1.0000000180025095e-35 -0.66284864938252397 -0.47999791929632923 -0.71311381512148331 0.85910532906678883 -0.60495651581777243 -0.87994315168047754 0.79675248521638087 -0.5612317575249578 0.11847732008481973
decision_type=2 2 2 2 2 2 2 2 2 2 2 2 2 2 2 2 2 2
left_child=1 -1 3 4 -3 -5 -6 8 12 -10 11 -9 -8 -12 -7 16 -16 -18
right_child=-2 2 -4 5 6 14 7 10 9 -11 13 -13 -14 -15 15 -17 17 -19
leaf_value=0.0062843266437106115 -0.007371673642009146 -0.0068626291924198876 -0.0036639841173280669 0.0056396559010681571 0.0033987943834371207 0.0022602885184101829 0.00093809083542832671 -0.00038224756736349869 -0.00010635574050058725 -0.0046811837632354776 -0.0020209006982510793 0.0024626558851457178 -0.00098249104879296213 1.3665116369347332e-05 -0.0020012066659543942 0.0020417163436560392 0 0.00026493349711694062
leaf_weight=10.999999999999998 18 10.999999999999998 15.999999999999998 13.999999999999998 11.999999999999998 11.999999999999998 61 46 17 17 13.999999999999998 66 46 135 12.999999999999991 12.999999999999998 12.000000000000009 10.999999999999998
leaf_count=11 18 11 16 14 12 12 61 46 17 17 14 66 46 135 13 13 12 11
internal_value=-4.63819e-05 0.000270833 5.8539e-05 0.000233473 -9.70989e-05 0.00206145 0.000161445 0 -0.000716468 -0.00292728 0.000419325 0.00127497 4.2285e-05 -0.000203226 0.000704704 0 -0.000767915 0
internal_weight=545 527 516 500 425 75 414 402 141 34 261 112 107 149 61 49 36 23
internal_count=545 527 516 500 425 75 414 402 141 34 261 112 107 149 61 49 36 23
is_linear=0
shrinkage=0.0529975


Tree=177
num_leaves=13
num_cat=0
split_feature=39 38 29 29 19 6 29 29 5 12 10 39
split_gain=0.46136 0.370697 0.175607 0.113056 0.0743551 0.492919 0.0604783 0.0354933 0.0294349 0.0273214 0.0326469 0.0281397
threshold=-1.1558530955085182 -0.85777646155359866 0.99250610888350865 -1.1125084092197188 -0.77729306540003507 0.60253933251252334 0.7731741465887918 0.60923513714294653 0.65447219597499107 1.4042475934178253 1.6688279465970373 -0.71361890106462766
decision_type=2 2 2 2 2 2 2 2 2 2 2 2
left_child=-1 -2 3 -3 5 -5 7 9 -9 11 -11 -6
right_child=1 2 -4 4 6 -7 -8 8 -10 10 -12 -13
leaf_value=-0.0084036664886745268 0.0069609646950381859 0.0043679182679951618 -0.0052064366580122966 -0.0076629891663027591 0.001104747320697661 0.0029766093339618641 0.0030981632857747005 -0.0028516017721080633 0 -0.0021187613593735238 0.00056242731928995158 3.29580290230809e-05
leaf_weight=11.999999999999998 15.999999999999998 10.999999999999998 11.999999999999998 17 91 20 12.999999999999998 15.000000000000002 10.999999999999998 24 12.999999999999998 290
leaf_count=12 16 11 12 17 91 20 13 15 11 24 13 290
internal_value=-4.65526e-05 0.00022004 -5.26404e-05 0.000115816 -1.61451e-05 -0.00213635 0.000165872 2.4355e-05 -0.00165897 0.000167514 -0.00106722 0.000320149
internal_weight=545 533 517 505 494 37 457 444 26 418 37 381
internal_count=545 533 517 505 494 37 457 444 26 418 37 381
is_linear=0
shrinkage=0.0529975


Tree=178
num_leaves=13
num_cat=0
split_feature=19 38 29 30 13 9 7 29 25 29 1 29
split_gain=0.458216 0.207452 0.107741 0.126655 0.642502 0.150117 0.101605 0.186102 0.127203 0.0913556 0.0308171 0.0310941
threshold=1.0782546332626139 -0.68690109666846921 -1.1125084092197188 0.90938718312148792 -0.31088267162908129 0.52476271656541329 1.527066262327532 0.96361458521015575 1.5812077543509779 0.69848664362485546 1.6584989200252311 0.18888648312768833
decision_type=2 2 2 2 2 2 2 2 2 2 2 2
left_child=1 -1 -3 6 5 -5 7 9 -8 10 11 -4
right_child=-2 2 3 4 -6 -7 8 -9 -10 -11 -12 -13
leaf_value=0.0060306886841453439 -0.007219610580675509 0.0042180997032109264 0.00014366784052039088 -0.0011959651370681986 -0.010117722078439069 0.0049113522132148042 -0.00046393181105254007 -0.0052796630613206191 0.0060469348508420308 0.0034737384482474375 0.001799399213494994 -0.00099645448554593063
leaf_weight=10.999999999999998 18 10.999999999999998 308 19 13.999999999999998 13.999999999999998 11.000000000000002 11.999999999999998 11.999999999999998 17 20 78
leaf_count=11 18 11 308 19 14 14 11 12 12 17 20 78
internal_value=-4.55346e-05 0.000264862 6.07015e-05 -6.46226e-05 -0.00252854 0.00157271 0.000202581 0 0.00324017 0.000221584 1.988e-05 -8.062e-05
internal_weight=545 527 516 505 47 33 458 435 23 423 406 386
internal_count=545 527 516 505 47 33 458 435 23 423 406 386
is_linear=0
shrinkage=0.0529975


Tree=179
num_leaves=24
num_cat=0
split_feature=45 30 16 35 29 29 4 29 29 25 19 30 15 31 17 11 23 11 34 31 7 45 7
split_gain=0.445579 0.352945 0.103483 0.299753 0.596485 0.271119 0.174085 0.271532 0.132261 0.167387 0.118872 0.0958846 0.0577929 0.0579866 0.0418615 0.0549721 0.0349847 0.0424344 0.0327608 0.0276653 0.0253314 0.015426 0.0151501
threshold=1.7894974863008961 -1.6045160372440099 -0.90459423178773413 0.24870215725135078 0.63976665760306584 0.69848664362485546 1.5480257726268594 0.78170629896345034 1.0000000180025095e-35 -0.82894980672843088 0.4114465141411599 1.0555148531397263 -1.2252975897148428 1.108658458863365 -1.3392876385518702 1.1846244970882689 -0.094889493647718814 -0.74199266462636426 -0.51153556002726497 -0.061487483200831784 0.84691737639410036 0.086156745716413782 0.65547003655088532
decision_type=2 2 2 2 2 2 2 2 2 2 2 2 2 2 2 2 2 2 2 2 2 2 2
left_child=1 -1 6 5 16 8 7 20 11 -10 12 14 22 -14 -4 -16 17 -5 21 -20 -3 -11 -8
right_child=-2 2 3 4 -6 -7 10 -9 9 18 -12 -13 13 -15 15 -17 -18 -19 19 -21 -22 -23 -24
leaf_value=0.0073178171869687737 -0.0082543683684350461 0.0017294320569789972 -0.0019928280826291768 -0.0010272516278699035 -0.011975104359791463 0.0066933883094050699 0.00050693131565982907 0.0092142376226835507 -0.0057979085888769663 0.0016061073959874131 -0.0041358963484440774 0.0037527262344176659 0 0.0045150895641102766 3.2564090369680071e-05 0.0027657838160215905 -0.0018738698811783298 0.0024127660811159518 -0.0025188110738756475 0 -0.00066066144701811805 -0.00028915990177847268 -0.0013596687560995622
leaf_weight=12.999999999999998 11.999999999999998 20 17 11.999999999999998 11.999999999999998 10.999999999999998 10.999999999999998 10.999999999999998 17 17.000000000000004 11.999999999999998 17 12.000000000000005 10.999999999999998 193 18 19 14.000000000000002 21 28 13.999999999999998 11.999999999999998 21
leaf_count=13 12 20 17 12 12 11 11 11 17 17 12 17 12 11 193 18 19 14 21 28 14 12 21
internal_value=-4.09988e-05 0.000220733 -2.48166e-05 -0.000431989 -0.00380297 0.000150554 0.00134584 0.00369354 -0.000153272 -0.00178542 -0.000309176 0.00047931 0.000735746 0.00251645 0.000115477 0.000367903 -0.000334929 0.000711804 -0.000476277 -0.00130438 0.000619143 0.000707107 -0.000555461
internal_weight=545 533 520 408 57 351 112 45 340 95 67 245 55 23 228 211 45 26 78 49 34 29 32
internal_count=545 533 520 408 57 351 112 45 340 95 67 245 55 23 228 211 45 26 78 49 34 29 32
is_linear=0
shrinkage=0.0529975


Tree=180
num_leaves=21
num_cat=0
split_feature=3 29 30 29 30 45 3 29 12 29 29 8 39 25 3 29 30 9 4 19
split_gain=0.44355 1.44518 0.745716 0.224704 0.320261 0.141359 0.221906 0.212205 0.117263 0.107496 0.0730842 0.0698552 0.0522538 0.0476091 0.040026 0.0391615 0.0341988 0.0244927 0.010518 0.0106039
threshold=0.74002062381803124 0.6273942987389155 -1.4739652562250283 -0.62400762929631193 0.75721457286374616 1.3352732888117009 0.30233646532277475 0.99250610888350865 0.72616680927323596 0.78170629896345034 0.60923513714294653 0.62998325045560355 -0.75065069125639916 -1.1890938102248458 0.51198349922386421 -0.46840301170822823 0.33373754511821713 -0.02450230380552406 -0.19971189593968405 -0.16019818992092613
decision_type=2 2 2 2 2 2 2 2 2 2 2 2 2 2 2 2 2 2 2 2
left_child=2 3 -1 8 18 7 15 9 -2 10 11 12 16 -13 -14 -7 -4 -17 -5 -20
right_child=1 -3 5 4 -6 6 -8 -9 -10 -11 -12 13 14 -15 -16 17 -18 -19 19 -21
leaf_value=0.010920128070377464 0 -0.017353268445937702 0.00022410775752239144 0.00095822537840488842 -0.0082470079313646163 0.0018026757853966372 0.0071217468930812235 -0.0053901622933106106 0.0064494031145451479 0.0039691687539719191 -0.0027744263248895042 -0.0037121624413187586 -0.00016983529397021502 0 0.0024938075857172102 0.00026657073714994237 0.0029771817849188133 -0.0022718162150831382 -0.0013746244870322846 0.00025182141452651587
leaf_weight=12.999999999999998 11.000000000000002 10.999999999999998 33 20.999999999999996 10.999999999999998 21 13.999999999999998 14.999999999999998 10.999999999999998 12.999999999999998 21 14.999999999999998 227 20 10.999999999999998 14 26 12 11.999999999999998 13.000000000000005
leaf_count=13 11 11 33 21 11 21 14 15 11 13 21 15 227 20 11 14 26 12 12 13
internal_value=-3.84951e-05 -0.00332717 0.000631678 -0.000205521 -0.00202029 0.00017137 0.00242559 -0.000203485 0.00367253 7.37685e-05 -0.000114134 7.97085e-05 0.000375575 -0.00194827 0 0.000247407 0.00170753 -0.000892895 0.000113739 -0.000418434
internal_weight=545 90 455 79 57 442 61 381 22 366 353 332 297 35 238 47 59 26 46 25
internal_count=545 90 455 79 57 442 61 381 22 366 353 332 297 35 238 47 59 26 46 25
is_linear=0
shrinkage=0.0529975


Tree=181
num_leaves=15
num_cat=0
split_feature=19 38 39 29 53 47 29 19 30 13 19 3 29 39
split_gain=0.450487 0.186783 0.102448 0.157497 0.439324 0.140351 0.0914744 0.0739366 0.0312015 0.0585885 0.0507597 0.034541 0.0303174 0.0182169
threshold=1.0782546332626139 -0.68690109666846921 -1.1512768679247249 0.63976665760306584 1.0000000180025095e-35 0.52132285828659686 -1.1125084092197188 -0.94590896873541463 0.57768355033597929 -0.0055038677584269549 -0.53091630390676692 -0.26775634616264371 -0.17292469673266564 1.9970543020319564
decision_type=2 2 2 2 2 2 2 2 2 2 2 2 2 2
left_child=1 -1 -3 6 5 -5 -4 -8 10 11 -9 -10 -11 -12
right_child=-2 2 3 4 -6 -7 7 8 9 12 13 -13 -14 -15
leaf_value=0.0057435158100801074 -0.0071506299573506748 0.0041284665688560238 0.0040627447495565905 -0.0028097638413315989 -0.0092618853975748507 0.0034254720093722692 -0.0025938492164570368 -0.002182536521954959 -0.0019002284298524593 0.00030571836633817097 8.6023084674625614e-05 0.00078490727621588832 0.0043784544008136361 0.0018679398448885093
leaf_weight=10.999999999999998 18 10.999999999999998 10.999999999999998 11.000000000000002 12.999999999999998 18 21 21 11.999999999999998 14.000000000000002 313 46 12.999999999999998 11.999999999999998
leaf_count=11 18 11 11 11 13 18 21 21 12 14 313 46 13 12
internal_value=-3.68327e-05 0.000270752 7.60662e-05 -4.59458e-05 -0.00294813 0.000784608 0.000236754 7.64196e-05 0.000256316 0.00113068 6.06999e-06 0 0.00291768 0.000205567
internal_weight=545 527 516 505 42 29 463 452 431 85 346 58 27 325
internal_count=545 527 516 505 42 29 463 452 431 85 346 58 27 325
is_linear=0
shrinkage=0.0529975


Tree=182
num_leaves=19
num_cat=0
split_feature=39 38 29 29 31 30 10 5 6 19 29 9 13 39 29 19 9 29
split_gain=0.426329 0.353097 0.143209 0.0910508 0.0643029 0.199144 0.0816796 0.0981359 0.0663715 0.0479446 0.0428223 0.030496 0.0596186 0.0567845 0.0299643 0.0253433 0.0192667 0.014588
threshold=-1.1558530955085182 -0.85777646155359866 0.99250610888350865 -1.1125084092197188 -0.23990902356405411 0.97505087236928578 0.90832261939413772 -0.87164713458775489 1.389307088260046 -0.68361382853397312 0.67528232375896413 -1.0369510939743465 0.088079959234192942 -0.75065069125639916 -0.49493806836938409 0.12500767621502204 -0.020266555036001721 -0.008912818970167935
decision_type=2 2 2 2 2 2 2 2 2 2 2 2 2 2 2 2 2 2
left_child=-1 -2 3 -3 5 11 7 -6 -8 -9 -11 12 15 16 -14 -5 -13 -15
right_child=1 2 -4 4 6 -7 8 9 -10 10 -12 13 14 17 -16 -17 -18 -19
leaf_value=-0.008067458625553971 0.0068014629734930729 0.003923393583177402 -0.0046984248148869735 -0.0019497337643818431 -0.0036314528529580105 -0.0061217119822186035 0.0051113898238579055 0.0029182912817401021 0 -5.5174496543616956e-06 0.0023595762762250805 -0.0030946013212116491 0 0.00062490335031458854 0.0028827852176299441 0.0005131604965288389 -0.00012043469627539375 -0.0010613856720941889
leaf_weight=11.999999999999998 15.999999999999998 10.999999999999998 11.999999999999998 19.000000000000004 11.999999999999998 11.999999999999998 12.000000000000002 13.999999999999998 11.999999999999998 248 17 23 11.999999999999998 50 24 11.999999999999998 14.999999999999998 11.999999999999998
leaf_count=12 16 11 12 19 12 12 12 14 12 248 17 23 12 50 24 12 15 12
internal_value=-3.28369e-05 0.000222836 -4.30509e-05 0.00010774 -9.28866e-06 -0.00080948 0.000430291 0.000130904 0.00307568 0.000390235 0.000169285 -0.000188428 0.000599653 -0.000786389 0.00198288 -0.000878913 -0.00225577 0.000130986
internal_weight=545 533 517 505 494 179 315 291 24 279 265 167 67 100 36 31 38 62
internal_count=545 533 517 505 494 179 315 291 24 279 265 167 67 100 36 31 38 62
is_linear=0
shrinkage=0.0529975


Tree=183
num_leaves=13
num_cat=0
split_feature=19 38 39 29 30 29 3 39 30 6 19 36
split_gain=0.432656 0.170679 0.105399 0.145222 0.311514 0.0815116 0.0640865 0.196597 0.0695123 0.0255868 0.0630146 0.0494569
threshold=1.0782546332626139 -0.68690109666846921 -1.1512768679247249 0.74954040166073665 0.23966141775408889 -1.1125084092197188 1.148280637204363 -0.72037846618712831 1.1485607431090135 0.21253976309500919 -0.43841884579956775 0.031795689694839868
decision_type=2 2 2 2 2 2 2 2 2 2 2 2
left_child=1 -1 -3 5 -5 -4 8 -8 9 10 -7 -11
right_child=-2 2 3 4 -6 6 7 -9 -10 11 -12 -13
leaf_value=0.0055001709378917846 -0.0070053930355814817 0.004190773499919585 0.0037888220336739294 0.00099486450032878343 -0.0085604067937030594 0.0028162441739889525 -0.0054913301806566598 0.0013480826242300034 0.0030772620695632565 0.00023715212589255644 8.5699095383337304e-05 -0.0014539520650823175
leaf_weight=10.999999999999998 18 10.999999999999998 10.999999999999998 17.000000000000004 10.999999999999998 22 15.999999999999998 19 17 120 203 69
leaf_count=11 18 11 11 17 11 22 16 19 17 120 203 69
internal_value=-3.34635e-05 0.000267697 8.08694e-05 -4.31117e-05 -0.00340134 0.000179336 3.22833e-05 -0.00195402 0.000234167 5.85227e-05 0.000449099 -0.000370141
internal_weight=545 527 516 505 28 477 466 35 431 414 225 189
internal_count=545 527 516 505 28 477 466 35 431 414 225 189
is_linear=0
shrinkage=0.0529975


Tree=184
num_leaves=24
num_cat=0
split_feature=25 15 44 8 30 5 29 47 34 34 29 9 17 34 39 29 30 1 9 1 30 6 5
split_gain=0.410235 2.14063 0.459708 0.488179 0.253188 0.212264 0.157598 0.653901 0.0338926 0.119207 0.0624673 0.0396931 0.0598289 0.035758 0.0337245 0.0310767 0.0304897 0.0272497 0.0219153 0.0231206 0.020474 0.00436099 0.00199154
threshold=-1.1764033572252413 0.93580236748553591 1.0000000180025095e-35 0.97390045284613536 1.2529128884377021 -1.0869381551188761 0.78170629896345034 0.59100304412747862 -0.51153556002726497 -0.58449333884126908 0.6273942987389155 1.0775998682783752 -0.7890739664377534 -0.11421210073449009 -0.75065069125639916 -0.73168571739671173 0.024313781996019735 1.33151848880505 -0.74096380518180815 -0.046290760559894624 0.10734847024358141 -0.14593159087710691 -0.68588595877810354
decision_type=2 2 2 2 2 2 2 2 2 2 2 2 2 2 2 2 2 2 2 2 2 2 2
left_child=2 4 5 -4 6 16 8 -8 9 11 13 12 22 18 17 -14 -1 -15 21 -20 -16 -10 -2
right_child=1 -3 3 -5 -6 -7 7 -9 10 -11 -12 -13 15 14 20 -17 -18 -19 19 -21 -22 -23 -24
leaf_value=-9.9753612976984199e-05 0.00012945116546567357 -0.019049128142121566 6.4320298878200815e-05 0.014668239541126185 -0.005330353023595925 0.0040026370014170955 0.0090598370625851049 -0.0037004632965109163 0 0.0039830710002657227 -0.0026798768013467722 0.0020048776502564467 -0.0033075576417577295 0.0027280739677245976 0.00073314268836639838 -0.00044803608245411365 -0.00450718338088733 0 -0.00043713280431041988 -0.0026257870083582356 -0.00049962350961794977 0.00093740487048204406 0.0016955670946251415
leaf_weight=11.000000000000002 17.000000000000004 10.999999999999998 12.000000000000002 10.999999999999998 17 14.999999999999998 19 14.999999999999998 11.000000000000002 20 21 15.999999999999998 13.999999999999998 22 63 45 10.999999999999998 10.999999999999998 62 19 76 12.999999999999998 12.999999999999998
leaf_count=11 17 11 12 11 17 15 19 15 11 20 21 16 14 22 63 45 11 11 62 19 76 13 13
internal_value=-2.79313e-05 -0.000567375 0.0038821 0.00887867 7.95898e-05 0 0.000362349 0.00354488 4.42883e-05 0.000769711 -0.000246204 0 -0.000492821 0 0.000456835 -0.00147658 -0.00304632 0.00183858 -0.000755098 -0.00117641 1.81537e-05 0.000384896 0.00117154
internal_weight=545 485 60 23 474 37 457 34 423 125 298 105 89 277 172 59 22 33 105 81 139 24 30
internal_count=545 485 60 23 474 37 457 34 423 125 298 105 89 277 172 59 22 33 105 81 139 24 30
is_linear=0
shrinkage=0.0529975


Tree=185
num_leaves=16
num_cat=0
split_feature=13 7 8 29 17 29 39 25 28 29 29 12 26 39 2
split_gain=0.416939 0.323316 0.460733 0.475271 0.15794 0.312655 0.169062 0.146437 0.103166 0.28427 0.0677656 0.0281687 0.0341766 0.00551405 0.00160824
threshold=1.9449801053509139 -2.251833151424401 2.2335239833880842 1.1880524913612776 1.3903316759514752 0.88678181099218489 -0.84506682601750038 -1.3308125281902385 -0.68233214201494385 -0.25653487140086723 0.69848664362485546 -0.96689339759995951 0.6534145057255093 -0.55888787561939324 1.6463212820353956
decision_type=2 2 2 2 2 2 2 2 2 2 2 2 2 2 2
left_child=1 -1 3 4 5 7 -6 -3 9 -9 -10 13 -13 -8 -15
right_child=-2 2 -4 -5 6 -7 11 8 10 -11 -12 12 -14 14 -16
leaf_value=0.0074178716702847534 -0.0079743691886478164 0.0045226552081952679 -0.0085952847223683144 0.0087350327454121333 0.0065093353156339259 -0.0072947949843524948 -0.00098871697544988335 5.0648127531433127e-05 -0.00016502321754792559 -0.0075444746892054946 0.0032647555840590436 0 0.0031649466038783836 -5.9380165015029321e-05 0.000486683308242834
leaf_weight=10.999999999999998 11.999999999999998 11.999999999999998 10.999999999999998 11.999999999999998 12.999999999999998 11.999999999999998 11.999999999999998 39 331 13.999999999999998 10.999999999999998 16.000000000000004 13.999999999999998 12.000000000000002 12.999999999999998
leaf_count=11 12 12 11 12 13 12 12 39 331 14 11 16 14 12 13
internal_value=-2.83763e-05 0.000224287 0 0.000272539 -1.8441e-05 -0.000450852 0.00203861 -0.000129167 -0.000353424 -0.00240013 0 0.00061201 0.00170228 -0.000223664 3.84545e-05
internal_weight=545 533 522 511 499 419 80 407 395 53 342 67 30 37 25
internal_count=545 533 522 511 499 419 80 407 395 53 342 67 30 37 25
is_linear=0
shrinkage=0.0529975


Tree=186
num_leaves=15
num_cat=0
split_feature=45 30 39 29 29 37 19 29 19 30 1 10 30 26
split_gain=0.415777 0.35157 0.0851206 0.14739 0.0702505 0.339677 0.325706 0.052238 0.0768548 0.0306102 0.0391355 0.0292047 0.02914 0.0182192
threshold=1.7894974863008961 -1.6045160372440099 -1.0783225139200134 0.99250610888350865 -0.62400762929631193 -0.7098019992819159 -0.77729306540003507 0.7731741465887918 0.80107462915198291 0.70337587340394869 -0.046290760559894624 0.85910532906678883 -0.41432049956592126 -0.0094459721036598276
decision_type=2 2 2 2 2 2 2 2 2 2 2 2 2 2
left_child=1 -1 -3 4 5 -4 -6 8 12 10 11 -7 -8 -11
right_child=-2 2 3 -5 6 9 7 -9 -10 13 -12 -13 -14 -15
leaf_value=0.0073103114028030131 -0.0079599597855041018 0.0029864087893493804 0.0078613569017325791 -0.0048897658136551796 -0.0064273646754017559 0.00055597841071669464 0.00096138281875265844 0.0028474936093964187 -0.0034578555743522564 -0.0026719235349596422 0.0023994654482066423 -0.0021117716366085147 -0.00014972941940397675 0
leaf_weight=12.999999999999998 11.999999999999998 19 11.999999999999998 11.999999999999998 17 21 78 11.999999999999998 11.999999999999998 12.000000000000002 13.999999999999998 11.999999999999998 288 10.999999999999998
leaf_count=13 12 19 12 12 17 21 78 12 12 12 14 12 288 11
internal_value=-2.48398e-05 0.000227422 -1.76914e-05 -0.00017937 0 0.00135365 -0.000295542 4.73838e-05 -6.63969e-05 -0.000202316 0.000471462 -0.000410557 7.99689e-05 -0.00163281
internal_weight=545 533 520 501 489 82 407 390 378 70 47 33 366 23
internal_count=545 533 520 501 489 82 407 390 378 70 47 33 366 23
is_linear=0
shrinkage=0.0529975


Tree=187
num_leaves=15
num_cat=0
split_feature=39 38 29 45 36 44 19 39 29 12 7 2 34 8
split_gain=0.407228 0.335026 0.128255 0.0871554 0.0727891 0.0686488 0.189551 0.134976 0.0432777 0.0266809 0.0359424 0.0298016 0.0186152 0.00321111
threshold=-1.1558530955085182 -0.85777646155359866 0.99250610888350865 1.6759414369285972 1.4371240812312862 1.1974606743659131 -0.95772725582126561 -0.69848839585506151 0.74954040166073665 1.4042475934178253 -1.2457362635928277 -0.93867613347688927 -0.048505979437365641 0.16199076471354185
decision_type=2 2 2 2 2 2 2 2 2 2 2 2 2 2
left_child=-1 -2 3 5 -5 6 -3 -7 9 10 -8 -11 13 -9
right_child=1 2 -4 4 -6 7 8 12 -10 11 -12 -13 -14 -15
leaf_value=-0.0078776022546992487 0.0066328842048370652 -0.0055113116976068157 -0.0044403136303304081 0 0.004762701294956811 0.0044132165743783385 0.0022162512916614674 -0.0016236067922044961 -0.0026913941675431822 -0.0028556138666950654 2.4744762125792904e-05 0 0.00076375501214586566 0
leaf_weight=11.999999999999998 15.999999999999998 12.999999999999998 11.999999999999998 13.000000000000002 13.999999999999998 21 17 12.000000000000002 10.999999999999998 12.000000000000002 339 19 20 13.999999999999998
leaf_count=12 16 13 12 13 14 21 17 12 11 12 339 19 20 14
internal_value=-2.43642e-05 0.000225158 -3.35675e-05 0.000108356 0.00274782 -5.85007e-05 -0.000333894 0.00142382 -6.8201e-05 2.85153e-05 0.000183668 -0.00130543 -0.000158134 -0.00109581
internal_weight=545 533 517 505 27 478 411 67 398 387 356 31 46 26
internal_count=545 533 517 505 27 478 411 67 398 387 356 31 46 26
is_linear=0
shrinkage=0.0529975


Tree=188
num_leaves=12
num_cat=0
split_feature=19 13 44 29 45 30 30 30 29 19 45
split_gain=0.415588 0.15417 0.452266 0.129492 0.0886836 0.0608746 0.0967767 0.0847284 0.0751449 0.0246572 0.0200105
threshold=1.0782546332626139 1.0978001978387761 -0.27848972336365163 0.96361458521015575 1.6759414369285972 1.3172068235561969 1.0684567549518114 0.97505087236928578 0.69848664362485546 -0.41834980088588797 -0.70873559988967771
decision_type=2 2 2 2 2 2 2 2 2 2 2
left_child=1 3 -3 4 5 6 7 8 10 -6 -1
right_child=-2 2 -4 -5 9 -7 -8 -9 -10 -11 -12
leaf_value=0.00047195855189869582 -0.0068602225695951185 0.0078923889153099565 -0.0022579358409538248 -0.0045489003948335407 0.004403354101939783 -0.0030407373486033358 0.0040284991258591326 -0.0034187905975557251 0.0032026827497085133 0.0002159362444041515 -0.00030736861112961824
leaf_weight=130 18 20 18 10.999999999999998 11.000000000000002 11.999999999999998 10.999999999999998 13.999999999999998 14.999999999999998 10.999999999999998 274
leaf_count=130 18 20 18 11 11 12 11 14 15 11 274
internal_value=-2.6673e-05 0.000268181 0.00327315 0 0.000157537 -4.90008e-06 0.000101054 -3.64729e-05 0.000106748 0.00305382 -3.63242e-05
internal_weight=545 527 38 489 478 456 444 433 419 22 404
internal_count=545 527 38 489 478 456 444 433 419 22 404
is_linear=0
shrinkage=0.0529975


Tree=189
num_leaves=25
num_cat=0
split_feature=45 30 16 35 29 29 4 29 38 29 32 30 15 31 30 26 37 34 3 8 31 7 45 16
split_gain=0.404252 0.334611 0.0850224 0.257662 0.479302 0.263897 0.151589 0.232369 0.114752 0.114523 0.146529 0.0860454 0.0456295 0.053881 0.0350161 0.0451241 0.0426211 0.0300448 0.0287031 0.0351568 0.0225889 0.0199601 0.0142196 0.0128363
threshold=1.7894974863008961 -1.6045160372440099 -0.90459423178773413 0.24870215725135078 0.63976665760306584 0.69848664362485546 1.5480257726268594 0.78170629896345034 -0.22749679365243655 1.0000000180025095e-35 -0.82894980672843332 1.0555148531397263 -1.2252975897148428 1.108658458863365 0.55455133127410849 -0.23817576173475374 -0.81674439241534058 -0.51153556002726497 -0.094889493647710224 -0.74199266462636426 -0.061487483200831784 0.84691737639410036 0.086156745716413782 -1.2177696972268879
decision_type=2 2 2 2 2 2 2 2 2 2 2 2 2 2 2 2 2 2 2 2 2 2 2 2
left_child=1 -1 6 5 18 9 7 21 -8 11 -11 14 23 -14 16 -16 -4 22 19 -5 -19 -3 -12 -10
right_child=-2 2 3 4 -6 -7 8 -9 12 10 17 -13 13 -15 15 -17 -18 20 -20 -21 -22 -23 -24 -25
leaf_value=0.0071337131288258049 -0.0078492185098001672 0.0015522779266693809 0.0022511879489984185 -0.00098715876681621244 -0.010843133977480168 0.006608080401229342 -0.0042088560877867592 0.0085285382835567098 0.00016167255351044274 -0.0054215419454328555 0.001554178115849892 0.0035408986030627991 0 0.0041973299682427096 -0.0022585507032064911 0.00042975328685796078 5.7917105358473148e-05 -0.002333708406943517 -0.0017626713310588936 0.0021369388235744236 0 -0.00054743430264738737 -0.00025235558710520224 -0.0015173786739021604
leaf_weight=12.999999999999998 11.999999999999998 20 26 11.999999999999998 11.999999999999998 10.999999999999998 10.999999999999998 10.999999999999998 19 17 17.000000000000004 17 13.000000000000005 10.999999999999998 29 25 148 21 19 14.000000000000002 28 13.999999999999998 11.999999999999998 12.999999999999998
leaf_count=13 12 20 26 12 12 11 11 11 19 17 17 17 13 11 29 25 148 21 19 14 28 14 12 13
internal_value=-2.47139e-05 0.000223853 -1.49706e-05 -0.000385397 -0.00351158 0.000153164 0.00122626 0.00341909 -0.000310739 -0.000146389 -0.001666 0.000440747 0.000675328 0.00222198 9.49299e-05 -0.000978987 0.00048853 -0.00043573 -0.000374432 0.000561974 -0.00123279 0.000560607 0.00069191 -0.000468435
internal_weight=545 533 520 408 57 351 112 45 67 340 95 245 56 24 228 54 174 78 45 26 49 34 29 32
internal_count=545 533 520 408 57 351 112 45 67 340 95 245 56 24 228 54 174 78 45 26 49 34 29 32
is_linear=0
shrinkage=0.0529975


Tree=190
num_leaves=13
num_cat=0
split_feature=19 38 47 13 45 30 30 30 7 29 36 3
split_gain=0.40155 0.150904 0.214109 0.171059 0.103969 0.247765 0.0888491 0.0718704 0.0625884 0.062416 0.0599289 0.0414367
threshold=1.0782546332626139 -0.37905512615458281 0.66068322996836037 0.71361396071117855 1.6759414369285972 1.2529128884377021 1.0684567549518114 0.97505087236928578 1.527066262327532 0.81384386805079478 1.4371240812312862 -0.29350247313295302
decision_type=2 2 2 2 2 2 2 2 2 2 2 2
left_child=1 2 3 -1 5 6 7 8 9 11 -6 -3
right_child=-2 4 -4 -5 10 -7 -8 -9 -10 -11 -12 -13
leaf_value=0.00061953540745001356 -0.0067403758017246084 0.00078636520694635092 -0.00084335048040217798 0.0094509565637708043 0 -0.0061501677280323686 0.0037884374612245047 -0.0032211123731907486 0.0025012128140742451 -0.0031830567225148293 0.0046781400064236341 -0.000366504364649391
leaf_weight=14.000000000000002 18 124 19 10.999999999999998 12.000000000000002 12.999999999999998 10.999999999999998 13.999999999999998 21 11.999999999999998 13.999999999999998 262
leaf_count=14 18 124 19 11 12 13 11 14 21 12 14 262
internal_value=-2.28746e-05 0.000266712 0.00303902 0.0058073 -5.72408e-06 -0.000221619 1.60834e-05 -0.000114278 1.70785e-05 -0.000131884 0.00290112 0
internal_weight=545 527 44 25 483 457 444 433 419 398 26 386
internal_count=545 527 44 25 483 457 444 433 419 398 26 386
is_linear=0
shrinkage=0.0529975


Tree=191
num_leaves=16
num_cat=0
split_feature=13 7 8 29 17 29 29 25 28 29 29 25 34 1 12
split_gain=0.392343 0.309026 0.436906 0.433513 0.145586 0.270631 0.153278 0.131652 0.0848537 0.240634 0.0552438 0.031038 0.0186096 0.00684723 0.00116846
threshold=1.9449801053509139 -2.251833151424401 2.2335239833880842 1.1880524913612776 1.3903316759514752 0.88678181099218489 0.67528232375896413 -1.3308125281902385 -0.68233214201494385 -0.25653487140086723 0.69848664362485546 1.6545259107430377 1.3236697290017567 1.561867769505046 -1.1705435011372571
decision_type=2 2 2 2 2 2 2 2 2 2 2 2 2 2 2
left_child=1 -1 3 4 5 7 11 -3 9 -9 -10 12 -6 14 -13
right_child=-2 2 -4 -5 6 -7 -8 8 10 -11 -12 13 -14 -15 -16
leaf_value=0.007257009528686055 -0.0077290916107017882 0.004286896819104981 -0.0083652723841003852 0.0083520827585051027 0 -0.0067910575397366604 0.0065485523072588772 4.8381577074698672e-05 -0.0001637280099113451 -0.0069264331323916784 0.002932197583535147 0 0.0027421991410015957 0.00050416685613374377 -0.001000865933619467
leaf_weight=10.999999999999998 11.999999999999998 11.999999999999998 10.999999999999998 11.999999999999998 12.000000000000002 11.999999999999998 10.999999999999998 39 331 13.999999999999998 10.999999999999998 14.999999999999998 17 11.999999999999998 13.000000000000002
leaf_count=11 12 12 11 12 12 12 11 39 331 14 11 15 17 12 13
internal_value=-2.02984e-05 0.000224356 0 0.000270337 -7.04847e-06 -0.000422938 0.00196756 -0.000122392 -0.000335866 -0.00219237 0 0.000678917 0.00185679 -0.000153923 -0.000680594
internal_weight=545 533 522 511 499 419 80 407 395 53 342 69 29 40 28
internal_count=545 533 522 511 499 419 80 407 395 53 342 69 29 40 28
is_linear=0
shrinkage=0.0529975


Tree=192
num_leaves=20
num_cat=0
split_feature=45 30 3 29 29 29 39 19 3 29 19 13 29 39 1 45 8 30 26
split_gain=0.389291 0.338883 0.0824124 0.321617 0.233166 0.113598 0.290991 0.248003 0.0659198 0.0817401 0.0637876 0.0561561 0.0432047 0.0497635 0.0339367 0.0297733 0.0220205 0.0189547 0.0166664
threshold=1.7894974863008961 -1.6045160372440099 0.070621322589991556 0.99250610888350865 0.7731741465887918 -0.62400762929631193 -0.35365965590939757 -0.83382283659871825 -0.074660393885324527 0.69848664362485546 0.80107462915198291 -0.054758513544016361 0.60923513714294653 -0.77696491235144882 -1.0466141943440603 0.31326884446101144 -0.65448179333522094 -0.14500950889521416 -0.25898519317648783
decision_type=2 2 2 2 2 2 2 2 2 2 2 2 2 2 2 2 2 2 2
left_child=1 -1 3 8 5 6 -4 -7 9 10 12 18 13 -3 -9 -10 -16 -18 -8
right_child=-2 2 4 -5 -6 7 11 14 15 -11 -12 -13 -14 -15 16 -17 17 -19 -20
leaf_value=0.0071809023855181342 -0.0076954508785693826 0.0020703747580055145 0.0080872066077828028 -0.0071149690007327356 0.0067039206629267911 -0.006539381071238564 -0.0026319781858449142 0.0020220475194438351 0 0.003447899683064852 -0.003210908880977362 0.00203323133984524 -0.0022923796421593368 0 0.0012393302882306727 -0.0032469950772722337 0.00035755343538679892 -0.00091281153541754366 0
leaf_weight=12.999999999999998 11.999999999999998 34 10.999999999999998 13.999999999999998 10.999999999999998 10.999999999999998 10.999999999999998 18 17 13.999999999999998 10.999999999999998 14.999999999999998 11.999999999999998 167 20 19 40 79 16.000000000000004
leaf_count=13 12 34 11 14 11 11 11 18 17 14 11 15 12 167 20 19 40 79 16
internal_value=-1.64416e-05 0.000227175 -1.32703e-05 -0.000619388 0.000706452 0.000207959 0.00223347 -0.000445849 -0.000117285 0.000193032 -6.46179e-05 0 0.000149443 0.00039115 0.000163103 -0.00206978 -0.00010312 -0.000433251 -0.00146614
internal_weight=545 533 520 288 232 221 53 168 274 238 224 42 213 201 157 36 139 119 27
internal_count=545 533 520 288 232 221 53 168 274 238 224 42 213 201 157 36 139 119 27
is_linear=0
shrinkage=0.0529975


Tree=193
num_leaves=20
num_cat=0
split_feature=39 38 29 45 36 53 8 19 31 29 39 9 9 36 10 13 29 39 19
split_gain=0.384863 0.317815 0.116934 0.084863 0.0681353 0.0612867 0.195449 0.166702 0.0682999 0.0667862 0.0497513 0.0840371 0.0385557 0.0273594 0.0298612 0.0272731 0.0262333 0.0169057 0.00496576
threshold=-1.1558530955085182 -0.85777646155359866 0.99250610888350865 1.6759414369285972 1.4371240812312862 1.0593795073025254 0.78312287694308436 -0.97088705664890151 -0.23990902356405411 0.35860536846391994 -0.63927416386584646 1.1550104415670115 -0.64789962636876808 -0.19775994398242885 0.51025009870396032 0.67421024408270702 -0.42378981793710108 -0.79348685826839638 -0.16545183642694675
decision_type=2 2 2 2 2 2 2 2 2 2 2 2 2 2 2 2 2 2 2
left_child=-1 -2 3 5 -5 7 13 -3 9 12 11 -10 -9 15 18 17 -12 -7 -15
right_child=1 2 -4 4 -6 6 -8 8 10 -11 16 -13 -14 14 -16 -17 -18 -19 -20
leaf_value=-0.0076509216383668886 0.0064671913534248872 -0.0053534472693425325 -0.0042340072880181307 0 0.0046610370155484807 0.0030833484692786685 0.0061062712857677844 0.00027988155533836752 0.0024031606434604569 -0.0041325309099419401 0.00069312190062905733 -0.0010412981916695725 -0.0014604263926085383 0.00071078821853203748 -0.002651428439578175 -0.000443287801890877 -0.00065287288991121349 0 -0.00040906813808260211
leaf_weight=11.999999999999998 15.999999999999998 11.999999999999998 11.999999999999998 13.000000000000002 13.999999999999998 10.999999999999998 11.999999999999998 66 61 11.999999999999998 58 21 58 12.999999999999995 10.999999999999998 12.999999999999998 99 11.000000000000002 20.000000000000004
leaf_count=12 16 12 12 13 14 11 12 66 61 12 58 21 58 13 11 13 99 11 20
internal_value=-1.55979e-05 0.000226551 -2.51632e-05 0.000109692 0.00271405 -5.47879e-05 0.00112178 -0.000362115 -0.000102317 -0.00104004 0.00041517 0.00143082 -0.000510221 0 -0.000843993 0.00100286 -0.000105569 0.00201881 0
internal_weight=545 533 517 505 27 478 91 387 375 136 239 82 124 79 44 35 157 22 33
internal_count=545 533 517 505 27 478 91 387 375 136 239 82 124 79 44 35 157 22 33
is_linear=0
shrinkage=0.0529975


Tree=194
num_leaves=16
num_cat=0
split_feature=19 38 47 13 45 30 30 6 29 13 36 7 17 12 9
split_gain=0.390403 0.147253 0.197737 0.162614 0.095563 0.218533 0.0829149 0.0666294 0.154877 0.112544 0.0550275 0.0464602 0.0352677 0.0225812 0.00827925
threshold=1.0782546332626139 -0.37905512615458281 0.66068322996836037 0.71361396071117855 1.6759414369285972 1.2529128884377021 1.0684567549518114 -0.84749906586935231 0.74954040166073665 0.3048004006907864 1.4371240812312862 -1.9754482841524654 -0.77202366073635897 -0.98632518450781059 0.66268928165737473
decision_type=2 2 2 2 2 2 2 2 2 2 2 2 2 2 2
left_child=1 2 3 -1 5 6 7 9 11 13 -6 -9 -13 14 -3
right_child=-2 4 -4 -5 10 -7 -8 8 -10 -11 -12 12 -14 -15 -16
leaf_value=0.00059501956128386901 -0.006641513895841636 -0.00077948375149513259 -0.00072960677526218913 0.00921596191732885 0 -0.0057766366744211187 0.0036583679776871682 -0.0028506743023534128 -0.0047832960664166485 0.0048957568401125588 0.004488089553750475 0.00086733013160391497 -0.00035264766368734357 0.0015720905764562523 0.00027223858652943017
leaf_weight=14.000000000000002 18 38 19 10.999999999999998 12.000000000000002 12.999999999999998 10.999999999999998 10.999999999999998 15.999999999999998 11.999999999999998 13.999999999999998 87 228 18 23
leaf_count=14 18 38 19 11 12 13 11 11 16 12 14 87 228 18 23
internal_value=-1.7489e-05 0.000267828 0.0030062 0.00566263 -1.15101e-06 -0.000208787 1.35176e-05 -0.000111872 -0.00046699 0.0010971 0.00278532 -0.000151541 0 0.000133229 -0.000289805
internal_weight=545 527 44 25 483 457 444 433 342 91 26 326 315 79 61
internal_count=545 527 44 25 483 457 444 433 342 91 26 326 315 79 61
is_linear=0
shrinkage=0.0529975


Tree=195
num_leaves=22
num_cat=0
split_feature=45 30 30 38 29 29 1 47 34 34 5 13 19 31 31 25 13 31 53 17 29
split_gain=0.385086 0.321409 0.0768746 0.114319 0.36023 0.34247 0.111445 0.134514 0.0768999 0.0962886 0.0759736 0.048857 0.074621 0.0363149 0.0494929 0.0242844 0.0223532 0.0139525 0.0148636 0.010015 0.00510966
threshold=1.7894974863008961 -1.6045160372440099 -1.2827102050692498 0.1899764519439007 0.63976665760306584 0.88678181099218489 -0.94923757689604416 -0.17547900012222076 -0.65849572485004393 -0.73305319463412733 -0.78526987696431483 -1.0792551458842758 -0.58317633917525924 0.94639197622347437 0.70014509696505478 -0.85713283843416932 -0.094162230172487885 0.032873551969873807 -1.069797498769544 -0.75255709074989141 -0.12836915362137594
decision_type=2 2 2 2 2 2 2 2 2 2 2 2 2 2 2 2 2 2 2 2 2
left_child=1 -1 -3 5 6 13 7 15 9 19 -9 -10 -13 14 17 -5 -15 18 -4 -8 -19
right_child=-2 2 3 4 -6 -7 8 10 11 -11 -12 12 -14 16 -16 -17 -18 20 -20 -21 -22
leaf_value=0.007000707604035452 -0.0076508457466250932 -0.0035235015479478378 -0.00012363723031714004 -0.0020502762563217626 -0.0069048757384668237 0.0067810109050250606 0 0.0069585984249029295 -0.0021473655938637993 -0.0056154938620920566 0.00075028419846614037 0.0019855893029405661 -0.00032151905335872492 1.3000968597616011e-05 0.0033708647183048829 0.00064246743098589527 -0.0020405429074054813 0.0002112586158773566 0.0012193228492110291 -0.0014905033272292825 -0.00065059808039580932
leaf_weight=12.999999999999998 11.999999999999998 10.999999999999998 24 11.000000000000002 17 20 26.999999999999996 11.000000000000002 20 10.999999999999998 14.999999999999998 48 130 19 10.999999999999998 10.999999999999998 21 12.999999999999998 48 11.000000000000002 41
leaf_count=13 12 11 24 11 17 20 27 11 20 11 15 48 130 19 11 11 21 13 48 11 41
internal_value=-1.31729e-05 0.000229027 -4.86458e-06 9.7755e-05 -0.000515844 0.00109049 0 0.00216832 -0.000483527 -0.00223672 0.00440703 0 0.000307096 0.00020819 0.000649389 -0.000605186 -0.00103873 0.000216545 0.000707029 -0.000467844 -0.000326319
internal_weight=545 533 520 509 312 197 295 48 247 49 26 198 178 177 137 22 40 126 72 38 54
internal_count=545 533 520 509 312 197 295 48 247 49 26 198 178 177 137 22 40 126 72 38 54
is_linear=0
shrinkage=0.0529975


Tree=196
num_leaves=17
num_cat=0
split_feature=39 38 45 30 36 8 39 6 31 36 19 31 39 25 3 0
split_gain=0.377678 0.29633 0.0882899 0.202661 0.080115 0.108002 0.111881 0.103472 0.0669605 0.0647163 0.0586958 0.0472339 0.0391872 0.0275984 0.0242484 0.00839719
threshold=-1.1558530955085182 -0.85777646155359866 1.6759414369285972 1.2529128884377021 -0.78564632291201708 1.1846244970882689 -0.90242666681960892 -0.25921772107916047 -0.25672678536692412 1.4371240812312862 -0.50832564867298069 -1.1680168690217747 -0.71361890106462766 -1.2412826634859453 0.40164295506539588 -0.60072076272059405
decision_type=2 2 2 2 2 2 2 2 2 2 2 2 2 2 2 2
left_child=-1 -2 3 4 7 6 -6 -3 10 -4 -8 -7 -10 -9 15 -15
right_child=1 2 9 -5 5 11 8 13 12 -11 -12 -13 -14 14 -16 -17
leaf_value=-0.00757798984454576 0.0062513615150687103 -0.0041707835993181194 0 -0.0055747591951850134 0.0039426623295933782 0.0053062396602989318 -0.0030149316874169482 -0.0018348824241724156 0.0016063693557706574 0.0045212238439129877 -0.00023996769708493519 7.3338342951326525e-05 0 0.000279661986252038 0.0016500242927716183 -0.0010527551429857377
leaf_weight=11.999999999999998 15.999999999999998 21 13.000000000000002 12.999999999999998 13.999999999999998 11.000000000000002 30 14.999999999999998 47 13.999999999999998 72 10.999999999999998 205 11.999999999999998 20 19.000000000000004
leaf_count=12 16 21 13 13 14 11 30 15 47 14 72 11 205 12 20 19
internal_value=-1.40862e-05 0.000225661 -1.70027e-05 -0.000206493 0 0.000335836 7.37633e-05 -0.00139263 -0.000122966 0.0026228 -0.00124289 0.00351539 0.000321617 -0.000137906 0.000379191 -0.000386457
internal_weight=545 533 517 490 477 390 368 87 354 27 102 22 252 66 51 31
internal_count=545 533 517 490 477 390 368 87 354 27 102 22 252 66 51 31
is_linear=0
shrinkage=0.0529975


Tree=197
num_leaves=13
num_cat=0
split_feature=19 38 39 29 53 47 30 29 17 24 2 13
split_gain=0.390412 0.135837 0.101152 0.128073 0.329955 0.118137 0.0768432 0.264513 0.0422775 0.0291082 0.0684797 0.0242255
threshold=1.0782546332626139 -0.68690109666846921 -1.1512768679247249 0.63976665760306584 1.0000000180025095e-35 0.52132285828659686 1.0684567549518114 -0.42378981793710108 -1.4430991583872543 -1.1894527247688729 -1.0530676585040981 -0.054758513544016361
decision_type=2 2 2 2 2 2 2 2 2 2 2 2
left_child=1 -1 -3 6 5 -5 8 -8 -4 -10 -11 -12
right_child=-2 2 3 4 -6 -7 7 -9 9 10 11 -13
leaf_value=0.0049445023995971348 -0.0066368378226864307 0.0041279759099584912 -0.0024086528625238187 -0.002678209022648263 -0.0081069828211711385 0.0030406862044927074 0.0057602603921610498 -0.0026060479534867767 0.0020253830361316267 -0.0030657936633284775 -0.00016201426109794213 0.00065081219861742444
leaf_weight=10.999999999999998 18 10.999999999999998 12.999999999999998 11.000000000000002 12.999999999999998 18 20 11.999999999999998 15.999999999999998 12.999999999999998 215 174
leaf_count=11 18 11 13 11 13 18 20 12 16 13 215 174
internal_value=-1.24801e-05 0.000272796 0.000104169 -1.7222e-05 -0.00263682 0.000584659 0.000236191 0.00252292 1.81382e-05 0.000143083 2.23799e-05 0.000188241
internal_weight=545 527 516 505 42 29 463 32 431 418 402 389
internal_count=545 527 516 505 42 29 463 32 431 418 402 389
is_linear=0
shrinkage=0.0529975


Tree=198
num_leaves=15
num_cat=0
split_feature=45 30 39 29 2 1 30 30 1 30 29 19 19 19
split_gain=0.377339 0.307116 0.0755762 0.112368 0.0597568 0.112074 0.208094 0.104464 0.281415 0.0448837 0.0400737 0.0396129 0.0253777 0.0278384
threshold=1.7894974863008961 -1.6045160372440099 -1.0783225139200134 0.99250610888350865 -1.336645122264297 -0.94923757689604416 0.89794870023472273 0.83988821281013359 0.077270382728210144 1.0909449037682633 0.7731741465887918 -0.74651601231882447 -0.1790075546397929 0.14830366495451694
decision_type=2 2 2 2 2 2 2 2 2 2 2 2 2 2
left_child=1 -1 -3 4 -4 6 12 10 -9 -10 11 -7 -6 -14
right_child=-2 2 3 -5 5 7 -8 8 9 -11 -12 -13 13 -15
leaf_value=0.0068442211537216215 -0.0075752357567953387 0.0028273482625809109 -0.0026440269495394096 -0.0042696583655401918 -0.0011243642347319716 0.0024865923207165064 0.0070449140896295609 -0.0068127910867735383 -0.00075048842001180865 0.002784232604157378 0.0025503617252528778 -0.00013165988567800225 0.0026660087842715046 -3.7134510094521337e-05
leaf_weight=12.999999999999998 11.999999999999998 19 17 11.999999999999998 17 10.999999999999998 11.999999999999998 17 14.000000000000002 11.999999999999998 11.999999999999998 350 11.000000000000002 15.999999999999998
leaf_count=13 12 19 17 12 17 11 12 17 14 12 12 350 11 16
internal_value=-1.47687e-05 0.000224871 -3.47169e-06 -0.000156775 0 0.000121669 0.002233 -0.000173688 -0.00248121 0.000878675 0.000108946 0 9.34087e-05 0.00113682
internal_weight=545 533 520 501 489 472 56 416 43 26 373 361 44 27
internal_count=545 533 520 501 489 472 56 416 43 26 373 361 44 27
is_linear=0
shrinkage=0.0529975


Tree=199
num_leaves=18
num_cat=0
split_feature=19 38 47 13 45 30 30 49 30 39 15 4 36 6 29 26 29
split_gain=0.375959 0.125999 0.18478 0.152783 0.0901363 0.193606 0.0739844 0.0624446 0.085943 0.221174 0.0563429 0.0942184 0.0558493 0.0470621 0.0413366 0.0377404 0.0315499
threshold=1.0782546332626139 -0.37905512615458281 0.66068322996836037 0.71361396071117855 1.6759414369285972 1.2529128884377021 1.0684567549518114 1.0000000180025095e-35 0.55455133127410849 -0.812326624193484 -1.2252975897148428 1.4288226315762949 1.4371240812312862 0.30609784481396979 0.69848664362485546 -0.016083340175633568 0.11881274814264779
decision_type=2 2 2 2 2 2 2 2 2 2 2 2 2 2 2 2 2
left_child=1 2 3 -1 5 6 7 8 14 -10 -9 15 -6 -11 16 -12 -3
right_child=-2 4 -4 -5 12 -7 -8 10 9 13 11 -13 -14 -15 -16 -17 -18
leaf_value=0.00049304818316167035 -0.0065125848820452954 0.00014144953938024604 -0.00078493236703736102 0.0088127778172194336 0 -0.0054240705352304134 0.0034678311411844441 -0.00099187800569778086 -0.0073475195729066243 0.00087452129552927278 0.0015909344004876843 0.0045353023779846997 0.0044424559493960875 -0.0017964948041854294 0.0022235543384145008 -0.0011224350336535779 -0.0011373774854196348
leaf_weight=14.000000000000002 18 200 19 10.999999999999998 12.000000000000002 12.999999999999998 10.999999999999998 18 10.999999999999998 32 24 19 13.999999999999998 28 15.999999999999998 20 65
leaf_count=14 18 200 19 11 12 13 11 18 11 32 24 19 14 28 16 20 65
internal_value=-1.17607e-05 0.000267945 0.00280069 0.00537577 0 -0.000182363 2.58222e-05 -9.18825e-05 -0.000414652 -0.00198356 0.00116238 0.00191183 0.00272602 -0.000316094 0 0.000231184 -0.000164677
internal_weight=545 527 44 25 483 457 444 433 352 71 81 63 26 60 281 44 265
internal_count=545 527 44 25 483 457 444 433 352 71 81 63 26 60 281 44 265
is_linear=0
shrinkage=0.0529975


Tree=200
num_leaves=14
num_cat=0
split_feature=13 7 8 29 17 29 16 25 19 30 38 15 6
split_gain=0.368285 0.290414 0.406729 0.405241 0.126926 0.24475 0.124277 0.11322 0.0665702 0.0627779 0.0452532 0.0138105 0.00686941
threshold=1.9449801053509139 -2.251833151424401 2.2335239833880842 1.1880524913612776 1.3903316759514752 0.88678181099218489 -1.081752715281953 -1.3308125281902385 -0.94590896873541463 0.56564965927232158 -0.62108709288109554 -1.1910565641092512 -0.86254907882523035
decision_type=2 2 2 2 2 2 2 2 2 2 2 2 2
left_child=1 -1 3 4 5 7 9 -3 -9 11 -10 12 -6
right_child=-2 2 -4 -5 6 -7 -8 8 10 -11 -12 -13 -14
leaf_value=0.0070450456109552063 -0.0074787840688552848 0.0039875178939569834 -0.008061485568957508 0.008083893701361344 -0.00010705684357305601 -0.0064419556495266634 0.0059841510602955377 -0.0030812004214896696 -0.0027843818128285829 0.0030735847992494963 0 -0.0012753605816823736 0.0010299422369333929
leaf_weight=10.999999999999998 11.999999999999998 11.999999999999998 10.999999999999998 11.999999999999998 20.999999999999996 11.999999999999998 10.999999999999998 17 10.999999999999998 15.999999999999998 367 17 15.000000000000002
leaf_count=11 12 12 11 12 21 12 11 17 11 16 367 17 15
internal_value=-9.10392e-06 0.000227442 0 0.000270536 0 -0.000386681 0.00184569 -0.000100294 -0.000299671 0.000667091 -0.000110224 -0.000179566 0.000279793
internal_weight=545 533 522 511 499 419 80 407 395 69 378 53 36
internal_count=545 533 522 511 499 419 80 407 395 69 378 53 36
is_linear=0
shrinkage=0.0529975


Tree=201
num_leaves=29
num_cat=0
split_feature=23 29 38 12 19 6 19 19 29 29 34 19 34 13 12 29 17 0 5 39 37 29 12 29 5 29 8 44
split_gain=0.356534 1.21233 0.667789 0.172781 0.197432 0.11545 0.0884495 0.0742698 0.54296 0.17457 0.411096 0.051777 0.0367029 0.0461042 0.0438231 0.0330088 0.0254147 0.0389735 0.0231919 0.0174777 0.0236404 0.0444297 0.0115392 0.00977984 0.0094211 0.00618679 0.00507125 0.00492886
threshold=0.74002062381802314 0.6273942987389155 -0.85777646155359866 0.80071472735218008 -0.71234336683649502 1.070545142625978 -0.97088705664890151 -0.2117746308052324 0.47796017511591082 0.67528232375896413 1.4806052957583782 0.22724928406737435 -0.11205491672286301 -0.0055038677584269549 0.24244024473966483 0.60923513714294653 -0.71730547180092108 -1.0254543933453242 -0.11627862260274134 1.9970543020319564 -0.81674439241534058 0.16142385576168791 1.5117235543663337 -0.19322199846525803 0.10085171031695951 -0.16736774303259278 -0.5715105647925246 -0.7704731892735065
decision_type=2 2 2 2 2 2 2 2 2 2 2 2 2 2 2 2 2 2 2 2 2 2 2 2 2 2 2 2
left_child=2 3 -1 4 -2 -5 -4 8 12 15 11 -11 14 25 18 19 17 -16 -8 20 21 -9 -22 27 -20 26 -14 -6
right_child=1 -3 6 5 23 -7 7 9 -10 10 -12 -13 13 -15 16 -17 -18 -19 24 -21 22 -23 -24 -25 -26 -27 -28 -29
leaf_value=0.0096070317865851931 -0.0067600486253963782 -0.015802992468097212 0.0036629581858837901 0.0054176924779238802 0 -0.00024942614330306372 0.0018979026827760745 0.0030943339912785409 -0.0099141010025546941 0.0021806764768194853 -0.0032342465608115822 0.0096686041433275138 0.0011001610821410152 0.0034237484197094641 -0.0022838080152826493 -0.0021778975422167548 -0.0031802565704571969 0.00075671728565854246 -0.0012256094026934761 0.0017484725315377856 -0.00013276701683395022 0 -0.0016877541151527093 0.00097595214073573121 0.00039934625363209874 -0.00071250590763374702 0 -0.0010552390747935461
leaf_weight=15.999999999999998 10.999999999999998 10.999999999999998 12.999999999999998 14.000000000000002 10.999999999999996 14.999999999999998 17 11.999999999999998 10.999999999999998 12.000000000000002 10.999999999999998 10.999999999999998 12.999999999999998 11.999999999999998 12.999999999999995 12.999999999999998 12.999999999999998 22.000000000000004 11.000000000000002 10.999999999999998 157 43 10.999999999999998 14.000000000000002 10.999999999999998 11.000000000000002 10.999999999999998 14
leaf_count=16 11 11 13 14 11 15 17 12 11 12 11 11 13 12 13 13 13 22 11 11 157 43 11 14 11 11 11 14
internal_value=-8.1557e-06 -0.00295865 0.000591202 -9.93156e-05 -0.00199189 0.00274636 0.000121882 -1.93553e-05 -0.000985623 0.000465091 0.00371547 0.00726161 9.06731e-05 0.0012398 -0.000494924 -3.2179e-05 -0.00152996 -0.000371109 0.000657862 0.000109362 0 0.000882668 -0.00032938 0 -0.000252134 0 0.00054005 -0.00052128
internal_weight=545 90 455 79 50 29 439 426 145 281 34 23 134 47 87 247 48 35 39 234 223 55 168 39 22 35 24 25
internal_count=545 90 455 79 50 29 439 426 145 281 34 23 134 47 87 247 48 35 39 234 223 55 168 39 22 35 24 25
is_linear=0
shrinkage=0.0529975


Tree=202
num_leaves=11
num_cat=0
split_feature=39 19 29 30 2 30 29 39 39 15
split_gain=0.357709 0.25189 0.104136 0.0748107 0.240981 0.067076 0.0315929 0.0225694 0.0365075 0.0188336
threshold=-1.1558530955085182 0.95720864136975359 0.99250610888350865 1.0684567549518114 -0.52569871464058704 0.97505087236928578 0.7731741465887918 -1.0449328170218728 -0.98176190957331844 0.35253781361226161
decision_type=2 2 2 2 2 2 2 2 2 2
left_child=-1 2 3 5 -5 6 7 -2 -9 -10
right_child=1 -3 -4 4 -6 -7 -8 8 9 -11
leaf_value=-0.0073715514822528866 -0.0019099779000919458 0.0056508389067106597 -0.0039793643541417532 0.0071632023161482287 -0.00089024277608485357 -0.0029836719264268183 0.0021912334297817014 0.0021673424500761695 0.0001855461332173632 -0.00056317318773973569
leaf_weight=11.999999999999998 10.999999999999998 17 11.999999999999998 10.999999999999998 21 14.999999999999998 12.999999999999998 15.999999999999998 286 131
leaf_count=12 11 17 12 11 21 15 13 16 286 131
internal_value=-9.79155e-06 0.000223159 -5.13922e-06 0.000121465 0.00238788 -4.56051e-05 7.3138e-05 -1.72948e-06 5.62644e-05 -3.78e-05
internal_weight=545 533 516 504 32 472 457 444 433 417
internal_count=545 533 516 504 32 472 457 444 433 417
is_linear=0
shrinkage=0.0529975


Tree=203
num_leaves=17
num_cat=0
split_feature=19 13 44 29 45 44 19 39 9 19 45 8 10 34 19 13
split_gain=0.368322 0.126894 0.36094 0.0984719 0.0671968 0.0515511 0.142518 0.106181 0.0332218 0.0657274 0.0293003 0.0358638 0.0207894 0.0188717 0.0176741 0.00186208
threshold=1.0782546332626139 1.0978001978387761 -0.27848972336365163 0.96361458521015575 1.6759414369285972 1.1974606743659131 -0.95772725582126561 -0.69848839585506151 -1.4880454783536858 0.016453117862741229 1.0000000180025095e-35 -0.74199266462636426 -0.57865002231414198 -0.11205491672286301 -0.41834980088588797 -0.10401315932960577
decision_type=2 2 2 2 2 2 2 2 2 2 2 2 2 2 2 2
left_child=1 3 -3 4 5 6 -1 -7 9 -8 11 -10 -12 15 -6 -9
right_child=-2 2 -4 -5 14 7 8 13 10 -11 12 -13 -14 -15 -16 -17
leaf_value=-0.0047105572160985043 -0.0064441616926200892 0.007121572509086788 -0.0019342514018020225 -0.0039421596811785795 0.0038381535882171742 0.0040270432259918052 -0.0034443698666606925 -0.0014487124191677162 -0.00063749006164242868 0.00066866494136268715 0.00032186344119707619 0.0010323084039435561 -0.0007959449324499812 0.00082975274573013206 0.00016681968545640576 0
leaf_weight=12.999999999999998 18 20 18 10.999999999999998 11.000000000000002 20 16.000000000000004 13.000000000000002 38 13.999999999999998 67 140 102 21 10.999999999999998 11.999999999999998
leaf_count=13 18 20 18 11 11 20 16 13 38 14 67 140 102 21 11 12
internal_value=-9.46861e-06 0.000267234 0.00299423 7.50448e-06 0.000160542 0 -0.000231504 0.00131009 0 -0.00153927 0.000150758 0.000628715 -0.000317033 -6.50451e-05 0.00268087 -0.00105713
internal_weight=545 527 38 489 478 456 390 66 377 30 347 178 169 46 22 25
internal_count=545 527 38 489 478 456 390 66 377 30 347 178 169 46 22 25
is_linear=0
shrinkage=0.0529975


Tree=204
num_leaves=21
num_cat=0
split_feature=45 30 30 38 29 29 1 17 37 25 16 51 19 10 31 31 2 13 12 37
split_gain=0.3637 0.308365 0.0716052 0.0958556 0.298579 0.290732 0.0941254 0.110657 0.135756 0.0702875 0.0800861 0.0594442 0.0581928 0.0408892 0.0327592 0.0430387 0.0239058 0.0215393 0.0199815 0.012965
threshold=1.7894974863008961 -1.6045160372440099 -1.2827102050692498 0.1899764519439007 0.88678181099218489 0.63976665760306584 -0.94923757689604416 -1.3392876385518702 -0.49382030334577687 -0.80856147868421624 0.47104573151226364 1.0000000180025095e-35 -0.61139804268437181 0.8757662593583464 0.94639197622347437 0.70014509696505478 -0.9436971355296101 -0.094162230172487885 -0.98632518450781059 -0.78948456671466416
decision_type=2 2 2 2 2 2 2 2 2 2 2 2 2 2 2 2 2 2 2 2
left_child=1 -1 -3 4 14 6 7 -5 -9 10 -8 12 -11 -13 15 18 -12 -16 -4 -20
right_child=-2 2 3 5 -6 -7 9 8 -10 11 16 13 -14 -15 17 -17 -18 -19 19 -21
leaf_value=0.0068560500303598802 -0.007434818157911363 -0.0034018463832358485 -0.0010888858583206684 -0.0010634539790692545 0.0063159184215001241 -0.006207598552643777 -0.0050934007918886064 0.0069922322861650267 0.00019025988144216193 0.0022247821408694045 -0.001826186471653102 -0.0028416575718955631 -3.0425508888952181e-05 0 2.0519972340142719e-05 0.0031372628474468987 0.00049958252463604613 -0.0019906462429547535 0.0015447383184385777 0.00010189806242733075
leaf_weight=12.999999999999998 11.999999999999998 10.999999999999998 19 15.999999999999998 20 17 11.999999999999998 11.999999999999998 20 35 13.999999999999995 24 122 19 19 10.999999999999998 21.000000000000004 21 22 85
leaf_count=13 12 11 19 16 20 17 12 12 20 35 14 24 122 19 19 11 21 21 22 85
internal_value=-1.18862e-05 0.00022313 -5.6836e-06 9.29035e-05 0.00100276 -0.0004677 0 0.00198882 0.00362576 -0.000448083 -0.00216417 0 0.000492827 -0.00161235 0.000176947 0.000598673 -0.00039139 -0.00100536 0.000191681 0.000526602
internal_weight=545 533 520 509 197 312 295 48 32 247 47 200 157 43 177 137 35 40 126 107
internal_count=545 533 520 509 197 312 295 48 32 247 47 200 157 43 177 137 35 40 126 107
is_linear=0
shrinkage=0.0529975


Tree=205
num_leaves=16
num_cat=0
split_feature=19 38 39 12 9 9 39 30 30 3 10 39 10 39 2
split_gain=0.353843 0.113166 0.0886809 0.074328 0.112378 0.21106 0.169387 0.154763 0.0745152 0.11899 0.0571757 0.0406948 0.0288841 0.0278261 0.0384142
threshold=1.0782546332626139 -0.68690109666846921 -1.1512768679247249 -1.5712548210644959 1.2542926058956805 1.5701698219090805 -0.38841790629953959 1.0684567549518114 0.41858325918345057 -0.51602257051919664 0.3867303336504192 -0.56694565077481152 0.35276627385815701 -1.0258060529147761 -0.92983480377535876
decision_type=2 2 2 2 2 2 2 2 2 2 2 2 2 2 2
left_child=1 -1 -3 11 7 6 -6 8 13 -10 -11 -4 -7 -5 -15
right_child=-2 2 3 4 5 12 -8 -9 9 10 -12 -13 -14 14 -16
leaf_value=0.004525084173634732 -0.0063188142239090439 0.0038709743992745862 0.0041264280665158923 -0.0017104173291032645 -0.0090139387188345171 -0.00065094129275778008 0 0.0040523038491087505 -0.0054679732603890047 0.0005317455152508045 -0.0018566440359436885 0 0.0022535893326738939 -0.00089329258571972908 0.00066619939132225804
leaf_weight=10.999999999999998 18 10.999999999999998 12.000000000000002 11.999999999999998 11.000000000000002 11.000000000000002 10.999999999999998 20 10.999999999999998 55 43 13.999999999999998 11.999999999999998 45 248
leaf_count=11 18 11 12 12 11 11 11 20 11 55 43 14 12 45 248
internal_value=-1.17697e-05 0.000259212 0.000103955 -8.89185e-06 -0.000185433 -0.00254334 -0.00568623 7.45051e-05 -0.000156141 -0.00131717 -0.000495687 0.00245046 0.000776241 0.000253723 0.000390215
internal_weight=545 527 516 505 479 45 22 434 414 109 98 26 23 305 293
internal_count=545 527 516 505 479 45 22 434 414 109 98 26 23 305 293
is_linear=0
shrinkage=0.0529975


Tree=206
num_leaves=26
num_cat=0
split_feature=25 19 44 8 30 30 29 8 35 34 4 19 29 29 8 5 3 5 29 4 19 7 39 31 6
split_gain=0.352129 1.73745 0.437012 0.438694 0.159135 0.146769 0.0974961 0.345794 0.0491399 0.032948 0.0953715 0.0495154 0.0490263 0.0358484 0.0308184 0.0268732 0.0194785 0.0188183 0.0177146 0.0219375 0.0205752 0.0137251 0.00982855 0.00419373 0.00333171
threshold=-1.1764033572252413 1.0782546332626139 1.0000000180025095e-35 0.97390045284613536 1.2529128884377021 0.099707195366812731 0.78170629896345034 -1.0389942329791786 -1.3658915081057359 -0.51153556002726497 -0.52225136979079723 0.27464921163272588 0.60923513714294653 -0.74356857378253738 -0.57956101264722126 1.0972590724923412 -0.87095132089560212 0.065275005551121631 -0.087459317197588579 -0.29593974745626606 -0.50832564867298069 0.4115726716950609 1.0819806052360186 0.44981156148379736 -0.41289318267654535
decision_type=2 2 2 2 2 2 2 2 2 2 2 2 2 2 2 2 2 2 2 2 2 2 2 2 2
left_child=2 4 5 -4 6 8 9 -8 -1 10 13 -12 14 22 15 16 -11 21 20 -20 -16 -15 -2 -17 -14
right_child=1 -3 3 -5 -6 -7 7 -9 -10 12 11 -13 24 17 18 23 -18 -19 19 -21 -22 -23 -24 -25 -26
leaf_value=0 0 -0.017165549177330913 8.2711173657183266e-05 0.013972989114000476 -0.0042182142759023458 -0.0036483792861095911 -0.002884524712049277 0.006874520337204368 0.003973287878851736 0 0.0053287891141537711 0.00021533654613835345 -0.00035408332734671472 0.00034663430149935349 -0.0010827977170716364 0.00027254424873797217 0.0020926447319633049 -0.00085081000722921388 -0.0026186512715086901 -0.00027734530986978117 0.00043598892791734165 0.0023507960783690171 -0.0024747573074470766 -0.00052980935959295221 -0.0030013980492667263
leaf_weight=10.999999999999998 11.000000000000002 10.999999999999998 12.000000000000002 10.999999999999998 17 13.999999999999998 12.000000000000002 18 12.000000000000002 20 11.000000000000002 12.999999999999998 11.000000000000002 60 30 20 35 12.999999999999998 14.999999999999998 47 76 10.999999999999998 10.999999999999998 31 11.999999999999998
leaf_count=11 11 11 12 11 17 14 12 18 12 20 11 13 11 60 30 20 35 13 15 47 76 11 11 31 12
internal_value=-1.40461e-05 -0.000514908 0.00360768 0.00848256 6.65626e-05 -2.05815e-05 0.000293605 0.00294663 0.00224458 5.28539e-05 0.000750314 0.00338859 -0.000238187 0 0 0.000667342 0.00143051 0.000518569 -0.000459162 -0.00112749 0 0.000906748 -0.00165289 -9.7045e-05 -0.00231122
internal_weight=545 485 60 23 474 37 457 30 23 427 130 24 297 106 274 106 55 84 168 62 106 71 22 51 23
internal_count=545 485 60 23 474 37 457 30 23 427 130 24 297 106 274 106 55 84 168 62 106 71 22 51 23
is_linear=0
shrinkage=0.0529975


Tree=207
num_leaves=21
num_cat=0
split_feature=39 38 29 29 30 19 22 15 29 23 6 31 39 44 47 46 30 29 6 6
split_gain=0.359349 0.301993 0.0976046 0.0682753 0.195737 0.131282 0.0689093 0.108953 0.0336034 0.0280572 0.019122 0.0236743 0.0202319 0.016677 0.0184839 0.0145226 0.0143013 0.00886945 0.0052695 0.00328081
threshold=-1.1558530955085182 -0.85777646155359866 0.99250610888350865 -0.43959928777834884 1.0684567549518114 -0.77729306540003507 -0.92983480377535976 1.1268464547046981 0.69848664362485546 0.52853458084762639 -0.35546998807432423 0.025727675498821215 -0.77090409534292548 1.0000000180025095e-35 0.31228230076395158 -0.18832435130588573 0.39034647172032694 -0.56515616405898617 0.50353014485828651 -0.14593159087710691
decision_type=2 2 2 2 2 2 2 2 2 2 2 2 2 2 2 2 2 2 2 2
left_child=-1 -2 3 4 6 -5 7 -3 9 10 12 -12 -7 14 -11 17 19 -8 -18 -17
right_child=1 2 -4 5 -6 8 15 -9 -10 13 11 -13 -14 -15 -16 16 18 -19 -20 -21
leaf_value=-0.0073942250527294579 0.0063010814022906323 -0.0048180259653115894 -0.0038730932065243438 -0.0045821297674466365 0.0052388236418842325 0.0015493933306082708 -0.0007149255439280603 0.00069292736251607334 0.001741340828132207 0.0022923189258890306 -0.00014568754659025854 -0.0015192134896346824 -0.0002170517579729103 -0.00016669246407886472 0 0.00011737742781259791 0.00075645562432855419 0.00082701253377266335 -0.00031141366193577032 0.002222447450588581
leaf_weight=11.999999999999998 15.999999999999998 12.000000000000002 11.999999999999998 12.999999999999998 20 15.999999999999998 20.000000000000004 15.999999999999998 21 20 95 68 88 19 15.999999999999998 10.999999999999998 17 10.999999999999998 14.999999999999998 27
leaf_count=12 16 12 12 13 20 16 20 16 21 20 95 68 88 19 16 11 17 11 15 27
internal_value=-1.60062e-05 0.000217563 -2.744e-05 9.46506e-05 0.00103454 -0.000290057 0.000127227 -0.00189669 -3.14358e-05 -0.000198068 -0.000441163 -0.000793596 6.08597e-05 0.000794894 0.00142005 0.000828443 0.00122597 0 0.000101919 0.00187089
internal_weight=545 533 517 505 149 356 129 28 343 322 267 163 104 55 36 101 70 31 32 38
internal_count=545 533 517 505 149 356 129 28 343 322 267 163 104 55 36 101 70 31 32 38
is_linear=0
shrinkage=0.0529975


Tree=208
num_leaves=20
num_cat=0
split_feature=45 30 3 29 29 29 39 19 3 29 19 13 29 39 1 45 8 30 8
split_gain=0.344127 0.30525 0.06165 0.259192 0.201198 0.0896728 0.233686 0.172834 0.0573849 0.0679069 0.0541037 0.0475336 0.0309433 0.0376478 0.0281946 0.0239594 0.0175615 0.0151306 0.0126638
threshold=1.7894974863008961 -1.6045160372440099 0.070621322589991556 0.99250610888350865 0.7731741465887918 -0.62400762929631193 -0.35365965590939757 -0.83382283659871825 -0.074660393885324527 0.69848664362485546 0.80107462915198291 -0.054758513544016361 0.60923513714294653 -0.80165551899036436 -1.0466141943440603 0.31326884446101144 -0.69311765719912344 -0.14500950889521416 0.49165819004824213
decision_type=2 2 2 2 2 2 2 2 2 2 2 2 2 2 2 2 2 2 2
left_child=1 -1 3 8 5 6 -4 -7 9 10 12 18 13 -3 -9 -10 -16 -18 -8
right_child=-2 2 4 -5 -6 7 11 14 15 -11 -12 -13 -14 -15 16 -17 17 -19 -20
leaf_value=0.0068124982090965874 -0.0072361283750932565 0.0019290781245441188 0.0071952948577222002 -0.0063715609680753465 0.0061739390378725105 -0.0055181572902627332 0 0.0017775845238713025 0 0.0031643963683281678 -0.0029358074514664982 0.0018258651616261006 -0.0018919399863363755 0 0.0010428651677686135 -0.0029726448912481412 0.00023738291688420076 -0.00087725675743867025 -0.0022838583149978739
leaf_weight=12.999999999999998 11.999999999999998 30 10.999999999999998 13.999999999999998 10.999999999999998 10.999999999999998 14.000000000000002 18 17 13.999999999999998 10.999999999999998 14.999999999999998 11.999999999999998 171 19 19 40 80 12.999999999999998
leaf_count=13 12 30 11 14 11 11 14 18 17 14 11 15 12 171 19 19 40 80 13
internal_value=-1.56372e-05 0.000212661 -1.48379e-05 -0.000540676 0.000605755 0.000142064 0.00194674 -0.000434596 -8.7729e-05 0.000199857 -3.2729e-05 -9.55639e-06 0.000161582 0.000369179 6.86274e-05 -0.00191237 -0.000168866 -0.00045666 -0.00138742
internal_weight=545 533 520 288 232 221 53 168 274 238 224 42 213 201 157 36 139 120 27
internal_count=545 533 520 288 232 221 53 168 274 238 224 42 213 201 157 36 139 120 27
is_linear=0
shrinkage=0.0529975


Tree=209
num_leaves=16
num_cat=0
split_feature=13 5 5 29 17 29 29 45 30 36 37 25 34 1 28
split_gain=0.34045 0.238826 0.372381 0.380533 0.108543 0.219075 0.107329 0.0704627 0.0679887 0.0410287 0.0340131 0.0238928 0.0141693 0.00399415 0.00184479
threshold=1.9449801053509139 -2.2121322698951009 -1.7963070905740788 1.1880524913612776 1.3903316759514752 0.88678181099218489 0.67528232375896413 1.6759414369285972 1.1158556766981123 1.4371240812312862 1.6722873850234283 1.6545259107430377 1.3236697290017567 1.561867769505046 0.14638654743062807
decision_type=2 2 2 2 2 2 2 2 2 2 2 2 2 2 2
left_child=1 -1 -3 4 5 7 11 8 10 -9 -4 12 -6 14 -13
right_child=-2 2 3 -5 6 -7 -8 9 -10 -11 -12 13 -14 -15 -16
leaf_value=0.0062159797475391347 -0.0071955540779452438 -0.0077124787228662313 5.5630634031289745e-05 0.0078314499302995031 0 -0.0060897936478744169 0.0055514913839201201 0 -0.0033981311412223133 0.0039679385385187225 -0.0014682225926376841 -0.00084300379480249763 0.0024095352728956709 0.00033767831633593667 0
leaf_weight=11.999999999999998 11.999999999999998 10.999999999999998 330 11.999999999999998 12.000000000000002 11.999999999999998 10.999999999999998 11.000000000000002 12.999999999999998 11.999999999999998 40 15.000000000000002 17 11.999999999999998 12.999999999999998
leaf_count=12 12 11 330 12 12 12 11 11 13 12 40 15 17 12 13
internal_value=-1.35604e-05 0.000213429 0 0.00026019 0 -0.000361254 0.00170344 -8.8815e-05 -0.000291503 0.0024078 -0.000111322 0.00060202 0.00163642 -0.000111637 -0.000535249
internal_weight=545 533 521 510 498 418 80 406 383 23 370 69 29 40 28
internal_count=545 533 521 510 498 418 80 406 383 23 370 69 29 40 28
is_linear=0
shrinkage=0.0529975


Tree=210
num_leaves=34
num_cat=0
split_feature=3 29 38 12 19 6 1 37 1 34 26 26 26 3 31 31 3 1 5 37 15 19 34 13 1 5 6 29 37 5 44 17 25
split_gain=0.33498 1.11806 0.622265 0.155576 0.17038 0.0926288 0.0848446 0.219559 0.141984 0.276588 0.127639 0.0981423 0.133924 0.0394294 0.0373331 0.0542336 0.0283319 0.0279316 0.0257538 0.0262184 0.02121 0.0210275 0.0173354 0.0169273 0.0268343 0.0140383 0.013419 0.00795478 0.00693248 0.00548935 0.0040804 0.00212775 0.000595396
threshold=0.74002062381803124 0.6273942987389155 -0.85777646155359866 0.80071472735218008 -0.71234336683649502 1.070545142625978 -0.49608686814034797 -0.75383710233685208 0.16942873168140479 1.0000000180025095e-35 -0.55409121420728102 1.4253188865833242 1.1280953561172959 -0.27143436430125917 0.78353876678616008 0.94639197622347437 0.10372348583753192 0.62416355765874332 -0.59466142036902803 1.7100317590705216 0.38815259985289541 0.064425278750974715 1.8287459743947443 0.67421024408270702 -0.3645119553780522 -0.31457107170198995 0.33221314831891452 -0.19322199846525803 -0.30719534277960381 -0.12234174300970248 -0.7704731892735065 -0.61107092773640603 -1.2043212910712595
decision_type=2 2 2 2 2 2 2 2 2 2 2 2 2 2 2 2 2 2 2 2 2 2 2 2 2 2 2 2 2 2 2 2 2
left_child=2 3 -1 4 -2 -5 7 10 9 13 -4 12 14 23 17 -16 26 21 32 29 25 -10 -19 24 -8 -18 -15 30 -26 -20 -6 -31 -9
right_child=1 -3 6 5 27 -7 8 18 11 -11 -12 -13 -14 16 15 -17 20 22 19 -21 -22 -23 -24 -25 28 -27 -28 -29 -30 31 -32 -33 -34
leaf_value=0.0092720486108591373 -0.0063459297601539981 -0.015207733267823473 0 0.0049616015298374972 0 -9.839193932564125e-05 -0.00051393901782333465 -0.0018141997301359466 0.0022638743408878335 -0.0070626191292897491 0.006171361811701079 0.0037588392542680722 -0.0036877628089537679 -0.00048851047877218829 0.0044044412738620253 0 -0.0020053056447875573 -0.00072793287421707344 0.00048140652618284668 0.002108658423867601 0.0010855604264621915 0 0.00089729960764851945 -0.00080028888074424188 0.0028010799144314261 0 -0.0034182551988438427 0.00083345682626526042 0.00042849777659972871 0 -0.0009979147437385533 -0.00079988252119419438 -0.00030096065181510099
leaf_weight=15.999999999999998 10.999999999999998 10.999999999999998 11.999999999999998 14.000000000000002 10.999999999999996 14.999999999999998 12.999999999999995 12.999999999999998 21 15.999999999999998 25 19 15.999999999999998 17 11.000000000000002 10.999999999999998 12.999999999999998 61 11.999999999999998 12.999999999999998 13.999999999999998 10.999999999999998 17 11.999999999999998 10.999999999999998 15.000000000000002 14.999999999999998 14.000000000000002 19.000000000000007 10.999999999999995 14 22.000000000000004 19
leaf_count=16 11 11 12 14 11 15 13 13 21 16 25 19 16 17 11 11 13 61 12 13 14 11 17 12 11 15 15 14 19 11 14 22 19
internal_value=-1.17149e-05 -0.00287189 0.00056888 -0.000120355 -0.00191759 0.00257637 0.000115316 0.00124946 -0.000339231 -0.00153588 0.00437244 0.000676623 0.000104621 -0.000515387 0.000755189 0.00251716 -0.00129667 0.000230674 -0.000154593 0.000424177 -0.000140739 0.00144465 -0.000251791 0.000445423 0.000991016 -0.00104267 -0.00236837 0 0.00181418 -0.000116213 -0.000522195 -0.000553248 -0.00128883
internal_weight=545 90 455 79 50 29 439 127 312 145 37 167 148 129 132 22 74 110 90 58 42 32 78 55 43 28 32 39 30 45 25 33 32
internal_count=545 90 455 79 50 29 439 127 312 145 37 167 148 129 132 22 74 110 90 58 42 32 78 55 43 28 32 39 30 45 25 33 32
is_linear=0
shrinkage=0.0529975


Tree=211
num_leaves=20
num_cat=0
split_feature=19 38 10 36 45 12 29 53 39 19 6 39 36 39 45 3 19 29 13
split_gain=0.332187 0.108769 0.157844 0.115662 0.0763877 0.066558 0.125339 0.0723352 0.134007 0.126339 0.165973 0.0556363 0.043608 0.0416219 0.0397856 0.0529303 0.0265899 0.0227654 0.0117743
threshold=1.0782546332626139 -0.37905512615458281 -0.82597503030248898 -0.76325065133374725 1.6759414369285972 -1.5712548210644959 0.96361458521015575 1.0593795073025254 -0.80165551899036436 -0.62555187198812046 0.18554920720504389 -0.45960859485267685 1.4371240812312862 -0.56694565077481152 1.1081611900671031 -0.043397239707091938 -0.54323978470450507 0.69848664362485546 -0.0055038677584269549
decision_type=2 2 2 2 2 2 2 2 2 2 2 2 2 2 2 2 2 2 2
left_child=1 2 -1 -4 5 13 7 9 -9 10 -7 -12 -6 -3 17 -16 -10 -11 -18
right_child=-2 4 3 -5 12 6 -8 8 16 14 11 -13 -14 -15 15 -17 18 -19 -20
leaf_value=-0.0018296575476392204 -0.0061263159608664882 0.003833630563565968 0.0075496872150995365 0.00093459482328106199 0 -0.0066944508199674423 -0.0048234148016296349 0.0043004073542103885 0.0016151612043614914 4.8184513952492196e-05 0.00074163089341707151 -0.0026320757324846972 0.0040234233179779364 0 0.00026956885358476226 -0.0032784251255345916 -0.0012841515119070591 0.002101070169471152 2.3459092184195715e-05
leaf_weight=10.999999999999998 18 12.000000000000002 11.999999999999995 21.000000000000004 12.000000000000002 13.999999999999998 10.999999999999998 21 11.999999999999998 237 27 15.999999999999998 13.999999999999998 11.999999999999998 15.999999999999998 17 31 10.999999999999998 20
leaf_count=11 18 12 12 21 12 14 11 21 12 237 27 16 14 12 16 17 31 11 20
internal_value=-1.51766e-05 0.000247024 0.00260019 0.00431021 0 -0.000169713 -0.000346464 -0.000147504 0.00116947 -0.000509784 -0.00265555 -0.00053964 0.00250774 0.00221811 -3.79511e-06 -0.00160214 -5.59845e-05 0.000214192 -0.000700298
internal_weight=545 527 44 33 483 457 433 422 84 338 57 43 26 24 281 33 63 248 51
internal_count=545 527 44 33 483 457 433 422 84 338 57 43 26 24 281 33 63 248 51
is_linear=0
shrinkage=0.0529975


Tree=212
num_leaves=24
num_cat=0
split_feature=45 30 3 29 29 29 39 19 19 2 1 39 30 25 39 13 37 8 37 39 37 8 13
split_gain=0.333265 0.292994 0.0590351 0.246119 0.179934 0.0859819 0.215265 0.156382 0.0572699 0.0525815 0.0425797 0.132158 0.0606265 0.0701318 0.0564155 0.0415194 0.0395926 0.0265563 0.0127415 0.0125908 0.0118555 0.0114747 0.00417898
threshold=1.7894974863008961 -1.6045160372440099 0.070621322589991556 0.99250610888350865 0.7731741465887918 -0.62400762929631193 -0.35365965590939757 -0.71234336683649502 -0.58317633917525924 -1.2586012860100468 -0.49608686814034797 -0.63927416386584646 0.62218772731163263 -0.096542281324747473 -0.91978235659077423 -0.054758513544016361 -0.81674439241534058 0.48031795285631473 -0.60495651581777243 -0.97321023941938856 1.5988955465985291 0.49165819004824213 0.33927865274069896
decision_type=2 2 2 2 2 2 2 2 2 2 2 2 2 2 2 2 2 2 2 2 2 2 2
left_child=1 -1 3 9 5 6 -4 -7 -9 -3 11 -11 14 -14 -12 21 -16 18 -10 -19 22 -8 -13
right_child=-2 2 4 -5 -6 7 15 8 17 10 12 20 13 -15 16 -17 -18 19 -20 -21 -22 -23 -24
leaf_value=0.0066782290528541541 -0.0071179911116688623 -0.0028670442172823206 0.006957026193743541 -0.006207132641887254 0.0058650471884839801 -0.0042146698285774253 0 0.0027979582946123707 -0.001449212219469993 0.004752230049154346 -0.0024819657203574157 -0.00095145500680364958 -0.0047573861647916228 0 0.0015196121809316139 0.0017493775399230662 -0.00014799142273225251 0.0018864075668196352 0 1.912560464640397e-06 0.00083494827172718314 -0.0021102106514845993 0
leaf_weight=12.999999999999998 11.999999999999998 11.999999999999998 10.999999999999998 13.999999999999998 10.999999999999998 20 14.000000000000002 14.999999999999998 36 14.999999999999998 14.999999999999998 28 11.000000000000002 13.999999999999998 53.999999999999986 14.999999999999998 99.000000000000014 10.999999999999998 42 44 14.999999999999998 12.999999999999998 10.999999999999998
leaf_count=13 12 12 11 14 11 20 14 15 36 15 15 28 11 14 54 15 99 11 42 44 15 13 11
internal_value=-1.19783e-05 0.000212457 -1.01979e-05 -0.000525171 0.000596856 0.000155862 0.0019223 -0.000408308 0.000204793 -8.31915e-05 7.95478e-05 0.00117395 -0.000300201 -0.00246076 5.48921e-05 0 0.000431759 -0.000145507 -0.00078994 0.000641717 -7.92215e-05 -0.00125971 -0.000650465
internal_weight=545 533 520 288 232 221 53 168 148 274 262 69 193 25 168 42 153 133 78 55 54 27 39
internal_count=545 533 520 288 232 221 53 168 148 274 262 69 193 25 168 42 153 133 78 55 54 27 39
is_linear=0
shrinkage=0.0529975


Tree=213
num_leaves=21
num_cat=0
split_feature=39 38 29 30 30 39 7 13 5 29 13 17 30 1 2 9 45 30 3 5
split_gain=0.332783 0.246626 0.0934089 0.333095 0.163743 0.114779 0.103475 0.0622957 0.136145 0.0850916 0.0354922 0.0284628 0.0261518 0.0242 0.0212186 0.0224516 0.0297862 0.0202508 0.0144917 0.0134842
threshold=-1.1558530955085182 -0.85777646155359866 0.11881274814264779 0.81566411525288152 1.0555148531397263 -0.32879661478526795 1.5744293204194071 0.69391210239694279 0.56126490577403487 0.69848664362485546 0.53629723588305667 -1.4430991583872543 -0.24326545948369957 -1.0556529808440198 -1.0530676585040981 -0.60891210923676342 -0.70873559988967771 0.28316466899559672 0.25452222952077169 -0.11627862260274134
decision_type=2 2 2 2 2 2 2 2 2 2 2 2 2 2 2 2 2 2 2 2
left_child=-1 -2 4 6 11 -6 7 9 18 10 12 -3 -4 19 -15 17 -17 -16 -9 -13
right_child=1 2 3 -5 5 -7 -8 8 -10 -11 -12 13 -14 14 15 16 -18 -19 -20 -21
leaf_value=-0.0071111692885420068 0.0057108473803529599 -0.0020211824485004792 0 -0.0081028088675367434 0.0059753891969515161 0 0.0033126985508201991 -0.00098127983474719156 -0.0059395929439353852 0.0033530547507239026 0.0012422300557121671 0.0022134765376032898 -0.0019309133741796677 -0.0017942005910031561 0.0002113256899912889 0.00085584223929879833 -0.00055732672480831072 0.0022611443189326321 0.0010384559379516345 0
leaf_weight=11.999999999999998 15.999999999999998 10.999999999999998 26.999999999999993 10.999999999999998 18.000000000000004 11.999999999999998 13.999999999999998 15.000000000000002 11.999999999999998 11.999999999999998 13.999999999999998 18 42.000000000000007 10.999999999999998 61 50 145 17 12.999999999999998 13.999999999999998
leaf_count=12 16 11 27 11 18 12 14 15 12 12 14 18 42 11 61 50 145 17 13 14
internal_value=-1.01797e-05 0.000214068 -6.21724e-06 -0.00106042 0.000456725 0.0038531 -0.000202084 -0.000741502 -0.00234296 0 -0.000641872 6.03823e-05 -0.00118604 0.000190824 0 0.000132298 -0.000145503 0.000870762 0 0.00144827
internal_weight=545 533 517 160 357 30 149 135 40 95 83 327 69 316 284 273 195 78 28 32
internal_count=545 533 517 160 357 30 149 135 40 95 83 327 69 316 284 273 195 78 28 32
is_linear=0
shrinkage=0.0529975


Tree=214
num_leaves=14
num_cat=0
split_feature=19 13 44 29 29 8 12 30 28 45 30 29 19
split_gain=0.332327 0.107205 0.309685 0.0761378 0.0621647 0.0750563 0.118106 0.06077 0.0243016 0.0798334 0.0432797 0.0414055 0.0271625
threshold=1.0782546332626139 1.0978001978387761 -0.27848972336365163 0.96361458521015575 -1.1125084092197188 1.0250222033349827 0.95127183809463067 1.1485607431090135 -0.68233214201494385 -0.70873559988967771 0.90938718312148792 0.69848664362485546 -0.592058405594727
decision_type=2 2 2 2 2 2 2 2 2 2 2 2 2
left_child=1 3 -3 4 -1 7 -7 8 9 -6 -11 12 -10
right_child=-2 2 -4 -5 5 6 -8 -9 11 10 -12 -13 -14
leaf_value=0.0033013194424722251 -0.0061216193127261185 0.0065887168238261502 -0.0017857727402480286 -0.0034570156363667552 0.0016886786014405743 -0.0044039921558540899 0.00072086882266077408 0.0029058949747959614 0.0018051366023739712 0 -0.0044051824651326274 0.0026469331233798608 -2.3832569427773673e-05
leaf_weight=10.999999999999998 18 20 18 10.999999999999998 10.999999999999998 20 18 17 18 11.000000000000002 11.999999999999998 12.999999999999998 347
leaf_count=11 18 20 18 11 11 20 18 17 18 11 12 13 347
internal_value=-8.83903e-06 0.000253364 0.00276037 1.33559e-05 0.00014949 1.95718e-05 -0.00205028 0.000244708 7.80803e-05 -0.00113921 -0.00280208 0.000221841 7.5255e-05
internal_weight=545 527 38 489 478 467 38 429 412 34 23 378 365
internal_count=545 527 38 489 478 467 38 429 412 34 23 378 365
is_linear=0
shrinkage=0.0529975


Tree=215
num_leaves=31
num_cat=0
split_feature=25 15 44 8 5 19 29 29 6 29 12 53 37 45 8 9 19 39 53 37 1 17 45 29 10 47 31 45 14 13
split_gain=0.315414 1.76001 0.402938 0.408477 0.127486 0.107324 0.299167 0.278542 0.049529 0.0724358 0.0928722 0.0410411 0.0356486 0.0316245 0.0363046 0.0380841 0.0335638 0.0261387 0.0295625 0.0352518 0.0421331 0.0227339 0.0223857 0.0213341 0.00949765 0.00590092 0.00256324 0.00178008 0.00098321 2.79545e-06
threshold=-1.1764033572252413 0.93580236748553591 1.0000000180025095e-35 0.97390045284613536 -1.0869381551188761 0.01979566026298445 0.91470921892100709 0.67528232375896413 -0.84749906586935231 0.061826384744403794 1.0000000180025095e-35 -0.36007183007885429 -0.81674439241534058 -0.48162350114508018 -0.61772918306046953 -0.60891210923676342 -0.6603797175785916 1.946446891419239 -0.36007183007885429 -0.78948456671466416 0.33725197380951638 -0.3945800179053966 -0.59517955051737881 0.32579273591308622 0.80961020942677953 0.80004360165012389 -0.090099247028412335 0.99460514069480432 0.95434057085929502 0.12255821128410553
decision_type=2 2 2 2 2 2 2 2 2 2 2 2 2 2 2 2 2 2 2 2 2 2 2 2 2 2 2 2 2 2
left_child=2 5 4 -4 11 7 17 8 12 13 -11 -1 -2 16 -15 -16 -10 18 21 20 -20 -7 -12 25 -18 -23 29 -28 -14 -21
right_child=1 -3 3 -5 -6 6 -8 -9 9 10 22 -13 28 14 15 -17 24 -19 19 26 -22 23 -24 -25 -26 -27 27 -29 -30 -31
leaf_value=0 0.0028713224948517272 -0.017241575655313795 1.3081977474693435e-05 0.013397321192797785 0.0029259215007780884 0.00066179835881743964 0.0062370582301664963 -0.0067657749180611753 0.0029753009366588444 -0.0049149757665260807 0.0011936100442264325 -0.0041570538914610048 -0.00024394828446308345 0.0015921922718361403 0.00054223989346473527 -0.0015143905386978058 -0.00028432216803718274 0.0021835838652643166 0.0034853301355370339 0 0 -0.00071844801825402156 -0.0012727962986000946 -0.0025991486157412279 0.0010470262715423313 0.00029025919795061566 -0.00056225531334829458 0 0.00030408076688970607 0.00032369450546107628
leaf_weight=10.999999999999998 18 10.999999999999998 12.000000000000002 10.999999999999998 14.999999999999998 14.999999999999998 21 12.999999999999998 11.999999999999998 14.999999999999998 11.999999999999998 11.000000000000002 14.000000000000002 12.999999999999998 28 70 32 10.999999999999998 15.000000000000002 11.000000000000002 13.999999999999998 32 17.000000000000004 17 15.999999999999998 11.999999999999998 26 14.999999999999998 10.999999999999998 13.999999999999998
leaf_count=11 18 11 12 11 15 15 21 13 12 15 12 11 14 13 28 70 32 11 15 11 14 32 17 17 16 12 26 15 11 14
internal_value=-7.5281e-06 -0.000482309 0.00341957 0.00810191 -5.2614e-05 0.000102601 0.0010202 -0.000566744 -8.13499e-05 -0.000441873 -0.00221988 -0.00252463 0.00141218 3.58701e-05 -0.000448209 -0.000862235 0.000996605 0.000201366 0 0.000611 0.00197649 -0.000743519 -2.29851e-05 -0.00122165 9.7098e-05 -0.000301825 -6.61919e-06 -0.000329915 0 0.000259502
internal_weight=545 485 60 23 37 474 203 271 258 215 44 22 43 171 111 98 60 182 171 95 29 76 29 61 48 44 66 41 25 25
internal_count=545 485 60 23 37 474 203 271 258 215 44 22 43 171 111 98 60 182 171 95 29 76 29 61 48 44 66 41 25 25
is_linear=0
shrinkage=0.0529975


Tree=216
num_leaves=20
num_cat=0
split_feature=39 38 29 30 30 39 7 13 3 29 13 6 17 1 2 9 45 30 5
split_gain=0.321662 0.243701 0.0852282 0.305224 0.138136 0.103239 0.0938164 0.0638007 0.126971 0.0807957 0.0320145 0.0256503 0.0247472 0.0237447 0.0199242 0.0188845 0.0247498 0.0185636 0.0143313
threshold=-1.1558530955085182 -0.85777646155359866 0.11881274814264779 0.81566411525288152 1.0555148531397263 -0.38841790629953959 1.5744293204194071 0.69391210239694279 0.090850422352377599 0.69848664362485546 0.5165953775688209 -0.35546998807432423 -1.4430991583872543 -1.0556529808440198 -1.0530676585040981 -0.60891210923676342 -0.70873559988967771 0.28316466899559672 -0.11627862260274134
decision_type=2 2 2 2 2 2 2 2 2 2 2 2 2 2 2 2 2 2 2
left_child=-1 -2 4 6 12 -6 7 9 -9 10 11 -4 -3 18 -15 17 -17 -16 -14
right_child=1 2 3 -5 5 -7 -8 8 -10 -11 -12 -13 13 14 15 16 -18 -19 -20
leaf_value=-0.0069851922663954043 0.0056808190523618476 -0.0018623076046290004 -6.6337315040627522e-05 -0.0077511046269949568 0.0059620026177792411 0 0.0031575820723498721 -0.0048068212635855295 0.00042389663319985002 0.0033088478332408029 0.0011456053760478264 -0.0022647181536088689 0.002229649959467729 -0.0017301840770171082 0.00017896446565065526 0.00079215647637149533 -0.0004959062569565055 0.0021405445397266946 0
leaf_weight=11.999999999999998 15.999999999999998 10.999999999999998 41.999999999999993 10.999999999999998 15.000000000000002 14.999999999999998 13.999999999999998 20 20 11.999999999999998 14.999999999999998 26.000000000000007 18 10.999999999999998 61 50 145 17 13.999999999999998
leaf_count=12 16 11 42 11 15 15 14 20 20 12 15 26 18 11 61 50 145 17 14
internal_value=-3.22936e-06 0.000216967 -1.96676e-06 -0.00100967 0.000439643 0.0035606 -0.000186304 -0.000702156 -0.0023253 9.59956e-06 -0.000579722 -0.0011167 7.33807e-05 0.00019588 4.43368e-06 0.000135046 -0.000117104 0.000811933 0.0014423
internal_weight=545 533 517 160 357 30 149 135 40 95 83 68 327 316 284 273 195 78 32
internal_count=545 533 517 160 357 30 149 135 40 95 83 68 327 316 284 273 195 78 32
is_linear=0
shrinkage=0.0529975


Tree=217
num_leaves=19
num_cat=0
split_feature=3 30 29 12 30 42 30 17 29 17 6 30 29 29 30 37 6 19
split_gain=0.319611 1.11021 0.568957 0.114437 0.184676 0.10159 0.107748 0.0856381 0.210091 0.100108 0.0815273 0.0544025 0.0208901 0.0179518 0.0123319 0.0137648 0.00559492 0.00284462
threshold=0.74002062381803124 -0.60920933772045338 1.1880524913612776 0.77690392152255128 0.88237165100966586 1.0000000180025095e-35 -1.2357643872213815 1.3903316759514752 0.7731741465887918 1.5896598779391893 1.070545142625978 1.1485607431090135 -0.89685283675921912 -0.15716204103522488 0.52738096071083229 -0.087019827504899783 -0.86254907882523035 0.036099156447675855
decision_type=2 2 2 2 2 2 2 2 2 2 2 2 2 2 2 2 2 2
left_child=2 -2 5 4 14 -1 -7 8 11 -9 -5 12 -8 -14 15 -3 17 -11
right_child=1 3 -4 10 -6 6 7 9 -10 16 -12 -13 13 -15 -16 -17 -18 -19
leaf_value=0.0035652095675601353 -0.015086101256433044 0.0018462420422183528 0.0088886569185565815 0.0044939922899212819 -0.006245243096392343 -0.0040653375229925855 -0.0017622203825025226 0.0043531272634606709 -0.005356690871370408 6.2558484389762723e-05 -0.00021157927248527411 0.0028578461484711558 0.00045110083625898097 -0.00034526120968978715 -0.00075493354476654411 0 0.00081082225053142362 -0.00062777337040459825
leaf_weight=17 10.999999999999998 12.999999999999996 15.999999999999998 14.000000000000002 10.999999999999998 11.999999999999998 12.999999999999998 21 14.999999999999998 12.000000000000002 14.999999999999998 12.999999999999998 153 149 11.999999999999998 14.000000000000004 17 17
leaf_count=17 11 13 16 14 11 12 13 21 15 12 15 13 153 149 12 14 17 17
internal_value=-1.17402e-06 -0.00279558 0.000565587 -5.8485e-05 -0.00161425 0.000130856 -3.91869e-05 0.000118763 -0.000210458 0.0017787 0.00224128 9.59216e-05 -4.75603e-05 3.64436e-05 0.000194899 0.000889202 0.000102609 -0.000180763
internal_weight=545 90 455 79 50 439 422 410 343 67 29 328 315 302 39 27 46 29
internal_count=545 90 455 79 50 439 422 410 343 67 29 328 315 302 39 27 46 29
is_linear=0
shrinkage=0.0529975


Tree=218
num_leaves=21
num_cat=0
split_feature=19 30 13 29 29 30 19 30 12 29 46 2 1 47 52 15 39 29 13 1
split_gain=0.310129 0.102583 0.226269 0.127822 0.0666985 0.1326 0.100868 0.0401046 0.0446696 0.0352663 0.0307958 0.02111 0.0252342 0.025516 0.0199644 0.019789 0.0194588 0.012659 0.00828864 0.00621479
threshold=1.0782546332626139 -0.66021637375627751 1.0583964812103044 0.99250610888350865 -0.43959928777834884 1.0684567549518114 -0.77729306540003507 0.69640676084656972 0.24244024473966483 0.69848664362485546 0.78147191447403119 1.6463212820353956 -0.67173751301069295 -0.31483937180398425 1.0000000180025095e-35 -1.2252975897148428 1.6070081309751629 -0.87545902639589801 -0.41924289235737794 -0.50484610454237056
decision_type=2 2 2 2 2 2 2 2 2 2 2 2 2 2 2 2 2 2 2 2
left_child=1 2 16 4 5 7 -6 10 -9 11 17 12 14 -14 -8 -13 19 -3 -19 -1
right_child=-2 3 -4 -5 6 -7 9 8 -10 -11 -12 15 13 -15 -16 -17 -18 18 -20 -21
leaf_value=0 -0.0059107855618206057 -0.00087860028787594313 0.0075009576436737418 -0.0041580703813533532 -0.0039899976802218592 0.0045674422681491285 0 0.00076844989674480389 -0.0025289014085956647 0.0018608600852699179 0.0028122072706581965 0 0.00039411918020097172 -0.00094861827268735179 0.0019903937130656591 0.0021090801019978942 -0.0012902538511098492 0 0.0010168676770687666 0.0013815897076341417
leaf_weight=12.999999999999998 18 10.999999999999998 10.999999999999998 13.999999999999998 12.999999999999998 20 36 12.999999999999998 19 20 13.999999999999998 20 40 162 12.999999999999998 13.999999999999998 10.999999999999998 21 45 17.000000000000004
leaf_count=13 18 11 11 14 13 20 36 13 19 20 14 20 40 162 13 14 11 21 45 17
internal_value=-5.10105e-06 0.000247736 0.00235204 0 0.000168693 0.00110375 -0.000242875 0.000300261 -0.00109566 0 0.00090053 -0.00017619 -0.000368825 -0.000645452 0.000590593 0.000913363 4.11905e-05 0.000290729 0.000639576 0.000857034
internal_weight=545 527 52 475 461 143 318 123 32 305 91 285 251 202 49 34 41 77 66 30
internal_count=545 527 52 475 461 143 318 123 32 305 91 285 251 202 49 34 41 77 66 30
is_linear=0
shrinkage=0.0529975


Tree=219
num_leaves=17
num_cat=0
split_feature=45 30 30 30 29 8 52 8 19 3 0 39 36 3 14 45
split_gain=0.313965 0.285753 0.0593184 0.0596914 0.0871002 0.249866 0.0456545 0.113712 0.0624889 0.0430429 0.0714715 0.0374152 0.0313364 0.0297308 0.0246723 0.0163898
threshold=1.7894974863008961 -1.6045160372440099 1.2529128884377021 -1.2827102050692498 0.88678181099218489 -1.0006631898332965 1.0000000180025095e-35 0.78312287694308436 -0.62555187198812046 0.40164295506539588 -0.6776188614498696 -1.0258060529147761 -0.19775994398242885 -0.51602257051919664 -0.6361688351541116 1.221717239439402
decision_type=2 2 2 2 2 2 2 2 2 2 2 2 2 2 2 2
left_child=1 -1 3 -3 6 -6 8 12 9 -5 -11 -10 13 -8 -14 -13
right_child=-2 2 -4 4 5 -7 7 -9 11 10 -12 15 14 -15 -16 -17
leaf_value=0.0066012706714123938 -0.0068993280491344245 -0.0029636483628645142 -0.0027101622886471842 -0.0035451909571040429 -0.0020122417222131869 0.0068860950678271199 -0.00036112173435817372 0.0050111280781714711 -0.002368438481782943 -0.0028196487720410605 0.0016021838829475051 0.00033044949779330307 -0.0021349234270191912 0.0022284618670572456 4.177866352535172e-05 -0.00078440547862836118
leaf_weight=12.999999999999998 11.999999999999998 10.999999999999998 15.999999999999998 19 11.000000000000002 12.999999999999998 11.999999999999998 10.999999999999998 10.999999999999998 12.000000000000002 17 282 13.999999999999998 24 33 34
leaf_count=13 12 11 16 19 11 13 12 11 11 12 17 282 14 24 33 34
internal_value=-1.13733e-06 0.000216239 -3.5437e-06 9.95403e-05 0.000216677 0.00298788 2.4234e-05 0.0010446 -0.000225621 -0.00189857 -0.000197575 2.87409e-05 0.000138216 0.00127064 -0.000643004 0.000176431
internal_weight=545 533 520 504 493 24 469 94 375 48 29 327 83 36 47 316
internal_count=545 533 520 504 493 24 469 94 375 48 29 327 83 36 47 316
is_linear=0
shrinkage=0.0529975


Tree=220
num_leaves=15
num_cat=0
split_feature=13 7 8 29 17 29 16 25 19 3 19 15 2 6
split_gain=0.307525 0.247781 0.349453 0.325512 0.0862084 0.198503 0.0895268 0.0758534 0.0574198 0.0339251 0.0231869 0.0160756 0.0154818 0.0041517
threshold=1.9449801053509139 -2.251833151424401 2.2335239833880842 1.1880524913612776 1.3903316759514752 0.88678181099218489 -1.081752715281953 -1.3308125281902385 -0.94590896873541463 0.40164295506539588 0.056972887554589562 -1.1910565641092512 1.6463212820353956 -0.86254907882523035
decision_type=2 2 2 2 2 2 2 2 2 2 2 2 2 2
left_child=1 -1 3 4 5 7 10 -3 -9 -10 12 13 -6 -12
right_child=-2 2 -4 -5 6 -7 -8 8 9 -11 11 -13 -14 -15
leaf_value=0.00650771798070943 -0.0068316320796087942 0.0032914567416869557 -0.007472077976761039 0.0072535226465730686 0 -0.005762326614949494 0.0050440076181446671 -0.0027960072179033422 -0.00034740819794550532 0.00078415567077675503 0 -0.0014615292152273544 0.0022030138163563308 0.00095957948130533989
leaf_weight=10.999999999999998 11.999999999999998 11.999999999999998 10.999999999999998 11.999999999999998 11.999999999999998 11.999999999999998 10.999999999999998 17 285 93 10.999999999999998 14.000000000000002 20 11.999999999999998
leaf_count=11 12 12 11 12 12 12 11 17 285 93 11 14 20 12
internal_value=-4.66877e-06 0.000210368 0 0.000251024 0 -0.000311134 0.00152881 -5.21676e-05 -0.000218865 -4.29204e-05 0.000516787 -0.000239759 0.00147516 0.000411496
internal_weight=545 533 522 511 499 419 80 407 395 378 69 37 32 23
internal_count=545 533 522 511 499 419 80 407 395 378 69 37 32 23
is_linear=0
shrinkage=0.0529975


Tree=221
num_leaves=17
num_cat=0
split_feature=39 38 29 45 1 29 25 34 25 31 39 13 30 19 37 34
split_gain=0.308341 0.225554 0.0836151 0.0706901 0.037827 0.109514 0.0749496 0.054768 0.0452106 0.0468111 0.0353184 0.0324295 0.0444466 0.0301278 0.025969 0.00573057
threshold=-1.1558530955085182 -0.85777646155359866 0.99250610888350865 1.7894974863008961 -0.67173751301069295 -0.81017552788316061 -0.80856147868421624 -0.73305319463412733 -1.2412826634859453 -0.65090950601940956 -1.0258060529147761 -0.9708949251559793 0.99091228535490872 -0.47858543250756697 -0.75383710233685208 -0.88995450127161646
decision_type=2 2 2 2 2 2 2 2 2 2 2 2 2 2 2 2
left_child=-1 -2 3 4 5 -3 7 -6 9 -7 -8 13 -13 -12 -10 -16
right_child=1 2 -4 -5 6 8 10 -9 14 -11 11 12 -14 -15 15 -17
leaf_value=-0.0068390339815012999 0.0054686948564089226 0.0046478006489329678 -0.0035609879452854262 0.0034746135183786951 0 -0.0030100793319058506 -0.0022950283986118785 -0.0041128608165787155 0.0021851592517868703 0.00042576306527062523 -0.0028853628425526438 0.00010536934029876067 0.0025698046995675404 0 0.00059660687841210083 -0.00043229170206583349
leaf_weight=11.999999999999998 15.999999999999998 11.999999999999998 11.999999999999998 10.999999999999998 15.999999999999998 16.000000000000004 11.999999999999998 17 21 13.999999999999998 11.999999999999998 288 17 22 23.999999999999996 23.000000000000004
leaf_count=12 16 12 12 11 16 16 12 17 21 14 12 288 17 22 24 23
internal_value=-2.91681e-06 0.000212406 0 0.000114051 0 0.000838679 -0.000251439 -0.00245572 6.39965e-05 -0.00140882 0 0.000113063 0.000312091 -0.00127682 0.000869672 0
internal_weight=545 533 517 505 494 110 384 33 98 30 351 339 305 34 68 47
internal_count=545 533 517 505 494 110 384 33 98 30 351 339 305 34 68 47
is_linear=0
shrinkage=0.0529975


Tree=222
num_leaves=22
num_cat=0
split_feature=19 30 13 29 45 52 19 19 31 7 26 21 36 29 6 6 39 2 21 21 6
split_gain=0.304327 0.09517 0.2114 0.115691 0.0648006 0.0687286 0.122391 0.0979259 0.0489445 0.0487932 0.0411275 0.0401083 0.0373662 0.0318043 0.0195454 0.0182618 0.0176967 0.0176285 0.0156022 0.00625284 0.00572959
threshold=1.0782546332626139 -0.66021637375627751 1.0583964812103044 0.99250610888350865 1.6759414369285972 1.0000000180025095e-35 -0.97088705664890151 -0.62555187198812046 -0.23990902356405411 -0.11594017356335605 -0.27420352363458017 -0.49133451647542153 1.4371240812312862 -0.24835673359618479 -0.62495237749368548 0.1220841935660313 1.6070081309751629 -0.57678195291609624 -0.28111284282688159 0.0070101247800719328 -0.12401525707182241
decision_type=2 2 2 2 2 2 2 2 2 2 2 2 2 2 2 2 2 2 2 2 2
left_child=1 2 16 4 5 6 -3 -7 10 17 15 13 -6 -9 -11 -8 20 -10 -13 -20 -1
right_child=-2 3 -4 -5 12 7 8 11 9 14 -12 18 -14 -15 -16 -17 -18 -19 19 -21 -22
leaf_value=0 -0.0058539381592503633 -0.0046045989804245216 0.0072504041640674543 -0.0039481936719480294 0 0.0048300100039016395 0.00087937309571539093 0 0.00018081826941435884 0.00060297136684328621 -0.0032348965243433028 -0.001641276957792385 0.0038745972345658459 0.0034052717509606132 -0.00042821428706521774 -0.00076821181099147296 -0.0012275137170184496 0.0034449698801053046 0.00076685814013107562 -0.00042034555515396607 0.0014954226495969068
leaf_weight=18 18 11.999999999999998 10.999999999999998 13.999999999999998 12.000000000000002 11.999999999999998 14.999999999999998 15.000000000000002 14.000000000000002 87 13.999999999999998 14.999999999999998 13.999999999999998 10.999999999999998 109 85 10.999999999999998 11.999999999999998 17 17 12.000000000000002
leaf_count=18 18 12 11 14 12 12 15 15 14 87 14 15 14 11 109 85 11 12 17 17 12
internal_value=-3.56187e-06 0.000246768 0.00227347 0 0.000168359 0 -0.000337757 0.00128122 -8.68839e-05 0.000348376 -0.000967755 0.000311638 0.00247024 0.00183516 0 -0.000419412 3.48435e-05 0.00226893 -0.000481711 2.45995e-05 0.000819123
internal_weight=545 527 52 475 461 435 348 87 336 222 114 75 26 26 196 100 41 26 49 34 30
internal_count=545 527 52 475 461 435 348 87 336 222 114 75 26 26 196 100 41 26 49 34 30
is_linear=0
shrinkage=0.0529975


Tree=223
num_leaves=25
num_cat=0
split_feature=45 18 19 4 1 37 38 29 29 1 29 13 19 6 53 29 29 47 1 45 19 6 13 3
split_gain=0.306755 0.247719 0.472542 0.286309 0.0866134 0.139388 0.136654 0.221378 0.207206 0.0863919 0.0693093 0.0326778 0.0484758 0.0316856 0.0244699 0.0470875 0.0419047 0.00832253 0.00784946 0.00558926 0.00367618 0.00612519 0.00183692 0.00137843
threshold=1.7894974863008961 1.7278074893815003 0.38603713801689205 -1.2456854566903617 -0.67173751301069295 -0.75383710233685208 0.1899764519439007 0.99250610888350865 0.67528232375896413 -0.41995605813553533 -0.15716204103522488 -1.0792551458842758 -0.27139899128830619 -0.28980843826776287 -0.36007183007885429 0.67528232375896413 0.32579273591308622 0.59100304412747862 0.33725197380951638 -0.36806745177278138 -0.10161740863066245 -1.2127361465234061 0.024048919712926695 0.12579159466922574
decision_type=2 2 2 2 2 2 2 2 2 2 2 2 2 2 2 2 2 2 2 2 2 2 2 2
left_child=1 3 -3 -1 5 13 7 14 9 10 19 -11 -13 -5 16 18 17 -6 -16 -8 23 -22 -23 -7
right_child=-2 2 -4 4 6 20 8 -9 -10 11 -12 12 -14 -15 15 -17 -18 -19 -20 -21 21 22 -24 -25
leaf_value=-0.0068458457477238634 -0.0068177035420891527 -0.00072369430385593194 0.010934844078858788 0.0061712435745672548 -0.00024212850419052197 0 5.0766231634908311e-05 0.0060806687052335929 -0.0063282906051619148 -0.0017807052222212523 -0.0053603177753537411 0.0010047781045064823 -0.00068991042037842951 0.0013078405540542617 0.00060409022480762287 0.003247741221072146 -0.0023326494416067529 0.00091006677169781249 -0.00037337142130822653 -0.0010509923663129305 -0.00023589354183144626 0.0012313266007714073 0 -0.00076109189131838518
leaf_weight=10.999999999999998 11.999999999999998 19.000000000000004 10.999999999999998 12.000000000000002 22 11.000000000000002 11 14.999999999999998 12.999999999999998 20 10.999999999999998 99 77 15.999999999999998 42 11.999999999999998 18 25 32 12 10.999999999999998 11.000000000000002 10.999999999999998 10.999999999999998
leaf_count=11 12 19 11 12 22 11 11 15 13 20 11 99 77 16 42 12 18 25 32 12 11 11 11 11
internal_value=0 0.000215805 0.00446652 -7.36274e-05 0.000144367 0.00165071 -0.000163926 0.000967358 -0.000969474 -0.000483889 -0.00272918 0 0.000226671 0.00431848 0.000202076 0.000796282 -0.000486576 0.000272574 9.77886e-05 -0.000381654 0 0.000334054 0.000858 -0.000461924
internal_weight=545 533 30 503 492 83 409 166 243 230 34 196 176 28 151 86 65 47 74 23 55 33 22 22
internal_count=545 533 30 503 492 83 409 166 243 230 34 196 176 28 151 86 65 47 74 23 55 33 22 22
is_linear=0
shrinkage=0.0529975


Tree=224
num_leaves=31
num_cat=0
split_feature=3 30 30 12 30 47 29 29 30 6 3 3 6 11 29 17 33 25 39 45 34 19 36 7 19 12 45 17 17 45
split_gain=0.298446 1.0123 0.540294 0.102078 0.164718 0.0821635 0.391101 0.320961 0.103988 0.0750136 0.0360389 0.0323673 0.0294854 0.0252165 0.0257973 0.0489088 0.0406573 0.0179847 0.0164184 0.0221187 0.0142041 0.0154643 0.0133537 0.0103512 0.0101602 0.00961007 0.00591258 0.00350462 0.00045307 1.15608e-06
threshold=0.74002062381803124 -0.60920933772045338 -1.4739652562250283 0.77690392152255128 0.88237165100966586 0.59100304412747862 0.88678181099218489 0.96361458521015575 1.1485607431090135 1.070545142625978 -0.95922375622237632 -0.29718049127156848 -0.44595890710518399 0.62998325045560355 -0.15716204103522488 -0.73407587520392104 -0.33478006316915243 -1.1890938102248458 -0.4449525141229505 -0.25451140240048259 -0.10733072504927958 -0.12459461559622249 -0.4273155776596968 0.99013990439501376 0.036099156447675855 -0.4527830702255598 0.99460514069480432 -0.81351110775195135 1.747001546982456 0.54038094320560914
decision_type=2 2 2 2 2 2 2 2 2 2 2 2 2 2 2 2 2 2 2 2 2 2 2 2 2 2 2 2 2 2
left_child=2 -2 -1 4 22 6 8 10 13 -5 -7 12 23 14 18 -16 -17 -15 19 -4 24 -22 -3 -12 -13 -24 -20 -19 -23 -26
right_child=1 3 5 9 -6 7 -8 -9 -10 -11 11 20 -14 17 15 16 -18 27 26 -21 21 28 25 -25 29 -27 -28 -29 -30 -31
leaf_value=0.009304803636289603 -0.014439005771274776 0.0013420200308472011 0.0029379378882008417 0.0042531871457684176 -0.0059249431205369695 -0.0019151734824031685 0.008250690497364363 -0.0074864943111179342 0.0035895692826114342 -0.00024135782332328917 -0.00041713898735308482 -0.0018961447415360298 0.0031721304419203042 -0.0022128925304046396 0.0017984646111139757 -0.0024986489415244535 -9.1855596221209049e-05 0.00044902773758127357 0 0 0.0016992890961066854 -0.0002973858186200017 0.00023008456430710327 0.0012275848786602018 0 -0.0012963739985125573 0.00088305069613273818 -0.00061443346180358241 0 -1.3432484818471369e-05
leaf_weight=12.999999999999998 10.999999999999998 12.999999999999995 12.000000000000002 14.000000000000002 10.999999999999998 15.999999999999998 11.999999999999998 11.999999999999998 17 14.999999999999998 17.000000000000004 11.999999999999998 12.999999999999998 19 14.999999999999998 27 67 11.000000000000002 75 10.999999999999998 10.999999999999995 16.000000000000007 13.999999999999995 10.999999999999998 11.000000000000002 12.000000000000009 21 10.999999999999998 12.999999999999998 11.999999999999998
leaf_count=13 11 13 12 14 11 16 12 12 17 15 17 12 13 19 15 27 67 11 75 11 11 16 14 11 11 12 21 11 13 12
internal_value=-1.15319e-06 -0.00270186 0.000546097 -8.20379e-05 -0.00155285 0.000151801 0.000663751 -0.000845266 0.000158599 0.00208582 6.94565e-06 0.000410422 0.00152205 -0.000106373 9.35434e-05 -0.000446886 -0.000961397 -0.00123681 0.000642128 0.00179291 -0.000178726 0.00037057 0.000150331 0.000126107 -0.000939247 -0.000367059 0.000208743 0 -0.000138651 0
internal_weight=545 90 455 79 50 442 298 144 286 29 132 116 41 269 228 109 94 41 119 23 75 40 39 28 35 26 96 22 29 23
internal_count=545 90 455 79 50 442 298 144 286 29 132 116 41 269 228 109 94 41 119 23 75 40 39 28 35 26 96 22 29 23
is_linear=0
shrinkage=0.0529975


Tree=225
num_leaves=19
num_cat=0
split_feature=39 29 29 30 30 30 39 30 7 39 19 17 29 39 8 8 29 29
split_gain=0.298513 0.204226 0.090315 0.286352 0.130809 0.105491 0.0922754 0.0654429 0.0828934 0.0738874 0.0605415 0.029393 0.0287827 0.0708129 0.0274655 0.022141 0.0149911 0.0172263
threshold=-1.1558530955085182 1.2691251708631672 -0.008912818970167935 0.83988821281013359 -1.1268923088289837 1.0555148531397263 -0.38841790629953959 -0.51484338589943546 1.5744293204194071 -0.21892884926927833 0.56461929902412689 -1.3392876385518702 0.6273942987389155 -0.91694156627406687 1.2925440280784859 -0.5127097674775597 -0.89685283675921912 -0.43959928777834884
decision_type=2 2 2 2 2 2 2 2 2 2 2 2 2 2 2 2 2 2
left_child=-1 2 5 4 -4 10 -7 9 12 -6 11 -2 15 -14 16 -9 -13 -18
right_child=1 -3 3 -5 7 6 -8 8 -10 -11 -12 14 13 -15 -16 -17 17 -19
leaf_value=-0.0067277028834409796 -0.0018935353219977466 0.0057620040421351186 -0.0045386763461265963 -0.0074464094156035379 0.0047680185818413717 0.0055630129777479304 0 0.00045951941546235574 0.0029734305643697007 0 0.0032752491385336559 -0.0013072631458226928 -0.0042673626169978168 0.00033879890297891979 0.0021080563297335882 -0.00091841738082657648 0.00068198180398446723 -0.00020357822151461798
leaf_weight=11.999999999999998 14.999999999999998 11.999999999999998 11.999999999999998 10.999999999999998 11.000000000000002 15.000000000000002 14.999999999999998 50.999999999999993 12.999999999999998 19 10.999999999999998 15.999999999999998 13.000000000000002 11.999999999999998 12.999999999999998 62.000000000000007 95 137
leaf_count=12 15 12 12 11 11 15 15 51 13 19 11 16 13 12 13 62 95 137
internal_value=-1.1058e-06 0.00021054 5.3141e-06 -0.000836957 -0.00021212 0.000574443 0.0032941 0.000173715 -0.000259698 0.00222913 0.000204721 0 -0.000723913 -0.00219325 0.000165068 -0.000246003 0 0.000137742
internal_weight=545 533 521 204 193 317 30 181 151 30 287 276 138 25 261 113 248 232
internal_count=545 533 521 204 193 317 30 181 151 30 287 276 138 25 261 113 248 232
is_linear=0
shrinkage=0.0529975


Tree=226
num_leaves=14
num_cat=0
split_feature=19 13 44 35 30 35 30 44 19 29 29 19 47
split_gain=0.292474 0.087552 0.27243 0.066362 0.114034 0.0794214 0.0576503 0.0505734 0.0383879 0.0933712 0.0792032 0.0271877 0.0257443
threshold=1.0782546332626139 1.0978001978387761 -0.27848972336365163 -1.2356161011941302 1.2529128884377021 -1.1312494572632468 1.007757035394693 -0.7704731892735065 0.30575329854807115 0.67528232375896413 0.6273942987389155 -0.76753985839130923 0.80004360165012389
decision_type=2 2 2 2 2 2 2 2 2 2 2 2 2
left_child=1 3 -3 7 5 -5 8 -1 10 12 11 -7 -10
right_child=-2 2 -4 4 -6 6 -8 -9 9 -11 -12 -13 -14
leaf_value=0 -0.0057361293176407691 0.0061121805279390918 -0.0017259653916803415 -0.0032726940737541586 -0.0037542456265039579 0.0017965383204577702 0.0026986405957841316 0.0043608589304946922 -0.00045208767268087443 0.0045942128452254099 -0.0030003246755930728 -8.7495145289671693e-05 0.0015090591333269494
leaf_weight=11.000000000000002 18 20 18 12.999999999999998 17 17 19 10.999999999999998 51 10.999999999999998 20 298 21
leaf_count=11 18 20 18 13 17 17 19 11 51 11 20 298 21
internal_value=-4.01696e-07 0.000244731 0.00251141 2.61876e-05 -0.000108399 6.15733e-05 0.000219486 0.00254389 5.37512e-05 0.00104563 -0.00018558 2.40846e-05 0.000102404
internal_weight=545 527 38 489 467 450 437 22 418 83 335 315 72
internal_count=545 527 38 489 467 450 437 22 418 83 335 315 72
is_linear=0
shrinkage=0.0529975


Tree=227
num_leaves=15
num_cat=0
split_feature=30 30 39 19 29 3 31 45 12 28 19 19 12 30
split_gain=0.286599 1.13723 0.0776504 0.0736946 0.132274 0.193992 0.0757004 0.0511378 0.0336638 0.219751 0.0790125 0.0362637 0.0315928 0.0279771
threshold=-1.6045160372440099 -1.2827102050692498 -1.1512768679247249 0.64201477522746131 0.74954040166073665 -0.29718049127156848 0.4976444692047432 1.6759414369285972 0.77690392152255128 -0.90131216258272484 -0.94590896873541463 -0.68361382853397312 1.4042475934178253 0.56564965927232158
decision_type=2 2 2 2 2 2 2 2 2 2 2 2 2 2
left_child=-1 -2 -3 4 7 -6 -5 8 9 -4 -10 -11 -12 -9
right_child=1 2 3 6 5 -7 -8 13 10 11 12 -13 -14 -15
leaf_value=0.0063859256682154949 -0.013341630226790014 0.0037330193132445789 -0.0061507601842412376 0 -0.006488497951749341 0.0012431773414417113 0.0049665166073584437 0 0.0041250125926238883 0.0019323203461348627 0.00083646800966876507 -0.00012737713142049924 -0.0010059197354181885 0.0034881184628192999
leaf_weight=12.999999999999998 11.999999999999998 10.999999999999998 10.999999999999998 13.000000000000002 15.000000000000002 10.999999999999998 10.999999999999998 11.000000000000002 10.999999999999998 20 65 294 34 12.999999999999998
leaf_count=13 12 11 11 13 15 11 11 11 11 20 65 294 34 13
internal_value=0 -0.000237345 0.000200431 6.79491e-05 -7.48428e-05 -0.00337916 0.00262451 0.000138472 0 -0.00027952 0.000769536 1.57378e-05 0.000115893 0.00225512
internal_weight=545 532 520 509 485 26 24 459 435 325 110 314 99 24
internal_count=545 532 520 509 485 26 24 459 435 325 110 314 99 24
is_linear=0
shrinkage=0.0529975


Tree=228
num_leaves=27
num_cat=0
split_feature=45 30 30 29 29 8 47 13 45 9 29 13 29 45 45 3 1 1 37 7 3 26 9 6 1 30
split_gain=0.288328 0.247636 0.0544829 0.281004 0.167038 0.28677 0.0654358 0.113945 0.0982554 0.0797594 0.0429949 0.0371373 0.0308839 0.0274599 0.026745 0.0193404 0.0114448 0.0166795 0.0148774 0.0135202 0.0114385 0.0107401 0.0104154 0.00944493 0.00747075 0.00290502
threshold=1.7894974863008961 -1.6045160372440099 0.41858325918345057 0.67528232375896413 0.67528232375896413 -0.74199266462636426 1.0000000180025095e-35 -0.039982119808339538 -0.36806745177278138 0.95771659356792516 0.17446000710872947 1.0000000180025095e-35 -0.39613487478548931 0.086156745716413782 -1.2765158467511715 1.1648317188281332 0.29960589395401543 0.5078707169169977 2.0623125835100464 -1.296946351158075 -0.95922375622237632 -0.20307959017612334 0.41167968144060818 -0.14593159087710691 1.4886256438455814 -0.35365606961047907
decision_type=2 2 2 2 2 2 2 2 2 2 2 2 2 2 2 2 2 2 2 2 2 2 2 2 2 2
left_child=1 -1 4 6 10 -6 7 9 -8 12 15 23 13 -4 -12 16 18 -18 19 -3 -16 -13 25 -10 -19 -22
right_child=-2 2 3 -5 5 -7 8 -9 11 -11 14 21 -14 -15 20 -17 17 24 -20 -21 22 -23 -24 -25 -26 -27
leaf_value=0.0061543189346582889 -0.0066082273955448438 0.0013340523737552506 0.0016553386342014688 -0.0072681915938211609 -0.00045377487132569871 0.007908207364659867 0.0038859154284247087 -0.0049521648954083805 0 0.0030230631407893995 -0.0029041803715511342 0 -0.0023722790322347987 -0.0010343814502724491 -0.0016336407061928041 0.0017924640235223478 0.0021750502761411568 -0.00014881066219310144 -0.0013918487256709018 -8.9352033384756352e-05 0 0.0017290842823872621 0.00078675813291479194 -0.0023439708858059263 0.0010370389714772685 -0.00079195173111508194
leaf_weight=12.999999999999998 11.999999999999998 14.999999999999998 11.999999999999995 10.999999999999998 21 14.999999999999998 18 10.999999999999998 11.000000000000002 11.999999999999998 12.999999999999998 12.000000000000002 20.000000000000007 20 10.999999999999998 17 10.999999999999998 42 15.999999999999998 132 11.999999999999995 14.999999999999998 20 11.999999999999998 12.999999999999998 28.000000000000004
leaf_count=13 12 15 12 11 21 15 18 11 11 12 13 12 20 20 11 17 11 42 16 132 12 15 20 12 13 28
internal_value=0 0.000210828 0 -0.000823901 0.00034556 0.00349575 -8.74749e-06 -0.00109308 0.00108448 0 -3.35642e-05 -0.000107432 -0.00101335 0 -0.00104529 0.000300839 0.000117472 0.000687891 -8.83784e-05 5.6834e-05 -0.000414549 0.000994092 0 -0.00157957 9.13658e-05 -0.000534946
internal_weight=545 533 520 154 366 36 143 75 68 64 330 50 52 32 84 246 229 66 163 147 71 27 60 23 55 40
internal_count=545 533 520 154 366 36 143 75 68 64 330 50 52 32 84 246 229 66 163 147 71 27 60 23 55 40
is_linear=0
shrinkage=0.0529975


Tree=229
num_leaves=13
num_cat=0
split_feature=39 38 29 29 14 19 26 30 30 29 30 30
split_gain=0.302877 0.192889 0.0692905 0.0519279 0.135557 0.103814 0.0416164 0.0244392 0.0244949 0.0244851 0.0230274 0.0121266
threshold=-1.1558530955085182 -0.85777646155359866 0.99250610888350865 -0.81017552788316061 -0.88785848849931825 -1.0429653928487965 0.31655207147272219 0.99091228535490872 0.83988821281013359 0.69848664362485546 0.57768355033597929 0.70337587340394869
decision_type=2 2 2 2 2 2 2 2 2 2 2 2
left_child=-1 -2 3 4 -3 -5 11 8 9 10 -7 -6
right_child=1 2 -4 5 6 7 -8 -9 -10 -11 -12 -13
leaf_value=-0.0067741823420172861 0.0050754406820123343 0.0056011045673312471 -0.0032240665918688983 -0.0041204903844332293 0 -0.00016890212193972537 0.0019916765378367117 0.0016709858537282394 -0.0017689891705707148 0.0016315645220157985 0.0010554635159302685 -0.0021543958735826809
leaf_weight=11.999999999999998 15.999999999999998 10.999999999999998 11.999999999999998 10.999999999999998 13.000000000000002 348 10.999999999999998 20 14.999999999999998 21 43 11.999999999999998
leaf_count=12 16 11 12 11 13 348 11 20 15 21 43 12
internal_value=0 0.000214742 0 0.000121577 0.00169619 -4.47894e-05 0 9.33049e-05 0 8.60523e-05 -2.75108e-06 -0.00126331
internal_weight=545 533 517 505 47 458 36 447 427 412 391 25
internal_count=545 533 517 505 47 458 36 447 427 412 391 25
is_linear=0
shrinkage=0.0529975


Tree=230
num_leaves=20
num_cat=0
split_feature=19 30 13 29 45 52 39 0 35 8 1 7 7 26 29 4 39 33 1
split_gain=0.297314 0.0820364 0.175787 0.0970607 0.0688136 0.0522235 0.0868537 0.0885564 0.0710499 0.159694 0.117326 0.0477553 0.0522897 0.0292152 0.0154891 0.0155099 0.0152455 0.00695779 0.0052016
threshold=1.0782546332626139 -0.66021637375627751 1.0583964812103044 0.99250610888350865 1.7894974863008961 1.0000000180025095e-35 -0.80165551899036436 -0.36040967366733101 -1.2356161011941302 0.97390045284613536 -0.52851467950102726 -0.28687391215209518 -0.50886311127018535 -0.062197167650043912 -0.14492537456618729 -0.76719333218844155 1.6070081309751629 -0.14321946538922739 -0.50484610454237056
decision_type=2 2 2 2 2 2 2 2 2 2 2 2 2 2 2 2 2 2 2
left_child=1 2 16 4 5 8 7 -7 -3 11 -11 12 -10 -13 15 -8 18 -17 -1
right_child=-2 3 -4 -5 -6 6 14 -9 9 10 -12 13 -14 -15 -16 17 -18 -19 -20
leaf_value=0 -0.005781634789978507 0.0027904081653144001 0.0066731918103565069 -0.0035963938573277 0.0034882081477866315 0.0060308744479599819 -0.00043633693421111884 0 -5.1052696951220299e-05 -0.0068399895356262633 0 0.0015668671130309605 -0.0027595693585794798 1.3858344223109689e-06 -0.0010452182582239564 0.0016056719337169205 -0.0010895879876418027 0 0.0012764322086446034
leaf_weight=12.999999999999998 18 13.999999999999998 10.999999999999998 13.999999999999998 10.999999999999998 11.000000000000002 15.999999999999998 10.999999999999998 63 12.000000000000002 10.999999999999998 37 28 194 17 23.999999999999996 10.999999999999998 12.000000000000002 17.000000000000004
leaf_count=13 18 14 11 14 11 11 16 11 63 12 11 37 28 194 17 24 11 12 17
internal_value=0 0.000248599 0.00213092 4.01691e-06 0.000173089 3.19302e-05 0.00113766 0.00363269 -0.000243303 -0.000431877 -0.00420384 -6.92277e-05 -0.00107553 0.000314906 2.21669e-05 0.000563541 6.76784e-05 0.0011731 0.000796868
internal_weight=545 527 52 475 461 450 91 22 359 345 23 322 91 231 69 52 41 36 30
internal_count=545 527 52 475 461 450 91 22 359 345 23 322 91 231 69 52 41 36 30
is_linear=0
shrinkage=0.0529975


Tree=231
num_leaves=20
num_cat=0
split_feature=3 29 29 12 19 42 17 29 29 6 19 29 19 8 5 31 5 36 14
split_gain=0.283936 0.914863 0.504772 0.0956021 0.128585 0.0767911 0.079211 0.320725 0.0769918 0.0694996 0.049577 0.0353157 0.0467999 0.0254773 0.0161707 0.0059934 0.00816126 0.00216782 0.000909328
threshold=0.74002062381803124 0.6273942987389155 1.1880524913612776 0.77690392152255128 -0.63732297160268458 1.0000000180025095e-35 1.3903316759514752 0.81384386805079478 0.67528232375896413 1.070545142625978 0.80107462915198291 -0.89685283675921912 -0.80519814494085062 -0.74199266462636426 1.0972590724923412 -0.2727259461694394 0.087650023685832038 0.77085285177775187 1.8490021117418365
decision_type=2 2 2 2 2 2 2 2 2 2 2 2 2 2 2 2 2 2 2
left_child=2 3 5 4 -2 -1 7 10 14 -5 11 -7 -13 -14 -8 -6 -17 18 -16
right_child=1 -3 -4 9 15 6 8 -9 -10 -11 -12 12 13 -15 17 16 -18 -19 -20
leaf_value=0.0031111788817612851 -0.0052667505357733889 -0.013791728446347561 0.0083765349185357003 0.0039344585941650453 -0.00061929926566010212 -0.0018842541570600806 0.0014706489831937911 -0.0074662565489874251 0.0047344427219574636 -0.00031931128854625462 -0.0028002645492837997 0.0027883777033742008 -0.00097909379637396558 0.00032292060021048665 -0.00068343666234262762 0.0013592272023732958 0 0.00011624097134202942 0
leaf_weight=17 11.999999999999998 10.999999999999998 15.999999999999998 15.000000000000002 10.999999999999995 15.999999999999998 20 10.999999999999998 10.999999999999998 14.999999999999998 10.999999999999998 13.999999999999998 43 259 13.000000000000002 12.000000000000005 13.999999999999998 12.999999999999998 10.999999999999998
leaf_count=17 12 11 16 15 11 16 20 11 11 15 11 14 43 259 13 12 14 13 11
internal_value=0 -0.00263157 0.000536539 -0.000132088 -0.00158432 0.000126078 -1.97598e-05 -0.000359912 0.00154231 0.00191465 0 0.000132921 0.000289936 9.9404e-05 0.000423393 1.54857e-05 0.000568075 -0.000106397 -0.000458971
internal_weight=545 90 455 79 49 439 422 354 68 30 343 332 316 302 57 37 26 37 24
internal_count=545 90 455 79 49 439 422 354 68 30 343 332 316 302 57 37 26 37 24
is_linear=0
shrinkage=0.0529975


Tree=232
num_leaves=15
num_cat=0
split_feature=39 38 45 39 2 30 18 44 29 39 18 9 29 12
split_gain=0.284218 0.18945 0.0710139 0.0614575 0.0667552 0.127253 0.0609776 0.0352784 0.0525673 0.0450022 0.0241739 0.00697364 0.00644954 0.000379062
threshold=-1.1558530955085182 -0.85777646155359866 1.7894974863008961 -1.0606611111965953 1.6463212820353956 1.1158556766981123 -1.260130702311226 1.1974606743659131 0.74954040166073665 -0.69848839585506151 1.9357199013625472 0.24993975262748927 -0.42378981793710108 -0.98632518450781059
decision_type=2 2 2 2 2 2 2 2 2 2 2 2 2 2
left_child=-1 -2 3 -3 5 7 11 8 10 -9 -5 13 -11 -6
right_child=1 2 -4 4 6 -7 -8 9 -10 12 -12 -13 -14 -15
leaf_value=-0.0065652816765363895 0.005021785945732592 -0.0031542149643990921 0.003370025670942581 2.4839510509978638e-05 0 -0.0041415147197670938 0.004112869265725452 0.0028897737485817795 -0.0031001465458371869 0.00066408584318667198 -0.0019541831437447175 -0.00052259974985231891 -0.00047085622199681407 0.00098999149437587679
leaf_weight=11.999999999999998 15.999999999999998 11.999999999999998 10.999999999999998 345 10.999999999999998 15.999999999999998 13.999999999999998 19 10.999999999999998 20 11.999999999999998 10.999999999999998 24 11.000000000000002
leaf_count=12 16 12 11 345 11 16 14 19 11 20 12 11 24 11
internal_value=-1.45793e-06 0.000204757 0 -0.000112063 0 -0.000209418 0.0017785 0 -0.000211609 0.00109243 -5.36232e-05 0.000128907 0 0.000746305
internal_weight=545 533 517 506 494 447 47 431 368 63 357 33 44 22
internal_count=545 533 517 506 494 447 47 431 368 63 357 33 44 22
is_linear=0
shrinkage=0.0529975


Tree=233
num_leaves=26
num_cat=0
split_feature=45 30 28 29 29 8 35 52 14 6 13 39 19 19 19 8 30 37 29 44 8 38 1 1 35
split_gain=0.282336 0.228105 0.0490525 0.297859 0.138827 0.364586 0.0652232 0.0784698 0.136864 0.0860521 0.0817875 0.0445624 0.084752 0.0369823 0.0302364 0.0233445 0.0191049 0.0342915 0.0305755 0.0155624 0.020002 0.00915105 0.0105967 0.00833549 0.00685627
threshold=1.7894974863008961 -1.6045160372440099 -0.16078487016931256 0.47796017511591082 0.7731741465887918 -1.0389942329791786 -1.2356161011941302 1.0000000180025095e-35 -0.91323895774421293 0.69724518040190409 -0.054758513544016361 -0.45960859485267685 -0.58317633917525924 0.80107462915198291 -0.62555187198812046 0.0057349260893891788 -0.24326545948369957 -0.78948456671466416 0.6273942987389155 1.0000000180025095e-35 -0.94137468961390514 -0.28992675498330472 -0.35547316887809305 -0.19566369622417185 -0.32329153216394391
decision_type=2 2 2 2 2 2 2 2 2 2 2 2 2 2 2 2 2 2 2 2 2 2 2 2 2
left_child=1 -1 3 6 13 -6 -3 8 9 -8 15 12 -10 16 -13 -9 17 -4 19 23 -21 24 -23 -18 -19
right_child=-2 2 4 -5 5 -7 7 10 11 -11 -12 14 -14 -15 -16 -17 18 21 -20 20 -22 22 -24 -25 -26
leaf_value=0.0059078098224000673 -0.0065440103438759827 0.0028574881677010306 0.002398630731185571 -0.0071316787451557 -0.0021233242122481832 0.0077546184504545179 -0.0064673952348329863 0.00070584256297135783 0.0026045003727259313 0 0.0035197524342835611 -0.0024897048914067302 -0.00073677268982639101 -0.0023069329471093248 -3.2482913428269808e-05 -0.0019425621017214528 0.00017826059897018759 0.0015432764546797918 -0.0022675560735302734 0.0020899443736893202 0 -0.00081836343012845684 0.00035339122495528009 -0.00081421044179470065 0
leaf_weight=12.999999999999998 11.999999999999998 13.999999999999998 20 11.999999999999998 14.000000000000002 17 12.000000000000002 11.000000000000002 31 10.999999999999998 21 22 41 11.999999999999998 41 10.999999999999998 22.999999999999993 13.000000000000002 11.999999999999998 13.999999999999998 35 33 35 47.000000000000007 18
leaf_count=13 12 14 20 12 14 17 12 11 31 11 21 22 41 12 41 11 23 13 12 14 35 33 35 47 18
internal_value=-1.95296e-06 0.000203541 0 -0.0005812 0.000444481 0.00348371 -3.9944e-07 -0.00031021 -0.000885373 -0.00419813 0.00151033 -0.0001169 0.000701915 0 -0.0011336 -0.000501319 0.000177854 0.000663391 -0.000221953 2.73319e-05 0.000752735 0.000129347 -0.000141099 -0.00040787 0.000838094
internal_weight=545 533 520 227 293 31 215 201 158 23 43 135 72 262 63 22 250 119 131 119 49 99 68 70 31
internal_count=545 533 520 227 293 31 215 201 158 23 43 135 72 262 63 22 250 119 131 119 49 99 68 70 31
is_linear=0
shrinkage=0.0529975


Tree=234
num_leaves=22
num_cat=0
split_feature=19 30 36 29 45 52 8 8 4 7 26 37 19 26 6 39 39 8 29 34 25
split_gain=0.295169 0.0746204 0.104556 0.0912668 0.068465 0.0435638 0.0805367 0.0641572 0.0842818 0.0633848 0.0922219 0.0415831 0.0380295 0.0611456 0.0259769 0.0196865 0.0170574 0.00871739 0.0082399 0.00794969 0.00584388
threshold=1.0782546332626139 -0.66021637375627751 -1.1775705755317434 0.99250610888350865 1.7894974863008961 1.0000000180025095e-35 0.72142320383420455 1.0250222033349827 -1.1622003561429641 -0.28687391215209518 -0.13697551976899464 -0.63011943184916475 -0.50832564867298069 -0.65104399322536188 -0.62495237749368548 -0.69848839585506151 -0.80165551899036436 -0.65448179333522094 -0.14492537456618729 -0.73305319463412733 -0.80856147868421624
decision_type=2 2 2 2 2 2 2 2 2 2 2 2 2 2 2 2 2 2 2 2 2
left_child=1 2 -1 4 5 7 16 9 -9 12 11 -11 13 -3 -12 -14 -7 -4 20 -19 -18
right_child=-2 3 17 -5 -6 6 -8 8 -10 10 14 -13 15 -15 -16 -17 18 19 -20 -21 -22
leaf_value=0.005429285681425723 -0.0057662130353860839 0 0.0012919036124821831 -0.0034825716512701934 0.0034788925424591665 0.0013990463581839794 0.0043871330670081331 0.00060614105863921418 -0.004136760941811631 0.0044311210734462522 0.00068796049155538791 2.9513003996499471e-05 -0.0012848450720525683 -0.0042614594289217302 -0.0004733414464895367 0.00047768989101392069 -0.00047652607434129599 0.00059508609941775657 -0.0010160165315237126 -0.0008346393547488712 0.00059731543081881125
leaf_weight=11.999999999999998 18 18 10.999999999999998 13.999999999999998 10.999999999999998 20 10.999999999999998 12.000000000000002 19 16.000000000000004 92 12.999999999999998 22 15.999999999999998 113 38 11.999999999999998 11.999999999999998 17 17.000000000000004 31
leaf_count=12 18 18 11 14 11 20 11 12 19 16 92 13 22 16 113 38 12 12 17 17 31
internal_value=-4.40802e-06 0.000241943 0.00203747 7.90977e-06 0.000172224 3.13924e-05 0.00104224 -0.000218617 -0.00231134 0 0.000483781 0.00300071 -0.00110393 -0.00238608 1.94651e-05 -0.00012076 0.00022726 0.000292923 -0.000149129 -4.28513e-05 0.000133441
internal_weight=545 527 52 475 461 450 91 359 31 328 234 29 94 34 205 60 80 40 60 29 43
internal_count=545 527 52 475 461 450 91 359 31 328 234 29 94 34 205 60 80 40 60 29 43
is_linear=0
shrinkage=0.0529975


Tree=235
num_leaves=12
num_cat=0
split_feature=13 5 8 29 39 29 3 32 8 1 39
split_gain=0.277514 0.212073 0.341273 0.281644 0.0811823 0.0993651 0.0758428 0.0414879 0.0922924 0.078131 0.0242888
threshold=1.9449801053509139 -2.2121322698951009 1.7193012331271491 1.1880524913612776 -0.98800266224578548 0.81384386805079478 0.10372348583753192 -1.3308125281902408 0.66579977688026848 -0.55143778753185158 -0.88168880801376159
decision_type=2 2 2 2 2 2 2 2 2 2 2
left_child=1 -1 3 4 6 7 -3 -6 10 -10 -9
right_child=-2 2 -4 -5 5 -7 -8 8 9 -11 -12
leaf_value=0.0058593518481595283 -0.0064868200416868136 -0.0002448451158790513 -0.0073815888940592682 0.0067645817884707873 0.0024184703514026243 -0.0039195355543467855 0.0044070531495465203 0.0013949458312348913 -0.0039771950439776412 0 0
leaf_weight=11.999999999999998 11.999999999999998 12.000000000000002 10.999999999999998 11.999999999999998 12.999999999999998 12.999999999999998 15.999999999999998 34 24 25 361
leaf_count=12 12 12 11 12 13 13 16 34 24 25 361
internal_value=-6.82207e-07 0.000202931 0 0.000250762 1.32798e-06 -0.000163645 0.00251639 0 -0.000109733 -0.00215345 0.000154783
internal_weight=545 533 521 510 498 470 28 457 444 49 395
internal_count=545 533 521 510 498 470 28 457 444 49 395
is_linear=0
shrinkage=0.0529975


Tree=236
num_leaves=22
num_cat=0
split_feature=45 17 19 4 1 38 29 29 37 34 34 3 29 13 19 47 29 25 1 2 13
split_gain=0.27098 0.217173 0.437889 0.280979 0.0811314 0.109004 0.183891 0.154102 0.102384 0.0478205 0.0546272 0.0257627 0.0332264 0.025661 0.0477263 0.0200868 0.0181114 0.00613903 0.00374686 0.00581586 0.00273241
threshold=1.7894974863008961 -1.3571207634493772 0.38603713801689205 -1.2456854566903617 -0.88755018861797075 0.1899764519439007 0.99250610888350865 0.67528232375896413 -0.7098019992819159 -0.65849572485004393 -0.73305319463412733 -0.26775634616264371 0.67528232375896413 -1.0792551458842758 -0.58317633917525924 0.86972378749100565 0.3379794461462049 -0.91482025821547508 -1.0466141943440603 -0.68849924858913847 0.13240914044122343
decision_type=2 2 2 2 2 2 2 2 2 2 2 2 2 2 2 2 2 2 2 2 2
left_child=1 2 -1 -3 8 6 11 9 -5 10 17 12 15 -11 -15 -6 20 -7 19 -10 -13
right_child=-2 3 -4 4 5 7 -8 -9 18 13 -12 16 -14 14 -16 -17 -18 -19 -20 -21 -22
leaf_value=-0.00078157361952734721 -0.0064094650203873988 -0.0067782656005752999 0.010416003742986601 0.00457091656638196 -0.00011367969130137051 0.00019453611007184851 0.0055613712926681986 -0.0054361810160933714 0.0011902009764474242 -0.0015964276885708864 -0.004373365680853559 -0.00020559853809230133 0.0030041312869481421 0.0015321264391402554 -0.00030735592099071109 0.0016650277832283985 -0.0016963995453905983 -0.00091591747929906325 -0.00036421273084384474 0 0.00046913861215855065
leaf_weight=19.000000000000004 11.999999999999998 10.999999999999998 10.999999999999998 19 64 13.999999999999998 14.999999999999998 12.999999999999998 10.999999999999998 20 10.999999999999998 35 10.999999999999998 48 133 15.999999999999998 17 17.000000000000004 14.999999999999998 12.000000000000002 21
leaf_count=19 12 11 11 19 64 14 15 13 11 20 11 35 11 48 133 16 17 17 15 12 21
internal_value=0 0.000201087 0.00418135 -6.90451e-05 0.000146744 -9.41718e-05 0.000874184 -0.000802434 0.00193014 -0.000401541 -0.00190648 0.000223342 0.000821957 -7.21476e-06 0.000176599 0.000252136 -0.000440208 -0.000275382 7.97208e-06 0.000516704 0
internal_weight=545 533 30 503 492 435 179 256 57 243 42 164 91 201 181 80 73 31 38 23 56
internal_count=545 533 30 503 492 435 179 256 57 243 42 164 91 201 181 80 73 31 38 23 56
is_linear=0
shrinkage=0.0529975


Tree=237
num_leaves=20
num_cat=0
split_feature=19 45 30 47 6 3 3 3 29 7 35 17 29 2 29 19 3 47 30
split_gain=0.276004 0.0707527 0.118044 0.0560582 0.064267 0.0742985 0.0517311 0.042138 0.0410923 0.0580294 0.0386054 0.117946 0.0894435 0.0324304 0.0908981 0.0305002 0.0163876 0.0152693 0.00695368
threshold=1.0782546332626139 0.99460514069480432 1.1158556766981123 0.73036341580924213 -0.41289318267654535 -0.19603499245963937 0.29130241090692782 -0.59877797863804749 -0.93173233176629544 -1.520882100088333 0.13961564358590126 -0.014255969690326185 0.58687950133281286 1.9284251908453396 0.67528232375896413 -0.73828673672853917 0.6002559345506383 -0.31483937180398425 -0.19480581771904446
decision_type=2 2 2 2 2 2 2 2 2 2 2 2 2 2 2 2 2 2 2
left_child=1 2 8 4 -3 7 -7 -6 -1 -10 12 -12 15 14 -13 -11 -8 -17 -5
right_child=-2 3 -4 18 5 6 16 -9 9 10 11 13 -14 -15 -16 17 -18 -19 -20
leaf_value=0.0025875466927143798 -0.0055741584301027521 0.0052857856857730463 -0.0039567497195714865 0.00042932822772003541 0.00031655162001769575 -0.0025564678152372872 0.0020614819554831015 0.004763901481324156 -0.0024753558363911294 0.0022621239143019063 -0.0046336440462935126 -0.00022690749145082536 0.0039300526258032823 -0.0021235148076552144 0.0034636379635875538 0.0008477947202330077 -5.5435476013632144e-05 -0.00022034462504016579 -0.00075560491664800142
leaf_weight=11.999999999999998 18 10.999999999999998 14.999999999999998 15.999999999999998 16.000000000000004 12.999999999999998 11.000000000000002 11.999999999999998 19 12.999999999999998 10.999999999999998 108 14.999999999999998 10.999999999999998 15.999999999999998 43 10.999999999999998 152 22
leaf_count=12 18 11 15 16 16 13 11 12 19 13 11 108 15 11 16 43 11 152 22
internal_value=-2.026e-06 0.000235759 -7.29175e-05 0.00138429 0.00218825 0.0011338 -0.000352912 0.0029321 0.000111811 0 0.000161877 -0.000470479 0.000607866 1.84064e-06 0.000333365 0.000232235 0.000968372 0 -0.000107415
internal_weight=545 527 415 112 74 63 35 28 400 388 369 146 223 135 124 208 22 195 38
internal_count=545 527 415 112 74 63 35 28 400 388 369 146 223 135 124 208 22 195 38
is_linear=0
shrinkage=0.0529975


Tree=238
num_leaves=16
num_cat=0
split_feature=39 38 45 39 2 30 18 13 6 8 39 25 31 9 12
split_gain=0.279723 0.178587 0.0741129 0.0578992 0.062028 0.109714 0.0547378 0.0359377 0.0794298 0.0783756 0.0465186 0.0170694 0.00937784 0.00643628 3.00369e-05
threshold=-1.1558530955085182 -0.85777646155359866 1.7894974863008961 -1.0606611111965953 1.6463212820353956 1.1158556766981123 -1.260130702311226 0.67421024408270702 -0.31001332184915381 1.1846244970882689 -0.88168880801376159 -1.2412826634859453 -1.1680168690217747 0.24993975262748927 -0.98632518450781059
decision_type=2 2 2 2 2 2 2 2 2 2 2 2 2 2 2
left_child=-1 -2 3 -3 5 7 13 9 -9 10 -5 -10 -11 14 -6
right_child=1 2 -4 4 6 -7 -8 8 11 12 -12 -13 -14 -15 -16
leaf_value=-0.0065112420170869278 0.004882131257863364 -0.0030610251686112272 0.003448832586128962 0.0020545721435840949 0 -0.0038528729631189902 0.0039301844726083593 -0.0042585466302556474 -0.0015334503739225164 0.0038991906676041858 -0.00019746925181763183 0.00031995158727167277 0.00047060781139752345 -0.00047868233218744261 0.00093912317899704585
leaf_weight=11.999999999999998 15.999999999999998 11.999999999999998 10.999999999999998 22 10.999999999999998 15.999999999999998 13.999999999999998 10.999999999999998 11.999999999999998 11.000000000000002 314 50 10.999999999999998 10.999999999999998 11.000000000000002
leaf_count=12 16 12 11 22 11 16 14 11 12 11 314 50 11 11 11
internal_value=0 0.000205156 0 -0.00010826 0 -0.000201377 0.00171487 0 -0.00103879 0.000207658 0 -3.96463e-05 0.00290236 0.000136102 0.000729666
internal_weight=545 533 517 506 494 447 47 431 73 358 336 62 22 33 22
internal_count=545 533 517 506 494 447 47 431 73 358 336 62 22 33 22
is_linear=0
shrinkage=0.0529975


end of trees

feature_importances:
Column_29=842
Column_37=537
Column_19=535
Column_30=309
Column_39=298
Column_13=164
Column_45=140
Column_9=114
Column_6=110
Column_3=101
Column_8=99
Column_1=91
Column_38=87
Column_12=85
Column_31=83
Column_7=81
Column_5=78
Column_26=75
Column_2=69
Column_25=62
Column_10=54
Column_47=54
Column_28=53
Column_44=50
Column_17=46
Column_34=45
Column_27=43
Column_35=40
Column_36=34
Column_15=29
Column_53=27
Column_4=21
Column_16=21
Column_0=18
Column_14=16
Column_11=11
Column_24=11
Column_33=11
Column_46=9
Column_52=7
Column_23=6
Column_32=6
Column_18=5
Column_51=5
Column_48=4
Column_21=3
Column_43=3
Column_49=3
Column_20=2
Column_22=2
Column_42=2

parameters:
[boosting: gbdt]
[objective: regression]
[metric: rmse]
[tree_learner: serial]
[device_type: cpu]
[data_sample_strategy: bagging]
[data: ]
[valid: ]
[num_iterations: 1000]
[learning_rate: 0.0529975]
[num_leaves: 126]
[num_threads: 0]
[seed: 789]
[deterministic: 0]
[force_col_wise: 0]
[force_row_wise: 0]
[histogram_pool_size: -1]
[max_depth: 9]
[min_data_in_leaf: 11]
[min_sum_hessian_in_leaf: 0.001]
[bagging_fraction: 0.99809]
[pos_bagging_fraction: 1]
[neg_bagging_fraction: 1]
[bagging_freq: 0]
[bagging_seed: 1300]
[bagging_by_query: 0]
[feature_fraction: 0.925341]
[feature_fraction_bynode: 1]
[feature_fraction_seed: 15719]
[extra_trees: 0]
[extra_seed: 29795]
[early_stopping_round: 0]
[early_stopping_min_delta: 0]
[first_metric_only: 0]
[max_delta_step: 0]
[lambda_l1: 0.131792]
[lambda_l2: 5.99641]
[linear_lambda: 0]
[min_gain_to_split: 0]
[drop_rate: 0.1]
[max_drop: 50]
[skip_drop: 0.5]
[xgboost_dart_mode: 0]
[uniform_drop: 0]
[drop_seed: 25829]
[top_rate: 0.2]
[other_rate: 0.1]
[min_data_per_group: 100]
[max_cat_threshold: 32]
[cat_l2: 10]
[cat_smooth: 10]
[max_cat_to_onehot: 4]
[top_k: 20]
[monotone_constraints: ]
[monotone_constraints_method: basic]
[monotone_penalty: 0]
[feature_contri: ]
[forcedsplits_filename: ]
[refit_decay_rate: 0.9]
[cegb_tradeoff: 1]
[cegb_penalty_split: 0]
[cegb_penalty_feature_lazy: ]
[cegb_penalty_feature_coupled: ]
[path_smooth: 0]
[interaction_constraints: ]
[verbosity: -1]
[saved_feature_importance_type: 0]
[use_quantized_grad: 0]
[num_grad_quant_bins: 4]
[quant_train_renew_leaf: 0]
[stochastic_rounding: 1]
[linear_tree: 0]
[max_bin: 255]
[max_bin_by_feature: ]
[min_data_in_bin: 3]
[bin_construct_sample_cnt: 200000]
[data_random_seed: 2615]
[is_enable_sparse: 1]
[enable_bundle: 1]
[use_missing: 1]
[zero_as_missing: 0]
[feature_pre_filter: 1]
[pre_partition: 0]
[two_round: 0]
[header: 0]
[label_column: ]
[weight_column: ]
[group_column: ]
[ignore_column: ]
[categorical_feature: ]
[forcedbins_filename: ]
[precise_float_parser: 0]
[parser_config_file: ]
[objective_seed: 20590]
[num_class: 1]
[is_unbalance: 0]
[scale_pos_weight: 1]
[sigmoid: 1]
[boost_from_average: 1]
[reg_sqrt: 0]
[alpha: 0.9]
[fair_c: 1]
[poisson_max_delta_step: 0.7]
[tweedie_variance_power: 1.5]
[lambdarank_truncation_level: 30]
[lambdarank_norm: 1]
[label_gain: ]
[lambdarank_position_bias_regularization: 0]
[eval_at: ]
[multi_error_top_k: 1]
[auc_mu_weights: ]
[num_machines: 1]
[local_listen_port: 12400]
[time_out: 120]
[machine_list_filename: ]
[machines: ]
[gpu_platform_id: -1]
[gpu_device_id: -1]
[gpu_use_dp: 0]
[num_gpu: 1]

end of parameters

pandas_categorical:null
