tree
version=v4
num_class=1
num_tree_per_iteration=1
label_index=0
max_feature_idx=53
objective=regression
feature_names=Column_0 Column_1 Column_2 Column_3 Column_4 Column_5 Column_6 Column_7 Column_8 Column_9 Column_10 Column_11 Column_12 Column_13 Column_14 Column_15 Column_16 Column_17 Column_18 Column_19 Column_20 Column_21 Column_22 Column_23 Column_24 Column_25 Column_26 Column_27 Column_28 Column_29 Column_30 Column_31 Column_32 Column_33 Column_34 Column_35 Column_36 Column_37 Column_38 Column_39 Column_40 Column_41 Column_42 Column_43 Column_44 Column_45 Column_46 Column_47 Column_48 Column_49 Column_50 Column_51 Column_52 Column_53
feature_infos=[-2.3860614442315784:2.2241517345110151] [-2.7471174400941529:3.0162737457046975] [-2.3388262167655554:2.3682540554418452] [-2.9913287778074964:5.4497228503153083] [-2.3979368466202819:2.2185354539968141] [-4.3479117513954924:2.4122349837747081] [-3.0896286397862602:2.5388632494671182] [-3.4520855958974139:2.8707873799985273] [-1.8385573390688419:5.8473620258965502] [-3.2694646109543357:2.6529039104727006] [-2.8263445368379383:2.3476012157692288] [-1.8385573390688419:5.8473620258965502] [-2.6563759516088141:3.0292207508517799] [-6.2854712054210768:5.8016188703625646] [-1.8734667108427325:2.1028068041907839] [-1.4706683784168755:5.8579702714542918] [-1.4236382869424618:6.5987378972508353] [-1.8629031587281213:2.5095305597150408] [-1.6309030514807239:3.23711311537404] [-1.8325097201601672:11.884285172726242] [-2.386061444231582:2.224151734511012] [-2.7471174400941534:3.0162737457046975] [-2.3388262167655549:2.3682540554418421] [-2.9913287778075062:5.449722850315303] [-2.3736022445566456:2.2262331816951049] [-1.8652415475283:2.3786032230001952] [-3.6035419535495192:2.7565077153535937] [-1.8325097201601774:11.884285172726228] [-1.8321177536900404:11.883510524330287] [-2.1693052153364474:10.074331732664341] [-7.9977700562127723:2.9195450420513973] [-3.5155345318938003:2.7411597883815264] [-1.865241547528302:2.3786032230001921] [-1.590190129462759:2.598665431376189] [-1.8361820104131108:2.6942700687227594] [-2.2822075105070931:2.337184013125158] [-1.7318634470939274:4.9868380263870895] [-0.82303512142318946:2.1126384155728335] [-13.249702630323796:0.32976043829663121] [-1.4909311853317471:3.1213095313064838] none [-3.6526846651685991:0.27377123723157154] [-4.2181872229994228:0.23706866175771926] [-1.1065666703449777:0.90369611411506501] [-1.5084483881382889:1.4434524073208403] [-1.5604059701819188:1.8462755109870455] [-2.612815015755678:0.94310462543735052] [-2.5097652257917598:1.0439242520932099] [-0.49713135899949407:2.0115407766923972] [-0.49713135899949473:2.0115407766923998] [-0.49713135899949434:2.0115407766923981] [-0.51429676266996505:1.944402672901359] [-0.49425928159511995:2.0232295826043223] [-1.424660333114889:1.41424234164787]
tree_sizes=1080 1311 1044 1200 1211 1384 1467 1348 1336 1658 1405 1578 1813 1662 1530 1698 1569 1720 1778 1408 1975 1868 1820 1692 1868 1646 1889 2331 1909 2038 1891 2173 2055 2142 2012 1992 2095 2401 2448 2334 2317 2119 2121 2186 2398 2349 2123 2051 2015 2027 2072 2226 2529 2143 2332 2544 2349 2451 2559 2343 2286 2456 2477 2606 2217 2308 2737 2349 2832 2542 2141 2283 2734 2667 2995 2863 2640 2372 2607 2522 2741 2669 2799 2988 2932 2870 2783 2492 2142 2878 1846 2239 2201 2201 2516 2392 2633 2173 2080 2363 2030 2314 2561 2066 2590 2162 2163 1792 2904 2596 2490 1787 1905 1878 1880 2178 2035 1528 1616 1874 1629 2046 2005 2049 2181 1873 1509 1835 2532 1523 1819 1835 2018 1744 1885 1824 1815 2091 3143 1844 1603 1926 2355 2663 1377 2436 1614 1283 1338 1629 1343 1409 2425 1925 1783 1839 1347 2408 1517 1811 1436 2523 1454 2074 2443 2006 2239 1448 1541 2522 1715 1766 1872 2708 2300 1804 2092 2779 1402 2263 2128 2866 1570 2944 2267 1904 2831 2701 1335 2035 2273 1721 1809 1868 2632 1812 1737 2604 1966 2576 2352 1558 2822 1322 2375 2798 2394 1720 2703 1462 1936

Tree=0
num_leaves=11
num_cat=0
split_feature=37 37 29 37 37 29 47 37 48 37
split_gain=6559.52 887.018 269.736 86.6293 79.4932 45.2434 20.9797 10.9632 8.68986 4.63815
threshold=-0.68463908325052059 0.77900386590892634 0.34963447586933422 -0.068147640481356228 -0.81674439241534058 -0.31953540702733996 0.66068322996836037 1.3346849282688862 1.0000000180025095e-35 -0.44978520029083774
decision_type=2 2 2 2 2 2 2 2 2 2
left_child=2 3 4 9 5 -1 8 -3 -7 -2
right_child=1 7 -4 -5 -6 6 -8 -9 -10 -11
leaf_value=85.405102418935627 85.487802001087729 85.667837172291499 85.22291332819448 85.594995231311984 85.471152512111303 85.29127544333943 85.416132557396836 85.788750414652384 85.402401365202195 85.520422707315063
leaf_weight=37 22 44 102 100 13.999999999999998 78 14.999999999999998 84 14.999999999999998 34
leaf_count=37 22 44 102 100 14 78 15 84 15 34
internal_value=85.482 85.6565 85.2924 85.5665 85.3449 85.3336 85.3146 85.7574 85.3032 85.5095
internal_weight=545 284 261 156 159 145 108 128 93 56
internal_count=545 284 261 156 159 145 108 128 93 56
is_linear=0
shrinkage=1


Tree=1
num_leaves=13
num_cat=0
split_feature=37 37 29 30 37 37 29 30 37 37 30 37
split_gain=5935.24 803.066 240.899 82.6368 78.2246 71.9673 40.7449 97.9769 8.717 5.74449 1.3109 0.224329
threshold=-0.68463908325052059 0.77900386590892634 0.34963447586933422 -0.051831333479093196 -0.017821808418565357 -0.81674439241534058 -0.31953540702733996 0.69640676084656972 1.382913850662393 -0.40155627789733084 -0.1688947899045288 -0.56511523210139514
decision_type=2 2 2 2 2 2 2 2 2 2 2 2
left_child=2 4 5 -4 9 6 -1 10 -3 11 -8 -2
right_child=1 8 3 -5 -6 -7 7 -9 -10 -11 -12 -13
leaf_value=-0.073373121474918937 0.00066135027535153747 0.18039083870804859 -0.16663778973791948 -0.30958149851573985 0.10977694646253491 -0.010427392917281042 -0.04570463835362356 -0.24778831583813757 0.29358745259868774 0.041853187930312404 -0.12125898623894103 0.01098912041039218
leaf_weight=37 12.000000000000002 47 55 47 94 13.999999999999998 10.999999999999998 27 81 37 70 12.999999999999998
leaf_count=37 12 47 55 47 94 14 11 27 81 37 70 13
internal_value=-7.03918e-06 0.16598 -0.180319 -0.246101 0.0803626 -0.130666 -0.141354 -0.159498 0.262008 0.0299157 -0.114936 0.00734409
internal_weight=545 284 261 102 156 159 145 108 128 62 81 25
internal_count=545 284 261 102 156 159 145 108 128 62 81 25
is_linear=0
shrinkage=0.0529975


Tree=2
num_leaves=10
num_cat=0
split_feature=37 37 13 37 37 37 37 13 37
split_gain=5386.41 821.702 92.1494 83.8248 31.807 4.44156 3.64968 1.29157 0.286974
threshold=-0.78948456671466416 0.67415838244478266 -0.28132988415772758 -0.18557458196119755 1.2738745478596842 -0.52737085805430506 0.11847732008481973 -0.38969010488602435 -0.63011943184916475
decision_type=2 2 2 2 2 2 2 2 2
left_child=2 3 7 5 -3 8 -5 -1 -2
right_child=1 4 -4 6 -6 -7 -8 -9 -10
leaf_value=-0.11733701344357633 -0.006202034327387149 0.16414937170551236 -0.20157594526063086 0.057479771096469193 0.27557868919320394 0.025003856777156927 0.10574502842378761 -0.048787571192221546 0.002814339176411519
leaf_weight=51 16.000000000000004 50 183 35 87 31 66 13.999999999999998 11.999999999999998
leaf_count=51 16 50 183 35 87 31 66 14 12
internal_value=-0.000201329 0.150683 -0.180217 0.0652001 0.243549 0.0129127 0.0932434 -0.108039 -0.00231759
internal_weight=545 297 248 160 137 59 101 65 28
internal_count=545 297 248 160 137 59 101 65 28
is_linear=0
shrinkage=0.0529975


Tree=3
num_leaves=12
num_cat=0
split_feature=37 37 29 37 29 47 37 48 37 37 37
split_gain=4865.46 762.483 171.478 85.7265 42.8268 31.1064 21.6356 16.3925 5.88172 2.45842 0.490713
threshold=-0.81674439241534058 0.71819348549972462 0.41037723249571229 -0.14783020791410453 -0.31953540702733996 0.66068322996836037 1.4563056890872954 1.0000000180025095e-35 -0.49382030334577687 0.15412478446262895 -0.63011943184916475
decision_type=2 2 2 2 2 2 2 2 2 2 2
left_child=2 3 4 8 -1 7 -3 -6 10 -5 -2
right_child=1 6 -4 9 5 -7 -8 -9 -10 -11 -12
leaf_value=-0.063352182238972946 -0.0069863565304666107 0.16463333261692265 -0.23398784756485208 0.058545946097014932 -0.17139905402125066 -0.05678517074537992 0.26747262109432735 -0.066960573344115606 0.027731313682457254 0.10452603675576559 0.0039894104772265548
leaf_weight=37 19 56 91 37 82 19 78 15.999999999999998 32 63 14.999999999999998
leaf_count=37 19 56 91 37 82 19 78 16 32 63 15
internal_value=-4.04901e-05 0.14181 -0.173001 0.0622453 -0.129501 -0.146255 0.233437 -0.159259 0.0133732 0.0918538 -0.00209734
internal_weight=545 300 245 166 154 117 134 98 66 100 34
internal_count=545 300 245 166 154 117 134 98 66 100 34
is_linear=0
shrinkage=0.0529975


Tree=4
num_leaves=12
num_cat=0
split_feature=37 37 29 37 36 47 37 29 37 37 37
split_gain=4404.7 671.397 173.351 76.3927 32.8159 18.7482 11.9445 11.1212 4.73347 3.58847 0.351192
threshold=-0.78948456671466416 0.73916258219255215 0.17116908538165884 -0.14783020791410453 0.30054374863408012 0.31228230076395158 1.4563056890872954 -0.34583423269224073 -0.49382030334577687 0.20235370685613588 -0.60495651581777243
decision_type=2 2 2 2 2 2 2 2 2 2 2
left_child=2 3 5 8 -4 7 -3 -1 10 -5 -2
right_child=1 6 4 9 -6 -7 -8 -9 -10 -11 -12
leaf_value=-0.062102526027861725 -0.0050862023420291955 0.1575640315749384 -0.21391612364075394 0.058584220047977295 -0.071842154655792745 -0.03489964657866191 0.254309199635599 -0.12925371783627035 0.026493563230787588 0.10329843733157723 0.0045836591458323925
leaf_weight=29 19.000000000000004 53 124 43 12.999999999999998 17 78 65 32 60 11.999999999999998
leaf_count=29 19 53 124 43 13 17 78 65 32 60 12
internal_value=-2.18535e-05 0.136419 -0.162811 0.0619997 -0.204061 -0.10399 0.223829 -0.113573 0.0139429 0.0889454 -0.00101801
internal_weight=545 297 248 166 137 111 131 94 63 103 31
internal_count=545 297 248 166 137 111 131 94 63 103 31
is_linear=0
shrinkage=0.0529975


Tree=5
num_leaves=14
num_cat=0
split_feature=37 37 29 37 30 30 29 37 29 30 37 37 37
split_gain=3988.61 624.273 142.102 59.5238 55.4268 45.5564 96.9497 35.0721 11.7339 14.9517 3.01642 1.75629 0.157595
threshold=-0.81674439241534058 0.62592946005127559 0.41037723249571229 -0.20864058832330609 0.007903202474750343 0.69640676084656972 -0.31953540702733996 1.1795136127419574 -0.26151545470841348 -0.017993314836550849 -0.56511523210139514 0.074442217029880728 -0.68463908325052059
decision_type=2 2 2 2 2 2 2 2 2 2 2 2 2
left_child=2 3 5 10 -4 8 -7 -3 -1 -10 12 -5 -2
right_child=1 7 4 11 -6 6 -8 -9 9 -11 -12 -13 -14
leaf_value=-0.025304423549759928 -0.0062572158970719948 0.13286034349735984 -0.14711290006365607 0.046287558363567058 -0.27587162786124464 -0.062829805904626973 -0.21999542330649657 0.23264200190808421 -0.039061490439539513 -0.10709840295762674 0.018722103105299308 0.085936689283066886 0.00058304701464823722
leaf_weight=13.999999999999998 16.000000000000004 47 55 32 36 26 29 96 22 63 31 66 11.999999999999998
leaf_count=14 16 47 55 32 36 26 29 96 22 63 31 66 12
internal_value=5.22438e-06 0.128463 -0.156573 0.052304 -0.212028 -0.117042 -0.159294 0.20656 -0.0857453 -0.0933001 0.00870059 0.0764726 -0.00353446
internal_weight=545 300 245 157 91 154 55 143 99 85 59 98 28
internal_count=545 300 245 157 91 154 55 143 99 85 59 98 28
is_linear=0
shrinkage=0.0529975


Tree=6
num_leaves=15
num_cat=0
split_feature=37 37 29 30 37 37 29 30 29 29 30 37 37 37
split_gain=3621.04 564.047 131.12 81.4386 50.8332 39.1912 28.7421 27.3212 40.5952 4.4762 3.94274 2.78587 0.636881 0.238944
threshold=-0.81674439241534058 0.61125109236629682 0.17116908538165884 0.36035248426005978 -0.20864058832330609 1.5590542628821551 0.69848664362485546 0.71883599648285379 -0.31953540702733996 -0.26151545470841348 0.17063488048219541 -0.52737085805430506 0.049279300998485126 -0.63011943184916475
decision_type=2 2 2 2 2 2 2 2 2 2 2 2 2 2
left_child=2 4 7 6 11 -3 -4 9 -9 -1 -11 13 -6 -2
right_child=1 5 3 -5 12 -7 -8 8 -10 10 -12 -13 -14 -15
leaf_value=-0.023411689718799689 -0.0057017386984966247 0.14282878488644762 -0.098054966679457581 -0.25936181521601626 0.042631839157673025 0.2345366086702585 -0.18376962250865242 -0.061923752628707869 -0.18424348060268003 -0.031837715035217519 -0.084641640362176709 0.01884074188516217 0.079211566225637894 0.0023164959528113446
leaf_weight=14.999999999999998 19.000000000000004 75 57 39 29 71 41 25 19 17 32 28 66 11.999999999999998
leaf_count=15 19 75 57 39 29 71 41 25 19 17 32 28 66 12
internal_value=-0.000183099 0.12219 -0.149395 -0.185305 0.0484296 0.194966 -0.142511 -0.0964291 -0.130646 -0.0636284 -0.0719177 0.00830328 0.0713084 -0.00253673
internal_weight=545 300 245 137 154 146 98 108 44 64 49 59 95 31
internal_count=545 300 245 137 154 146 98 108 44 64 49 59 95 31
is_linear=0
shrinkage=0.0529975


Tree=7
num_leaves=14
num_cat=0
split_feature=37 37 29 37 19 29 19 19 29 37 37 37 37
split_gain=3291.07 511.135 118.935 65.9856 58.8422 93.2145 55.5187 22.2806 22.6819 4.71747 4.26681 1.44234 0.467157
threshold=-0.81674439241534058 0.84820188499526061 0.41037723249571229 -0.087019827504899783 -0.592058405594727 -0.31953540702733996 0.1123312941378672 0.044058632693227386 -0.19322199846525803 -0.44978520029083774 0.27574554528103529 1.5988955465985291 -0.60495651581777243
decision_type=2 2 2 2 2 2 2 2 2 2 2 2 2
left_child=2 3 4 9 5 -1 -4 8 -6 12 -5 -3 -2
right_child=1 11 6 10 7 -7 -8 -9 -10 -11 -12 -13 -14
leaf_value=-0.0615134461429276 -0.0049410438251923641 0.14322338835306719 -0.25422961973913816 0.054240134392906592 -0.021431847366235157 -0.21532536808819935 -0.13232456313696819 -0.016095924028529846 -0.099828618324587337 0.0260573811794007 0.095199617349784271 0.22487112109868629 0.0053631283363553264
leaf_weight=27 22 57 36 50 17 27 55 19 64 31 56 68 15.999999999999998
leaf_count=27 22 57 36 50 17 27 55 19 64 31 56 68 16
internal_value=-0.000412701 0.116253 -0.142661 0.0546802 -0.106537 -0.15237 -0.193358 -0.0745007 -0.0860666 0.0125828 0.07988 0.195953 -0.000304054
internal_weight=545 300 245 175 154 54 91 100 81 69 106 125 38
internal_count=545 300 245 175 154 54 91 100 81 69 106 125 38
is_linear=0
shrinkage=0.0529975


Tree=8
num_leaves=13
num_cat=0
split_feature=37 37 13 37 30 37 30 13 13 48 37 37
split_gain=2989.94 463.014 61.0396 41.0935 38.1132 36.7784 17.8602 17.1826 5.1921 2.03885 1.86159 0.129138
threshold=-0.81674439241534058 0.55463453129565721 0.37868236936917049 1.1396723290255804 0.075737815779329185 -0.30090461377175504 0.90938718312148792 -0.73447262538515012 -0.67536705044244283 1.0000000180025095e-35 -0.56511523210139514 -0.68463908325052059
decision_type=2 2 2 2 2 2 2 2 2 2 2 2
left_child=2 5 6 -3 -4 10 8 -8 -1 -10 11 -2
right_child=1 3 4 -5 -6 -7 7 -9 9 -11 -12 -13
leaf_value=-0.02587379617720529 -0.0056057220875691607 0.11126068885003217 -0.11785009115590435 0.19929410320563906 -0.213327927746853 0.060905616513106303 -0.061930191613423079 -0.18121604035177349 -0.092983834946093025 -0.038515377262964737 0.014621313190368591 0.00054396143118403653
leaf_weight=10.999999999999998 16.000000000000004 53 60 99 49 92 14.999999999999998 18 77 14.999999999999998 28 11.999999999999998
leaf_count=11 16 53 60 99 49 92 15 18 77 15 28 12
internal_value=-0.000539576 0.110662 -0.136123 0.17403 -0.169718 0.0412936 -0.103119 -0.145035 -0.0823856 -0.0870746 0.00618674 -0.00313362
internal_weight=545 300 245 152 109 148 136 33 103 92 56 28
internal_count=545 300 245 152 109 148 136 33 103 92 56 28
is_linear=0
shrinkage=0.0529975


Tree=9
num_leaves=17
num_cat=0
split_feature=37 37 29 19 29 37 29 19 37 37 37 19 19 29 29 37
split_gain=2712.13 418.45 109.482 57.997 127.372 54.4782 12.3849 16.4626 5.77534 4.08475 3.84669 2.73846 2.65186 2.54157 1.13761 0.259849
threshold=-0.81674439241534058 0.84820188499526061 0.67528232375896413 -0.27139899128830619 -0.10741717961323992 -0.087019827504899783 0.26696810119628295 0.19532064279088537 1.7603575911333127 0.2442919002417939 -0.49382030334577687 0.036099156447675855 0.33105089177526276 -0.34583423269224073 -0.46287137825073654 -0.63011943184916475
decision_type=2 2 2 2 2 2 2 2 2 2 2 2 2 2 2 2
left_child=2 5 3 4 13 10 11 -8 -3 -7 15 -5 -4 14 -1 -2
right_child=1 8 12 6 -6 9 7 -9 -10 -11 -12 -13 -14 -15 -16 -17
leaf_value=-0.053122241185402139 -0.0050863013185721085 0.13782028898575779 -0.24090442418127841 -0.038902781478732211 -0.19491709118354969 0.04732046939639542 -0.097503195798911063 -0.017930636947843272 0.21532192742544451 0.085433702878327619 0.022189922473651074 -0.0043171053876569464 -0.12501845342599047 -0.088258159465418179 -0.017660197056266896 0.0028695972297221144
leaf_weight=21 19 75 26 23 46 46 35 12.999999999999998 50 60 35 10.999999999999998 29 28 12.999999999999998 14.999999999999998
leaf_count=21 19 75 26 23 46 46 35 13 50 60 35 11 29 28 13 15
internal_value=-0.000714581 0.105197 -0.129844 -0.104559 -0.130934 0.0494794 -0.0631875 -0.0804662 0.177312 0.0723755 0.0112381 -0.0302127 -0.198213 -0.0703569 -0.0444184 -0.00149772
internal_weight=545 300 245 190 108 175 82 48 125 106 69 34 55 62 34 34
internal_count=545 300 245 190 108 175 82 48 125 106 69 34 55 62 34 34
is_linear=0
shrinkage=0.0529975


Tree=10
num_leaves=14
num_cat=0
split_feature=37 37 29 27 29 27 37 37 29 27 37 27 37
split_gain=2468.6 380.31 103.163 94.3332 66.8429 52.9659 36.9051 30.0956 10.9195 20.6598 1.88899 0.981307 0.171836
threshold=-0.81674439241534058 0.55463453129565721 0.17116908538165884 -0.26555031205960516 0.69848664362485546 -0.95772725582127649 1.6408337399841872 -0.20864058832330609 -0.30060901107959576 -0.27139899128831813 -0.52737085805430506 -0.61139804268438369 -0.63011943184916475
decision_type=2 2 2 2 2 2 2 2 2 2 2 2 2
left_child=2 7 5 -4 -5 -1 -3 10 11 -10 12 -7 -2
right_child=1 6 3 4 -6 8 -8 -9 9 -11 -12 -13 -14
leaf_value=-0.1591871707197598 -0.0048814052973007735 0.11813561501792763 -0.24351688523610013 -0.071926606974526255 -0.16777246221479453 -0.030778169419628972 0.19695329577426321 0.055792264155626728 -0.090978942732522342 -0.021187402557891487 0.015373880107541166 -0.007144543631880722 0.0018911423475645298
leaf_weight=14.999999999999998 19.000000000000004 88 29 61 47 19 64 89 38 23 28 12.999999999999998 11.999999999999998
leaf_count=15 19 88 29 61 47 19 64 89 38 23 28 13 12
internal_value=-0.000894337 0.100152 -0.124089 -0.155573 -0.12033 -0.0780066 0.157582 0.0372848 -0.0559932 -0.06902 0.00668764 -0.0240036 -0.00218938
internal_weight=545 300 245 137 108 108 152 148 93 61 59 32 31
internal_count=545 300 245 137 108 108 152 148 93 61 59 32 31
is_linear=0
shrinkage=0.0529975


Tree=11
num_leaves=16
num_cat=0
split_feature=43 39 29 19 19 29 39 19 29 29 39 39 39 16 16
split_gain=2243.49 342.77 94.2328 54.4355 52.4615 66.2015 38.684 21.1165 26.2995 2.73075 2.0671 1.58041 0.577347 0.450283 0.0883195
threshold=1.0000000180025095e-35 0.77466986113471048 0.42990594242352781 0.12123585939265195 -0.68361382853397312 -0.54213609959460229 -0.043054272318594086 0.036099156447675855 1.0000000180025095e-35 -0.35880181257487692 1.4493800370583283 -0.4449525141229505 0.24887667716674952 -0.2297321685622519 1.0000000180025095e-35
decision_type=2 2 2 2 2 2 2 2 2 2 2 2 2 2 2
left_child=2 6 4 -4 5 -1 11 8 9 -6 -3 14 -8 -13 -2
right_child=1 10 3 -5 7 -7 12 -9 -10 -11 -12 13 -14 -15 -16
leaf_value=-0.027302290040293567 -0.00080147982740635623 0.11651161432564408 -0.22218478990097529 -0.10906451785225821 -0.0094035811400073263 -0.17895908245500977 0.042709933550199121 -0.011055747192917069 -0.10148008695117548 -0.045156617768397946 0.18377971181543876 0.0071906187034946577 0.07315216799121349 0.023099237275768687 0.0040803295363072882
leaf_weight=13.999999999999998 13.000000000000002 57 34 54 11.999999999999998 28 41 21 46 36 69 17 63 24 15.999999999999998
leaf_count=14 13 57 34 54 12 28 41 21 46 36 69 17 63 24 16
internal_value=-0.00108498 0.0952455 -0.118526 -0.16423 -0.087766 -0.138279 0.0444908 -0.0633214 -0.0735648 -0.0383846 0.160077 0.0123659 0.064197 0.0184107 0.00192999
internal_weight=545 300 245 88 157 42 174 115 94 48 126 70 104 41 29
internal_count=545 300 245 88 157 42 174 115 94 48 126 70 104 41 29
is_linear=0
shrinkage=0.0529975


Tree=12
num_leaves=18
num_cat=0
split_feature=37 37 29 19 29 37 29 19 30 37 29 19 37 37 19 37 30
split_gain=2039.43 313.986 89.0776 52.2643 93.0626 42.8278 18.0796 38.5977 10.1073 5.12438 3.96342 6.00337 3.88399 2.64819 0.373811 0.302671 0.138831
threshold=-0.81674439241534058 0.87755862036522103 0.67528232375896413 -0.592058405594727 -0.31953540702733996 -0.04088781478067683 0.17446000710872947 0.14175503073181203 -0.72758761312421016 1.8001988748496838 -0.26151545470841348 -0.27139899128830619 -0.44978520029083774 0.29252082263530083 0.21046452638556939 -0.60495651581777243 0.12619616011821214
decision_type=2 2 2 2 2 2 2 2 2 2 2 2 2 2 2 2 2
left_child=2 5 3 4 -1 12 10 -8 -4 -3 -5 -12 15 -7 -9 -2 -13
right_child=1 9 8 6 -6 13 7 14 -10 -11 11 16 -14 -15 -16 -17 -18
leaf_value=-0.046739421046930484 -0.0043831443748305046 0.1201187070923463 -0.078488875811536435 -0.0080681431713784165 -0.19166187572226304 0.043147494732184474 -0.11155640555828412 -0.029971775509820015 -0.19528512012789964 0.18923581097602862 -0.062690808291720523 -0.0079920160747264206 0.022294506583928699 0.076631941961343389 -0.0090111067801808189 0.0038904028031841111 -0.024527298197694381
leaf_weight=27 22 75 14.999999999999998 12.999999999999998 30 47 47 11.000000000000002 40 47 24.999999999999996 13.000000000000005 37 56 12.999999999999998 15.999999999999998 10.999999999999998
leaf_count=27 22 75 15 13 30 47 47 11 40 47 25 13 37 56 13 16 11
internal_value=-0.00117516 0.0906709 -0.113147 -0.0905888 -0.134109 0.0433323 -0.0669063 -0.0858046 -0.174394 0.154418 -0.0395036 -0.0459276 0.0113764 0.064631 -0.0229219 -0.000685346 -0.0191916
internal_weight=545 300 245 190 57 178 133 71 55 122 62 49 75 103 24 38 24
internal_count=545 300 245 190 57 178 133 71 55 122 62 49 75 103 24 38 24
is_linear=0
shrinkage=0.0529975


Tree=13
num_leaves=17
num_cat=0
split_feature=37 37 29 28 29 37 29 28 30 37 29 19 37 37 19 37
split_gain=1856.72 284.611 81.2212 46.799 93.01 40.6547 23.0268 41.664 17.024 4.31066 2.98707 4.33523 2.70127 1.82335 0.459256 0.366328
threshold=-0.81674439241534058 0.90901226540446534 0.7731741465887918 -0.57634309484549606 -0.31953540702733996 1.0000000180025095e-35 0.17446000710872947 0.14638654743062807 -0.72758761312421016 -0.40155627789733084 -0.27712259344990625 -0.15395302483745629 1.8777845326131508 0.29252082263530083 0.33746938443185265 -0.60495651581777243
decision_type=2 2 2 2 2 2 2 2 2 2 2 2 2 2 2 2
left_child=2 5 3 4 -1 9 10 -8 -4 15 -5 -12 -3 -7 -9 -2
right_child=1 12 8 6 -6 13 7 14 -10 -11 11 -13 -14 -15 -16 -17
leaf_value=-0.043940648896494253 -0.0042006030900782311 0.1161892898567162 -0.070385539293151556 -0.0060689163103418535 -0.18374432115963316 0.041542380163307475 -0.11079174279848461 -0.030672778453492939 -0.2018901342573908 0.023708799828862995 -0.04991767084278885 -0.0089030441115594099 0.18236643896345517 0.0739129922586374 -0.0084630118113102233 0.0046259948769888206
leaf_weight=28 22 75 12.999999999999998 10.999999999999998 33 42 54 17.000000000000004 30 39 35 12.999999999999998 44 59 10.999999999999998 19
leaf_count=28 22 75 13 11 33 42 54 17 30 39 35 13 44 59 11 19
internal_value=-0.00129795 0.0863387 -0.108135 -0.089055 -0.129353 0.0421226 -0.0670081 -0.0853476 -0.175755 0.0123824 -0.0358895 -0.0411612 0.148289 0.0635998 -0.0251847 0
internal_weight=545 300 245 202 61 181 141 82 43 80 59 48 119 101 28 41
internal_count=545 300 245 202 61 181 141 82 43 80 59 48 119 101 28 41
is_linear=0
shrinkage=0.0529975


Tree=14
num_leaves=15
num_cat=0
split_feature=37 37 29 30 19 37 29 19 37 19 37 29 37 37
split_gain=1690.14 258.703 76.3247 67.6414 47.2568 32.1599 18.0576 28.8946 17.8388 6.08237 1.07847 0.801618 0.0464599 0.0201649
threshold=-0.81674439241534058 0.47495196386290883 0.34963447586933422 0.007903202474750343 -0.95772725582126561 1.5213098888350618 -0.30060901107959576 -0.27459863756046599 -0.30090461377175504 0.044058632693227386 -0.57350287077852791 -0.50026514361871988 -0.44978520029083774 -0.7098019992819159
decision_type=2 2 2 2 2 2 2 2 2 2 2 2 2 2
left_child=2 8 4 -4 -1 -3 11 -8 10 -9 13 -6 -12 -2
right_child=1 5 3 -5 6 -7 7 9 -10 -11 12 -13 -14 -15
leaf_value=-0.15071173642633898 -0.004645278851302833 0.09196714114246117 -0.08834038990137065 -0.19379797828250611 -0.0032180376457723848 0.15831667440241834 -0.096504164173282281 -0.044195284774692797 0.042790940852836211 -0.0028635193582829447 0.003745953041114069 -0.0232088854591029 0.012301684658671142 -0.00057134655625389248
leaf_weight=15.999999999999998 13.000000000000002 84 59 41 10.999999999999998 74 48 34 86 14.999999999999998 13.000000000000002 21 18 11.999999999999998
leaf_count=16 13 84 59 41 11 74 48 34 86 15 13 21 18 12
internal_value=-0.0013914 0.0822228 -0.103322 -0.140161 -0.0733126 0.127737 -0.057393 -0.0684745 0.0284091 -0.0333615 0.00420743 -0.0181132 0.0100913 -0.00340396
internal_weight=545 300 245 100 145 158 129 97 142 49 56 32 31 25
internal_count=545 300 245 100 145 158 129 97 142 49 56 32 31 25
is_linear=0
shrinkage=0.0529975


Tree=15
num_leaves=17
num_cat=0
split_feature=37 37 29 28 29 37 29 28 30 37 29 19 19 37 29 37
split_gain=1534.64 235.407 73.4207 43.734 80.5052 37.3488 19.3511 36.2651 15.1325 4.95356 2.44926 3.60977 0.873412 0.399374 0.317441 0.229156
threshold=-0.81674439241534058 0.94675663945155553 0.7731741465887918 -0.57634309484549606 -0.31953540702733996 0.074442217029880728 0.17446000710872947 0.14638654743062807 -0.72758761312421016 -0.36590881351952459 -0.26151545470841348 -0.15395302483745629 0.33746938443185265 -0.60495651581777243 -0.6328658389832057 0.34913738370593445
decision_type=2 2 2 2 2 2 2 2 2 2 2 2 2 2 2 2
left_child=2 5 3 4 14 9 10 -8 -4 13 -5 -12 -9 -2 -1 -7
right_child=1 -3 8 6 -6 15 7 12 -10 -11 11 -13 -14 -15 -16 -17
leaf_value=-0.015862658766884183 -0.0039016132729254131 0.13731575117108499 -0.064628820614475793 -0.0058015329350652681 -0.16971930686729186 0.039567456977805865 -0.10024503888835101 -0.027388988555218246 -0.18674196754294783 0.024782473079102328 -0.044748700674278725 -0.0075538090388613055 -0.0048138462489049488 0.0050273814754344948 -0.047048171282886291 0.069607444542824568
leaf_weight=11.000000000000002 22 112 12.999999999999998 11.999999999999998 33 35 54 17.000000000000004 30 47 34 12.999999999999998 10.999999999999998 22 17 62
leaf_count=11 22 112 13 12 33 35 54 17 30 47 34 13 11 22 17 62
internal_value=-0.00149276 0.0781833 -0.0986201 -0.0807205 -0.11917 0.0397639 -0.059856 -0.0765938 -0.162394 0.0138655 -0.0315657 -0.0366113 -0.021139 0.000490691 -0.039961 0.0617707
internal_weight=545 300 245 202 61 188 141 82 43 91 59 47 28 44 28 97
internal_count=545 300 245 202 61 188 141 82 43 91 59 47 28 44 28 97
is_linear=0
shrinkage=0.0529975


Tree=16
num_leaves=16
num_cat=0
split_feature=37 37 13 30 37 37 30 13 19 35 35 53 37 37 37
split_gain=1395.34 211.87 40.3692 37.1061 21.4027 21.2195 19.0989 13.3848 4.05448 6.0052 3.37248 2.87373 1.29377 1.08406 0.108223
threshold=-0.81674439241534058 0.6531892857519549 0.37868236936917049 0.36035248426005978 -0.18557458196119755 1.8777845326131508 0.90938718312148792 -0.73447262538515012 0.18531090310476403 0.11287536321216828 -0.23002040013679886 1.0000000180025095e-35 -0.52737085805430506 0.10170204273055711 -0.63011943184916475
decision_type=2 2 2 2 2 2 2 2 2 2 2 2 2 2 2
left_child=2 4 6 10 12 -3 8 -8 9 11 -4 -1 14 -6 -2
right_child=1 5 3 -5 13 -7 7 -9 -10 -11 -12 -13 -14 -15 -16
leaf_value=-0.013789975907161058 -0.004127150619633195 0.09428973380005351 -0.060812305634141653 -0.1761647708452807 0.026682396651053156 0.16007202851584867 -0.04179651484496661 -0.1348024571402574 -0.020028662493098232 -0.071765851090230259 -0.1099831055617468 -0.047669736767307493 0.012188175362801965 0.051555350144809463 0.0012227665510747836
leaf_weight=22 19.000000000000004 96 44 29 32 44 14.999999999999998 18 19 46 36 15.999999999999998 31 66 11.999999999999998
leaf_count=22 19 96 44 29 32 44 15 18 19 46 36 16 31 66 12
internal_value=-0.00164963 0.0743263 -0.0942623 -0.120338 0.03078 0.120737 -0.0691153 -0.105634 -0.0521834 -0.0575597 -0.0891465 -0.0327667 0.00543794 0.0455075 -0.00200489
internal_weight=545 300 245 109 160 140 136 33 103 84 80 38 62 98 31
internal_count=545 300 245 109 160 140 136 33 103 84 80 38 62 98 31
is_linear=0
shrinkage=0.0529975


Tree=17
num_leaves=18
num_cat=0
split_feature=37 37 29 19 29 37 19 19 29 29 29 37 29 37 37 19 37
split_gain=1270.7 193.799 68.6861 42.8117 59.8187 31.6197 15.5314 14.8261 36.1229 5.5767 3.59724 3.30648 3.01544 1.71438 1.38638 1.3381 0.256003
threshold=-0.81674439241534058 0.99708247151434348 0.67528232375896413 -0.63732297160268458 -0.25359189156537315 0.022019475297808743 0.2948654323460424 0.036099156447675855 0.083447991429444604 0.37014666599639606 -0.6328658389832057 -0.40155627789733084 -0.19322199846525803 0.34913738370593445 1.9469825516994852 0.1923965634511757 -0.60495651581777243
decision_type=2 2 2 2 2 2 2 2 2 2 2 2 2 2 2 2 2
left_child=2 5 3 4 10 11 -4 8 12 -9 -1 16 -5 -7 -3 -11 -2
right_child=1 14 6 7 -6 13 -8 9 -10 15 -12 -13 -14 -15 -16 -17 -18
leaf_value=-0.013548622299431852 -0.0035976278186131126 0.098037114858217256 -0.18385191346374205 -0.0088307987080939333 -0.17719753190229029 0.035328063735926334 -0.086480963326204682 0.0016784781726847833 -0.09498721082405967 -0.046236510449579465 -0.061624526195603886 0.020244982466327093 -0.037577312708674787 0.063516030196755266 0.15640462620872705 -0.011421937606629158 0.0037775120069371611
leaf_weight=11.000000000000002 22 71 24 21 19 42 31 18 47 11.000000000000002 18 43 34 65 38 10.999999999999998 19
leaf_count=11 22 71 24 21 19 42 31 18 47 11 18 43 34 65 38 11 19
internal_value=-0.00175739 0.0707471 -0.0901354 -0.0708957 -0.113939 0.0365724 -0.142982 -0.0522715 -0.0628661 -0.0204301 -0.0490345 0.0109519 -0.028663 0.0549753 0.125541 -0.0352535 0
internal_weight=545 300 245 190 48 191 55 142 102 40 29 84 55 107 109 22 41
internal_count=545 300 245 190 48 191 55 142 102 40 29 84 55 107 109 22 41
is_linear=0
shrinkage=0.0529975


Tree=18
num_leaves=18
num_cat=0
split_feature=37 37 29 19 29 37 29 38 35 37 19 29 29 37 19 37 37
split_gain=1159.36 175.901 64.6643 38.1732 69.4484 28.64 15.1486 29.1333 13.5903 3.45932 2.31514 3.70487 2.0452 1.69621 0.919968 0.869822 0.296541
threshold=-0.81674439241534058 0.99708247151434348 0.7731741465887918 -0.58317633917525924 -0.25359189156537315 0.049279300998485126 0.17446000710872947 0.076285781287937768 -0.075187709818658785 -0.36590881351952459 -0.15395302483745629 -0.19322199846525803 -0.6328658389832057 1.9218196356680928 0.33746938443185265 0.34913738370593445 -0.60495651581777243
decision_type=2 2 2 2 2 2 2 2 2 2 2 2 2 2 2 2 2
left_child=2 5 3 4 12 9 10 14 -4 16 11 -5 -1 -3 -8 -7 -2
right_child=1 13 8 6 -6 15 7 -9 -10 -11 -12 -13 -14 -15 -16 -17 -18
leaf_value=-0.013083908236564997 -0.0034478002268595277 0.0921327728088287 -0.05682492561205614 -0.0067180705303308517 -0.1636861809588607 0.033867658403188478 -0.022827145746434626 -0.086906445210296987 -0.16772236325055859 0.020890703309536449 -0.003828553510383101 -0.040925862596932407 -0.051757392165610351 0.1474234579137072 -0.0020933721458003744 0.060434150640933194 0.0042463986988108887
leaf_weight=10.999999999999998 22 68 12.999999999999998 15.999999999999998 26 38 17.000000000000004 54 30 44 12.999999999999998 31 23 41 10.999999999999998 65 22
leaf_count=11 22 68 13 16 26 38 17 54 30 44 13 31 23 41 11 65 22
internal_value=-0.00186604 0.0673906 -0.0862819 -0.0698359 -0.10568 0.0348303 -0.0509751 -0.0657818 -0.145395 0.0113496 -0.0264951 -0.0314902 -0.0432574 0.119594 -0.0166931 0.0530994 0.000307487
internal_weight=545 300 245 202 60 191 142 82 43 88 60 47 34 109 28 103 44
internal_count=545 300 245 202 60 191 142 82 43 88 60 47 34 109 28 103 44
is_linear=0
shrinkage=0.0529975


Tree=19
num_leaves=14
num_cat=0
split_feature=37 37 13 30 37 13 19 9 37 53 37 37 37
split_gain=1056.5 159.756 33.0962 53.9538 27.1729 11.6376 6.78598 5.44015 3.73061 2.10237 0.607691 0.272416 0.121844
threshold=-0.81674439241534058 1.0390206649000016 -0.28132988415772758 0.51871690791773173 0.10170204273055711 0.024048919712926695 -0.12459461559622249 1.4058277343555114 -0.36590881351952459 -0.36007183007885429 2.003599112770122 -0.60495651581777243 0.38478484808374686
decision_type=2 2 2 2 2 2 2 2 2 2 2 2 2
left_child=2 4 6 5 8 -4 9 -7 11 -1 -3 -2 -6
right_child=1 10 3 -5 12 7 -8 -9 -10 -11 -12 -13 -14
leaf_value=-0.019313197192561027 -0.003304212326243523 0.090286153841438829 -0.017518249933807111 -0.14313935281160331 0.03374201543561859 -0.080895842322506253 -0.0086336491047968172 -0.024161787789191515 0.021115147944501388 -0.059899321625759103 0.14446330364315635 0.0040695521830571681 0.05885894337085576
leaf_weight=12.999999999999998 22 71 14.999999999999998 49 36 105 15.999999999999998 11.999999999999998 50 35 35 22 64
leaf_count=13 22 71 15 49 36 105 16 12 50 35 35 22 64
internal_value=-0.00192094 0.0641932 -0.0825044 -0.09452 0.0337742 -0.0709856 -0.0432367 -0.0765954 0.0120384 -0.0524021 0.115014 0.000288863 0.0523031
internal_weight=545 300 245 181 194 132 64 117 94 48 106 44 100
internal_count=545 300 245 181 194 132 64 117 94 48 106 44 100
is_linear=0
shrinkage=0.0529975


Tree=20
num_leaves=20
num_cat=0
split_feature=37 37 29 28 29 37 29 19 30 19 37 29 29 19 37 37 30 37 37
split_gain=958.759 145.069 60.5792 34.3035 61.3869 24.6562 14.5666 26.0422 13.1297 3.14086 2.47334 2.13383 1.94398 3.76268 1.34566 0.95377 0.542895 0.151488 0.0566109
threshold=-0.81674439241534058 1.0390206649000016 0.7731741465887918 -0.57634309484549606 -0.25359189156537315 0.022019475297808743 0.17446000710872947 0.18531090310476403 -0.72758761312421016 0.044058632693227386 -0.44978520029083774 -0.6328658389832057 -0.27712259344990625 -0.27139899128830619 0.34913738370593445 2.003599112770122 0.12619616011821214 -0.63011943184916475 -0.32397062013386352
decision_type=2 2 2 2 2 2 2 2 2 2 2 2 2 2 2 2 2 2 2
left_child=2 5 3 4 11 10 12 9 -4 -8 17 -1 -5 -14 -7 -3 -15 -2 -12
right_child=1 15 8 6 -6 14 7 -9 -10 -11 18 -13 13 16 -16 -17 -18 -19 -20
leaf_value=-0.010048594402201743 -0.0035439691628906009 0.085873859819923223 -0.05185094055290268 -0.00041648234207740403 -0.14933846985190927 0.030750935993122033 -0.086906181384147324 -0.0057572657208324858 -0.1565486974917118 -0.037295776218205963 0.0065107871877387903 -0.046104826697856066 -0.038596375560945168 6.5060878994453874e-05 0.055339753584338583 0.13792695505773364 -0.013779681284140012 0.0022472690880947681 0.018933586802714265
leaf_weight=10.999999999999998 19 71 12.999999999999998 10.999999999999998 27 42 41 21 30 20 11.999999999999998 23 23.999999999999996 13.000000000000005 68 35 10.999999999999998 19 34
leaf_count=11 19 71 13 11 27 42 41 21 30 20 12 23 24 13 68 35 11 19 34
internal_value=-0.00182231 0.0611586 -0.0785883 -0.0629398 -0.0962629 0.0321699 -0.0451372 -0.0593573 -0.135258 -0.0755387 0.00943391 -0.0378696 -0.0216133 -0.0257558 0.0480865 0.109588 -0.00753372 -0.000577961 0.0169518
internal_weight=545 300 245 202 61 194 141 82 43 61 84 34 59 48 110 106 24 38 46
internal_count=545 300 245 202 61 194 141 82 43 61 84 34 59 48 110 106 24 38 46
is_linear=0
shrinkage=0.0529975


Tree=21
num_leaves=19
num_cat=0
split_feature=37 37 29 28 29 28 37 38 29 28 29 37 28 29 37 37 29 37
split_gain=874.464 131.779 55.5311 32.0078 78.6161 23.4168 19.6907 13.4364 9.71366 11.5986 5.8803 5.08041 1.60316 1.79941 1.57506 1.43375 0.978804 0.139639
threshold=-0.81674439241534058 0.93836900077442265 0.7731741465887918 -0.27208147962454932 0.061826384744403794 -0.9595310585171114 -0.04088781478067683 -0.18974382169629886 0.26696810119628295 0.19291431746378793 -0.30060901107959576 1.8777845326131508 0.035246431409356176 0.061826384744403794 -0.44978520029083774 0.2275166228875313 -0.50026514361871988 -0.63011943184916475
decision_type=2 2 2 2 2 2 2 2 2 2 2 2 2 2 2 2 2 2
left_child=2 6 3 4 5 -1 14 -4 12 -10 16 -3 13 -5 17 -8 -7 -2
right_child=1 11 7 8 -6 10 15 -9 9 -11 -12 -13 -14 -15 -16 -17 -18 -19
leaf_value=-0.097981292816705118 -0.0034012043084051592 0.077217432144654721 -0.067669656250320093 0.00039708234807306922 -0.14395161183203314 0.0037527581124753733 0.025512559508019079 -0.16450487346321932 -0.060540344291649298 -0.0079532110925650545 -0.040323684609376978 0.12682470175290922 0.0055066890623716195 -0.025998815891427683 0.014010984913409723 0.048711968735159629 -0.013044484171500051 0.0021567403278861339
leaf_weight=12.999999999999998 19 71 22 11.000000000000002 32 10.999999999999995 37 21 40 19 32 44 10.999999999999998 11.999999999999998 37 73 21.000000000000004 19
leaf_count=13 19 71 22 11 32 11 37 21 40 19 32 44 11 12 37 73 21 19
internal_value=-0.00187917 0.0582703 -0.075192 -0.0602097 -0.0797019 -0.0444453 0.028955 -0.129449 -0.0338495 -0.0460091 -0.0260088 0.1016 -0.00884012 -0.0156623 0.00705358 0.042691 -0.0074056 -0.000548283
internal_weight=545 300 245 202 109 77 185 43 93 59 64 115 34 23 75 110 32 38
internal_count=545 300 245 202 109 77 185 43 93 59 64 115 34 23 75 110 32 38
is_linear=0
shrinkage=0.0529975


Tree=22
num_leaves=18
num_cat=0
split_feature=37 37 29 38 19 29 37 19 29 29 37 37 37 47 19 29 37
split_gain=797.813 119.873 52.1067 44.813 37.3745 23.869 20.1206 15.9374 34.3072 3.3664 2.12938 1.78905 1.43541 0.432512 0.346105 0.322084 0.128848
threshold=-0.81674439241534058 1.0390206649000016 0.42990594242352781 0.13090962736835629 -0.95772725582126561 1.0939113685825921 -0.04088781478067683 -0.047937934349164608 0.061826384744403794 -0.50026514361871988 0.38478484808374686 2.0623125835100464 -0.44978520029083774 0.31228230076395158 0.12123585939265195 -0.30060901107959576 -0.68463908325052059
decision_type=2 2 2 2 2 2 2 2 2 2 2 2 2 2 2 2 2
left_child=2 6 4 5 -1 -4 12 8 9 -6 -8 -3 16 15 -9 -11 -2
right_child=1 11 3 -5 7 -7 10 14 -10 13 -12 -13 -14 -15 -16 -17 -18
leaf_value=-0.11745899408096762 -0.0036075458978945627 0.078815662115325535 -0.031442321481867909 -0.15296160578692247 0.0036240394357462242 -0.10865881546019757 0.028111129402294505 -0.0042781386475051015 -0.081454097771048548 -0.012393797584933981 0.050770479888528577 0.12850617031615821 0.013371995756828275 -0.0081513913743934806 0.0060749831979738586 -0.031857442690969531 0.0017680495146720153
leaf_weight=15.999999999999998 15.999999999999998 75 38 33 10.999999999999998 17 55 12.000000000000002 42 15.999999999999991 64 31 37 10.999999999999998 11.999999999999998 37.000000000000007 22
leaf_count=16 16 75 38 33 11 17 55 12 42 16 64 31 37 11 12 37 22
internal_value=-0.00196488 0.0554893 -0.0719896 -0.104909 -0.0503147 -0.0637594 0.029138 -0.0381673 -0.0458777 -0.0213134 0.0422045 0.0995124 0.00672985 -0.0256426 0.000845171 -0.0279569 -0.000519801
internal_weight=545 300 245 88 157 55 194 141 117 75 119 106 75 64 24 53 38
internal_count=545 300 245 88 157 55 194 141 117 75 119 106 75 64 24 53 38
is_linear=0
shrinkage=0.0529975


Tree=23
num_leaves=17
num_cat=0
split_feature=37 37 29 19 29 37 35 29 19 37 19 29 19 29 37 37
split_gain=727.455 108.969 48.9821 30.9368 52.9484 18.0771 13.2554 10.8552 19.6007 7.99132 2.29916 2.27702 1.78682 3.66437 0.444045 0.0126552
threshold=-0.81674439241534058 0.53366543460282967 0.7731741465887918 -0.58317633917525924 -0.25359189156537315 1.7603575911333127 -0.075187709818658785 0.17446000710872947 0.18531090310476403 -0.30090461377175504 -0.13695324231613623 -0.54213609959460229 -0.22334124211903542 -0.19322199846525803 -0.57350287077852791 -0.7098019992819159
decision_type=2 2 2 2 2 2 2 2 2 2 2 2 2 2 2 2
left_child=2 9 3 4 11 -3 -4 12 10 14 -9 -1 13 -5 15 -2
right_child=1 5 6 7 -6 -7 -8 8 -10 -11 -12 -13 -14 -15 -16 -17
leaf_value=-0.0098570270760529391 -0.0034275196300467786 0.063328109879739039 -0.043467280145075934 -0.0019230779932435864 -0.13679741103817394 0.11296780397666496 -0.13971773117519617 -0.085347067550925845 -0.0044642138900574269 0.027964449339336565 -0.043339661403687217 -0.043148602886510914 -0.0027521485344468061 -0.034249896460237496 0.006128775588864945 -0.00024346689885868298
leaf_weight=13.999999999999998 13.000000000000002 105 12.999999999999998 15.999999999999998 26 50 30 22 21 89 39 20 18 26 31 11.999999999999998
leaf_count=14 13 105 13 16 26 50 30 22 21 89 39 20 18 26 31 12
internal_value=-0.00200055 0.0528625 -0.0688656 -0.0548855 -0.086517 0.0829954 -0.119642 -0.038509 -0.0508433 0.0185884 -0.064877 -0.0331479 -0.0184584 -0.0238593 0.00231112 -0.00246728
internal_weight=545 300 245 202 60 155 43 142 82 145 61 34 60 42 56 25
internal_count=545 300 245 202 60 155 43 142 82 145 61 34 60 42 56 25
is_linear=0
shrinkage=0.0529975


Tree=24
num_leaves=19
num_cat=0
split_feature=37 37 29 19 29 19 37 29 19 29 37 37 19 19 31 29 7 37
split_gain=662.855 100.003 45.2331 32.7129 39.596 18.4429 16.5615 9.26359 20.8563 3.57822 2.68607 2.27774 1.76812 1.4705 1.23388 0.358336 0.352436 0.172459
threshold=-0.81674439241534058 1.0390206649000016 0.67528232375896413 -0.63732297160268458 -0.25359189156537315 0.2948654323460424 0.10170204273055711 1.0000000180025095e-35 0.036099156447675855 -0.54213609959460229 2.1084445962342691 -0.36590881351952459 -0.50832564867298069 -0.27139899128830619 0.86973542817955807 -0.076966683797029548 0.2916843614514899 -0.60495651581777243
decision_type=2 2 2 2 2 2 2 2 2 2 2 2 2 2 2 2 2 2
left_child=2 6 3 4 9 -4 11 12 13 -1 -3 17 -5 -9 16 -14 -10 -2
right_child=1 10 5 7 -6 -7 -8 8 14 -11 -12 -13 15 -15 -16 -17 -18 -19
leaf_value=-0.0094912828069506992 -0.002764135709912189 0.072044203976491458 -0.14478359966434839 -0.022561325869948988 -0.13839155314237794 -0.060729824134483051 0.040688497873912238 -0.080355937198725969 -0.0061532090201690468 -0.050268180449846246 0.11986252098350966 0.016335611765357652 0.0029758780041608621 -0.04047498859245429 0 -0.0074643849193131162 -0.02406697252893299 0.0031091104673381859
leaf_weight=14.000000000000002 22 78 24 20 19 31 100 24 12.000000000000002 14.999999999999998 28 50 14.000000000000002 33 15.999999999999998 10.999999999999998 11.999999999999998 22
leaf_count=14 22 78 24 20 19 31 100 24 12 15 28 50 14 33 16 11 12 22
internal_value=-0.00209504 0.0502768 -0.0659208 -0.0507261 -0.0873855 -0.10815 0.0262215 -0.0352485 -0.0442325 -0.0357816 0.0904791 0.00924427 -0.012822 -0.0634283 -0.0120237 -0.00194785 -0.0183635 5.34718e-05
internal_weight=545 300 245 190 48 55 194 142 97 29 106 94 45 57 40 25 24 44
internal_count=545 300 245 190 48 55 194 142 97 29 106 94 45 57 40 25 24 44
is_linear=0
shrinkage=0.0529975


Tree=25
num_leaves=17
num_cat=0
split_feature=37 37 13 30 30 37 13 19 35 35 37 37 53 9 9 37
split_gain=605.451 91.0378 24.6157 28.7361 16.5308 14.9704 9.33384 3.72023 5.07206 3.69666 2.8619 2.40713 2.0807 0.726911 1.9739 0.196681
threshold=-0.81674439241534058 1.0390206649000016 0.37868236936917049 0.36035248426005978 0.90938718312148792 0.1436402361162151 -0.63103786923541239 0.18531090310476403 0.11287536321216828 -0.15589504110802757 2.1084445962342691 -0.33445516848028017 1.0000000180025095e-35 -0.4015808138966292 0.1530035466870783 -0.60495651581777243
decision_type=2 2 2 2 2 2 2 2 2 2 2 2 2 2 2 2
left_child=2 5 4 9 7 11 -6 8 12 13 -3 15 -1 -4 -15 -2
right_child=1 10 3 -5 6 -7 -8 -9 -10 -11 -12 -13 -14 14 -16 -17
leaf_value=-0.0037135573503158082 -0.0026490198413703587 0.068498617042904081 -0.05130294334950472 -0.12825349861232205 -0.030790278979574155 0.039551149538275161 -0.10203608338430639 -0.00656834107837884 -0.046945771411043884 -0.076285575823045695 0.11463056655207439 0.016784461910195236 -0.02843339787295017 -0.0037436326653904253 -0.033206530256216539 0.0034477230992042583
leaf_weight=22 22 78 19 29 17 94 15.999999999999998 19 46 32 28 53 15.999999999999998 12.000000000000002 17 25
leaf_count=22 22 78 19 29 17 94 16 19 46 32 28 53 16 12 17 25
internal_value=-0.00217935 0.0478748 -0.0631775 -0.0828575 -0.0445223 0.0249249 -0.075891 -0.0307859 -0.0353834 -0.0585248 0.0862318 0.00965058 -0.0167374 -0.0393982 -0.023945 0.000485303
internal_weight=545 300 245 109 136 194 33 103 84 80 106 100 38 48 29 47
internal_count=545 300 245 109 136 194 33 103 84 80 106 100 38 48 29 47
is_linear=0
shrinkage=0.0529975


Tree=26
num_leaves=19
num_cat=0
split_feature=37 37 29 27 29 27 37 37 38 29 29 27 29 29 37 37 27 37
split_gain=552.469 83.2375 42.7583 35.1116 79.7083 18.0473 10.416 8.42922 8.35399 16.2987 5.16296 3.97165 4.03453 0.745964 0.466596 0.364659 0.242948 0.036006
threshold=-0.81674439241534058 0.67415838244478266 0.96361458521015575 -0.27139899128831813 0.083447991429444604 -0.95772725582127649 1.9469825516994852 -0.18557458196119755 -0.16222339301724051 0.47796017511591082 -0.30060901107959576 -0.04793793434917528 0.061826384744403794 -0.50026514361871988 -0.56511523210139514 0.20235370685613588 0.1212358593926398 -0.68463908325052059
decision_type=2 2 2 2 2 2 2 2 2 2 2 2 2 2 2 2 2 2
left_child=2 7 3 4 5 -1 -3 14 -5 11 13 12 -10 -7 17 -9 -13 -2
right_child=1 6 -4 8 -6 10 -8 15 9 -11 -12 16 -14 -15 -16 -17 -18 -19
leaf_value=-0.0827848791618572 -0.0031506825163942469 0.058886063079731966 -0.11832915499974357 0.0092804461140079762 -0.13314613189913718 0.005464736275352846 0.103913114295692 0.018695008295905834 0.0028189086555652841 -0.057621706479670527 -0.033222504452393747 -0.00076234585746347142 -0.033320095338590851 -0.0087860182822358645 0.0066126644123085561 0.033050148091201326 0.0080255792669743087 0
leaf_weight=12.999999999999998 16.000000000000004 99 29 13.999999999999998 33 10.999999999999998 38 47 10.999999999999998 33 34 13.000000000000002 21 21 34 54 11.999999999999998 11.999999999999998
leaf_count=13 16 99 29 14 33 11 38 47 11 33 34 13 21 21 34 54 12 12
internal_value=-0.00222419 0.0455907 -0.0604913 -0.0497081 -0.0699335 -0.0359155 0.0752579 0.0188288 -0.0252385 -0.0309251 -0.0204606 -0.0113447 -0.0222291 -0.00361417 0.00285854 0.0278574 0.00396708 -0.0018569
internal_weight=545 300 245 216 112 79 137 163 104 90 66 57 32 32 62 101 25 28
internal_count=545 300 245 216 112 79 137 163 104 90 66 57 32 32 62 101 25 28
is_linear=0
shrinkage=0.0529975


Tree=27
num_leaves=23
num_cat=0
split_feature=37 37 29 28 29 38 37 29 19 3 29 19 19 37 37 19 29 29 37 38 37 37
split_gain=503.341 76.0552 39.293 25.2439 38.6754 14.1042 12.6174 11.9961 26.1096 5.20962 4.92606 4.55841 3.19207 2.45578 1.73935 1.35025 1.2106 0.998349 0.873855 0.243693 0.0597219 0.0229042
threshold=-0.81674439241534058 1.0872495872935086 0.7731741465887918 -0.7132154924804589 -0.54213609959460229 -0.18974382169629886 -0.04088781478067683 0.025471194833478934 -0.16545183642694675 -0.29350247313295302 0.52337296649648568 0.036099156447675855 0.26814377908824444 2.1084445962342691 0.40785085444585817 -0.50832564867298069 -0.34583423269224073 -0.054945875154369203 -0.49382030334577687 0.10304137979170645 -0.68463908325052059 -0.33445516848028017
decision_type=2 2 2 2 2 2 2 2 2 2 2 2 2 2 2 2 2 2 2 2 2 2
left_child=2 6 3 4 -1 9 18 15 -9 -4 11 -10 -12 -3 -8 16 -5 -17 20 -13 -2 -20
right_child=1 13 5 7 -6 -7 14 8 10 -11 12 19 -14 -15 -16 17 -18 -19 21 -21 -22 -23
leaf_value=-0.0067630107735250798 -0.0030292238263396405 0.062412031842575717 -0.012641178726418897 -0.0026650498076730054 -0.11709853194843438 -0.13447745615959841 0.021760971027742153 -0.080251564933017105 -0.02491599709035254 -0.069708793382485174 -0.049642092450771627 0.0089782697493891606 -0.0085069675118341452 0.1050912175584683 0.040360982546621675 0.0048494326431694204 -0.026687268747930176 -0.012094661104593826 0.0036887946183782705 -0.00024115578619758604 0.00070056894654823589 0.011212068431060486
leaf_weight=13.999999999999998 15.999999999999998 75 11.000000000000002 11.000000000000002 24 21 58 33 22 10.999999999999998 19.000000000000004 13.000000000000002 10.999999999999998 28 64 17.000000000000004 15.999999999999998 10.999999999999998 12.999999999999998 10.999999999999998 18 28
leaf_count=14 16 75 11 11 24 21 58 33 22 11 19 13 11 28 64 17 16 11 13 11 18 28
internal_value=-0.00223446 0.0434056 -0.05785 -0.0455254 -0.0830694 -0.102947 0.0228582 -0.0341618 -0.0440626 -0.0502435 -0.0235441 -0.0102142 -0.0386829 0.0792215 0.0330066 -0.0120229 -0.019375 -0.00256091 0.00504229 0.00531635 -0.001071 0.00975029
internal_weight=545 300 245 202 38 43 197 164 109 22 76 46 30 103 122 55 27 28 75 24 34 41
internal_count=545 300 245 202 38 43 197 164 109 22 76 46 30 103 122 55 27 28 75 24 34 41
is_linear=0
shrinkage=0.0529975


Tree=28
num_leaves=19
num_cat=0
split_feature=37 37 29 19 29 19 37 38 29 29 19 29 37 37 29 19 29 37
split_gain=460.351 69.1501 37.3452 30.6478 68.55 16.1888 11.4653 7.37462 13.7526 4.46193 3.29829 3.44678 2.54441 2.05974 0.690353 0.195708 0.173621 0.151512
threshold=-0.81674439241534058 1.0872495872935086 0.96361458521015575 -0.27139899128830619 0.083447991429444604 -0.95772725582126561 0.1771907908247404 -0.16222339301724051 0.47796017511591082 -0.30060901107959576 -0.047937934349164608 0.061826384744403794 2.1084445962342691 -0.33445516848028017 -0.50026514361871988 0.12123585939265195 -0.17292469673266564 -0.60495651581777243
decision_type=2 2 2 2 2 2 2 2 2 2 2 2 2 2 2 2 2 2
left_child=2 6 3 4 5 -1 13 -5 10 14 11 -9 -3 17 -7 -12 -11 -2
right_child=1 12 -4 7 -6 9 -8 8 -10 16 15 -13 -14 -15 -16 -17 -18 -19
leaf_value=-0.077074556187137447 -0.0023594772720032815 0.059349228130836984 -0.10940100760247189 0.0095273035258617716 -0.12290386514059284 0.005840532412556023 0.03506804459395943 0.0029528507282452657 -0.052531713379013162 -0.011661993625865223 -0.00045059222285526092 -0.030267482829889104 0.10050403036301703 0.015139331370591039 -0.0078116785450346943 0.0074518354280925072 -0.034506077028703307 0.0029891649117027145
leaf_weight=12.999999999999998 22 75 29 13.999999999999998 33 10.999999999999998 91 10.999999999999998 33 10.999999999999995 13.000000000000002 21 28 59 21 11.999999999999998 23.000000000000004 25
leaf_count=13 22 75 29 14 33 11 91 11 33 11 13 21 28 59 21 12 23 25
internal_value=-0.0022858 0.0413628 -0.0554722 -0.0454408 -0.0643095 -0.0328072 0.0217691 -0.0226592 -0.0280211 -0.0182977 -0.0100703 -0.0200003 0.0755147 0.00902349 -0.0027538 0.00382502 -0.0301464 0.00037006
internal_weight=545 300 245 216 112 79 197 104 90 66 57 32 103 106 32 25 34 47
internal_count=545 300 245 216 112 79 197 104 90 66 57 32 103 106 32 25 34 47
is_linear=0
shrinkage=0.0529975


Tree=29
num_leaves=20
num_cat=0
split_feature=37 37 29 19 29 19 37 38 29 37 29 19 29 37 29 37 19 29 37
split_gain=419.731 63.0157 34.0676 28.1925 62.1442 15.0936 7.95817 6.76962 12.5296 6.14358 4.11525 3.03397 3.17782 0.658006 0.639182 0.529069 0.182745 0.133973 0.038789
threshold=-0.81674439241534058 0.87755862036522103 0.96361458521015575 -0.27139899128830619 0.083447991429444604 -0.95772725582126561 -0.087019827504899783 -0.16222339301724051 0.47796017511591082 2.0623125835100464 -0.30060901107959576 -0.047937934349164608 0.061826384744403794 0.27574554528103529 -0.50026514361871988 -0.52737085805430506 0.12123585939265195 -0.17292469673266564 -0.68463908325052059
decision_type=2 2 2 2 2 2 2 2 2 2 2 2 2 2 2 2 2 2 2
left_child=2 6 3 4 5 -1 15 -5 11 -3 14 12 -9 -8 -7 18 -13 -12 -2
right_child=1 9 -4 7 -6 10 13 8 -10 -11 17 16 -14 -15 -16 -17 -18 -19 -20
leaf_value=-0.07427919298137789 -0.0028214897490480826 0.05357977809827328 -0.10459647387606426 0.0091737937103283877 -0.11739185218784325 0.0056402035683472962 0.017623892026742055 0.0028515686682328641 -0.050175762135293886 0.094389103063159271 -0.011261990193839323 -0.00043424989550886178 -0.029019682819623135 0.032083668726973158 -0.0074896357959721811 0.0073153120645437289 0.0071884972659861232 -0.033055520760948018 0.00024461134925781103
leaf_weight=12.999999999999998 16.000000000000004 91 29 13.999999999999998 33 10.999999999999998 50 10.999999999999998 33 31 10.999999999999995 13.000000000000002 21 59 21 38 11.999999999999998 23.000000000000004 14.999999999999998
leaf_count=13 16 91 29 14 33 11 50 11 33 31 11 13 21 59 21 38 12 23 15
internal_value=-0.00228586 0.0393931 -0.0530711 -0.0434834 -0.0615789 -0.0315454 0.0182128 -0.0216379 -0.0267772 0.0679401 -0.0175456 -0.00963322 -0.0191591 0.0267763 -0.0026146 0.00353245 0.00368215 -0.0289248 -0.00134992
internal_weight=545 300 245 216 112 79 178 104 90 122 66 57 32 109 32 69 25 34 31
internal_count=545 300 245 216 112 79 178 104 90 122 66 57 32 109 32 69 25 34 31
is_linear=0
shrinkage=0.0529975


Tree=30
num_leaves=19
num_cat=0
split_feature=37 37 29 28 29 19 37 29 19 37 37 31 19 19 29 14 37 37
split_gain=382.732 57.5877 31.526 23.7885 33.7182 17.3076 9.34744 5.8455 12.032 2.61638 1.68471 1.56207 1.29401 1.0944 1.98872 0.802206 0.484577 0.0468138
threshold=-0.81674439241534058 1.0872495872935086 0.71547010596101057 -0.57634309484549606 -0.31953540702733996 0.12500767621502204 -0.087019827504899783 0.17446000710872947 0.14175503073181203 2.1084445962342691 0.40785085444585817 0.70892177038409643 -0.92602225282107575 -0.22334124211903542 -0.19322199846525803 1.4682950730684146 -0.49382030334577687 -0.68463908325052059
decision_type=2 2 2 2 2 2 2 2 2 2 2 2 2 2 2 2 2 2
left_child=2 6 3 4 12 -4 16 13 15 -3 -8 -10 -1 14 -5 -9 17 -2
right_child=1 9 5 7 -6 -7 10 8 11 -11 -12 -13 -14 -15 -16 -17 -18 -19
leaf_value=-0.027544073333048539 -0.0027127215039729328 0.05372724974314852 -0.13493314749160323 2.047635945334315e-05 -0.09791458318323247 -0.052305545822325793 0.018325337316732332 -0.052858895985242987 -0.013662326137274859 0.091997020814611793 0.034841964934906121 0.0078626287010171714 -0.0042884047476379802 0.00021259232719571846 -0.022549366549680962 -0.017629185384344766 0.0072792247867271998 0.00056819128136310177
leaf_weight=11.000000000000002 15.999999999999998 75 13.999999999999998 15.999999999999998 33 35 64 39 13.000000000000002 28 64 12.999999999999998 17 18 25 10.999999999999998 35 18
leaf_count=11 16 75 14 16 33 35 64 39 13 28 64 13 17 18 25 11 35 18
internal_value=-0.00227965 0.0375205 -0.0507744 -0.0390487 -0.0656611 -0.0881785 0.0196451 -0.0246933 -0.0340899 0.0686836 0.0278254 -0.00322501 -0.0168769 -0.0104533 -0.0147142 -0.0479509 0.00336531 -0.000976361
internal_weight=545 300 245 196 61 49 197 135 76 103 128 26 28 59 41 50 69 34
internal_count=545 300 245 196 61 49 197 135 76 103 128 26 28 59 41 50 69 34
is_linear=0
shrinkage=0.0529975


Tree=31
num_leaves=22
num_cat=0
split_feature=43 39 29 9 19 29 29 19 39 29 19 48 29 30 39 30 9 39 39 16 16
split_gain=349.427 51.781 30.1898 25.3146 10.8454 18.0609 7.41477 15.7601 6.94618 2.58081 4.78046 2.17205 1.46627 1.09127 0.594823 0.50608 0.474186 0.318431 0.261548 0.0483868 0.00577151
threshold=1.0000000180025095e-35 0.96953901473456838 0.99250610888350865 -0.48086157001586738 0.036099156447675855 0.16142385576168791 -0.10741717961323992 -0.3357664568293684 -0.043054272318594086 0.52337296649648568 0.40155559019853265 1.0000000180025095e-35 -0.30060901107959576 0.88237165100966586 0.31082699340782721 0.50176205256839046 0.24993975262748927 1.4493800370583283 -0.4449525141229505 -0.2297321685622519 1.0000000180025095e-35
decision_type=2 2 2 2 2 2 2 2 2 2 2 2 2 2 2 2 2 2 2 2 2
left_child=2 8 3 6 5 11 -1 -8 18 -6 -11 12 13 -5 -10 -14 -7 -3 20 -20 -2
right_child=1 17 -4 4 9 16 7 -9 14 10 -12 -13 15 -15 -16 -17 -18 -19 19 -21 -22
leaf_value=-0.029706168215493375 -0.00042995503192320576 0.04225947636970686 -0.099581343680258852 0.0031113044161995684 0.0069208490795408381 -0.027506113677786347 -0.11545870877363762 -0.032349014567975315 0.016283014076496634 -0.028807113052680633 0.0092467252071208074 0.0010589628807751174 -0.013021508125635014 -0.016078528138040844 0.029694235981016417 -0.035520831856694426 -0.070842310405431624 0.072238509899974462 0.0024614626041700488 0.0083887518170656546 0.00076202679240241198
leaf_weight=20 13.000000000000002 39 26 11.000000000000002 21 12.999999999999998 18 18 47 18.000000000000004 10.999999999999998 12.999999999999998 17 12.999999999999998 75 18 28 69 17 24 15.999999999999998
leaf_count=20 13 39 26 11 21 13 18 18 47 18 11 13 17 13 75 18 28 69 17 24 16
internal_value=-0.00228085 0.0357487 -0.048617 -0.0400427 -0.0276302 -0.0363803 -0.0698924 -0.0846225 0.0182117 -0.00595215 -0.0150622 -0.0177477 -0.0217144 -0.0081866 0.0255871 -0.028266 -0.062513 0.0642664 0.00426094 0.00670736 4.59932e-05
internal_weight=545 300 245 219 163 113 56 36 192 50 29 72 59 24 122 35 41 108 70 41 29
internal_count=545 300 245 219 163 113 56 36 192 50 29 72 59 24 122 35 41 108 70 41 29
is_linear=0
shrinkage=0.0529975


Tree=32
num_leaves=20
num_cat=0
split_feature=37 37 29 19 19 29 37 19 29 19 37 19 29 29 9 37 19 29 37
split_gain=319.358 47.6573 27.9209 36.1961 26.1486 21.2239 10.6853 7.22326 15.6647 6.93894 2.94156 1.43271 2.61452 1.26901 0.627973 0.188855 0.0612507 0.0289251 0.00615843
threshold=-0.81674439241534058 0.47495196386290883 0.42990594242352781 -0.036067908672949726 -0.95772725582126561 1.0939113685825921 1.8001988748496838 -0.047937934349164608 -0.020202083740976092 -0.34390726110670761 -0.30090461377175504 -0.50832564867298069 -0.50026514361871988 0.7731741465887918 0.12359606136457299 -0.57350287077852791 -0.40557260843149562 -0.35880181257487692 -0.7098019992819159
decision_type=2 2 2 2 2 2 2 2 2 2 2 2 2 2 2 2 2 2 2
left_child=2 10 4 -4 -1 13 -3 8 11 -10 15 12 -6 -5 -9 18 -13 -14 -2
right_child=1 6 3 5 7 -7 -8 14 9 -11 -12 16 17 -15 -16 -17 -18 -19 -20
leaf_value=-0.086063897697303368 -0.0025941661872539981 0.040405510452133753 -0.12704928703083926 -0.026261465163192148 0.0061678711172304806 -0.085518127937540198 0.076429115202668568 -0.0040586655889931246 -0.068670287195230328 -0.023337518703334212 0.016811525276563408 -0.00018043932083673626 -0.0079385226886135966 -0.0049693617588411846 0.01007379127672769 0.0036738674408073081 0.0042085078864492363 -0.023331487336267276 -0.00013072404255281054
leaf_weight=15.999999999999998 13.000000000000002 111 20 34 10.999999999999995 19 47 11.000000000000002 21 31 86 12.000000000000002 10.999999999999998 14.999999999999998 12.999999999999998 31 10.999999999999998 20.000000000000007 11.999999999999998
leaf_count=16 13 111 20 34 11 19 47 11 21 31 86 12 11 15 13 31 11 20 12
internal_value=-0.002319 0.0340384 -0.0466157 -0.070387 -0.0311496 -0.0446821 0.0535667 -0.0216141 -0.0268266 -0.0469726 0.0109726 -0.0080053 -0.0132641 -0.021123 0.00384708 0.00113423 0.00211397 -0.0202302 -0.00189109
internal_weight=545 300 245 88 157 68 158 141 117 52 142 65 42 49 24 56 23 31 25
internal_count=545 300 245 88 157 68 158 141 117 52 142 65 42 49 24 56 23 31 25
is_linear=0
shrinkage=0.0529975


Tree=33
num_leaves=21
num_cat=0
split_feature=37 37 29 38 19 13 19 29 37 19 3 37 29 19 37 29 3 9 29 37
split_gain=291.712 43.8138 26.0392 32.1353 22.9966 20.4571 8.89535 19.206 8.17146 6.50517 2.14662 1.90253 1.64413 2.22728 1.4494 1.08819 0.726755 0.553812 0.214358 0.11797
threshold=-0.81674439241534058 1.204676528773347 0.52337296649648568 0.13090962736835629 -0.95772725582126561 1.3440734267667229 -0.047937934349164608 0.061826384744403794 0.2275166228875313 -0.32580081582471693 0.14602069443161175 2.1084445962342691 -0.50026514361871988 -0.50832564867298069 -0.32397062013386352 -0.054945875154369203 -0.74589870418267135 0.23699458342849308 -0.35880181257487692 -0.60495651581777243
decision_type=2 2 2 2 2 2 2 2 2 2 2 2 2 2 2 2 2 2 2 2
left_child=2 8 4 5 -1 10 7 12 14 -9 16 -3 -6 18 19 -15 -4 -8 -14 -2
right_child=1 11 3 -5 6 -7 17 9 -10 -11 -12 -13 13 15 -16 -17 -18 -19 -20 -21
leaf_value=-0.082746140122519712 -0.0020764511273722104 0.046821530999947243 -0.0073475976931980415 -0.11387366697119912 0.0059563149024015249 -0.084287218913852407 -0.0027203215513586627 -0.073663558695383491 0.028872011547368497 -0.024981986179680508 0.0038286091765409981 0.081492102162064331 -0.0076662335228214647 0.0059670144711829812 0.012459333805539548 -0.010925036303053722 -0.028305548925666401 0.0096978701240993254 -0.025391773967507022 0.0025356097835960213
leaf_weight=15.999999999999998 22 65 14.999999999999998 26 10.999999999999998 12.999999999999998 16.000000000000004 21 95 25 10.999999999999998 28 10.999999999999995 17.000000000000004 62 13.999999999999998 14.000000000000002 12.999999999999998 22.000000000000004 28
leaf_count=16 22 65 15 26 11 13 16 21 95 25 11 28 11 17 62 14 14 13 22 28
internal_value=-0.00237383 0.0323755 -0.0447088 -0.069578 -0.0308197 -0.0383642 -0.0222683 -0.0283327 0.0178323 -0.0532727 -0.0142448 0.0616344 -0.0101385 -0.0132779 0.00741767 -0.00200714 -0.0207812 0.00335471 -0.0217497 0.000376521
internal_weight=545 300 245 79 166 53 150 121 207 46 40 93 75 64 112 31 29 29 33 50
internal_count=545 300 245 79 166 53 150 121 207 46 40 93 75 64 112 31 29 29 33 50
is_linear=0
shrinkage=0.0529975


Tree=34
num_leaves=20
num_cat=0
split_feature=37 37 30 13 39 9 37 46 47 9 26 31 37 37 31 9 37 37 37
split_gain=266.955 39.9656 15.8451 22.4667 18.1547 8.06703 7.36945 5.60989 2.89372 2.41046 2.02722 5.66717 1.89103 1.23194 1.22689 0.119005 0.0877272 0.0602827 0.00581327
threshold=-0.81674439241534058 1.204676528773347 0.51871690791773173 -0.28132988415772758 -1.1558530955085182 -0.56793312529762019 0.20235370685613588 1.0000000180025095e-35 -0.036118628440457261 -0.013613883497124732 0.82799820475087615 0.91109251678669823 2.1084445962342691 -0.33445516848028017 0.060758671931298906 0.68254493862593957 -0.60495651581777243 0.4330137704772507 -0.18557458196119755
decision_type=2 2 2 2 2 2 2 2 2 2 2 2 2 2 2 2 2 2 2
left_child=2 6 4 9 -1 7 13 -6 14 -4 -10 -12 -3 16 -7 -11 -2 -8 -15
right_child=1 12 3 -5 5 8 17 -9 10 15 11 -13 -14 18 -16 -17 -18 -19 -20
leaf_value=-0.08280499469123806 -0.0019899748367347534 0.044549690367470994 -0.040914297614926091 -0.083896350720710944 -0.0098662351819082551 0.0077196012410143088 0.015607185914312765 -0.058729991394205538 -0.026459059823048275 -0.014345608280291735 0.017674146627928596 -0.021120659507241422 0.077935000114773584 0.0048867121912227144 -0.010467271046405472 -0.0037412413828015016 0.0020917564423310561 0.029876455754900902 0.012501313227998335
leaf_weight=11.999999999999998 22 65 11.999999999999998 49 12.999999999999998 17.000000000000004 27 21 48 13.000000000000002 10.999999999999998 23 28 14.999999999999998 12.999999999999998 12.999999999999998 25 71 47
leaf_count=12 22 65 12 49 13 17 27 21 48 13 11 23 28 15 13 13 25 71 47
internal_value=-0.00240299 0.03084 -0.0429008 -0.0614523 -0.0307696 -0.0233488 0.0169513 -0.0445017 -0.014933 -0.0248626 -0.0197817 -0.00762672 0.0587836 0.00679358 -0.000398173 -0.0109565 4.03826e-05 0.0271389 0.0113552
internal_weight=545 300 245 87 158 146 207 34 112 38 82 34 93 109 30 26 47 98 62
internal_count=545 300 245 87 158 146 207 34 112 38 82 34 93 109 30 26 47 98 62
is_linear=0
shrinkage=0.0529975


Tree=35
num_leaves=20
num_cat=0
split_feature=37 37 29 28 29 38 29 37 6 19 29 19 37 37 13 47 37 29 37
split_gain=243.699 36.3878 25.2782 22.2297 32.4849 8.55631 16.2766 6.97962 5.39419 4.635 6.34938 3.92513 1.47587 1.19566 0.686135 0.492064 0.100084 0.0841998 0.00550518
threshold=-0.81674439241534058 1.2214518061276125 0.96361458521015575 -0.7132154924804589 -0.54213609959460229 -0.16222339301724051 0.41037723249571229 0.2275166228875313 -0.80800736895610803 0.036099156447675855 0.025471194833478934 -0.079993913381877391 2.1084445962342691 -0.32397062013386352 -0.094162230172487885 -0.036118628440457261 -0.57350287077852791 -0.15716204103522488 -0.7098019992819159
decision_type=2 2 2 2 2 2 2 2 2 2 2 2 2 2 2 2 2 2 2
left_child=2 7 3 4 -1 -5 9 13 -4 10 14 -8 -3 16 17 -16 18 -7 -2
right_child=1 12 8 5 -6 6 11 -9 -10 -11 -12 -13 -14 -15 15 -17 -18 -19 -20
leaf_value=0 -0.0023525977226794936 0.042659977659266948 -0.11297888968097242 0.011938120836651354 -0.097508615432619572 -0.0050933068434658403 -0.077112420050743438 0.026414477735293665 -0.04048236381853737 0.0064493961993781152 -0.033611753986636343 -0.031485345536027637 0.074533168688079854 0.011317097295207889 0.0064365399251750822 -0.0055058878659888389 0.0025241545928624399 -0.015316130332584452 -5.9209006112772826e-05
leaf_weight=13.999999999999998 13.000000000000002 62 12.000000000000002 13.999999999999998 25 17 12.999999999999998 98 17 20 43 32 28 62 12.000000000000002 14.999999999999998 25 11.000000000000002 11.999999999999998
leaf_count=14 13 62 12 14 25 17 13 98 17 20 43 32 28 62 12 15 25 11 12
internal_value=-0.00235792 0.0294042 -0.0410514 -0.0329989 -0.0672452 -0.0234587 -0.0268559 0.0164309 -0.0848987 -0.0150278 -0.0195972 -0.0523208 0.0566851 0.00673767 -0.00629875 0 0.000330628 -0.011308 -0.00170152
internal_weight=545 300 245 216 39 177 163 210 29 118 98 45 90 112 55 27 50 28 25
internal_count=545 300 245 216 39 177 163 210 29 118 98 45 90 112 55 27 50 28 25
is_linear=0
shrinkage=0.0529975


Tree=36
num_leaves=21
num_cat=0
split_feature=37 37 29 28 29 19 29 37 6 19 29 19 37 37 13 47 37 29 29 37
split_gain=222.969 33.3081 23.7012 20.3518 29.7606 7.8989 14.7702 5.20622 5.11442 3.60307 6.29678 3.56849 2.918 0.805041 0.639992 0.456799 0.371664 0.113114 0.0791057 0.0298652
threshold=-0.81674439241534058 1.0872495872935086 0.96361458521015575 -0.7132154924804589 -0.54213609959460229 0.34004903709483209 0.41037723249571229 -0.04088781478067683 -0.80800736895610803 -0.047937934349164608 0.025471194833478934 -0.073027776466943153 2.1084445962342691 0.4330137704772507 -0.094162230172487885 -0.036118628440457261 -0.49382030334577687 0.25224183869804911 -0.15716204103522488 -0.68463908325052059
decision_type=2 2 2 2 2 2 2 2 2 2 2 2 2 2 2 2 2 2 2 2
left_child=2 7 3 4 -1 6 9 16 -4 10 14 -8 -3 -9 18 -16 19 -11 -5 -2
right_child=1 12 8 5 -6 -7 11 13 -10 17 -12 -13 -14 -15 15 -17 -18 -19 -20 -21
leaf_value=0 -0.0023026947705467992 0.039572497289491956 -0.10898636321538568 -0.0048937602565212344 -0.093340622731842848 0.0089923221950362515 -0.07320886417330208 0.013814419691428072 -0.038896339569099034 0.0062360985039525444 -0.033687878369794012 -0.029306719391934046 0.071279825942558508 0.026096393017933071 0.0062090808531615315 -0.0052974249709785729 0.0060550303024036909 -5.6906207429749321e-05 -0.014790790980016254 0.00027131767950085221
leaf_weight=13.999999999999998 15.999999999999998 75 12.000000000000002 17.000000000000004 25 17 13.999999999999998 61 17 11.000000000000002 40 29 28 61 12.000000000000002 14.999999999999998 41 10.999999999999998 10.999999999999998 18
leaf_count=14 16 75 12 17 25 17 14 61 17 11 40 29 28 61 12 15 41 11 11 18
internal_value=-0.0023726 0.0280093 -0.0393831 -0.0316005 -0.064374 -0.0224683 -0.0260572 0.0144253 -0.0818034 -0.0148125 -0.019079 -0.0509533 0.0517033 0.0209449 -0.00607248 0 0.00296833 0.00350186 -0.0109104 -0.000928976
internal_weight=545 300 245 216 39 177 160 197 29 117 95 43 103 122 55 27 75 22 28 34
internal_count=545 300 245 216 39 177 160 197 29 117 95 43 103 122 55 27 75 22 28 34
is_linear=0
shrinkage=0.0529975


Tree=37
num_leaves=24
num_cat=0
split_feature=37 37 29 9 45 19 29 37 6 19 19 38 29 12 0 37 37 29 4 37 37 37 37
split_gain=204.103 30.3909 22.2135 18.9037 9.45018 7.52233 12.2527 5.95753 4.97264 4.26952 3.7568 1.74177 3.09759 1.34513 2.33837 1.08228 0.934225 0.827952 0.235994 0.159762 0.0541428 0.0355146 0.00610498
threshold=-0.81674439241534058 1.2738745478596842 0.96361458521015575 -0.48086157001586738 0.086156745716413782 0.036099156447675855 0.083447991429444604 0.20235370685613588 -0.44595890710518399 -0.57481490821725811 -0.26555031205959151 -0.16222339301724051 0.37014666599639606 0.24244024473966483 -0.70637258886160159 2.1084445962342691 -0.36590881351952459 0.24627008227285696 -0.034959809805857743 0.4330137704772507 -0.68463908325052059 -0.30090461377175504 -0.56511523210139514
decision_type=2 2 2 2 2 2 2 2 2 2 2 2 2 2 2 2 2 2 2 2 2 2 2
left_child=2 7 3 4 9 6 13 16 -4 -1 -8 -7 -13 18 -15 -3 20 -11 -5 -9 -2 -18 -22
right_child=1 15 8 5 -6 11 10 19 -10 17 -12 12 -14 14 -16 -17 21 -19 -20 -21 22 -23 -24
leaf_value=-0.086318334493637322 -0.0022139260567771699 0.038933450293967782 -0.095530347110367939 0.0036451274210074517 -0.0084318960883294682 0.011161498578145791 -0.064107394999034728 0.013258527448646241 -0.027011469809496567 -0.012346449345252374 -0.024518660316816245 0.0074647712246517367 -0.020436906561951101 0 -0.025004730915497295 0.068168488393180612 0.0031814287018986282 -0.043943747317947382 -0.0046762772843790129 0.026283081959576706 0 0.010474073293400546 0.0016730253853957232
leaf_weight=19.999999999999996 15.999999999999998 59 18.000000000000004 13.000000000000002 11.999999999999998 13.999999999999998 19 27 10.999999999999998 11.000000000000005 28 15.999999999999998 18 17 23 28 11.999999999999998 11.999999999999998 12.999999999999998 77 11.999999999999998 53 16.000000000000004
leaf_count=20 16 59 18 13 12 14 19 27 11 11 28 16 18 17 23 28 12 12 13 77 12 53 16
internal_value=-0.00237835 0.0266904 -0.0377879 -0.030267 -0.0560253 -0.01973 -0.0268815 0.0150924 -0.0788215 -0.0665071 -0.0460972 -0.00164928 -0.00798146 -0.010401 -0.0158544 0.0522063 0.00584656 -0.0347512 -0.000393903 0.0238723 -5.70655e-05 0.00960854 0.00114308
internal_weight=545 300 245 216 55 161 113 213 29 43 47 48 34 66 40 87 109 23 26 104 44 65 28
internal_count=545 300 245 216 55 161 113 213 29 43 47 48 34 66 40 87 109 23 26 104 44 65 28
is_linear=0
shrinkage=0.0529975


Tree=38
num_leaves=24
num_cat=0
split_feature=37 37 29 38 13 19 19 29 37 19 29 3 19 37 29 37 3 9 29 37 37 37 37
split_gain=187.126 27.7051 20.803 26.7544 18.1955 18.014 6.05477 14.2178 5.16866 2.71928 2.15409 1.87322 1.85323 1.38497 1.32182 0.69174 0.678874 0.441524 0.326203 0.30198 0.0501239 0.00558114 0.00303348
threshold=-0.81674439241534058 1.2214518061276125 0.52337296649648568 0.13090962736835629 1.3440734267667229 -0.95772725582126561 -0.047937934349164608 0.18888648312768833 0.1436402361162151 -0.30845206814241349 -0.35880181257487692 0.14602069443161175 -0.50832564867298069 2.1084445962342691 -0.054945875154369203 -0.36590881351952459 -0.74589870418267135 0.23699458342849308 -0.50026514361871988 0.45398286717008124 -0.68463908325052059 -0.56511523210139514 -0.30090461377175504
decision_type=2 2 2 2 2 2 2 2 2 2 2 2 2 2 2 2 2 2 2 2 2 2 2
left_child=2 8 5 4 11 -1 7 10 15 -9 18 16 -12 -3 -14 20 -4 -8 -7 -10 -2 -22 -17
right_child=1 13 3 -5 -6 6 17 9 19 -11 12 -13 14 -15 -16 22 -18 -19 -20 -21 21 -23 -24
leaf_value=-0.069753113098560637 -0.002128579384347083 0.036834359966534162 -0.0039954843241441947 -0.098268626383947788 -0.073598128533177001 0.0079435037654866994 -0.001448228527380401 -0.065116386273090576 0.013326066831157854 -0.020971793155553992 -0.024347046345322563 0.0069876983861433123 0.0062381079973885152 0.065192960788271914 -0.01162366213995137 0.0030690011271056719 -0.021793775404016842 0.0097517139878249108 -0.0019547422265566491 0.024965149141199555 0 0.0016085303893152081 0.0092708367923413238
leaf_weight=15.999999999999998 15.999999999999998 62 14.999999999999998 26 12.999999999999998 11.000000000000002 16.000000000000004 15.000000000000002 39 15.999999999999998 25 10.999999999999998 12.999999999999998 28 26 11.999999999999998 14.000000000000002 12.999999999999998 14.999999999999998 71 11.999999999999998 16.000000000000004 44
leaf_count=16 16 62 15 26 13 11 16 15 39 16 25 11 13 28 26 12 14 13 15 71 12 16 44
internal_value=-0.002386 0.0254482 -0.0362903 -0.0583229 -0.0306122 -0.0240965 -0.0166876 -0.0217061 0.0141306 -0.0496129 -0.0095224 -0.00871638 -0.014402 0.049251 -0.00547664 0.00487135 -0.0150493 0.00418349 0.00271855 0.021801 -4.78916e-05 0.00110135 0.00847991
internal_weight=545 300 245 79 53 166 150 121 210 31 90 40 64 90 39 100 29 29 26 110 44 28 56
internal_count=545 300 245 79 53 166 150 121 210 31 90 40 64 90 39 100 29 29 26 110 44 28 56
is_linear=0
shrinkage=0.0529975


Tree=39
num_leaves=23
num_cat=0
split_feature=43 39 29 19 29 19 6 38 29 39 19 29 29 39 13 39 30 29 39 13 16 30
split_gain=171.463 24.8424 20.0504 17.2881 41.0505 5.23721 5.04271 4.84552 8.04747 3.0414 2.03446 2.76017 1.25519 0.394004 0.281369 0.216181 0.145447 0.134384 0.104764 0.0644673 0.0270858 0.000681123
threshold=1.0000000180025095e-35 0.96953901473456838 0.96361458521015575 -0.45332057286409322 -0.10741717961323992 -0.95772725582126561 -0.80800736895610803 -0.16222339301724051 0.47796017511591082 -0.043054272318594086 -0.047937934349164608 -0.041886065940975194 -0.50026514361871988 1.4493800370583283 0.21121657369816649 0.33335776788007615 -0.47726024075960333 0.20235630727881282 -0.36394965021240538 0.13240914044122343 -0.28057763578010647 0.28955931014569997
decision_type=2 2 2 2 2 2 2 2 2 2 2 2 2 2 2 2 2 2 2 2 2 2
left_child=2 9 3 4 5 -1 -4 -5 10 16 11 -9 -7 -3 -14 -11 -2 -13 20 -12 -18 -20
right_child=1 13 6 7 -6 12 -8 8 -10 15 19 17 14 -15 -16 -17 18 -19 21 -21 -22 -23
leaf_value=-0.040456542677622699 0.0064690106925578859 0.028460077416443512 -0.099304968417494907 0.011394785616112811 -0.089051233380976327 0.0076710434720984391 -0.034153267057274665 0.0077376089009624123 -0.036637665719948809 0.011106506480738181 0.00036714303382316216 -0.010759827176363262 -0.012343525783440251 0.0497321782071685 -0.0010198113724363077 0.019848157534000065 -0.0024374241632904828 -0.024339355791883076 0.0042128053022904384 0.0064399929472771476 0.0001641247538838579 0.00089267549268172452
leaf_weight=10.999999999999998 17 39 12.000000000000002 13.999999999999998 31 10.999999999999998 17 10.999999999999998 36 50 11.000000000000002 27 24 69 10.999999999999998 72 11.000000000000002 14.999999999999998 12.000000000000002 13.999999999999998 19 10.999999999999998
leaf_count=11 17 39 12 14 31 11 17 11 36 50 11 27 24 69 11 72 11 15 12 14 19 11
internal_value=-0.00238036 0.0242639 -0.0348341 -0.0277335 -0.0452504 -0.015109 -0.0737081 -0.0141524 -0.0177606 0.0121233 -0.00697145 -0.012451 -0.00494677 0.044013 -0.00962473 0.0170082 0.00284745 -0.0181901 0.00102798 0.00458122 -0.000842869 0.00337877
internal_weight=545 300 245 216 88 57 29 128 114 192 78 53 46 108 35 122 70 42 53 25 30 23
internal_count=545 300 245 216 88 57 29 128 114 192 78 53 46 108 35 122 70 42 53 25 30 23
is_linear=0
shrinkage=0.0529975


Tree=40
num_leaves=24
num_cat=0
split_feature=37 37 30 39 13 9 37 46 9 39 9 33 37 8 8 6 12 37 9 37 37 37 37
split_gain=156.712 23.0019 11.1729 15.4567 15.1586 6.98711 4.43699 4.2937 2.50979 2.92695 2.13353 2.02264 1.4365 1.05682 1.40452 0.715631 0.989536 0.703869 0.142119 0.111132 0.0454341 0.0243634 0.00457501
threshold=-0.81674439241534058 1.2738745478596842 0.51871690791773173 -1.1558530955085182 -0.28132988415772758 -0.56793312529762019 0.20235370685613588 1.0000000180025095e-35 0.28561775879472229 -0.91978235659077423 0.68254493862593957 -0.65222430655671471 2.1084445962342691 -1.0389942329791786 -0.11124742640394288 0.50353014485828651 -0.76315194458757463 -0.36590881351952459 -0.013613883497124732 0.45398286717008124 -0.68463908325052059 -0.18557458196119755 -0.56511523210139514
decision_type=2 2 2 2 2 2 2 2 2 2 2 2 2 2 2 2 2 2 2 2 2 2 2
left_child=2 6 3 -1 10 7 17 -5 9 -7 18 -6 -3 -11 -15 16 -10 20 -4 -8 -2 -19 -22
right_child=1 12 4 5 11 8 19 -9 15 13 -12 -13 -14 14 -16 -17 -18 21 -20 -21 22 -23 -24
leaf_value=-0.070785073303038085 -0.002054545416141149 0.033242788694327896 -0.033136173705313549 -0.0068552084044619516 -0.031513369693719297 0.015280168864469283 0.011894109883456459 -0.048471652607556759 -0.016510856553164834 0.0039830306095273516 -0.00031805822921269865 -0.077975600183529573 0.060176525460812716 -0.020492944873747181 0 -0.025086318500708932 0 0.0035669066335683292 -0.011651762138025944 0.022881187646099012 0 0.009363137627696843 0.0014754526531559635
leaf_weight=11.999999999999998 15.999999999999998 59 12 12.999999999999998 17 14.999999999999998 30 21 17 10.999999999999998 12.999999999999998 32 28 17.999999999999993 15.000000000000005 19 17 18 13 74 11.999999999999998 47 16.000000000000004
leaf_count=12 16 59 12 13 17 15 30 21 17 11 13 32 28 18 15 19 17 18 13 74 12 47 16
internal_value=-0.00236457 0.0231083 -0.0333906 -0.0233833 -0.0488099 -0.0168025 0.0130168 -0.0361475 -0.00933222 -0.00133138 -0.0190399 -0.0671766 0.0453075 -0.00828756 -0.0125404 -0.0170798 -0.00934075 0.0050272 -0.026605 0.0205965 -7.39256e-05 0.00829324 0.00101516
internal_weight=545 300 245 158 87 146 213 34 112 59 38 49 87 44 33 53 34 109 25 104 44 65 28
internal_count=545 300 245 158 87 146 213 34 112 59 38 49 87 44 33 53 34 109 25 104 44 65 28
is_linear=0
shrinkage=0.0529975


Tree=41
num_leaves=21
num_cat=0
split_feature=37 37 29 28 29 9 6 38 29 37 19 29 37 19 2 19 37 37 37 37
split_gain=143.562 20.9637 18.4992 15.7618 24.4826 6.18912 4.94618 4.57344 6.78184 4.02028 2.19639 3.18695 1.38374 0.681088 0.501062 0.464887 0.44864 0.371667 0.0282275 0.00653747
threshold=-0.81674439241534058 1.2738745478596842 0.96361458521015575 -0.7132154924804589 -0.54213609959460229 -1.4880454783536858 -0.80800736895610803 -0.16222339301724051 0.41037723249571229 0.10170204273055711 0.036099156447675855 1.0000000180025095e-35 2.1084445962342691 -0.50832564867298069 1.5817577447705153 -0.34390726110670761 -0.44978520029083774 0.45398286717008124 -0.68463908325052059 -0.30719534277960381
decision_type=2 2 2 2 2 2 2 2 2 2 2 2 2 2 2 2 2 2 2 2
left_child=2 9 3 4 -1 -5 -4 -7 10 16 11 13 -3 -9 -10 -13 18 -11 -2 -18
right_child=1 12 6 5 -6 7 -8 8 14 17 -12 15 -14 -15 -16 -17 19 -19 -20 -21
leaf_value=0.0026376923713770702 -0.0019753428952624728 0.031643542220523097 -0.093918998614826443 -0.047981109388202152 -0.080245664048389981 0.011593910806099063 -0.03156176747769663 -0.0076709880224775156 -0.038979997759973017 0.011486778758496947 0.0057091048522859298 -0.031690706597058436 0.057549841704702107 0.0033508634712028462 -0.012309008097811616 -0.013139608483836756 0.0025434244919093217 0.021759439967919788 0.00046315119124511076 0.0073499655786651167
leaf_weight=13.999999999999998 15.999999999999998 59 12.000000000000002 11.999999999999998 25 13.999999999999998 17 25.999999999999996 27 45 20 11.999999999999998 28 25.000000000000004 10.999999999999998 30 14.999999999999998 74 22 41
leaf_count=14 16 59 12 12 25 14 17 26 27 45 20 12 28 25 11 30 15 74 22 41
internal_value=-0.0023451 0.022036 -0.0320405 -0.02528 -0.0539509 -0.0173637 -0.0692356 -0.0134916 -0.0162159 0.0124009 -0.00871002 -0.0120394 0.0432295 -0.00236146 -0.0341481 -0.0218825 0.00375339 0.0186681 -0.000534117 0.00654569
internal_weight=545 300 245 216 39 177 29 165 151 213 113 93 87 51 38 42 94 119 38 56
internal_count=545 300 245 216 39 177 29 165 151 213 113 93 87 51 38 42 94 119 38 56
is_linear=0
shrinkage=0.0529975


Tree=42
num_leaves=21
num_cat=0
split_feature=37 37 29 28 29 9 6 38 29 37 37 19 29 26 19 19 37 37 37 37
split_gain=131.636 19.1232 17.2933 14.3734 22.4568 5.79361 4.66321 4.22479 6.21035 3.38984 2.30497 2.02586 2.94625 0.873268 0.624301 0.45404 0.243937 0.110332 0.003103 0.00129415
threshold=-0.81674439241534058 0.90901226540446534 0.96361458521015575 -0.7132154924804589 -0.54213609959460229 -1.4880454783536858 -0.80800736895610803 -0.16222339301724051 0.41037723249571229 2.1084445962342691 -0.18557458196119755 0.036099156447675855 1.0000000180025095e-35 0.81589188954728264 -0.50832564867298069 -0.34390726110670761 0.29252082263530083 -0.57350287077852791 -0.7098019992819159 -0.44978520029083774
decision_type=2 2 2 2 2 2 2 2 2 2 2 2 2 2 2 2 2 2 2 2
left_child=2 10 3 4 -1 -5 -4 -7 11 -3 17 12 14 -10 -9 -14 -12 18 -2 -19
right_child=1 9 6 5 -6 7 -8 8 13 -11 16 -13 15 -15 -16 -17 -18 19 -20 -21
leaf_value=0.002539821047596594 -0.0018776898873835825 0.028392506765767662 -0.090600019988776884 -0.046285519006333715 -0.076815572224488052 0.011163719602692794 -0.030325235826198959 -0.0073406347722620368 -0.039301224185037106 0.055037813543988554 0.0092175195324970191 0.0054763280394570591 -0.030570797667247202 -0.012680263266822291 0.0032076311653195639 -0.012559245249049368 0.016925054685995953 0.00069205777042511297 0 0.0032322817835568683
leaf_weight=13.999999999999998 13.000000000000002 91 12.000000000000002 11.999999999999998 25 13.999999999999998 17 25.999999999999996 24 28 60 20 11.999999999999998 13.999999999999998 25.000000000000004 30 59 12.999999999999998 11.999999999999998 24
leaf_count=14 13 91 12 12 25 14 17 26 24 28 60 20 12 14 25 30 59 13 12 24
internal_value=-0.00233677 0.02101 -0.0307715 -0.0242424 -0.0516316 -0.0166752 -0.0667163 -0.0129333 -0.015553 0.0370574 0.00957221 -0.00836442 -0.0115629 -0.0327172 -0.0022539 -0.0210273 0.0137234 0.000994287 -0.00137098 0.00272321
internal_weight=545 300 245 216 39 177 29 165 151 119 181 113 93 38 51 42 119 62 25 37
internal_count=545 300 245 216 39 177 29 165 151 119 181 113 93 38 51 42 119 62 25 37
is_linear=0
shrinkage=0.0529975


Tree=43
num_leaves=22
num_cat=0
split_feature=37 37 29 19 19 29 19 6 37 19 29 19 29 37 37 37 9 31 31 37 37
split_gain=120.647 17.5658 16.3559 15.4965 11.5461 8.61375 16.5235 5.16069 3.26472 2.44591 1.45711 1.91959 1.25339 1.23225 0.3713 0.292762 0.256522 0.223143 0.168736 0.0245839 0.00177092
threshold=-0.81674439241534058 1.2738745478596842 0.7731741465887918 0.12500767621502204 -0.95772725582126561 0.18888648312768833 -0.26555031205959151 -0.73947783872829453 0.10170204273055711 0.18531090310476403 -0.35880181257487692 -0.27459863756046599 -0.15716204103522488 2.1084445962342691 -0.44978520029083774 0.47495196386290883 0.34869418108768963 0.14649503848889237 0.97117537728143455 -0.68463908325052059 -0.30090461377175504
decision_type=2 2 2 2 2 2 2 2 2 2 2 2 2 2 2 2 2 2 2 2 2
left_child=2 8 4 -4 -1 10 -7 -5 14 18 16 12 -12 -3 19 -10 -6 -13 -8 -2 -16
right_child=1 13 3 7 5 6 9 -9 15 -11 11 17 -14 -15 20 -17 -18 -19 -20 -21 -22
leaf_value=-0.059398992016863189 -0.0018403809485286022 0.028755322770188337 -0.099770861641195224 -0.04993732903921666 0.0080589877187681701 -0.063891820140346542 -0.021930085287838099 -0.007051611976636743 0.010631686848057341 0.0015599911505050443 -0.0031762058738246308 0.006047154238632519 -0.02182738912057236 0.052635435688460581 0.0025994562612499548 0.019804893987372962 -0.00099482367676573605 -0.0021713837773378107 -0.0079377296913491213 0.00042683175226122528 0.0067894418426635485
leaf_weight=15.999999999999998 15.999999999999998 59 11.999999999999998 11.000000000000002 15.000000000000002 21 33 20 48 21 20 13.000000000000002 25 28 18 71 10.999999999999998 11.999999999999998 14.999999999999998 22 38
leaf_count=16 16 59 12 11 15 21 33 20 48 21 20 13 25 28 18 71 11 12 15 22 38
internal_value=-0.00233546 0.0200161 -0.0295569 -0.0579952 -0.0219722 -0.0169617 -0.0282467 -0.0280853 0.0111988 -0.0130639 -0.00527496 -0.00908369 -0.0150231 0.0394144 0.00339554 0.0168482 0.00454166 0.00222001 -0.0190539 -0.000489753 0.00593701
internal_weight=545 300 245 43 202 186 90 31 213 69 96 70 45 87 94 119 26 25 48 38 56
internal_count=545 300 245 43 202 186 90 31 213 69 96 70 45 87 94 119 26 25 48 38 56
is_linear=0
shrinkage=0.0529975


Tree=44
num_leaves=24
num_cat=0
split_feature=37 37 29 9 45 30 29 19 6 19 37 29 30 3 37 29 19 37 3 37 37 8 37
split_gain=110.743 16.0306 15.6053 12.8588 6.64736 4.85273 4.42305 7.24503 4.12149 3.61952 3.58344 1.06663 1.16094 0.622634 0.611866 0.610377 0.440376 0.332051 0.238261 0.0405254 0.0227049 0.0147056 0.00270226
threshold=-0.81674439241534058 1.5213098888350618 0.96361458521015575 -0.48086157001586738 0.086156745716413782 -0.23021947705496282 0.083447991429444604 -0.16545183642694675 -0.80800736895610803 -0.57481490821725811 0.29252082263530083 -0.35880181257487692 0.55455133127410849 0.30233646532277475 -0.33445516848028017 0.24627008227285696 0.14175503073181203 2.1084445962342691 0.1993519574415378 -0.63011943184916475 -0.18557458196119755 -0.79079195997544482 -0.52737085805430506
decision_type=2 2 2 2 2 2 2 2 2 2 2 2 2 2 2 2 2 2 2 2 2 2 2
left_child=2 10 3 4 9 -5 11 -8 -4 -1 14 13 18 -7 19 -11 21 -3 -13 -2 -16 -9 -21
right_child=1 17 8 5 -6 6 7 16 -10 15 -12 12 -14 -15 20 -17 -18 -19 -20 22 -22 -23 -24
leaf_value=-0.068927874612933329 -0.0015964207316972766 0.028022126474396839 -0.084899840964763246 0.0085383160921953197 -0.0047517564768736033 -0.0050174584092955547 -0.0467265143260924 -0.0056552005594815245 -0.028334682396838777 -0.0085754530789823487 0.018468160310197705 0.0034151637194652354 -0.018005376800582822 0.0091291878650913393 0.002827344236567002 -0.033344816946094043 -0.0029698025633188422 0.050337919441056235 -0.0054061022481486374 0 0.0083598765550841406 -0.017039146363270908 0.001619760279840954
leaf_weight=19.999999999999996 19 46 12.000000000000002 20 11.999999999999998 11.000000000000002 24 10.999999999999998 17 11.000000000000005 104 11.000000000000002 21 11.999999999999998 14.999999999999998 11.999999999999998 18 28 10.999999999999998 12.000000000000002 60 22 15.999999999999998
leaf_count=20 19 46 12 20 12 11 24 11 17 11 104 11 21 12 15 12 18 28 11 12 60 22 16
internal_value=-0.00232922 0.0190858 -0.028409 -0.0222396 -0.0433498 -0.0136886 -0.0171085 -0.0255196 -0.0624771 -0.052079 0.0114565 -0.00612399 -0.0106114 0.00248407 0.00483954 -0.0259626 -0.0115514 0.0396936 -0.0009592 0 0.00763084 -0.0148767 0.0012142
internal_weight=545 300 245 216 55 161 141 75 29 43 226 66 43 23 122 23 51 74 22 47 75 33 28
internal_count=545 300 245 216 55 161 141 75 29 43 226 66 43 23 122 23 51 74 22 47 75 33 28
is_linear=0
shrinkage=0.0529975


Tree=45
num_leaves=23
num_cat=0
split_feature=37 29 37 19 36 19 29 19 19 37 19 29 19 37 29 29 30 37 37 9 7 37
split_gain=101.635 14.8074 14.6932 13.6394 15.4073 10.588 6.83185 15.6936 6.40876 2.6534 2.08596 1.22172 1.60213 1.09454 0.781103 0.385787 0.369033 0.308158 0.252293 0.249024 0.244566 0.0213416
threshold=-0.81674439241534058 0.71547010596101057 1.2738745478596842 0.12500767621502204 -1.6310829249917118 -0.95772725582126561 0.18888648312768833 -0.26555031205959151 0.43761099535384468 0.10170204273055711 0.21046452638556939 -0.35880181257487692 -0.45985295251530983 2.1084445962342691 -0.041886065940975194 -0.15716204103522488 0.21344277011759211 -0.44978520029083774 0.47495196386290883 0.34869418108768963 0.97905646700322413 -0.68463908325052059
decision_type=2 2 2 2 2 2 2 2 2 2 2 2 2 2 2 2 2 2 2 2 2 2
left_child=1 5 9 -3 -5 -1 11 -8 -6 17 20 19 15 -4 -14 -13 -16 21 -11 -7 -9 -2
right_child=2 3 13 4 8 6 7 10 -10 18 -12 12 14 -15 16 -17 -18 -19 -20 -21 -22 -23
leaf_value=-0.055246910613993824 -0.0017078925034602524 -0.089636943514721013 0.026125141615668406 -0.063120805754842496 -0.021764535319961829 0.0078971986621348897 -0.059398307306156813 -0.0172031016992252 0.023606277221711495 0.0095385302090911662 0.0056599389619098371 -0.0065183628786785897 0.008549110830328617 0.048140687494424073 0.0011153729567470532 -0.022978285622415308 -0.0091184637271053241 0.0053990606150988102 0.017934485771020869 -0.001009161595205156 -0.0048566533468553681 0.00039665836126935805
leaf_weight=15.999999999999998 15.999999999999998 13.999999999999998 59 11.999999999999995 11.000000000000005 15.000000000000002 21 34 11.999999999999998 48 14.999999999999998 16.000000000000004 10.999999999999998 28 13.000000000000002 11.999999999999998 18 56 71 10.999999999999998 13.999999999999998 22
leaf_count=16 16 14 59 12 11 15 21 34 12 48 15 16 11 28 13 12 18 56 71 11 14 22
internal_value=-0.00232358 -0.0273074 0.0181923 -0.0523751 -0.0263691 -0.0196371 -0.0147552 -0.0252995 0.00165278 0.0101288 -0.0096576 -0.0045155 -0.0080165 0.035933 -0.000798993 -0.0165868 -0.00515287 0.00308271 0.0152238 0.00442787 -0.0146707 -0.000442714
internal_weight=545 245 300 49 35 196 180 84 23 213 63 96 70 87 42 28 31 94 119 26 48 38
internal_count=545 245 300 49 35 196 180 84 23 213 63 96 70 87 42 28 31 94 119 26 48 38
is_linear=0
shrinkage=0.0529975


Tree=46
num_leaves=21
num_cat=0
split_feature=37 29 19 29 37 38 29 19 37 19 29 29 37 37 13 31 29 31 37 37
split_gain=93.3051 14.395 14.1436 34.0346 13.4487 7.65051 7.0876 3.37114 2.92956 1.49656 1.83015 0.894882 0.575607 0.320148 0.311453 0.253291 0.176016 0.131451 0.0601387 0.00210927
threshold=-0.81674439241534058 1.0939113685825921 -0.45332057286409322 -0.10741717961323992 1.5213098888350618 -0.24281526106861553 0.52337296649648568 -0.95772725582126561 0.38478484808374686 -0.047937934349164608 -0.041886065940975194 -0.50026514361871988 -0.30090461377175504 2.1084445962342691 0.21121657369816649 0.97117537728143455 0.20235630727881282 0.66856331366879385 -0.57350287077852791 -0.7098019992819159
decision_type=2 2 2 2 2 2 2 2 2 2 2 2 2 2 2 2 2 2 2 2
left_child=1 2 3 7 8 -4 9 -1 12 10 -7 -9 18 -6 -13 -8 -12 -11 19 -2
right_child=4 -3 5 -5 13 6 15 11 -10 17 16 14 -14 -15 -16 -17 -18 -19 -20 -21
leaf_value=-0.029967561545037637 -0.0016230000335853366 -0.064161608116509228 0.024587491818525455 -0.075904642417021426 0.02548339667877543 0.0073356257635661427 -0.034421193401263039 0.0084152273689519479 0.017165601914892713 0.00088069120089693577 -0.0074107962089573782 -0.0088674975091827257 0.0076345522364278723 0.046039365335956942 0.00068801045935505754 -0.012431920405892858 -0.018511814760067934 0.0083242393850367462 0.0019221438946729521 0
leaf_weight=10.999999999999998 13.000000000000002 21 10.999999999999998 32 46 10.999999999999998 28 10.999999999999998 96 17.000000000000004 27 24 74 28 10.999999999999998 12.999999999999998 15.999999999999998 11.999999999999998 31 11.999999999999998
leaf_count=11 13 21 11 32 46 11 28 11 96 17 27 24 74 28 11 13 16 12 31 12
internal_value=-0.00231475 -0.0262525 -0.021088 -0.0368931 0.0173429 -0.00949286 -0.0135646 -0.00974067 0.0103566 -0.00385426 -0.00878459 -0.00187131 0.00474182 0.0362167 -0.00603259 -0.0300734 -0.013444 0.00505891 0.00043792 -0.00119299
internal_weight=545 245 224 89 300 135 124 57 226 83 54 46 130 74 35 41 43 29 56 25
internal_count=545 245 224 89 300 135 124 57 226 83 54 46 130 74 35 41 43 29 56 25
is_linear=0
shrinkage=0.0529975


Tree=47
num_leaves=20
num_cat=0
split_feature=37 29 38 13 37 27 27 29 27 37 27 27 29 37 29 9 3 37 27
split_gain=85.141 13.2912 18.9416 14.5951 12.3427 11.0586 8.25199 3.58846 8.98623 2.8953 1.67484 0.627536 1.01573 0.582514 0.424152 0.409199 0.243982 0.0714203 0.00784195
threshold=-0.81674439241534058 0.55429414669926913 0.13090962736835629 1.3440734267667229 1.5988955465985291 -0.95772725582127649 0.53717754361395242 -0.054945875154369203 -0.34390726110672021 0.4330137704772507 -0.04793793434917528 -0.45985295251532099 -0.35880181257487692 -0.18557458196119755 0.20235630727881282 0.23699458342849308 0.40164295506539588 -0.57350287077852791 -0.079993913381890117
decision_type=2 2 2 2 2 2 2 2 2 2 2 2 2 2 2 2 2 2 2
left_child=1 5 3 6 9 -1 -3 11 -9 13 14 12 16 17 -10 -12 -7 18 -2
right_child=4 2 -4 -5 -6 7 -8 8 10 -11 15 -13 -14 -15 -16 -17 -18 -19 -20
leaf_value=-0.051408502186118706 -0.0018786164232606466 -0.017023408454484749 -0.076629959604257294 -0.058061160070079866 0.035584543069770568 -0.00088666555033392125 0.027827777390737832 -0.039081532509206117 -0.0044529803039219454 0.016992917023057216 -0.0011627623753809292 0.0090648697739321663 -0.0098037345187165798 0.007768329366442458 -0.017497237662412651 0.0093826157255772705 0.0079482758062538843 0.0021215716525428419 0
leaf_weight=15.999999999999998 12.000000000000002 26 25 12.999999999999998 68 11.999999999999998 11.999999999999998 27 22 96 18.000000000000004 10.999999999999998 22.000000000000004 74 14.999999999999998 12.999999999999998 12.999999999999998 37 12.999999999999998
leaf_count=16 12 26 25 13 68 12 12 27 22 96 18 11 22 74 15 13 13 37 13
internal_value=-0.00225111 -0.0251177 -0.0430394 -0.0201213 0.0165267 -0.0158197 -0.000838778 -0.0102556 -0.01629 0.0101556 -0.00471236 0.000119509 -0.00263107 0.00476631 -0.0116063 0.00387468 0.00413103 0.000711438 -0.00115691
internal_weight=545 245 76 51 300 169 38 153 95 232 68 58 47 136 37 31 25 62 25
internal_count=545 245 76 51 300 169 38 153 95 232 68 58 47 136 37 31 25 62 25
is_linear=0
shrinkage=0.0529975


Tree=48
num_leaves=20
num_cat=0
split_feature=37 29 19 29 37 38 29 37 19 19 29 29 37 31 13 29 46 37 19
split_gain=77.7295 13.2447 12.6596 29.5676 11.2682 6.83354 5.69304 2.87975 2.77803 1.25158 1.53936 0.791448 0.527326 0.379142 0.273348 0.176828 0.123962 0.0657672 0.00723981
threshold=-0.81674439241534058 1.0939113685825921 -0.45332057286409322 -0.10741717961323992 1.6722873850234283 -0.24281526106861553 0.52337296649648568 0.4330137704772507 -0.95772725582126561 -0.047937934349164608 -0.041886065940975194 -0.50026514361871988 -0.18557458196119755 0.97117537728143455 0.21121657369816649 0.20235630727881282 1.0000000180025095e-35 -0.57350287077852791 -0.079993913381877391
decision_type=2 2 2 2 2 2 2 2 2 2 2 2 2 2 2 2 2 2 2
left_child=1 2 3 8 7 -4 9 12 -1 10 -7 -10 17 -8 -13 -12 -11 18 -2
right_child=4 -3 5 -5 -6 6 13 -9 11 16 15 14 -14 -15 -16 -17 -18 -19 -20
leaf_value=-0.027176383192491119 -0.001812228523848707 -0.060318471741905667 0.023884704793022307 -0.070453854218017919 0.035152663999183653 0.0068152439587295475 -0.031167204697568604 0.016482617516489158 0.0079917068501586027 0 -0.0065625941242270468 -0.0082487905684776649 0.0073874878756287898 -0.010417663269537325 0.00066507432011009651 -0.017019659035034516 0.0070118021398629399 0.0020248146113726584 0
leaf_weight=10.999999999999998 12.000000000000002 21 10.999999999999998 32 61 10.999999999999998 28 103 10.999999999999998 12.000000000000002 27 24 74 12.999999999999998 10.999999999999998 15.999999999999998 17 37 12.999999999999998
leaf_count=11 12 21 11 32 61 11 28 103 11 12 27 24 74 13 11 16 17 37 13
internal_value=-0.00222632 -0.0240747 -0.0191625 -0.0340981 0.0157158 -0.00823509 -0.0121085 0.00998748 -0.00881346 -0.00340032 -0.00791845 -0.00166032 0.00453087 -0.0269054 -0.00558941 -0.0122029 0.00472843 0.000667826 -0.00111837
internal_weight=545 245 224 89 300 135 124 239 57 83 54 46 136 41 35 43 29 62 25
internal_count=545 245 224 89 300 135 124 239 57 83 54 46 136 41 35 43 29 62 25
is_linear=0
shrinkage=0.0529975


Tree=49
num_leaves=20
num_cat=0
split_feature=37 29 19 29 37 38 29 19 37 19 29 29 37 13 29 19 37 37 37
split_gain=70.823 12.2111 11.5984 26.9198 10.2177 6.33963 5.2241 2.60151 2.59521 1.15316 1.42711 0.732297 0.527475 0.252176 0.165243 0.120598 0.0716513 0.0609648 0.00721292
threshold=-0.81674439241534058 1.0939113685825921 -0.45332057286409322 -0.10741717961323992 1.6722873850234283 -0.24281526106861553 0.52337296649648568 -0.95772725582126561 0.47495196386290883 -0.047937934349164608 -0.041886065940975194 -0.50026514361871988 -0.18557458196119755 0.21121657369816649 0.20235630727881282 0.12123585939265195 2.1084445962342691 -0.56511523210139514 -0.68463908325052059
decision_type=2 2 2 2 2 2 2 2 2 2 2 2 2 2 2 2 2 2 2
left_child=1 2 3 7 8 -4 9 -1 12 10 -7 -9 17 -13 -12 -11 -6 18 -2
right_child=4 -3 5 -5 16 6 -8 11 -10 15 14 13 -14 -15 -16 -17 -18 -19 -20
leaf_value=-0.026244240257312274 -0.0015200770704454811 -0.057831797143980748 0.023065465252499064 -0.067309238610202077 0.02160685076528495 0.0065814825937459452 -0.025768532534507164 0.0077175935004338359 0.015980406754160251 0.00031196628815775878 -0.0062779986882671984 -0.0078990165165689803 0.0072403881199249315 0.00064226235640155822 -0.016363552662212032 0.0072826009153029768 0.04094211367795985 0.0020454911436016284 0
leaf_weight=10.999999999999998 16.000000000000004 21 10.999999999999998 32 33 10.999999999999998 41 10.999999999999998 97 15.000000000000002 27 24 80 10.999999999999998 15.999999999999998 13.999999999999998 28 34 11.999999999999998
leaf_count=11 16 21 11 32 33 11 41 11 97 15 27 24 80 11 16 14 28 34 12
internal_value=-0.00217998 -0.0230351 -0.0183198 -0.0326162 0.0149465 -0.00785894 -0.0115934 -0.00847553 0.00949048 -0.00324826 -0.00758761 -0.00155559 0.00454216 -0.00534294 -0.0117167 0.00454791 0.0334564 0.000626383 -0.000948213
internal_weight=545 245 224 89 300 135 124 57 239 83 54 46 142 35 43 29 61 62 28
internal_count=545 245 224 89 300 135 124 57 239 83 54 46 142 35 43 29 61 62 28
is_linear=0
shrinkage=0.0529975


Tree=50
num_leaves=21
num_cat=0
split_feature=37 29 37 19 29 30 19 29 29 19 29 19 37 37 29 19 30 37 37 37
split_gain=64.5747 11.3801 9.4068 9.27181 15.0316 5.20676 3.1277 5.93803 2.01721 1.6532 1.45489 2.02378 1.44658 1.428 0.71422 0.448429 0.179026 0.139235 0.109952 0.0110683
threshold=-0.81674439241534058 0.96361458521015575 1.1795136127419574 -0.63124966229775092 -0.25359189156537315 -0.66021637375627751 0.34004903709483209 0.52337296649648568 -0.54213609959460229 0.056972887554589562 -0.19322199846525803 -0.32580081582471693 2.1084445962342691 0.022019475297808743 0.26696810119628295 -0.067710861908419975 0.050263541408713745 -0.49382030334577687 0.47495196386290883 -0.68463908325052059
decision_type=2 2 2 2 2 2 2 2 2 2 2 2 2 2 2 2 2 2 2 2
left_child=1 3 13 4 8 -3 7 10 -1 -9 -5 -12 -4 17 16 -16 -13 19 -15 -2
right_child=2 5 12 6 -6 -7 -8 9 -10 -11 11 14 -14 18 15 -17 -18 -19 -20 -21
leaf_value=0.0052864969813994538 -0.0014614782232233539 -0.013489656320419263 0.019820473272970814 0.0055992133285947526 -0.065473077915411321 -0.066622198529961055 0.0089489721758658734 -0.041418816492113465 -0.018464346519999265 -0.012210261815257389 -0.018611232687157538 0.005537768846738754 0.039155006992611152 0.0073779252407115371 -0.014452656586047328 -0.00091099160851939546 -0.00085514305598133539 0.0034320433577308585 0.013264380645952902 0
leaf_weight=14.000000000000002 15.999999999999998 12.000000000000002 68 20 20 17 17 15.999999999999998 15.999999999999998 18 31 14.999999999999998 28 58 11.000000000000002 14.999999999999998 23 50 62 18
leaf_count=14 16 12 68 20 20 17 17 16 16 18 31 15 28 58 11 15 23 50 62 18
internal_value=-0.00210536 -0.0220195 0.0142478 -0.0168382 -0.0357613 -0.0509144 -0.0100498 -0.0125248 -0.00815231 -0.030279 -0.0059776 -0.00867171 0.0274986 0.00737176 -0.00257554 -0.00849331 0.00192044 0.00177767 0.0109612 -0.000630397
internal_weight=545 245 300 216 50 29 166 149 30 34 115 95 96 204 64 26 38 84 120 34
internal_count=545 245 300 216 50 29 166 149 30 34 115 95 96 204 64 26 38 84 120 34
is_linear=0
shrinkage=0.0529975


Tree=51
num_leaves=22
num_cat=0
split_feature=37 29 19 29 37 38 19 29 37 19 29 29 31 37 9 13 29 37 37 37 37
split_gain=59.2156 10.8181 10.1463 23.1989 8.64075 5.6882 4.41462 4.31153 2.11223 0.99704 1.27271 0.777115 0.462463 0.365091 0.272998 0.231995 0.150628 0.0508089 0.0216809 0.0102599 0.00213658
threshold=-0.81674439241534058 1.0939113685825921 -0.45332057286409322 0.061826384744403794 1.6722873850234283 -0.24281526106861553 -0.95772725582126561 0.52337296649648568 0.38478484808374686 -0.047937934349164608 -0.041886065940975194 -0.4039438303596648 0.97117537728143455 -0.33445516848028017 0.23699458342849308 0.21121657369816649 0.20235630727881282 2.1084445962342691 -0.68463908325052059 -0.18557458196119755 -0.56511523210139514
decision_type=2 2 2 2 2 2 2 2 2 2 2 2 2 2 2 2 2 2 2 2 2
left_child=1 2 3 6 8 -4 -1 9 13 10 -7 -8 -9 18 -11 -13 -12 -6 -2 -15 -20
right_child=4 -3 5 -5 17 7 11 12 -10 14 16 15 -14 19 -16 -17 -18 -19 20 -21 -22
leaf_value=-0.032496933811594478 -0.0014051383382724131 -0.053848454615847571 0.022272988060031012 -0.067984662932099482 0.019748910888027701 0.0063554979859958768 0.0052363503421070301 -0.027505172738305873 0.013860108931709164 -0.00028451921028610413 -0.0057713118025149472 -0.0096112464259289696 -0.0082914316786224067 0.0019922093842381283 0.0086245690126516544 -5.6299147072300008e-05 -0.015268968920520199 0.037445906269673167 0 0.0061466464478112815 0.0009689267731202056
leaf_weight=12.999999999999998 15.999999999999998 21 10.999999999999998 25 33 10.999999999999998 19 28 109 16.000000000000004 27 20 12.999999999999998 14.999999999999998 12.999999999999998 11.999999999999998 15.999999999999998 28 11.999999999999998 68 19.000000000000004
leaf_count=13 16 21 11 25 33 11 19 28 109 16 27 20 13 15 13 12 16 28 12 68 19
internal_value=-0.00207774 -0.0211475 -0.0167274 -0.0300912 0.0135823 -0.00696263 -0.0106333 -0.0105176 0.00856749 -0.0029293 -0.00697166 -0.00210506 -0.0233969 0.00366301 0.00430309 -0.00678632 -0.0108841 0.0306009 0 0.00565915 0.000687096
internal_weight=545 245 224 89 300 135 64 124 239 83 54 51 41 130 29 32 43 61 47 83 31
internal_count=545 245 224 89 300 135 64 124 239 83 54 51 41 130 29 32 43 61 47 83 31
is_linear=0
shrinkage=0.0529975


Tree=52
num_leaves=25
num_cat=0
split_feature=37 29 19 36 37 19 19 29 19 37 19 29 19 29 29 19 37 13 47 37 37 37 5 37
split_gain=54.1453 9.96275 13.2526 13.9935 7.93379 7.8537 5.49516 5.01296 10.351 1.90616 1.61304 0.891536 0.757152 0.562438 0.556579 0.485537 0.393283 0.106663 0.103492 0.046944 0.0225555 0.0200436 0.00515814 0.00194518
threshold=-0.81674439241534058 0.74954040166073665 0.12500767621502204 -1.6310829249917118 1.6722873850234283 -1.084056395528697 0.44452598162483986 -0.020202083740976092 -0.44438029562472414 0.47495196386290883 0.044058632693227386 -0.50026514361871988 -0.53091630390676692 0.26696810119628295 0.37014666599639606 0.26814377908824444 -0.33445516848028017 -0.039982119808339538 -1.0000000180025095e-35 2.1084445962342691 -0.087019827504899783 -0.68463908325052059 0.14420782187761055 -0.56511523210139514
decision_type=2 2 2 2 2 2 2 2 2 2 2 2 2 2 2 2 2 2 2 2 2 2 2 2
left_child=1 5 -3 -4 9 -1 -5 11 -9 16 13 -7 17 22 -12 -16 21 -13 -14 -6 -18 -2 -10 -23
right_child=4 2 3 6 19 7 -8 8 10 -11 14 12 18 -15 15 -17 20 -19 -20 -21 -22 23 -24 -25
leaf_value=-0.04942765762414153 -0.0013509703567136579 -0.079473287842671769 -0.054648598700705105 -0.014491853313517303 0.018863208662395391 0.010778023752682952 0.027749940168052777 -0.044997831746031239 -0.0067984266616396248 0.013710883147623792 0.0061462055775231908 -0.0093094594856422304 0.0063804535798919534 -0.018566293601897047 -0.0096028729336816773 0.0026807532156033114 0.002435651977218881 -0.0012790389445074511 0 0.035811407019783949 0.0064099022047484295 0 -0.0017600598641980499 0.00092989462418760331
leaf_weight=10.999999999999998 15.999999999999998 11.999999999999998 10.999999999999995 12.000000000000005 33 12.999999999999998 10.999999999999998 23 15.000000000000002 97 17 20 13.000000000000002 28 15.000000000000002 10.999999999999998 22 10.999999999999998 11.000000000000002 28 73 11.999999999999998 10.999999999999998 19.000000000000004
leaf_count=11 16 12 11 12 33 13 11 23 15 97 17 20 13 28 15 11 22 11 11 28 73 12 11 19
internal_value=-0.00202511 -0.0202603 -0.041449 -0.0179512 0.0129493 -0.0142591 0.00703064 -0.0107012 -0.0169633 0.00814468 -0.00801534 0.000734267 -0.00235138 -0.013631 -1.53624e-05 -0.00465921 0.00389375 -0.00731791 0.00401133 0.0292559 0.00575796 0 -0.00561444 0.000660724
internal_weight=545 245 46 34 300 199 23 188 120 239 97 68 55 54 43 26 142 31 24 61 95 47 26 31
internal_count=545 245 46 34 300 199 23 188 120 239 97 68 55 54 43 26 142 31 24 61 95 47 26 31
is_linear=0
shrinkage=0.0529975


Tree=53
num_leaves=21
num_cat=0
split_feature=37 29 19 29 37 38 29 19 44 37 19 29 5 9 29 9 37 37 4 37
split_gain=49.7764 9.74183 8.98273 15.4272 7.28694 5.84972 5.8635 2.4041 1.6092 1.23692 1.2149 1.62573 0.801087 0.367111 0.252542 0.250276 0.145731 0.104879 0.00952885 0.0030897
threshold=-0.81674439241534058 1.0939113685825921 -0.61139804268437181 -0.25359189156537315 1.3346849282688862 -0.24281526106861553 0.52337296649648568 -0.036067908672949726 1.0000000180025095e-35 0.022019475297808743 -0.047937934349164608 -0.054945875154369203 -0.7305514475155096 -0.080783503497674894 0.20235630727881282 0.23699458342849308 0.47495196386290883 -0.52737085805430506 0.44748475822733541 -0.36590881351952459
decision_type=2 2 2 2 2 2 2 2 2 2 2 2 2 2 2 2 2 2 2 2
left_child=1 2 3 8 9 -4 10 -8 -1 17 11 13 -6 -7 -13 -12 -11 18 -2 -19
right_child=4 -3 5 -5 12 6 7 -9 -10 16 15 14 -14 -15 -16 -17 -18 19 -20 -21
leaf_value=-0.015705101583165466 -0.0013094059270299619 -0.050470624390390614 0.02151547351350689 -0.061072115668721436 0.038150708247322217 -0.0029085533593872178 -0.044825417196732782 -0.014487200320913635 0.0048312323832952414 0.0063437857718945416 -0.00025016900487662277 -0.0072571203830852776 0.01913584904257306 0.0066886491484010454 -0.018005498676273896 0.0082695801168085354 0.011918653964473185 0.00066959174834364506 7.7330751249978601e-05 0.0032369661440853729
leaf_weight=15.999999999999998 20.000000000000004 21 10.999999999999998 23 15.999999999999998 19 10.999999999999998 33 15.999999999999998 58 16.000000000000004 32 68 13.999999999999998 20 12.999999999999998 74 12.999999999999998 10.999999999999998 40
leaf_count=16 20 21 11 23 16 19 11 33 16 58 16 32 68 14 20 13 74 13 11 40
internal_value=-0.00200992 -0.0194937 -0.0153191 -0.0329537 0.0123479 -0.00860755 -0.0114573 -0.026678 -0.00611114 0.00679861 -0.0044849 -0.0075801 0.025136 0.00138631 -0.0129458 0.00413199 0.00990181 0.0015097 -0.000695766 0.00285769
internal_weight=545 245 224 55 300 169 158 44 32 216 114 85 84 33 52 29 132 84 31 53
internal_count=545 245 224 55 300 169 158 44 32 216 114 85 84 33 52 29 132 84 31 53
is_linear=0
shrinkage=0.0529975


Tree=54
num_leaves=23
num_cat=0
split_feature=37 29 19 29 37 38 29 19 37 29 19 29 9 31 44 3 29 37 26 37 37 37
split_gain=45.5723 8.95478 8.37907 19.1244 6.73878 4.7342 3.40407 3.35411 1.54576 0.832558 0.771677 1.13872 0.280446 0.266515 0.217125 0.214677 0.198921 0.195518 0.158121 0.0817108 0.0150133 0.000547704
threshold=-0.81674439241534058 1.0939113685825921 -0.45332057286409322 0.092064071066336753 1.6722873850234283 -0.24281526106861553 0.58687950133281286 -0.95772725582126561 0.2275166228875313 -0.36400999389897842 -0.047937934349164608 -0.041886065940975194 0.23699458342849308 0.97117537728143455 -0.7704731892735065 0.40164295506539588 0.20235630727881282 -0.36590881351952459 -1.240898733776995 0.5839912666656174 -0.68463908325052059 -0.56511523210139514
decision_type=2 2 2 2 2 2 2 2 2 2 2 2 2 2 2 2 2 2 2 2 2 2
left_child=1 2 3 7 8 -4 10 -1 17 15 11 -7 -12 -8 -11 -9 -13 20 -6 -10 -2 -22
right_child=4 -3 5 -5 18 6 13 9 19 14 12 16 -14 -15 -16 -17 -18 -19 -20 -21 21 -23
leaf_value=-0.029126830350213812 -0.0012684599888717286 -0.048389934119476626 0.02077749819019371 -0.06295789564041783 0.038598602434338158 0.006001723857455195 -0.025363876755394064 -0.00067589173070192949 0.006639741503445591 -0.001015492411468326 -0.0011580441594016941 -0.0050901627983634358 0.0071877185776316457 -0.0074051762470176202 -0.011145418202462653 0.0077238898414918097 -0.014690319233587851 0.0041967257605326491 0.019897689602813958 0.012668764552905857 0 0.00063416715074844871
leaf_weight=12.999999999999998 15.999999999999998 21 10.999999999999998 23 11.999999999999998 10.999999999999998 24 11.999999999999998 39 11.999999999999998 19 27 14.999999999999998 10.999999999999998 17.000000000000007 11.999999999999998 17 68 49 88 11.999999999999998 16.000000000000004
leaf_count=13 16 21 11 23 12 11 24 12 39 12 19 27 15 11 17 12 17 68 49 88 12 16
internal_value=-0.00195711 -0.0186864 -0.0146823 -0.0268174 0.0117807 -0.0058323 -0.0090961 -0.00993127 0.00735503 -0.00262263 -0.00296648 -0.00661963 0.00287488 -0.0217988 -0.00804552 0.00399561 -0.0102561 0.00252892 0.0268062 0.0112527 -0.000103105 0.000463639
internal_weight=545 245 224 89 300 135 124 66 239 53 89 55 34 35 29 24 44 112 61 127 44 28
internal_count=545 245 224 89 300 135 124 66 239 53 89 55 34 35 29 24 44 112 61 127 44 28
is_linear=0
shrinkage=0.0529975


Tree=55
num_leaves=25
num_cat=0
split_feature=37 29 35 25 19 37 29 19 37 19 6 10 29 29 19 9 26 5 37 37 37 5 37 37
split_gain=41.7469 8.27721 12.7205 9.09359 6.97377 6.20954 3.97159 7.72807 1.39755 1.28962 0.818692 0.781297 0.445704 0.421694 0.389423 0.310994 0.220475 0.205633 0.177455 0.0698018 0.0118288 0.00921522 0.00208253 6.2538e-05
threshold=-0.81674439241534058 0.74954040166073665 -0.075187709818658785 1.3786611811569502 -1.084056395528697 1.6722873850234283 -0.020202083740976092 -0.44438029562472414 0.2275166228875313 0.044058632693227386 1.3590427524952104 0.76170805865383173 0.37014666599639606 0.26696810119628295 0.26814377908824444 0.13593482714655908 0.46365984699157753 -0.7305514475155096 -0.40155627789733084 0.6531892857519549 -0.68463908325052059 0.14420782187761055 -0.18557458196119755 -0.56511523210139514
decision_type=2 2 2 2 2 2 2 2 2 2 2 2 2 2 2 2 2 2 2 2 2 2 2 2
left_child=1 4 -3 -4 -1 8 10 -8 18 13 11 15 -11 21 -14 -6 -17 -7 20 -10 -2 -9 -20 -22
right_child=5 2 3 -5 6 17 7 9 19 12 -12 -13 14 -15 -16 16 -18 -19 22 -21 23 -23 -24 -25
leaf_value=-0.045509850985024268 -0.0012195609543695861 0.0039326272964989367 -0.084141367778299975 -0.02158439513888109 0.0048554737478308024 0.035462372554264647 -0.038958921552228902 -0.0060923551376545716 0.0068340116030826351 0.0056496336346608536 -0.0079653361348077621 0.012410856764851163 -0.0084719537862855826 -0.016301242504203863 0.0024813029365468682 -0.0074727331575919383 0.00097631566324127902 0.018289001884872667 0.0016677016552333328 0.012327141849712873 0 -0.001396990505964359 0.0044513159152688936 0.00039826927306569482
leaf_weight=10.999999999999998 15.999999999999998 13.999999999999998 10.999999999999998 21 13.999999999999998 15.999999999999998 23 15.000000000000002 48 17 14.999999999999998 14.999999999999998 15.000000000000002 28 10.999999999999998 12.000000000000002 11.999999999999998 45 21 79 11.999999999999998 10.999999999999998 50 13.000000000000002
leaf_count=11 16 14 11 21 14 16 23 15 48 17 15 15 15 28 11 12 12 45 21 79 12 11 50 13
internal_value=-0.00190232 -0.0179142 -0.037198 -0.0531573 -0.0124649 0.011246 -0.00914844 -0.0147248 0.00699831 -0.0069771 0.000993559 0.00419937 0 -0.0119976 -0.00402304 -0.000132984 -0.00366469 0.0256686 0.0024053 0.0107052 -0.000222633 -0.00495825 0.00391271 0.000302562
internal_weight=545 245 46 32 199 300 188 120 239 97 68 53 43 54 26 38 24 61 112 127 41 26 71 25
internal_count=545 245 46 32 199 300 188 120 239 97 68 53 43 54 26 38 24 61 112 127 41 26 71 25
is_linear=0
shrinkage=0.0529975


Tree=56
num_leaves=23
num_cat=0
split_feature=37 29 19 29 37 38 19 29 37 29 19 8 29 19 20 1 37 31 5 37 37 37
split_gain=38.4078 8.1958 7.48047 15.8533 5.74812 3.87339 2.91171 2.66651 1.4184 1.12093 1.08441 0.343477 0.32054 0.454741 0.316353 0.311714 0.268052 0.259515 0.104785 0.0178413 0.0103146 0.00177426
threshold=-0.81674439241534058 1.0939113685825921 -0.27139899128830619 0.092064071066336753 1.7100317590705216 -0.24281526106861553 -0.95772725582126561 0.60923513714294653 0.47495196386290883 -0.15716204103522488 -0.50025667382205452 -0.11124742640394288 0.26696810119628295 -0.036067908672949726 -0.61914489478063606 0.0070101247800723595 -0.32397062013386352 0.66856331366879385 -0.7305514475155096 -0.68463908325052059 -0.087019827504899783 -0.56511523210139514
decision_type=2 2 2 2 2 2 2 2 2 2 2 2 2 2 2 2 2 2 2 2 2 2
left_child=1 2 3 6 8 -4 -1 12 16 11 -5 -8 15 -14 -13 -7 19 -15 -6 -2 -18 -21
right_child=4 -3 5 10 18 7 9 -9 -10 -11 -12 14 13 17 -16 -17 20 -19 -20 21 -22 -23
leaf_value=-0.026792338641575937 -0.0011725470437098601 -0.045587606272474053 0.020345880020883975 -0.061825470777248231 0.034985138183064438 0.0070758094167263147 -0.0033953342262579875 -0.01841762474995615 0.011498020105228064 -0.011442736701983213 -0.022924484542629173 -0.00032879555074113087 -0.010282299850191383 -0.0037388430931623038 0.0092114976883873202 -0.0016799195498457206 0.0018686964873639422 0.0053526531830276128 0.017716589669228695 0 0.0052959009453702926 0.00094218388782084178
leaf_weight=12.999999999999998 15.999999999999998 21 10.999999999999998 18 14.999999999999998 15.999999999999998 15.999999999999998 31 105 21 14.999999999999998 14.999999999999998 11.999999999999998 12.000000000000002 15.000000000000002 18 19 10.999999999999998 38 11.999999999999995 73 22.000000000000004
leaf_count=13 16 21 11 18 15 16 16 31 105 21 15 15 12 12 15 18 19 11 38 12 73 22
internal_value=-0.00187393 -0.0172321 -0.0134241 -0.0226806 0.0107376 -0.00326166 -0.00837268 -0.00692849 0.00694743 -0.00279572 -0.0505663 0.00188187 -0.000613682 -0.00393582 0.00498717 0.00270889 0.00320583 0.000576122 0.0257815 0 0.00481704 0.000704824
internal_weight=545 245 224 113 300 111 80 100 247 67 33 46 69 35 30 34 142 23 53 50 92 34
internal_count=545 245 224 113 300 111 80 100 247 67 33 46 69 35 30 34 142 23 53 50 92 34
is_linear=0
shrinkage=0.0529975


Tree=57
num_leaves=24
num_cat=0
split_feature=37 29 27 29 37 38 27 29 37 29 27 8 53 28 9 2 37 29 5 31 37 37 13
split_gain=35.2192 7.52208 6.94671 14.6204 5.31002 3.59647 2.70729 2.43071 1.27587 1.03049 0.973093 0.317552 0.311991 0.509075 0.386422 0.297839 0.223023 0.164896 0.126504 0.0424383 0.0138981 0.00779666 0.000915766
threshold=-0.81674439241534058 1.0939113685825921 -0.27139899128831813 0.092064071066336753 1.7100317590705216 -0.24281526106861553 -0.95772725582127649 0.60923513714294653 0.4330137704772507 -0.15716204103522488 -0.50025667382206596 -0.11124742640394288 1.0593795073025254 -0.071462254183915774 1.0000000180025095e-35 -0.7503885564998517 -0.33445516848028017 0.18888648312768833 -0.7305514475155096 0.95623705075458221 -0.68463908325052059 -0.087019827504899783 -0.665516121285325
decision_type=2 2 2 2 2 2 2 2 2 2 2 2 2 2 2 2 2 2 2 2 2 2 2
left_child=1 2 3 6 8 -4 -1 12 16 11 -5 -8 13 17 -15 -13 20 -7 -6 -9 -2 -18 -22
right_child=4 -3 5 10 18 7 9 19 -10 -11 -12 15 -14 14 -16 -17 21 -19 -20 -21 22 -23 -24
leaf_value=-0.025820626077181771 -0.0011273454467862086 -0.043708223499300501 0.019648021277322871 -0.059367656266341141 0.033660537124536163 -0.0013951566433223249 -0.0032644444513388131 -0.020664618271646909 0.010716765208026828 -0.010971001148186854 -0.022056521236803992 -0.0013286061247446683 0.0050868500305366673 -0.0040995664344616297 0.0058960588229160556 0.0080821595413995938 0.0018457291461619612 -0.011222312503169811 0.016905625131456464 -0.0070903784509057073 0 0.0048810717171816021 0.00072469377555438384
leaf_weight=12.999999999999998 15.999999999999998 21 10.999999999999998 18 14.999999999999998 12.000000000000002 15.999999999999998 19.000000000000004 111 21 14.999999999999998 10.999999999999998 13.999999999999998 12.999999999999998 19 19.000000000000004 22 10.999999999999998 38 11.999999999999998 11.000000000000002 67 20
leaf_count=13 16 21 11 18 15 12 16 19 111 21 15 11 14 13 19 19 22 11 38 12 11 67 20
internal_value=-0.00182892 -0.0165358 -0.0128849 -0.0218048 0.0102476 -0.00309246 -0.00805858 -0.00662982 0.00660569 -0.00267856 -0.0485866 0.00180143 -0.000595026 -0.00251373 0.00164538 0.004791 0.00289028 -0.0076848 0.0247053 -0.0175997 0 0.00436816 0.000547272
internal_weight=545 245 224 113 300 111 80 100 247 67 33 46 69 55 32 30 136 23 53 31 47 89 31
internal_count=545 245 224 113 300 111 80 100 247 67 33 46 69 55 32 30 136 23 53 31 47 89 31
is_linear=0
shrinkage=0.0529975


Tree=58
num_leaves=25
num_cat=0
split_feature=37 29 19 13 19 19 37 29 19 37 6 12 28 38 6 19 37 29 7 7 29 37 37 37
split_gain=32.3464 6.97584 14.4331 11.1716 9.12679 7.05833 4.90558 1.98326 3.66319 1.15203 0.775867 0.858838 0.58974 0.295264 0.281451 0.24086 0.219569 0.214935 0.185997 0.10305 0.139394 0.0128519 0.00931599 0.000910636
threshold=-0.81674439241534058 0.55429414669926913 -0.036067908672949726 1.1569057727814835 0.56461929902412689 -1.084056395528697 1.7100317590705216 -0.054945875154369203 -0.30845206814241349 0.47495196386290883 1.3590427524952104 0.53181816397511239 -0.071462254183915774 -0.11778865383063641 -0.14593159087710691 -0.62555187198812046 -0.33445516848028017 0.20235630727881282 -1.3300590492267399 0.8761735751477443 0.32579273591308622 -0.68463908325052059 -0.087019827504899783 -0.56511523210139514
decision_type=2 2 2 2 2 2 2 2 2 2 2 2 2 2 2 2 2 2 2 2 2 2 2 2
left_child=1 5 -3 4 13 -1 9 10 15 16 11 14 17 -4 -7 -9 21 -10 -8 20 -14 -2 -18 -23
right_child=6 2 3 -5 -6 7 18 8 12 -11 -12 -13 19 -15 -16 -17 22 -19 -20 -21 -22 23 -24 -25
leaf_value=-0.041930419126696941 -0.001083886299734574 -0.067383981039433924 -0.0034863738698043341 -0.043960331846865937 0.033697665117028874 0.0046701434879211712 0.033857069352397802 -0.030868833953987818 -0.0014011173058967907 0.010384295289987305 -0.0071163288885507789 0.01284263287034244 0.0035466407638530058 -0.016431294579930845 -0.0041375169922762516 -0.012773973925450346 0.0017688614465633961 -0.011044441199668728 0.016606084443381547 0.0059525704360730821 -0.0031218336421007858 0 0.0047739973169782192 0.00071597319212090866
leaf_weight=10.999999999999998 15.999999999999998 14.999999999999998 12.999999999999995 17 10.999999999999998 11.000000000000002 11.999999999999998 10.999999999999998 17.000000000000004 105 13.999999999999998 17 12.000000000000002 20.000000000000004 19 24 22 10.999999999999998 41 10.999999999999998 10.999999999999998 11.999999999999998 73 19.000000000000004
leaf_count=11 16 15 13 17 11 11 12 11 17 105 14 17 12 20 19 24 22 11 41 11 11 12 73 19
internal_value=-0.00179357 -0.0158879 -0.0287862 -0.0140091 0.00130783 -0.00925999 0.00977978 -0.00549288 -0.0099984 0.00628023 0.00182101 0.00511897 -0.00158828 -0.0128311 -0.000474012 -0.0223146 0.00290056 -0.00667486 0.0236746 0.00279873 0.000130436 0 0.00429357 0.00052651
internal_weight=545 245 76 61 44 169 300 158 97 247 61 47 62 33 30 35 142 28 53 34 23 47 95 31
internal_count=545 245 76 61 44 169 300 158 97 247 61 47 62 33 30 35 142 28 53 34 23 47 95 31
is_linear=0
shrinkage=0.0529975


Tree=59
num_leaves=23
num_cat=0
split_feature=37 29 19 29 37 38 29 19 37 29 19 29 31 13 37 9 19 7 29 37 37 37
split_gain=29.7661 6.89784 6.30573 13.3585 4.54827 3.58352 2.21242 2.18841 1.20467 0.633475 0.527705 0.768551 0.469092 0.323732 0.225801 0.184744 0.118524 0.112616 0.0832959 0.0168926 0.00276028 0.00137555
threshold=-0.81674439241534058 1.0939113685825921 -0.45332057286409322 0.092064071066336753 1.8777845326131508 -0.24281526106861553 0.52337296649648568 -0.95772725582126561 0.5839912666656174 -0.39613487478548931 -0.047937934349164608 -0.041886065940975194 0.97117537728143455 0.21121657369816649 -0.30719534277960381 0.23699458342849308 0.12123585939265195 -1.3300590492267399 0.20235630727881282 -0.63011943184916475 -0.087019827504899783 -0.52737085805430506
decision_type=2 2 2 2 2 2 2 2 2 2 2 2 2 2 2 2 2 2 2 2 2 2
left_child=1 2 3 7 8 -4 10 -1 14 -9 11 -7 16 -11 19 -12 -8 -6 -13 -2 -16 -21
right_child=4 -3 5 -5 17 6 12 9 -10 13 15 18 -14 -15 20 -17 -18 -19 -20 21 -22 -23
leaf_value=-0.023718783969081791 -0.00093707261831038711 -0.041256764173940343 0.018882306376281778 -0.052528819400291353 0.033811051768256412 0.0055403273374510491 -0.025574292643684247 0.0042563652164640114 0.010522278779877537 -0.0096525939854876924 -0.00016368983887357286 -0.0039419455386540117 -0.004357047780118496 0.0001830176050148598 0.0015801861125452684 0.0071156450640980917 -0.0094410751657081678 0.016040542370163949 -0.010940939743774858 0 0.0047443296577509772 0.0010247911433193626
leaf_weight=12.999999999999998 19 21 10.999999999999998 23 10.999999999999998 10.999999999999998 12.000000000000002 20 105 21 16.000000000000004 27 12.999999999999998 11.999999999999998 15.999999999999998 12.999999999999998 15.999999999999998 33 15.999999999999998 11.999999999999998 82 22
leaf_count=13 19 21 11 23 11 11 12 20 105 21 16 27 13 12 16 13 16 33 16 12 82 22
internal_value=-0.0017659 -0.0152864 -0.0118091 -0.0223204 0.0093362 -0.0041754 -0.00705121 -0.00819803 0.00626987 -0.00224882 -0.00162922 -0.00460971 -0.0162705 -0.00641872 0.00297945 0.00355998 -0.0198521 0.0241452 -0.00770906 2.63033e-05 0.0044158 0.000799069
internal_weight=545 245 224 89 300 135 124 66 256 53 83 54 41 33 151 29 28 44 43 53 98 34
internal_count=545 245 224 89 300 135 124 66 256 53 83 54 41 33 151 29 28 44 43 53 98 34
is_linear=0
shrinkage=0.0529975


Tree=60
num_leaves=23
num_cat=0
split_feature=37 29 19 29 37 30 29 19 29 37 12 29 19 16 37 21 25 19 37 37 26 13
split_gain=27.3052 6.33237 5.84676 10.1357 4.22682 3.90254 3.17814 2.01105 1.59127 1.08266 0.692287 0.569324 0.503164 0.468318 0.204411 0.163584 0.0772513 0.0477125 0.0131149 0.00572156 0.0025208 0.00133131
threshold=-0.81674439241534058 1.0939113685825921 -0.61139804268437181 -0.25359189156537315 1.8777845326131508 -0.41432049956592126 0.52337296649648568 -0.036067908672949726 -0.54213609959460229 0.5839912666656174 -0.31940383940353895 -0.19322199846525803 -0.34390726110670761 -1.1530241629449678 -0.32397062013386352 -1.1197631366375465 -0.24447515290607161 -0.12459461559622249 -0.68463908325052059 -0.04088781478067683 0.92986884120344449 -0.665516121285325
decision_type=2 2 2 2 2 2 2 2 2 2 2 2 2 2 2 2 2 2 2 2 2 2
left_child=1 2 3 8 9 -4 10 -8 -1 14 13 -12 -13 -7 18 -6 -14 -15 -2 -16 -9 -20
right_child=4 -3 5 -5 15 6 7 20 -10 -11 11 12 16 17 19 -17 -18 -19 21 -21 -22 -23
leaf_value=0.0075172218791759605 -0.0010059785255592357 -0.039555923054992476 0.015244288942273783 -0.0482939404396679 0.032773050402153982 -0.0053215842688828481 -0.035779154793313173 -0.012198854103114406 -0.012797423670301501 0.0099947507297551749 0.0027041967731082374 -0.013845406708512862 -0.00481873163828504 0.0016384198648594715 0.0018800475760908308 0.015268106690872887 0 0.0075431022718424369 0 0.0046133457534443447 -0.0047744801953666944 0.00079475853746636428
leaf_weight=13.999999999999998 15.999999999999998 21 15.999999999999998 23 10.999999999999998 10.999999999999998 10.999999999999998 13.999999999999998 18 105 11.999999999999998 23 22.999999999999996 15 25 33 13.000000000000002 13 10.999999999999998 76 18 23
leaf_count=14 16 21 16 23 11 11 11 14 18 105 12 23 23 15 25 33 13 13 11 76 18 23
internal_value=-0.00171678 -0.0146665 -0.0113323 -0.0255282 0.00891617 -0.00595598 -0.00870825 -0.0200135 -0.00394222 0.00596161 -0.00342257 -0.00637997 -0.00841409 0.00193893 0.00283799 0.0231899 -0.00329633 0.00543226 0 0.00414535 -0.00961902 0.000603683
internal_weight=545 245 224 55 300 169 153 43 32 256 110 71 59 39 151 44 36 28 50 101 32 34
internal_count=545 245 224 55 300 169 153 43 32 256 110 71 59 39 151 44 36 28 50 101 32 34
is_linear=0
shrinkage=0.0529975


Tree=61
num_leaves=24
num_cat=0
split_feature=37 13 19 29 19 19 37 29 19 37 6 10 38 29 29 7 9 7 37 37 37 13 9
split_gain=25.0541 5.95283 12.7938 8.96984 5.79381 5.71344 3.92987 2.23121 3.40205 0.849392 0.667577 0.737772 0.419259 0.553813 0.362024 0.28819 0.214279 0.189878 0.0932433 0.0892681 0.00619144 0.00388414 6.8457e-05
threshold=-0.81674439241534058 1.4819864349663734 0.56461929902412689 0.67528232375896413 -1.084056395528697 0.12500767621502204 1.7100317590705216 -0.054945875154369203 -0.34390726110670761 0.20235370685613588 1.3590427524952104 0.76170805865383173 0.32099209240947585 0.51570612243515501 0.20235630727881282 -1.3300590492267399 0.13593482714655908 -0.1959149040383493 -0.44978520029083774 0.73916258219255215 -0.68463908325052059 -0.80835459406353427 0.083308969491546661
decision_type=2 2 2 2 2 2 2 2 2 2 2 2 2 2 2 2 2 2 2 2 2 2 2
left_child=1 2 3 4 -1 -5 9 10 17 18 11 16 13 -10 -14 -8 -6 -9 20 -11 -2 -20 -22
right_child=6 -3 -4 5 7 -7 15 8 12 19 -12 -13 14 -15 -16 -17 -18 -19 21 -21 22 -23 -24
leaf_value=-0.038849844402667942 -0.00096719806679092398 -0.039848659740595455 0.033880103211106849 -0.055937628467313961 0.0042598447002198999 -0.0085878436990781352 0.030701021610024356 -0.028452495764212337 0.0040948983061811235 0.0052159689613769881 -0.0062447497345331409 0.013145310936349889 -0.0019805870702646212 -0.0062860195017703305 -0.013011423257668662 0.014389383895450509 -0.0030922262616441256 -0.0093781619445636854 0.00057365121836585979 0.009675191976701001 0.00014491577350803187 0.0030210057232420359 0
leaf_weight=10.999999999999998 15.999999999999998 18 10.999999999999998 16.000000000000004 13.999999999999998 14.999999999999998 11.999999999999998 18.000000000000004 28 60 13.999999999999998 13.999999999999998 22 19 13.999999999999998 41 19 11.999999999999998 12.999999999999998 78 11.000000000000002 58 10.999999999999998
leaf_count=11 16 18 11 16 14 15 12 18 28 60 14 14 22 19 14 41 19 12 13 78 11 58 11
internal_value=-0.00166945 -0.0140741 -0.0110274 -0.0141992 -0.00904442 -0.0383206 0.00851546 -0.00588989 -0.010135 0.00538732 0.00207308 0.00510876 -0.00382635 -0.000206267 -0.00768198 0.0209461 2.31403e-05 -0.02385 0.00167038 0.00808285 -0.000276004 0.00274319 7.669e-05
internal_weight=545 245 227 216 185 31 300 174 113 247 61 47 83 47 36 53 33 30 109 138 38 71 22
internal_count=545 245 227 216 185 31 300 174 113 247 61 47 83 47 36 53 33 30 109 138 38 71 22
is_linear=0
shrinkage=0.0529975


Tree=62
num_leaves=24
num_cat=0
split_feature=37 29 27 29 37 38 47 29 14 29 37 3 31 27 29 37 44 29 27 31 37 27 2
split_gain=23.0567 5.83834 5.25643 11.1597 3.67756 3.07062 1.89822 1.69544 1.54921 1.19369 1.03377 0.758354 0.467067 0.430755 0.649161 0.193338 0.145255 0.0818385 0.0518793 0.0294118 0.0198576 0.00727736 0.000991186
threshold=-0.81674439241534058 1.0939113685825921 -0.45332057286410549 0.092064071066336753 2.003599112770122 -0.24281526106861553 -0.24515918596310252 0.52337296649648568 0.074484303702942664 -0.35880181257487692 0.6531892857519549 0.30233646532277475 0.97117537728143455 -0.04793793434917528 -0.041886065940975194 -0.18557458196119755 -0.27848972336365163 0.20235630727881282 0.1212358593926398 -0.96321629034271128 -0.57350287077852791 -0.079993913381890117 -0.20670135596499742
decision_type=2 2 2 2 2 2 2 2 2 2 2 2 2 2 2 2 2 2 2 2 2 2 2
left_child=1 2 3 6 10 -4 8 13 -1 11 15 -8 18 14 -7 20 -15 22 -9 -6 21 -2 -16
right_child=4 -3 5 -5 19 7 9 12 -10 -11 -12 -13 -14 16 17 -17 -18 -19 -20 -21 -22 -23 -24
leaf_value=-0.025770376245421191 -0.001369760467922265 -0.037384935844324577 0.01789975290104618 -0.047537482706576276 0.030409256202262498 0.0052368869669001707 -0.0022046537196683366 -0.022479404034968096 -0.0002234568140895123 -0.0087591240473282646 0.0096536454043508295 0.013838634852428712 -0.0031370174494946062 0 -0.0045194269232499591 0.0041544736669670117 0.0064785721966825098 -0.0099663831639484595 -0.0085024176325989003 0.013551737149646567 0.0010459417551136288 0 -0.0012860206866451222
leaf_weight=14.000000000000002 12.000000000000002 21 10.999999999999998 23 11.999999999999998 10.999999999999998 11.000000000000002 12.000000000000002 10.999999999999998 17 105 12.999999999999998 12.999999999999998 16.000000000000004 10.999999999999995 98 12.999999999999998 15.999999999999998 15.999999999999998 23 37 12.999999999999998 16.000000000000007
leaf_count=14 12 21 11 23 12 11 11 12 11 17 105 13 13 16 11 98 13 16 16 23 37 13 16
internal_value=-0.00163495 -0.0135349 -0.0103522 -0.0199428 0.00813533 -0.00340074 -0.00707115 -0.00608254 -0.0169729 0.000213111 0.00566503 0.00728182 -0.0141528 -0.00133254 -0.00403862 0.00275126 0.00333541 -0.0069045 -0.0176064 0.0231043 0.000259773 -0.00065567 -0.00339693
internal_weight=545 245 224 89 300 135 66 124 25 41 265 24 41 83 54 160 29 43 28 35 62 25 27
internal_count=545 245 224 89 300 135 66 124 25 41 265 24 41 83 54 160 29 43 28 35 62 25 27
is_linear=0
shrinkage=0.0529975


Tree=63
num_leaves=25
num_cat=0
split_feature=37 13 19 29 19 19 37 29 19 29 37 1 29 29 24 9 29 37 1 1 37 9 3 9
split_gain=21.1665 5.48655 11.922 7.76561 6.0954 5.18574 3.32364 2.13073 4.0002 1.29756 0.839771 0.591534 0.353029 0.319153 0.270473 0.2488 0.218442 0.132942 0.0945411 0.0131056 0.00921895 0.00192056 0.00172212 0.000863789
threshold=-0.75383710233685208 1.4819864349663734 0.60675712484006339 0.74954040166073665 0.12500767621502204 -1.084056395528697 2.003599112770122 0.031036353483505329 -0.13695324231613623 0.24627008227285696 0.67415838244478266 -0.61983437816041054 -0.39613487478548931 0.51570612243515501 -0.17918534903048383 -0.14591056851891923 0.16142385576168791 -0.18557458196119755 -1.1197631366375458 -0.19566369622417185 -0.52737085805430506 -0.020266555036001721 -0.33947769986564769 0.43330728509390715
decision_type=2 2 2 2 2 2 2 2 2 2 2 2 2 2 2 2 2 2 2 2 2 2 2 2
left_child=1 2 3 5 -5 -1 10 11 9 16 17 -7 -13 15 -14 -10 -9 20 -8 -20 21 -2 -15 -22
right_child=6 -3 -4 4 -6 7 18 8 13 -11 -12 12 14 22 -16 -17 -18 -19 19 -21 23 -23 -24 -25
leaf_value=-0.036895205113051839 0.00017663051260964442 -0.037417714658788744 0.033426316456052645 -0.059623408019791276 -0.0084179014319771123 0.0084306946380502124 0.030070010358506431 -0.013213530409419654 -0.0028021764656821829 -0.030138518544103453 0.0092567692931406244 0.0040613901933461601 -0.0080421296807231292 -0.0068310326749048949 -3.1706366751337109e-05 0.0046828019803319609 -0.0020921875101676522 0.0040055096819236208 0.0050301211428300041 0.015834052466994541 0.0013792085852887205 -0.00050601682824464168 -0.0019941529493079707 0
leaf_weight=10.999999999999998 11.000000000000002 18 10.999999999999998 11.000000000000002 14.999999999999998 15.999999999999998 10.999999999999998 12.000000000000002 14.999999999999995 21 102 15.999999999999998 17.999999999999996 11.000000000000002 27.000000000000004 24.000000000000004 12.999999999999998 101 11 13 19.000000000000004 12.999999999999998 12.999999999999998 11.999999999999998
leaf_count=11 11 18 11 11 15 16 11 12 15 21 102 16 18 11 27 24 13 101 11 13 19 13 13 12
internal_value=-0.00159139 -0.0127081 -0.00989085 -0.0128774 -0.037414 -0.00859514 0.00800949 -0.00578506 -0.0103609 -0.0212542 0.00559284 0.000888809 -0.00156266 -0.00114988 -0.00394171 0.00165895 -0.00917928 0.00290011 0.0222296 0.0131105 0.000561467 0 -0.00536629 0.00110437
internal_weight=545 252 234 223 26 197 293 186 109 46 258 77 61 63 45 39 25 156 35 24 55 24 24 31
internal_count=545 252 234 223 26 197 293 186 109 46 258 77 61 63 45 39 25 156 35 24 55 24 24 31
is_linear=0
shrinkage=0.0529975


Tree=64
num_leaves=22
num_cat=0
split_feature=39 39 30 29 19 19 37 29 19 37 10 19 13 6 26 29 8 25 7 37 37
split_gain=19.5289 5.23465 11.2578 7.96246 5.81572 5.44809 2.80734 2.09651 3.48733 0.612356 0.4312 0.332206 0.226644 0.262091 0.237775 0.204733 0.202927 0.140729 0.140265 0.139535 0.0316775
threshold=-0.39234954295270691 -1.1464725685440789 -0.82590330011500368 0.74954040166073665 -0.95772725582126561 0.12500767621502204 2.1084445962342691 0.29136380271561407 -0.1106783865241085 0.73916258219255215 1.1185036050616828 0.32817604960927232 -0.16311873427231305 1.0000000180025095e-35 -0.68156680265806024 -0.15716204103522488 0.45010700893080763 -0.91482025821547508 0.93380470964677109 -0.49382030334577687 0.022019475297808743
decision_type=2 2 2 2 2 2 2 2 2 2 2 2 2 2 2 2 2 2 2 2 2
left_child=1 -1 -3 4 -4 -5 9 10 -9 17 12 18 13 -6 -14 -12 -8 -2 -10 -19 -21
right_child=6 2 3 5 7 -7 16 8 11 -11 15 -13 14 -15 -16 -17 -18 19 -20 20 -22
leaf_value=-0.035045728614000494 0.00828610566494733 0.033260099566790997 -0.033685935926284959 -0.05757833957429398 0.0016671491695098653 -0.0086807074741334228 0.0099584300344258067 -0.029224076449749496 -0.0076147993656389317 0.0092945807536933423 0 0.0034980148802835004 -0.0021404285753941319 -0.0055039196132628384 0.004268876255649077 -0.0085084285956854421 0.02875525294224451 -0.0016097098934070176 0 0.0014292531623338379 0.0040279407500650134
leaf_weight=19 12.999999999999998 10.999999999999998 15.999999999999998 11.000000000000002 22 14.999999999999998 14.000000000000002 17 20.000000000000004 103 11.000000000000002 10.999999999999998 17 23 50 20 13.999999999999998 12.999999999999998 10.999999999999998 39 75
leaf_count=19 13 11 16 11 22 15 14 17 20 103 11 11 17 23 50 20 14 13 11 39 75
internal_value=-0.00155997 -0.0114254 -0.0088739 -0.0115535 -0.00764961 -0.0365001 0.00842082 -0.00464206 -0.0125477 0.00620263 -0.000959688 -0.00284444 0.00059252 -0.0020773 0.00250471 -0.00594355 0.0229765 0.00359168 -0.00548597 0.0027067 0.00331297
internal_weight=545 274 255 244 218 26 271 202 59 243 143 42 112 45 67 31 28 140 31 127 114
internal_count=545 274 255 244 218 26 271 202 59 243 143 42 112 45 67 31 28 140 31 127 114
is_linear=0
shrinkage=0.0529975


Tree=65
num_leaves=23
num_cat=0
split_feature=39 39 30 29 19 19 35 29 19 39 10 19 13 6 26 30 29 39 30 13 12 39
split_gain=17.974 4.80718 10.4878 7.43428 5.37361 5.08718 2.15403 1.92934 3.22161 1.07024 0.394891 0.308457 0.205332 0.240981 0.217628 0.19305 0.188593 0.114827 0.0494459 0.0325697 0.0289456 0.000973391
threshold=-0.39234954295270691 -1.1464725685440789 -0.82590330011500368 0.74954040166073665 -0.95772725582126561 0.12500767621502204 -1.2356161011941302 0.29136380271561407 -0.1106783865241085 0.83768178105694424 1.1185036050616828 0.22724928406737435 -0.16311873427231305 1.0000000180025095e-35 -0.68156680265806024 0.51871690791773173 -0.15716204103522488 -0.22504222024845988 0.057820360670835312 -0.80835459406353427 1.0000000180025095e-35 0.13900033653651447
decision_type=2 2 2 2 2 2 2 2 2 2 2 2 2 2 2 2 2 2 2 2 2 2
left_child=1 -1 -3 4 -4 -5 -2 10 -9 17 12 18 13 -6 -14 -11 -12 20 -10 -19 -8 -21
right_child=6 2 3 5 7 -7 9 8 11 15 16 -13 14 -15 -16 -17 -18 19 -20 21 -22 -23
leaf_value=-0.03363394935887426 0.022968910379724875 0.032119287111771491 -0.032387345673741554 -0.055603417180743089 0.0015977187929397817 -0.0083520400360365017 -0.0015719103718766626 -0.02807913097775766 -0.0074070100021889542 0.01119214759042278 0 0.0024891696679659446 -0.0020565706384376011 -0.0052725473683908619 0.004066863484472813 0.002601050501448095 -0.0081615150169828381 0.0012059975027925178 -0.0011665218298601051 0.0021384380310897444 0.0012940283152642563 0.0048282261525106531
leaf_weight=19 20 10.999999999999998 15.999999999999998 11.000000000000002 22 14.999999999999998 12.000000000000002 17 16.000000000000004 92 11.000000000000002 14.999999999999998 17 23 50 14.999999999999998 20 25 10.999999999999998 27 15.999999999999998 64
leaf_count=19 20 11 16 11 22 15 12 17 16 92 11 15 17 23 50 15 20 25 11 27 16 64
internal_value=-0.00152609 -0.0109907 -0.00854285 -0.0111304 -0.00735797 -0.0352354 0.00804888 -0.00446531 -0.0120498 0.00632467 -0.000930157 -0.00271876 0.00055338 -0.00198386 0.00237616 0.0102515 -0.00569978 0.00306704 -0.00575029 0.00376954 0 0.0042837
internal_weight=545 274 255 244 218 26 271 202 59 251 143 42 112 45 67 107 31 144 27 116 28 91
internal_count=545 274 255 244 218 26 271 202 59 251 143 42 112 45 67 107 31 144 27 116 28 91
is_linear=0
shrinkage=0.0529975


Tree=66
num_leaves=26
num_cat=0
split_feature=39 29 13 19 29 19 37 29 19 19 37 6 29 19 0 5 12 39 9 25 37 26 37 13 12
split_gain=16.5249 4.74047 10.4872 5.60336 6.80026 3.55144 2.53315 2.48736 1.25105 1.15857 0.482517 0.412478 0.458384 0.302524 0.235278 0.205411 0.194618 0.214997 0.189331 0.110744 0.128921 0.0652947 0.0331295 0.000642196 0.000110375
threshold=-0.39234954295270691 1.0939113685825921 1.0780983395245405 -0.61139804268437181 -0.10741717961323992 0.43761099535384468 2.1084445962342691 0.52337296649648568 -0.036067908672949726 -0.95772725582126561 0.87755862036522103 0.53223009268930277 -0.15716204103522488 -0.22831942904204558 1.670872028398541 -0.67451514137555568 -0.53279103178678933 -0.91978235659077423 0.37469037699295688 -0.91482025821547508 -0.49382030334577687 0.92986884120344449 0.1436402361162151 -0.80835459406353427 -0.98632518450781059
decision_type=2 2 2 2 2 2 2 2 2 2 2 2 2 2 2 2 2 2 2 2 2 2 2 2 2
left_child=1 3 -3 4 9 7 10 11 -9 -1 19 14 -13 -14 16 -8 24 -18 -11 -2 -21 -10 23 -22 -5
right_child=6 2 -4 5 -6 -7 15 8 21 18 -12 12 13 -15 -16 -17 17 -19 -20 20 22 -23 -24 -25 -26
leaf_value=-0.016692940161054003 0.0075389537866594721 0.0059578649882943814 -0.05635767765379552 0.0018231270727437278 -0.043481811186457407 0.019860561763326692 0.027954760908905679 -0.028108105812645643 -0.0097485144580541794 0.0047457362494702929 0.0085555026615529092 0.0022428978383426047 -0.011030276623497853 -0.0012715610141088773 -0.0049932138269637655 0.010019180431528538 0.0049207723164646838 -0.0020679538679229869 -0.0027859480661900668 -0.0015342958447437764 0.0001568003473954488 -0.0026205624584846941 0.0040240420277042914 0.0018097278738319533 0.0064886857756106878
leaf_weight=10.999999999999998 13.999999999999998 11.000000000000002 11.999999999999998 12.000000000000002 19 10.999999999999998 12.000000000000002 10.999999999999998 19 12.000000000000002 94 13.999999999999998 22.999999999999996 18.000000000000004 10.999999999999998 15.999999999999998 10.999999999999998 39 12.999999999999998 12.999999999999998 11.999999999999998 14.999999999999998 70 40 11.999999999999998
leaf_count=11 14 11 12 12 19 11 12 11 19 12 94 14 23 18 11 16 11 39 13 13 12 15 70 40 12
internal_value=-0.00150047 -0.0105756 -0.0312449 -0.0079696 -0.0220523 -0.00344592 0.00768023 -0.00544831 -0.0154993 -0.00598234 0.00558223 -0.0016659 -0.00500851 -0.00760347 0.000607728 0.0214863 0.00183949 -4.34025e-05 0.000822629 0.00340299 0.00262215 -0.00764281 0.00317075 0.00160437 0.00521954
internal_weight=545 274 23 251 55 196 271 185 45 36 243 140 55 41 85 28 74 50 25 149 135 34 122 52 24
internal_count=545 274 23 251 55 196 271 185 45 36 243 140 55 41 85 28 74 50 25 149 135 34 122 52 24
is_linear=0
shrinkage=0.0529975


Tree=67
num_leaves=23
num_cat=0
split_feature=39 29 36 19 29 19 29 19 37 37 29 19 36 6 8 3 32 37 45 34 26 37
split_gain=15.215 4.42026 9.76708 5.20437 7.73257 3.47358 3.73605 2.81686 2.37599 0.431226 0.381451 0.857949 0.291604 0.226381 0.203149 0.126568 0.103676 0.120606 0.0496408 0.0398656 0.0356205 0.0310264
threshold=-0.39234954295270691 1.0939113685825921 -1.2167630007937162 -0.71234336683649502 -0.54213609959460229 0.43761099535384468 0.52337296649648568 -0.036067908672949726 2.1084445962342691 0.90901226540446534 -0.17292469673266564 -0.32580081582471693 0.58608856125702402 0.80364483120044805 0.45010700893080763 0.62416305245163961 -0.91482025821547741 -0.49382030334577687 -0.36806745177278138 1.1667220113737764 -0.45831677014854783 0.1771907908247404
decision_type=2 2 2 2 2 2 2 2 2 2 2 2 2 2 2 2 2 2 2 2 2 2
left_child=1 3 -3 4 -1 6 10 -8 9 16 15 18 13 -13 -10 20 -2 -18 -12 -9 -5 -19
right_child=8 2 -4 5 -6 -7 7 19 14 -11 11 12 -14 -15 -16 -17 17 21 -20 -21 -22 -23
leaf_value=0.0040531967676034879 0.0071995533108501208 -0.054366069864155341 0.0057535121771668382 0.00097266122429378167 -0.039840944720527433 0.019179350057228289 -0.035586679020034623 -0.0089499001311446006 0.0087686696487869146 0.0082071238346801498 -0.011138426951019688 0.0031316768530960941 -0.005866487429732785 -0.0029077818848391021 0.026097443019204455 -0.00094125250340155347 -0.0014786495713351767 0.0016308821160653235 -0.0030922789297977353 -0.0023786363608638743 0.0065721968264020611 0.0039465770779872475
leaf_weight=15.999999999999998 14.999999999999998 12.000000000000002 10.999999999999998 11 24 10.999999999999998 11.999999999999998 21 14.000000000000002 91 22 55 12.999999999999998 18 13.999999999999998 10.999999999999998 12.999999999999998 57 11.999999999999998 12.999999999999998 12 67
leaf_count=16 15 12 11 11 24 11 12 21 14 91 22 55 13 18 14 11 13 57 12 13 12 67
internal_value=-0.00146195 -0.0101702 -0.0301286 -0.00765384 -0.023892 -0.00396818 -0.00579644 -0.0181013 0.00734702 0.00531707 -0.00153665 -0.00294971 0 0.0014464 0.0207134 0.00297051 0.00329682 0.00253668 -0.0093626 -0.00734529 0.00489 0.00306016
internal_weight=545 274 23 251 40 211 200 46 271 243 154 120 86 73 28 34 152 137 34 34 23 124
internal_count=545 274 23 251 40 211 200 46 271 243 154 120 86 73 28 34 152 137 34 34 23 124
is_linear=0
shrinkage=0.0529975


Tree=68
num_leaves=28
num_cat=0
split_feature=39 29 13 19 29 19 29 35 19 19 39 28 29 9 30 9 9 6 39 29 39 24 7 29 13 12 39
split_gain=13.9997 4.12281 9.09658 4.78797 6.03194 3.07693 2.11976 1.83495 1.05725 1.0368 0.794632 0.3584 0.603474 0.19465 0.191073 0.17784 0.167101 0.125002 0.103635 0.10166 0.0879126 0.0727563 0.068514 0.0657943 0.0338739 0.0242321 0.00615787
threshold=-0.39234954295270691 1.0939113685825921 1.0780983395245405 -0.61139804268437181 -0.10741717961323992 0.43761099535384468 0.52337296649648568 -1.2356161011941302 -0.036067908672949726 -0.95772725582126561 0.96953901473456838 -0.071462254183915774 1.0000000180025095e-35 -0.14591056851891923 0.51871690791773173 0.029083588908746447 0.37469037699295688 1.0936685771845343 -0.22504222024845988 0.20235630727881282 -0.80165551899036436 -0.85037832923460632 0.84691737639410036 -0.24466822032603455 -0.80835459406353427 1.0000000180025095e-35 0.13900033653651447
decision_type=2 2 2 2 2 2 2 2 2 2 2 2 2 2 2 2 2 2 2 2 2 2 2 2 2 2 2
left_child=1 3 -3 4 9 6 11 -2 -8 -1 18 12 15 -13 21 17 -11 -5 25 -14 -15 -12 -10 -17 -20 -9 -26
right_child=7 2 -4 5 -6 -7 8 10 22 16 14 13 19 20 -16 23 -18 -19 24 -21 -22 -23 -24 -25 26 -27 -28
leaf_value=-0.015438187102976399 0.020762641428552085 0.005556168000586067 -0.052444842020517496 0.00062862022387868424 -0.040533516748020533 0.018521502959863757 -0.025923391324526313 -0.0014859075906830832 -0.0093994385487311451 0.0047171003378649341 0.00343652408548653 -0.0015289073874727764 -0.0035307569284136605 0.0067895070769351043 0.0018105956140567409 0.0056359197112655045 -0.0023476557447635609 -0.0052361575282679632 0.0010279829983078064 -0.010969345974036093 0.00045967200513861409 0.011076578457381449 -0.0025676968017872949 0 0.0018385379346784235 0.0011348117397088342 0.0044333991311914312
leaf_weight=10.999999999999998 20 11.000000000000002 11.999999999999998 17.000000000000004 19 10.999999999999998 10.999999999999998 12.000000000000002 17 12.000000000000002 13.999999999999998 21 23 14.000000000000002 13.999999999999998 11.000000000000002 12.999999999999998 11.999999999999998 26 17 13.999999999999998 67 17 10.999999999999998 27 15.999999999999998 75
leaf_count=11 20 11 12 17 19 11 11 12 17 12 14 21 23 14 14 11 13 12 26 17 14 67 17 11 27 16 75
internal_value=-0.0014241 -0.00977749 -0.0290518 -0.00734749 -0.0203664 -0.00316351 -0.00503046 0.00702537 -0.0143103 -0.00528855 0.00544468 -0.00153456 -0.00345073 0.00188526 0.00918293 0.000349613 0.00107461 -0.00207997 0.00286942 -0.00786191 0.00446936 0.0101642 -0.00705528 0.00356127 0.0034823 0 0.00395142
internal_weight=545 274 23 251 55 196 185 271 45 36 251 140 91 49 95 51 25 29 156 40 28 81 34 22 128 28 102
internal_count=545 274 23 251 55 196 185 271 45 36 251 140 91 49 95 51 25 29 156 40 28 81 34 22 128 28 102
is_linear=0
shrinkage=0.0529975


Tree=69
num_leaves=25
num_cat=0
split_feature=39 29 19 13 19 19 37 29 19 37 7 10 9 8 8 10 10 29 13 31 25 45 13 13
split_gain=12.8835 3.8477 9.74666 6.03883 6.01057 4.69388 2.1489 0.639596 1.55653 0.342737 0.338606 0.281899 0.197631 0.18889 0.18837 0.155603 0.277759 0.125051 0.0846281 0.054776 0.0439289 0.0317369 0.0135233 0.000367343
threshold=-0.39234954295270691 0.55429414669926913 -0.036067908672949726 1.1372039144672474 0.60675712484006339 -0.95772725582126561 2.1084445962342691 0.24627008227285696 -0.13695324231613623 0.87755862036522103 0.8761735751477443 1.1185036050616828 -0.14591056851891923 0.45010700893080763 -0.71311381512148331 0.61840108698261209 0.41115341510561426 -0.15716204103522488 -1.3107519810765462 -0.16701030651747042 -0.91482025821547508 -0.8222916492619764 -0.80835459406353427 -1.0398514292558045
decision_type=2 2 2 2 2 2 2 2 2 2 2 2 2 2 2 2 2 2 2 2 2 2 2 2
left_child=1 5 -3 4 10 -1 9 11 -9 18 -4 14 -10 -8 -7 16 19 -13 -2 -16 -20 -17 23 -22
right_child=6 2 3 -5 -6 7 13 8 12 -11 -12 17 -14 -15 15 21 -18 -19 20 -21 22 -23 -24 -25
leaf_value=-0.028268041687499381 -0.00074185073222903268 -0.050556919102987735 -0.013867433360246366 -0.028535369325568077 0.028566601705536709 -0.0027662145542438157 0.0081367534505488379 -0.017491706490773067 -0.0039355995001922059 0.0073064049234563841 -0.0023140961591950155 0 0.003211129321804001 0.024507309695731432 0 0.0015713679263203307 -0.0042434407659182223 -0.0062440631003801202 0.0063655978102283182 0.0038995796197045258 0.0010456042008751356 0.0075308142807131257 0.0029691517656788794 0
leaf_weight=15.999999999999998 10.999999999999998 14.999999999999998 12.999999999999998 19 11.999999999999998 19 14.000000000000002 17 11.999999999999998 94 19 11.000000000000002 21 13.999999999999998 10.999999999999995 12.000000000000002 15.999999999999998 19 12.999999999999998 31.000000000000004 13.000000000000002 10.999999999999998 100 11.999999999999998
leaf_count=16 11 15 13 19 12 19 14 17 12 94 19 11 21 14 11 12 16 19 13 31 13 11 100 12
internal_value=-0.00139377 -0.00940737 -0.0190001 -0.00764454 0.00357729 -0.00510455 0.00671159 -0.00216306 -0.00690016 0.00478863 -0.00863924 -6.5832e-05 0.000227653 0.0194064 0.00126282 0.00241372 0.000620969 -0.00416131 0.00293396 0.00291824 0.00329415 0.00563037 0.00264464 0.000797962
internal_weight=545 274 78 63 44 196 271 180 50 243 32 130 33 28 100 81 58 30 149 42 138 23 125 25
internal_count=545 274 78 63 44 196 271 180 50 243 32 130 33 28 100 81 58 30 149 42 138 23 125 25
is_linear=0
shrinkage=0.0529975


Tree=70
num_leaves=21
num_cat=0
split_feature=37 29 13 19 29 19 19 37 29 19 37 28 29 31 9 26 26 37 13 37
split_gain=11.8583 4.18105 8.84946 3.90367 3.05631 4.51352 4.08597 2.16688 0.945769 1.09636 0.342532 0.332954 0.733672 0.275244 0.215558 0.0943225 0.0612101 0.0280725 0.00474546 0.00115769
threshold=-0.7098019992819159 1.0939113685825921 1.0780983395245405 0.43761099535384468 0.55429414669926913 -0.036067908672949726 -1.084056395528697 2.003599112770122 -0.50026514361871988 -0.71234336683649502 0.47495196386290883 -0.071462254183915774 0.20235630727881282 -0.96321629034271128 -0.14591056851891923 -0.087865696956004699 0.92986884120344449 -0.04088781478067683 -0.71477076707091436 1.0872495872935086
decision_type=2 2 2 2 2 2 2 2 2 2 2 2 2 2 2 2 2 2 2 2
left_child=1 3 -3 4 6 -6 -1 10 -8 -10 17 12 -11 -9 -13 -15 -7 18 -2 -12
right_child=7 2 -4 -5 5 16 8 13 9 11 19 14 -14 15 -16 -17 -18 -19 -20 -21
leaf_value=-0.029987328338940349 0 0.0048250668618901593 -0.053314814700369487 0.017905658336430638 -0.041036151701096743 -0.0084032421688715331 0.0081175812637163114 0.024450456530847122 -0.015564409272670398 -0.0008957236749360121 0.0040564269432408952 -0.0025336780810499325 -0.011201199527321149 0.0025464108623121078 0.0044893688356254617 0.012073205007588527 -0.001867223357551075 0.002654670119649405 0.0010241694138399663 0.0069902947446154311
leaf_weight=10.999999999999998 15.999999999999998 11.000000000000002 10.999999999999998 10.999999999999998 12.999999999999998 18 14.999999999999998 11.999999999999998 13.999999999999998 80 55 13.999999999999998 21 11 25 12 13.999999999999998 67 46 68
leaf_count=11 16 11 11 11 13 18 15 12 14 80 55 14 21 11 25 12 14 67 46 68
internal_value=-0.00135539 -0.00949893 -0.0291883 -0.00695685 -0.00863584 -0.0202464 -0.0051365 0.00598603 -0.00250696 -0.00385092 0.00400143 -0.00204057 -0.00361139 0.0174294 0.00181137 0.00922662 -0.00647351 0.00187933 0.000778513 0.0059821
internal_weight=545 258 22 236 225 45 180 287 169 154 252 140 101 35 39 23 32 129 62 123
internal_count=545 258 22 236 225 45 180 287 169 154 252 140 101 35 39 23 32 129 62 123
is_linear=0
shrinkage=0.0529975


Tree=71
num_leaves=23
num_cat=0
split_feature=37 29 13 30 9 29 19 37 29 5 1 37 31 31 30 45 5 30 37 44 13 39
split_gain=10.9672 3.9018 8.25761 3.73323 2.82904 2.1692 4.0567 2.03669 0.796285 0.715695 0.483465 0.310095 0.27165 0.251534 0.235019 0.206687 0.0946432 0.0459562 0.0425546 0.0370628 0.00431876 0.00348102
threshold=-0.7098019992819159 1.0939113685825921 1.0780983395245405 -0.41432049956592126 -1.3196012616945847 -0.39613487478548931 -0.60422274417682142 2.003599112770122 -0.10741717961323992 -0.87476077571910782 1.0678095630845852 0.67415838244478266 -0.22014023980230238 -0.96321629034271128 0.36801256332655824 -0.36806745177278138 -0.18951331152040399 -0.094104121357782275 -0.04088781478067683 1.0000000180025095e-35 -0.71477076707091436 -0.47999791929632923
decision_type=2 2 2 2 2 2 2 2 2 2 2 2 2 2 2 2 2 2 2 2 2 2
left_child=1 3 -3 -1 -5 9 8 11 -7 -6 12 18 19 -9 17 -14 -15 -12 20 -8 -2 -22
right_child=7 2 -4 4 5 6 10 13 -10 -11 14 -13 15 16 -16 -17 -18 -19 -20 -21 21 -23
leaf_value=0.013461444599070104 0 0.0046595686341895457 -0.051486129570070677 -0.026274677573098194 0.013922905789259841 -0.008679826913124274 -0.0076862902670209914 0.023586408631514014 -0.03413011038651266 -0.00084196286023144687 -0.0057289343304627403 0.006047156760073588 0.0020802843572390087 0.0023819853532679549 -0.013827340712118674 -0.0030622419804645072 0.011719354455821018 -0.00041987809257526082 0.0028292246714849614 -0.0019190526729965522 0 0.0012178712238260158
leaf_weight=18 15.999999999999998 11.000000000000002 10.999999999999998 18 11.000000000000002 12.000000000000002 19 11.999999999999998 12.999999999999998 17 11 102 37 11 15.999999999999998 38 12 12 88 13.999999999999998 11.999999999999998 34
leaf_count=18 16 11 11 18 11 12 19 12 13 17 11 102 37 11 16 38 12 12 88 14 12 34
internal_value=-0.00132522 -0.00915697 -0.0281786 -0.00670061 -0.00871235 -0.006379 -0.00860315 0.00573465 -0.0261817 0.00618573 -0.00465896 0.00381175 -0.00248053 0.0168266 -0.00940183 -0.000472839 0.00891063 -0.00385952 0.00207287 -0.00609001 0.000741794 0.000976151
internal_weight=545 258 22 236 218 200 172 287 25 28 147 252 108 35 39 75 23 23 150 33 62 46
internal_count=545 258 22 236 218 200 172 287 25 28 147 252 108 35 39 75 23 23 150 33 62 46
is_linear=0
shrinkage=0.0529975


Tree=72
num_leaves=26
num_cat=0
split_feature=39 3 30 29 29 47 45 37 6 29 19 53 39 1 4 37 12 6 30 29 47 25 39 29 39
split_gain=10.1367 3.4746 9.93101 9.04414 3.52038 2.99765 1.79983 1.78154 0.84657 0.556026 0.713929 0.443534 0.251957 0.250729 0.263523 0.197362 0.185468 0.17274 0.147324 0.177193 0.129464 0.0914918 0.0735187 0.0520816 0.00318228
threshold=-0.39234954295270691 0.72346954219426107 -0.72758761312421016 0.74954040166073665 -0.31953540702733996 0.59100304412747862 -1.0494037480065741 2.003599112770122 1.2285000658443697 0.031036353483505329 -0.088046267236164155 1.0000000180025095e-35 -0.75065069125639916 -1.1197631366375458 -0.55232827841792032 0.73916258219255215 -0.29353324242517853 0.25998191677495136 -0.24326545948369957 0.60923513714294653 0.59100304412747862 -0.93356545186414219 -0.30472822905601454 0.17116908538165884 -0.22504222024845988
decision_type=2 2 2 2 2 2 2 2 2 2 2 2 2 2 2 2 2 2 2 2 2 2 2 2 2
left_child=1 2 -1 8 -3 -5 -6 15 9 12 16 -10 -4 -9 -15 21 -11 -14 20 -20 -12 -2 -23 -8 -24
right_child=7 4 3 5 6 -7 23 13 11 10 18 -13 17 14 -16 -17 -18 -19 19 -21 -22 22 24 -25 -26
leaf_value=0.031759369102825237 0.0064044870276158405 -0.0004623831207418761 0.0074865147339259952 -0.0084187979269891092 -0.006576985060219212 -0.045313380037626402 -0.015931806440091196 0.023280517987330232 -0.015666929245931924 -0.0016424061080426932 -0.00050717171525758065 -0.002067312012519959 0.0041357412515223898 0.00095143420042543745 0.012642597069107664 0.0058495842752983055 -0.011830333021666925 -0.0027892321994332585 4.4847979889456563e-05 -0.0064108668587068134 0.0058071312405864727 -0.0011839621638557317 0.00028868964436410842 -0.044307776407142077 0.0023684271871756099
leaf_weight=12.999999999999998 10.999999999999998 19 15.999999999999998 14.000000000000002 11.999999999999998 15.999999999999998 12.000000000000002 10.999999999999998 15.000000000000002 10.999999999999998 14.000000000000002 14.999999999999998 11.000000000000002 10.999999999999998 13.000000000000002 96 21 19 33 10.999999999999998 10.999999999999998 13.999999999999998 11.999999999999998 10.999999999999998 103
leaf_count=13 11 19 16 14 12 16 12 11 15 11 14 15 11 11 13 96 21 19 33 11 11 14 12 11 103
internal_value=-0.00129643 -0.00840517 -0.00511411 -0.00829154 -0.0198456 -0.0325605 -0.0285908 0.00589215 -0.00320783 -0.00131178 -0.00348545 -0.0105383 0.00317807 0.0162451 0.00877837 0.0039634 -0.00932394 0 -0.000155599 -0.00200471 0.00263173 0.00243505 0.00177538 -0.0361001 0.0022342
internal_weight=545 274 220 207 54 30 35 271 177 147 101 30 46 35 24 236 32 30 69 44 25 140 129 23 115
internal_count=545 274 220 207 54 30 35 271 177 147 101 30 46 35 24 236 32 30 69 44 25 140 129 23 115
is_linear=0
shrinkage=0.0529975


Tree=73
num_leaves=26
num_cat=0
split_feature=39 29 9 19 29 19 29 19 37 6 29 0 31 37 13 5 19 9 5 25 37 34 19 37 13
split_gain=9.36413 3.32124 7.02152 3.89321 5.96227 2.46354 2.50829 1.9762 1.67755 0.297899 0.376872 0.334553 0.256968 0.177084 0.172675 0.259417 0.138292 0.136959 0.0835374 0.0787387 0.0854764 0.062114 0.0207891 0.0195713 0.00222098
threshold=-0.39234954295270691 1.0939113685825921 0.10876556467993408 -0.71234336683649502 -0.54213609959460229 0.43761099535384468 0.52337296649648568 -0.036067908672949726 2.003599112770122 1.0000000180025095e-35 0.031036353483505329 1.7109701886000281 -0.96321629034271128 0.90901226540446534 -0.16311873427231305 -1.0869381551188761 -0.13695324231613623 -0.19155332817298618 -0.18951331152040399 -0.91482025821547508 -0.49382030334577687 1.1667220113737764 -0.0057397529404137589 0.1771907908247404 -0.80835459406353427
decision_type=2 2 2 2 2 2 2 2 2 2 2 2 2 2 2 2 2 2 2 2 2 2 2 2 2
left_child=1 3 -3 4 -1 6 9 -8 13 11 14 17 -10 19 -11 -16 -12 -5 -14 -2 -21 -9 -19 24 -22
right_child=8 2 -4 5 -6 -7 7 21 12 10 16 -13 18 -15 15 -17 -18 22 -20 20 23 -23 -24 -25 -26
leaf_value=0.0043019567054785792 0.0057794856990679181 0.0049555699840570754 -0.045914867518771586 -0.0002766251461848642 -0.033994789602221888 0.0166806922220178 -0.028985897635642292 -0.0071010191287616915 0.022221443879667631 -0.0030769816796808337 -0.0085793253372136152 -0.0047305478993389348 0.002091943697337794 0.0057701981840773001 -0.0026241289532140822 0.0055954443680172041 -0.0012372883528257897 0.0024231105647657333 0.01076445152264747 -0.0014969367402407833 0 -0.0011257076419900396 0.0071187778373774926 0.0029633137441744976 0.0013253025065338184
leaf_weight=15.999999999999998 14.999999999999998 11.000000000000002 11.999999999999998 13.999999999999998 24 10.999999999999998 11.999999999999998 21 11.999999999999998 20 23 10.999999999999998 11 84 11.999999999999995 21.000000000000004 15.999999999999998 21.999999999999996 12 12.999999999999998 13.999999999999998 12.999999999999998 15.000000000000002 67 43
leaf_count=16 15 11 12 14 24 11 12 21 12 20 23 11 11 84 12 21 16 22 12 13 14 13 15 67 43
internal_value=-0.00126421 -0.00809687 -0.0253511 -0.00593401 -0.0199605 -0.00276468 -0.00432251 -0.014399 0.00564461 -0.000842144 -0.00271554 0.00182934 0.015688 0.00377444 0.000167336 0.00248349 -0.00628873 0.0037156 0.00814796 0.00245018 0.00180974 -0.00550227 0.00521652 0.00226319 0.00112564
internal_weight=545 274 23 251 40 211 200 46 271 154 92 62 35 236 53 33 39 51 23 152 137 34 37 124 57
internal_count=545 274 23 251 40 211 200 46 271 154 92 62 35 236 53 33 39 51 23 152 137 34 37 124 57
is_linear=0
shrinkage=0.0529975


Tree=74
num_leaves=29
num_cat=0
split_feature=39 3 30 29 15 47 29 37 6 29 10 19 30 29 1 4 3 45 37 30 29 47 36 25 37 37 36 30
split_gain=8.63128 3.16225 9.008 7.90911 3.00888 2.84536 1.6702 1.57734 0.927937 0.555133 0.5364 0.444351 0.42588 0.270308 0.256134 0.243388 0.187979 0.330969 0.157932 0.127147 0.161052 0.124333 0.0977992 0.0693521 0.0843708 0.022358 0.00197309 0.000414208
threshold=-0.39234954295270691 0.74002062381803124 -0.72758761312421016 0.74954040166073665 0.93580236748553591 0.59100304412747862 -0.35880181257487692 2.003599112770122 1.2285000658443697 -0.054945875154369203 0.27637882491195886 -0.088046267236164155 0.36035248426005978 0.26696810119628295 -1.1197631366375458 -0.55232827841792032 0.27291232021384998 -0.59517955051737881 0.94675663945155553 -0.24326545948369957 0.60923513714294653 0.59100304412747862 -0.068984832407375477 -0.93356545186414219 -0.49382030334577687 0.1771907908247404 0.88843012756366979 0.40226600080149705
decision_type=2 2 2 2 2 2 2 2 2 2 2 2 2 2 2 2 2 2 2 2 2 2 2 2 2 2 2 2
left_child=1 2 -1 8 6 -5 -3 18 9 16 -8 13 -10 22 -9 -16 17 -4 23 21 -21 -13 -11 -2 -25 26 -26 -20
right_child=7 4 3 5 -6 -7 10 14 12 11 -12 19 -14 -15 15 -17 -18 -19 27 20 -22 -23 -24 24 25 -27 -28 -29
leaf_value=0.030406144139592008 0.0058828180671645783 0.0055967238632334323 0.0060958855294609123 -0.0073861495894248265 -0.036887912562042748 -0.042772822328554623 -0.0033704212426337787 0.021952520521979765 -0.002425581925865429 0.00024372233847664031 -0.020484699535343171 -0.00056245992450173576 -0.015710164772421268 -0.012143726639996391 0.00065874621164389803 0.011721967599155387 0.0084637073199126944 -0.0036594052195301381 0.0059743645568810025 3.1909388536581735e-05 -0.0061147277599525977 0.0055256468008179271 -0.0050842452051200583 -0.0014426454689902039 0.0012870641191153654 0.0029475792232506251 0 0.0017086373410272596
leaf_weight=12.999999999999998 11.999999999999998 11.999999999999998 12 14.000000000000002 12.999999999999998 15.999999999999998 12.000000000000002 10.999999999999998 16.000000000000004 14 14.999999999999998 15.000000000000002 14.999999999999998 12.999999999999998 10.999999999999998 13.000000000000002 10.999999999999998 15 66 33 10.999999999999998 10.999999999999998 13 12.999999999999998 44 76 13.999999999999998 10.999999999999998
leaf_count=13 12 12 12 14 13 16 12 11 16 14 15 15 15 13 11 13 11 15 66 33 11 11 13 13 44 76 14 11
internal_value=-0.00122248 -0.00778266 -0.00471222 -0.00771623 -0.0189281 -0.0304344 -0.00866824 0.00540999 -0.00300788 -0.00103422 -0.0150848 -0.00295676 -0.0105469 -0.00700916 0.0151466 0.0080295 0.00401674 0.00078448 0.00359761 -0.000178862 -0.00191413 0.00234782 -0.00256768 0.00240893 0.00186024 0.00227863 0.00109889 0.00561661
internal_weight=545 274 222 209 52 30 39 271 179 148 27 110 31 40 35 24 38 27 236 70 44 26 27 159 147 134 58 77
internal_count=545 274 222 209 52 30 39 271 179 148 27 110 31 40 35 24 38 27 236 70 44 26 27 159 147 134 58 77
is_linear=0
shrinkage=0.0529975


Tree=75
num_leaves=28
num_cat=0
split_feature=39 29 36 19 29 19 37 19 2 29 39 26 5 29 45 14 37 1 29 19 2 25 37 37 37 36 36
split_gain=7.97355 3.10258 6.74092 3.46659 6.03543 1.80551 1.48242 1.33395 0.739977 0.60604 0.402099 0.322655 0.281985 0.198019 0.228433 0.168519 0.1418 0.141595 0.102399 0.150168 0.0771496 0.0655755 0.0777349 0.0352563 0.0195137 0.00358465 0.000342801
threshold=-0.39234954295270691 1.0939113685825921 -1.2167630007937162 -0.45332057286409322 0.092064071066336753 0.43761099535384468 2.003599112770122 -1.0429653928487965 -0.52569871464058704 0.26696810119628295 -0.80165551899036436 0.81589188954728264 -0.67451514137555568 -0.15716204103522488 -0.8222916492619764 -0.70385008647383096 0.94675663945155553 -0.084495940611269069 -0.060961219973233179 -0.24311319476512336 1.1611396706365944 -0.93356545186414219 -0.49382030334577687 -0.81674439241534058 0.1436402361162151 0.90522688124737238 0.88843012756366979
decision_type=2 2 2 2 2 2 2 2 2 2 2 2 2 2 2 2 2 2 2 2 2 2 2 2 2 2 2
left_child=1 3 -3 4 7 9 16 -1 -6 18 11 17 -8 14 -9 -16 21 -11 -5 -20 23 -2 -23 -21 26 -26 -24
right_child=6 2 -4 5 8 -7 12 13 -10 10 -12 -13 -14 -15 15 -17 -18 -19 19 20 -22 22 24 -25 25 -27 -28
leaf_value=-0.016723539435127343 0.0056749267320147165 -0.044321898399403883 0.0053294188014273531 0.0041376555614288943 -0.012044558723729011 0.015817518705881484 0.020359096481019238 0.0062170988097738659 -0.042484231216899336 -0.00077179977882290427 -0.010710537462031371 0.0025196066811460937 0.0068751234391292871 -0.005061761235039197 -0.005001469104326306 0.0016804208868786937 0.0053528185665991431 -0.0080729711582804321 -0.0036693491096860963 0.0041595777627234333 -0.0012946507064505123 -0.0013903230797770413 0.0011049115079563101 5.7439572893354355e-05 0.0030574704705046917 0.00080255386569874794 0
leaf_weight=11.999999999999998 11.999999999999998 12.000000000000002 10.999999999999998 14.999999999999998 11.000000000000002 10.999999999999998 13.999999999999998 12.999999999999998 11.999999999999998 17 23 19 21 10.999999999999998 10.999999999999991 21.000000000000007 77 15.999999999999998 17 17 11.999999999999998 12.999999999999998 41 13.000000000000002 64 17 11.999999999999998
leaf_count=12 12 12 11 15 11 11 14 13 12 17 23 19 21 11 11 21 77 16 17 17 12 13 41 13 64 17 12
internal_value=-0.00118368 -0.00748925 -0.0241433 -0.00540829 -0.0133178 -0.000549071 0.00519059 -0.00416959 -0.0336684 -0.0023676 -0.00555451 -0.00228193 0.014628 -9.45607e-06 0.00153856 -0.000859477 0.00343432 -0.0051879 0.000949311 -6.0769e-05 0.00153027 0.00230213 0.00176952 0.00288171 0.00217239 0.00275244 0.00097785
internal_weight=545 274 23 251 91 160 271 68 23 149 75 52 35 56 45 32 236 33 74 59 42 159 147 30 134 81 53
internal_count=545 274 23 251 91 160 271 68 23 149 75 52 35 56 45 32 236 33 74 59 42 159 147 30 134 81 53
is_linear=0
shrinkage=0.0529975


Tree=76
num_leaves=26
num_cat=0
split_feature=39 3 30 15 35 0 37 2 24 26 19 45 7 5 3 2 45 10 37 45 7 5 37 31 39
split_gain=7.37129 2.89346 8.26538 2.83392 2.36202 4.74795 1.37995 1.19002 1.06923 0.696404 0.679579 0.561884 0.492882 0.325612 0.29595 0.240148 0.228484 0.315243 0.174177 0.13242 0.0657705 0.0425497 0.0198817 0.01263 0.00068275
threshold=-0.39234954295270691 0.72346954219426107 -0.72758761312421016 0.93580236748553591 0.27585025848075434 0.39222518203379619 2.1084445962342691 -0.64101803352536402 1.7982491327432464 -0.56440320388895016 -0.68361382853397312 -0.48162350114508018 0.79864768722026469 -0.74261475481244321 -0.76244978580644196 0.83804910376585162 -0.36806745177278138 -0.053551922787591452 1.0872495872935086 -1.0494037480065741 1.3351506280696028 -1.2693510750792598 0.34913738370593445 0.049297984793752879 0.31082699340782721
decision_type=2 2 2 2 2 2 2 2 2 2 2 2 2 2 2 2 2 2 2 2 2 2 2 2 2
left_child=1 2 -1 7 9 -6 18 -3 12 11 -9 -4 15 -8 -14 -7 19 -18 20 -11 21 -2 24 -21 -23
right_child=6 3 4 -5 5 8 13 10 -10 16 -12 -13 14 -15 -16 -17 17 -19 -20 23 -22 22 -24 -25 -26
leaf_value=0.029379335740723895 0.0056330208118054274 0.0041193929910503255 -0.012144298551018447 -0.035181387496868721 -0.03920948245084311 -4.8898341692300449e-05 0.021428621629478731 -0.021268865933727326 -0.018002616366148305 -8.7796828968073287e-05 -0.0039988507768831194 0 -0.004126954400642752 0.0062232715590131568 0.004822939496455919 -0.010038424701553058 0.002374498638959156 -0.0056949661835692111 0.005586275849054744 0.0069390181156310142 -0.00079114290422250145 0.0013441314237670531 0.0028998723233234725 0.0016308722814333328 6.3467230937943635e-05
leaf_weight=12.999999999999998 10.999999999999998 11.999999999999998 21 12.999999999999998 10.999999999999998 10.999999999999998 11.000000000000002 10.999999999999998 13.999999999999998 14.999999999999998 18.000000000000004 17 11.000000000000002 17 20 21 21 21 75 13.000000000000002 11.999999999999998 68 63 10.999999999999998 13.999999999999998
leaf_count=13 11 12 21 13 11 11 11 11 14 15 18 17 11 17 20 21 21 21 75 13 12 68 63 11 14
internal_value=-0.00115716 -0.00722011 -0.00423014 -0.0176448 -0.00714135 -0.0134469 0.00497129 -0.00815633 -0.00711541 -0.00200117 -0.013271 -0.00739095 -0.00324048 0.0151283 0.00130421 -0.00733799 0.000782231 -0.00172213 0.00343674 0.00350455 0.00227754 0.00257725 0.00208469 0.00555133 0.00122408
internal_weight=545 274 220 54 207 88 271 41 77 119 29 38 63 28 31 32 81 42 243 39 168 156 145 24 82
internal_count=545 274 220 54 207 88 271 41 77 119 29 38 63 28 31 32 81 42 243 39 168 156 145 24 82
is_linear=0
shrinkage=0.0529975


Tree=77
num_leaves=23
num_cat=0
split_feature=37 29 13 30 29 19 19 37 29 19 19 6 29 0 15 37 31 34 37 13 36 13
split_gain=6.82018 3.20555 6.81172 2.70477 2.22644 3.46175 3.13833 1.38642 0.720567 0.625517 0.28379 0.216333 0.256977 0.203846 0.164046 0.16301 0.0760358 0.0105167 0.0082 0.00288933 0.00190736 0.000147616
threshold=-0.7098019992819159 1.0939113685825921 1.0780983395245405 -0.41432049956592126 0.55429414669926913 -0.079993913381877391 -1.084056395528697 2.003599112770122 -0.50026514361871988 -0.71234336683649502 0.56461929902412689 -0.14593159087710691 -0.17292469673266564 1.7109701886000281 0.45625915962691704 0.47495196386290883 0.97117537728143455 1.221743013828305 -0.18557458196119755 -0.80835459406353427 0.77085285177775187 0.43778794431187779
decision_type=2 2 2 2 2 2 2 2 2 2 2 2 2 2 2 2 2 2 2 2 2 2
left_child=1 3 -3 -1 6 -6 -5 15 -8 -10 14 13 -13 -11 -9 18 -7 -17 20 -20 21 -2
right_child=7 2 -4 4 5 16 8 10 9 11 -12 12 -14 -15 -16 17 -18 -19 19 -21 -22 -23
leaf_value=0.011989237239027608 0.00080250286662047565 0.0049625357699125483 -0.045695811784577135 -0.025555975938315285 -0.036552070121443771 -0.0076659863034887685 0.0077209406842454467 0.010182928773375051 -0.011543820379685866 0.0029208509552073256 0.020205112356049982 0.0014446662570257239 -0.004655914684992199 -0.0037849119446663696 0.00089619651748047702 0.0044846608738923575 -0.0014633392395063804 0.0011599950352158505 0.00037435160584712733 0.0019831398717969229 0 0
leaf_weight=18 24 11.000000000000002 10.999999999999998 10.999999999999998 10.999999999999998 14.999999999999998 14.999999999999998 12.000000000000002 13.999999999999998 42 10.999999999999998 21.999999999999993 60.000000000000007 10.999999999999998 11.999999999999998 109 17 13.999999999999998 19 61 12.999999999999998 11.999999999999998
leaf_count=18 24 11 11 11 11 15 15 12 14 42 11 22 60 11 12 109 17 14 19 61 13 12
internal_value=-0.00112777 -0.00730504 -0.0244794 -0.00510828 -0.00683434 -0.0169366 -0.00383461 0.00443733 -0.00148654 -0.00272137 0.0135809 -0.00130488 -0.00295289 0.00116746 0.00687979 0.00285418 -0.00530562 0.0042319 0.00135918 0.00173502 0.000496296 0.000670909
internal_weight=545 258 22 236 218 43 175 287 164 149 35 135 82 53 24 252 32 123 129 80 49 36
internal_count=545 258 22 236 218 43 175 287 164 149 35 135 82 53 24 252 32 123 129 80 49 36
is_linear=0
shrinkage=0.0529975


Tree=78
num_leaves=26
num_cat=0
split_feature=37 29 13 27 29 27 29 27 37 2 29 5 29 39 26 37 45 1 2 8 37 13 13 8 27
split_gain=6.32249 2.98695 6.35649 2.58667 5.54485 1.43214 1.31341 2.35895 1.30962 0.894133 0.463299 0.327545 0.309109 0.285897 0.232264 0.186307 0.163476 0.151221 0.137906 0.045429 0.0368345 0.00753256 0.00379603 0.00484015 0.00361101
threshold=-0.7098019992819159 1.0939113685825921 1.0780983395245405 -0.32580081582472792 0.13350758775729649 0.43761099535383424 -0.5832868142001647 -0.8338228365987318 2.1084445962342691 -0.52569871464058704 0.26696810119628295 -0.74261475481244321 -0.15716204103522488 -0.80165551899036436 0.81589188954728264 1.0872495872935086 -0.14095535302818379 0.0070101247800723595 -0.12461888762486274 -0.88149827992429675 0.1436402361162151 -0.82313098779921112 -0.80835459406353427 0.62998325045560355 -0.25871620324605821
decision_type=2 2 2 2 2 2 2 2 2 2 2 2 2 2 2 2 2 2 2 2 2 2 2 2 2
left_child=1 3 -3 4 6 10 -1 -8 15 -6 17 -10 16 14 18 20 -9 -5 -12 -19 22 -22 -2 -24 -17
right_child=8 2 -4 5 9 -7 7 12 11 -11 13 -13 -14 -15 -16 24 -18 19 -20 -21 21 -23 23 -25 -26
leaf_value=0.0098989287821882755 0 0.0047923228619398189 -0.044128456269016916 0.0050338311138708571 -0.01008786245135353 0.014700699110563443 -0.022864945031928065 0.0045665628192958097 0.020303929528760378 -0.037747720653513159 0 0.0056165311381857754 -0.0054007409380822822 -0.0086140105548349645 0.0024966262748319181 0.0015339314085621124 -0.0013423114022234539 0.001257045425650851 -0.0069094997675384646 -0.0025243617621253079 0.0006538606250267062 0.0028166365205599345 0.0011562383225869706 0 0.0054522398984354868
leaf_weight=11.999999999999998 17 11.000000000000002 10.999999999999998 21 12.000000000000002 10.999999999999998 11.999999999999998 20.999999999999996 11.000000000000002 13.999999999999998 15.999999999999998 17 20 22 19 11.999999999999998 19.000000000000004 11.000000000000002 15.000000000000002 10.999999999999998 19 78 56 13.999999999999998 63
leaf_count=12 17 11 11 21 12 11 12 21 11 14 16 17 20 22 19 12 19 11 15 11 19 78 56 14 63
internal_value=-0.00110276 -0.00705056 -0.0236312 -0.00492879 -0.0106413 0.00026223 -0.00315583 -0.00601494 0.00425507 -0.029483 -0.00172122 0.0141556 -0.0007678 -0.00422585 -0.00145465 0.00286229 0.00179891 0.00233396 -0.00407733 -0.000519894 0.00179339 0.00252355 0.000793981 0.000954841 0.00507152
internal_weight=545 258 22 236 110 126 84 72 287 26 115 28 60 72 50 259 40 43 31 22 184 97 87 70 75
internal_count=545 258 22 236 110 126 84 72 287 26 115 28 60 72 50 259 40 43 31 22 184 97 87 70 75
is_linear=0
shrinkage=0.0529975


Tree=79
num_leaves=25
num_cat=0
split_feature=37 29 13 19 30 29 19 37 29 26 39 19 12 47 4 37 9 29 29 37 13 13 8 19
split_gain=5.84949 2.78655 5.93181 2.43968 1.96839 2.92737 4.36848 1.22649 0.51391 0.432123 0.516492 0.29473 0.276018 0.266366 0.22862 0.168553 0.126302 0.0375536 0.034782 0.032985 0.00603683 0.00341306 0.0043605 0.00124514
threshold=-0.7098019992819159 1.0939113685825921 1.0780983395245405 -1.084056395528697 -0.41432049956592126 0.35860536846391994 -0.31962396469036186 2.1084445962342691 -0.50026514361871988 -0.68156680265806024 -0.69848839585506151 0.056972887554589562 -1.2436009370254377 -0.24515918596310252 -0.21696390119166031 1.0872495872935086 0.043518741696623071 0.6273942987389155 0.061826384744403794 0.1436402361162151 -0.82313098779921112 -0.80835459406353427 0.62998325045560355 -0.25871620324604777
decision_type=2 2 2 2 2 2 2 2 2 2 2 2 2 2 2 2 2 2 2 2 2 2 2 2
left_child=1 3 -3 -1 -5 8 -7 15 -6 18 16 -9 -8 -12 -14 19 -11 -16 -10 21 -21 -2 -23 -17
right_child=7 2 -4 4 5 6 12 11 9 10 13 -13 14 -15 17 23 -18 -19 -20 20 -22 22 -24 -25
leaf_value=-0.024257395060768995 0 0.0046279471007925456 -0.042614862186045488 0.011302975582277119 0.0073067654619281639 -0.035540500559158701 0.0013717248081774156 0.0044716473599358915 -0.0028538657005563821 0 0.00038620665594046925 0.018400311914537098 0 -0.0066422613742231603 -0.0030854304700984269 0.0014797242742688741 0.0056581904000072925 -0.011042171506504894 -0.0089672395889947489 0.00062752057720491441 0.0026780183718768595 0.0011008874818161957 0 0.0051883975806466982
leaf_weight=10.999999999999998 17 11.000000000000002 10.999999999999998 18 14.999999999999998 12.999999999999998 11.999999999999998 14.000000000000002 19.000000000000004 17 24.999999999999996 13.999999999999998 10.999999999999995 25.000000000000004 12.000000000000005 11.999999999999998 31 14.999999999999998 11.999999999999998 19 78 56 13.999999999999998 63
leaf_count=11 17 11 11 18 15 13 12 14 19 17 25 14 11 25 12 12 31 15 12 19 78 56 14 63
internal_value=-0.00107486 -0.00679607 -0.0228121 -0.00474593 -0.00315686 -0.00472984 -0.0137092 0.00407824 -0.000363795 -0.0015924 0.000170642 0.0136586 -0.00471032 -0.00333826 -0.0067149 0.00273055 0.00391992 -0.00892089 -0.00647898 0.00171058 0.00240411 0.000757081 0.000909686 0.00483472
internal_weight=545 258 22 236 225 207 63 287 144 129 98 28 50 50 38 259 48 27 31 184 97 87 70 75
internal_count=545 258 22 236 225 207 63 287 144 129 98 28 50 50 38 259 48 27 31 184 97 87 70 75
is_linear=0
shrinkage=0.0529975


Tree=80
num_leaves=27
num_cat=0
split_feature=37 29 13 19 29 19 29 19 37 29 5 29 19 7 19 37 29 39 12 23 29 23 37 13 13 8
split_gain=5.42234 2.59503 5.53562 2.28193 4.84801 1.45384 1.3662 1.70618 1.14405 0.629325 0.335022 0.212529 0.35195 0.190248 0.160092 0.152462 0.115275 0.110831 0.145516 0.0988874 0.0866314 0.0569642 0.0295187 0.00472876 0.00306716 0.00392696
threshold=-0.7098019992819159 1.0939113685825921 1.0780983395245405 -0.50025667382205452 0.092064071066336753 0.43761099535384468 -0.5832868142001647 -0.83382283659871825 2.1084445962342691 0.58687950133281286 -0.74261475481244321 -0.060961219973233179 -0.13695324231613623 1.2431880987993218 -0.58317633917525924 1.0872495872935086 0.24627008227285696 -0.63927416386584646 -1.0000000180025095e-35 -0.53441266121228292 -0.30060901107959576 0.033841141203827058 0.1436402361162151 -0.82313098779921112 -0.80835459406353427 0.62998325045560355
decision_type=2 2 2 2 2 2 2 2 2 2 2 2 2 2 2 2 2 2 2 2 2 2 2 2 2 2
left_child=1 3 -3 4 6 9 -1 -8 15 11 -10 -5 16 19 20 22 21 18 -14 -11 -9 -13 24 -24 -2 -26
right_child=8 2 -4 5 -6 -7 7 14 10 13 -12 12 17 -15 -16 -17 -18 -19 -20 -21 -22 -23 23 -25 25 -27
leaf_value=0.0096627140779216875 0 0.004469209817954501 -0.041153183560027104 0.0042771232973504826 -0.031836106322579237 0.013979098245471258 -0.021194874645160622 -0.00082306375302877949 0.019193543472050018 -0.0027769586015844367 0.0049644947443886599 0.00032219638376218324 0.004673339116423412 -0.0006536459207382078 -0.0044617201842945048 0.00460922751162936 -0.0084691676538077455 -0.0021098951514752274 -0.0013832799919731456 -0.012495046417774571 0.0042454281571112657 -0.0035697671373808256 0.00060224160728800146 0.0025462222073746399 0.0010481863619870525 0
leaf_weight=11.999999999999998 17 11.000000000000002 10.999999999999998 18 18 10.999999999999998 10.999999999999998 13.999999999999995 11.000000000000002 11 17 13.000000000000002 27.999999999999996 10.999999999999998 14.000000000000002 75 10.999999999999998 10.999999999999998 11.000000000000002 15 11.000000000000002 15.999999999999998 19 78 56 13.999999999999998
leaf_count=12 17 11 11 18 18 11 11 14 11 11 17 13 28 11 14 75 11 11 11 15 11 16 19 78 56 14
internal_value=-0.00105414 -0.00656266 -0.0220211 -0.00458281 -0.0115214 -0.000686681 -0.00323344 -0.00715655 0.0039069 -0.00235647 0.0131594 -0.000124618 -0.00128991 -0.0077827 -0.000744941 0.00260513 -0.00470356 0.00152753 0.00285315 -0.0098928 0.0015716 -0.00186924 0.0016318 0.00229049 0.000721947 0.000866694
internal_weight=545 258 22 236 80 156 62 50 287 145 28 108 90 37 39 259 40 50 39 26 25 29 184 97 87 70
internal_count=545 258 22 236 80 156 62 50 287 145 28 108 90 37 39 259 40 50 39 26 25 29 184 97 87 70
is_linear=0
shrinkage=0.0529975


Tree=81
num_leaves=27
num_cat=0
split_feature=37 3 30 29 15 47 29 37 10 30 3 29 5 29 30 7 13 32 9 37 37 30 13 8 9 13
split_gain=5.01683 2.4536 7.44266 5.86451 2.86542 2.71264 1.25421 1.07221 0.970143 0.932747 0.619129 0.491472 0.313408 0.303726 0.473006 0.28089 0.196596 0.194952 0.140955 0.137503 0.0172521 0.0154555 0.00275482 0.00353517 0.000467255 0.00031835
threshold=-0.7098019992819159 0.74002062381803124 -0.72758761312421016 0.74954040166073665 0.93580236748553591 0.59100304412747862 -0.35880181257487692 2.1084445962342691 1.1932390427821107 0.52738096071083229 0.25452222952077169 -0.008912818970167935 -0.74261475481244321 0.26696810119628295 -0.17828588221193531 0.84691737639410036 -0.16311873427231305 -0.12928688555653919 0.059286165449938082 0.87755862036522103 0.1436402361162151 0.51871690791773173 -0.80835459406353427 0.62998325045560355 0.52476271656541329 -0.9708949251559793
decision_type=2 2 2 2 2 2 2 2 2 2 2 2 2 2 2 2 2 2 2 2 2 2 2 2 2 2
left_child=1 2 -1 8 6 -5 -3 19 10 -8 13 -12 -9 16 -15 -16 17 -4 -18 20 22 -21 -2 24 -24 -22
right_child=7 4 3 5 -6 -7 9 12 -10 -11 11 -13 -14 14 15 -17 18 -19 -20 21 25 -23 23 -25 -26 -27
leaf_value=0.029245645323817387 0 0.0059836834171420163 -0.0061896711733685945 -0.0046838355533057804 -0.034093050679479146 -0.037584498564869201 -0.001151147091066943 0.018535209406786712 -0.01102619491255781 -0.019880589256788577 0.01247646239803612 0 0.0047699948007961712 0.001587739713379653 -0.01097649902154188 -0.00041084680251497491 0 0.00080249518874138252 0.0064884077701588255 0.0044291047980628802 0.00032555949934964595 0.00092030825932852848 0.0011462510592820416 0 0 0.0021829300534856539
leaf_weight=11.999999999999998 17 10.999999999999998 11.999999999999998 14.000000000000002 11.999999999999998 15.999999999999998 15.000000000000002 11.000000000000002 22 12.999999999999998 11.000000000000002 17 17 18 22 11.999999999999998 15.000000000000002 23 12.999999999999998 81 11.999999999999998 12.999999999999998 42 13.999999999999998 13.999999999999998 66
leaf_count=12 17 11 12 14 12 16 15 11 22 13 11 17 17 18 22 12 15 23 13 81 12 13 42 14 14 66
internal_value=-0.00102921 -0.00632796 -0.00348789 -0.00634942 -0.016153 -0.0257628 -0.00667006 0.0037423 -0.00199921 -0.0120252 -0.000175698 0.00610067 0.0126987 -0.00198819 -0.0047692 -0.00804275 0.000421004 -0.00197914 0.00344654 0.00248225 0.0014095 0.00409798 0.000688496 0.000825759 0.000998008 0.00202398
internal_weight=545 258 207 195 51 30 39 287 165 28 143 28 28 115 52 34 63 35 28 259 165 94 87 70 56 78
internal_count=545 258 207 195 51 30 39 287 165 28 143 28 28 115 52 34 63 35 28 259 165 94 87 70 56 78
is_linear=0
shrinkage=0.0529975


Tree=82
num_leaves=27
num_cat=0
split_feature=39 3 30 29 47 15 29 25 30 10 29 19 37 39 30 3 14 39 25 39 37 45 30 31 36 45
split_gain=4.63585 2.27264 6.81955 5.49214 2.50082 2.37882 1.20533 1.0238 0.83049 0.642533 0.44485 0.49178 0.263937 0.20552 0.198006 0.14373 0.113022 0.105893 0.102318 0.0800584 0.0598183 0.045485 0.0439834 0.0213057 0.00883212 0.000426474
threshold=-0.39234954295270691 0.74002062381803124 -0.72758761312421016 0.74954040166073665 0.59100304412747862 0.93580236748553591 -0.35880181257487692 -1.2633808432044347 0.52738096071083229 1.1932390427821107 0.25849815300452755 -0.13695324231613623 1.3346849282688862 -0.75065069125639916 0.36035248426005978 -0.52153959772711989 -0.70385008647383096 -0.5612317575249578 -0.80856147868421624 -0.80460331585396416 0.022019475297808743 1.4488293381839996 0.33373754511821713 1.0789486278708835 1.3475413949182056 -0.48162350114508018
decision_type=2 2 2 2 2 2 2 2 2 2 2 2 2 2 2 2 2 2 2 2 2 2 2 2 2 2
left_child=1 2 -1 9 -5 6 -3 -2 -8 10 13 -12 20 22 -11 -13 -15 -18 -14 -17 23 -20 -4 25 -22 -9
right_child=7 5 3 4 -6 -7 8 12 -10 14 11 15 18 16 -16 19 17 -19 21 -21 24 -23 -24 -25 -26 -27
leaf_value=0.02728129364203043 0.014483300613991699 0.0054984270641775974 0.0014544893822186402 -0.0045100422584349207 -0.036135618418939482 -0.031039173729852012 -0.0010664748481729611 0 -0.019159553777904424 -0.0024963365979690107 -0.011668781427753157 -0.0037679946457528694 0.00043159753008829377 -0.0037864189873315652 -0.013064668056127555 0.0033346707573659426 -0.00073012775612698948 0.0037528302573408864 0.0069285785597332644 -0.0013765953347695543 0.0022642909952738047 0.001257720920531311 0.0066019350717908412 -0.0016095050242963709 2.615206251679681e-05 0.00067807703611330432
leaf_weight=12.999999999999998 18 11.999999999999998 17 14.000000000000002 15.999999999999998 12.999999999999998 14.000000000000002 10.999999999999998 12.999999999999998 15.000000000000002 10.999999999999998 21 13.999999999999998 11.999999999999998 10.999999999999998 17 29.999999999999996 18.000000000000004 50 11.000000000000002 113 10.999999999999998 15.999999999999998 10.999999999999998 11.999999999999998 31
leaf_count=13 18 12 17 14 16 13 14 11 13 15 11 21 14 12 11 17 30 18 50 11 113 11 16 11 12 31
internal_value=-0.000992875 -0.00580227 -0.00322232 -0.00586013 -0.0247809 -0.0152243 -0.00636354 0.00386489 -0.0118884 -0.00195085 -0.000455759 -0.00384485 0.00276462 0.00176064 -0.00879634 -0.000880677 -6.62077e-05 0.0010517 0.00533298 0.00136202 0.00150596 0.00621432 0.00476073 0 0.00211378 0.000573982
internal_weight=545 274 222 209 30 52 39 271 27 179 153 60 253 93 26 49 60 48 75 28 178 61 33 53 125 42
internal_count=545 274 222 209 30 52 39 271 27 179 153 60 253 93 26 49 60 48 75 28 178 61 33 53 125 42
is_linear=0
shrinkage=0.0529975


Tree=83
num_leaves=29
num_cat=0
split_feature=29 19 13 19 19 37 29 19 21 15 44 12 19 34 21 13 37 5 13 13 6 6 39 13 29 37 12 37
split_gain=4.32217 7.00921 3.93613 4.2874 2.4475 1.3478 0.387292 0.89523 0.383039 0.383781 0.246514 0.201786 0.12416 0.120735 0.195349 0.139171 0.12637 0.0806313 0.0713891 0.0679079 0.0788161 0.0645501 0.107029 0.0319531 0.0194358 0.0168629 0.00673829 0.000670684
threshold=0.52337296649648568 -0.14661678075790294 1.1372039144672474 0.85158199478838448 -1.084056395528697 1.8777845326131508 0.031036353483505329 -0.079993913381877391 -1.1197631366375465 0.45625915962691704 -0.27848972336365163 -0.31940383940353895 0.2948654323460424 -1.0254979019753936 -1.3372531128324454 -0.9708949251559793 -0.57350287077852791 -1.1467356927858219 0.50674444841170307 -0.094162230172487885 0.22152609508892479 -0.086859458712498852 -0.80165551899036436 -0.45864660898584947 0.18888648312768833 -0.75383710233685208 -0.98632518450781059 0.27574554528103529
decision_type=2 2 2 2 2 2 2 2 2 2 2 2 2 2 2 2 2 2 2 2 2 2 2 2 2 2 2 2
left_child=4 -2 3 10 -1 6 13 11 -7 -10 -3 -8 -12 14 -6 16 -15 -17 -13 20 -19 22 -9 -24 -23 -21 -25 -18
right_child=1 2 -4 -5 5 8 7 21 9 -11 12 18 -14 15 -16 17 27 19 -20 25 -22 24 23 26 -26 -27 -28 -29
leaf_value=-0.016133441823164837 -0.042297823850829336 0.00072876837799426683 -0.020755233627821782 0.025520380610497398 0 0.017611835239207216 -0.00039050445583267289 0.0065383661235370568 0.0089141084298162681 -0.0017571862666651242 -0.0093854534166864963 -0.011737162406098003 -0.0012071987443215255 -0.0046862996893416329 0.0081404242905132717 -0.00066725533729075496 0 0.002481014948943512 -0.0037718449128039911 0.0055713859757653616 -0.00033498578720994772 0.0008727048501541093 -0.0006566830379659079 0.00031406200181224912 -0.0015206124846497077 0.0025224954009390689 0.0026010012548424743 0.00086693191524304068
leaf_weight=15.999999999999998 10.999999999999998 12.999999999999995 21 11.999999999999998 12.000000000000002 10.999999999999998 12.999999999999998 10.999999999999998 19.000000000000004 10.999999999999998 18.000000000000007 14.999999999999998 11.999999999999998 10.999999999999998 15.999999999999998 19 15.999999999999998 61 18 20 39 12.000000000000002 11.999999999999998 15.999999999999995 11.999999999999998 59 18.000000000000004 21
leaf_count=16 11 13 21 12 12 11 13 11 19 11 18 15 12 11 16 19 16 61 18 20 39 12 12 16 12 59 18 21
internal_value=-0.000971887 -0.0113987 -0.00407506 0.00359352 0.00111541 0.00196298 0.000933989 -0.00140901 0.0104751 0.00516635 -0.00475746 -0.00689156 -0.00705423 0.00205184 0.00517072 0.00155454 -0.000824758 0.00217286 -0.00881962 0.00252394 0.00136006 0.00188466 0.00278775 0.00110594 -0.000155864 0.00371514 0.00190786 0.000654279
internal_weight=545 87 76 55 458 442 401 127 41 30 43 46 30 274 28 246 48 198 33 179 100 81 57 46 24 79 34 37
internal_count=545 87 76 55 458 442 401 127 41 30 43 46 30 274 28 246 48 198 33 179 100 81 57 46 24 79 34 37
is_linear=0
shrinkage=0.0529975


Tree=84
num_leaves=29
num_cat=0
split_feature=29 19 3 30 19 37 29 1 15 29 19 12 29 34 1 13 37 5 13 13 39 9 29 10 39 37 7 37
split_gain=3.99251 6.55807 3.76664 4.82967 2.26123 1.25239 1.04587 0.361241 0.355321 0.355162 0.831447 0.185616 0.156361 0.11218 0.181025 0.127431 0.117986 0.0741275 0.0666819 0.0624008 0.0692939 0.0623637 0.0627607 0.0621673 0.132727 0.0157773 0.0140403 0.000529152
threshold=0.52337296649648568 -0.14661678075790294 0.74002062381803124 -0.66021637375627751 -1.084056395528697 1.8777845326131508 0.96361458521015575 -1.1197631366375458 0.45625915962691704 0.031036353483505329 -0.079993913381877391 -0.31940383940353895 0.67528232375896413 -1.0254979019753936 -1.337253112832445 -0.9708949251559793 -0.57350287077852791 -1.1467356927858219 0.37868236936917049 -0.094162230172487885 -0.5612317575249578 -0.14591056851891923 0.29136380271561407 0.12567724113036263 -0.68960891435760863 -0.75383710233685208 1.0761763411799421 0.27574554528103529
decision_type=2 2 2 2 2 2 2 2 2 2 2 2 2 2 2 2 2 2 2 2 2 2 2 2 2 2 2 2
left_child=4 -2 3 -3 -1 9 12 -7 -9 13 11 -11 -5 14 -6 16 -15 -17 -13 20 -19 22 -12 24 -23 -21 -26 -18
right_child=1 2 -4 6 5 7 -8 8 -10 10 21 18 -14 15 -16 17 27 19 -20 25 -22 23 -24 -25 26 -27 -28 -29
leaf_value=-0.015511499115476265 -0.040847018820024873 0.020778861535587761 -0.0261391844313093 -0.0040135869518688541 0 0.017007753105709594 -0.017118704365926392 0.0085550134935568952 -0.0016969151188881159 -0.00037634158068908078 0.0015577819116746536 -0.011904704129183494 0.0022728013205959223 -0.0045255608230357573 0.0078266114615013534 -0.00064037571329173025 0 -0.0014843680637713107 -0.0040664036476931705 0.0053442241226395251 0.0018859389217280632 0.0076411806411652928 -0.0025528512108270139 0 0.0018361616043608162 0.0024011430125629378 -7.7413902104897942e-05 0.00083119196734191382
leaf_weight=15.999999999999998 10.999999999999998 19 10.999999999999998 18 12.000000000000002 10.999999999999998 13.999999999999998 19.000000000000004 10.999999999999998 12.999999999999998 21 11.999999999999998 13.999999999999998 10.999999999999998 15.999999999999998 19 15.999999999999998 13.999999999999998 21 20 86 10.999999999999998 10.999999999999998 14.999999999999998 11.000000000000002 59 11.999999999999998 21
leaf_count=16 11 19 11 18 12 11 14 19 11 13 21 12 14 11 16 19 16 14 21 20 86 11 11 15 11 59 12 21
internal_value=-0.000939052 -0.0109605 -0.00387885 0.00167946 0.00106658 0.00188187 -0.00756161 0.0100874 0.00494545 0.000889476 -0.00135286 -0.00663774 -0.00115482 0.00196047 0.00496768 0.0014804 -0.000792031 0.00207262 -0.00848809 0.00240977 0.00129092 0.0018188 0 0.00290135 0.00399255 0.00355287 0.00078735 0.000631839
internal_weight=545 87 76 65 458 442 46 41 30 401 127 46 32 274 28 246 48 198 33 179 100 81 32 49 34 79 23 37
internal_count=545 87 76 65 458 442 46 41 30 401 127 46 32 274 28 246 48 198 33 179 100 81 32 49 34 79 23 37
is_linear=0
shrinkage=0.0529975


Tree=85
num_leaves=28
num_cat=0
split_feature=39 29 9 19 29 30 29 19 35 37 6 0 29 13 5 25 9 30 37 5 7 7 33 7 36 8 18
split_gain=3.74796 2.2043 5.20335 2.30814 3.73004 1.3053 1.12504 1.07259 0.980671 0.214623 0.20472 0.200356 0.200032 0.142977 0.156584 0.135461 0.103588 0.0832395 0.0547311 0.0531549 0.0131769 0.00560962 0.00549174 0.0614759 0.00387649 0.00258648 0.000615739
threshold=-0.39234954295270691 1.0939113685825921 0.10876556467993408 -0.71234336683649502 -0.54213609959460229 -0.52627917423371862 0.57049017291794757 -0.036067908672949726 -1.2356161011941302 1.3346849282688862 1.0000000180025095e-35 1.7442906844830357 0.20235630727881282 -0.16311873427231305 -1.1467356927858219 -0.80856147868421624 -0.19155332817298618 -0.045495215432908812 0.022019475297808743 -0.11627862260274134 1.1281006230724573 0.6772551411254385 -0.72868102005181745 -0.25942146564547869 1.3475413949182056 0.098819192396764219 -0.57432472467558682
decision_type=2 2 2 2 2 2 2 2 2 2 2 2 2 2 2 2 2 2 2 2 2 2 2 2 2 2 2
left_child=1 3 -3 4 -1 -5 10 -8 -2 18 11 16 13 19 -15 -11 -7 -9 20 -12 25 -18 -17 -24 -20 26 -10
right_child=8 2 -4 5 -6 6 7 17 9 15 12 -13 -14 14 -16 22 21 -19 24 -21 -22 -23 23 -25 -26 -27 -28
leaf_value=0.0044975734009880513 0.013363330206849839 0.0060314760836611709 -0.037054222471267252 0.012993671767662111 -0.025452255986490556 -0.00017210601635016918 -0.020219489002388225 -0.0044635709551393557 0.00013673901626339689 -0.00010116090063296907 0 -0.0030465517984327615 -0.0055340299341751723 -0.0026112420988281104 0.0032681230790807788 0.0082349920200658015 0.0018309060497923384 0.00027243345211985499 0.0019239461521832692 -0.0048904581423846469 -0.0013657082175219501 0.0056099251824871825 0.00011303801705278538 0.0049591519095506893 7.3411707726392836e-05 0.00067713987806174397 -0.00027260169956841803
leaf_weight=15.999999999999998 20 11.000000000000002 11.999999999999998 10.999999999999998 24 12.999999999999998 10.999999999999998 20 10.999999999999998 10.999999999999998 12.000000000000002 10.999999999999998 21 11.999999999999998 35 12.999999999999998 17 11.999999999999998 113 11.999999999999998 11.999999999999998 24 12.999999999999998 35 11.999999999999998 18 13.000000000000002
leaf_count=16 20 11 12 11 24 13 11 20 11 11 12 11 21 12 35 13 17 12 113 12 12 24 13 35 12 18 13
internal_value=-0.000920406 -0.00524547 -0.0192212 -0.00351905 -0.0142959 -0.00110526 -0.00227028 -0.00928216 0.00344621 0.00233546 -3.61447e-05 0.00208951 -0.0016452 -6.28589e-05 0.00150961 0.00470734 0.00345208 -0.00274103 0.001222 -0.00306131 -6.99816e-05 0.00462517 0.00561014 0.00393432 0.00181111 0.000279074 0
internal_weight=545 274 23 251 40 211 200 43 271 251 157 65 92 71 47 72 54 32 179 24 54 41 61 48 125 42 24
internal_count=545 274 23 251 40 211 200 43 271 251 157 65 92 71 47 72 54 32 179 24 54 41 61 48 125 42 24
is_linear=0
shrinkage=0.0529975


Tree=86
num_leaves=27
num_cat=0
split_feature=29 19 3 30 19 37 29 29 19 19 12 29 15 11 30 6 13 5 12 39 6 37 13 11 13 12
split_gain=3.48741 5.94703 3.53411 4.30692 1.99684 1.1041 0.888585 0.335866 0.724367 0.303011 0.158071 0.145006 0.11301 0.0966606 0.185657 0.0856056 0.0776585 0.0703528 0.0605895 0.089817 0.0567016 0.0552939 0.055153 0.0337018 0.0263115 0.00465741
threshold=0.52337296649648568 -0.14661678075790294 0.74002062381803124 -0.66021637375627751 -1.084056395528697 2.003599112770122 0.96361458521015575 0.031036353483505329 -0.088046267236164155 0.56461929902412689 -0.31940383940353895 0.67528232375896413 0.56408367054340169 -0.86730674751474546 1.0909449037682633 1.3590427524952104 -0.10401315932960577 1.1426851389692751 0.14266095426046657 -0.80165551899036436 0.22152609508892479 -0.75383710233685208 0.50674444841170307 0.38654285709781305 -0.45864660898584947 -0.98632518450781059
decision_type=2 2 2 2 2 2 2 2 2 2 2 2 2 2 2 2 2 2 2 2 2 2 2 2 2 2
left_child=4 -2 3 -3 -1 7 11 13 10 12 -9 -5 -7 17 15 16 20 -6 19 -10 -15 -18 -12 -17 -21 -26
right_child=1 2 -4 6 5 9 -8 8 18 -11 22 -13 -14 14 -16 23 21 -19 -20 24 -22 -23 -24 -25 25 -27
leaf_value=-0.014595828861396992 -0.038713117820997192 0.019859509345279875 -0.025097846675308816 -0.0037681633922243933 -0.0033191064786416073 0.0069383784549065354 -0.015711868754402412 -0.00043485960399016344 0.0056289743540607288 0.016238624097611756 -0.010616628329645135 0.0022823110174354615 0 0.0018732400268751254 0.0076666003933558756 0.00053362285858999129 0.0053461772166038101 0.0010581797641031039 -0.00053571353525035234 -0.00067532581495729886 -0.00035159908849258665 0.0019813822557503448 -0.0033056176528094543 -0.0025153691329830204 0.00020191369850863956 0.0021371910742448556
leaf_weight=15.999999999999998 10.999999999999998 19 10.999999999999998 18 11.000000000000002 11.000000000000002 13.999999999999998 12.999999999999998 12.999999999999998 10.999999999999998 14.999999999999998 13.999999999999998 10.999999999999998 78 11.999999999999998 15.000000000000002 27 18 20 11.999999999999998 42 68 17 10.999999999999998 15.999999999999995 21.000000000000004
leaf_count=16 11 19 11 18 11 11 14 13 13 11 15 14 11 78 12 15 27 18 20 12 42 68 17 11 16 21
internal_value=-0.000893068 -0.0102594 -0.00352603 0.00183765 0.000980673 0.00174794 -0.00690366 0.000902879 -0.00128715 0.0102931 -0.00629767 -0.000994823 0.00422947 0.00191968 0.0022544 0.00177706 0.00212888 -0.000686805 0.00162493 0.00241041 0.00105944 0.00326749 -0.0080511 -0.000767693 0.000908867 0.00160763
internal_weight=545 87 76 65 458 442 46 409 127 33 45 32 22 282 253 241 215 29 82 62 120 95 32 26 49 37
internal_count=545 87 76 65 458 442 46 409 127 33 45 32 22 282 253 241 215 29 82 62 120 95 32 26 49 37
is_linear=0
shrinkage=0.0529975


Tree=87
num_leaves=24
num_cat=0
split_feature=39 29 38 29 30 19 25 29 19 37 23 1 4 39 9 0 25 37 45 31 11 14 13
split_gain=3.26663 2.21178 3.36287 2.50784 3.26047 1.89121 0.853742 0.530581 0.920339 0.194628 0.186285 0.154558 0.118183 0.145279 0.100648 0.0969444 0.0832622 0.0448737 0.0299369 0.014935 0.00205465 0.000428509 1.33356e-05
threshold=-0.39234954295270691 1.3382556559007897 -0.2659583636342075 0.74954040166073665 0.23966141775408889 -1.084056395528697 -1.2633808432044347 0.26696810119628295 -0.13695324231613623 1.204676528773347 -0.52153959772712855 -1.0466141943440603 -0.52225136979079723 -0.75065069125639916 0.61916849406195451 -0.70637258886160159 -0.80856147868421624 0.022019475297808743 1.4488293381839996 1.0789486278708835 0.098819192396764219 0.75341185600387817 -1.0792551458842758
decision_type=2 2 2 2 2 2 2 2 2 2 2 2 2 2 2 2 2 2 2 2 2 2 2
left_child=1 2 -1 5 -5 -4 -2 11 -9 17 -10 -7 15 -14 -12 -13 -11 19 -18 20 21 -8 -19
right_child=6 -3 3 4 -6 7 9 8 10 16 14 12 13 -15 -16 -17 18 22 -20 -21 -22 -23 -24
leaf_value=0.019420508845832945 0.012878621857833302 -0.022065070088870181 -0.01994728221759743 0 -0.034778682555850829 0.004532991957774026 -0.00023531889110928094 -0.013133435646506597 -0.0041034641702585358 0.00030907439357398412 -0.00041224985928962741 -0.00011490364494976802 0.0037093802947622267 -0.00057282429862352347 0.0047710265309304023 -0.0055607233054883074 0.0056352092357793773 0.00021163974222547941 0.0011628416727935314 -0.001524567945335125 0.00061064885750939225 0.00010725334480776742 0.0017021549558090974
leaf_weight=10.999999999999998 18 13.999999999999998 10.999999999999998 14.000000000000002 10.999999999999998 15.999999999999998 12.000000000000002 20 20 17 20.000000000000004 25 25.999999999999993 63.000000000000007 10.999999999999998 11.999999999999998 54 12.999999999999998 12.999999999999998 10.999999999999998 18 11.999999999999998 103
leaf_count=11 18 14 11 14 11 16 12 20 20 17 20 25 26 63 11 12 54 13 13 11 18 12 103
internal_value=-0.000872644 -0.00491095 -0.00348441 -0.00495656 -0.019178 -0.00288036 0.00320307 -0.00144502 -0.00499645 0.00220549 -0.000636918 0.000413994 -0.000238304 0.000759812 0.00171337 -0.00257276 0.00423638 0.00104557 0.00502993 -0.000111513 0.000257283 0 0.00161098
internal_weight=545 274 260 249 25 224 271 213 71 253 51 142 126 89 31 37 84 169 67 53 42 24 116
internal_count=545 274 260 249 25 224 271 213 71 253 51 142 126 89 31 37 84 169 67 53 42 24 116
is_linear=0
shrinkage=0.0529975


Tree=88
num_leaves=21
num_cat=0
split_feature=39 38 29 19 19 29 19 37 31 1 30 19 29 51 3 14 16 5 47 47
split_gain=3.08942 4.79908 4.33917 3.01399 1.53714 0.873518 0.969879 0.394861 0.119875 0.117886 0.187422 0.132247 0.428321 0.108781 0.101799 0.0673717 0.040568 0.04036 0.00869607 0.122134
threshold=-1.1558530955085182 -0.85777646155359866 0.74954040166073665 0.12500767621502204 -1.084056395528697 0.26696810119628295 -0.13695324231613623 1.6722873850234283 0.6376605009582208 -0.96153778120526734 0.86544403751546073 -0.32580081582471693 -0.15716204103522488 1.0000000180025095e-35 -0.33947769986564769 -1.2918309573138933 -1.2004657762166915 0.81934825992063065 0.59100304412747862 -0.036118628440457261
decision_type=2 2 2 2 2 2 2 2 2 2 2 2 2 2 2 2 2 2 2 2
left_child=-1 -2 4 -4 -3 7 -7 9 14 10 15 12 -11 18 -8 -6 -13 -10 19 -9
right_child=1 2 3 -5 5 6 8 13 17 11 -12 16 -14 -15 -16 -17 -18 -19 -20 -21
leaf_value=-0.022451657250615299 0.024127941756681894 -0.013546733079934902 -0.034349350834917657 -0.0019863677587968688 -0.0015506111332102537 -0.012597946839012622 -0.0045482314573367412 0.0066147320619147718 0 0.0011439720852642037 0.00791275686094472 -0.00045040950265699153 -0.0057975520543841075 0.00029189080889554598 0.00031068725588152813 0.0024885118520317421 0.001803535624968766 0.0037086797691079578 0.0099926385009680135 0
leaf_weight=11.999999999999998 15.999999999999998 15.999999999999998 12.000000000000002 17 12.999999999999995 20 17 17 12.000000000000002 86 11.999999999999998 18 28 10.999999999999998 19 21.000000000000004 161 12.999999999999998 10.999999999999998 13.000000000000002
leaf_count=12 16 16 12 17 13 20 17 17 12 86 12 18 28 11 19 21 161 13 11 13
internal_value=-0.00085271 -0.000109103 -0.00114058 -0.0191685 0.000136287 0.000778854 -0.00401891 0.00183605 -0.000226052 0.00109754 0.0034642 0.000640598 -0.000707271 0.00591886 -0.00213928 0.000768574 0.00153187 0.00218454 0.00705005 0.00429219
internal_weight=545 533 517 29 488 472 81 391 61 339 46 293 114 52 36 34 179 25 41 30
internal_count=545 533 517 29 488 472 81 391 61 339 46 293 114 52 36 34 179 25 41 30
is_linear=0
shrinkage=0.0529975


Tree=89
num_leaves=28
num_cat=0
split_feature=29 35 19 29 19 13 29 19 5 7 3 29 19 29 13 19 8 1 13 46 34 10 37 37 6 8 37
split_gain=2.88011 7.92818 2.26025 1.90766 3.83521 0.758292 0.66314 2.17022 0.889133 0.194931 0.191121 0.145297 0.130812 0.152146 0.13278 0.120903 0.11775 0.100292 0.0757084 0.055506 0.0445653 0.0390917 0.0570875 0.034143 0.0280016 0.025891 0.00191728
threshold=1.0939113685825921 -0.075187709818658785 0.56461929902412689 0.17116908538165884 -0.50025667382205452 0.65450838576847126 -0.75396955002774324 -0.95772725582126561 -1.0104878021227626 1.5744293204194071 -0.19603499245963937 0.60923513714294653 -0.31962396469036186 -0.15716204103522488 -1.0398514292558045 0.12123585939265195 0.80909475049965607 -0.065952450781455632 0.13240914044122343 0.78147191447403119 1.4061680004477497 0.8649158441504271 -0.81674439241534058 1.382913850662393 1.070545142625978 -0.47772171063789054 0.53366543460282967
decision_type=2 2 2 2 2 2 2 2 2 2 2 2 2 2 2 2 2 2 2 2 2 2 2 2 2 2 2
left_child=2 -2 3 6 -5 -4 8 -8 -1 11 -10 15 13 14 -9 25 -16 -13 -15 -17 21 22 -14 26 -23 -6 -12
right_child=1 -3 5 4 9 -7 7 12 10 -11 23 17 20 18 16 19 -18 -19 -20 -21 -22 24 -24 -25 -26 -27 -28
leaf_value=0.016327462191996288 0.012809032072686688 -0.038353987357239577 0.0043837579482078701 -0.027392981085580023 -0.0004294548334174368 0.01955797989578556 -0.017467003787633568 -0.0029897919721467779 0.0062360123644341799 0.0028383265474165842 0 -0.00081032898436116834 0.0056072301215172021 -0.006105073868490748 0.0030418602646116754 -0.00073314346475783021 -0.0016880186405152933 -0.0080087376337128861 0 0.0032166701598398796 -0.0001686971952318266 -0.0012903240643025438 0.0018714718171537806 -0.0023572912357470352 0.0012849969886319034 -0.0041541087051924705 0.00088727999067571761
leaf_weight=10.999999999999998 11.000000000000002 12.999999999999998 31 14.999999999999998 13.999999999999995 12.999999999999998 12.999999999999998 14.999999999999998 10.999999999999998 11.999999999999998 11.000000000000002 12.000000000000002 12.999999999999998 11.000000000000002 47 14 13.999999999999998 18 10.999999999999998 12 21 10.999999999999998 119 10.999999999999998 27 22.000000000000004 11.999999999999998
leaf_count=11 11 13 31 15 14 13 13 15 11 12 11 12 13 11 47 14 14 18 11 12 21 11 119 11 27 22 12
internal_value=-0.000828635 -0.0167985 7.65396e-05 -0.0010215 -0.00666781 0.0108148 0.000915088 -8.53981e-05 0.00590963 -0.00228474 0.00160566 -0.00315703 0.00101196 -0.000488975 0.000618431 -0.00130366 0.00179814 -0.00593805 -0.00387712 0.00113274 0.00180897 0.00209038 0.00251767 -0.000428099 0.000306497 -0.00314009 0.000550358
internal_weight=545 24 521 477 119 44 358 302 56 104 45 92 289 98 76 62 61 30 22 26 191 170 132 34 38 36 23
internal_count=545 24 521 477 119 44 358 302 56 104 45 92 289 98 76 62 61 30 22 26 191 170 132 34 38 36 23
is_linear=0
shrinkage=0.0529975


Tree=90
num_leaves=18
num_cat=0
split_feature=39 30 29 19 19 29 19 6 28 29 30 10 31 3 13 19 45
split_gain=2.82152 4.29866 2.45031 4.13163 1.34375 0.672744 0.825177 0.234855 0.208403 0.185739 0.152189 0.19853 0.112508 0.092138 0.082602 0.057205 0.037488
threshold=-1.1558530955085182 -1.4739652562250283 0.74954040166073665 0.12500767621502204 -1.1597747990198337 0.26696810119628295 -0.13695324231613623 1.3590427524952104 -0.90131216258272484 -0.15716204103522488 0.13828104179148928 0.85910532906678883 0.6376605009582208 -0.33947769986564769 -0.094162230172487885 -0.27139899128830619 -0.25451140240048259
decision_type=2 2 2 2 2 2 2 2 2 2 2 2 2 2 2 2 2
left_child=-1 -2 4 -4 -3 7 -7 8 -6 -9 11 -10 13 -8 -12 -11 -14
right_child=1 2 3 -5 5 6 12 9 10 15 14 -13 16 -15 -16 -17 -18
leaf_value=-0.021446556714789212 0.024660048468206828 -0.013816420112455137 -0.032433989103950914 0.0017747825654559745 0.0070882293695129087 -0.011557492813609885 -0.004339151886134149 0.0014484858481207449 0.0034020243402574256 -0.0069459141544923808 -0.00051591489154354875 -0.00099056171017190115 0.0038139455125783283 0.00027264993807649845 0.0018879033261740847 -0.00068499225329702283 0
leaf_weight=11.999999999999998 12.999999999999998 12.999999999999998 11.999999999999998 20 15.999999999999998 20 17 18 146 11.000000000000002 106 30 11.000000000000002 19 55 10.999999999999998 14.999999999999998
leaf_count=12 13 13 12 20 16 20 17 18 146 11 106 30 11 19 55 11 15
internal_value=-0.000805397 -9.42959e-05 -0.00100051 -0.0139638 0 0.000554625 -0.00362569 0.00148574 0.0019352 -0.00206406 0.00155054 0.00260694 -0.000170736 -0.00204744 0.000301743 -0.00488215 0.0021062
internal_weight=545 533 520 32 488 475 82 393 353 40 337 176 62 36 161 22 26
internal_count=545 533 520 32 488 475 82 393 353 40 337 176 62 36 161 22 26
is_linear=0
shrinkage=0.0529975


Tree=91
num_leaves=21
num_cat=0
split_feature=29 19 29 30 13 19 29 19 29 5 19 3 35 13 9 19 26 19 7 9
split_gain=2.76533 2.99309 2.85311 2.6974 1.89761 1.20248 0.660193 0.706696 0.198103 0.373881 0.258431 0.116136 0.108091 0.0953365 0.0826424 0.0536093 0.0500171 0.0503244 0.0433295 0.0160182
threshold=1.3382556559007897 0.56461929902412689 0.74954040166073665 0.23966141775408889 1.009141835424715 -1.1597747990198337 0.24207146523303721 -0.13695324231613623 -0.75396955002774324 -0.94748034014520965 -0.83382283659871825 -0.52153959772711989 -1.2151304697280925 0.024048919712926695 0.64606185014724693 0.12123585939265195 -0.35279146161951924 -0.58317633917525924 0.4115726716950609 0.23699458342849308
decision_type=2 2 2 2 2 2 2 2 2 2 2 2 2 2 2 2 2 2 2 2
left_child=1 2 5 -4 18 -1 8 -8 9 -7 -10 19 -12 -14 15 -13 -11 -18 -3 -9
right_child=-2 4 3 -5 -6 6 7 11 10 16 12 14 13 -15 -16 -17 17 -19 -20 -21
leaf_value=-0.013315322219038748 -0.019654390462804434 0.0013577471336471451 0 -0.031098491648549966 0.0267627331071413 0.010846607999330462 -0.010804622965493961 -0.004203715761995519 -0.0050874059086929877 -0.0011724969718068081 -0.0026161721825707592 -0.0024996077162930904 0.00055391604921843272 0.0026308188622500709 0.0041087192019485944 0.0015797891396176792 -0.00010376733744685301 0.003699096425355456 0.0060136136237477506 -0.0004584961413006439
leaf_weight=12.999999999999998 14.999999999999998 21 15.000000000000002 10.999999999999998 10.999999999999998 10.999999999999998 22 11.000000000000002 13.999999999999998 11.999999999999998 13.999999999999998 12.000000000000002 184 102 11.999999999999998 10.999999999999998 10.999999999999998 16.000000000000004 14.999999999999998 11.999999999999998
leaf_count=13 15 21 15 11 11 11 22 11 14 12 14 12 184 102 12 11 11 16 15 12
internal_value=-0.000790371 -2.95442e-05 -0.00133862 -0.0166417 0.0119208 -0.000248643 0.000290753 -0.00387651 0.00127349 0.00421226 0.000713547 -0.000373308 0.00110147 0.00135736 0.00136131 -0.000384481 0.000989704 0.0022008 0.00404566 -0.00298947
internal_weight=545 530 483 26 47 457 444 80 364 50 314 58 300 286 35 23 39 27 36 23
internal_count=545 530 483 26 47 457 444 80 364 50 314 58 300 286 35 23 39 27 36 23
is_linear=0
shrinkage=0.0529975


Tree=92
num_leaves=21
num_cat=0
split_feature=39 38 29 19 19 29 19 6 19 19 13 13 19 29 19 31 47 8 10 39
split_gain=2.59983 4.02345 3.30597 2.43715 1.17527 0.659587 0.964715 0.331743 0.291259 0.273236 0.216999 0.102151 0.100782 0.0998218 0.111739 0.164465 0.069287 0.0634663 0.048638 0.0551285
threshold=-1.1558530955085182 -0.85777646155359866 0.74954040166073665 0.12500767621502204 -1.1597747990198337 -0.15716204103522488 -0.32580081582471693 0.46114156163059888 -0.94590896873541463 0.40155559019853265 0.60525373998288179 -1.1186588625127476 -0.62555187198812046 0.25224183869804911 0.33105089177526276 0.97117537728143455 0.73036341580924213 0.80909475049965607 1.3135866326828101 -0.63927416386584646
decision_type=2 2 2 2 2 2 2 2 2 2 2 2 2 2 2 2 2 2 2 2
left_child=-1 -2 4 -4 -3 8 7 -7 -6 11 -9 12 -10 18 15 -15 -16 -13 19 -8
right_child=1 2 3 -5 5 6 13 10 9 -11 -12 17 -14 14 16 -17 -18 -19 -20 -21
leaf_value=-0.020582474768941355 0.022105220254247875 -0.012832398381512206 -0.030405697563588074 -0.0014180367175623452 0.0091685896775453198 0 0.0035980859424309614 -0.013568111180228529 -0.0043034570427462693 0.0082916316497370912 -0.0023957231340528849 0.0022147575560497335 0.00076207796072419334 -0.0040533458163479275 -0.00082548304458214723 0.0018305342522841243 0.0038704999215297426 -0.00017400275921385385 -0.0011686568401755634 0.00069923272198434063
leaf_weight=11.999999999999998 15.999999999999998 12.999999999999998 12.000000000000002 17 11.999999999999998 11.999999999999998 27 19.000000000000004 10.999999999999998 11.999999999999998 11.999999999999998 159 23 39 11.000000000000002 12.999999999999998 10.999999999999998 31 11.999999999999998 71
leaf_count=12 16 13 12 17 12 12 27 19 11 12 12 159 23 39 11 13 11 31 12 71
internal_value=-0.000768831 -8.57666e-05 -0.00103146 -0.0167671 8.16911e-05 0.000605221 -0.00142086 -0.00803555 0.002477 0.00188913 -0.0105214 0.00130854 -0.00110163 0.000293019 -0.00111097 -0.00242477 0.00159912 0.00179598 0.00130634 0.00172647
internal_weight=545 533 517 29 488 475 227 43 248 236 31 224 34 184 74 52 22 190 110 98
internal_count=545 533 517 29 488 475 227 43 248 236 31 224 34 184 74 52 22 190 110 98
is_linear=0
shrinkage=0.0529975


Tree=93
num_leaves=22
num_cat=0
split_feature=29 19 29 30 13 19 29 19 29 19 10 19 23 6 47 13 31 19 39 13 7
split_gain=2.54522 2.6729 2.44366 2.43934 1.80422 1.0342 0.559747 0.604084 0.190549 0.306431 0.214786 0.164431 0.144628 0.0956598 0.0907123 0.0872243 0.0880893 0.0737443 0.0712424 0.0639156 0.0419265
threshold=1.3382556559007897 0.56461929902412689 0.74954040166073665 0.23966141775408889 1.009141835424715 -1.1597747990198337 0.25849815300452755 -0.13695324231613623 -0.46840301170822823 -0.94590896873541463 1.1932390427821107 -0.22831942904204558 -0.52153959772712855 0.50353014485828651 -0.10579881428133901 0.024048919712926695 -0.26480786765853631 -0.32580081582471693 -0.80460331585396416 0.088079959234192942 0.4115726716950609
decision_type=2 2 2 2 2 2 2 2 2 2 2 2 2 2 2 2 2 2 2 2 2
left_child=1 2 5 -4 20 -1 8 -8 9 -7 15 -12 -9 14 -11 17 -17 -10 -14 -15 -3
right_child=-2 4 3 -5 -6 6 7 12 10 13 11 -13 18 19 -16 16 -18 -19 -20 -21 -22
leaf_value=-0.012366989263290754 -0.018849395318044027 0.0011117120426841023 0 -0.029169690442132076 0.025716892594019918 0.009516098193494785 -0.010421839593235923 -0.0034824066090639256 -0.0018263108329844308 0.0004123991815247639 -0.0061679564891927103 0.00057604803293239261 0.0032253148295728618 -0.0021602263400240722 0.0045009386308711508 0 0.0038341659375585825 0.0007741155672975243 -0.0010014196939353126 0.0012737810338418571 0.0055362047888494444
leaf_weight=12.999999999999998 14.999999999999998 21 15.000000000000002 10.999999999999998 10.999999999999998 10.999999999999998 20 20 36 33 18.000000000000004 12.999999999999998 21 20 35 31 38 106 11.999999999999998 30 14.999999999999998
leaf_count=13 15 21 15 11 11 11 20 20 36 33 18 13 21 20 35 31 38 106 12 30 15
internal_value=-0.000751787 -2.1414e-05 -0.00125927 -0.0154223 0.0112709 -0.000249106 0.000250243 -0.00378998 0.00111139 0.00271123 0.000185474 -0.00351605 -0.000364092 0.00159103 0.00280539 0.000843622 0.00230762 2.03722e-05 0.00159156 -5.9324e-05 0.00364882
internal_weight=545 530 483 26 47 457 444 73 371 129 242 31 53 118 68 211 69 142 33 50 36
internal_count=545 530 483 26 47 457 444 73 371 129 242 31 53 118 68 211 69 142 33 50 36
is_linear=0
shrinkage=0.0529975


Tree=94
num_leaves=24
num_cat=0
split_feature=39 30 29 19 19 19 29 19 28 2 26 13 19 17 2 39 25 26 9 37 30 29 47
split_gain=2.399 3.75938 1.89002 4.19619 1.0625 0.478819 0.275629 0.337762 0.246318 0.186294 0.281794 0.174496 0.146056 0.090299 0.0865998 0.143302 0.0854921 0.0684693 0.0524528 0.0640575 0.0295681 0.0370745 0.0240325
threshold=-1.1558530955085182 -1.4739652562250283 0.55429414669926913 -0.1050883714161035 -1.084056395528697 0.56461929902412689 -0.060961219973233179 -0.13695324231613623 -0.90131216258272484 -0.067968886203945547 1.4872143138350482 0.12255821128410553 -0.28488604230764769 -1.0560011098508615 -1.1719344244913408 -0.69848839585506151 -0.80856147868421624 -0.56440320388895016 0.23699458342849308 -0.7098019992819159 -0.47726024075960333 0.30977886120655712 0.59100304412747862
decision_type=2 2 2 2 2 2 2 2 2 2 2 2 2 2 2 2 2 2 2 2 2 2 2
left_child=-1 -2 4 -4 -3 9 8 11 -6 -5 -11 -8 14 -14 -10 -16 -15 -13 20 -20 22 -22 -9
right_child=1 2 3 5 6 -7 7 18 12 10 -12 17 13 16 15 -17 -18 -19 19 -21 21 -23 -24
leaf_value=-0.019758759367935381 0.023079237417654365 -0.01104464679675243 -0.031978721194432035 0.0010107773328144722 0.0073911521234861785 0.0062590582528118908 -0.0069977558885869363 -0.00026920057264164372 -0.0034742191980751311 -0.008958856879760866 0.00039997639311473908 -0.0028609540094773696 0.0058310144065439988 -0.0013815553752293216 0.0043413836024527317 -0.00039218917526793312 0.0022269541002610613 0.0011487415317147471 0.0043865041060489824 0 0.00024312619928453449 -0.0025181826052996384 0.0021342633476024685
leaf_weight=11.999999999999998 12.999999999999998 15.999999999999998 10.999999999999998 10.999999999999995 15.999999999999998 10.999999999999998 23 11.000000000000002 11.999999999999998 20.000000000000007 10.999999999999998 18 15.999999999999998 14.999999999999998 15.999999999999998 85 118 15.999999999999998 15.999999999999998 17 26 14.999999999999998 20
leaf_count=12 13 16 11 11 16 11 23 11 12 20 11 18 16 15 16 85 118 16 16 17 26 15 20
internal_value=-0.000725993 -6.94776e-05 -0.000917982 -0.00903036 0.000307909 -0.00138288 0.000879335 -0.000810051 0.00188471 -0.00406178 -0.00592261 -0.00390965 0.00136452 0.00242191 -2.28278e-05 0.000493684 0.00172768 -0.000910076 0.000929975 0.00249792 0 -0.000810891 0.00118723
internal_weight=545 533 520 64 456 53 440 162 278 42 31 57 262 149 113 101 133 34 105 33 72 41 31
internal_count=545 533 520 64 456 53 440 162 278 42 31 57 262 149 113 101 133 34 105 33 72 41 31
is_linear=0
shrinkage=0.0529975


Tree=95
num_leaves=23
num_cat=0
split_feature=29 19 29 30 13 19 29 19 5 19 8 6 7 19 30 3 29 39 7 34 13 3
split_gain=2.37754 2.39063 2.1319 2.25454 1.69737 0.898028 0.473154 0.5828 0.201144 0.363955 0.146147 0.143766 0.132885 0.108629 0.106662 0.0844919 0.0732658 0.0732559 0.0471845 0.0433576 0.0327533 0.0424863
threshold=1.3382556559007897 0.56461929902412689 0.74954040166073665 0.23966141775408889 1.009141835424715 -1.1597747990198337 0.031036353483505329 -0.50025667382205452 -1.0104878021227626 -0.61992875493280475 0.66579977688026848 0.66111883859504073 -1.3300590492267399 -0.079993913381877391 0.55455133127410849 -0.33947769986564769 0.37014666599639606 -0.84506682601750038 0.4115726716950609 -0.75018887544177559 0.13240914044122343 0.033841141203835676
decision_type=2 2 2 2 2 2 2 2 2 2 2 2 2 2 2 2 2 2 2 2 2 2
left_child=1 2 5 -4 18 -1 8 -8 9 -7 12 -11 -10 20 -14 16 -15 -17 -3 -13 -9 -22
right_child=-2 4 3 -5 -6 6 7 13 10 11 -12 19 14 15 -16 17 -18 -19 -20 -21 21 -23
leaf_value=-0.011517888448624402 -0.018194993145011211 0.00083305652359590208 8.3330425051727732e-05 -0.02761972233598638 0.02467540716176906 0.0096813705180871165 -0.010001845004853068 -0.0049862803121414907 -0.0033687613165600083 0.0044243478843076856 -0.0035647031598112894 -0.0034529411527139862 0.0021999508412258234 0.00029320811115898191 -0.00013699931544623273 0.0037415778308969158 -0.0037095911387807681 0 0.0052478218874260595 0.00022736670852829458 0.00083811386230300453 -0.0026850183568537778
leaf_weight=12.999999999999998 14.999999999999998 21 15.000000000000002 10.999999999999998 10.999999999999998 15.999999999999998 17 10.999999999999998 10.999999999999998 10.999999999999998 13.999999999999998 10.999999999999998 155 24 74 20 14.999999999999998 30 14.999999999999998 11.000000000000002 11.000000000000002 12.999999999999998
leaf_count=13 15 21 15 11 11 16 17 11 11 11 14 11 155 24 74 20 15 30 15 11 11 13
internal_value=-0.00070407 0 -0.00116964 -0.0143985 0.0106807 -0.000225189 0.000239007 -0.00222111 0.00142731 0.00436965 0.000745136 0.00052248 0.0011057 -0.000688513 0.00143083 0.000263387 -0.00138029 0.00168071 0.00332551 -0.00170874 -0.00296391 -0.000992656
internal_weight=545 530 483 26 47 457 444 141 303 49 254 33 240 124 229 89 39 50 36 22 35 24
internal_count=545 530 483 26 47 457 444 141 303 49 254 33 240 124 229 89 39 50 36 22 35 24
is_linear=0
shrinkage=0.0529975


Tree=96
num_leaves=25
num_cat=0
split_feature=39 30 29 19 19 19 29 19 5 29 2 26 6 45 8 19 36 6 37 29 36 5 51 2
split_gain=2.21321 3.49554 1.6402 3.83004 0.915881 0.414672 0.238809 0.353491 0.222719 0.243121 0.159379 0.273114 0.138679 0.105413 0.133238 0.121132 0.0847453 0.085068 0.0623334 0.048006 0.0408688 0.0382119 0.0422315 0.0130374
threshold=-1.1558530955085182 -1.4739652562250283 0.55429414669926913 -0.1050883714161035 -1.084056395528697 0.56461929902412689 -0.15716204103522488 -0.32580081582471693 -1.2693510750792598 -0.53171359533391072 -0.067968886203945547 1.4872143138350482 0.40306023220815956 -0.48162350114508018 0.66579977688026848 -0.62555187198812046 0.58608856125702402 0.50353014485828651 -0.81674439241534058 0.14166478361825202 -0.13057292924761807 0.44742025898667792 1.0000000180025095e-35 -0.68336909431788018
decision_type=2 2 2 2 2 2 2 2 2 2 2 2 2 2 2 2 2 2 2 2 2 2 2 2
left_child=-1 -2 4 -4 -3 10 8 12 9 -6 -5 -12 -8 21 15 -15 17 18 -9 -18 -14 22 -10 -19
right_child=1 2 3 5 6 -7 7 16 13 -11 11 -13 20 14 -16 -17 19 23 -20 -21 -22 -23 -24 -25
leaf_value=-0.018968524636217322 0.022264425405195763 -0.010272994510041666 -0.03035218465784886 0.00098659630114674183 0.010479598869642047 0.0059444786563791667 0 0.0033966587929374526 0.0045495939827061042 0.00033137495813778217 -0.0083920177626782919 0.00070663509387569861 -0.0024042824644447841 -0.0017706713843378416 -0.0034910916918078688 0.0017644921089512427 0.00014435658213202807 0 0.00053191949183314816 -0.0034384343119076345 -0.0087409526468454797 0.000104057754826853 7.3167876743845167e-05 -0.0018318266592766382
leaf_weight=11.999999999999998 12.999999999999998 15.999999999999998 10.999999999999998 10.999999999999995 11.000000000000002 10.999999999999998 10.999999999999998 42 34 13.999999999999998 20.000000000000007 10.999999999999998 15.999999999999998 28 14.999999999999998 116 14.000000000000002 16.000000000000004 56 13.999999999999998 12.000000000000002 14.999999999999998 10.999999999999998 14.999999999999998
leaf_count=12 13 16 11 11 11 11 11 42 34 14 20 11 16 28 15 116 14 16 56 14 12 15 11 15
internal_value=-0.000687724 -5.67415e-05 -0.000875504 -0.00843268 0.000265718 -0.00114235 0.000797572 -0.000545344 0.00189145 0.00618544 -0.00365474 -0.00538343 -0.00470917 0.00121844 0.000410891 0.000987227 0.000581323 0.00118983 0.00195189 -0.0017321 -0.0063882 0.00302085 0.00372959 -0.000956344
internal_weight=545 533 520 64 456 53 440 196 244 25 42 31 39 219 159 144 157 129 98 28 28 60 45 31
internal_count=545 533 520 64 456 53 440 196 244 25 42 31 39 219 159 144 157 129 98 28 28 60 45 31
is_linear=0
shrinkage=0.0529975


Tree=97
num_leaves=21
num_cat=0
split_feature=29 19 29 30 13 29 19 19 29 19 5 39 3 53 30 45 31 19 29 7
split_gain=2.21829 2.15434 1.85315 2.08464 1.59218 0.855205 2.72307 0.804579 0.332091 0.460801 0.116781 0.134899 0.114639 0.102988 0.0998236 0.0704806 0.102963 0.0648609 0.0516277 0.0500043
threshold=1.3382556559007897 0.56461929902412689 0.74954040166073665 0.23966141775408889 1.009141835424715 -0.75396955002774324 -0.95772725582126561 -0.95772725582126561 0.25849815300452755 -0.13695324231613623 -1.300866931953909 -0.69848839585506151 -0.52153959772711989 1.0593795073025254 0.12619616011821214 0.31326884446101144 -0.23990902356405411 0.12123585939265195 -0.33273871682312839 0.4115726716950609
decision_type=2 2 2 2 2 2 2 2 2 2 2 2 2 2 2 2 2 2 2 2
left_child=1 2 5 -4 19 7 -7 -1 10 -10 18 13 -11 -12 -13 -9 -17 -14 -8 -3
right_child=-2 4 3 -5 -6 6 8 15 9 12 11 14 17 -15 -16 16 -18 -19 -20 -21
leaf_value=0.015472606157151186 -0.017564840520771851 0.00061368752657385204 0.00036681880467780246 -0.026155636121719054 0.02369068649962559 -0.020186676047517466 0 0.0041386375690734478 -0.0089883698699365772 -0.0030060336724601032 0.0014029863545806252 0.0013333828936998135 -0.0004584219318791526 0.0069356972056715703 -0.00079049181421853747 -0.0030937089581544197 0.002081385485497926 0.0034833113315112835 -0.0040403649416728025 0.0049847738097926163
leaf_weight=10.999999999999998 14.999999999999998 21 15.000000000000002 10.999999999999998 10.999999999999998 13.999999999999998 11.000000000000002 11.999999999999998 20 20 43 129 17 10.999999999999998 106 11.999999999999995 21.000000000000004 15.999999999999998 13.999999999999998 14.999999999999998
leaf_count=11 15 21 15 11 11 14 11 12 20 20 43 129 17 11 106 12 21 16 14 15
internal_value=-0.000669924 0 -0.00110059 -0.0134348 0.0101489 -0.000218863 -0.00111371 0.00556417 -0.000108475 -0.0031991 0.000634704 0.000966376 -0.000204551 0.00322699 0.000350565 0.00147059 0 0.00151536 -0.00241931 0.00305298
internal_weight=545 530 483 26 47 457 401 56 387 73 314 289 53 54 235 45 33 33 25 36
internal_count=545 530 483 26 47 457 401 56 387 73 314 289 53 54 235 45 33 33 25 36
is_linear=0
shrinkage=0.0529975


Tree=98
num_leaves=20
num_cat=0
split_feature=29 19 29 19 13 29 19 19 29 19 3 12 9 13 39 45 7 9 13
split_gain=2.05383 2.00848 1.72669 1.64782 1.48437 0.796722 2.53584 0.728932 0.3115 0.423683 0.105366 0.094423 0.0862552 0.0617515 0.0608981 0.0474972 0.0458292 0.0279604 0.0154525
threshold=1.3382556559007897 0.56461929902412689 0.74954040166073665 0.12500767621502204 1.009141835424715 -0.8007581298917843 -0.95772725582126561 -0.95772725582126561 0.25849815300452755 -0.13695324231613623 -0.52153959772711989 1.5902633668125283 -1.1925206000294124 -0.95611853142030256 -0.80460331585396416 0.76749304195020673 0.4115726716950609 -1.4880454783536858 -0.73447262538515012
decision_type=2 2 2 2 2 2 2 2 2 2 2 2 2 2 2 2 2 2 2
left_child=1 2 5 -4 16 7 -7 -1 11 -10 -11 12 17 -14 -12 18 -3 -8 -9
right_child=-2 4 3 -5 -6 6 8 15 9 10 14 -13 13 -15 -16 -17 -18 -19 -20
leaf_value=0.014941899231965337 -0.016899804324172298 0.00058838777157650278 -0.024266521695527003 0 0.022878102070891821 -0.019437650467257428 0.00072078695803945686 0.00034779188240217169 -0.008621887736016175 -0.0028834688425542444 0.0029678040896078161 -0.0023823238716763769 -0.0011937921589088999 0.00089210265259764669 -0.00092143160891486559 -0.0005878073870699955 0.0047960411642058182 0.0048944600578169403 0.0037858191927413209
leaf_weight=10.999999999999998 14.999999999999998 21 11.000000000000002 14.999999999999998 10.999999999999998 13.999999999999998 15.000000000000002 12.999999999999998 20 20 21 20 40 231 11.999999999999998 14.999999999999998 14.999999999999998 13.999999999999998 11.000000000000002
leaf_count=11 15 21 11 15 11 14 15 13 20 20 21 20 40 231 12 15 15 14 11
internal_value=-0.000643255 0 -0.00106135 -0.0129674 0.00980064 -0.000209724 -0.00102577 0.00570668 -7.01051e-05 -0.00307033 -0.000193609 0.000636782 0.000903622 0.000539828 0.00145021 0.00130255 0.00294236 0.00342864 0.0025982
internal_weight=545 530 483 26 47 457 407 50 393 73 53 320 300 271 33 39 36 29 24
internal_count=545 530 483 26 47 457 407 50 393 73 53 320 300 271 33 39 36 29 24
is_linear=0
shrinkage=0.0529975


Tree=99
num_leaves=23
num_cat=0
split_feature=30 29 19 29 29 29 2 19 8 19 29 12 37 39 39 29 10 39 37 6 39 29
split_gain=2.08734 5.8744 0.96954 2.91142 0.677272 0.593134 0.467227 0.455353 0.284458 0.375253 0.189381 0.120358 0.158815 0.105758 0.0919226 0.0946825 0.114416 0.0704761 0.0681098 0.0413406 0.0330358 0.0222338
threshold=-1.4739652562250283 1.0939113685825921 -0.32580081582471693 0.031036353483505329 -1.1125084092197188 0.7731741465887918 -1.1719344244913408 -0.55180057978710095 0.97390045284613536 -0.8993789995124194 0.11881274814264779 1.5117235543663337 1.8777845326131508 -0.75065069125639916 -0.77090409534292548 0.60923513714294653 -0.27493945470955228 -0.17069548170500906 -0.81674439241534058 0.1282705344976546 0.48878598878688606 0.26696810119628295
decision_type=2 2 2 2 2 2 2 2 2 2 2 2 2 2 2 2 2 2 2 2 2 2
left_child=-1 2 3 4 -2 10 -6 -5 9 -8 11 12 18 -11 15 16 -12 21 -4 -14 -20 -16
right_child=1 -3 5 7 6 -7 8 -9 -10 13 14 -13 19 -15 17 -17 -18 -19 20 -21 -22 -23
leaf_value=0.015365873014796094 0.01011053550330681 -0.029468648313403942 0.0042141299219719689 -0.021689630834585978 -0.0081871551497949627 0.0093527827931573822 -0.0077857695743820425 -0.0055375048621041836 0.0066004057592080386 0.0038771213017322376 0.0048520225700200573 -0.0019473498437965308 0.0077634840498373003 -0.00029237860654621032 -0.0010799624475739916 -0.0017865506130826598 -0.00036884232020149702 0.00025158574442054596 0 0.0019179218717835268 0.0015137382130750395 -0.0045292749714593234
leaf_weight=15.999999999999998 10.999999999999998 13.999999999999998 15.999999999999998 17 15.999999999999998 19 11.999999999999998 14.999999999999998 10.999999999999998 14.999999999999998 15.999999999999998 15.999999999999998 12.000000000000002 77 21 21 19 17 66 15.999999999999998 81 21
leaf_count=16 11 14 16 17 16 19 12 15 11 15 16 16 12 77 21 21 19 17 66 16 81 21
internal_value=-0.000619813 -0.00128317 -0.00017321 -0.00333937 9.44393e-05 0.00145203 -0.00110135 -0.0163709 0.000183657 -0.000754358 0.000802075 0.00175315 0.00214843 0.0005118 -0.00085417 0.00056951 0.00220806 -0.0022408 0.00134536 0.00555608 0.000834538 -0.00330054
internal_weight=545 529 515 174 142 341 131 32 115 104 322 207 191 92 115 56 35 59 163 28 147 42
internal_count=545 529 515 174 142 341 131 32 115 104 322 207 191 92 115 56 35 59 163 28 147 42
is_linear=0
shrinkage=0.0529975


Tree=100
num_leaves=19
num_cat=0
split_feature=39 38 29 19 29 19 34 39 5 39 8 10 19 5 19 5 13 32
split_gain=1.98342 3.10883 2.31794 0.749805 0.52222 1.35777 0.221285 0.205937 0.217641 0.17948 0.166622 0.106327 0.102298 0.0655785 0.060073 0.0553565 0.0497788 0.0170462
threshold=-1.1558530955085182 -0.85777646155359866 0.96361458521015575 -1.1597747990198337 0.26696810119628295 -0.3548451245661281 -1.0254979019753936 -0.77090409534292548 0.74143221605516674 1.9373597581478144 1.1050654953061463 0.8757662593583464 -0.83382283659871825 0.56126490577403487 0.34390764338999019 1.0972590724923412 -0.9708949251559793 -1.2633808432044369
decision_type=2 2 2 2 2 2 2 2 2 2 2 2 2 2 2 2 2 2
left_child=-1 -2 3 -3 6 -6 10 8 13 12 17 -12 -8 -7 -9 -10 -14 -5
right_child=1 2 -4 4 5 7 9 14 15 -11 11 -13 16 -15 -16 -17 -18 -19
leaf_value=-0.017901021528088382 0.019505923171397023 -0.010437902262848419 -0.018086635168928892 0.0090978804841167476 -0.016771474218213567 0.0004712170681699513 -0.0027928356023026409 -0.0053860584144208952 0.0071058864895098559 0.0051953737234932762 0.0035339030855475891 -0.0023363044585811375 -0.00092717715401265078 -0.0035836967148020933 -0.00012227521191887411 0.00079920849824006773 0.0008661455149758247 0.0024957232828815706
leaf_weight=11.999999999999998 15.999999999999998 12.999999999999998 14.999999999999998 11.000000000000002 10.999999999999998 23 21 15.000000000000002 11.000000000000002 17 11.000000000000002 10.999999999999998 43 10.999999999999998 12.999999999999998 10.999999999999998 268 11.999999999999998
leaf_count=12 16 13 15 11 11 23 21 15 11 17 11 11 43 11 13 11 268 12
internal_value=-0.000596399 0 -0.000832739 -9.60255e-05 0.000287916 -0.00310262 0.00115715 -0.000236834 0.00151777 0.000645038 0.00444904 0.000477569 0.000303336 -0.00100663 -0.00360024 0.00504861 0.000583312 0.00712261
internal_weight=545 533 517 502 489 95 394 84 56 349 45 22 332 34 28 22 311 23
internal_count=545 533 517 502 489 95 394 84 56 349 45 22 332 34 28 22 311 23
is_linear=0
shrinkage=0.0529975


Tree=101
num_leaves=22
num_cat=0
split_feature=29 19 29 30 13 29 19 19 29 19 3 5 39 30 53 19 29 7 29 45 8
split_gain=1.85938 1.74425 1.45103 1.82058 1.39271 0.714781 2.20924 0.689723 0.238812 0.333001 0.0963667 0.0812365 0.143775 0.0813456 0.0799341 0.0608895 0.0539866 0.0475611 0.0453797 0.0441485 0.0394451
threshold=1.3382556559007897 0.56461929902412689 0.74954040166073665 0.23966141775408889 1.009141835424715 -0.8007581298917843 -0.95772725582126561 -0.95772725582126561 0.25849815300452755 -0.13695324231613623 -0.52153959772711989 -1.1644035560352715 -0.69848839585506151 0.12619616011821214 1.0593795073025254 0.12123585939265195 -0.33273871682312839 0.48959172621014541 -0.85191837106913615 0.54038094320560914 -0.093456767632447243
decision_type=2 2 2 2 2 2 2 2 2 2 2 2 2 2 2 2 2 2 2 2 2
left_child=1 2 5 -4 17 7 -7 -1 11 -10 -11 16 14 -14 -13 -12 -8 20 19 -9 -3
right_child=-2 4 3 -5 -6 6 8 18 9 10 15 12 13 -15 -16 -17 -18 -19 -20 -21 -22
leaf_value=0.014401976460784834 -0.016050066919781947 -0.0012412450803610136 0.00082183421327714737 -0.023778841872496771 0.021808440374523293 -0.018136902855639268 2.2556279874667562e-05 0.0016668994732781247 -0.0076084354919967387 -0.0027120737128271616 -0.00046319653282417403 0.001475795459985077 0.0011740114622272688 -0.00074357424804428064 0.0065802627096275277 0.0033476147730346459 -0.0035050180854643755 0.0045108491582044399 0.003229032603963059 -0.001887216269864044 0.0022849148070521351
leaf_weight=10.999999999999998 14.999999999999998 10.999999999999998 15.000000000000002 10.999999999999998 10.999999999999998 13.999999999999998 20 12.999999999999998 20 20 17 40 125 109 10.999999999999998 15.999999999999998 14.999999999999998 13.999999999999998 12.000000000000002 13.999999999999998 11.000000000000002
leaf_count=11 15 11 15 11 11 14 20 13 20 20 17 40 125 109 11 16 15 14 12 14 11
internal_value=-0.000581675 1.77392e-05 -0.000959304 -0.0118737 0.00916268 -0.000177533 -0.00095155 0.00542544 -5.84698e-05 -0.00268743 -0.000127474 0.000558237 0.000876264 0.000255413 0.00327576 0.001436 -0.00161043 0.00257021 0.0011565 0 0.00038412
internal_weight=545 530 483 26 47 457 407 50 393 73 53 320 285 234 51 33 35 36 39 27 22
internal_count=545 530 483 26 47 457 407 50 393 73 53 320 285 234 51 33 35 36 39 27 22
is_linear=0
shrinkage=0.0529975


Tree=102
num_leaves=25
num_cat=0
split_feature=30 29 19 29 30 29 44 19 45 29 12 37 3 39 39 29 10 29 39 37 37 13 37 45
split_gain=1.8482 5.09752 0.814242 2.53974 0.676417 0.580395 0.521428 0.632843 0.169126 0.160763 0.108708 0.138031 0.104139 0.0982853 0.0869372 0.0830693 0.102767 0.0647273 0.0564765 0.0522209 0.0449273 0.036638 0.0274613 0.0209633
threshold=-1.4739652562250283 1.0939113685825921 -0.32580081582471693 -0.15716204103522488 0.81566411525288152 0.7731741465887918 -1.2624566551833614 -0.95772725582126561 -0.14095535302818379 0.11881274814264779 1.5117235543663337 2.1084445962342691 0.065104295382068286 -0.37614519901597027 -0.77090409534292548 0.60923513714294653 -0.27493945470955228 0.29136380271561407 -0.21892884926927833 -0.81674439241534058 1.1396723290255804 0.53629723588305667 -0.78948456671466416 0.88104909132250542
decision_type=2 2 2 2 2 2 2 2 2 2 2 2 2 2 2 2 2 2 2 2 2 2 2 2
left_child=-1 2 3 6 17 9 -2 -8 13 10 11 19 -10 -9 15 16 -11 21 23 -4 -21 -5 -14 -16
right_child=1 -3 5 4 -6 -7 7 8 12 14 -12 -13 22 -15 18 -17 -18 -19 -20 20 -22 -23 -24 -25
leaf_value=0.014483277670400082 -0.0057051097655830699 -0.027438199978648985 0.0039582618950110013 -0.0044154049793547019 -0.021096723144137883 0.0091508294323762798 0.010681919089683046 0.0052850949753987641 -0.0037246605159023511 0.0046020179872677614 -0.0019260744244449948 0.0062984329311765296 0.0022019622327034433 -8.4308605018462535e-06 -0.0039153073160857095 -0.0016406426723870227 -0.00033373537893510822 -0.0094418673855451284 0 0.00021874405503109667 0.0021426275997596133 0 -0.00032643028694658976 -0.00041139827903200371
leaf_weight=15.999999999999998 20 13.999999999999998 15.999999999999998 12.000000000000002 13.999999999999998 19 15.999999999999998 19.000000000000004 20 15.999999999999998 15.999999999999998 13.999999999999998 10.999999999999998 11.999999999999998 28 21 19 11.999999999999998 18 108 53 10.999999999999998 27 12.999999999999998
leaf_count=16 20 14 16 12 14 19 16 19 20 16 16 14 11 12 28 21 19 12 18 108 53 11 27 13
internal_value=-0.00055737 -0.00118258 -0.000147839 -0.00305056 -0.0125561 0.0013403 0.00102648 0.00261056 0.000503324 0.000699271 0.0015773 0.00195593 -0.00109652 0.00337795 -0.000823301 0.000558499 0.00209533 -0.00638339 -0.00217283 0.00137915 0.000948092 -0.00292421 0.000447077 -0.00314718
internal_weight=545 529 515 174 49 341 125 105 89 322 207 191 58 31 115 56 35 35 59 177 161 23 38 41
internal_count=545 529 515 174 49 341 125 105 89 322 207 191 58 31 115 56 35 35 59 177 161 23 38 41
is_linear=0
shrinkage=0.0529975


Tree=103
num_leaves=19
num_cat=0
split_feature=39 38 29 19 29 19 39 5 1 39 17 14 19 5 8 51 5 19
split_gain=1.79251 2.75083 1.93353 0.691836 0.436465 1.15828 0.186261 0.197517 0.184436 0.157264 0.0936884 0.201139 0.0651822 0.0642107 0.0627936 0.054908 0.0530973 0.0437761
threshold=-1.1558530955085182 -0.85777646155359866 0.96361458521015575 -1.1597747990198337 0.26696810119628295 -0.3548451245661281 -0.77090409534292548 0.74143221605516674 -0.96153778120526734 1.9373597581478144 -1.5396878263841973 -1.2135745104754678 -0.92602225282107575 0.56126490577403487 0.51670958938247669 1.0000000180025095e-35 1.0972590724923412 0.34390764338999019
decision_type=2 2 2 2 2 2 2 2 2 2 2 2 2 2 2 2 2 2
left_child=-1 -2 3 -3 8 -6 7 13 10 12 -5 -12 -10 -7 -13 -14 -9 -8
right_child=1 2 -4 4 5 6 17 16 9 -11 11 14 15 -15 -16 -17 -18 -19
leaf_value=-0.01699215201157897 0.018373353065134775 -0.010019163792146681 -0.01651687743816363 -4.0523543787759598e-05 -0.015437868516930771 0.00054344277528688742 -0.0049218594097063225 0.0068652093544627315 -0.0027750935176227968 0.0047803906399180515 0.0083196480498484576 0.0028068487864948369 0.00078303002673622759 -0.0034695719857919063 -0.0012392533639986286 -0.00087422561491431636 0.00072705436401084499 -0.00022772987746108307
leaf_weight=11.999999999999998 15.999999999999998 12.999999999999998 14.999999999999998 11.999999999999998 10.999999999999998 23 15.000000000000002 11.000000000000002 12.999999999999998 17 17.999999999999996 20.000000000000007 239 10.999999999999998 10.999999999999998 64 10.999999999999998 12.999999999999998
leaf_count=12 16 13 15 12 11 23 15 11 13 17 18 20 239 11 11 64 11 13
internal_value=-0.000541365 9.70523e-07 -0.000758399 -8.43712e-05 0.000283807 -0.00281423 -0.00016505 0.00149708 0.00107925 0.000533567 0.00363949 0.00457388 0.000198638 -0.000905774 0.00121418 0.000400206 0.00485869 -0.00337248
internal_weight=545 533 517 502 489 95 84 56 394 333 61 49 316 34 31 303 22 28
internal_count=545 533 517 502 489 95 84 56 394 333 61 49 316 34 31 303 22 28
is_linear=0
shrinkage=0.0529975


Tree=104
num_leaves=26
num_cat=0
split_feature=39 30 27 5 27 30 6 6 15 14 1 13 1 39 3 39 10 2 45 10 37 46 25 8 9
split_gain=1.66626 2.58531 0.786342 2.05804 0.607437 0.31254 0.255821 0.244773 0.164564 0.356943 0.314738 0.466803 0.103003 0.094058 0.0955386 0.0879321 0.0598051 0.149751 0.0565184 0.0497558 0.0644513 0.0370322 0.0313269 0.0261461 0.00434963
threshold=-1.1558530955085182 -1.4739652562250283 -0.32580081582472792 0.63685018902434853 -1.159774799019845 1.0684567549518114 1.2873217772327994 0.88657740479242231 -1.2252975897148428 1.4682950730684146 1.4601115338560191 1.0000000180025095e-35 -1.0466141943440603 0.0241978723428521 -0.94635069273722194 -0.50953401405496501 0.66889347538467159 -0.12461888762486274 0.086156745716413782 0.8757662593583464 1.5988955465985291 -0.18832435130588573 -0.79393799585671976 0.46717703718305897 -0.02450230380552406
decision_type=2 2 2 2 2 2 2 2 2 2 2 2 2 2 2 2 2 2 2 2 2 2 2 2 2
left_child=-1 -2 3 4 -3 6 7 12 15 13 11 -11 -6 14 18 -4 17 -16 -10 20 24 -22 -21 -18 -15
right_child=1 2 8 -5 5 -7 -8 -9 9 10 -12 -13 -14 19 16 -17 23 -19 -20 22 21 -23 -24 -25 -26
leaf_value=-0.016391671702128064 0.019212038422482404 -0.010766136713707734 -0.0049501681955140256 -0.020590463183845695 0.0017142049677972455 0.0051584581660980965 -0.006126638155580455 0.004205229359620275 -0.0052742732421271693 0.00016098144384993102 0 0.014516266660376533 -0.0023162347802864439 0.0010618612593652555 0.0037940267842100622 0 0 -0.00064191130799788826 0 -0.002195625350855171 0.00044610956116427573 0.0044843866574064313 0.00071446913916825225 -0.0030496096965425901 2.7920447681948438e-05
leaf_weight=11.999999999999998 12.999999999999998 11.999999999999998 14.000000000000002 11.999999999999998 15.999999999999998 18 20 21 11.000000000000002 12.000000000000002 18 10.999999999999998 76 32 26 15.999999999999998 18.000000000000004 55 10.999999999999998 11.000000000000002 14.999999999999998 26 17 12.999999999999998 39
leaf_count=12 13 12 14 12 16 18 20 21 11 12 18 11 76 32 26 16 18 55 11 11 15 26 17 13 39
internal_value=-0.000530925 0 -0.00068918 -0.0035276 -0.00154408 -0.000383495 -0.00137397 -0.000207747 0.000766366 0.00115112 0.00543227 0.00884958 -0.00148201 0.000382948 -0.000573671 -0.0025983 5.48497e-05 0.000865051 -0.00334931 0.00133237 0.00182555 0.00340102 -0.000408951 -0.00167042 0.000631041
internal_weight=545 533 520 175 163 151 133 113 345 315 41 23 92 274 134 30 112 81 22 140 112 41 28 31 71
internal_count=545 533 520 175 163 151 133 113 345 315 41 23 92 274 134 30 112 81 22 140 112 41 28 31 71
is_linear=0
shrinkage=0.0529975


Tree=105
num_leaves=21
num_cat=0
split_feature=29 19 13 29 30 29 19 19 29 19 3 9 5 39 31 19 30 29 29 45
split_gain=1.69473 1.44791 1.317 1.19281 1.63804 0.649339 1.90751 0.646693 0.1872 0.252474 0.0844197 0.0839069 0.0753552 0.135198 0.083415 0.0580763 0.0571254 0.0438726 0.0419134 0.0381009
threshold=1.3382556559007897 0.56461929902412689 1.009141835424715 0.74954040166073665 0.23966141775408889 -0.8007581298917843 -0.95772725582126561 -0.95772725582126561 0.25849815300452755 -0.13695324231613623 -0.52153959772711989 -0.26022922174839475 -1.1644035560352715 -0.69848839585506151 -0.23990902356405411 0.12123585939265195 0.12619616011821214 -0.33273871682312839 -0.85191837106913615 0.54038094320560914
decision_type=2 2 2 2 2 2 2 2 2 2 2 2 2 2 2 2 2 2 2 2
left_child=1 3 11 5 -5 7 -7 -1 12 -10 -11 -3 17 14 -14 -12 -15 -8 19 -9
right_child=-2 2 -4 4 -6 6 8 18 9 10 15 -13 13 16 -16 -17 -18 -19 -20 -21
leaf_value=0.013911339970606585 -0.015279481743239452 -0.00064868260770199965 0.020657381056459381 0.0011618088972316471 -0.022034800529054703 -0.016826843165514332 0 0.0015226695732791817 -0.0066445681334438835 -0.0025376989964656653 -0.00049611238460484769 0.0038088841855880269 0.00056566582222920608 0.00099399423609894942 0.005128480793770037 0.0032187644841291841 -0.00060984640347624454 -0.0032692697008244987 0.0030810725107248489 -0.001774584608030632
leaf_weight=10.999999999999998 14.999999999999998 13.999999999999998 10.999999999999998 15.000000000000002 10.999999999999998 13.999999999999998 20 12.999999999999998 20 20 17 22 27 125 24 15.999999999999998 109 14.999999999999998 12.000000000000002 13.999999999999998
leaf_count=11 15 14 11 15 11 14 20 13 20 20 17 22 27 125 24 16 109 15 12 14
internal_value=-0.000510836 6.03754e-05 0.00839236 -0.000829085 -0.0107241 -0.000119441 -0.000858606 0.00522026 -2.79199e-05 -0.00235831 -0.000111509 0.00206396 0.000515876 0.000823258 0.00314907 0.00134391 0.000221232 -0.00157104 0.00108649 0
internal_weight=545 530 47 483 26 457 407 50 393 73 53 36 320 285 51 33 234 35 39 27
internal_count=545 530 47 483 26 457 407 50 393 73 53 36 320 285 51 33 234 35 39 27
is_linear=0
shrinkage=0.0529975


Tree=106
num_leaves=21
num_cat=0
split_feature=29 19 13 29 30 29 19 19 29 19 9 3 5 39 7 37 19 29 9 29
split_gain=1.56872 1.34581 1.23112 1.11143 1.52866 0.606414 1.76799 0.602274 0.172135 0.232061 0.0775814 0.077553 0.0693425 0.124584 0.0763351 0.054941 0.0539231 0.0407857 0.0391049 0.0527021
threshold=1.3382556559007897 0.56461929902412689 1.009141835424715 0.74954040166073665 0.23966141775408889 -0.8007581298917843 -0.95772725582126561 -0.95772725582126561 0.25849815300452755 -0.13695324231613623 -0.26022922174839475 -0.52153959772711989 -1.1644035560352715 -0.69848839585506151 -0.27206472911495433 1.0000000180025095e-35 0.12123585939265195 -0.33273871682312839 -0.4015808138966292 -0.91996353719568635
decision_type=2 2 2 2 2 2 2 2 2 2 2 2 2 2 2 2 2 2 2 2
left_child=1 3 10 5 -5 7 -7 -1 12 -10 -3 -11 17 14 -14 -15 -13 -8 -9 -20
right_child=-2 2 -4 4 -6 6 8 18 9 11 -12 16 13 15 -16 -17 -18 -19 19 -21
leaf_value=0.013434184494738065 -0.014700972692562814 -0.00062461334073345002 0.019948838372874551 0.0011178207217451331 -0.021279012968468642 -0.016202484550724015 0 0.0030618397504761784 -0.0063736495791900001 -0.002434229580015677 0.0036502585359088967 -0.00047667554698338461 0.00060219745023478159 -0.00064090811061664143 0.0049901299691619792 0.00093763603734362618 0.003094681309062125 -0.003145489157024858 -0.0021397331161208074 0.0017052097406316522
leaf_weight=10.999999999999998 14.999999999999998 13.999999999999998 10.999999999999998 15.000000000000002 10.999999999999998 13.999999999999998 20 10.999999999999998 20 20 22 17 28 104 23 130 15.999999999999998 14.999999999999998 12.999999999999998 15.000000000000002
leaf_count=11 15 14 11 15 11 14 20 11 20 20 22 17 28 104 23 130 16 15 13 15
internal_value=-0.000491953 5.71248e-05 0.00809041 -0.000799923 -0.0103515 -0.000114391 -0.000829211 0.00504521 -2.87852e-05 -0.002264 0.00196968 -0.000104603 0.000491962 0.000787538 0.00302042 0.000208473 0.00128538 -0.00150764 0.00104889 0
internal_weight=545 530 47 483 26 457 407 50 393 73 36 53 320 285 51 234 33 35 39 28
internal_count=545 530 47 483 26 457 407 50 393 73 36 53 320 285 51 234 33 35 39 28
is_linear=0
shrinkage=0.0529975


Tree=107
num_leaves=17
num_cat=0
split_feature=30 29 39 29 19 29 19 19 6 36 45 16 21 16 16 29
split_gain=1.55096 4.23075 0.688061 0.744394 0.56517 0.264723 0.376904 0.269742 0.204219 0.15808 0.0757406 0.0780787 0.0758814 0.0547015 0.0592528 0.0282944
threshold=-1.4739652562250283 1.0939113685825921 -1.037851409117408 0.74954040166073665 -1.1597747990198337 -0.15716204103522488 -0.32580081582471693 -0.94590896873541463 0.46114156163059888 -0.6680690471260996 1.221717239439402 0.49190068689733013 -1.0705623194006539 0.14088257271245438 -1.1928400721714438 1.0000000180025095e-35
decision_type=2 2 2 2 2 2 2 2 2 2 2 2 2 2 2 2
left_child=-1 2 -2 4 -4 7 8 -6 -7 -10 12 -12 -9 14 -8 -15
right_child=1 -3 3 -5 5 6 13 10 9 -11 11 -13 -14 15 -16 -17
leaf_value=0.013302540803794373 0.0082870963132598303 -0.024967055122338749 -0.0090506170774701244 -0.0096632692282247155 0.0077898231275389399 0.00037384369793874516 -0.0016010032194382147 0.0036987196120785359 -0.00090688028981158672 -0.0095919368983076875 0.0005704427346706301 -0.0038200735890219295 0.00079022703715475541 0.00017543169305706303 0.0010874239315523506 -0.0023595938036876014
leaf_weight=15.999999999999998 20 13.999999999999998 12.999999999999998 18 11.999999999999998 10.999999999999998 21 28 12.000000000000002 19 22 11.999999999999998 171 10.999999999999998 118 27
leaf_count=16 20 14 13 18 12 11 21 28 12 19 22 12 171 11 118 27
internal_value=-0.000473727 -0.00104788 -0.000104374 -0.000552495 -7.85295e-05 0.000270247 -0.00103553 0.00146214 -0.00520311 -0.00711067 0.000919754 -0.00114492 0.00132976 5.3303e-05 0.000583674 -0.00154312
internal_weight=545 529 515 495 477 464 219 245 42 31 233 34 199 177 139 38
internal_count=545 529 515 495 477 464 219 245 42 31 233 34 199 177 139 38
is_linear=0
shrinkage=0.0529975


Tree=108
num_leaves=28
num_cat=0
split_feature=39 38 39 30 9 30 13 3 28 10 1 19 13 39 1 8 39 39 39 3 39 3 9 8 22 0 5
split_gain=1.50182 2.28275 0.732654 0.922333 0.485317 0.773157 0.362751 0.487097 0.309078 0.294952 0.272031 0.252483 0.127324 0.0867544 0.0755701 0.0738055 0.0760855 0.0323236 0.0154193 0.0162472 0.0132206 0.0107263 0.002817 0.00134504 0.000280072 0.000334291 0.000239495
threshold=-1.1558530955085182 -0.85777646155359866 -0.39234954295270691 1.1485607431090135 -1.3628862788840881 0.17063488048219541 0.75301767733965008 0.065104295382068286 -0.90131216258272484 0.71733858489230296 -0.9833426888443445 0.34004903709483209 0.53629723588305667 0.60761844773504792 -1.2861886282759738 0.39208500430182752 1.65050754876311 1.7448722280453988 0.05076458324689672 -0.39648698101418961 1.4493800370583283 -0.27143436430125917 -0.02450230380552406 0.098819192396764219 0.17101989628371914 -0.64824898273645715 0.23006666666941752
decision_type=2 2 2 2 2 2 2 2 2 2 2 2 2 2 2 2 2 2 2 2 2 2 2 2 2 2 2
left_child=-1 -2 3 4 5 -3 10 -8 -4 -9 -6 12 -12 18 -15 17 -17 20 19 -10 -16 -19 26 -21 25 -24 -20
right_child=1 2 8 -5 6 -7 7 9 13 -11 11 -13 -14 14 15 16 -18 21 22 23 -22 -23 24 -25 -26 -27 -28
leaf_value=-0.015520953327071069 0.016769396282472832 0.001338225480248451 0.0080287502741991923 -0.014709968158050781 0.0063577900462172014 -0.0155362515791097 -0.0098705794615539105 0.0046727549904704863 -0.0021579595158554977 -0.003959209595082106 -0.0018304355659102935 0.0052073379066115118 0.0021371731773884256 0.0051329812224229334 0.0012843016013082791 0.00089783298203243594 -0.003689452110667775 0.0045879839305357634 0.00074843795097680015 -0.00039822936533968006 -8.6339492304036446e-05 0.0007860604613443902 0 2.8189435163240491e-06 2.4826118974534616e-05 -0.00030843400763657937 0
leaf_weight=11.999999999999998 15.999999999999998 11.000000000000002 11.999999999999998 10.999999999999998 12.999999999999998 10.999999999999998 20 13.999999999999998 13.999999999999998 19 119 13.999999999999998 21 10.999999999999998 55 17.000000000000004 10.999999999999998 11.000000000000002 15.000000000000002 19 14.999999999999998 11.999999999999998 10.999999999999998 20 15.999999999999998 12.000000000000002 12.999999999999998
leaf_count=12 16 11 12 11 13 11 20 14 14 19 119 14 21 11 55 17 11 11 15 19 15 12 11 20 16 12 13
internal_value=-0.000462206 3.27697e-05 -0.000658167 -0.00267445 -0.00175677 -0.00837003 -0.000859999 -0.00444311 0.00126472 0 0.000351372 -0.000331286 -0.00112412 0.00073643 0.00165078 0.0010518 -0.00103175 0.00177416 -0.000244614 -0.00089891 0.000915047 0.00341802 0.000208603 -6.43689e-05 0 -0.000163284 0.000571114
internal_weight=545 533 517 253 242 22 220 53 264 33 167 154 140 252 132 121 28 93 120 53 70 23 67 39 39 23 28
internal_count=545 533 517 253 242 22 220 53 264 33 167 154 140 252 132 121 28 93 120 53 70 23 67 39 39 23 28
is_linear=0
shrinkage=0.0529975


Tree=109
num_leaves=25
num_cat=0
split_feature=29 19 13 29 19 19 12 2 5 19 6 19 10 39 29 9 1 37 13 29 29 53 9 14
split_gain=1.44731 1.16794 1.14843 0.923316 2.6143 0.545655 0.181779 0.164202 0.144788 0.386957 0.170616 0.124935 0.12101 0.112355 0.0750863 0.0715531 0.0638826 0.0520217 0.0399822 0.0461001 0.0321814 0.0564597 0.0305423 0.0283015
threshold=1.3382556559007897 0.56461929902412689 1.009141835424715 0.55429414669926913 -0.1050883714161035 -1.1597747990198337 -1.0928251955869739 -0.067968886203945547 -1.0104878021227626 -0.61992875493280475 0.21253976309500919 -0.50832564867298069 0.85910532906678883 -0.77696491235144882 0.25224183869804911 -0.26022922174839475 -0.38286907847590818 1.6722873850234283 0.21121657369816649 -0.15716204103522488 -0.22963028636910135 1.0593795073025254 0.34869418108768963 -0.23431140544327742
decision_type=2 2 2 2 2 2 2 2 2 2 2 2 2 2 2 2 2 2 2 2 2 2 2 2
left_child=1 3 15 5 -5 -1 -6 -8 9 -7 13 18 -11 22 17 -3 -14 -15 19 -12 21 -13 -10 -22
right_child=-2 2 -4 4 6 8 7 -9 10 12 11 20 16 14 -16 -17 -18 -19 -20 -21 23 -23 -24 -25
leaf_value=-0.0086261428877416821 -0.014088722720988166 -0.00075362954973040119 0.019010521950423648 -0.024467309669779218 0.004055668819926409 0.0083852026752547389 0.0017259944608509973 -0.004955368726582577 0.0010365459848670001 0.0035627537439253221 -0.0017406925119085234 0.0019702260379417767 -0.0037019887803518459 0.00042635816413632974 -0.002580264946125514 0.0033276916194809551 0.00031787498570783995 0.0031760324373157375 0 -0.0064675642005686367 -0.0019393795263468847 -0.001264722925961348 0.0057196067617060996 0.00031549210734139555
leaf_weight=12.999999999999998 14.999999999999998 13.999999999999998 10.999999999999998 10.999999999999998 13.999999999999998 17 11.999999999999998 18.000000000000004 15.000000000000002 10.999999999999998 28.999999999999996 36 15.999999999999998 146 12.999999999999998 22 15.000000000000002 19 12.999999999999998 11.000000000000002 28 15.999999999999998 11.999999999999998 18
leaf_count=13 15 14 11 11 14 17 12 18 15 11 29 36 16 146 13 22 15 19 13 11 28 16 12 18
internal_value=-0.000439737 8.68184e-05 0.0075704 -0.000711018 -0.00681388 0.000140445 0 -0.00224647 0.000550605 0.00285573 0.000108306 -0.00119527 -4.85241e-06 0.00110828 0.000517285 0.00169321 -0.00183184 0.000884106 -0.00312248 -0.00386613 0 0.000826575 0.00399076 -0.00098808
internal_weight=545 530 47 483 55 428 44 30 415 59 356 151 42 205 178 36 31 165 53 40 98 52 27 46
internal_count=545 530 47 483 55 428 44 30 415 59 356 151 42 205 178 36 31 165 53 40 98 52 27 46
is_linear=0
shrinkage=0.0529975


Tree=110
num_leaves=24
num_cat=0
split_feature=39 30 29 19 19 31 9 5 19 6 39 34 39 10 19 29 32 18 29 13 29 9 14
split_gain=1.39142 2.14449 0.752521 2.57174 0.513233 0.389546 0.39779 0.139052 0.343576 0.195811 0.141635 0.136118 0.13381 0.117888 0.103349 0.0545255 0.0560287 0.0530751 0.0494909 0.0366399 0.0432138 0.0278563 0.026468
threshold=-1.1558530955085182 -1.4739652562250283 0.55429414669926913 -0.1050883714161035 -1.1597747990198337 0.1998839829155962 0.28561775879472229 -1.0104878021227626 -0.61992875493280475 0.21253976309500919 1.946446891419239 1.2938115221619257 -0.77696491235144882 0.85910532906678883 -0.50832564867298069 -0.008912818970167935 -0.79393799585672187 0.90394707516286066 0.25224183869804911 0.21121657369816649 -0.15716204103522488 0.34869418108768963 -0.23431140544327742
decision_type=2 2 2 2 2 2 2 2 2 2 2 2 2 2 2 2 2 2 2 2 2 2 2
left_child=-1 -2 4 -4 -3 -5 -7 8 -6 10 12 -8 21 -10 19 16 -16 -15 -14 20 -11 -9 -17
right_child=1 2 3 5 7 6 11 9 13 14 -12 -13 18 17 15 22 -18 -19 -20 -21 -22 -23 -24
leaf_value=-0.014920445733783391 0.017555254908622465 -0.008313287376879544 -0.023628087729915329 -0.0063321260789831477 0.0080566853505926357 0.009177040991756702 0.0018878987097881151 0.00099730045235851025 0.00358186203866651 -0.001664247000750094 0.0058991048747141107 -0.0042081676652484827 0.00050034591857664034 0.00023527497935165123 -0.0011692191149178372 -0.0027737381838107062 0.0016678489827516205 -0.0033583319941225252 -0.0019213015844612687 0 -0.0062457284845088036 0.0055174831340091103 0
leaf_weight=11.999999999999998 12.999999999999998 12.999999999999998 10.999999999999998 12.999999999999998 17 10.999999999999998 17.000000000000004 15.000000000000002 11.999999999999998 28.999999999999996 10.999999999999998 11.999999999999998 167 15.999999999999998 23 20 47 15.999999999999998 21 12.999999999999998 11.000000000000002 11.999999999999998 12.999999999999998
leaf_count=12 13 13 11 13 17 11 17 15 12 29 11 12 167 16 23 20 47 16 21 13 11 12 13
internal_value=-0.000425157 5.05941e-05 -0.000568886 -0.00568916 0.000199144 0 0.00268846 0.00057219 0.00280648 0.000159543 0.00116018 -0.000723856 0.000732632 0 -0.00123626 -0.000142359 0.000625058 -0.00162414 0.000142813 -0.00301322 -0.00372599 0.00385555 -0.00179513
internal_weight=545 533 520 64 456 53 40 443 61 382 226 29 215 44 156 103 70 32 188 53 40 27 33
internal_count=545 533 520 64 456 53 40 443 61 382 226 29 215 44 156 103 70 32 188 53 40 27 33
is_linear=0
shrinkage=0.0529975


Tree=111
num_leaves=17
num_cat=0
split_feature=29 39 29 19 38 29 19 39 1 35 8 29 29 19 13 39
split_gain=1.34911 1.07851 1.24853 1.39576 0.77489 0.526421 0.878499 0.256555 0.349317 0.217145 0.150794 0.0657792 0.0589006 0.128201 0.0428241 0.0372461
threshold=1.3382556559007897 -1.037851409117408 0.74954040166073665 0.2948654323460424 0.17567711778915571 -1.1125084092197188 -0.95772725582126561 1.2513520998271794 -1.250965315935926 -1.0499418511253469 0.39208500430182752 -0.15716204103522488 0.24207146523303721 -0.13695324231613623 -0.95611853142030256 1.7448722280453988
decision_type=2 2 2 2 2 2 2 2 2 2 2 2 2 2 2 2
left_child=1 4 5 -4 -1 -3 -7 9 -9 11 15 -8 14 -14 -11 -10
right_child=-2 2 3 -5 -6 6 7 8 10 12 -12 -13 13 -15 -16 -17
leaf_value=0.015551762214311687 -0.013591761290083651 0.0093022690900913911 -0.020980676711954735 0.001841934743866387 -0.00083668582825195572 -0.010076256227510239 -0.0012049862340893791 0.0098757139156286991 0.00056954966597601677 -0.00094521347143476577 -0.0031684971915025839 -0.0067201254281333989 -0.0042321572706582678 0.00014831539334146388 0.00084576207862629104 0.0038093152497073323
leaf_weight=15.000000000000002 14.999999999999998 10.999999999999998 11.000000000000002 10.999999999999998 10.999999999999998 18 21 10.999999999999998 29 36 11.999999999999998 10.999999999999998 19 63 229 22
leaf_count=15 15 11 11 11 11 18 21 11 29 36 12 11 19 63 229 22
internal_value=-0.000413588 9.42325e-05 -0.00048595 -0.0113695 0.0095425 0.000130099 -0.000183718 0.000320648 0.00305506 -0.000234374 0.00100814 -0.00404599 0.000160102 -0.00100653 0.000561154 0.00234338
internal_weight=545 530 504 22 26 482 471 453 74 379 63 32 347 82 265 51
internal_count=545 530 504 22 26 482 471 453 74 379 63 32 347 82 265 51
is_linear=0
shrinkage=0.0529975


Tree=112
num_leaves=18
num_cat=0
split_feature=30 29 39 29 19 29 5 25 26 19 39 9 29 45 2 47 29
split_gain=1.32668 3.66451 0.586165 0.609774 2.10745 0.429694 0.320905 0.277173 0.211408 0.165673 0.141428 0.137409 0.102376 0.086178 0.0757703 0.0290573 0.0143785
threshold=-1.6045160372440099 1.0939113685825921 -1.037851409117408 0.11881274814264779 -0.60422274417682142 -1.1125084092197188 -1.8458942291777902 -1.3308125281902385 -0.59205888581365251 -0.83382283659871825 -0.77090409534292548 -0.25153394435734083 -0.67053905945971526 -0.36806745177278138 -0.9436971355296101 0.86972378749100565 0.26696810119628295
decision_type=2 2 2 2 2 2 2 2 2 2 2 2 2 2 2 2 2
left_child=-1 2 -2 5 -5 -4 -7 -8 -6 12 11 -10 -9 -13 -11 16 -12
right_child=1 -3 3 4 8 6 7 9 10 14 15 13 -14 -15 -16 -17 -18
leaf_value=0.013344751802075954 0.0077227032240171113 -0.023159393769884837 0.0089832033162660484 -0.02031357781238434 -0.0062308771171873615 -0.0067699764094391818 0.0072939162347098558 0 -0.002200828694936637 -0.0016728770367502445 -0.00080395497524725996 0.0048999396774764446 -0.0059733744598290386 0.00018576491711792153 0.00097132087613840262 4.9968394953174257e-05 -0.0033418886768859951
leaf_weight=12.999999999999998 20 13.999999999999998 10.999999999999998 11.999999999999998 11.999999999999998 10.999999999999998 10.999999999999998 11.000000000000002 12.999999999999998 27 27 24 11.999999999999998 23 270 11.999999999999998 22
leaf_count=13 20 14 11 12 12 11 11 11 13 27 27 24 12 23 270 12 22
internal_value=-0.000403095 -0.000897015 -2.38582e-05 -0.000437005 -0.00326709 0.000741194 0.000305805 0.000677957 -0.000868824 0.000299126 -1.29558e-05 0.00167523 -0.00349694 0.00300684 0.000679538 -0.00177904 -0.00231057
internal_weight=545 532 518 498 145 353 342 331 133 320 121 60 23 47 297 61 49
internal_count=545 532 518 498 145 353 342 331 133 320 121 60 23 47 297 61 49
is_linear=0
shrinkage=0.0529975


Tree=113
num_leaves=17
num_cat=0
split_feature=39 38 29 29 27 29 6 27 9 2 29 5 17 37 29 30
split_gain=1.27922 1.92485 1.25341 0.475859 0.909587 1.59526 0.151513 0.112369 0.110691 0.103548 0.0875093 0.116547 0.0718879 0.0446604 0.0304893 0.0316182
threshold=-1.1558530955085182 -0.85777646155359866 0.96361458521015575 -1.1125084092197188 -0.71234336683650412 -0.54213609959460229 0.7166142897572868 0.4588844275182275 -1.6711790476729631 -0.64451090451856097 -0.36400999389897842 -1.2005873136312886 1.0000000180025095e-35 -0.78948456671466416 -0.09068881691203412 -0.86239305648859632
decision_type=2 2 2 2 2 2 2 2 2 2 2 2 2 2 2 2
left_child=-1 -2 3 -3 5 9 -7 8 12 -5 13 -12 -6 -10 -9 -16
right_child=1 2 -4 4 7 6 -8 14 10 -11 11 -13 -14 -15 15 -17
leaf_value=-0.014295665574819563 0.015427610348294029 0.0086750817341768541 -0.013262096525244793 0.005042838585037593 -0.0050718424948651515 -0.019224387498782594 -0.0056410640292896153 0.0048668168843197142 0.0042223625584807585 -0.00048456341043053984 -0.0038780333746380527 0.00014170778996215928 0 0.00097452259659593196 -7.9742296686865772e-05 0.0025994571742458507
leaf_weight=11.999999999999998 15.999999999999998 10.999999999999998 14.999999999999998 12.000000000000002 12.000000000000002 12.000000000000002 12.999999999999998 11.999999999999998 10.999999999999998 13.999999999999998 15.999999999999998 228 10.999999999999998 117 16.999999999999996 16.000000000000004
leaf_count=12 16 11 15 12 12 12 13 12 11 14 16 228 11 117 17 16
internal_value=-0.000396727 5.87964e-05 -0.000574911 -2.99909e-05 -0.000341381 -0.00665044 -0.0148441 0.000453818 0.00013089 0.00231522 0.000387487 -0.000180639 -0.00300029 0.00148222 0.00280275 0.00124012
internal_weight=545 533 517 502 491 51 25 440 395 26 372 244 23 128 45 33
internal_count=545 533 517 502 491 51 25 440 395 26 372 244 23 128 45 33
is_linear=0
shrinkage=0.0529975


Tree=114
num_leaves=18
num_cat=0
split_feature=29 39 29 0 28 19 37 3 29 10 30 7 39 1 8 30 5
split_gain=1.22547 1.01179 1.07716 1.27375 0.723638 0.450052 0.309448 0.176981 0.154137 0.217199 0.14908 0.111882 0.0646752 0.0560532 0.0865072 0.0435342 0.0176994
threshold=1.3382556559007897 -1.037851409117408 0.74954040166073665 1.0722266725251193 0.057306762566011353 -1.1597747990198337 2.1084445962342691 -0.17764490176656142 0.24627008227285696 -0.27493945470955228 1.0684567549518114 -0.19967188325312279 -0.72037846618712831 0.85460602172471811 0.66579977688026848 0.34485729356418537 0.74143221605516674
decision_type=2 2 2 2 2 2 2 2 2 2 2 2 2 2 2 2 2
left_child=1 4 5 -4 -1 -3 8 -8 10 12 13 -11 16 14 -7 -15 -10
right_child=-2 2 3 -5 -6 6 7 -9 9 11 -12 -13 -14 15 -16 -17 -18
leaf_value=-0.00077667568954452163 -0.012946281093408049 -0.007874493392186814 -0.019770350210843418 0.0019430195561502411 0.015055408016003993 0.0010151785669874961 0.0089895968282322925 0.0003217566028715743 0 -0.0075640956888423528 0.0043704734159521544 -0.001150453512462749 -0.0014509434926461286 3.9151032787556536e-05 -0.0013077555525806582 -0.0025031567587767722 0.0028494762928499163
leaf_weight=11.000000000000002 14.999999999999998 12.999999999999998 11.000000000000002 10.999999999999998 14.999999999999998 229 12.000000000000002 13.999999999999998 12.000000000000002 14.999999999999998 21 21 22 32 48 27 15.999999999999998
leaf_count=11 15 13 11 11 15 229 12 14 12 15 21 21 22 32 48 27 16
internal_value=-0.000386146 9.71571e-05 -0.000464442 -0.0105734 0.00924867 0.000106902 0.000439455 0.00547559 5.91445e-05 -0.0018619 0.000564272 -0.00468758 0.00033196 0.000233502 0.000568787 -0.00114042 0.0019471
internal_weight=545 530 504 22 26 482 469 26 443 86 357 36 50 336 277 59 28
internal_count=545 530 504 22 26 482 469 26 443 86 357 36 50 336 277 59 28
is_linear=0
shrinkage=0.0529975


Tree=115
num_leaves=21
num_cat=0
split_feature=30 29 39 29 19 6 5 29 19 3 39 9 19 2 45 13 29 14 31 2
split_gain=1.23054 3.22482 0.516376 0.522558 1.48757 0.892532 0.608838 0.275472 0.842152 0.183853 0.160259 0.115136 0.0582917 0.0767762 0.054961 0.0510125 0.0490589 0.0418344 0.0360528 7.6394e-05
threshold=-1.6045160372440099 1.0939113685825921 -1.037851409117408 -0.75396955002774324 -0.77729306540003507 0.60253933251252334 -1.0104878021227626 0.24627008227285696 -0.3548451245661281 -0.19603499245963937 -0.77090409534292548 -0.25153394435734083 0.45888442751823744 -1.0530676585040981 1.0000000180025095e-35 -0.054758513544016361 -0.09068881691203412 -1.3722024432560602 -0.2727259461694394 -0.030693403573419008
decision_type=2 2 2 2 2 2 2 2 2 2 2 2 2 2 2 2 2 2 2 2
left_child=-1 2 -2 6 5 -5 -4 12 -9 -8 11 -10 13 17 -12 -15 -14 -6 -11 -20
right_child=1 -3 3 4 7 -7 9 8 10 18 14 -13 16 15 -16 -17 -18 -19 19 -21
leaf_value=0.012862241936257722 0.0072361642913753325 -0.021737935468055414 0.012702779201482224 -0.019427604187552423 0 -0.00023215033169544623 0.0052834207371265712 -0.0130080940561801 -0.0018074338914668895 -0.0030200167110338966 -0.0048422304961480431 0.0029044587105155717 0.004597503729261156 0 -0.00050348056501328523 0.001482228564626842 0.00025462138494815941 -0.0039879277793410141 0.00011235860114808137 0
leaf_weight=12.999999999999998 20 13.999999999999998 10.999999999999998 13.000000000000002 11.000000000000002 11.999999999999998 10.999999999999998 11.999999999999998 14.999999999999998 11.999999999999995 14.999999999999998 38 11.999999999999998 163 23 97 20 10.999999999999998 10.999999999999996 11.000000000000007
leaf_count=13 20 14 11 13 11 12 11 12 15 12 15 38 12 163 23 97 20 11 11 11
internal_value=-0.000377316 -0.000853576 -3.35035e-05 -0.000421937 -0.00106071 -0.0122665 0.00412208 -0.000208019 -0.00251844 0.000640587 -0.000344519 0.00140435 0.000561021 0.000264578 -0.00280144 0.000558609 0.00253557 -0.00233622 -0.00125379 0
internal_weight=545 532 518 498 442 25 56 417 103 45 91 53 314 282 38 260 32 22 34 22
internal_count=545 532 518 498 442 25 56 417 103 45 91 53 314 282 38 260 32 22 34 22
is_linear=0
shrinkage=0.0529975


Tree=116
num_leaves=19
num_cat=0
split_feature=39 30 29 19 29 19 31 9 12 10 39 29 37 39 9 9 39 45
split_gain=1.17782 1.76867 0.531178 2.14584 0.423378 0.702168 0.350212 0.37475 0.127195 0.0928691 0.132722 0.0822527 0.0979555 0.0762964 0.131512 0.0510286 0.022331 0.0123198
threshold=-1.1558530955085182 -1.4739652562250283 0.55429414669926913 -0.1050883714161035 -1.1125084092197188 -0.95772725582126561 0.1998839829155962 0.28561775879472229 -1.2216340418975589 -0.070679045973420548 1.8227470085125217 0.20235630727881282 2.1084445962342691 -0.47999791929632923 0.49828900170355284 0.35752137825369174 -0.26233452934068974 -0.36806745177278138
decision_type=2 2 2 2 2 2 2 2 2 2 2 2 2 2 2 2 2 2
left_child=-1 -2 4 -4 -3 -6 -5 -8 -9 10 13 12 15 14 -7 -11 -15 -13
right_child=1 2 3 6 5 9 7 8 -10 11 -12 17 -14 16 -16 -17 -18 -19
leaf_value=-0.013706535988731035 0.015964395696872892 0.0083657432173106575 -0.021191004515352805 -0.0056653832952006508 -0.0089810275611527067 0.00010958548247313364 0.009152798384152807 0.0029060940809358588 -0.0030383611371954341 0.00096320749426467974 0.0055828173090454328 -0.00048120064950336801 -0.0036212883683580071 -0.0016561156589981003 0.0052838047017562933 -0.00079404950943307863 0.00020998111853749352 -0.0039327530816574453
leaf_weight=11.999999999999998 12.999999999999998 10.999999999999998 10.999999999999998 12.999999999999998 18 40 10.999999999999998 10.999999999999995 18.000000000000007 131 11.999999999999998 12.000000000000002 12.999999999999998 14.999999999999998 18 61 112 12.999999999999998
leaf_count=12 13 11 11 13 18 40 11 11 18 131 12 12 13 15 18 61 112 13
internal_value=-0.00036945 6.70096e-05 -0.000494611 -0.0047966 0.000148479 -0.000147687 0.000295637 0.00287084 -0.00047239 0.000327766 0.00116395 -0.000370223 0 0.000674474 0.00216915 0.000362496 -2.26383e-05 -0.00291494
internal_weight=545 533 520 64 456 445 53 40 29 427 197 230 205 185 58 192 127 25
internal_count=545 533 520 64 456 445 53 40 29 427 197 230 205 185 58 192 127 25
is_linear=0
shrinkage=0.0529975


Tree=117
num_leaves=14
num_cat=0
split_feature=29 39 29 1 28 19 25 45 2 39 3 8 13
split_gain=1.13652 0.938676 0.931885 1.20273 0.686612 0.398664 0.284385 0.304309 0.2022 0.118172 0.0666748 0.0664233 0.0455518
threshold=1.3382556559007897 -1.037851409117408 0.74954040166073665 0.33725197380951638 0.057306762566011353 -1.1597747990198337 -1.2633808432044347 -0.9358476986342753 -1.0530676585040981 1.9373597581478144 -0.87095132089560212 -1.059197870349244 -0.16311873427231305
decision_type=2 2 2 2 2 2 2 2 2 2 2 2 2
left_child=1 4 5 -4 -1 -3 7 -7 -8 10 11 -10 -12
right_child=-2 2 3 -5 -6 6 8 -9 9 -11 12 -13 -14
leaf_value=-0.00080711839097484495 -0.012454416554468713 -0.0074144579606687218 -0.018798112992913642 0.0021842230759717214 0.01458099867792473 -0.00041297377093895196 -0.004910617208805472 0.0090763558785790146 0.00015200767466433306 0.0038384612200363759 -0.00023974982093339297 -0.0032808721046813632 0.00092069574297889685
leaf_weight=11.000000000000002 14.999999999999998 12.999999999999998 11.000000000000002 10.999999999999998 14.999999999999998 14.000000000000002 15.999999999999998 14.999999999999998 24 19 175 25 181
leaf_count=11 15 13 11 11 15 14 16 15 24 19 175 25 181
internal_value=-0.00035825 0.000106565 -0.000434008 -0.00983668 0.00892118 9.64447e-05 0.000410313 0.00500989 2.82166e-05 0.000296712 5.99828e-05 -0.00163921 0.000336435
internal_weight=545 530 504 22 26 482 469 29 440 424 405 49 356
internal_count=545 530 504 22 26 482 469 29 440 424 405 49 356
is_linear=0
shrinkage=0.0529975


Tree=118
num_leaves=15
num_cat=0
split_feature=30 29 39 29 30 19 19 9 2 19 19 45 29 45
split_gain=1.13518 2.88955 0.44955 0.471581 1.32791 0.578268 0.559673 0.797656 0.168609 0.0619102 0.104571 0.0587055 0.0409448 0.0316794
threshold=-1.6045160372440099 1.0939113685825921 -1.037851409117408 -0.8007581298917843 1.2529128884377021 -0.95772725582126561 -0.71234336683649502 -0.90716431318354485 -1.0530676585040981 -0.592058405594727 -0.50025667382205452 0.99460514069480432 -0.85191837106913615 0.54038094320560914
decision_type=2 2 2 2 2 2 2 2 2 2 2 2 2 2
left_child=-1 2 -2 5 6 -4 7 -5 11 -10 -11 -8 13 -7
right_child=1 -3 3 4 -6 12 8 -9 9 10 -12 -13 -14 -15
leaf_value=0.012365394279868387 0.0067508543544309825 -0.020577104383288906 0.012356246748611953 -0.015079023616762409 -0.015514669458509768 0.00079011769330725992 -0.004598697195507412 0.00015865351548872549 0.0030452526293801314 -0.0030435783984863411 0.00055207986202308261 0 0.0024589080041403488 -0.0021176361848298051
leaf_weight=12.999999999999998 20 13.999999999999998 10.999999999999998 11.000000000000002 10.999999999999998 12.999999999999998 20.000000000000004 20 20 18 337 10.999999999999998 12.000000000000002 13.999999999999998
leaf_count=13 20 14 11 11 11 13 20 20 20 18 337 11 12 14
internal_value=-0.000350067 -0.000808125 -3.11367e-05 -0.000394444 -0.000968499 0.00417727 -0.000381531 -0.00662713 0.000167911 0.000513107 0.000302889 -0.00322541 0.000375937 -0.000616766
internal_weight=545 532 518 498 448 50 437 31 406 375 355 31 39 27
internal_count=545 532 518 498 448 50 437 31 406 375 355 31 39 27
is_linear=0
shrinkage=0.0529975


Tree=119
num_leaves=17
num_cat=0
split_feature=39 38 29 29 27 29 6 37 38 9 9 29 14 31 9 3
split_gain=1.08531 1.60743 0.935563 0.397157 0.661053 1.30651 0.156971 0.110773 0.0948342 0.0809447 0.0870048 0.0852982 0.0562217 0.0311281 0.0388846 0.00473752
threshold=-1.1558530955085182 -0.85777646155359866 0.96361458521015575 -1.1125084092197188 -0.71234336683650412 -0.54213609959460229 0.7166142897572868 -0.7098019992819159 -0.28992675498330472 -1.6711790476729631 -1.2675046617896286 -0.36400999389897842 0.04698879535430648 0.53546145317687588 -0.79385483063764473 -0.19603499245963937
decision_type=2 2 2 2 2 2 2 2 2 2 2 2 2 2 2 2
left_child=-1 -2 3 -3 5 7 -7 -5 13 12 -11 -12 -10 14 -6 -16
right_child=1 2 -4 4 8 6 -8 -9 9 10 11 -13 -14 -15 15 -17
leaf_value=-0.013145519110749069 0.014120760189946914 0.0079216832371496737 -0.0114636925807778 0.0050235093084938232 0.0029921067527990566 -0.017261397173714582 -0.004697123726855254 -0.00069072654144844165 -0.0044438233744933621 0.0037004313425671605 0.0011938895556836502 -0.00048936513771249003 0 0.0046456415433685115 -0.00085095631349991943 0.00027456781989655877
leaf_weight=11.999999999999998 15.999999999999998 10.999999999999998 14.999999999999998 13.000000000000002 10.999999999999995 12.000000000000002 12.999999999999998 12.999999999999998 12.000000000000002 13.999999999999998 123 236 10.999999999999998 10.999999999999998 10.999999999999998 11.000000000000005
leaf_count=12 16 11 15 13 11 12 13 13 12 14 123 236 11 11 11 11
internal_value=-0.000342428 7.59021e-05 -0.000502318 -2.95855e-05 -0.000315202 -0.0056942 -0.0131259 0.0023541 0.000360788 6.69735e-05 0.000289127 7.8352e-05 -0.00260965 0.00254023 0.00105288 -0.000100437
internal_weight=545 533 517 502 491 51 25 26 440 396 373 359 23 44 33 22
internal_count=545 533 517 502 491 51 25 26 440 396 373 359 23 44 33 22
is_linear=0
shrinkage=0.0529975


Tree=120
num_leaves=15
num_cat=0
split_feature=29 39 29 1 28 29 19 37 3 32 8 29 37 19
split_gain=1.03599 0.877114 0.81191 1.12883 0.645312 0.357902 0.557792 0.177512 0.249296 0.149476 0.114798 0.0548215 0.067534 0.0637251
threshold=1.3382556559007897 -1.037851409117408 0.74954040166073665 0.33725197380951638 0.057306762566011353 -1.1125084092197188 -0.95772725582126561 2.1084445962342691 -0.16109382014279092 -1.1890938102248483 0.71531411641482723 -0.42378981793710108 -0.78948456671466416 -0.50025667382205452
decision_type=2 2 2 2 2 2 2 2 2 2 2 2 2 2
left_child=1 4 5 -4 -1 -3 -7 9 -9 10 -8 12 -11 -13
right_child=-2 2 3 -5 -6 6 7 8 -10 11 -12 13 -14 -15
leaf_value=-0.00078146562437348571 -0.011880103203833082 0.007649971464369811 -0.01788981473443587 0.0023469261402259702 0.014121071632292325 -0.008055074232195791 0.00049084721213559683 0.0081820076537314074 -0.0010136989158722317 0.0041101527868547981 -0.005236000423273492 -0.0020396474143421915 0.00052589997225156802 0.0001752061100520235
leaf_weight=11.000000000000002 14.999999999999998 10.999999999999998 11.000000000000002 10.999999999999998 14.999999999999998 18 11.000000000000002 12.000000000000002 10.999999999999998 13.999999999999998 20 36 95 254
leaf_count=11 15 11 11 11 15 18 11 12 11 14 20 36 95 254
internal_value=-0.00033079 0.000112297 -0.000409904 -0.00918649 0.008633 8.4333e-05 -0.000171664 0.000227507 0.00424304 -2.6659e-05 -0.00326491 0.000252304 0.00123732 -0.000111894
internal_weight=545 530 504 22 26 482 471 453 23 430 31 399 109 290
internal_count=545 530 504 22 26 482 471 453 23 430 31 399 109 290
is_linear=0
shrinkage=0.0529975


Tree=121
num_leaves=19
num_cat=0
split_feature=39 38 29 29 19 29 6 43 38 29 29 10 3 45 44 31 9 3
split_gain=1.0185 1.50515 0.857981 0.3478 0.57946 1.19337 0.153681 0.102548 0.0892596 0.0737108 0.145074 0.0596815 0.0599007 0.0534176 0.0327068 0.0289697 0.0363144 0.00475695
threshold=-1.1558530955085182 -0.85777646155359866 0.99250610888350865 -1.1125084092197188 -0.71234336683649502 -0.54213609959460229 0.7166142897572868 1.0000000180025095e-35 -0.28992675498330472 0.60923513714294653 0.7731741465887918 -0.070679045973420548 0.18280087581776763 1.221717239439402 0.70547720845605821 0.53546145317687588 -0.79385483063764473 -0.19603499245963937
decision_type=2 2 2 2 2 2 2 2 2 2 2 2 2 2 2 2 2 2
left_child=-1 -2 3 -3 5 7 -7 -5 15 11 14 13 -13 -10 -11 16 -6 -18
right_child=1 2 -4 4 8 6 -8 -9 9 10 -12 12 -14 -15 -16 -17 17 -19
leaf_value=-0.012720568844082189 0.013678027711220076 0.0073875792456471997 -0.011844796880148367 0.0048801537199594947 0.0028659166647950129 -0.016477086501280346 -0.0043603386058957356 -0.00061273358864736909 0.0014110278835819726 -0.00076306287957190436 0.0017054771966114155 -0.0011965318698462302 0.00059194642009821434 -0.00088089113547409046 -0.0060204949354732808 0.0044522567020241748 -0.00086083827006151585 0.00025914067639868889
leaf_weight=11.999999999999998 15.999999999999998 10.999999999999998 11.999999999999998 13 10.999999999999995 12.000000000000002 12.999999999999998 13 144 11.000000000000002 11.999999999999998 103 91 27 10.999999999999998 10.999999999999998 10.999999999999998 11.000000000000005
leaf_count=12 16 11 12 13 11 12 13 13 144 11 12 103 91 27 11 11 11 11
internal_value=-0.000317276 8.74255e-05 -0.000471821 -5.20793e-05 -0.000318321 -0.00535609 -0.0124641 0.00231529 0.000309878 2.71827e-05 -0.00211528 0.000276545 -0.000330088 0.0009921 -0.00436773 0.00242299 0.00098685 -0.000115802
internal_weight=545 533 517 505 494 51 25 26 443 399 34 365 194 171 22 44 33 22
internal_count=545 533 517 505 494 51 25 26 443 399 34 365 194 171 22 44 33 22
is_linear=0
shrinkage=0.0529975


Tree=122
num_leaves=19
num_cat=0
split_feature=30 29 39 29 19 29 5 25 31 39 13 37 6 31 10 53 12 34
split_gain=1.00413 2.44684 0.407289 0.417163 1.53498 0.269877 0.215903 0.250034 0.124345 0.169529 0.0782422 0.162194 0.0736506 0.0607192 0.0567893 0.0491514 0.0427497 0.0398283
threshold=-1.6045160372440099 1.0939113685825921 -1.037851409117408 0.11881274814264779 -0.60422274417682142 -1.1125084092197188 -1.8458942291777902 -1.3308125281902385 -0.061487483200831784 -0.84506682601750038 -0.9708949251559793 -0.63011943184916475 -0.25002417953586903 0.4735612641560622 0.19355390449956708 1.0000000180025095e-35 0.12672951179837308 1.8287459743947443
decision_type=2 2 2 2 2 2 2 2 2 2 2 2 2 2 2 2 2 2
left_child=-1 2 -2 5 -5 -4 -7 -8 14 12 11 -9 -10 -12 -6 17 -14 -11
right_child=1 -3 3 4 8 6 7 10 9 15 13 -13 16 -15 -16 -17 -18 -19
leaf_value=0.01164667249402216 0.0064278827423443555 -0.018934535272820675 0.0071341873894497912 -0.017263279550010946 -0.00012103702122080709 -0.0055481928587034395 0.0068358031528560747 -0.0057264115475195217 0 -0.0030581177134386978 0.00013237599804596614 0.00010771337419769384 0.0061439934010231317 0.0020813586345907039 -0.0050705363551578489 0.00049969251751355126 0.00061962061423752324 0
leaf_weight=12.999999999999998 20 13.999999999999998 10.999999999999998 11.999999999999998 14.000000000000002 10.999999999999998 10.999999999999998 11.999999999999998 12.999999999999998 33 210 43 12.000000000000002 55 15.999999999999998 21 10.999999999999998 12.999999999999998
leaf_count=13 20 14 11 12 14 11 11 12 13 33 210 43 12 55 16 21 11 13
internal_value=-0.000311135 -0.000742874 -2.68251e-05 -0.000373302 -0.00271535 0.000598559 0.000248969 0.000557645 -0.000664379 0.000198242 0.000198639 -0.00148849 0.00292346 0.00059976 -0.00335974 -0.00129024 0.0044173 -0.0022051
internal_weight=545 532 518 498 145 353 342 331 133 103 320 55 36 265 30 67 23 46
internal_count=545 532 518 498 145 353 342 331 133 103 320 55 36 265 30 67 23 46
is_linear=0
shrinkage=0.0529975


Tree=123
num_leaves=19
num_cat=0
split_feature=29 13 19 29 0 19 19 3 10 10 37 29 37 25 37 13 10 13
split_gain=0.945288 0.780004 0.952615 0.728746 1.20926 0.322475 0.167037 0.137613 0.21421 0.0856077 0.105817 0.0948345 0.0734231 0.0630678 0.079202 0.0381902 0.0335133 0.0301665
threshold=1.3382556559007897 1.009141835424715 0.56461929902412689 0.74954040166073665 1.2070188308161685 -1.1597747990198337 -0.95772725582126561 0.090850422352377599 0.70302013324095325 -0.083806008565617887 1.7603575911333127 0.20235630727881282 2.1084445962342691 -0.22643905175077586 -0.40155627789733084 0.60525373998288179 0.62935804689082298 0.41808608599764202
decision_type=2 2 2 2 2 2 2 2 2 2 2 2 2 2 2 2 2 2
left_child=1 3 7 5 -5 -1 -7 -3 -9 10 13 12 16 14 -8 -13 -11 -15
right_child=-2 2 -4 4 -6 6 9 8 -10 11 -12 15 -14 17 -16 -17 -18 -19
leaf_value=-0.0069959677527898162 -0.011332928386083409 -0.0025334038871697882 0.01654838472418144 -0.017370207769650776 0.0031234160786829724 0.005241239555978122 0.0048475126181040194 0.0069854606793573063 -0.00076858289287080243 -0.00055639093801830184 0.0043983777947253959 -0.00474091348366148 -0.0031623860865780166 -0.00036376472188490817 0 -0.00033995301714327442 0.00083428076663732129 0.001858868820444632
leaf_weight=11.999999999999998 14.999999999999998 11.999999999999998 10.999999999999998 12.000000000000002 10.999999999999998 11.999999999999998 11.999999999999998 13.000000000000002 15.999999999999998 87 14.999999999999998 15.000000000000002 14.999999999999998 146 22 13.999999999999998 92 12.999999999999998
leaf_count=12 15 12 11 12 11 12 12 13 16 87 15 15 15 146 22 14 92 13
internal_value=-0.000300155 0.000122355 0.00593966 -0.000561806 -0.008709 -2.68934e-05 0.00023724 0.0011965 0.00310912 1.19263e-05 0.00078922 -0.000684264 -0.000181926 0.000349531 0.00223857 -0.00323818 0.000124486 -7.87559e-05
internal_weight=545 530 52 478 23 455 443 41 29 431 208 223 194 193 34 29 179 159
internal_count=545 530 52 478 23 455 443 41 29 431 208 223 194 193 34 29 179 159
is_linear=0
shrinkage=0.0529975


Tree=124
num_leaves=20
num_cat=0
split_feature=30 29 39 29 19 29 7 32 26 12 13 37 26 39 31 45 3 15 30
split_gain=0.971365 2.23656 0.354627 0.371112 1.41378 0.264036 0.207027 0.14485 0.130692 0.130739 0.0758113 0.147825 0.0528672 0.100379 0.0504449 0.0283025 0.028211 0.0223915 0.0250374
threshold=-1.6045160372440099 1.0939113685825921 -1.037851409117408 0.11881274814264779 -0.60422274417682142 -1.1125084092197188 -1.897707229271955 -1.3308125281902408 0.81589188954728264 -0.65084654191805058 -0.9708949251559793 -0.63011943184916475 -0.59205888581365251 -0.88168880801376159 0.53546145317687588 -1.0000000180025095e-35 -0.33947769986564769 -1.2011624621080916 0.25202357818623405
decision_type=2 2 2 2 2 2 2 2 2 2 2 2 2 2 2 2 2 2 2
left_child=-1 2 -2 5 -5 -4 -7 -8 12 17 11 -9 -6 16 -12 -15 -14 -10 -19
right_child=1 -3 3 4 8 6 7 10 9 -11 14 -13 13 15 -16 -17 -18 18 -20
leaf_value=0.011473771496193105 0.0059948742677306882 -0.018104723603711733 0.0070272221525814679 -0.016521409713957862 -0.0046645355140562681 -0.0052891482125752053 0.0049251680639163121 -0.0054757828153233577 -0.0018469775370596974 0.004803430120725748 0.00021582946997041619 8.8078919109667124e-05 -7.579517105950795e-06 -0.0034036573309055656 0.0020913074094286053 -0.00029345188576639775 0.0028964973142863795 -0.00067896292904320074 0.001914013649749303
leaf_weight=12.999999999999998 20 13.999999999999998 10.999999999999998 11.999999999999998 11.999999999999998 11.999999999999998 13.999999999999998 11.999999999999998 11.999999999999995 13.999999999999998 213 43 11.000000000000002 25.999999999999996 48 20.000000000000004 10.999999999999998 15.000000000000005 11.999999999999998
leaf_count=13 20 14 11 12 12 12 14 12 12 14 213 43 11 26 48 20 11 15 12
internal_value=-0.000287194 -0.00071225 -2.70493e-05 -0.0003512 -0.00256069 0.000564538 0.000219096 0.000531003 -0.000592422 0.00128851 0.000226539 -0.00143032 -0.00192271 -0.00100568 0.000626127 -0.00237551 0.00150436 -0.000290009 0.000400193
internal_weight=545 532 518 498 145 353 342 330 133 53 316 55 80 68 261 46 22 39 27
internal_count=545 532 518 498 145 353 342 330 133 53 316 55 80 68 261 46 22 39 27
is_linear=0
shrinkage=0.0529975


Tree=125
num_leaves=19
num_cat=0
split_feature=39 30 29 30 5 19 31 29 46 29 3 30 46 6 16 7 31 2
split_gain=0.917955 1.34987 0.355643 1.09209 0.565314 0.430626 0.226728 0.550645 0.274091 0.236876 0.151221 0.117637 0.0789102 0.0597638 0.0663358 0.0626557 0.0297106 0.000258209
threshold=-1.1558530955085182 -1.4739652562250283 -0.75396955002774324 1.2529128884377021 -1.0104878021227626 -0.77729306540003507 0.66856331366879385 0.55429414669926913 0.78147191447403119 0.7731741465887918 -0.19603499245963937 0.86544403751546073 0.78147191447403119 0.21253976309500919 -0.15854754883579306 -0.097644030527205453 -0.2727259461694394 -0.030693403573419008
decision_type=2 2 2 2 2 2 2 2 2 2 2 2 2 2 2 2 2 2
left_child=-1 -2 4 5 -3 -4 7 13 -9 11 -6 12 -8 14 -7 -15 -12 -18
right_child=1 2 3 -5 10 6 9 8 -10 -11 16 -13 -14 15 -16 -17 17 -19
leaf_value=-0.012055891301318327 0.013991607092789817 0.011610793636060436 -0.007287120241685042 -0.014093704912632114 0.00438099648754562 0 -0.00095767153176239562 -0.010409629203683868 0 0.006579804757797022 -0.00318345945188465 0.0046956052867190888 0.0024669038702625 0 0.002393574300454105 -0.0024086781230211883 0 -0.00020656790730787751
leaf_weight=11.999999999999998 12.999999999999998 10.999999999999998 18 10.999999999999998 10.999999999999998 88 70 17 11.000000000000002 19 11.999999999999995 10.999999999999998 19 120 43 37 10.999999999999996 11.000000000000007
leaf_count=12 13 11 18 11 11 88 70 17 11 19 12 11 19 120 43 37 11 11
internal_value=-0.00027987 0.000103472 -0.000386 -0.000891321 0.00336952 -0.000375582 0 -0.000738129 -0.00711716 0.00192124 8.96502e-05 0.000648065 -4.3488e-05 0 0.00083006 -0.000671378 -0.00157276 0
internal_weight=545 533 520 464 56 453 435 316 28 119 45 100 89 288 131 157 34 22
internal_count=545 533 520 464 56 453 435 316 28 119 45 100 89 288 131 157 34 22
is_linear=0
shrinkage=0.0529975


Tree=126
num_leaves=14
num_cat=0
split_feature=29 39 29 19 29 19 25 17 2 39 3 30 8
split_gain=0.879314 0.774702 0.655691 0.991663 0.617669 0.313094 0.239361 0.249427 0.177837 0.0777175 0.059178 0.0570424 0.0526896
threshold=1.3382556559007897 -1.037851409117408 0.74954040166073665 0.2948654323460424 0.7731741465887918 -1.1597747990198337 -1.2633808432044347 -1.5396878263841973 -1.0530676585040981 1.9373597581478144 -0.87095132089560212 1.0555148531397263 -1.059197870349244
decision_type=2 2 2 2 2 2 2 2 2 2 2 2 2
left_child=1 4 5 -4 -1 -3 7 -7 -8 10 12 -12 -10
right_child=-2 2 3 -5 -6 6 8 -9 9 -11 11 -13 -14
leaf_value=-0.00016200544288325303 -0.010909951958904122 -0.0065630422343765753 -0.0164241320862504 0.0024407763539157044 0.014250040393965373 -0.00075423545442468182 -0.0046123249547761445 0.0078792104851989793 5.5377428334946744e-05 0.0031475671970048677 0.00013508017471070338 0.0028503226749651586 -0.0029810473337574914
leaf_weight=13.000000000000002 14.999999999999998 12.999999999999998 11.000000000000002 10.999999999999998 12.999999999999998 12.000000000000002 15.999999999999998 17 24 19 338 18 25
leaf_count=13 15 13 11 11 13 12 16 17 24 19 338 18 25
internal_value=-0.000268308 0.000138524 -0.000351776 -0.00823971 0.00814583 9.07651e-05 0.000370428 0.00459005 1.86816e-05 0.000271563 7.56907e-05 0.000336603 -0.00152294
internal_weight=545 530 504 22 26 482 469 29 440 424 405 356 49
internal_count=545 530 504 22 26 482 469 29 440 424 405 356 49
is_linear=0
shrinkage=0.0529975


Tree=127
num_leaves=18
num_cat=0
split_feature=30 29 39 29 30 16 39 5 39 7 3 27 39 29 26 30 29
split_gain=0.886678 2.0351 0.313862 0.329717 1.22752 0.296963 0.221544 0.415071 0.164089 0.0981675 0.114652 0.082296 0.0999489 0.0852449 0.0818549 0.050199 0.0448747
threshold=-1.6045160372440099 1.0939113685825921 -1.037851409117408 -0.15716204103522488 0.90938718312148792 0.86798988183774373 -0.812326624193484 -1.2693510750792598 -0.69589724420944676 0.46674471639985715 -0.46820833471719359 -0.32580081582472792 -0.82452217299705011 0.69848664362485546 0.83675699829851558 0.57768355033597929 0.11881274814264779
decision_type=2 2 2 2 2 2 2 2 2 2 2 2 2 2 2 2 2
left_child=-1 2 -2 6 5 11 -4 -8 -9 10 -10 15 13 -13 -11 -5 -14
right_child=1 -3 3 4 -6 -7 7 8 9 14 -12 12 16 -15 -16 -17 -18
leaf_value=0.010975685738936817 0.0056518965310701618 -0.017257398839066535 -0.0046709460027632562 -0.0036136780794673801 -0.015487859025104349 -0.0065165502238695317 0.0077484363177274754 0.0056249000282955616 0.0018858118512708793 0.003613370786082465 -0.0013093667280120274 0.00061764787797019289 0.0006178409350418709 0.0055436371382188068 0 0 -0.0012320197921667983
leaf_weight=12.999999999999998 20 13.999999999999998 11.999999999999998 20 10.999999999999998 15.999999999999998 20 10.999999999999998 35 30 121 38 62 10.999999999999998 29 12.999999999999998 69
leaf_count=13 20 14 12 20 11 16 20 11 35 30 121 38 62 11 29 13 69
internal_value=-0.000260135 -0.00066695 -1.28744e-05 -0.000318772 -0.00172176 -0.000652452 0.000969339 0.00137679 0.000597125 0.000162641 -0.000506114 -1.36921e-05 0.000419335 0.00233435 0.0019219 -0.00225605 -0.000316807
internal_weight=545 532 518 498 240 229 258 246 226 215 156 213 180 49 59 33 131
internal_count=545 532 518 498 240 229 258 246 226 215 156 213 180 49 59 33 131
is_linear=0
shrinkage=0.0529975


Tree=128
num_leaves=25
num_cat=0
split_feature=39 30 19 29 29 19 8 29 8 19 29 29 29 5 12 37 39 29 17 12 30 13 9 44
split_gain=0.846177 1.21625 0.320159 1.91307 0.374495 0.927659 0.550318 0.209232 0.385924 0.133544 0.137933 0.0942485 0.0858579 0.0595301 0.0564193 0.0773339 0.0476516 0.0641621 0.0504049 0.0394861 0.0269147 0.0230382 0.00998282 0.00981095
threshold=-1.1558530955085182 -1.4739652562250283 -0.32580081582471693 0.42990594242352781 -0.62400762929631193 -0.83382283659871825 0.97390045284613536 0.7731741465887918 -1.0006631898332965 -0.58317633917525924 -0.30060901107959576 0.60923513714294653 -0.17292469673266564 0.65447219597499107 1.5117235543663337 2.1084445962342691 -0.77696491235144882 0.11881274814264779 -0.43771315367275904 0.24244024473966483 0.39034647172032694 -0.33058452994331705 0.59969858694021938 -0.27848972336365163
decision_type=2 2 2 2 2 2 2 2 2 2 2 2 2 2 2 2 2 2 2 2 2 2 2 2
left_child=-1 -2 3 4 6 -6 19 11 -9 10 -7 14 20 -13 15 16 18 -18 -4 22 -11 -21 -3 -14
right_child=1 2 7 -5 5 9 -8 8 -10 12 -12 13 23 -15 -16 -17 17 -19 -20 21 -22 -23 -24 -25
leaf_value=-0.011555863156432863 0.01330121045443251 0.0019556864777603906 0 -0.019095831766535003 -0.012606144562555587 -0.00085769920646876154 0.010663108890361513 -0.0011194515885405132 0.010166254997667443 0.0018980766325236481 0.0050278753465951061 -0.0043387232290629379 -0.0048132716030876588 0 -0.0020113785052102368 0.0038995380324078469 0.00056937145900303355 -0.0014464361429897868 0.0033656246182080791 -0.0026265822122564604 -0.00073092833551884843 0 0 -0.00090655033928099544
leaf_weight=11.999999999999998 12.999999999999998 13.000000000000002 20 10.999999999999998 13.999999999999998 14.999999999999998 11.999999999999998 13.000000000000002 10.999999999999998 10.999999999999998 18 14.000000000000002 11.000000000000002 10.999999999999998 17 13.999999999999998 170 53 22 13 22 12 10.999999999999998 11.999999999999998
leaf_count=12 13 13 20 11 14 15 12 13 11 11 18 14 11 11 17 14 170 53 22 13 22 12 11 12
internal_value=-0.000248759 0.00011858 -0.000345585 -0.00216114 -0.000350676 -0.00229118 0.00273346 0.000576638 0.00481856 0 0.00245299 0.000155578 -0.0015051 -0.00259803 0.000458244 0.000672384 0.000393605 3.44466e-05 0.00191249 -3.23813e-05 0.000123408 -0.00146303 0.00121959 -0.00362485
internal_weight=545 533 520 175 164 103 61 345 24 89 33 321 56 25 296 279 265 223 42 49 33 25 24 23
internal_count=545 533 520 175 164 103 61 345 24 89 33 321 56 25 296 279 265 223 42 49 33 25 24 23
is_linear=0
shrinkage=0.0529975


Tree=129
num_leaves=14
num_cat=0
split_feature=29 39 29 29 0 19 25 10 22 39 3 30 8
split_gain=0.821828 0.712995 0.599794 0.591642 0.95115 0.269605 0.204691 0.246731 0.165207 0.0632097 0.0542929 0.0551887 0.0444819
threshold=1.3382556559007897 -1.037851409117408 0.7731741465887918 0.74954040166073665 1.0722266725251193 -1.1597747990198337 -1.2633808432044347 1.0604308486453731 -1.053067658504099 1.9373597581478144 -0.87095132089560212 1.0555148531397263 -1.059197870349244
decision_type=2 2 2 2 2 2 2 2 2 2 2 2 2
left_child=1 2 -1 5 -5 -3 7 -7 -8 10 12 -12 -10
right_child=-2 3 -4 4 -6 6 8 -9 9 -11 11 -13 -14
leaf_value=-0.00029416845316789078 -0.010531300337162942 -0.0060728287665284134 0.013852955039731524 -0.015847787811305813 0.0025667329380826952 0.0081456755795564269 -0.0044290072242660758 -0.00031984178489521205 4.3359326188810183e-06 0.002875006587341349 0.00014905650116187605 0.0028229167379057196 -0.0027682470783503268
leaf_weight=13.000000000000002 14.999999999999998 12.999999999999998 12.999999999999998 11.000000000000002 10.999999999999998 14.000000000000002 15.999999999999998 14.999999999999998 24 19 338 18 25
leaf_count=13 15 13 13 11 11 14 16 15 24 19 338 18 25
internal_value=-0.000242666 0.00015005 0.00783162 -0.000319948 -0.00781334 9.95673e-05 0.000359866 0.00426284 3.31087e-05 0.000277149 9.81122e-05 0.000348068 -0.00143084
internal_weight=545 530 26 504 22 482 469 29 440 424 405 356 49
internal_count=545 530 26 504 22 482 469 29 440 424 405 356 49
is_linear=0
shrinkage=0.0529975


Tree=130
num_leaves=18
num_cat=0
split_feature=30 29 29 30 39 29 9 5 39 29 39 44 9 10 30 7 29
split_gain=0.81723 1.85544 0.280684 0.451837 1.2346 0.449842 0.27321 0.110499 0.0931407 0.0765471 0.0804137 0.0720152 0.120865 0.0596571 0.057904 0.0543508 0.02399
threshold=-1.6045160372440099 1.0939113685825921 -1.1125084092197188 0.90938718312148792 -0.64566921704707625 0.7731741465887918 0.52476271656541329 -1.1644035560352715 -0.69848839585506151 0.25224183869804911 -0.69848839585506151 0.70547720845605821 0.41167968144060818 -0.84887132033029111 0.12619616011821214 -0.27206472911495433 -0.10741717961323992
decision_type=2 2 2 2 2 2 2 2 2 2 2 2 2 2 2 2 2
left_child=-1 2 -2 5 -5 7 -6 8 16 10 15 12 -11 -13 -12 -9 -4
right_child=1 -3 3 4 6 -7 -8 9 -10 11 14 13 -14 -15 -16 -17 -18
leaf_value=0.010551408568105014 0.0066858581190922476 -0.01646702507062589 -0.0009166793974964084 -0.015731345646015343 -0.0028488172806247214 0.0069245230008951894 0.0053111245656861641 0.00043052692613806357 0 -0.0015476694589532532 0.00084041264487161533 0 0.0031577366291901314 -0.0045288811575734224 -0.00071268104629399203 0.0042500111606786186 -0.0058668452100778031
leaf_weight=12.999999999999998 10.999999999999998 13.999999999999998 11.000000000000002 12.999999999999998 19 21 14.999999999999998 28 21 40 150 12.000000000000002 17 18 110 20 11.999999999999998
leaf_count=13 11 14 11 13 19 21 15 28 21 40 150 12 17 18 110 20 12
internal_value=-0.000234813 -0.000626035 -1.02789e-06 -0.000236179 -0.00487834 0.000279812 0.000833067 -0.000111375 -0.0024688 0.000166797 0.000574971 -0.00114702 0 -0.00300304 0.000155823 0.00244657 -0.00441941
internal_weight=545 532 518 507 47 460 34 439 44 395 308 87 57 30 260 48 23
internal_count=545 532 518 507 47 460 34 439 44 395 308 87 57 30 260 48 23
is_linear=0
shrinkage=0.0529975


Tree=131
num_leaves=17
num_cat=0
split_feature=45 30 30 30 19 29 33 35 29 47 13 6 29 1 24 53
split_gain=0.789232 0.70564 0.412328 0.328304 0.396384 0.639545 0.307378 0.30402 0.715714 0.57465 0.0882328 0.0875627 0.0697737 0.100695 0.073028 0.0604591
threshold=1.7894974863008961 -1.6045160372440099 1.2529128884377021 1.0684567549518114 -0.32580081582471693 0.35860536846391994 -1.0389796961218585 1.8683597752269181 0.7731741465887918 0.59100304412747862 -0.054758513544016361 0.27622215148290635 0.11881274814264779 -0.82986968507699288 -1.1894527247688729 1.0593795073025254
decision_type=2 2 2 2 2 2 2 2 2 2 2 2 2 2 2 2
left_child=1 -1 3 4 5 6 -3 8 12 -10 11 -8 14 -14 -6 -12
right_child=-2 2 -4 -5 7 -7 10 -9 9 -11 15 -13 13 -15 -16 -17
leaf_value=0.01016872745775442 -0.011147864778022636 -0.0069605313787512602 -0.0073300702806525274 0.0073235373157515453 0.0038990435887785771 -0.011915374677163986 0.0006714667722913304 -0.0055480982851210765 0.014205706115582712 -0.00018194519943243607 0.00022146726844527958 -0.0030301756933168796 -0.0038932216412452796 2.0262147648772522e-05 0.00054059576545397987 0.0041859659028920118
leaf_weight=12.999999999999998 11.999999999999998 14.999999999999998 15.999999999999998 10.999999999999998 15.999999999999998 11.999999999999998 26 13.999999999999998 14.000000000000002 10.999999999999998 44 32 15.999999999999998 94 188 10.999999999999998
leaf_count=13 12 15 16 11 16 12 26 14 14 11 44 32 16 94 188 11
internal_value=-0.000227225 0.00012697 -0.000223857 7.15741e-05 -0.000162299 -0.00250025 -0.00107174 0.000771753 0.00114489 0.00883928 0 -0.00135424 0.000356293 -0.00066059 0.000941079 0.00146244
internal_weight=545 533 520 504 493 140 128 353 339 25 113 58 314 110 204 55
internal_count=545 533 520 504 493 140 128 353 339 25 113 58 314 110 204 55
is_linear=0
shrinkage=0.0529975


Tree=132
num_leaves=19
num_cat=0
split_feature=39 30 29 19 29 8 10 9 39 29 8 19 29 47 5 12 37 39
split_gain=0.81334 1.05535 0.30076 0.438422 1.50056 0.326696 0.445473 0.18492 0.217116 0.18173 0.363298 0.137843 0.0778206 0.0592824 0.051345 0.0507302 0.0666001 0.0447264
threshold=-1.1558530955085182 -1.4739652562250283 -1.1125084092197188 -0.32580081582471693 0.42990594242352781 1.0250222033349827 0.88501655246845712 0.800265724070368 -0.32879661478526795 0.7731741465887918 -1.0006631898332965 -0.8993789995124194 0.60923513714294653 1.0000000180025095e-35 0.65447219597499107 1.5117235543663337 2.1084445962342691 -0.77696491235144882
decision_type=2 2 2 2 2 2 2 2 2 2 2 2 2 2 2 2 2 2
left_child=-1 -2 -3 4 5 7 -7 11 -9 12 -11 -4 15 -13 -14 16 17 -5
right_child=1 2 3 9 -6 6 -8 8 -10 10 -12 13 14 -15 -16 -17 -18 -19
leaf_value=-0.011305455108458873 0.012420005370675035 0.0066207026078297744 -0.0049703073339807972 0.0018276004942861758 -0.017716794959849989 -0.011673651989560448 0.00063451963512397582 0.0071631027584481326 -0.0011544333559094029 -0.0012197127738150537 0.0096882707633497538 -0.0012652689732121835 -0.0039826994621947366 0.0012778133028177206 0 -0.0019250274082463468 0.003615363183368003 9.982794974526958e-06
leaf_weight=11.999999999999998 12.999999999999998 10.999999999999998 12.999999999999998 42 10.999999999999998 11.000000000000002 12.999999999999998 14.000000000000002 10.999999999999998 13.000000000000002 10.999999999999998 46 14.000000000000002 45 10.999999999999998 17 13.999999999999998 223
leaf_count=12 13 11 13 42 11 11 13 14 11 13 11 46 14 45 11 17 14 223
internal_value=-0.000218898 0.000140745 -0.000291047 -0.000529329 -0.0027406 -0.000992381 -0.00597978 0.000108168 0.00376271 0.000530787 0.00448424 -0.00086406 0.000137031 0 -0.00236225 0.00041396 0.000618492 0.000357898
internal_weight=545 533 520 509 164 153 24 129 25 345 24 104 321 91 25 296 279 265
internal_count=545 533 520 509 164 153 24 129 25 345 24 104 321 91 25 296 279 265
is_linear=0
shrinkage=0.0529975


Tree=133
num_leaves=16
num_cat=0
split_feature=29 39 29 0 29 29 19 37 1 2 13 13 30 8 29
split_gain=0.794735 0.658638 0.560311 0.850437 0.517931 0.245603 0.329972 0.0877252 0.171702 0.138891 0.107882 0.0595133 0.0732327 0.0407969 0.0377492
threshold=1.3382556559007897 -1.037851409117408 0.74954040166073665 1.0722266725251193 0.7731741465887918 -1.1125084092197188 -0.95772725582126561 1.8777845326131508 -1.0556529808440198 -1.1412626510823281 -0.1926715217436667 -0.054758513544016361 0.57768355033597929 1.1916330635483519 0.26696810119628295
decision_type=2 2 2 2 2 2 2 2 2 2 2 2 2 2 2
left_child=1 4 5 -4 -1 -3 -7 9 -9 13 -10 14 -13 -8 -11
right_child=-2 2 3 -5 -6 6 7 8 10 11 -12 12 -14 -15 -16
leaf_value=-4.9183040838962257e-05 -0.010331530126567351 0.0063936143899997484 -0.01515941255906534 0.0022755662738630322 0.013142233041622091 -0.0061492678206433969 -0.0053117739179875129 0.0064608863667486314 0.0024754904456851337 -5.9633995238170186e-05 -0.0031668240052585041 0.00037001593643487318 0.0031578710765761985 -0.00032653537921991901 -0.0023821932486483774
leaf_weight=13.000000000000002 14.999999999999998 10.999999999999998 11.000000000000002 10.999999999999998 12.999999999999998 18 11.000000000000002 11.999999999999998 13.999999999999998 192 12.000000000000002 154 29 11.999999999999998 17
leaf_count=13 15 11 11 11 13 18 11 12 14 192 12 154 29 12 17
internal_value=-0.000212903 0.000172821 -0.000278669 -0.0075722 0.00755511 0.000128873 -8.13301e-05 0.000221748 0.00247252 -3.80908e-08 -1.58107e-05 0.000241564 0.000934939 -0.00355707 -0.00034221
internal_weight=545 530 504 22 26 482 471 453 38 415 26 392 183 23 209
internal_count=545 530 504 22 26 482 471 453 38 415 26 392 183 23 209
is_linear=0
shrinkage=0.0529975


Tree=134
num_leaves=18
num_cat=0
split_feature=13 19 37 29 53 30 29 19 19 12 0 39 48 30 29 1 39
split_gain=0.771899 0.599544 1.24854 0.435192 1.13372 0.27025 0.232298 0.300021 0.224116 0.0821099 0.0850711 0.0689173 0.111434 0.0649637 0.0476356 0.0347217 0.0297356
threshold=1.9449801053509139 0.56461929902412689 -0.78948456671466416 0.60923513714294653 1.0000000180025095e-35 -0.017993314836550849 -1.1125084092197188 -0.95772725582126561 0.91454789547120485 1.5902633668125283 -0.51124592859820361 -0.71361890106462766 1.0000000180025095e-35 0.57768355033597929 0.22835153749618131 -1.0556529808440198 1.1845511489635598
decision_type=2 2 2 2 2 2 2 2 2 2 2 2 2 2 2 2 2
left_child=1 3 -3 6 5 -5 -1 -8 16 11 -11 12 13 -9 15 -13 -4
right_child=-2 2 8 4 -6 -7 7 9 -10 10 -12 14 -14 -15 -16 -17 -18
leaf_value=0.0061743148663429785 -0.011008066213411558 0.015579761280758345 0 -0.0037882408111275423 -0.014967974225922479 0.0044388665955098034 -0.0059048091940316922 0.0012514497368373431 -0.0053982691879380174 -0.0049724553334244883 0.00034629126815000658 0.0017851157503780111 -0.0015416264625416857 0.0050344209519991683 -0.0022918699657009933 -2.3899101075175657e-05 0.0036443969869226337
leaf_weight=10.999999999999998 11.999999999999998 14.999999999999998 14.000000000000002 13.999999999999998 13.999999999999998 19 18 63 10.999999999999998 11.000000000000002 10.999999999999998 27 19 17 18 240 10.999999999999998
leaf_count=11 12 15 14 14 14 19 18 63 11 11 11 27 19 17 18 240 11
internal_value=-0.000207287 0.000142685 0.00529442 -0.000446462 -0.00498338 0.000723653 8.89912e-05 -0.00013654 -0.00043745 0.000184462 -0.00255903 0.000396481 0.001558 0.00243154 -6.78129e-06 0.000168642 0.00214203
internal_weight=545 533 51 482 47 33 435 424 36 406 22 384 99 80 285 267 25
internal_count=545 533 51 482 47 33 435 424 36 406 22 384 99 80 285 267 25
is_linear=0
shrinkage=0.0529975


Tree=135
num_leaves=17
num_cat=0
split_feature=45 30 30 30 19 29 35 29 47 33 13 6 2 29 1 34
split_gain=0.769887 0.638728 0.348124 0.315088 0.342045 0.51027 0.281982 0.632733 0.500463 0.252226 0.0790906 0.0787304 0.058434 0.0556606 0.0813428 0.0646935
threshold=1.7894974863008961 -1.6045160372440099 1.2529128884377021 1.0684567549518114 -0.32580081582471693 0.35860536846391994 1.8683597752269181 0.7731741465887918 0.59100304412747862 -1.0389796961218585 -0.054758513544016361 0.27622215148290635 -0.86685397367927142 0.11881274814264779 -0.82986968507699288 -1.0254979019753936
decision_type=2 2 2 2 2 2 2 2 2 2 2 2 2 2 2 2
left_child=1 -1 3 4 5 9 7 13 -9 -3 11 -11 -12 15 -15 -6
right_child=-2 2 -4 -5 6 -7 -8 8 -10 10 12 -13 -14 14 -16 -17
leaf_value=0.0096999185053544424 -0.010989463573836181 -0.0063662228087903085 -0.006717295441976176 0.0071874531653370712 0.003233874118781632 -0.010738326716862982 -0.0053631068087901679 0.013323346770005792 -9.6388022516193418e-05 0.00057924457081352375 0.0038839295316510881 -0.0029238989484420539 8.5133037825499636e-05 -0.003473731794139857 3.8222969348150665e-05 0.00042889631115742308
leaf_weight=12.999999999999998 11.999999999999998 14.999999999999998 15.999999999999998 10.999999999999998 23 11.999999999999998 13.999999999999998 14.000000000000002 10.999999999999998 26 11.999999999999998 32 43 15.999999999999998 94 181
leaf_count=13 12 15 16 11 23 12 14 14 11 26 12 32 43 16 94 181
internal_value=-0.000202588 0.000146867 -0.000186537 8.36355e-05 -0.000145337 -0.00231807 0.000721242 0.00108161 0.00831697 -0.00103133 0 -0.00133725 0.00132881 0.00033866 -0.000565559 0.000861717
internal_weight=545 533 520 504 493 140 353 339 25 128 113 58 55 314 110 204
internal_count=545 533 520 504 493 140 353 339 25 128 113 58 55 314 110 204
is_linear=0
shrinkage=0.0529975


Tree=136
num_leaves=17
num_cat=0
split_feature=39 30 29 30 27 26 31 29 30 38 15 29 31 37 49 45
split_gain=0.793553 0.939728 0.273227 0.808364 0.495742 0.270699 0.152205 0.622405 0.20602 0.114198 0.127479 0.0420679 0.0410334 0.0548419 0.046346 0.0213563
threshold=-1.1558530955085182 -1.4739652562250283 -0.8007581298917843 1.2529128884377021 -0.95772725582127649 -1.6597939457327306 0.66856331366879385 0.6273942987389155 -0.4671124990250764 -0.21026374513355034 -1.2252975897148428 -0.85191837106913615 0.060758671931298906 -0.30719534277960381 1.0000000180025095e-35 0.54038094320560914
decision_type=2 2 2 2 2 2 2 2 2 2 2 2 2 2 2 2
left_child=-1 -2 4 5 -3 -4 7 12 -8 -10 -11 15 14 -14 -7 -6
right_child=1 2 3 -5 11 6 8 -9 9 10 -12 -13 13 -15 -16 -17
leaf_value=-0.011146982148097107 0.011746210887801515 0.010790852860949832 -0.0053844442782704375 -0.012027707679450743 1.7307726610738773e-05 0.00021862821891883893 0.0071422033987617968 -0.0085578310106732402 -0.0032691158335257328 -0.0024230712212722928 0.0022078595913903585 0.002018185311886495 -0.0019448030830163622 0.00030609618992239807 0.0026252151891887135 -0.0022896959847057796
leaf_weight=11.999999999999998 12.999999999999998 10.999999999999998 21 10.999999999999998 12.999999999999998 172 10.999999999999998 19 10.999999999999998 13.999999999999998 83 12.000000000000002 46 60 22 13.999999999999998
leaf_count=12 13 11 21 11 13 172 11 19 11 14 83 12 46 60 22 14
internal_value=-0.000195242 0.000159636 -0.000247355 -0.000668799 0.00323688 -0.000229966 7.0817e-05 -0.000518331 0.00165511 0.000688674 0.00136951 0 0.000125736 -0.000660172 0.000596992 -0.00116595
internal_weight=545 533 520 470 50 459 438 319 119 108 97 39 300 106 194 27
internal_count=545 533 520 470 50 459 438 319 119 108 97 39 300 106 194 27
is_linear=0
shrinkage=0.0529975


Tree=137
num_leaves=19
num_cat=0
split_feature=29 13 19 29 29 19 29 19 30 3 10 2 29 29 19 29 45 4
split_gain=0.770036 0.577883 0.639342 0.507144 0.228839 0.582001 0.619296 0.461583 0.175808 0.108009 0.149087 0.0837704 0.0424455 0.060261 0.0502646 0.0388861 0.0200075 0.00179112
threshold=1.3382556559007897 1.009141835424715 0.56461929902412689 0.88678181099218489 -0.8007581298917843 -0.71234336683649502 -0.25359189156537315 -0.95772725582126561 1.0555148531397263 0.090850422352377599 0.79645243786982534 -1.0530676585040981 0.69848664362485546 0.60923513714294653 -0.58317633917525924 -0.85191837106913615 0.54038094320560914 -1.3104580647686837
decision_type=2 2 2 2 2 2 2 2 2 2 2 2 2 2 2 2 2 2
left_child=1 3 9 4 7 6 8 -1 -6 -3 -11 17 13 14 -13 16 -9 -7
right_child=-2 2 -4 -5 5 11 -8 15 -10 10 -12 12 -14 -15 -16 -17 -18 -19
leaf_value=0.010420729257400028 -0.01015029030349061 -0.0020674276477061766 0.013913605355215025 -0.0088873564841878312 -0.0040230257623372519 -0.00062823154242702477 -0.013851707541106885 1.6679942098093731e-05 0.0033563592703397221 0.0058077552982243354 -0.00064397576956659217 0.002530686851064899 0.0030289786201215798 -0.0024001476203992741 0.00020323733287010772 0.0019468651596030377 -0.0022047370499911545 -0.0032999882783985635
leaf_weight=10.999999999999998 14.999999999999998 11.999999999999998 10.999999999999998 12.999999999999998 13.000000000000002 13.000000000000002 11.999999999999998 12.999999999999998 10.999999999999998 15.000000000000002 13.999999999999998 24 10.999999999999998 15.999999999999998 304 12.000000000000002 13.999999999999998 10.999999999999998
leaf_count=11 15 12 11 13 13 13 12 13 11 15 14 24 11 16 304 12 14 11
internal_value=-0.000189302 0.000189983 0.0051961 -0.000397813 -3.55155e-05 -0.000472875 -0.00639717 0.00313174 -0.000413127 0.00123178 0.00291687 0.000162585 0.00040052 0.000246059 0.000436828 0 -0.00111483 -0.00250052
internal_weight=545 530 52 478 465 415 36 50 24 41 29 379 355 344 328 39 27 24
internal_count=545 530 52 478 465 415 36 50 24 41 29 379 355 344 328 39 27 24
is_linear=0
shrinkage=0.0529975


Tree=138
num_leaves=30
num_cat=0
split_feature=45 30 30 29 29 8 29 19 37 29 13 1 30 6 9 2 10 30 30 37 6 1 45 6 46 7 45 9 8
split_gain=0.755583 0.586677 0.298372 0.96606 0.252442 0.841509 0.241032 0.656448 0.50559 0.11152 0.104865 0.0995968 0.0991115 0.0915162 0.089615 0.0815984 0.0613577 0.0602392 0.0534234 0.0513123 0.0436216 0.0433426 0.0348654 0.0322533 0.031388 0.0194733 0.0182014 0.00251107 0.000887337
threshold=1.7894974863008961 -1.6045160372440099 0.34485729356418537 0.67528232375896413 0.7731741465887918 -1.0006631898332965 -0.62400762929631193 -0.83382283659871825 -0.7098019992819159 -0.30479970699318965 -0.039982119808339538 -0.05663411418355923 0.57768355033597929 -0.14593159087710691 -1.235495028343917 -0.98550243522943937 0.85910532906678883 -0.2223400469422456 0.25202357818623405 -0.78948456671466416 0.085967592106231658 -0.92976225340644092 -0.70873559988967771 1.0557119206150614 -0.18832435130588573 -0.27206472911495433 -0.14095535302818379 0.12359606136457299 0.38654285709781305
decision_type=2 2 2 2 2 2 2 2 2 2 2 2 2 2 2 2 2 2 2 2 2 2 2 2 2 2 2 2 2
left_child=1 -1 4 6 9 -6 8 -8 -4 11 13 16 -12 24 22 -16 21 19 -19 -17 -13 -3 -11 -18 -9 -10 -15 -23 -27
right_child=-2 2 3 -5 5 -7 7 10 25 14 12 20 -14 26 15 17 23 18 -20 -21 -22 27 -24 -25 -26 28 -28 -29 -30
leaf_value=0.0093174856179755045 -0.010870211316365674 0.0036197912521070469 0.0096853732988773488 -0.013229597960820686 -0.0036971634017976753 0.01192548576319309 -0.010648078621207436 0.0020117096176561012 -0.0021973922173047613 0 -0.00052720909495779223 0.0006251128748202085 0.0041471237473499544 -0.0010485187352242589 -0.0041075879690673812 0.0027055588557437261 -0.0029292972057032196 -0.0018598954592429213 0.0013045086131768305 -0.00010636557913189508 0.005222709333750436 0.00052105464205424686 0.00382307453697489 0 -0.00071567212084080567 0.00027613845817254259 -0.0049490401870840766 -0.00021656665359589408 -0.00022899470905263445
leaf_weight=12.999999999999998 11.999999999999998 11.999999999999998 11.999999999999998 12.999999999999998 13.000000000000002 14.999999999999998 13.999999999999998 12.999999999999995 11.999999999999998 12.000000000000002 19 14.999999999999998 19 17.000000000000004 13.999999999999998 17 12.000000000000002 80 10.999999999999998 67 19 17.000000000000004 10.999999999999998 14.999999999999998 22.000000000000004 15.000000000000002 10.999999999999998 11.999999999999998 10.999999999999998
leaf_count=13 12 12 12 13 13 15 14 13 12 12 19 15 19 17 14 17 12 80 11 67 19 17 11 15 22 15 11 12 11
internal_value=-0.000183267 0.000162636 -0.000156567 -0.00189185 0.000743558 0.00509392 -0.000525124 -0.0018716 0.00231583 0.000245615 -6.12063e-05 0.00164814 0.00189789 -0.00140636 -0.000423919 -0.000848506 0.000275011 -0.000421743 -0.00134838 0.000527456 0.00376681 0.00155817 0.00227815 -0.00139087 0.000273057 -0.000855509 -0.00338897 3.14406e-05 0
internal_weight=545 533 520 178 342 28 165 115 50 314 101 102 38 63 212 189 68 175 91 84 34 41 23 27 35 38 28 29 26
internal_count=545 533 520 178 342 28 165 115 50 314 101 102 38 63 212 189 68 175 91 84 34 41 23 27 35 38 28 29 26
is_linear=0
shrinkage=0.0529975


Tree=139
num_leaves=17
num_cat=0
split_feature=39 30 29 30 19 7 31 29 30 38 16 9 29 29 39 45
split_gain=0.766204 0.835418 0.241054 0.742886 0.439001 0.241099 0.154965 0.551442 0.190913 0.107843 0.0861327 0.0711922 0.0650628 0.0355014 0.0333917 0.0183655
threshold=-1.1558530955085182 -1.4739652562250283 -0.8007581298917843 1.2529128884377021 -0.95772725582126561 -1.897707229271955 0.66856331366879385 0.6273942987389155 -0.4671124990250764 -0.21026374513355034 -1.1928400721714438 -1.2067186390077422 -0.29478589373628455 -0.85191837106913615 -0.63927416386584646 0.54038094320560914
decision_type=2 2 2 2 2 2 2 2 2 2 2 2 2 2 2 2
left_child=-1 -2 4 5 -3 -4 7 11 -8 -10 -11 14 -13 15 -7 -6
right_child=1 2 3 -5 13 6 8 -9 9 10 -12 12 -14 -15 -16 -17
leaf_value=-0.010936846834149271 0.011097758896209883 0.010170507500135886 -0.0062031370632864577 -0.01149454137587291 7.7091717232472725e-06 0.0039931582846752687 0.0069349020146925941 -0.0081137063615790428 -0.0031340052916630032 -0.0019362892006639259 0.0020103419284916817 0.00067149378817792159 -0.00094225570042066854 0.001865794666935367 0.00045969791300530278 -0.0021055142578718235
leaf_weight=11.999999999999998 12.999999999999998 10.999999999999998 11.999999999999998 10.999999999999998 12.999999999999998 10.999999999999998 10.999999999999998 19 10.999999999999998 11.999999999999998 85 113 158 12.000000000000002 27 13.999999999999998
leaf_count=12 13 11 12 11 13 11 11 19 11 12 85 113 158 12 27 14
internal_value=-0.000174704 0.000173615 -0.000209612 -0.000606534 0.00306213 -0.000185716 4.03806e-05 -0.000540208 0.00164568 0.000709246 0.00136998 4.88932e-05 -0.000244178 0 0.00204613 -0.00105986
internal_weight=545 533 520 470 50 459 447 328 119 108 97 309 271 39 38 27
internal_count=545 533 520 470 50 459 447 328 119 108 97 309 271 39 38 27
is_linear=0
shrinkage=0.0529975


Tree=140
num_leaves=15
num_cat=0
split_feature=29 39 29 28 19 25 35 2 3 30 13 19 7 3
split_gain=0.738166 0.563135 0.457894 0.425653 0.198485 0.196056 0.2206 0.149869 0.12014 0.176333 0.056663 0.0898869 0.0733197 0.0245726
threshold=1.3382556559007897 -1.037851409117408 0.88678181099218489 0.057306762566011353 -1.1597747990198337 -1.2633808432044347 -1.4206200641205091 -1.0530676585040981 -0.95922375622237632 0.34485729356418537 -0.16311873427231305 -0.60422274417682142 0.47755087747422081 -1.314152506598782
decision_type=2 2 2 2 2 2 2 2 2 2 2 2 2 2
left_child=1 3 4 -1 -3 6 -6 -7 9 13 12 -12 -10 -9
right_child=-2 2 -4 -5 5 7 -8 8 10 -11 11 -13 -14 -15
leaf_value=-0.00055003640722522831 -0.0099219654685199377 -0.0052217838534076109 -0.0085214642290501047 0.011487206459024298 -0.00083783830498702786 -0.0041724600035110719 0.0072234306654296865 0.0012842475514006507 -0.0010049265388708969 -0.0062223860975578358 0.0039755254155665175 0.00063860519336978816 0.00098647608193872817 -0.0011569091110813744
leaf_weight=11.000000000000002 14.999999999999998 12.999999999999998 11.999999999999998 14.999999999999998 12.000000000000002 17 17 17.999999999999996 106 12.999999999999998 23 167 90 16.000000000000004
leaf_count=11 15 13 12 15 12 17 17 18 106 13 23 167 90 16
internal_value=-0.000168517 0.000202406 -0.000214479 0.00702756 7.4273e-05 0.000295193 0.00411614 0 0.00021656 -0.00212908 0.000548186 0.00118746 -5.37898e-05 0
internal_weight=545 530 504 26 492 479 29 450 433 47 386 190 196 34
internal_count=545 530 504 26 492 479 29 450 433 47 386 190 196 34
is_linear=0
shrinkage=0.0529975


Tree=141
num_leaves=18
num_cat=0
split_feature=39 30 29 30 27 26 30 29 53 34 15 30 27 13 29 35 39
split_gain=0.71687 0.798288 0.225803 0.68211 0.41759 0.22271 0.131193 0.329498 0.57004 0.249799 0.244265 0.0838433 0.0714371 0.0572646 0.0339592 0.0275336 0.0170735
threshold=-1.1558530955085182 -1.4739652562250283 -0.8007581298917843 1.2529128884377021 -0.95772725582127649 -1.6597939457327306 -0.51484338589943546 0.60923513714294653 1.0000000180025095e-35 1.2938115221619257 -0.9620888606134671 1.007757035394693 0.80107462915197203 0.024048919712926695 -0.85191837106913615 -0.90319824069925725 1.525326010866711
decision_type=2 2 2 2 2 2 2 2 2 2 2 2 2 2 2 2 2
left_child=-1 -2 4 5 -3 -4 10 11 9 -9 -7 13 15 -8 16 -12 -6
right_child=1 2 3 -5 14 6 7 8 -10 -11 12 -13 -14 -15 -16 -17 -18
leaf_value=-0.010578009878718802 0.010847455387129641 0.0098933151211458032 -0.0048630604667936842 -0.011023996568800196 0 0.0077330114077227806 -0.000584663266011919 0.0042359730592976524 -0.012219570371493906 -0.0039477846257089831 -0.00027479971026460694 0.0035108194097438223 -0.0024543089748039161 0.00082842021185429199 0.0018039001792983622 0.0020905930553226791 -0.0021125222316431529
leaf_weight=11.999999999999998 12.999999999999998 10.999999999999998 21 10.999999999999998 13.999999999999998 10.999999999999998 174 14.000000000000002 10.999999999999998 15.999999999999998 11.999999999999998 14.999999999999998 11.999999999999998 139 12.000000000000002 34 12.999999999999998
leaf_count=12 13 11 21 11 14 11 174 14 11 16 12 15 12 139 12 34 13
internal_value=-0.000167859 0.000168632 -0.000205679 -0.000590192 0.00296016 -0.000186187 8.49657e-05 -0.000304648 -0.00446463 0 0.00211945 0.000265258 0.000320842 2.47527e-05 0 0.00137868 -0.00105637
internal_weight=545 533 520 470 50 459 438 369 41 30 69 328 58 313 39 46 27
internal_count=545 533 520 470 50 459 438 369 41 30 69 328 58 313 39 46 27
is_linear=0
shrinkage=0.0529975


Tree=142
num_leaves=23
num_cat=0
split_feature=45 30 19 29 29 8 29 19 8 19 29 29 36 32 17 39 13 17 30 12 13 10
split_gain=0.723142 0.517201 0.278388 1.25252 0.268389 0.998269 0.256353 0.557333 0.488348 0.0892878 0.137178 0.0745722 0.0697181 0.0700507 0.0499977 0.0582426 0.032924 0.0284865 0.0277688 0.0238423 0.0206603 0.0120575
threshold=1.7894974863008961 -1.6045160372440099 -0.32580081582471693 0.42990594242352781 0.7731741465887918 -1.0006631898332965 -0.62400762929631193 -0.83382283659871825 0.97390045284613536 -0.58317633917525924 -0.30060901107959576 -0.17292469673266564 -1.2895489334230941 -0.94602032792381996 -0.72340947011875822 1.8227470085125217 0.41808608599764202 -0.7890739664377534 0.39034647172032694 0.24244024473966483 -0.33058452994331705 0.8649158441504271
decision_type=2 2 2 2 2 2 2 2 2 2 2 2 2 2 2 2 2 2 2 2 2 2
left_child=1 -1 3 6 12 -6 8 -8 19 10 -9 18 -4 21 17 16 -16 -15 -11 -3 -21 -14
right_child=-2 2 4 -5 5 -7 7 9 -10 11 -12 -13 13 14 15 -17 -18 -19 -20 20 -22 -23
leaf_value=0.0087704243256931259 -0.010618374512965316 0.00056215907220096711 -0.0024132178366342563 -0.01555328321225392 -0.0039089368710780257 0.012439679597776511 -0.009901048111948689 -0.0013880839679398797 0.0097292694220083055 0.0019725360281597306 0.0045163797077306606 -0.0033014095729182067 0.003926368597654612 0 -0.00016947734109582931 0.0029877316058465361 0.0013013494958762503 -0.0029244304405277454 -0.00070355924286958488 -0.0027442486221301017 0 0.00047453624599646897
leaf_weight=12.999999999999998 11.999999999999998 20 20 10.999999999999998 15.000000000000002 15.999999999999998 13.999999999999998 13.999999999999998 11.999999999999998 10.999999999999998 18 23.000000000000004 12.000000000000002 18 180 17 48 14.999999999999998 21 11 12 11.999999999999998
leaf_count=13 12 20 20 11 15 16 14 14 12 11 18 23 12 18 180 17 48 15 21 11 12 12
internal_value=-0.000162559 0.000175397 -0.000123734 -0.00188 0.000705201 0.00498886 -0.000332714 -0.00192106 0.00237167 -6.19773e-06 0.00193796 -0.00133117 0.000187838 0.0004264 0.000134368 0.000428106 0.000135734 -0.0015978 0.000198645 -0.000478483 -0.00155339 0.00287318
internal_weight=545 533 520 167 353 31 156 101 55 87 32 55 322 302 278 245 228 33 32 43 23 24
internal_count=545 533 520 167 353 31 156 101 55 87 32 55 322 302 278 245 228 33 32 43 23 24
is_linear=0
shrinkage=0.0529975


Tree=143
num_leaves=26
num_cat=0
split_feature=29 13 19 29 29 19 29 30 3 3 8 8 37 45 45 45 17 29 29 3 44 47 7 8 8
split_gain=0.709864 0.500346 0.531136 0.435616 0.198485 0.244278 0.780777 0.261068 0.0908647 0.127401 0.0439259 0.0554255 0.114687 0.0453151 0.0639446 0.0433462 0.0634027 0.0422582 0.0359349 0.0643785 0.0337482 0.0230216 0.0200471 0.0119312 0.00653968
threshold=1.3382556559007897 1.009141835424715 0.56461929902412689 0.88678181099218489 -1.1125084092197188 -0.71234336683649502 -0.25359189156537315 1.0909449037682633 0.10372348583753192 0.62416305245163961 -0.49290444129679761 -0.74199266462636426 -0.78948456671466416 0.65393699257790783 1.221717239439402 -0.36806745177278138 -0.71120044104797164 -0.38817803594679706 -0.30479970699318965 -0.094889493647710224 0.70547720845605821 -0.31483937180398425 -0.097644030527205453 0.38654285709781305 -0.56648054097427192
decision_type=2 2 2 2 2 2 2 2 2 2 2 2 2 2 2 2 2 2 2 2 2 2 2 2 2
left_child=1 3 8 4 -1 6 7 -6 -3 -10 11 13 20 21 -15 18 23 -18 22 -20 -13 -7 -12 -17 -14
right_child=-2 2 -4 -5 5 10 -8 -9 9 -11 15 12 24 14 -16 16 17 -19 19 -21 -22 -23 -24 -25 -26
leaf_value=0.0056045497678217987 -0.0097229463530612726 -0.0015634552123011886 0.012821609219190981 -0.0082076686609344456 -0.0027282063783769161 0.00042323975428606287 -0.012626750096615539 0.005115268325695148 0.0057641257887082057 -0.00035549240570557651 0.0025590551331824245 0.0054929411488259805 0.00050180719939733865 0.0028798650544643255 -0.0010531109544900086 -0.00025463359686198826 0.0010485665450487064 -0.00095167192573948145 0.0014528984829568494 -0.0016233313750571028 0.00059564585524041972 -0.0014929543006526153 0 -0.0032166030476980969 -0.00072599752172786624
leaf_weight=10.999999999999998 14.999999999999998 13.999999999999998 10.999999999999998 12.999999999999998 21 17 11.999999999999998 14.999999999999998 13.000000000000002 13.999999999999998 23 17.000000000000004 23 23 11.999999999999998 11.999999999999998 44 65 29 35 10.999999999999998 42 13.999999999999998 24 14.999999999999998
leaf_count=11 15 14 11 13 21 17 12 15 13 14 23 17 23 23 12 12 44 65 29 35 11 42 14 24 15
internal_value=-0.000157884 0.000205541 0.00486344 -0.000340723 -4.26266e-06 -0.000226631 -0.00358331 0.000637336 0.00121618 0.00289136 0.000199641 0.000875704 0.00198251 0 0.00140424 -0.000222732 -0.000815876 -7.09246e-05 0.000561534 -0.000124576 0.00421887 -0.000845259 0.00176263 -0.00257293 0
internal_weight=545 530 52 478 465 454 48 36 41 27 406 160 66 94 35 246 145 109 101 64 28 59 37 36 38
internal_count=545 530 52 478 465 454 48 36 41 27 406 160 66 94 35 246 145 109 101 64 28 59 37 36 38
is_linear=0
shrinkage=0.0529975


Tree=144
num_leaves=13
num_cat=0
split_feature=39 38 29 29 19 6 29 29 5 39 53 37
split_gain=0.689026 0.711199 0.475842 0.177146 0.232145 0.951631 0.0898119 0.0699954 0.0796834 0.0476302 0.136768 0.0520352
threshold=-1.1558530955085182 -0.85777646155359866 0.99250610888350865 -1.1125084092197188 -0.77729306540003507 0.60253933251252334 0.7731741465887918 0.51570612243515501 0.64997638135509994 -0.71361890106462766 -1.069797498769544 0.27574554528103529
decision_type=2 2 2 2 2 2 2 2 2 2 2 2
left_child=-1 -2 3 -3 5 -5 7 9 -9 10 -6 -11
right_child=1 2 -4 4 6 -7 -8 8 -10 11 -12 -13
leaf_value=-0.010356249786677594 0.0095205566237018969 0.0054123152357866116 -0.0086740353894383861 -0.011388072240579255 -0.0018080579906501965 0.003491939029383126 0.0038277724397280956 -0.0036774928666576984 0.00038620142176106479 -0.00070473104521789529 0.0024798746169819928 0.00064168729792544424
leaf_weight=11.999999999999998 15.999999999999998 10.999999999999998 11.999999999999998 17 22 20 12.999999999999998 22 19 149 70 162
leaf_count=12 16 11 12 17 22 20 13 22 19 149 70 162
internal_value=-0.000149516 0.000179979 -0.000201579 8.55025e-05 -8.26282e-05 -0.00381711 0.000250161 8.02789e-05 -0.0018367 0.000316453 0.00133533 0
internal_weight=545 533 517 505 494 37 457 444 41 403 92 311
internal_count=545 533 517 505 494 37 457 444 41 403 92 311
is_linear=0
shrinkage=0.0529975


Tree=145
num_leaves=24
num_cat=0
split_feature=45 30 28 29 29 8 29 19 8 19 44 36 29 25 17 37 13 35 30 12 13 10 45
split_gain=0.687833 0.481283 0.248478 1.17133 0.27064 0.864559 0.226128 0.483401 0.449758 0.0811922 0.130514 0.0666423 0.0634189 0.0633223 0.0490581 0.0307555 0.038478 0.0257781 0.0242339 0.0237126 0.0218103 0.0214068 0.0121898
threshold=1.7894974863008961 -1.6045160372440099 -0.32554900251137159 0.41037723249571229 0.7731741465887918 -1.0006631898332965 -0.62400762929631193 -0.83382283659871825 0.97390045284613536 -0.58317633917525924 -0.27848972336365163 -1.2895489334230941 -0.17292469673266564 -0.94602032792381785 -0.72340947011875822 1.6722873850234283 0.41808608599764202 -0.81570052345866106 0.39034647172032694 0.24244024473966483 -0.33058452994331705 -0.070679045973420548 -0.59517955051737881
decision_type=2 2 2 2 2 2 2 2 2 2 2 2 2 2 2 2 2 2 2 2 2 2 2
left_child=1 -1 3 6 11 -6 8 -8 19 10 -9 -4 18 22 17 16 -16 -15 -11 -3 -21 -17 -13
right_child=-2 2 4 -5 5 -7 7 9 -10 12 -12 13 -14 14 15 21 -18 -19 -20 20 -22 -23 -24
leaf_value=0.0084734202578275481 -0.010344529429447843 0.00057404921696394603 -0.0023931012383876923 -0.014986846803462513 -0.0034760084597806268 0.011595077463744998 -0.009197192842537812 0.0047727223015903075 0.0093283000717018782 0.001824041589940023 -0.00096259887959922706 0.00038841140885315496 -0.0030644758212904793 0 -0.00020862411044803231 0.0028176485516485383 0.0014537131530221786 -0.002751474495559323 -0.0006772613227573964 -0.0027632932522337803 0 0 0.0037411862030367646
leaf_weight=12.999999999999998 11.999999999999998 20 20 10.999999999999998 14.999999999999998 17 13.999999999999998 14.999999999999998 11.999999999999998 10.999999999999998 17 12.000000000000002 23.000000000000004 14.999999999999998 173 17.000000000000004 43 17 21 11 12 11.999999999999998 11.999999999999998
leaf_count=13 12 20 20 11 15 17 14 15 12 11 17 12 23 15 173 17 43 17 21 11 12 12 12
internal_value=-0.000146505 0.000182665 -0.000105559 -0.0017657 0.000676752 0.00491301 -0.000270084 -0.00176606 0.00226611 0 0.00187094 0.000150736 -0.00124827 0.000385955 0.000106713 0.000395802 0.000121169 -0.00163597 0.000150906 -0.000462617 -0.00153724 0.00187051 0.00271041
internal_weight=545 533 520 167 353 32 156 101 55 87 32 321 55 301 277 245 216 32 32 43 23 29 24
internal_count=545 533 520 167 353 32 156 101 55 87 32 321 55 301 277 245 216 32 32 43 23 29 24
is_linear=0
shrinkage=0.0529975


Tree=146
num_leaves=15
num_cat=0
split_feature=13 25 23 30 35 19 37 30 30 29 26 30 13 29
split_gain=0.679513 0.378523 0.833042 0.539262 0.408552 0.311325 0.810199 0.286619 0.179363 0.316079 0.121658 0.0930633 0.0563769 0.03875
threshold=1.9449801053509139 -1.3308125281902385 0.43474511831292795 1.2529128884377021 -1.1669238279072049 0.56461929902412689 -0.75383710233685208 1.0684567549518114 0.34485729356418537 0.55429414669926913 1.4435313373960039 0.28955931014569997 0.16196192791257707 0.19471766191415443
decision_type=2 2 2 2 2 2 2 2 2 2 2 2 2 2
left_child=1 2 -1 4 -3 7 -7 8 10 12 11 -6 -10 -8
right_child=-2 3 -4 -5 5 6 13 -9 9 -11 -12 -13 -14 -15
leaf_value=0.012655024807932408 -0.010278087544488848 -0.007199246590335895 -0.0033928301060006574 -0.0080924510067169105 0 0.013883704141597437 0.00128853562780883 0.0066259541058203159 -0.0012996457070653623 -0.0075794017586770469 0.0049586779429499194 0.0040665063477385213 0.00093140825402220355 -0.0018781643951431698
leaf_weight=14.000000000000002 11.999999999999998 13.999999999999998 11.999999999999998 17 253 10.999999999999998 13.000000000000002 11.999999999999998 94 15.999999999999998 10.999999999999998 10.999999999999998 38 17
leaf_count=14 12 14 12 17 253 11 13 12 94 16 11 11 38 17
internal_value=-0.000141717 0.000185341 0.00578226 -0.000152299 0.000203598 0.000522675 0.0046229 6.27745e-05 -0.000197147 -0.00166043 0.000584139 0.000269917 -0.000594194 -0.000325833
internal_weight=545 533 26 507 490 476 41 435 423 148 275 264 132 30
internal_count=545 533 26 507 490 476 41 435 423 148 275 264 132 30
is_linear=0
shrinkage=0.0529975


Tree=147
num_leaves=12
num_cat=0
split_feature=39 30 29 29 19 6 29 29 12 39 2
split_gain=0.662892 0.636655 0.204747 0.174918 0.198562 0.842667 0.0717454 0.0542409 0.0594326 0.082792 0.062016
threshold=-1.1558530955085182 -1.4739652562250283 0.96361458521015575 -1.1125084092197188 -0.77729306540003507 0.60253933251252334 0.69848664362485546 0.60923513714294653 0.97238029643756796 -0.71361890106462766 -1.0383866851108159
decision_type=2 2 2 2 2 2 2 2 2 2 2
left_child=-1 -2 3 -3 5 -5 7 8 9 -6 -10
right_child=1 2 -4 4 6 -7 -8 -9 10 -11 -12
leaf_value=-0.010142599981047558 0.0097279178195951201 0.0053668318392993426 -0.0049282746613450758 -0.010679752847700006 0.0019432802306430343 0.0033112371751756677 0.0030402724927419866 -0.0023889501214232503 -0.0036622681661048588 1.5025079544276091e-05 -9.5903632573518936e-05
leaf_weight=11.999999999999998 12.999999999999998 10.999999999999998 18 17 79 20 18 18 13.999999999999998 266 59
leaf_count=12 13 11 18 17 79 20 18 18 14 266 59
internal_value=-0.000130468 0.000192317 -0.000140976 7.30784e-05 -9.47867e-05 -0.00354753 0.000213997 4.18498e-05 0.000195304 0.000502123 -0.00109436
internal_weight=545 533 520 502 491 37 454 436 418 345 73
internal_count=545 533 520 502 491 37 454 436 418 345 73
is_linear=0
shrinkage=0.0529975


Tree=148
num_leaves=12
num_cat=0
split_feature=29 39 29 29 29 19 6 36 38 29 1
split_gain=0.66234 0.407817 0.649131 0.444309 0.155919 0.196356 0.777952 0.0698696 0.115657 0.0965451 0.0551472
threshold=1.4142917490010982 -1.0449328170218728 0.96361458521015575 0.7731741465887918 -1.1125084092197188 -0.77729306540003507 0.60253933251252334 -1.3119446050013639 -0.75348243586137342 0.69848664362485546 -1.0705623194006535
decision_type=2 2 2 2 2 2 2 2 2 2 2
left_child=1 3 4 -1 -3 6 -6 -7 -9 10 -10
right_child=-2 2 -4 -5 5 7 -8 8 9 -11 -12
leaf_value=-0.0009326573665521204 -0.010135855268768394 0.0051827506786848001 -0.010045930397641489 0.011208721995587522 -0.010261339854065663 0.0037010010758896559 0.0031762281790231801 -0.0040664130883096943 0.0018863945896107103 0.0038962780759375358 -2.464972887400297e-05
leaf_weight=12.000000000000002 11.999999999999998 10.999999999999998 11.999999999999998 12.999999999999998 17 10.999999999999998 20 10.999999999999998 41 14.999999999999998 370
leaf_count=12 12 11 12 13 17 11 20 11 41 15 370
internal_value=-0.000127781 0.000194839 -0.000150106 0.00610252 0.000192535 3.21648e-06 -0.00340537 0.000341374 0.000192088 0.000373136 0.000173625
internal_weight=545 533 508 25 496 485 37 448 437 426 411
internal_count=545 533 508 25 496 485 37 448 437 426 411
is_linear=0
shrinkage=0.0529975


Tree=149
num_leaves=15
num_cat=0
split_feature=45 27 37 29 27 27 27 31 29 39 39 0 29 35
split_gain=0.643457 0.396688 0.78972 0.247896 0.171276 0.1262 0.0766902 0.0570192 0.139749 0.0777909 0.0642084 0.098266 0.0456531 0.00780691
threshold=1.7894974863008961 0.85158199478837193 -0.75383710233685208 0.99250610888350865 -1.0840563955287073 -0.94590896873542507 0.56461929902411578 -0.26480786765853631 0.55429414669926913 1.8368162572147246 -0.71361890106462766 -0.12599430687328053 -0.42378981793710108 -0.32329153216394391
decision_type=2 2 2 2 2 2 2 2 2 2 2 2 2 2
left_child=1 3 -3 4 -1 -6 7 8 9 -7 11 -9 -12 -8
right_child=-2 2 -4 -5 5 6 13 10 -10 -11 12 -13 -14 -15
leaf_value=-0.0051309202976558702 -0.0099886098191085595 0.013865522566320036 -0.0018651515746460139 -0.0056614726746975035 0.0046389401485462962 0.00011061609529725171 0.00341223024847215 0.0036281639788656932 -0.0053241472947115464 -0.0036611718473603394 0.00079110168357083665 0 -0.00076956213105884661 0.00052869619433280511
leaf_weight=10.999999999999998 11.999999999999998 11.000000000000002 14.999999999999998 15.999999999999998 11.999999999999998 130 14.000000000000002 31 11.999999999999998 10.999999999999998 79 50 127 13.999999999999998
leaf_count=11 12 11 15 16 12 130 14 31 12 11 79 50 127 14
internal_value=-0.000124037 0.00019375 0.0059231 -0.000152248 7.93662e-05 0.000274974 9.10717e-05 -7.99036e-05 -0.000899385 -0.000273467 0.00034259 0.00155737 -0.00013266 0.00252347
internal_weight=545 533 26 507 491 480 468 440 153 141 287 81 206 28
internal_count=545 533 26 507 491 480 468 440 153 141 287 81 206 28
is_linear=0
shrinkage=0.0529975


Tree=150
num_leaves=12
num_cat=0
split_feature=29 39 29 29 29 19 6 36 38 29 30
split_gain=0.644134 0.378309 0.593136 0.415764 0.15585 0.180769 0.714392 0.064757 0.104571 0.0903948 0.0528773
threshold=1.4142917490010982 -1.0449328170218728 0.96361458521015575 0.91470921892100709 -1.1125084092197188 -0.77729306540003507 0.60253933251252334 -1.3119446050013639 -0.75348243586137342 0.69848664362485546 -0.41432049956592126
decision_type=2 2 2 2 2 2 2 2 2 2 2
left_child=1 3 4 -1 -3 6 -6 -7 -9 10 -10
right_child=-2 2 -4 -5 5 7 -8 8 9 -11 -12
leaf_value=-0.00058457125904837171 -0.0099897494781078892 0.0051822688566945958 -0.0095938735349189418 0.011146154890811564 -0.0098387463268450326 0.0035640677685224646 0.0030328150309968049 -0.0038629619495548118 0.0013864697580891581 0.0037665226203950756 -0.00010822893490346761
leaf_weight=13.000000000000002 11.999999999999998 10.999999999999998 11.999999999999998 11.999999999999998 17 10.999999999999998 20 10.999999999999998 75 14.999999999999998 336
leaf_count=13 12 11 12 12 17 11 20 11 75 15 336
internal_value=-0.0001198 0.000198119 -0.000133719 0.00588782 0.000193108 3.81867e-06 -0.00326606 0.000328832 0.000184488 0.000357338 0.000163792
internal_weight=545 533 508 25 496 485 37 448 437 426 411
internal_count=545 533 508 25 496 485 37 448 437 426 411
is_linear=0
shrinkage=0.0529975


Tree=151
num_leaves=13
num_cat=0
split_feature=39 38 29 29 19 29 29 29 5 10 39 26
split_gain=0.637525 0.607626 0.387116 0.149957 0.158242 0.664424 0.0724842 0.0519559 0.0651678 0.0409073 0.0626367 0.0518228
threshold=-1.1558530955085182 -0.85777646155359866 0.99250610888350865 -1.1125084092197188 -0.77729306540003507 -0.54213609959460229 0.7731741465887918 0.51570612243515501 0.64997638135509994 -0.083806008565617887 1.8227470085125217 -1.621090904150696
decision_type=2 2 2 2 2 2 2 2 2 2 2 2
left_child=-1 -2 3 -3 5 -5 7 9 -9 10 -6 -11
right_child=1 2 -4 4 6 -7 -8 8 -10 11 -12 -13
leaf_value=-0.0099355382497306795 0.008832835127955161 0.0050045183520904353 -0.0077958074208017772 0.0029302830494685461 0.00047260779742584915 -0.0094771630764037516 0.0034382832530239619 -0.0032533565912241948 0.00039542649378979404 0.0019794929362982536 0.0038880315020991475 -0.000512370521687263
leaf_weight=11.999999999999998 15.999999999999998 10.999999999999998 11.999999999999998 20 177 17 12.999999999999998 22 19 20 11.999999999999998 194
leaf_count=12 16 11 12 20 177 17 13 22 19 20 12 194
internal_value=-0.000116182 0.000200008 -0.000152013 0.000105303 -4.85298e-05 -0.00313466 0.000223608 6.94009e-05 -0.00157913 0.000274888 0.000838173 -0.00020013
internal_weight=545 533 517 505 494 37 457 444 41 403 189 214
internal_count=545 533 517 505 494 37 457 444 41 403 189 214
is_linear=0
shrinkage=0.0529975


Tree=152
num_leaves=23
num_cat=0
split_feature=45 30 19 29 29 8 29 37 19 6 10 36 17 25 17 39 13 7 13 17 10 45
split_gain=0.611297 0.438112 0.205435 1.00406 0.26334 0.772703 0.198689 0.451033 0.380042 0.0703323 0.0889381 0.0588533 0.0546463 0.0528236 0.0400433 0.0477663 0.0318955 0.0378712 0.0239905 0.0236596 0.01628 0.00272034
threshold=1.7894974863008961 -1.6045160372440099 -0.32580081582471693 0.42990594242352781 0.7731741465887918 -1.0006631898332965 -0.62400762929631193 -0.7098019992819159 -0.94590896873541463 -0.14593159087710691 0.66889347538467159 -1.2895489334230941 -0.79990060706845534 -0.94602032792381785 -0.72340947011875822 1.8227470085125217 -0.054758513544016361 -0.2136684681237844 0.41808608599764202 -0.7890739664377534 0.8649158441504271 -0.14095535302818379
decision_type=2 2 2 2 2 2 2 2 2 2 2 2 2 2 2 2 2 2 2 2 2 2
left_child=1 -1 3 6 11 -6 7 -3 -8 -10 21 -4 -12 20 19 18 17 -9 -16 -15 -13 -11
right_child=-2 2 4 -5 5 -7 8 16 9 10 12 13 -14 14 15 -17 -18 -19 -20 -21 -22 -23
leaf_value=0.0081088080826245777 -0.0097252620803699816 0.0092510502608525291 -0.0022661441922614848 -0.013825676036415553 -0.0030190104853666262 0.01139935480708126 -0.008885225164781848 -0.0032768867724233125 0.0021007349349892505 -0.00080002007063698067 -0.0012478258452817091 0.0035604581926921616 0.0020721199323124684 0 -0.00016637920038178533 0.0026711148492364642 0.00089225541227931757 0 0.0010895600446253089 -0.0026677070930068957 0.0001674221962779571 -0.0038988583219873051
leaf_weight=12.999999999999998 11.999999999999998 11.999999999999998 20 10.999999999999998 15.000000000000002 15.999999999999998 10.999999999999998 11.999999999999998 21 12.000000000000002 19.999999999999996 12.000000000000002 22.000000000000004 18 180 17 15.999999999999998 15.000000000000002 48 14.999999999999998 11.999999999999998 14.999999999999998
leaf_count=13 12 12 20 11 15 16 11 12 21 12 20 12 22 18 180 17 16 15 48 15 12 15
internal_value=-0.000109663 0.000199651 -7.49861e-05 -0.00158611 0.000635003 0.00487539 -0.000200124 0.00217344 -0.0016073 -0.000145571 -0.00103567 0.000123804 0.000387285 0.000345795 8.95991e-05 0.000355832 -0.000549616 -0.00162261 8.93251e-05 -0.00145865 0.0024694 -0.00312895
internal_weight=545 533 520 167 353 31 156 55 101 90 69 322 42 302 278 245 43 27 228 33 24 27
internal_count=545 533 520 167 353 31 156 55 101 90 69 322 42 302 278 245 43 27 228 33 24 27
is_linear=0
shrinkage=0.0529975


Tree=153
num_leaves=18
num_cat=0
split_feature=29 39 29 19 29 3 39 45 35 7 19 39 9 30 39 16 29
split_gain=0.619986 0.354025 0.543755 0.377685 0.144144 0.158922 0.433595 0.100044 0.226345 0.116473 0.179927 0.079312 0.115846 0.0771722 0.0589307 0.0447423 0.0381095
threshold=1.4142917490010982 -1.0449328170218728 0.96361458521015575 0.16664694950672165 -1.1125084092197188 1.148280637204363 -0.72037846618712831 0.54038094320560914 -1.189027962267261 -0.28687391215209518 -0.6603797175785916 -0.72037846618712831 1.1550104415670115 0.97505087236928578 -0.85743209291526257 -0.1942120788037803 -0.46840301170822823
decision_type=2 2 2 2 2 2 2 2 2 2 2 2 2 2 2 2 2
left_child=1 3 4 -1 -3 7 -7 9 -9 10 -6 12 -11 -13 -10 -12 -16
right_child=-2 2 -4 -5 5 6 -8 8 14 11 15 13 -14 -15 16 -17 -18
leaf_value=-0.00018377766451422176 -0.0097920359646157078 0.0049937320739715874 -0.0091760388533886732 0.011035052016125115 -0.0060691650547326677 -0.0085586192481022574 0.0018269714292035682 0.0070391387993191641 0.0035458648363269341 0.0033897085765981069 0.0012108077588954341 -0.00068387339505122523 -0.0012884809956928908 0.0028410673323600384 0.0012117189665387276 -0.0011819891671172812 -0.00054600873507036141
leaf_weight=14.000000000000002 11.999999999999998 10.999999999999998 11.999999999999998 10.999999999999998 14.999999999999998 14.999999999999998 19 11.999999999999998 10.999999999999998 43 23 120 14.999999999999998 13.999999999999998 52 70 76
leaf_count=14 12 11 12 11 15 15 19 12 11 43 23 120 15 14 52 70 76
internal_value=-0.000108295 0.000203279 -0.000117405 0.00570701 0.000194833 1.21087e-05 -0.00317648 0.0003063 0.00139771 -0.000236842 -0.00159784 0.000518651 0.00206333 -0.000159788 0.000591543 -0.000482171 0.000138212
internal_weight=545 533 508 25 496 485 34 451 151 300 108 192 58 134 139 93 128
internal_count=545 533 508 25 496 485 34 451 151 300 108 192 58 134 139 93 128
is_linear=0
shrinkage=0.0529975


Tree=154
num_leaves=17
num_cat=0
split_feature=39 30 17 29 29 19 19 3 3 3 37 4 7 9 34 5
split_gain=0.628726 0.553498 0.165481 0.767 0.292326 0.126883 0.204927 0.0585228 0.154995 0.0517221 0.0702052 0.0467717 0.0558414 0.0434805 0.0425995 0.0276453
threshold=-1.1558530955085182 -1.4739652562250283 1.3903316759514752 0.81384386805079478 0.81384386805079478 -1.1597747990198337 -0.95772725582126561 -0.95922375622237632 -1.3969079147176331 -0.48659842541027187 2.1084445962342691 1.7284598402542812 0.50672698769577862 0.13593482714655908 1.3236697290017567 0.62849307613278016
decision_type=2 2 2 2 2 2 2 2 2 2 2 2 2 2 2 2
left_child=-1 -2 3 5 11 -3 -7 8 13 15 -11 12 -4 -8 -14 -9
right_child=1 2 4 -5 -6 6 7 9 -10 10 -12 -13 14 -15 -16 -17
leaf_value=-0.0098541179326379433 0.0091016830493233693 -0.0044262977217265093 -0.0010976262955447722 -0.011250136361458512 0.0082446318690657123 0.0058212519070133736 0.0023684488330696736 0.0022678904182363547 -0.0047345247329243475 3.1076884604045395e-05 -0.0033608393466185043 -0.0013657169870745665 0 -0.0011293418374677738 0.0035120888760829302 0
leaf_weight=11.999999999999998 12.999999999999998 11.999999999999998 12.999999999999998 11.999999999999998 10.999999999999998 10.999999999999998 15.000000000000002 37 20 290 11.999999999999998 21 17 10.999999999999998 22 15.999999999999998
leaf_count=12 13 12 13 12 11 11 15 37 20 290 12 21 17 11 22 16
internal_value=-0.000102107 0.000211678 -9.85197e-05 -0.000531679 0.0019578 -5.94276e-05 0.000112726 -0.000110165 -0.00177986 0.000112813 -0.000143832 0.00036813 0.00125758 0.000736005 0.00223953 0.00155958
internal_weight=545 533 520 436 84 424 412 401 46 355 302 73 52 26 39 53
internal_count=545 533 520 436 84 424 412 401 46 355 302 73 52 26 39 53
is_linear=0
shrinkage=0.0529975


Tree=155
num_leaves=17
num_cat=0
split_feature=39 30 29 30 19 7 31 29 29 30 9 29 47 6 46 13
split_gain=0.584816 0.51431 0.162663 0.495827 0.348279 0.163946 0.115989 0.358456 0.172101 0.0808032 0.062583 0.053014 0.048207 0.0465134 0.0504819 0.0262722
threshold=-1.1558530955085182 -1.4739652562250283 -0.81017552788316061 1.2529128884377021 -0.95772725582126561 -1.897707229271955 0.66856331366879385 0.65561766953668521 0.7731741465887918 0.86544403751546073 -1.2067186390077422 -0.29478589373628455 0.80004360165012389 0.50353014485828651 -0.18832435130588573 0.23091843201240225
decision_type=2 2 2 2 2 2 2 2 2 2 2 2 2 2 2 2
left_child=-1 -2 4 5 -3 -4 7 10 9 12 15 -12 -8 14 -6 -7
right_child=1 2 3 -5 13 6 8 -9 -10 -11 11 -13 -14 -15 -16 -17
leaf_value=-0.009505886803555361 0.0087715806590540832 0.0089342684642287219 -0.0050426815764716207 -0.0093101686434558344 -0.00081223312716028381 0.00027294056304036948 -0.0008622189417862217 -0.0070957141742680318 0.0054622042489529182 0.0037813623073878052 0.00057602136704237156 -0.00086226638315961221 0.0017984232070578508 -0.0021500530423710462 0.0031535471840236124 0.0033240089624425578
leaf_weight=11.999999999999998 12.999999999999998 10.999999999999998 11.999999999999998 10.999999999999998 10.999999999999998 24 70 14.999999999999998 19 10.999999999999998 116 161 19 13.999999999999998 11.000000000000002 14.999999999999998
leaf_count=12 13 11 12 11 11 24 70 15 19 11 116 161 19 14 11 15
internal_value=-0.000100376 0.00020182 -9.66992e-05 -0.000416526 0.00267313 -7.32707e-05 0.000108499 -0.000388012 0.00149779 0.000412261 3.49112e-05 -0.000235827 -0.000143024 -7.61829e-05 0.00117191 0.00188824
internal_weight=545 533 520 473 47 462 450 331 119 100 316 277 89 36 22 39
internal_count=545 533 520 473 47 462 450 331 119 100 316 277 89 36 22 39
is_linear=0
shrinkage=0.0529975


Tree=156
num_leaves=12
num_cat=0
split_feature=29 39 29 19 29 19 6 36 38 29 30
split_gain=0.587033 0.343403 0.483424 0.383777 0.127743 0.140141 0.628938 0.0581953 0.112404 0.0842345 0.0435475
threshold=1.4142917490010982 -1.0449328170218728 0.96361458521015575 0.16664694950672165 -1.1125084092197188 -0.77729306540003507 0.60253933251252334 -1.3119446050013639 -0.75348243586137342 0.69848664362485546 -0.41432049956592126
decision_type=2 2 2 2 2 2 2 2 2 2 2
left_child=1 3 4 -1 -3 6 -6 -7 -9 10 -10
right_child=-2 2 -4 -5 5 7 -8 8 9 -11 -12
leaf_value=-0.00027897465464391289 -0.0095171073061125506 0.0047051700598726648 -0.0086484597161226289 0.011005648589846054 -0.0090519410082142669 0.0033685468720007121 0.0030040195095186488 -0.0040349614214417783 0.0012657047011786816 0.0036348051177506834 -8.9055470372125195e-05
leaf_weight=14.000000000000002 11.999999999999998 10.999999999999998 11.999999999999998 10.999999999999998 17 10.999999999999998 20 10.999999999999998 75 14.999999999999998 336
leaf_count=14 12 11 12 11 17 11 20 11 75 15 336
internal_value=-9.34628e-05 0.000209262 -0.000106455 0.00562947 0.000187131 1.42235e-05 -0.00286265 0.000301879 0.000164368 0.000343472 0.000156059
internal_weight=545 533 508 25 496 485 37 448 437 426 411
internal_count=545 533 508 25 496 485 37 448 437 426 411
is_linear=0
shrinkage=0.0529975


Tree=157
num_leaves=23
num_cat=0
split_feature=45 30 19 29 29 8 29 37 3 19 19 44 36 25 29 17 39 13 26 17 13 10
split_gain=0.587303 0.414175 0.182513 0.914626 0.258282 0.68687 0.171134 0.432194 0.343151 0.183914 0.100031 0.0765833 0.0579645 0.0460136 0.0459422 0.0342612 0.0433172 0.0296926 0.0494085 0.0211366 0.02042 0.0142276
threshold=1.7894974863008961 -1.6045160372440099 -0.3357664568293684 0.41037723249571229 0.7731741465887918 -1.0006631898332965 -0.62400762929631193 -0.7098019992819159 0.76392774171903277 -0.71234336683649502 -0.58317633917525924 0.70547720845605821 -1.2895489334230941 -0.94602032792381785 -0.27712259344990625 -0.72340947011875822 1.8368162572147246 -0.054758513544016361 -0.25898519317648783 -0.7890739664377534 0.41808608599764202 0.8649158441504271
decision_type=2 2 2 2 2 2 2 2 2 2 2 2 2 2 2 2 2 2 2 2 2 2
left_child=1 -1 3 6 12 -6 7 -3 10 -10 11 -8 -4 21 -12 19 20 18 -9 -15 -17 -14
right_child=-2 2 4 -5 5 -7 8 17 9 -11 14 -13 13 15 -16 16 -18 -19 -20 -21 -22 -23
leaf_value=0.0079015230742394294 -0.0095164639651444949 0.0089704282214876831 -0.0022778491831576208 -0.013167778538477533 -0.0027785612386057954 0.01067798820041637 0.0043568761739355708 -0.00355472287095367 -0.0099260179191155533 -0.00098011425215856099 0.0005027407829128667 -0.00024099792484987565 0.0033186837316492275 0 -0.0025234477909477256 -0.00015055045534442138 0.0026420430953262028 0.00077092488123966987 0.00013317784548708418 -0.0024961654488438144 0.00099684016168734052 0.00012496683073262102
leaf_weight=12.999999999999998 11.999999999999998 11.999999999999998 20 10.999999999999998 14.999999999999998 17 18 11.999999999999998 11.000000000000002 15.999999999999998 19 12.000000000000002 12.000000000000002 18 22 183 14.999999999999998 15.999999999999998 15.000000000000002 14.999999999999998 49 11.999999999999998
leaf_count=13 12 12 20 11 15 17 18 12 11 16 19 12 12 18 22 183 15 16 15 15 49 12
internal_value=-9.05119e-05 0.000212257 -5.45823e-05 -0.0014984 0.000605054 0.00474337 -0.000150522 0.00203621 -0.00149158 -0.00597793 0.000456474 0.00258991 9.64e-05 0.000316172 -0.00108723 7.71672e-05 0.000323493 -0.000617374 -0.00164234 -0.00135367 8.14486e-05 0.00229888
internal_weight=545 533 520 164 356 32 153 55 98 27 71 30 324 304 41 280 247 43 27 33 232 24
internal_count=545 533 520 164 356 32 153 55 98 27 71 30 324 304 41 280 247 43 27 33 232 24
is_linear=0
shrinkage=0.0529975


Tree=158
num_leaves=14
num_cat=0
split_feature=13 7 8 19 43 25 30 19 7 25 47 30 30
split_gain=0.548162 0.336782 0.424896 0.384934 1.38683 0.178995 0.368888 0.13338 0.127581 0.146712 0.0896779 0.128506 0.0845816
threshold=1.9449801053509139 -2.251833151424401 2.2335239833880842 0.56461929902412689 1.0000000180025095e-35 -1.3308125281902385 1.2529128884377021 0.85158199478838448 1.527066262327532 1.5812077543509779 -0.036118628440457261 0.51871690791773173 0.94700107409178613
decision_type=2 2 2 2 2 2 2 2 2 2 2 2 2
left_child=1 -1 3 5 -5 -3 8 -6 10 -10 12 -12 -7
right_child=-2 2 -4 4 7 6 -8 -9 9 -11 11 -13 -14
leaf_value=0.0075461166794882975 -0.009195879550882094 0.0049324672287789847 -0.0082791112047134914 0.016507702608374111 0.00095843621090397832 8.746840261276772e-05 -0.006986104918748833 -0.0048697887669153462 -0.0004576866858409473 0.0065285613120438669 -0.0002298369895029113 -0.0029884625234466865 0.0036006951907582626
leaf_weight=10.999999999999998 11.999999999999998 11.999999999999998 10.999999999999998 11.999999999999998 21 123 17 11.999999999999998 12.000000000000002 10.999999999999998 215 58 18
leaf_count=11 12 12 11 12 21 123 17 12 12 11 215 58 18
internal_value=-8.92417e-05 0.000202852 -2.26061e-05 0.000235581 0.00461434 -0.000225713 -0.000439758 -0.00140474 -7.82108e-05 0.00330181 -0.00032708 -0.000892587 0.000712069
internal_weight=545 533 522 511 45 466 454 33 437 23 414 273 141
internal_count=545 533 522 511 45 466 454 33 437 23 414 273 141
is_linear=0
shrinkage=0.0529975


Tree=159
num_leaves=17
num_cat=0
split_feature=39 19 37 29 30 29 19 30 2 19 29 29 4 13 31 26
split_gain=0.578656 0.479037 0.6063 0.350388 0.571078 0.127692 0.128903 0.0345787 0.0441393 0.0428527 0.0935286 0.0407813 0.0347956 0.0394403 0.0208225 0.00971864
threshold=-1.1558530955085182 0.85158199478838448 0.1436402361162151 0.74954040166073665 0.23966141775408889 -1.1125084092197188 -0.97088705664890151 -0.41432049956592126 -1.1412626510823281 -0.592058405594727 -0.30060901107959576 -0.30479970699318965 -1.3677730599946958 0.33927865274069896 -0.53103829431112415 0.40063310374275068
decision_type=2 2 2 2 2 2 2 2 2 2 2 2 2 2 2 2
left_child=-1 3 -3 5 -5 -2 -7 12 -9 10 -10 -11 -8 15 -15 -14
right_child=1 2 -4 4 -6 6 7 8 9 11 -12 -13 13 14 -16 -17
leaf_value=-0.0094365634233093063 0.0047256444583122009 0.013370643262908077 -0.0011990766000828203 0.00085809822794251887 -0.012273034282285279 -0.0039156188269896955 -0.00093328882655676075 -0.0022458793793933849 -5.4568183479650882e-05 0.00062673958832803426 0.0038622566578210803 -0.00061906371409183665 -4.467082779823109e-05 0.0045516120403580234 0.00082554210178722098 0.0012598776597974215
leaf_weight=11.999999999999998 10.999999999999998 11.000000000000002 11.999999999999998 17.000000000000004 10.999999999999998 15.999999999999998 10.999999999999998 17 40 115 20 177 31 11.000000000000002 18 14.999999999999998
leaf_count=12 11 11 12 17 11 16 11 17 40 115 20 177 31 11 18 15
internal_value=-7.97138e-05 0.000220628 0.0068522 -0.000141061 -0.00534997 0.000209239 3.10368e-05 0.000234099 0 0.000149323 0.0013775 -0.000102245 0.0011534 0.00159212 0.00297618 0.000342631
internal_weight=545 533 23 510 28 482 471 455 369 352 60 292 86 75 29 46
internal_count=545 533 23 510 28 482 471 455 369 352 60 292 86 75 29 46
is_linear=0
shrinkage=0.0529975


Tree=160
num_leaves=13
num_cat=0
split_feature=29 39 29 27 29 27 27 36 38 38 3 26
split_gain=0.56436 0.307468 0.451567 0.320616 0.119265 0.317256 0.292896 0.0621412 0.0955389 0.0652046 0.0706865 0.0381918
threshold=1.4142917490010982 -1.0449328170218728 0.96361458521015575 0.16664694950670952 -0.81017552788316061 -0.95772725582127649 -1.042965392848809 -1.3119446050013639 -0.75348243586137342 -0.42152753544637073 -0.95922375622237632 -0.25898519317648783
decision_type=2 2 2 2 2 2 2 2 2 2 2 2
left_child=1 3 4 -1 5 -3 -6 -8 -9 -10 -11 -7
right_child=-2 2 -4 -5 6 11 7 8 9 10 -12 -13
leaf_value=-7.5651484195197742e-05 -0.009316648152217881 0.0085607138726026839 -0.0083350276562728469 0.010254142187970498 -0.0068976902596732843 -0.0015999205758227585 0.0033370210344982809 -0.0038300702268899128 0.0026009941345916743 -0.0017495161319174403 0.00030881335201040315 0.0013727504017138708
leaf_weight=14.000000000000002 11.999999999999998 10.999999999999998 11.999999999999998 10.999999999999998 10.999999999999998 19 10.999999999999998 10.999999999999998 24 48 344 17
leaf_count=14 12 11 12 11 11 19 11 11 24 48 344 17
internal_value=-7.5859e-05 0.000220565 -7.76621e-05 0.00534856 0.000205376 0.00258654 -5.93299e-05 0.000187516 4.51606e-05 0.00021715 1.66618e-05 -3.42716e-05
internal_weight=545 533 508 25 496 47 449 438 427 416 392 36
internal_count=545 533 508 25 496 47 449 438 427 416 392 36
is_linear=0
shrinkage=0.0529975


Tree=161
num_leaves=24
num_cat=0
split_feature=45 30 19 29 29 8 29 37 3 10 39 19 36 25 7 29 18 39 13 26 18 39 10
split_gain=0.556294 0.40192 0.158374 0.823697 0.232506 0.617672 0.157542 0.407084 0.310743 0.179297 0.0911967 0.186414 0.0523719 0.0429266 0.035048 0.0348444 0.0311392 0.0395639 0.0279158 0.0476176 0.0196854 0.0188536 0.0121913
threshold=1.7894974863008961 -1.6045160372440099 -0.3357664568293684 0.41037723249571229 0.7731741465887918 -1.0006631898332965 -0.62400762929631193 -0.7098019992819159 0.76392774171903277 0.66889347538467159 -0.46195446332225859 -0.58317633917525924 -1.2895489334230941 -0.94602032792381785 -0.1959149040383493 -0.17292469673266564 0.5709311933108987 1.8227470085125217 -0.054758513544016361 -0.25898519317648783 0.66706880181954442 -0.88168880801376159 0.8649158441504271
decision_type=2 2 2 2 2 2 2 2 2 2 2 2 2 2 2 2 2 2 2 2 2 2 2
left_child=1 -1 3 6 12 -6 7 -3 10 -10 11 14 -4 22 -8 -13 17 21 19 -9 -18 -15 -14
right_child=-2 2 4 -5 5 -7 8 18 9 -11 -12 15 13 16 -16 -17 20 -19 -20 -21 -22 -23 -24
leaf_value=0.0077934665173948238 -0.0092495376219584001 0.0087162768245259269 -0.0021692073906635035 -0.012462664858076998 -0.0026225650246668657 0.01012752948121763 0.00082496167213183026 -0.0034648342959964361 -0.0095501791858700873 -0.00080934617416871142 -0.0022253734170226292 0.00053322426368340964 0.0031673254307812379 0.0013421641189569481 0.006179195197858158 -0.0024350666943133083 -0.0024007089662967961 0.00240725486960556 0.00075291194719642881 0.00014820077455797147 0 -8.4868686619357197e-05 0.00012935291387813867
leaf_weight=12.999999999999998 11.999999999999998 11.999999999999998 20 10.999999999999998 14.999999999999998 17 11.000000000000002 11.999999999999998 11.000000000000002 15.999999999999998 18 12.999999999999998 12.000000000000002 23 12.999999999999995 16.000000000000007 14.999999999999998 17 15.999999999999998 15.000000000000002 18 207 11.999999999999998
leaf_count=13 12 12 20 11 15 17 11 12 11 16 18 13 12 23 13 16 15 17 16 15 18 207 12
internal_value=-7.4936e-05 0.000219267 -4.34962e-05 -0.00138949 0.000570017 0.00449642 -0.000109452 0.00198643 -0.00139959 -0.0056705 0.000448976 0.00160951 8.64002e-05 0.000296416 0.0046135 -0.0010415 6.5002e-05 0.000301188 -0.000586007 -0.00158376 -0.00129818 5.87151e-05 0.0022107
internal_weight=545 533 520 164 356 32 153 55 98 27 71 53 324 304 24 29 280 247 43 27 33 230 24
internal_count=545 533 520 164 356 32 153 55 98 27 71 53 324 304 24 29 280 247 43 27 33 230 24
is_linear=0
shrinkage=0.0529975


Tree=162
num_leaves=13
num_cat=0
split_feature=39 19 37 29 30 29 30 30 19 30 39 2
split_gain=0.568341 0.44301 0.559581 0.316402 0.526412 0.118145 0.11431 0.176479 0.112295 0.0324578 0.0412478 0.0376663
threshold=-1.1558530955085182 0.85158199478838448 0.1436402361162151 0.74954040166073665 0.23966141775408889 -1.1125084092197188 1.3172068235561969 1.0909449037682633 -0.92602225282107575 -0.17828588221193531 -0.75589987518680701 -1.1412626510823281
decision_type=2 2 2 2 2 2 2 2 2 2 2 2
left_child=-1 3 -3 5 -5 -2 7 8 -7 10 -10 -11
right_child=1 2 -4 4 -6 6 -8 -9 9 11 -12 -13
leaf_value=-0.0093461881604345771 0.0045545521299557683 0.012864262900301755 -0.0011243506471557011 0.00086175418358980704 -0.011724846763760378 -0.0040887504448545841 -0.0039743624703166289 0.0055171640754581083 0.0027462833954283263 -0.0022358669095893556 0.00032650025130519439 2.253552632260587e-05
leaf_weight=11.999999999999998 10.999999999999998 11.000000000000002 11.999999999999998 17.000000000000004 10.999999999999998 11.999999999999998 12.999999999999998 10.999999999999998 21 15.999999999999998 122 276
leaf_count=12 11 11 12 17 11 12 13 11 21 16 122 276
internal_value=-7.2729e-05 0.000224751 0.00660176 -0.000122681 -0.00507343 0.000209409 3.73065e-05 0.000216119 0 0.00018161 0.000824955 -0.000120275
internal_weight=545 533 23 510 28 482 471 458 447 435 143 292
internal_count=545 533 23 510 28 482 471 458 447 435 143 292
is_linear=0
shrinkage=0.0529975


Tree=163
num_leaves=20
num_cat=0
split_feature=29 13 29 19 29 2 19 3 3 31 2 26 39 7 1 13 29 29 45
split_gain=0.546094 0.291012 0.348129 0.334933 0.126896 0.297634 0.256673 0.116333 0.0828373 0.0687991 0.0667012 0.0397184 0.0340487 0.0899668 0.07653 0.0664218 0.044589 0.0212378 0.00903817
threshold=1.4142917490010982 1.009141835424715 0.96361458521015575 0.56461929902412689 -0.81017552788316061 -0.78750031080257232 -0.97088705664890151 0.090850422352377599 0.62416305245163961 0.24472681989018494 -1.0530676585040981 -0.97608372935309318 -0.71361890106462766 -0.28687391215209518 -0.092602893451438809 0.69391210239694279 0.11881274814264779 -0.42378981793710108 1.0000000180025095e-35
decision_type=2 2 2 2 2 2 2 2 2 2 2 2 2 2 2 2 2 2 2
left_child=1 2 4 7 5 -1 -6 -3 -9 -7 11 -8 13 14 -12 -15 17 -14 -18
right_child=-2 3 -4 -5 6 9 10 8 -10 -11 12 -13 16 15 -16 -17 18 -19 -20
leaf_value=0.007444937700012466 -0.009161117249553978 -0.0022559539822326448 -0.0076532600985229488 0.01007523513097673 -0.0064296051242548778 -0.0024127596738976031 -0.003552503683450232 0.004867548398053226 0 0.0017381820059738733 0.00095072489596860347 0 0.00090660810479796072 0.0029726810612133166 -0.0030724132197227109 -0.00053653703318224646 -0.0021462928989486067 -0.00010688967490692172 -0.00032352820008670573
leaf_weight=14.999999999999998 11.999999999999998 13.999999999999998 10.999999999999998 10.999999999999998 11.999999999999998 18 16.000000000000004 15.000000000000002 13.999999999999998 13.999999999999998 23 11.999999999999998 82 53 17 13.999999999999998 23 140 29
leaf_count=15 12 14 11 11 12 18 16 15 14 14 23 12 82 53 17 14 23 140 29
internal_value=-7.07616e-05 0.000220582 -0.000199011 0.00370685 5.6063e-05 0.00251294 -0.0002333 0.000901494 0.00275073 -0.000425185 2.1944e-05 -0.00221 0.000235722 0.00101399 -0.000784892 0.00215989 -5.84615e-05 0.000250829 -0.00138874
internal_weight=545 533 479 54 468 47 421 43 29 32 409 28 381 107 40 67 274 222 52
internal_count=545 533 479 54 468 47 421 43 29 32 409 28 381 107 40 67 274 222 52
is_linear=0
shrinkage=0.0529975


Tree=164
num_leaves=23
num_cat=0
split_feature=45 30 19 29 29 8 53 6 19 16 10 47 6 39 36 25 10 17 39 31 35 10
split_gain=0.526132 0.383991 0.138628 0.742829 0.231366 0.565964 0.15145 0.192765 0.359487 0.165426 0.120446 0.13782 0.115026 0.0537243 0.0506641 0.0397382 0.0306288 0.0285202 0.0377141 0.0187151 0.0182382 0.00943416
threshold=1.7894974863008961 -1.6045160372440099 -0.3357664568293684 0.41037723249571229 0.7731741465887918 -1.0006631898332965 1.0593795073025254 0.68766972570943896 -0.85535387021005227 0.46036109760911498 1.1575568244941292 0.10324174324130626 0.30609784481396979 -0.40188514241391665 -1.2895489334230941 -0.94602032792381785 1.5265823601061208 -0.72340947011875822 1.8368162572147246 0.032873551969873807 -0.81570052345866106 0.8649158441504271
decision_type=2 2 2 2 2 2 2 2 2 2 2 2 2 2 2 2 2 2 2 2 2 2
left_child=1 -1 3 6 14 -6 7 8 -3 -8 11 -9 13 -10 -4 21 -12 20 19 -19 -17 -16
right_child=-2 2 4 -5 5 -7 9 10 12 -11 16 -13 -14 -15 15 17 -18 18 -20 -21 -22 -23
leaf_value=0.0076149764546013764 -0.0089969046429875348 -0.0092419214258647499 -0.0021747283013360532 -0.011820169911014535 -0.0023880843784139351 0.0098252635335775319 -0.00028356468472512695 0.0061894996049097198 0.0026851214317829804 0.0067557270481077916 -0.0022499451857182391 -0.00041328043532347987 -0.0033089949401851606 -0.00059995833105222984 0.0029586014588610828 0 0.00063531249904976285 0.00067023175099953792 0.0024179883176632124 -0.00028802053154288018 -0.0021845934992087454 0.00014173872191210651
leaf_weight=12.999999999999998 11.999999999999998 11.999999999999998 20 10.999999999999998 14.999999999999998 17 16.000000000000004 15.000000000000002 19.999999999999996 10.999999999999998 15.000000000000002 10.999999999999998 21 21.000000000000004 12.000000000000002 14.999999999999998 10.999999999999998 83 14.999999999999998 149 18 11.999999999999998
leaf_count=13 12 12 20 11 15 17 16 15 20 11 15 11 21 21 12 15 11 83 15 149 18 12
internal_value=-7.43231e-05 0.000211459 -4.50517e-05 -0.00130497 0.000528065 0.00444305 -8.77649e-05 -0.000928359 -0.002613 0.00307915 0.00137087 0.00362379 -0.000525383 0.000992036 4.65252e-05 0.000254432 -0.000920668 3.18488e-05 0.000259984 3.37039e-05 -0.00127401 0.00209291
internal_weight=545 533 520 164 356 32 153 126 74 27 52 26 62 41 324 304 26 280 247 232 33 24
internal_count=545 533 520 164 356 32 153 126 74 27 52 26 62 41 324 304 26 280 247 232 33 24
is_linear=0
shrinkage=0.0529975


Tree=165
num_leaves=19
num_cat=0
split_feature=39 30 29 30 19 7 31 29 7 39 45 4 9 47 6 46 39 29
split_gain=0.542816 0.399074 0.136705 0.372994 0.295684 0.13049 0.0993056 0.297436 0.149521 0.228107 0.0925626 0.0713556 0.0660415 0.0430231 0.0422695 0.0479005 0.0388762 0.0367287
threshold=-1.1558530955085182 -1.4739652562250283 -0.81017552788316061 1.2529128884377021 -0.95772725582126561 -1.897707229271955 0.66856331366879385 0.6273942987389155 0.95496269455785654 -0.80165551899036436 1.1081611900671031 1.5204408203139097 -1.2067186390077422 -0.036118628440457261 0.50353014485828651 -0.18832435130588573 -0.63927416386584646 -0.30479970699318965
decision_type=2 2 2 2 2 2 2 2 2 2 2 2 2 2 2 2 2 2
left_child=-1 -2 4 5 -3 -4 7 12 9 -8 11 -10 16 -11 15 -6 -7 -14
right_child=1 2 3 -5 14 6 8 -9 10 13 -12 -13 17 -15 -16 -17 -18 -19
leaf_value=-0.0091360562336538498 0.0077647229967309503 0.0082623700308104547 -0.0044766977840651444 -0.0080524233557040404 -0.00077552723825829995 0.0040724948670766269 0.0087341438272123643 -0.0059051983968596462 -0.00037491303625568822 0.0023644661256952693 -0.0031787695072204398 0.0028506453432526647 0.00049746009253230508 -0.00097989576371012091 -0.0020215354635149301 0.0030811961037200482 0.00036584843360982583 -0.00070852350392756056
leaf_weight=11.999999999999998 12.999999999999998 10.999999999999998 11.999999999999998 10.999999999999998 10.999999999999998 10.999999999999998 10.999999999999998 19 40 14 13.999999999999998 25 111 15 13.999999999999998 11.000000000000002 27 163
leaf_count=12 13 11 12 11 11 11 11 19 40 14 14 25 111 15 14 11 27 163
internal_value=-7.31316e-05 0.000217323 -4.44507e-05 -0.00033941 0.00249471 -4.002e-05 0.000120287 -0.000337947 0.00140582 0.00380803 0 0.000903292 8.40803e-05 0.00056354 -2.94158e-05 0.00115027 0.00200639 -0.000194832
internal_weight=545 533 520 473 47 462 450 331 119 40 79 65 312 29 36 22 38 274
internal_count=545 533 520 473 47 462 450 331 119 40 79 65 312 29 36 22 38 274
is_linear=0
shrinkage=0.0529975


Tree=166
num_leaves=22
num_cat=0
split_feature=29 13 29 19 44 39 19 3 13 3 31 29 39 31 8 8 29 30 37 9 8
split_gain=0.528367 0.27684 0.323241 0.291309 0.11982 0.190599 0.171027 0.105035 0.0906034 0.0854878 0.066757 0.0948471 0.0607541 0.093621 0.05337 0.0400518 0.0383417 0.0335411 0.0779084 0.0197306 0.000624823
threshold=1.4142917490010982 1.009141835424715 0.96361458521015575 0.56461929902412689 1.1974606743659131 -0.69848839585506151 -1.0429653928487965 0.10372348583753192 -0.665516121285325 0.62416305245163961 -0.2727259461694394 0.28237332503594575 -0.63927416386584646 0.025727675498821215 1.1846244970882689 -0.5127097674775597 -0.74356857378253738 0.94700107409178613 -0.63011943184916475 -0.60891210923676342 -0.11124742640394288
decision_type=2 2 2 2 2 2 2 2 2 2 2 2 2 2 2 2 2 2 2 2 2
left_child=1 2 4 7 6 -6 -1 -3 -7 -9 11 14 13 -12 16 -15 -8 18 -14 -10 -21
right_child=-2 3 -4 -5 5 8 10 9 19 -11 12 -13 17 15 -16 -17 -18 -19 -20 20 -22
leaf_value=-0.0053639431101232364 -0.0090097108413137606 -0.0018094653371224987 -0.0073735019593457211 0.0095744311269672956 0.0056665128212391508 0.0027515607372488493 -0.0029856380691244003 0.0051761648472209171 0 0 0.0044873873852617893 -0.0047060924122700187 -0.0028660290156471255 0.0013518560427822899 0.0020205863455733646 -0.0011024278351177096 -0.00023954088196384679 0.0016919694021097428 6.0289524193402923e-05 -0.0027408820435793606 -0.00037456490849596501
leaf_weight=11.999999999999998 11.999999999999998 15.999999999999998 10.999999999999998 10.999999999999998 20 18 14.999999999999998 13.000000000000002 15.999999999999998 13.999999999999998 17 11.999999999999998 24 41 13.999999999999998 23 72 18 144 11 11
leaf_count=12 12 16 11 11 20 18 15 13 16 14 17 12 24 41 14 23 72 18 144 11 11
internal_value=-6.78809e-05 0.000218472 -0.000190467 0.00361882 5.47739e-05 0.00191112 -0.000310951 0.000967427 3.88915e-05 0.00285446 -5.24386e-05 -0.00111469 0.000386152 0.00154903 -0.000382878 0.000351179 -0.000950098 -0.000116444 -0.000401978 -0.00128719 -0.00214085
internal_weight=545 533 479 54 468 76 392 43 56 27 380 113 267 81 101 64 87 186 168 38 22
internal_count=545 533 479 54 468 76 392 43 56 27 380 113 267 81 101 64 87 186 168 38 22
is_linear=0
shrinkage=0.0529975


Tree=167
num_leaves=13
num_cat=0
split_feature=39 19 37 29 30 29 7 30 30 30 29 31
split_gain=0.500313 0.388467 0.532946 0.273206 0.484979 0.106605 0.0892321 0.0949345 0.151465 0.0441684 0.0329325 0.0300254
threshold=-1.1558530955085182 0.85158199478838448 0.1436402361162151 0.74954040166073665 0.23966141775408889 -1.1125084092197188 -1.9754482841524654 1.3172068235561969 1.0909449037682633 -0.41432049956592126 0.47796017511591082 -0.66284864938252397
decision_type=2 2 2 2 2 2 2 2 2 2 2 2
left_child=-1 3 -3 5 -5 -2 -7 8 9 11 -11 -8
right_child=1 2 -4 4 -6 6 7 -9 -10 10 -12 -13
leaf_value=-0.0087697081926446548 0.0043201677005693089 0.012310120090321085 -0.0012776371004436661 0.00093656441179624931 -0.011110113697234985 -0.0036149782261464991 0.0029021414901234288 -0.0034562222591628475 0.0052715047716295153 4.8693996916546428e-05 -0.0016257985326051522 0.00041811432925043169
leaf_weight=11.999999999999998 10.999999999999998 11.000000000000002 11.999999999999998 17.000000000000004 10.999999999999998 11.999999999999998 18 12.999999999999998 10.999999999999998 327 30 60
leaf_count=12 11 11 12 17 11 12 18 13 11 327 30 60
internal_value=-6.83758e-05 0.000209953 0.00618181 -0.000114539 -0.00471549 0.000193082 2.89546e-05 0.000184631 0.000350651 0.00014039 -9.73104e-05 0.00124076
internal_weight=545 533 23 510 28 482 471 459 446 435 357 78
internal_count=545 533 23 510 28 482 471 459 446 435 357 78
is_linear=0
shrinkage=0.0529975


Tree=168
num_leaves=14
num_cat=0
split_feature=27 38 25 39 29 29 27 27 3 3 30 6 46
split_gain=0.504775 0.383552 0.153991 0.248957 0.162332 0.106457 0.272434 0.213253 0.0745887 0.0985586 0.0731828 0.0380974 0.0451612
threshold=1.0782546332625993 -0.68690109666846921 1.9371621489107038 -1.1464725685440789 0.96361458521015575 -0.81017552788316061 -0.95772725582127649 -1.042965392848809 -0.95922375622237632 -1.3969079147176331 1.007757035394693 0.50353014485828651 -0.18832435130588573
decision_type=2 2 2 2 2 2 2 2 2 2 2 2 2
left_child=1 -1 3 -3 5 6 -5 -7 9 -9 -10 12 -8
right_child=-2 2 -4 4 -6 7 11 8 10 -11 -12 -13 -14
leaf_value=0.0080945071584770812 -0.0075939232042720349 0.0062936915059300146 -0.0049597233130770479 0.0079154033962604373 -0.0049936496749224671 -0.0059560555102765389 -0.00077710662054627621 0.0002488342083643829 0.00017592172745392164 -0.0039464921059290184 0.0035964775711283059 -0.0019318307272402024 0.0029609950055720538
leaf_weight=10.999999999999998 18 11.999999999999998 10.999999999999998 10.999999999999998 11.999999999999998 10.999999999999998 10.999999999999998 28 360 22 12.999999999999998 13.999999999999998 11.000000000000002
leaf_count=11 18 12 11 11 12 11 11 28 360 22 13 14 11
internal_value=-6.5512e-05 0.000261062 0 0.000168035 -4.09099e-05 0.000128274 0.00237822 -0.0001286 8.77942e-05 -0.00169731 0.000368583 -3.59892e-05 0.00107634
internal_weight=545 527 516 505 493 481 47 434 423 50 373 36 22
internal_count=545 527 516 505 493 481 47 434 423 50 373 36 22
is_linear=0
shrinkage=0.0529975


Tree=169
num_leaves=24
num_cat=0
split_feature=45 30 19 29 29 8 29 37 3 10 19 13 36 29 25 25 25 30 37 30 15 4 10
split_gain=0.519771 0.374221 0.130845 0.65636 0.235624 0.521255 0.1399 0.385855 0.253181 0.16277 0.0787029 0.0599493 0.0486634 0.038308 0.0359615 0.0266945 0.025767 0.0239725 0.0319747 0.0214968 0.018497 0.00899864 0.00718349
threshold=1.7894974863008961 -1.6045160372440099 -0.3357664568293684 0.41037723249571229 0.7731741465887918 -1.0006631898332965 -0.62400762929631193 -0.7098019992819159 0.76392774171903277 0.66889347538467159 -0.58317633917525924 -0.0055038677584269549 -1.2895489334230941 -0.17292469673266564 -0.94602032792381785 -0.8651625286172262 -0.80856147868421624 -0.17828588221193531 -0.78948456671466416 0.075737815779329185 -0.28998778093691724 -0.14868612379230234 0.96371414770507402
decision_type=2 2 2 2 2 2 2 2 2 2 2 2 2 2 2 2 2 2 2 2 2 2 2
left_child=1 -1 3 6 12 -6 7 -3 10 -10 11 -8 -4 21 22 -9 -16 18 -18 -19 -17 -12 -14
right_child=-2 2 4 -5 5 -7 8 15 9 -11 13 -13 14 -15 16 20 17 19 -20 -21 -22 -23 -24
leaf_value=0.007530080251525479 -0.008931008521500184 0.0084215815528678045 -0.0021373036450837322 -0.011141610926593049 -0.0021124183632314003 0.0096275061081680883 0 -0.0022867488813781891 -0.0088599360780813909 -0.00060562131201149713 -0.00040807950628004181 0.0044081463652587251 0.0027074126215829754 -0.0025987145180126309 -0.0015663029333634489 -0.00096981109229909502 0.0025968784646409966 -0.00094663697538857996 0.00025698310708882339 0.00027445546365870556 0.0011970244886446526 0.0011619956242974649 8.0917533741039929e-05
leaf_weight=12.999999999999998 11.999999999999998 11.999999999999998 20 10.999999999999998 14.999999999999998 17 18.000000000000004 11.999999999999998 11.000000000000002 15.999999999999998 12.999999999999998 11.999999999999998 13.000000000000002 17 19 12.999999999999998 17 61 98 85 18.000000000000004 11.000000000000002 10.999999999999998
leaf_count=13 12 12 20 11 15 17 18 12 11 16 13 12 13 17 19 13 17 61 98 85 18 11 11
internal_value=-6.18716e-05 0.000221987 -3.11969e-05 -0.00125599 0.000525196 0.00447569 -0.000107935 0.0018644 -0.0013257 -0.00517915 0.000338211 0.00224436 3.96195e-05 -0.00101632 0.000243942 -0.000629677 3.09285e-05 0.000205928 0.000772162 -0.000206993 8.96494e-05 0.000167122 0.00199327
internal_weight=545 533 520 164 356 32 153 55 98 27 71 30 324 41 304 43 280 261 115 146 31 24 24
internal_count=545 533 520 164 356 32 153 55 98 27 71 30 324 41 304 43 280 261 115 146 31 24 24
is_linear=0
shrinkage=0.0529975


Tree=170
num_leaves=16
num_cat=0
split_feature=19 38 25 39 29 53 29 44 19 5 19 13 19 8 33
split_gain=0.490824 0.35181 0.144556 0.224463 0.154192 0.600617 0.129553 0.102818 0.363985 0.157724 0.0778367 0.0680423 0.0570555 0.0477089 0.0368249
threshold=1.0782546332626139 -0.68690109666846921 1.9371621489107038 -1.1464725685440789 0.60923513714294653 1.0000000180025095e-35 0.7731741465887918 1.1974606743659131 -1.084056395528697 -1.0104878021227626 -0.73828673672853917 -0.665516121285325 -0.62555187198812046 -0.47772171063789054 -0.76465887944945432
decision_type=2 2 2 2 2 2 2 2 2 2 2 2 2 2 2
left_child=1 -1 3 -3 7 6 -6 8 -5 -9 14 -11 -12 -13 -10
right_child=-2 2 -4 4 5 -7 -8 9 10 11 12 13 -14 -15 -16
leaf_value=0.0077635440561936902 -0.0074848883401655271 0.005989075651714657 -0.004794272978335898 -0.0076648407762776091 -0.0015351433701397039 -0.010294722789492027 0.0044346107793959899 0.0066211801013906736 0.0044863617483276389 0.0028622148881257054 -0.0024318728092370084 0.0013080545298751526 0.00019345393212274816 -0.0019994525455412082 0.00045288866180642111
leaf_weight=10.999999999999998 18 11.999999999999998 10.999999999999998 10.999999999999998 14.000000000000002 12.999999999999998 13.999999999999998 10.999999999999998 11.000000000000002 17 19 12.999999999999998 326 24 20
leaf_count=11 18 12 11 11 14 13 14 11 11 17 19 13 326 24 20
internal_value=-6.09331e-05 0.000260887 2.19967e-07 0.000173357 -2.44737e-05 -0.00292754 0.00149999 0.000258489 -6.32118e-05 0.00211579 0.00025772 0.000511574 0 -0.000654552 0.00256809
internal_weight=545 527 516 505 493 41 28 452 387 65 376 54 345 37 31
internal_count=545 527 516 505 493 41 28 452 387 65 376 54 345 37 31
is_linear=0
shrinkage=0.0529975


Tree=171
num_leaves=17
num_cat=0
split_feature=39 38 29 44 19 39 19 13 31 19 3 39 31 44 39 9
split_gain=0.48277 0.380384 0.236041 0.102851 0.328564 0.148726 0.0803036 0.0720711 0.0443676 0.102091 0.0929336 0.0622949 0.102539 0.0376837 0.0233433 0.0158629
threshold=-1.1558530955085182 -0.85777646155359866 0.99250610888350865 1.1974606743659131 -1.084056395528697 -0.69848839585506151 -0.92602225282107575 -0.665516121285325 -0.23990902356405411 -0.50832564867298069 0.46968629062978434 -0.63927416386584646 0.060758671931298906 1.0000000180025095e-35 1.8227470085125217 -0.60891210923676342
decision_type=2 2 2 2 2 2 2 2 2 2 2 2 2 2 2 2
left_child=-1 -2 3 4 -3 -5 -6 -7 9 10 -8 12 -10 -11 -13 -9
right_child=1 2 -4 5 6 7 8 15 11 13 -12 14 -14 -15 -16 -17
leaf_value=-0.0086050048291033809 0.0070449095911651969 -0.0074019383285232289 -0.0060340168955425036 0.005100960886302716 0.0035721620642230408 0.002522297100477246 -0.0061383794999303517 0 0.0043975798778009643 0.00069150153785148879 -9.951536875341799e-05 -0.00040097078255165933 0.00026602786708243163 -0.0012670390667856141 0.0015154776703271027 -0.0019139805509312241
leaf_weight=11.999999999999998 15.999999999999998 10.999999999999998 11.999999999999998 21 11.999999999999998 18 11.000000000000002 15.999999999999998 19 71 17 171 68 37 12.999999999999998 20
leaf_count=12 16 11 12 21 12 18 11 16 19 71 17 171 68 37 13 20
internal_value=-5.6896e-05 0.000216189 -6.01401e-05 0.000137287 -0.000171934 0.00187786 0.000103199 0.000123471 -3.2548e-05 -0.000808743 -0.00334163 0.000340841 0.0014688 0 -0.000185251 -0.00109851
internal_weight=545 533 517 505 430 75 419 54 407 136 28 271 87 108 184 36
internal_count=545 533 517 505 430 75 419 54 407 136 28 271 87 108 184 36
is_linear=0
shrinkage=0.0529975


Tree=172
num_leaves=17
num_cat=0
split_feature=19 38 25 39 29 19 26 30 44 7 17 12 14 24 2 39
split_gain=0.470944 0.322875 0.128763 0.220222 0.147155 0.58416 0.429737 0.235478 0.211585 0.129426 0.0696727 0.0526094 0.0868085 0.0494662 0.0757643 0.0387218
threshold=1.0782546332626139 -0.68690109666846921 1.9371621489107038 -1.1464725685440789 0.11881274814264779 -0.3357664568293684 -0.24867132533377731 1.0684567549518114 0.70547720845605821 1.5744293204194071 -1.4430991583872543 -0.24770820666942364 -0.36121375166775166 -1.1894527247688729 -1.0530676585040981 -0.85317783451209428
decision_type=2 2 2 2 2 2 2 2 2 2 2 2 2 2 2 2
left_child=1 -1 3 -3 7 6 -6 10 -9 11 -5 15 -13 -12 -15 -7
right_child=-2 2 -4 4 5 9 -8 8 -10 -11 13 12 -14 14 -16 -17
leaf_value=0.0074461606666811012 -0.0073291428336840813 0.0059323737413114596 -0.0045158216218768614 -0.0031986915618395693 -0.00035795456403780947 -0.0034601578869206473 -0.013610134480926201 9.889715096202127e-05 0.0089404988933604219 0.0040431824056016315 0.002770436836847961 -0.0016400850188706903 0.0027631451046941403 -0.0032351408620568539 0.00029862916460649409 -0.00039787359973175734
leaf_weight=10.999999999999998 18 11.999999999999998 10.999999999999998 10.999999999999998 14.000000000000002 13.999999999999998 10.999999999999998 17.000000000000004 10.999999999999998 14.999999999999998 14.999999999999998 14.999999999999998 23 11.999999999999998 286 49
leaf_count=11 18 12 11 11 14 14 11 17 11 15 15 15 23 12 286 49
internal_value=-5.67535e-05 0.000258196 7.80625e-06 0.000171845 -2.39772e-05 -0.00144864 -0.00791917 0.000541894 0.00474213 0.000209318 7.81706e-05 -0.000489471 0.000879634 0.000273191 7.23465e-05 -0.00142119
internal_weight=545 527 516 505 493 141 25 352 28 116 324 101 38 313 298 63
internal_count=545 527 516 505 493 141 25 352 28 116 324 101 38 313 298 63
is_linear=0
shrinkage=0.0529975


Tree=173
num_leaves=26
num_cat=0
split_feature=45 30 38 29 29 47 1 47 5 34 29 13 30 35 25 19 26 29 3 29 45 39 10 6 26
split_gain=0.482596 0.380532 0.116881 0.546832 0.230983 0.674576 0.129687 0.226512 0.108175 0.0979927 0.13587 0.0718773 0.128959 0.0862544 0.0699264 0.0582321 0.0423149 0.034954 0.0317844 0.0283353 0.0272545 0.0219697 0.0163207 0.0609778 0.00977956
threshold=1.7894974863008961 -1.6045160372440099 0.1899764519439007 0.65561766953668521 0.7731741465887918 0.59100304412747862 -0.94923757689604416 -0.17547900012222076 -0.78526987696431483 -0.65849572485004393 1.0000000180025095e-35 -0.11878955306528259 0.25750483124796963 -0.26500239748679782 -0.85713283843416932 0.80107462915198291 1.3774236398144597 -0.060961219973233179 -0.1132795843407885 0.056565116237184652 -0.48162350114508018 1.65050754876311 -0.50972561685278994 -0.15351426830035478 0.97816226116473237
decision_type=2 2 2 2 2 2 2 2 2 2 2 2 2 2 2 2 2 2 2 2 2 2 2 2 2
left_child=1 -1 4 6 15 -6 7 14 -9 10 20 13 17 -11 -4 16 21 -13 -14 -15 -8 22 24 -24 -3
right_child=-2 2 3 -5 5 -7 9 8 -10 11 -12 12 18 19 -16 -17 -18 -19 -20 -21 -22 -23 23 -25 -26
leaf_value=0.0075859707712559767 -0.0086034624654180436 -0.00072954173209644629 -0.0036603207563358896 -0.0089651980003184958 0.010916982312584655 -0.0035407862087125977 0.00057964824121674286 0.0082088710569829092 0.00091925152757701284 -0.0037280820788209491 -0.0065884054234616905 0.00023499642565441778 0.00015025786549911232 0.00025047035331178752 0.0010482947677258141 -0.002691792271888655 -0.0017101084426891333 -0.0022774857588764626 0.003658312961574687 -0.0020463856221451891 -0.0017958412452279619 0.0022921336036444864 0.0026891083215021387 -6.7300877920190494e-05 0.00056455357030920359
leaf_weight=12.999999999999998 11.999999999999998 37 11.000000000000002 14.999999999999998 15.000000000000002 10.999999999999998 19 11.000000000000002 14.999999999999998 19 10.999999999999998 26 14.999999999999998 76 10.999999999999998 11.999999999999998 14.999999999999998 20 32 11.999999999999998 19 19 27 56 15.999999999999998
leaf_count=13 12 37 11 15 15 11 19 11 15 19 11 26 15 76 11 12 15 20 32 12 19 19 27 56 16
internal_value=-5.689e-05 0.000216143 -3.92037e-05 -0.000695695 0.000904795 0.0050647 -8.58322e-05 0.00224852 0.00518205 -0.000605512 -0.00258889 -2.44619e-05 0.000984428 -0.000968868 -0.00133626 0.000130779 0.00045463 -0.000859728 0.0028142 -9.8996e-05 -0.000532221 0.000763396 0.000412858 0.000871651 -0.000202807
internal_weight=545 533 520 312 208 26 297 48 26 249 49 200 93 107 22 182 170 46 47 88 38 155 136 83 53
internal_count=545 533 520 312 208 26 297 48 26 249 49 200 93 107 22 182 170 46 47 88 38 155 136 83 53
is_linear=0
shrinkage=0.0529975


Tree=174
num_leaves=22
num_cat=0
split_feature=39 30 17 29 29 52 39 45 19 6 13 31 39 37 5 29 9 13 15 16 14
split_gain=0.468944 0.3556 0.140982 0.592798 0.242522 0.0882457 0.247358 0.163016 0.291216 0.224998 0.0754594 0.0510736 0.0554506 0.0466644 0.0379699 0.0349163 0.0306815 0.0212208 0.0198976 0.0323197 0.00828259
threshold=-1.1558530955085182 -1.4739652562250283 1.3903316759514752 0.81384386805079478 0.81384386805079478 1.0000000180025095e-35 -0.80165551899036436 1.6759414369285972 -0.62555187198812046 0.18554920720504389 0.39838422768340626 -0.23990902356405411 -0.58823341492797232 -0.73706182498259232 -0.78526987696431483 -0.51914819900760623 0.800265724070368 -0.0055038677584269549 -1.1621089136435099 -1.1530241629449678 1.8490021117418365
decision_type=2 2 2 2 2 2 2 2 2 2 2 2 2 2 2 2 2 2 2 2 2
left_child=-1 -2 3 5 15 7 -7 8 9 -3 -11 12 -10 -13 -8 -4 17 -16 19 20 -17
right_child=1 2 4 -5 -6 6 14 -9 11 10 -12 13 -14 -15 16 18 -18 -19 -20 -21 -22
leaf_value=-0.0084823000887641158 0.0073357943876528834 -0.0089956047279575735 0.0025479702207140335 -0.0098585959979403549 0.0075969717424101482 0.0057989038937550294 0.0018946112013265262 0.0038229010100782291 -0.0022009049884568165 -0.0027444861336172448 0.0014435685986679502 0.0017192932943153123 7.309572811477647e-05 -6.6415632505109384e-05 -0.0020999863564536655 -0.0011309254302074002 0.00096339353422192223 0 -0.001728322553303201 0.0021752032223478035 8.5653747118202687e-05
leaf_weight=11.999999999999998 12.999999999999998 12.999999999999998 10.999999999999998 11.999999999999998 10.999999999999998 20 12.999999999999998 17 43 31 10.999999999999998 59 63 92 31.999999999999996 16.999999999999993 12.999999999999998 17.000000000000004 10.999999999999998 13.000000000000005 21
leaf_count=12 13 13 11 12 11 20 13 17 43 31 11 59 63 92 32 17 13 17 11 13 21
internal_value=-5.7417e-05 0.000211559 -3.48659e-05 -0.000436626 0.001863 -1.9961e-05 0.00133641 -0.000449381 -0.000771828 -0.00406393 -0.00145878 0 -0.00085546 0.000625841 -0.00010856 0.000399477 -0.00076134 -0.00140107 -7.00692e-05 0.000309251 -0.000379809
internal_weight=545 533 520 436 84 424 95 329 312 55 42 257 106 151 75 73 62 49 62 51 38
internal_count=545 533 520 436 84 424 95 329 312 55 42 257 106 151 75 73 62 49 62 51 38
is_linear=0
shrinkage=0.0529975


Tree=175
num_leaves=17
num_cat=0
split_feature=19 38 32 2 29 17 52 8 45 19 6 13 3 31 9 24
split_gain=0.463119 0.291043 0.115231 0.194687 0.232041 0.228751 0.100346 0.218182 0.157851 0.315636 0.247954 0.071623 0.0441374 0.0407804 0.0345327 0.00841147
threshold=1.0782546332626139 -0.68690109666846921 1.9371621489107012 1.6652591919516364 0.91470921892100709 1.5444409411395836 1.0000000180025095e-35 0.78312287694308436 1.6759414369285972 -0.62555187198812046 0.18554920720504389 0.20136564454104861 -0.51602257051919664 -0.23990902356405411 0.800265724070368 1.7444178420358185
decision_type=2 2 2 2 2 2 2 2 2 2 2 2 2 2 2 2
left_child=1 -1 3 4 6 -5 8 11 9 10 -3 14 -13 -11 -8 -7
right_child=-2 2 -4 5 -6 15 7 -9 -10 13 -12 12 -14 -15 -16 -17
leaf_value=0.0070850137439863285 -0.0072644740098093139 -0.0092307056599292073 -0.004256355313915312 0.0077355826640087295 -0.0060437776264389426 0.0010351706528128777 -0.0016764649160819934 0.0068794808412864046 0.0038993968353436517 -0.00065500835100829199 -0.0013823654344130986 -0.00010044959845696524 0.0031844235123596135 0.00061618196370233163 0.00092845291611725667 -0.00049605215159433504
leaf_weight=10.999999999999998 18 12.999999999999998 10.999999999999998 13.999999999999998 11.999999999999998 11.000000000000002 37 11.999999999999998 17 108 42 11.999999999999998 23 175 12.999999999999998 15.999999999999998
leaf_count=11 18 13 11 14 12 11 37 12 17 108 42 12 23 175 13 16
internal_value=-5.24905e-05 0.000259691 2.10923e-05 0.000176787 -0.000136266 0.0034336 8.23961e-05 0.00155239 -0.00031903 -0.000615778 -0.00407702 0.00031979 0.00203785 0.00010337 -0.000847555 0
internal_weight=545 527 516 505 464 41 452 97 355 338 55 85 35 283 50 27
internal_count=545 527 516 505 464 41 452 97 355 338 55 85 35 283 50 27
is_linear=0
shrinkage=0.0529975


Tree=176
num_leaves=20
num_cat=0
split_feature=29 13 29 19 30 30 19 29 30 30 10 37 6 33 2 0 2 37 10
split_gain=0.431298 0.247823 0.241489 0.239673 0.112545 0.315503 0.115653 0.214143 0.0914299 0.0558421 0.0438684 0.0999701 0.0583199 0.0378423 0.0493379 0.0362186 0.0308409 0.0555394 0.0231431
threshold=1.4142917490010982 1.009141835424715 0.96361458521015575 0.56461929902412689 1.0684567549518114 1.4244897927812694 -0.6603797175785916 -0.5832868142001647 0.075737815779329185 -0.2145055800327397 -0.083806008565617887 2.1084445962342691 -0.12401525707182241 -0.32733851909081108 -0.68336909431788018 0.28866343775927145 -0.10911927259255015 -0.30719534277960381 -0.41809972649591404
decision_type=2 2 2 2 2 2 2 2 2 2 2 2 2 2 2 2 2 2 2
left_child=1 2 4 8 6 -6 7 -1 9 -3 12 13 16 14 -12 -15 17 -8 -18
right_child=-2 3 -4 -5 5 -7 10 -9 -10 -11 11 -13 -14 15 -16 -17 18 -19 -20
leaf_value=0.0010141922872587532 -0.0081298948206328554 0.0010971721948408611 -0.0063864483841598457 0.0088450308511730143 0.0063336401903402633 -0.0028252036829057555 0.0038997888631406223 -0.0058191116492314204 0.004183806073297552 -0.0026503778686273799 0.00026632484301675083 -0.0040276872991598465 0.0033864599215047914 0.0021555842993613997 -0.0017665960523869583 -0.00017613084250855918 0.00016050050530484256 4.1798667499680761e-05 -0.0016117766228596303
leaf_weight=19 11.999999999999998 18.999999999999996 10.999999999999998 10.999999999999998 20 11.999999999999998 10.999999999999998 21 10.999999999999998 13.000000000000002 67 13.999999999999998 13.999999999999998 29 51 28 126 38 18
leaf_count=19 12 19 11 11 20 12 11 21 11 13 67 14 14 29 51 28 126 38 18
internal_value=-4.95598e-05 0.000207825 -0.00017836 0.0034253 3.17679e-05 0.00281142 -0.000191814 -0.00271237 0.000983488 -0.000419451 8.2074e-05 -0.000473538 0.000621214 -2.6599e-05 -0.000598922 0.000991568 0.000289526 0.00136565 -7.00464e-05
internal_weight=545 533 479 54 468 32 436 40 43 32 396 189 207 175 118 57 193 49 144
internal_count=545 533 479 54 468 32 436 40 43 32 396 189 207 175 118 57 193 49 144
is_linear=0
shrinkage=0.0529975


Tree=177
num_leaves=26
num_cat=0
split_feature=45 30 30 29 29 1 1 47 32 7 13 29 30 13 0 26 5 29 30 45 37 39 29 6 7
split_gain=0.455905 0.378781 0.109553 0.605699 0.265023 0.410697 0.145769 0.239162 0.117914 0.0982193 0.0827264 0.0803598 0.073965 0.0544408 0.0525044 0.0401574 0.0601899 0.0384354 0.0194944 0.0220663 0.0191209 0.0224585 0.0127625 0.0238286 0.00189296
threshold=1.7894974863008961 -1.6045160372440099 0.41858325918345057 0.67528232375896413 0.67528232375896413 1.3515529124905272 -0.93908059000433697 -0.17547900012222076 -0.82653204339757902 0.6442746536532119 -1.0792551458842758 0.18888648312768833 1.007757035394693 -0.039982119808339538 -0.73522296745791116 -1.5454523463728571 -0.7305514475155096 0.60923513714294653 -0.14500950889521416 -0.25451140240048259 -0.81674439241534058 1.8227470085125217 0.42990594242352781 -0.35546998807432423 -1.897707229271955
decision_type=2 2 2 2 2 2 2 2 2 2 2 2 2 2 2 2 2 2 2 2 2 2 2 2 2
left_child=1 -1 4 6 11 9 7 -4 -8 -6 -10 15 13 -12 -13 24 18 22 -17 -20 -18 -22 23 -16 -3
right_child=-2 2 3 -5 5 -7 8 -9 10 -11 12 14 -14 -15 17 16 20 -19 19 -21 21 -23 -24 -25 -26
leaf_value=0.0075715559134463782 -0.0083537039142797826 0.00041675177627453471 -0.0016674501530082597 -0.010667878897082613 0.0016802492431021035 -0.0027448601770274452 -0.0044284963485467354 0.0068221051948668607 -0.0028058111206147392 0.01018078237438102 -0.0015012242871711499 -0.0040873960278042009 0.0033198945296779776 0.0012865719566734265 0.00056007112582473939 0 0.0019761315109163894 -0.0026670035904053945 -0.00019965621048054528 -0.0036084882598706289 1.9496645046600438e-06 0.0017250418476551337 0.0011235372940002484 -0.001599866993493144 0.0030248328938040007
leaf_weight=12.999999999999998 11.999999999999998 11.000000000000002 12.000000000000002 10.999999999999998 11.000000000000002 10.999999999999998 15.999999999999998 13.999999999999998 19 13.999999999999998 35.999999999999993 11.999999999999998 15.999999999999998 30.000000000000007 20.999999999999993 15.999999999999998 21 12.999999999999998 15.999999999999998 11.000000000000002 141 21 15.999999999999998 20.000000000000007 10.999999999999998
leaf_count=13 12 11 12 11 11 11 16 14 19 14 36 12 16 30 21 16 21 13 16 11 141 21 16 20 11
internal_value=-4.60765e-05 0.000218859 -3.59008e-05 -0.00120719 0.000449674 0.00441668 -3.25178e-05 0.00310737 -0.000904535 0.0077145 -6.41035e-05 -3.34018e-05 0.000639704 -0.000135415 -0.00143164 0.000424303 0.00015219 -0.00059787 -0.00146709 -0.0022035 0.000604108 0.00032049 0 -0.000414632 0.00233884
internal_weight=545 533 520 154 366 36 143 26 117 25 101 330 82 66 82 248 226 70 43 27 183 162 57 41 22
internal_count=545 533 520 154 366 36 143 26 117 25 101 330 82 66 82 248 226 70 43 27 183 162 57 41 22
is_linear=0
shrinkage=0.0529975


Tree=178
num_leaves=13
num_cat=0
split_feature=39 38 29 29 19 6 29 29 8 8 39 44
split_gain=0.434804 0.340739 0.189974 0.109097 0.0730981 0.440012 0.0524168 0.0315766 0.0387293 0.0345064 0.0305412 0.0271467
threshold=-1.1558530955085182 -0.85777646155359866 0.99250610888350865 -1.1125084092197188 -0.77729306540003507 0.60253933251252334 0.7731741465887918 0.60923513714294653 -0.5715105647925246 -0.74199266462636426 -0.91978235659077423 0.70547720845605821
decision_type=2 2 2 2 2 2 2 2 2 2 2 2
left_child=-1 -2 3 -3 5 -5 7 8 9 -6 -10 -9
right_child=1 2 -4 4 6 -7 -8 11 10 -11 -12 -13
leaf_value=-0.0081582290042147964 0.0066763203474135323 0.0043039324446928076 -0.005408078517412037 -0.0073222155395289588 0.00023346373158402448 0.0027274982790372322 0.0029124101326720303 0 0.0012686182512564568 0.0022358186724019554 -0.00033705749470636109 -0.002905904966130436
leaf_weight=11.999999999999998 15.999999999999998 10.999999999999998 11.999999999999998 17 84 20 12.999999999999998 14.000000000000002 31 36 267 11.999999999999998
leaf_count=12 16 11 12 17 84 20 13 14 31 36 267 12
internal_value=-4.4889e-05 0.000213546 -4.73616e-05 0.000128321 -1.1907e-06 -0.00210471 0.000179083 4.57889e-05 0.000181159 0.000967424 -0.000125319 -0.00153834
internal_weight=545 533 517 505 494 37 457 444 418 120 298 26
internal_count=545 533 517 505 494 37 457 444 418 120 298 26
is_linear=0
shrinkage=0.0529975


Tree=179
num_leaves=22
num_cat=0
split_feature=19 38 29 19 29 8 6 29 34 9 6 30 19 29 13 8 16 19 15 45 25
split_gain=0.446376 0.255984 0.105562 0.127296 0.489716 0.166825 0.201273 0.134025 0.451266 0.106921 0.0749369 0.0596361 0.0537321 0.0471273 0.0308421 0.0189663 0.0293684 0.0479368 0.030633 0.0251805 0.00615674
threshold=1.0782546332626139 -0.68690109666846921 -1.1125084092197188 -0.3357664568293684 0.41037723249571229 1.0250222033349827 0.69724518040190409 0.67528232375896413 1.7915139287922142 0.95771659356792516 0.22152609508892479 0.83988821281013359 -0.54323978470450507 0.60923513714294653 0.5461481650401746 -0.91800153301183707 0.57767451677292148 0.09284057523187364 1.5167681857931625 0.65393699257790783 1.4617117943855911
decision_type=2 2 2 2 2 2 2 2 2 2 2 2 2 2 2 2 2 2 2 2 2
left_child=1 -1 -3 4 5 9 -7 13 14 10 12 -12 -4 15 -9 19 17 -17 -18 20 -5
right_child=-2 2 3 7 -6 6 -8 8 -10 -11 11 -13 -14 -15 -16 16 18 -19 -20 -21 -22
leaf_value=0.0066661997399289552 -0.0071234162371484706 0.004156308664001772 0.0035175704458799205 0.00077499951219358286 -0.0098398976659642718 -0.0072529088857440195 0.00088120660383303147 0.0019452324860888587 -0.0041454593521329302 0.0036367446215125397 0 -0.0032339690169186064 -3.4916550615181219e-05 -0.0024766348142374107 0.0081158310939539405 -0.00099913724028808325 0.0018491711572669945 0.00060346408148560543 -0.00067986053662970032 0.0022831032509031276 -0.00055502824440328336
leaf_weight=10.999999999999998 18 10.999999999999998 14.999999999999998 11.000000000000002 10.999999999999998 13.000000000000002 10.999999999999998 12.000000000000002 10.999999999999998 19 53 20 19 12.999999999999998 15.999999999999998 109 37 86 10.999999999999998 21 17
leaf_count=11 18 11 15 11 11 13 11 12 11 19 53 20 19 13 16 109 37 86 11 21 17
internal_value=-4.23752e-05 0.000263798 3.89218e-05 -8.48159e-05 -0.0012992 -0.000273948 -0.00386104 0.000476111 0.00317955 0.000500753 -0.000157733 -0.00114951 0.00165012 5.3326e-05 0.0064863 0.000236969 6.37443e-06 -0.000260681 0.00112911 0.00112815 0
internal_weight=545 527 516 505 161 150 24 344 39 126 107 73 34 305 28 292 243 195 48 49 28
internal_count=545 527 516 505 161 150 24 344 39 126 107 73 34 305 28 292 243 195 48 49 28
is_linear=0
shrinkage=0.0529975


Tree=180
num_leaves=20
num_cat=0
split_feature=19 38 29 30 19 9 29 29 25 19 3 39 39 1 6 39 6 46 47
split_gain=0.411559 0.238867 0.100281 0.281174 0.238606 0.113513 0.196154 0.16978 0.0825051 0.0586919 0.0548159 0.051714 0.108033 0.0621246 0.0388623 0.0367379 0.0320468 0.0428258 0.00278418
threshold=1.0782546332626139 -0.68690109666846921 -0.81017552788316061 1.2529128884377021 -0.95772725582126561 0.8357810543007641 0.91470921892100709 0.88678181099218489 -1.2412826634859453 -0.43841884579956775 -0.010295076459551585 -0.88168880801376159 -0.812326624193484 -0.065952450781455632 -0.45732579536792084 -0.55341380961845132 0.50353014485828651 -0.18832435130588573 0.59100304412747862
decision_type=2 2 2 2 2 2 2 2 2 2 2 2 2 2 2 2 2 2 2
left_child=1 -1 4 5 -3 6 8 9 10 -7 -4 13 -13 -10 18 -16 17 -6 -11
right_child=-2 2 3 -5 16 7 -8 -9 11 14 -12 12 -14 -15 15 -17 -18 -19 -20
leaf_value=0.0064375508616107977 -0.0068402311587231696 0.0074142460756785314 0 -0.0068917955429956771 -0.00079755104341497698 0.003277859425340931 -0.0059217932436885484 0.0065552675814568679 0.003026913548087087 0.0014114013983723627 -0.0045992428517012294 -0.003477024232201459 0.00015245083762209966 -0.00016269531964402962 -0.0029392149382221674 0.00011622770223714971 -0.0017698430904529111 0.002837682256806457 2.2423935198217768e-05
leaf_weight=10.999999999999998 18 10.999999999999998 11.000000000000002 10.999999999999998 10.999999999999998 10.999999999999998 10.999999999999998 10.999999999999998 29 13.999999999999998 11.999999999999998 19 266 25 15.000000000000002 13.999999999999998 13.999999999999998 11.000000000000002 20
leaf_count=11 18 11 11 11 11 11 11 11 29 14 12 19 266 25 15 14 14 11 20
internal_value=-4.05361e-05 0.000252949 3.52899e-05 -0.0001956 0.00223252 3.71591e-05 -0.000351646 0.00173083 -6.9671e-05 0.00048875 -0.0027962 0.000140455 -0.000132175 0.00156515 -0.000139557 -0.00149742 -1.70396e-05 0.000989064 0.000894844
internal_weight=545 527 516 469 47 458 373 85 362 74 23 339 285 54 63 29 36 22 34
internal_count=545 527 516 469 47 458 373 85 362 74 23 339 285 54 63 29 36 22 34
is_linear=0
shrinkage=0.0529975


Tree=181
num_leaves=27
num_cat=0
split_feature=45 30 35 29 4 29 52 39 38 19 6 29 19 2 39 9 37 15 4 37 6 29 39 5 7 29
split_gain=0.451225 0.382102 0.102065 0.263245 0.205451 0.286434 0.102121 0.285073 0.101894 0.0876387 0.220472 0.190648 0.09123 0.0481981 0.0441874 0.0579145 0.0393226 0.0369753 0.0448832 0.0262444 0.0642048 0.0182192 0.0169719 0.0123658 0.0101621 0.00822715
threshold=1.7894974863008961 -1.6045160372440099 1.1727551818529272 0.74954040166073665 1.5480257726268594 0.81384386805079478 1.0000000180025095e-35 -0.80165551899036436 -0.22749679365243655 -0.61992875493280475 0.60253933251252334 -0.54213609959460229 -0.8993789995124194 -0.92983480377535876 -0.812326624193484 0.32536966463151379 1.0872495872935086 -1.2252975897148428 1.6523228160179111 -0.81674439241534058 -0.31001332184915381 0.17116908538165884 -0.50953401405496501 -1.2005873136312886 -1.062993530288302 -0.14492537456618729
decision_type=2 2 2 2 2 2 2 2 2 2 2 2 2 2 2 2 2 2 2 2 2 2 2 2 2 2
left_child=1 -1 3 6 5 21 9 -8 -6 10 11 -3 -12 -9 15 24 25 22 -19 20 -16 -4 -10 -21 -11 -15
right_child=-2 2 4 -5 8 -7 7 13 17 14 12 -13 -14 16 19 -17 -18 18 -20 23 -22 -23 -24 -25 -26 -27
leaf_value=0.0076098928074010202 -0.0083034687757818429 -0.00062568042392463215 0.0016504967472736705 -0.0062141881826920167 -0.0040425998485325541 0.0096198522556376325 0.0061385845687334942 -0.0026892559333869634 -0.0016279662485605573 -0.00033111432848438913 0.0034306251219898606 -0.0093261054293751269 -0.0015661318710434777 0.00014888778803504821 0.0037179278732910261 0.00052349345278343378 0.0026158470725437489 -0.00011550285710053195 0.0035579475875083832 0.0010937521860138991 0 -0.0004471529874895048 0.00033678307211262084 -0.00028377869889664958 -0.0034673357972910723 -0.00098351782693031475
leaf_weight=12.999999999999998 11.999999999999998 17.000000000000004 15.000000000000002 14.999999999999998 10.999999999999998 10.999999999999998 20 11.999999999999998 13.999999999999998 11.000000000000002 13.000000000000002 10.999999999999998 14.999999999999998 31.999999999999996 12.999999999999998 18 10.999999999999998 11.000000000000005 12.999999999999998 13.999999999999998 31 13.999999999999998 18 141 19 20.000000000000004
leaf_count=13 12 17 15 15 11 11 20 12 14 11 13 11 15 32 13 18 11 11 13 14 31 14 18 141 19 20
internal_value=-3.81201e-05 0.000225315 -3.06695e-05 -0.000424327 0.00136885 0.00411371 -9.98307e-05 0.00134394 -0.000377505 -0.0005924 -0.00238073 -0.00529125 0.000744248 -0.000208195 -0.000112522 -0.0014767 0.000355805 0.000551137 0.00195492 0.000216025 0.00128264 0.000535152 -0.000460234 -7.98694e-05 -0.00275815 -0.000222877
internal_weight=545 533 520 413 107 40 398 95 67 303 56 28 28 75 247 48 63 56 24 199 44 29 32 155 30 52
internal_count=545 533 520 413 107 40 398 95 67 303 56 28 28 75 247 48 63 56 24 199 44 29 32 155 30 52
is_linear=0
shrinkage=0.0529975


Tree=182
num_leaves=14
num_cat=0
split_feature=39 38 29 30 2 30 29 9 9 39 8 53 37
split_gain=0.410324 0.334874 0.182829 0.0953653 0.277293 0.0972977 0.0520456 0.0562404 0.0423355 0.0350626 0.0260787 0.00614666 0.00241501
threshold=-1.1558530955085182 -0.85777646155359866 0.99250610888350865 1.0684567549518114 -0.52569871464058704 0.97505087236928578 0.7731741465887918 -1.1925206000294124 -1.8110832826193433 -1.0317278426232765 0.71531411641482723 1.0000000180025095e-35 -0.57350287077852791
decision_type=2 2 2 2 2 2 2 2 2 2 2 2 2
left_child=-1 -2 3 5 -5 6 7 8 11 -9 -11 -3 -10
right_child=1 2 -4 4 -6 -7 -8 9 12 10 -12 -13 -14
leaf_value=-0.0079194294704467566 0.0066203229939817325 0.00056012424368988116 -0.0053042879170600767 0.0077948808944495488 -0.00086787166029688584 -0.0035992997427092945 0.002802741186605162 -0.0025681275343388231 0.0034910949157818394 4.3939650760605187e-05 -0.0011111828719147904 -0.00079253646681424399 0.00080094339333867189
leaf_weight=11.999999999999998 15.999999999999998 11.000000000000002 11.999999999999998 10.999999999999998 21 14.999999999999998 12.999999999999998 11.999999999999998 14.000000000000002 322 58 12.999999999999998 14.999999999999998
leaf_count=12 16 11 12 11 21 15 13 12 14 322 58 13 15
internal_value=-3.71544e-05 0.00021348 -4.50748e-05 0.000127006 0.00268633 -6.30208e-05 8.27614e-05 -1.74201e-05 0.0014929 -0.000258587 -0.000128797 0 0.00267487
internal_weight=545 533 517 505 32 473 458 445 53 392 380 24 29
internal_count=545 533 517 505 32 473 458 445 53 392 380 24 29
is_linear=0
shrinkage=0.0529975


Tree=183
num_leaves=28
num_cat=0
split_feature=45 30 47 29 29 30 29 30 25 39 12 19 14 34 5 13 13 9 12 6 30 46 30 46 31 31 39
split_gain=0.420642 0.342982 0.0948301 0.54856 0.543971 0.0892607 0.076047 0.192461 0.166522 0.120267 0.0576487 0.0568067 0.0493447 0.0451087 0.0518356 0.0448443 0.0433113 0.0366461 0.0366295 0.0350825 0.0243882 0.0183892 0.013764 0.0136981 0.0106281 0.00931915 0.00566599
threshold=1.7894974863008961 -1.6045160372440099 0.59100304412747862 0.96361458521015575 0.88678181099218489 0.70337587340394869 -0.060961219973233179 1.0555148531397263 -0.79689008783578485 -0.85317783451209428 -0.24770820666942364 -0.97088705664890151 -1.3214415047662709 -0.51153556002726497 0.17261927853336742 -0.054758513544016361 0.69391210239694279 0.37469037699295688 0.084741481519680195 0.25998191677495136 -0.17828588221193531 0.78147191447403119 -0.29605852694446139 -0.18832435130588573 0.86973542817955807 1.2712706767362665 -0.29384837704529693
decision_type=2 2 2 2 2 2 2 2 2 2 2 2 2 2 2 2 2 2 2 2 2 2 2 2 2 2 2
left_child=1 -1 4 5 6 10 7 12 9 -8 20 -9 -3 -10 23 19 -16 -17 -12 -14 21 -4 -20 -15 26 -26 -22
right_child=-2 2 3 -5 -6 -7 8 11 13 -11 18 -13 15 14 16 17 -18 -19 22 -21 24 -23 -24 -25 25 -27 -28
leaf_value=0.0072154787536773887 -0.008015354542180015 -0.0022952320232805449 -0.00012562948186643842 -0.0098223811861052751 0.0089413282590126257 -0.0035369222998653449 -5.831763185763128e-06 0.00669509881870726 0.0019722890827346146 -0.0072739374839762847 0.0038510044660805699 0.0005688707542182475 0.00042082483840731702 -1.3787774109013033e-05 0.0012062733719364199 0.0017720907177343349 -0.0016355995615071439 -0.00053970789503466916 -0.00039427445610840258 -0.0014218999525203481 -0.0019627364396919158 0.0018829401150381449 0.001510577860694258 -0.0030837048743300646 0.00076588463656544412 -0.00081038459442750173 -6.3195173655597518e-05
leaf_weight=12.999999999999998 11.999999999999998 18 17 11.999999999999998 13.999999999999998 11.999999999999998 13.000000000000002 11.000000000000002 19 11.999999999999998 12.999999999999998 10.999999999999998 50 11.000000000000002 42 62 14.999999999999998 18 14.999999999999998 48 18.999999999999996 14.999999999999998 11.000000000000002 15.999999999999998 14.000000000000002 15.999999999999998 16.000000000000004
leaf_count=13 12 18 17 12 14 12 13 11 19 12 13 11 50 11 42 62 15 18 15 48 19 15 11 16 14 16 16
internal_value=-3.45415e-05 0.000219353 -2.25341e-05 -0.00108529 0.000440759 0 -2.9812e-05 0.000547848 -0.00104625 -0.00445213 0.000424419 0.00465939 -3.69008e-06 0 -0.000572182 0.000257327 0.000263038 0.00116935 0.00201241 -0.000444517 -0.000226229 0.000780634 0.000325393 -0.00227447 -0.000844362 0 -0.001401
internal_weight=545 533 520 160 360 148 346 218 128 25 136 22 196 103 84 178 57 80 39 98 97 32 26 27 65 30 35
internal_count=545 533 520 160 360 148 346 218 128 25 136 22 196 103 84 178 57 80 39 98 97 32 26 27 65 30 35
is_linear=0
shrinkage=0.0529975


Tree=184
num_leaves=22
num_cat=0
split_feature=19 38 29 19 5 8 6 9 29 34 45 47 29 12 36 16 17 9 39 16 8
split_gain=0.431121 0.206096 0.09931 0.109715 0.454615 0.145719 0.174115 0.172856 0.128542 0.399629 0.0532845 0.0698289 0.0445761 0.0423379 0.0287543 0.0184367 0.0447359 0.028785 0.0251674 0.0168461 0.0140494
threshold=1.0782546332626139 -0.68690109666846921 -1.1125084092197188 -0.3357664568293684 0.63685018902434853 1.0250222033349827 0.69724518040190409 0.93191241531999014 0.67528232375896413 1.7915139287922142 -0.70873559988967771 1.0000000180025095e-35 0.60923513714294653 0.98423355031471627 -0.64007445765326221 0.57767451677292148 -0.43771315367275904 -0.14121735629515034 -0.77696491235144882 0.86798988183774373 0.49165819004824213
decision_type=2 2 2 2 2 2 2 2 2 2 2 2 2 2 2 2 2 2 2 2 2
left_child=1 -1 -3 4 5 7 -7 10 12 14 13 -12 15 -4 -10 16 20 -17 -18 -19 -5
right_child=-2 2 3 8 -6 6 -8 -9 9 -11 11 -13 -14 -15 -16 17 18 19 -20 -21 -22
leaf_value=0.0060104148454595959 -0.0069965394793919024 0.0040514441905837757 0.0024586453373704594 -0.0017795551589034943 -0.009414693819417402 -0.0067206409020524943 0.00081646512658076144 0.0044158612357037552 0.0077835561981546651 -0.0037915290022877148 -0.0026829587341378582 0.00030920764808113323 -0.0024148403811234359 -0.0006933706458834973 0.0018360683329871662 0.0026522997412485364 0.0018953117645304403 0.001141429870792537 0.00011242591947937969 -0.00090074594058202741 0
leaf_weight=10.999999999999998 18 10.999999999999998 21 36 10.999999999999998 13.000000000000002 10.999999999999998 20 15.999999999999998 10.999999999999998 36 36 12.999999999999998 12.999999999999998 12.000000000000002 14.999999999999998 22 15.999999999999998 171 17 14.999999999999998
leaf_count=11 18 11 21 36 11 13 11 20 16 11 36 36 13 13 12 15 22 16 171 17 15
internal_value=-3.71476e-05 0.00026349 5.99599e-05 -5.9837e-05 -0.00118872 -0.000202 -0.00356064 0.000517518 0.000459864 0.00310715 -0.000352702 -0.00118857 4.55166e-05 0.00115556 0.00621353 0.00022488 0 0.00111271 0.000401744 0 -0.00128103
internal_weight=545 527 516 505 161 150 24 126 344 39 106 72 305 34 28 292 244 48 193 33 51
internal_count=545 527 516 505 161 150 24 126 344 39 106 72 305 34 28 292 244 48 193 33 51
is_linear=0
shrinkage=0.0529975


Tree=185
num_leaves=18
num_cat=0
split_feature=19 38 29 30 19 9 29 29 8 19 8 2 6 7 6 46 47
split_gain=0.397729 0.192164 0.0928001 0.256058 0.209404 0.0996779 0.160713 0.138648 0.0676832 0.0558296 0.0497153 0.0474789 0.0344027 0.0323201 0.0300279 0.0412293 0.00292481
threshold=1.0782546332626139 -0.68690109666846921 -0.81017552788316061 1.2529128884377021 -0.95772725582126561 0.8357810543007641 0.91470921892100709 0.88678181099218489 1.4740692634968482 -0.43841884579956775 1.0554987731082663 -1.1412626510823281 -0.45732579536792084 0.83775774803185177 0.50353014485828651 -0.18832435130588573 0.59100304412747862
decision_type=2 2 2 2 2 2 2 2 2 2 2 2 2 2 2 2 2
left_child=1 -1 4 5 -3 6 8 9 10 -7 11 -4 16 -14 15 -6 -11
right_child=-2 2 3 -5 14 7 -8 -9 -10 12 -12 -13 13 -15 -16 -17 -18
leaf_value=0.0058042591628498725 -0.006718398322686908 0.0070208594921851398 -0.0027751104283379015 -0.0065556108704772518 -0.00072833371398336696 0.0032216174615395951 -0.0053475400429595548 0.0060153452342620603 -0.0028468120388851583 0.0013739184425807663 0.0025019652738728672 9.2709526220294386e-05 0 -0.0030553754264414242 -0.0016547579341312862 0.0028325895671511545 0
leaf_weight=10.999999999999998 18 10.999999999999998 10.999999999999998 10.999999999999998 10.999999999999998 10.999999999999998 10.999999999999998 10.999999999999998 17 13.999999999999998 17 317 18.000000000000004 10.999999999999998 13.999999999999998 11.000000000000002 20
leaf_count=11 18 11 11 11 11 11 11 11 17 14 17 317 18 11 14 11 20
internal_value=-3.34287e-05 0.000254812 5.78116e-05 -0.000163913 0.00217034 5.72827e-05 -0.00030618 0.00164407 -4.93691e-05 0.000504785 0.000114856 -3.06513e-05 -0.000107111 -0.00139279 0 0.00102799 0.000859271
internal_weight=545 527 516 469 47 458 373 85 362 74 345 328 63 29 36 22 34
internal_count=545 527 516 469 47 458 373 85 362 74 345 328 63 29 36 22 34
is_linear=0
shrinkage=0.0529975


Tree=186
num_leaves=27
num_cat=0
split_feature=45 30 35 29 4 29 13 52 39 19 6 8 5 25 39 47 35 53 37 6 25 19 5 13 39 25
split_gain=0.408966 0.359249 0.0940479 0.233788 0.179551 0.254375 0.0937176 0.0929878 0.253521 0.0822924 0.191387 0.123182 0.044543 0.0426747 0.0380761 0.0328416 0.0448301 0.0261201 0.0247794 0.056276 0.0228094 0.0179664 0.0144126 0.0113851 0.0078373 0.00403469
threshold=1.7894974863008961 -1.6045160372440099 1.1727551818529272 0.74954040166073665 1.5480257726268594 0.81384386805079478 0.60525373998288179 1.0000000180025095e-35 -0.80165551899036436 -0.61992875493280475 0.18554920720504389 0.84450741130312301 -0.78526987696431483 -0.80856147868421624 -0.812326624193484 0.31228230076395158 -0.67040421464560229 -0.36007183007885429 -0.81674439241534058 -0.31001332184915381 1.6545259107430377 0.064425278750974715 -1.2005873136312886 -0.69506890875667859 -0.69848839585506151 1.8190223800004997
decision_type=2 2 2 2 2 2 2 2 2 2 2 2 2 2 2 2 2 2 2 2 2 2 2 2 2 2
left_child=1 -1 3 7 5 21 20 9 -9 10 -3 17 -10 -14 15 16 -11 -12 19 -16 -6 -4 -20 -15 -22 -26
right_child=-2 2 4 -5 6 -7 -8 8 12 14 11 -13 13 23 18 -17 -18 -19 22 -21 24 -23 -24 -25 25 -27
leaf_value=0.0073799793549556292 -0.0079000978024605338 -0.0071221993013724063 0.0017721895701766767 -0.0058636333771955734 0.0020023871932040396 0.0090703859033282753 -0.0038375661240926391 0.0057985165032637849 0.0019206116064601265 -0.0017580096212897194 -0.00011763511127226523 0.0028258867109596719 -0.0028779785567464369 0.0011576147209557065 0.0035133138583332501 -0.0029036462185320915 0.0016561391890620814 -0.0035755445511849973 0.0011844138537339657 0 0.00075429105931102346 -0.00033025100770284281 -0.00030502181463358888 -0.00047374964627405617 -0.0011028788376600126 0
leaf_weight=12.999999999999998 11.999999999999998 10.999999999999998 12.000000000000002 14.999999999999998 14.999999999999998 10.999999999999998 10.999999999999998 20 13.999999999999998 17.000000000000004 15.999999999999996 14.999999999999998 14.999999999999998 10.999999999999998 12.999999999999998 17 13.999999999999998 14.000000000000004 13.999999999999998 31 11.999999999999995 17 141 35 13.000000000000005 15.999999999999998
leaf_count=13 12 11 12 15 15 11 11 20 14 17 16 15 15 11 13 17 14 14 14 31 12 17 141 35 13 16
internal_value=-3.04877e-05 0.000219649 -2.81719e-05 -0.000406589 0.0013147 0.00387992 -0.000314008 -9.96529e-05 0.001277 -0.000570285 -0.00230318 -0.000289278 -0.000182526 -0.000898167 -0.000104519 -0.00137203 -8.82295e-06 -0.00225218 0.00019833 0.00123629 0.00056969 0.000494731 -8.80047e-05 0 0 -0.000580023
internal_weight=545 533 520 413 107 40 67 398 95 303 56 45 75 61 247 48 31 30 199 44 56 29 155 46 41 29
internal_count=545 533 520 413 107 40 67 398 95 303 56 45 75 61 247 48 31 30 199 44 56 29 155 46 41 29
is_linear=0
shrinkage=0.0529975


Tree=187
num_leaves=26
num_cat=0
split_feature=3 29 29 29 19 18 29 29 12 3 19 9 3 29 3 45 13 2 25 9 9 4 19 18 31
split_gain=0.399108 1.37462 0.691436 0.195633 0.238154 0.159833 0.570121 0.200375 0.125578 0.0739716 0.102493 0.113785 0.0987102 0.0799241 0.0490205 0.0801347 0.0730841 0.0636092 0.0375171 0.0313049 0.0251623 0.0140468 0.0136581 0.0123297 0.00299718
threshold=0.74002062381803124 0.6273942987389155 1.1880524913612776 -0.62400762929631193 -0.71234336683649502 -1.1877991006625901 0.88678181099218489 0.67528232375896413 0.72616680927323596 -0.95922375622237632 -0.73828673672853917 0.46024167881388839 -1.3969079147176331 1.0000000180025095e-35 -0.30453652754879956 -1.1629597973788728 0.16196192791257707 -0.9436971355296101 -0.4637701247341271 0.12359606136457299 0.13593482714655908 -0.19971189593968405 -0.16019818992092613 -1.3489197655829517 0.4976444692047432
decision_type=2 2 2 2 2 2 2 2 2 2 2 2 2 2 2 2 2 2 2 2 2 2 2 2 2
left_child=2 3 5 8 -5 7 9 19 -2 12 11 -11 20 -14 15 -12 -17 -16 -19 23 -7 -6 -23 24 -1
right_child=1 -3 -4 4 21 6 -8 -9 -10 10 14 -13 13 -15 17 16 -18 18 -20 -21 -22 22 -24 -25 -26
leaf_value=0.0009017162488967243 -0.00021757928190060537 -0.016826027416318137 0.0097803854210570529 -0.0071807114733454689 0.0010684851428523086 0.0017339554356016612 -0.0097925576303106235 0.007496857754275406 0.0063943399892445133 0 -0.0017935508215047506 0.0062760584783445499 -2.8354372852839088e-05 -0.0061523079382127715 -0.0028264809434765852 0 0.0034443775975568098 0.00099197568075586637 -0.00054402198131721401 0.0021214568357976948 -0.00090033147214048229 -0.0015488907584237785 0.00026319433468723508 -0.0012192196197065399 0
leaf_weight=10.999999999999998 11.000000000000002 10.999999999999998 15.999999999999998 10.999999999999998 18.999999999999996 15.000000000000002 10.999999999999998 10.999999999999998 10.999999999999998 14.000000000000002 13.999999999999998 10.999999999999998 13.000000000000002 10.999999999999998 19 37 35 65 114 20 10.999999999999998 13.999999999999998 13.000000000000005 14.000000000000002 12.999999999999998
leaf_count=11 11 11 16 11 19 15 11 11 11 14 14 11 13 11 19 37 35 65 114 20 11 14 13 14 13
internal_value=-2.8783e-05 -0.00314918 0.000606221 -0.000109924 -0.0018148 0.000128872 -0.000302053 0.00237216 0.00350038 0.000125707 0.000456683 0.00335972 -0.00162485 -0.00373679 0.000112862 0.00114374 0.00189841 -0.000321113 0 0.00067971 0.000441293 1.41507e-05 -0.000575452 -0.000106068 0.000424343
internal_weight=545 90 455 79 57 439 370 69 22 359 309 25 50 24 284 86 72 198 179 58 26 46 27 38 24
internal_count=545 90 455 79 57 439 370 69 22 359 309 25 50 24 284 86 72 198 179 58 26 46 27 38 24
is_linear=0
shrinkage=0.0529975


Tree=188
num_leaves=12
num_cat=0
split_feature=39 38 29 29 19 29 29 30 8 39 29
split_gain=0.393503 0.313659 0.174433 0.0840157 0.0575093 0.0345713 0.0619349 0.0792569 0.0263948 0.0368759 0.0330555
threshold=-1.1558530955085182 -0.85777646155359866 0.99250610888350865 -1.1125084092197188 -0.97088705664890151 0.78170629896345034 0.60923513714294653 -0.2145055800327397 -0.57956101264722126 -0.63927416386584646 1.0000000180025095e-35
decision_type=2 2 2 2 2 2 2 2 2 2 2
left_child=-1 -2 3 -3 -5 6 8 -8 9 -6 -10
right_child=1 2 -4 4 5 -7 7 -9 10 -11 -12
leaf_value=-0.0077515076358015567 0.0064134324574950507 0.0037946810397207738 -0.0051745872929728305 -0.0026454299708433882 0.0022607862231578055 0.0024785548151845648 0.00064513012489658943 -0.0040124087507802612 0.00028280089231155314 0.00016077507356781446 -0.00089229243148708514
leaf_weight=11.999999999999998 15.999999999999998 10.999999999999998 11.999999999999998 15.999999999999998 32 10.999999999999998 12.000000000000002 17 232 87 87
leaf_count=12 16 11 12 16 32 11 12 17 232 87 87
internal_value=-3.20264e-05 0.000213115 -3.6749e-05 0.000130959 0 0.000125236 2.43185e-05 -0.00210525 0.000207577 0.000862728 -2.6738e-05
internal_weight=545 533 517 505 494 478 467 29 438 119 319
internal_count=545 533 517 505 494 478 467 29 438 119 319
is_linear=0
shrinkage=0.0529975


Tree=189
num_leaves=19
num_cat=0
split_feature=19 38 1 15 1 30 15 7 29 10 3 24 29 29 30 37 31 17
split_gain=0.399735 0.167335 0.0914932 0.197366 0.191729 0.17795 0.120724 0.0983164 0.169727 0.434303 0.12618 0.0652878 0.0284139 0.042352 0.0371686 0.0335797 0.0114861 0.00568863
threshold=1.0782546332626139 -0.68690109666846921 -0.88755018861797075 0.89141860918171811 -1.0058930634112535 1.2529128884377021 1.2104680741475902 1.527066262327532 0.74954040166073665 -0.4732470078582352 -0.29718049127156848 -1.4070254642064415 -0.89685283675921912 -0.43959928777834884 -0.19480581771904446 -0.78948456671466416 0.53546145317687588 -1.2903909788731505
decision_type=2 2 2 2 2 2 2 2 2 2 2 2 2 2 2 2 2 2
left_child=1 -1 3 4 16 7 -5 8 12 -10 -9 -8 -4 15 -15 -14 -3 -13
right_child=-2 2 5 6 -6 -7 11 10 9 -11 -12 17 13 14 -16 -17 -18 -19
leaf_value=0.0054385500744889501 -0.00673278819127693 -0.00026483564208974069 -0.0016429992250662554 -0.0042998587465751794 0.008305572183974359 -0.0047689153355890143 -0.0011681734839174454 -0.00062926938824103894 -0.0094215716296926731 0.0025592995802219856 0.0058148796844654932 0.0034575375177451064 0.0034913968556262893 0.00071060354373548402 -0.00054636043280012058 0.000554683464408611 0.0014951978326067435 0.00042590795209064054
leaf_weight=10.999999999999998 18 11.000000000000002 18 10.999999999999998 12.999999999999998 17 15.999999999999995 11.000000000000002 12.000000000000002 10.999999999999998 11.999999999999998 10.999999999999998 10.999999999999998 96 176 68 10.999999999999998 11.000000000000005
leaf_count=11 18 11 18 11 13 17 16 11 12 11 12 11 11 96 176 68 11 11
internal_value=-3.08745e-05 0.0002581 7.30769e-05 0.00162134 0.00435862 -0.000230103 -0.000468912 4.51112e-06 -0.000196191 -0.0041064 0.00299923 0.000916189 9.06758e-05 0.000225251 -7.18426e-05 0.00126324 0.00049746 0.00260709
internal_weight=545 527 516 84 35 432 49 415 392 23 23 38 369 351 272 79 22 22
internal_count=545 527 516 84 35 432 49 415 392 23 23 38 369 351 272 79 22 22
is_linear=0
shrinkage=0.0529975


Tree=190
num_leaves=21
num_cat=0
split_feature=25 15 30 29 30 49 29 53 13 29 14 31 30 28 29 13 12 16 0 30
split_gain=0.38552 1.93276 0.396514 0.236067 0.186985 0.123097 0.282218 0.103143 0.0953523 0.0923808 0.0652431 0.0370384 0.0838702 0.0498282 0.0352586 0.0300354 0.0278274 0.0262137 0.0545173 0.00852925
threshold=-1.1764033572252413 0.93580236748553591 -1.3391747755491517 -0.77812266363463123 1.2529128884377021 1.0000000180025095e-35 0.96361458521015575 -1.0000000180025095e-35 1.4819864349663734 0.81384386805079478 -0.18566550605722934 -1.0355256308113063 0.28316466899559672 -0.68233214201494385 0.52337296649648568 0.088079959234192942 0.18796489964238358 -1.0737127645398459 1.7109701886000281 0.73134006828267162
decision_type=2 2 2 2 2 2 2 2 2 2 2 2 2 2 2 2 2 2 2 2
left_child=2 4 -1 -4 5 8 10 -5 9 11 -7 12 15 -13 17 -2 -15 18 -12 -19
right_child=1 -3 3 7 -6 6 -8 -9 -10 -11 14 13 -14 16 -16 -17 -18 19 -20 -21
leaf_value=0.010815910854029435 -0.0019080611354781439 -0.018110932755970539 0.0063308921562359099 -0.0035728388097934706 -0.004582077740757134 0.003389293943336326 0.0076241969234195229 0.001190389301107816 0.0037285909627091385 -0.0040334485980353836 0.0035873586037454132 -0.0029354162932188075 0.003706494015632898 0.00021148843166711825 -0.0023075287813444992 0.00071881649981604266 -0.00086955777280507544 0 -0.00030620331304726753 -0.0014579967000988992
leaf_weight=10.999999999999998 13.999999999999998 10.999999999999998 10.999999999999998 16.999999999999996 17 10.999999999999998 13.999999999999998 21.000000000000004 10.999999999999998 11.999999999999998 10.999999999999995 13.999999999999998 15.999999999999998 181 11.999999999999998 22 94 18.000000000000011 15.999999999999998 10.999999999999998
leaf_count=11 14 11 11 17 17 11 14 21 11 12 11 14 16 181 12 22 94 18 16 11
internal_value=-2.62918e-05 -0.000549625 0.00376373 0.00104691 6.45261e-05 0.000309567 0.00197125 -0.000978297 -0.000121173 -0.000320869 0.000420081 -0.000102649 0.00109489 -0.000359675 -0.000201574 -0.000263009 -0.000143847 0.00031658 0.00143204 -0.000589795
internal_weight=545 485 60 49 474 457 93 38 364 353 79 341 52 289 68 36 275 56 27 29
internal_count=545 485 60 49 474 457 93 38 364 353 79 341 52 289 68 36 275 56 27 29
is_linear=0
shrinkage=0.0529975


Tree=191
num_leaves=16
num_cat=0
split_feature=13 7 8 29 17 29 29 25 27 29 29 29 9 34 14
split_gain=0.377655 0.298509 0.317383 0.492209 0.156668 0.472672 0.200117 0.100273 0.0783481 0.262554 0.0703005 0.0319933 0.0124867 0.01737 0.0062643
threshold=1.9449801053509139 -2.251833151424401 2.2335239833880842 1.1880524913612776 1.3903316759514752 0.88678181099218489 0.67528232375896413 -1.3308125281902385 -0.71234336683650412 -0.25359189156537315 0.69848664362485546 -0.51914819900760623 0.0893998162841977 1.3951055514306356 1.7136396091023975
decision_type=2 2 2 2 2 2 2 2 2 2 2 2 2 2 2
left_child=1 -1 3 4 5 7 11 -3 9 -9 -10 -6 14 -14 -13
right_child=-2 2 -4 -5 6 -7 -8 8 10 -11 -12 12 13 -15 -16
leaf_value=0.0071287525839947965 -0.0075862602040863468 0.0037354648588478951 -0.0071340108088458675 0.0088403631437046284 0.0025713272913597735 -0.0089102135397266351 0.0071791689785389596 0.00024787183885211699 -0.00017267875745630238 -0.0074184553513254115 0.0033189972537737032 -0.0014344264390638776 -0.00026621172735616198 0.0018527365925090197 0
leaf_weight=10.999999999999998 11.999999999999998 11.999999999999998 10.999999999999998 11.999999999999998 10.999999999999998 11.999999999999998 10.999999999999998 35 337 11.999999999999998 10.999999999999998 10.999999999999998 12.000000000000002 12.999999999999998 22
leaf_count=11 12 12 11 12 11 12 11 35 337 12 11 11 12 13 22
internal_value=-2.31251e-05 0.000216697 0 0.000226091 -6.97467e-05 -0.000499541 0.00197795 -0.000108879 -0.0002972 -0.0021956 0 0.000547918 0 0.000755566 -0.000667531
internal_weight=545 533 522 511 499 419 80 407 395 47 348 69 58 25 33
internal_count=545 533 522 511 499 419 80 407 395 47 348 69 58 25 33
is_linear=0
shrinkage=0.0529975


Tree=192
num_leaves=17
num_cat=0
split_feature=30 30 30 29 29 30 30 30 9 13 30 26 8 3 3 1
split_gain=0.372086 1.35423 0.107183 0.207274 0.205548 0.090005 0.239713 0.0776201 0.0445561 0.0441368 0.0364297 0.0241728 0.0239231 0.0144881 0.00602979 0.00345051
threshold=-1.6045160372440099 -1.2827102050692498 -0.66021637375627751 0.55429414669926913 0.99250610888350865 1.0684567549518114 1.4244897927812694 0.97505087236928578 -1.2675046617896286 -0.054758513544016361 -0.2145055800327397 0.79675248521638087 0.91664802833843739 -0.059948321330862114 -0.082016430162555901 -0.3645119553780522
decision_type=2 2 2 2 2 2 2 2 2 2 2 2 2 2 2 2
left_child=-1 -2 3 14 5 7 -7 8 9 -4 11 -10 -12 -11 15 -3
right_child=1 2 4 -5 -6 6 -8 -9 10 13 12 -13 -14 -15 -16 -17
leaf_value=0.007256484708434899 -0.014587792874646394 -0.00090189968741481567 -0.00011311751826629489 0.0072821599608112056 -0.00531544839852324 0.0057046714133132323 -0.0022710254294965701 -0.003190005010872487 0.00026582373865058822 0.00046979412976228598 -0.00015620157460598686 0.0025749835820686726 -0.0016734989940770976 0.0041229283341235427 0.00086789377535566531 0
leaf_weight=12.999999999999998 11.999999999999998 10.999999999999998 15.999999999999998 10.999999999999998 13.999999999999998 20 11.999999999999998 14.999999999999998 75 12 257 12.999999999999998 30 11 10.999999999999998 12.000000000000002
leaf_count=13 12 11 16 11 14 20 12 15 75 12 257 13 30 11 11 12
internal_value=-1.95887e-05 -0.000289268 0.00018996 0.00250162 -4.29747e-05 0.000168384 0.00264357 -3.40849e-05 0.000107542 0.00168994 -6.27028e-05 0.000823764 -0.000369646 0.00294913 0 -0.000377571
internal_weight=545 532 520 45 475 461 32 429 414 39 375 88 287 23 34 23
internal_count=545 532 520 45 475 461 32 429 414 39 375 88 287 23 34 23
is_linear=0
shrinkage=0.0529975


Tree=193
num_leaves=18
num_cat=0
split_feature=25 15 44 39 19 30 30 37 7 29 35 5 29 30 29 19 53
split_gain=0.366158 1.79951 0.459758 0.432463 0.207041 0.171871 0.105772 0.409325 0.0825267 0.34305 0.107615 0.0317991 0.0552199 0.0474723 0.0374672 0.0276786 0.00321029
threshold=-1.1764033572252413 0.93580236748553591 1.0000000180025095e-35 -0.56694565077481152 -0.18832185409516231 1.2529128884377021 -0.66021637375627751 -0.04088781478067683 1.527066262327532 0.74954040166073665 1.6428469101136007 -1.0104878021227626 -0.89685283675921912 0.30623422519323845 -0.42378981793710108 0.75463004633928321 -0.36007183007885429
decision_type=2 2 2 2 2 2 2 2 2 2 2 2 2 2 2 2 2
left_child=2 5 4 -4 -1 6 7 -2 9 11 -10 13 -13 -8 -14 16 -9
right_child=1 -3 3 -5 -6 -7 8 15 10 -11 -12 12 14 -15 -16 -17 -18
leaf_value=-0.0032891637522722839 0.0093305146352140305 -0.017472994136331136 0.013740584198438167 0 0.0036281847806049396 -0.0043896041753732689 0 0.00086297048430822407 -0.00031839617469498464 -0.0060833393014990637 0.0055202686206853044 -0.0025327014319926895 0.0011497485457115624 0.0033686754696226852 -0.000111145169288536 -0.0021973303989820279 0
leaf_weight=21 10.999999999999998 10.999999999999998 12.000000000000002 10.999999999999998 15.999999999999998 17 19 11.999999999999998 13.000000000000002 20 10.999999999999998 15.999999999999998 82 14.999999999999998 235 10.999999999999998 12.000000000000002
leaf_count=21 11 11 12 11 16 17 19 12 13 20 11 16 82 15 235 11 12
internal_value=-1.72636e-05 -0.000527719 0.00367613 0.00867693 -4.66067e-05 6.43451e-05 0.000299819 0.00255225 0 -0.000190038 0.00269338 0.000205031 1.38896e-05 0.00161972 0.000208682 -0.000460839 0.000382357
internal_weight=545 485 60 23 37 474 457 46 411 387 24 367 333 34 317 35 24
internal_count=545 485 60 23 37 474 457 46 411 387 24 367 333 34 317 35 24
is_linear=0
shrinkage=0.0529975


Tree=194
num_leaves=26
num_cat=0
split_feature=19 38 1 44 38 29 34 29 17 34 34 8 5 1 1 1 37 1 3 25 35 45 29 37 8
split_gain=0.361943 0.145469 0.0861072 0.167227 0.117958 0.361555 0.100127 0.270257 0.0946813 0.071642 0.0928538 0.0711287 0.0405467 0.0542913 0.0392751 0.0345132 0.0328058 0.0188002 0.0282856 0.0134969 0.0133866 0.0105875 0.0124204 0.0115472 0.00607147
threshold=1.0782546332626139 -0.68690109666846921 -0.88755018861797075 0.70547720845605821 0.1899764519439007 0.65561766953668521 1.7915139287922142 0.69848664362485546 -1.4430991583872543 -0.65849572485004393 -0.73305319463412733 -1.1891354581061548 -1.0104878021227626 0.21061577944410606 0.89588625285339873 -0.046290760559894624 1.5213098888350618 -1.0705623194006535 0.27291232021384998 -0.91482025821547508 -0.58059067098859873 -0.25451140240048259 0.30977886120655712 -0.57350287077852791 -0.24274029186837209
decision_type=2 2 2 2 2 2 2 2 2 2 2 2 2 2 2 2 2 2 2 2 2 2 2 2 2
left_child=1 -1 3 8 6 9 7 16 -3 10 19 -8 20 15 -15 -14 21 18 -10 -6 -11 23 -23 -4 -18
right_child=-2 2 4 -5 5 -7 11 -9 17 12 -12 -13 13 14 -16 -17 24 -19 -20 -21 -22 22 -24 -25 -26
leaf_value=0.0050900936696412005 -0.0063946676648946599 -0.0027347936712861483 0.0015329261026092217 0.0054969417956905672 0.00054430679811511993 -0.0077888896326084658 0.00068106889731242473 0.0065875938329412864 0.00019012385861517833 0.002852573849930247 -0.0053488233140737531 -0.0039733149472389959 -0.00014662184133167953 0.0018367178979412306 -0.00022979729285202684 -0.002301787028042073 0.002569921924338422 0 0.0037101827409416611 -0.0012042432928525458 0 0 -0.0016628544257274263 0 7.3263134132660443e-05
leaf_weight=10.999999999999998 18 15.999999999999998 12.999999999999998 17 15.999999999999995 13.999999999999998 11.000000000000002 18 19 12.000000000000002 10.999999999999998 12.999999999999998 64 40 45 33 13.000000000000002 21.000000000000004 10.999999999999998 17.000000000000004 11.999999999999998 48 12.999999999999998 28 10.999999999999998
leaf_count=11 18 16 13 17 16 14 11 18 19 12 11 13 64 40 45 33 13 21 11 17 12 48 13 28 11
internal_value=-1.62003e-05 0.000258047 8.43687e-05 0.00158597 -0.000209377 -0.000912874 0.000849337 0.00141126 0.000127905 -0.000327107 -0.00213278 -0.0018975 7.50412e-05 -0.00018216 0.000722874 -0.00103896 0.000353202 0.00134178 0.0020779 -0.000224016 0.00190485 -3.18822e-05 -0.000513141 0.00050963 0.00190187
internal_weight=545 527 516 84 432 264 168 144 67 250 44 24 206 182 85 97 126 51 30 33 24 102 61 41 24
internal_count=545 527 516 84 432 264 168 144 67 250 44 24 206 182 85 97 126 51 30 33 24 102 61 41 24
is_linear=0
shrinkage=0.0529975


Tree=195
num_leaves=17
num_cat=0
split_feature=30 30 30 29 7 29 19 19 29 51 25 29 9 6 45 37
split_gain=0.365191 1.24944 0.0903528 0.185836 0.183115 0.0871504 0.259632 0.258322 0.0384098 0.0324002 0.0336233 0.0277862 0.0293596 0.0187672 0.0081161 0.00196982
threshold=-1.6045160372440099 -1.2827102050692498 -0.66021637375627751 0.99250610888350865 0.22527045370200158 -0.62400762929631193 -0.77729306540003507 -1.0429653928487965 0.69848664362485546 1.0000000180025095e-35 -0.78702065393137444 0.60923513714294653 -1.2675046617896286 0.48402615276326083 0.76749304195020673 1.5213098888350618
decision_type=2 2 2 2 2 2 2 2 2 2 2 2 2 2 2 2
left_child=-1 -2 4 5 15 7 -7 -4 11 10 13 12 -8 -9 -12 -3
right_child=1 2 3 -5 -6 6 8 9 -10 -11 14 -13 -14 -15 -16 -17
leaf_value=0.007194693760248394 -0.014015353076760726 0 0.0075463204837490552 -0.0050483176360925398 0.0059662441637283025 -0.0056446673218162819 0.0017074878314554307 0.0006243061266200128 0.0021158189827930095 -0.0013706479047703836 0.0023622394016577118 -0.0018218199452620643 -1.2286396334847259e-05 -0.0016738427288122593 5.4237594086306279e-07 -0.00063691132006545037
leaf_weight=12.999999999999998 11.999999999999998 18.000000000000004 10.999999999999998 13.999999999999998 15.999999999999998 17 24 12.000000000000002 20 18 23 15.999999999999998 296 11.999999999999998 11.999999999999998 10.999999999999998
leaf_count=13 12 18 11 14 16 17 24 12 20 18 23 16 296 12 12 11
internal_value=-1.37298e-05 -0.000281086 0.000178743 -3.39802e-05 0.00230109 0.000166209 -0.000177756 0.00161679 0.000153188 0.000201547 0.000870863 0 0.000124306 -0.000396822 0.0018414 -0.000197277
internal_weight=545 532 520 475 45 461 373 88 356 77 59 336 320 24 35 29
internal_count=545 532 520 475 45 461 373 88 356 77 59 336 320 24 35 29
is_linear=0
shrinkage=0.0529975


Tree=196
num_leaves=16
num_cat=0
split_feature=39 38 29 30 30 30 7 29 9 9 29 53 3 37 3
split_gain=0.36874 0.30638 0.147027 0.0810145 0.217298 0.0691595 0.104347 0.0435334 0.0357093 0.0399739 0.0385493 0.0573054 0.0264895 0.0087065 0.00701429
threshold=-1.1558530955085182 -0.85777646155359866 0.99250610888350865 1.0684567549518114 1.4244897927812694 0.81566411525288152 -0.19967188325312279 0.7731741465887918 -1.235495028343917 -1.8110832826193433 -0.30479970699318965 -0.36007183007885429 0.67197728825364245 -0.57350287077852791 -0.40016499915280507
decision_type=2 2 2 2 2 2 2 2 2 2 2 2 2 2 2
left_child=-1 -2 3 5 -5 7 -7 8 9 14 11 -10 -12 -11 -3
right_child=1 2 -4 4 -6 6 -8 -9 10 13 12 -13 -14 -15 -16
leaf_value=-0.0074875350833504897 0.0063505547464772659 0.00046193542213547541 -0.004742344727038759 0.0054085476313150051 -0.0021729150905618667 -0.004778000240752785 0.00017413388106970974 0.0026200121710642484 0.001971553180836744 0.0035225055580881135 -0.00081218830191594389 -0.00018030063690570685 0.00066062087438840662 0.00047172160636528511 -0.00095028676228231632
leaf_weight=11.999999999999998 15.999999999999998 11.000000000000002 11.999999999999998 20 11.999999999999998 14.999999999999998 21 12.999999999999998 44 12.000000000000002 205 96 31 12.999999999999998 11.999999999999998
leaf_count=12 16 11 12 20 12 15 21 13 44 12 205 96 31 13 12
internal_value=-1.35139e-05 0.000223226 -2.36843e-05 0.000129108 0.00248743 -4.50006e-05 -0.00211054 0.000135657 7.76741e-06 0.00129801 -0.000156449 0.000501354 -0.000578288 0.00255959 -7.81425e-05
internal_weight=545 533 517 505 32 473 36 437 424 48 376 140 236 25 23
internal_count=545 533 517 505 32 473 36 437 424 48 376 140 236 25 23
is_linear=0
shrinkage=0.0529975


Tree=197
num_leaves=26
num_cat=0
split_feature=3 30 30 47 19 39 10 10 5 30 5 3 37 15 10 45 8 19 25 26 3 10 5 13 3
split_gain=0.358903 1.02119 0.625762 0.160338 0.447642 0.186474 0.123629 0.142255 0.108542 0.106401 0.11179 0.0726599 0.0700288 0.0700139 0.0622039 0.0502391 0.0342645 0.047208 0.029352 0.0233827 0.015124 0.0101812 0.00477344 0.00364165 0.00584914
threshold=0.74002062381803124 -0.60920933772045338 -1.4739652562250283 0.59100304412747862 -0.32580081582471693 -1.0783225139200134 0.44383183501537155 -0.053551922787591452 -1.7963070905740788 1.1485607431090135 1.0566846697686691 -0.29350247313295302 -0.81674439241534058 -1.0127366107687246 -0.61164142107708852 -0.25451140240048259 0.62998325045560355 -0.592058405594727 -1.1890938102248458 0.79675248521638087 1.4829802878183829 -1.0412079674690371 0.11712860184185475 0.2604712194837559 1.0000000180025095e-35
decision_type=2 2 2 2 2 2 2 2 2 2 2 2 2 2 2 2 2 2 2 2 2 2 2 2 2
left_child=2 -2 -1 5 -5 -4 7 22 -8 10 13 14 -12 -7 19 -13 17 -15 -18 -6 -10 -21 -3 24 -17
right_child=1 6 3 4 11 9 8 -9 20 -11 12 15 -14 16 -16 23 18 -19 -20 21 -22 -23 -24 -25 -26
leaf_value=0.010016638659822594 -0.014767804673970738 0.00071824665107480656 0.005866286927599506 -0.0088408224568675055 -0.0014008338436989891 -0.0033082981580663828 0.0049550776030806588 -0.0059730556955206798 -0.0012170823565239388 0.0039671503650596275 0.0047993957295151771 -0.0036668866845335716 0 0.0021441846561734215 0.0031053093924473685 0 -0.0025963980097791555 0 0 0 0.00077764775027786036 0.0017004463945550249 -0.00044915297243104928 9.2953585397180996e-05 -0.0011942303704318158
leaf_weight=12.999999999999998 10.999999999999998 11.000000000000002 13.999999999999998 12.999999999999998 17 12.999999999999998 10.999999999999998 11.999999999999998 16.000000000000004 17 16.000000000000004 12.999999999999998 12.999999999999998 28 21 24 17 158 22 14.000000000000002 11.999999999999998 10.999999999999998 17 14.999999999999998 15.999999999999998
leaf_count=13 11 11 14 13 17 13 11 12 16 17 16 13 13 28 21 24 17 158 22 14 12 11 17 15 16
internal_value=-1.04835e-05 -0.00297066 0.000590919 0.000167739 -0.00123343 0.000878766 -0.000319875 -0.00229615 0.00158773 0.0004926 0.000163509 -7.35912e-05 0.00297614 -0.000215299 0.00111391 -0.00126928 1.44115e-05 0.000351374 -0.00127008 0 -0.000170369 0.000814217 0 -0.000283294 -0.000569963
internal_weight=545 90 455 442 144 298 79 40 39 284 267 131 29 238 63 68 225 186 39 42 28 25 28 55 40
internal_count=545 90 455 442 144 298 79 40 39 284 267 131 29 238 63 68 225 186 39 42 28 25 28 55 40
is_linear=0
shrinkage=0.0529975


Tree=198
num_leaves=19
num_cat=0
split_feature=19 30 13 29 29 19 19 29 29 34 13 17 39 53 8 19 9 9
split_gain=0.362404 0.14544 0.296672 0.15905 0.0773104 0.234929 0.233175 0.0327986 0.0263763 0.0243894 0.0258073 0.0243916 0.0240136 0.07701 0.0235707 0.0216161 0.0100703 0.00934062
threshold=1.0782546332626139 -0.66021637375627751 1.0583964812103044 0.99250610888350865 -0.62400762929631193 -1.0429653928487965 -0.77729306540003507 0.69848664362485546 0.60923513714294653 -0.53516515819824317 -0.73447262538515012 -0.7773829816166542 -0.69848839585506151 -1.069797498769544 -0.65448179333522094 -0.63124966229775092 -0.27303659071857217 -0.27303659071857217
decision_type=2 2 2 2 2 2 2 2 2 2 2 2 2 2 2 2 2 2
left_child=1 2 14 4 5 -3 -6 8 12 11 -11 16 13 -8 -1 -14 -7 -16
right_child=-2 3 -4 -5 6 9 7 -9 -10 10 -12 -13 15 -15 17 -17 -18 -19
leaf_value=0.001846110348833414 -0.0063951080010474495 0.007175656567785218 0.0086683715245751119 -0.0046689538634307713 -0.005349259367771802 0.0013843242106596715 -0.0014857103962192166 0.0019583939968716717 -0.0017719446319791881 0 0.0023690650435041851 -0.0016938967768626071 -0.0019895720841136308 0.001575679023185763 -0.0013278217838407799 0 -0.00025215935045109003 6.6006135904019326e-05
leaf_weight=10.999999999999998 18 10.999999999999998 10.999999999999998 13.999999999999998 17 10.999999999999998 24 20 15.999999999999998 17 17 21.000000000000004 10.999999999999998 81 13.999999999999998 204 10.999999999999998 16.000000000000004
leaf_count=11 18 11 11 14 17 11 24 20 16 17 17 21 11 81 14 204 11 16
internal_value=-1.23844e-05 0.000262012 0.00276902 -2.90177e-05 0.000155077 0.00152182 -0.000167918 0.000144722 0 0.00016989 0.00118939 -0.000540578 0.000124093 0.000770546 0.000133574 -0.000172352 0.000437845 -0.000503248
internal_weight=545 527 52 475 461 88 373 356 336 77 34 43 320 105 41 215 22 30
internal_count=545 527 52 475 461 88 373 356 336 77 34 43 320 105 41 215 22 30
is_linear=0
shrinkage=0.0529975


Tree=199
num_leaves=26
num_cat=0
split_feature=45 30 30 29 29 8 1 47 25 29 13 30 39 6 39 3 10 1 3 35 19 16 9 29 3
split_gain=0.367008 0.308087 0.0792919 0.454617 0.233415 0.274975 0.099842 0.168285 0.107057 0.0706498 0.0641194 0.0708711 0.0399145 0.0328823 0.037903 0.0285352 0.0245196 0.0194156 0.0253019 0.0419583 0.0187788 0.0259484 0.0186864 0.00496183 0.00454316
threshold=1.7894974863008961 -1.6045160372440099 0.41858325918345057 0.67528232375896413 0.67528232375896413 -0.74199266462636426 -0.93908059000433697 -0.17547900012222076 -0.8265320433975768 0.18888648312768833 -1.0792551458842758 0.99091228535490872 -0.77696491235144882 -0.35546998807432423 -0.88168880801376159 1.1648317188281332 -0.83837175268941777 0.29960589395401543 0.065104295382068286 1.3196398250599277 -0.32580081582471693 0.57767451677292148 0.37469037699295688 -0.13206036081016861 -0.15005976572694438
decision_type=2 2 2 2 2 2 2 2 2 2 2 2 2 2 2 2 2 2 2 2 2 2 2 2 2
left_child=1 -1 4 6 9 -6 7 -4 -8 15 -10 12 -12 16 22 17 24 20 19 -19 -3 -22 -15 -20 -11
right_child=-2 2 3 -5 5 -7 8 -9 10 13 11 -13 -14 14 -16 -17 -18 18 23 -21 21 -23 -24 -25 -26
leaf_value=0.0068533140537530872 -0.0074692570519752297 -0.0014414733511955869 -0.001346796603168259 -0.0091993213267719236 0 0.0084197422333156004 -0.0040647078551332887 0.0057351896089656469 -0.0023546751674713589 -0.0015790765605089659 0.0015160175270448896 0.0031595598839883375 -0.0010448003572983465 -0.0014736381991920669 -0.003462309683209615 0.0021927222977686177 0.0014768050415519703 0.0032833796664570058 0.00045644214815417973 0 -0.00032009968446847849 0.0011654894335493872 0.00086065677223993292 -0.00062519805584865804 0
leaf_weight=12.999999999999998 11.999999999999998 20 12.000000000000002 10.999999999999998 21 14.999999999999998 15.999999999999998 13.999999999999998 19 10.999999999999998 19 18 45 13.000000000000002 24 17 11.999999999999998 17 13.999999999999998 17 104 40 10.999999999999998 19 11.000000000000002
leaf_count=13 12 20 12 11 21 15 16 14 19 11 19 18 45 13 24 17 12 17 14 17 104 40 11 19 11
internal_value=-1.27406e-05 0.000223406 -5.30153e-06 -0.00100458 0.000405801 0.00412948 0 0.00260845 -0.00071413 -4.60779e-05 0 0.000686755 -0.000120026 -0.00135735 -0.00217093 0.000381798 0 0.000166948 0.000899021 0.00180331 -0.000112206 7.60942e-05 -0.000212729 0 -0.00102858
internal_weight=545 533 520 154 366 36 143 26 117 330 101 82 64 82 48 248 34 231 67 34 164 144 24 33 22
internal_count=545 533 520 154 366 36 143 26 117 330 101 82 64 82 48 248 34 231 67 34 164 144 24 33 22
is_linear=0
shrinkage=0.0529975


Tree=200
num_leaves=23
num_cat=0
split_feature=19 30 13 29 47 45 52 19 19 30 31 7 10 35 53 34 53 17 13 29 29 44
split_gain=0.350617 0.129814 0.267979 0.14797 0.311659 0.0732291 0.103381 0.182097 0.157405 0.0451177 0.032243 0.054227 0.0320783 0.0304823 0.0263568 0.0225118 0.0175459 0.0206291 0.0144342 0.0141425 0.00841438 0.00574602
threshold=1.0782546332626139 -0.66021637375627751 1.0583964812103044 0.74954040166073665 0.59100304412747862 1.6759414369285972 1.0000000180025095e-35 -0.97088705664890151 -0.61992875493280475 -0.3306594747614941 -0.23990902356405411 -0.11594017356335605 -0.4416592536879908 -0.35944547004968641 -0.36007183007885429 -0.18677459096891189 1.0000000180025095e-35 0.11983775567555473 -0.025205726072662717 -0.36400999389897842 0.061826384744403794 1.0000000180025095e-35
decision_type=2 2 2 2 2 2 2 2 2 2 2 2 2 2 2 2 2 2 2 2 2 2
left_child=1 2 15 5 -5 6 7 -3 -8 -10 16 14 -13 -7 -12 18 19 -18 -1 -9 21 -11
right_child=-2 3 -4 4 -6 13 8 10 9 20 11 12 -14 -15 -16 -17 17 -19 -20 -21 -22 -23
leaf_value=0.00045049347423930467 -0.0062907181758688003 -0.0055725390786670343 0.0082321130060744215 0.0016105233108748068 -0.0076003071135290938 0.0039673718706791632 0.0059555896849827553 0.00043276002363491306 0.0023265028596143283 -0.00047086084627673763 0.0035929760848958498 0.00056840290426148651 -0.00078583055005645628 0 0 0.0017938729400852893 -0.0026001681121078975 0 -0.0013850876331952416 -0.00083282428005712562 -0.0012391439654693354 0.00063175016768015127
leaf_weight=11.999999999999998 18 11.999999999999998 10.999999999999998 15.000000000000002 14.999999999999998 14.000000000000002 12.999999999999998 34 18 20 13 101 84 10.999999999999998 13 10.999999999999998 20.000000000000004 10.999999999999998 18.000000000000004 47 13.999999999999998 20
leaf_count=12 18 12 11 15 15 14 13 34 18 20 13 101 84 11 13 11 20 11 18 47 14 20
internal_value=-1.24765e-05 0.000257217 0.00262534 -1.70072e-05 -0.00329975 0.000229745 2.90036e-05 -0.000378381 0.00163047 0.00036216 -6.6129e-05 0.000295434 -1.52893e-05 0.00271884 0.00231317 0.000114041 -0.00078688 -0.00178453 -0.000504084 -0.000228092 -0.000343285 0
internal_weight=545 527 52 475 30 445 420 335 85 72 323 211 185 25 26 41 112 31 30 81 54 40
internal_count=545 527 52 475 30 445 420 335 85 72 323 211 185 25 26 41 112 31 30 81 54 40
is_linear=0
shrinkage=0.0529975


Tree=201
num_leaves=14
num_cat=0
split_feature=39 38 29 30 29 30 12 29 29 11 14 19 17
split_gain=0.361463 0.285369 0.116382 0.0696395 0.200428 0.0641644 0.0945807 0.0550101 0.0362378 0.0292597 0.0277835 0.0220984 0.0189854
threshold=-1.1558530955085182 -0.85777646155359866 0.99250610888350865 1.0684567549518114 -0.42378981793710108 0.81566411525288152 -0.11053493361282382 -0.56515616405898617 0.7731741465887918 2.023231164866321 -1.2029993149567617 -0.1790075546397929 -0.78053063691949831
decision_type=2 2 2 2 2 2 2 2 2 2 2 2 2
left_child=-1 -2 3 5 -5 8 -7 -8 9 10 11 -3 -12
right_child=1 2 -4 4 -6 6 7 -9 -10 -11 12 -13 -14
leaf_value=-0.0074074108033574367 0.006140116238671443 -0.0027987819500986822 -0.0042110911250676612 0.0051267338251066042 -0.0021403095246947507 0.0010936729361315316 -3.8356231417574336e-05 -0.0054835212224352177 0.0024054110599000702 0.0020099426539873658 0.0008893943716946636 0 -0.00010062973221345801
leaf_weight=11.999999999999998 15.999999999999998 12.000000000000002 11.999999999999998 20 11.999999999999998 11.999999999999998 10.999999999999998 13.000000000000002 12.999999999999998 13.999999999999998 58 11.999999999999998 328
leaf_count=12 16 12 12 20 12 12 11 13 13 14 58 12 328
internal_value=-7.01302e-06 0.000227196 -1.07417e-05 0.000123645 0.00231006 -3.67591e-05 -0.00202724 -0.00372724 0.000136671 1.82932e-05 -6.09164e-05 -0.00162183 4.16418e-05
internal_weight=545 533 517 505 32 473 36 24 437 424 410 24 386
internal_count=545 533 517 505 32 473 36 24 437 424 410 24 386
is_linear=0
shrinkage=0.0529975


Tree=202
num_leaves=27
num_cat=0
split_feature=45 32 39 7 45 38 29 29 35 19 45 37 29 34 49 39 19 8 32 19 19 37 1 6 29 5
split_gain=0.356006 0.24756 0.343398 0.237766 0.196643 0.15631 0.389775 0.29547 0.143775 0.0631194 0.051626 0.0910599 0.0533489 0.069183 0.0325585 0.0420018 0.0332288 0.0303214 0.0375677 0.0270018 0.0198477 0.0134792 0.0128271 0.00397723 0.00173754 0.00327533
threshold=1.7894974863008961 -1.1764033572252435 -0.92704100512702003 -1.6197684868051214 -1.1629597973788728 0.1899764519439007 1.0276841064871944 0.67528232375896413 -1.3658915081057359 -0.95772725582126561 -0.36806745177278138 -0.81674439241534058 0.30977886120655712 -0.24184493239308424 1.0000000180025095e-35 -0.4449525141229505 -0.31962396469036186 0.15430673231669431 -0.30188330478616027 -0.60422274417682142 0.32817604960927232 1.7603575911333127 0.35206812900017176 -0.44595890710518399 1.0000000180025095e-35 0.27651201217562199
decision_type=2 2 2 2 2 2 2 2 2 2 2 2 2 2 2 2 2 2 2 2 2 2 2 2 2 2
left_child=1 2 -1 -3 -4 6 10 9 -6 -7 11 22 21 -14 17 16 -16 18 -11 -19 -15 23 -5 -12 25 -13
right_child=-2 3 4 5 8 7 -8 -9 -10 14 12 24 13 20 15 -17 -18 19 -20 -21 -22 -23 -24 -25 -26 -27
leaf_value=0.0088985768043325295 -0.0073533671396456418 -0.00599495799924673 -0.0040524290593032435 0.0046508816179646169 -0.0012152832183251992 -0.0032902185147533859 0.0080191974530482678 -0.0071700856812170304 0.0049710122053007047 -0.0024843677565952152 -0.00032051730395632867 0.00074694363024716817 0.00084466000613885397 -0.00065972476894782391 0.0034384905432058421 -0.0005706225262528344 0 0.0018157042488292803 -0.00017700715504220983 -0.00013263873307022011 -0.0047298746129593033 0.0017205106052569821 0.00079123434127861467 0.00043371566954190498 -0.00045000879973068028 -7.7105370607453392e-05
leaf_weight=14.999999999999998 11.999999999999998 12.999999999999998 11.999999999999998 14.000000000000002 11.999999999999995 11.999999999999998 14.999999999999998 12.999999999999998 20.000000000000004 27 35 11.000000000000002 10.999999999999998 13.000000000000002 17.000000000000004 17 12.999999999999998 19 72 73 10.999999999999998 10.999999999999998 11.999999999999998 31 15.999999999999998 18
leaf_count=15 12 13 12 14 12 12 15 13 20 27 35 11 11 13 17 17 13 19 72 73 11 11 12 31 16 18
internal_value=-9.07998e-06 0.000223279 0.00329683 -0.000181149 0.000409214 4.27136e-05 0.00116241 -0.000781406 0.00264165 -0.000261741 0.000326822 0.00140509 -0.000334197 -0.00191644 -3.31165e-06 0.00113338 0.00222722 -0.000344462 -0.000978755 0.000284944 -0.00333066 0.000387346 0.00356993 0 0 0.00011031
internal_weight=545 533 59 474 44 461 198 263 32 250 183 71 112 35 238 47 30 191 99 92 24 77 26 66 45 29
internal_count=545 533 59 474 44 461 198 263 32 250 183 71 112 35 238 47 30 191 99 92 24 77 26 66 45 29
is_linear=0
shrinkage=0.0529975


Tree=203
num_leaves=12
num_cat=0
split_feature=39 38 29 29 19 29 29 1 19 6 8
split_gain=0.349188 0.25203 0.109214 0.0671316 0.0461346 0.0293073 0.0513754 0.0475004 0.0215956 0.0258932 0.021311
threshold=-1.1558530955085182 -0.85777646155359866 0.99250610888350865 -1.1125084092197188 -0.94590896873541463 0.78170629896345034 0.60923513714294653 -0.065952450781455632 -0.73828673672853917 0.57844841771020161 -0.5715105647925246
decision_type=2 2 2 2 2 2 2 2 2 2 2
left_child=-1 -2 3 -3 -5 6 8 -8 9 -6 -10
right_child=1 2 -4 4 5 -7 7 -9 10 -11 -12
leaf_value=-0.0072854170239093916 0.0057747461359805453 0.0034005669229108847 -0.0040745468985061706 -0.0021189664674336616 0.0028761042365535242 0.0023017782543639891 0.00020613917565243947 -0.0033551295888871787 0.0006810096008419953 0 -0.00013687665242928816
leaf_weight=11.999999999999998 15.999999999999998 10.999999999999998 11.999999999999998 21 12.000000000000002 10.999999999999998 12.000000000000002 17 118 10.999999999999998 292
leaf_count=12 16 11 12 21 12 11 12 17 118 11 292
internal_value=-1.18624e-05 0.000218166 -4.68161e-06 0.000125038 0 0.000132154 3.67407e-05 -0.0018991 0.000206473 0.00162043 8.81482e-05
internal_weight=545 533 517 505 494 473 462 29 433 23 410
internal_count=545 533 517 505 494 473 462 29 433 23 410
is_linear=0
shrinkage=0.0529975


Tree=204
num_leaves=23
num_cat=0
split_feature=19 30 13 29 47 45 52 19 39 31 31 37 15 35 34 19 9 3 44 13 9 13
split_gain=0.360608 0.119266 0.24455 0.119974 0.290827 0.0701621 0.0974869 0.164558 0.149779 0.0293097 0.0487075 0.0311127 0.0297359 0.0273638 0.021062 0.0196053 0.0165292 0.0394095 0.0271437 0.0128873 0.00642397 0.0103315
threshold=1.0782546332626139 -0.66021637375627751 1.0583964812103044 0.74954040166073665 0.59100304412747862 1.6759414369285972 1.0000000180025095e-35 -0.97088705664890151 -0.80165551899036436 -0.23990902356405411 -0.047619721137843934 -0.40155627789733084 -1.1432234076252492 -0.35944547004968641 -0.18677459096891189 -0.54323978470450507 -0.64789962636876808 0.40164295506539588 -0.27848972336365163 -0.025205726072662717 0.85677265408070291 -0.0055038677584269549
decision_type=2 2 2 2 2 2 2 2 2 2 2 2 2 2 2 2 2 2 2 2 2 2
left_child=1 2 14 5 -5 6 7 -3 -8 16 11 -11 -12 -7 19 -10 17 -9 -18 -1 21 -17
right_child=-2 3 -4 4 -6 13 8 9 15 10 12 -13 -14 -15 -16 20 18 -19 -20 -21 -22 -23
leaf_value=0.00041440905805306222 -0.0063783225196542221 -0.0053100625570206743 0.0078891717526968722 0.001730877640446813 -0.0071352959923400303 0.0038450195998563719 0.0049889659539965993 -0.001079980752245367 0.0016875601604560723 0.0035521097107397643 0.00089487216976882151 0 -0.00051919273657234882 0 0.0017469016296897122 -0.0012930574588865787 1.3434287378284894e-05 0.0014830752380258782 -0.0021318829481224402 -0.0013087016787143389 0.00042685914766228325 0
leaf_weight=11.999999999999998 18 11.999999999999998 10.999999999999998 15.000000000000002 14.999999999999998 14.000000000000002 20 38 11.999999999999998 13.000000000000002 54 17 127 10.999999999999998 10.999999999999998 22.999999999999996 17 21 36 18.000000000000004 10.999999999999998 19.000000000000004
leaf_count=12 18 12 11 15 15 14 20 38 12 13 54 17 127 11 11 23 17 21 36 18 11 19
internal_value=-1.13472e-05 0.000262328 0.00253148 -2.59612e-08 -0.00295832 0.000220604 2.38478e-05 -0.000371256 0.00157963 -7.31019e-05 0.000270421 0.00205693 -4.47976e-05 0.00265669 0.000122239 9.94538e-05 -0.000760323 -7.58373e-06 -0.00139395 -0.000471203 -0.000276703 -0.000636802
internal_weight=545 527 52 475 30 445 420 335 85 323 211 30 181 25 41 65 112 59 53 30 53 42
internal_count=545 527 52 475 30 445 420 335 85 323 211 30 181 25 41 65 112 59 53 30 53 42
is_linear=0
shrinkage=0.0529975


Tree=205
num_leaves=28
num_cat=0
split_feature=45 30 35 35 29 29 4 29 29 25 19 10 37 29 8 13 8 3 15 17 31 29 26 37 16 39 9
split_gain=0.342128 0.289965 0.0788436 0.184162 0.514646 0.181289 0.132738 0.208777 0.104283 0.119091 0.07588 0.0726203 0.182227 0.193621 0.0687248 0.0385733 0.0366107 0.033941 0.0306406 0.0292142 0.0279839 0.0169238 0.0158491 0.0144078 0.0136855 0.0110041 0.00788047
threshold=1.7894974863008961 -1.6045160372440099 1.1727551818529272 0.26267843997095658 0.52337296649648568 0.69848664362485546 1.5480257726268594 0.78170629896345034 1.0000000180025095e-35 -0.82894980672843088 0.4114465141411599 0.52784331388847006 -0.75383710233685208 -0.26151545470841348 0.66579977688026848 -1.2762737290266335 0.17476205409768095 -0.094889493647710224 -1.2252975897148428 -0.75598769585567271 1.108658458863365 0.17116908538165884 0.066499805209560933 -0.81674439241534058 -1.2177696972268879 -0.26104970718232323 0.26302158581422697
decision_type=2 2 2 2 2 2 2 2 2 2 2 2 2 2 2 2 2 2 2 2 2 2 2 2 2 2 2
left_child=1 -1 3 5 17 8 7 21 11 -10 18 14 13 -13 15 -3 22 23 24 -14 -20 -4 -11 -5 -8 -19 -18
right_child=-2 2 6 4 -6 -7 10 -9 9 16 -12 12 19 -15 -16 -17 26 25 20 -21 -22 -23 -24 -25 -26 -27 -28
leaf_value=0.0066555364835302272 -0.0072038004595652945 -0.0021114710646101473 0.0013824686618750357 0.0020310971818026562 -0.010870796522440641 0.0054634731929273581 0.00039334363956595021 0.0079118169810384088 -0.0049824337291340887 -0.0022549645167247163 -0.0032435751042613611 0.0068897041349016089 -0.00098610848077324963 0 -0.0029836971484820773 0.00052345113483893242 0 -0.0022798158548957967 0 0.00094374538565700032 0.0033247163844713607 -0.00070951438822698762 -0.00017279688356784586 0 -0.0013966546635893133 0 0.0016955632615537274
leaf_weight=12.999999999999998 11.999999999999998 11.999999999999998 15.000000000000002 12.999999999999998 10.999999999999998 10.999999999999998 19 11.999999999999998 17 21 11.999999999999998 21 47 20 18 100 14.000000000000002 11.000000000000002 12.000000000000005 30 10.999999999999998 12.999999999999998 32 12.000000000000002 12.999999999999998 11.999999999999998 10.999999999999998
leaf_count=13 12 12 15 13 11 11 19 12 17 21 12 21 47 20 18 100 14 11 12 30 11 13 32 12 13 12 11
internal_value=-3.53522e-06 0.000223953 0 -0.00034576 -0.00294322 0.000109561 0.00123146 0.00343359 -0.000133048 -0.0015864 -0.000161614 0.000420488 0.00135407 0.00396177 -0.0003979 8.89891e-05 -0.00046023 0 0.000649068 -0.0001362 0.00194128 0.000251909 -0.00126154 0.00110576 -0.000255671 -0.00140736 0.000928622
internal_weight=545 533 520 413 59 354 107 40 343 95 67 248 118 41 130 112 78 48 55 77 23 28 53 25 32 23 25
internal_count=545 533 520 413 59 354 107 40 343 95 67 248 118 41 130 112 78 48 55 77 23 28 53 25 32 23 25
is_linear=0
shrinkage=0.0529975


Tree=206
num_leaves=23
num_cat=0
split_feature=19 30 13 29 30 45 52 19 19 36 30 31 7 10 2 34 30 6 13 29 5 44
split_gain=0.348606 0.109027 0.22283 0.113052 0.270077 0.0723811 0.0903782 0.155215 0.140122 0.0596668 0.039973 0.0265017 0.0444958 0.0259768 0.0248298 0.0188546 0.0152564 0.0277399 0.0118935 0.00890194 0.00599304 0.00571844
threshold=1.0782546332626139 -0.66021637375627751 1.0583964812103044 0.74954040166073665 0.23966141775408889 1.6759414369285972 1.0000000180025095e-35 -0.97088705664890151 -0.61992875493280475 1.4371240812312862 -0.3306594747614941 -0.23990902356405411 -0.11594017356335605 -0.4416592536879908 -0.57678195291609624 -0.18677459096891189 -0.14500950889521416 0.1282705344976546 -0.025205726072662717 0.061826384744403794 -0.13990640815478472 -1.0000000180025095e-35
decision_type=2 2 2 2 2 2 2 2 2 2 2 2 2 2 2 2 2 2 2 2 2 2
left_child=1 2 15 5 -5 6 7 -3 -8 -7 -10 16 14 -14 -13 18 20 -18 -1 21 -9 -12
right_child=-2 3 -4 4 -6 9 8 11 10 -11 19 12 13 -15 -16 -17 17 -19 -20 -21 -22 -23
leaf_value=0.00040903981605629056 -0.0062657508828580927 -0.0051485304060598629 0.0075484583089215473 0.00090263764755247613 -0.0077941096180061788 0 0.005606637305799583 0.00069912667514421343 0.002178382210875443 0.0044377910735154662 -0.00044667606499025685 0 0.00050656705815585099 -0.00071141124149540734 0.0034135309108153061 0.0016634823483682424 0.00062068568037375923 -0.001590453414698772 -0.0012424211961765343 -0.001257831864370344 -0.00043855185516602542 0.00064677568908462686
leaf_weight=11.999999999999998 18 11.999999999999998 10.999999999999998 19.000000000000004 10.999999999999998 11.000000000000002 12.999999999999998 19 18 13.999999999999998 19.999999999999996 14.000000000000002 101 84 11.999999999999998 10.999999999999998 11.999999999999998 63 18.000000000000004 13.999999999999998 18 20.000000000000004
leaf_count=12 18 12 11 19 11 11 13 19 18 14 20 14 101 84 12 11 12 63 18 14 18 20
internal_value=-5.10873e-06 0.000263709 0.00243295 0 -0.0028593 0.000227005 2.73613e-05 -0.000352463 0.00152565 0.00270153 0.000324867 -6.24593e-05 0.000263116 -1.48639e-05 0.00209145 0.000123857 -0.000717215 -0.00113068 -0.000429702 -0.000332524 0 0
internal_weight=545 527 52 475 30 445 420 335 85 25 72 323 211 185 26 41 112 75 30 54 37 40
internal_count=545 527 52 475 30 445 420 335 85 25 72 323 211 185 26 41 112 75 30 54 37 40
is_linear=0
shrinkage=0.0529975


Tree=207
num_leaves=16
num_cat=0
split_feature=13 7 8 29 17 29 29 25 28 29 29 29 5 39 14
split_gain=0.342439 0.273466 0.291498 0.457761 0.136193 0.406779 0.185867 0.0724664 0.078449 0.178588 0.0609695 0.0294301 0.0129302 0.011612 0.00549223
threshold=1.9449801053509139 -2.251833151424401 2.2335239833880842 1.1880524913612776 1.3903316759514752 0.88678181099218489 0.67528232375896413 -1.3308125281902385 -0.68233214201494385 -0.25653487140086723 0.69848664362485546 -0.51914819900760623 1.265816741428538 -0.45960859485267685 1.8236216424969416
decision_type=2 2 2 2 2 2 2 2 2 2 2 2 2 2 2
left_child=1 -1 3 4 5 7 11 -3 9 -9 -10 -6 13 -13 -14
right_child=-2 2 -4 -5 6 -7 -8 8 10 -11 -12 12 14 -15 -16
leaf_value=0.0068435704284917041 -0.0072037085041491943 0.0031772546725557672 -0.0068169734577266539 0.0085430253605976152 0.0024272744958811453 -0.0082525928894871033 0.0068694568199230378 0 -9.9205714511901654e-05 -0.0061097686935465759 0.0031479056848163064 0.0014132756171191018 -0.0014946448091575106 -9.4055684153157161e-05 0
leaf_weight=10.999999999999998 11.999999999999998 11.999999999999998 10.999999999999998 11.999999999999998 10.999999999999998 11.999999999999998 10.999999999999998 39 331 13.999999999999998 10.999999999999998 15.999999999999995 12.000000000000002 19.000000000000004 10.999999999999998
leaf_count=11 12 12 11 12 11 12 11 39 331 14 11 16 12 19 11
internal_value=0 0.000227617 0 0.000236428 -4.85677e-05 -0.000450484 0.00185988 -8.70531e-05 -0.000249669 -0.0020372 3.76052e-05 0.000482721 0 0.000530565 -0.000924385
internal_weight=545 533 522 511 499 419 80 407 395 53 342 69 58 35 23
internal_count=545 533 522 511 499 419 80 407 395 53 342 69 58 35 23
is_linear=0
shrinkage=0.0529975


Tree=208
num_leaves=26
num_cat=0
split_feature=45 30 30 29 29 8 5 5 25 13 28 29 10 0 35 44 26 5 25 13 37 30 39 44 13
split_gain=0.330235 0.293198 0.0679599 0.355637 0.21062 0.237956 0.0879666 0.0919689 0.0748656 0.0669146 0.0740225 0.0605168 0.0427456 0.0277967 0.0313439 0.0270311 0.0262704 0.0279073 0.0203325 0.0161021 0.0158633 0.0153898 0.0133784 0.0108491 0.00949272
threshold=1.7894974863008961 -1.6045160372440099 0.41858325918345057 0.67528232375896413 0.67528232375896413 -1.0389942329791786 -1.1049329612414682 -0.63369183632512838 -0.8651625286172262 -1.0300005000986865 -0.57634309484549606 0.18888648312768833 -0.4416592536879908 -0.73522296745791116 -0.33109630494470821 -0.27848972336365163 -1.5454523463728571 -0.7305514475155096 1.7288076299570638 0.79734685854668064 -0.81674439241534058 -0.24326545948369957 1.8368162572147246 -0.27848972336365163 -0.36998824657178858
decision_type=2 2 2 2 2 2 2 2 2 2 2 2 2 2 2 2 2 2 2 2 2 2 2 2 2
left_child=1 -1 4 6 11 -6 -4 8 -8 12 15 16 -9 -13 -15 -11 -3 19 21 23 -19 -16 -22 -18 -12
right_child=-2 2 3 -5 5 -7 7 9 -10 10 24 13 -14 14 18 -17 17 20 -20 -21 22 -23 -24 -25 -26
leaf_value=0.0066928310509440005 -0.0070722960304880674 0.001901059630347624 0.0030442465250134347 -0.008173232349876252 -0.00094360631036275735 0.0068032060991189604 -0.0054805169648401049 0 0 0.0041625612540469913 -0.0012137709271270608 -0.0032566399549646546 -0.0034793322792764513 0.0013138795256322751 -1.3906052261699924e-05 0.00059949468470707999 0.00074449316336652825 0.0016678624785340455 0.00013173737810928576 -0.0021880325843120336 0 -0.0024091446423323065 0.0013139374407461603 -0.00093886034838323472 7.633453395793225e-05
leaf_weight=12.999999999999998 11.999999999999998 22 15.999999999999998 10.999999999999998 13.999999999999998 22 11.000000000000002 15.000000000000002 12.999999999999998 13.999999999999998 16.999999999999996 11.999999999999998 12.999999999999998 10.999999999999998 17.999999999999993 20 14.000000000000002 21 14.999999999999998 12.999999999999998 143 26.000000000000007 19 15.999999999999998 24.000000000000004
leaf_count=13 12 22 16 11 14 22 11 15 13 14 17 12 13 11 18 20 14 21 15 13 143 26 19 16 24
internal_value=0 0.000225504 0 -0.000923737 0.000382263 0.00391967 -1.27137e-05 -0.000570252 -0.00316367 0.000110761 0.000989958 -4.59137e-05 -0.00179801 -0.0012606 -0.000596552 0.00264538 0.000348496 0.000122025 -0.00114855 -0.000965971 0.000437167 -0.00168817 0.000182219 0 -0.000396583
internal_weight=545 533 520 154 366 36 143 127 24 103 75 330 28 82 70 34 248 226 59 43 183 44 162 30 41
internal_count=545 533 520 154 366 36 143 127 24 103 75 330 28 82 70 34 248 226 59 43 183 44 162 30 41
is_linear=0
shrinkage=0.0529975


Tree=209
num_leaves=13
num_cat=0
split_feature=39 38 29 30 29 30 12 29 29 8 25 29
split_gain=0.341435 0.232973 0.0932564 0.0678911 0.188769 0.0621856 0.0844487 0.0439323 0.0316933 0.0254827 0.0286036 0.0237785
threshold=-1.1558530955085182 -0.85777646155359866 0.99250610888350865 1.0684567549518114 -0.42378981793710108 0.81566411525288152 -0.11053493361282382 -0.56515616405898617 0.7731741465887918 2.023231164866321 -1.2412826634859453 -0.89685283675921912
decision_type=2 2 2 2 2 2 2 2 2 2 2 2
left_child=-1 -2 3 5 -5 8 -7 -8 9 10 -3 -12
right_child=1 2 -4 4 -6 6 7 -9 -10 -11 11 -13
leaf_value=-0.0071934652061600235 0.005568696510446525 -0.0018265892345563312 -0.0037499352179720326 0.0050205860506623064 -0.0020298141984627254 0.00095791606822114017 -0.00013537766716706292 -0.0051793251769173456 0.0022685243639185225 0.001888379726616835 -0.0018057032382887857 0.00015345250510751326
leaf_weight=11.999999999999998 15.999999999999998 18 11.999999999999998 20 11.999999999999998 11.999999999999998 10.999999999999998 13.000000000000002 12.999999999999998 13.999999999999998 11.999999999999998 380
leaf_count=12 16 18 12 20 12 12 11 13 13 14 12 380
internal_value=-2.79881e-07 0.000226936 0 0.000131726 0.00228977 -2.6528e-05 -0.00198709 -0.00358957 0.000143927 3.18154e-05 -4.10956e-05 4.96268e-05
internal_weight=545 533 517 505 32 473 36 24 437 424 410 392
internal_count=545 533 517 505 32 473 36 24 437 424 410 392
is_linear=0
shrinkage=0.0529975


Tree=210
num_leaves=19
num_cat=0
split_feature=19 38 39 29 30 30 39 36 29 17 8 8 36 6 53 3 5 7
split_gain=0.34419 0.0998581 0.0721283 0.0984379 0.337169 0.145435 0.115755 0.104851 0.0963841 0.0370297 0.033383 0.0358719 0.0296602 0.0393329 0.0180947 0.0165753 0.0150254 0.00690325
threshold=1.0782546332626139 -0.68690109666846921 -1.1512768679247249 0.11881274814264779 0.59757875010197681 1.0555148531397263 -0.38841790629953959 -1.2167630007937162 0.69848664362485546 -1.4430991583872543 1.1846244970882689 0.66579977688026848 -0.61767878607499205 -0.35546998807432423 -0.36007183007885429 -0.50682752517265783 -0.94748034014520965 -1.296946351158075
decision_type=2 2 2 2 2 2 2 2 2 2 2 2 2 2 2 2 2 2
left_child=1 -1 -3 5 7 9 -7 -5 12 -4 11 14 15 -14 -11 -9 -13 -12
right_child=-2 2 3 4 -6 6 -8 8 -10 10 17 16 13 -15 -16 -17 -18 -19
leaf_value=0.0042731752765573245 -0.0062247670283335716 0.0035120990519965046 -0.0022681033865602708 -0.0034695697895160338 -0.0066188016343855689 0.0062286426937162949 0 -8.4824343566791986e-05 0.0033926398110621253 0.00087336403328593961 0.0027123613625276736 0 6.4953748712834325e-05 -0.0023315248610826416 0 0.0018344914554518997 -0.002605777778227751 8.7009242594171741e-05
leaf_weight=10.999999999999998 18 10.999999999999998 10.999999999999998 14.999999999999998 20 15.000000000000002 14.999999999999998 12.000000000000002 21 89 12.000000000000002 17.000000000000004 41 23 172 19 11.999999999999998 10.999999999999998
leaf_count=11 18 11 11 15 20 15 15 12 21 89 12 17 41 23 172 19 12 11
internal_value=-3.76179e-06 0.000263256 0.000116287 0 -0.00110543 0.000484885 0.00368744 0 0.000584976 0.00010557 0.000251952 5.44297e-05 -0.000131088 -0.000822451 0.000284671 0.00100941 -0.00151189 0.00197529
internal_weight=545 527 516 505 151 354 30 131 116 324 313 290 95 64 261 31 29 23
internal_count=545 527 516 505 151 354 30 131 116 324 313 290 95 64 261 31 29 23
is_linear=0
shrinkage=0.0529975


end of trees

feature_importances:
Column_29=812
Column_37=567
Column_19=500
Column_30=255
Column_39=235
Column_13=179
Column_9=114
Column_3=96
Column_6=87
Column_8=86
Column_45=81
Column_5=76
Column_38=72
Column_31=67
Column_7=62
Column_10=62
Column_25=57
Column_1=48
Column_27=45
Column_2=43
Column_47=42
Column_26=40
Column_12=39
Column_35=36
Column_36=31
Column_28=30
Column_17=29
Column_34=26
Column_44=25
Column_53=24
Column_15=23
Column_16=22
Column_14=19
Column_0=18
Column_4=16
Column_46=15
Column_32=11
Column_24=7
Column_52=7
Column_18=6
Column_33=6
Column_23=5
Column_43=5
Column_48=5
Column_11=4
Column_21=4
Column_51=4
Column_49=3
Column_22=2
Column_20=1

parameters:
[boosting: gbdt]
[objective: regression]
[metric: rmse]
[tree_learner: serial]
[device_type: cpu]
[data_sample_strategy: bagging]
[data: ]
[valid: ]
[num_iterations: 1000]
[learning_rate: 0.0529975]
[num_leaves: 126]
[num_threads: 0]
[seed: 456]
[deterministic: 0]
[force_col_wise: 0]
[force_row_wise: 0]
[histogram_pool_size: -1]
[max_depth: 9]
[min_data_in_leaf: 11]
[min_sum_hessian_in_leaf: 0.001]
[bagging_fraction: 0.99809]
[pos_bagging_fraction: 1]
[neg_bagging_fraction: 1]
[bagging_freq: 0]
[bagging_seed: 26560]
[bagging_by_query: 0]
[feature_fraction: 0.925341]
[feature_fraction_bynode: 1]
[feature_fraction_seed: 30796]
[extra_trees: 0]
[extra_seed: 146]
[early_stopping_round: 0]
[early_stopping_min_delta: 0]
[first_metric_only: 0]
[max_delta_step: 0]
[lambda_l1: 0.131792]
[lambda_l2: 5.99641]
[linear_lambda: 0]
[min_gain_to_split: 0]
[drop_rate: 0.1]
[max_drop: 50]
[skip_drop: 0.5]
[xgboost_dart_mode: 0]
[uniform_drop: 0]
[drop_seed: 8068]
[top_rate: 0.2]
[other_rate: 0.1]
[min_data_per_group: 100]
[max_cat_threshold: 32]
[cat_l2: 10]
[cat_smooth: 10]
[max_cat_to_onehot: 4]
[top_k: 20]
[monotone_constraints: ]
[monotone_constraints_method: basic]
[monotone_penalty: 0]
[feature_contri: ]
[forcedsplits_filename: ]
[refit_decay_rate: 0.9]
[cegb_tradeoff: 1]
[cegb_penalty_split: 0]
[cegb_penalty_feature_lazy: ]
[cegb_penalty_feature_coupled: ]
[path_smooth: 0]
[interaction_constraints: ]
[verbosity: -1]
[saved_feature_importance_type: 0]
[use_quantized_grad: 0]
[num_grad_quant_bins: 4]
[quant_train_renew_leaf: 0]
[stochastic_rounding: 1]
[linear_tree: 0]
[max_bin: 255]
[max_bin_by_feature: ]
[min_data_in_bin: 3]
[bin_construct_sample_cnt: 200000]
[data_random_seed: 1527]
[is_enable_sparse: 1]
[enable_bundle: 1]
[use_missing: 1]
[zero_as_missing: 0]
[feature_pre_filter: 1]
[pre_partition: 0]
[two_round: 0]
[header: 0]
[label_column: ]
[weight_column: ]
[group_column: ]
[ignore_column: ]
[categorical_feature: ]
[forcedbins_filename: ]
[precise_float_parser: 0]
[parser_config_file: ]
[objective_seed: 26477]
[num_class: 1]
[is_unbalance: 0]
[scale_pos_weight: 1]
[sigmoid: 1]
[boost_from_average: 1]
[reg_sqrt: 0]
[alpha: 0.9]
[fair_c: 1]
[poisson_max_delta_step: 0.7]
[tweedie_variance_power: 1.5]
[lambdarank_truncation_level: 30]
[lambdarank_norm: 1]
[label_gain: ]
[lambdarank_position_bias_regularization: 0]
[eval_at: ]
[multi_error_top_k: 1]
[auc_mu_weights: ]
[num_machines: 1]
[local_listen_port: 12400]
[time_out: 120]
[machine_list_filename: ]
[machines: ]
[gpu_platform_id: -1]
[gpu_device_id: -1]
[gpu_use_dp: 0]
[num_gpu: 1]

end of parameters

pandas_categorical:null
