tree
version=v4
num_class=1
num_tree_per_iteration=1
label_index=0
max_feature_idx=53
objective=regression
feature_names=Column_0 Column_1 Column_2 Column_3 Column_4 Column_5 Column_6 Column_7 Column_8 Column_9 Column_10 Column_11 Column_12 Column_13 Column_14 Column_15 Column_16 Column_17 Column_18 Column_19 Column_20 Column_21 Column_22 Column_23 Column_24 Column_25 Column_26 Column_27 Column_28 Column_29 Column_30 Column_31 Column_32 Column_33 Column_34 Column_35 Column_36 Column_37 Column_38 Column_39 Column_40 Column_41 Column_42 Column_43 Column_44 Column_45 Column_46 Column_47 Column_48 Column_49 Column_50 Column_51 Column_52 Column_53
feature_infos=[-2.3860614442315784:2.2241517345110151] [-2.7471174400941529:3.0162737457046975] [-2.3388262167655554:2.3682540554418452] [-2.9913287778074964:5.4497228503153083] [-2.3979368466202819:2.2185354539968141] [-4.3479117513954924:2.4122349837747081] [-3.0896286397862602:2.5388632494671182] [-3.4520855958974139:2.8707873799985273] [-1.8385573390688419:5.8473620258965502] [-3.2694646109543357:2.6529039104727006] [-2.8263445368379383:2.3476012157692288] [-1.8385573390688419:5.8473620258965502] [-2.6563759516088141:3.0292207508517799] [-6.2854712054210768:5.8016188703625646] [-1.8734667108427325:2.1028068041907839] [-1.4706683784168755:5.8579702714542918] [-1.4236382869424618:6.5987378972508353] [-1.8629031587281213:2.5095305597150408] [-1.6309030514807239:3.23711311537404] [-1.8325097201601672:11.884285172726242] [-2.386061444231582:2.224151734511012] [-2.7471174400941534:3.0162737457046975] [-2.3388262167655549:2.3682540554418421] [-2.9913287778075062:5.449722850315303] [-2.3736022445566456:2.2262331816951049] [-1.8652415475283:2.3786032230001952] [-3.6035419535495192:2.7565077153535937] [-1.8325097201601774:11.884285172726228] [-1.8321177536900404:11.883510524330287] [-2.1693052153364474:10.074331732664341] [-7.9977700562127723:2.9195450420513973] [-3.5155345318938003:2.7411597883815264] [-1.865241547528302:2.3786032230001921] [-1.590190129462759:2.598665431376189] [-1.8361820104131108:2.6942700687227594] [-2.2822075105070931:2.337184013125158] [-1.7318634470939274:4.9868380263870895] [-0.82303512142318946:2.1126384155728335] [-13.249702630323796:0.32976043829663121] [-1.4909311853317471:3.1213095313064838] none [-3.6526846651685991:0.27377123723157154] [-4.2181872229994228:0.23706866175771926] [-1.1065666703449777:0.90369611411506501] [-1.5084483881382889:1.4434524073208403] [-1.5604059701819188:1.8462755109870455] [-2.612815015755678:0.94310462543735052] [-2.5097652257917598:1.0439242520932099] [-0.49713135899949407:2.0115407766923972] [-0.49713135899949473:2.0115407766923998] [-0.49713135899949434:2.0115407766923981] [-0.51429676266996505:1.944402672901359] [-0.49425928159511995:2.0232295826043223] [-1.424660333114889:1.41424234164787]
tree_sizes=1076 1311 1130 1398 1238 1372 1283 1487 1361 1377 1469 1467 1575 1604 1608 1379 1482 1864 2106 1783 1961 1753 1841 1899 2061 1578 2028 1582 1583 1911 1685 1926 2203 2103 2257 2114 2065 1951 2099 1914 2437 2164 2023 2148 2108 2436 2362 2220 2215 2317 2256 2331 2315 2739 2451 2325 2538 2658 2160 2640 2551 2392 2222 2710 2545 2993 2798 3092 2843 3137 2564 2667 2691 2229 2844 2771 2969 3136 3192 2851 2822 2907 3315 3370 3246 3129 3111 3338 2143 2904 1797 2120 1793 2005 2749 2153 2366 1901 2221 2495 1794 2782 2135 2266 2859 2237 1613 2294 1961 2400 2442 2097 1916 2033 2084 1853 1918 1814 1596 1871 1986 1465 1623 2235 1526 1852 2481 1512 1631 3134 1613 3023 1834 2403 1652 1573 3347 1748 2125 2802 1842 1545 1957 1824 1331 2844 1893 1332 2094 3066 1463 1775 2485 1336 1386 2582 2261 1727 2252 1525 2854 2025 1620 1757 2582 2563 1890 2860 1525 3041 1448 1608 2800 2460 1395 2032 1601 2948 1241 1668 2525 1903 1559 1809 2889 1387 1430 2179 1357 1882 1807 1371 1886 1990 1350 1307 2457 1906 3448 1580 2160 1720 1695 1641 1730 1587 1596 2006 2678 3094 1786 1412 1540 1749 2194 1591 2479 1304 2039 2683 1620 1884 2316 2428 2382 2092 1302 1517 2947 2427 2218 1224 2577 1729 1445 2526 1328 1747 1767 2096 2336 2042 1464 2113 1919 1721 1537 2204 1504 2585 1208 2043 2071 1369 2411 1864 2019 2070 1451 1715 1923 1358 1884 1695 1337 2099 3135 1229 1799 1916 1828

Tree=0
num_leaves=11
num_cat=0
split_feature=37 37 29 37 37 29 47 37 53 37
split_gain=6559.52 887.018 269.736 86.6293 79.4932 45.2434 20.9797 10.9632 8.68986 4.63815
threshold=-0.68463908325052059 0.77900386590892634 0.34963447586933422 -0.068147640481356228 -0.81674439241534058 -0.31953540702733996 0.66068322996836037 1.3346849282688862 -1.069797498769544 -0.44978520029083774
decision_type=2 2 2 2 2 2 2 2 2 2
left_child=2 3 4 9 5 -1 8 -3 -7 -2
right_child=1 7 -4 -5 -6 6 -8 -9 -10 -11
leaf_value=85.405102418935627 85.487802001087729 85.667837172291499 85.22291332819448 85.594995231311984 85.471152512111303 85.402401365202195 85.416132557396836 85.788750414652384 85.29127544333943 85.520422707315063
leaf_weight=37 22 44 102 100 13.999999999999998 14.999999999999998 14.999999999999998 84 78 34
leaf_count=37 22 44 102 100 14 15 15 84 78 34
internal_value=85.482 85.6565 85.2924 85.5665 85.3449 85.3336 85.3146 85.7574 85.3032 85.5095
internal_weight=545 284 261 156 159 145 108 128 93 56
internal_count=545 284 261 156 159 145 108 128 93 56
is_linear=0
shrinkage=1


Tree=1
num_leaves=13
num_cat=0
split_feature=37 37 29 30 37 37 29 30 37 37 30 37
split_gain=5935.24 803.066 240.899 82.6368 78.2246 71.9673 40.7449 97.9769 8.717 5.74449 1.3109 0.224329
threshold=-0.68463908325052059 0.77900386590892634 0.34963447586933422 -0.051831333479093196 -0.017821808418565357 -0.81674439241534058 -0.31953540702733996 0.69640676084656972 1.382913850662393 -0.40155627789733084 -0.1688947899045288 -0.56511523210139514
decision_type=2 2 2 2 2 2 2 2 2 2 2 2
left_child=2 4 5 -4 9 6 -1 10 -3 11 -8 -2
right_child=1 8 3 -5 -6 -7 7 -9 -10 -11 -12 -13
leaf_value=-0.073373121474918937 0.00066135027535153747 0.18039083870804859 -0.16663778973791948 -0.30958149851573985 0.10977694646253491 -0.010427392917281042 -0.04570463835362356 -0.24778831583813757 0.29358745259868774 0.041853187930312404 -0.12125898623894103 0.01098912041039218
leaf_weight=37 12.000000000000002 47 55 47 94 13.999999999999998 10.999999999999998 27 81 37 70 12.999999999999998
leaf_count=37 12 47 55 47 94 14 11 27 81 37 70 13
internal_value=-7.03918e-06 0.16598 -0.180319 -0.246101 0.0803626 -0.130666 -0.141354 -0.159498 0.262008 0.0299157 -0.114936 0.00734409
internal_weight=545 284 261 102 156 159 145 108 128 62 81 25
internal_count=545 284 261 102 156 159 145 108 128 62 81 25
is_linear=0
shrinkage=0.0529975


Tree=2
num_leaves=11
num_cat=0
split_feature=37 37 29 37 13 37 29 37 37 37
split_gain=5386.41 821.702 189.952 83.8248 34.6193 31.807 12.4518 4.44156 3.64968 0.286974
threshold=-0.78948456671466416 0.67415838244478266 0.17116908538165884 -0.18557458196119755 -0.28132988415772758 1.2738745478596842 -0.31953540702733996 -0.52737085805430506 0.11847732008481973 -0.63011943184916475
decision_type=2 2 2 2 2 2 2 2 2 2
left_child=2 3 6 7 -4 -3 -1 9 -5 -2
right_child=1 5 4 8 -6 -7 -8 -9 -10 -11
leaf_value=-0.070026845222772346 -0.006202034327387149 0.16414937170551236 -0.081188204516206952 0.057479771096469193 -0.23430671060413544 0.27557868919320394 -0.13427217291708418 0.025003856777156927 0.10574502842378761 0.002814339176411519
leaf_weight=37 16.000000000000004 50 12.999999999999998 35 124 87 74 31 66 11.999999999999998
leaf_count=37 16 50 13 35 124 87 74 31 66 12
internal_value=-0.000201329 0.150683 -0.180217 0.0652001 -0.22384 0.243549 -0.117603 0.0129127 0.0932434 -0.00231759
internal_weight=545 297 248 160 137 137 111 59 101 28
internal_count=545 297 248 160 137 137 111 59 101 28
is_linear=0
shrinkage=0.0529975


Tree=3
num_leaves=14
num_cat=0
split_feature=37 37 29 37 30 29 30 37 17 37 37 17 37
split_gain=4871.22 742.532 171.353 80.1908 46.5382 65.0122 35.717 21.6356 18.4267 5.19378 2.45842 1.39216 0.381715
threshold=-0.78948456671466416 0.71819348549972462 0.41037723249571229 -0.14783020791410453 0.12619616011821214 -0.30060901107959576 0.007903202474750343 1.4563056890872954 1.4413317934239942 -0.49382030334577687 0.15412478446262895 -0.43258160506111371 -0.63011943184916475
decision_type=2 2 2 2 2 2 2 2 2 2 2 2 2
left_child=2 3 4 9 11 -6 -4 -3 -7 12 -5 -1 -2
right_child=1 7 6 10 5 8 -8 -9 -10 -11 -12 -13 -14
leaf_value=-0.073496187770805937 -0.0059629463127839491 0.16463333261692265 -0.16657946423045275 0.058545946097014932 -0.071430160756769084 -0.18698810121090695 -0.29473306587914205 0.26747262109432735 -0.062620713015171747 0.027731313682457254 0.10452603675576559 -0.027517841567532012 0.0039894104772265548
leaf_weight=25 16.000000000000004 56 55 37 38 68 36 78 11.999999999999998 32 63 13.999999999999998 14.999999999999998
leaf_count=25 16 56 55 37 38 68 36 78 12 32 63 14 15
internal_value=-0.000128884 0.143358 -0.171321 0.0636075 -0.128606 -0.146134 -0.232436 0.233437 -0.174081 0.0145847 0.0918538 -0.063013 -0.00109242
internal_weight=545 297 248 163 157 118 91 134 80 63 100 39 31
internal_count=545 297 248 163 157 118 91 134 80 63 100 39 31
is_linear=0
shrinkage=0.0529975


Tree=4
num_leaves=12
num_cat=0
split_feature=43 39 29 39 13 47 29 39 16 16 39
split_gain=4421.8 679.836 146.39 78.0055 27.7011 16.9724 10.9595 3.122 0.922983 0.181059 0.106527
threshold=1.0000000180025095e-35 0.77466986113471048 0.17116908538165884 -0.043054272318594086 -0.28132988415772758 0.31228230076395158 -0.34583423269224073 -0.4449525141229505 -0.2297321685622519 1.0000000180025095e-35 0.17534746249790709
decision_type=2 2 2 2 2 2 2 2 2 2 2
left_child=2 3 5 7 -4 6 -1 9 -9 -2 -5
right_child=1 -3 4 10 -6 -7 -8 8 -10 -11 -12
leaf_value=-0.065014858473142506 -0.00094528181728624776 0.22626644103049323 -0.074216368826572537 0.055368115726683556 -0.21288998523417502 -0.037274912188361604 -0.13401107581745503 0.010488652647568096 0.033029883793674004 0.0062065375678400283 0.1001732134253025
leaf_weight=29 13.000000000000002 126 12.999999999999998 29 124 15.999999999999998 63 17 24 15.999999999999998 75
leaf_count=29 13 126 13 29 124 16 63 17 24 16 75
internal_value=-0.000274085 0.134956 -0.165159 0.0634616 -0.203444 -0.108385 -0.117643 0.0178631 0.0263629 0.00318832 0.0914424
internal_weight=545 300 245 174 137 108 92 70 41 29 104
internal_count=545 300 245 174 137 108 92 70 41 29 104
is_linear=0
shrinkage=0.0529975


Tree=5
num_leaves=14
num_cat=0
split_feature=43 39 29 39 30 29 30 29 30 39 39 16 16
split_gain=3996.86 611.13 134.192 66.7362 44.5697 91.7205 42.6112 9.2028 14.4462 6.44432 2.86427 0.832625 0.168071
threshold=1.0000000180025095e-35 0.72950688001970898 0.41037723249571229 -0.043054272318594086 0.69640676084656972 -0.31953540702733996 0.007903202474750343 -0.19322199846525803 -0.017993314836550849 1.4493800370583283 -0.4449525141229505 -0.2297321685622519 1.0000000180025095e-35
decision_type=2 2 2 2 2 2 2 2 2 2 2 2 2
left_child=2 3 4 10 7 -6 -4 -1 -9 -3 12 -12 -2
right_child=1 9 6 -5 5 -7 -8 8 -10 -11 11 -13 -14
leaf_value=-0.034426541926348975 -0.00091099798816418143 0.15634293003726912 -0.14892753845774134 0.085631666692940228 -0.065056503565668528 -0.21975106096875516 -0.2716715914768868 -0.041014321911809447 -0.10990491358018251 0.24592055704897228 0.010077726103308015 0.031629314271148061 0.0059672757586005992
leaf_weight=18 13.000000000000002 60 55 101 26 29 36 22 59 69 17 24 15.999999999999998
leaf_count=18 13 60 55 101 26 29 36 22 59 69 17 24 16
internal_value=-0.000312422 0.128256 -0.157074 0.0591578 -0.118239 -0.160322 -0.211351 -0.0869721 -0.0953909 0.213104 0.0171252 0.0252679 0.00305655
internal_weight=545 300 245 171 154 55 91 99 81 129 70 41 29
internal_count=545 300 245 171 154 55 91 99 81 129 70 41 29
is_linear=0
shrinkage=0.0529975


Tree=6
num_leaves=13
num_cat=0
split_feature=37 37 29 30 19 37 19 29 37 29 37 37
split_gain=3630.25 490.088 153.018 81.5533 61.1014 54.4454 32.1863 55.4433 6.0749 4.99539 2.10398 0.265763
threshold=-0.68463908325052059 0.87755862036522103 0.34963447586933422 0.075737815779329185 -0.95772725582126561 0.074442217029880728 1.0000000180025095e-35 -0.020202083740976092 -0.36590881351952459 -0.30060901107959576 1.5213098888350618 -0.56511523210139514
decision_type=2 2 2 2 2 2 2 2 2 2 2 2
left_child=2 5 4 -4 -1 8 7 9 11 -6 -3 -2
right_child=1 10 3 -5 6 -7 -8 -9 -10 -11 -12 -13
leaf_value=-0.19461073640316037 0 0.1450932049081364 -0.13493905377804025 -0.2638543563916278 -0.033943355000382383 0.092614160150798527 -0.018708121797097479 -0.1382547143885631 0.039122954503793161 -0.073537986422145277 0.23412228506171265 0.010031330362219572
leaf_weight=15.999999999999998 12.000000000000002 48 65 37 37 87 22 48 47 36 74 15.999999999999998
leaf_count=16 12 48 65 37 37 87 22 48 47 36 74 16
internal_value=-0.00050192 0.129315 -0.141517 -0.193821 -0.102096 0.0650219 -0.0842822 -0.0947035 0.0284418 -0.0576578 0.207587 0.00656896
internal_weight=545 284 261 102 159 162 143 121 75 73 122 28
internal_count=545 284 261 102 159 162 143 121 75 73 122 28
is_linear=0
shrinkage=0.0529975


Tree=7
num_leaves=15
num_cat=0
split_feature=37 37 29 19 29 37 19 37 29 19 37 37 19 37
split_gain=3302.67 517.582 111.252 89.8219 75.0509 48.4239 46.719 34.153 10.853 25.1379 2.96579 0.725153 0.289387 0.171343
threshold=-0.81674439241534058 0.62592946005127559 0.17116908538165884 -0.26555031205959151 0.69848664362485546 -0.18557458196119755 -0.95772725582126561 1.4563056890872954 -0.30060901107959576 -0.27139899128830619 -0.52737085805430506 0.10170204273055711 -0.61139804268437181 -0.63011943184916475
decision_type=2 2 2 2 2 2 2 2 2 2 2 2 2 2
left_child=2 5 6 -4 -5 10 -1 -3 12 -10 13 -7 -8 -2
right_child=1 7 3 4 -6 11 8 -9 9 -11 -12 -13 -14 -15
leaf_value=-0.17369424658629298 -0.0051498410958215951 0.13210693499977302 -0.26676268254118873 -0.086253547229728014 -0.19080389837358286 0.042915940416192094 -0.041727618952809055 0.22050828332907951 -0.1095555234180025 -0.029726450592000395 0.019138833814308833 0.078114239610284242 -0.015107208031692786 0.0016389710425563126
leaf_weight=14.999999999999998 19.000000000000004 65 29 61 47 32 19 78 38 23 31 63 12.999999999999998 11.999999999999998
leaf_count=15 19 65 29 61 47 32 19 78 38 23 31 63 13 12
internal_value=-0.000670025 0.116204 -0.143166 -0.17651 -0.139457 0.046891 -0.0937479 0.187307 -0.0710429 -0.0849149 0.00895395 0.0695791 -0.0351877 -0.00249341
internal_weight=545 300 245 137 108 157 108 143 93 61 62 95 32 31
internal_count=545 300 245 137 108 157 108 143 93 61 62 95 32 31
is_linear=0
shrinkage=0.0529975


Tree=8
num_leaves=14
num_cat=0
split_feature=37 37 29 27 29 27 37 37 27 29 37 37 37
split_gain=3002.53 467.731 102.455 58.9741 87.892 49.7671 45.0038 36.27 19.3916 18.4915 1.8256 0.586238 0.0768812
threshold=-0.81674439241534058 0.55463453129565721 0.41037723249571229 -0.59205840559473943 -0.31953540702733996 0.11233129413785485 1.5988955465985291 -0.30090461377175504 0.044058632693216825 -0.19322199846525803 -0.56511523210139514 -0.087019827504899783 -0.68463908325052059
decision_type=2 2 2 2 2 2 2 2 2 2 2 2 2
left_child=2 7 3 4 -1 -4 -3 10 9 -5 12 -9 -2
right_child=1 6 5 8 -6 -7 -8 11 -10 -11 -12 -13 -14
leaf_value=-0.060026256863483701 -0.0050557280256223842 0.12877705734916103 -0.2419537221577229 -0.02215164960562966 -0.20952798861839803 -0.12612353686051483 0.21532010469253368 0.025329633925188114 -0.016174114324521472 -0.094555246583973074 0.014380248824588404 0.063833815644265976 0
leaf_weight=27 16.000000000000004 84 36 17 27 55 68 12.999999999999998 19 64 28 79 11.999999999999998
leaf_count=27 16 84 36 17 27 55 68 13 19 64 28 79 12
internal_value=-0.000880612 0.110559 -0.136746 -0.102843 -0.148364 -0.184143 0.17424 0.0408722 -0.071193 -0.082014 0.00602276 0.0603471 -0.0031916
internal_weight=545 300 245 154 54 91 152 148 100 81 56 92 28
internal_count=545 300 245 154 54 91 152 148 100 81 56 92 28
is_linear=0
shrinkage=0.0529975


Tree=9
num_leaves=14
num_cat=0
split_feature=37 37 29 19 29 37 37 19 29 29 37 37 37
split_gain=2726.12 424.217 98.6224 55.0785 103 41.6896 24.7619 18.4618 38.744 3.5761 2.51005 1.91605 0.144765
threshold=-0.81674439241534058 0.6531892857519549 0.67528232375896413 -0.592058405594727 -0.31953540702733996 -0.18557458196119755 1.5988955465985291 0.18531090310476403 0.17446000710872947 -0.27712259344990625 -0.52737085805430506 0.20235370685613588 -0.63011943184916475
decision_type=2 2 2 2 2 2 2 2 2 2 2 2 2
left_child=2 5 3 4 -1 10 -3 8 9 -5 12 -7 -2
right_child=1 6 -4 7 -6 11 -8 -9 -10 -11 -12 -13 -14
leaf_value=-0.05742314025521443 -0.0047708786341397911 0.12534415853707268 -0.19620405727170354 -0.014434860568192697 -0.21319930587149546 0.043570305823174324 0.20483341835776503 -0.019697791117990759 -0.12075647756857343 -0.05740138332281839 0.017556220884280632 0.076368568695489358 0.0014540069906271013
leaf_weight=27 19.000000000000004 72 55 11.999999999999998 30 47 68 17 54 50 31 51 11.999999999999998
leaf_count=27 19 72 55 12 30 47 68 17 54 50 31 51 12
internal_value=-0.00102416 0.105163 -0.130483 -0.106002 -0.152011 0.0435684 0.170828 -0.0805268 -0.0879778 -0.0511943 0.00818321 0.0641252 -0.00232734
internal_weight=545 300 245 190 57 160 140 133 116 62 62 98 31
internal_count=545 300 245 190 57 160 140 133 116 62 62 98 31
is_linear=0
shrinkage=0.0529975


Tree=10
num_leaves=15
num_cat=0
split_feature=37 37 29 19 29 37 37 29 19 30 37 37 29 37
split_gain=2474.62 383.78 88.6118 54.2755 108.462 44.3878 13.4622 9.87378 16.5513 6.08892 3.40135 2.58199 2.21236 0.341143
threshold=-0.81674439241534058 0.73916258219255215 0.67528232375896413 -0.27139899128830619 -0.10741717961323992 -0.087019827504899783 1.7603575911333127 0.17116908538165884 0.18531090310476403 -0.72758761312421016 -0.44978520029083774 0.2275166228875313 -0.6328658389832057 -0.60495651581777243
decision_type=2 2 2 2 2 2 2 2 2 2 2 2 2 2
left_child=2 5 3 4 12 10 -3 -5 -9 -4 13 -7 -1 -2
right_child=1 6 9 7 -6 11 -8 8 -10 -11 -12 -13 -14 -15
leaf_value=-0.0248931456746413 -0.0043736607820654781 0.12943215963675014 -0.087124321548658359 -0.022805207304842923 -0.18614513049910655 0.04320144618410944 0.20587989260399062 -0.088967735365578532 -0.018926067510349441 -0.20783258810438521 0.02192344290170533 0.077843862798656766 -0.075913212619457882 0.0044222049746371807
leaf_weight=10.999999999999998 22 81 14.999999999999998 23 46 43 50 42 17 40 31 57 51 15.999999999999998
leaf_count=11 22 81 15 23 46 43 50 42 17 40 31 57 51 16
internal_value=-0.00109442 0.100077 -0.124437 -0.101177 -0.126695 0.0446894 0.166396 -0.0611457 -0.0725017 -0.186828 0.0104794 0.0663002 -0.0699575 -0.000413432
internal_weight=545 300 245 190 108 169 131 82 59 55 69 100 62 38
internal_count=545 300 245 190 108 169 131 82 59 55 69 100 62 38
is_linear=0
shrinkage=0.0529975


Tree=11
num_leaves=15
num_cat=0
split_feature=37 37 29 19 19 29 37 19 29 37 37 37 29 37
split_gain=2248.89 347.87 81.5952 53.3602 50.6695 62.859 46.5 19.0106 23.2714 4.14855 3.40297 3.35412 2.85556 0.314395
threshold=-0.81674439241534058 0.87755862036522103 0.42990594242352781 0.12123585939265195 -0.68361382853397312 -0.54213609959460229 -0.04088781478067683 0.036099156447675855 0.025471194833478934 -0.44978520029083774 1.8001988748496838 0.29252082263530083 -0.35880181257487692 -0.60495651581777243
decision_type=2 2 2 2 2 2 2 2 2 2 2 2 2 2
left_child=2 6 4 -4 5 -1 9 8 12 13 -3 -8 -6 -2
right_child=1 10 3 -5 7 -7 11 -9 -10 -11 -12 -13 -14 -15
leaf_value=-0.029599292643817131 -0.0041915141981069687 0.12686097136719143 -0.21922600622927335 -0.1074507021177388 -0.011292074761652086 -0.17923457862726846 0.044840422842804442 -0.014140356559020887 -0.10341113644750498 0.023415922884813888 0.1981345849342438 0.080499213550613527 -0.049029722479043913 0.0042517292567793991
leaf_weight=13.999999999999998 22 75 34 54 11.999999999999998 28 47 21 43 37 47 56 39 15.999999999999998
leaf_count=14 22 75 34 54 12 28 47 21 43 37 47 56 39 16
internal_value=-0.00117289 0.0952745 -0.118754 -0.161941 -0.0894377 -0.139431 0.0454573 -0.0651164 -0.0749039 0.012136 0.162369 0.0676539 -0.042395 -0.000382757
internal_weight=545 300 245 88 157 42 178 115 94 75 122 103 51 38
internal_count=545 300 245 88 157 42 178 115 94 75 122 103 51 38
is_linear=0
shrinkage=0.0529975


Tree=12
num_leaves=16
num_cat=0
split_feature=37 37 29 37 19 29 29 28 19 37 37 19 29 37 37
split_gain=2045.01 316.283 78.2044 50.9059 50.403 85.0316 14.5108 35.4029 9.41544 5.34925 3.69471 3.65164 5.54645 0.289744 0.030853
threshold=-0.81674439241534058 0.99708247151434348 0.67528232375896413 0.022019475297808743 -0.592058405594727 -0.31953540702733996 0.17446000710872947 0.14638654743062807 0.33105089177526276 -0.44978520029083774 0.34913738370593445 -0.15395302483745629 -0.26151545470841348 -0.60495651581777243 -0.32397062013386352
decision_type=2 2 2 2 2 2 2 2 2 2 2 2 2 2 2
left_child=2 3 4 9 5 -1 11 -8 -4 13 -5 12 -6 -2 -11
right_child=1 -3 8 10 6 -7 7 -9 -10 14 -12 -13 -14 -15 -16
leaf_value=-0.04963146519283626 -0.0040169534199803302 0.16072175452783896 -0.21172744063774435 0.044638959919765304 -0.011281552752287202 -0.19016266310239827 -0.10977300909258307 -0.023167710886652638 -0.1052866653942694 0.010548490530850158 0.081800914507887734 -0.010322816153902913 -0.058316813886857277 0.0040878253825307508 0.028325308759675972
leaf_weight=27 22 109 26 42 12.999999999999998 30 48 23 29 11.999999999999998 65 12.999999999999998 36 15.999999999999998 34
leaf_count=27 22 109 26 42 13 30 48 23 29 12 65 13 36 16 34
internal_value=-0.00125025 0.0907221 -0.113374 0.047063 -0.0917536 -0.134767 -0.0682505 -0.0857977 -0.171586 0.0145249 0.0704187 -0.0422592 -0.0485557 -0.000353623 0.0255735
internal_weight=545 300 245 191 190 57 133 71 55 84 107 62 49 38 46
internal_count=545 300 245 191 190 57 133 71 55 84 107 62 49 38 46
is_linear=0
shrinkage=0.0529975


Tree=13
num_leaves=16
num_cat=0
split_feature=37 37 29 28 29 37 37 29 28 30 19 29 37 19 37
split_gain=1859.31 285.497 74.2154 46.0346 85.33 35.761 20.7338 18.8238 37.4866 15.3987 2.78214 4.00259 1.12658 0.681973 0.0537364
threshold=-0.81674439241534058 0.53366543460282967 0.7731741465887918 -0.57634309484549606 -0.31953540702733996 1.204676528773347 -0.30090461377175504 0.17446000710872947 0.14638654743062807 -0.72758761312421016 -0.15395302483745629 -0.26151545470841348 -0.56511523210139514 0.33746938443185265 -0.68463908325052059
decision_type=2 2 2 2 2 2 2 2 2 2 2 2 2 2 2
left_child=2 6 3 4 -1 -3 12 10 -9 -4 11 -5 14 -10 -2
right_child=1 5 9 7 -6 -7 -8 8 13 -11 -12 -13 -14 -15 -16
leaf_value=-0.046684402906859199 -0.0041918727792237881 0.087590605356032594 -0.070230252058020068 -0.010339570299336737 -0.18234234729860233 0.15936746870397198 0.045886711947454459 -0.10906401422151953 -0.033068918218006407 -0.19910029197276566 -0.0099484248259719861 -0.0527760937692522 0.011128080871575836 -0.0084982863059928516 0
leaf_weight=28 16.000000000000004 62 12.999999999999998 11.999999999999998 33 93 89 54 17.000000000000004 30 12.999999999999998 34 28 10.999999999999998 11.999999999999998
leaf_count=28 16 62 13 12 33 93 89 54 17 30 13 34 28 11 12
internal_value=-0.00144184 0.0862576 -0.108352 -0.0898139 -0.129929 0.135032 0.0307815 -0.0678193 -0.0848026 -0.173645 -0.0384619 -0.0443091 0.00454602 -0.0268232 -0.00263243
internal_weight=545 300 245 202 61 155 145 141 82 43 59 46 56 28 28
internal_count=545 300 245 202 61 155 145 141 82 43 59 46 56 28 28
is_linear=0
shrinkage=0.0529975


Tree=14
num_leaves=16
num_cat=0
split_feature=37 37 29 28 29 37 37 29 28 30 19 29 37 19 37
split_gain=1690 258.155 68.4978 42.1637 77.7125 36.9805 17.3809 16.9468 33.633 13.2913 2.50512 3.59887 1.03304 0.615727 0.0498615
threshold=-0.81674439241534058 0.47495196386290883 0.7731741465887918 -0.57634309484549606 -0.31953540702733996 1.7603575911333127 -0.30090461377175504 0.17446000710872947 0.14638654743062807 -0.72758761312421016 -0.15395302483745629 -0.26151545470841348 -0.56511523210139514 0.33746938443185265 -0.68463908325052059
decision_type=2 2 2 2 2 2 2 2 2 2 2 2 2 2 2
left_child=2 6 3 4 -1 -3 12 10 -9 -4 11 -5 14 -10 -2
right_child=1 5 9 7 -6 -7 -8 8 13 -11 -12 -13 -14 -15 -16
leaf_value=-0.044646647675648271 -0.0040302764387318366 0.098913457020518486 -0.067683120881479722 -0.009974183037192056 -0.17416462467336535 0.17181605430966085 0.042448764034015943 -0.10386159420991294 -0.031773338640378943 -0.19030623631340093 -0.0095876128183451145 -0.050398429403746316 0.010642344461005412 -0.0082067973661808097 0
leaf_weight=28 16.000000000000004 108 12.999999999999998 11.999999999999998 33 50 86 54 17.000000000000004 30 12.999999999999998 34 28 10.999999999999998 11.999999999999998
leaf_count=28 16 108 13 12 33 50 86 54 17 30 13 34 28 11 12
internal_value=-0.00161274 0.0820004 -0.103537 -0.0857581 -0.124135 0.127465 0.0282507 -0.0647212 -0.0808607 -0.166197 -0.0367921 -0.0423537 0.00433699 -0.0258011 -0.00252788
internal_weight=545 300 245 202 61 158 142 141 82 43 59 46 56 28 28
internal_count=545 300 245 202 61 158 142 141 82 43 59 46 56 28 28
is_linear=0
shrinkage=0.0529975


Tree=15
num_leaves=14
num_cat=0
split_feature=37 37 29 38 19 29 37 19 29 37 29 37 37
split_gain=1536.78 236.847 63.3086 50.4149 40.2726 47.5414 39.9445 15.7703 18.6857 5.15352 1.9152 0.718029 0.298553
threshold=-0.81674439241534058 1.0390206649000016 0.42990594242352781 0.13090962736835629 -0.68361382853397312 -0.54213609959460229 0.10170204273055711 0.036099156447675855 0.025471194833478934 -0.40155627789733084 -0.35880181257487692 0.29252082263530083 -0.60495651581777243
decision_type=2 2 2 2 2 2 2 2 2 2 2 2 2
left_child=2 6 4 -4 5 -1 9 8 10 12 -6 -8 -2
right_child=1 -3 3 -5 7 -7 11 -9 -10 -11 -12 -13 -14
leaf_value=-0.023270611972464682 -0.0036006286049160541 0.13985960444381926 -0.08843039441706653 -0.19063717081823139 -0.0082790524735438069 -0.15197637963249286 0.037031729480676484 -0.007830074646741448 -0.086335248743346846 0.024664317629027731 -0.038525111691433807 0.069971471399105298 0.0043620988575291172
leaf_weight=13.999999999999998 22 106 55 33 11.999999999999998 28 28 21 43 53 39 72 19
leaf_count=14 22 106 55 33 12 28 28 21 43 53 39 72 19
internal_value=-0.00174491 0.0779896 -0.0989375 -0.136549 -0.0735654 -0.117487 0.0409696 -0.0524391 -0.0612679 0.0146339 -0.0331507 0.063431 2.65442e-05
internal_weight=545 300 245 88 157 42 194 115 94 94 51 100 41
internal_count=545 300 245 88 157 42 194 115 94 94 51 100 41
is_linear=0
shrinkage=0.0529975


Tree=16
num_leaves=15
num_cat=0
split_feature=37 37 13 30 37 30 13 37 19 17 37 53 37 37
split_gain=1395.54 213.215 43.2522 36.5994 33.1053 19.9695 15.2185 6.19863 3.37295 4.54215 3.30365 2.49112 2.42445 0.198031
threshold=-0.81674439241534058 0.94675663945155553 0.37868236936917049 0.36035248426005978 -0.04088781478067683 0.90938718312148792 -0.73447262538515012 1.8777845326131508 0.18531090310476403 -0.025288034545233127 0.27574554528103529 1.0000000180025095e-35 -0.44978520029083774 -0.60495651581777243
decision_type=2 2 2 2 2 2 2 2 2 2 2 2 2 2
left_child=2 4 5 -4 12 8 -7 -3 9 11 -6 -1 13 -2
right_child=1 7 3 -5 10 6 -8 -9 -10 -11 -12 -13 -14 -15
leaf_value=-0.014086908295425993 -0.0034506759748904607 0.098888121188627998 -0.090003598302725682 -0.17697846999347658 0.034235577954879866 -0.040584860328266879 -0.13611052806934817 0.16129366228745762 -0.020735267252100439 -0.068421604574896933 0.064402445750575174 -0.047998479768497596 0.017717576231789284 0.0032375511911101411
leaf_weight=22 22 68 80 29 44 14.999999999999998 18 44 19 50 69 11.999999999999998 37 15.999999999999998
leaf_count=22 22 68 80 29 44 15 18 44 19 50 69 12 37 16
internal_value=-0.00184074 0.0741428 -0.0944581 -0.121226 0.0375882 -0.0687417 -0.105786 0.130415 -0.0516421 -0.056708 0.0550319 -0.031632 0.00909176 -0.000418384
internal_weight=545 300 245 109 188 136 33 112 103 84 113 34 75 38
internal_count=545 300 245 109 188 136 33 112 103 84 113 34 75 38
is_linear=0
shrinkage=0.0529975


Tree=17
num_leaves=19
num_cat=0
split_feature=37 37 29 19 29 37 19 35 29 19 29 37 37 19 29 29 37 37
split_gain=1269.78 193.842 63.94 40.4993 85.8384 32.7354 19.257 13.2556 11.0689 13.4621 8.20531 4.25901 2.01575 1.44575 1.9449 0.849432 0.518844 0.325345
threshold=-0.81674439241534058 1.0390206649000016 0.7731741465887918 -0.27139899128830619 0.083447991429444604 0.10170204273055711 -0.95772725582126561 -0.075187709818658785 0.26696810119628295 0.19532064279088537 -0.30060901107959576 -0.36590881351952459 1.9218196356680928 0.036099156447675855 0.061826384744403794 -0.50026514361871988 0.34913738370593445 -0.60495651581777243
decision_type=2 2 2 2 2 2 2 2 2 2 2 2 2 2 2 2 2 2
left_child=2 5 3 4 6 11 -1 -4 13 -10 15 17 -3 14 -5 -8 -7 -2
right_child=1 12 7 8 -6 16 10 -9 9 -11 -12 -13 -14 -15 -16 -17 -18 -19
leaf_value=-0.11051964289157772 -0.0033069684111798922 0.096580119141406448 -0.05917941311608451 -0.0020060954716660108 -0.16680511579727814 0.035223996471185695 -0.0018455068095526146 -0.17209167820670845 -0.071112904536380084 -0.01105470072655647 -0.056950886398584019 0.022961036582773969 0.15561194550893828 0.00034952414128722658 -0.032240902071276147 -0.021233945619876633 0.064108777876319231 0.0047425617254797303
leaf_weight=12.999999999999998 22 65 12.999999999999998 11.000000000000002 30 32 10.999999999999998 30 42 17 34 50 41 10.999999999999998 11.999999999999998 21 68 22
leaf_count=13 22 65 13 11 30 32 11 30 42 17 34 50 41 11 12 21 68 22
internal_value=-0.00187061 0.070609 -0.0902156 -0.0736116 -0.095779 0.0371112 -0.0588598 -0.149518 -0.0433322 -0.0565318 -0.0402299 0.0132597 0.126585 -0.0152108 -0.0214268 -0.016096 0.0574471 0.000664184
internal_weight=545 300 245 202 109 194 79 43 93 59 66 94 106 34 23 32 100 44
internal_count=545 300 245 202 109 194 79 43 93 59 66 94 106 34 23 32 100 44
is_linear=0
shrinkage=0.0529975


Tree=18
num_leaves=21
num_cat=0
split_feature=37 37 29 19 29 37 19 30 19 29 19 37 29 19 37 19 29 37 37 37
split_gain=1158.29 175.963 58.5665 37.2594 78.3479 29.6761 13.1966 12.1188 11.4523 9.9471 12.1735 3.24824 2.82413 2.56787 2.36295 1.34923 1.80576 1.31492 0.164924 0.0603174
threshold=-0.81674439241534058 1.0390206649000016 0.7731741465887918 -0.27139899128830619 -0.10741717961323992 0.049279300998485126 -0.95772725582126561 -0.72758761312421016 -0.44438029562472414 0.26696810119628295 0.19532064279088537 -0.44978520029083774 -0.50026514361871988 -0.50025667382205452 1.9469825516994852 0.036099156447675855 0.061826384744403794 0.34913738370593445 -0.60495651581777243 -0.32397062013386352
decision_type=2 2 2 2 2 2 2 2 2 2 2 2 2 2 2 2 2 2 2 2
left_child=2 5 3 4 6 11 -1 -4 -6 15 -11 18 -8 -14 -3 16 -5 -7 -2 -13
right_child=1 14 7 9 8 17 12 -9 -10 10 -12 19 13 -15 -16 -17 -18 -19 -20 -21
leaf_value=-0.088821350408598648 -0.0031692455216861919 0.092991947440992803 -0.056631749886930927 -0.0019372873196481901 -0.16651163864143492 0.033580727002772391 -0.0017822063493251709 -0.16470235427241944 -0.067230974748631114 -0.067814952158196662 -0.010621597383914971 0.0075985186553226176 -0.040678513341764762 -0.0062651980295911859 0.15042460400874574 0.00033753553774778139 -0.031101550527985602 0.060986501687004216 0.0029299183291878828 0.021483011869831276
leaf_weight=10.999999999999998 22 68 12.999999999999998 11.000000000000002 29 38 10.999999999999998 30 18 42 17 11.999999999999998 28.999999999999996 11.000000000000002 38 10.999999999999998 11.999999999999998 68 15.999999999999998 38
leaf_count=11 22 68 13 11 29 38 11 30 18 42 17 12 29 11 38 11 12 68 16 38
internal_value=-0.00196378 0.0672622 -0.0863399 -0.0704462 -0.0917034 0.0353447 -0.0454579 -0.143102 -0.14053 -0.0414157 -0.0539432 0.0113262 -0.0276219 -0.0334172 0.120595 -0.014674 -0.0206794 0.0535481 -0.000393104 0.019446
internal_weight=545 300 245 202 109 194 62 43 47 93 59 88 51 40 106 34 23 106 38 50
internal_count=545 300 245 202 109 194 62 43 47 93 59 88 51 40 106 34 23 106 38 50
is_linear=0
shrinkage=0.0529975


Tree=19
num_leaves=18
num_cat=0
split_feature=37 37 29 28 29 37 37 29 19 35 19 19 29 29 37 37 37
split_gain=1057.32 159.977 53.5381 34.8423 60.4832 19.1786 15.6928 11.8712 23.5103 11.2451 2.57611 2.1639 3.45383 1.83934 0.911911 0.434534 0.0604381
threshold=-0.81674439241534058 0.6531892857519549 0.7731741465887918 -0.57634309484549606 -0.25359189156537315 1.8777845326131508 -0.18557458196119755 0.17446000710872947 0.044058632693227386 -0.075187709818658785 0.33746938443185265 -0.22334124211903542 -0.19322199846525803 -0.6328658389832057 -0.52737085805430506 0.20235370685613588 -0.63011943184916475
decision_type=2 2 2 2 2 2 2 2 2 2 2 2 2 2 2 2 2
left_child=2 6 3 4 13 -3 14 11 -9 -4 -10 12 -5 -1 16 -8 -2
right_child=1 5 9 7 -6 -7 15 8 10 -11 -12 -13 -14 -15 -16 -17 -18
leaf_value=-0.012998721286280827 -0.0032479687496338098 0.080730730270489617 -0.054074630301571461 -0.0085032553437484424 -0.15445941246604969 0.14004984911957161 0.026654812598175467 -0.089114141662828383 -0.034585664834543214 -0.15769316251382745 -0.002824826737557299 -0.007417297869425952 -0.043615057260242174 -0.05038229106155942 0.010226993539251585 0.046022304519024421 0.00069794861598141647
leaf_weight=10.999999999999998 19.000000000000004 96 12.999999999999998 15.999999999999998 27 44 47 41 30 30 10.999999999999998 18 25 23 31 51 11.999999999999998
leaf_count=11 19 96 13 16 27 44 47 41 30 30 11 18 25 23 31 51 12
internal_value=-0.00205673 0.0640845 -0.0826699 -0.067464 -0.101385 0.104408 0.0262621 -0.0492045 -0.0624456 -0.136961 -0.0276608 -0.0266308 -0.0328948 -0.0422243 0.00455517 0.0388735 -0.00166617
internal_weight=545 300 245 202 61 140 160 141 82 43 41 59 41 34 62 98 31
internal_count=545 300 245 202 61 140 160 141 82 43 41 59 41 34 62 98 31
is_linear=0
shrinkage=0.0529975


Tree=20
num_leaves=20
num_cat=0
split_feature=37 37 29 27 29 37 27 27 29 29 27 37 37 27 29 29 37 37 37
split_gain=963.451 146.485 49.5476 36.7408 62.6896 25.0815 18.0488 17.9806 6.11614 5.13659 6.53035 3.21209 1.31286 1.26346 1.64457 0.704994 0.470418 0.187816 0.0564843
threshold=-0.81674439241534058 1.0872495872935086 0.67528232375896413 -0.27139899128831813 0.083447991429444604 0.10170204273055711 -0.95772725582127649 0.29486543234603185 -0.30060901107959576 0.26696810119628295 0.19532064279087427 -0.40155627789733084 2.003599112770122 0.03609915644766503 0.061826384744403794 -0.50026514361871988 0.38478484808374686 -0.60495651581777243 -0.30090461377175504
decision_type=2 2 2 2 2 2 2 2 2 2 2 2 2 2 2 2 2 2 2
left_child=2 5 3 4 6 11 -1 -4 15 13 -11 17 -3 14 -5 -8 -7 -2 -13
right_child=1 12 7 9 -6 16 8 -9 -10 10 -12 18 -14 -15 -16 -17 -18 -19 -20
leaf_value=-0.10028484772319285 -0.0029244016894415703 0.085897750773095707 -0.16311490254845337 -0.0011649458445397091 -0.1446489899438019 0.031620502081310051 -0.00080895276218020333 -0.072389507772021369 -0.048373365185670807 -0.053306393710205305 -0.0062344101626126604 0.0086032193741848416 0.13915652894680619 0.0012586896988042448 -0.028564792711461569 -0.017914211088774796 0.05622122762859072 0.0033949297840136445 0.021730299590766108
leaf_weight=12.999999999999998 22 68 24 11.000000000000002 29 36 10.999999999999998 31 34 35 12.999999999999998 14.999999999999998 35 10.999999999999998 11.999999999999998 21 67 19 38
leaf_count=13 22 68 24 11 29 36 11 31 34 35 13 15 35 11 12 21 67 19 38
internal_value=-0.0021325 0.0610058 -0.0790829 -0.0625753 -0.0826984 0.0324761 -0.0512743 -0.124237 -0.0339753 -0.0321632 -0.0427952 0.0114671 0.110719 -0.0128129 -0.0186522 -0.0132737 0.0498996 0 0.0193855
internal_weight=545 300 245 190 108 197 79 55 66 82 48 94 103 34 23 32 103 41 53
internal_count=545 300 245 190 108 197 79 55 66 82 48 94 103 34 23 32 103 41 53
is_linear=0
shrinkage=0.0529975


Tree=21
num_leaves=18
num_cat=0
split_feature=37 37 29 19 29 37 38 19 29 37 19 19 29 29 37 37 37
split_gain=879.488 133.023 46.4791 31.8313 54.2943 22.7356 12.0756 9.26575 19.4936 2.60125 2.45344 1.88208 2.72814 1.81244 1.54455 1.50956 0.0764717
threshold=-0.81674439241534058 1.0872495872935086 0.7731741465887918 -0.58317633917525924 -0.25359189156537315 -0.04088781478067683 -0.18974382169629886 0.18531090310476403 0.17446000710872947 0.38478484808374686 0.044058632693227386 -0.15395302483745629 -0.19322199846525803 -0.6328658389832057 2.003599112770122 -0.49382030334577687 -0.60495651581777243
decision_type=2 2 2 2 2 2 2 2 2 2 2 2 2 2 2 2 2
left_child=2 5 3 4 13 15 -4 8 11 -7 -10 12 -5 -1 -3 16 -2
right_child=1 14 6 7 -6 9 -8 -9 10 -11 -12 -13 -14 -15 -16 -17 -18
leaf_value=-0.011284394649214739 -0.0028026113918189276 0.081714292422159204 -0.066297437673954629 -0.0071179272067587538 -0.14551669357808131 0.029399902684192774 -0.15993407910418209 -0.0086725629245309934 -0.080868004561826745 0.05348640689415194 -0.035072721886490597 -0.0038783839984752209 -0.03735024069037831 -0.046660879061006653 0.13286029668362753 0.013216218437563309 0.0015409850332244084
leaf_weight=10.999999999999998 22 68 22 15.999999999999998 26 55 21 21 41 67 20 12.999999999999998 31 23 35 41 11.999999999999998
leaf_count=11 22 68 22 16 26 55 21 21 41 67 20 13 31 23 35 41 12
internal_value=-0.00218982 0.0581356 -0.0757097 -0.0616124 -0.0941684 0.0309462 -0.126146 -0.044551 -0.0500194 0.0445683 -0.0704404 -0.0246383 -0.0291601 -0.0387979 0.105511 0.00704209 -0.00109375
internal_weight=545 300 245 202 60 197 43 142 121 122 61 60 47 34 103 75 34
internal_count=545 300 245 202 60 197 43 142 121 122 61 60 47 34 103 75 34
is_linear=0
shrinkage=0.0529975


Tree=22
num_leaves=19
num_cat=0
split_feature=37 37 29 19 29 37 19 38 29 19 29 37 37 19 29 29 37 37
split_gain=802.536 120.912 42.9663 29.3794 60.7968 20.618 17.2139 11.1075 7.25365 8.30504 5.17541 2.6765 1.72416 1.1291 1.52488 0.398853 0.259539 0.201868
threshold=-0.81674439241534058 1.0872495872935086 0.7731741465887918 -0.27139899128830619 0.083447991429444604 0.10170204273055711 -0.95772725582126561 -0.18974382169629886 0.26696810119628295 0.1923965634511757 -0.35880181257487692 -0.36590881351952459 2.003599112770122 0.036099156447675855 0.061826384744403794 -0.50026514361871988 0.40785085444585817 -0.60495651581777243
decision_type=2 2 2 2 2 2 2 2 2 2 2 2 2 2 2 2 2 2
left_child=2 5 3 4 6 11 -1 -4 13 -10 15 17 -3 14 -5 -8 -7 -2
right_child=1 12 7 8 -6 16 10 -9 9 -11 -12 -13 -14 -15 -16 -17 -18 -19
leaf_value=-0.094246979683073162 -0.002685893154915105 0.077734580529877348 -0.063536399406340427 -0.00026136703907713138 -0.13718798177103789 0.029591092409451718 0 -0.1533406752550722 -0.056626389824377878 -0.01040029550126857 -0.04134004713009537 0.01809080997710083 0.12684893067152944 0.0019103150674558565 -0.026117103889273789 -0.013039405541301039 0.051351600291444172 0.0036502834156353528
leaf_weight=12.999999999999998 22 68 22 11.000000000000002 30 39 11.000000000000002 21 40 19 40 50 35 10.999999999999998 11.999999999999998 14.999999999999998 64 22
leaf_count=13 22 68 22 11 30 39 11 21 40 19 40 50 35 11 12 15 64 22
internal_value=-0.00224625 0.0553807 -0.072475 -0.0589364 -0.0776637 0.0294582 -0.0468935 -0.120936 -0.033542 -0.0441804 -0.0303966 0.0104006 0.100548 -0.0110507 -0.0166035 -0.00874989 0.0452575 0.000400325
internal_weight=545 300 245 202 109 197 79 43 93 59 66 94 103 34 23 26 103 44
internal_count=545 300 245 202 109 197 79 43 93 59 66 94 103 34 23 26 103 44
is_linear=0
shrinkage=0.0529975


Tree=23
num_leaves=19
num_cat=0
split_feature=43 39 29 19 29 19 39 38 29 29 39 29 29 30 39 46 16 30
split_gain=732.701 108.129 41.1126 37.004 76.1678 16.191 14.4677 9.24245 15.4714 4.72943 1.56889 1.41457 0.597827 0.542353 0.374269 0.342537 0.0969429 0.0162252
threshold=1.0000000180025095e-35 0.96953901473456838 0.96361458521015575 -0.27139899128830619 0.083447991429444604 -0.95772725582126561 -0.043054272318594086 -0.16222339301724051 0.47796017511591082 -0.30060901107959576 0.31082699340782721 0.061826384744403794 -0.50026514361871988 -0.47726024075960333 -0.36394965021240538 0.78147191447403119 -0.28057763578010647 0.28955931014569997
decision_type=2 2 2 2 2 2 2 2 2 2 2 2 2 2 2 2 2 2
left_child=2 6 3 4 5 -1 13 -5 11 12 -8 -9 -7 -2 16 -13 -15 -16
right_child=1 -3 -4 7 -6 9 10 8 -10 -11 -12 15 -14 14 17 -17 -18 -19
leaf_value=-0.090828800150018527 0.014310947042619383 0.093990324332012501 -0.12750136828696915 0.0052046216856815137 -0.14185895941631604 0 0.024022767977643831 -0.0002524021911619066 -0.064915984362151138 -0.041653239885665473 0.044327683843189948 -0.025031865727017578 -0.01523505534149831 -0.0034793399123446388 0.0098042846630048159 -0.0074611115486253677 0.0016682459518550174 0.0026699618547381438
leaf_weight=12.999999999999998 17 108 29 13.999999999999998 33 10.999999999999998 47 10.999999999999998 33 34 75 34 21 11.000000000000002 12.000000000000002 11.999999999999998 19 10.999999999999998
leaf_count=13 17 108 29 14 33 11 47 11 33 34 75 34 21 11 12 12 19 11
internal_value=-0.00229685 0.0527669 -0.0693995 -0.058334 -0.0793399 -0.0449766 0.0273991 -0.0325568 -0.0384618 -0.0290353 0.0380518 -0.018314 -0.0109873 0.0072037 0.00358276 -0.0219716 -0.000290348 0.00789085
internal_weight=545 300 245 216 112 79 192 104 90 66 122 57 32 70 53 46 30 23
internal_count=545 300 245 216 112 79 192 104 90 66 122 57 32 70 53 46 30 23
is_linear=0
shrinkage=0.0529975


Tree=24
num_leaves=21
num_cat=0
split_feature=37 37 29 19 29 19 19 37 29 19 37 29 19 37 9 37 19 29 37 37
split_gain=666.871 99.9251 37.5184 34.4517 51.6294 24.8147 18.4701 17.9426 4.30174 7.08815 2.78775 2.72074 4.60597 2.22686 0.722154 0.403614 0.379809 0.333144 0.134591 0.0557561
threshold=-0.81674439241534058 1.1396723290255804 0.96361458521015575 0.044058632693227386 0.092064071066336753 -0.32580081582471693 -0.95772725582126561 0.10170204273055711 0.52337296649648568 0.37592836031443272 2.0623125835100464 -0.35880181257487692 -0.50832564867298069 -0.40155627789733084 0.12359606136457299 0.40785085444585817 -0.26555031205959151 -0.50026514361871988 -0.60495651581777243 -0.30090461377175504
decision_type=2 2 2 2 2 2 2 2 2 2 2 2 2 2 2 2 2 2 2 2
left_child=2 7 3 4 6 -6 -1 13 14 -10 -3 17 -13 18 -5 -9 -14 -8 -2 -15
right_child=1 10 -4 8 5 -7 11 15 9 -11 -12 12 16 19 -16 -17 -18 -19 -20 -21
leaf_value=-0.087534595849597732 -0.0026314030297307951 0.07128880944522259 -0.12190192730689328 -0.007115627717668856 -0.14116051433509993 -0.059469250517268597 0 0.026796764202268231 -0.043610692435850661 0.0035235286964818537 0.1195833950869321 -0.047112449269125285 -0.017457541349710917 0.0068693968044882155 0.0080926197569260276 0.047091752847394162 -0.0030726742259732987 -0.011968882399836137 0.0027144120147422558 0.017936480581099708
leaf_weight=12.999999999999998 22 68 29 11.000000000000002 28 39 11.000000000000002 39 20 11.999999999999998 31 23.999999999999996 19 14.999999999999998 11.999999999999998 68 12.000000000000005 14.999999999999998 19 38
leaf_count=13 22 68 29 11 28 39 11 39 20 12 31 24 19 15 12 68 12 15 19 38
internal_value=-0.00236224 0.0501709 -0.0663782 -0.0558008 -0.0679174 -0.102496 -0.0385329 0.0272415 -0.0170277 -0.0279849 0.0924437 -0.0250967 -0.0314584 0.00934572 0.00061088 0.0415709 -0.0134785 -0.0080474 0 0.0159392
internal_weight=545 300 245 216 161 67 94 201 55 32 99 81 55 94 23 107 31 26 41 53
internal_count=545 300 245 216 161 67 94 201 55 32 99 81 55 94 23 107 31 26 41 53
is_linear=0
shrinkage=0.0529975


Tree=25
num_leaves=16
num_cat=0
split_feature=37 37 29 28 27 29 37 27 29 37 37 29 37 27 37
split_gain=608.814 90.843 34.8816 40.2205 29.9807 20.231 16.2594 11.3955 20.342 3.02998 1.91182 1.48183 1.04515 0.278141 0.0554547
threshold=-0.81674439241534058 1.1396723290255804 0.42990594242352781 0.020755637322990846 -0.95772725582127649 1.0939113685825921 -0.04088781478067683 -0.04793793434917528 -0.020202083740976092 2.1084445962342691 0.29252082263530083 -0.50026514361871988 -0.49382030334577687 0.1212358593926398 -0.60495651581777243
decision_type=2 2 2 2 2 2 2 2 2 2 2 2 2 2 2
left_child=2 6 4 -4 -1 -5 12 8 11 -3 -8 -6 14 -9 -2
right_child=1 9 3 5 7 -7 10 13 -10 -11 -12 -13 -14 -15 -16
leaf_value=-0.10565904972331963 -0.0025218148529856984 0.068682232021242864 -0.14506137034570404 -0.031747107036833949 0 -0.10016817885725954 0.022856569011754122 -0.0053906944458305926 -0.06437553264142816 0.11641252717560217 0.043416234256849019 -0.021730937622888299 0.010786865983090104 0.0038857224634232476 0.0011496602800932546
leaf_weight=15.999999999999998 22 71 25 45 10.999999999999998 18 47 12.000000000000002 52 28 79 54 41 11.999999999999998 11.999999999999998
leaf_count=16 22 71 25 45 11 18 47 12 52 28 79 54 41 12 12
internal_value=-0.00237624 0.0478189 -0.0635415 -0.0907802 -0.0454531 -0.0584038 0.0259548 -0.0345422 -0.0410621 0.0881257 0.0371868 -0.0184511 0.00564262 -0.000670061 -0.00107328
internal_weight=545 300 245 88 157 63 201 141 117 99 126 65 75 24 34
internal_count=545 300 245 88 157 63 201 141 117 99 126 65 75 24 34
is_linear=0
shrinkage=0.0529975


Tree=26
num_leaves=21
num_cat=0
split_feature=37 37 29 19 29 19 37 29 19 3 29 19 29 37 37 19 37 29 37 37
split_gain=555.14 82.7353 32.795 30.4033 34.382 19.1336 15.3351 6.50634 11.6733 4.38841 3.45513 3.95239 3.16663 2.28942 1.85861 0.842856 0.521298 0.442218 0.110154 0.0472292
threshold=-0.81674439241534058 1.1795136127419574 0.67528232375896413 -0.63732297160268458 -0.25359189156537315 0.12500767621502204 0.10170204273055711 -0.19322199846525803 -0.27139899128830619 -0.57854887887566175 0.26696810119628295 0.22724928406737435 -0.6328658389832057 2.1084445962342691 -0.40155627789733084 -0.079993913381877391 0.4330137704772507 0.025471194833478934 -0.60495651581777243 -0.30090461377175504
decision_type=2 2 2 2 2 2 2 2 2 2 2 2 2 2 2 2 2 2 2 2
left_child=2 6 3 4 12 -4 14 -5 17 -7 15 -12 -1 -3 18 -10 -8 -9 -2 -16
right_child=1 13 5 7 -6 9 16 8 10 -11 11 -13 -14 -15 19 -17 -18 -19 -20 -21
leaf_value=-0.0061793264237219349 -0.0024167907411500994 0.065766836150734156 -0.14175978572264714 -0.0038312302377432219 -0.13045091276210261 -0.022177642256533858 0.024793263589094214 -0.031353043805516963 -0.013475488364862879 -0.073095182566137465 -0.039213178293989334 -0.0026366545600567553 -0.045458747147281889 0.11133116212800975 0.0062008982769889047 0.0016504854492383704 0.043555329243709258 -0.072135502661882817 0.0024157221846980779 0.01634544818043197
leaf_weight=11.000000000000002 22 68 18 21 19 14.999999999999998 42 18 20 22 36 11.999999999999998 18 28 14.999999999999998 13.999999999999998 68 21 19 38
leaf_count=11 22 68 18 21 19 15 42 18 20 22 36 12 18 28 15 14 68 21 19 38
internal_value=-0.00237171 0.0455603 -0.060778 -0.0475536 -0.0827953 -0.0971819 0.025124 -0.0327218 -0.0372632 -0.0585872 -0.0229391 -0.0315067 -0.0343709 0.0848888 0.00849076 -0.00775884 0.0381039 -0.0601547 -6.22235e-06 0.0145148
internal_weight=545 300 245 190 48 55 204 142 121 37 82 48 29 96 94 34 110 39 41 53
internal_count=545 300 245 190 48 55 204 142 121 37 82 48 29 96 94 34 110 39 41 53
is_linear=0
shrinkage=0.0529975


Tree=27
num_leaves=16
num_cat=0
split_feature=37 37 29 28 29 37 27 29 38 29 37 37 29 37 37
split_gain=508.13 75.2804 31.9187 31.3008 41.971 13.333 12.0575 28.3455 3.67926 6.97882 3.14687 1.55058 1.08029 0.869078 0.0474841
threshold=-0.81674439241534058 1.1396723290255804 0.96361458521015575 -0.7132154924804589 -0.54213609959460229 -0.04088781478067683 0.044058632693216825 0.061826384744403794 -0.16222339301724051 0.41037723249571229 2.1084445962342691 0.4330137704772507 -0.35880181257487692 -0.49382030334577687 -0.63011943184916475
decision_type=2 2 2 2 2 2 2 2 2 2 2 2 2 2 2
left_child=2 5 3 4 -1 13 7 12 -8 -10 -3 -7 -5 14 -2
right_child=1 10 -4 6 -6 11 8 -9 9 -11 -12 -13 -14 -15 -16
leaf_value=-0.0092189519362258932 -0.0025226673340166912 0.062157557910898734 -0.10910997769896634 -0.0021722474565790753 -0.12465513597526201 0.022860690247025521 0.0069918303731389539 -0.069354667464890857 0.0024211004113319076 -0.038161193143243392 0.10647160500505158 0.0409817964898746 -0.020458999125753882 0.0098139509435963487 0.00079233962099503445
leaf_weight=13.999999999999998 19 71 29 13.999999999999998 25 61 13.999999999999998 63 19 22 28 65 45 41 14.999999999999998
leaf_count=14 19 71 29 14 25 61 14 63 19 22 28 65 45 41 15
internal_value=-0.00242872 0.0434301 -0.0583062 -0.0486909 -0.0901226 0.0235266 -0.0368697 -0.0459854 -0.0140021 -0.0212968 0.0801222 0.0336989 -0.016828 0.0051212 -0.000986006
internal_weight=545 300 245 216 39 201 177 122 55 41 99 126 59 75 34
internal_count=545 300 245 216 39 201 177 122 55 41 99 126 59 75 34
is_linear=0
shrinkage=0.0529975


Tree=28
num_leaves=16
num_cat=0
split_feature=37 37 29 19 29 37 38 29 19 19 29 37 37 29 37
split_gain=462.545 68.6216 29.2702 29.0949 60.9196 12.5929 7.95532 14.2612 6.85647 3.61803 4.4943 2.45103 1.82194 1.74731 0.14759
threshold=-0.81674439241534058 1.1795136127419574 0.96361458521015575 -0.45332057286409322 -0.10741717961323992 0.1436402361162151 -0.16222339301724051 0.41037723249571229 -0.95772725582126561 0.036099156447675855 -0.041886065940975194 2.1084445962342691 -0.33445516848028017 -0.50026514361871988 -0.60495651581777243
decision_type=2 2 2 2 2 2 2 2 2 2 2 2 2 2 2
left_child=2 5 3 4 8 12 -5 9 -1 10 -8 -3 14 -10 -2
right_child=1 11 -4 6 -6 -7 7 -9 13 -11 -12 -13 -14 -15 -16
leaf_value=-0.061598668742310722 -0.0022299071129851435 0.05953656297891903 -0.10431822495210917 0.0067323994873036367 -0.12361117079782473 0.035247346263344678 0.0048026315833355144 -0.056339752786176457 0.00045143561822787956 0.0021811139694431886 -0.029905262349668515 0.1018241573397278 0.014678610030098726 -0.022494384442369255 0.003043086129005809
leaf_weight=10.999999999999998 22 68 29 13.999999999999998 31 104 10.999999999999998 40 10.999999999999998 20 43 28 53 35 25
leaf_count=11 22 68 29 14 31 104 11 40 11 20 43 28 53 35 25
internal_value=-0.00237037 0.041383 -0.0556825 -0.0464799 -0.0695944 0.0227716 -0.0281333 -0.0325957 -0.0311363 -0.0164126 -0.0229453 0.0772001 0.00847086 -0.0174537 0.000470045
internal_weight=545 300 245 216 88 204 128 114 57 74 54 96 100 46 47
internal_count=545 300 245 216 88 204 128 114 57 74 54 96 100 46 47
is_linear=0
shrinkage=0.0529975


Tree=29
num_leaves=19
num_cat=0
split_feature=37 37 29 19 29 19 37 37 29 19 19 29 29 29 37 37 31 37
split_gain=421.27 61.1982 28.3579 26.0619 37.0139 16.4834 8.57343 7.05671 5.78876 6.85781 5.36162 2.81231 2.38226 1.94371 0.435714 0.381384 0.174625 0.0248836
threshold=-0.78948456671466416 0.84820188499526061 0.71547010596101057 -0.50025667382205452 -0.10741717961323992 0.12500767621502204 1.8777845326131508 -0.087019827504899783 -0.054945875154369203 0.044058632693227386 -0.95772725582126561 0.098039211012012434 0.52337296649648568 -0.50026514361871988 -0.49382030334577687 0.2275166228875313 0.54413712540860371 -0.60495651581777243
decision_type=2 2 2 2 2 2 2 2 2 2 2 2 2 2 2 2 2 2
left_child=2 7 3 4 10 -4 -3 14 -5 11 -1 -10 16 -12 17 -9 -11 -2
right_child=1 6 5 8 -6 -7 -8 15 9 12 13 -13 -14 -15 -16 -17 -18 -19
leaf_value=-0.059485850379694158 -0.0015919462337134036 0.049723188161734141 -0.13478862726708751 0.0030916090677331073 -0.11253629952181389 -0.053003617065928238 0.089796741187788201 0.016980785656408648 -0.014833174185515479 -0.0022745320177141436 0.00043595133539758103 -0.046711035629368916 -0.021653558083370571 -0.024268171436670958 0.0075944564101240314 0.030694048435847492 0.005058290717556934 0.00088812520817488523
leaf_weight=10.999999999999998 19.000000000000004 81 13.999999999999998 17 25 35 44 43 19 13.000000000000002 10.999999999999995 44 19 29.000000000000004 35 63 10.999999999999998 11.999999999999998
leaf_count=11 19 81 14 17 25 35 44 43 19 13 11 44 19 29 35 63 11 12
internal_value=-0.00234193 0.0398701 -0.0526696 -0.041443 -0.0652241 -0.0886464 0.0673472 0.018266 -0.024346 -0.0287387 -0.0325097 -0.039323 -0.0101741 -0.0181515 0.00399375 0.0264005 0.00119282 -0.00045478
internal_weight=545 297 248 199 76 49 125 172 123 106 51 63 43 40 66 106 24 31
internal_count=545 297 248 199 76 49 125 172 123 106 51 63 43 40 66 106 24 31
is_linear=0
shrinkage=0.0529975


Tree=30
num_leaves=17
num_cat=0
split_feature=37 37 29 28 29 37 19 29 19 29 19 37 37 29 9 37
split_gain=384.665 55.8739 26.6161 28.014 35.1468 9.7 9.60599 18.7488 4.90177 8.39782 4.08895 2.80216 1.73952 0.741747 0.494291 0.177561
threshold=-0.78948456671466416 1.1795136127419574 0.96361458521015575 -0.7132154924804589 -0.54213609959460229 0.2275166228875313 0.34004903709483209 0.41037723249571229 -0.079993913381877391 0.025471194833478934 -0.073027776466943153 2.1084445962342691 -0.30090461377175504 -0.35880181257487692 0.12359606136457299 -0.57350287077852791
decision_type=2 2 2 2 2 2 2 2 2 2 2 2 2 2 2 2
left_child=2 5 3 4 -1 12 7 8 9 13 -9 -3 15 -5 -10 -2
right_child=1 11 -4 6 -6 -7 -8 10 14 -11 -12 -13 -14 -15 -16 -17
leaf_value=-0.0072934691522514904 -0.0013275695773061133 0.053756089453624652 -0.096542197701678864 -0.00084521374652371864 -0.11239936110823426 0.033191430005459925 0.0049160871881933866 -0.089212844015550116 -0.0076692868357708449 -0.046130903078928032 -0.03768048444614322 0.093459981077619894 0.01540665073005529 -0.015658233847460838 0.0040916355860447203 0.0042377531219911068
leaf_weight=13.999999999999998 22 68 29 13.999999999999998 25 92 17 13.999999999999998 14.000000000000002 36 29 28 56 42 13.999999999999998 31
leaf_count=14 22 68 29 14 25 92 17 14 14 36 29 28 56 42 14 31
internal_value=-0.00237175 0.0379656 -0.0504623 -0.041919 -0.0808243 0.0209395 -0.031118 -0.0349585 -0.0221537 -0.0277535 -0.0634659 0.0702186 0.00934613 -0.0125076 -0.00189889 0.0019091
internal_weight=545 297 248 219 39 201 180 163 120 92 43 96 109 56 28 53
internal_count=545 297 248 219 39 201 180 163 120 92 43 96 109 56 28 53
is_linear=0
shrinkage=0.0529975


Tree=31
num_leaves=19
num_cat=0
split_feature=37 37 29 27 27 29 13 37 27 29 37 3 29 29 9 3 37 37
split_gain=351.001 52.3089 23.9052 29.9544 22.8846 21.9528 20.5624 10.8251 5.66586 7.54488 4.18695 2.37373 2.35383 1.17922 0.911479 0.497152 0.286828 0.0243814
threshold=-0.81674439241534058 0.61125109236629682 0.55429414669926913 0.1212358593926398 -0.63124966229776225 -0.25359189156537315 1.3440734267667229 1.8001988748496838 -0.04793793434917528 0.025471194833478934 -0.18557458196119755 0.033841141203835676 -0.6328658389832057 -0.19322199846525803 0.23699458342849308 -0.74589870418267135 -0.52737085805430506 -0.68463908325052059
decision_type=2 2 2 2 2 2 2 2 2 2 2 2 2 2 2 2 2 2
left_child=2 10 4 -4 5 12 11 -3 9 13 16 15 -1 -6 -10 -5 17 -2
right_child=1 7 3 6 8 -7 -8 -9 14 -11 -12 -13 -14 -15 -16 -17 -18 -19
leaf_value=-0.0039101311073573338 -0.0023438472926217242 0.042956762957867441 -0.11651173217806664 -0.0096252301616191922 -5.5101957316109861e-05 -0.10435913477779023 -0.088700250405541622 0.080832286053970873 -0.0079321614140981361 -0.042442393956937205 0.020159146378141837 0.0031948039498818667 -0.036604724158333768 -0.01673840394765766 0.0075821016768162237 -0.030942676998772959 0.0053998382288834744 2.6340091715419698e-05
leaf_weight=11.000000000000002 16.000000000000004 99 26 14.999999999999998 20 18 11.999999999999998 47 18.000000000000004 43 92 10.999999999999998 19 27 12.999999999999998 12.000000000000002 31 14.999999999999998
leaf_count=11 16 99 26 15 20 18 12 47 18 43 92 11 19 27 13 12 31 15
internal_value=-0.00236603 0.03575 -0.0488056 -0.0736967 -0.0354304 -0.0648128 -0.0412155 0.0579034 -0.0212096 -0.0275764 0.0133208 -0.0160161 -0.0274591 -0.0105804 -0.00106297 -0.0232127 0.00218793 -0.00118981
internal_weight=545 300 245 76 169 48 50 146 121 90 154 38 30 47 31 27 62 31
internal_count=545 300 245 76 169 48 50 146 121 90 154 38 30 47 31 27 62 31
is_linear=0
shrinkage=0.0529975


Tree=32
num_leaves=22
num_cat=0
split_feature=37 37 29 28 29 37 19 29 19 29 37 19 30 19 37 37 29 29 9 19 37
split_gain=320.581 47.7858 23.2522 23.5795 30.2764 8.37566 8.3126 16.5857 4.07971 6.87486 3.02099 2.93482 2.24064 1.04678 0.882349 0.772019 0.77075 0.748061 0.429357 0.218535 0.0443148
threshold=-0.81674439241534058 1.1795136127419574 0.99250610888350865 -0.7132154924804589 -0.54213609959460229 0.022019475297808743 0.34004903709483209 0.41037723249571229 -0.079993913381877391 0.025471194833478934 2.1084445962342691 -0.073027776466943153 -0.66021637375627751 -0.50025667382205452 0.4330137704772507 -0.44978520029083774 -0.34583423269224073 -0.054945875154369203 0.12359606136457299 -0.16545183642694675 -0.63011943184916475
decision_type=2 2 2 2 2 2 2 2 2 2 2 2 2 2 2 2 2 2 2 2 2
left_child=2 5 3 4 -1 15 7 8 9 13 -3 -9 -4 16 -7 20 -5 -15 -10 -11 -2
right_child=1 10 12 6 -6 14 -8 11 18 19 -12 -13 -14 17 -16 -17 -18 -19 -20 -21 -22
leaf_value=-0.0066178034790268913 -0.0020978783400222301 0.04853049088600745 -0.039061207736295539 -0.0032492924192011694 -0.1041351044688818 0.017626065922199428 0.0036310058257222363 -0.082396899053499451 -0.0067809730654469777 -0.04794386559803749 0.085852191765435126 -0.036340250543104843 -0.11187295295637045 0.0040741121168936896 0.032371145575350729 0.0092306865057784505 -0.02337866564522428 -0.010737626436597871 0.0044488805601586249 -0.017595237943897682 0.00098595834031921172
leaf_weight=13.999999999999998 19 68 12.000000000000002 11.000000000000002 25 52 18 13.999999999999998 13.000000000000002 24 28 31 13.999999999999998 16.000000000000004 68 46 17 10.999999999999998 12.999999999999998 11.999999999999998 19
leaf_count=14 19 68 12 11 25 52 18 14 13 24 28 31 14 16 68 46 17 11 13 12 19
internal_value=-0.00241636 0.0340117 -0.0467969 -0.0390755 -0.0748311 0.0184943 -0.0291282 -0.0328094 -0.0203728 -0.0253771 0.0638918 -0.0588097 -0.0921042 -0.0113568 0.02718 0.0050243 -0.0176441 -0.00260333 -0.00116628 -0.0419507 -0.000472978
internal_weight=545 300 245 219 39 204 180 162 117 91 96 45 26 55 120 84 28 27 26 36 38
internal_count=545 300 245 219 39 204 180 162 117 91 96 45 26 55 120 84 28 27 26 36 38
is_linear=0
shrinkage=0.0529975


Tree=33
num_leaves=21
num_cat=0
split_feature=37 37 29 19 29 19 37 38 29 29 37 37 19 29 30 19 29 19 37 37
split_gain=293.708 43.683 21.8623 22.6658 40.3555 9.54511 8.70751 4.86786 8.50118 3.10188 1.47912 1.44498 1.28805 2.17868 0.891084 0.577188 1.07647 0.112441 0.0891457 0.0133511
threshold=-0.81674439241534058 1.2738745478596842 0.96361458521015575 -0.27139899128830619 0.092064071066336753 -0.95772725582126561 0.2275166228875313 -0.16222339301724051 0.47796017511591082 -0.17292469673266564 2.1084445962342691 -0.33445516848028017 -0.047937934349164608 0.061826384744403794 -0.7041632264904979 -0.54323978470450507 -0.50026514361871988 0.12123585939265195 -0.60495651581777243 -0.20864058832330609
decision_type=2 2 2 2 2 2 2 2 2 2 2 2 2 2 2 2 2 2 2 2
left_child=2 6 3 4 5 -1 11 -5 12 15 -3 18 13 -9 -4 16 -7 -14 -2 -13
right_child=1 10 14 7 -6 9 -8 8 -10 -11 -12 19 17 -15 -16 -17 -18 -19 -20 -21
leaf_value=-0.063678908857320915 -0.0018424205420838966 0.047102851088963865 -0.035739729374132181 0.0082622200258791537 -0.099433194936338079 0.001927289131473929 0.029418704844736996 0.003547617370397878 -0.041342003491729673 -0.031066151537470429 0.082104775886983075 0.0046573703748019621 -0.0018211024588083928 -0.022313419670685619 -0.10062085778794339 0.0017344042756839491 -0.016426513560869951 0.0039510705217307551 0.0022562446479979141 0.013355910968305015
leaf_weight=12.999999999999998 22 59 11.000000000000002 13.999999999999998 32 10.999999999999998 101 10.999999999999998 33 24 28 11.999999999999998 13.000000000000002 21 18 12.000000000000002 20 11.999999999999998 25 53
leaf_count=13 22 59 11 14 32 11 101 11 33 24 28 12 13 21 18 12 20 12 25 53
internal_value=-0.00245496 0.0324139 -0.0449337 -0.0371278 -0.0533041 -0.0291245 0.0185016 -0.0176875 -0.0220609 -0.017644 0.0630107 0.00760282 -0.00791458 -0.0140829 -0.0865509 -0.00712483 -0.0104683 0.000952563 0.000214537 0.0123774
internal_weight=545 300 245 216 112 80 213 104 90 67 87 112 57 32 29 43 31 25 47 65
internal_count=545 300 245 216 112 80 213 104 90 67 87 112 57 32 29 43 31 25 47 65
is_linear=0
shrinkage=0.0529975


Tree=34
num_leaves=22
num_cat=0
split_feature=37 37 29 28 29 37 19 29 19 29 19 30 37 37 19 29 29 37 19 19 37
split_gain=268.394 39.0143 21.1282 21.3547 26.7188 7.41958 6.92764 14.6269 3.34919 5.71002 2.97037 1.95745 1.48794 1.16756 1.08063 1.3781 0.297134 0.0623903 0.0356214 0.0198153 0.00394522
threshold=-0.78948456671466416 1.2738745478596842 0.99250610888350865 -0.7132154924804589 -0.54213609959460229 0.2275166228875313 0.34004903709483209 0.41037723249571229 -0.079993913381877391 0.025471194833478934 -0.073027776466943153 -0.66021637375627751 2.1084445962342691 -0.33445516848028017 -0.31962396469036186 -0.19322199846525803 0.28237332503594575 -0.57350287077852791 -0.16545183642694675 -0.079993913381877391 -0.20864058832330609
decision_type=2 2 2 2 2 2 2 2 2 2 2 2 2 2 2 2 2 2 2 2 2
left_child=2 5 3 4 -1 13 7 8 9 14 -9 -4 -3 17 15 -5 -10 19 -11 -2 -15
right_child=1 12 11 6 -6 -7 -8 10 16 18 -12 -13 -14 20 -16 -17 -18 -19 -20 -21 -22
leaf_value=-0.005574364731010379 -0.0023015910036954077 0.044836824242212726 -0.036226768274750597 -0.0039710740184633131 -0.096897452997676103 0.027946964837939049 0.0036273053499516175 -0.07641992018672332 0.0025466862649247846 -0.043116106341062964 -0.032861217919377531 -0.10398838662601152 0.07852093847704765 0.0044927848037680969 0.0029851260221738364 -0.022978957740178149 -0.0066505757207790256 0.0023657303079758487 -0.01626107530810102 6.348338716367257e-05 0.012720025060173357
leaf_weight=13.999999999999998 11.000000000000002 59 12.000000000000002 26.999999999999996 25 101 18 13.999999999999998 17.000000000000004 24 31 13.999999999999998 28 11.999999999999998 10.999999999999998 18.000000000000004 10.999999999999998 22 11.999999999999998 10.999999999999998 53
leaf_count=14 11 59 12 27 25 101 18 14 17 24 31 14 28 12 11 18 11 22 12 11 53
internal_value=-0.00244807 0.0312489 -0.0426154 -0.0354341 -0.0693816 0.01792 -0.0261906 -0.0294974 -0.0181443 -0.0227727 -0.0539421 -0.0855824 0.0601168 0.00759547 -0.0101894 -0.0135192 -0.00139681 0.000563884 -0.0379307 -0.00110925 0.0118073
internal_weight=545 297 248 222 39 210 183 165 120 92 45 26 87 109 56 45 28 44 36 22 65
internal_count=545 297 248 222 39 210 183 165 120 92 45 26 87 109 56 45 28 44 36 22 65
is_linear=0
shrinkage=0.0529975


Tree=35
num_leaves=21
num_cat=0
split_feature=37 37 29 19 29 19 37 19 3 29 19 29 37 29 29 37 45 37 37 19
split_gain=245.808 35.6145 20.0228 18.5024 26.3347 14.8424 6.70695 4.25868 4.07578 3.62598 3.97553 1.82708 1.4839 1.4026 1.39939 1.2061 0.129181 0.0574002 0.0227573 0.0186613
threshold=-0.78948456671466416 1.2738745478596842 0.71547010596101057 -0.50025667382205452 -0.10741717961323992 0.12500767621502204 0.27574554528103529 -0.95772725582126561 -0.57854887887566175 -0.054945875154369203 0.044058632693227386 0.18888648312768833 2.1084445962342691 0.52337296649648568 -0.50026514361871988 -0.33445516848028017 -0.14095535302818379 -0.57350287077852791 -0.18557458196119755 -0.079993913381877391
decision_type=2 2 2 2 2 2 2 2 2 2 2 2 2 2 2 2 2 2 2 2
left_child=2 6 3 4 7 -4 15 -1 -7 -5 11 -11 -3 16 -9 17 -12 19 -17 -2
right_child=1 12 5 9 -6 8 -8 14 -10 10 13 -13 -14 -15 -16 18 -18 -19 -20 -21
leaf_value=-0.047823267155596809 -0.002222647033681116 0.042679810106032952 -0.11217184275948372 0.0037961597703151215 -0.091208652069821927 -0.010688590738566782 0.027232635743280949 0.0023321437903978254 -0.05279794927296149 -0.013819874535770094 0.0046533730678176193 -0.037184036214061328 0.075093526851173473 -0.015781986811697877 -0.017720570104759911 0.004902068138651447 -0.0016326664576744388 0.0022672065488951545 0.012814125567055291 6.130596216287079e-05
leaf_weight=10.999999999999998 11.000000000000002 59 13.999999999999998 17 25 13.999999999999998 94 10.999999999999995 21 28 12.000000000000002 35 28 19 29.000000000000004 14.999999999999998 11.999999999999998 22 57 10.999999999999998
leaf_count=11 11 59 14 17 25 14 94 11 21 28 12 35 28 19 29 15 12 22 57 11
internal_value=-0.00247308 0.0297757 -0.0409123 -0.0316518 -0.0515567 -0.0708427 0.0170421 -0.0244461 -0.0401516 -0.0174738 -0.020968 -0.0290047 0.0573563 -0.00694196 -0.0124691 0.00779431 0.00157943 0.000534811 0.0117589 -0.00106265
internal_weight=545 297 248 199 76 49 210 51 35 123 106 63 87 43 40 116 24 44 72 22
internal_count=545 297 248 199 76 49 210 51 35 123 106 63 87 43 40 116 24 44 72 22
is_linear=0
shrinkage=0.0529975


Tree=36
num_leaves=20
num_cat=0
split_feature=37 37 29 28 29 6 38 29 37 19 29 37 19 19 29 9 37 19 9
split_gain=224.903 32.6625 19.0768 18.8705 23.3865 7.18739 6.27103 13.1437 6.10139 3.37486 4.85055 2.99324 2.78378 0.93416 1.20151 0.488346 0.221752 0.047196 0.0128858
threshold=-0.78948456671466416 0.73916258219255215 0.99250610888350865 -0.7132154924804589 -0.54213609959460229 -0.80800736895610803 -0.16222339301724051 0.41037723249571229 2.0623125835100464 -0.079993913381877391 0.025471194833478934 -0.087019827504899783 -0.073027776466943153 -0.31962396469036186 -0.19322199846525803 0.23699458342849308 -0.49382030334577687 -0.32580081582471693 -0.35261593758322801
decision_type=2 2 2 2 2 2 2 2 2 2 2 2 2 2 2 2 2 2 2
left_child=2 11 3 4 -1 -4 -5 9 -3 10 13 16 -9 14 -8 -11 18 -12 -2
right_child=1 8 5 6 -6 -7 7 12 -10 15 17 -13 -14 -15 -16 -17 -18 -19 -20
leaf_value=-0.0047894158716986794 0.00052323123549525956 0.036920761251631268 -0.10661983930554858 0.0064556707159528848 -0.090054303994800064 -0.031555080739624167 -0.003373629106336097 -0.070781382839734355 0.070440322005545064 -0.0049290968215439926 -0.04369562323512801 0.017546594228922047 -0.030451155122829306 0.0030271775114651968 -0.021020809123784099 0.0068116859114333633 0.0053126778223302924 -0.019620568489206749 -0.0012063993469009166
leaf_weight=13.999999999999998 12.000000000000002 100 12.000000000000002 14.999999999999998 25 13.999999999999998 26.999999999999996 13.999999999999998 31 18.000000000000004 14.999999999999998 100 33 10.999999999999998 18.000000000000004 10.999999999999998 35 21 19
leaf_count=14 12 100 12 15 25 14 27 14 31 18 15 100 33 11 18 11 35 21 19
internal_value=-0.00247306 0.0283746 -0.0392408 -0.0324711 -0.0643188 -0.0799073 -0.0238216 -0.0266944 0.0476399 -0.0159682 -0.0206681 0.0119998 -0.0492457 -0.00910199 -0.0122112 0 0.0027371 -0.0346249 -0.000371785
internal_weight=545 297 248 222 39 26 183 168 131 121 92 166 47 56 45 29 66 36 31
internal_count=545 297 248 222 39 26 183 168 131 121 92 166 47 56 45 29 66 36 31
is_linear=0
shrinkage=0.0529975


Tree=37
num_leaves=19
num_cat=0
split_feature=37 37 29 19 29 37 6 38 29 19 29 19 37 29 29 37 19 37
split_gain=205.897 30.0425 18.0189 18.5711 34.645 6.77125 6.66237 4.47269 7.80168 4.42068 1.68127 2.87204 1.17156 1.0707 0.200114 0.09496 0.0743891 0.00628306
threshold=-0.78948456671466416 1.5213098888350618 0.96361458521015575 -0.45332057286409322 -0.10741717961323992 0.38478484808374686 -0.80800736895610803 -0.16222339301724051 0.47796017511591082 -0.95772725582126561 -0.054945875154369203 -0.047937934349164608 -0.30090461377175504 -0.35880181257487692 -0.50026514361871988 -0.56511523210139514 0.12123585939265195 -0.68463908325052059
decision_type=2 2 2 2 2 2 2 2 2 2 2 2 2 2 2 2 2 2
left_child=2 5 3 4 9 12 -4 -5 10 -1 -9 -12 15 14 -11 17 -13 -2
right_child=1 -3 6 7 -6 -7 -8 8 -10 13 11 16 -14 -15 -16 -17 -18 -19
leaf_value=-0.044423449531910367 -0.0013929245219443901 0.055184578350072316 -0.10285203105474654 0.0083157691526217475 -0.089717331261434385 0.026729531390506368 -0.033539375579337054 0.0066139065454808126 -0.039029555229509107 0.0026778821703335887 -0.020233541015969608 -0.0012981068574406504 0.011807367084037223 -0.017596650826002296 -0.0050933689634838283 0.0032072701771665591 0.0032469530727343163 0
leaf_weight=10.999999999999998 13.000000000000002 74 12.000000000000002 13.999999999999998 31 96 17 10.999999999999998 36 10.999999999999998 43 14.000000000000002 74 21.000000000000004 13.999999999999998 28 12.999999999999998 11.999999999999998
leaf_count=11 13 74 12 14 31 96 17 11 36 11 43 14 74 21 14 28 13 12
internal_value=-0.00250612 0.0270103 -0.0376851 -0.0308256 -0.0491466 0.0164303 -0.0751288 -0.0168549 -0.0201822 -0.0205314 -0.00961247 -0.0125749 0.00773841 -0.0102196 -0.00159212 0.00131617 0.000870953 -0.000787244
internal_weight=545 297 248 219 88 223 29 131 117 57 81 70 127 46 25 53 27 25
internal_count=545 297 248 219 88 223 29 131 117 57 81 70 127 46 25 53 27 25
is_linear=0
shrinkage=0.0529975


Tree=38
num_leaves=21
num_cat=0
split_feature=37 37 29 19 19 29 6 37 19 29 19 37 29 37 29 19 17 37 19 37
split_gain=187.832 27.1904 17.1319 14.3255 13.6544 20.6947 6.24085 4.93284 3.62329 3.49218 4.36349 1.91153 1.15634 0.880328 0.768729 0.553119 0.0715656 0.0433359 0.0172662 0.00525767
threshold=-0.78948456671466416 1.2738745478596842 0.7731741465887918 0.12500767621502204 -0.50025667382205452 -0.10741717961323992 -0.73947783872829453 0.27574554528103529 -0.95772725582126561 0.17446000710872947 0.18531090310476403 2.1084445962342691 -0.39613487478548931 -0.33445516848028017 -0.054945875154369203 -0.1106783865241085 1.4179678394544537 -0.57350287077852791 -0.079993913381877391 0.47495196386290883
decision_type=2 2 2 2 2 2 2 2 2 2 2 2 2 2 2 2 2 2 2 2
left_child=2 7 4 -4 5 8 -5 13 -1 14 16 -3 -10 17 -6 -16 -11 18 -2 -9
right_child=1 11 3 6 9 -7 -8 19 12 10 -12 -13 -14 -15 15 -17 -18 -19 -20 -21
leaf_value=-0.042899735967459773 -0.0020854146196521706 0.036415186737922406 -0.10745222793808251 -0.05896109060311553 0.003761645292444419 -0.080633438642935623 -0.01049579555861584 0.01269978797868293 -0.00049999171895343051 -0.032868488423077054 -0.0011425515482496979 0.066332246794571961 -0.017984935016668167 0.010012056564081617 -0.012744752075600925 0.0005185342003912667 -0.014011829292326975 0.001930871482973044 9.967623486164581e-05 0.025393571530928926
leaf_weight=10.999999999999998 11.000000000000002 59 11.999999999999998 11.000000000000002 17 25 20 23 19.999999999999996 43 21 28 20.000000000000004 72 21 10.999999999999998 15.999999999999998 22 10.999999999999998 71
leaf_count=11 11 59 12 11 17 25 20 23 20 43 21 28 20 72 21 11 16 22 11 71
internal_value=-0.00251069 0.0256819 -0.0361103 -0.0657743 -0.0281625 -0.0454896 -0.0346511 0.0145633 -0.0214689 -0.0163354 -0.0228319 0.049775 -0.0105992 0.00662475 -0.00426893 -0.00863936 -0.0296268 0.00040617 -0.000956043 0.0233053
internal_weight=545 297 248 43 205 76 31 210 51 129 80 87 40 116 49 32 59 44 22 94
internal_count=545 297 248 43 205 76 31 210 51 129 80 87 40 116 49 32 59 44 22 94
is_linear=0
shrinkage=0.0529975


Tree=39
num_leaves=19
num_cat=0
split_feature=37 37 29 27 29 38 29 37 27 27 29 37 29 27 29 37 29 37
split_gain=172.188 24.9359 16.571 19.5199 34.662 9.39487 8.95979 5.77632 3.86822 1.67786 2.58073 1.07513 0.944102 0.203328 0.151335 0.136843 0.081679 0.0777913
threshold=-0.78948456671466416 1.5590542628821551 1.0939113685825921 -0.45332057286410549 -0.10741717961323992 -0.24281526106861553 0.52337296649648568 0.4330137704772507 -0.95772725582127649 -0.04793793434917528 -0.054945875154369203 -0.30090461377175504 -0.50026514361871988 0.1212358593926398 -0.35880181257487692 2.1084445962342691 0.098039211012012434 -0.57350287077852791
decision_type=2 2 2 2 2 2 2 2 2 2 2 2 2 2 2 2 2 2
left_child=2 7 3 4 8 -5 9 11 -1 10 -7 17 -10 -11 -14 -3 -12 -2
right_child=1 15 -4 5 -6 6 -8 -9 12 13 16 -13 14 -15 -16 -17 -18 -19
leaf_value=-0.041428286341355369 -0.00091469357094012651 0.035721594572465841 -0.076213995689586284 0.023157774645544981 -0.087465774266137247 0.0062580276590218338 -0.03841361607015794 0.024904339619831656 0.0026031811994097487 -0.0024855620580848158 -0.0090091991738556216 0.011054758718404443 -0.0048270299776632958 0.0047541845655584237 -0.016257846993347223 0.063436870455650399 -0.022321987081327169 0.0027184582791849937
leaf_weight=10.999999999999998 22 43 21 10.999999999999998 32 10.999999999999998 41 93 10.999999999999998 16.000000000000004 17 80 13.999999999999995 14.999999999999998 21.000000000000004 28 27 31
leaf_count=11 22 43 21 11 32 11 41 93 11 16 17 80 14 15 21 28 27 31
internal_value=-0.00250853 0.0244851 -0.0346779 -0.0289428 -0.0477141 -0.0153054 -0.0195832 0.0150781 -0.0190852 -0.00861135 -0.013728 0.00737886 -0.00944646 0.00103152 -0.0132307 0.0508315 -0.0190156 0.00115228
internal_weight=545 297 248 227 89 138 127 226 57 86 55 133 46 31 35 71 44 53
internal_count=545 297 248 227 89 138 127 226 57 86 55 133 46 31 35 71 44 53
is_linear=0
shrinkage=0.0529975


Tree=40
num_leaves=24
num_cat=0
split_feature=43 39 29 9 6 45 19 29 19 19 39 48 39 38 29 45 19 29 39 13 13 13 19
split_gain=156.944 22.5537 15.0229 16.5632 6.55088 5.61776 5.04596 8.44256 3.92509 3.02479 2.39421 1.85555 1.1951 1.1395 1.63647 0.892871 0.848981 0.503605 0.313808 0.167553 0.148782 0.142351 0.0832834
threshold=1.0000000180025095e-35 0.96953901473456838 0.96361458521015575 -0.48086157001586738 -0.80800736895610803 0.086156745716413782 0.036099156447675855 0.16142385576168791 -0.57481490821725811 -0.16545183642694675 0.13900033653651447 1.0000000180025095e-35 1.4493800370583283 -0.16222339301724051 0.37014666599639606 -0.8222916492619764 -0.63124966229775092 -0.19322199846525803 -0.30472822905601454 -0.74432355454226806 -0.63103786923541239 0.19151471538393072 0.22724928406737435
decision_type=2 2 2 2 2 2 2 2 2 2 2 2 2 2 2 2 2 2 2 2 2 2 2
left_child=2 10 3 5 -4 8 7 11 -1 -9 18 15 -3 -8 -15 17 -17 -5 21 -12 -20 -2 -23
right_child=1 12 4 6 -6 -7 13 9 -10 -11 19 -13 -14 14 -16 16 -18 -19 20 -21 -22 22 -24
leaf_value=-0.077876745383122545 -0.0015534689121098604 0.025819160235032414 -0.09391595265474896 0.0027775845148226815 -0.02898901578984785 -0.01119265195580023 0.0080546358683347939 -0.054348050843899473 -0.030547912069183659 -0.017514568246995547 0.0082745281947561554 0.0052693670881330491 0.048046983861950818 0.0040412483616797902 -0.016396233903802505 -0.028772251824879042 -0.0086360304857432679 -0.0099916009454219714 0.0011029234568119127 0.018984139182618241 0.0091905730649388014 0.00020259837755598473 0.0062543476374300249
leaf_weight=19.999999999999996 20 39 12.000000000000002 11.000000000000002 17 11.999999999999998 13.999999999999998 21 23.000000000000004 20 22 12.999999999999998 69 15.999999999999998 18 12.999999999999995 22.000000000000004 12.999999999999998 11.999999999999998 74 38 15.000000000000002 10.999999999999998
leaf_count=20 20 39 12 11 17 12 14 21 23 20 22 13 69 16 18 13 22 13 12 74 38 15 11
internal_value=-0.00244752 0.0230451 -0.0334956 -0.027192 -0.0675434 -0.0512439 -0.0173886 -0.0232556 -0.0595407 -0.0410564 0.0114781 -0.0106523 0.0418619 -0.00239876 -0.00744 -0.0144305 -0.0194 -0.00452091 0.00498391 0.0172291 0.00770024 0.00134953 0.00367354
internal_weight=545 300 245 216 29 55 161 113 43 41 192 72 108 48 34 59 35 24 96 96 50 46 26
internal_count=545 300 245 216 29 55 161 113 43 41 192 72 108 48 34 59 35 24 96 96 50 46 26
is_linear=0
shrinkage=0.0529975


Tree=41
num_leaves=21
num_cat=0
split_feature=37 37 29 38 13 19 30 37 19 29 29 19 37 9 29 29 29 29 37 19
split_gain=144.003 21.0477 14.9269 20.9704 19.1418 13.9369 8.38123 5.51433 4.27676 10.1811 1.31871 1.3463 0.912962 0.794964 0.48647 0.299997 0.273787 0.124982 0.0950025 0.013882
threshold=-0.78948456671466416 1.6722873850234283 0.55429414669926913 0.13090962736835629 1.3440734267667229 -0.95772725582126561 -0.45342790307221181 0.45398286717008124 -0.12459461559622249 0.20235630727881282 -0.35880181257487692 -0.40557260843149562 -0.18557458196119755 0.26302158581422697 -0.15716204103522488 -0.008912818970167935 0.28237332503594575 -0.50026514361871988 -0.52737085805430506 -0.1106783865241085
decision_type=2 2 2 2 2 2 2 2 2 2 2 2 2 2 2 2 2 2 2 2
left_child=2 7 5 4 6 -1 -4 12 9 10 17 14 18 16 -12 -13 -10 -7 19 -2
right_child=1 -3 3 -5 -6 8 -8 -9 13 -11 11 15 -14 -15 -16 -17 -18 -19 -20 -21
leaf_value=-0.062215469673474508 -0.0015554633721844089 0.048768324058543581 0.023197733091428901 -0.087009418462858187 -0.069714290583246158 0.00271478005397012 -0.021121242882406317 0.023477985320505792 5.2735928614829823e-05 -0.049124333168264762 -0.0091509862403455194 0.0018538103196439756 0.010409691548119189 0.0078246221872804392 -0.026556200447425782 -0.0077834388913290455 -0.0090385075213989148 -0.0033449447538232945 0.0032644077013279185 0.00025349168529113054
leaf_weight=15.999999999999998 14.000000000000002 61 13.999999999999995 25 12.999999999999998 11.000000000000002 24.000000000000004 100 13.000000000000002 22 19 11.000000000000002 77 12.999999999999998 20 14.999999999999998 17 14.999999999999998 31 13.999999999999998
leaf_count=16 14 61 14 25 13 11 24 100 13 22 19 11 77 13 20 15 17 15 31 14
internal_value=-0.00245655 0.0222298 -0.0318748 -0.0511971 -0.0262124 -0.0218606 -0.00369815 0.0143029 -0.0155288 -0.0207098 -0.0111561 -0.0149023 0.00680079 -0.000902972 -0.0205815 -0.00390455 -0.00555241 -0.000534612 0.00145757 -0.000560356
internal_weight=545 297 248 76 51 172 38 236 156 113 91 65 136 43 39 26 30 26 59 28
internal_count=545 297 248 76 51 172 38 236 156 113 91 65 136 43 39 26 30 26 59 28
is_linear=0
shrinkage=0.0529975


Tree=42
num_leaves=20
num_cat=0
split_feature=37 37 29 19 29 38 29 37 19 29 19 37 29 29 29 29 19 37 37
split_gain=131.602 19.0834 14.5011 16.6635 28.9611 8.06929 6.92872 4.96619 2.95952 1.29432 2.37792 0.868662 0.768376 0.244551 0.141791 0.118104 0.0982333 0.0744432 0.00540238
threshold=-0.78948456671466416 1.6722873850234283 1.0939113685825921 -0.45332057286409322 -0.10741717961323992 -0.24281526106861553 0.58687950133281286 0.47495196386290883 -0.95772725582126561 -0.054945875154369203 -0.079993913381877391 -0.20864058832330609 -0.50026514361871988 0.29136380271561407 -0.35880181257487692 0.031036353483505329 0.14175503073181203 -0.56511523210139514 -0.68463908325052059
decision_type=2 2 2 2 2 2 2 2 2 2 2 2 2 2 2 2 2 2 2
left_child=2 7 3 4 8 -5 9 11 -1 -7 15 17 -10 -12 -14 -11 -15 18 -2
right_child=1 -3 -4 5 -6 6 -8 -9 12 10 13 -13 14 16 -16 -17 -18 -19 -20
leaf_value=-0.036073904165695607 -0.0012608064305235495 0.046415055486398966 -0.069187522502817012 0.022654740046986189 -0.078882724343442803 0.0062368693440681706 -0.035141751241964905 0.022531846726720404 0.0026216638858429166 -0.006574293198996539 0.0030061849784281743 0.0099093632339090285 -0.0039624962912227267 -0.006697141616633857 -0.014328030292781381 -0.021038488932066664 0 0.0027556264720529837 0
leaf_weight=10.999999999999998 13.000000000000002 61 21 10.999999999999998 32 10.999999999999998 35 97 10.999999999999998 10.999999999999998 19 83 13.999999999999995 11.000000000000002 21.000000000000004 29 10.999999999999998 31 11.999999999999998
leaf_count=11 13 61 21 11 32 11 35 97 11 11 19 83 14 11 21 29 11 31 12
internal_value=-0.00245601 0.0211441 -0.0305784 -0.025288 -0.0425894 -0.0127725 -0.0167766 0.013595 -0.0165342 -0.00799578 -0.0103056 0.00663649 -0.00810599 -0.000735506 -0.0115382 -0.0185883 -0.0041682 0.00118368 -0.000696193
internal_weight=545 297 248 227 89 138 127 236 57 92 81 139 46 41 35 40 22 56 25
internal_count=545 297 248 227 89 138 127 236 57 92 81 139 46 41 35 40 22 56 25
is_linear=0
shrinkage=0.0529975


Tree=43
num_leaves=21
num_cat=0
split_feature=37 37 29 19 29 38 29 19 37 29 19 29 37 37 19 29 37 19 37 29
split_gain=119.912 17.3034 13.377 15.3312 26.548 7.46667 6.35526 4.95239 4.48219 1.17737 1.15497 1.94202 0.745958 0.393174 0.16205 0.134496 0.0570161 0.0139444 0.00455726 0.00267434
threshold=-0.78948456671466416 1.6722873850234283 1.0939113685825921 -0.45332057286409322 0.092064071066336753 -0.24281526106861553 0.52337296649648568 -0.95772725582126561 0.45398286717008124 -0.35880181257487692 -0.047937934349164608 -0.054945875154369203 -0.30090461377175504 2.1084445962342691 0.12123585939265195 -0.50026514361871988 -0.56511523210139514 -0.1106783865241085 -0.087019827504899783 0.098039211012012434
decision_type=2 2 2 2 2 2 2 2 2 2 2 2 2 2 2 2 2 2 2 2
left_child=2 8 3 4 7 -5 10 -1 12 15 11 -7 16 -3 -12 -9 17 -2 -14 -13
right_child=1 13 -4 5 -6 6 -8 9 -10 -11 14 19 18 -15 -16 -17 -18 -19 -20 -21
leaf_value=-0.043837791376849213 -0.0017082531953562074 0.028275900221250087 -0.066335214840071377 0.021877688204062835 -0.083860611762557477 0.0060229464265697304 -0.031882005545738619 0.0025317414335233926 0.021196457811723374 -0.016531745440061401 -0.0020344419305024937 -0.0076450980252889588 0.0034521344294993137 0.054415924760847514 0.0044164597419400166 -0.0038154684491111183 0.0023972458841051278 0.00016039599749906894 0.0097345269528318831 -0.018239799158671976
leaf_weight=12.999999999999998 12.000000000000002 33 21 10.999999999999998 23 10.999999999999998 41 11.000000000000002 100 28.000000000000004 16.000000000000004 17 12.999999999999998 28 14.999999999999998 13.999999999999995 28 12.999999999999998 70 27
leaf_count=13 12 33 21 11 23 11 41 11 100 28 16 17 13 28 15 14 28 13 70 27
internal_value=-0.00241713 0.0201106 -0.0292613 -0.0241826 -0.040777 -0.0121795 -0.0160353 -0.019932 0.0129211 -0.0100902 -0.00681885 -0.011071 0.00614902 0.0441753 0.00110807 -0.000847856 0.000911958 -0.000668168 0.00912792 -0.015694
internal_weight=545 297 248 227 89 138 127 66 236 53 86 55 136 61 31 25 53 25 83 44
internal_count=545 297 248 227 89 138 127 66 236 53 86 55 136 61 31 25 53 25 83 44
is_linear=0
shrinkage=0.0529975


Tree=44
num_leaves=21
num_cat=0
split_feature=37 37 29 19 29 38 29 37 19 19 29 44 37 9 29 37 29 37 37 37
split_gain=109.55 15.8879 12.3266 14.3326 20.1172 7.93934 8.48439 4.03796 2.30184 1.75271 2.26384 1.60048 0.71024 0.630355 0.582242 0.364748 0.214102 0.0516004 0.0257873 0.00117485
threshold=-0.78948456671466416 1.6722873850234283 1.0939113685825921 -0.61139804268437181 -0.25359189156537315 -0.24281526106861553 0.52337296649648568 0.47495196386290883 -0.036067908672949726 -0.12459461559622249 -0.19322199846525803 1.0000000180025095e-35 -0.33445516848028017 0.26302158581422697 0.18888648312768833 2.1084445962342691 0.28237332503594575 -0.087019827504899783 -0.63011943184916475 -0.52737085805430506
decision_type=2 2 2 2 2 2 2 2 2 2 2 2 2 2 2 2 2 2 2 2
left_child=2 7 3 4 11 -5 9 12 -8 10 -7 -1 18 16 -12 -3 -11 -14 -2 -20
right_child=1 15 -4 5 -6 6 8 -9 -10 13 14 -13 17 -15 -16 -17 -18 -19 19 -21
leaf_value=-0.022803921988840434 -0.0010862909158769623 0.02700777807969865 -0.063600495551089459 0.021127289420347757 -0.078034525539606339 0.0014722824500423381 -0.056222061515304761 0.020349279595119753 -0.02186283871671911 0.00016583146322975942 -0.011519221554780605 -0.00023120795217132387 0.0037419503065019943 0.0074454201634905756 -0.027051028348134491 0.052040693014432496 -0.0079277531116920801 0.009395180096474616 0 0.0015321985518350714
leaf_weight=15.999999999999998 15.999999999999998 33 21 10.999999999999998 23 19 10.999999999999998 97 33 13.000000000000002 39 15.999999999999998 22 12.999999999999998 18 28 14.999999999999998 73 11.999999999999998 16.000000000000004
leaf_count=16 16 33 21 11 23 19 11 97 33 13 39 16 22 13 18 28 15 73 12 16
internal_value=-0.00235771 0.0191746 -0.0280158 -0.0231417 -0.0456319 -0.0146159 -0.0177707 0.0122872 -0.0363052 -0.00931355 -0.013789 -0.013519 0.00600412 -0.000168068 -0.0186429 0.0422319 -0.00459812 0.00845507 0.000193202 0.00119244
internal_weight=545 297 248 227 55 172 161 236 44 117 76 32 139 41 57 61 28 95 44 28
internal_count=545 297 248 227 55 172 161 236 44 117 76 32 139 41 57 61 28 95 44 28
is_linear=0
shrinkage=0.0529975


Tree=45
num_leaves=24
num_cat=0
split_feature=37 37 13 30 39 27 30 13 45 37 9 37 2 44 25 53 37 45 12 37 13 13 30
split_gain=100.255 14.6018 10.988 11.2704 10.0487 6.5277 4.04939 5.16416 3.31858 2.98564 2.79385 1.22281 1.0291 0.690687 0.804678 0.596368 0.349753 0.316544 0.192913 0.143397 0.103498 0.0124478 0.00660763
threshold=-0.78948456671466416 1.5213098888350618 0.37868236936917049 0.51871690791773173 -1.1558530955085182 0.34004903709482132 0.90938718312148792 -0.63103786923541239 1.221717239439402 0.20235370685613588 -0.72283149376689626 2.1084445962342691 0.83804910376585162 0.70547720845605821 -0.073796412626051036 1.0000000180025095e-35 -0.44978520029083774 -0.25451140240048259 0.29824792325718902 0.47495196386290883 -0.2172988446364614 -0.025205726072662717 0.60736790951345954
decision_type=2 2 2 2 2 2 2 2 2 2 2 2 2 2 2 2 2 2 2 2 2 2 2
left_child=2 9 5 4 -4 6 12 -8 10 16 -6 -3 15 -12 -15 17 21 -1 -17 -11 -14 -2 -18
right_child=1 11 3 -5 8 -7 7 -9 -10 19 13 -13 20 14 -16 18 22 -19 -20 -21 -22 -23 -24
leaf_value=0.0025116795269057514 -0.0010155342336509907 0.025661541742770876 -0.064092219259938576 -0.070867471789076417 -0.041731108918284458 0.014770868529350481 -0.0086315354200641268 -0.05199899703127895 0.0058744971003304499 0.0094931005688073996 -0.01798165381739477 0.049769137281850416 -0.009159401639420358 0.0046756934142043911 -0.011750475804586888 -0.003988289236129889 0.0064821817473353499 -0.0063960965300403827 -0.015627821724352488 0.018478025633358302 -0.024886150324671168 0.0006527924146502381 0.0017776225180081572
leaf_weight=19 20 46 11.999999999999998 22 10.999999999999998 12.999999999999998 17 15.999999999999998 11.999999999999998 33 30 28 15.000000000000002 11.000000000000002 10.999999999999998 14.000000000000002 60 13.999999999999998 15.999999999999998 84 14.999999999999998 14.999999999999998 10.999999999999998
leaf_count=19 20 46 12 22 11 13 17 16 12 33 30 28 15 11 11 14 60 14 16 84 15 15 11
internal_value=-0.00231567 0.018283 -0.026861 -0.0393274 -0.0272214 -0.0158148 -0.019551 -0.0345999 -0.0169277 0.0109147 -0.0215052 0.0379175 -0.0123682 -0.0132339 -0.00404556 -0.0071831 0.00403856 -0.00149068 -0.0119593 0.016587 -0.0200525 -0.000139263 0.00603922
internal_weight=545 297 248 109 87 139 126 33 75 223 63 74 93 52 22 63 106 33 30 117 30 35 71
internal_count=545 297 248 109 87 139 126 33 75 223 63 74 93 52 22 63 106 33 30 117 30 35 71
is_linear=0
shrinkage=0.0529975


Tree=46
num_leaves=23
num_cat=0
split_feature=37 37 29 19 36 19 19 29 19 37 19 29 19 37 29 19 37 19 10 37 37 37
split_gain=92.057 13.3912 11.2215 12.9214 16.9478 9.77498 5.88773 4.77029 13.4459 3.2624 1.1824 1.01786 0.89263 0.454789 0.338173 0.649954 0.310322 0.125641 0.110041 0.0224641 0.00921484 0.000147494
threshold=-0.78948456671466416 1.6722873850234283 0.71547010596101057 0.12500767621502204 -1.6310829249917118 -1.084056395528697 0.44452598162483986 0.061826384744403794 -0.27139899128830619 0.34913738370593445 0.21046452638556939 -0.50026514361871988 -0.27139899128830619 -0.33445516848028017 -0.15716204103522488 -0.50832564867298069 2.1084445962342691 0.044058632693227386 0.8649158441504271 -0.63011943184916475 -0.14783020791410453 -0.52737085805430506
decision_type=2 2 2 2 2 2 2 2 2 2 2 2 2 2 2 2 2 2 2 2 2 2
left_child=2 9 5 -4 -5 -1 -6 11 -9 13 17 -7 14 19 15 18 -3 -10 -13 -2 -15 -21
right_child=1 16 3 4 6 7 -8 8 10 -11 -12 12 -14 20 -16 -17 -18 -19 -20 21 -22 -23
leaf_value=-0.058728266653079474 -0.0010334029789808414 0.024645655483631665 -0.083725700860972349 -0.061827281050024697 -0.016535040979910078 0.0066635389630730641 0.027064995529271035 -0.048509699667993074 -0.014357447258194871 0.017443410744517652 0.0034080928911618341 -0.011955811442679107 0.0039859786138621888 0.0030802400927074634 -0.015545272633731209 0.0037702030561679034 0.047596733544540595 -0.006128640179241588 -0.0023984175577598079 7.9578765550901974e-06 0.0077122623881495074 0.0013676248231495431
leaf_weight=10.999999999999998 15.999999999999998 33 13.999999999999998 11.999999999999995 12.000000000000005 12.999999999999998 10.999999999999998 31 34 113 14.999999999999998 14.999999999999998 11.999999999999998 19 18 11.000000000000002 28 28 10.999999999999998 11.999999999999998 60 16.000000000000004
leaf_count=11 16 33 14 12 12 13 11 31 34 113 15 15 12 19 18 11 28 28 11 12 60 16
internal_value=-0.00230204 0.0174369 -0.025822 -0.0478473 -0.0231784 -0.0191237 0.00536107 -0.0150268 -0.022042 0.0111164 -0.00856712 -0.00459837 -0.00724708 0.00470897 -0.00996336 -0.00529611 0.038602 -0.0116121 -0.00933787 0.000149909 0.00697631 0.00109455
internal_weight=545 297 248 49 35 199 23 188 108 236 77 80 67 123 55 37 61 62 26 44 79 28
internal_count=545 297 248 49 35 199 23 188 108 236 77 80 67 123 55 37 61 62 26 44 79 28
is_linear=0
shrinkage=0.0529975


Tree=47
num_leaves=22
num_cat=0
split_feature=37 37 29 19 29 38 29 19 37 37 19 29 29 29 37 5 12 29 37 37 30
split_gain=84.4288 12.3406 11.0092 12.2718 20.9603 6.01143 4.91235 3.95752 2.10532 1.7247 0.946071 1.63745 0.906853 0.199274 0.198904 0.156239 0.201733 0.112138 0.0660977 0.00920761 0.000959782
threshold=-0.78948456671466416 1.1795136127419574 1.0939113685825921 -0.45332057286409322 0.092064071066336753 -0.24281526106861553 0.58687950133281286 -0.95772725582126561 2.1084445962342691 0.10170204273055711 -0.047937934349164608 -0.054945875154369203 -0.35880181257487692 0.26696810119628295 -0.44978520029083774 1.1426851389692751 -0.15274015608698149 -0.50026514361871988 0.47495196386290883 -0.68463908325052059 0.42738830690130353
decision_type=2 2 2 2 2 2 2 2 2 2 2 2 2 2 2 2 2 2 2 2 2
left_child=2 9 3 4 7 -5 10 -1 -3 14 11 -7 17 -13 19 16 -12 -9 -11 -2 -16
right_child=1 8 -4 5 -6 6 -8 12 -10 18 15 13 -14 -15 20 -17 -18 -19 -20 -21 -22
leaf_value=-0.037930218722093872 -0.0011084883354069647 0.022778181248350786 -0.058223929056379152 0.020767864178143334 -0.073286690824455006 0.0058476323492277988 -0.028522409375072642 0.002926080538632728 0.045519153354269065 0.0085926174081408999 0.0063671565561020313 -0.0079298501455290979 -0.013643765838718234 -0.019399175643504435 0.0051401684481221085 -0.0032381655709428068 -0.0015507995569545624 -0.0029115953521367758 0.015209106232100965 0.00033163818556761421 0.0014408344321236595
leaf_weight=12.999999999999998 12.999999999999998 68 21 10.999999999999998 23 10.999999999999998 35 11.000000000000002 28 48 14 29 28.000000000000004 15.999999999999998 44 10.999999999999998 11 13.999999999999995 62 22 11.999999999999998
leaf_count=13 13 68 21 11 23 11 35 11 28 48 14 29 28 16 44 11 11 14 62 22 12
internal_value=-0.00227905 0.0166246 -0.0248032 -0.0202626 -0.0350738 -0.0095991 -0.0130996 -0.0166654 0.0317656 0.00864863 -0.00577469 -0.00975604 -0.00800604 -0.0139463 0.00286744 0.000760916 0.00303189 -4.85197e-05 0.0129756 -0.00011679 0.00467615
internal_weight=545 297 248 227 89 138 127 66 96 201 92 56 53 45 91 36 25 25 110 35 56
internal_count=545 297 248 227 89 138 127 66 96 201 92 56 53 45 91 36 25 25 110 35 56
is_linear=0
shrinkage=0.0529975


Tree=48
num_leaves=22
num_cat=0
split_feature=37 37 29 19 29 38 29 37 19 44 19 29 9 37 29 37 29 37 26 30 37
split_gain=77.19 11.3121 10.1327 11.439 16.1233 6.4045 6.67574 2.66003 2.14199 1.47056 1.3676 1.69032 0.513512 0.484142 0.387449 0.252496 0.180392 0.0498568 0.0421956 0.00551807 0.00103927
threshold=-0.78948456671466416 1.6722873850234283 1.0939113685825921 -0.61139804268437181 -0.25359189156537315 -0.24281526106861553 0.52337296649648568 0.47495196386290883 -0.036067908672949726 1.0000000180025095e-35 -0.12459461559622249 -0.19322199846525803 0.26302158581422697 -0.18557458196119755 0.18888648312768833 2.1084445962342691 0.28237332503594575 -0.57350287077852791 0.92986884120344449 0.15998396861742989 -0.44978520029083774
decision_type=2 2 2 2 2 2 2 2 2 2 2 2 2 2 2 2 2 2 2 2 2
left_child=2 7 3 4 9 -5 10 13 -8 -1 11 -7 16 17 -13 -3 -12 19 -10 -2 -19
right_child=1 15 -4 5 -6 6 8 -9 18 -11 12 14 -14 -15 -16 -17 -18 20 -20 -21 -22
leaf_value=-0.019851325999984192 0 0.022518783121757133 -0.055823602997444918 0.020055531689711806 -0.068388812296737753 0.0017879904554630771 -0.049437158342059029 0.016597210579465282 -0.021617056095129331 0.00063771293314196216 0.00074524885656969853 -0.0095146159252178144 0.0074655462984162049 0.0074864453835060303 -0.022373556200895584 0.043532260371912358 -0.0065023498576713273 0.00041955628215106225 -0.0080324147992305792 -0.0013038513714613421 0.0025105105809104123
leaf_weight=15.999999999999998 11.000000000000002 33 21 10.999999999999998 23 19 10.999999999999998 97 19 15.999999999999998 13.000000000000002 39 12.999999999999998 80 18 28 14.999999999999998 12.999999999999998 13.999999999999998 10.999999999999998 24
leaf_count=16 11 33 21 11 23 19 11 97 19 16 13 39 13 80 18 28 15 13 14 11 24
internal_value=-0.00222266 0.0158523 -0.0237597 -0.0194031 -0.0394394 -0.0118441 -0.0147072 0.0100462 -0.0311061 -0.0109391 -0.00726754 -0.0112238 0.000413853 0.00492911 -0.0154293 0.0353015 -0.00339401 0.000983296 -0.0181543 -0.000691719 0.00209927
internal_weight=545 297 248 227 55 172 161 236 44 32 117 76 41 139 57 61 28 59 33 22 37
internal_count=545 297 248 227 55 172 161 236 44 32 117 76 41 139 57 61 28 59 33 22 37
is_linear=0
shrinkage=0.0529975


Tree=49
num_leaves=23
num_cat=0
split_feature=37 37 29 28 36 19 19 26 37 29 48 30 29 6 37 9 45 37 19 19 37 37
split_gain=70.6903 10.1303 9.16423 17.1913 12.8823 10.8943 9.93425 2.57073 2.24336 1.82696 1.27053 1.48958 1.33724 0.381904 0.365419 0.290437 0.266274 0.232774 0.19592 0.152654 0.0374311 0.000903218
threshold=-0.75383710233685208 1.6722873850234283 0.55429414669926913 0.020755637322990846 -1.6310829249917118 0.53717754361396441 -1.084056395528697 -0.66871801552839083 0.47495196386290883 0.061826384744403794 1.0000000180025095e-35 0.40226600080149705 0.083447991429444604 0.27622215148290635 -0.14783020791410453 -0.14591056851891923 -0.59517955051737881 2.1084445962342691 0.33105089177526276 0.036099156447675855 -0.49382030334577687 -0.63011943184916475
decision_type=2 2 2 2 2 2 2 2 2 2 2 2 2 2 2 2 2 2 2 2 2 2
left_child=2 8 6 -4 -5 18 -1 9 14 16 11 15 13 -13 20 -9 -8 -3 -6 -17 21 -2
right_child=1 17 3 4 5 -7 7 10 -10 -11 -12 12 -14 -15 -16 19 -18 -19 -20 -21 -22 -23
leaf_value=-0.053992802067857788 -0.00032460154540992734 0.021508857085743561 -0.075197136050268662 -0.054389858976337385 -0.022984766416734914 0.030244708091940211 -0.012171649402108374 -0.0054019894058335311 0.015768810462790109 -0.032455115954215713 0.0055318538941640117 7.2289159350501204e-05 -0.02306612433333521 -0.0096521505219081261 0.0072583906482689177 -0.00085177919588320331 -0.00081037767180290696 0.041632094106710621 -0.0070169968659761026 0.0055476354168429243 0.0025024849989017752 0.00017468282404495004
leaf_weight=10.999999999999998 12.000000000000002 33 19 13.999999999999998 19.000000000000004 12.999999999999998 12.000000000000002 17 97 17 18 17 20 21 76 17.000000000000004 11.999999999999998 28 11.999999999999998 12.999999999999998 32 14.999999999999998
leaf_count=11 12 33 19 14 19 13 12 17 97 17 18 17 20 21 76 17 12 28 12 13 32 15
internal_value=-0.00218348 0.0153656 -0.0224977 -0.0374415 -0.0190771 -0.00252571 -0.0148613 -0.0103836 0.00977399 -0.0211495 -0.00592444 -0.00814406 -0.0134156 -0.00572607 0.00492962 -0.000725126 -0.00802144 0.0337495 -0.0191316 0.00218946 0.00142949 0
internal_weight=545 293 252 77 58 44 175 164 232 41 123 105 58 38 135 47 24 61 31 30 59 27
internal_count=545 293 252 77 58 44 175 164 232 41 123 105 58 38 135 47 24 61 31 30 59 27
is_linear=0
shrinkage=0.0529975


Tree=50
num_leaves=22
num_cat=0
split_feature=37 37 29 28 29 6 9 30 37 29 19 19 29 28 37 37 19 7 7 37 37
split_gain=64.9085 9.30262 8.55873 9.82671 13.1122 6.21147 2.7974 2.08946 2.0185 1.96644 1.69591 0.894869 0.776781 0.592415 0.329775 0.214276 0.196573 0.190699 0.0477359 0.0388677 0.000839399
threshold=-0.75383710233685208 1.6722873850234283 0.96361458521015575 -0.7132154924804589 -0.54213609959460229 -0.80800736895610803 -1.5624087533424216 -0.41432049956592126 0.47495196386290883 0.29136380271561407 -0.088046267236164155 -0.12459461559622249 -0.17292469673266564 -0.33651806663970074 -0.087019827504899783 2.1084445962342691 -0.50832564867298069 0.84691737639410036 1.2431880987993218 -0.49382030334577687 -0.63011943184916475
decision_type=2 2 2 2 2 2 2 2 2 2 2 2 2 2 2 2 2 2 2 2 2
left_child=2 8 3 4 -1 -4 -5 -8 14 11 -11 12 16 -14 19 -3 -9 -12 -19 20 -2
right_child=1 15 5 6 -6 -7 7 9 -10 10 17 -13 13 -15 -16 -17 -18 18 -20 -21 -22
leaf_value=0.0017208813956860582 -0.00031313050630634083 0.020544224004778171 -0.068777291336541146 -0.03241316574531293 -0.058892344619204881 -0.01582786131576527 0.008645024015602994 -0.0035655153886873618 0.014981757633824932 -0.032210039252640786 -0.013807088554210445 0.0037645299988686965 -0.01672805139666711 -0.0037584395245076757 0.0070094434822935009 0.039814869765274929 0.0037205904484770786 -0.00065273563942313021 -0.0063840684883341107 0.0025135644601514844 0.00016806899715836028
leaf_weight=13.999999999999998 12.000000000000002 33 13.000000000000002 10.999999999999998 25 17 12.999999999999998 20.000000000000004 97 12.999999999999998 23 20 23.999999999999996 24.000000000000004 73 28 10.999999999999998 11.000000000000002 12.999999999999998 35 14.999999999999998
leaf_count=14 12 33 13 11 25 17 13 20 97 13 23 20 24 24 73 28 11 11 13 35 15
internal_value=-0.00216604 0.0146503 -0.0216315 -0.0170896 -0.0396488 -0.0466016 -0.0111395 -0.00869366 0.00929299 -0.0104163 -0.0176609 -0.00520123 -0.00765867 -0.0115101 0.00469265 0.0322659 -0.000607336 -0.0103157 -0.00464566 0.0014845 0
internal_weight=545 293 252 222 39 30 183 172 232 159 60 99 79 48 135 61 31 47 24 62 27
internal_count=545 293 252 222 39 30 183 172 232 159 60 99 79 48 135 61 31 47 24 62 27
is_linear=0
shrinkage=0.0529975


Tree=51
num_leaves=23
num_cat=0
split_feature=37 29 19 29 37 38 29 19 37 37 19 29 29 9 31 29 37 29 37 4 37 30
split_gain=59.6231 8.8807 9.72414 16.887 8.77924 4.77719 3.52392 3.1521 1.37983 1.08532 0.72798 1.23404 0.7139 0.429864 0.346085 0.167072 0.126618 0.0972935 0.0872329 0.0180235 0.0178493 0.00584907
threshold=-0.78948456671466416 1.0939113685825921 -0.45332057286409322 0.092064071066336753 1.3346849282688862 -0.24281526106861553 0.58687950133281286 -0.95772725582126561 0.10170204273055711 2.1084445962342691 -0.12459461559622249 1.0000000180025095e-35 -0.35880181257487692 0.26302158581422697 0.97117537728143455 0.28237332503594575 -0.44978520029083774 -0.50026514361871988 0.55463453129565721 0.20918801266748963 -0.60495651581777243 0.42738830690130353
decision_type=2 2 2 2 2 2 2 2 2 2 2 2 2 2 2 2 2 2 2 2 2 2
left_child=1 2 3 7 8 -4 10 -1 16 -6 11 -7 17 15 -8 -12 19 -9 -10 20 -2 -18
right_child=4 -3 5 -5 9 6 14 12 18 -11 13 -13 -14 -15 -16 -17 21 -19 -20 -21 -22 -23
leaf_value=-0.032686411930591457 -0.0020801470944431829 -0.050948736722800154 0.019348486128656094 -0.064418656790946535 0.01929870460223684 0.0015448253069482094 -0.02774898100970152 0.0033418135437335373 0.0074171859563463265 0.038076965510130539 0.00085575882313796228 -0.014838627804572423 -0.011203247741322428 0.0062931326469666 -0.0080179296277747246 -0.0058888367114873948 0.0041911635530387801 -0.0020707069843657069 0.013197764402884209 0.0011230336343037424 0.00011614032549172157 0.00092703457259885817
leaf_weight=12.999999999999998 11.999999999999998 21 10.999999999999998 23 56 18 24 11.000000000000002 54 28 13.000000000000002 28 28.000000000000004 14.999999999999998 10.999999999999998 18 44 13.999999999999995 68 11.999999999999998 11.000000000000002 11.999999999999998
leaf_count=13 12 21 11 23 56 18 24 11 54 28 13 28 28 15 11 18 44 14 68 12 11 12
internal_value=-0.00213869 -0.0210664 -0.017032 -0.0301936 0.0137474 -0.00759128 -0.0107443 -0.0137977 0.00758234 0.0277557 -0.00455468 -0.00885456 -0.00619492 0.000136136 -0.0237979 -0.00319139 0.00231911 0.00027124 0.0111611 -3.12546e-05 -0.000982072 0.00376169
internal_weight=545 248 227 89 297 138 127 66 213 84 92 46 53 46 35 31 91 25 122 35 23 56
internal_count=545 248 227 89 297 138 127 66 213 84 92 46 53 46 35 31 91 25 122 35 23 56
is_linear=0
shrinkage=0.0529975


Tree=52
num_leaves=23
num_cat=0
split_feature=37 29 19 29 37 38 19 29 37 29 29 28 9 19 45 47 37 37 37 19 13 13
split_gain=54.551 8.16746 9.01301 15.9801 8.03481 3.89676 3.21153 3.01326 1.75704 0.793547 0.361079 0.615693 0.368068 0.345443 0.274586 0.366818 0.176406 0.171559 0.133327 0.0179288 0.0165812 0.00966058
threshold=-0.78948456671466416 1.0939113685825921 -0.27139899128830619 0.092064071066336753 1.6722873850234283 -0.24281526106861553 -1.0429653928487965 0.58687950133281286 0.20235370685613588 -0.15716204103522488 0.13350758775729649 -0.071462254183915774 0.23699458342849308 -0.50025667382205452 -0.8222916492619764 -0.17547900012222076 2.1084445962342691 -0.40155627789733084 0.61125109236629682 0.12123585939265195 -0.80835459406353427 -0.025205726072662717
decision_type=2 2 2 2 2 2 2 2 2 2 2 2 2 2 2 2 2 2 2 2 2 2
left_child=1 2 3 6 8 -4 -1 10 17 14 -7 -12 19 -5 -8 -16 -6 21 -10 -13 -19 -2
right_child=4 -3 5 13 16 7 9 -9 18 -11 11 12 -14 -15 15 -17 -18 20 -20 -21 -22 -23
leaf_value=-0.032227253965480956 -0.00072608319840566395 -0.048848336589736314 0.01868483728073761 -0.065526355603994932 0.01875734163819576 0.0036945257918317535 0.0033540081114808501 -0.020529623110313189 0.0074862651106849983 -0.01334888070239661 -0.010987392732986639 -0.0048980698339938242 0.005939684350002538 -0.026359855430059136 0.001966353161292924 -0.0078968729285388579 0.036414921507301759 0.0010376646455464199 0.014029566045279024 -0.00063199021684010764 0.0048018988037298385 0.00074901653509206021
leaf_weight=11.999999999999998 21 21 10.999999999999998 18 33 18 14.999999999999998 33 45 21 15.999999999999998 11.000000000000002 12.999999999999998 14.999999999999998 12.999999999999995 20.000000000000004 28 12.999999999999998 85 10.999999999999998 55 17
leaf_count=12 21 21 11 18 33 18 15 33 45 21 16 11 13 15 13 20 28 13 85 11 55 17
internal_value=-0.00208274 -0.0201876 -0.0163173 -0.0264815 0.0131124 -0.00518665 -0.0119299 -0.00872022 0.00822161 -0.00601231 -0.00178924 -0.00403229 0.000118845 -0.0546933 -0.00154724 -0.00412736 0.0295005 0.0028324 0.0122459 -0.00360674 0.00431906 0
internal_weight=545 248 227 114 297 113 81 102 236 69 69 51 35 33 48 33 61 106 130 22 68 38
internal_count=545 248 227 114 297 113 81 102 236 69 69 51 35 33 48 33 61 106 130 22 68 38
is_linear=0
shrinkage=0.0529975


Tree=53
num_leaves=27
num_cat=0
split_feature=43 29 27 13 27 27 39 26 45 1 5 30 29 39 29 0 27 44 45 9 13 39 13 27 39 13
split_gain=49.8395 7.45174 14.6459 12.8712 10.2053 8.45939 7.12214 2.07068 1.41205 1.17591 1.12796 1.007 0.888102 0.749053 0.491888 0.39689 0.386122 0.304716 0.207548 0.165646 0.154378 0.129662 0.120281 0.111313 0.0542641 0.0306594
threshold=1.0000000180025095e-35 0.55429414669926913 -0.036067908672960537 1.1372039144672474 0.56461929902411578 -1.0840563955287073 1.1651088838879256 -0.66871801552839083 -0.36806745177278138 -0.52851467950102726 -0.7305514475155096 0.40226600080149705 -0.15716204103522488 0.33335776788007615 0.031036353483505329 -0.82319970821935406 0.33105089177525177 1.0000000180025095e-35 -0.48162350114508018 0.12359606136457299 0.21121657369816649 -0.36394965021240538 -0.46849753814296741 0.03609915644766503 -0.47999791929632923 -0.80835459406353427
decision_type=2 2 2 2 2 2 2 2 2 2 2 2 2 2 2 2 2 2 2 2 2 2 2 2 2 2
left_child=1 5 -3 4 16 -1 13 8 15 14 -8 19 18 20 -9 -7 -4 -14 -13 -11 21 -2 -15 -21 -22 -23
right_child=6 2 3 -5 -6 7 10 9 -10 11 -12 12 17 22 -16 -17 -18 -19 -20 23 24 25 -24 -25 -26 -27
leaf_value=-0.04844757582288306 -0.0020924692112093551 -0.072238189805188813 -0.01951334250388588 -0.048739798461767854 0.033908350183551199 -0.0084691258051366961 0.037622531574415675 0.01093340464682864 -0.0011217342333494358 -0.0034625288166504537 0.018372439709616807 0.0018289424522044473 -0.021508641148381375 0.0053232370117872662 -0.0019971196567509426 -0.029095436743586684 -0.0041387149363584863 -0.0051650279837058876 -0.0061673238114491498 -0.00090714185598569745 0.0016934311621945386 0 0.012063692702972558 0.0051435858713136731 0.006788012099247601 0.0032131874441628026
leaf_weight=10.999999999999998 15.999999999999998 14.999999999999998 20 18 10.999999999999998 11.999999999999998 17 12.000000000000002 11.999999999999998 21 79 11.000000000000002 16.000000000000004 32 10.999999999999998 16.000000000000004 11.999999999999998 10.999999999999998 13.999999999999998 11.000000000000002 18 11.999999999999998 52 10.999999999999998 32 42
leaf_count=11 16 15 20 18 11 12 17 12 12 21 79 11 16 32 11 16 12 11 14 11 18 12 52 11 32 42
internal_value=-0.00203738 -0.0195319 -0.0329982 -0.0176428 -0.000111001 -0.012513 0.0123298 -0.00828867 -0.0179702 -0.00424013 0.0238612 -0.00681786 -0.0113821 0.00634358 0.00537423 -0.0235141 -0.0154947 -0.0172105 -0.00275045 -0.000438226 0.00330362 0.00136478 0.0100993 0.00232243 0.00545644 0.00261232
internal_weight=545 245 76 61 43 169 300 158 40 118 96 95 52 204 23 28 32 27 25 43 120 70 84 22 50 54
internal_count=545 245 76 61 43 169 300 158 40 118 96 95 52 204 23 28 32 27 25 43 120 70 84 22 50 54
is_linear=0
shrinkage=0.0529975


Tree=54
num_leaves=24
num_cat=0
split_feature=37 29 28 29 6 37 9 30 29 37 19 19 29 28 37 7 8 37 37 9 19 37 13
split_gain=45.9936 7.56007 7.69149 11.0194 7.17862 6.85292 2.24772 1.86165 1.54374 1.42532 1.3346 0.628244 0.569257 0.440053 0.238518 0.18162 0.173552 0.144059 0.0927678 0.0197711 0.0121139 0.0125559 0.00265948
threshold=-0.78948456671466416 0.96361458521015575 -0.7132154924804589 -0.54213609959460229 -0.80800736895610803 1.6722873850234283 -1.5624087533424216 -0.41432049956592126 0.29136380271561407 0.20235370685613588 -0.1106783865241085 -0.12459461559622249 -0.17292469673266564 -0.33651806663970074 2.1084445962342691 0.84691737639410036 -0.11124742640394288 -0.33445516848028017 0.61125109236629682 1.1250912748163235 -0.079993913381877391 -0.57350287077852791 -0.80835459406353427
decision_type=2 2 2 2 2 2 2 2 2 2 2 2 2 2 2 2 2 2 2 2 2 2 2
left_child=1 2 3 -1 -3 9 -4 -8 11 17 -10 12 16 -14 -7 -12 -9 20 -11 -17 21 -2 -19
right_child=5 4 6 -5 -6 14 7 8 10 18 15 -13 13 -15 -16 19 -18 22 -20 -21 -22 -23 -24
leaf_value=0.0030099767122185464 -0.0016066401718314055 -0.066428178997415835 -0.028052750240307879 -0.051981437469065486 -0.012076647985345258 0.016987492884533533 0.0097287039152606745 -0.0037129070511780385 -0.028845754219755892 0.0068043836574748365 -0.012149250480229367 0.0034685676772784331 -0.013769259065686374 -0.0027539133159085898 0.033663363060328348 -0.00078917301833828413 0.0031030235862352174 0.0010468677298868729 0.012632482759115068 -0.0050992465044453657 0.0009764264144522482 0.00019069698388899934 0.0044531945381508647
leaf_weight=13.999999999999998 11.000000000000002 12.000000000000002 10.999999999999998 25 17 33 11.999999999999998 14.000000000000002 10.999999999999998 45 23 20 23.999999999999996 24.000000000000004 28 12.000000000000002 15.999999999999998 10.999999999999998 85 12.999999999999998 20 12.999999999999998 51
leaf_count=14 11 12 11 25 17 33 12 14 11 45 23 20 24 24 28 12 16 11 85 13 20 13 51
internal_value=-0.00200972 -0.0186339 -0.0144259 -0.0343153 -0.042295 0.0119428 -0.00911166 -0.00691989 -0.00854634 0.00742886 -0.0149944 -0.00395643 -0.00605514 -0.00930841 0.0270741 -0.00883991 0 0.00256506 0.0110554 -0.00380864 3.39829e-05 -0.00055673 0.00409718
internal_weight=545 248 219 39 29 297 180 169 157 236 59 98 78 48 61 48 30 106 130 25 44 24 62
internal_count=545 248 219 39 29 297 180 169 157 236 59 98 78 48 61 48 30 106 130 25 44 24 62
is_linear=0
shrinkage=0.0529975


Tree=55
num_leaves=23
num_cat=0
split_feature=37 29 19 29 37 38 29 31 19 37 35 31 29 19 9 7 37 19 29 37 30 19
split_gain=42.26 7.14351 7.67014 13.2359 6.2834 3.85112 2.53636 2.49236 1.40863 1.2847 0.755728 0.607598 0.533503 0.958965 0.312972 0.27288 0.131115 0.0935231 0.0930248 0.07849 0.0125792 0.00799505
threshold=-0.78948456671466416 1.0939113685825921 -0.45332057286409322 0.092064071066336753 1.6722873850234283 -0.24281526106861553 0.52337296649648568 -0.35693652117952007 -0.92602225282107575 0.20235370685613588 -0.69044599243232907 0.97117537728143455 -0.054945875154369203 -0.079993913381877391 -0.23219308055222279 -1.3300590492267399 -0.40155627789733084 0.09284057523187364 0.26696810119628295 0.61125109236629682 0.42738830690130353 -0.079993913381877391
decision_type=2 2 2 2 2 2 2 2 2 2 2 2 2 2 2 2 2 2 2 2 2 2
left_child=1 2 3 7 9 -4 12 8 -1 16 -9 -8 -7 18 -15 -6 21 -16 -14 -11 -18 -2
right_child=4 -3 5 -5 15 6 11 10 -10 19 -12 -13 13 14 17 -17 20 -19 -20 -21 -22 -23
leaf_value=-0.031330182751253516 -0.0007028981306084574 -0.044612822066123554 0.018102379405048375 -0.0562656077663495 0.037817369300800915 0.0055960801858370235 -0.022905937557622418 0.0073191953353646871 -0.0062784106950867242 0.0064861711741731245 -0.0063918345096535371 -0.0051963636284313866 -0.0056728202295922969 -0.0044687672189971019 0.00010054495132509638 0.019031134276685867 0.0042010743602026368 0.0067801272147646578 -0.014628411527199724 0.012007110357162527 0.00092278928999777149 0.00063289961844478055
leaf_weight=14.000000000000002 20 21 10.999999999999998 23 11.999999999999998 10.999999999999998 28 11.999999999999998 15.999999999999998 45 24 12.999999999999998 28 10.999999999999998 12.000000000000002 49 54 12.999999999999998 10.999999999999998 85 13.999999999999998 18
leaf_count=14 20 21 11 23 12 11 28 12 16 45 24 13 28 11 12 49 54 13 11 85 14 18
internal_value=-0.00197821 -0.0179133 -0.0143287 -0.0260018 0.011396 -0.00598261 -0.00884336 -0.0115505 -0.0214349 0.00707343 -0.00126268 -0.0188188 -0.00309505 -0.00477591 0.00130141 0.0258851 0.00245009 0.00443897 -0.00996681 0.0105176 0.00375 0
internal_weight=545 248 227 89 297 138 127 66 30 236 36 41 86 75 36 61 106 25 39 130 68 38
internal_count=545 248 227 89 297 138 127 66 30 236 36 41 86 75 36 61 106 25 39 130 68 38
is_linear=0
shrinkage=0.0529975


Tree=56
num_leaves=25
num_cat=0
split_feature=43 13 19 29 19 39 19 45 29 19 5 1 39 29 19 29 0 13 13 19 39 39 13 39
split_gain=38.574 6.69516 14.3752 8.80789 6.90134 5.49498 5.00024 3.29029 2.26713 4.52888 1.18809 0.771211 0.753989 0.389205 0.513652 0.328648 0.3106 0.136796 0.129242 0.128608 0.103665 0.0386191 0.0221707 0.00150354
threshold=1.0000000180025095e-35 1.1569057727814835 0.56461929902412689 0.67528232375896413 -1.084056395528697 1.2711080041032032 0.26814377908824444 -1.0494037480065741 -0.020202083740976092 -0.34390726110670761 -0.7305514475155096 -0.49608686814034797 0.33335776788007615 0.26696810119628295 -0.073027776466943153 -0.4039438303596648 -0.21349987310990928 0.22106750285528437 -0.45864660898584947 -0.079993913381877391 -0.36394965021240538 -0.47999791929632923 -0.80835459406353427 -0.21892884926927833
decision_type=2 2 2 2 2 2 2 2 2 2 2 2 2 2 2 2 2 2 2 2 2 2 2 2
left_child=1 2 3 4 -1 12 -5 -3 11 -10 -7 -6 17 19 -15 -13 -17 20 -14 -11 -2 -19 -22 -24
right_child=5 7 -4 6 8 10 -8 -9 9 13 -12 15 18 14 -16 16 -18 21 -20 -21 22 -23 23 -25
leaf_value=-0.044614165824714516 -0.0019771860222499121 -0.011005364099256232 0.034110480914691418 -0.056761147767328671 0.00753254239816732 0.036409106467566309 -0.0075234588607159918 -0.057053887248492759 -0.029687943388974389 -0.0029619277392011817 0.016271025214673527 0.0020321356050918213 0.0051843573329207974 -0.015821838908546427 -0.0034756836644548776 -0.012101089346284333 -0.0018750497316809076 0.0015641323568514537 0.011245183368682432 0.0029282293649315551 0 0.006106781873892653 0.00052567422984732277 0.003073609878600394
leaf_weight=10.999999999999998 15.999999999999998 11.000000000000002 10.999999999999998 17.000000000000004 17 13.999999999999998 10.999999999999998 11.999999999999998 27 18.000000000000004 67 13.999999999999998 39 11.999999999999998 35 10.999999999999998 26 18 60 11.999999999999998 11.999999999999998 31 10.999999999999998 32
leaf_count=11 16 11 11 17 17 14 11 12 27 18 67 14 39 12 35 11 26 18 60 12 12 31 11 32
internal_value=-0.00191785 -0.0173088 -0.0136697 -0.0170666 -0.011938 0.0107214 -0.0423621 -0.0421018 -0.00837648 -0.0130838 0.0221016 -0.000605819 0.00600443 -0.00545312 -0.00819322 -0.00394822 -0.00634133 0.00286982 0.00935655 -0.000316514 0.00109298 0.00491754 0.0022072 0.00270847
internal_weight=545 245 222 211 183 300 28 23 172 104 81 68 219 77 47 51 37 120 99 30 71 49 55 43
internal_count=545 245 222 211 183 300 28 23 172 104 81 68 219 77 47 51 37 120 99 30 71 49 55 43
is_linear=0
shrinkage=0.0529975


Tree=57
num_leaves=26
num_cat=0
split_feature=37 29 19 29 37 38 19 29 37 19 29 29 19 31 47 5 37 8 19 28 37 19 37 37 13
split_gain=35.635 6.61931 7.00735 11.8095 5.40272 2.92254 2.27155 1.89992 1.17293 0.710131 0.599923 0.297691 0.476887 0.254804 0.210301 0.182001 0.138256 0.131975 0.0992786 0.0619294 0.0495635 0.0100007 0.0112531 0.00216231 2.20188e-05
threshold=-0.78948456671466416 1.0939113685825921 -0.27139899128830619 0.092064071066336753 1.7100317590705216 -0.24281526106861553 -1.0429653928487965 0.58687950133281286 0.27574554528103529 -0.50025667382205452 -0.15716204103522488 0.13350758775729649 0.09284057523187364 0.97117537728143455 -0.036118628440457261 -0.7305514475155096 -0.33445516848028017 -0.66886847697247165 -0.58317633917525924 -0.071462254183915774 0.73916258219255215 -0.079993913381877391 -0.57350287077852791 -0.18557458196119755 -0.80835459406353427
decision_type=2 2 2 2 2 2 2 2 2 2 2 2 2 2 2 2 2 2 2 2 2 2 2 2 2
left_child=1 2 3 6 8 -4 -1 11 16 -5 14 -7 19 -9 18 -6 21 -14 -8 -13 -10 22 -2 -18 -25
right_child=4 -3 5 9 15 7 10 13 20 -11 -12 12 17 -15 -16 -17 23 -19 -20 -21 -22 -23 -24 24 -26
leaf_value=-0.026623247536950966 -0.0015177457294576083 -0.04214112459248185 0.017204089404405123 -0.05625247544288562 0.034216589965672721 0.0039308603969672512 0.0043043186968122309 -0.019030284440999731 0.006583073477952014 -0.021303622961429944 -0.010985467644143437 -0.00917906593364844 -0.0013733649471032706 -0.0045758075942618102 -0.004292795874305989 0.016987317000014209 0.001288787498739222 0.0051073221584189308 -0.0010134862787820572 -0.0019329227610962051 0.011640701708391574 0.0008770362785809505 0.00017001107152736939 0.0012854305209713656 0.0046839131122992685
leaf_weight=11.999999999999998 11.000000000000002 21 10.999999999999998 18 14.999999999999998 18 14.999999999999998 22 50 14.999999999999998 21 15.999999999999998 11.000000000000002 10.999999999999998 21 38 14.999999999999998 11.999999999999998 12.000000000000002 12.000000000000002 78 20 12.999999999999998 11.999999999999998 45
leaf_count=12 11 21 11 18 15 18 15 22 50 15 21 16 11 11 21 38 15 12 12 12 78 20 13 12 45
internal_value=-0.00188334 -0.0165163 -0.0130923 -0.0220385 0.0103975 -0.0033524 -0.00957987 -0.0064661 0.00668257 -0.0462643 -0.00463098 -0.000983973 -0.00307222 -0.0158357 -0.000810312 0.0249641 0.00254305 0.00212394 0.0019745 -0.00716772 0.0101002 4.66367e-06 -0.000519461 0.00388512 0.00426978
internal_weight=545 248 227 114 297 113 81 102 244 33 69 69 51 33 48 53 116 23 27 28 128 44 24 72 57
internal_count=545 248 227 114 297 113 81 102 244 33 69 69 51 33 48 53 116 23 27 28 128 44 24 72 57
is_linear=0
shrinkage=0.0529975


Tree=58
num_leaves=21
num_cat=0
split_feature=37 13 19 29 19 19 37 29 19 26 37 48 8 45 37 19 7 37 15 36
split_gain=32.7381 6.32698 13.5389 8.85235 6.11254 5.98596 5.01183 2.51745 3.98134 1.35394 1.2252 0.680374 0.384828 0.289539 0.197029 0.100095 0.0663629 0.0191126 0.00709142 0.00255819
threshold=-0.78948456671466416 1.4819864349663734 0.56461929902412689 0.7731741465887918 0.12500767621502204 -1.084056395528697 1.8777845326131508 0.29136380271561407 -0.1106783865241085 -0.68156680265806024 0.47495196386290883 1.0000000180025095e-35 1.0554987731082663 -0.48162350114508018 -0.18557458196119755 0.26166031420409674 -1.3300590492267399 -0.63011943184916475 -1.1866021824498418 0.77085285177775187
decision_type=2 2 2 2 2 2 2 2 2 2 2 2 2 2 2 2 2 2 2 2
left_child=1 2 3 5 -5 -1 10 9 -9 12 14 13 -7 -11 17 -10 -8 -2 -12 -19
right_child=6 -3 -4 4 -6 7 16 8 15 11 18 -13 -14 -15 -16 -17 -18 19 -20 -21
leaf_value=-0.042078352174460348 -0.00066151142733605244 -0.042600865310580785 0.033645739066241485 -0.064690435435606417 -0.0079249795168393772 -0.015405752679811724 0.035379804972988246 -0.034926038993385679 -0.0077652393320913867 0.00082064029379938746 0.0036754798312480883 0.0085860145102060192 -0.0017454827296173037 -0.0051541684404060152 0.0046931471675931077 -0.0011368388300345862 0.017052489067659854 0.0013386546364254333 0.011099895918126403 0
leaf_weight=10.999999999999998 15.999999999999998 18 10.999999999999998 11.000000000000002 10.999999999999998 22 10.999999999999998 17 29 38.999999999999993 10.999999999999998 13.999999999999998 10.999999999999998 40.000000000000007 80 13.999999999999998 33 32 103 10.999999999999998
leaf_count=11 16 18 11 11 11 22 11 17 29 39 11 14 11 40 80 14 33 32 103 11
internal_value=-0.00183589 -0.0158616 -0.0127101 -0.0159042 -0.0443338 -0.0114791 0.00993491 -0.0083754 -0.0168438 -0.00370791 0.00667947 -0.000146355 -0.012 -0.0022726 0.00305987 -0.00615296 0.0254678 0.000509124 0.0106612 0.00111491
internal_weight=545 248 230 219 22 197 297 186 60 126 253 93 33 79 139 43 44 59 114 43
internal_count=545 248 230 219 22 197 297 186 60 126 253 93 33 79 139 43 44 59 114 43
is_linear=0
shrinkage=0.0529975


Tree=59
num_leaves=26
num_cat=0
split_feature=43 29 19 29 39 38 26 29 19 53 5 19 39 29 29 19 31 45 13 39 13 28 39 19 13
split_gain=30.0106 6.02647 6.33255 10.2875 4.30588 2.57691 2.00012 1.60932 1.28254 1.12736 1.09685 0.786707 0.548841 0.384421 0.262377 0.463219 0.239834 0.166741 0.131459 0.086642 0.0847887 0.0750965 0.0295727 0.0566506 0.0116203
threshold=1.0000000180025095e-35 1.0939113685825921 -0.27139899128830619 0.092064071066336753 1.2711080041032032 -0.24281526106861553 -0.50533362137495264 0.58687950133281286 -0.92602225282107575 -0.36007183007885429 -0.7305514475155096 -0.50025667382205452 0.42080037888319483 -0.17292469673266564 0.14166478361825202 0.12123585939265195 0.97117537728143455 -0.59517955051737881 0.13240914044122343 -0.36394965021240538 -0.576857758871264 -0.071462254183915774 -0.30472822905601454 0.22724928406737435 -0.80835459406353427
decision_type=2 2 2 2 2 2 2 2 2 2 2 2 2 2 2 2 2 2 2 2 2 2 2 2 2
left_child=1 2 3 6 12 -4 8 14 -1 -8 -6 -5 18 -10 -7 21 -9 -11 19 -2 -14 -16 23 -20 -21
right_child=4 -3 5 11 10 7 9 16 13 17 -12 -13 20 -15 15 -17 -18 -19 22 24 -22 -23 -24 -25 -26
leaf_value=-0.027339147647043663 -0.0018493753123678474 -0.039769471437583553 0.016498905616808317 -0.052790132991435895 0.032718650159412284 0.0039673097226336808 0.0093397723659930775 -0.017324860193148911 0.00081753439527143079 -0.00061795393919170105 0.014085744177099053 -0.019496498358362403 0.0040991920971677103 -0.010982800498236587 -0.0085488816640485188 0.0030502348141656986 -0.0038855621411207379 -0.0091060643636314449 0 6.9861633098406247e-05 0.0097141408050570189 -0.0016855286221239567 0.0058946372408245559 0.0041131743312174734 0.0023655835476632642
leaf_weight=13.999999999999998 15.999999999999998 21 10.999999999999998 18 13.999999999999998 18 13.999999999999998 22 10.999999999999998 13.000000000000002 67 14.999999999999998 30 11.000000000000002 15.999999999999998 19 10.999999999999998 17 15.000000000000002 14.999999999999998 60 14.000000000000002 29 10.999999999999998 43
leaf_count=14 16 21 11 18 14 18 14 22 11 13 67 15 30 11 16 19 11 17 15 15 60 14 29 11 43
internal_value=-0.00180107 -0.0153766 -0.0120822 -0.0205966 0.00934689 -0.00274329 -0.00884719 -0.00573946 -0.0171314 -0.000687725 0.0194198 -0.0431608 0.005172 -0.00592177 -0.000593433 -0.00264571 -0.0143105 -0.00633759 0.00267457 0.000958697 0.00828822 -0.00635435 0.00454748 0.00200349 0.00194318
internal_weight=545 245 224 113 300 111 80 100 36 44 81 33 219 22 67 49 33 30 129 74 90 30 55 26 58
internal_count=545 245 224 113 300 111 80 100 36 44 81 33 219 22 67 49 33 30 129 74 90 30 55 26 58
is_linear=0
shrinkage=0.0529975


Tree=60
num_leaves=25
num_cat=0
split_feature=37 13 19 37 9 30 1 30 13 31 37 10 1 5 45 6 13 45 37 7 19 37 15 13
split_gain=27.6885 5.70512 12.7004 4.34398 4.14898 1.92701 3.58019 1.73582 1.68635 1.15608 0.991761 0.750127 0.641716 0.640432 0.435615 0.297177 0.250808 0.234332 0.17189 0.15087 0.120549 0.016377 0.00872531 0.00585104
threshold=-0.78948456671466416 1.4819864349663734 0.56461929902412689 1.8777845326131508 -0.84871794172517956 0.52738096071083229 -0.63930970165001366 0.36035248426005978 -0.28132988415772758 0.4664258459781368 0.53366543460282967 0.52784331388847006 1.0678095630845852 -1.2005873136312886 -0.14095535302818379 0.31504395478129615 -0.10401315932960577 0.54038094320560914 -0.18557458196119755 -1.3300590492267399 0.074821290787461955 -0.68463908325052059 -1.1866021824498418 -0.71477076707091436
decision_type=2 2 2 2 2 2 2 2 2 2 2 2 2 2 2 2 2 2 2 2 2 2 2 2
left_child=1 2 4 10 7 12 -7 11 15 -10 18 -1 13 -6 20 -8 -14 -16 21 -5 -15 -2 -12 -23
right_child=3 -3 -4 19 5 6 8 -9 9 -11 22 -13 16 14 17 -17 -18 -19 -20 -21 -22 23 -24 -25
leaf_value=-0.02090278952424773 -0.00074724968951341507 -0.040004334928470706 0.033153966584801825 0.033160246695764145 -0.011814172929568099 0.0071207389233021801 -0.00085257294191479649 -0.041368613666228155 -0.012164441028789474 -0.039919491195366114 0.0032628667437599314 -0.0019332185773473902 -0.0025853226315356512 0.00061321447026969303 -0.0081181841968563356 -0.012729688960141794 -0.015169666495119477 0.00040271798571990671 0.0043313594473494378 0.015529383094623856 0.0066742269786908524 0 0.01013397255780552 0.0012560876704913767
leaf_weight=12.000000000000002 12.999999999999998 18 10.999999999999998 10.999999999999998 10.999999999999998 10.999999999999998 11.000000000000002 17 16.000000000000004 14.999999999999998 10.999999999999998 11.999999999999998 11.000000000000002 30 16.000000000000004 17 17 11.999999999999998 83 33 10.999999999999998 10.999999999999998 100 35
leaf_count=12 13 18 11 11 11 11 11 17 16 15 11 12 11 30 16 17 17 12 83 33 11 11 100 35
internal_value=-0.00175482 -0.0146538 -0.0116742 0.00906982 -0.0147804 -0.0105562 -0.0171838 -0.0292845 -0.0220616 -0.0300766 0.0060424 -0.0139334 -0.00552122 -0.00258896 -0.000198117 -0.00924252 -0.0117593 -0.004834 0.00284715 0.0235253 0.00303206 0.000444757 0.00971488 0.000963284
internal_weight=545 248 230 297 219 178 70 41 59 31 253 24 108 80 69 28 28 28 142 44 41 59 111 46
internal_count=545 248 230 297 219 178 70 41 59 31 253 24 108 80 69 28 28 28 142 44 41 59 111 46
is_linear=0
shrinkage=0.0529975


Tree=61
num_leaves=23
num_cat=0
split_feature=37 29 6 19 29 37 9 30 37 29 19 19 29 28 29 37 9 6 1 37 13 37
split_gain=25.4618 5.68965 6.51313 5.18237 8.8548 4.03882 1.5879 1.45972 1.0099 0.948761 0.943167 0.372284 0.449812 0.265167 0.197469 0.180179 0.157094 0.133602 0.0466874 0.0190765 0.00679648 0.000152488
threshold=-0.78948456671466416 0.96361458521015575 -0.80800736895610803 -0.71234336683649502 -0.54213609959460229 1.9469825516994852 -1.5624087533424216 -0.41432049956592126 0.61125109236629682 0.29136380271561407 -0.1106783865241085 -0.12459461559622249 -0.17292469673266564 -0.33651806663970074 0.60923513714294653 -0.087019827504899783 0.15881840243353676 0.6535002668551112 -1.1197631366375458 -0.63011943184916475 -0.71477076707091436 -0.44978520029083774
decision_type=2 2 2 2 2 2 2 2 2 2 2 2 2 2 2 2 2 2 2 2 2 2
left_child=1 3 -3 4 -1 8 -5 -8 15 11 -11 12 17 -14 16 19 -12 -9 -7 -2 -21 -22
right_child=5 2 -4 6 -6 18 7 9 -10 10 14 -13 13 -15 -16 -17 -18 -19 -20 20 21 -23
leaf_value=0.0055797696960197575 -0.00059837562785029753 -0.057019852872689195 -0.0074824536819035198 -0.021960424453141711 -0.042701899435183294 0.032191925293552817 0.010105651641748922 -0.0017983670976829641 0.0097718788629806534 -0.022326099099289693 -0.0047960523538140617 0.0032553040285666981 -0.010203709001063233 -0.0017729037187719959 -0.0089921051995820091 0.0044407459260661277 0.0021593389939833715 0.0042048069776401869 0.014815293380423989 0 0.00013385536764082241 0.0017113648100678328
leaf_weight=13.999999999999998 15.999999999999998 12.000000000000002 17 10.999999999999998 25 10.999999999999998 11.999999999999998 16.000000000000004 108 10.999999999999998 13.000000000000002 20 24.999999999999996 24.000000000000004 24 85 10.999999999999998 12.999999999999998 27 12.999999999999998 11.999999999999995 25.000000000000004
leaf_count=14 16 12 17 11 25 11 12 16 108 11 13 20 25 24 24 85 11 13 27 13 12 25
internal_value=-0.00171607 -0.0140856 -0.034438 -0.0105135 -0.0267809 0.00866398 -0.00620156 -0.00441857 0.00594418 -0.00590249 -0.0109327 -0.00235118 -0.00400166 -0.00684488 -0.00600295 0.00289333 -0.00158093 0.000952497 0.0237061 0.000599563 0.00113066 0.00145221
internal_weight=545 248 29 219 39 297 180 169 259 157 59 98 78 49 48 151 24 29 38 66 50 37
internal_count=545 248 29 219 39 297 180 169 259 157 59 98 78 49 48 151 24 29 38 66 50 37
is_linear=0
shrinkage=0.0529975


Tree=62
num_leaves=22
num_cat=0
split_feature=37 36 19 29 19 37 29 29 19 26 37 48 29 30 7 37 31 30 34 37 37
split_gain=23.409 5.22823 11.8246 7.21197 5.09447 3.69413 3.5963 1.96597 3.16672 0.984192 0.851381 0.542763 0.362394 0.224935 0.146802 0.136599 0.115349 0.015905 0.00912647 0.00570919 0.000789803
threshold=-0.75383710233685208 -1.3231424407904988 0.56461929902412689 0.7731741465887918 -1.084056395528697 1.9469825516994852 0.91470921892100709 0.29136380271561407 -0.1106783865241085 -0.68156680265806024 0.61125109236629682 1.0000000180025095e-35 -0.060961219973233179 0.50176205256839046 0.75838092719554961 -0.04088781478067683 -0.96321629034271128 0.28316466899559672 1.221743013828305 -0.44978520029083774 -0.52737085805430506
decision_type=2 2 2 2 2 2 2 2 2 2 2 2 2 2 2 2 2 2 2 2 2
left_child=1 6 3 4 -3 10 -1 9 -9 12 15 13 -6 -11 -10 17 -7 19 -12 -2 -19
right_child=5 2 -4 -5 7 16 -8 8 14 11 18 -13 -14 -15 -16 -17 -18 20 -20 -21 -22
leaf_value=-0.0060881195386835686 0.00012026451919287852 -0.037756929065657162 0.03158161732640502 -0.040685683824158103 -0.0024190142604446972 0.030832054457675138 -0.049013831092458916 -0.030336773370734878 -0.0071679970972876421 0.0011998031748478644 0.0096967404218998195 0.0083431727117806512 -0.014461128691543699 -0.0040159530655945056 -0.00056012538025470226 0.0043454131259661943 0.013787973675138262 -0.00035115682162627519 0.0030779093223263164 0.0019662733178431066 7.6383357310403721e-05
leaf_weight=11.000000000000002 17 10.999999999999998 11.999999999999998 19 17 11.999999999999998 12.999999999999998 17 24 38 97 12.999999999999998 15.999999999999998 42 19 79 26 11.000000000000002 10.999999999999998 25 14.999999999999998
leaf_count=11 17 11 12 19 17 12 13 17 24 38 97 13 16 42 19 79 26 11 11 25 15
internal_value=-0.00167702 -0.0133672 -0.0102572 -0.0134034 -0.00961356 0.00842042 -0.0347224 -0.00678555 -0.0142526 -0.00269095 0.00577661 0.000187138 -0.0097626 -0.00154634 -0.00481668 0.00289329 0.0227977 0.000896437 0.00928124 0.00147298 0
internal_weight=545 252 228 216 197 293 24 186 60 126 255 93 33 80 43 147 38 68 108 42 26
internal_count=545 252 228 216 197 293 24 186 60 126 255 93 33 80 43 147 38 68 108 42 26
is_linear=0
shrinkage=0.0529975


Tree=63
num_leaves=26
num_cat=0
split_feature=39 30 29 39 30 37 19 29 38 37 26 6 29 30 24 9 15 37 29 19 1 45 1 13 1
split_gain=21.5528 5.64345 7.77885 7.7423 8.91122 3.16944 2.63174 2.45629 1.43567 0.586074 0.374839 0.288399 0.193154 0.265238 0.180788 0.167818 0.162742 0.185003 0.160615 0.157176 0.14037 0.102735 0.0541752 0.0414677 0.000689982
threshold=-0.43696225152990481 0.51871690791773173 0.092064071066336753 -1.1558530955085182 -0.82590330011500368 1.9469825516994852 -1.0429653928487965 0.52337296649648568 0.13090962736835629 0.84820188499526061 -0.68156680265806024 0.31504395478129615 -0.008912818970167935 0.26398442461595711 1.6014705879276734 -0.23219308055222279 0.86491804503317982 -0.04088781478067683 -0.39613487478548931 -0.3357664568293684 -1.1197631366375458 -0.36806745177278138 -0.34289341447093324 -0.82313098779921112 -0.30739055203294841
decision_type=2 2 2 2 2 2 2 2 2 2 2 2 2 2 2 2 2 2 2 2 2 2 2 2 2
left_child=1 3 6 -1 -5 9 -3 10 14 16 21 -8 -12 15 -9 -14 17 23 -13 -4 -7 -6 -22 -2 -25
right_child=5 2 19 4 7 20 11 8 -10 -11 12 18 13 -15 -16 -17 -18 -19 -20 -21 22 -23 -24 24 -26
leaf_value=-0.03968800844603268 -0.0014272320873363617 -0.026331988322800925 -0.049251393693223414 0.033693959365894206 -0.0080315458884284482 0.030295949617211201 0.0030279302060747079 -0.0094156829921208975 -0.027438558260645948 0.0094481914065121918 0.004847991942744696 0 -0.0028276887872341451 -0.0062202214059200638 -0.00039293618615374854 0.0028116105865146463 0.0090725764980217252 0.004248598334942324 -0.0075705134866030461 -0.01737744119463832 0.0048005725810241371 -0.00086739385577539667 0.016090136657101781 1.7970137437057919e-05 0.0015930279311347525
leaf_weight=11.999999999999998 19 11.999999999999998 19.000000000000004 10.999999999999998 22 10.999999999999998 15.999999999999998 21 14.999999999999998 87 12.999999999999998 11.999999999999998 16.999999999999993 14.999999999999998 10.999999999999998 34.000000000000007 10.999999999999998 90 15.000000000000002 10.999999999999998 11.000000000000002 11.999999999999998 15.999999999999998 10.999999999999998 21
leaf_count=12 19 12 19 11 22 11 16 21 15 87 13 12 17 15 11 34 11 90 15 11 11 12 16 11 21
internal_value=-0.00163812 -0.0122274 -0.0231356 -0.00655054 -0.00291984 0.00862443 -0.00925997 -0.00660534 -0.0160567 0.00599719 -0.00200451 -0.00171357 2.2767e-05 -0.00115526 -0.00704942 0.000709571 0.00369411 0.00287402 -0.00477467 -0.0426 0.0219202 -0.00618678 0.0134106 0.00013397 0.00132371
internal_weight=545 268 85 183 171 277 55 160 47 239 113 43 79 66 32 51 152 141 27 30 38 34 27 51 32
internal_count=545 268 85 183 171 277 55 160 47 239 113 43 79 66 32 51 152 141 27 30 38 34 27 51 32
is_linear=0
shrinkage=0.0529975


Tree=64
num_leaves=25
num_cat=0
split_feature=39 30 39 30 29 37 19 29 38 37 29 10 6 45 45 31 15 24 37 29 29 44 13 1
split_gain=19.8721 5.22135 7.21268 8.30096 7.1633 2.97945 2.44996 2.27057 1.32961 0.523411 0.481043 0.35324 0.267023 0.196227 0.335949 0.175739 0.165528 0.164592 0.150337 0.148857 0.132168 0.0771002 0.0425912 0.000809054
threshold=-0.43696225152990481 0.51871690791773173 -1.1558530955085182 -0.82590330011500368 0.092064071066336753 1.9469825516994852 -1.0429653928487965 0.52337296649648568 0.13090962736835629 0.73916258219255215 0.57049017291794757 1.1185036050616828 0.31504395478129615 -1.1629597973788728 -0.25451140240048259 -0.96321629034271128 0.86491804503317982 1.6014705879276734 1.0000000180025095e-35 -0.39613487478548931 0.25849815300452755 -0.7704731892735065 -0.82313098779921112 -0.30739055203294841
decision_type=2 2 2 2 2 2 2 2 2 2 2 2 2 2 2 2 2 2 2 2 2 2 2 2
left_child=1 2 -1 -4 6 9 -3 11 17 16 -6 13 -8 -5 21 -7 18 -9 22 -14 -16 -15 -2 -24
right_child=5 4 3 7 10 15 12 8 -10 -11 -12 -13 19 14 20 -17 -18 -19 -20 -21 -22 -23 23 -25
leaf_value=-0.038285485120478344 -0.0013697376156652733 -0.025401449965572531 0.032538265338229885 -0.004284472931215309 -0.021916652358277281 0.028989369396908635 0.0029112038318593286 -0.0090275142605329654 -0.026399684429448005 0.0088108135191530476 -0.054064366996644513 -0.0069103875186195766 0 0.0003060936525780411 0.00038971046741907445 0.012551910157388614 0.0087613895661500275 -0.00037945859857771674 0.0039791840934201112 -0.007283879754750925 -0.0051458848238772293 0.0062785152642919929 1.735376678096185e-05 0.001595935868540218
leaf_weight=11.999999999999998 19 11.999999999999998 10.999999999999998 19 19.000000000000004 11.999999999999998 15.999999999999998 21 14.999999999999998 93 10.999999999999998 24 11.999999999999998 11.999999999999998 22 26 10.999999999999998 10.999999999999998 80 15.000000000000002 14.999999999999998 21 10.999999999999998 25
leaf_count=12 19 12 11 19 19 12 16 21 15 93 11 24 12 12 22 26 11 11 80 15 15 21 11 25
internal_value=-0.00159552 -0.0117638 -0.00630122 -0.00279622 -0.0222573 0.00825846 -0.00892885 -0.0063552 -0.0154431 0.00571366 -0.0409408 -0.00192886 -0.00164314 -0.000160593 0.00111658 0.021145 0.00342509 -0.0067676 0.00258663 -0.00459228 -0.00209669 0.00466686 0.000254518 0.00135126
internal_weight=545 268 183 171 85 277 55 160 47 239 30 113 43 89 70 38 146 32 135 27 37 33 55 36
internal_count=545 268 183 171 85 277 55 160 47 239 30 113 43 89 70 38 146 32 135 27 37 33 55 36
is_linear=0
shrinkage=0.0529975


Tree=65
num_leaves=29
num_cat=0
split_feature=39 30 39 30 29 37 19 29 7 29 37 26 6 19 29 45 44 1 15 37 31 19 34 38 6 1 13 36
split_gain=18.3251 4.86152 6.72133 7.73041 6.64496 2.77507 2.28073 2.1017 1.25226 0.484813 0.469898 0.325405 0.247238 0.241459 0.2733 0.207754 0.21834 0.196945 0.147266 0.149535 0.145083 0.138446 0.128143 0.114117 0.0739867 0.0723722 0.039934 0.00470539
threshold=-0.43696225152990481 0.51871690791773173 -1.1558530955085182 -0.82590330011500368 0.092064071066336753 1.9469825516994852 -1.0429653928487965 0.52337296649648568 0.83775774803185177 0.57049017291794757 0.84820188499526061 -0.56440320388895016 0.31504395478129615 -0.22831942904204558 -0.15716204103522488 -0.25451140240048259 -1.2624566551833614 -1.1197631366375458 0.86491804503317982 1.0000000180025095e-35 -0.067793863874690344 0.066280657057420436 0.28173528839972301 0.13090962736835629 -0.61352393386230897 -0.34289341447093324 -1.1186588625127476 0.77085285177775187
decision_type=2 2 2 2 2 2 2 2 2 2 2 2 2 2 2 2 2 2 2 2 2 2 2 2 2 2 2 2
left_child=1 2 -1 -4 6 10 -3 11 23 -6 18 13 -8 14 -5 16 -13 -7 19 26 -14 -17 -18 -9 -10 -19 -2 -28
right_child=5 4 3 7 9 17 12 8 24 -11 -12 15 20 -15 -16 21 22 25 -20 -21 -22 -23 -24 -25 -26 -27 27 -29
leaf_value=-0.036932524362710183 -0.0017766760677424729 -0.02450379527982955 0.031422210929642876 -0.00038599060531884887 -0.021033764629785064 0.028518751059102863 0.0027989770820500345 -0.0091056320075199211 0 -0.05220997191104372 0.0085429059368354078 -0.0025557302130885481 0 0.00056824838750418069 -0.011191102104196571 -0.0058696582405190854 0.0067453930116252404 0.0041028775075573421 0.0084608760733960765 0.0039096903281907432 -0.0074388528530784336 0.00015753329376707502 0 -0.027472137964942082 -0.0060714062507698447 0.014827572209254649 0.0013780324522555227 0
leaf_weight=11.999999999999998 11.999999999999998 11.999999999999998 10.999999999999998 12.000000000000002 19.000000000000004 10.999999999999998 15.999999999999998 12.000000000000002 11.000000000000002 10.999999999999998 87 10.999999999999995 13.999999999999998 10.999999999999998 15.999999999999998 12.999999999999998 20.000000000000007 11.000000000000002 10.999999999999998 86 13.000000000000002 19 10.999999999999998 11.999999999999998 11.999999999999998 15.999999999999998 32 10.999999999999998
leaf_count=12 12 12 11 12 19 11 16 12 11 11 87 11 14 11 16 13 20 11 11 86 13 19 11 12 12 16 32 11
internal_value=-0.00156399 -0.0113285 -0.00605681 -0.00267281 -0.0214544 0.00789845 -0.00860954 -0.00610933 -0.0148533 -0.0394521 0.00544365 -0.00184854 -0.00157534 -0.00541048 -0.00765067 0.000206239 0.00258484 0.0203329 0.00336862 0.0025949 -0.00441679 -0.00264709 0.00471629 -0.0221778 -0.00396376 0.0122096 0.000242299 0.00109677
internal_weight=545 268 183 171 85 277 55 160 47 30 239 113 43 39 28 74 42 38 152 141 27 32 31 24 23 27 55 43
internal_count=545 268 183 171 85 277 55 160 47 30 239 113 43 39 28 74 42 38 152 141 27 32 31 24 23 27 55 43
is_linear=0
shrinkage=0.0529975


Tree=66
num_leaves=27
num_cat=0
split_feature=39 29 13 19 29 19 37 29 19 29 37 19 29 8 26 9 29 15 6 37 9 47 9 13 37 9
split_gain=16.9484 4.37629 9.99438 5.93112 5.96732 3.31545 2.60882 1.93021 1.21664 0.600378 0.551967 0.375587 0.527801 0.253269 0.240158 0.216935 0.182511 0.17634 0.16175 0.131866 0.111907 0.0959819 0.0665936 0.0337753 0.00392595 3.84267e-05
threshold=-0.43696225152990481 1.0939113685825921 1.0780983395245405 -0.61139804268437181 -0.25359189156537315 0.43761099535384468 2.1084445962342691 0.52337296649648568 -0.036067908672949726 -0.5832868142001647 0.87755862036522103 -0.12459461559622249 -0.19322199846525803 0.45010700893080763 0.92986884120344449 -0.35791663023193693 0.24627008227285696 0.86491804503317982 0.53223009268930277 -0.04088781478067683 0.043518741696623071 0.73036341580924213 0.26302158581422697 -1.1186588625127476 -0.49382030334577687 0.52476271656541329
decision_type=2 2 2 2 2 2 2 2 2 2 2 2 2 2 2 2 2 2 2 2 2 2 2 2 2 2
left_child=1 3 -3 4 9 7 10 11 -9 -1 17 12 20 -8 -10 -13 18 19 -14 23 -5 22 -17 -2 -25 -26
right_child=6 2 -4 5 -6 -7 13 8 14 -11 -12 15 16 -15 -16 21 -18 -19 -20 -21 -22 -23 -24 24 25 -27
leaf_value=0.0026887346705143692 -0.0017138905126026791 0.0055853744120020121 -0.055329399235335822 -0.0012634567863923335 -0.04039379202124628 0.018821187154022381 0.0090306401615426607 -0.026835263038985872 -0.010161283300342831 -0.010410168858096692 0.0086698302967449358 -0.0029197710382743674 -6.3822933598155787e-05 0.027308365744803317 -0.00076377570166777397 -0.001458098726893725 -0.012231896688438337 0.0085633735620017134 -0.0065321424395549891 0.0035888169982796407 0.0045020517618082232 0.0065329292562338178 0.0029530678700991856 0 0.0015287368874607591 3.3473569319909734e-05
leaf_weight=13.000000000000002 11.999999999999998 11.000000000000002 11.999999999999998 13.000000000000002 23 10.999999999999998 14.000000000000002 10.999999999999998 19 15.999999999999998 94 18 20 13.999999999999998 14.999999999999998 12.000000000000002 11.999999999999998 11.999999999999998 26 92 11.999999999999998 10.999999999999998 12.999999999999998 10.999999999999995 17.000000000000007 10.999999999999998
leaf_count=13 12 11 12 13 23 11 14 11 19 16 94 18 20 14 15 12 12 12 26 92 12 11 13 11 17 11
internal_value=-0.00153688 -0.0109275 -0.030825 -0.00833994 -0.0232632 -0.00370422 0.00756297 -0.0056597 -0.0145129 -0.00488408 0.005489 -0.00221624 -0.00435685 0.0215798 -0.00692604 0.00106414 -0.00694982 0.00326553 -0.00418585 0.00244733 0.00161422 0.00335489 0.000737908 0.000104699 0.000973322 0.00125628
internal_weight=545 268 23 245 52 193 277 182 45 29 249 137 83 28 34 54 58 155 46 143 25 36 25 51 39 28
internal_count=545 268 23 245 52 193 277 182 45 29 249 137 83 28 34 54 58 155 46 143 25 36 25 51 39 28
is_linear=0
shrinkage=0.0529975


Tree=67
num_leaves=30
num_cat=0
split_feature=39 30 29 39 30 19 35 29 7 39 29 26 30 19 29 7 45 44 29 13 19 34 25 39 10 39 13 13 39
split_gain=15.5932 4.25359 6.08326 5.86056 7.10675 3.70411 2.29783 1.88414 1.04001 0.893824 0.610093 0.273207 0.239592 0.219116 0.237045 0.199618 0.193463 0.19846 0.182879 0.136752 0.120686 0.114399 0.0922475 0.0615138 0.0514236 0.0348386 0.00794888 0.00223058 0.00170458
threshold=-0.43696225152990481 0.51871690791773173 0.57049017291794757 -1.1558530955085182 -0.82590330011500368 -0.95772725582126561 -1.2356161011941302 0.52337296649648568 0.48959172621014541 0.96953901473456838 0.20235630727881282 -0.56440320388895016 0.51871690791773173 -0.22831942904204558 -0.15716204103522488 0.56699809447201355 -0.25451140240048259 -1.2624566551833614 -0.4039438303596648 -0.80835459406353427 0.066280657057420436 0.28173528839972301 -0.80856147868421624 0.18963449079900394 -0.84887132033029111 -0.17069548170500906 0.21121657369816649 -0.45864660898584947 0.42080037888319483
decision_type=2 2 2 2 2 2 2 2 2 2 2 2 2 2 2 2 2 2 2 2 2 2 2 2 2 2 2 2 2
left_child=1 3 5 -1 -5 -3 -2 11 -9 19 15 13 22 14 -6 18 17 -13 -7 25 -18 -19 -11 26 -10 -8 -21 -25 -27
right_child=6 2 -4 4 7 10 9 8 24 12 -12 16 -14 -15 -16 -17 20 21 -20 23 -22 -23 -24 27 -26 28 -28 -29 -30
leaf_value=-0.034402543104692769 0.022555251265189168 -0.03081101765787678 -0.049500170515245967 0.030268088971239292 -0.00030929376201362205 0.0011555885598348976 -0.0019033861923139429 -0.023330041256098451 -0.0013921099811276204 0.0036819530715628403 -0.012769377291337281 -0.0024007880908206085 0.0016153417060317836 0.00067479349574943535 -0.010385088626216508 0.0034809865058162081 -0.0055592857235891918 0.0064423841155532326 -0.005760093291611746 0.00084860856426529751 6.0300764437544246e-05 0 0.011627837836871777 0.0019776972369808976 -0.0075751656680524537 0 0.0028615586629676826 0.0053981903248122689 0.0014330284782798949
leaf_weight=11.999999999999998 20 15.999999999999998 10.999999999999998 10.999999999999998 12.000000000000002 12.999999999999991 10.999999999999998 15.999999999999998 11.999999999999998 14.999999999999998 11.999999999999998 10.999999999999995 13.999999999999998 10.999999999999998 15.999999999999998 12.999999999999998 12.999999999999998 20.000000000000007 20.000000000000007 37 19 10.999999999999998 66 18 19.000000000000004 12.000000000000002 19 51 13.999999999999998
leaf_count=12 20 16 11 11 12 13 11 16 12 15 12 11 14 11 16 13 13 20 20 37 19 11 66 18 19 12 19 51 14
internal_value=-0.00149519 -0.0105027 -0.0199734 -0.00557271 -0.00241313 -0.0121155 0.00723291 -0.00571428 -0.0139925 0.00552688 -0.00444528 -0.00168084 0.00951262 -0.00494554 -0.00708856 -0.000917259 0.000194179 0.00249254 -0.00309785 0.00289187 -0.00255589 0.00452536 0.0105919 0.00369556 -0.00598408 0 0.00185495 0.00482849 0.00106478
internal_weight=545 268 85 183 171 74 277 160 47 257 58 113 95 39 28 46 74 42 33 162 32 31 81 125 31 37 56 69 26
internal_count=545 268 85 183 171 74 277 160 47 257 58 113 95 39 28 46 74 42 33 162 32 31 81 125 31 37 56 69 26
is_linear=0
shrinkage=0.0529975


Tree=68
num_leaves=28
num_cat=0
split_feature=39 3 30 15 35 0 35 24 26 2 24 39 19 30 34 6 0 30 12 7 39 25 7 13 7 8 8
split_gain=14.3839 3.96161 10.2564 3.68297 2.80411 5.94434 2.06617 1.29556 0.971849 0.96513 0.854037 0.747981 0.714724 0.674062 0.585855 0.234465 0.239468 0.213556 0.164505 0.0951798 0.0946971 0.0771928 0.0541714 0.0377422 0.0247039 0.00350271 0.00158432
threshold=-0.39234954295270691 0.72346954219426107 -0.72758761312421016 0.93580236748553591 0.27585025848075434 0.39222518203379619 -1.2356161011941302 1.7982491327432464 -0.68156680265806024 -0.64101803352536402 1.6014705879276734 0.96953901473456838 -0.68361382853397312 0.22114772662105717 0.9682273258007752 0.25998191677495136 0.020746354111131259 0.51871690791773173 0.92484264755300216 -0.22676798079162311 0.13900033653651447 -0.80856147868421624 1.0209363665892022 -0.46849753814296741 0.78560267157241925 0.053218065753737505 -0.5245873865534626
decision_type=2 2 2 2 2 2 2 2 2 2 2 2 2 2 2 2 2 2 2 2 2 2 2 2 2 2 2
left_child=1 2 -1 9 8 -6 -2 10 13 -3 14 20 -11 -4 -7 16 24 21 19 -17 22 -13 25 -22 -10 26 -8
right_child=6 3 4 -5 5 7 11 -9 15 12 -12 17 -14 -15 -16 18 -18 -19 -20 -21 23 -23 -24 -25 -26 -27 -28
leaf_value=0.031160897183585206 0.021635607743897146 0.00095085503293088243 -0.0023909644669845662 -0.042404929151216006 -0.045448919048281591 0 0.00088093334595479593 -0.021409355478629936 0.0051150728549263589 -0.023930533732042968 0.0035384761622184071 0.0035425474633770967 -0.005381939352464761 -0.018235009517766351 -0.012383065866402147 -0.00020996455544682928 -0.0031349065019368378 0.0015554045123483686 0.0011278836791210312 -0.0069426720123096086 0.0017864161262515052 0.011062917297308151 -0.0014471921999859682 0.0048960540231950496 0.0006726033244971772 0.002379832480319853 0
leaf_weight=12.999999999999998 20 11.999999999999998 18.000000000000004 12.999999999999998 10.999999999999998 14.999999999999998 12.000000000000002 13.999999999999998 21 10.999999999999998 19 14.999999999999998 18.000000000000004 12.999999999999998 29 11.000000000000002 12.999999999999998 13.999999999999998 11.999999999999998 20 36 66 11.999999999999998 59 10.999999999999998 26 10.999999999999998
leaf_count=13 20 12 18 13 11 15 12 14 21 11 19 15 18 13 29 11 13 14 12 20 36 66 12 59 11 26 11
internal_value=-0.00146649 -0.00993336 -0.00638517 -0.0221896 -0.00958681 -0.0164945 0.00709862 -0.00928922 -0.00387648 -0.0110385 -0.00486804 0.00543532 -0.015512 -0.0111027 -0.00862684 -0.000710689 0.00176421 0.00906906 -0.00334219 -0.00516369 0.00292557 0.0100907 0.00099577 0.00396285 0.00411894 0.00181361 0.000572871
internal_weight=545 274 220 54 207 88 271 77 119 41 63 251 29 31 44 88 45 95 43 31 156 81 61 95 32 49 23
internal_count=545 274 220 54 207 88 271 77 119 41 63 251 29 31 44 88 45 95 43 31 156 81 61 95 32 49 23
is_linear=0
shrinkage=0.0529975


Tree=69
num_leaves=30
num_cat=0
split_feature=39 29 13 19 29 19 37 29 19 29 37 19 29 5 19 46 7 9 5 37 9 10 39 44 37 30 5 13 15
split_gain=13.2738 4.1776 8.69245 4.94316 5.28026 2.83587 2.26354 1.54365 1.12344 0.581694 0.390418 0.313284 0.456886 0.283634 0.255474 0.242368 0.214937 0.197361 0.124445 0.102378 0.0999633 0.0841713 0.117977 0.0559193 0.0265626 0.011534 0.00413545 0.002905 0.000175128
threshold=-0.43696225152990481 1.0939113685825921 1.0780983395245405 -0.61139804268437181 -0.25359189156537315 0.43761099535384468 2.1084445962342691 0.52337296649648568 -0.036067908672949726 -0.5832868142001647 0.87755862036522103 -0.12459461559622249 -0.19322199846525803 -0.67451514137555568 -0.3357664568293684 1.0000000180025095e-35 0.84691737639410036 -0.35791663023193693 -1.2483823521915196 -0.49382030334577687 0.043518741696623071 0.041592096668920997 -0.72037846618712831 1.0000000180025095e-35 0.022019475297808743 0.51871690791773173 0.81934825992063065 -0.95611853142030256 -0.029545012454036703
decision_type=2 2 2 2 2 2 2 2 2 2 2 2 2 2 2 2 2 2 2 2 2 2 2 2 2 2 2 2 2
left_child=1 3 -3 4 9 7 10 11 -9 -1 18 12 20 -8 23 -16 -10 -13 -2 -20 -5 22 -19 -14 26 -12 28 -26 -21
right_child=6 2 -4 5 -6 -7 13 8 16 -11 25 17 14 -15 15 -17 -18 21 19 24 -22 -23 -24 -25 27 -27 -28 -29 -30
leaf_value=0.0034604278475460146 0.0074444211288788639 0.0049307075093671061 -0.051957822440394409 -0.00098582792011234818 -0.036952306943186818 0.017770733693963585 0.026090590095458766 -0.024450015711458287 -0.0090935292679813606 -0.0093024684906351414 0.0078436009521709749 -0.0026121217266911385 -0.011707551454230377 0.0086946828428764097 0.0022084148219089989 -0.0057236262428936001 -0.00053564264140519775 0.0078243672177365116 -0.0012495526742344687 0.0017008576667396217 0.0044635000809883675 -1.2120511347712577e-05 0.00043431959942154735 -0.0029741153982681097 0.00099563274641363835 0.0025488148885347557 0 0.0035120454164228807 0.00014526021440055135
leaf_weight=13.000000000000002 10.999999999999998 11.000000000000002 11.999999999999998 13.000000000000002 23 10.999999999999998 12.000000000000002 10.999999999999998 17 15.999999999999998 81 18 15.999999999999998 15.999999999999998 15.000000000000005 15.999999999999998 17 10.999999999999998 15.999999999999998 15.999999999999998 11.999999999999998 10.999999999999998 14.000000000000002 10.999999999999998 15.999999999999998 12.999999999999998 12.999999999999998 70 13.000000000000002
leaf_count=13 11 11 12 13 23 11 12 11 17 16 81 18 16 16 15 16 17 11 16 16 12 11 14 11 16 13 13 70 13
internal_value=-0.00144013 -0.009751 -0.0291162 -0.00725305 -0.0208697 -0.00303088 0.00661227 -0.004852 -0.012765 -0.00376897 0.00469219 -0.0017777 -0.0037416 0.0196425 -0.00616579 -0.00196089 -0.00571104 0.00119672 0.00280589 0.00212155 0.00176198 0.0033685 0.0047959 -0.00954825 0.00263213 0.00737795 0.00104014 0.00321521 0.00134748
internal_weight=545 268 23 245 52 193 277 182 45 29 249 137 83 28 58 31 34 54 155 144 25 36 25 27 128 94 42 86 29
internal_count=545 268 23 245 52 193 277 182 45 29 249 137 83 28 58 31 34 54 155 144 25 36 25 27 128 94 42 86 29
is_linear=0
shrinkage=0.0529975


Tree=70
num_leaves=25
num_cat=0
split_feature=39 29 13 19 29 19 29 19 37 37 10 0 29 19 5 9 47 30 10 15 37 30 39 13
split_gain=12.2347 3.89691 8.09592 4.5609 5.58325 2.78907 2.56893 2.56541 2.11761 0.349042 0.322626 0.30505 0.285759 0.406674 0.265234 0.230107 0.198488 0.147639 0.146872 0.119068 0.102425 0.0342885 0.0215327 0.00343521
threshold=-0.43696225152990481 1.0939113685825921 1.0780983395245405 -0.71234336683649502 -0.54213609959460229 0.43761099535384468 0.52337296649648568 -0.036067908672949726 2.1084445962342691 0.94675663945155553 -0.053551922787591452 1.7109701886000281 -0.17292469673266564 -0.3357664568293684 -0.67451514137555568 -0.19155332817298618 -0.036118628440457261 -0.017993314836550849 0.70302013324095325 0.86491804503317982 1.0000000180025095e-35 0.75721457286374616 0.79457459517198192 -0.71477076707091436
decision_type=2 2 2 2 2 2 2 2 2 2 2 2 2 2 2 2 2 2 2 2 2 2 2 2
left_child=1 3 -3 4 -1 6 10 -8 9 19 11 15 18 -14 -10 -5 -15 -9 -12 20 21 23 -22 -2
right_child=8 2 -4 5 -6 -7 7 17 14 -11 12 -13 13 16 -16 -17 -18 -19 -20 -21 22 -23 -24 -25
leaf_value=0.0030515011392775087 0 0.0047615854933554897 -0.05012170121444072 -0.0017893046074050245 -0.036084252512417501 0.01716120165995862 -0.031931253943338608 -0.0076115461030446295 0.025168582122499235 0.0072548771298506266 -0.0028158876133769113 -0.0048322755363726412 -0.0097602902675673342 0.0028574422394543981 0.0083595033224289489 0.0053827085141052522 -0.0038244136592851985 0 0.0036840859514554341 0.0071203293340636386 0.0034429008083845546 -0.001786158641607449 0.00020410717433444031 0.0011826771044898166
leaf_weight=13.999999999999998 11.999999999999998 11.000000000000002 11.999999999999998 12.999999999999998 23 10.999999999999998 11.999999999999998 22 12.000000000000002 84 11.000000000000002 10.999999999999998 26 13.999999999999998 15.999999999999998 34 26 11.999999999999998 15.999999999999998 12.999999999999998 85 10.999999999999998 11.999999999999998 32
leaf_count=14 12 11 12 13 23 11 12 22 12 84 11 11 26 14 16 34 26 12 16 13 85 11 12 32
internal_value=-0.00139401 -0.00937326 -0.0280758 -0.00696089 -0.0227533 -0.00356017 -0.00522436 -0.0154122 0.00633634 0.00447994 -0.00160618 0.00133129 -0.00347837 -0.00524364 0.0189375 0.00328917 -0.00126628 -0.00549413 0.000793784 0.00282152 0.00215337 0.000152323 0.00314525 0.000932749
internal_weight=545 268 23 245 37 208 197 46 277 249 151 58 93 66 28 47 40 34 27 165 152 55 97 44
internal_count=545 268 23 245 37 208 197 46 277 249 151 58 93 66 28 47 40 34 27 165 152 55 97 44
is_linear=0
shrinkage=0.0529975


Tree=71
num_leaves=26
num_cat=0
split_feature=37 29 36 19 29 19 37 19 29 29 6 31 7 37 39 10 12 6 26 26 1 19 34 37 36
split_gain=11.2668 3.96967 8.35662 3.53356 6.54381 3.82621 2.06858 1.97845 0.919652 0.58157 0.409401 0.320034 0.31499 0.283114 0.228661 0.186685 0.170898 0.144301 0.125978 0.0962088 0.0910225 0.119423 0.0233783 0.0173371 0.00233054
threshold=-0.7098019992819159 1.0939113685825921 -1.2167630007937162 -0.30845206814241349 0.29136380271561407 -1.084056395528697 1.9469825516994852 0.43761099535384468 -0.15716204103522488 0.58687950133281286 0.6535002668551112 -0.96321629034271128 1.2431880987993218 0.53366543460282967 -0.63927416386584646 1.1185036050616828 0.24244024473966483 0.78489489977110205 -0.56440320388895016 -0.16317797923966104 -0.49133451647542103 -0.079993913381877391 1.2938115221619257 -0.18557458196119755 0.77085285177775187
decision_type=2 2 2 2 2 2 2 2 2 2 2 2 2 2 2 2 2 2 2 2 2 2 2 2 2
left_child=1 3 -3 4 5 -1 13 9 10 14 16 -8 -11 23 17 -12 -7 20 -10 -13 -5 -22 -15 24 -2
right_child=6 2 -4 7 -6 8 11 -9 18 12 15 19 -14 22 -16 -17 -18 -19 -20 -21 21 -23 -24 -25 -26
leaf_value=-0.029917986187103725 0.00092980249495244673 -0.051922578249059582 0.004598264043061088 0.0062016175355242391 -0.03967770373389861 0.0010339307596104411 0.023912543061704671 0.01647184378166585 -0.011298591135899648 -0.010774456388810498 0.010005557230682202 0.0023756883293420245 0 0.0059758843284023 -0.0047844617631360043 0.00050226341306355653 -0.0058120006785412712 -0.0023631671834534931 -0.0027544391402252052 0.011544395676333712 -0.0024036280686583495 0.003028035768821703 0.001282576594026091 0.0024009173844213995 0
leaf_weight=10.999999999999998 36 11.000000000000002 10.999999999999998 10.999999999999991 15.999999999999998 19.000000000000004 11.999999999999998 10.999999999999998 17 24 12.000000000000002 11 10.999999999999998 106 15.999999999999998 11.999999999999998 10.999999999999998 13.999999999999998 15.999999999999998 15 11.999999999999991 23.000000000000014 10.999999999999998 83 12.999999999999998
leaf_count=11 36 11 11 11 16 19 12 11 17 24 12 11 11 106 16 12 11 14 16 15 12 23 11 83 13
internal_value=-0.00135306 -0.0092908 -0.0284808 -0.00681165 -0.0132712 -0.00685359 0.00580288 -0.000382119 -0.00212122 -0.00287066 0.00205261 0.0165259 -0.00795989 0.00378892 -3.10394e-05 0.00653704 -0.00183224 0.00145025 -0.00839563 0.00905582 0.00288387 0.000916198 0.00567546 0.00189218 0.00073563
internal_weight=545 258 22 236 114 98 287 122 87 111 54 38 35 249 76 24 30 60 33 26 46 35 117 132 49
internal_count=545 258 22 236 114 98 287 122 87 111 54 38 35 249 76 24 30 60 33 26 46 35 117 132 49
is_linear=0
shrinkage=0.0529975


Tree=72
num_leaves=27
num_cat=0
split_feature=39 29 13 27 29 27 37 29 27 44 37 5 27 29 26 1 9 29 5 37 10 39 37 30 39 5
split_gain=10.406 3.39103 7.0322 3.96023 4.4633 2.29576 1.86292 1.21455 0.892115 0.504175 0.291636 0.268216 0.254895 0.389479 0.184762 0.177497 0.168319 0.152887 0.11839 0.0821426 0.0725483 0.101071 0.0182679 0.0141514 0.0135013 0.00476219
threshold=-0.43696225152990481 1.0939113685825921 1.0780983395245405 -0.61139804268438369 -0.25359189156537315 0.43761099535383424 2.1084445962342691 0.52337296649648568 -0.036067908672960537 0.70547720845605821 0.87755862036522103 -0.67451514137555568 -0.12459461559623285 0.24627008227285696 0.92986884120344449 -0.52851467950102726 -0.35791663023193693 -0.15716204103522488 -1.2483823521915196 -0.49382030334577687 0.041592096668920997 -0.72037846618712831 0.1771907908247404 0.51871690791773173 0.69039570106989789 0.81934825992063065
decision_type=2 2 2 2 2 2 2 2 2 2 2 2 2 2 2 2 2 2 2 2 2 2 2 2 2 2
left_child=1 3 -3 4 9 7 10 12 -9 -1 18 -8 13 15 -10 -5 -14 -17 -2 -20 21 -18 25 -12 -24 -21
right_child=6 2 -4 5 -6 -7 11 8 14 -11 23 -13 16 -15 -16 17 20 -19 19 22 -22 -23 24 -25 -26 -27
leaf_value=-0.0076833819233598057 0.0068925397794609494 0.0044405448725712031 -0.046675562505566912 0.0024932270760035548 -0.033387776052735879 0.016056059702260862 0.023624389432743833 -0.021729563411672877 -0.0078093429522327297 0.0042841927003877366 0.0068254594179599634 0.0075911741995510727 -0.0023914704632605911 -0.010398792845568026 0 0.00067750399878632414 0.0072555897617661812 -0.0046962395448716891 -0.0012064668450265247 0.001452064326807685 0 0.00038143060328998414 0.0033363114481532335 0.002052680167109498 0.00041201328980771323 0
leaf_weight=18 10.999999999999998 11.000000000000002 11.999999999999998 18 23 10.999999999999998 12.000000000000002 10.999999999999998 19 11.000000000000002 81 15.999999999999998 18 11.999999999999998 14.999999999999998 18 10.999999999999998 35 15.999999999999998 44 10.999999999999998 14.000000000000002 54 12.999999999999998 12.999999999999998 17
leaf_count=18 11 11 12 18 23 11 12 11 19 11 81 16 18 12 15 18 11 35 16 44 11 14 54 13 13 17
internal_value=-0.00131936 -0.0086786 -0.0261251 -0.00642792 -0.0186164 -0.00264687 0.0058091 -0.00429049 -0.0113115 -0.00298811 0.00407007 0.017623 -0.00155784 -0.00333271 -0.00501391 -0.00133089 0.00111423 -0.00286944 0.00242925 0.00177982 0.00312457 0.0044499 0.00224252 0.00639792 0.00294505 0.0011721
internal_weight=545 268 23 245 52 193 277 182 45 29 249 28 137 83 34 71 54 53 155 144 36 25 128 94 67 61
internal_count=545 268 23 245 52 193 277 182 45 29 249 28 137 83 34 71 54 53 155 144 36 25 128 94 67 61
is_linear=0
shrinkage=0.0529975


Tree=73
num_leaves=22
num_cat=0
split_feature=37 29 13 19 19 29 19 37 29 19 1 15 19 29 37 31 9 37 7 13 13
split_gain=9.59153 3.50183 7.30817 3.09257 2.53177 3.43681 4.1876 1.81501 0.749133 0.541563 0.309206 0.376108 0.251229 0.586696 0.229807 0.223818 0.220951 0.0240388 0.0155087 0.0066547 0.000298061
threshold=-0.7098019992819159 1.0939113685825921 1.0780983395245405 -1.084056395528697 0.43761099535384468 0.55429414669926913 -0.079993913381877391 1.9469825516994852 -0.50026514361871988 -0.71234336683649502 -1.1197631366375458 0.35253781361226161 -0.067710861908419975 0.24627008227285696 0.67415838244478266 0.97117537728143455 -0.14591056851891923 0.1436402361162151 0.76912997856109699 -0.72462169622803219 -0.95611853142030256
decision_type=2 2 2 2 2 2 2 2 2 2 2 2 2 2 2 2 2 2 2 2 2
left_child=1 3 -3 -1 5 8 -7 14 -5 -10 -9 -12 13 -11 17 -8 -14 19 -16 -2 -19
right_child=7 2 -4 4 -6 6 15 10 9 12 11 -13 16 -15 18 -17 -18 20 -20 -21 -22
leaf_value=-0.028302151623004368 0 0.0042882352949075199 -0.048540687727921222 0.0073030884291518036 0.015409972394101034 -0.039786464835874703 -0.0087819904602638617 0.022843979411757944 -0.011642375806514159 -0.0010353124539187568 0.012522009055571484 0 -0.0029293645889145715 -0.010520296514064916 0.0057875715904934007 0 0.0042167815461094669 0.00065100991239782334 0.0015602873548866676 0.0013271407623040789 0.0030599983123249042
leaf_weight=10.999999999999998 19 11.000000000000002 10.999999999999998 14.999999999999998 10.999999999999998 10.999999999999998 20 10.999999999999998 13.999999999999998 83 16.000000000000004 10.999999999999998 13.999999999999998 19 86 13.999999999999998 24 11.999999999999998 12.999999999999998 68 51
leaf_count=11 19 11 11 15 11 11 20 11 14 83 16 11 14 19 86 14 24 12 13 68 51
internal_value=-0.00127313 -0.00859754 -0.0266158 -0.00627111 -0.00445707 -0.00590221 -0.017998 0.00532855 -0.00213518 -0.0033374 0.0153701 0.00851545 -0.00201499 -0.00335283 0.00344331 -0.00586602 0.00138481 0.00193585 0.00541981 0.00109566 0.00279883
internal_weight=545 258 22 236 225 214 45 287 169 154 38 27 140 102 249 34 38 150 99 87 63
internal_count=545 258 22 236 225 214 45 287 169 154 38 27 140 102 249 34 38 150 99 87 63
is_linear=0
shrinkage=0.0529975


Tree=74
num_leaves=28
num_cat=0
split_feature=37 29 13 19 29 19 37 30 29 29 6 7 5 37 1 10 7 6 34 29 37 39 30 13 9 9 26
split_gain=8.87997 3.26575 6.81981 2.96294 5.58222 2.99199 1.70268 1.62682 1.12685 0.47097 0.383827 0.351547 0.291256 0.283662 0.170034 0.168551 0.162953 0.132993 0.119741 0.160369 0.0330393 0.0162284 0.0119214 0.00588883 0.00536975 0.0017016 0.000688531
threshold=-0.7098019992819159 1.0939113685825921 1.0780983395245405 -0.30845206814241349 0.42990594242352781 -1.084056395528697 2.1084445962342691 -0.52627917423371862 -0.15716204103522488 0.26696810119628295 0.6535002668551112 1.5744293204194071 -0.74261475481244321 0.87755862036522103 0.6431729643184515 1.1185036050616828 -0.19967188325312279 0.31504395478129615 -0.33965866805157335 0.58687950133281286 0.1436402361162151 0.69039570106989789 0.51871690791773173 -0.72462169622803219 0.22182650142769678 -0.84871794172517956 -0.11897808485171323
decision_type=2 2 2 2 2 2 2 2 2 2 2 2 2 2 2 2 2 2 2 2 2 2 2 2 2 2 2
left_child=1 3 -3 4 5 -1 13 -5 10 14 16 18 -8 20 -9 -12 -7 -10 -11 -20 23 -22 -15 -2 25 -25 -26
right_child=6 2 -4 7 -6 8 12 9 17 11 15 -13 -14 22 -16 -17 -18 -19 19 -21 21 -23 -24 24 26 -27 -28
leaf_value=-0.027331395127198149 0 0.0041411505452353956 -0.046875753101112069 0.015109873385116082 -0.040449263087176716 -0.0055903135433314263 0.022750074686140286 0.0045083829619564563 -0.0018881478175567235 -0.0010975091566914437 0.0097214447032679934 0.0024391736182923672 0.0071336356540717162 0.0062105894594946028 -0.0016391056356887866 0.00057847801547944249 0.0010861990323707889 -0.010952434625533683 -0.0028863175477813444 -0.010587560633110289 0.0031918932533658378 0.00027657175849532843 0.0018155018931773771 8.7572966423798946e-05 0 0.0019183402428425856 0.00040603583583981193
leaf_weight=10.999999999999998 19 11.000000000000002 10.999999999999998 10.999999999999998 10.999999999999998 10.999999999999998 11.000000000000002 23 10.999999999999998 14.999999999999998 12.000000000000002 10.999999999999998 17 81 15.999999999999998 11.999999999999998 19.000000000000004 27 23 23 65 12.999999999999998 12.999999999999998 10.999999999999998 11.000000000000002 31 14.999999999999998
leaf_count=11 19 11 11 11 11 11 11 23 11 15 12 11 17 81 16 12 19 27 23 23 65 13 13 11 11 31 15
internal_value=-0.00124454 -0.0082922 -0.0256944 -0.00604462 -0.0119587 -0.00679399 0.00510719 -0.000162462 -0.00274501 -0.00243249 0.00207483 -0.0048626 0.0164047 0.0035159 0.00194877 0.00641231 -0.00169127 -0.00910227 -0.00638403 -0.0076482 0.00200557 0.00284359 0.00581793 0.00104423 0.00126251 0.00165522 0.000218507
internal_weight=545 258 22 236 114 103 287 122 92 111 54 72 28 259 39 24 30 38 61 46 165 78 94 87 68 42 26
internal_count=545 258 22 236 114 103 287 122 92 111 54 72 28 259 39 24 30 38 61 46 165 78 94 87 68 42 26
is_linear=0
shrinkage=0.0529975


Tree=75
num_leaves=28
num_cat=0
split_feature=37 3 30 29 15 47 37 29 9 30 1 19 17 45 31 13 37 26 1 29 1 15 13 37 37 26 12
split_gain=8.21089 3.06819 8.97221 7.55374 3.74134 3.1478 1.59443 1.28306 1.11031 0.479145 0.432857 0.391317 0.343355 0.511122 0.319055 0.210172 0.186055 0.132598 0.125798 0.123655 0.102579 0.0258225 0.0141271 0.0111377 0.000900738 0.00145973 0.000330074
threshold=-0.7098019992819159 0.74002062381803124 -0.72758761312421016 0.74954040166073665 0.93580236748553591 0.59100304412747862 1.9469825516994852 -0.35880181257487692 -0.27303659071857217 0.36035248426005978 -0.52851467950102726 -0.41431577768729871 1.3737126540686047 -0.48162350114508018 -0.96321629034271128 0.60525373998288179 0.34913738370593445 -0.16317797923966104 -0.046290760559894624 0.20235630727881282 0.077270382728210144 -1.2121442268034566 -0.025205726072662717 -0.30090461377175504 -0.49382030334577687 1.0465525907089588 0.07329393480514447
decision_type=2 2 2 2 2 2 2 2 2 2 2 2 2 2 2 2 2 2 2 2 2 2 2 2 2 2 2
left_child=1 2 -1 8 7 -5 16 -3 9 19 15 -9 13 20 -8 -10 22 -16 -15 -4 -12 -18 24 -24 -2 26 -26
right_child=6 4 3 5 -6 -7 14 11 10 -11 12 -13 -14 18 17 -17 21 -19 -20 -21 -22 -23 23 -25 25 -27 -28
leaf_value=0.031214422510074051 0 0.0049992982423917396 0 -0.0064841403494106768 -0.039549296915226011 -0.04279196379316081 0.021194038447992104 -0.019003455200992139 0.009089049343464016 -0.014898737048497382 -0.00089734562492857386 -0.0042273452783944971 0.0040772759768891173 -0.0019301654160537149 0.0012320071290299896 0 0.00064172066240400082 0.010143978386848074 -0.0091237815210740304 -0.0059656827065094576 0.0043471959526332178 0.0046802190477888434 0.00040820130538903585 0.002885659979246084 0.0010603194131109819 0 2.6625359925783886e-05
leaf_weight=11.999999999999998 11.999999999999998 10.999999999999998 14.999999999999998 14.000000000000002 11.999999999999998 15.999999999999998 11.999999999999998 12.999999999999998 13.000000000000002 18 15.000000000000002 15.000000000000002 17 18 11 10.999999999999998 10.999999999999998 15 23 21 13.999999999999998 125 18 24 29 12.999999999999998 17
leaf_count=12 12 11 15 14 12 16 12 13 13 18 15 15 17 18 11 11 11 15 23 21 14 125 18 24 29 13 17
internal_value=-0.00121285 -0.00799002 -0.00478335 -0.00789849 -0.0190103 -0.029945 0.00489452 -0.00810701 -0.00293965 -0.00875071 0.000131262 -0.013435 -0.00160247 -0.00328662 0.0143037 0.00571288 0.00312859 0.00752933 -0.00676347 -0.003822 0.00174597 0.00444366 0.00134298 0.00215307 0.000642706 0.000726814 0.000859758
internal_weight=545 258 207 195 51 30 287 39 165 54 111 28 87 70 38 24 249 26 41 36 29 136 113 42 71 59 46
internal_count=545 258 207 195 51 30 287 39 165 54 111 28 87 70 38 24 249 26 41 36 29 136 113 42 71 59 46
is_linear=0
shrinkage=0.0529975


Tree=76
num_leaves=29
num_cat=0
split_feature=39 3 30 29 15 47 35 29 30 10 37 29 27 31 13 17 30 25 37 3 30 29 37 45 26 39 45 12
split_gain=7.58625 2.86198 8.2891 7.09269 3.11613 2.90125 1.49921 1.25099 1.0439 0.709672 0.451287 0.43796 0.744557 0.204337 0.168191 0.140147 0.114561 0.127213 0.145783 0.0962164 0.090012 0.0677905 0.0553862 0.0296172 0.027781 0.027209 0.00480035 0.00407496
threshold=-0.39234954295270691 0.74002062381803124 -0.72758761312421016 0.74954040166073665 0.93580236748553591 0.59100304412747862 -1.2356161011941302 -0.35880181257487692 0.52738096071083229 1.1932390427821107 0.94675663945155553 0.25849815300452755 -0.13695324231614844 0.66856331366879385 0.024048919712926695 -0.2591007138785551 0.51871690791773173 -0.80856147868421624 2.1084445962342691 -0.33947769986564769 0.36035248426005978 0.056565116237184652 0.022019475297808743 -0.9358476986342753 1.1280953561172959 0.79457459517198192 -0.48162350114508018 -0.13964891545831035
decision_type=2 2 2 2 2 2 2 2 2 2 2 2 2 2 2 2 2 2 2 2 2 2 2 2 2 2 2 2
left_child=1 2 -1 9 7 -5 -2 -3 -9 11 22 14 -13 19 15 -4 17 -12 -19 -14 -11 -17 24 -16 26 -24 -8 -28
right_child=6 4 3 5 -6 -7 10 8 -10 20 16 12 13 -15 23 21 -18 18 -20 -21 -22 -23 25 -25 -26 -27 27 -29
leaf_value=0.029275055076158678 0.01735146649904484 0.0046324779328607681 -0.0044630997834159978 -0.0062435469214666807 -0.036060575607239284 -0.041142336062930628 0 -0.0012032245581501072 -0.021419748181424676 -0.0039535668313947685 0.001453201369233832 -0.014163450960211408 -0.0059850013274536503 0.0026741228157073421 0.00018506482527237041 0.0027846703200569349 0.00052299919397834371 0.0056696286916188303 0.013671299772425772 -2.1377335280522674e-06 -0.013635494070131511 -0.0011622972761144296 0.0026984935264345957 0.0040362757302527972 -0.0015230944690827911 0 0 0.0016453929870249356
leaf_weight=12.999999999999998 20 11.999999999999998 14.999999999999998 14.000000000000002 12.999999999999998 15.999999999999998 12.999999999999998 14.000000000000002 12.999999999999998 15.000000000000002 15.999999999999998 10.999999999999998 13.999999999999998 19 11.999999999999998 18 11.999999999999998 60 10.999999999999998 16.000000000000004 10.999999999999998 17 86 31 11.999999999999998 11.999999999999998 11.999999999999998 17.000000000000004
leaf_count=13 20 12 15 14 13 16 13 14 13 15 16 11 14 19 12 18 12 60 11 16 11 17 86 31 12 12 12 17
internal_value=-0.00117301 -0.00732359 -0.00440357 -0.00728897 -0.0179252 -0.0288033 0.00504436 -0.00772485 -0.0132724 -0.00282871 0.00365456 -0.00122372 -0.00455471 -0.000961555 0.00100047 -0.000957484 0.0063704 0.00701611 0.0079682 -0.00352008 -0.0100558 0.000807602 0.00166683 0.00325826 0.000132237 0.00238888 0.000881913 0.00120497
internal_weight=545 274 222 209 52 30 271 39 27 179 251 153 60 49 93 50 99 87 71 30 26 35 152 43 54 98 42 29
internal_count=545 274 222 209 52 30 271 39 27 179 251 153 60 49 93 50 99 87 71 30 26 35 152 43 54 98 42 29
is_linear=0
shrinkage=0.0529975


Tree=77
num_leaves=30
num_cat=0
split_feature=39 29 9 19 29 30 35 19 2 29 19 37 12 10 29 24 12 19 2 39 10 12 37 37 13 26 13 39 6
split_gain=7.01666 2.76508 6.19916 3.07762 4.57054 1.53193 1.38045 1.14097 0.957152 0.437497 0.457694 0.41911 0.300739 0.272017 0.172569 0.0981388 0.0926649 0.0911479 0.107457 0.0998851 0.0729709 0.137818 0.0647751 0.0641943 0.0348982 0.0258812 0.00871785 0.0041594 0.000622724
threshold=-0.39234954295270691 1.0939113685825921 0.10876556467993408 -0.45332057286409322 0.092064071066336753 -0.52627917423371862 -1.2356161011941302 -1.0429653928487965 -0.52569871464058704 0.26696810119628295 -0.13695324231613623 1.1795136127419574 -1.2216340418975589 -0.4732470078582352 -0.15716204103522488 -0.85037832923460632 0.12672951179837308 -0.24311319476512336 1.1611396706365944 -0.78164719673451521 0.8649158441504271 0.24244024473966483 0.022019475297808743 -0.81674439241534058 -1.3550811622835766 1.1280953561172959 -0.86253470442768265 -0.024381346166373868 0.54470435201862499
decision_type=2 2 2 2 2 2 2 2 2 2 2 2 2 2 2 2 2 2 2 2 2 2 2 2 2 2 2 2 2
left_child=1 3 -3 4 7 -5 -2 -1 -6 17 -11 22 -12 -14 20 -13 -15 19 23 -7 21 -9 25 -19 -17 27 -24 28 -8
right_child=6 2 -4 5 8 9 11 14 -10 10 12 15 13 16 -16 24 -18 18 -20 -21 -22 -23 26 -25 -26 -27 -28 -29 -30
leaf_value=-0.016110062200872695 0.016643995954135786 0.0053493355120253919 -0.042156478477799957 0.014556734031662983 -0.0097453814738401225 -0.0042325298742906291 0.0014171591767115079 0.0024140401228282477 -0.039232877757955052 -0.012250440827463852 0.0035582740592810802 0.0011563363099303468 -0.0084732887483831391 0.0012163947539963384 -0.005207393720449531 0.0022434502399830583 -0.0036287833336510443 0.0053052065711328613 -0.0013564734560822308 0.0010725740205468366 0.0032068756128520786 -0.0037564142270182566 0.00078498401186828659 0.00022914592226680157 0.0080387480778466511 -0.0014692703582519309 0.0028003949084045225 0 0
leaf_weight=11.999999999999998 20 11.000000000000002 11.999999999999998 10.999999999999998 11.000000000000002 12.000000000000002 18.000000000000004 14.000000000000002 11.999999999999998 12.999999999999998 12.999999999999998 13.999999999999998 17.999999999999993 21.000000000000007 10.999999999999998 12.999999999999998 11.999999999999998 17.999999999999996 11.999999999999998 14.999999999999998 17 13.999999999999998 24 15.000000000000002 56 11.999999999999998 90 12.999999999999998 10.999999999999998
leaf_count=12 20 11 12 11 11 12 18 14 12 13 13 14 18 21 11 13 12 18 12 15 17 14 24 15 56 12 90 13 11
internal_value=-0.00114684 -0.0070622 -0.0227877 -0.00509597 -0.0125487 -0.000514941 0.00483219 -0.0044803 -0.0303028 -0.00219279 -0.00483051 0.00349745 -0.00230321 -0.00413702 -0.000558393 0.00649558 -0.000653448 0.000693049 0.00211202 -0.00141426 0.00091975 -0.000584121 0.00180328 0.00356704 0.00730669 0.000123674 0.00249473 0.000851027 0.001152
internal_weight=545 274 23 251 91 160 271 68 23 149 77 251 64 51 56 83 33 72 45 27 45 28 168 33 69 54 114 42 29
internal_count=545 274 23 251 91 160 271 68 23 149 77 251 64 51 56 83 33 72 45 27 45 28 168 33 69 54 114 42 29
is_linear=0
shrinkage=0.0529975


Tree=78
num_leaves=31
num_cat=0
split_feature=39 30 29 29 19 47 37 29 19 30 13 1 15 13 30 37 3 45 45 26 45 13 8 34 39 0 47 37 31 35
split_gain=6.4923 3.4171 3.79276 3.62511 3.49918 1.94297 1.47846 0.578876 0.5002 0.447203 0.340125 0.332269 0.356377 0.261656 0.230881 0.225851 0.174974 0.158975 0.14307 0.195146 0.1168 0.0453971 0.0268971 0.0224993 0.0187032 0.0165211 0.0129142 0.00980463 0.00535229 0.00244634
threshold=-0.5612317575249578 0.51871690791773173 1.3382556559007897 0.57049017291794757 0.44452598162483986 1.0000000180025095e-35 1.9469825516994852 0.52337296649648568 0.056972887554589562 1.3172068235561969 0.43778794431187779 -1.1197631366375458 0.35253781361226161 0.22106750285528437 1.0555148531397263 0.27574554528103529 -0.33947769986564769 -1.1629597973788728 -0.25451140240048259 -0.56440320388895016 0.88104909132250542 -1.0300005000986865 0.087195842581020186 1.4061680004477497 -0.45960859485267685 -0.67502136086435593 0.38196248660483334 0.67415838244478266 0.025727675498821215 -0.16504638020163226
decision_type=2 2 2 2 2 2 2 2 2 2 2 2 2 2 2 2 2 2 2 2 2 2 2 2 2 2 2 2 2 2
left_child=1 2 4 5 7 -3 9 17 -9 14 13 -8 -13 -7 15 21 -10 -1 19 -19 26 -2 24 27 -23 -24 -20 -17 -21 -26
right_child=6 3 -4 -5 -6 10 11 8 16 -11 -12 12 -14 -15 -16 23 -18 18 20 28 -22 22 25 -25 29 -27 -28 -29 -30 -31
leaf_value=-0.0043658198901455406 -0.001549973376803954 -0.020193019261273738 -0.02520219218473551 -0.039652323199153919 0.022164710036400494 -0.0020060127871954592 0.020022422054371745 -0.01487372905869065 -0.0056986271792600456 -0.0055563824159002963 -0.0064826992585788222 0.010664237022519013 -0.00029210897276771069 0.0073461887108501695 0.0091396263857184447 0.0021035137474639063 0.0010594996219090765 -0.0018077160845930784 -0.0052353180426840031 0.006162794407914788 0.001132684037804561 -0.0012037732313324467 0.00021153816479643639 0.00036407151301598851 0 0.0030394879544286702 -0.00091112068675956997 0.0044758962598552207 0.0018822239212486038 0.00090137184086035724
leaf_weight=20 18 20 13.999999999999998 10.999999999999998 10.999999999999998 11.000000000000002 10.999999999999998 12.999999999999998 18 12.999999999999998 10.999999999999998 16.000000000000004 10.999999999999998 10.999999999999998 10.999999999999998 38 13.999999999999998 14.999999999999995 11.000000000000002 12.000000000000005 15.999999999999998 12.999999999999998 17 10.999999999999998 10.999999999999998 17 10.999999999999998 89 15.999999999999998 34
leaf_count=20 18 20 14 11 11 11 11 13 18 13 11 16 11 11 11 38 14 15 11 12 16 13 17 11 11 17 11 89 16 34
internal_value=-0.00112682 -0.00767764 -0.00345215 -0.0176049 -0.000614005 -0.00934547 0.00386848 -0.00318288 -0.00780659 0.00232205 -0.000497964 0.0129538 0.00674696 0.0029925 0.00286064 0.00234544 -0.00285753 -0.000735476 0.000319757 0.00233394 -0.00180816 0.000438376 0.000969714 0.0037355 9.84007e-05 0.00204385 -0.00398094 0.00394541 0.00468564 0.00070886
internal_weight=545 235 171 64 157 53 310 146 45 272 33 38 27 22 259 248 32 101 81 43 38 110 92 138 58 34 22 127 28 45
internal_count=545 235 171 64 157 53 310 146 45 272 33 38 27 22 259 248 32 101 81 43 38 110 92 138 58 34 22 127 28 45
is_linear=0
shrinkage=0.0529975


Tree=79
num_leaves=28
num_cat=0
split_feature=37 29 19 29 19 19 37 29 19 29 5 26 39 31 37 39 8 2 13 45 37 39 37 15 13 30 39
split_gain=6.01824 2.6482 5.05329 3.74979 3.46195 2.55594 1.25997 0.756328 1.41294 0.41388 0.340088 0.264473 0.236491 0.219728 0.179743 0.134259 0.0312772 0.0312327 0.0151947 0.0245628 0.00901946 0.00459307 0.00269082 0.00148205 0.00122324 0.000416995 0.000249208
threshold=-0.7098019992819159 1.3382556559007897 0.53717754361396441 0.74954040166073665 0.12500767621502204 -1.084056395528697 2.1084445962342691 0.24207146523303721 -0.13695324231613623 -0.50026514361871988 -0.74261475481244321 -0.68156680265806024 -0.91978235659077423 0.66856331366879385 0.87755862036522103 -0.69848839585506151 -0.37302240447475093 1.5311111153691559 -0.025205726072662717 -0.70873559988967771 0.049279300998485126 0.69039570106989789 -0.30090461377175504 -0.029545012454036703 -0.71477076707091436 0.51871690791773173 0.42080037888319483
decision_type=2 2 2 2 2 2 2 2 2 2 2 2 2 2 2 2 2 2 2 2 2 2 2 2 2 2 2
left_child=1 2 3 5 -5 -1 14 9 -9 -7 -8 12 -11 16 18 -13 -10 -15 20 -20 23 26 -21 24 -2 -16 -22
right_child=6 -3 -4 4 -6 7 10 8 13 11 -12 15 -14 17 25 -17 -18 -19 19 22 21 -23 -24 -25 -26 -27 -28
leaf_value=-0.024168911197720591 0 -0.026267052989705292 0.022871894269818581 -0.040684982034770237 -0.0035484482159057733 0.0069711594548650356 0.020013982578456827 -0.016142885982804403 -0.0050122586304152039 0.00035454937814599689 0.0053713197559216302 0.0027947985611402647 -0.0081511585427977273 0 0.0048928833156326778 -0.0013314274687988088 -0.00071053551922731217 0.0037830979131583242 6.028258244369381e-06 0.00062884985313607232 0.00039409364436775288 0 0.0032777736207956643 0 0.00055675332407733799 0.001480514431697899 0.0019900081024525089
leaf_weight=10.999999999999998 11.999999999999995 12.999999999999998 10.999999999999998 11.000000000000002 14.999999999999998 14.999999999999998 11.000000000000002 22 19 12.000000000000002 17 33.999999999999993 17 11.000000000000002 81 42.000000000000007 13.999999999999998 10.999999999999998 15.999999999999998 11.999999999999998 17 12.999999999999998 34 10.999999999999998 23.000000000000004 12.999999999999998 27
leaf_count=11 12 13 11 11 15 15 11 22 19 12 17 34 17 11 81 42 14 11 16 12 17 13 34 11 23 13 27
internal_value=-0.001092 -0.006895 -0.00523629 -0.00712517 -0.0241586 -0.00434606 0.00413513 -0.00252356 -0.00641519 0.000104612 0.0138447 -0.00113701 -0.00497428 -0.00120516 0.00276956 0.000498723 -0.00375628 0.00235695 0.00155656 0.00230186 0.000941893 0.00138385 0.00287329 0.000163484 0.000368016 0.00460789 0.00163433
internal_weight=545 258 245 234 26 208 287 197 77 120 28 105 29 55 259 76 33 22 165 62 103 57 46 46 35 94 44
internal_count=545 258 245 234 26 208 287 197 77 120 28 105 29 55 259 76 33 22 165 62 103 57 46 46 35 94 44
is_linear=0
shrinkage=0.0529975


Tree=80
num_leaves=28
num_cat=0
split_feature=37 13 19 29 19 19 37 9 29 19 1 7 12 19 29 30 3 37 3 13 37 7 7 9 37 9 9
split_gain=5.56841 2.58728 5.83991 3.58265 3.60211 2.39618 1.17877 0.706197 0.617384 0.462672 0.462575 0.336431 0.296029 0.20934 0.23487 0.148614 0.143586 0.110233 0.0642976 0.0135946 0.00973519 0.00421354 0.00233361 0.0015858 0.00052946 0.00025715 7.38536e-05
threshold=-0.7098019992819159 1.4819864349663734 0.60675712484006339 0.74954040166073665 0.12500767621502204 -1.084056395528697 1.9469825516994852 -0.19155332817298618 0.056565116237184652 -0.15395302483745629 -0.52851467950102726 -1.0367737378873938 0.14266095426046657 -0.067710861908419975 0.28665038868626475 0.55019931102944586 -0.52153959772711989 0.87755862036522103 0.40164295506539588 -0.576857758871264 0.1436402361162151 0.76912997856109699 0.14404233049371098 0.22182650142769678 0.049279300998485126 0.99480359888185943 -0.70205742406041227
decision_type=2 2 2 2 2 2 2 2 2 2 2 2 2 2 2 2 2 2 2 2 2 2 2 2 2 2 2
left_child=1 2 3 5 -5 -1 17 8 18 -10 15 -8 -13 14 -12 -9 -15 19 -7 22 23 -19 -2 26 -24 -25 -21
right_child=6 -3 -4 4 -6 7 11 10 9 -11 13 12 -14 16 -16 -17 -18 21 -20 20 -22 -23 24 25 -26 -27 -28
leaf_value=-0.023339923587186995 0 -0.02347268079612682 0.024431823003256036 -0.040390720954515874 -0.0029019441922363489 -0.0024856669453183788 0.018963213673040959 0.00083241169130206347 -0.016207978802216381 -0.0034519717824988607 -0.0011669042676692876 0.010991317824894733 0.000326667063826418 -0.0019222232459803058 -0.0082910615331321363 0.0088062136426163406 0.004344264797272103 0.0042951411412972653 0.0017407596791094515 0.0001779402961909134 0.0024871227506846937 0.00096215455820675253 0 0 0.00089385212112013258 0.00029237536646468623 0.001579133442112019
leaf_weight=10.999999999999998 17 18 11.999999999999998 11.000000000000002 14.999999999999998 13.000000000000002 10.999999999999998 16.000000000000004 15.999999999999998 22 54 11.000000000000002 15.999999999999998 12.000000000000002 13.999999999999998 11.999999999999998 17 73 14.999999999999998 14.999999999999998 54 10.999999999999998 12.999999999999998 13.000000000000002 21 10.999999999999998 21
leaf_count=11 17 18 12 11 15 13 11 16 16 22 54 11 16 12 14 12 17 73 15 15 54 11 13 13 21 11 21
internal_value=-0.00105868 -0.00664087 -0.0048087 -0.00696418 -0.023578 -0.00417409 0.00396884 -0.00235799 -0.00653941 -0.0104587 0 0.0120527 0.00609106 -0.00172314 -0.00328105 0.00540572 0.00166659 0.00245335 -0.000108376 0.00149695 0.00184356 0.00402948 0.00048718 0.000985173 0.000708591 0.00015607 0.00127039
internal_weight=545 258 240 228 26 202 287 191 66 38 125 38 27 97 68 28 29 249 28 165 114 84 51 60 34 24 36
internal_count=545 258 240 228 26 202 287 191 66 38 125 38 27 97 68 28 29 249 28 165 114 84 51 60 34 24 36
is_linear=0
shrinkage=0.0529975


Tree=81
num_leaves=29
num_cat=0
split_feature=39 30 29 29 19 19 35 30 29 12 37 6 13 5 25 8 29 19 29 13 4 9 12 30 37 12 37 37
split_gain=5.17492 2.90713 3.3071 3.09783 2.926 1.57909 1.25134 0.489773 0.457872 0.407716 0.321535 0.2276 0.207679 0.153429 0.146944 0.138345 0.106995 0.124378 0.13553 0.0736076 0.0730949 0.0437633 0.0407678 0.0384151 0.0712717 0.0146312 0.0105185 0.00822271
threshold=-0.5612317575249578 0.51871690791773173 1.3382556559007897 0.57049017291794757 0.44452598162483986 -0.95772725582126561 -1.2356161011941302 1.2529128884377021 0.52337296649648568 0.17268793027806068 1.5213098888350618 0.33221314831891452 0.5165953775688209 -1.300866931953909 -0.80856147868421624 1.2225999579185074 -0.054945875154369203 0.09284057523187364 0.24627008227285696 -0.95611853142030256 -0.034959809805857743 0.12359606136457299 0.24244024473966483 0.73596744670852088 -0.18557458196119755 -0.74160133825143393 0.27574554528103529 -0.60495651581777243
decision_type=2 2 2 2 2 2 2 2 2 2 2 2 2 2 2 2 2 2 2 2 2 2 2 2 2 2 2 2
left_child=1 2 4 5 8 -3 15 10 13 12 19 20 -10 -1 -12 -2 -15 18 -18 22 -7 -19 25 24 27 -8 -26 -21
right_child=6 3 -4 -5 -6 11 7 -9 9 -11 14 -13 -14 16 -16 -17 17 21 -20 23 -22 -23 -24 -25 26 -27 -28 -29
leaf_value=-0.004871373132437175 0.018271361128259136 -0.022158790314730923 -0.02328552911992355 -0.036384899078511661 0.020482926868934076 0.0032538377869256265 0 -0.0057211989087479495 -0.0061853395565587719 -0.013780059427107734 0 -0.0060612878779635632 0.00096436964236978982 0.0034306079497980913 0.0073523855549058386 0.0047608060813235948 0 0 -0.0052397319992447157 -0.00091137971594980913 -0.001432703469594224 0.0037199059766628781 -0.0021253734249078991 0.0047988526007403005 0.0010564524895892967 0.0018683632090314088 0.0028602684425148208 0.00041701708153375468
leaf_weight=12.999999999999998 11.000000000000002 10.999999999999998 13.999999999999998 10.999999999999998 10.999999999999998 11.999999999999998 17 13.999999999999998 15.999999999999998 10.999999999999998 10.999999999999998 18 18 18 48 10.999999999999998 29 12.000000000000002 17 15.999999999999998 12.000000000000002 11.999999999999998 12.999999999999998 14.999999999999998 38 14.000000000000002 80 22
leaf_count=13 11 11 14 11 11 12 17 14 16 11 11 18 18 18 48 11 29 12 17 16 12 12 13 15 38 14 80 22
internal_value=-0.00102273 -0.00687214 -0.00298028 -0.0160248 -0.000336744 -0.00841203 0.00343565 0.00231371 -0.00269749 -0.00680686 0.00286293 -0.00234758 -0.00264847 -0.000522436 0.00620958 0.0142321 0.000315492 -0.000601114 -0.00219576 0.00176937 0.000859744 0.0020504 -1.60023e-05 0.0022532 0.00179674 0.00088089 0.00241489 -3.15354e-05
internal_weight=545 235 171 64 157 53 310 288 146 45 274 42 34 101 59 22 88 70 46 215 24 24 44 171 156 31 118 38
internal_count=545 235 171 64 157 53 310 288 146 45 274 42 34 101 59 22 88 70 46 215 24 24 44 171 156 31 118 38
is_linear=0
shrinkage=0.0529975


Tree=82
num_leaves=33
num_cat=0
split_feature=39 30 39 30 29 47 35 29 9 30 37 13 13 5 25 8 29 27 29 8 13 8 9 12 30 37 47 12 37 37 13 4
split_gain=4.79226 2.71369 3.25696 4.63803 2.88904 1.67382 1.17501 0.767627 0.542697 0.452001 0.291949 0.271738 0.234768 0.142683 0.138729 0.126672 0.0983801 0.114744 0.12549 0.097027 0.0693454 0.0423147 0.0409952 0.0377417 0.0343627 0.0669955 0.0288881 0.0136722 0.00992246 0.00759525 0.00629729 3.8262e-05
threshold=-0.5612317575249578 0.51871690791773173 -1.1558530955085182 -0.82590330011500368 0.57049017291794757 1.0000000180025095e-35 -1.2356161011941302 0.52337296649648568 -0.37294869812298032 1.2529128884377021 1.5590542628821551 0.43778794431187779 0.22106750285528437 -1.300866931953909 -0.80856147868421624 1.2225999579185074 -0.054945875154369203 0.09284057523186369 0.24627008227285696 -0.75956035854908854 -0.95611853142030256 -1.0389942329791786 0.12359606136457299 0.24244024473966483 0.73596744670852088 -0.18557458196119755 0.59100304412747862 -0.74160133825143393 0.27574554528103529 -0.60495651581777243 -0.51282671934999768 0.20918801266748963
decision_type=2 2 2 2 2 2 2 2 2 2 2 2 2 2 2 2 2 2 2 2 2 2 2 2 2 2 2 2 2 2 2 2
left_child=1 2 -1 -4 5 -3 15 13 -9 10 20 12 -7 -5 -12 -2 -15 18 -18 21 23 -10 -19 27 25 29 -16 -8 -27 -22 -30 -31
right_child=6 4 3 7 -6 11 9 8 19 -11 14 -13 -14 16 26 -17 17 22 -20 -21 24 -23 -24 -25 -26 28 -28 -29 30 31 -32 -33
leaf_value=-0.024243590063543211 0.01764465772878334 -0.018173634830046723 0.025852712479377926 -0.0046946967103418261 -0.035136905560481012 -0.0017048972351176247 0 -0.016704846864206029 -0.0013642098938656622 -0.0055089146312497965 0 -0.0054227775539863483 0.0071686304423765222 0.0032942271954294815 0.0041744497267510432 0.0045975116245431068 0 0 -0.0050344488723344004 0 -0.00087624605369634589 -0.0075185114122973268 0.0035884491489397976 -0.0020482897372640315 0.0046171592032734493 0.0010080941188294252 0.0099868009711382051 0.0017990377412950623 0.00049833115036914885 0 0.0030100989794154234 0.00051905017355799866
leaf_weight=11.999999999999998 11.000000000000002 20 10.999999999999998 12.999999999999998 10.999999999999998 11.000000000000002 17 10.999999999999998 11.999999999999998 13.999999999999998 10.999999999999998 10.999999999999998 10.999999999999998 18 30 10.999999999999998 29 12.000000000000002 17 13.000000000000002 15.999999999999998 10.999999999999998 11.999999999999998 12.999999999999998 14.999999999999998 38 14.999999999999998 14.000000000000002 12.999999999999998 11.000000000000002 70 10.999999999999998
leaf_count=12 11 20 11 13 11 11 17 11 12 14 11 11 11 18 30 11 29 12 17 13 16 11 12 13 15 38 15 14 13 11 70 11
internal_value=-0.000998603 -0.0066278 -0.00286654 -0.000388399 -0.0154711 -0.00811469 0.00329138 -0.00331483 -0.00849166 0.0022043 0.00273289 0 0.00306751 -0.000499645 0.0060251 0.0137525 0.00030573 -0.000570125 -0.00210497 -0.0037889 0.00171735 -0.00549458 0.00197154 -1.44411e-05 0.00217998 0.00174828 0.00719535 0.000843419 0.00233507 -2.50214e-05 0.00275526 0.00039965
internal_weight=545 235 171 159 64 53 310 148 47 288 274 33 22 101 56 22 88 70 46 36 218 23 24 44 174 159 45 31 121 38 83 22
internal_count=545 235 171 159 64 53 310 148 47 288 274 33 22 101 56 22 88 70 46 36 218 23 24 44 174 159 45 31 121 38 83 22
is_linear=0
shrinkage=0.0529975


Tree=83
num_leaves=33
num_cat=0
split_feature=39 3 30 29 15 47 35 29 30 10 37 29 19 13 17 25 3 29 1 39 37 45 12 10 7 13 47 45 39 3 45 3
split_gain=4.45021 2.3769 6.72972 4.98101 2.93337 2.67234 1.01693 1.00191 0.786745 0.570137 0.26775 0.253405 0.483141 0.116918 0.127054 0.114133 0.113107 0.0890993 0.0681373 0.0652323 0.0554907 0.04501 0.034134 0.0542476 0.0229871 0.0149544 0.0117749 0.00764503 0.00469235 0.000435639 0.000387409 0.000198468
threshold=-0.39234954295270691 0.74002062381803124 -0.72758761312421016 0.74954040166073665 0.93580236748553591 0.59100304412747862 -1.2356161011941302 -0.35880181257487692 0.52738096071083229 1.1932390427821107 1.5213098888350618 0.25224183869804911 -0.13695324231613623 0.024048919712926695 -0.2591007138785551 -0.80856147868421624 -0.52153959772711989 0.031036353483505329 0.83746028238458914 -0.79348685826839638 0.1771907908247404 1.4488293381839996 0.81929498120535549 0.35276627385815701 1.203174615345598 -0.45864660898584947 0.59100304412747862 1.0000000180025095e-35 -0.024381346166373868 0.31520952880792913 0.19971279508871262 0.27291232021384998
decision_type=2 2 2 2 2 2 2 2 2 2 2 2 2 2 2 2 2 2 2 2 2 2 2 2 2 2 2 2 2 2 2 2
left_child=1 2 -1 9 7 -5 -2 -3 -9 11 20 13 -13 14 -4 -12 27 -11 -16 -18 24 26 23 -15 28 30 -17 -14 29 -8 -22 -30
right_child=6 4 3 5 -6 -7 10 8 -10 17 15 12 16 22 18 21 19 -19 -20 -21 25 -23 -24 -25 -26 -27 -28 -29 31 -31 -32 -33
leaf_value=0.027243885156137685 0.013910931277793069 0.0050225914298907166 -0.0038509865913587318 -0.0034246563470112274 -0.032715473120744312 -0.035348760433313996 0.0013459043133006998 -0.0005181218210582319 -0.017857158957292972 -0.0030172153371942566 0 -0.010779104973110708 -0.00048921919926920774 0.0029520979670199184 0.0036854545097980964 0.0043627756172430789 0.0033157383002520922 -0.01167545067191513 -0.00040454674214454784 -0.00089304445867782105 0 0.0014532701391522882 0.0053119230375316554 -0.00073832797379606353 -0.0013425255650850864 0.0027535710079545357 0.010298589888737272 -0.0037977127595968329 0 0 0.0010970650471538667 0.00016696476361480178
leaf_weight=12.999999999999998 20 11.999999999999998 14.999999999999998 14.000000000000002 12.999999999999998 15.999999999999998 22 14.000000000000002 12.999999999999998 15.000000000000002 10.999999999999998 10.999999999999998 11.000000000000002 18.000000000000004 11.999999999999998 28 18 10.999999999999998 22 11.000000000000002 11.999999999999998 10.999999999999998 10.999999999999998 12.999999999999998 11.999999999999998 73 11.999999999999998 10.999999999999998 13.000000000000002 11.999999999999998 31 13.999999999999998
leaf_count=13 20 12 15 14 13 16 22 14 13 15 11 11 11 18 12 28 18 11 22 11 12 11 11 13 12 73 12 11 13 12 31 14
internal_value=-0.000967286 -0.00567967 -0.00305113 -0.00567529 -0.0153053 -0.0236971 0.00379186 -0.00576032 -0.0108062 -0.00194691 0.00265261 -0.000530896 -0.00302443 0.00117793 -0.000470172 0.0055727 -0.000271242 -0.00840019 0.00120047 0.00164024 0.00151697 0.00653245 0.00306477 0.00134687 0.000230103 0.00221843 0.00740582 -0.00285205 0.000736198 0.00111238 0.000941581 0
internal_weight=545 274 222 209 52 30 271 39 27 179 251 153 62 91 49 62 51 26 34 29 189 51 42 31 73 116 40 22 61 34 43 27
internal_count=545 274 222 209 52 30 271 39 27 179 251 153 62 91 49 62 51 26 34 29 189 51 42 31 73 116 40 22 61 34 43 27
is_linear=0
shrinkage=0.0529975


Tree=84
num_leaves=33
num_cat=0
split_feature=39 19 29 39 30 19 37 29 7 30 12 29 30 6 37 21 6 13 44 8 8 3 13 8 0 34 25 5 39 8 37 9
split_gain=4.13449 2.50894 5.29141 3.57277 3.6262 1.53757 1.05419 0.616186 0.34946 0.301182 0.277749 0.274374 0.240355 0.136638 0.128002 0.125238 0.105812 0.164679 0.105147 0.0991586 0.0727943 0.057348 0.0349886 0.0182387 0.0222922 0.0175563 0.0149435 0.0119454 0.0106114 0.00539793 0.0109378 0.00121769
threshold=-0.5612317575249578 -0.32580081582471693 0.42990594242352781 -1.1464725685440789 -0.82590330011500368 -0.95772725582126561 1.9469825516994852 0.96361458521015575 -1.0367737378873938 1.3172068235561969 0.14266095426046657 -0.15716204103522488 1.0555148531397263 0.48402615276326083 0.27574554528103529 1.1383493711306591 0.50353014485828651 0.41808608599764202 0.70547720845605821 0.80909475049965607 -1.0923923416683397 -0.51602257051919664 -1.0300005000986865 0.087195842581020186 -0.6191448947806325 1.4061680004477497 0.18747199337874662 -0.68588595877810354 -0.21892884926927833 0.65397236724334473 0.61125109236629682 0.34869418108768963
decision_type=2 2 2 2 2 2 2 2 2 2 2 2 2 2 2 2 2 2 2 2 2 2 2 2 2 2 2 2 2 2 2 2
left_child=1 2 5 -3 -5 -1 9 15 -8 12 -10 19 14 -13 22 16 17 18 -6 -7 -17 -19 -2 26 -25 29 28 -18 -24 30 -16 -28
right_child=6 3 -4 4 7 11 8 -9 10 -11 -12 13 -14 -15 25 20 27 21 -20 -21 -22 -23 23 24 -26 -27 31 -29 -30 -31 -32 -33
leaf_value=-0.020531983151853853 -0.0014958368514276993 -0.020713760787581182 -0.040145989639213148 0.024405437646398308 0.0013828741496277597 0.0030882405792965919 0.017453277970966824 -0.010734378004070433 0.0097973130981517977 -0.004695088623401138 0 0 0.0084708649890612685 -0.0074994001522294866 0.0011718567483340022 0 -0.0027772435373955391 0.00038507005505891944 -0.0037902999955344518 -0.0020033429071659452 -0.0050963044754123322 0.0060494715502641995 -0.0016674208298973088 3.9294381871488505e-05 0.0029487463697156391 0 0.001017362538851621 0 0 0.00064126813565379165 0.0034698722200309758 0
leaf_weight=10.999999999999998 18 18 10.999999999999998 10.999999999999998 24 21 10.999999999999998 11.999999999999998 11.000000000000002 12.999999999999998 15.999999999999998 11.000000000000005 10.999999999999998 19 26 11.000000000000002 11.000000000000002 11.000000000000002 10.999999999999998 10.999999999999998 12.999999999999998 18 11.000000000000002 21 12.999999999999998 10.999999999999998 21 10.999999999999998 14.999999999999998 13.999999999999998 87 10.999999999999998
leaf_count=11 18 18 11 11 24 21 11 12 11 13 16 11 11 19 26 11 11 11 11 11 13 18 11 21 13 11 21 11 15 14 87 11
internal_value=-0.000940066 -0.00616922 -0.0131979 -0.00186 0.00142491 -0.00630965 0.00304371 -0.00163881 0.0107106 0.00173955 0.0050794 -0.00209548 0.00218781 -0.0053285 0.00168823 -8.27378e-05 0.000831691 0.00193945 -0.000389194 0.00111424 -0.00310352 0.00453461 0.000242048 0.000724068 0.00160167 0.00273439 0 -0.00186658 -0.000738504 0.00290965 0.00308552 0.000803351
internal_weight=545 235 84 151 133 73 310 122 38 272 27 62 259 30 248 110 86 64 35 32 24 29 110 92 34 138 58 22 26 127 113 32
internal_count=545 235 84 151 133 73 310 122 38 272 27 62 259 30 248 110 86 64 35 32 24 29 110 92 34 138 58 22 26 127 113 32
is_linear=0
shrinkage=0.0529975


Tree=85
num_leaves=31
num_cat=0
split_feature=39 19 29 29 19 19 35 15 30 12 29 29 37 8 6 19 25 8 45 13 6 30 37 29 47 46 37 37 8 4
split_gain=3.84054 2.34489 4.93321 3.3012 2.18528 1.43401 1.0012 0.531802 0.382554 0.350281 0.329494 0.252269 0.232867 0.146841 0.125212 0.122398 0.12058 0.091871 0.0786127 0.058114 0.053047 0.0338333 0.0521536 0.0327139 0.0312288 0.0199875 0.00651077 0.00501133 0.00159148 1.84756e-05
threshold=-0.5612317575249578 -0.32580081582471693 0.42990594242352781 1.3382556559007897 0.44452598162483986 -0.95772725582126561 -1.2356161011941302 -1.2252975897148428 1.2529128884377021 -1.2436009370254377 0.25849815300452755 -0.15716204103522488 1.5590542628821551 1.2225999579185074 0.48402615276326083 0.33105089177526276 -0.80856147868421624 0.80909475049965607 0.65393699257790783 -0.95611853142030256 0.50353014485828651 0.73596744670852088 -0.18557458196119755 -0.49493806836938409 0.59100304412747862 1.0000000180025095e-35 -0.60495651581777243 0.27574554528103529 0.26944174137472671 0.20918801266748963
decision_type=2 2 2 2 2 2 2 2 2 2 2 2 2 2 2 2 2 2 2 2 2 2 2 2 2 2 2 2 2 2
left_child=1 2 5 4 7 -1 13 -3 12 -9 20 17 19 -2 -13 18 -14 -7 -12 23 25 22 26 28 -18 -11 -21 -24 -8 -28
right_child=6 3 -4 -5 -6 11 8 9 -10 10 15 14 16 -15 -16 -17 24 -19 -20 21 -22 -23 27 -25 -26 -27 29 -29 -30 -31
leaf_value=-0.019827740728660389 0.016429255238987486 -0.0092061003059530251 -0.038768992740963175 -0.021924126812578878 0.018937575548466135 0.0029609254823176013 0.0014534715995126763 0.0060634308060381987 -0.0051559115157589694 0.0049289627367820376 -0.005811965813727382 0 0 0.0038838882920611069 -0.0071972951363252977 0.00063386435122442925 0.0036461407671559737 -0.0019346286955676745 -4.5101063371729326e-05 -0.00082112147307165494 0 0.0042828942281396502 0.00090031330632757206 -0.0014990552286911199 0.0090714904777035102 0.000605127267288739 0 0.0023815733532147297 0 0.000456407167038891
leaf_weight=10.999999999999998 11.000000000000002 13.999999999999998 10.999999999999998 13.999999999999998 10.999999999999998 21 11.000000000000002 17 13.999999999999998 12.000000000000002 35 11.000000000000005 10.999999999999998 10.999999999999998 19 10.999999999999998 30 10.999999999999998 10.999999999999998 15.999999999999998 14.999999999999998 14.999999999999998 38 21 14.999999999999998 10.999999999999998 11.000000000000002 83 11.999999999999998 10.999999999999998
leaf_count=11 11 14 11 14 11 21 11 17 14 12 35 11 11 11 19 11 30 11 11 16 15 15 38 21 15 11 11 83 12 11
internal_value=-0.000910823 -0.00595096 -0.0127461 -0.00178392 0.00105842 -0.00609126 0.00292824 -0.00123894 0.00192552 0.000114992 -0.00117711 -0.0020178 0.00241496 0.0125814 -0.00511872 -0.00362343 0.00535829 0.00105452 -0.0047315 0.00150449 0.00232733 0.00192936 0.00151741 -6.58602e-05 0.00644558 0.0036547 -2.71468e-05 0.00203586 0.00104122 0.000352999
internal_weight=545 235 84 151 137 73 310 126 288 112 95 62 274 22 30 57 56 32 46 218 38 174 159 44 45 23 38 121 23 22
internal_count=545 235 84 151 137 73 310 126 288 112 95 62 274 22 30 57 56 32 46 218 38 174 159 44 45 23 38 121 23 22
is_linear=0
shrinkage=0.0529975


Tree=86
num_leaves=30
num_cat=0
split_feature=39 3 30 29 15 47 29 25 30 10 37 29 19 3 14 36 17 45 39 45 31 10 6 47 36 8 45 15 12
split_gain=3.57221 2.17128 5.95 4.29292 2.7058 2.41354 0.922273 0.877435 0.712901 0.461768 0.219012 0.200184 0.382607 0.10237 0.099629 0.0993687 0.115777 0.0822113 0.0606645 0.0569307 0.0447965 0.0430176 0.0485088 0.0399822 0.0183345 0.0110551 0.00914477 0.00551175 0.00493694
threshold=-0.39234954295270691 0.74002062381803124 -0.72758761312421016 0.74954040166073665 0.93580236748553591 0.59100304412747862 -0.35880181257487692 -1.2633808432044347 0.52738096071083229 1.1932390427821107 1.5590542628821551 0.25224183869804911 -0.13695324231613623 -0.52153959772711989 -0.78845165062348044 -0.068984832407375477 -0.2591007138785551 -0.36806745177278138 -0.79348685826839638 -0.9358476986342753 1.3158191844875342 0.61840108698261209 0.20528273472306618 0.59100304412747862 -0.024193489250835459 0.51670958938247669 1.0000000180025095e-35 -1.2443755543905628 0.37367355774455935
decision_type=2 2 2 2 2 2 2 2 2 2 2 2 2 2 2 2 2 2 2 2 2 2 2 2 2 2 2 2 2
left_child=1 2 -1 9 6 -5 -3 -2 -8 11 20 15 -13 26 -12 21 -17 -11 -15 -18 24 22 -4 -16 -9 27 -14 -26 -29
right_child=7 4 3 5 -6 -7 8 10 -10 17 14 12 13 18 23 16 19 -19 -20 -21 -22 -23 -24 -25 25 -27 -28 28 -30
leaf_value=0.025871317259213912 0.013201992078004319 0.0050814225402804206 0.0025453668815255126 -0.0027626326539739784 -0.030984037586167159 -0.032850629395129359 -0.0003199573112959834 0.0024670516818346574 -0.01675985515685139 -0.010024401710233114 1.1432664330668193e-05 -0.0094675969423348872 -0.00033142610571179669 0.0032877701282746051 0.0035020300920640289 -0.0035952226391117751 0.0035947670597065713 -0.0021088731733476846 -0.0007675572586193102 -0.00016894038471323091 -0.0011017758976224121 0.0048668419906497725 -0.0011146836312319231 0.0087280274309886781 0 0 -0.0035416373745153465 0.0015181040842895677 0
leaf_weight=12.999999999999998 18 11.999999999999998 16.000000000000004 14.000000000000002 12.999999999999998 15.999999999999998 14.000000000000002 56 12.999999999999998 13.000000000000002 11.999999999999998 10.999999999999998 11.000000000000002 18 35 14.999999999999998 10.999999999999995 12.999999999999998 11.000000000000002 23.000000000000004 11.999999999999998 14.999999999999998 10.999999999999998 14.999999999999998 11.999999999999998 19 10.999999999999998 79 12.999999999999998
leaf_count=13 18 12 16 14 13 16 14 56 13 13 12 11 11 18 35 15 11 13 11 23 12 15 11 15 12 19 11 79 13
internal_value=-0.000879394 -0.00510229 -0.00259978 -0.00507537 -0.0142922 -0.0218028 -0.00518547 0.00338306 -0.0100544 -0.0016183 0.00236803 -0.000345426 -0.00257166 -0.000122181 0.00501501 0.00116455 -0.000350701 -0.00742187 0.00168201 0.00123048 0.00134684 0.00290083 0.000910968 0.00596132 0.00157914 0.00102485 -0.00260079 0.00123046 0.00136287
internal_weight=545 274 222 209 52 30 39 271 27 179 253 153 62 51 62 91 49 26 29 34 191 42 27 50 179 123 22 104 92
internal_count=545 274 222 209 52 30 39 271 27 179 253 153 62 51 62 91 49 26 29 34 191 42 27 50 179 123 22 104 92
is_linear=0
shrinkage=0.0529975


Tree=87
num_leaves=33
num_cat=0
split_feature=39 35 29 19 29 29 53 19 37 30 19 12 29 30 30 15 47 26 37 21 25 12 9 47 47 33 8 37 5 6 6 7
split_gain=3.30928 2.20236 6.85708 2.79995 2.37898 1.21262 1.06468 1.23269 0.905447 0.573901 0.365369 0.282556 0.398792 0.25181 0.228105 0.164924 0.146921 0.129375 0.0967971 0.0621502 0.0330025 0.0261985 0.0328636 0.0225734 0.0151033 0.0139207 0.01172 0.0106026 0.00921025 0.00347569 0.00128473 0.000414881
threshold=-0.5612317575249578 -0.075187709818658785 1.0939113685825921 -0.30845206814241349 0.7731741465887918 0.13350758775729649 1.0593795073025254 -0.71234336683649502 1.9469825516994852 -0.31970743230468118 0.56461929902412689 -1.2436009370254377 0.60923513714294653 1.3172068235561969 1.0555148531397263 0.45625915962691704 -0.036118628440457261 -0.56440320388895016 0.2442919002417939 0.62416355765874221 -0.38708658348593333 0.24244024473966483 0.35752137825369174 0.24260211492306979 -0.17547900012222076 1.6088264785833932 0.65397236724334473 0.62592946005127559 -0.13990640815478472 -0.55440467075798106 -1.3106498720426385 0.042432159270275466
decision_type=2 2 2 2 2 2 2 2 2 2 2 2 2 2 2 2 2 2 2 2 2 2 2 2 2 2 2 2 2 2 2 2
left_child=1 4 3 5 6 -3 7 -1 13 -5 15 -11 19 14 18 -10 17 -9 21 -13 23 24 28 -18 -2 26 27 31 -23 30 -26 -20
right_child=8 2 -4 9 -6 -7 -8 16 10 11 -12 12 -14 -15 -16 -17 20 -19 25 -21 -22 22 -24 -25 29 -27 -28 -29 -30 -31 -32 -33
leaf_value=-0.016416728187736689 0.0019354559408908377 -0.0027540043030139703 -0.040020576811324933 0.0094086615484218882 0.016371905403452826 -0.026639185177191688 0.0062012537248693515 -0.0020758775220468917 0.007388685267014649 0.0036334818055973467 0.016504578452478897 0.0025372125940838998 -0.0091699949205835251 -0.0043723520895025724 0.0080024215305972216 0 -0.006796716387892943 0.0040552178442610463 0 -0.0014747307716950783 -0.00073830789471018116 0.00085820194454279744 -0.0025785981256400028 -0.0019068875374813519 0 0 0.0002894297495455103 0.0030538963649463743 -0.00067361040650173966 0.00056592006911351344 -0.00049804813724743386 0.0013020619695446041
leaf_weight=18 18 12.000000000000002 12.999999999999998 10.999999999999998 13.999999999999998 12.999999999999998 20 14.000000000000002 14.000000000000002 15.999999999999998 10.999999999999998 11.999999999999998 14.999999999999998 12.999999999999998 10.999999999999998 12.999999999999998 10.999999999999998 11.999999999999998 12.000000000000002 21 15.000000000000002 19 11.999999999999998 18 11.000000000000002 10.999999999999998 14.999999999999998 85 11.000000000000002 23 11.999999999999998 19
leaf_count=18 18 12 13 11 14 13 20 14 14 16 11 12 15 13 11 13 11 12 12 21 15 19 12 18 11 11 15 85 11 23 12 19
internal_value=-0.000857603 -0.00553671 -0.01067 -0.00474037 -0.00045039 -0.0181504 -0.00343881 -0.00595988 0.00270511 0.000656181 0.00980768 -0.00142551 -0.00345743 0.00149757 0.00191083 0.0043641 -0.00209589 0.00076523 0.00143059 0 -0.00381526 0.00012934 -0.000758442 -0.004808 0.000826797 0.00231016 0.00245983 0.00265521 8.38516e-05 8.54706e-05 -0.000171774 0.00105545
internal_weight=545 235 113 100 122 25 108 88 310 75 38 64 48 272 259 27 70 26 248 33 44 106 42 29 64 142 131 116 30 46 23 31
internal_count=545 235 113 100 122 25 108 88 310 75 38 64 48 272 259 27 70 26 248 33 44 106 42 29 64 142 131 116 30 46 23 31
is_linear=0
shrinkage=0.0529975


Tree=88
num_leaves=21
num_cat=0
split_feature=37 13 19 29 19 19 37 29 19 5 3 9 29 37 45 13 5 37 6 13
split_gain=3.04194 2.11037 4.32446 2.41138 2.7875 1.74834 0.790711 0.547815 0.479326 0.385778 0.227309 0.178222 0.124808 0.0876796 0.0169575 0.016692 0.00528504 0.00415756 0.000452499 0.00017975
threshold=-0.7098019992819159 1.4819864349663734 0.60675712484006339 0.74954040166073665 0.12500767621502204 -1.084056395528697 2.1084445962342691 -0.50026514361871988 -0.71234336683649502 -0.74261475481244321 -0.52153959772711989 0.63584499150947027 0.25224183869804911 0.87755862036522103 -0.9358476986342753 -0.025205726072662717 -0.51342519082327598 0.049279300998485126 -0.21251619737676489 -0.51282671934999768
decision_type=2 2 2 2 2 2 2 2 2 2 2 2 2 2 2 2 2 2 2 2
left_child=1 2 3 5 -5 -1 13 -7 -9 -8 12 -12 -10 14 16 17 -2 18 19 -16
right_child=6 -3 -4 4 -6 7 9 8 10 -11 11 -13 -14 -15 15 -17 -18 -19 -20 -21
leaf_value=-0.019271539764339731 -0.00083328939732399735 -0.020088708469336393 0.021774087036314504 -0.033551206751044879 -0.0011876741962135995 0.0066969466539741245 0.016554529450122518 -0.0099297123127993145 -7.3648593022548247e-05 0.003073229373773064 -0.0012292652770439798 0.003106503352858329 -0.0063383340282174632 0.0030933987743852454 0.00029677390540870207 0.0020294950079582639 0.00033570595062634164 0.00089234945341030525 -2.7057550708831062e-05 0
leaf_weight=10.999999999999998 10.999999999999998 18 11.999999999999998 11.000000000000002 14.999999999999998 14.999999999999998 11.000000000000002 14.999999999999998 15.999999999999998 17 89 31 25 94 13.999999999999998 47 21 47 13.999999999999998 11.000000000000002
leaf_count=11 11 18 12 11 15 15 11 15 16 17 89 31 25 94 14 47 21 47 14 11
internal_value=-0.000829303 -0.0049572 -0.00333192 -0.00520726 -0.01882 -0.0029295 0.00288316 -0.00139491 -0.00232087 0.0105607 -0.00123905 0 -0.00436353 0.00180661 0.000949909 0.00120529 0 0.000576007 0 0.000201323
internal_weight=545 258 240 228 26 202 287 191 176 28 161 120 41 259 165 133 32 86 39 25
internal_count=545 258 240 228 26 202 287 191 176 28 161 120 41 259 165 133 32 86 39 25
is_linear=0
shrinkage=0.0529975


Tree=89
num_leaves=28
num_cat=0
split_feature=30 29 19 29 29 19 28 19 2 31 29 31 47 12 37 47 29 45 53 8 29 44 37 1 6 13 37
split_gain=2.89162 8.12973 1.54615 4.21884 0.835584 1.25066 0.716053 0.597555 0.447866 0.374918 0.355585 0.257151 0.132904 0.107106 0.114264 0.123196 0.104991 0.136231 0.104494 0.116815 0.0993599 0.0829127 0.0559932 0.0743351 0.0176104 0.0172706 0.0170761
threshold=-1.4739652562250283 1.0939113685825921 -0.32580081582471693 0.031036353483505329 -0.74356857378253738 -0.85535387021005227 -0.90131216258272484 0.56461929902412689 -0.52569871464058704 0.18045774246799609 0.18888648312768833 1.6179016312698529 0.86972378749100565 1.5117235543663337 1.5590542628821551 -0.10579881428133901 -0.15716204103522488 -0.14095535302818379 1.0000000180025095e-35 -0.49290444129679761 -0.46840301170822823 -1.2624566551833614 -0.81674439241534058 0.014557977424368306 0.50353014485828651 0.60525373998288179 -0.44978520029083774
decision_type=2 2 2 2 2 2 2 2 2 2 2 2 2 2 2 2 2 2 2 2 2 2 2 2 2 2 2
left_child=-1 2 3 4 6 -6 -2 10 -5 -9 13 12 18 14 22 -16 17 21 25 -20 -19 -7 23 -4 -8 -12 -24
right_child=1 -3 7 8 5 16 24 9 -10 -11 11 -13 -14 -15 15 -17 -18 20 19 -21 -22 -23 26 -25 -26 -27 -28
leaf_value=0.018015111408552102 0.012716293195764242 -0.034740462075779945 0.0059644234058609143 -0.0072237983741764017 -0.014001722330464813 0 0.0009621583303157066 0.00092894566182274269 -0.025291549753197223 0.011703142260945057 -0.0065015251394514792 0.0042070699592927632 0.00085127962322925177 -0.0016228507262888989 0.00037654599427803902 0.0067433814580859256 -0.0030846304335230843 0.0011277850157152135 0.0022830271965467038 -0.0036127115363926775 -0.0038112936413459914 0.0048889689928324253 -0.00023008053543908155 6.998247154622448e-05 -0.0012716043477214907 -0.0016977145881268434 0.0012103978808400205
leaf_weight=15.999999999999998 15.999999999999998 13.999999999999998 12.000000000000002 13.999999999999998 15.999999999999998 11.999999999999995 16.000000000000004 18 18 20 26 10.999999999999998 15.999999999999998 13.999999999999998 15.999999999999998 26 14.999999999999998 19 12.000000000000002 12.999999999999998 13.999999999999998 22.000000000000004 17 12.999999999999998 11.999999999999998 12.999999999999998 114
leaf_count=16 16 14 12 14 16 12 16 18 18 20 26 11 16 14 16 26 15 19 12 13 14 22 17 13 12 13 114
internal_value=-0.000804652 -0.00158246 -0.000278204 -0.00427245 -2.49973e-05 -0.00277583 0.00556025 0.0017784 -0.0199582 0.00758052 0.000895145 -0.00175886 -0.00289655 0.00208345 0.00241975 0.00481351 0.000140077 0.0011518 -0.00392596 -0.000663225 -0.00105233 0.00330276 0.00157784 0.00373115 0 -0.00549512 0.000970593
internal_weight=545 529 515 174 142 98 44 341 32 38 303 91 80 212 198 42 82 67 64 25 33 34 156 25 28 39 131
internal_count=545 529 515 174 142 98 44 341 32 38 303 91 80 212 198 42 82 67 64 25 33 34 156 25 28 39 131
is_linear=0
shrinkage=0.0529975


Tree=90
num_leaves=17
num_cat=0
split_feature=39 30 29 19 19 29 19 29 2 19 12 37 24 29 30 47
split_gain=2.7554 4.33865 2.4783 4.10179 1.50929 0.615229 0.876265 0.242559 0.299798 0.258826 0.143846 0.169247 0.137879 0.086464 0.0858545 0.0414808
threshold=-1.1558530955085182 -1.4739652562250283 0.74954040166073665 0.12500767621502204 -1.1597747990198337 0.26696810119628295 -0.13695324231613623 -0.8007581298917843 -0.79383113947774209 -0.92602225282107575 1.5902633668125283 1.5988955465985291 1.6819971191508489 -0.91996353719568635 -0.17828588221193531 0.59100304412747862
decision_type=2 2 2 2 2 2 2 2 2 2 2 2 2 2 2 2
left_child=-1 -2 4 -4 -3 7 -7 8 -6 -9 11 -11 14 -10 15 -8
right_child=1 2 3 -5 5 6 12 9 13 10 -12 -13 -14 -15 -16 -17
leaf_value=-0.021175205480710377 0.024794319243170465 -0.01462260110963391 -0.032423334639528907 0.0016808686012274076 0.010592555034583544 -0.011556948360193482 -0.0010719099326048668 -0.0053868381038073964 -0.00096352147337171374 0.001029149224127029 -0.00240464321148645 0.0046252151917064634 0.0040645575530282854 0.0036584480428084494 -0.0033258790674444683 0.002291865156585993
leaf_weight=11.999999999999998 12.999999999999998 12.999999999999998 11.999999999999998 20 11.999999999999998 20 13.000000000000002 10.999999999999998 15.999999999999995 277 21 40 11.999999999999998 16.000000000000004 23 13.999999999999998
leaf_count=12 13 13 12 20 12 20 13 11 16 277 21 40 12 16 23 14
internal_value=-0.000777683 -7.50247e-05 -0.000985607 -0.014023 1.50042e-05 0.000607434 -0.0033895 0.00149731 0.00499849 0.000959251 0.00127639 0.00158198 0 0.00137629 -0.00126744 0.000560121
internal_weight=545 533 520 32 488 475 82 393 44 349 338 317 62 32 50 27
internal_count=545 533 520 32 488 475 82 393 44 349 338 317 62 32 50 27
is_linear=0
shrinkage=0.0529975


Tree=91
num_leaves=20
num_cat=0
split_feature=29 19 29 30 13 19 29 19 29 2 19 31 12 9 29 8 1 31 7
split_gain=2.61824 2.90935 2.86717 2.59444 1.86956 1.35554 0.602719 0.721853 0.250923 0.279225 0.225841 0.115598 0.101437 0.0842554 0.0801791 0.0537235 0.0465888 0.0185168 0.00648362
threshold=1.3382556559007897 0.56461929902412689 0.74954040166073665 0.23966141775408889 1.009141835424715 -1.1597747990198337 0.24207146523303721 -0.13695324231613623 -0.8007581298917843 -0.79383113947774209 -0.92602225282107575 0.66856331366879385 1.5902633668125283 0.35752137825369174 -0.91996353719568635 -0.37302240447475093 0.21061577944410606 0.53546145317687588 0.070753836687949406
decision_type=2 2 2 2 2 2 2 2 2 2 2 2 2 2 2 2 2 2 2
left_child=1 2 5 -4 17 -1 8 -8 9 -7 -10 15 13 -12 -11 -9 -13 18 -3
right_child=-2 4 3 -5 -6 6 7 11 10 14 12 16 -14 -15 -16 -17 -18 -19 -20
leaf_value=-0.014092264220388364 -0.019114952767129163 0.0025236817884204186 -8.2123197737912537e-05 -0.030832294890025761 0.026489416269720789 0.010218227678767556 -0.010619234447199592 -0.0035872006516856516 -0.005202070841409989 -0.00092637776607007178 0.0019771303104980263 0 -0.0021580444832947306 3.9846809066902054e-05 0.0035174150844829882 1.9152658412723361e-06 0.0038778525064383988 0.0059430800814840139 4.2575703657971393e-05
leaf_weight=12.999999999999998 14.999999999999998 14.000000000000002 15.000000000000002 10.999999999999998 10.999999999999998 11.999999999999998 22 19 10.999999999999998 15.999999999999995 184 11.000000000000002 19 106 16.000000000000004 14.999999999999998 12.999999999999998 10.999999999999998 10.999999999999998
leaf_count=13 15 14 15 11 11 12 22 19 11 16 184 11 19 106 16 15 13 11 11
internal_value=-0.00075965 -1.9094e-05 -0.00131002 -0.0166502 0.0117626 -0.000217853 0.000355231 -0.00362571 0.00129362 0.00481804 0.000707878 -0.000117399 0.00103546 0.00130777 0.00131615 -0.00206624 0.00227175 0.00395673 0.00187676
internal_weight=545 530 483 26 47 457 444 80 364 44 320 58 309 290 32 34 24 36 25
internal_count=545 530 483 26 47 457 444 80 364 44 320 58 309 290 32 34 24 36 25
is_linear=0
shrinkage=0.0529975


Tree=92
num_leaves=17
num_cat=0
split_feature=39 30 29 19 19 29 19 29 2 19 24 12 37 30 29 47
split_gain=2.54047 4.02741 2.14308 3.64056 1.29752 0.522357 0.741358 0.213276 0.260057 0.222668 0.125606 0.122433 0.150579 0.0762586 0.0743584 0.0385848
threshold=-1.1558530955085182 -1.4739652562250283 0.74954040166073665 0.12500767621502204 -1.1597747990198337 0.26696810119628295 -0.13695324231613623 -0.8007581298917843 -0.79383113947774209 -0.92602225282107575 1.6819971191508489 1.5902633668125283 1.5988955465985291 -0.17828588221193531 -0.91996353719568635 0.59100304412747862
decision_type=2 2 2 2 2 2 2 2 2 2 2 2 2 2 2 2
left_child=-1 -2 4 -4 -3 7 -7 8 -6 -9 13 12 -11 15 -10 -8
right_child=1 2 3 -5 5 6 10 9 14 11 -12 -13 -14 -15 -16 -17
leaf_value=-0.020322700350258203 0.023898310200520041 -0.013581162177843005 -0.030403581109360561 0.0016855022280755016 0.009857128331574724 -0.010652760271031233 -0.0010740851730146259 -0.0050236413055652308 -0.00089066591456717591 0.00091474377251083252 0.0038596543220647426 -0.0022349246805131212 0.004304491810610509 -0.0031685435066453539 0.0033818190258535778 0.0021708919296859388
leaf_weight=11.999999999999998 12.999999999999998 12.999999999999998 11.999999999999998 20 11.999999999999998 20 13.000000000000002 10.999999999999998 15.999999999999995 277 11.999999999999998 21 40 23 16.000000000000004 13.999999999999998
leaf_count=12 13 13 12 20 12 20 13 11 16 277 12 21 40 23 16 14
internal_value=-0.000737025 -6.19255e-05 -0.000939825 -0.0130632 0 0.00054055 -0.0031404 0.00136174 0.00464412 0.000856789 0 0.0011527 0.00143607 -0.0012299 0.00125832 0.000485557
internal_weight=545 533 520 32 488 475 82 393 44 349 62 338 317 50 32 27
internal_count=545 533 520 32 488 475 82 393 44 349 62 338 317 50 32 27
is_linear=0
shrinkage=0.0529975


Tree=93
num_leaves=19
num_cat=0
split_feature=29 19 29 30 13 19 29 19 29 2 19 9 12 30 24 45 29 7
split_gain=2.42305 2.63154 2.4796 2.32792 1.7549 1.16643 0.500815 0.616579 0.221085 0.242199 0.193823 0.104093 0.0845172 0.077792 0.0729742 0.0695571 0.0689672 0.0129573
threshold=1.3382556559007897 0.56461929902412689 0.74954040166073665 0.23966141775408889 1.009141835424715 -1.1597747990198337 0.24207146523303721 -0.13695324231613623 -0.8007581298917843 -0.79383113947774209 -0.92602225282107575 -0.14591056851891923 1.5902633668125283 0.092958246108635609 1.6014705879276734 1.0000000180025095e-35 -0.91996353719568635 0.4115726716950609
decision_type=2 2 2 2 2 2 2 2 2 2 2 2 2 2 2 2 2 2
left_child=1 2 5 -4 17 -1 8 -8 9 -7 -10 -9 13 -12 15 -13 -11 -3
right_child=-2 4 3 -5 -6 6 7 11 10 16 12 14 -14 -15 -16 -17 -18 -19
leaf_value=-0.013088596914650225 -0.018377143760564655 0.0014981839712799245 0 -0.028932037515734983 0.025452285096505173 0.0095087905245553536 -0.0097771309362048205 -0.0027340708228514856 -0.0048513315269697356 -0.00085633086250302818 0.0020487332152806228 0.0022877709576463122 -0.0019810785633174121 0.00025576286444525657 0.0041715033152341955 -0.0022518854582075456 0.0032514500876818079 0.0050689555641223651
leaf_weight=12.999999999999998 14.999999999999998 21 15.000000000000002 10.999999999999998 10.999999999999998 11.999999999999998 22 21 10.999999999999998 15.999999999999995 141 11.000000000000002 19 149 10.999999999999998 14.999999999999998 16.000000000000004 14.999999999999998
leaf_count=13 15 21 15 11 11 12 22 21 11 16 141 11 19 149 11 15 16 15
internal_value=-0.000719466 -6.68718e-06 -0.00123521 -0.0155014 0.0111978 -0.000218222 0.000312481 -0.00331446 0.00116929 0.00447648 0.000619145 -6.75426e-05 0.000924705 0.00117496 0.00145368 -4.41601e-05 0.00120273 0.00366365
internal_weight=545 530 483 26 47 457 444 80 364 44 320 58 309 290 37 26 32 36
internal_count=545 530 483 26 47 457 444 80 364 44 320 58 309 290 37 26 32 36
is_linear=0
shrinkage=0.0529975


Tree=94
num_leaves=27
num_cat=0
split_feature=30 29 19 29 19 44 29 8 29 29 10 12 37 9 30 30 47 37 13 13 34 37 6 13 37 19
split_gain=2.3815 6.64143 1.18739 3.40339 0.735743 0.563175 0.522239 0.516068 0.430388 0.260601 0.122294 0.116417 0.20069 0.113163 0.107154 0.116128 0.0948563 0.0930089 0.0893589 0.0638679 0.0533845 0.082629 0.0454283 0.0370864 0.0219941 0.013433
threshold=-1.4739652562250283 1.0939113685825921 -0.32580081582471693 -0.15716204103522488 -0.71234336683649502 -1.2624566551833614 0.7731741465887918 0.97390045284613536 0.24627008227285696 0.18888648312768833 -0.053551922787591452 1.5117235543663337 1.8777845326131508 -0.15921305042862932 -0.2145055800327397 0.16368854174941233 -0.036118628440457261 -0.78948456671466416 -0.30103174247196335 1.0000000180025095e-35 1.4061680004477497 -0.81674439241534058 0.1282705344976546 0.13240914044122343 -0.52737085805430506 0.09284057523187364
decision_type=2 2 2 2 2 2 2 2 2 2 2 2 2 2 2 2 2 2 2 2 2 2 2 2 2 2
left_child=-1 2 3 5 -5 -2 9 13 23 11 14 12 20 24 19 -16 17 -15 -18 -11 21 -4 -14 -6 -7 -12
right_child=1 -3 6 4 8 7 -8 -9 -10 10 25 -13 22 16 15 -17 18 -19 -20 -21 -22 -23 -24 -25 -26 -27
leaf_value=0.016378773937166979 -0.0059892253724850592 -0.031374861251962136 0.0047109925971574535 -0.024745001151734218 -0.004171644155822149 -0.0030634562558950261 0.0090028648227479299 0.009564989472243119 -0.01482750543370798 -0.00030293660199010746 -0.0051371432896331962 -0.0017348081926735533 0.0084995671344075523 0.0064325988424221298 -0.0040209352283708689 0.00094088536258388905 -0.0033016148980653829 0.00073746165413877669 0.0018725883042710961 0.0038804176685052439 -0.00066171455417220497 0.0011827186165988572 0.0022128831532037697 0 0 -0.00098397855253060736
leaf_weight=15.999999999999998 20 13.999999999999998 20 11.999999999999998 13.000000000000002 13.000000000000002 19 18 11.999999999999998 12.000000000000002 14.000000000000002 15.999999999999998 12.000000000000002 11.999999999999998 21 19 11.000000000000002 24 13.999999999999998 17 21 142 15.999999999999998 11.999999999999998 12.999999999999998 11.999999999999998
leaf_count=16 20 14 20 12 13 13 19 18 12 12 14 16 12 12 21 19 11 24 14 17 21 142 16 12 13 12
internal_value=-0.000697975 -0.00140532 -0.000225475 -0.00372749 -0.0147265 0.00100756 0.00157488 0.00265477 -0.00831701 0.000958716 -0.00127396 0.00193181 0.00228229 0.000625401 0 -0.00169682 0.00188367 0.00344957 -0.000377008 0.00219449 0.00147962 0.00181249 0.00613658 -0.00270273 -0.00190816 -0.00398223
internal_weight=545 529 515 174 49 125 341 105 37 322 95 227 211 87 69 40 61 36 25 29 183 162 28 25 26 26
internal_count=545 529 515 174 49 125 341 105 37 322 95 227 211 87 69 40 61 36 25 29 183 162 28 25 26 26
is_linear=0
shrinkage=0.0529975


Tree=95
num_leaves=21
num_cat=0
split_feature=39 38 29 19 19 29 19 19 19 6 13 29 28 2 8 10 7 1 6 39
split_gain=2.28844 3.56358 2.7566 2.12972 1.11252 0.483649 0.697796 0.274391 0.266874 0.253214 0.17434 0.0893752 0.130877 0.137614 0.0751756 0.0986361 0.0608696 0.044476 0.0485556 0.0250903
threshold=-1.1558530955085182 -0.85777646155359866 0.74954040166073665 0.12500767621502204 -1.1597747990198337 -0.15716204103522488 -0.3357664568293684 -0.94590896873541463 0.43761099535384468 0.40306023220815956 0.60525373998288179 0.18888648312768833 -0.071462254183915774 1.6463212820353956 0.56921887989089426 0.66889347538467159 1.3000758665100698 0.6431729643184515 0.43342141626485481 -0.57725569735370785
decision_type=2 2 2 2 2 2 2 2 2 2 2 2 2 2 2 2 2 2 2 2
left_child=-1 -2 4 -4 -3 7 9 -6 14 -7 -11 17 -13 -14 16 -16 -9 18 -8 -19
right_child=1 2 3 -5 5 6 11 8 -10 10 -12 12 13 -15 15 -17 -18 19 -20 -21
leaf_value=-0.019270309720372917 0.020842982317587223 -0.012480807386735937 -0.028040822621321695 -0.0010374843418643903 0.008665366737442632 0 0.0029303501076647018 0.0019022355115667635 0.0081321949748350674 -0.011669585252183498 -0.0016302505035076197 -0.0044594896281052922 -0.0010682172399594666 0.0037882875709174041 -0.002931951924913839 0.0011927708309779465 -0.0013584125013291236 -0.001820050034694781 0 0.00078790299592772337
leaf_weight=11.999999999999998 15.999999999999998 12.999999999999998 12.000000000000002 17 11.999999999999998 10.999999999999998 47 161 10.999999999999998 19.000000000000004 10.999999999999998 15.999999999999998 57 15.999999999999998 22 31 10.999999999999998 11.000000000000002 21 18
leaf_count=12 16 13 12 17 12 11 47 161 11 19 11 16 57 16 22 31 11 11 21 18
internal_value=-0.000681823 -4.0633e-05 -0.000931854 -0.0153009 8.3272e-05 0.000592959 -0.00113982 0.00219598 0.0016316 -0.0069166 -0.00906732 0.000273421 -0.0008638 0.000114565 0.0010807 -0.000524968 0.00161573 0.00137421 0.00207532 -0.000144095
internal_weight=545 533 517 29 488 475 227 248 236 41 30 186 89 73 225 53 172 97 68 29
internal_count=545 533 517 29 488 475 227 248 236 41 30 186 89 73 225 53 172 97 68 29
is_linear=0
shrinkage=0.0529975


Tree=96
num_leaves=23
num_cat=0
split_feature=29 19 29 30 13 19 29 19 19 6 19 12 32 29 45 3 29 39 8 6 7 29
split_gain=2.20844 2.27131 2.06125 2.0447 1.65047 0.984778 0.393603 0.524008 0.228942 0.207625 0.103887 0.0805755 0.0667512 0.062176 0.094268 0.0572251 0.0663829 0.0455803 0.0853643 0.045385 0.0191318 0.00272205
threshold=1.3382556559007897 0.56461929902412689 0.74954040166073665 0.23966141775408889 1.009141835424715 -1.1597747990198337 0.031036353483505329 -0.13695324231613623 -0.94590896873541463 0.46114156163059888 -0.28488604230764769 1.5117235543663337 -1.1764033572252435 -0.15716204103522488 -0.14095535302818379 -0.3597067996280337 0.37014666599639606 -0.79348685826839638 -0.033437552464992741 -0.44595890710518399 0.4115726716950609 0.23832575056983082
decision_type=2 2 2 2 2 2 2 2 2 2 2 2 2 2 2 2 2 2 2 2 2 2
left_child=1 2 5 -4 20 -1 8 9 -7 -8 13 12 -12 14 -10 16 19 18 -17 -9 -3 -19
right_child=-2 4 3 -5 -6 6 7 15 10 -11 11 -13 -14 -15 -16 17 -18 21 -20 -21 -22 -23
leaf_value=-0.012028150372267494 -0.017526067773749317 0.0011087863219124249 0 -0.026724076832859163 0.024213246905587689 0.0070886626523421585 -0.0012634632322719732 -0.0012176279744725814 0.0020394279025812948 -0.0089524854006792151 0.0056484194353682822 -0.001511643240107172 0.0016400509005277844 -0.002675469129981658 -0.00089169531587474755 0.0052214262520272918 -0.003290024040234396 0.00032948837418209727 0 0.002456643351409655 0.0046108181670314165 -0.00052922444544123372
leaf_weight=12.999999999999998 14.999999999999998 21 15.000000000000002 10.999999999999998 10.999999999999998 12.999999999999998 21 11.999999999999998 47 26 10.999999999999998 11.999999999999998 138 17 65 12.000000000000002 14.999999999999998 18.000000000000004 12.999999999999998 12.000000000000002 14.999999999999998 11.999999999999998
leaf_count=13 15 21 15 11 11 13 21 12 47 26 11 12 138 17 65 12 15 18 13 12 15 12
internal_value=-0.000668713 0 -0.00113033 -0.0141379 0.0104205 -0.000201686 0.000284729 -0.00195757 0.00136852 -0.00618044 0.000950094 0.00182615 0.00218811 -0.000124085 0.000320269 0.000328011 -0.00103966 0.00141919 0.00284494 0.0005105 0.00318428 0
internal_weight=545 530 483 26 47 457 444 141 303 47 290 161 149 129 112 94 39 55 25 24 36 30
internal_count=545 530 483 26 47 457 444 141 303 47 290 161 149 129 112 94 39 55 25 24 36 30
is_linear=0
shrinkage=0.0529975


Tree=97
num_leaves=18
num_cat=0
split_feature=39 30 29 0 19 29 19 29 2 19 24 10 1 29 29 45 45
split_gain=2.1132 3.33654 1.52703 2.80656 0.939486 0.363263 0.506712 0.172246 0.218343 0.180806 0.100789 0.0867709 0.0878115 0.0647988 0.063393 0.0613764 0.0535585
threshold=-1.1558530955085182 -1.4739652562250283 0.74954040166073665 1.2070188308161685 -1.1597747990198337 0.26696810119628295 -0.13695324231613623 -0.8007581298917843 -0.79383113947774209 -0.83382283659871825 1.6819971191508489 1.1932390427821107 -0.63110956544386487 0.60923513714294653 -0.91996353719568635 0.086156745716413782 -0.36806745177278138
decision_type=2 2 2 2 2 2 2 2 2 2 2 2 2 2 2 2 2
left_child=-1 -2 4 -4 -3 7 -7 8 -6 -9 13 12 -11 15 -10 -8 -13
right_child=1 2 3 -5 5 6 10 9 14 11 -12 16 -14 -15 -16 -17 -18
leaf_value=-0.018508939428448331 0.021777442828218495 -0.011591909175867516 -0.026305403827700594 0.00176981749433157 0.0088191539779026058 -0.0088528753562253908 0.0022472711021534913 -0.0040755328942737494 -0.00096399606969634999 0.0028238613464074747 0.0034182165703788982 -0.0027188427522343551 0.00067452731081860736 -0.0034009768361581011 0.0029687245468200921 -0.0016034665338303996 0.00049939522149857688
leaf_weight=11.999999999999998 12.999999999999998 12.999999999999998 11.999999999999998 20 11.999999999999998 20 15.999999999999998 14.999999999999998 15.999999999999995 75 11.999999999999998 21 216 15.999999999999998 16.000000000000004 18 22
leaf_count=12 13 13 12 20 12 20 16 15 16 75 12 21 216 16 16 18 22
internal_value=-0.000646486 -2.99302e-05 -0.000830443 -0.0110644 -1.90613e-05 0.000423712 -0.00264195 0.00111096 0.00405649 0.000657686 0 0.000958928 0.00129783 -0.00114034 0.000976728 9.92539e-05 -0.00107014
internal_weight=545 533 520 32 488 475 82 393 44 349 62 334 291 50 32 34 43
internal_count=545 533 520 32 488 475 82 393 44 349 62 334 291 50 32 34 43
is_linear=0
shrinkage=0.0529975


Tree=98
num_leaves=22
num_cat=0
split_feature=30 13 30 39 9 35 30 39 39 14 39 39 21 11 13 13 39 17 39 0 6
split_gain=1.96666 1.9181 1.15904 1.58596 1.18918 1.07397 0.865969 0.548776 0.382572 0.221563 0.174767 0.165634 0.196067 0.103813 0.0975965 0.127437 0.0532267 0.0460743 0.0397463 0.0293992 0.0251739
threshold=-1.4739652562250283 1.7528869867871151 0.34485729356418537 -0.84506682601750038 0.56511187688897802 -0.85884385454404988 1.2529128884377021 -1.0783225139200134 -0.93615942336344571 -0.56002742741942735 1.9373597581478144 -0.5612317575249578 1.1082511439194545 0.72142320383420455 0.5461481650401746 0.2900240069551096 -0.46195446332225859 -0.2591007138785551 0.13663951708393884 -0.38631219113403442 0.50353014485828651
decision_type=2 2 2 2 2 2 2 2 2 2 2 2 2 2 2 2 2 2 2 2 2
left_child=-1 2 7 4 -4 -5 11 -2 9 -9 13 12 17 14 15 -10 -13 -7 -15 -16 -18
right_child=1 -3 3 5 -6 6 -8 8 10 -11 -12 16 -14 18 19 -17 20 -19 -20 -21 -22
leaf_value=0.014885418420597572 0.010214755363486835 -0.018813472376382624 -0.02083699257245623 0.0083276775240359174 0 -0.0025492925633173696 -0.012854905202819334 0.00041478833447066419 0.0013156200109692583 -0.0071251777586290015 0.0054462463127492476 0.0025051211188149903 -0.0082580310178235698 -0.0033950452065511292 0.00082824567056159737 -0.0019160496060737231 1.2548710593960851e-05 0.00066762805899183407 0 0.0047067679730540901 -0.0021206897659109087
leaf_weight=15.999999999999998 11.999999999999998 10.999999999999998 18.000000000000004 20 10.999999999999998 18 17 14.999999999999998 163 20 21 14.999999999999998 11.999999999999998 14.000000000000002 17 36 43 17 12.999999999999998 22 13.999999999999998
leaf_count=16 12 11 18 20 11 18 17 15 163 20 21 15 12 14 17 36 43 17 13 22 14
internal_value=-0.000630599 -0.00127453 -0.000677718 -0.00398164 -0.0142221 -0.00157887 -0.00337505 0.00117515 0.000634742 -0.00413537 0.00131535 -0.00141319 -0.00366885 0.000848958 0.00122818 0.000657978 0.00013856 -0.000947306 -0.00189786 0.00350703 -0.000552519
internal_weight=545 529 518 185 29 156 136 333 321 35 286 119 47 265 238 199 72 35 27 39 57
internal_count=545 529 518 185 29 156 136 333 321 35 286 119 47 265 238 199 72 35 27 39 57
is_linear=0
shrinkage=0.0529975


Tree=99
num_leaves=24
num_cat=0
split_feature=29 19 29 30 13 19 29 19 19 31 19 12 23 34 25 2 53 29 6 8 39 7 13
split_gain=2.11048 2.00253 1.77137 1.92804 1.52773 0.79258 0.305842 0.420445 0.223879 0.159562 0.0830676 0.0709868 0.0706113 0.0685989 0.065467 0.0652408 0.0935196 0.0521069 0.0415102 0.0401994 0.0679007 0.0228981 0.0165029
threshold=1.3382556559007897 0.56461929902412689 0.74954040166073665 0.23966141775408889 1.009141835424715 -1.1597747990198337 0.031036353483505329 -0.079993913381877391 -0.94590896873541463 -0.65090950601940956 -0.28488604230764769 1.5117235543663337 -0.35970679962804214 0.5438226853868573 -1.1764033572252413 -1.1719344244913408 1.0000000180025095e-35 0.37014666599639606 -0.44595890710518399 -0.033437552464992741 -0.79348685826839638 0.48959172621014541 0.39838422768340626
decision_type=2 2 2 2 2 2 2 2 2 2 2 2 2 2 2 2 2 2 2 2 2 2 2
left_child=1 2 5 -4 21 -1 8 9 -7 -8 15 14 17 -11 -12 -10 -17 18 -9 20 -14 22 -3
right_child=-2 4 3 -5 -6 6 7 12 10 13 11 -13 19 -15 -16 16 -18 -19 -20 -21 -22 -23 -24
leaf_value=-0.01076947623957805 -0.017090847778264976 -9.4307698951578937e-05 0.0002254437855970814 -0.025308166544947171 0.023083886931456341 0.0068775035374575516 -0.0092258895395860054 -0.0012411854090651256 -0.003140550548091512 0 0.0053271107220402283 -0.0015034273495048987 0.0051439053569033704 -0.0043522082089073998 0.0014224258744160185 0.0015605766136516986 -0.0012941278119810858 -0.0030132451061529522 0.002333570760536995 0 0.0001315830666639011 0.0044232079746322796 0.0020339733319834894
leaf_weight=12.999999999999998 14.999999999999998 11.000000000000002 15.000000000000002 10.999999999999998 10.999999999999998 12.999999999999998 14.999999999999998 11.999999999999998 11.999999999999998 20 10.999999999999998 11.999999999999998 12.000000000000002 17 138 66 51 14.999999999999998 11.000000000000002 20 19 13.999999999999998 10.999999999999998
leaf_count=13 15 11 15 11 11 13 15 12 12 20 11 12 12 17 138 66 51 15 11 20 19 14 11
internal_value=-0.0006109 2.84668e-05 -0.00101944 -0.0130774 0.00982601 -0.000157855 0.000276692 -0.00169759 0.00123313 -0.00522262 0.000822313 0.00160668 0.000488121 -0.0023769 0.00195069 -0.000132769 0.000257004 -0.00104422 0.000356623 0.00174215 0.00277988 0.0028911 0.000928072
internal_weight=545 530 483 26 47 457 444 141 303 52 290 161 89 37 149 129 117 38 23 51 31 36 22
internal_count=545 530 483 26 47 457 444 141 303 52 290 161 89 37 149 129 117 38 23 51 31 36 22
is_linear=0
shrinkage=0.0529975


Tree=100
num_leaves=17
num_cat=0
split_feature=39 38 29 19 29 19 31 25 19 31 9 9 39 5 47 25
split_gain=1.98847 2.97146 2.09334 0.739499 0.513705 1.26371 0.212068 0.175728 0.171916 0.143577 0.113747 0.0963786 0.0938359 0.0865126 0.0836009 0.00829871
threshold=-1.1558530955085182 -0.85777646155359866 0.96361458521015575 -1.1597747990198337 0.26696810119628295 -0.14956450218051662 -1.7306718095644047 -1.3308125281902385 -0.13695324231613623 0.66856331366879385 0.31438680620565568 -1.1202046355740458 1.8227470085125217 0.78339173605645052 0.86972378749100565 0.13351837953256235
decision_type=2 2 2 2 2 2 2 2 2 2 2 2 2 2 2 2
left_child=-1 -2 3 -3 6 10 -5 -8 11 14 -6 -9 -10 -11 15 -7
right_child=1 2 -4 4 5 9 7 8 12 13 -12 -13 -14 -15 -16 -17
leaf_value=-0.017919072797539185 0.019074404671972967 -0.010378885111663282 -0.017207024689749217 0.0060265151204823694 -0.016315093797462533 -0.0037500456942632715 0.005545310217096709 -0.0034257528526849303 0.0010600283866522044 0 -0.0041518285726914843 -5.6000815643418135e-05 0.0047296692720670041 0.0048508625621321248 0.001475567277096987 -0.00062456125091994231
leaf_weight=11.999999999999998 15.999999999999998 12.999999999999998 14.999999999999998 18 11.000000000000002 16.000000000000004 14.999999999999998 23 156 13.999999999999998 10.999999999999998 162 20 18 11.999999999999998 12.999999999999998
leaf_count=12 16 13 15 18 11 16 15 23 156 14 11 162 20 18 12 13
internal_value=-0.00059251 0 -0.000809872 -0.000108839 0.000272501 -0.00309013 0.00113492 0.000791537 0.000487602 0.000452831 -0.0126748 -0.000605913 0.0016575 0.00290958 -0.0014426 -0.00289563
internal_weight=545 533 517 502 489 95 394 376 361 73 22 185 176 32 41 29
internal_count=545 533 517 502 489 95 394 376 361 73 22 185 176 32 41 29
is_linear=0
shrinkage=0.0529975


Tree=101
num_leaves=27
num_cat=0
split_feature=39 30 39 19 46 19 28 19 7 15 6 10 6 1 53 39 10 39 45 39 5 26 1 47 0 6
split_gain=1.84845 2.76453 0.932391 1.17054 1.61689 0.931409 0.456737 0.336221 0.371335 0.189828 0.28071 0.183986 0.15797 0.15761 0.104892 0.0772631 0.102362 0.0725062 0.0603951 0.118705 0.0509701 0.0139917 0.0204424 0.00521216 0.005172 0.000656322
threshold=-1.1558530955085182 -1.4739652562250283 -0.39234954295270691 -0.32580081582471693 0.45820649254739221 -0.95772725582126561 -0.90131216258272484 0.34004903709483209 1.0442629002395458 -1.2252975897148428 -1.017036480229579 -0.64010162163973228 0.25998191677495136 -0.41091727163557618 1.0593795073025254 0.42080037888319483 0.85910532906678883 1.1845511489635598 1.3352732888117009 1.8227470085125217 -0.17877803490968722 1.0465525907089588 -0.6478825713200782 -0.17547900012222076 -0.38766530771811586 0.43342141626485481
decision_type=2 2 2 2 2 2 2 2 2 2 2 2 2 2 2 2 2 2 2 2 2 2 2 2 2 2
left_child=-1 -2 3 4 5 -3 -4 9 -9 -5 -11 -12 -7 -14 -13 21 18 -18 19 23 -15 22 -8 -17 -24 -26
right_child=1 2 6 7 -6 12 15 8 -10 10 11 14 13 20 -16 16 17 -19 -20 -21 -22 -23 24 -25 25 -27
leaf_value=-0.017285835691380629 0.019846148276599928 -0.013578807305045962 0.0096515848890015663 -0.0055758235158037033 -0.0212985131605751 0.0024865007306295889 -0.0014455349518676624 0.010455897491393853 -0.00087235171535600604 0.0049326752156401282 -0.0063931503841207684 -0.0012881958157123295 -0.0056678753312926671 0.00093068802084638163 0.0029190384555552139 0.00046859715882139436 0.0010096918356811847 -0.0037210594812001549 -0.0001761271159728211 0.0060865119131025382 -0.0023024038479139406 -0.00139566595368021 0.001056971713751999 0.001857221480008513 0.00019275419789146903 -0.00016609037198079247
leaf_weight=11.999999999999998 12.999999999999998 15.999999999999998 11.999999999999998 14.999999999999998 12.999999999999998 19 13.999999999999998 11.000000000000002 11.999999999999998 19 10.999999999999998 60 20 27.999999999999996 15.999999999999998 31.999999999999993 12.000000000000002 10.999999999999998 21 18 16.000000000000004 19 21 62.000000000000007 31 10.999999999999998
leaf_count=12 13 16 12 15 13 19 14 11 12 19 11 60 20 28 16 32 12 11 21 18 16 19 21 62 31 11
internal_value=-0.000580261 -3.06852e-06 -0.000733169 -0.00298734 -0.00690242 -0.00383709 0.00144463 0.000165354 0.00534648 -0.000970434 0 -0.00139219 -0.0010923 -0.00237654 -0.000168584 0.000811507 0.00152658 -0.00131358 0.00210346 0.00257731 -0.000240415 -0.000303436 0 0.00151079 0.000476006 0
internal_weight=545 533 520 256 112 99 264 144 23 121 106 87 83 64 76 252 156 23 133 112 44 96 77 94 63 42
internal_count=545 533 520 256 112 99 264 144 23 121 106 87 83 64 76 252 156 23 133 112 44 96 77 94 63 42
is_linear=0
shrinkage=0.0529975


Tree=102
num_leaves=21
num_cat=0
split_feature=29 27 29 30 13 29 27 27 29 27 23 9 5 13 6 29 53 29 45 7
split_gain=1.944 1.72915 1.50328 1.77321 1.47059 0.70432 2.27096 0.663876 0.20642 0.346298 0.0797529 0.0754597 0.0698293 0.115951 0.0993803 0.0499872 0.0433378 0.0358656 0.0320129 0.0256559
threshold=1.3382556559007897 0.56461929902411578 0.74954040166073665 0.23966141775408889 1.009141835424715 -0.8007581298917843 -0.95772725582127649 -0.95772725582127649 0.25849815300452755 -0.13695324231614844 -0.52153959772712855 0.64606185014724693 -1.1467356927858219 -0.0055038677584269549 0.21253976309500919 -0.85191837106913615 1.0593795073025254 -0.33273871682312839 0.54038094320560914 0.4115726716950609
decision_type=2 2 2 2 2 2 2 2 2 2 2 2 2 2 2 2 2 2 2 2
left_child=1 2 5 -4 19 7 -7 -1 12 -10 -11 -12 17 14 -14 18 -15 -8 -9 -3
right_child=-2 4 3 -5 -6 6 8 15 9 10 11 -13 13 16 -16 -17 -18 -19 -20 -21
leaf_value=0.014250256885351835 -0.016377785071805775 0.00052074783566549211 0.00057817598829741699 -0.02376982540432318 0.022132594618475065 -0.018317830626125759 0 0.0013959408932819513 -0.0074494665906596645 -0.0022587598324086957 -0.00025874848171967771 0.0040931521062261642 0.0009043870111217385 0.0012776537693828418 -0.0016549695138217896 0.0034004590073992797 0.0040343647554760631 -0.0028724584289985876 -0.0016264669061762686 0.0038611712260847655
leaf_weight=10.999999999999998 14.999999999999998 21 15.000000000000002 10.999999999999998 10.999999999999998 13.999999999999998 21 12.999999999999998 20 20 21 11.999999999999998 121 77 58 12.000000000000002 27 15.999999999999998 13.999999999999998 14.999999999999998
leaf_count=11 15 21 15 11 11 14 21 13 20 20 21 12 121 77 58 12 27 16 14 15
internal_value=-0.000560624 5.22168e-05 -0.000920866 -0.0120288 0.00915671 -0.000126218 -0.00089541 0.00543567 0 -0.00243919 0 0.00153071 0.000580303 0.000882664 1.05794e-05 0.00122655 0.00223775 -0.00137047 0 0.00243149
internal_weight=545 530 483 26 47 457 407 50 393 73 53 33 320 283 179 39 104 37 27 36
internal_count=545 530 483 26 47 457 407 50 393 73 53 33 320 283 179 39 104 37 27 36
is_linear=0
shrinkage=0.0529975


Tree=103
num_leaves=22
num_cat=0
split_feature=29 19 29 30 13 29 19 19 29 19 3 26 5 13 6 45 53 29 30 7 13
split_gain=1.79968 1.61313 1.40031 1.65526 1.37061 0.657878 2.10469 0.61829 0.189121 0.318832 0.0735062 0.0711646 0.0640511 0.106016 0.0898933 0.0476886 0.0396025 0.0333074 0.0243267 0.0234905 0.0153073
threshold=1.3382556559007897 0.56461929902412689 0.74954040166073665 0.23966141775408889 1.009141835424715 -0.8007581298917843 -0.95772725582126561 -0.95772725582126561 0.25849815300452755 -0.13695324231613623 -0.52153959772711989 0.83675699829851558 -1.1467356927858219 -0.0055038677584269549 0.21253976309500919 0.88104909132250542 1.0593795073025254 -0.33273871682312839 0.55019931102944586 0.48959172621014541 0.39838422768340626
decision_type=2 2 2 2 2 2 2 2 2 2 2 2 2 2 2 2 2 2 2 2 2
left_child=1 2 5 -4 19 7 -7 -1 12 -10 -11 -12 17 14 -14 18 -15 -8 -9 20 -3
right_child=-2 4 3 -5 -6 6 8 15 9 10 11 -13 13 16 -16 -17 -18 -19 -20 -21 -22
leaf_value=0.013761476778786941 -0.015757691325103844 -0.00037543036929586131 0.00055628520581398316 -0.022954526514625678 0.021373452610846763 -0.017638149415468603 0 0.0038391929107401261 -0.0071457298821105885 -0.0021666635400129251 -0.00018005603725593971 0.0040833644342449446 0.00085871987131854734 0.0012148334771597386 -0.0015754785053937268 -0.00085685503776508415 0.003859409136272952 -0.0027617253724174827 0.00020467917507696194 0.0037962687586164828 0.0017023522925645792
leaf_weight=10.999999999999998 14.999999999999998 11.000000000000002 15.000000000000002 10.999999999999998 10.999999999999998 13.999999999999998 21 11.000000000000002 20 20 22 10.999999999999998 121 77 58 12.999999999999998 27 15.999999999999998 14.999999999999998 13.999999999999998 10.999999999999998
leaf_count=11 15 11 15 11 11 14 21 11 20 20 22 11 121 77 58 13 27 16 15 14 11
internal_value=-0.000538949 5.02084e-05 -0.000889219 -0.01161 0.0088444 -0.00012173 -0.000865621 0.00525307 0 -0.00233823 0 0.00147134 0.000551887 0.000842182 6.72834e-06 0.00118394 0.00213787 -0.00131382 0.00239198 0.0023446 0.00055608
internal_weight=545 530 483 26 47 457 407 50 393 73 53 33 320 283 179 39 104 37 26 36 22
internal_count=545 530 483 26 47 457 407 50 393 73 53 33 320 283 179 39 104 37 26 36 22
is_linear=0
shrinkage=0.0529975


Tree=104
num_leaves=28
num_cat=0
split_feature=39 30 39 30 26 15 26 5 9 45 31 12 45 30 39 12 10 8 9 13 37 37 44 37 47 39 9
split_gain=1.69112 2.56854 0.737885 1.38744 0.525357 0.594282 0.523592 0.293692 0.285536 0.307515 0.28138 0.483934 0.241824 0.183298 0.119938 0.184617 0.114941 0.0989234 0.0934298 0.0862327 0.111283 0.0630413 0.0377004 0.0294702 0.0285583 0.00105113 0.00130034
threshold=-1.1558530955085182 -1.4739652562250283 -0.5612317575249578 0.90938718312148792 0.81589188954728264 -1.2252975897148428 0.67623746148310737 -1.2693510750792598 -0.19155332817298618 -0.59517955051737881 0.95623705075458221 -1.2436009370254377 -0.36806745177278138 0.23966141775408889 1.946446891419239 0.14266095426046657 0.29385005303227457 0.8675096686219349 -0.95319596059267508 -0.95611853142030256 -0.7098019992819159 1.9469825516994852 -0.27848972336365163 0.94675663945155553 -0.036118628440457261 1.2711080041032032 0.48215335102734042
decision_type=2 2 2 2 2 2 2 2 2 2 2 2 2 2 2 2 2 2 2 2 2 2 2 2 2 2 2
left_child=-1 -2 3 4 6 -6 8 -4 9 13 -7 -12 17 -3 19 -16 -14 -10 -11 20 -9 22 24 -24 -21 26 -22
right_child=1 2 7 -5 5 10 -8 14 12 18 11 -13 16 -15 15 -17 -18 -19 -20 21 25 -23 23 -25 -26 -27 -28
leaf_value=-0.016496914467413665 0.019165969895079387 -0.0024725383612335767 0.0066581582175745816 -0.014811176082638291 -0.0058733288734760898 0.011371408995268379 -0.011421149803351021 -0.0048770809897570279 0.0045006382724675602 0.0025947018327040251 0.0078661616132537117 -0.0033865598845910596 0.00077643212228630052 -0.011586600614616482 0.0069205332185014977 -0.00085051312648016836 -0.0050200205017503384 -0.00042553574430922395 -0.0023677954214486735 0.0035383438099640019 -0.00054838381162831355 -0.0023149319547959941 -0.00019121931463313472 0.0014677480109064427 0.00083045148510703176 0.000296420884053656 0
leaf_weight=11.999999999999998 12.999999999999998 20 18 19 10.999999999999998 10.999999999999998 12.999999999999998 13.999999999999998 29 13.000000000000002 13.999999999999998 17.000000000000004 11.000000000000002 11.999999999999998 13.000000000000002 10.999999999999998 17 11.999999999999998 18 18 11.000000000000002 11.999999999999998 91 35 50 10.999999999999998 19
leaf_count=12 13 20 18 19 11 11 13 14 29 13 14 17 11 12 13 11 17 12 18 18 11 12 91 35 50 11 19
internal_value=-0.000517954 8.36667e-06 -0.000670328 -0.00299555 -0.00142545 0.00281168 -0.00307061 0.000998144 -0.00173704 -0.00416409 0.00568145 0.0019578 0.000541593 -0.0073633 0.000486832 0.00366794 -0.0028021 0.00303988 -1.47019e-05 9.23484e-05 -0.00163506 0.0006197 0.000900113 0.000262433 0.00187029 0 -0.000201321
internal_weight=545 533 520 217 198 53 145 303 132 63 42 31 69 32 285 24 28 41 31 261 55 206 194 126 68 41 30
internal_count=545 533 520 217 198 53 145 303 132 63 42 31 69 32 285 24 28 41 31 261 55 206 194 126 68 41 30
is_linear=0
shrinkage=0.0529975


Tree=105
num_leaves=21
num_cat=0
split_feature=29 19 13 29 30 19 29 19 3 12 7 25 28 9 13 9 29 39 9 10
split_gain=1.67705 1.44851 1.28225 1.27969 1.53148 0.609338 0.208659 0.263833 0.148704 0.206913 0.188939 0.125374 0.0761407 0.0642401 0.0581401 0.0504917 0.0427258 0.0390071 0.00260843 0.000203502
threshold=1.3382556559007897 0.56461929902412689 1.009141835424715 0.74954040166073665 0.23966141775408889 -1.1597747990198337 0.24207146523303721 -0.13695324231613623 1.1648317188281332 1.4650018586778282 -0.87994315168047754 -1.3308125281902385 -0.16078487016931256 -0.14591056851891923 0.37868236936917049 -0.37572345200423246 0.60923513714294653 -0.80165551899036436 0.31438680620565568 -0.69496245003284807
decision_type=2 2 2 2 2 2 2 2 2 2 2 2 2 2 2 2 2 2 2 2
left_child=1 3 15 5 -5 -1 8 18 9 11 -10 -7 -13 -9 -11 -3 17 -15 -8 -17
right_child=-2 2 -4 4 -6 6 7 13 10 14 -12 12 -14 16 -16 19 -18 -19 -20 -21
leaf_value=-0.0093967652196386923 -0.01519282489230033 -0.00018156174162385321 0.020510555344622827 0.00059371435974117865 -0.021986111800713318 0.005012142584746325 -0.0077860698154010545 -0.0020292789573494708 0.0079227306830494514 -0.0058087075235680585 0 -0.00023764120751009347 0.0013894139622046935 0.0038037082385665964 -0.00019077572066779878 0.00087762542318036482 -0.00072721172482956016 0 -0.0021280612033585697 0.004103452496243486
leaf_weight=12.999999999999998 14.999999999999998 11.999999999999998 10.999999999999998 15.000000000000002 10.999999999999998 13.999999999999998 11.000000000000002 21 12.000000000000002 11.000000000000002 12.999999999999998 148 154 13.999999999999998 11.999999999999998 10.999999999999998 11.999999999999998 11.000000000000002 10.999999999999998 13.000000000000002
leaf_count=13 15 12 11 15 11 14 11 21 12 11 13 148 154 14 12 11 12 11 11 13
internal_value=-0.000501255 6.68293e-05 0.00840039 -0.00082288 -0.0110711 -8.89128e-05 0.000289677 -0.00204312 0.000846061 0.00049218 0.00439581 0.000887992 0.000580269 0 -0.00376409 0.00213351 0.00126921 0.00240813 -0.00626828 0.0033288
internal_weight=545 530 47 483 26 457 444 80 364 339 25 316 302 58 23 36 37 25 22 24
internal_count=545 530 47 483 26 457 444 80 364 339 25 316 302 58 23 36 37 25 22 24
is_linear=0
shrinkage=0.0529975


Tree=106
num_leaves=15
num_cat=0
split_feature=30 29 39 29 29 19 19 2 10 30 29 29 39 45
split_gain=1.5893 4.65476 0.670496 0.811615 0.582491 1.83877 0.58854 0.236088 0.173306 0.102163 0.124944 0.047424 0.0263999 0.02635
threshold=-1.4739652562250283 1.0939113685825921 -1.037851409117408 0.74954040166073665 -0.8007581298917843 -0.95772725582126561 -0.95772725582126561 -1.0530676585040981 0.90832261939413772 -0.2071925242088308 0.24207146523303721 -0.85191837106913615 1.7448722280453988 0.54038094320560914
decision_type=2 2 2 2 2 2 2 2 2 2 2 2 2 2
left_child=-1 2 -2 4 6 -6 -4 8 -7 12 -11 13 -9 -8
right_child=1 -3 3 -5 5 7 11 9 -10 10 -12 -13 -14 -15
leaf_value=0.013456600850621668 0.0082023589972328708 -0.026158756757007746 0.013337557620511935 -0.010035798641531805 -0.016398924037923996 0.00013513790313433022 0.0011585283978781168 0.0011642229343179402 -0.0068356734229781842 0.0004466254594797962 -0.0022841255082577797 0.0032109551751601092 0.0037354590578344573 -0.0015599501202958937
leaf_weight=15.999999999999998 20 13.999999999999998 10.999999999999998 18 13.999999999999998 14.000000000000002 12.999999999999998 107 17 207 54 12.000000000000002 13.999999999999998 13.999999999999998
leaf_count=16 20 14 11 18 14 14 13 107 17 207 54 12 14 14
internal_value=-0.000489151 -0.0010701 -8.14518e-05 -0.00052426 -3.07349e-05 -0.000702327 0.00504095 4.01675e-05 -0.00398712 0.00044156 -0.000130807 0.00108009 0.00167905 -6.67002e-05
internal_weight=545 529 515 495 477 427 50 413 31 382 261 39 121 27
internal_count=545 529 515 495 477 427 50 413 31 382 261 39 121 27
is_linear=0
shrinkage=0.0529975


Tree=107
num_leaves=22
num_cat=0
split_feature=29 19 13 29 30 29 19 19 29 6 13 17 10 6 8 9 9 29 6 45 30
split_gain=1.53502 1.32084 1.17832 1.08481 1.44962 0.563287 1.68343 0.548072 0.159434 0.126948 0.071197 0.13365 0.107282 0.0619541 0.055218 0.0500354 0.0448867 0.0440937 0.0315577 0.0244573 0.00864709
threshold=1.3382556559007897 0.56461929902412689 1.009141835424715 0.74954040166073665 0.23966141775408889 -0.8007581298917843 -0.95772725582126561 -0.95772725582126561 0.51570612243515501 0.25998191677495136 0.16196192791257707 -0.70730857045812001 0.85910532906678883 1.0300798118089556 0.22163808683228992 -0.37572345200423246 -0.15921305042862932 -0.85191837106913615 0.69267476748980494 0.54038094320560914 -0.017993314836550849
decision_type=2 2 2 2 2 2 2 2 2 2 2 2 2 2 2 2 2 2 2 2 2
left_child=1 3 15 5 -5 7 -7 -1 10 20 11 18 16 -14 -13 -3 -12 19 -8 -9 -10
right_child=-2 2 -4 4 -6 6 8 17 9 -11 12 14 13 -15 -16 -17 -18 -19 -20 -21 -22
leaf_value=0.012880083174371261 -0.014527124058428995 -0.00026327640696680575 0.019639364267706308 0.00098122734377324304 -0.020850685543802483 -0.015790443458773489 -0.0047921216716410794 0.00111651048319189 -0.0011425861606701249 -0.0067079254938611057 0.00048034533601718209 -0.00014795853856405789 -0.0026786455976865395 0.0006424269435468525 0.002003188024282902 0.0032167937508955861 0.0033929848485517297 0.0030974842020515935 -0.00051104763382556889 -0.001502068279208831 0.00038406855728718124
leaf_weight=10.999999999999998 14.999999999999998 11.999999999999998 10.999999999999998 15.000000000000002 10.999999999999998 13.999999999999998 14.000000000000002 12.999999999999998 12 10.999999999999998 32 158 17 40 35 24 49 12.000000000000002 13.999999999999998 13.999999999999998 11
leaf_count=11 15 12 11 15 11 14 14 13 12 11 32 158 17 40 35 24 49 12 14 14 11
internal_value=-0.000471167 7.16821e-05 0.00802984 -0.000777402 -0.0102136 -0.000100135 -0.000789751 0.00487205 -8.58984e-06 -0.00320142 0.000322286 -0.000243044 0.00124856 -0.000397884 0.000255654 0.0020185 0.00243502 0.00104269 -0.00332473 -5.5813e-05 -0.000243134
internal_weight=545 530 47 483 26 457 407 50 393 34 359 221 138 57 193 36 81 39 28 27 23
internal_count=545 530 47 483 26 457 407 50 393 34 359 221 138 57 193 36 81 39 28 27 23
is_linear=0
shrinkage=0.0529975


Tree=108
num_leaves=19
num_cat=0
split_feature=39 38 29 19 29 19 1 8 34 9 37 39 39 39 5 13 45 39
split_gain=1.51324 2.32105 1.40858 0.540969 0.330789 0.84787 0.15023 0.137816 0.185755 0.134877 0.119128 0.119005 0.111055 0.093231 0.0510272 0.070791 0.0258287 0.00488924
threshold=-1.1558530955085182 -0.85777646155359866 0.96361458521015575 -1.1597747990198337 0.26696810119628295 -0.14956450218051662 -0.96153778120526734 -0.49290444129679761 1.5282221012143749 0.31438680620565568 -0.73706182498259232 -0.80165551899036436 1.9373597581478144 1.3764440153629633 -1.2005873136312886 0.60525373998288179 -0.14095535302818379 0.48878598878688606
decision_type=2 2 2 2 2 2 2 2 2 2 2 2 2 2 2 2 2 2
left_child=-1 -2 3 -3 6 9 10 8 11 -6 -5 -7 14 17 -8 -16 -9 -12
right_child=1 2 -4 4 5 7 12 16 -10 -11 13 -13 -14 -15 15 -17 -18 -19
leaf_value=-0.01557378013385685 0.016915311144067538 -0.0088661938233554963 -0.0141084484677284 0.0064798876175611708 -0.01376137265254667 0.0065891042057479822 -0.0021063341790708966 0 -0.0017052295559475887 -0.0028031608362224323 -0.00097611538159696318 0 0.0040145790068152687 0.0039739203547888083 4.0428173542659222e-07 0.0023066585860546515 -0.003437530693167917 0
leaf_weight=11.999999999999998 15.999999999999998 12.999999999999998 14.999999999999998 17 11.000000000000002 18 19 15.000000000000002 15.999999999999998 10.999999999999998 15.000000000000002 11.000000000000002 17 14.999999999999998 258 39 12.999999999999998 13.999999999999998
leaf_count=12 16 13 15 17 11 18 19 15 16 11 15 11 17 15 258 39 13 14
internal_value=-0.000457683 3.9158e-05 -0.00065772 -8.02643e-05 0.000243774 -0.00245079 0.000937942 0.000430604 0.00221327 -0.0103057 0.00324847 0.00449652 0.000444113 0.00123283 0.000159155 0.000365954 -0.00211398 -0.00042337
internal_weight=545 533 517 502 489 95 394 73 45 22 61 29 333 44 316 297 28 29
internal_count=545 533 517 502 489 95 394 73 45 22 61 29 333 44 316 297 28 29
is_linear=0
shrinkage=0.0529975


Tree=109
num_leaves=23
num_cat=0
split_feature=30 13 19 5 33 2 19 19 37 35 26 26 39 3 38 9 12 10 17 2 12 8
split_gain=1.42601 1.77635 0.706169 1.80407 0.599057 0.976616 0.438327 0.330613 0.328476 0.158884 0.119643 0.165426 0.129305 0.135375 0.100931 0.0804197 0.077662 0.0687487 0.110592 0.0937529 0.0328221 0.0102758
threshold=-1.6045160372440099 1.7528869867871151 -0.32580081582471693 0.63685018902434853 -1.0074332757020199 -0.86685397367927142 -0.95772725582126561 0.56461929902412689 -0.30719534277960381 1.8683597752269181 0.79675248521638087 0.58909615788056435 -0.62158061868772108 -0.52153959772711989 -0.62108709288109554 0.800265724070368 0.53181816397511239 0.85910532906678883 -1.0560011098508615 -0.93867613347688927 -0.97250949453093238 -0.92502042928536043
decision_type=2 2 2 2 2 2 2 2 2 2 2 2 2 2 2 2 2 2 2 2 2 2
left_child=-1 2 3 4 -2 -6 -7 9 -9 10 11 17 13 -12 -10 16 -8 18 -4 -19 21 -14
right_child=1 -3 7 -5 5 6 15 8 14 -11 12 -13 20 -15 -16 -17 -18 19 -20 -21 -22 -23
leaf_value=0.01380638324852896 -0.0086350072539495386 -0.017830365606893592 0.0051384832038374817 -0.019060005973026723 0.010729729587674675 -0.0088106464309394856 -0.0023385527186494102 0.011097649345445616 -0.0016961248610474317 -0.0043679555543759737 0.00017808494306288116 -0.0040474768058774832 -0.001473141393256604 0.0070304634524006654 0.003393724765082296 0.0022868893776170052 0.00050724623386936099 -0.0040374478278595895 0.00045244421051568711 0.00032009112610569018 0.0022637657426459535 0
leaf_weight=12.999999999999998 20 10.999999999999998 10.999999999999998 11.999999999999998 14.999999999999998 13.999999999999998 48 10.999999999999998 11.999999999999995 12.999999999999998 15.999999999999998 20 10.999999999999995 18 20.000000000000004 21 44 13.999999999999998 128 35 10.999999999999998 27.000000000000004
leaf_count=13 20 11 11 12 15 14 48 11 12 13 16 20 11 18 20 21 44 14 128 35 11 27
internal_value=-0.000447555 -0.00095885 -0.000390555 -0.00309763 -0.00123553 6.70918e-05 -0.00156675 0.000976656 0.00502732 0.000295005 0.000610818 -5.0939e-05 0.00223937 0.0044906 0.00133475 -0.00021182 -0.000958487 0.000450186 0.00106862 -0.00110238 0.000230992 -0.000427024
internal_weight=545 532 521 174 162 142 127 347 43 304 291 208 83 34 32 113 92 188 139 49 49 38
internal_count=545 532 521 174 162 142 127 347 43 304 291 208 83 34 32 113 92 188 139 49 49 38
is_linear=0
shrinkage=0.0529975


Tree=110
num_leaves=23
num_cat=0
split_feature=29 19 13 29 2 29 19 19 29 6 13 5 17 8 9 30 6 3 1 3 10 6
split_gain=1.46215 1.12443 1.12586 0.934101 1.42442 0.536101 1.46149 0.528923 0.136328 0.106457 0.0630568 0.111117 0.0888246 0.0593377 0.046225 0.0443852 0.0420162 0.0402248 0.0293351 0.0147566 0.00316289 0.00172224
threshold=1.3382556559007897 0.56461929902412689 1.009141835424715 0.74954040166073665 1.3100232967216259 -0.8007581298917843 -0.95772725582126561 -0.95772725582126561 0.51570612243515501 0.25998191677495136 -0.0055038677584269549 -1.1644035560352715 -0.70730857045812001 0.20366835490644547 -0.37572345200423246 0.33373754511821713 0.50353014485828651 1.3340205532044513 -0.065952450781455632 0.42187205482778184 -0.69496245003284807 0.57844841771020161
decision_type=2 2 2 2 2 2 2 2 2 2 2 2 2 2 2 2 2 2 2 2 2 2
left_child=1 3 14 5 -5 7 -7 -1 10 18 12 17 21 -14 -3 -13 19 -12 -10 -9 -16 -8
right_child=-2 2 -4 4 -6 6 8 16 9 -11 11 15 13 -15 20 -17 -18 -19 -20 -21 -22 -23
leaf_value=0.012664388700890582 -0.014148994838741352 -0.00049362524882868837 0.018766435267618002 -0.020010114117003684 0.0014813389612662632 -0.014705010308419069 -0.0039266265249218966 0.0033179738979852796 0.0011631304118460621 -0.0061676047264375145 -0.0027764798878801384 0.00093911554741270427 -0.00036101198990640875 0.0019324230319715666 0.00057502204104755718 0.003291287297565892 -0.00064046563670287738 0.00045264732287997236 -0.0018377157221654197 4.1882143647291548e-05 0.0035565190140819779 -0.00074629308663445707
leaf_weight=10.999999999999998 14.999999999999998 11.999999999999998 10.999999999999998 11.000000000000002 14.999999999999998 13.999999999999998 11.000000000000002 12.000000000000002 11 10.999999999999998 19.000000000000004 97 140 34 10.999999999999998 36 15.999999999999998 10.999999999999998 12 10.999999999999998 13.000000000000002 10.999999999999998
leaf_count=11 15 12 11 11 15 14 11 12 11 11 19 97 140 34 11 36 16 11 12 11 13 11
internal_value=-0.000429924 9.92674e-05 0.00744197 -0.000683453 -0.00943895 -5.44468e-05 -0.000728245 0.00479619 0 -0.00295352 0.00030525 0.00106644 -0.000306065 9.77735e-05 0.00162992 0.00174057 0.00102976 -0.00152026 -0.000217909 0.00232471 0.00281097 -0.00308638
internal_weight=545 530 47 483 26 457 407 50 393 34 359 163 196 174 36 133 39 30 23 23 24 22
internal_count=545 530 47 483 26 457 407 50 393 34 359 163 196 174 36 133 39 30 23 23 24 22
is_linear=0
shrinkage=0.0529975


Tree=111
num_leaves=19
num_cat=0
split_feature=39 38 29 29 19 29 19 19 29 29 44 29 13 6 39 29 30 45
split_gain=1.41665 2.03569 1.25463 0.492739 1.40754 1.07687 0.492476 0.132429 0.112458 0.0929206 0.168986 0.0677182 0.0542425 0.0760237 0.0603663 0.0415222 0.0277928 0.021329
threshold=-1.1558530955085182 -0.85777646155359866 0.96361458521015575 -0.8007581298917843 -0.71234336683649502 -0.27712259344990625 -0.95772725582126561 0.45888442751823744 -0.56515616405898617 0.60923513714294653 0.70547720845605821 -0.09068881691203412 -0.44879567982873164 0.22152609508892479 -0.5612317575249578 -0.85191837106913615 -0.84189108030333826 0.54038094320560914
decision_type=2 2 2 2 2 2 2 2 2 2 2 2 2 2 2 2 2 2
left_child=-1 -2 3 6 5 8 -3 9 -5 12 -11 -9 14 -14 -6 17 -13 -8
right_child=1 2 -4 4 7 -7 15 11 -10 10 -12 16 13 -15 -16 -17 -18 -19
leaf_value=-0.015042403277399963 0.015868774882961519 0.012230003846324335 -0.013281714981652563 0.0019070141580512538 -0.0035433059109042063 -0.017955024029074562 0.001017607198443751 0.0056247252747882916 -0.0040288606462644018 0.00089349475369602019 -0.005766172465479634 -0.00013465626980950461 0.001645508879892173 -0.00017800490743826957 -7.3507594475929881e-05 0.0029908845698475776 0.0023783508440834095 -0.0014208555577502355
leaf_weight=11.999999999999998 15.999999999999998 10.999999999999998 14.999999999999998 11.999999999999998 11.999999999999998 15.999999999999998 12.999999999999998 11.999999999999998 11.000000000000002 16.000000000000004 14.999999999999998 18.999999999999996 114 123 88 12.000000000000002 14.000000000000002 13.999999999999998
leaf_count=12 16 11 15 12 12 16 13 12 11 16 15 19 114 123 88 12 14 14
internal_value=-0.000415965 6.40627e-05 -0.000588038 -4.26949e-05 -0.000629412 -0.00953638 0.00463592 0.000319453 -0.000937085 -1.2254e-05 -0.00255243 0.00285152 0.000241586 0.000689346 -0.000732675 0.000994392 0.000954137 -6.35364e-05
internal_weight=545 533 517 502 452 39 50 413 23 368 31 45 337 237 100 39 33 27
internal_count=545 533 517 502 452 39 50 413 23 368 31 45 337 237 100 39 33 27
is_linear=0
shrinkage=0.0529975


Tree=112
num_leaves=18
num_cat=0
split_feature=29 19 13 29 19 19 12 30 6 19 10 8 6 16 12 19 29
split_gain=1.3375 1.00097 1.0728 0.80235 1.95336 0.484369 0.437502 0.14569 0.140733 0.154397 0.13151 0.0785128 0.0532733 0.0812979 0.0807192 0.0297607 0.00466411
threshold=1.3382556559007897 0.56461929902412689 1.009141835424715 0.63976665760306584 -0.016006497985795905 -1.1597747990198337 -1.0790981426353576 1.0684567549518114 1.389307088260046 -0.37406809383556133 0.43941608711143071 2.023231164866321 0.21253976309500919 -1.1928400721714438 0.50376364316316036 0.85158199478838448 0.15371955706143023
decision_type=2 2 2 2 2 2 2 2 2 2 2 2 2 2 2 2 2
left_child=1 3 15 5 -5 -1 -6 8 11 -10 -9 12 13 -7 -14 16 -3
right_child=-2 2 -4 4 6 7 -8 10 9 -11 -12 -13 14 -15 -16 -17 -18
leaf_value=-0.0082189997197436877 -0.013525229404624564 0.0031207686913132244 0.018072296760401473 -0.020377296292294778 0.0076202068206101918 -0.0015328605712103046 -0.0035557939883553999 0 -0.0061322576975808571 0.00016439534637285676 0.0070617157236941572 0.0040320364559364961 -0.0019277182928929685 0.0012741450588285681 0.00044579923015535504 -0.00018903959135921841 0.00034424870072933173
leaf_weight=12.999999999999998 14.999999999999998 12.000000000000002 10.999999999999998 12.999999999999998 10.999999999999998 27 17.000000000000004 11.000000000000002 13.999999999999998 19 10.999999999999998 10.999999999999998 57 180 99 12.999999999999998 10.999999999999998
leaf_count=13 15 12 11 13 11 27 17 11 14 19 11 11 57 180 99 13 11
internal_value=-0.000403648 0.000101843 0.00703012 -0.000635994 -0.00722076 4.76927e-05 0.00119898 0.000424101 0.000149618 -0.00285999 0.00413288 0.000474493 0.000283989 0.000842375 -0.000417586 0.00139113 0.00237955
internal_weight=545 530 47 483 41 442 28 429 407 33 22 374 363 207 156 36 23
internal_count=545 530 47 483 41 442 28 429 407 33 22 374 363 207 156 36 23
is_linear=0
shrinkage=0.0529975


Tree=113
num_leaves=19
num_cat=0
split_feature=39 38 29 29 19 6 19 19 7 29 8 5 8 6 29 21 13 3
split_gain=1.31213 1.88504 1.11813 0.459874 1.30158 0.978054 0.466774 0.125986 0.122321 0.295851 0.0663759 0.103733 0.0837911 0.0650112 0.0607757 0.0634509 0.0443388 0.00112458
threshold=-1.1558530955085182 -0.85777646155359866 0.96361458521015575 -0.8007581298917843 -0.77729306540003507 0.60253933251252334 -0.92602225282107575 0.45888442751823744 -0.8362183186677834 0.24627008227285696 -0.77370552022062711 1.0696166209268632 -0.49290444129679761 0.50353014485828651 -0.09068881691203412 0.42130336992253992 1.0583964812103044 0.40164295506539588
decision_type=2 2 2 2 2 2 2 2 2 2 2 2 2 2 2 2 2 2
left_child=-1 -2 3 6 5 -5 -3 8 9 16 11 -10 -12 17 -9 -16 -6 -8
right_child=1 2 -4 4 7 -7 13 14 10 -11 12 -13 -14 -15 15 -17 -18 -19
leaf_value=-0.014465915575349918 0.015281119234918341 0.011273948914669219 -0.012538105802686848 -0.018112368330373513 -0.00094935469780307229 2.6210030015437457e-05 0.0030615923094479709 0.0052666685581013771 -0.0031765942173377984 -0.0080278597985935698 0.0023526641963515721 0.00048775793388296696 8.7247946449264257e-05 -0.0014370427676609141 -0.00069954031052888745 0.0032752856982984973 0.0021989002120072487 0.00046272300315202769
leaf_weight=11.999999999999998 15.999999999999998 12.999999999999998 14.999999999999998 14.000000000000002 41 12.999999999999998 11.000000000000002 11.999999999999998 30 11.999999999999998 59 45 182 14.999999999999998 21 11.999999999999998 10.999999999999998 10.999999999999998
leaf_count=12 16 13 15 14 41 13 11 12 30 12 59 45 182 15 21 12 11 11
internal_value=-0.000389012 7.23668e-05 -0.000554764 -3.91731e-05 -0.000606471 -0.0107496 0.00448024 0.000162307 -0.000150005 -0.00216748 0.00026966 -0.00101841 0.000713782 0.000691406 0.0026441 0.00084812 -4.45202e-06 0.00238907
internal_weight=545 533 517 502 452 27 50 425 380 64 316 75 241 37 45 33 52 22
internal_count=545 533 517 502 452 27 50 425 380 64 316 75 241 37 45 33 52 22
is_linear=0
shrinkage=0.0529975


Tree=114
num_leaves=20
num_cat=0
split_feature=30 29 39 29 19 39 3 8 9 26 25 39 9 8 9 45 51 44 19
split_gain=1.28693 3.64898 0.614427 0.572553 1.97214 0.3753 0.381754 0.317614 0.237739 0.202737 0.155308 0.107358 0.157024 0.101727 0.141434 0.0842729 0.0728088 0.0361715 0.0219356
threshold=-1.6045160372440099 1.0939113685825921 -1.037851409117408 0.13350758775729649 -0.60422274417682142 -0.82452217299705011 1.1648317188281332 0.91664802833843739 -0.60891210923676342 -0.59205888581365251 -1.3308125281902385 -0.77090409534292548 -0.25153394435734083 0.39208500430182752 0.59969858694021938 -0.14095535302818379 1.0000000180025095e-35 0.70547720845605821 0.21046452638556939
decision_type=2 2 2 2 2 2 2 2 2 2 2 2 2 2 2 2 2 2 2
left_child=-1 2 -2 5 -5 7 10 -4 -8 -6 -7 12 -11 16 -15 -14 -12 18 -13
right_child=1 -3 3 4 9 6 8 -9 -10 11 13 17 15 14 -16 -17 -18 -19 -20
leaf_value=0.013165407775507162 0.007941342946043279 -0.023076330925263237 0.00042942638126728332 -0.019663281901422188 -0.0060643140734263487 0.0051786031451367268 0.011157532054081742 -0.0097497890519805206 0.0006515705050617514 -0.0026474802485479737 0.0014044074570565494 -0.0016270147917836115 0.0046388589541173598 -0.0029598166386293006 0.0015483529264307785 0 -0.00072001285973298578 -0.0033823029242706646 0.00043382298255117122
leaf_weight=12.999999999999998 20 13.999999999999998 14.000000000000002 11.999999999999998 11.999999999999998 13.999999999999998 11.000000000000002 10.999999999999998 12.999999999999998 12.999999999999998 170 18 25.999999999999993 47 24 21.000000000000007 52 15.999999999999998 24
leaf_count=13 20 14 14 12 12 14 11 11 13 13 170 18 26 47 24 21 52 16 24
internal_value=-0.000374725 -0.000861627 0 -0.000413802 -0.00319569 0.000711089 0.00123009 -0.00484378 0.0069675 -0.000824272 0.000634357 0 0.00147683 0.000294362 -0.00134331 0.00291988 0.000870311 -0.00156927 -0.000396795
internal_weight=545 532 518 498 142 356 331 25 24 130 307 118 60 293 71 47 222 58 42
internal_count=545 532 518 498 142 356 331 25 24 130 307 118 60 293 71 47 222 58 42
is_linear=0
shrinkage=0.0529975


Tree=115
num_leaves=18
num_cat=0
split_feature=29 39 29 19 28 19 37 19 29 37 2 19 14 37 36 28 26
split_gain=1.21634 0.894479 0.999648 1.38334 0.814337 0.44785 0.325082 0.176589 0.16022 0.27588 0.212764 0.0947434 0.133848 0.0460856 0.0387653 0.0164133 0.0089933
threshold=1.3382556559007897 -1.037851409117408 0.74954040166073665 0.2948654323460424 0.057306762566011353 -1.1597747990198337 2.1084445962342691 0.056972887554589562 -0.42378981793710108 -0.78948456671466416 -1.1412626510823281 -0.53091630390676692 0.078714381910425055 0.2275166228875313 0.40132427073629545 -0.60509063057949886 0.31252047655658577
decision_type=2 2 2 2 2 2 2 2 2 2 2 2 2 2 2 2 2
left_child=1 4 5 -4 -1 -3 8 -8 9 -7 -10 12 -12 15 -13 -11 -15
right_child=-2 2 3 -5 -6 6 7 -9 10 13 11 14 -14 16 -16 -17 -18
leaf_value=-0.001609551942233937 -0.012880137141734685 -0.0078240620941548294 -0.019782609275148098 0.0026492671986340726 0.014923029053156076 0.0064225469329317261 0 0.0086911293061902317 -0.0057295349798373611 -0.0021705463373403074 -0.0044491983999669152 0.00060754971567553357 0.0012053889359451646 0.0013935536212687394 -0.00078233701414381722 0 0
leaf_weight=11.000000000000002 14.999999999999998 12.999999999999998 11.000000000000002 10.999999999999998 14.999999999999998 21 12.000000000000002 13.999999999999998 14.999999999999998 13.999999999999998 25 187 12.999999999999998 56 71 18 23
leaf_count=11 15 13 11 11 15 21 12 14 15 14 25 187 13 56 71 18 23
internal_value=-0.000366376 0.000114889 -0.000412599 -0.010152 0.00871938 0.00013691 0.000468268 0.00563074 7.85698e-05 0.00159827 -0.000562445 -0.000168905 -0.00245535 0.000343471 0.000189522 -0.00112522 0.00105797
internal_weight=545 530 504 22 26 482 469 26 443 132 311 296 38 111 258 32 79
internal_count=545 530 504 22 26 482 469 26 443 132 311 296 38 111 258 32 79
is_linear=0
shrinkage=0.0529975


Tree=116
num_leaves=18
num_cat=0
split_feature=30 29 39 29 19 29 7 8 25 19 9 39 53 29 7 7 39
split_gain=1.23633 3.32096 0.522795 0.514075 1.81898 0.335728 0.312641 0.159431 0.132279 0.125318 0.12304 0.107683 0.0619251 0.0596164 0.0305395 0.0365581 0.0248042
threshold=-1.6045160372440099 1.0939113685825921 -1.037851409117408 0.16739444859547914 -0.55180057978710095 -1.1125084092197188 -1.897707229271955 -0.5127097674775597 -1.2991129645190382 -0.95772725582126561 -0.27303659071857217 -0.77090409534292548 -0.36007183007885429 0.24627008227285696 -0.16266315459101863 0.68937650535438355 -0.86305666682133453
decision_type=2 2 2 2 2 2 2 2 2 2 2 2 2 2 2 2 2
left_child=-1 2 -2 5 -5 -4 -7 10 -8 -10 -6 16 -11 -9 -15 -16 -12
right_child=1 -3 3 4 7 6 8 13 9 12 11 -13 -14 14 15 -17 -18
leaf_value=0.012913806714581104 0.0073124323079800093 -0.022027546669409641 0.0079068891594706418 -0.018899952334908571 -0.0019727622352639809 -0.0065422391653960806 0.0043469146276486773 0 -0.0041027174043152892 0.0014829128147804611 0.0014288575097266679 -0.00038868965045998503 -8.5589594778390585e-07 -0.0055610630265429265 0.00030609577877947075 -0.0030344862639957657 0.0060396943232596412
leaf_weight=12.999999999999998 20 13.999999999999998 10.999999999999998 11.999999999999998 21 11.999999999999998 19 13.999999999999998 10.999999999999998 116 17 19.000000000000004 198 14.999999999999998 11.000000000000002 10.999999999999998 10.999999999999998
leaf_count=13 20 14 11 12 21 12 19 14 11 116 17 19 198 15 11 11 11
internal_value=-0.000357097 -0.000834689 -3.05936e-06 -0.000394219 -0.00317525 0.000614828 0.000242972 -0.000703076 0.000607654 0.000293159 0.000885904 0.00237367 0.000542977 -0.00281457 -0.00379416 -0.0014069 0.00419151
internal_weight=545 532 518 498 131 367 356 119 344 325 68 47 314 51 37 22 28
internal_count=545 532 518 498 131 367 356 119 344 325 68 47 314 51 37 22 28
is_linear=0
shrinkage=0.0529975


Tree=117
num_leaves=17
num_cat=0
split_feature=39 30 29 19 19 31 29 30 10 8 10 37 37 29 13 39
split_gain=1.18652 1.66379 0.508147 2.91082 0.422324 0.335208 0.357326 0.129003 0.108206 0.0927341 0.0955124 0.19401 0.121375 0.100823 0.067899 0.0344123
threshold=-1.1558530955085182 -1.4739652562250283 0.52337296649648568 -0.14661678075790294 -1.1597747990198337 0.1998839829155962 0.7731741465887918 1.0684567549518114 0.43941608711143071 2.023231164866321 0.32515024084660132 2.1084445962342691 2.003599112770122 -0.27712259344990625 0.16196192791257707 -0.85743209291526257
decision_type=2 2 2 2 2 2 2 2 2 2 2 2 2 2 2 2
left_child=-1 -2 4 -4 -3 -5 15 9 -9 10 12 13 14 -12 -6 -7
right_child=1 2 3 5 7 6 -8 8 -10 -11 11 -13 -14 -15 -16 -17
leaf_value=-0.013736758745616699 0.015506418151075662 -0.0075308297038525389 -0.023802654721230596 -0.0046906566495377158 -8.9824663324257121e-05 -0.0026489854601397527 0.0077059733829062897 0 0.0066843008788037908 0.004007088281287507 0.0010357771204497364 -0.0062217826030031452 0.0051596446634727166 -0.0015033129889268657 0.0019400501895999352 0.00058069698067454972
leaf_weight=11.999999999999998 12.999999999999998 12.999999999999998 10.999999999999998 13.999999999999998 167 10.999999999999998 20 11.000000000000002 10.999999999999998 11.999999999999998 81 10.999999999999998 10.999999999999998 81 55 11.000000000000002
leaf_count=12 13 13 11 14 167 11 20 11 11 12 81 11 11 81 55 11
internal_value=-0.000349903 8.80015e-05 -0.00045656 -0.00456436 0.00018747 0.00103866 0.00344139 0.000529357 0.00403349 0.00027402 9.00144e-05 -0.000818016 0.00079705 -0.000200536 0.000420235 -0.00100616
internal_weight=545 533 520 67 453 56 42 440 22 418 406 173 233 162 222 22
internal_count=545 533 520 67 453 56 42 440 22 418 406 173 233 162 222 22
is_linear=0
shrinkage=0.0529975


Tree=118
num_leaves=15
num_cat=0
split_feature=29 39 29 19 28 19 37 1 33 18 29 3 19 13
split_gain=1.13061 0.816505 0.886092 1.196 0.769946 0.386421 0.287445 0.15985 0.154199 0.181116 0.156567 0.0593937 0.132143 0.0498664
threshold=1.3382556559007897 -1.037851409117408 0.74954040166073665 0.2948654323460424 0.057306762566011353 -1.1597747990198337 2.1084445962342691 -1.0365503908183322 -0.99437935772847696 1.1078209803932524 -0.15716204103522488 -0.52153959772711989 -0.30845206814241349 0.16196192791257707
decision_type=2 2 2 2 2 2 2 2 2 2 2 2 2 2
left_child=1 4 5 -4 -1 -3 8 -8 10 11 -7 12 -10 -13
right_child=-2 2 3 -5 -6 6 7 -9 9 -11 -12 13 -14 -15
leaf_value=-0.001650380293552622 -0.012406097160466027 -0.0072576988168916098 -0.018502407945158655 0.0023590831793427786 0.014383154556436049 0 0.008882449069075711 0.00055205190987762346 -0.0051084706055398912 0.0055878752827266459 -0.0069292480376734059 0 0 0.0014296391514200702
leaf_weight=11.000000000000002 14.999999999999998 12.999999999999998 11.000000000000002 10.999999999999998 14.999999999999998 19.000000000000004 11.000000000000002 14.999999999999998 11.999999999999998 11.999999999999998 10.999999999999998 213 77 99
leaf_count=11 15 13 11 11 15 19 11 15 12 12 11 213 77 99
internal_value=-0.000340907 0.000122502 -0.000381011 -0.00955101 0.00834342 0.000135441 0.000444108 0.00529889 7.6659e-05 0.000376595 -0.00323332 0.000123455 -0.00101821 0.000484145
internal_weight=545 530 504 22 26 482 469 26 443 413 30 401 89 312
internal_count=545 530 504 22 26 482 469 26 443 413 30 401 89 312
is_linear=0
shrinkage=0.0529975


Tree=119
num_leaves=18
num_cat=0
split_feature=39 38 29 29 19 6 19 5 13 6 16 29 31 26 53 29 45
split_gain=1.11087 1.53532 0.812554 0.395949 1.09105 0.86726 0.462791 0.1079 0.0720073 0.0767936 0.0727707 0.0719891 0.0599521 0.111933 0.057325 0.0380448 0.0166239
threshold=-1.1558530955085182 -0.85777646155359866 0.96361458521015575 -0.8007581298917843 -0.77729306540003507 0.60253933251252334 -0.95772725582126561 -1.1467356927858219 -0.0055038677584269549 -0.14593159087710691 -1.1928400721714438 -0.33273871682312839 -1.4162328536167355 -0.63145991334128004 1.0000000180025095e-35 -0.85191837106913615 0.54038094320560914
decision_type=2 2 2 2 2 2 2 2 2 2 2 2 2 2 2 2 2
left_child=-1 -2 3 6 5 -5 -3 11 9 10 -9 -6 -10 -14 -11 16 -8
right_child=1 2 -4 4 7 -7 15 8 12 14 -12 -13 13 -15 -16 -17 -18
leaf_value=-0.013286251795711048 0.013816290719359952 0.011500700383743087 -0.01069026446177398 -0.016786580928473346 0 0.00019805526565781867 0.00063648140992301561 -0.001653888293204193 0.0041339157711261553 0 0.0012227609965177956 -0.0041954266184649315 -0.001865484920866902 0.0014284076316538885 -0.0028142930678693137 0.0026303627915569934 -0.0014486052083801731
leaf_weight=11.999999999999998 15.999999999999998 10.999999999999998 14.999999999999998 14.000000000000002 19 12.999999999999998 12.999999999999998 25 12.999999999999998 40 100 19 29 142 38 12.000000000000002 13.999999999999998
leaf_count=12 16 11 15 14 19 13 13 25 13 40 100 19 29 142 38 12 14
internal_value=-0.000332888 9.03536e-05 -0.000474619 -3.30358e-05 -0.000560448 -0.00984726 0.00415949 0.000142128 0.000433903 -0.000225537 0.00054474 -0.00232476 0.00118236 0.000786057 -0.00149388 0.000676966 -0.000299772
internal_weight=545 533 517 502 452 27 50 425 387 203 125 38 184 171 78 39 27
internal_count=545 533 517 502 452 27 50 425 387 203 125 38 184 171 78 39 27
is_linear=0
shrinkage=0.0529975


Tree=120
num_leaves=19
num_cat=0
split_feature=30 29 39 29 19 39 3 8 4 26 25 29 8 9 39 44 39 44
split_gain=1.07844 2.8914 0.468035 0.446665 1.60832 0.322896 0.348564 0.265032 0.217313 0.149251 0.131057 0.108952 0.0902504 0.118679 0.0635835 0.0567972 0.0647603 0.0395847
threshold=-1.6045160372440099 1.0939113685825921 -1.037851409117408 0.11881274814264779 -0.60422274417682142 -0.82452217299705011 1.1648317188281332 0.91664802833843739 -0.23235378524183686 -0.59205888581365251 -1.3308125281902385 0.67528232375896413 0.39208500430182752 0.59969858694021938 1.7448722280453988 0.70547720845605821 -0.88168880801376159 1.0000000180025095e-35
decision_type=2 2 2 2 2 2 2 2 2 2 2 2 2 2 2 2 2 2
left_child=-1 2 -2 5 -5 7 10 -4 -8 -6 -7 15 14 -14 -12 17 -17 -11
right_child=1 -3 3 4 9 6 8 -9 -10 11 12 -13 13 -15 -16 16 -18 -19
leaf_value=0.012068783184506056 0.0069266271670762845 -0.020546022484958956 0.00030195197612947977 -0.01768048419103219 -0.0051938466982514126 0.0047248886475033999 0.010609186127531567 -0.0089849478315441843 0.00057062557153495668 -0.00049223007395401725 0.00036415790358767516 0.003133963480097117 -0.0027812103131791897 0.0013398389246983421 0.002974522566674939 0.00040169889598487573 -0.0037081976075893498 0.0022582134203528816
leaf_weight=12.999999999999998 20 13.999999999999998 14.000000000000002 11.999999999999998 11.999999999999998 13.999999999999998 11.000000000000002 10.999999999999998 12.999999999999998 55 192 19 47 24 27 10.999999999999998 23 12.999999999999998
leaf_count=13 20 14 14 12 12 14 11 11 13 55 192 19 47 24 27 11 23 13
internal_value=-0.00032439 -0.000771354 0 -0.000365492 -0.00278908 0.000640536 0.00112763 -0.00450663 0.00660554 -0.00069046 0.000553222 0 0.000236595 -0.00130161 0.000787724 -0.000748531 -0.00234302 7.95853e-05
internal_weight=545 532 518 498 145 353 328 25 24 133 304 121 290 71 219 102 34 68
internal_count=545 532 518 498 145 353 328 25 24 133 304 121 290 71 219 102 34 68
is_linear=0
shrinkage=0.0529975


Tree=121
num_leaves=14
num_cat=0
split_feature=29 39 29 2 28 19 25 17 2 39 3 30 13
split_gain=1.02981 0.761889 0.785735 1.11767 0.720635 0.35422 0.247591 0.30405 0.217281 0.106247 0.0661486 0.10116 0.0579926
threshold=1.3382556559007897 -1.037851409117408 0.74954040166073665 0.88176456729008545 0.057306762566011353 -1.1597747990198337 -1.2633808432044347 -1.5396878263841973 -1.0530676585040981 1.9373597581478144 -0.52153959772711989 0.34485729356418537 0.16196192791257707
decision_type=2 2 2 2 2 2 2 2 2 2 2 2 2
left_child=1 4 5 -4 -1 -3 7 -7 -8 10 11 -10 -12
right_child=-2 2 3 -5 -6 6 8 -9 9 -11 12 -13 -14
leaf_value=-0.0015848182118166551 -0.011826460135371704 -0.0069476118285460246 -0.017660766498982183 0.0024398834632741503 0.013915835025997702 -0.0011279458068967176 -0.0050510525287275516 0.0083689946029290134 0 0.0037086764112690268 0 -0.0037607020100251663 0.0014652692787532841
leaf_weight=11.000000000000002 14.999999999999998 12.999999999999998 11.000000000000002 10.999999999999998 14.999999999999998 12.000000000000002 15.999999999999998 17 69 19 207 22 107
leaf_count=11 15 13 11 11 15 12 16 17 69 19 207 22 107
internal_value=-0.000311076 0.000130462 -0.000355591 -0.008991 0.00807158 0.00012988 0.000425993 0.00471972 6.76853e-05 0.000344833 0.000118222 -0.00107369 0.000499124
internal_weight=545 530 504 22 26 482 469 29 440 424 405 91 314
internal_count=545 530 504 22 26 482 469 29 440 424 405 91 314
is_linear=0
shrinkage=0.0529975


Tree=122
num_leaves=15
num_cat=0
split_feature=39 38 29 29 19 29 31 29 1 2 17 1 13 13
split_gain=1.02336 1.38723 0.670804 0.368564 0.548831 0.180681 0.560618 0.121576 0.0589477 0.0913198 0.0817327 0.0496632 0.0246125 0.0192728
threshold=-1.1558530955085182 -0.85777646155359866 0.99250610888350865 -1.1125084092197188 -0.95772725582126561 0.51570612243515501 -0.20609587453079195 0.67528232375896413 -1.0556529808440198 -1.0383866851108159 -1.5396878263841973 0.077270382728210144 -0.42909382151449588 0.45748980262611355
decision_type=2 2 2 2 2 2 2 2 2 2 2 2 2 2
left_child=-1 -2 3 -3 -5 8 -7 13 10 -10 -6 -11 -12 -8
right_child=1 2 -4 4 5 6 7 -9 9 11 12 -13 -14 -15
leaf_value=-0.012739338533048471 0.013146736004852425 0.0075945287241305703 -0.010494243318964858 -0.0081596821423441431 -0.0010887872340285894 -0.010224394518609216 -0.0025200392911812141 0.0035071615412948327 -0.003584889778603665 -0.00015433484144661559 0.00029513097206201416 0.0010553056786045375 0.0040687228135501624 0
leaf_weight=11.999999999999998 15.999999999999998 10.999999999999998 11.999999999999998 18 10.999999999999998 12.999999999999998 14.000000000000002 17 10.999999999999998 202 11.999999999999998 160 25 10.999999999999998
leaf_count=12 16 11 12 18 11 13 14 17 11 202 12 160 25 11
internal_value=-0.000306131 9.94451e-05 -0.000437089 -6.40952e-05 -0.000337636 4.14974e-05 -0.00264108 0.000544745 0.000440478 0.000179886 0.00209128 0.000369817 0.00321915 -0.00153313
internal_weight=545 533 517 505 494 476 55 42 421 373 48 362 37 25
internal_count=545 533 517 505 494 476 55 42 421 373 48 362 37 25
is_linear=0
shrinkage=0.0529975


Tree=123
num_leaves=21
num_cat=0
split_feature=30 29 29 27 29 29 30 44 9 29 45 38 0 30 29 29 37 29 8 29
split_gain=1.0044 2.55094 0.337781 0.581173 1.10341 0.497268 0.453876 0.277688 0.195324 0.121157 0.110706 0.0721011 0.0696128 0.0664744 0.0682572 0.0645485 0.0626074 0.0548687 0.0284545 0.01839
threshold=-1.6045160372440099 1.0939113685825921 -1.1125084092197188 -0.53091630390677802 -0.15716204103522488 0.7731741465887918 0.81566411525288152 -1.2624566551833614 0.800265724070368 1.0000000180025095e-35 -0.36806745177278138 -0.37905512615458281 -0.95314722588346845 -0.2145055800327397 0.34963447586933422 0.60923513714294653 -0.81674439241534058 -0.70243294004545087 0.56921887989089426 -0.076966683797029548
decision_type=2 2 2 2 2 2 2 2 2 2 2 2 2 2 2 2 2 2 2 2
left_child=-1 2 -2 4 7 9 -6 -4 10 11 -9 -5 -11 14 -14 -15 19 -12 -18 -13
right_child=1 -3 3 5 6 -7 -8 8 -10 12 17 16 13 15 -16 -17 18 -19 -20 -21
leaf_value=0.011658111095159756 0.0073340381680073313 -0.019307487273918816 -0.0057819415223583637 0.0043320274022934377 -0.003330610217059383 0.0075910577818597089 -0.018202799882568385 0.0028208938430028321 0.006036414420990256 -0.0042425088326485351 0 0.0037790476080550471 -0.00032854349311942625 -0.00054275559746028059 0.0031164406016391285 -0.004167061126277751 0.00052073890950201436 -0.0036900013462544666 -0.0010479666402743685 0.00016893646307875444
leaf_weight=12.999999999999998 10.999999999999998 13.999999999999998 12.999999999999998 10.999999999999998 16.000000000000004 21 10.999999999999998 14.999999999999998 12.999999999999998 10.999999999999998 16.999999999999993 15.000000000000002 42 75 17 13.999999999999998 156 16.000000000000007 33 10.999999999999998
leaf_count=13 11 14 13 11 16 21 11 15 13 11 17 15 42 75 17 14 156 16 33 11
internal_value=-0.000301433 -0.000733342 -2.80618e-06 -0.00025947 -0.00374652 0.000632947 -0.0118082 -5.31399e-05 0.00147173 0.000124953 -0.000168253 0.00091944 -0.000954361 -0.000508935 0.000752555 -0.00141344 0.000600432 -0.00193091 0.000187215 0.00278789
internal_weight=545 532 518 507 101 406 27 74 61 385 48 226 159 148 59 89 215 33 189 26
internal_count=545 532 518 507 101 406 27 74 61 385 48 226 159 148 59 89 215 33 189 26
is_linear=0
shrinkage=0.0529975


Tree=124
num_leaves=14
num_cat=0
split_feature=29 39 29 2 38 19 25 10 2 39 3 19 13
split_gain=0.937238 0.742696 0.720999 1.02766 0.657571 0.322982 0.227726 0.277232 0.201379 0.0896265 0.0601004 0.0893446 0.0529003
threshold=1.3382556559007897 -1.037851409117408 0.74954040166073665 0.88176456729008545 0.17567711778915571 -1.1597747990198337 -1.2633808432044347 1.0604308486453731 -1.0530676585040981 1.9373597581478144 -0.52153959772711989 -0.30845206814241349 0.16196192791257707
decision_type=2 2 2 2 2 2 2 2 2 2 2 2 2
left_child=1 4 5 -4 -1 -3 7 -7 -8 10 11 -10 -12
right_child=-2 2 3 -5 -6 6 8 -9 9 -11 12 -13 -14
leaf_value=0.013540648767652062 -0.011277823885619459 -0.0066440852093385978 -0.016938194779248763 0.0023236768657651729 -0.0013139226347317393 0.0086297536342438523 -0.0048746732492837477 -0.00036137354476912712 -0.0043005763611411417 0.0034111969313063701 0 -0.00012694108346479445 0.0013975514212584499
leaf_weight=15.000000000000002 14.999999999999998 12.999999999999998 11.000000000000002 10.999999999999998 10.999999999999998 14.000000000000002 15.999999999999998 14.999999999999998 12.999999999999998 19 207 78 107
leaf_count=15 15 13 11 11 11 14 16 15 13 19 207 78 107
internal_value=-0.000291883 0.000128699 -0.000351025 -0.00862288 0.00796928 0.000113533 0.00039706 0.00451452 5.29726e-05 0.00032055 0.000110909 -0.00102419 0.000474726
internal_weight=545 530 504 22 26 482 469 29 440 424 405 91 314
internal_count=545 530 504 22 26 482 469 29 440 424 405 91 314
is_linear=0
shrinkage=0.0529975


Tree=125
num_leaves=17
num_cat=0
split_feature=30 29 39 29 19 29 7 7 8 29 25 30 5 39 1 29
split_gain=0.976612 2.33368 0.380735 0.37611 1.374 0.271868 0.262004 0.173778 0.157009 0.122726 0.0884539 0.0710998 0.0795162 0.0493355 0.0455026 0.0342294
threshold=-1.6045160372440099 1.0939113685825921 -1.0783225139200134 0.11881274814264779 -0.60422274417682142 -1.1125084092197188 -1.897707229271955 1.5744293204194071 -1.1891354581061548 0.60923513714294653 -1.3308125281902385 -0.40815712719199265 -0.48679704686344355 -0.76344154031964429 0.55837610127759529 -0.09068881691203412
decision_type=2 2 2 2 2 2 2 2 2 2 2 2 2 2 2 2
left_child=-1 2 -2 5 -5 -4 -7 8 -6 13 -8 15 -13 -10 -11 -12
right_child=1 -3 3 4 7 6 10 -9 9 14 11 12 -14 -15 -16 -17
leaf_value=0.011504874579724928 0.007145069982838901 -0.018479866242960351 0.0071748767528217123 -0.016290734604938208 0.00288113242405608 -0.0059373548475547639 0.0040711594641842305 0.0042198040817577514 0.0004464200125619614 -0.0010069256108102484 0.0029864287566703143 -0.0012946695085131203 0.00061869940638108298 -0.0018873401485303197 -0.0071368554907721947 4.2620329076643988e-05
leaf_weight=12.999999999999998 13.999999999999998 13.999999999999998 10.999999999999998 11.999999999999998 14.999999999999998 11.999999999999998 13.999999999999998 11.999999999999998 34.999999999999993 11.000000000000002 32 85 179 52.000000000000007 10.999999999999998 23
leaf_count=13 14 14 11 12 15 12 14 12 35 11 32 85 179 52 11 23
internal_value=-0.000287872 -0.000714043 -1.45746e-05 -0.000308821 -0.00250858 0.000612797 0.000264671 -0.000606726 -0.00130064 -0.00205708 0.000609842 0.00036413 0 -0.000905118 -0.00519351 0.0019951
internal_weight=545 532 518 504 148 356 345 136 124 109 333 319 264 87 22 55
internal_count=545 532 518 504 148 356 345 136 124 109 333 319 264 87 22 55
is_linear=0
shrinkage=0.0529975


Tree=126
num_leaves=24
num_cat=0
split_feature=39 30 29 19 5 19 29 29 8 19 29 29 1 29 13 39 12 29 37 1 30 39 13
split_gain=0.931308 1.26916 0.373303 1.58876 0.606399 0.280005 1.15784 0.23727 0.36075 0.135343 0.137956 0.135004 0.106 0.0848735 0.0752254 0.0567994 0.049487 0.0357645 0.0303652 0.0787172 0.0276343 0.0264368 0.0088134
threshold=-1.1558530955085182 -1.4739652562250283 -0.62400762929631193 -0.77729306540003507 -1.2005873136312886 -0.3357664568293684 0.35860536846391994 0.7731741465887918 -1.0006631898332965 -0.58317633917525924 -0.19322199846525803 -0.2653448297374848 -0.2667626044661206 0.18888648312768833 0.95003626048200773 -0.77090409534292548 0.14266095426046657 -0.82733476449728782 -0.81674439241534058 -0.033431456054797602 0.50687119865861308 1.8227470085125217 -0.054758513544016361
decision_type=2 2 2 2 2 2 2 2 2 2 2 2 2 2 2 2 2 2 2 2 2 2 2
left_child=-1 -2 4 -4 -3 6 9 13 -9 11 20 -5 16 18 15 -15 -6 -14 19 -7 -11 -20 -18
right_child=1 2 3 5 12 7 -8 8 -10 10 -12 -13 17 14 -16 -17 22 -19 21 -21 -22 -23 -24
leaf_value=-0.012137776633944343 0.013576390483941192 0.011729352419084864 -0.014591474540135128 -0.00068721440060191504 0.00060953607440199882 0.0045681171775417643 -0.014887110912208687 -0.00095519519331100852 0.0098306412332990305 0.0018785971531673714 -0.0045259672433020474 0.0053325846344487379 0 0.00078520080060341863 -0.0045246885857247697 -0.0017631590541624732 -0.0036076305330435261 0.0034832330635253821 2.3518908436640719e-05 -2.7429422002007043e-05 -0.00068642139554881537 0.0022760278708643818 -0.00043475560564196339
leaf_weight=11.999999999999998 12.999999999999998 10.999999999999998 17 15.000000000000002 15.999999999999998 12.000000000000002 11.999999999999998 13.000000000000002 11.999999999999998 14.999999999999998 20 14.999999999999998 15.999999999999998 41 10.999999999999998 42 10.999999999999998 23 160 18 17 10.999999999999998 12.000000000000002
leaf_count=12 13 11 17 15 16 12 12 13 12 15 20 15 16 41 11 42 11 23 160 18 17 11 12
internal_value=-0.00027624 0.000109916 -0.000364401 -0.00102662 0.0026314 -0.00025261 -0.00271373 0.000485538 0.0048969 0 -0.0016208 0.00251557 0.000519446 0 -0.00124632 -0.00045776 -0.00123861 0.00236351 0.000633463 0.00207151 0.000438829 0.000280079 -0.00262534
internal_weight=545 533 520 431 89 414 94 320 25 82 52 30 78 295 94 83 39 39 201 30 32 171 23
internal_count=545 533 520 431 89 414 94 320 25 82 52 30 78 295 94 83 39 39 201 30 32 171 23
is_linear=0
shrinkage=0.0529975


Tree=127
num_leaves=14
num_cat=0
split_feature=29 39 29 19 28 19 32 18 2 39 23 30 37
split_gain=0.874115 0.689647 0.654139 0.958126 0.622859 0.284333 0.192241 0.26587 0.182267 0.0712135 0.0551256 0.0749383 0.0559209
threshold=1.3382556559007897 -1.037851409117408 0.74954040166073665 0.2948654323460424 0.057306762566011353 -1.1597747990198337 -1.2633808432044369 2.1894703429327635 -1.0530676585040981 1.9373597581478144 -0.52153959772712855 0.34485729356418537 -0.81674439241534058
decision_type=2 2 2 2 2 2 2 2 2 2 2 2 2
left_child=1 4 5 -4 -1 -3 7 -7 -8 10 11 -10 -12
right_child=-2 2 3 -5 -6 6 8 -9 9 -11 12 -13 -14
leaf_value=-0.0013106527365355026 -0.01087408869176679 -0.0062171311893944488 -0.016238839993450851 0.0023211565902497397 0.013122815512672479 0.0076036255930262064 -0.0046158243102927248 -0.0012139268855369803 0 0.0030853280734676821 0.0013180723384361281 -0.0032622663503549957 -6.9786995661834703e-05
leaf_weight=11.000000000000002 14.999999999999998 12.999999999999998 11.000000000000002 10.999999999999998 14.999999999999998 17.000000000000004 15.999999999999998 11.999999999999998 69 19 127 22 187
leaf_count=11 15 13 11 11 15 17 16 12 69 19 127 22 187
internal_value=-0.000263817 0.000141736 -0.00032023 -0.00819984 0.00769683 0.000121446 0.000388114 0.00417257 7.02766e-05 0.000325257 0.000135652 -0.000949606 0.000483898
internal_weight=545 530 504 22 26 482 469 29 440 424 405 91 314
internal_count=545 530 504 22 26 482 469 29 440 424 405 91 314
is_linear=0
shrinkage=0.0529975


Tree=128
num_leaves=15
num_cat=0
split_feature=30 29 39 29 30 27 2 4 45 30 30 31 29 37
split_gain=0.894163 2.09552 0.337333 0.34273 0.816164 0.436742 0.390633 0.35688 0.12476 0.0965054 0.244683 0.0911826 0.0394391 0.0161842
threshold=-1.6045160372440099 1.0939113685825921 -1.0783225139200134 -0.8007581298917843 1.2529128884377021 -0.95772725582127649 -1.0530676585040981 -1.1966769825115977 -0.9358476986342753 1.007757035394693 0.83988821281013359 1.6179016312698529 -0.85191837106913615 1.5590542628821551
decision_type=2 2 2 2 2 2 2 2 2 2 2 2 2 2
left_child=-1 2 -2 5 6 -4 7 8 -5 10 11 -8 13 -7
right_child=1 -3 3 4 -6 12 9 -9 -10 -11 -12 -13 -14 -15
leaf_value=0.011022559458019368 0.0067329152316218258 -0.0175039212292049 0.010722555743827 -0.0036015262763356014 -0.012179203448834648 0.00012471827573463869 0.0001005129090514503 -0.011137142093409767 0.0023475348701534212 0.0036842537297294043 -0.0054386294827308453 0.0039005967858501069 0.0023528535121418027 -0.0018803144059606986
leaf_weight=12.999999999999998 13.999999999999998 13.999999999999998 10.999999999999998 15 10.999999999999998 15.999999999999996 361 10.999999999999998 12 14.999999999999998 15.999999999999998 12.999999999999998 12.000000000000002 11
leaf_count=13 14 14 11 15 11 16 361 11 12 15 16 13 12 11
internal_value=-0.000260685 -0.000669168 -5.74377e-06 -0.000283587 -0.000769507 0.00361375 -0.000311769 -0.00506094 -0.000799701 0.000184176 0 0.00031045 0.000291749 -0.000673727
internal_weight=545 532 518 504 454 50 443 38 27 405 390 374 39 27
internal_count=545 532 518 504 454 50 443 38 27 405 390 374 39 27
is_linear=0
shrinkage=0.0529975


Tree=129
num_leaves=30
num_cat=0
split_feature=45 30 19 29 29 19 37 29 8 29 19 29 29 13 16 0 9 45 5 39 19 3 24 37 12 30 24 4 7
split_gain=0.872768 0.771495 0.405127 1.79212 0.422212 0.947226 0.54132 0.321533 1.14516 0.117928 0.112853 0.153271 0.126139 0.087547 0.0693488 0.0616653 0.0545421 0.0514987 0.0793022 0.0585538 0.0403225 0.0384141 0.0343789 0.0333763 0.0285085 0.0237104 0.0218148 0.0200032 0.00473847
threshold=1.7894974863008961 -1.6045160372440099 -0.3357664568293684 0.41037723249571229 -0.62400762929631193 -0.83382283659871825 -0.7098019992819159 0.7731741465887918 -1.0006631898332965 0.18888648312768833 -0.58317633917525924 -0.30060901107959576 -0.19322199846525803 0.95003626048200773 0.57767451677292148 -0.51124592859820361 -0.27303659071857217 -0.14095535302818379 0.60255458480192703 -0.66293115134980962 0.33105089177526276 0.80254693217449635 -0.68970762427205135 1.7603575911333127 0.37367355774455935 0.50687119865861308 1.0083607544044511 -0.76719333218844155 -0.53695950254660263
decision_type=2 2 2 2 2 2 2 2 2 2 2 2 2 2 2 2 2 2 2 2 2 2 2 2 2 2 2 2 2
left_child=1 -1 3 4 6 -6 -3 9 -9 14 11 -7 25 17 15 22 -16 20 -19 -20 -11 24 27 26 -8 -12 -17 -4 -18
right_child=-2 2 7 -5 5 10 21 8 -10 13 12 -13 -14 -15 16 23 28 18 19 -21 -22 -23 -24 -25 -26 -27 -28 -29 -30
leaf_value=0.010622789740481012 -0.011733798685762109 0.010687259536534535 -0.0013354522335845206 -0.018727344840696228 -0.012946081370492347 -0.0014016873903188432 0.00013629711449551177 -0.0042705865008042104 0.013068528544147086 -0.00026995893534992462 0.0017793571361220477 0.0048577382026055889 -0.0042532626738579684 -0.0047220657740035541 0.0050036720321582186 0.00089893911136420678 0 -0.003670241253952781 0.0023177613842020775 -0.0016160399177262764 0.002853657092027344 0.0018637714199599689 -0.0032631162970935836 0.002948428005288265 -0.0024212625142139986 -0.00060376260565304322 -0.00043037875472915908 0.0010835856361254392 0.00119234491673497
leaf_weight=12.999999999999998 11.999999999999998 11.999999999999998 12.999999999999998 10.999999999999998 13.999999999999998 13.999999999999998 15.999999999999998 14.999999999999998 17 21 14.999999999999998 18 21.000000000000004 11.999999999999998 12.999999999999998 96 12.000000000000002 20 13.999999999999998 16.000000000000004 11.999999999999998 10.999999999999998 10.999999999999998 13.999999999999998 15.999999999999998 15.999999999999998 40 13.000000000000002 17
leaf_count=13 12 12 13 11 14 14 16 15 17 21 15 18 21 12 13 96 12 20 14 16 12 11 11 14 16 16 40 13 17
internal_value=-0.000250383 0.00012286 -0.000244467 -0.0023861 -0.000505329 -0.00257762 0.00296302 0.000746014 0.00536571 0.000179372 -2.44872e-05 0.00214638 -0.00156464 -0.00131203 0.00084549 0.000329644 0.00266858 -0.000455587 -0.00151105 0.000105988 0.000950934 -9.41764e-05 -0.00140118 0.000838806 -0.00113896 0.000462068 0.00045711 0 0.000744246
internal_weight=545 533 520 164 153 98 55 356 32 324 84 32 52 95 229 187 42 83 50 30 33 43 37 150 32 31 136 26 29
internal_count=545 533 520 164 153 98 55 356 32 324 84 32 52 95 229 187 42 83 50 30 33 43 37 150 32 31 136 26 29
is_linear=0
shrinkage=0.0529975


Tree=130
num_leaves=15
num_cat=0
split_feature=29 13 27 29 8 29 31 30 30 3 3 27 29 37
split_gain=0.840507 0.600396 0.815101 0.586298 1.23372 0.291586 0.352287 0.213635 0.221935 0.107154 0.194298 0.0511335 0.0671827 0.0357173
threshold=1.3382556559007897 1.009141835424715 0.56461929902411578 0.74954040166073665 -0.86097211864665513 -1.1125084092197188 -1.5796877396552738 1.3172068235561969 1.0684567549518114 0.10372348583753192 0.62416305245163961 -0.13695324231614844 0.031036353483505329 1.8777845326131508
decision_type=2 2 2 2 2 2 2 2 2 2 2 2 2 2
left_child=1 3 9 5 -5 -1 -7 8 11 -3 -11 12 -8 -13
right_child=-2 2 -4 4 -6 6 7 -9 -10 10 -12 13 -14 -15
leaf_value=0.0068325074002444789 -0.010649253701130457 -0.0020987616763550984 0.015059454225952867 0.0039176858645193673 -0.016580438837862588 -0.0063577885817418236 0 -0.0053716688650540956 0.0059704767300029103 0.0063644387733691092 -0.0011522220376898962 0.00031451936282457792 -0.00245068582395991 0.0023728022971311381
leaf_weight=10.999999999999998 14.999999999999998 13.999999999999998 10.999999999999998 11.000000000000002 11.999999999999998 19 141 12.999999999999998 12.999999999999998 13.000000000000002 13.999999999999998 199 35 24
leaf_count=11 15 14 11 11 12 19 141 13 13 13 14 199 35 24
internal_value=-0.000244369 0.000152921 0.00525663 -0.000446111 -0.00775327 4.15745e-06 -0.000238284 0.000103737 0.000367796 0.000892072 0.00275413 8.23098e-05 -0.000562185 0.000622872
internal_weight=545 530 52 478 23 455 444 425 412 41 27 399 176 223
internal_count=545 530 52 478 23 455 444 425 412 41 27 399 176 223
is_linear=0
shrinkage=0.0529975


Tree=131
num_leaves=29
num_cat=0
split_feature=45 30 19 29 29 19 37 34 29 8 19 29 29 29 6 1 51 13 8 24 2 3 10 9 30 12 30 31
split_gain=0.826792 0.750404 0.364381 1.63454 0.385289 0.863497 0.504508 0.311163 0.736458 0.625595 0.101876 0.141951 0.112751 0.0843597 0.0771805 0.0741216 0.0703319 0.0649056 0.0456842 0.0347898 0.0391491 0.0341379 0.0331351 0.0299329 0.0296212 0.0269474 0.0217753 0.00409344
threshold=1.7894974863008961 -1.6045160372440099 -0.3357664568293684 0.41037723249571229 -0.62400762929631193 -0.83382283659871825 -0.7098019992819159 1.9839258697045794 0.7731741465887918 -1.0006631898332965 -0.58317633917525924 -0.30060901107959576 -0.19322199846525803 0.18888648312768833 -0.22886210253792746 -0.67173751301069295 1.0000000180025095e-35 0.41808608599764202 -0.54067499710729083 -0.41995739042848823 -0.68336909431788018 0.80254693217449635 -1.0412079674690371 0.16659188949208084 0.12885832031166133 0.37367355774455935 0.50687119865861308 -0.031273162286867988
decision_type=2 2 2 2 2 2 2 2 2 2 2 2 2 2 2 2 2 2 2 2 2 2 2 2 2 2 2 2
left_child=1 -1 3 4 6 -6 -3 8 13 -10 11 -7 26 15 17 16 23 22 -16 20 -17 25 -15 -4 -21 -8 -12 -20
right_child=-2 2 7 -5 5 10 21 -9 9 -11 12 -13 -14 14 18 19 -18 -19 27 24 -22 -23 -24 -25 -26 -27 -28 -29
leaf_value=0.010484876173758069 -0.011410488052112368 0.010301756859816569 0.0051661422000006249 -0.017870319523109003 -0.012347644501856127 -0.0013512649140615025 0.0001390227557664162 -0.005374342730218854 -0.00072323236819545945 0.013836520419953657 0.0016988311735812623 0.004663746242279933 -0.0040198763186148389 -0.0021872602676669905 0 0 -0.00045274230156301507 0.0028419853101361238 -0.0049269027549953236 0.0012354186836144151 -0.0029089231816067027 0.00173593007635618 0.000380673989063533 0.0012983279862626815 -0.00031473758371505475 -0.0023398378919097383 -0.00058048759334514773 -0.0010483791742752504
leaf_weight=12.999999999999998 11.999999999999998 11.999999999999998 15.999999999999998 10.999999999999998 13.999999999999998 13.999999999999998 15.999999999999998 15.999999999999998 11.000000000000002 15.999999999999998 14.999999999999998 18 21.000000000000004 18.999999999999996 11.999999999999998 31 11.999999999999998 12.999999999999998 12 88 11.999999999999998 10.999999999999998 21.000000000000004 24 42 15.999999999999998 15.999999999999998 11
leaf_count=13 12 12 16 11 14 14 16 16 11 16 15 18 21 19 12 31 12 13 12 88 12 11 21 24 42 16 16 11
internal_value=-0.000233132 0.0001297 -0.000232477 -0.00226404 -0.000466448 -0.00244837 0.002844 0.000706119 0.00110063 0.00863963 -8.09807e-06 0.00205041 -0.00147632 0.000278222 -0.00103401 0.000835209 0.0024904 0.000162564 -0.0027751 0.000231913 -0.000929409 -0.000100745 -0.000813371 0.00346911 0.000691445 -0.00109024 0.000430205 -0.00391324
internal_weight=545 533 520 164 153 98 55 356 340 27 84 32 52 313 88 225 52 53 35 173 43 43 40 40 130 32 31 23
internal_count=545 533 520 164 153 98 55 356 340 27 84 32 52 313 88 225 52 53 35 173 43 43 40 40 130 32 31 23
is_linear=0
shrinkage=0.0529975


Tree=132
num_leaves=18
num_cat=0
split_feature=39 30 29 30 19 19 9 31 29 29 44 39 25 26 21 29 37
split_gain=0.928317 1.04798 0.320942 0.703284 0.414741 0.307357 0.687647 0.167311 0.37411 0.240483 0.0866559 0.0715364 0.0490677 0.043 0.0394072 0.0368481 0.0156
threshold=-1.1558530955085182 -1.4739652562250283 -0.8007581298917843 1.2529128884377021 -0.95772725582126561 -0.71234336683649502 -0.90716431318354485 0.66856331366879385 0.6273942987389155 0.7731741465887918 0.70547720845605821 -0.47999791929632923 -1.2412826634859453 1.2604198416046406 -0.52851467950102793 -0.85191837106913615 1.5590542628821551
decision_type=2 2 2 2 2 2 2 2 2 2 2 2 2 2 2 2 2
left_child=-1 -2 4 5 -3 6 -4 8 12 10 11 -9 -7 -12 -14 16 -6
right_child=1 2 3 -5 15 7 -8 9 -10 -11 13 -13 14 -15 -16 -17 -18
leaf_value=-0.012073722487871967 0.012391254608637181 0.010429796153735217 -0.012856984076514833 -0.011330970447749158 0.00011650665055074542 -0.0021840452715455871 0.0010842180384084 0.0031639580027296808 -0.0067866445668065701 0.0064061825495340449 0 0 0.0013230487627345501 -0.0035615081690598244 -0.00013939270737527726 0.0022632503372112273 -0.001846957620356594
leaf_weight=11.999999999999998 12.999999999999998 10.999999999999998 11.000000000000002 10.999999999999998 15.999999999999996 21 20 31 19 19 19.000000000000004 37 60 10.999999999999998 211 12.000000000000002 11
leaf_count=12 13 11 11 11 16 21 20 31 19 19 19 37 60 11 211 12 11
internal_value=-0.000229611 0.000155445 -0.000274946 -0.000730595 0.003503 -0.00031869 -0.00495594 6.49258e-05 -0.000563158 0.0017373 0.000447756 0.00151318 -6.35118e-06 -0.00162294 0.000180811 0.000264498 -0.000662019
internal_weight=545 533 520 470 50 459 31 428 311 117 98 68 292 30 271 39 27
internal_count=545 533 520 470 50 459 31 428 311 117 98 68 292 30 271 39 27
is_linear=0
shrinkage=0.0529975


Tree=133
num_leaves=23
num_cat=0
split_feature=39 30 34 35 14 34 39 19 19 8 19 19 31 37 30 1 45 34 45 39 26 0
split_gain=0.863344 0.9739 0.251196 0.458905 1.10161 0.34913 0.349521 0.262839 0.140055 0.19384 0.107189 0.0971445 0.0760716 0.0682474 0.058957 0.0549641 0.052944 0.0626011 0.0533467 0.0317164 0.0262031 0.00356362
threshold=-1.1558530955085182 -1.4739652562250283 1.0857885418286413 0.26267843997095658 0.17177610247503919 1.5282221012143749 -0.76344154031964429 -1.1597747990198337 -0.73828673672853917 0.84450741130312301 -0.85535387021005227 -0.63124966229775092 -0.23990902356405411 -0.78948456671466416 -0.14500950889521416 0.54216219559725587 1.1081611900671031 1.7301447277087758 -0.25451140240048259 -0.50953401405496501 0.9171778722081888 1.4238436820171592
decision_type=2 2 2 2 2 2 2 2 2 2 2 2 2 2 2 2 2 2 2 2 2 2
left_child=-1 -2 3 7 -5 6 -4 -3 9 10 -9 -10 14 -14 -13 20 17 -7 -19 -17 -6 -8
right_child=1 2 5 4 15 16 21 8 11 -11 -12 12 13 -15 -16 19 -18 18 -20 -21 -22 -23
leaf_value=-0.011647052173178345 0.011941844806062477 -0.0063124387957110397 0.011141421549209302 -0.016540896242372358 0.001963164625974153 -0.0021031052627226232 0 -0.0027277921734187565 -0.0036141028341280827 0.0072858843034964765 0.0029790866670608351 0.00011647341001787699 0.0023659282906942779 4.5792151706296781e-05 -0.0020233370318732003 -0.0035653289792004217 -0.0027587130044373202 -9.5184405737448307e-05 0.0033966990163374791 0 -0.00069879962333544278 0.0013984950809780758
leaf_weight=11.999999999999998 12.999999999999998 11.999999999999998 12.999999999999998 10.999999999999998 15.000000000000002 11.999999999999998 11.000000000000002 12.999999999999998 14.999999999999998 11.999999999999998 12.000000000000002 72 51 113 56 15 13.999999999999998 18.999999999999996 16.000000000000004 13 10.999999999999998 13.999999999999998
leaf_count=12 13 12 13 11 15 12 11 13 15 12 12 72 51 113 56 15 14 19 16 13 11 14
internal_value=-0.000224901 0.000146013 -0.00026838 -0.000848181 -0.00474007 0.00203834 0.00565193 -5.15401e-05 0.000251315 0.00309129 0 -0.000121313 0.000103787 0.00086639 -0.000816219 -0.000806842 -0.000412879 0.000387163 0.00159407 -0.002287 0.000698756 0.000968918
internal_weight=545 533 520 421 65 99 38 356 344 37 25 307 292 164 128 54 61 47 35 28 26 25
internal_count=545 533 520 421 65 99 38 356 344 37 25 307 292 164 128 54 61 47 35 28 26 25
is_linear=0
shrinkage=0.0529975


Tree=134
num_leaves=15
num_cat=0
split_feature=29 13 19 29 8 29 31 30 30 3 3 10 37 9
split_gain=0.81191 0.551899 0.699785 0.551896 1.08356 0.267462 0.299084 0.171226 0.200436 0.0978233 0.148565 0.0471671 0.0889701 0.0799827
threshold=1.3382556559007897 1.009141835424715 0.56461929902412689 0.74954040166073665 -0.86097211864665513 -1.1125084092197188 -1.5796877396552738 1.3172068235561969 1.0909449037682633 0.090850422352377599 0.62416305245163961 -0.053551922787591452 1.8777845326131508 0.35752137825369174
decision_type=2 2 2 2 2 2 2 2 2 2 2 2 2 2
left_child=1 3 9 5 -5 -1 -7 8 11 -3 -11 12 -8 -13
right_child=-2 2 -4 4 -6 6 7 -9 -10 10 -12 13 -14 -15
leaf_value=0.0065718367202601494 -0.010445709648269194 -0.0021279556705370694 0.014159983303180581 0.0034840871433198836 -0.015751585990909991 -0.0058382270853428652 0.00027985861684327043 -0.0047829232413187485 0.0059976912656218989 0.0055218252874310522 -0.00088062579213324258 0.00027326991223311118 0.004255744083263022 -0.0018839360062666011
leaf_weight=10.999999999999998 14.999999999999998 11.999999999999998 10.999999999999998 11.000000000000002 11.999999999999998 19 195 12.999999999999998 10.999999999999998 15.000000000000002 13.999999999999998 127 11.999999999999998 67
leaf_count=11 15 12 11 11 12 19 195 13 11 15 14 127 12 67
internal_value=-0.000218513 0.000171527 0.00506441 -0.000402473 -0.00749301 3.36021e-05 -0.000198274 0.000115378 0.000353043 0.000980166 0.00261011 9.49559e-05 0.000656459 -0.000470968
internal_weight=545 530 52 478 23 455 444 425 412 41 29 401 207 194
internal_count=545 530 52 478 23 455 444 425 412 41 29 401 207 194
is_linear=0
shrinkage=0.0529975


Tree=135
num_leaves=15
num_cat=0
split_feature=39 38 29 29 19 6 12 29 29 29 13 37 53 19
split_gain=0.797298 0.882472 0.428428 0.249574 0.308071 1.02089 0.0681086 0.105286 0.0987089 0.103163 0.0765167 0.068797 0.0645527 0.0444078
threshold=-1.1558530955085182 -0.85777646155359866 0.96361458521015575 -1.1125084092197188 -0.77729306540003507 0.60253933251252334 0.084741481519680195 0.47796017511591082 0.67528232375896413 0.60923513714294653 -0.054758513544016361 1.8777845326131508 1.0593795073025254 -0.17535202936783847
decision_type=2 2 2 2 2 2 2 2 2 2 2 2 2 2
left_child=-1 -2 3 -3 5 -5 8 10 9 11 13 -6 -12 -8
right_child=1 2 -4 4 6 -7 7 -9 -10 -11 12 -13 -14 -15
leaf_value=-0.011183391320243491 0.01055532870078911 0.0063464246204303259 -0.007694522401430327 -0.012277135208363731 0.00045310457501741283 0.0031843741009477781 -0.0025667703142022388 -0.003958375421476072 0.0043238156559239653 -0.0032637207015383109 0 0.0040759318198112064 0.0027647243985793389 0
leaf_weight=11.999999999999998 15.999999999999998 10.999999999999998 14.999999999999998 17 211 20 36 15.999999999999998 14.999999999999998 12.999999999999998 96 10.999999999999998 26 30
leaf_count=12 16 11 15 17 211 20 36 16 15 13 96 11 26 30
internal_value=-0.000206261 0.000149587 -0.000276422 1.96948e-05 -0.000182852 -0.00447859 0.000205875 -0.00048421 0.00079442 0.000438178 -3.93185e-05 0.000765727 0.000703015 -0.00145279
internal_weight=545 533 517 502 491 37 454 204 250 235 188 222 122 66
internal_count=545 533 517 502 491 37 454 204 250 235 188 222 122 66
is_linear=0
shrinkage=0.0529975


Tree=136
num_leaves=32
num_cat=0
split_feature=45 30 19 29 29 19 37 29 8 29 19 29 29 13 1 51 45 5 39 19 13 26 24 2 30 10 9 30 29 7 25
split_gain=0.797679 0.633029 0.293822 1.41172 0.330497 0.713728 0.480844 0.303036 1.03499 0.0933419 0.0929632 0.126825 0.100739 0.0821251 0.0657951 0.0611415 0.0456257 0.0633729 0.0521977 0.0364028 0.0357643 0.0423564 0.0293724 0.0351784 0.0317382 0.0292609 0.0242182 0.0209342 0.017278 0.010354 0.00436684
threshold=1.7894974863008961 -1.6045160372440099 -0.3357664568293684 0.41037723249571229 -0.62400762929631193 -0.83382283659871825 -0.7098019992819159 0.7731741465887918 -1.0006631898332965 0.18888648312768833 -0.58317633917525924 -0.30060901107959576 -0.19322199846525803 0.95003626048200773 -0.67173751301069295 1.0000000180025095e-35 -0.14095535302818379 0.60255458480192703 -0.66293115134980962 0.26814377908824444 -0.054758513544016361 -0.25898519317648783 -0.41995739042848823 -0.68336909431788018 0.10734847024358141 1.1575568244941292 0.16659188949208084 0.50687119865861308 -0.51914819900760623 0.4115726716950609 1.0000000180025095e-35
decision_type=2 2 2 2 2 2 2 2 2 2 2 2 2 2 2 2 2 2 2 2 2 2 2 2 2 2 2 2 2 2 2
left_child=1 -1 3 4 6 -6 -3 9 -9 14 11 -7 27 16 15 26 19 -18 -19 -11 21 -8 23 25 28 -16 -4 -12 -24 -28 -26
right_child=-2 2 7 -5 5 10 20 8 -10 13 12 -13 -14 -15 22 -17 17 18 -20 -21 -22 -23 24 -25 30 -27 29 -29 -30 -31 -32
leaf_value=0.0096669037536549866 -0.011178904942497016 0.010011302941218766 0.0047390064555956363 -0.016501955944138762 -0.011173173085747799 -0.0012036172578335368 -0.0031350002894391339 -0.0040091571676550012 0.012471524557728925 -0.00027214690973990328 0.0016710515716751228 0.0044754154326606807 -0.0037712076093562065 -0.0045036845073168456 -0.0014219142532210564 -0.00043847704363535975 -0.0033104072852775776 0.0021545816203730342 -0.0015647943257815571 0.0026602839597571629 0.0013846908104782529 0.00024925561301857556 0.002716891271153148 -0.0027855725935214569 3.318466971794105e-05 0.0013506915909808688 0 -0.00056007979546970964 0.00060117658378705128 0.0019871253844233661 -0.00071208603061554841
leaf_weight=12.999999999999998 11.999999999999998 11.999999999999998 15.999999999999998 10.999999999999998 13.999999999999998 13.999999999999998 11.999999999999998 14.999999999999998 17 20 14.999999999999998 18 21.000000000000004 11.999999999999998 13.000000000000002 11.999999999999998 20 13.999999999999998 16.000000000000004 12.999999999999998 15.999999999999998 15.000000000000002 13.999999999999998 11.999999999999998 13.999999999999998 18 12.000000000000002 15.999999999999998 72 11.999999999999998 34
leaf_count=13 12 12 16 11 14 14 12 15 17 20 15 18 21 12 13 12 20 14 16 13 16 15 14 12 14 18 12 16 72 12 34
internal_value=-0.000198862 0.000157002 -0.00017496 -0.00200106 -0.000331549 -0.00217435 0.00272844 0.000666196 0.00514885 0.000116784 0 0.00200917 -0.00136289 -0.00120765 0.00071274 0.00227318 -0.000381292 -0.00138214 4.66542e-05 0.000935377 -0.000137923 -0.00133956 0.000156673 -0.00091292 0.000574193 0 0.00318964 0.000426573 0.00117616 0.00118301 -0.000385816
internal_weight=545 533 520 164 153 98 55 356 32 324 84 32 52 95 229 52 83 50 30 33 43 27 177 43 134 31 40 31 86 24 48
internal_count=545 533 520 164 153 98 55 356 32 324 84 32 52 95 229 52 83 50 30 33 43 27 177 43 134 31 40 31 86 24 48
is_linear=0
shrinkage=0.0529975


Tree=137
num_leaves=16
num_cat=0
split_feature=29 13 19 29 8 29 8 12 34 9 44 10 2 19 29
split_gain=0.771536 0.501637 0.626001 0.508823 1.02762 0.244511 0.280988 0.455543 0.121999 0.100307 0.0944882 0.0923762 0.0849072 0.0747464 0.0651152
threshold=1.3382556559007897 1.009141835424715 0.56461929902412689 0.74954040166073665 -0.86097211864665513 -1.1125084092197188 1.0250222033349827 0.95127183809463067 -1.0254979019753936 0.47345735103936021 1.0000000180025095e-35 0.70302013324095325 -0.9436971355296101 -0.85535387021005227 -0.42378981793710108
decision_type=2 2 2 2 2 2 2 2 2 2 2 2 2 2 2
left_child=1 3 10 5 -5 -1 8 -8 9 -7 11 -3 -10 -14 -15
right_child=-2 2 -4 4 -6 6 7 -9 12 -11 -12 -13 13 14 -16
leaf_value=0.0063065988518493411 -0.010164826235851193 0.0050254397945424774 0.013457828120907381 0.0034769518719053494 -0.015225295962821267 0 -0.0091154233544720065 0.0017756426673028226 -0.0035793601810460416 0.0061615109208879998 -0.0017294822245844449 -0.00025845567348692778 -0.00282648206123228 0.0014882141024460415 -7.0572863089100353e-05
leaf_weight=10.999999999999998 14.999999999999998 14.000000000000002 10.999999999999998 11.000000000000002 11.999999999999998 12.000000000000002 18 14.999999999999998 11.999999999999998 10.999999999999998 14.999999999999998 11.999999999999998 15.999999999999998 95 265
leaf_count=11 15 14 11 11 12 12 18 15 12 11 15 12 16 95 265
internal_value=-0.00019433 0.000185384 0.0048499 -0.000361422 -0.00717055 5.64189e-05 -0.000164881 -0.00447402 0.000223719 0.00354072 0.000969377 0.00277702 -6.0748e-06 0.000144079 0.000339333
internal_weight=545 530 52 478 23 455 444 33 411 23 41 26 388 376 360
internal_count=545 530 52 478 23 455 444 33 411 23 41 26 388 376 360
is_linear=0
shrinkage=0.0529975


Tree=138
num_leaves=20
num_cat=0
split_feature=39 30 29 30 19 2 4 30 29 6 15 30 13 30 10 3 29 6 6
split_gain=0.769368 0.830456 0.273266 0.585896 0.370929 0.24634 0.281473 0.149997 0.36799 0.738852 0.206546 0.0759723 0.060242 0.0472368 0.0353834 0.0280184 0.0273124 0.0100604 0.00736826
threshold=-1.1558530955085182 -1.4739652562250283 -0.8007581298917843 1.2529128884377021 -0.95772725582126561 -1.0530676585040981 -1.1966769825115977 -0.51484338589943546 0.63976665760306584 -0.82946009153911093 -0.9620888606134671 1.007757035394693 -0.039982119808339538 -0.84189108030333826 -0.083806008565617887 0.16992781233261298 -0.89685283675921912 -0.32382308458272097 -0.18463746736354
decision_type=2 2 2 2 2 2 2 2 2 2 2 2 2 2 2 2 2 2 2
left_child=-1 -2 4 5 -3 6 15 10 11 -10 -7 12 -9 17 -6 -4 -16 -12 -15
right_child=1 2 3 -5 14 7 -8 8 9 -11 13 -13 -14 18 16 -17 -18 -19 -20
leaf_value=-0.010971116652350088 0.011054018170442109 0.0098136929454923395 -0.0020773730223678714 -0.010316998488334299 0.0022563710820104449 0.0075178056358358092 -0.0094081565270089391 -0.00059784613136122221 0.0030813686322837025 -0.010389274830410321 -0.0018002437763633028 0.0033789364362638119 0.00085954194641220654 0.002652544468424172 -0.0018694755055267125 0.00066859742416303927 0.00080475604958629363 0 0.00020327441397665822
leaf_weight=11.999999999999998 12.999999999999998 10.999999999999998 11.000000000000002 10.999999999999998 10.999999999999998 10.999999999999998 10.999999999999998 166 14.999999999999998 21 11.000000000000002 14.999999999999998 141 14 17 17 11.000000000000002 11.999999999999995 14.000000000000004
leaf_count=12 13 11 11 11 11 11 11 166 15 21 11 15 141 14 17 17 11 12 14
internal_value=-0.000187272 0.000161911 -0.000220025 -0.000641887 0.00326484 -0.000264947 -0.00399671 0.000116558 -0.000294889 -0.00497163 0.00241154 0.000288014 5.28362e-05 0.000512593 0.000200837 -0.00038086 -0.000656793 -0.00096185 0.00188522
internal_weight=545 533 520 470 50 459 39 420 358 36 62 322 307 51 39 28 28 23 28
internal_count=545 533 520 470 50 459 39 420 358 36 62 322 307 51 39 28 28 23 28
is_linear=0
shrinkage=0.0529975


Tree=139
num_leaves=27
num_cat=0
split_feature=45 30 30 29 29 8 29 19 37 29 13 30 6 26 5 39 44 39 6 19 5 6 21 8 38 5
split_gain=0.772567 0.585461 0.27379 0.867953 0.271357 0.754739 0.229951 0.635913 0.511641 0.113432 0.095842 0.091805 0.0808917 0.0780806 0.0982536 0.0693109 0.0607411 0.0588956 0.0561917 0.0425483 0.0336856 0.0184196 0.0178343 0.0110311 0.00280983 0.000799192
threshold=1.7894974863008961 -1.6045160372440099 0.34485729356418537 0.67528232375896413 0.7731741465887918 -1.0006631898332965 -0.62400762929631193 -0.94590896873541463 -0.7098019992819159 0.28237332503594575 -0.039982119808339538 0.57768355033597929 -0.14593159087710691 -1.621090904150696 -0.48679704686344355 1.8807771613815669 0.70547720845605821 -0.63927416386584646 -0.22886210253792746 -0.14956450218051662 0.95174209592828263 0.50353014485828651 0.16942873168140396 0.94391955827425378 1.0000000180025095e-35 -0.092182988336382846
decision_type=2 2 2 2 2 2 2 2 2 2 2 2 2 2 2 2 2 2 2 2 2 2 2 2 2 2
left_child=1 -1 4 6 9 -6 8 -8 -4 13 12 -12 20 -3 19 17 18 -16 -11 23 -9 25 -14 -15 -21 -10
right_child=-2 2 3 -5 5 -7 7 10 21 16 11 -13 22 14 15 -17 -18 -19 -20 24 -22 -23 -24 -25 -26 -27
leaf_value=0.0093173919244176305 -0.010984001460722564 0.0034593428736208547 0.0096802544144693609 -0.012557426948784077 -0.0031757846101977227 0.011661840467251217 -0.011340434313759334 0.0013585857895371816 -0.00025566442170214018 0.0013533411376210704 -0.00071028572747114664 0.0036859780939962508 -0.0048596394075985701 -0.00088576025980065633 0.003027407706874919 0.0040740992474636714 -0.0037430211824027314 0.00010480972821481989 -0.0020277856652801403 -0.00014639676497866619 -0.001522332899526705 -0.0022246954919784945 -0.0010623395939524172 -0.0036515903814814277 0.00060138118149181648 0.00022978508627534395
leaf_weight=12.999999999999998 11.999999999999998 21 11.999999999999998 12.999999999999998 13.000000000000002 14.999999999999998 10.999999999999998 23 12.999999999999998 21 19 21 11.000000000000002 25 18 13.999999999999998 20 135 21 11.000000000000002 11.999999999999998 11.999999999999998 18 11.999999999999998 15.999999999999998 13.000000000000002
leaf_count=13 12 21 12 13 13 15 11 23 13 21 19 21 11 25 18 14 20 135 21 11 12 12 18 12 16 13
internal_value=-0.000177364 0.000172471 -0.000146486 -0.00180929 0.000715141 0.00522242 -0.000510957 -0.00182694 0.00226259 0.000201059 -0.000193845 0.00162554 -0.00147259 0.000724179 0.000364821 0.00105702 -0.00169881 0.000593783 -0.000233828 -0.00127743 0.000122277 -0.000921169 -0.00328815 -0.00232939 0.000113811 0
internal_weight=545 533 520 178 342 28 165 115 50 314 104 40 64 252 231 167 62 153 42 64 35 38 29 37 27 26
internal_count=545 533 520 178 342 28 165 115 50 314 104 40 64 252 231 167 62 153 42 64 35 38 29 37 27 26
is_linear=0
shrinkage=0.0529975


Tree=140
num_leaves=17
num_cat=0
split_feature=39 30 29 30 19 7 31 29 29 30 47 29 45 12 10 17
split_gain=0.745396 0.730632 0.258694 0.537821 0.353147 0.269283 0.168486 0.555316 0.205592 0.0777659 0.0620108 0.0554072 0.0457181 0.0420178 0.0327546 0.0249615
threshold=-1.1558530955085182 -1.4739652562250283 -0.8007581298917843 1.2529128884377021 -0.95772725582126561 -1.897707229271955 0.66856331366879385 0.65561766953668521 0.7731741465887918 0.86544403751546073 0.80004360165012389 -0.29478589373628455 -0.48162350114508018 1.4650018586778282 -0.083806008565617887 -0.76795920376919746
decision_type=2 2 2 2 2 2 2 2 2 2 2 2 2 2 2 2
left_child=-1 -2 4 5 -3 -4 7 11 9 10 -8 12 -7 -13 -6 -16
right_child=1 2 3 -5 14 6 8 -9 -10 -11 -12 13 -14 -15 15 -17
leaf_value=-0.010790376044006516 0.010384305161867658 0.0095918502481885954 -0.0065958711652277244 -0.009870136999461581 0.002183602253465828 0.0021667449456746007 -0.00087051187487227762 -0.0089496616217416315 0.0060095549581033053 0.003788412912162364 0.002162182747102062 -0.00028537519767518648 9.3742584836738188e-07 -0.0028990546798078535 0.00076861863783643947 -0.0017807051877702378
leaf_weight=11.999999999999998 12.999999999999998 10.999999999999998 11.999999999999998 10.999999999999998 10.999999999999998 39 70 14.999999999999998 19 10.999999999999998 19 172 87 14.999999999999998 10.999999999999998 17.000000000000004
leaf_count=12 13 11 12 11 11 39 70 15 19 11 19 172 87 15 11 17
internal_value=-0.000175417 0.000167996 -0.000189604 -0.000600749 0.0032009 -0.000239169 1.11348e-06 -0.000604777 0.00167591 0.000493228 -5.39422e-05 -2.22508e-05 0.0007922 -0.000614779 0.000205068 -0.000614812
internal_weight=545 533 520 470 50 459 447 328 119 100 89 313 126 187 39 28
internal_count=545 533 520 470 50 459 447 328 119 100 89 313 126 187 39 28
is_linear=0
shrinkage=0.0529975


Tree=141
num_leaves=14
num_cat=0
split_feature=29 39 28 29 0 29 8 6 25 2 19 30 29
split_gain=0.740736 0.49958 0.472045 0.431259 0.719729 0.201631 0.245073 0.416618 0.222119 0.1132 0.0658726 0.0592484 0.0384893
threshold=1.3382556559007897 -1.037851409117408 0.057306762566011353 0.74954040166073665 1.0722266725251193 -1.1125084092197188 1.0250222033349827 0.28539892225007674 -1.2633808432044347 -0.9436971355296101 -0.85535387021005227 1.007757035394693 -0.33273871682312839
decision_type=2 2 2 2 2 2 2 2 2 2 2 2 2
left_child=1 2 -1 5 -5 -3 8 -8 -7 -10 -11 -12 -9
right_child=-2 3 -4 4 -6 6 7 12 9 10 11 -13 -14
leaf_value=-0.0011410862455749865 -0.009938100245492739 0.0058402670730152619 0.011363311023010027 -0.013601713451293025 0.0023363461331442422 0.0058165542759827001 -0.010301696307359999 0.0013824987082395673 -0.0034402295249530103 -0.0024804437463600828 0.00028818384926733914 0.0032474696387434013 -0.0018840392538757114
leaf_weight=11.000000000000002 14.999999999999998 10.999999999999998 14.999999999999998 11.000000000000002 10.999999999999998 13.999999999999998 10.999999999999998 19 18 15.999999999999998 367 14.999999999999998 11.000000000000002
leaf_count=11 15 11 15 11 11 14 11 19 18 16 367 15 11
internal_value=-0.000167653 0.000203926 0.0066323 -0.000188082 -0.00658964 0.000167174 -2.24292e-05 -0.00367169 0.000355216 7.48302e-05 0.000299794 0.000470781 0
internal_weight=545 530 26 504 22 482 471 41 430 416 398 382 30
internal_count=545 530 26 504 22 482 471 41 430 416 398 382 30
is_linear=0
shrinkage=0.0529975


Tree=142
num_leaves=19
num_cat=0
split_feature=45 19 37 29 29 0 19 19 38 12 0 13 52 39 31 10 25 37
split_gain=0.740998 0.434526 0.725337 0.37677 0.296097 0.802559 0.208716 0.0997577 0.0732715 0.0573315 0.0671788 0.05175 0.0554807 0.0852273 0.0657772 0.0547404 0.0445748 0.0399106
threshold=1.7894974863008961 0.56461929902412689 -0.78948456671466416 1.0000000180025095e-35 0.74954040166073665 1.1487260851180139 -1.084056395528697 -0.94590896873541463 -0.81715747733727995 1.5902633668125283 -0.51124592859820361 -0.054758513544016361 1.0000000180025095e-35 -0.812326624193484 0.025727675498821215 -0.053551922787591452 -0.31730975663195987 1.7100317590705216
decision_type=2 2 2 2 2 2 2 2 2 2 2 2 2 2 2 2 2 2
left_child=1 4 -3 -4 6 -6 -1 -8 -5 11 -11 15 13 -13 -14 17 -17 -9
right_child=-2 2 3 8 5 -7 7 9 -10 10 -12 12 14 -15 -16 16 -18 -19
leaf_value=-0.0057618567964465434 -0.010749318379813235 0.011568807595213818 0.006478027351493703 -0.0055270451732714453 -0.013406640339567406 0.0020211665933463365 0.0040925460247819888 0 -0.0002078229294121255 -0.0042757392602604952 0.00033755410599801261 -0.0010813955601873856 0.0037208380811640383 0.0013757930304965889 -0.00011555148369620775 -0.0025679428681762671 0 0.0026986229377860015
leaf_weight=10.999999999999998 11.999999999999998 18 10.999999999999998 11.999999999999998 11.000000000000002 17 11.999999999999998 122 18.000000000000004 12.000000000000002 10.999999999999998 63 28 84 13.999999999999998 38 40 10.999999999999998
leaf_count=11 12 18 11 12 11 17 12 122 18 12 11 63 28 84 14 38 40 11
internal_value=-0.000165312 0.000176955 0.00425061 0 -0.000362319 -0.00512997 0 0.000223175 -0.00309583 4.14544e-05 -0.00221497 0.0002192 0.000853369 0.00027595 0.00244185 -0.000324543 -0.00140125 0.000289871
internal_weight=545 533 59 41 474 28 446 435 30 423 23 400 189 147 42 211 78 133
internal_count=545 533 59 41 474 28 446 435 30 423 23 400 189 147 42 211 78 133
is_linear=0
shrinkage=0.0529975


Tree=143
num_leaves=17
num_cat=0
split_feature=39 30 29 30 19 7 31 29 29 30 47 9 29 10 13 29
split_gain=0.730076 0.680634 0.235575 0.486123 0.329354 0.23483 0.148282 0.456662 0.183424 0.0705216 0.0550122 0.0527928 0.0783184 0.0301864 0.0291176 0.0239828
threshold=-1.1558530955085182 -1.4739652562250283 -0.8007581298917843 1.2529128884377021 -0.95772725582126561 -1.897707229271955 0.66856331366879385 0.65561766953668521 0.7731741465887918 0.86544403751546073 0.80004360165012389 -1.2067186390077422 -0.29478589373628455 -0.083806008565617887 0.23091843201240225 -0.89685283675921912
decision_type=2 2 2 2 2 2 2 2 2 2 2 2 2 2 2 2
left_child=-1 -2 4 5 -3 -4 7 11 9 10 -8 14 -13 -6 -7 -15
right_child=1 2 3 -5 13 6 8 -9 -10 -11 -12 12 -14 15 -16 -17
leaf_value=-0.01066988084053814 0.010035752779606303 0.0092363218062346056 -0.0061544730944788446 -0.0093750380191874091 0.0020798158628221133 4.4504641154230002e-05 -0.00083252880860927862 -0.008130215318157703 0.0056715422342975986 0.0035963442008235865 0.0020219134000406332 0.00068915763530505447 -0.0010739822566274851 -0.0017517597180675276 0.0030952874364730582 0.00074254918985529209
leaf_weight=11.999999999999998 12.999999999999998 10.999999999999998 11.999999999999998 10.999999999999998 10.999999999999998 24 70 14.999999999999998 19 10.999999999999998 19 113 161 17 14.999999999999998 11.000000000000002
leaf_count=12 13 11 12 11 11 24 70 15 19 11 19 113 161 17 15 11
internal_value=-0.000164117 0.000175525 -0.0001693 -0.00056238 0.00306546 -0.000217989 5.31899e-06 -0.000562147 0.00157724 0.000456584 -6.04652e-05 -3.15522e-05 -0.000322716 0.000170811 0.00162923 -0.000608266
internal_weight=545 533 520 470 50 459 447 328 119 100 89 313 274 39 39 28
internal_count=545 533 520 470 50 459 447 328 119 100 89 313 274 39 39 28
is_linear=0
shrinkage=0.0529975


Tree=144
num_leaves=12
num_cat=0
split_feature=29 39 29 29 29 19 6 36 38 29 29
split_gain=0.712924 0.381229 0.600747 0.480499 0.18833 0.23452 0.843821 0.0762483 0.0943801 0.0902161 0.0661749
threshold=1.4142917490010982 -1.0449328170218728 0.96361458521015575 0.7731741465887918 -1.1125084092197188 -0.77729306540003507 0.60253933251252334 -1.3119446050013639 -0.75348243586137342 0.69848664362485546 0.52337296649648568
decision_type=2 2 2 2 2 2 2 2 2 2 2
left_child=1 3 4 -1 -3 6 -6 -7 -9 10 -10
right_child=-2 2 -4 -5 5 7 -8 8 9 -11 -12
leaf_value=-0.0013130315733163071 -0.010535248972872896 0.0056623370474954225 -0.0096706663564154575 0.011229650086049415 -0.010874518524577114 0.0038473433373114973 0.0031417756904775123 -0.0036567963498361925 0.00036021252665333764 0.0037558070050610678 -0.0021322068844779056
leaf_weight=12.000000000000002 11.999999999999998 10.999999999999998 11.999999999999998 12.999999999999998 17 10.999999999999998 20 10.999999999999998 385 14.999999999999998 26
leaf_count=12 12 11 12 13 17 11 20 11 385 15 26
internal_value=-0.000153178 0.000182211 -0.000150804 0.00589451 0.000178368 0 -0.00375416 0.000340787 0.000185871 0.000350645 0.000157397
internal_weight=545 533 508 25 496 485 37 448 437 426 411
internal_count=545 533 508 25 496 485 37 448 437 426 411
is_linear=0
shrinkage=0.0529975


Tree=145
num_leaves=27
num_cat=0
split_feature=45 30 30 23 46 35 39 9 23 39 44 35 38 26 17 5 26 5 30 45 30 45 13 30 45 23
split_gain=0.711516 0.527248 0.248575 0.386566 0.769878 0.253098 0.472783 0.14605 0.283403 0.294391 0.17319 0.181044 0.131756 0.0688499 0.0868912 0.0902947 0.07938 0.080757 0.0720054 0.0547988 0.0546422 0.0519178 0.0506887 0.0454999 0.00245286 0.000982667
threshold=1.7894974863008961 -1.6045160372440099 0.34485729356418537 -0.31557058196465509 0.45820649254739221 1.8196664449598725 -1.0783225139200134 0.63584499150947027 0.76392774171902456 -0.38841790629953959 1.1974606743659131 -0.33700523433492319 -0.75348243586137342 0.79675248521638087 1.3903316759514752 1.1363184249287392 -1.621090904150696 -0.7305514475155096 -0.17828588221193531 0.42682489383331024 0.71883599648285379 -0.25451140240048259 0.21121657369816649 0.62218772731163263 1.0000000180025095e-35 0.12579159466921716
decision_type=2 2 2 2 2 2 2 2 2 2 2 2 2 2 2 2 2 2 2 2 2 2 2 2 2 2
left_child=1 -1 5 4 22 6 -3 10 9 23 11 19 -8 16 18 -16 21 -18 -15 -5 24 -14 -4 -9 -13 -11
right_child=-2 2 3 7 -6 -7 12 8 -10 25 -12 20 13 14 15 -17 17 -19 -20 -21 -22 -23 -24 -25 -26 -27
leaf_value=0.0088624650419040722 -0.0105221971127097 0.0089568129252797814 -0.0018720451569979671 -0.0076271336125900832 -0.014471388181482133 -0.0055689232385063249 -0.0040022756164320864 0.0020389841814188649 -0.004336301029994335 -0.00069448919382142122 0.0025648943034461275 -0.00023095251335695824 0 0.0029457822463752389 0.0070178719871563395 0.00052628438420146775 -0.0019142152796764499 0.00048301683708743909 -0.0014309380348574749 -0.0015132692225777033 0.0016038542622936096 0.0046765763363773773 0.0020623781674971834 0.0094564006417348686 -0.0024494380215668897 0
leaf_weight=12.999999999999998 11.999999999999998 13.999999999999998 14.000000000000002 15.000000000000002 11.999999999999998 10.999999999999998 10.999999999999998 11.000000000000002 10.999999999999998 11.000000000000002 14.999999999999998 12.000000000000002 11.000000000000002 10.999999999999998 11.000000000000002 14.999999999999998 44 181 21 13.999999999999998 17 11.999999999999998 10.999999999999998 10.999999999999998 10.999999999999998 12.999999999999998
leaf_count=13 12 14 14 15 12 11 11 11 11 11 15 12 11 11 11 15 44 181 21 14 17 12 11 11 11 13
internal_value=-0.000150263 0.000184756 -0.000117468 -0.00170291 -0.00611247 0.000702759 0.00102729 -0.000296138 0.00161791 0.00351195 -0.00169383 -0.00284383 0.000495687 0.00075358 0.00232436 0.00429152 0.000312519 0 0.000117192 -0.00564021 -0.000193604 0.00292313 0 0.00722825 -0.00181997 -0.000425763
internal_weight=545 533 520 178 37 342 331 141 57 46 84 69 317 306 58 26 248 225 32 29 40 23 25 22 23 24
internal_count=545 533 520 178 37 342 331 141 57 46 84 69 317 306 58 26 248 225 32 29 40 23 25 22 23 24
is_linear=0
shrinkage=0.0529975


Tree=146
num_leaves=18
num_cat=0
split_feature=39 30 29 30 27 7 31 29 29 30 31 9 29 37 6 13 3
split_gain=0.70979 0.618196 0.214951 0.434398 0.307753 0.216911 0.131829 0.397148 0.15938 0.0626988 0.0545013 0.047617 0.071911 0.0367159 0.0314761 0.0264394 0.0176115
threshold=-1.1558530955085182 -1.4739652562250283 -0.8007581298917843 1.2529128884377021 -0.95772725582127649 -1.897707229271955 0.66856331366879385 0.65561766953668521 0.7731741465887918 0.55019931102944586 0.90100170543945313 -1.2067186390077422 -0.29478589373628455 -0.73706182498259232 0.50353014485828651 0.23091843201240225 0.42187205482778184
decision_type=2 2 2 2 2 2 2 2 2 2 2 2 2 2 2 2 2
left_child=-1 -2 4 5 -3 -4 7 11 9 10 -8 15 -13 -11 16 -7 -6
right_child=1 2 3 -5 14 6 8 -9 -10 13 -12 12 -14 -15 -16 -17 -18
leaf_value=-0.010505020951479323 0.0095855259151629603 0.0089149856035326564 -0.0058962037593873161 -0.0088457881295544247 0.0024282595254739724 3.896617273513489e-05 0.0016527253695030892 -0.0075669457200564106 0.0053277043631769199 0.0033432607827180712 -0.0013117939438243415 0.00067628796546212845 -0.0010131280573337756 0 -0.0012203323217750877 0.0029616281315745317 0
leaf_weight=11.999999999999998 12.999999999999998 10.999999999999998 11.999999999999998 10.999999999999998 12.000000000000002 24 18 14.999999999999998 19 20.000000000000004 51 113 161 10.999999999999998 15.999999999999998 14.999999999999998 10.999999999999998
leaf_count=12 13 11 12 11 12 24 18 15 19 20 51 113 161 11 16 15 11
internal_value=-0.000145472 0.00018908 -0.00013915 -0.00051552 0.00295035 -0.000189366 2.44402e-05 -0.000509796 0.00150665 0.000454428 -0.000374997 -1.38138e-05 -0.00029189 0.00225092 0.000148935 0.00156317 0.00139773
internal_weight=545 533 520 470 50 459 447 328 119 100 69 313 274 31 39 39 23
internal_count=545 533 520 470 50 459 447 328 119 100 69 313 274 31 39 39 23
is_linear=0
shrinkage=0.0529975


Tree=147
num_leaves=12
num_cat=0
split_feature=29 39 29 29 29 19 36 38 30 9 39
split_gain=0.696745 0.337943 0.549617 0.445361 0.169973 0.209395 0.0719389 0.0848235 0.0651582 0.091855 0.048935
threshold=1.4142917490010982 -1.0449328170218728 0.96361458521015575 0.7731741465887918 -1.1125084092197188 -0.95772725582126561 -1.3119446050013639 -0.75348243586137342 -0.41432049956592126 -1.3948198796013866 -0.63160371460194487
decision_type=2 2 2 2 2 2 2 2 2 2 2
left_child=1 3 4 -1 -3 -6 -7 -8 10 -10 -9
right_child=-2 2 -4 -5 5 6 7 8 9 -11 -12
leaf_value=-0.001327017257624697 -0.010401496803245211 0.005404893435892108 -0.0092261614899422483 0.010716055114118302 -0.0048171760972246175 0.0036576304131885691 -0.0035359215798010258 0.0042741236479776771 -0.0030172693507313879 0.0001880756813323175 0.0007487658692270472
leaf_weight=12.000000000000002 11.999999999999998 10.999999999999998 11.999999999999998 12.999999999999998 18 10.999999999999998 10.999999999999998 10.999999999999998 21 345 68
leaf_count=12 12 11 12 13 18 11 11 11 21 345 68
internal_value=-0.000137226 0.000194053 -0.000118915 0.00557162 0.000195084 0 0.000257216 0.000113662 0.000265177 -2.27338e-05 0.00158872
internal_weight=545 533 508 25 496 485 467 456 445 366 79
internal_count=545 533 508 25 496 485 467 456 445 366 79
is_linear=0
shrinkage=0.0529975


Tree=148
num_leaves=20
num_cat=0
split_feature=39 19 29 29 19 8 3 31 29 39 13 2 53 13 30 19 29 10 3
split_gain=0.665618 0.603535 0.344671 0.165889 0.360462 0.29036 0.117777 0.0613932 0.218584 0.0812174 0.171321 0.075076 0.0526031 0.0594863 0.0471344 0.0480044 0.041555 0.0290126 0.0213894
threshold=-1.1558530955085182 0.95720864136975359 0.99250610888350865 -0.8007581298917843 -1.0429653928487965 0.64184775107913294 -0.29350247313295302 -0.23990902356405411 0.55429414669926913 -0.71361890106462766 0.69391210239694279 -0.1164870473438256 1.0593795073025254 0.48704259009746725 1.007757035394693 -0.13695324231613623 -0.32816216453986924 0.3867303336504192 0.090850422352377599
decision_type=2 2 2 2 2 2 2 2 2 2 2 2 2 2 2 2 2 2 2
left_child=-1 2 3 5 -5 6 -2 8 12 10 11 -9 16 -14 15 -11 -6 -8 -12
right_child=1 -3 -4 4 7 -7 17 9 -10 14 18 -13 13 -15 -16 -17 -18 -19 -20
leaf_value=-0.010166068736313974 0.0037147979413920808 0.0085971419863407929 -0.0073804002136051714 -0.0078210100873875414 0.00062122998310228767 0.0083563095848010558 0 0.0063696167718572715 -0.0061280442067660314 -0.001496022639344869 -0.0025245203256603669 0.0016049282624032502 -0.00022762974695693286 0.003787940611273423 0.0023235988775256512 0.0002126615768370735 -0.0013238733979306961 -0.0031427492803107145 0
leaf_weight=11.999999999999998 10.999999999999998 17 11.999999999999998 10.999999999999998 40 11.999999999999998 15.000000000000002 13.999999999999998 12.999999999999998 60 13.000000000000002 41 15.000000000000002 12.999999999999998 14.999999999999998 134 74 11.999999999999998 10.999999999999998
leaf_count=12 11 17 12 11 40 12 15 14 13 60 13 41 15 13 15 134 74 12 11
internal_value=-0.000133512 0.000189989 -0.000169188 7.35702e-05 -0.000244912 0.00280668 0 2.959e-05 -0.000786128 0.000499442 0.0018827 0.00343922 -2.14076e-05 0.00177058 -2.8855e-05 -0.000309884 -0.000586235 -0.001708 -0.00142593
internal_weight=545 533 516 504 454 50 38 443 155 288 79 55 142 28 209 194 114 27 24
internal_count=545 533 516 504 454 50 38 443 155 288 79 55 142 28 209 194 114 27 24
is_linear=0
shrinkage=0.0529975


Tree=149
num_leaves=29
num_cat=0
split_feature=45 30 30 29 29 8 29 37 8 13 29 9 30 1 26 5 29 19 37 37 45 6 5 29 45 3 38 5
split_gain=0.683881 0.476368 0.226549 0.752441 0.277307 0.714468 0.181859 0.504828 0.475765 0.179655 0.0841924 0.067192 0.0640265 0.145976 0.062326 0.0820615 0.0513762 0.035723 0.0341234 0.0456962 0.0301068 0.0200966 0.0171543 0.0151368 0.0120887 0.00261968 0.00249439 0.00067482
threshold=1.7894974863008961 -1.6045160372440099 0.34485729356418537 0.67528232375896413 0.7731741465887918 -1.0006631898332965 -0.62400762929631193 -0.7098019992819159 0.91664802833843739 0.16196192791257707 0.28237332503594575 0.68254493862593957 -0.2145055800327397 -0.63110956544386487 -1.621090904150696 -0.48679704686344355 -0.39613487478548931 -0.14956450218051662 2.0623125835100464 -0.81674439241534058 -0.14095535302818379 0.50353014485828651 0.82966275123711375 0.47796017511591082 0.31326884446101144 -0.082016430162555901 1.0000000180025095e-35 -0.092182988336382846
decision_type=2 2 2 2 2 2 2 2 2 2 2 2 2 2 2 2 2 2 2 2 2 2 2 2 2 2 2 2
left_child=1 -1 4 6 10 -6 7 -4 9 11 14 16 13 -12 -3 17 -8 24 19 -17 -13 27 -14 -15 -16 -11 -19 -9
right_child=-2 2 3 -5 5 -7 8 21 -10 25 12 20 22 23 15 18 -18 26 -20 -21 -22 -23 -24 -25 -26 -27 -28 -29
leaf_value=0.0084475733491149486 -0.010297401423676788 0.0030748660402322089 0.0094472144319980647 -0.011606243347050764 -0.0029506511141476005 0.011503784878375837 0 -0.00029361479855133317 -0.0095262517851498821 0.0041906600841152232 -0.0037020309277047466 0.0018125637776206685 -0.0040062142152321525 0.00013996755770429991 -0.00079470349192609882 0.0026717426538892418 -0.0036110475857308536 -0.00016920646065413737 0.0033285985717353768 0.00016122767937785877 -0.00089612345504125205 -0.0024420995915514377 -0.00040876388535582238 0.0035917054771531262 -0.0035420385288710615 0.0010111636510615855 0.00055081320058947151 0.00011647549007188498
leaf_weight=12.999999999999998 11.999999999999998 21 11.999999999999998 12.999999999999998 13.000000000000002 14.999999999999998 10.999999999999998 12.999999999999998 11.999999999999998 12.000000000000002 10.999999999999998 13.999999999999998 17.000000000000004 11.000000000000002 26 20 33 11.000000000000002 10.999999999999998 136 19 11.999999999999998 11.999999999999998 10.999999999999998 10.999999999999998 13.999999999999998 15.999999999999998 13.000000000000002
leaf_count=13 12 21 12 13 13 15 11 13 12 12 11 14 17 11 26 20 33 11 11 136 19 12 12 11 11 14 16 13
internal_value=-0.000127913 0.000200098 -8.67625e-05 -0.00160151 0.000695553 0.00525061 -0.000393047 0.00206651 -0.00156956 -0.000105403 0.000176763 -0.00145903 -0.00145568 1.29194e-05 0.000629967 0.000306056 -0.00269898 -0.00119112 0.000941598 0.000613187 0.00017592 -0.00107541 -0.0030423 0.00251495 -0.002154 0.00320727 6.83516e-05 0
internal_weight=545 533 520 178 342 28 165 50 115 103 314 77 62 33 252 231 44 64 167 156 33 38 29 22 37 26 27 26
internal_count=545 533 520 178 342 28 165 50 115 103 314 77 62 33 252 231 44 64 167 156 33 38 29 22 37 26 27 26
is_linear=0
shrinkage=0.0529975


Tree=150
num_leaves=13
num_cat=0
split_feature=29 39 29 29 29 19 29 30 36 38 29 29
split_gain=0.670301 0.328161 0.497027 0.4085 0.161304 0.185323 0.611764 0.268288 0.058156 0.0956675 0.0807131 0.0467567
threshold=1.4142917490010982 -1.0449328170218728 0.96361458521015575 0.91470921892100709 -1.1125084092197188 -0.71234336683649502 -0.25359189156537315 1.0909449037682633 -1.3119446050013639 -0.75348243586137342 0.69848664362485546 0.60923513714294653
decision_type=2 2 2 2 2 2 2 2 2 2 2 2
left_child=1 3 4 -1 -3 6 7 -6 -7 -10 11 -11
right_child=-2 2 -4 -5 5 8 -8 -9 9 10 -12 -13
leaf_value=-0.00082275712513886056 -0.010190593666509699 0.0052671435502264401 -0.0087673857479178743 0.010731333238415046 -0.0024296899413629312 0.0034570441594780335 -0.010072387443922512 0.0055152293728571835 -0.0036241760143162311 0.00035824117051664386 0.0036356790336682415 -0.0022410446741950312
leaf_weight=13.000000000000002 11.999999999999998 10.999999999999998 11.999999999999998 11.999999999999998 21 10.999999999999998 14.999999999999998 14.999999999999998 10.999999999999998 383 14.999999999999998 13.999999999999998
leaf_count=13 12 11 12 12 21 11 15 15 11 383 15 14
internal_value=-0.000122318 0.000202251 -0.000106059 0.005501 0.0001918 0 -0.0028296 0.00102919 0.000381906 0.000238452 0.000408802 0.000217265
internal_weight=545 533 508 25 496 485 51 36 434 423 412 397
internal_count=545 533 508 25 496 485 51 36 434 423 412 397
is_linear=0
shrinkage=0.0529975


Tree=151
num_leaves=16
num_cat=0
split_feature=39 30 29 30 19 7 7 29 30 30 19 19 10 29 39
split_gain=0.651968 0.547124 0.175808 0.392047 0.281345 0.194118 0.115772 0.133725 0.605001 0.24427 0.0701554 0.0841739 0.0700729 0.0301226 0.0150035
threshold=-1.1558530955085182 -1.4739652562250283 -0.8007581298917843 1.2529128884377021 -0.95772725582126561 -1.897707229271955 1.8644294573825355 0.52337296649648568 0.36035248426005978 -0.4671124990250764 -0.58317633917525924 -0.53091630390676692 1.1932390427821107 -0.87545902639589801 1.525326010866711
decision_type=2 2 2 2 2 2 2 2 2 2 2 2 2 2 2
left_child=-1 -2 4 5 -3 -4 7 10 9 -9 12 -12 -7 14 -6
right_child=1 2 3 -5 13 6 -8 8 -10 -11 11 -13 -14 -15 -16
leaf_value=-0.010050847445286722 0.0090379971632193433 0.0083793573602246041 -0.0055426937975576983 -0.0083632943485366928 1.8580659308368668e-05 0.0031716563220296908 0.0042349951381643993 0.0055397898837530324 -0.010944142725484458 -0.0017554809956528926 -0.0033653206018226796 0.00017645979014150657 -0.00061361736947435183 0.0016824046123328296 -0.0019342014345076466
leaf_weight=11.999999999999998 12.999999999999998 10.999999999999998 11.999999999999998 10.999999999999998 11.999999999999998 35 11.999999999999998 12.999999999999998 10.999999999999998 33 13.999999999999998 315 13.999999999999998 15.000000000000002 11.999999999999998
leaf_count=12 13 11 12 11 12 35 12 13 11 33 14 315 14 15 12
internal_value=-0.000121132 0.000198798 -0.000109418 -0.000451247 0.00268328 -0.000141208 5.98296e-05 -9.55279e-05 -0.0023689 0.000573001 0.000260733 -1.09455e-05 0.00201416 1.8894e-05 -0.000916431
internal_weight=545 533 520 470 50 459 447 435 57 46 378 329 49 39 24
internal_count=545 533 520 470 50 459 447 435 57 46 378 329 49 39 24
is_linear=0
shrinkage=0.0529975


Tree=152
num_leaves=24
num_cat=0
split_feature=45 30 19 29 29 8 29 37 19 19 29 29 13 0 25 10 16 15 13 10 30 34 44
split_gain=0.659053 0.449129 0.200907 0.989749 0.291037 0.804646 0.199658 0.423741 0.409949 0.0726869 0.118299 0.0845209 0.0680885 0.0437325 0.0415181 0.0322308 0.0318748 0.0483976 0.0313344 0.0396552 0.0165395 0.00644207 0.00246618
threshold=1.7894974863008961 -1.6045160372440099 -0.3357664568293684 0.41037723249571229 0.7731741465887918 -1.0006631898332965 -0.62400762929631193 -0.7098019992819159 -0.83382283659871825 -0.58317633917525924 -0.30060901107959576 -0.17292469673266564 1.1175020561530118 -0.83645300190450966 -0.69463788753851274 0.88501655246845712 -1.1928400721714438 -1.1432234076252492 -0.054758513544016361 0.37719843703610667 0.50687119865861308 1.6655547603821401 -0.27848972336365163
decision_type=2 2 2 2 2 2 2 2 2 2 2 2 2 2 2 2 2 2 2 2 2 2 2
left_child=1 -1 3 6 12 -6 7 -3 -8 10 -10 20 13 15 22 -4 21 -18 19 -9 -11 -16 -15
right_child=-2 2 4 -5 5 -7 8 18 9 11 -12 -13 -14 14 16 -17 17 -19 -20 -21 -22 -23 -24
leaf_value=0.0082096800116685745 -0.010103556603553982 0.0090342591690176811 0.0030024190895867955 -0.013730266587744388 -0.0031296019204493375 0.01143560451468861 -0.0084525092007775408 0 -0.0012749055644796735 0.0014579003440669857 0.0041936603722684982 -0.0034745121940116626 -0.0025552150499200911 -0.00016206002712647953 -0.0019842054183870405 0 0.0024030165788273363 0.00013830467008957089 0.00095891202108084196 -0.003341286408998184 -0.00048493483324455009 0 -0.0023578089443702555
leaf_weight=12.999999999999998 11.999999999999998 11.999999999999998 21 10.999999999999998 14.999999999999998 17 13.999999999999998 16.000000000000004 13.999999999999998 15.999999999999998 18 20.000000000000004 19 11.000000000000002 11.000000000000002 21 27 185 15.999999999999998 10.999999999999998 15.999999999999998 15.999999999999998 12.999999999999998
leaf_count=13 12 12 21 11 15 17 14 16 14 16 18 20 19 11 11 21 27 185 16 11 16 16 13
internal_value=-0.000119997 0.000201717 -7.65115e-05 -0.0015902 0.000616303 0.00500791 -0.000188551 0.00217758 -0.00163264 0 0.00179371 -0.0011884 7.82795e-05 0.000310897 1.50795e-05 0.00178444 0.000267636 0.000516941 -0.000464827 -0.00154114 0.000379433 -0.00121639 -0.00181785
internal_weight=545 533 520 164 356 32 153 55 98 84 32 52 324 305 263 42 239 212 43 27 32 27 24
internal_count=545 533 520 164 356 32 153 55 98 84 32 52 324 305 263 42 239 212 43 27 32 27 24
is_linear=0
shrinkage=0.0529975


Tree=153
num_leaves=12
num_cat=0
split_feature=29 39 29 29 29 19 6 36 38 29 29
split_gain=0.649038 0.302076 0.457013 0.366413 0.149772 0.169289 0.72686 0.05808 0.0946574 0.076221 0.0456058
threshold=1.4142917490010982 -1.0449328170218728 0.96361458521015575 0.91470921892100709 -1.1125084092197188 -0.77729306540003507 0.60253933251252334 -1.3119446050013639 -0.75348243586137342 0.69848664362485546 0.51570612243515501
decision_type=2 2 2 2 2 2 2 2 2 2 2
left_child=1 3 4 -1 -3 6 -6 -7 -9 10 -10
right_child=-2 2 -4 -5 5 7 -8 8 9 -11 -12
leaf_value=-0.00070751594569018299 -0.010027890307213473 0.0050792383871244894 -0.008402575645335612 0.01023327898367613 -0.009801953941323667 0.0033835696024788397 0.0031734813093907033 -0.0036689431494080662 0.00034089783471532941 0.0034786360492015276 -0.001665536397169796
leaf_weight=13.000000000000002 11.999999999999998 10.999999999999998 11.999999999999998 11.999999999999998 17 10.999999999999998 20 10.999999999999998 383 14.999999999999998 28
leaf_count=13 12 11 12 12 17 11 20 11 383 15 28
internal_value=-0.000120478 0.0001987 -9.66045e-05 0.00528246 0.000188402 2.57374e-06 -0.00316133 0.000317567 0.000179869 0.000344967 0.000165472
internal_weight=545 533 508 25 496 485 37 448 437 426 411
internal_count=545 533 508 25 496 485 37 448 437 426 411
is_linear=0
shrinkage=0.0529975


Tree=154
num_leaves=13
num_cat=0
split_feature=39 19 29 29 19 6 29 29 5 39 30 29
split_gain=0.634192 0.501087 0.287104 0.144739 0.147004 0.671044 0.0585216 0.0551021 0.074978 0.0444823 0.0896702 0.0426883
threshold=-1.1558530955085182 0.95720864136975359 0.99250610888350865 -1.1125084092197188 -0.77729306540003507 0.60253933251252334 0.7731741465887918 0.52337296649648568 0.64997638135509994 -0.71361890106462766 0.57768355033597929 0.23832575056983082
decision_type=2 2 2 2 2 2 2 2 2 2 2 2
left_child=-1 2 3 -2 5 -5 7 9 -9 10 -6 -11
right_child=1 -3 -4 4 6 -7 -8 8 -10 11 -12 -13
leaf_value=-0.0099119411098601909 0.0049050215731451423 0.0078569311319190219 -0.0067127332942817771 -0.0094179309912922476 0.00027197235765591437 0.0030440890804445701 0.0030913857572625342 -0.003655150169109275 0.00042783192948412881 0.00014872481205222064 0.0042601074352498422 -0.001945637302027203
leaf_weight=11.999999999999998 10.999999999999998 17 11.999999999999998 17 77 20 12.999999999999998 19 18 289 15.999999999999998 24
leaf_count=12 11 17 12 17 77 20 13 19 18 289 16 24
internal_value=-0.000118373 0.00019698 -0.000129359 9.07761e-05 -6.02963e-05 -0.00303417 0.000202136 6.16406e-05 -0.00172374 0.000264021 0.00124514 -2.35244e-05
internal_weight=545 533 516 504 493 37 456 443 37 406 93 313
internal_count=545 533 516 504 493 37 456 443 37 406 93 313
is_linear=0
shrinkage=0.0529975


Tree=155
num_leaves=25
num_cat=0
split_feature=45 30 30 3 46 35 39 12 10 8 30 38 31 44 19 26 5 12 8 13 45 46 39 3
split_gain=0.624074 0.427319 0.185596 0.325687 0.642684 0.207655 0.421383 0.118723 0.146178 0.309067 0.230414 0.118388 0.0723625 0.0978578 0.100415 0.0638769 0.076818 0.0594282 0.0514956 0.0463937 0.0384085 0.0352059 0.0158409 0.012976
threshold=1.7894974863008961 -1.6045160372440099 0.34485729356418537 -0.3155705819646461 0.45820649254739221 1.8196664449598725 -1.0783225139200134 -1.4341025722923464 0.50527911159490457 0.65397236724334473 0.97505087236928578 -0.75348243586137342 0.53546145317687588 1.0000000180025095e-35 0.34004903709483209 -1.621090904150696 -0.7305514475155096 0.84865361091127123 -0.13512864915979886 0.21121657369816649 -0.25451140240048259 -0.18832435130588573 -0.074935809284198865 -0.61349005119250999
decision_type=2 2 2 2 2 2 2 2 2 2 2 2 2 2 2 2 2 2 2 2 2 2 2 2
left_child=1 -1 5 4 19 6 -3 -5 9 18 17 -8 15 23 -15 20 -17 -10 21 -4 -13 -9 -20 -14
right_child=-2 2 3 7 -6 -7 11 8 10 -11 -12 12 13 14 -16 16 -18 -19 22 -21 -22 -23 -24 -25
leaf_value=0.0080099600383613835 -0.0098291632929836063 0.008414996850550192 -0.001724184626913598 0.0032165468207682969 -0.013125238841244056 -0.0050402836123930213 -0.0038339319528511292 6.8964471293087509e-05 0.00086061571372448274 -0.0081895723322432668 0.0064526208799249706 0 0.001398996194887853 0.00040014360485935422 0.0070251557918327174 -0.001963603823035657 0.00039504394608887394 -0.0027550264110511396 0.0022497331191355264 0.0020418708771331542 0.0040531289851605612 -0.0028275603427948136 0 -0.00034236815111157243
leaf_weight=12.999999999999998 11.999999999999998 13.999999999999998 14.000000000000002 18 11.999999999999998 10.999999999999998 10.999999999999998 12.999999999999998 20 12.999999999999998 10.999999999999998 11.000000000000002 10.999999999999998 15.000000000000002 11.999999999999998 43 175 17 11.000000000000002 10.999999999999998 11.999999999999998 20 18 27
leaf_count=13 12 14 14 18 12 11 11 13 20 13 11 11 11 15 12 43 175 17 11 11 12 20 18 27
internal_value=-0.000113817 0.000198874 -7.22129e-05 -0.00144449 -0.00548837 0.000634527 0.000930172 -0.00015522 -0.00082938 -0.00225516 0.0012721 0.0004279 0.000674232 0.00217328 0.00429786 0.000198701 -7.91233e-05 -0.00079072 -0.00029565 0 0.00254468 -0.00167225 0.00108937 0.000124927
internal_weight=545 533 520 178 37 342 331 141 123 75 48 317 306 65 27 241 218 37 62 25 23 33 29 38
internal_count=545 533 520 178 37 342 331 141 123 75 48 317 306 65 27 241 218 37 62 25 23 33 29 38
is_linear=0
shrinkage=0.0529975


Tree=156
num_leaves=22
num_cat=0
split_feature=29 39 29 29 29 19 30 39 28 17 35 39 8 5 39 36 12 10 29 9 8
split_gain=0.625652 0.277663 0.413851 0.3552 0.136066 0.61198 0.236581 0.234965 0.123092 0.111508 0.103499 0.0785929 0.0633112 0.0514743 0.0464275 0.0405323 0.0561899 0.0470073 0.040118 0.0285896 0.0135087
threshold=1.4142917490010982 -1.0449328170218728 0.96361458521015575 0.91470921892100709 -0.26151545470841348 -0.7281052018580183 1.0684567549518114 -0.38841790629953959 0.38602634040013523 -1.3105806173252754 -1.1669238279072049 -0.71361890106462766 -0.5127097674775597 1.1611771117188261 -0.98176190957331844 0.031795689694839868 0.51461951846980081 0.28166352977320075 0.23832575056983082 0.56511187688897802 -0.47772171063789054
decision_type=2 2 2 2 2 2 2 2 2 2 2 2 2 2 2 2 2 2 2 2 2
left_child=1 3 4 -1 6 -6 8 -8 9 -3 -7 12 13 -12 -14 16 -11 -17 19 -13 -20
right_child=-2 2 -4 -5 5 10 7 -9 -10 15 11 18 14 -15 -16 17 -18 -19 20 -21 -22
leaf_value=-0.0007819094568912114 -0.0098358243394924931 -0.0039530657249749711 -0.0079828156047697402 0.0099606651823711603 -0.0097647162417745514 -0.0037888201116992233 0.0094172045482803831 0 0.004737908611534225 -0.00024705488727011477 0.0035941738178497688 -0.00034343945924285361 0.0023860333372237889 0 -0.00078814309800594011 0.00063808016230257683 0.0025469359765217707 -0.0014887395369021373 -0.00040170386322121624 0.0014549045884270822 -0.0030429027275971276
leaf_weight=13.000000000000002 11.999999999999998 11.999999999999998 11.999999999999998 11.999999999999998 12.999999999999998 11.999999999999998 12.000000000000002 13.999999999999998 10.999999999999998 27 37 88 11.999999999999998 10.999999999999998 39 65 40 42 22 27 11.999999999999998
leaf_count=13 12 12 12 12 13 12 12 14 11 27 37 88 12 11 39 65 40 42 22 27 12
internal_value=-0.000107936 0.000205108 -7.75901e-05 0.00507859 0.000192823 -0.000578898 0.0011585 0.00540873 0.000419944 0 6.3908e-05 0.000362876 0.00148978 0.00275842 8.62805e-06 0.000421456 0.00139751 -0.000169635 -0.000369478 7.22327e-05 -0.00182497
internal_weight=545 533 508 25 496 273 223 26 197 186 260 248 99 48 51 174 67 107 149 115 34
internal_count=545 533 508 25 496 273 223 26 197 186 260 248 99 48 51 174 67 107 149 115 34
is_linear=0
shrinkage=0.0529975


Tree=157
num_leaves=16
num_cat=0
split_feature=39 38 29 29 19 31 29 39 13 2 39 0 37 31 3
split_gain=0.614719 0.461063 0.257444 0.139469 0.144475 0.0483761 0.177335 0.0585446 0.142397 0.0636674 0.0488512 0.0284462 0.0507133 0.0195555 0.0185936
threshold=-1.1558530955085182 -0.85777646155359866 0.99250610888350865 -1.1125084092197188 -0.95772725582126561 -0.23990902356405411 0.55429414669926913 -0.71361890106462766 0.69391210239694279 -0.1164870473438256 1.8368162572147246 -1.2092245394208951 1.8777845326131508 -0.15256145512003391 0.090850422352377599
decision_type=2 2 2 2 2 2 2 2 2 2 2 2 2 2 2
left_child=-1 -2 3 -3 -5 6 11 8 9 -7 13 -6 -13 -9 -10
right_child=1 2 -4 4 5 7 -8 10 14 -11 -12 12 -14 -15 -16
leaf_value=-0.0097513562631468785 0.0077207770504973666 0.0048280756792786605 -0.0063395806841281509 -0.0040679359206389331 0.0016476654022081483 0.0058624982261412141 -0.0053852340553251195 0.0013516866199834068 -0.0022995473610239901 0.0014538590670763489 0.0025296314381501044 5.892750863696117e-05 -0.0029837506583174746 -0.00031592137986373426 0
leaf_weight=11.999999999999998 15.999999999999998 10.999999999999998 11.999999999999998 18 20 13.999999999999998 12.999999999999998 14.999999999999998 13.000000000000002 41 14.999999999999998 123 10.999999999999998 200 10.999999999999998
leaf_count=12 16 11 12 18 20 14 13 15 13 41 15 123 11 200 11
internal_value=-0.000108856 0.000201347 -0.000103861 0.0001033 -4.45792e-05 0.000141789 -0.000552576 0.00054261 0.00173561 0.00315657 6.95564e-05 0 -0.000258056 -0.000134452 -0.00126797
internal_weight=545 533 517 505 494 476 167 309 79 55 230 154 134 215 24
internal_count=545 533 517 505 494 476 167 309 79 55 230 154 134 215 24
is_linear=0
shrinkage=0.0529975


Tree=158
num_leaves=22
num_cat=0
split_feature=39 30 34 35 1 34 39 19 19 11 19 17 19 1 31 37 30 0 11 34 25
split_gain=0.572067 0.434846 0.158033 0.30163 0.621549 0.249146 0.239553 0.123683 0.116617 0.148682 0.0660998 0.0559327 0.0499043 0.0487905 0.0463617 0.0596733 0.0327147 0.030625 0.0182767 0.00879188 0.00186499
threshold=-1.1558530955085182 -1.4739652562250283 1.0857885418286413 0.26267843997095658 0.099913940661098308 1.5282221012143749 -0.76344154031964429 -1.1597747990198337 -0.74651601231882447 0.84450741130312301 -0.8993789995124194 1.5139713566090511 -0.62555187198812046 0.54216219559725587 -0.23990902356405411 -0.78948456671466416 -0.14500950889521416 1.670872028398541 -0.6424415830687451 1.8287459743947443 1.503839327763641
decision_type=2 2 2 2 2 2 2 2 2 2 2 2 2 2 2 2 2 2 2 2 2
left_child=-1 -2 3 7 -5 6 -4 -3 9 10 -9 -7 -10 -6 16 -16 -14 -13 -15 -19 -8
right_child=1 2 5 4 13 11 20 8 12 -11 -12 17 14 18 15 -17 -18 19 -20 -21 -22
leaf_value=-0.0094067557054718295 0.0080741743498959732 -0.0041957736807028152 0.0093608633136848755 -0.011638158491610042 0.0011961571756900109 -0.0023259245225898269 0.0012094954987989532 -0.0020917439140090027 -0.0022207273353598185 0.0067617700145780639 0.0025080803019720929 0.0024534306398611371 0.00010361289164324873 -0.0028199527146609816 0.0021685568974128444 0 -0.0014873614219272917 -0.0011497196754340347 0 0.00034026322746906186 0
leaf_weight=11.999999999999998 12.999999999999998 11.999999999999998 12.999999999999998 13.999999999999998 21 20 13.000000000000002 11.999999999999998 21 10.999999999999998 11.000000000000002 11.999999999999998 72 13.999999999999998 50 113 54 11.000000000000002 16.000000000000004 18 11.999999999999998
leaf_count=12 13 12 13 14 21 20 13 12 21 11 11 12 72 14 50 113 54 11 16 18 12
internal_value=-0.000104482 0.000194313 -7.92051e-05 -0.000543807 -0.00370001 0.00174823 0.00480144 6.49159e-05 0.00030284 0.00299803 0 -0.000309033 -2.19395e-05 -0.000403211 0.00015605 0.000752614 -0.000561911 0.000697435 -0.00172957 -0.00012548 0.000852961
internal_weight=545 533 520 421 65 99 38 356 344 34 23 61 310 51 289 163 126 41 30 29 25
internal_count=545 533 520 421 65 99 38 356 344 34 23 61 310 51 289 163 126 41 30 29 25
is_linear=0
shrinkage=0.0529975


Tree=159
num_leaves=14
num_cat=0
split_feature=29 39 29 19 29 8 6 25 2 3 8 39 7
split_gain=0.58098 0.279474 0.37056 0.343442 0.127577 0.141305 0.311159 0.152111 0.0844803 0.0556165 0.188469 0.0547682 0.0492992
threshold=1.4142917490010982 -1.0449328170218728 0.96361458521015575 0.16664694950672165 -1.1125084092197188 1.0250222033349827 0.28539892225007674 -1.2633808432044347 -0.9436971355296101 -0.94635069273722194 -1.059197870349244 -0.71361890106462766 -1.091576334664875
decision_type=2 2 2 2 2 2 2 2 2 2 2 2 2
left_child=1 3 4 -1 -3 7 -7 -6 -9 10 -10 -11 -8
right_child=-2 2 -4 -5 5 6 12 8 9 11 -12 -13 -14
leaf_value=-0.00041909947166013465 -0.0094737877041932862 0.0046875756074984355 -0.0075619444561435076 0.010189535295684263 0.0048354989320911765 -0.0084957440561845704 0.0016832837407999006 -0.0029534125816622946 0.0015240359891373076 0.0015812211413684782 -0.004329971710033775 9.1602909290038685e-05 -0.0019230188027302203
leaf_weight=14.000000000000002 11.999999999999998 10.999999999999998 11.999999999999998 10.999999999999998 13.999999999999998 10.999999999999998 20.999999999999996 18 26 94 23 267 11.000000000000002
leaf_count=14 12 11 12 11 14 11 21 18 26 94 23 267 11
internal_value=-9.91009e-05 0.000202052 -8.15773e-05 0.00509157 0.000173652 1.0512e-06 -0.00268671 0.000310582 8.17114e-05 0.000272402 -0.00126927 0.000518011 0.00015195
internal_weight=545 533 508 25 496 485 43 442 428 410 49 361 32
internal_count=545 533 508 25 496 485 43 442 428 410 49 361 32
is_linear=0
shrinkage=0.0529975


Tree=160
num_leaves=27
num_cat=0
split_feature=45 30 30 29 29 8 29 37 3 13 6 29 30 1 3 45 30 5 16 34 6 30 29 9 14 30
split_gain=0.580836 0.410261 0.169205 0.626198 0.262193 0.552023 0.127823 0.424358 0.352695 0.12327 0.0934831 0.0704315 0.0599561 0.128295 0.0477944 0.0449967 0.0382863 0.0320729 0.0283992 0.0366578 0.020597 0.0189738 0.0148425 0.00997855 0.00238893 0.00186554
threshold=1.7894974863008961 -1.6045160372440099 0.34485729356418537 0.67528232375896413 0.7731741465887918 -1.0006631898332965 -0.62400762929631193 -0.63011943184916475 1.148280637204363 0.41808608599764202 -0.14593159087710691 0.28237332503594575 -0.2145055800327397 -0.63110956544386487 1.1648317188281332 -0.70873559988967771 0.55019931102944586 -1.1467356927858219 0.57767451677292148 -0.31511829175687139 0.50353014485828651 -0.017993314836550849 0.47796017511591082 0.18619293706379778 -1.2029993149567617 0.77476556393325435
decision_type=2 2 2 2 2 2 2 2 2 2 2 2 2 2 2 2 2 2 2 2 2 2 2 2 2 2
left_child=1 -1 4 6 11 -6 7 -4 9 10 16 14 13 -13 17 -12 -8 24 19 -19 25 -14 -15 -20 -3 -9
right_child=-2 2 3 -5 5 -7 8 20 -10 -11 15 12 21 22 -16 -17 -18 18 23 -21 -22 -23 -24 -25 -26 -27
leaf_value=0.0078551648944753978 -0.0094727891563585031 -0.0018052146798871042 0.0083014778729303441 -0.010498668583898278 -0.0022323242261214917 0.010507869083847977 -0.00073452620621775359 0.00023184204463547428 -0.0078968982942267691 0.0036392579522768771 0 -0.0034451968107840395 -0.0042452045361637252 7.7820456179696716e-05 0.0029262929514112675 -0.0032975391029724812 0.0020716541580879273 -0.00065417593747577182 0.0026105265545832554 0.00081381321738988467 -0.0025637216940326778 -0.00066502385301618378 0.0034322830470445344 0.00018303648804996305 0 -0.00047424717714716306
leaf_weight=12.999999999999998 11.999999999999998 12.000000000000002 12.999999999999998 12.999999999999998 13.000000000000002 14.999999999999998 15.999999999999991 12.000000000000002 12.999999999999998 14.999999999999998 13.999999999999991 10.999999999999998 13.000000000000002 11.000000000000002 15.999999999999998 33.000000000000014 24 74 17 106 11.999999999999998 15.999999999999998 10.999999999999998 15.999999999999998 10.999999999999998 12.999999999999998
leaf_count=13 12 12 13 13 13 15 16 12 13 15 14 11 13 11 16 33 24 74 17 106 12 16 11 16 11 13
internal_value=-9.927e-05 0.000201846 -6.35768e-05 -0.00137454 0.000610596 0.00503691 -0.000271873 0.00178117 -0.00126626 0 -0.000856073 0.000107075 -0.00138491 2.82893e-05 0.000524879 -0.00236991 0.000847905 0.000264733 0.000501634 0.00017112 -0.00118555 -0.00292191 0.00238044 0.0018218 -0.00133834 0
internal_weight=545 533 520 178 342 28 165 50 115 102 87 314 62 33 252 47 40 236 213 180 37 29 22 33 23 25
internal_count=545 533 520 178 342 28 165 50 115 102 87 314 62 33 252 47 40 236 213 180 37 29 22 33 23 25
is_linear=0
shrinkage=0.0529975


Tree=161
num_leaves=19
num_cat=0
split_feature=39 30 29 30 19 7 6 10 39 29 8 8 16 6 46 37 34 30
split_gain=0.564471 0.392112 0.14968 0.330439 0.257397 0.149835 0.101828 0.327267 0.501879 0.193157 0.0560803 0.0579206 0.0374269 0.0303456 0.0504925 0.0271517 0.00399967 0.00273298
threshold=-1.1558530955085182 -1.4739652562250283 -0.8007581298917843 1.2529128884377021 -0.95772725582126561 -1.897707229271955 -0.72093697764263742 -0.50972561685278994 -0.73762888777164703 0.67528232375896413 -1.2237017162106083 -0.71311381512148331 -1.1928400721714438 0.50353014485828651 -0.18832435130588573 -0.81674439241534058 1.6655547603821401 -0.073288083403561896
decision_type=2 2 2 2 2 2 2 2 2 2 2 2 2 2 2 2 2 2
left_child=-1 -2 4 5 -3 -4 9 8 -8 12 -9 -12 16 14 -6 -14 -7 -10
right_child=1 2 3 -5 13 6 7 10 17 -11 11 -13 15 -15 -16 -17 -18 -19
leaf_value=-0.0093380692058925123 0.00768134525027875 0.0079625651517373653 -0.0048404135587774687 -0.0076391692962254377 -0.00067951321572514106 -0.0018402017088721457 -0.011459434408836292 0.0030140455891876994 -0.00033126014583765651 0.0057946267548560255 -0.0020200796446745756 0.00030605621187887558 0.0021973369160507533 -0.0013694481763185775 0.0032315433253047214 5.838134672269783e-05 0 0.00055741434804616827
leaf_weight=11.999999999999998 12.999999999999998 10.999999999999998 11.999999999999998 10.999999999999998 11.999999999999998 11.000000000000002 11.999999999999998 12.999999999999998 12.999999999999998 17 28 250 24 15.999999999999998 11.000000000000002 55 11.999999999999998 12.000000000000002
leaf_count=12 13 11 12 11 12 11 12 13 13 17 28 250 24 16 11 55 12 12
internal_value=-9.74054e-05 0.000199254 -5.99554e-05 -0.000376986 0.00251665 -9.1659e-05 8.27916e-05 -0.000384961 -0.00470946 0.00138455 0.000225356 9.46908e-06 0.000303937 0 0.00123157 0.000899543 -0.00126392 0
internal_weight=545 533 520 470 50 459 447 328 37 119 291 278 102 39 23 79 23 25
internal_count=545 533 520 470 50 459 447 328 37 119 291 278 102 39 23 79 23 25
is_linear=0
shrinkage=0.0529975


Tree=162
num_leaves=15
num_cat=0
split_feature=27 38 25 39 2 29 17 29 27 30 10 17 1 33
split_gain=0.562264 0.355866 0.21194 0.293689 0.180021 0.570735 0.166721 0.123025 0.366402 0.167803 0.185074 0.0795043 0.0566113 0.00939446
threshold=1.0782546332625993 -0.68690109666846921 1.9371621489107038 -1.1464725685440789 1.6652591919516364 0.81384386805079478 1.5444409411395836 0.061826384744403794 -0.62555187198813145 1.0684567549518114 0.48815465057797414 -1.3392876385518702 0.35206812900017176 1.9054143642137658
decision_type=2 2 2 2 2 2 2 2 2 2 2 2 2 2
left_child=1 -1 3 -3 5 7 -6 9 -9 11 -11 -5 -10 -8
right_child=-2 2 -4 4 6 -7 13 8 12 10 -12 -13 -14 -15
leaf_value=0.007793927114670576 -0.0080409414984698377 0.0068460205196849656 -0.005822100614570295 -0.0028304919659526522 0.006932220575255766 -0.0098947922021379291 0.0011784982383657976 -0.0086561607075193118 0.00052074130650660744 -0.00014821623744518689 0.0077529334110008315 0.00039429681566398349 -0.0019270982153771099 -0.00039173072113111247
leaf_weight=10.999999999999998 18 11.999999999999998 10.999999999999998 17 12.999999999999998 10.999999999999998 11.000000000000002 10.999999999999998 77 12.000000000000002 11.999999999999998 281 32 15.999999999999998
leaf_count=11 18 12 11 17 13 11 11 11 77 12 12 281 32 16
internal_value=-9.71143e-05 0.000248518 0 0.000193632 -3.46168e-05 -0.00036462 0.00311113 0 -0.00140581 0.000542517 0.00432962 0.000135153 -0.000200167 0.000134224
internal_weight=545 527 516 505 493 453 40 442 120 322 24 298 109 27
internal_count=545 527 516 505 493 453 40 442 120 322 24 298 109 27
is_linear=0
shrinkage=0.0529975


Tree=163
num_leaves=16
num_cat=0
split_feature=13 7 8 29 34 29 29 25 19 2 25 8 44 9 16
split_gain=0.529888 0.310093 0.391813 0.451844 0.182585 0.41277 0.282366 0.117205 0.112273 0.057979 0.0436332 0.0395537 0.0198666 0.0254405 0.000277068
threshold=1.9449801053509139 -2.251833151424401 2.2335239833880842 1.1880524913612776 1.0857885418286413 0.7731741465887918 0.81384386805079478 -1.3308125281902385 -0.95772725582126561 -1.0530676585040981 1.5386232371345685 -0.69311765719912344 0.70547720845605821 -0.11989508553051136 -1.0633477078009963
decision_type=2 2 2 2 2 2 2 2 2 2 2 2 2 2 2
left_child=1 -1 3 4 5 7 10 -3 -9 -10 11 14 13 -12 -6
right_child=-2 2 -4 -5 6 -7 -8 8 9 -11 12 -13 -14 -15 -16
leaf_value=0.0072379762300356755 -0.009048908274572668 0.0039954905278509166 -0.0079531834536466783 0.0084764220373574426 0.003773446427670094 -0.0078127983265671719 0.0082219173088105696 -0.0042457107617921092 -0.0025012284826794909 3.3599941323042925e-05 -0.0006895606966089284 -0.00018689243731025856 -0.0015733477262017351 0.0018272093596357712 0.0008070059204166425
leaf_weight=10.999999999999998 11.999999999999998 11.999999999999998 10.999999999999998 11.999999999999998 10.999999999999998 14.999999999999998 10.999999999999998 13.999999999999998 21 343 18 10.999999999999998 18 13.000000000000002 12.000000000000002
leaf_count=11 12 12 11 12 11 15 11 14 21 343 18 11 18 13 12
internal_value=-9.55969e-05 0.000191448 -2.43284e-05 0.000223107 -5.98319e-05 -0.000566509 0.00195641 -0.000156082 -0.000366402 -0.000131929 0.000549526 0.00188721 -0.000356228 0.000302159 0.00295357
internal_weight=545 533 522 511 499 405 94 390 378 364 83 34 49 31 23
internal_count=545 533 522 511 499 405 94 390 378 364 83 34 49 31 23
is_linear=0
shrinkage=0.0529975


Tree=164
num_leaves=24
num_cat=0
split_feature=29 36 34 29 29 29 25 30 10 17 15 8 34 30 25 8 29 12 17 29 12 47 34
split_gain=0.516161 0.276411 0.149322 0.511155 0.226764 0.127711 0.256876 0.162878 0.171654 0.0847668 0.0593111 0.055898 0.045591 0.0474402 0.0422509 0.0352297 0.0295872 0.0290072 0.0261733 0.0257874 0.0178538 0.0310707 0.00636062
threshold=1.4142917490010982 -1.6310829249917118 1.0857885418286413 0.7731741465887918 0.88678181099218489 1.0000000180025095e-35 -0.82894980672843088 1.0684567549518114 0.48815465057797414 -1.3392876385518702 0.4360718550945436 1.1846244970882689 0.38480516850028612 0.33373754511821713 1.5386232371345685 -0.69311765719912344 -0.89685283675921912 0.25200630881414771 0.69556946734380565 0.16142385576168791 -1.4341025722923464 0.66068322996836037 1.8287459743947443
decision_type=2 2 2 2 2 2 2 2 2 2 2 2 2 2 2 2 2 2 2 2 2 2 2
left_child=1 10 3 5 14 7 -7 9 -9 -3 -1 16 13 17 15 19 -11 -8 -14 -4 -16 -22 -23
right_child=-2 2 4 -5 -6 6 12 8 -10 11 -12 -13 18 -15 20 -17 -18 -19 -20 -21 21 22 -24
leaf_value=0.00089667124937382501 -0.0089265678686241343 -0.0031600729787233514 0.0039916171568707016 -0.0088021972392087963 0.0073554583507558762 -0.0067428103040566107 0.00037114551746040371 -0.00010542468802185027 0.0074971618675579166 -0.0018130950195288879 0.0074632086871628325 0.0027794642805970102 -0.0035023306974650606 0.0026986442750858621 0.00091719287575416628 -0.00018048209159129605 0.00026063831081598162 -0.0016697451520874451 0 9.428418294667099e-05 -0.0025069928889289383 -0.00049311909521870605 0.00085088653402788422
leaf_weight=11.000000000000002 11.999999999999998 14.999999999999998 13.000000000000002 13.999999999999998 10.999999999999998 15.999999999999998 46 12.000000000000002 11.999999999999998 14.999999999999998 10.999999999999998 18 11.000000000000002 11.999999999999998 10.999999999999998 10.999999999999998 209 23 10.999999999999998 11.999999999999998 14.999999999999998 11.000000000000002 12.999999999999998
leaf_count=11 12 15 13 14 11 16 46 12 12 15 11 18 11 12 11 11 209 23 11 12 15 11 13
internal_value=-8.96503e-05 0.000193442 -7.31599e-05 -0.000528572 0.00172035 -9.60634e-05 -0.00152277 0.000502985 0.00420184 4.3081e-05 0.0053247 0.000341396 -0.000321466 0.000223544 0.000491207 0.0017729 4.77536e-05 -0.00029513 -0.00219567 0.00272637 -0.000397913 -0.000996864 2.65992e-05
internal_weight=545 533 511 414 97 400 119 281 24 257 22 242 103 81 86 36 224 69 22 25 50 39 24
internal_count=545 533 511 414 97 400 119 281 24 257 22 242 103 81 86 36 224 69 22 25 50 39 24
is_linear=0
shrinkage=0.0529975


Tree=165
num_leaves=25
num_cat=0
split_feature=45 30 30 29 29 21 21 47 25 29 13 30 7 3 46 5 3 5 15 34 30 38 30 6
split_gain=0.559872 0.433435 0.162378 0.569177 0.257729 0.464754 0.112765 0.233102 0.141642 0.0806235 0.0740215 0.0744124 0.0604285 0.0406468 0.0389312 0.035938 0.0286965 0.0254437 0.0283656 0.0310339 0.0154715 0.0152384 0.0127868 0.00181066
threshold=1.7894974863008961 -1.6045160372440099 0.34485729356418537 0.67528232375896413 0.67528232375896413 1.2604195805631007 -0.96153778120526778 -0.17547900012222076 -0.8265320433975768 0.28237332503594575 -1.0792551458842758 0.57768355033597929 0.6442746536532119 1.1648317188281332 0.78147191447403119 0.60255458480192703 -0.17212787455863815 -1.1467356927858219 0.68429855750596491 -0.31511829175687139 0.41858325918345057 0.015228214312568369 -0.11450511596241672 0.96937325296202059
decision_type=2 2 2 2 2 2 2 2 2 2 2 2 2 2 2 2 2 2 2 2 2 2 2 2
left_child=1 -1 4 6 9 12 7 -4 -8 13 -10 20 -6 17 15 -11 -13 23 19 -19 -12 -16 -20 -3
right_child=-2 2 3 -5 5 -7 8 -9 10 14 11 16 -14 -15 21 -17 -18 18 22 -21 -22 -23 -24 -25
leaf_value=0.0080762718903888871 -0.0092888500145719838 0 -0.0017156383459608793 -0.010048672688625396 0.0024009644630616995 -0.0029458478552575268 -0.0046157870099725147 0.0062743258567724098 -0.0027635573179145621 -0.0037359614100362436 0 -5.7618189002159399e-05 0.010742016501985427 0.0027028038387384838 0.0012186465106855714 0 0.0022048744808460018 -0.00057219825344014929 0.0026115583342161096 0.00075411886765980015 -0.0018359383708153173 -0.0010164254386481894 0 -0.001585578171580216
leaf_weight=12.999999999999998 11.999999999999998 11.000000000000002 15.000000000000002 12.999999999999998 11.000000000000002 10.999999999999998 19 13.999999999999998 19 21 13.999999999999998 13.999999999999998 11.999999999999998 15.999999999999998 11.000000000000002 12.999999999999998 45 79 17.000000000000004 106 25 10.999999999999998 10.999999999999998 11.999999999999998
leaf_count=13 12 11 15 13 11 11 19 14 19 21 14 14 12 16 11 13 45 79 17 106 25 11 11 12
internal_value=-8.53149e-05 0.00020997 -6.3237e-05 -0.00134769 0.000596911 0.00460183 -0.00029297 0.00235616 -0.00098269 5.31271e-05 -0.000139644 0.000431925 0.00831517 0.000485547 -0.00163885 -0.00262623 0.00160476 0.000243114 0.000456361 0.000150993 -0.00116455 0 0.00188601 -0.00117684
internal_weight=545 533 520 178 342 34 165 29 136 308 117 98 23 252 56 34 59 236 213 185 39 22 28 23
internal_count=545 533 520 178 342 34 165 29 136 308 117 98 23 252 56 34 59 236 213 185 39 22 28 23
is_linear=0
shrinkage=0.0529975


Tree=166
num_leaves=18
num_cat=0
split_feature=39 30 29 30 19 7 31 29 29 30 9 29 47 6 39 37 3
split_gain=0.520884 0.386896 0.136202 0.310449 0.230614 0.131383 0.093292 0.232164 0.140035 0.0522313 0.0521435 0.0460724 0.0430326 0.028151 0.0277462 0.0218986 0.0166119
threshold=-1.1558530955085182 -1.4739652562250283 -0.8007581298917843 1.2529128884377021 -0.95772725582126561 -1.897707229271955 0.66856331366879385 0.6273942987389155 0.7731741465887918 0.55019931102944586 -1.2067186390077422 -0.29478589373628455 0.80004360165012389 0.50353014485828651 -0.58289786232641239 -0.73706182498259232 0.42187205482778184
decision_type=2 2 2 2 2 2 2 2 2 2 2 2 2 2 2 2 2
left_child=-1 -2 4 5 -3 -4 7 10 9 12 14 -12 -8 16 -7 -11 -6
right_child=1 2 3 -5 13 6 8 -9 -10 15 11 -13 -14 -15 -16 -17 -18
leaf_value=-0.0089616119932264329 0.0076323483211107991 0.0075555783791058104 -0.0045305816036584189 -0.0073990546856511448 0.0022137712082414157 0.0033872547243732759 -0.0011248794413320216 -0.0052815285163575381 0.0049019691071526617 0.0028298260779558637 0.00052420572571948204 -0.00082904725691018482 0.0016986446149099511 -0.0013062228446137161 0.00024434958829113883 0 0
leaf_weight=11.999999999999998 12.999999999999998 10.999999999999998 11.999999999999998 10.999999999999998 12.000000000000002 11.999999999999998 56 19 19 20.000000000000004 113 158 12.999999999999998 15.999999999999998 26 10.999999999999998 10.999999999999998
leaf_count=12 13 11 12 11 12 12 56 19 19 20 113 158 13 16 26 11 11
internal_value=-8.40964e-05 0.00020029 -5.71243e-05 -0.000360134 0.00239999 -8.31847e-05 7.91816e-05 -0.000367834 0.00132571 0.000341452 6.9182e-06 -0.000240427 -0.000406495 0 0.00172199 0.00199109 0.00119688
internal_weight=545 533 520 470 50 459 447 328 119 100 309 271 69 39 38 31 23
internal_count=545 533 520 470 50 459 447 328 119 100 309 271 69 39 38 31 23
is_linear=0
shrinkage=0.0529975


Tree=167
num_leaves=28
num_cat=0
split_feature=45 30 30 29 29 8 29 37 19 13 29 30 6 26 5 39 39 46 5 19 6 25 19 3 1 38 30
split_gain=0.531834 0.387277 0.155027 0.534819 0.246081 0.463903 0.112022 0.384887 0.310698 0.0734308 0.0718444 0.0601697 0.0551413 0.0448293 0.0615629 0.0488186 0.0444707 0.0363152 0.0333467 0.0261402 0.0198105 0.0167744 0.0140062 0.0138217 0.00579201 0.00165128 0.00162289
threshold=1.7894974863008961 -1.6045160372440099 0.34485729356418537 0.71547010596101057 0.67528232375896413 -0.74199266462636426 -0.62400762929631193 -0.63011943184916475 -0.94590896873541463 -0.039982119808339538 0.28237332503594575 0.57768355033597929 -0.14593159087710691 -1.621090904150696 -0.48679704686344355 1.8807771613815669 -0.63927416386584646 0.78147191447403119 0.60255458480192703 -0.14956450218051662 0.50353014485828651 1.3923246436728547 0.22724928406737435 0.64439215221402557 1.13834937113066 1.0000000180025095e-35 0.77476556393325435
decision_type=2 2 2 2 2 2 2 2 2 2 2 2 2 2 2 2 2 2 2 2 2 2 2 2 2 2 2
left_child=1 -1 4 6 10 -6 7 -4 -8 12 13 -11 21 -3 19 16 -16 18 -12 23 26 -10 -19 -15 -14 -21 -9
right_child=-2 2 3 -5 5 -7 8 20 9 11 17 -13 24 14 15 -17 -18 22 -20 25 -22 -23 -24 -25 -26 -27 -28
leaf_value=0.0076454324004185063 -0.0090478415610282768 0.0025438409430896332 0.0078088832337152312 -0.010277018993902258 -0.00089641887163705112 0.0099934203475912451 -0.0079127738282680788 0.00015611382278938037 0.00092160901880166248 -0.00033296011600137342 -0.0035531613813111172 0.0031230501771364796 -0.0034035874289996804 -0.0025576532032054165 0.0024662258871911342 0.0032727143886156131 0 -0.00093324085228497166 0 -0.00021327305812139731 -0.0025774752543733736 -0.0011296429478975382 0.0012015234570778761 0 -0.00045166067622360521 0.00041917451754209167 -0.00046568847752252458
leaf_weight=12.999999999999998 11.999999999999998 21 12.999999999999998 10.999999999999998 19 14.999999999999998 10.999999999999998 12.000000000000002 24 21 21 21 18.000000000000004 24 18 13.999999999999998 135 11.000000000000002 12.999999999999998 11.000000000000002 11.999999999999998 10.999999999999998 10.999999999999998 12.999999999999998 10.999999999999998 15.999999999999998 12.999999999999998
leaf_count=13 12 21 13 11 19 15 11 12 24 21 21 21 18 24 18 14 135 11 13 11 12 11 11 13 11 16 13
internal_value=-7.72117e-05 0.000210207 -4.74347e-05 -0.00130318 0.00059726 0.00451126 -0.000335975 0.00158821 -0.0012524 -0.000112215 6.5051e-05 0.00142381 -0.00125564 0.000473952 0.000196706 0.000753045 0.000363826 -0.00153021 -0.0024859 -0.00109535 -0.00121922 3.56235e-05 0 -0.00191333 -0.00275271 0 0
internal_weight=545 533 520 178 342 34 167 50 117 106 308 42 64 252 231 167 153 56 34 64 37 35 22 37 29 27 25
internal_count=545 533 520 178 342 34 167 50 117 106 308 42 64 252 231 167 153 56 34 64 37 35 22 37 29 27 25
is_linear=0
shrinkage=0.0529975


Tree=168
num_leaves=14
num_cat=0
split_feature=19 38 25 39 2 29 17 29 19 8 23 8 33
split_gain=0.530724 0.31296 0.18635 0.266478 0.159749 0.522126 0.148836 0.106578 0.247426 0.225408 0.080823 0.0400062 0.00673447
threshold=1.0782546332626139 -0.68690109666846921 1.9371621489107038 -1.1464725685440789 1.6652591919516364 0.81384386805079478 1.5444409411395836 -0.8007581298917843 -0.97088705664890151 0.64184775107913294 -0.19603499245964773 -0.84236734919053957 1.9054143642137658
decision_type=2 2 2 2 2 2 2 2 2 2 2 2 2
left_child=1 -1 3 -3 5 7 -6 9 -9 10 -5 -10 -8
right_child=-2 2 -4 4 6 -7 12 8 11 -11 -12 -13 -14
leaf_value=0.0073343273264328147 -0.0077966639782130944 0.0065408370153445692 -0.0054342990078727468 0.0027897168596767688 0.0065628905214857192 -0.009439802848323034 0.0010191943035922956 -0.0063451868269238845 -0.0012845177266552718 0.0070831905367237198 -0.0017482390737547794 0.00023317989783565795 -0.00028362524088698107
leaf_weight=10.999999999999998 18 11.999999999999998 10.999999999999998 10.999999999999998 12.999999999999998 10.999999999999998 11.000000000000002 11.999999999999998 51 11.999999999999998 25 331 15.999999999999998
leaf_count=11 18 12 11 11 13 11 11 12 51 12 25 331 16
internal_value=-7.78847e-05 0.0002574 1.06346e-05 0.000205284 -1.16784e-05 -0.000323679 0.00295143 1.09168e-05 -0.000272059 0.0022353 0 0 0.000124233
internal_weight=545 527 516 505 493 453 40 442 394 48 36 382 27
internal_count=545 527 516 505 493 453 40 442 394 48 36 382 27
is_linear=0
shrinkage=0.0529975


Tree=169
num_leaves=29
num_cat=0
split_feature=3 29 30 29 19 47 29 29 30 12 19 3 46 9 12 15 16 24 33 47 29 1 30 14 34 29 1 13
split_gain=0.52413 1.64314 0.771595 0.211046 0.363929 0.187053 0.786224 0.678594 0.191056 0.140581 0.0912919 0.0536798 0.0714779 0.143721 0.052694 0.0422899 0.0394328 0.0337175 0.0472841 0.0352424 0.0332884 0.0299417 0.0210431 0.015098 0.0125575 0.00442955 0.0012013 0.000960103
threshold=0.74002062381803124 0.6273942987389155 -1.4739652562250283 -0.62400762929631193 -0.71234336683649502 0.59100304412747862 0.88678181099218489 0.96361458521015575 1.1485607431090135 0.72616680927323596 -0.32580081582471693 -0.29350247313295302 0.78147191447403119 -0.41347704061051677 1.4650018586778282 -1.0127366107687246 -1.0868100142671899 -0.59902160458984266 -0.72467080835816478 0.52132285828659686 -0.15716204103522488 -0.55143778753185158 0.22114772662105717 0.13793547681517943 0.9682273258007752 0.16142385576168791 -0.033431456054797602 -0.17296966342943093
decision_type=2 2 2 2 2 2 2 2 2 2 2 2 2 2 2 2 2 2 2 2 2 2 2 2 2 2 2 2
left_child=2 3 -1 9 -5 6 8 10 14 -2 -7 12 23 -14 15 16 -4 18 -17 -19 -16 -6 26 -12 27 -26 -23 -13
right_child=1 -3 5 4 21 7 -8 -9 -10 -11 11 24 13 -15 20 17 -18 19 -20 -21 -22 22 -24 -25 25 -27 -28 -29
leaf_value=0.011122211106420114 -0.0004414498548672896 -0.018604916642250845 0 -0.0087093970599609639 0.0021407904503749232 -0.0036572662624747856 0.011709326735248224 -0.010980954965829232 0.0048936473684090456 0.0065244250499001235 0.00079140289528404283 0 -0.00011694973537587855 0.0063589390017950859 0 0.00038217719031398244 -0.0032346431072180211 0.0013737159575186834 -0.0019384697955376793 -0.00095043498283008804 -0.0037814190691987247 0 -0.0019003863551476674 -0.0012122515290039059 -9.1794774774007235e-05 0.00087474362992029787 0.00057402950698120885 -0.0012745950750057422
leaf_weight=12.999999999999998 11.000000000000002 10.999999999999998 15.000000000000002 10.999999999999998 10.999999999999998 10.999999999999998 11.999999999999998 11.999999999999998 17 10.999999999999998 13.000000000000002 12.999999999999995 15.000000000000002 12.999999999999998 11.000000000000002 76 12.999999999999998 101 28 13.999999999999998 10.999999999999998 10.999999999999995 11.999999999999998 14.999999999999998 14.000000000000002 11.999999999999998 12.000000000000005 26.000000000000004
leaf_count=13 11 11 15 11 11 11 12 12 17 11 13 13 15 13 11 76 13 101 28 14 11 11 12 15 14 12 12 26
internal_value=-7.35287e-05 -0.00364662 0.000656325 -0.000316022 -0.00206757 0.000188164 0.000954917 -0.00132677 0.000248568 0.00344344 0 0.000478502 0.00162812 0.00327555 -0.000119895 9.78175e-05 -0.0016089 0.000384134 -0.000250728 0.00099997 -0.00231111 0.000207598 -0.000453862 -0.000101024 -0.000467418 0.000216338 0.00029689 -0.00104656
internal_weight=545 90 455 79 57 442 298 144 286 22 132 121 56 28 269 247 28 219 104 115 22 46 35 28 65 26 23 39
internal_count=545 90 455 79 57 442 298 144 286 22 132 121 56 28 269 247 28 219 104 115 22 46 35 28 65 26 23 39
is_linear=0
shrinkage=0.0529975


Tree=170
num_leaves=13
num_cat=0
split_feature=39 38 29 29 19 6 29 1 2 4 39 3
split_gain=0.506013 0.353327 0.184523 0.106411 0.118346 0.506909 0.050774 0.0339027 0.0735321 0.0422602 0.039778 0.0258397
threshold=-1.1558530955085182 -0.85777646155359866 0.99250610888350865 -1.1125084092197188 -0.77729306540003507 0.60253933251252334 0.7731741465887918 -1.0556529808440198 -0.98550243522943937 -1.4220666722903352 -1.0258060529147761 0.27291232021384998
decision_type=2 2 2 2 2 2 2 2 2 2 2 2
left_child=-1 -2 3 -3 5 -5 7 9 -9 -6 -10 -11
right_child=1 2 -4 4 6 -7 -8 8 10 11 -12 -13
leaf_value=-0.0088272827819700864 0.0067847953965034149 0.0042358552657932348 -0.0053448427568528901 -0.0082425158886391559 -0.00073052497890656299 0.0025748893266203934 0.0029117599315989151 -0.0034925678761647378 -0.0023478328542086988 0.00042592650334658888 0.00019221233558023351 0.003599949236896043
leaf_weight=11.999999999999998 15.999999999999998 10.999999999999998 11.999999999999998 17 12.999999999999998 20 12.999999999999998 10.999999999999998 11.999999999999998 23 370 14.999999999999998
leaf_count=12 16 11 12 17 13 20 13 11 12 23 370 15
internal_value=-7.69942e-05 0.000203065 -6.27256e-05 0.000110369 -1.72234e-05 -0.0026892 0.000216048 8.38492e-05 -7.35408e-05 0.00129936 5.93664e-05 0.00215747
internal_weight=545 533 517 505 494 37 457 444 393 51 382 38
internal_count=545 533 517 505 494 37 457 444 393 51 382 38
is_linear=0
shrinkage=0.0529975


Tree=171
num_leaves=15
num_cat=0
split_feature=19 38 25 39 2 29 17 44 19 29 30 16 35 26
split_gain=0.509763 0.278348 0.160078 0.258909 0.15033 0.47266 0.141716 0.10076 0.152998 0.0906415 0.0564123 0.0512939 0.0158045 0.005891
threshold=1.0782546332626139 -0.68690109666846921 1.9371621489107038 -1.1464725685440789 1.6652591919516364 0.81384386805079478 1.5444409411395836 1.1974606743659131 -1.0429653928487965 -0.42378981793710108 0.099707195366812731 -0.29859584186252869 -0.18065234667743238 1.1280953561172959
decision_type=2 2 2 2 2 2 2 2 2 2 2 2 2 2
left_child=1 -1 3 -3 5 7 -6 8 -5 10 -9 -10 -11 -8
right_child=-2 2 -4 4 6 -7 13 9 11 12 -12 -13 -14 -15
leaf_value=0.0069267249447222089 -0.0076413348770971844 0.006444753182837739 -0.0050264924336713302 -0.0052517017763180811 0.0063828104275694426 -0.0089901704263508162 0.00088230479465974392 0 -0.00095964139065245701 -0.00126991002892508 0.0049245338463354514 0.00034382327588011014 0.00070095334501285198 -0.00032332708565884389
leaf_weight=10.999999999999998 18 11.999999999999998 10.999999999999998 10.999999999999998 12.999999999999998 10.999999999999998 13.000000000000002 10.999999999999998 121 12.999999999999998 21 243 22 13.999999999999998
leaf_count=11 18 12 11 11 13 11 13 11 121 13 21 243 22 14
internal_value=-7.63343e-05 0.000252009 1.84023e-05 0.000199655 -1.39778e-05 -0.000317007 0.00285991 6.93595e-07 -0.000329453 0.00181948 0.0036139 -7.9124e-05 0 0.000100332
internal_weight=545 527 516 505 493 453 40 442 375 67 32 364 35 27
internal_count=545 527 516 505 493 453 40 442 375 67 32 364 35 27
is_linear=0
shrinkage=0.0529975


Tree=172
num_leaves=28
num_cat=0
split_feature=3 29 30 12 19 47 29 19 30 13 13 3 47 12 15 5 28 13 16 29 33 37 35 15 19 13 47
split_gain=0.480641 1.51355 0.727998 0.201375 0.267711 0.168466 0.747049 0.653708 0.17439 0.143693 0.0909547 0.0813049 0.0646323 0.0492418 0.0370339 0.0440724 0.0405794 0.038858 0.0366731 0.0307132 0.0210506 0.0210911 0.0199932 0.0122628 0.00571948 0.00382263 0.00695215
threshold=0.74002062381803124 0.6273942987389155 -1.4739652562250283 0.80071472735218008 -0.71234336683649502 0.59100304412747862 0.88678181099218489 -0.32580081582471693 1.1485607431090135 0.45748980262611355 0.69391210239694279 -0.29350247313295302 0.86972378749100565 1.4650018586778282 -1.0127366107687246 -0.62435688727511185 -0.60509063057949886 0.88600522096074152 -1.0868100142671899 -0.15716204103522488 0.30326429363959206 -0.087019827504899783 1.5263085349627632 -0.14600925585718696 -0.073027776466943153 -0.17296966342943093 0.93940397333188741
decision_type=2 2 2 2 2 2 2 2 2 2 2 2 2 2 2 2 2 2 2 2 2 2 2 2 2 2 2
left_child=2 3 -1 4 -2 6 8 -7 13 -5 11 12 20 14 18 17 -17 -16 -4 -15 21 -9 25 24 -6 -13 -27
right_child=1 -3 5 9 23 7 -8 10 -10 -11 -12 22 -14 19 15 16 -18 -19 -20 -21 -22 -23 -24 -25 -26 26 -28
leaf_value=0.010791164973108927 -0.007869244386554234 -0.017851355020357527 0 0.0061229862235150246 -0.0011085128244506567 -0.010455294698224708 0.011381006433102803 0.0025119683030673514 0.0046507141084280662 -0.0002418152550766719 -0.0034583866163317056 -0.0001296562146822343 0.004167186380684142 0 -0.0015716135586751312 0.0028429604744376327 0.00038860166993957027 0.0010450901064282024 -0.0030969657403045782 -0.0036683026246354072 -0.00095142979267854449 0 0.00046749160914559719 0.0011404471430409592 0 -0.0023325651226215154 0
leaf_weight=12.999999999999998 10.999999999999998 10.999999999999998 15.000000000000002 12.000000000000002 14.999999999999996 12.999999999999998 11.999999999999998 11 17 17 11.999999999999998 18.999999999999996 18 11.000000000000002 45 19 140 14.999999999999998 12.999999999999998 10.999999999999998 11.999999999999998 15 19 13.000000000000002 11 14.000000000000004 11
leaf_count=13 11 11 15 12 15 13 12 11 17 17 12 19 18 11 45 19 140 15 13 11 12 15 19 13 11 14 11
internal_value=-7.28442e-05 -0.00349489 0.000625548 -0.000295346 -0.00231683 0.000170531 0.000899052 -0.00126621 0.000210642 0.00279018 1.24221e-05 0.000567416 0.00196895 -0.00013985 6.99909e-05 0.000340358 0.000816884 -0.000776085 -0.00152626 -0.00225566 0.000342888 0.00122491 -0.000640009 0 -0.000551616 -0.00125666 -0.00169707
internal_weight=545 90 455 79 50 442 298 144 286 29 131 119 56 269 247 219 159 60 28 22 38 26 63 39 26 44 25
internal_count=545 90 455 79 50 442 298 144 286 29 131 119 56 269 247 219 159 60 28 22 38 26 63 39 26 44 25
is_linear=0
shrinkage=0.0529975


Tree=173
num_leaves=23
num_cat=0
split_feature=45 30 19 29 29 34 47 53 3 19 7 31 36 0 10 13 25 39 29 3 9 47
split_gain=0.498152 0.365051 0.136485 0.667147 0.295139 0.629471 0.12737 0.123241 0.195619 0.127747 0.0826435 0.102859 0.0612958 0.0551093 0.0449752 0.033871 0.0262258 0.0203107 0.0149949 0.0149126 0.0140866 0.00190461
threshold=1.7894974863008961 -1.6045160372440099 -0.3357664568293684 0.41037723249571229 0.67528232375896413 1.7915139287922142 0.59100304412747862 1.0593795073025254 1.148280637204363 -0.61992875493280475 -0.27206472911495433 -0.031273162286867988 -1.2895489334230941 -0.83645300190450966 -0.64010162163973228 -0.039982119808339538 -0.69463788753851274 1.8368162572147246 0.60923513714294653 0.19015691209499869 0.15881840243353676 -0.036118628440457261
decision_type=2 2 2 2 2 2 2 2 2 2 2 2 2 2 2 2 2 2 2 2 2 2
left_child=1 -1 3 7 12 6 -6 8 10 -9 15 -12 -4 20 -13 -3 21 18 -18 -17 -14 -15
right_child=-2 2 4 -5 5 -7 -8 9 -10 -11 11 14 13 16 -16 19 17 -19 -20 -21 -22 -23
leaf_value=0.0074235630673650486 -0.0087552309906201598 -0.0031039633312189489 -0.0026381892187224741 -0.011262840459398467 0.010483543862317301 -0.0045180803679147645 0.0019067065120371418 0.0056057660128732622 -0.0050204427984295421 -0.00049728018093648932 0.004740603751941695 0.0023745616214797278 0.0027822969214634226 -9.6572431518664588e-05 -0.00082314860459305271 -0.0013131267513407918 2.0315950116034667e-05 0.0018136173730986056 -0.0015105819799128377 0.00070375681624961243 0.00027837361996254864 -0.0020942272593256349
leaf_weight=12.999999999999998 11.999999999999998 15.999999999999998 18 10.999999999999998 18.000000000000004 10.999999999999998 12.999999999999998 13.000000000000002 20 13.999999999999998 11.999999999999998 10.999999999999998 19 11.000000000000002 39 12.000000000000002 209 10.999999999999998 12.999999999999998 15.999999999999998 20 12.999999999999998
leaf_count=13 12 16 18 11 18 11 13 13 20 14 12 11 19 11 39 12 209 11 13 16 20 13
internal_value=-7.29294e-05 0.000204814 -4.49473e-05 -0.00129517 0.000523616 0.0043961 0.0079676 -0.000136866 -0.000896288 0.00271426 4.66264e-05 0.00130351 -4.52044e-05 0.000138602 0 -0.00152866 -0.000132804 2.71854e-05 -7.60675e-05 -3.43209e-05 0.00186168 -0.00161382
internal_weight=545 533 520 164 356 42 31 153 126 27 106 62 314 296 50 44 257 233 222 28 39 24
internal_count=545 533 520 164 356 42 31 153 126 27 106 62 314 296 50 44 257 233 222 28 39 24
is_linear=0
shrinkage=0.0529975


Tree=174
num_leaves=13
num_cat=0
split_feature=19 38 25 39 2 9 4 30 30 18 39 33
split_gain=0.501325 0.245054 0.144225 0.227653 0.136452 0.17417 0.258819 0.186746 0.151811 0.127427 0.0757703 0.00577845
threshold=1.0782546332626139 -0.68690109666846921 1.9371621489107038 -1.1464725685440789 1.6652591919516364 1.4335351696782734 -0.62096204957644674 1.0684567549518114 0.90938718312148792 -1.260130702311226 -0.93615942336344571 1.9054143642137658
decision_type=2 2 2 2 2 2 2 2 2 2 2 2
left_child=1 -1 3 -3 5 7 -7 8 10 11 -5 -6
right_child=-2 2 -4 4 9 6 -8 -9 -10 -11 -12 -13
leaf_value=0.0065184291487460069 -0.0075734984136203659 0.0060615414378505199 -0.0047525057061127661 -0.0021935934419529987 0.00094738668705448897 0.00083521919561071068 -0.0078711963204579991 0.0042784024966408228 -0.0041916519724794271 0.0060880078101459324 0.00023915903628742876 -0.0002498211446530929
leaf_weight=10.999999999999998 18 11.999999999999998 10.999999999999998 34 11.000000000000002 14.000000000000002 13.999999999999998 21 20 12.999999999999998 350 15.999999999999998
leaf_count=11 18 12 11 34 11 14 14 21 20 13 350 16
internal_value=-7.10832e-05 0.000254384 3.41209e-05 0.000206599 0 -0.00028273 -0.00393305 0 -0.00027211 0.00274494 0 0.00010978
internal_weight=545 527 516 505 493 453 28 425 404 40 384 27
internal_count=545 527 516 505 493 453 28 425 404 40 384 27
is_linear=0
shrinkage=0.0529975


Tree=175
num_leaves=19
num_cat=0
split_feature=39 38 29 45 19 36 3 19 29 4 29 7 45 13 5 13 6 31
split_gain=0.494595 0.334834 0.166025 0.1045 0.0935271 0.0544079 0.0404716 0.0880491 0.0882581 0.110755 0.0479257 0.0380278 0.0364922 0.035519 0.0328253 0.0201648 0.0130078 0.0020451
threshold=-1.1558530955085182 -0.85777646155359866 0.99250610888350865 1.6759414369285972 -0.97088705664890151 1.4371240812312862 0.52853458084763438 -0.53091630390676692 -0.39613487478548931 0.24538071151621343 0.7731741465887918 -1.2039540177122474 -0.70873559988967771 1.0978001978387761 -0.22310366247664545 -0.95611853142030256 1.034976837128385 0.025727675498821215
decision_type=2 2 2 2 2 2 2 2 2 2 2 2 2 2 2 2 2 2
left_child=-1 -2 3 4 -3 -5 7 8 15 -10 13 16 17 -9 -14 -6 -8 -13
right_child=1 2 -4 5 6 -7 11 10 9 -11 -12 12 14 -15 -16 -17 -18 -19
leaf_value=-0.008718609504805467 0.0066162536252904972 -0.0035366418121335805 -0.0050605371033178225 0 -0.0011946116376319173 0.0047474870621884132 0.0036613542314513862 0.00013182882308600309 -0.0067128931356576528 0 0.0028849000865695572 0.0021357146042320784 -0.0015616329978341578 -0.0022931743061893788 0.00080764261426199112 0.0012151797280171462 0.00025781663223549086 0.00011597250257005741
leaf_weight=11.999999999999998 15.999999999999998 14.999999999999998 11.999999999999998 13.000000000000002 13.000000000000002 13.999999999999998 12.000000000000002 289 12.000000000000002 10.999999999999998 10.999999999999998 16.000000000000004 30 11.999999999999998 21 13.999999999999998 10.999999999999998 10.999999999999998
leaf_count=12 16 15 12 13 13 14 12 289 12 11 11 16 30 12 21 14 11 11
internal_value=-6.70476e-05 0.000209604 -4.88973e-05 0.000114509 -6.95085e-05 0.00300458 7.17069e-05 -0.000177044 -0.00212137 -0.00415208 0.000146709 0.000988506 0.00025625 0 -0.000481172 0 0.00266439 0.00169515
internal_weight=545 533 517 505 478 27 463 362 50 23 312 101 78 301 51 27 23 27
internal_count=545 533 517 505 478 27 463 362 50 23 312 101 78 301 51 27 23 27
is_linear=0
shrinkage=0.0529975


Tree=176
num_leaves=15
num_cat=0
split_feature=19 38 25 39 2 29 17 44 19 29 30 8 13 26
split_gain=0.479253 0.223866 0.128996 0.224631 0.126763 0.431535 0.120691 0.0933395 0.139216 0.0832075 0.0518949 0.0481124 0.0152431 0.00550997
threshold=1.0782546332626139 -0.68690109666846921 1.9371621489107038 -1.1464725685440789 1.6652591919516364 0.81384386805079478 1.5444409411395836 1.1974606743659131 -1.0429653928487965 -0.42378981793710108 0.099707195366812731 -0.71311381512148331 0.16196192791257707 1.1280953561172959
decision_type=2 2 2 2 2 2 2 2 2 2 2 2 2 2
left_child=1 -1 3 -3 5 7 -6 8 -5 10 -9 -10 -11 -8
right_child=-2 2 -4 4 6 -7 13 9 11 12 -12 -13 -14 -15
leaf_value=0.0062417144435016692 -0.0073999718673550541 0.0060221096043996235 -0.0044826901716015916 -0.0049797395557689911 0.0058984297773365764 -0.0085605381553977098 0.0008472670873852122 0 -0.0013262547807796512 -0.0007804046147014595 0.0047564783414943664 0.00021812814577831314 0.0012017238984931909 -0.00032089751238953673
leaf_weight=10.999999999999998 18 11.999999999999998 10.999999999999998 10.999999999999998 12.999999999999998 10.999999999999998 13.000000000000002 10.999999999999998 63 24 21 301 10.999999999999998 13.999999999999998
leaf_count=11 18 12 11 11 13 11 13 11 63 24 21 301 11 14
internal_value=-6.41137e-05 0.000253776 4.25104e-05 0.000206194 0 -0.000271765 0.00264645 3.07475e-05 -0.000286564 0.00178008 0.00349832 -4.74534e-05 0 8.16325e-05
internal_weight=545 527 516 505 493 453 40 442 375 67 32 364 35 27
internal_count=545 527 516 505 493 453 40 442 375 67 32 364 35 27
is_linear=0
shrinkage=0.0529975


Tree=177
num_leaves=29
num_cat=0
split_feature=45 30 19 29 29 34 39 53 3 19 7 30 29 8 16 0 7 9 2 15 34 3 3 39 47 53 13 39
split_gain=0.481369 0.373017 0.12203 0.60493 0.288307 0.549932 0.11523 0.11362 0.177995 0.120181 0.0750019 0.0976381 0.0599501 0.0585553 0.0382079 0.0384299 0.0329193 0.0221206 0.0194691 0.0346023 0.0173034 0.0162632 0.0143233 0.0134026 0.0108855 0.00861069 0.00548083 0.000418769
threshold=1.7894974863008961 -1.6045160372440099 -0.3357664568293684 0.41037723249571229 0.67528232375896413 1.7915139287922142 -0.90242666681960892 1.0593795073025254 1.148280637204363 -0.61992875493280475 -0.27206472911495433 1.007757035394693 0.18888648312768833 -0.49290444129679761 0.57767451677292148 -0.51124592859820361 -0.49340271843567329 0.15881840243353676 0.6982251118194257 -1.1552996443780799 -0.75550480888201588 -0.63004113281628016 -0.32476562731118558 -0.66293115134980962 0.17292192908218804 -0.36007183007885429 -0.36998824657178858 -0.84506682601750038
decision_type=2 2 2 2 2 2 2 2 2 2 2 2 2 2 2 2 2 2 2 2 2 2 2 2 2 2 2 2
left_child=1 -1 3 7 12 6 -6 8 10 -9 16 23 14 18 15 20 24 -16 -14 -20 -4 26 -15 -12 -3 -23 -17 -24
right_child=-2 2 4 -5 5 -7 -8 9 -10 -11 11 -13 13 22 17 21 -18 -19 19 -21 -22 25 27 -25 -26 -27 -28 -29
leaf_value=0.0075083986346517039 -0.0085966317588626277 -0.0011618169450993234 0 -0.01071530496117618 0.0098852730930695243 -0.0040323985455280398 0.0016099585355638111 0.0054233123111492951 -0.0047849642570345968 -0.00048539287414510983 0.00096954343096562203 0.0038943558867009331 0.001344319169135359 -0.003900230556887747 0.0026718631515173677 0.002073485026512618 -0.0033981841465371399 0 0.00057619619140552908 -0.0023019546818036558 -0.0021649999917591608 0.00063127543181797769 0 -0.00076645465446667613 0.0003985483108557181 -0.00023404203955714966 9.1974306839079018e-05 -0.0011981972064789041
leaf_weight=12.999999999999998 11.999999999999998 14.999999999999998 14.999999999999998 10.999999999999998 19 10.999999999999998 12.000000000000002 13.000000000000002 20 13.999999999999998 10.999999999999998 19 14.999999999999998 14.999999999999998 22 14.000000000000002 10.999999999999998 20 17.999999999999996 14.000000000000002 22 44 10.999999999999998 32 18 76 15.999999999999998 12.000000000000002
leaf_count=13 12 15 15 11 19 11 12 13 20 14 11 19 15 15 22 14 11 20 18 14 22 44 11 32 18 76 16 12
internal_value=-6.11466e-05 0.000211564 -4.10947e-05 -0.00122395 0.000495769 0.00432394 0.00765086 -0.000119252 -0.000850613 0.00261643 4.57989e-05 0.00124567 -6.58828e-05 -0.00123752 0.000359764 0 -0.00145185 0.00169399 0 -0.000663735 -0.00138624 0.000402836 -0.00262786 -0.000115501 -0.000201188 4.27492e-05 0.00140208 -0.000922214
internal_weight=545 533 520 164 356 42 31 153 126 27 106 62 314 85 229 187 44 42 47 32 37 150 38 43 33 120 30 23
internal_count=545 533 520 164 356 42 31 153 126 27 106 62 314 85 229 187 44 42 47 32 37 150 38 43 33 120 30 23
is_linear=0
shrinkage=0.0529975


Tree=178
num_leaves=11
num_cat=0
split_feature=39 38 29 29 19 6 29 39 39 8
split_gain=0.481247 0.309023 0.149887 0.103373 0.0960848 0.440292 0.0451044 0.030616 0.0419645 0.0372144
threshold=-1.1558530955085182 -0.85777646155359866 0.99250610888350865 -1.1125084092197188 -0.77729306540003507 0.60253933251252334 0.7731741465887918 -1.0449328170218728 -0.98176190957331844 0.66579977688026848
decision_type=2 2 2 2 2 2 2 2 2 2
left_child=-1 -2 3 -3 5 -5 7 -6 -9 -10
right_child=1 2 -4 4 6 -7 -8 8 9 -11
leaf_value=-0.0085952755590927125 0.0063661411804511155 0.0041836464804355395 -0.004799254751434447 -0.007605422093919869 -0.0021022001697566114 0.0024621535559539425 0.0027425919624157391 0.0024942210807221256 0.00025502926088104202 -0.0011632907168723588
leaf_weight=11.999999999999998 15.999999999999998 10.999999999999998 11.999999999999998 17 10.999999999999998 20 12.999999999999998 14.999999999999998 364 54
leaf_count=12 16 11 12 17 11 20 13 15 364 54
internal_value=-6.08521e-05 0.00021182 -3.60948e-05 0.00011841 -7.23017e-06 -0.00241661 0.000201526 7.60491e-05 0.000175255 4.14673e-05
internal_weight=545 533 517 505 494 37 457 444 433 418
internal_count=545 533 517 505 494 37 457 444 433 418
is_linear=0
shrinkage=0.0529975


Tree=179
num_leaves=16
num_cat=0
split_feature=19 38 25 39 2 29 17 44 19 29 29 30 19 35 33
split_gain=0.481882 0.201856 0.113658 0.213229 0.113281 0.399543 0.108888 0.0867731 0.124686 0.430478 0.0794869 0.0467274 0.0304151 0.0142047 0.0051822
threshold=1.0782546332626139 -0.68690109666846921 1.9371621489107038 -1.1464725685440789 1.6652591919516364 0.81384386805079478 1.5444409411395836 1.1974606743659131 -0.62555187198812046 -0.5832868142001647 -0.42378981793710108 0.099707195366812731 -0.58317633917525924 -0.18065234667743238 1.9054143642137658
decision_type=2 2 2 2 2 2 2 2 2 2 2 2 2 2 2
left_child=1 -1 3 -3 5 7 -6 8 9 -5 11 -9 -10 -12 -8
right_child=-2 2 -4 4 6 -7 14 10 12 -11 13 -13 -14 -15 -16
leaf_value=0.0059465754456896076 -0.0074157521919203488 0.0058781575226908829 -0.0041875793368941188 0.0019349884036407655 0.0056012652530822533 -0.0082228713216364723 0.00088007235643059335 0 0.0022604372136750149 -0.0064402907638059486 -0.0011848361614537233 0.0046071600132263661 0 0.00068741284087270381 -0.00026402793392146573
leaf_weight=10.999999999999998 18 11.999999999999998 10.999999999999998 28 12.999999999999998 10.999999999999998 11.000000000000002 10.999999999999998 11.999999999999998 29 12.999999999999998 21 306 22 15.999999999999998
leaf_count=11 18 12 11 28 13 11 11 11 12 29 13 21 306 22 16
internal_value=-5.96066e-05 0.000259146 5.76032e-05 0.000211796 0 -0.000246435 0.00251225 4.38881e-05 -0.000261556 -0.00242267 0.0017302 0.00340982 0.000141925 0 6.56359e-05
internal_weight=545 527 516 505 493 453 40 442 375 57 67 32 318 35 27
internal_count=545 527 516 505 493 453 40 442 375 57 67 32 318 35 27
is_linear=0
shrinkage=0.0529975


Tree=180
num_leaves=25
num_cat=0
split_feature=45 25 44 8 2 19 19 29 29 35 47 9 13 35 6 19 14 29 9 45 16 8 47 26
split_gain=0.459185 0.269202 0.479674 0.608667 0.306421 0.275942 0.190136 0.611067 0.370811 0.620323 0.157213 0.0944172 0.0857705 0.0626339 0.0724233 0.046845 0.0446965 0.0402382 0.0328472 0.0260195 0.0219812 0.0107703 0.00913118 0.00734656
threshold=1.7894974863008961 -1.1764033572252413 1.0000000180025095e-35 0.97390045284613536 -0.98550243522943937 -0.19209297706372019 -0.13695324231613623 0.52337296649648568 0.67528232375896413 1.7078967999449175 0.59100304412747862 1.2542926058956805 -0.11878955306528259 -0.26500239748679782 0.33221314831891452 -0.60422274417682142 0.19715657171993381 0.60923513714294653 0.51530509240502587 -0.70873559988967771 -0.18535128837700085 -1.1763934019507782 -0.036118628440457261 0.19097005340659465
decision_type=2 2 2 2 2 2 2 2 2 2 2 2 2 2 2 2 2 2 2 2 2 2 2 2
left_child=1 2 5 -4 -3 -1 7 11 17 10 -10 12 13 14 -6 -14 -15 18 21 -17 -20 -8 -22 -23
right_child=-2 4 3 -5 6 -7 8 -9 9 -11 -12 -13 15 16 -16 19 -18 -19 20 -21 22 23 -24 -25
leaf_value=-0.0043034707139656464 -0.0083904226378456823 -0.0072006974664004814 -0.00028802311264946158 0.014973407786968675 0 0.0036307734248576268 0.0010002225112242711 -0.010796499435643429 0.01211525076872781 -0.0032307644775912514 0.0019596553108018368 -0.0038143962942680464 0.0032141515736164939 0.001714288332879624 -0.0045009741306854352 0.0017566250249782087 -0.00096002993913560971 -0.0021766130879770744 0.0023969608503063501 -0.00028692307837646452 0.0010791184494441924 0 -0.00045672621811706138 -0.00068497355980776109
leaf_weight=19 11.999999999999998 10.999999999999998 11.000000000000002 10.999999999999998 20 18 14.999999999999998 10.999999999999998 16.000000000000004 11.999999999999998 10.999999999999998 12.999999999999998 21 24 17 19 35 13.999999999999998 24 42 12.000000000000002 81 17 59
leaf_count=19 12 11 11 11 20 18 15 11 16 12 11 13 21 24 17 19 35 14 24 42 12 81 17 59
internal_value=-5.33768e-05 0.000212622 0.00341816 0.0086659 -0.000209546 -0.000313076 3.15994e-05 -0.00115484 0.000981316 0.00537058 0.00929749 -0.000252375 8.56446e-05 -0.000923225 -0.00247068 0.00132856 7.81591e-05 5.86251e-05 0.000298488 0.000345591 0.00136987 -6.18483e-05 5.52211e-05 -0.000259891
internal_weight=545 533 59 22 474 37 463 202 261 39 27 191 178 96 37 82 59 222 208 61 53 155 29 140
internal_count=545 533 59 22 474 37 463 202 261 39 27 191 178 96 37 82 59 222 208 61 53 155 29 140
is_linear=0
shrinkage=0.0529975


Tree=181
num_leaves=18
num_cat=0
split_feature=39 38 29 45 53 19 19 31 29 39 9 36 30 31 37 17 13
split_gain=0.473657 0.293259 0.130741 0.106816 0.0815579 0.300794 0.209879 0.0748196 0.0828794 0.0700098 0.110993 0.0575066 0.0501625 0.0378214 0.0367122 0.0191227 0.0219835
threshold=-1.1558530955085182 -0.85777646155359866 0.99250610888350865 1.6759414369285972 1.0593795073025254 -0.97088705664890151 -0.61992875493280475 -0.23990902356405411 0.41037723249571229 -0.63927416386584646 1.1550104415670115 1.4371240812312862 -0.34932996197812083 -0.35693652117952007 1.9469825516994852 -0.77202366073635897 -0.1926715217436667
decision_type=2 2 2 2 2 2 2 2 2 2 2 2 2 2 2 2 2
left_child=-1 -2 3 4 5 -3 -6 8 13 10 -9 -5 -8 -7 -11 -14 -17
right_child=1 2 -4 11 6 7 12 9 -10 14 -12 -13 15 -15 -16 16 -18
leaf_value=-0.0085206911787802323 0.0062117381499585886 -0.0071176006405528087 -0.0044743606881264587 0 0.0062899829660853423 -5.9407878442762474e-06 0.0019742653352380021 0.0027808770461517965 -0.0046010494751645504 -0.00046277285667085119 -0.001200649522505724 0.0048305125023295819 0.00059376512001483933 -0.0024055330583574734 0.0020411172669893723 0 -0.002359925491715111
leaf_weight=11.999999999999998 15.999999999999998 11.999999999999998 11.999999999999998 13.000000000000002 12.999999999999998 107 21 61 10.999999999999998 145 21 13.999999999999998 11.999999999999998 18 11.999999999999998 24.999999999999996 20.000000000000004
leaf_count=12 16 12 12 13 13 107 21 61 11 145 21 14 12 18 12 25 20
internal_value=-5.33955e-05 0.000216952 -2.43115e-05 0.000119028 -6.71975e-05 -0.000419573 0.00129265 -7.82547e-05 -0.00106035 0.00046436 0.00166951 0.00304066 0 -0.000499098 -0.000160492 -0.000752463 -0.00127603
internal_weight=545 533 517 505 478 387 91 375 136 239 82 27 78 125 157 57 45
internal_count=545 533 517 505 478 387 91 375 136 239 82 27 78 125 157 57 45
is_linear=0
shrinkage=0.0529975


Tree=182
num_leaves=14
num_cat=0
split_feature=19 38 45 30 25 39 39 30 8 29 39 14 36
split_gain=0.474431 0.180337 0.101782 0.264431 0.102714 0.17345 0.226759 0.225137 0.120821 0.107061 0.0837265 0.0581596 0.0532617
threshold=1.0782546332626139 -0.68690109666846921 1.6759414369285972 1.2529128884377021 1.9371621489107038 -0.97321023941938856 -0.91978235659077423 0.23966141775408889 2.023231164866321 0.71547010596101057 -0.90565702642975776 -0.6361688351541116 1.4371240812312862
decision_type=2 2 2 2 2 2 2 2 2 2 2 2 2
left_child=1 -1 3 4 5 9 7 -7 10 11 -8 -3 -4
right_child=-2 2 12 -5 -6 6 8 -9 -10 -11 -12 -13 -14
leaf_value=0.0056384063423544351 -0.0073542674308175885 0.0026503975565536093 0 -0.0062443342201187416 -0.0038989273093253452 0.00044668909256445448 0.0037083781525533675 -0.0085275644029353774 0.0045234167743230464 0.0066940991139410834 -8.4454802927481164e-05 -0.0014253310354987239 0.0046512769039967821
leaf_weight=10.999999999999998 18 14.999999999999998 12.000000000000002 12.999999999999998 10.999999999999998 11.000000000000002 10.999999999999998 10.999999999999998 11.999999999999998 11.999999999999998 383 11.000000000000002 13.999999999999998
leaf_count=11 18 15 12 13 11 11 11 11 12 12 383 11 14
internal_value=-5.49425e-05 0.000261199 6.97341e-05 -0.000104384 0.000123937 0.000282023 -2.71772e-05 -0.00465635 0.000270832 0.0034524 5.79801e-05 0.000763794 0.00297407
internal_weight=545 527 516 490 477 466 428 22 406 38 394 26 26
internal_count=545 527 516 490 477 466 428 22 406 38 394 26 26
is_linear=0
shrinkage=0.0529975


Tree=183
num_leaves=17
num_cat=0
split_feature=13 7 8 29 34 29 29 45 19 53 25 8 45 44 9 29
split_gain=0.455583 0.270819 0.360388 0.439776 0.149921 0.328121 0.215086 0.0952946 0.0934055 0.0401693 0.0307452 0.0346939 0.0305884 0.0104515 0.0165065 0.000339791
threshold=1.9449801053509139 -2.251833151424401 2.2335239833880842 1.1880524913612776 1.0857885418286413 0.7731741465887918 0.81384386805079478 1.6759414369285972 -0.95772725582126561 1.0000000180025095e-35 1.5386232371345685 -0.69311765719912344 -0.36806745177278138 0.70547720845605821 -0.3932967286652867 -0.033294231742207199
decision_type=2 2 2 2 2 2 2 2 2 2 2 2 2 2 2 2
left_child=1 -1 3 4 5 7 10 8 -3 -9 11 15 -10 14 -12 -6
right_child=-2 2 -4 -5 6 -7 -8 9 12 -11 13 -13 -14 -15 -16 -17
leaf_value=0.0067983700424558407 -0.0083545155453429703 -0.0041025132446535001 -0.0075929622171410655 0.0083910582107847905 0.003433524052629265 -0.0069505768693164114 0.0072767294808815022 0.00445823934055727 0.00039391241790012749 0 -0.00080590355385293656 -0.00023122891982245157 -0.00057293928563298218 -0.0011055990412189825 0.0012130781726988782 0.00068243497510415052
leaf_weight=10.999999999999998 11.999999999999998 11.999999999999998 10.999999999999998 11.999999999999998 11 14.999999999999998 10.999999999999998 11.000000000000002 149 10.999999999999998 12.000000000000002 10.999999999999998 207 18 19 12
leaf_count=11 12 12 11 12 11 15 11 11 149 11 12 11 207 18 19 12
internal_value=-5.00315e-05 0.000214843 0 0.000250107 -2.9148e-05 -0.000489981 0.00179682 -0.000122371 -0.000360457 0.00283488 0.000550731 0.00166787 -0.000149157 -0.000194761 0.000238795 0.00267701
internal_weight=545 533 522 511 499 405 94 390 368 22 83 34 356 49 31 23
internal_count=545 533 522 511 499 405 94 390 368 22 83 34 356 49 31 23
is_linear=0
shrinkage=0.0529975


Tree=184
num_leaves=28
num_cat=0
split_feature=45 30 30 29 29 1 1 16 35 26 3 29 45 3 19 30 13 3 5 19 10 14 2 52 9 7 13
split_gain=0.459789 0.363814 0.101241 0.488032 0.235223 0.360224 0.0846372 0.182708 0.10053 0.143385 0.0888705 0.0737577 0.0588629 0.048865 0.0474437 0.0328023 0.0360473 0.0313547 0.024058 0.0239208 0.021531 0.0190046 0.0250024 0.0153395 0.0130862 0.00474996 0.00369516
threshold=1.7894974863008961 -1.6045160372440099 0.41858325918345057 0.67528232375896413 0.67528232375896413 1.3515529124905272 -0.65589634079426917 1.0089908841524047 -0.16015145116690896 -0.62176073520558039 0.27291232021384998 0.23832575056983082 -1.1629597973788728 1.1648317188281332 -0.61139804268437181 0.57768355033597929 -0.9708949251559793 -0.87095132089560212 -1.1467356927858219 -0.56627268413731713 -0.83837175268941777 -0.80960204166089267 -0.20670135596499742 1.0000000180025095e-35 0.23699458342849308 0.6442746536532119 0.69391210239694279
decision_type=2 2 2 2 2 2 2 2 2 2 2 2 2 2 2 2 2 2 2 2 2 2 2 2 2 2 2
left_child=1 -1 4 6 11 25 7 10 9 -8 -4 13 -13 18 -11 -10 -17 -14 26 -18 -19 23 -23 -20 -22 -6 -3
right_child=-2 2 3 -5 5 -7 8 -9 15 14 -12 12 17 -15 -16 16 19 20 21 -21 24 22 -24 -25 -26 -27 -28
leaf_value=0.0074270761600623699 -0.008387659005689151 0 8.3035406175765419e-05 -0.0096502225861946362 0.0025040891445764421 -0.0025212595749555377 0.00099210959378726016 -0.0022906459347298413 -0.0013407642429017364 -0.0065937463445253841 0.0069536224627202749 -0.003998153145963277 -0.0022854122120023078 0.0027459964035802973 -0.00078133684307465023 -0.00081871277673274841 0.0026983151010371818 -0.0011310962589665635 0 0 0 -0.00050250321321035753 0.00067064587676814798 0.0026699431565333932 0.0019579734326679575 0.0087829469960482211 -0.0018098578926671407
leaf_weight=12.999999999999998 11.999999999999998 13.000000000000002 11.000000000000002 10.999999999999998 11.000000000000002 10.999999999999998 12.999999999999998 11.999999999999998 17 13.999999999999998 10.999999999999998 13.999999999999998 12.999999999999998 17 11.000000000000002 13.999999999999998 22.999999999999996 13.999999999999998 15 17.000000000000004 20 86 103 11 12.999999999999998 13.999999999999998 10.999999999999998
leaf_count=13 12 13 11 11 11 11 13 12 17 14 11 14 13 17 11 14 23 14 15 17 20 86 103 11 13 14 11
internal_value=-4.46721e-05 0.000221428 -2.805e-05 -0.00115473 0.000438212 0.00417501 -9.22734e-05 0.00195954 -0.000861832 -0.00287034 0.00452139 -1.58858e-05 -0.00144333 0.000393665 -0.00490753 0.000262251 0.000966889 -0.000432263 0.000134721 0.00176896 0.000149108 0.000347748 0.000101975 0.0015621 0.000961748 0.00726447 -0.00122882
internal_weight=545 533 520 154 366 36 143 34 109 38 22 330 74 256 25 71 54 60 239 40 47 215 189 26 33 25 24
internal_count=545 533 520 154 366 36 143 34 109 38 22 330 74 256 25 71 54 60 239 40 47 215 189 26 33 25 24
is_linear=0
shrinkage=0.0529975


Tree=185
num_leaves=13
num_cat=0
split_feature=19 38 47 13 45 30 30 30 7 29 36 3
split_gain=0.450863 0.161355 0.150459 0.133578 0.105471 0.224331 0.0793573 0.124281 0.0733412 0.0948411 0.0541673 0.0499785
threshold=1.0782546332626139 -0.37905512615458281 0.66068322996836037 0.71361396071117855 1.6759414369285972 1.2529128884377021 1.0684567549518114 0.90938718312148792 1.527066262327532 0.81384386805079478 1.4371240812312862 -0.29350247313295302
decision_type=2 2 2 2 2 2 2 2 2 2 2 2
left_child=1 2 3 -1 5 6 7 8 9 11 -6 -3
right_child=-2 4 -4 -5 10 -7 -8 -9 -10 -11 -12 -13
leaf_value=0.0006883156336881137 -0.0071618094762237357 0.00092970756890438096 -0.00018507600408084791 0.0086684677983679889 0 -0.0058767540507372231 0.0035574648069734722 -0.0036935024170618347 0.0027543862411706236 -0.0038596447378902747 0.0045971313863708303 -0.00033678205673573827
leaf_weight=14.000000000000002 18 124 19 10.999999999999998 12.000000000000002 12.999999999999998 10.999999999999998 20 21 11.999999999999998 13.999999999999998 256
leaf_count=14 18 124 19 11 12 13 11 20 21 12 14 256
internal_value=-4.54579e-05 0.000262339 0.00312963 0.00542261 -1.97545e-05 -0.000236868 0 -0.000133249 7.28815e-05 -9.25556e-05 0.00290735 6.64211e-05
internal_weight=545 527 44 25 483 457 444 433 413 392 26 380
internal_count=545 527 44 25 483 457 444 433 413 392 26 380
is_linear=0
shrinkage=0.0529975


Tree=186
num_leaves=13
num_cat=0
split_feature=39 38 29 30 10 30 7 29 3 13 39 4
split_gain=0.441695 0.292213 0.129883 0.0889209 0.237278 0.124002 0.14523 0.0396446 0.0307936 0.0448587 0.058917 0.0386439
threshold=-1.1558530955085182 -0.85777646155359866 0.99250610888350865 1.0684567549518114 0.48815465057797414 0.81566411525288152 -0.19967188325312279 0.7731741465887918 1.1648317188281332 1.1175020561530118 -0.98176190957331844 -0.19971189593968405
decision_type=2 2 2 2 2 2 2 2 2 2 2 2
left_child=-1 -2 3 5 -5 7 -7 8 9 10 -3 -10
right_child=1 2 -4 4 -6 6 -8 -9 11 -11 -12 -13
leaf_value=-0.0082196819427356842 0.0062023256889831803 0.0031234197203135307 -0.0044581188954563927 -0.0011620011268979994 0.0066688770962314674 -0.0059488661751687672 0 0.0025634016529770777 0.0028378857857460802 -0.0023375123763856491 -5.7711818933123243e-05 -0.00035244225296210884
leaf_weight=11.999999999999998 15.999999999999998 10.999999999999998 11.999999999999998 18 13.999999999999998 14.999999999999998 21 12.999999999999998 18.000000000000004 17 367 10.999999999999998
leaf_count=12 16 11 12 18 14 15 21 13 18 17 367 11
internal_value=-4.22241e-05 0.000218322 -2.25039e-05 0.000120306 0.00259196 -6.26819e-05 -0.00282488 0.000184258 6.03394e-05 -5.53466e-05 6.40005e-05 0.00157514
internal_weight=545 533 517 505 32 473 36 437 424 395 378 29
internal_count=545 533 517 505 32 473 36 437 424 395 378 29
is_linear=0
shrinkage=0.0529975


Tree=187
num_leaves=20
num_cat=0
split_feature=45 30 30 19 29 29 35 35 52 14 36 8 39 29 8 39 39 12 36
split_gain=0.438811 0.348287 0.0945692 0.120414 0.732731 0.311038 0.512934 0.105289 0.150648 0.229196 0.139767 0.097104 0.0561139 0.039458 0.0282139 0.0249922 0.0310546 0.0262042 0.0112504
threshold=1.7894974863008961 -1.6045160372440099 -1.2827102050692498 -0.15395302483745629 0.52337296649648568 0.67528232375896413 1.7078967999449175 -1.2356161011941302 1.0000000180025095e-35 -0.91323895774421293 0.15497188337532505 0.94391955827425378 -0.45960859485267685 0.60923513714294653 0.0057349260893891788 1.946446891419239 -0.63927416386584646 -0.52135087621653597 -0.13057292924761807
decision_type=2 2 2 2 2 2 2 2 2 2 2 2 2 2 2 2 2 2 2
left_child=1 -1 -3 4 7 13 -7 -4 9 11 -10 -9 -11 15 -12 16 17 -5 -18
right_child=-2 2 3 5 -6 6 -8 8 10 12 14 -13 -14 -15 -16 -17 18 -19 -20
leaf_value=0.0072690497576505149 -0.0081915397590758172 -0.0039241523026745731 0.0037130386598436572 0.0026353247233217472 -0.011382085643318956 0.0086009494626958314 -0.0028396270550283234 -0.00045982745183583616 0.0048327308514322298 0.00077701269956824697 0.00091964900782416929 -0.0078523839933371479 -0.0012644679946274293 -0.0021087110707311615 -0.00198293012769051 0.0021970644387779383 0.0003288834538626053 2.6712587163540995e-05 -0.00053747156814847334
leaf_weight=12.999999999999998 11.999999999999998 10.999999999999998 13.999999999999998 15.999999999999998 10.999999999999998 26 11.999999999999998 11.000000000000002 21 74 11.000000000000002 11.999999999999998 64 14.999999999999998 11.999999999999998 11.999999999999998 48.999999999999986 33 116.00000000000001
leaf_count=13 12 11 14 16 11 26 12 11 21 74 11 12 64 15 12 12 49 33 116
internal_value=-4.07127e-05 0.000218927 -2.49053e-05 9.05088e-05 -0.000780841 0.00083465 0.00493476 9.75194e-06 -0.000308387 -0.00109263 0.00220839 -0.00538394 -0.000134485 5.57731e-05 -0.000450754 0.000280331 8.41461e-05 0.00119997 -0.000236833
internal_weight=545 533 520 509 230 279 38 219 205 161 44 23 138 241 23 226 214 49 165
internal_count=545 533 520 509 230 279 38 219 205 161 44 23 138 241 23 226 214 49 165
is_linear=0
shrinkage=0.0529975


Tree=188
num_leaves=12
num_cat=0
split_feature=19 38 45 30 25 39 7 29 53 17 36
split_gain=0.447976 0.151585 0.0983133 0.217765 0.0862543 0.150673 0.0925346 0.114481 0.181647 0.0706348 0.053432
threshold=1.0782546332626139 -0.68690109666846921 1.6759414369285972 1.2529128884377021 1.9371621489107038 -1.1464725685440789 1.8644294573825355 0.63976665760306584 1.0000000180025095e-35 -1.4430991583872543 1.4371240812312862
decision_type=2 2 2 2 2 2 2 2 2 2 2
left_child=1 -1 3 4 5 -3 7 9 -9 -7 -4
right_child=-2 2 10 -5 -6 6 -8 8 -10 -11 -12
leaf_value=0.0051959666249788549 -0.0071368760456523702 0.0051727734712684144 0 -0.0056577517197685528 -0.0035622210407477077 -0.0030615178409810601 0.0039129646705492122 0.00042698690529897296 -0.0069421579864491594 0.00031241221847099149 0.0046187447250761798
leaf_weight=10.999999999999998 18 10.999999999999998 12.000000000000002 12.999999999999998 10.999999999999998 11.999999999999998 10.999999999999998 16.000000000000004 10.999999999999998 405 13.999999999999998
leaf_count=11 18 11 12 13 11 12 11 16 11 405 14
internal_value=-4.32142e-05 0.000263536 8.65264e-05 -8.44925e-05 0.000121294 0.000267193 6.77028e-05 -6.29137e-05 -0.00307958 0.000156785 0.00293968
internal_weight=545 527 516 490 477 466 455 444 27 417 26
internal_count=545 527 516 490 477 466 455 444 27 417 26
is_linear=0
shrinkage=0.0529975


Tree=189
num_leaves=18
num_cat=0
split_feature=39 38 45 30 39 6 8 31 39 25 4 36 37 8 30 6 16
split_gain=0.427772 0.275199 0.0987842 0.192526 0.102845 0.228864 0.104781 0.0774475 0.133644 0.0683728 0.0967986 0.0505029 0.0392926 0.0367462 0.0327238 0.0329208 0.0186748
threshold=-1.1558530955085182 -0.85777646155359866 1.6759414369285972 1.2529128884377021 -0.91978235659077423 -0.25002417953586903 2.023231164866321 -0.2727259461694394 -0.71361890106462766 -0.10476799041521419 -0.14868612379230234 1.4371240812312862 2.003599112770122 -0.5127097674775597 -0.1664031776661318 0.69724518040190409 -0.43594698010725458
decision_type=2 2 2 2 2 2 2 2 2 2 2 2 2 2 2 2 2
left_child=-1 -2 3 4 5 -3 7 9 13 10 -6 -4 -10 -9 -7 -16 -11
right_child=1 2 11 -5 6 14 -8 8 12 16 -12 -13 -14 -15 15 -17 -18
leaf_value=-0.0080909031378917362 0.0060200891957327704 -0.006102431365000687 0 -0.005452554799375944 -0.00076951242051180872 0.0020924274063387088 0.0042515262429020035 0.0036688810521114611 -0.0002203674156241958 -0.00011305172432396143 -0.0054133396084577977 0.0044473666877682585 0.0024276098150231677 0.00042967437246378611 -0.0023786490766263537 0.00064394140875851801 0.0017855551995776193
leaf_weight=11.999999999999998 15.999999999999998 18 13.000000000000002 12.999999999999998 85 12.999999999999998 11.999999999999998 37 204 19 10.999999999999998 13.999999999999998 10.999999999999998 22 11.000000000000002 14.999999999999998 19
leaf_count=12 16 18 13 13 85 13 12 37 204 19 11 14 11 22 11 15 19
internal_value=-4.32929e-05 0.00021293 -2.03967e-05 -0.00022004 0 -0.00200982 0.000284159 9.07111e-05 0.00061339 -0.000908654 -0.00165707 0.00277264 0 0.00271958 0.000285369 -0.000622676 0.000791472
internal_weight=545 533 517 490 477 57 420 408 274 134 96 27 215 59 39 26 38
internal_count=545 533 517 490 477 57 420 408 274 134 96 27 215 59 39 26 38
is_linear=0
shrinkage=0.0529975


Tree=190
num_leaves=17
num_cat=0
split_feature=45 30 30 30 29 29 29 19 37 30 47 45 39 1 26 53
split_gain=0.431554 0.3349 0.0870933 0.10868 0.236904 0.172562 0.0815205 0.293367 0.267436 0.0364817 0.0337975 0.0324831 0.0506106 0.035433 0.0159707 0.0036958
threshold=1.7894974863008961 -1.6045160372440099 -1.2827102050692498 -0.66021637375627751 0.55429414669926913 0.99250610888350865 -0.62400762929631193 -0.77729306540003507 -0.63011943184916475 0.70337587340394869 0.38196248660483334 -1.2765158467511715 -0.71361890106462766 -0.56373799184107487 -0.031777814701044585 1.0000000180025095e-35
decision_type=2 2 2 2 2 2 2 2 2 2 2 2 2 2 2 2
left_child=1 -1 -3 4 15 6 8 -8 -5 10 -10 13 -13 -9 -11 -4
right_child=-2 2 3 5 -6 -7 7 11 9 14 -12 12 -14 -15 -16 -17
leaf_value=0.007129613934336366 -0.0081242042153283466 -0.0037649711191559249 0.00030663553921480208 0.007080128143570512 0.0075304615456689783 -0.0049727574138124699 -0.0060815511670549134 0.00076457957513927468 -5.1233738541696063e-05 -0.0025881354804127188 0.0025330529115795627 0.0011386843441678924 -0.00021026477451565185 -0.0020250315085391002 0 -0.0006299848067801172
leaf_weight=12.999999999999998 11.999999999999998 10.999999999999998 20 12.999999999999998 10.999999999999998 13.999999999999998 17 10.999999999999998 32 11.000000000000002 13.999999999999998 118 191 32 10.999999999999998 13.999999999999998
leaf_count=13 12 11 20 13 11 14 17 11 32 11 14 118 191 32 11 14
internal_value=-4.10089e-05 0.000216376 -2.24836e-05 8.77288e-05 0.00241909 -0.000151491 4.66068e-05 -0.000277419 0.00152039 0 0.000802375 8.05536e-05 0.000294564 -0.00116262 -0.00156981 0
internal_weight=545 533 520 509 45 464 450 369 81 68 46 352 309 43 22 34
internal_count=545 533 520 509 45 464 450 369 81 68 46 352 309 43 22 34
is_linear=0
shrinkage=0.0529975


Tree=191
num_leaves=13
num_cat=0
split_feature=19 38 47 13 45 30 30 30 7 29 36 3
split_gain=0.44442 0.139915 0.135832 0.127266 0.100488 0.177586 0.0682046 0.0979321 0.0650081 0.0750746 0.049621 0.0432906
threshold=1.0782546332626139 -0.37905512615458281 0.66068322996836037 0.71361396071117855 1.6759414369285972 1.2529128884377021 1.0684567549518114 0.90938718312148792 1.527066262327532 0.81384386805079478 1.4371240812312862 -0.29350247313295302
decision_type=2 2 2 2 2 2 2 2 2 2 2 2
left_child=1 2 3 -1 5 6 7 8 9 11 -6 -3
right_child=-2 4 -4 -5 10 -7 -8 -9 -10 -11 -12 -13
leaf_value=0.00055031639453727321 -0.0071062483444694624 0.00084898865687494209 -0.00019494539131316145 0.0082696311807827216 0 -0.00522768709578828 0.0032988869900758876 -0.0032832374450074732 0.0025846562629282138 -0.0034468663097168713 0.0044795956049965115 -0.00033052639755907094
leaf_weight=14.000000000000002 18 124 19 10.999999999999998 12.000000000000002 12.999999999999998 10.999999999999998 20 21 11.999999999999998 13.999999999999998 256
leaf_count=14 18 124 19 11 12 13 11 20 21 12 14 256
internal_value=-4.06368e-05 0.000264822 0.00293392 0.00511488 0 -0.00020967 0 -0.00012264 5.8543e-05 -9.61377e-05 0.00286095 4.34825e-05
internal_weight=545 527 44 25 483 457 444 433 413 392 26 380
internal_count=545 527 44 25 483 457 444 433 413 392 26 380
is_linear=0
shrinkage=0.0529975


Tree=192
num_leaves=18
num_cat=0
split_feature=13 7 8 29 34 29 29 29 25 37 1 8 30 47 3 7 39
split_gain=0.422222 0.25448 0.364311 0.414161 0.132805 0.297574 0.191 0.0862133 0.225022 0.082245 0.149553 0.0328368 0.0326074 0.0320986 0.0287755 0.020013 0.0157662
threshold=1.9449801053509139 -2.251833151424401 2.2335239833880842 1.1880524913612776 1.0857885418286413 0.7731741465887918 0.81384386805079478 1.0000000180025095e-35 -0.82894980672843088 -0.81674439241534058 -0.61983437816041054 0.48031795285631473 0.52738096071083229 0.73036341580924213 -0.46820833471719359 0.59241849810332703 -0.50953401405496501
decision_type=2 2 2 2 2 2 2 2 2 2 2 2 2 2 2 2 2
left_child=1 -1 3 4 5 7 12 9 -9 10 -3 -10 13 16 -11 -15 -6
right_child=-2 2 -4 -5 6 -7 -8 8 11 14 -12 -13 -14 15 -16 -17 -18
leaf_value=0.0065990941231604452 -0.0080329815490660372 0.0057357999703707826 -0.0076254374588029779 0.0081595420224036801 -0.0020962186849719797 -0.0065972063115620812 0.0068745023716618951 -0.0069486457128244703 -0.00072123550074064651 0.00089894287569459573 0.00028386037041208277 0.0015346103703359369 0.002156982025148386 0 -0.00050421336317015594 0.0022758284029374544 0
leaf_weight=10.999999999999998 11.999999999999998 14.999999999999998 10.999999999999998 11.999999999999998 14.999999999999998 14.999999999999998 10.999999999999998 10.999999999999998 95 48 55 14.999999999999998 19 15.000000000000002 151 12.999999999999998 21
leaf_count=11 12 15 11 12 15 15 11 11 95 48 55 15 19 15 151 13 21
internal_value=-3.73672e-05 0.000217053 0 0.000260031 -1.0738e-05 -0.000445576 0.00170729 -9.50209e-05 -0.00124982 0.000414952 0.00190444 -0.000289977 0.000526947 -5.10558e-07 -0.000115296 0.00111386 -0.00106884
internal_weight=545 533 522 511 499 405 94 390 121 269 70 110 83 64 199 28 36
internal_count=545 533 522 511 499 405 94 390 121 269 70 110 83 64 199 28 36
is_linear=0
shrinkage=0.0529975


Tree=193
num_leaves=18
num_cat=0
split_feature=45 30 30 19 29 29 35 35 35 26 9 29 39 39 12 13 7
split_gain=0.41505 0.340835 0.0805731 0.0994769 0.650622 0.28142 0.452875 0.0990128 0.144179 0.124164 0.068838 0.0394635 0.0208341 0.0259801 0.0243801 0.0130586 0.0104007
threshold=1.7894974863008961 -1.6045160372440099 -1.2827102050692498 -0.15395302483745629 0.52337296649648568 0.67528232375896413 1.7078967999449175 -1.2356161011941302 -1.0890097529065219 -1.621090904150696 1.2542926058956805 0.60923513714294653 1.946446891419239 -0.63927416386584646 -0.52135087621653597 0.5461481650401746 -0.082766668243488453
decision_type=2 2 2 2 2 2 2 2 2 2 2 2 2 2 2 2 2
left_child=1 -1 -3 4 7 11 15 -4 -9 -10 -11 12 13 14 -5 -7 -15
right_child=-2 2 3 5 -6 6 -8 8 9 10 -12 -13 -14 16 -16 -17 -18
leaf_value=0.0071934491481208725 -0.0079605588889726346 -0.003621819905481096 0.0036247277867376888 0.0024642856684563741 -0.010697646668462733 0.0027648202461523206 -0.0026323893404958704 -0.0048201568362548275 0.0044701741545416784 6.8050554392349303e-05 -0.0031182204375082949 -0.0021486749398923395 0.0019948521941500026 0.00022280930629421731 0 0.0097829296943515026 -0.00056572234736608344
leaf_weight=12.999999999999998 11.999999999999998 10.999999999999998 13.999999999999998 15.999999999999998 10.999999999999998 11.000000000000002 11.999999999999998 11.999999999999998 10.999999999999998 167 14.999999999999998 14.999999999999998 11.999999999999998 62.999999999999986 33 14.999999999999998 102.00000000000001
leaf_count=13 12 11 14 16 11 11 12 12 11 167 15 15 12 63 33 15 102
internal_value=-3.28219e-05 0.000219282 -2.18119e-05 8.36905e-05 -0.000706888 0.00076109 0.00466004 3.56184e-05 -0.000272435 0.000111952 -0.000248485 1.98317e-05 0.000245683 6.41494e-05 0.00108799 0.00810663 -0.000226544
internal_weight=545 533 520 509 230 279 38 219 205 193 182 241 226 214 49 26 165
internal_count=545 533 520 509 230 279 38 219 205 193 182 241 226 214 49 26 165
is_linear=0
shrinkage=0.0529975


Tree=194
num_leaves=12
num_cat=0
split_feature=19 38 45 30 25 39 7 29 10 17 36
split_gain=0.415668 0.127311 0.0920284 0.171724 0.0735462 0.139454 0.0807074 0.104225 0.161948 0.0649949 0.049061
threshold=1.0782546332626139 -0.68690109666846921 1.6759414369285972 1.2529128884377021 1.9371621489107038 -1.1464725685440789 1.8644294573825355 0.63976665760306584 -0.2293828751690124 -1.4430991583872543 1.4371240812312862
decision_type=2 2 2 2 2 2 2 2 2 2 2
left_child=1 -1 3 4 5 -3 7 9 -9 -7 -4
right_child=-2 2 10 -5 -6 6 -8 8 -10 -11 -12
leaf_value=0.0047870055840126694 -0.0068649124567661561 0.0049711341431786992 0 -0.0050156286942337983 -0.0032825173670342198 -0.0029384212547747175 0.0036515218053473795 -0.0056952277388851577 0.0012518171273654193 0.00029748234304994924 0.0044694784122496119
leaf_weight=10.999999999999998 18 10.999999999999998 12.000000000000002 12.999999999999998 10.999999999999998 11.999999999999998 10.999999999999998 16.000000000000004 10.999999999999998 405 13.999999999999998
leaf_count=11 18 11 12 13 11 12 11 16 11 405 14
internal_value=-3.09155e-05 0.000264006 0.000100322 -6.48112e-05 0.00011625 0.000251959 5.954e-05 -6.14013e-05 -0.00294012 0.000147515 0.00285965
internal_weight=545 527 516 490 477 466 455 444 27 417 26
internal_count=545 527 516 490 477 466 455 444 27 417 26
is_linear=0
shrinkage=0.0529975


Tree=195
num_leaves=12
num_cat=0
split_feature=39 38 29 30 29 30 7 29 19 1 19
split_gain=0.40906 0.264765 0.110552 0.099047 0.202541 0.0977538 0.115923 0.0345736 0.0276258 0.0283158 0.0270785
threshold=-1.1558530955085182 -0.85777646155359866 0.99250610888350865 1.0684567549518114 -0.42378981793710108 0.81566411525288152 -0.19967188325312279 0.7731741465887918 -0.74651601231882447 1.8029331372926232 -0.53091630390676692
decision_type=2 2 2 2 2 2 2 2 2 2 2
left_child=-1 -2 3 5 -5 7 -7 8 -3 10 -10
right_child=1 2 -4 4 -6 6 -8 -9 9 -11 -12
leaf_value=-0.0079007833266866809 0.0059153443294716829 0.0021326859659932169 -0.0041030220965744069 0.0055210660629975358 -0.0018221650240343766 -0.0053155162860193039 0 0.0023637125652861495 -0.001445053482553256 0.0018342175750373163 0
leaf_weight=11.999999999999998 15.999999999999998 10.999999999999998 11.999999999999998 20 11.999999999999998 14.999999999999998 21 12.999999999999998 35 14.999999999999998 363
leaf_count=12 16 11 12 20 12 15 21 13 35 15 363
internal_value=-3.02485e-05 0.000219917 -8.79052e-06 0.000121836 0.00273054 -7.20435e-05 -0.00252452 0.000145662 2.93975e-05 -3.96722e-05 -0.000153762
internal_weight=545 533 517 505 32 473 36 437 424 413 398
internal_count=545 533 517 505 32 473 36 437 424 413 398
is_linear=0
shrinkage=0.0529975


Tree=196
num_leaves=24
num_cat=0
split_feature=45 30 34 35 29 29 34 39 39 29 25 30 34 14 3 34 13 45 34 31 1 39 31
split_gain=0.405987 0.326941 0.0779319 0.180492 0.521795 0.243288 0.175936 0.176458 0.111933 0.110279 0.125119 0.0724824 0.0518693 0.0493603 0.0383626 0.0336308 0.0315736 0.0251357 0.0196486 0.0186044 0.0156251 0.00611271 0.00125922
threshold=1.7894974863008961 -1.6045160372440099 1.0857885418286413 0.24870215725135078 0.63976665760306584 0.69848664362485546 1.5282221012143749 -0.59168703649443477 -0.91103434732234057 1.0000000180025095e-35 -0.82894980672843088 1.0555148531397263 1.7301447277087758 -1.3277866220774943 -0.043397239707091938 -0.51153556002726497 -0.054758513544016361 0.086156745716413782 0.76000482671843195 -0.061487483200831784 1.6432168480046809 -0.26104970718232323 0.79110823114453799
decision_type=2 2 2 2 2 2 2 2 2 2 2 2 2 2 2 2 2 2 2 2 2 2 2
left_child=1 -1 3 5 14 9 7 -4 -8 11 -11 13 -10 -3 18 17 -15 -12 -5 -17 -14 -16 -9
right_child=-2 2 6 4 -6 -7 8 22 12 10 15 -13 20 16 21 19 -18 -19 -20 -21 -22 -23 -24
leaf_value=0.0070501230103090914 -0.0078703360678163987 -0.0022499376396275974 0.0072127213949498697 0.0019566415963556041 -0.0098034284854595644 0.006333378283478827 -0.0042285298790841665 0.0004813776426466212 -0.0014964409767595809 -0.0051250983747970647 0.0018786762566428464 0.0032714929906279898 0 -0.0001648848055805186 -0.002118440079311717 -0.0023489633538122702 0.0010675666369052881 -0.00062960833664823211 -0.00016745922141311092 -7.6567455419619972e-05 0.0025386800829278328 0 0
leaf_weight=12.999999999999998 11.999999999999998 15.999999999999998 15.999999999999998 21 14.999999999999998 10.999999999999998 10.999999999999998 11.000000000000002 13.999999999999998 17 17.000000000000004 17 17 117 11.000000000000002 21 95 11.999999999999998 10.999999999999998 28 20 10.999999999999998 10.999999999999998
leaf_count=13 12 16 16 21 15 11 11 11 14 17 17 17 17 117 11 21 95 12 11 28 20 11 11
internal_value=-2.93392e-05 0.00021983 -1.60743e-05 -0.000348759 -0.00271379 0.00013437 0.00125599 0.00384104 -0.00042468 -0.000152286 -0.00164335 0.000423502 0.000631766 0.000102909 0 -0.000489653 0.000369527 0.000711143 0.00113146 -0.00132738 0.00169587 -0.00145301 0.000119778
internal_weight=545 533 520 420 69 351 100 38 62 340 95 245 51 228 54 78 212 29 32 49 37 22 22
internal_count=545 533 520 420 69 351 100 38 62 340 95 245 51 228 54 78 212 29 32 49 37 22 22
is_linear=0
shrinkage=0.0529975


Tree=197
num_leaves=19
num_cat=0
split_feature=19 38 47 13 12 9 9 30 30 3 47 8 49 9 3 3 44 3
split_gain=0.414077 0.121873 0.120217 0.118023 0.0717859 0.123459 0.298488 0.134609 0.104615 0.142665 0.0708969 0.0475676 0.0348629 0.0812028 0.0275138 0.032145 0.0236972 0.0228855
threshold=1.0782546332626139 -0.37905512615458281 0.66068322996836037 0.71361396071117855 -1.5712548210644959 1.3839863000042596 1.5701698219090805 1.0684567549518114 0.41858325918345057 -0.51602257051919664 -0.24515918596310252 -0.69311765719912344 1.0000000180025095e-35 0.11802256773040705 1.1648317188281332 -0.12063562061801954 -0.27848972336365163 0.065104295382068286
decision_type=2 2 2 2 2 2 2 2 2 2 2 2 2 2 2 2 2 2
left_child=1 2 3 -1 11 7 -7 8 12 -10 -11 -3 14 -14 15 -6 -8 -12
right_child=-2 4 -4 -5 5 6 16 -9 9 10 17 -13 13 -15 -16 -17 -18 -19
leaf_value=0.00044023285809009115 -0.0068528369644463944 0.0043612197800732789 -0.00017307341318326377 0.0078356347421252616 0.0005091455197689705 -0.0076655363375875271 -0.00041145936894427897 0.0037301412663947446 -0.0060332057817645722 -0.0031425007818262031 -0.0010415633327392974 0 -0.00052339226552884643 0.0036550640217759686 0.001866972762815207 -0.00070301256421385265 0.0021894770235766927 0.00070060851739881642
leaf_weight=14.000000000000002 18 11.000000000000002 19 10.999999999999998 124 13.999999999999998 12 21 10.999999999999998 18 25 13.999999999999998 18 21 17 109 11 57
leaf_count=14 18 11 19 11 124 14 12 21 11 18 25 14 18 21 17 109 11 57
internal_value=-3.19654e-05 0.000262377 0.00275329 0.00480589 0 -0.000160527 -0.00287175 9.8376e-05 -0.000127365 -0.00147941 -0.000599621 0.00247369 0.00038777 0.00175857 0.000110458 -3.21016e-05 0.000787125 5.53028e-05
internal_weight=545 527 44 25 483 458 37 421 400 111 100 25 289 39 250 233 23 82
internal_count=545 527 44 25 483 458 37 421 400 111 100 25 289 39 250 233 23 82
is_linear=0
shrinkage=0.0529975


Tree=198
num_leaves=34
num_cat=0
split_feature=3 30 30 12 19 47 19 45 37 13 2 39 3 47 3 21 7 30 45 8 34 5 12 17 5 37 14 45 7 2 37 45 6
split_gain=0.395642 1.22293 0.613773 0.134899 0.163853 0.117072 0.423927 0.146814 0.118357 0.0899803 0.0756684 0.0819868 0.0633724 0.0692772 0.0451724 0.0399636 0.096881 0.0742152 0.0281737 0.0249583 0.0175154 0.0146431 0.0412582 0.0373732 0.0344512 0.0239351 0.023776 0.0128733 0.01152 0.00940871 0.00862838 0.00398933 0.000783979
threshold=0.74002062381803124 -0.60920933772045338 -1.4739652562250283 0.80071472735218008 -0.71234336683649502 0.59100304412747862 -0.32580081582471693 1.3352732888117009 -0.56511523210139514 0.45748980262611355 -1.1412626510823281 -0.75065069125639916 -0.29350247313295302 0.86972378749100565 -0.11695760247940402 1.0678095630845841 0.22527045370200158 0.33373754511821713 0.54038094320560914 0.31412061415151277 -0.38702882252634135 -0.11627862260274134 0.44588029440681037 -0.7773829816166542 0.29905420595030907 -0.40155627789733084 -0.71231024288879585 -0.48162350114508018 0.99013990439501376 0.83804910376585162 -0.33445516848028017 0.086156745716413782 -0.36830497142369512
decision_type=2 2 2 2 2 2 2 2 2 2 2 2 2 2 2 2 2 2 2 2 2 2 2 2 2 2 2 2 2 2 2 2 2
left_child=2 -2 -1 4 -3 7 -7 10 -9 -5 -4 15 13 27 18 16 17 -12 -14 -10 -6 22 26 -24 25 -23 -13 -8 -29 -26 -22 -16 -33
right_child=1 3 5 9 20 6 12 8 19 -11 11 21 14 -15 31 -17 -18 -19 -20 -21 30 24 23 -25 29 -27 -28 28 -30 -31 -32 32 -34
leaf_value=0.0099378986873232336 -0.016042228542559336 -0.0062410172019302709 -0.0024128606150252592 0.0049160435959740212 0.0012076167190221913 -0.008411823628936832 0.0009516864691996753 0.006296231226568679 0.0018689057689558581 -0.00012329435742962672 -0.00099770855036361377 0 -0.0040798850203231157 0.0033724405685800992 0.00065115501271686711 -7.6087036855110481e-05 0.0053279209064820169 0.0032698227078811733 -3.0255335721437196e-05 -0.00085226617810043128 -0.0016138889942743891 -0.0030348772922991394 0.0011881786569480448 -0.0014703056529169574 0.00075651478866199955 -5.9232519299263331e-05 0.0028990395728878352 -0.0015344164063815402 5.7522137742962133e-05 -0.00039327520313982067 0 -0.00044526898785096202 0
leaf_weight=12.999999999999998 10.999999999999998 10.999999999999998 20 12.000000000000002 13.999999999999995 12.999999999999998 14.999999999999998 17 12.000000000000002 15.999999999999998 23 11.000000000000002 11.000000000000002 20 12.999999999999998 12.999999999999998 18 11.999999999999998 11.999999999999998 10.999999999999998 10.999999999999996 13.999999999999998 17 31 37 21 17 15.000000000000002 12.999999999999998 24 15.000000000000007 20.999999999999996 11.000000000000002
leaf_count=13 11 11 20 12 14 13 15 17 12 16 23 11 11 20 13 13 18 12 12 11 11 14 17 31 37 21 17 15 13 24 15 21 11
internal_value=-3.00797e-05 -0.0031369 0.000602115 -0.000252793 -0.00188162 0.000182599 -0.00101152 0.000791172 0.00356417 0.00231714 0.000263602 0.000570911 7.91917e-06 0.0012104 -0.00101956 0.00207422 0.00267416 0.000559328 -0.00265111 0.000419482 0 -1.71411e-05 0.000469582 -0.000372016 -0.000475897 -0.00168967 0.00192892 0 -0.000710071 0.000205174 -0.000791299 0 -0.000287948
internal_weight=545 90 455 79 51 442 144 298 40 28 258 238 131 63 68 66 53 35 23 23 40 172 76 48 96 35 28 43 28 61 26 45 32
internal_count=545 90 455 79 51 442 144 298 40 28 258 238 131 63 68 66 53 35 23 23 40 172 76 48 96 35 28 43 28 61 26 45 32
is_linear=0
shrinkage=0.0529975


Tree=199
num_leaves=15
num_cat=0
split_feature=39 38 29 30 29 30 7 29 51 9 29 13 9 30
split_gain=0.393609 0.23459 0.10724 0.078697 0.184641 0.0825788 0.105496 0.0307563 0.026415 0.0447999 0.0415636 0.0403567 0.0385225 0.0210653
threshold=-1.1558530955085182 -0.85777646155359866 0.99250610888350865 1.0684567549518114 -0.42378981793710108 0.81566411525288152 -0.19967188325312279 0.7731741465887918 1.0000000180025095e-35 -1.235495028343917 -0.30479970699318965 -0.054758513544016361 0.56511187688897802 -0.11450511596241672
decision_type=2 2 2 2 2 2 2 2 2 2 2 2 2 2
left_child=-1 -2 3 5 -5 7 -7 8 9 11 -11 -3 13 -10
right_child=1 2 -4 4 -6 6 -8 -9 12 10 -12 -13 -14 -15
leaf_value=-0.0077530711493971572 0.0055733698049523226 0 -0.0040352486072040847 0.0051334994996646965 -0.0018527064543782698 -0.0049704203646240589 2.6915748332407972e-05 0.002248924251025203 -0.00015722470179483671 0.00085062987929548754 -0.00042550797683358596 0.0031355585883381613 0.0010709226127990808 -0.002137638497266624
leaf_weight=11.999999999999998 15.999999999999998 15.999999999999998 11.999999999999998 20 11.999999999999998 14.999999999999998 21 12.999999999999998 39 107 188 21 18 35
leaf_count=12 16 16 12 20 12 15 21 13 39 107 188 21 18 35
internal_value=-3.2579e-05 0.000212602 -1.94566e-06 0.000126454 0.00245091 -4.49344e-05 -0.00230138 0.00015382 4.28736e-05 0.000279387 2.18821e-05 0.00188064 -0.000704227 -0.00127124
internal_weight=545 533 517 505 32 473 36 437 424 332 295 37 92 74
internal_count=545 533 517 505 32 473 36 437 424 332 295 37 92 74
is_linear=0
shrinkage=0.0529975


Tree=200
num_leaves=21
num_cat=0
split_feature=19 38 47 13 29 1 34 19 29 19 39 29 39 30 8 19 39 39 17 44
split_gain=0.402004 0.113613 0.106946 0.110386 0.0812821 0.0985841 0.596793 0.14752 0.0684286 0.0541024 0.0539864 0.0436762 0.033336 0.0325322 0.029605 0.0251416 0.0172318 0.0270337 0.0141226 0.00864009
threshold=1.0782546332626139 -0.37905512615458281 0.66068322996836037 0.71361396071117855 -1.1125084092197188 0.077270382728210144 1.0000000180025095e-35 -0.94590896873541463 0.91470921892100709 -0.592058405594727 -0.86305666682133453 0.65561766953668521 -0.46195446332225859 0.57768355033597929 -0.11124742640394288 -0.53091630390676692 -0.63927416386584646 -0.55341380961845132 1.4413317934239942 1.0000000180025095e-35
decision_type=2 2 2 2 2 2 2 2 2 2 2 2 2 2 2 2 2 2 2 2
left_child=1 2 3 -1 -3 6 7 -6 9 12 19 13 -7 15 -15 -9 18 -18 -12 -11
right_child=-2 4 -4 -5 5 8 -8 11 -10 10 16 -13 -14 14 -16 -17 17 -19 -20 -21
leaf_value=0.00038036053339606896 -0.0067532469934918479 0.0036095018142364415 -9.3691107883116443e-05 0.0075222856981059811 -0.0045051922749603981 0.0032066264288468397 -0.01010750564409266 -0.0021273442476894061 0.0040492245129400591 -0.00012735233670379444 0.0019821728302516811 0.0027300308139087672 0 -0.00047720789565327632 0.0019912591298836559 -4.8650618534363841e-05 -0.0015530524415628181 0.00047209409992779255 0 -0.0030071112936374653
leaf_weight=14.000000000000002 18 10.999999999999998 19 10.999999999999998 13.999999999999998 21 11.999999999999998 12.999999999999998 10.999999999999998 11.000000000000002 22 11.999999999999998 10.999999999999998 11.999999999999998 33 184 18 75 11.999999999999998 10.999999999999998
leaf_count=14 18 11 19 11 14 21 12 13 11 11 22 12 11 12 33 184 18 75 12 11
internal_value=-3.24436e-05 0.000257399 0.00266251 0.00459545 0 -0.000119816 -0.000760207 -0.000104136 0.00077355 0.000413662 0 0.000209888 0.00220033 0 0.00121733 -0.00027902 0.000406086 0 0.00132606 -0.00215239
internal_weight=545 527 44 25 483 472 280 268 192 181 149 254 32 242 45 197 127 93 34 22
internal_count=545 527 44 25 483 472 280 268 192 181 149 254 32 242 45 197 127 93 34 22
is_linear=0
shrinkage=0.0529975


Tree=201
num_leaves=16
num_cat=0
split_feature=45 30 30 30 29 29 35 52 8 1 5 31 39 3 37
split_gain=0.395428 0.32028 0.0759601 0.0867042 0.183279 0.15038 0.0763045 0.103565 0.221401 0.174345 0.152464 0.0652005 0.0323412 0.00490564 0.00268863
threshold=1.7894974863008961 -1.6045160372440099 -1.2827102050692498 -0.66021637375627751 0.55429414669926913 0.99250610888350865 -1.2356161011941302 1.0000000180025095e-35 0.97390045284613536 -0.52851467950102726 -0.90349582360248337 -0.23990902356405411 -0.80165551899036436 -0.082016430162555901 1.4563056890872954
decision_type=2 2 2 2 2 2 2 2 2 2 2 2 2 2 2
left_child=1 -1 -3 4 13 6 -5 8 11 -10 -9 -8 -12 14 -4
right_child=-2 2 3 5 -6 -7 7 10 9 -11 12 -13 -14 -15 -16
leaf_value=0.00697350360935359 -0.0077711613616704735 -0.0035162181746637294 0 0.0031080373747978608 0.0066593050591607413 -0.0046323596326022162 -0.0012504539479668653 0.0060325245770527858 -0.0081753766241054685 0 0.0020178385203576338 0.00036483895267775741 -0.0001997848597547084 0.00064968362486193755 -0.00091263267909863803
leaf_weight=12.999999999999998 11.999999999999998 10.999999999999998 12.000000000000002 15.999999999999998 10.999999999999998 13.999999999999998 93 10.999999999999998 12.000000000000002 10.999999999999998 18 229 60 10.999999999999998 10.999999999999998
leaf_count=13 12 11 12 16 11 14 93 11 12 11 18 229 60 11 11
internal_value=-3.28931e-05 0.000212885 -2.04231e-05 8.16237e-05 0.00216462 -0.00013057 5.32431e-05 -8.43242e-05 -0.000518108 -0.00495921 0.00145023 -9.47265e-05 0.000336337 0 -0.000477257
internal_weight=545 533 520 509 45 464 450 434 345 23 89 322 78 34 23
internal_count=545 533 520 509 45 464 450 434 345 23 89 322 78 34 23
is_linear=0
shrinkage=0.0529975


Tree=202
num_leaves=16
num_cat=0
split_feature=19 38 47 13 45 30 7 29 25 52 39 19 36 19 8
split_gain=0.386355 0.102505 0.100046 0.102022 0.0856989 0.15434 0.0513039 0.102321 0.0765593 0.0624376 0.166899 0.077948 0.0491971 0.0309386 0.0197252
threshold=1.0782546332626139 -0.37905512615458281 0.66068322996836037 0.71361396071117855 1.6759414369285972 1.2529128884377021 1.527066262327532 0.74954040166073665 1.5812077543509779 1.0000000180025095e-35 -0.80165551899036436 -0.92602225282107575 1.4371240812312862 -0.54323978470450507 -0.65448179333522094
decision_type=2 2 2 2 2 2 2 2 2 2 2 2 2 2 2
left_child=1 2 3 -1 5 6 7 9 -8 11 -11 -3 -6 -12 -13
right_child=-2 4 -4 -5 12 -7 8 -9 -10 10 13 14 -14 -15 -16
leaf_value=0.00034652089109009311 -0.0066193527455178031 -0.0036444160200818504 -0.00011200431801686801 0.0072240965007399818 0 -0.004846641730494438 -0.00045972465327337312 -0.0034081909500174559 0.0045405832634757256 0.0049075000933150948 0.0017964614200223657 0.0006501542098754148 0.0042783858916707104 -0.00070536286082561951 -0.00029518289370725773
leaf_weight=14.000000000000002 18 11.999999999999998 19 10.999999999999998 12.000000000000002 12.999999999999998 11.000000000000002 19 10.999999999999998 20 11.999999999999998 77 13.999999999999998 52 230
leaf_count=14 18 12 19 11 12 13 11 19 11 20 12 77 14 52 230
internal_value=-3.03732e-05 0.000253511 0.00253845 0.00441011 2.50041e-06 -0.000166687 1.75752e-05 -0.00011094 0.00222797 7.51254e-05 0.00132226 -0.00025012 0.00266851 -2.27727e-05 -2.78501e-05
internal_weight=545 527 44 25 483 457 444 422 22 403 84 319 26 64 307
internal_count=545 527 44 25 483 457 444 422 22 403 84 319 26 64 307
is_linear=0
shrinkage=0.0529975


Tree=203
num_leaves=15
num_cat=0
split_feature=45 30 30 30 29 29 35 52 19 5 31 39 3 37
split_gain=0.379 0.315364 0.0703642 0.0787905 0.166505 0.141389 0.0705405 0.0905586 0.204722 0.141259 0.0489272 0.0253372 0.0046092 0.00252601
threshold=1.7894974863008961 -1.6045160372440099 -1.2827102050692498 -0.66021637375627751 0.55429414669926913 0.99250610888350865 -1.2356161011941302 1.0000000180025095e-35 -0.97088705664890151 -0.90349582360248337 -0.23990902356405411 -0.80165551899036436 -0.082016430162555901 1.4563056890872954
decision_type=2 2 2 2 2 2 2 2 2 2 2 2 2 2
left_child=1 -1 -3 4 12 6 -5 8 -8 -9 -10 -11 13 -4
right_child=-2 2 3 5 -6 -7 7 9 10 11 -12 -13 -14 -15
leaf_value=0.0069220378159616418 -0.0076030385788796364 -0.0033829507064216473 0 0.0029929400492972854 0.0063497935630280177 -0.0044873809994095343 -0.0061696829504017349 0.0057660946554364458 -0.0010896014286499351 0.0017792595217721754 0.00024608307503281868 -0.00017708793813452612 0.00063308792451646908 -0.00088222736972179861
leaf_weight=12.999999999999998 11.999999999999998 10.999999999999998 12.000000000000002 15.999999999999998 10.999999999999998 13.999999999999998 10.999999999999998 10.999999999999998 106 18 228 60 10.999999999999998 10.999999999999998
leaf_count=13 12 11 12 16 11 14 11 11 106 18 228 60 11 11
internal_value=-2.6673e-05 0.00021363 -1.78009e-05 7.99038e-05 0.00206578 -0.00012173 5.59964e-05 -7.57168e-05 -0.000482373 0.00135807 -0.000169014 0.000286012 0 -0.000459933
internal_weight=545 533 520 509 45 464 450 434 345 89 334 78 34 23
internal_count=545 533 520 509 45 464 450 434 345 89 334 78 34 23
is_linear=0
shrinkage=0.0529975


Tree=204
num_leaves=16
num_cat=0
split_feature=13 7 11 29 17 29 29 25 28 29 29 29 5 2 14
split_gain=0.382973 0.232055 0.353483 0.372495 0.10387 0.40055 0.169948 0.0691791 0.0535451 0.203653 0.0742128 0.0330603 0.0217559 0.00820974 0.00251452
threshold=1.9449801053509139 -2.251833151424401 2.2335239833880842 1.1880524913612776 1.3903316759514752 0.88678181099218489 0.67528232375896413 -1.3308125281902385 -0.68233214201494385 -0.25359189156537315 0.69848664362485546 -0.51914819900760623 1.265816741428538 1.5170304791778297 1.8236216424969416
decision_type=2 2 2 2 2 2 2 2 2 2 2 2 2 2 2
left_child=1 -1 3 4 5 7 11 -3 9 -9 -10 -6 13 -13 -14
right_child=-2 2 -4 -5 6 -7 -8 8 10 -11 -12 12 14 -15 -16
leaf_value=0.0063126784596860969 -0.0076399950563786441 0.0032127598166569477 -0.0075008826214378209 0.0077568615484673378 0.0024498041012703852 -0.008081346171323547 0.0064579221560221497 0.00031002841271144359 -6.5957099677703841e-05 -0.0061729367098311561 0.003512098744171274 -0.00014957207370875812 -0.001760261986200233 0.001094256850767769 0
leaf_weight=10.999999999999998 11.999999999999998 11.999999999999998 10.999999999999998 11.999999999999998 10.999999999999998 11.999999999999998 10.999999999999998 40 331 12.999999999999998 10.999999999999998 10.999999999999998 12.000000000000002 24 10.999999999999998
leaf_count=11 12 12 11 12 11 12 11 40 331 13 11 11 12 24 11
internal_value=-2.39106e-05 0.000217688 5.78728e-06 0.000266014 0 -0.000343933 0.00167568 0 -0.000146019 -0.00162754 8.75903e-05 0.000364773 -0.000114015 0.000568268 -0.00129596
internal_weight=545 533 522 511 499 419 80 407 395 53 342 69 58 35 23
internal_count=545 533 522 511 499 419 80 407 395 53 342 69 58 35 23
is_linear=0
shrinkage=0.0529975


Tree=205
num_leaves=15
num_cat=0
split_feature=39 38 45 30 39 6 8 39 36 7 30 37 34 19
split_gain=0.368212 0.22537 0.0841948 0.136943 0.0864732 0.186406 0.0906303 0.0662422 0.0519626 0.0423555 0.0574058 0.0566407 0.0288729 0.0166546
threshold=-1.1558530955085182 -0.85777646155359866 1.6759414369285972 1.2529128884377021 -0.91978235659077423 -0.25002417953586903 2.023231164866321 -0.90565702642975776 1.4371240812312862 0.47755087747422081 -0.19480581771904446 2.0623125835100464 -0.41071687858870681 -0.3548451245661281
decision_type=2 2 2 2 2 2 2 2 2 2 2 2 2 2
left_child=-1 -2 3 4 5 -3 7 -6 -4 11 -11 -9 13 -7
right_child=1 2 8 -5 6 12 -8 9 -10 10 -12 -13 -14 -15
leaf_value=-0.0074901803593859758 0.0054686695098618713 -0.0055312351924507947 0 -0.0045939796277003524 0.0033301608069238029 0 0.0039562262727786627 -0.00017006409101786324 0.0042791267317700832 0.0026728632445768537 3.8670768112270702e-05 -0.0029765574255558236 -0.0012042249697199144 0.0023067586275711898
leaf_weight=11.999999999999998 15.999999999999998 18 13.000000000000002 12.999999999999998 10.999999999999998 11.999999999999998 11.999999999999998 247 13.999999999999998 26 107 17 13.999999999999998 13.000000000000002
leaf_count=12 16 18 13 13 11 12 12 247 14 26 107 17 14 13
internal_value=-2.20198e-05 0.000214619 0 -0.000181156 0 -0.00183793 0.000265728 8.45822e-05 0.00258332 -3.62271e-05 0.00069697 -0.000438748 0.000221404 0.00132361
internal_weight=545 533 517 490 477 57 420 408 27 397 133 264 39 25
internal_count=545 533 517 490 477 57 420 408 27 397 133 264 39 25
is_linear=0
shrinkage=0.0529975


Tree=206
num_leaves=15
num_cat=0
split_feature=19 13 44 45 30 13 29 6 5 26 29 8 19 24
split_gain=0.374324 0.0940492 0.294387 0.0869202 0.130312 0.0621511 0.144235 0.138368 0.0936217 0.0575419 0.0313196 0.0219301 0.0156524 0.0117739
threshold=1.0782546332626139 1.0978001978387761 -0.27848972336365163 1.6759414369285972 1.2529128884377021 0.67421024408270702 0.78170629896345034 -0.31001332184915381 -1.5453094088376014 -1.414999645407262 -0.91996353719568635 0.8675096686219349 -0.41834980088588797 -0.3615210895484936
decision_type=2 2 2 2 2 2 2 2 2 2 2 2 2 2
left_child=1 3 -3 4 5 6 8 -7 -1 -10 -11 13 -5 -9
right_child=-2 2 -4 12 -6 7 -8 11 9 10 -12 -13 -14 -15
leaf_value=0.0038203483170723752 -0.0065060381178898424 0.0063498251665049061 -0.0018045595518673802 0.0040563164439778292 -0.0044273634851258424 -0.0052584681265523568 0.0050964479606760696 0.0015175812088219747 -0.0029334825426520967 -0.0018190012540165456 0.00019241367016493722 -0.0012701121157305969 0.00033087121588548565 0
leaf_weight=11.999999999999998 18 20 18 11.000000000000002 12.999999999999998 12.999999999999998 10.999999999999998 18.999999999999996 12.999999999999998 17 337 17 10.999999999999998 15.000000000000002
leaf_count=12 18 20 18 11 13 13 11 19 13 17 337 17 11 15
internal_value=-1.97595e-05 0.000259382 0.00260896 3.32928e-05 -0.000122806 4.13758e-05 0.000312667 -0.00139718 7.84656e-05 -8.46092e-05 4.77284e-05 0 0.00291291 0.000782632
internal_weight=545 527 38 489 467 454 390 64 379 367 354 51 22 34
internal_count=545 527 38 489 467 454 390 64 379 367 354 51 22 34
is_linear=0
shrinkage=0.0529975


Tree=207
num_leaves=19
num_cat=0
split_feature=45 30 30 30 29 29 30 52 39 35 8 1 13 34 19 13 3 3
split_gain=0.369767 0.312124 0.0644982 0.0712493 0.154042 0.129773 0.275029 0.0657373 0.131281 0.0987248 0.199725 0.154585 0.0357984 0.0159001 0.0226404 0.00851658 0.0039009 0.0021025
threshold=1.7894974863008961 -1.6045160372440099 -1.2827102050692498 -0.66021637375627751 0.55429414669926913 0.74954040166073665 0.23966141775408889 1.0000000180025095e-35 -0.80165551899036436 -1.2356161011941302 0.97390045284613536 -0.52851467950102726 -1.0792551458842758 -0.60360570267587166 -0.16545183642694675 -0.0055038677584269549 -0.082016430162555901 -0.55648077004396812
decision_type=2 2 2 2 2 2 2 2 2 2 2 2 2 2 2 2 2 2
left_child=1 -1 -3 4 16 7 -7 9 -9 -5 12 -12 -11 15 -15 -10 17 -4
right_child=-2 2 3 5 -6 6 -8 8 13 10 11 -13 -14 14 -16 -17 -18 -19
leaf_value=0.0068905698134303006 -0.0075042144102465888 -0.003236004499883384 0 0.0033907983765715478 0.0060893070456589258 0.00067548781022402514 -0.0081340283354443856 0.0045863742489868726 -0.0014749675579009886 -0.0015997993874261932 -0.007659307630581604 0 0.00017228265298990483 0.0018788811810343427 -0.00014281137595730734 0 0.00056339725716457218 -0.00079823823903655265
leaf_weight=12.999999999999998 11.999999999999998 10.999999999999998 10.999999999999998 13.999999999999998 10.999999999999998 19.000000000000004 10.999999999999998 20 14.000000000000002 30 12.000000000000002 10.999999999999998 278 19 25 10.999999999999998 10.999999999999998 12.000000000000002
leaf_count=13 12 11 11 14 11 19 11 20 14 30 12 11 278 19 25 11 11 12
internal_value=-2.02097e-05 0.000216938 -1.32751e-05 7.96765e-05 0.00196824 -0.000111395 -0.00317753 0.000125092 0.00137001 -0.000194081 -0.00042407 -0.00462991 -5.33358e-06 5.24366e-05 0.000711131 -0.000794827 0 -0.000437956
internal_weight=545 533 520 509 45 464 30 434 89 345 331 23 308 69 44 25 34 23
internal_count=545 533 520 509 45 464 30 434 89 345 331 23 308 69 44 25 34 23
is_linear=0
shrinkage=0.0529975


Tree=208
num_leaves=27
num_cat=0
split_feature=19 38 17 45 1 34 29 47 19 19 3 36 31 3 19 12 3 37 39 2 44 38 39 12 44 17
split_gain=0.360299 0.0869372 0.100999 0.0845075 0.076569 0.508757 0.0766098 0.0710951 0.254872 0.0570969 0.0688588 0.0462987 0.0380575 0.035258 0.0335033 0.0341781 0.0324371 0.0421876 0.0289445 0.0286289 0.0247279 0.0210941 0.01813 0.0155036 0.0138438 0.0129913
threshold=1.0782546332626139 -0.37905512615458281 -0.61107092773640603 1.6759414369285972 0.077270382728210144 1.0000000180025095e-35 0.91470921892100709 1.0000000180025095e-35 -0.63732297160268458 -0.73828673672853917 -0.26775634616264371 1.4371240812312862 -0.79919466318240051 -0.19603499245963937 -0.63124966229775092 0.76209234608708754 0.27291232021384998 -0.81674439241534058 -0.86305666682133453 -0.10360708555641084 1.0000000180025095e-35 -0.60195936954731555 -0.63927416386584646 0.26330522675352502 1.1974606743659131 1.4413317934239942
decision_type=2 2 2 2 2 2 2 2 2 2 2 2 2 2 2 2 2 2 2 2 2 2 2 2 2 2
left_child=1 2 -1 4 5 7 14 8 -3 -9 19 -5 -12 21 15 -6 23 -18 20 -11 -16 -4 25 -10 -24 -20
right_child=-2 3 13 11 6 -7 -8 9 16 10 12 -13 -14 -15 18 -17 17 -19 22 -21 -22 -23 24 -25 -26 -27
leaf_value=0.0057241417210390838 -0.0063848542734601683 -0.0067340346066102723 -0.0019983003029988718 0 0.0031067853728351321 -0.0093463661581232229 0.0040753564334709558 0.002935177039919243 0 0.0021432528838163673 -0.0027860287791634567 0.0042278430225381339 -5.1431613488325268e-05 0.002316390796832287 0 0 0.0030753448166261389 0 0.001847292926343027 0 -0.0028929842849781647 0.00048291659528496976 -0.00043226953645365487 -0.0016912691646882878 0.0010333956795702173 0
leaf_weight=10.999999999999998 18 12.999999999999998 10.999999999999998 12.000000000000002 15.000000000000002 11.999999999999998 10.999999999999998 19 28 40 15.999999999999998 13.999999999999998 58 11.000000000000002 11.000000000000002 11.999999999999998 11.999999999999998 28 22 20 10.999999999999998 10.999999999999998 79 23 15.999999999999998 10.999999999999998
leaf_count=11 18 13 11 12 15 12 11 19 28 40 16 14 58 11 11 12 12 28 22 20 11 11 79 23 16 11
internal_value=-2.11291e-05 0.00025251 0.00235794 1.98641e-05 -0.000148163 -0.000727252 0.00064129 -9.43206e-05 -0.00115038 0.000595907 0.000102814 0.00266584 -0.000894524 0.000349115 0.000263157 0.00179793 0 0.00106031 -2.6819e-05 0.00140821 -0.0016125 -0.000670494 0.000253558 -0.000831381 -6.9564e-05 0.00123053
internal_weight=545 527 44 483 457 269 188 257 104 153 134 26 74 33 177 27 91 40 150 60 22 22 128 51 95 33
internal_count=545 527 44 483 457 269 188 257 104 153 134 26 74 33 177 27 91 40 150 60 22 22 128 51 95 33
is_linear=0
shrinkage=0.0529975


Tree=209
num_leaves=30
num_cat=0
split_feature=39 38 29 19 6 29 47 19 29 51 6 37 39 39 31 5 25 25 47 8 8 33 15 19 5 25 4 29 8
split_gain=0.354878 0.227706 0.0857382 0.257967 0.320801 0.116034 0.191187 0.0919161 0.0942673 0.0367931 0.0248969 0.0282209 0.0278439 0.0203914 0.0289117 0.0244825 0.019103 0.0453448 0.017013 0.0129846 0.0198955 0.0197548 0.0210812 0.0120068 0.0115389 0.0103532 0.00426889 0.00394112 0.00345275
threshold=-1.1558530955085182 -0.85777646155359866 0.11881274814264779 -0.3357664568293684 0.18554920720504389 0.67528232375896413 0.52132285828659686 -0.95772725582126561 -0.6645613915025097 1.0000000180025095e-35 0.48402615276326083 2.1084445962342691 -0.30472822905601454 1.7046715307591587 -0.067793863874690344 -1.2005873136312886 -0.10476799041521419 -0.78702065393137444 0.31228230076395158 -0.5127097674775597 -0.29710699071362828 0.30326429363959206 -1.1552996443780799 -0.27459863756046599 1.2262677339235746 0.16424198159548414 -0.41732449128737131 -0.43959928777834884 0.5142258285774326
decision_type=2 2 2 2 2 2 2 2 2 2 2 2 2 2 2 2 2 2 2 2 2 2 2 2 2 2 2 2 2
left_child=-1 -2 7 4 -4 19 -7 8 -3 10 11 12 18 14 15 -12 17 28 -9 21 -21 -5 24 -16 -23 -18 -22 -14 -11
right_child=1 2 3 5 -6 6 -8 9 -10 16 13 -13 27 -15 23 -17 25 -19 -20 20 26 22 -24 -25 -26 -27 -28 -29 -30
leaf_value=-0.007352232263134288 0.0054932030505545886 0.0056993075295505595 -0.010276685561097277 0.0011959826262857285 0 -0.0016704725638898006 0.0053928101666640719 0.0022770927029304236 0 0.00055267512324235727 -0.00049882429368344609 0.0030786981622319019 0.00043363269007273646 -0.0017166617366886228 -0.0020734817368354831 0.0014347289946410606 0.00095255787006222358 -0.002979245176943375 0 -0.0029023281318548725 0 0.001215974796772726 -0.0019163558495141938 0 -0.00066363028218719322 -0.0006451750121913496 -0.00081735964744135826 -0.00017484228271909272 -0.00043959817284872695
leaf_weight=11.999999999999998 15.999999999999998 12.000000000000002 11.000000000000002 12.999999999999998 14.999999999999998 12.999999999999998 19 28 10.999999999999998 15.000000000000002 18 10.999999999999998 41.999999999999993 12.999999999999998 11.000000000000002 46 17.000000000000004 20 13.999999999999998 13.999999999999998 13.999999999999995 10.999999999999998 18.000000000000004 11.999999999999998 10.999999999999998 13.999999999999998 21.000000000000004 62.000000000000007 10.999999999999998
leaf_count=12 16 12 11 13 15 13 19 28 11 15 18 11 42 13 11 46 17 20 14 14 14 11 18 12 11 14 21 62 11
internal_value=-2.02555e-05 0.000211817 0 -0.00101017 -0.00528574 0 0.00252875 0.00044359 0.00332093 0.000169831 0.00049065 0.000900429 0.000575377 -0.000101351 0.000160038 0.000794985 -0.000774887 -0.00141004 0.00163619 -0.000876346 -0.00146853 -0.00011685 -0.000795666 -0.00116492 8.58403e-05 5.45883e-05 -0.000384011 1.76325e-05 0
internal_weight=545 533 517 160 26 134 32 357 23 334 257 157 146 100 87 64 77 46 42 102 49 53 40 23 22 31 35 104 26
internal_count=545 533 517 160 26 134 32 357 23 334 257 157 146 100 87 64 77 46 42 102 49 53 40 23 22 31 35 104 26
is_linear=0
shrinkage=0.0529975


Tree=210
num_leaves=17
num_cat=0
split_feature=45 30 30 38 29 29 35 32 8 8 26 12 7 7 53 9
split_gain=0.36135 0.299359 0.0618871 0.0660736 0.291883 0.2211 0.0696331 0.072687 0.101152 0.0913618 0.0432851 0.0169259 0.0251969 0.0319004 0.0166238 0.0067098
threshold=1.7894974863008961 -1.6045160372440099 -1.2827102050692498 0.20872155743760359 0.63976665760306584 0.88678181099218489 -1.2356161011941302 -1.2412826634859477 1.1846244970882689 0.91664802833843739 1.3774236398144597 -0.98632518450781059 0.46674471639985715 0.93380470964677109 1.0593795073025254 0.083308969491546661
decision_type=2 2 2 2 2 2 2 2 2 2 2 2 2 2 2 2
left_child=1 -1 -3 5 6 10 -5 -8 9 -9 11 15 14 -14 -13 -4
right_child=-2 2 3 4 -6 -7 7 8 -10 -11 -12 12 13 -15 -16 -17
leaf_value=0.0067467280752406935 -0.0074216797947111871 -0.0031711303564907478 -0.0010654233477582163 0.0030650216084353948 -0.0062856591489582926 0.0053974216680322071 -0.0035311704454711761 0 0.0034093443183249969 -0.0037946972675708887 -0.0020426104040637519 -0.00010538806470920136 0.0029651162168203315 0 0.0013776363190096314 2.2796943333895149e-05
leaf_weight=12.999999999999998 11.999999999999998 10.999999999999998 18 13.999999999999998 15.999999999999998 20 10.999999999999998 235 17 12.999999999999998 15.999999999999998 81 20 12.999999999999998 20 14.999999999999998
leaf_count=13 12 11 18 14 16 20 11 235 17 13 16 81 20 13 20 15
internal_value=-2.34308e-05 0.000210889 -1.42783e-05 7.65109e-05 -0.000397974 0.000816062 2.40229e-05 -0.000167357 2.15445e-05 -0.000258191 0.000123049 0.000434521 0.000716149 0.00188769 0.00018375 -0.000464223
internal_weight=545 533 520 509 306 203 290 276 265 248 183 167 134 33 101 33
internal_count=545 533 520 509 306 203 290 276 265 248 183 167 134 33 101 33
is_linear=0
shrinkage=0.0529975


Tree=211
num_leaves=13
num_cat=0
split_feature=19 38 39 29 53 47 30 10 14 24 2 13
split_gain=0.358298 0.0815161 0.082219 0.11593 0.411383 0.186277 0.0774942 0.157537 0.0408818 0.0241839 0.0429491 0.023698
threshold=1.0782546332626139 -0.68690109666846921 -1.1512768679247249 0.63976665760306584 1.0000000180025095e-35 0.52132285828659686 1.0684567549518114 0.48815465057797414 -1.3277866220774943 -1.1775959117802184 -1.0383866851108159 -0.054758513544016361
decision_type=2 2 2 2 2 2 2 2 2 2 2 2
left_child=1 -1 -3 6 5 -5 8 -8 -4 -10 -11 -12
right_child=-2 2 3 4 -6 -7 7 -9 9 10 11 -13
leaf_value=0.0038737621774564274 -0.0063703290412446848 0.0037399465105937848 -0.0019923351879153266 -0.003129317500723385 -0.0086236010355605509 0.0040660580783760981 -0.00054530107815037592 0.0058362069003947102 0.0020845291904679013 -0.0023704890142178026 -0.00014482957236396858 0.00066169806704236835
leaf_weight=10.999999999999998 18 10.999999999999998 20 11.000000000000002 12.999999999999998 18 18 13.999999999999998 11.999999999999998 12.999999999999998 215 171
leaf_count=11 18 11 20 11 13 18 18 14 12 13 215 171
internal_value=-2.44542e-05 0.000248419 0.000114142 0 -0.00248839 0.00106865 0.000246163 0.00254322 2.70752e-05 0.00016933 6.44729e-05 0.000199305
internal_weight=545 527 516 505 42 29 463 32 431 411 399 386
internal_count=545 527 516 505 42 29 463 32 431 411 399 386
is_linear=0
shrinkage=0.0529975


Tree=212
num_leaves=15
num_cat=0
split_feature=13 7 8 29 12 26 31 29 31 39 31 10 35 44
split_gain=0.350565 0.220478 0.343395 0.346037 0.0907754 0.152695 0.118502 0.142985 0.148112 0.0731495 0.0645216 0.0764941 0.0467879 0.0120426
threshold=1.9449801053509139 -2.251833151424401 2.2335239833880842 1.1880524913612776 -1.5712548210644959 1.3774236398144597 0.60523993127795672 0.11881274814264779 0.44981156148379736 -0.56694565077481152 0.98206914809663148 -0.83837175268941777 -1.2356161011941302 -0.7704731892735065
decision_type=2 2 2 2 2 2 2 2 2 2 2 2 2 2
left_child=1 -1 3 4 9 6 7 12 -9 -3 11 -8 -6 -12
right_child=-2 2 -4 -5 5 -7 10 8 -10 -11 13 -13 -14 -15
leaf_value=0.0061463731403669317 -0.0073119057533734579 0.0051091020221058501 -0.0073998702192314449 0.0074756787587877032 0.0027700653100963062 -0.0043089665115989733 0 -0.00097877990808913312 -0.006671107166897651 0 -0.0011543126784808498 0.0036449133653430692 0 0.00051948758724591521
leaf_weight=10.999999999999998 11.999999999999998 11.000000000000002 10.999999999999998 11.999999999999998 11.999999999999998 18 19 72 11.999999999999998 14.999999999999998 13.999999999999998 44 261 21
leaf_count=11 12 11 11 12 12 18 19 72 12 15 14 44 261 21
internal_value=-2.48388e-05 0.000205785 0 0.000255751 0 -0.000187088 1.47524e-05 -0.00042215 -0.00225989 0.00272847 0.00160606 0.00255205 0.000154691 -5.05692e-05
internal_weight=545 533 522 511 499 473 455 357 84 26 98 63 273 35
internal_count=545 533 522 511 499 473 455 357 84 26 98 63 273 35
is_linear=0
shrinkage=0.0529975


Tree=213
num_leaves=16
num_cat=0
split_feature=39 38 29 45 29 37 19 39 39 45 19 37 53 13 37
split_gain=0.339789 0.214695 0.0896195 0.0730122 0.0454371 0.225594 0.192117 0.0426829 0.0386016 0.0402792 0.0228397 0.0222157 0.016524 0.0219452 0.0114504
threshold=-1.1558530955085182 -0.85777646155359866 0.99250610888350865 1.7894974863008961 -0.62400762929631193 -0.63011943184916475 -0.77729306540003507 -1.0449328170218728 -0.69848839585506151 -1.1629597973788728 -0.61139804268437181 0.2275166228875313 -0.36007183007885429 -0.054758513544016361 1.1795136127419574
decision_type=2 2 2 2 2 2 2 2 2 2 2 2 2 2 2
left_child=-1 -2 3 4 5 -3 -6 -8 9 -9 -10 -7 14 -14 -13
right_child=1 2 -4 -5 6 11 7 8 10 -11 -12 12 13 -15 -16
leaf_value=-0.0071995956227719395 0.0053300997733295285 0.0062208362837321649 -0.0036910273409366395 0.0035285525603175249 -0.004945450365756339 -0.0018766914248829192 -0.0025568706358716723 -0.00082103384774582014 -0.0020901750961873681 0.0013522144250729703 -4.0203715246501621e-05 0 -0.0015171900490815481 0.00068337798696344271 0.0020938365183108196
leaf_weight=11.999999999999998 15.999999999999998 12.999999999999998 11.999999999999998 10.999999999999998 17 11.999999999999998 10.999999999999998 22 10.999999999999998 104 247 11.000000000000002 18.999999999999996 16.000000000000004 10.999999999999998
leaf_count=12 16 13 12 11 17 12 11 22 11 104 247 11 19 16 11
internal_value=-2.52866e-05 0.000201577 -3.07657e-06 0.000113174 0 0.0010903 -0.000234651 2.15953e-05 0.000151545 0.000899783 -0.000199554 -0.0002033 0.000183221 -0.000388029 0.00122997
internal_weight=545 533 517 505 494 82 412 395 384 126 258 69 57 35 22
internal_count=545 533 517 505 494 82 412 395 384 126 258 69 57 35 22
is_linear=0
shrinkage=0.0529975


Tree=214
num_leaves=21
num_cat=0
split_feature=45 30 30 19 29 29 8 52 39 35 19 34 45 39 5 5 8 6 39 29
split_gain=0.346602 0.296249 0.0581915 0.0626139 0.402996 0.209518 0.511936 0.0804666 0.109851 0.10433 0.153372 0.0425269 0.0412294 0.018931 0.011223 0.0485266 0.0141147 0.0259152 0.00880146 0.00671829
threshold=1.7894974863008961 -1.6045160372440099 -1.2827102050692498 -0.13695324231613623 0.55429414669926913 0.7731741465887918 -1.0389942329791786 1.0000000180025095e-35 -0.69848839585506151 -1.2356161011941302 -0.97088705664890151 -0.60360570267587166 0.65393699257790783 1.946446891419239 0.56126490577403487 0.66526598449751051 -0.033437552464992741 -0.21251619737676489 -0.63927416386584646 0.092064071066336753
decision_type=2 2 2 2 2 2 2 2 2 2 2 2 2 2 2 2 2 2 2 2
left_child=1 -1 -3 4 7 13 -7 9 -9 -4 -11 -10 -12 14 16 -16 17 -5 -17 -18
right_child=-2 2 3 5 -6 6 -8 8 11 10 12 -13 -14 -15 15 18 19 -19 -20 -21
leaf_value=0.006702997472326536 -0.0072741730223661281 -0.0030833006445634774 0.0032042700760423802 0.0026659937542871681 -0.0084119560986102276 -0.0023925615132879114 0.0098189048511800221 0.0050965944512577606 -0.0018731020391577109 -0.0057072027520013125 0.00015059091205428841 0.0013984737487486828 -0.0016770776085444055 0.001716230481291042 -0.0025749412641292387 0.00079496211883997212 0.00012079893693019489 0 -0.00022359726335560265 -0.00085627816652905728
leaf_weight=12.999999999999998 11.999999999999998 10.999999999999998 12.999999999999998 10.999999999999998 10.999999999999998 13.000000000000002 14.999999999999998 12.999999999999998 12.999999999999998 10.999999999999998 117 21 40 11.999999999999998 18 27 49 33 72 20
leaf_count=13 12 11 13 11 11 13 15 13 13 11 117 21 40 12 18 27 49 33 72 20
internal_value=-2.85902e-05 0.00020069 -2.31503e-05 6.45508e-05 -0.000537761 0.000623116 0.00452186 1.81149e-05 0.00186784 -0.000469341 -0.000894383 0 -0.000316772 4.5428e-05 -5.35404e-05 -0.000430893 0.000280498 0.000979968 1.72049e-05 -0.000115099
internal_weight=545 533 520 509 239 270 28 228 47 181 168 34 157 242 230 117 113 44 99 69
internal_count=545 533 520 509 239 270 28 228 47 181 168 34 157 242 230 117 113 44 99 69
is_linear=0
shrinkage=0.0529975


Tree=215
num_leaves=15
num_cat=0
split_feature=19 13 44 45 30 13 29 6 5 26 39 8 19 24
split_gain=0.349825 0.080769 0.243603 0.0863986 0.109319 0.0500949 0.115437 0.113996 0.0771416 0.0500375 0.0357632 0.0164974 0.0117489 0.00990141
threshold=1.0782546332626139 1.0978001978387761 -0.27848972336365163 1.6759414369285972 1.2529128884377021 0.67421024408270702 0.78170629896345034 -0.31001332184915381 -1.5453094088376014 -1.414999645407262 -0.88168880801376159 0.8675096686219349 -0.41834980088588797 -0.3615210895484936
decision_type=2 2 2 2 2 2 2 2 2 2 2 2 2 2
left_child=1 3 -3 4 5 6 8 -7 -1 -10 -11 13 -5 -9
right_child=-2 2 -4 12 -6 7 -8 11 9 10 -12 -13 -14 -15
leaf_value=0.0034579552914549344 -0.0062977878378558628 0.005823995618312542 -0.0015818755998959783 0.0039557217722254344 -0.00406591742986039 -0.0047699645960154764 0.0045498523458112035 0.0013630802677771241 -0.0027429421826862354 0.0019044625394310066 -9.3738739758945116e-05 -0.0010975985617411069 0.00041452103071657061 0
leaf_weight=11.999999999999998 18 20 18 11.000000000000002 12.999999999999998 12.999999999999998 10.999999999999998 18.999999999999996 12.999999999999998 21 333 17 10.999999999999998 15.000000000000002
leaf_count=12 18 20 18 11 13 13 11 19 13 21 333 17 11 15
internal_value=-2.74357e-05 0.00024207 0.00241972 3.1473e-05 -0.000124101 2.51171e-05 0.000270438 -0.00126512 5.91606e-05 -8.70504e-05 3.51445e-05 0 0.00290263 0.000682537
internal_weight=545 527 38 489 467 454 390 64 379 367 354 51 22 34
internal_count=545 527 38 489 467 454 390 64 379 367 354 51 22 34
is_linear=0
shrinkage=0.0529975


Tree=216
num_leaves=24
num_cat=0
split_feature=3 29 29 29 19 42 30 53 29 29 30 9 39 25 31 3 1 9 13 30 37 45 7
split_gain=0.334986 1.18509 0.559134 0.105426 0.168358 0.0857868 0.111201 0.0862479 0.309665 0.214657 0.142319 0.0657601 0.0618737 0.0357956 0.031997 0.0193725 0.0190834 0.0151923 0.0242711 0.0138433 0.0123122 0.00881846 0.00067478
threshold=0.74002062381803124 0.6273942987389155 1.1880524913612776 -0.62400762929631193 -0.71234336683649502 1.0000000180025095e-35 -1.2357643872213815 1.0000000180025095e-35 0.58687950133281286 0.78170629896345034 1.1485607431090135 -0.062756608992104099 -0.80165551899036436 -0.83606730048995681 0.91109251678669823 -0.29718049127156848 -0.55143778753185158 0.61916849406195451 -0.084311301015370002 0.22114772662105717 0.20235370685613588 0.65393699257790783 -0.54650470272485296
decision_type=2 2 2 2 2 2 2 2 2 2 2 2 2 2 2 2 2 2 2 2 2 2 2
left_child=2 3 5 11 -5 -1 -7 9 12 10 13 -2 15 20 -15 -9 -6 18 -14 22 -8 -19 -18
right_child=1 -3 -4 4 16 6 7 8 -10 -11 -12 -13 17 14 -16 -17 19 21 -20 -21 -22 -23 -24
leaf_value=0.0032800308709848027 0.0046605238304001807 -0.015583406072379598 0.0088059308332721856 -0.0058587171461275504 0.0017230123473703229 -0.0041216882397049851 -0.0026988182020030232 0.0033175853679765321 -0.007345974530178696 0.0060552507663860023 0.0048098596178564306 -2.1302113237465679e-05 -0.0016283912673455746 0.00054501708157902464 -0.00099673216515538997 0 0 0.00099421181282041519 0 -0.0015252484605270346 0 -0.00030015144109003594 0.0004397262696364116
leaf_weight=17 11.000000000000002 10.999999999999998 15.999999999999998 10.999999999999998 10.999999999999998 11.999999999999998 12.000000000000002 12.000000000000002 11.999999999999998 13.999999999999998 11.999999999999998 10.999999999999998 46 153 42 10.999999999999998 10.999999999999995 20 46 11.999999999999998 11.999999999999998 18 12.000000000000005
leaf_count=17 11 11 16 11 11 12 12 12 12 14 12 11 46 153 42 11 11 20 46 12 12 18 12
internal_value=-2.54885e-05 -0.00288526 0.000555202 -6.03333e-05 -0.00133306 0.000124186 -3.07989e-05 0.000129831 -0.000769985 0.000767574 0.000272538 0.00256695 0 -6.66013e-05 0.000158369 0.00222587 0.000165671 -0.000470643 -0.00084339 -0.000333836 -0.00179359 0.000264993 0.000233761
internal_weight=545 90 455 79 57 439 422 410 165 245 231 22 153 219 195 23 46 130 92 35 24 38 23
internal_count=545 90 455 79 57 439 422 410 165 245 231 22 153 219 195 23 46 130 92 35 24 38 23
is_linear=0
shrinkage=0.0529975


Tree=217
num_leaves=12
num_cat=0
split_feature=39 38 29 30 10 30 7 39 29 39 1
split_gain=0.336479 0.19921 0.0937774 0.0752752 0.145169 0.0615614 0.063705 0.0236134 0.0350246 0.0255518 0.0266819
threshold=-1.1558530955085182 -0.85777646155359866 0.99250610888350865 1.0684567549518114 0.48815465057797414 0.83988821281013359 -0.19967188325312279 -1.0449328170218728 0.69848664362485546 -0.98176190957331844 1.6584989200252311
decision_type=2 2 2 2 2 2 2 2 2 2 2
left_child=-1 -2 3 5 -5 7 -7 -3 9 -9 -11
right_child=1 2 -4 4 -6 6 -8 8 -10 10 -12
leaf_value=-0.0071657997001046527 0.0051389723174513607 -0.0017271903913923499 -0.0037704032297849162 -0.00055058522305545499 0.0055613305972334794 -0.0041643007083272164 0 0.0018775476557441571 0.0021875253163238938 -0.00013354339767236253 0.0016191782726937237
leaf_weight=11.999999999999998 15.999999999999998 11.999999999999998 11.999999999999998 18 13.999999999999998 13.999999999999998 19 14.999999999999998 18 375 20
leaf_count=12 16 12 12 18 14 14 19 15 18 375 20
internal_value=-2.65615e-05 0.000199145 0 0.000121632 0.00239522 -4.56617e-05 -0.00207458 0.000116693 0.000207634 7.36425e-05 -4.49401e-06
internal_weight=545 533 517 505 32 473 33 440 428 410 395
internal_count=545 533 517 505 32 473 33 440 428 410 395
is_linear=0
shrinkage=0.0529975


Tree=218
num_leaves=20
num_cat=0
split_feature=27 1 14 30 27 30 1 9 29 44 30 1 29 27 37 6 9 7 35
split_gain=0.328947 0.07824 0.10497 0.124394 0.101656 0.09575 0.373827 0.0652145 0.0589366 0.299531 0.0512035 0.024072 0.0244726 0.0321857 0.0306177 0.0153209 0.0092828 0.00765223 0.0068724
threshold=1.0782546332625993 -0.88755018861797075 -1.4145032253308849 0.89794870023472273 -0.18832185409517418 0.83988821281013359 0.077270382728210144 -0.088010206000967109 0.69848664362485546 1.0000000180025095e-35 1.1158556766981123 1.6584989200252311 0.51570612243515501 -0.63124966229776225 2.0623125835100464 1.0128732692479463 0.80700826987684293 0.75838092719554961 -1.0719057054887207
decision_type=2 2 2 2 2 2 2 2 2 2 2 2 2 2 2 2 2 2 2
left_child=1 2 -1 4 18 8 -7 -6 11 -10 -8 12 13 -3 15 -15 -9 -14 -4
right_child=-2 5 3 -5 7 6 10 16 9 -11 -12 -13 17 14 -16 -17 -18 -19 -20
leaf_value=-0.0013412455102574954 -0.0061063187742714208 0.0018463291217637966 -0.0019872312924877301 0.0067139590106776005 0.0053841066209796094 -0.0069963263324870116 -0.00026183175095725322 -1.841304028196536e-05 0.0056972054557974782 -0.0026154723055451627 0.0033933026387805844 0.0015531596771508826 -0.0021811438742102467 -0.00019426369519596283 -0.0022509904292873999 0.00075087376850257114 0.0014492687904908948 0 0
leaf_weight=19 18 19 11.000000000000002 10.999999999999998 10.999999999999998 19 16.000000000000004 14.000000000000002 21 15.999999999999998 12.999999999999998 20 14.000000000000002 223 11.999999999999998 55 10.999999999999998 10.999999999999998 10.999999999999998
leaf_count=19 18 19 11 11 11 19 16 14 21 16 13 20 14 223 12 55 11 11 11
internal_value=-2.5576e-05 0.000235373 0.00162547 0.00257745 0.00112821 -4.57328e-05 -0.00215166 0.00275677 0.000223796 0.00207665 0.00147777 0 -0.000120056 0 -0.000132417 0 0.000557468 -0.00154132 -0.0013069
internal_weight=545 527 88 69 58 439 48 36 391 37 29 354 334 309 290 278 25 25 22
internal_count=545 527 88 69 58 439 48 36 391 37 29 354 334 309 290 278 25 25 22
is_linear=0
shrinkage=0.0529975


Tree=219
num_leaves=26
num_cat=0
split_feature=45 30 3 29 29 2 29 39 19 36 9 45 31 14 45 14 31 31 1 29 6 33 14 8 36
split_gain=0.323806 0.299265 0.0536816 0.264228 0.149789 0.0687145 0.0649314 0.197426 0.13296 0.0406 0.0374645 0.057784 0.0648186 0.0645964 0.0386776 0.0497124 0.0435936 0.0387832 0.0292658 0.0231366 0.0230021 0.0172285 0.0379421 0.0142556 0.0107535
threshold=1.7894974863008961 -1.6045160372440099 0.065104295382068286 0.99250610888350865 0.7731741465887918 -1.2586012860100468 -0.62400762929631193 -0.35365965590939757 -0.83382283659871825 0.031795689694839868 -0.2917892285310098 -0.36806745177278138 0.91109251678669823 -0.69327489095512473 1.1081611900671031 -0.094718824596356069 -1.1680168690217747 -0.047619721137843934 -1.0466141943440603 -0.42378981793710108 -0.41289318267654535 -0.81400603375282599 -0.77153133779355054 0.49165819004824213 0.80444635914515694
decision_type=2 2 2 2 2 2 2 2 2 2 2 2 2 2 2 2 2 2 2 2 2 2 2 2 2
left_child=1 -1 3 5 6 -3 7 -4 -8 -9 14 12 13 -12 15 16 -7 -17 -10 24 -21 -20 -23 -11 -13
right_child=-2 2 4 -5 -6 10 8 9 18 23 11 19 -14 -15 -16 17 -18 -19 21 20 -22 22 -24 -25 -26
leaf_value=0.006732798176429888 -0.0070277640147283962 -0.0032465745394730208 0.006514052250762261 -0.0064110748205420494 0.0053492739934434567 0 -0.004804204982633572 0.0016246678604999484 0.0018280421131555724 0 0 0.0019752907301878132 -0.00027813465283021353 0.0045219828235035743 0.0011767192786528444 0.001103016396525255 -0.0041451075982810752 -0.0015395050740735217 -0.0015306024043217044 0.00020888819477184612 -0.0013966058771109206 0.0023450500825010086 -0.00025206541774765992 -0.0022820099432463068 0
leaf_weight=12.999999999999998 11.999999999999998 11.999999999999998 10.999999999999998 13.999999999999998 10.999999999999998 14.000000000000002 10.999999999999998 14.999999999999998 18 15.000000000000002 12.999999999999998 12.000000000000002 18 23 18 29 15.999999999999998 22 15.999999999999998 39.999999999999993 39.000000000000007 11.999999999999998 116 12.999999999999998 11.999999999999998
leaf_count=13 12 12 11 14 11 14 11 15 18 15 13 12 18 23 18 29 16 22 16 40 39 12 116 13 12
internal_value=-2.3928e-05 0.000197229 -2.77734e-05 -0.000529844 0.000536892 -6.35408e-05 0.000142048 0.00166819 -0.000335225 -7.4402e-05 0.000129895 0.000651517 0.00196344 0.00313023 -0.000620767 -0.00115407 -0.00266418 0 8.72961e-05 -4.23839e-05 -0.000544135 -0.000148113 3.33348e-05 -0.00131609 0.00115498
internal_weight=545 533 520 282 238 268 227 54 173 43 256 157 54 36 99 81 30 51 162 103 79 144 128 28 24
internal_count=545 533 520 282 238 268 227 54 173 43 256 157 54 36 99 81 30 51 162 103 79 144 128 28 24
is_linear=0
shrinkage=0.0529975


Tree=220
num_leaves=15
num_cat=0
split_feature=39 38 45 39 35 29 29 9 30 4 14 25 45 14
split_gain=0.318721 0.187296 0.0895248 0.0959267 0.0801693 0.267749 0.0896606 0.0475262 0.103675 0.050472 0.0455347 0.0318656 0.00693517 0.0101845
threshold=-1.1558530955085182 -0.85777646155359866 1.7894974863008961 -1.0606611111965953 1.1727551818529272 0.74954040166073665 0.78170629896345034 1.4335351696782734 1.0684567549518114 -0.62096204957644674 -1.3277866220774943 1.4617117943855911 0.88104909132250542 1.8976480111278851
decision_type=2 2 2 2 2 2 2 2 2 2 2 2 2 2
left_child=-1 -2 3 -3 5 7 11 8 10 -9 -5 -6 13 -13
right_child=1 2 -4 4 6 -7 -8 9 -10 -11 -12 12 -14 -15
leaf_value=-0.0069711662981108841 0.0049866105818374053 -0.0039331179902582095 0.0037771855313780975 -0.0024222356902403393 0.0020111513015758737 -0.0068398396738170789 0.0047940467584763188 0 0.0036601251525212406 -0.0039842807238167468 5.4810184902722174e-05 -0.0010347412233054987 0.000505599490650543 0.00035997643411288493
leaf_weight=11.999999999999998 15.999999999999998 11.999999999999998 10.999999999999998 15.999999999999998 21 10.999999999999998 11.999999999999998 13.000000000000002 15.999999999999998 10.999999999999998 332 31 20 10.999999999999998
leaf_count=12 16 12 11 16 21 11 12 13 16 11 332 31 20 11
internal_value=-2.23619e-05 0.00019694 0 -0.000132298 0 -0.000327098 0.00134182 -2.34417e-05 0.000123663 -0.00206609 -7.84476e-05 0.000474838 -7.42734e-05 -0.000524597
internal_weight=545 533 517 506 494 399 95 388 364 24 348 83 62 42
internal_count=545 533 517 506 494 399 95 388 364 24 348 83 62 42
is_linear=0
shrinkage=0.0529975


Tree=221
num_leaves=18
num_cat=0
split_feature=19 39 19 29 53 45 31 30 29 7 45 9 39 45 9 34 30
split_gain=0.32662 0.0819701 0.0950012 0.157827 0.245227 0.109463 0.0628598 0.0620203 0.13235 0.0359496 0.0268547 0.0183996 0.0299137 0.0131229 0.0321984 0.0227262 0.00234238
threshold=1.0782546332626139 -1.1512768679247249 0.57942704204251372 0.63976665760306584 1.0000000180025095e-35 -0.14095535302818379 0.53546145317687588 1.0684567549518114 -0.42378981793710108 -1.9754482841524654 0.19971279508871262 -1.235495028343917 -0.5612317575249578 -0.70873559988967771 -0.23219308055222279 1.7542449708267644 -0.34932996197812083
decision_type=2 2 2 2 2 2 2 2 2 2 2 2 2 2 2 2 2
left_child=1 -1 3 7 5 -5 10 9 -9 -3 -4 12 -11 14 -13 -15 -14
right_child=-2 2 6 4 -6 -7 -8 8 -10 11 -12 13 16 15 -16 -17 -18
leaf_value=0.003872547040625614 -0.0060809721182732432 -0.0023827073079781499 -0.00073675493506845035 0.0028685272403499626 -0.0076756171415801365 -0.0028180038930690401 0.0050860544479493994 0.004508175525317488 -0.0013873636686459237 0.002647677061613759 0.0020264843491416551 -0.00071367220384102419 0.00035194804354738292 -0.00040409055873386822 0.0010920882732115152 0.0012068133248401543 -0.00048529332299931103
leaf_weight=10.999999999999998 18 10.999999999999998 14.000000000000002 14 12.999999999999998 12 10.999999999999998 20 11.999999999999998 13.999999999999998 10.999999999999998 33 10.999999999999998 234 73 20 13.000000000000002
leaf_count=11 18 11 14 14 13 12 11 20 12 14 11 33 11 234 73 20 13
internal_value=-2.15134e-05 0.000238431 0.000103983 -9.23701e-05 -0.00309275 0 0.00252772 0.000195274 0.00224348 0 0.000410559 0.000105298 0.0011298 -4.98415e-07 0.000459441 -0.000225475 0
internal_weight=545 527 516 480 39 26 36 441 32 409 25 398 38 360 106 254 24
internal_count=545 527 516 480 39 26 36 441 32 409 25 398 38 360 106 254 24
is_linear=0
shrinkage=0.0529975


Tree=222
num_leaves=22
num_cat=0
split_feature=45 30 23 29 29 22 1 44 25 19 13 30 29 31 29 28 4 5 45 37 45
split_gain=0.317458 0.287555 0.0483863 0.239706 0.140344 0.0625219 0.0614314 0.115818 0.0866422 0.0388644 0.0392843 0.0367685 0.0775342 0.0536085 0.0260391 0.0269324 0.0244508 0.020996 0.0191419 0.0343632 0.0114643
threshold=1.7894974863008961 -1.6045160372440099 0.065104295382060001 0.99250610888350865 0.7731741465887918 -1.2586012860100475 -0.96153778120526734 -0.7704731892735065 -0.8651625286172262 -0.58317633917525924 -0.73447262538515012 0.62218772731163263 0.69848664362485546 0.4735612641560622 0.60923513714294653 -0.37484249765759953 -0.49353453988459617 -1.2005873136312886 -0.8222916492619764 -0.73706182498259232 -1.2765158467511715
decision_type=2 2 2 2 2 2 2 2 2 2 2 2 2 2 2 2 2 2 2 2 2
left_child=1 -1 3 5 6 -3 7 -4 -8 10 -10 12 14 -13 15 -7 -12 -9 20 -20 -11
right_child=-2 2 4 -5 -6 11 8 17 9 18 16 13 -14 -15 -16 -17 -18 -19 19 -21 -22
leaf_value=0.0066057649274128593 -0.0069543770871254851 -0.0030908901364294868 -0.0014799484668915851 -0.0060996152558180266 0.0051728956248867537 0.0020704001863328446 -0.0031504325341072492 0.005444429402083035 -0.00049925460418281562 -1.0832206572905341e-05 0 -0.0033059416114639812 0.0035656677319771879 0.00031026200545380516 -0.0018210209048079111 2.0133891343857778e-05 0.0032084185795069817 0.00078790121139835664 -0.0019438091851403142 0 0.0014924857033106948
leaf_weight=12.999999999999998 11.999999999999998 11.999999999999998 10.999999999999998 13.999999999999998 10.999999999999998 14.999999999999998 19 10.999999999999998 12.999999999999998 17 10.999999999999998 13.999999999999998 13.999999999999998 18 11.999999999999998 183 21 11.000000000000002 32 65 15.999999999999998
leaf_count=13 12 12 11 14 11 15 19 11 13 17 11 14 14 18 12 183 21 11 32 65 16
internal_value=-1.91386e-05 0.000199674 -2.06795e-05 -0.000498157 0.000514784 -5.2966e-05 0.000131763 0.0020713 -0.000215446 0.000158436 0.00142545 0.00013026 0.000403439 -0.00136005 6.7151e-05 0.000265989 0.00234657 0.00403308 -0.000272299 -0.000675867 0.000656357
internal_weight=545 533 520 282 238 268 227 33 194 175 45 256 224 32 210 198 32 22 130 97 33
internal_count=545 533 520 282 238 268 227 33 194 175 45 256 224 32 210 198 32 22 130 97 33
is_linear=0
shrinkage=0.0529975


Tree=223
num_leaves=23
num_cat=0
split_feature=3 29 29 12 30 42 30 53 29 29 30 39 6 25 31 3 25 8 37 5 53 19
split_gain=0.318703 1.08065 0.546898 0.0913623 0.132567 0.08279 0.0979317 0.0732477 0.254534 0.174574 0.120651 0.0544187 0.0525028 0.0295112 0.0288551 0.0176433 0.0138526 0.0201664 0.0107001 0.0090456 0.00877543 0.00985332
threshold=0.74002062381803124 0.6273942987389155 1.1880524913612776 0.77690392152255128 0.88237165100966586 1.0000000180025095e-35 -1.2357643872213815 1.0000000180025095e-35 0.58687950133281286 0.78170629896345034 1.1485607431090135 -0.80165551899036436 1.070545142625978 -0.83606730048995681 0.91109251678669823 -0.29718049127156848 -0.30891459746189509 0.45988943514773828 0.20235370685613588 -0.1087521560968658 -0.36007183007885429 -0.16019818992092613
decision_type=2 2 2 2 2 2 2 2 2 2 2 2 2 2 2 2 2 2 2 2 2 2
left_child=2 3 5 4 20 -1 -7 9 11 10 13 15 -5 18 -15 -9 17 -13 -8 -18 -2 -22
right_child=1 -3 -4 12 -6 6 7 8 -10 -11 -12 16 -14 14 -16 -17 19 -19 -20 -21 21 -23
leaf_value=0.0032231583912405624 0.00093674968301838302 -0.014933849740125477 0.0087094343481382147 0.0036319131813824903 -0.0054252008173639515 -0.0038687823164316967 -0.0024604744403674897 0.0031175395526898812 -0.0066688459160757886 0.0054810340513625211 0.0044367915689468131 -0.0015841615960390867 -4.6993973825678065e-05 0.00051933063519070367 -0.00094356362179137763 0 0.0011368258482892728 3.4295003708199789e-06 0 -0.00020154140285329016 -0.0013738514312118632 0.00024036638000973702
leaf_weight=17 15.999999999999995 10.999999999999998 15.999999999999998 15.000000000000002 10.999999999999998 11.999999999999998 12.000000000000002 12.000000000000002 11.999999999999998 13.999999999999998 11.999999999999998 43 14.999999999999998 153 42 10.999999999999998 11.999999999999998 26 11.999999999999998 49 10.999999999999995 11.000000000000009
leaf_count=17 16 11 16 15 11 12 12 12 12 14 12 43 15 153 42 11 12 26 12 49 11 11
internal_value=-1.66134e-05 -0.00280657 0.000549422 -0.000101344 -0.00152527 0.000122969 -2.90086e-05 0.000120732 -0.000706888 0.000709508 0.00025949 0 0.00189702 -5.05051e-05 0.000150746 0.00207919 -0.000449638 -0.000940363 -0.00162178 3.56747e-05 3.0456e-05 -0.000438646
internal_weight=545 90 455 79 49 439 422 410 165 245 231 153 30 219 195 23 130 69 24 61 38 22
internal_count=545 90 455 79 49 439 422 410 165 245 231 153 30 219 195 23 130 69 24 61 38 22
is_linear=0
shrinkage=0.0529975


Tree=224
num_leaves=23
num_cat=0
split_feature=19 1 14 30 19 30 1 9 7 26 29 3 30 30 26 31 37 35 47 9 35 25
split_gain=0.311507 0.074232 0.0934198 0.10665 0.0929054 0.0896776 0.319671 0.0571372 0.0544314 0.106691 0.0619127 0.167519 0.044555 0.0216064 0.0575644 0.0257312 0.0262884 0.0204046 0.0170602 0.00863869 0.00571942 0.00551552
threshold=1.0782546332626139 -0.88755018861797075 -1.4145032253308849 0.89794870023472273 -0.18832185409516231 0.83988821281013359 0.077270382728210144 -0.088010206000967109 1.527066262327532 1.3774236398144597 0.67528232375896413 -0.3597067996280337 1.1158556766981123 0.25202357818623405 -0.31512888577300807 0.7791504936449386 2.0623125835100464 -0.26500239748679782 0.73036341580924213 0.80700826987684293 -1.0719057054887207 -0.75321742951589243
decision_type=2 2 2 2 2 2 2 2 2 2 2 2 2 2 2 2 2 2 2 2 2 2
left_child=1 2 -1 4 20 8 -7 -6 9 10 13 -12 -8 15 21 16 -3 -16 -17 -9 -4 -15
right_child=-2 5 3 -5 7 6 12 19 -10 -11 11 -13 -14 14 17 18 -18 -19 -20 -21 -22 -23
leaf_value=-0.0012036273594879592 -0.0059359466685998856 -0.00025078880289718694 -0.001824158944679178 0.0063378099881476763 0.0051518395384017746 -0.0065537495679212718 -0.00030960981544107786 0 0.0025246535896161068 -0.0040475474818097061 -0.00090204391530504513 0.0061792993409096643 0.0030793712057673923 0.00032907017326940083 -0.001578073081267082 0 -0.0024713552484605227 0.00027543640111733525 0.0021914151377136594 0.0014261232004976019 0 0.0029032242458172574
leaf_weight=19 18 195 11.000000000000002 10.999999999999998 10.999999999999998 19 16.000000000000004 14.000000000000002 21 10.999999999999998 15.000000000000002 10.999999999999998 12.999999999999998 11.999999999999998 15.999999999999998 14.000000000000002 11.999999999999998 52 11.999999999999998 10.999999999999998 10.999999999999998 20
leaf_count=19 18 195 11 11 11 19 16 14 21 11 15 11 13 12 16 14 12 52 12 11 11 20
internal_value=-1.79083e-05 0.000235629 0.0015894 0.00248638 0.00112139 -3.78077e-05 -0.00207668 0.00267687 0.000222482 3.50624e-05 0.000243733 0.0024722 0.00127733 8.48253e-06 0.000657027 -0.000250139 -0.000478261 -0.000158832 0.00109702 0.000576563 -0.00120264 0.00232601
internal_weight=545 527 88 69 58 439 48 36 391 370 359 26 29 333 100 233 207 68 26 25 22 32
internal_count=545 527 88 69 58 439 48 36 391 370 359 26 29 333 100 233 207 68 26 25 22 32
is_linear=0
shrinkage=0.0529975


Tree=225
num_leaves=20
num_cat=0
split_feature=17 19 19 1 37 38 29 29 14 19 12 39 26 29 13 39 37 9 6
split_gain=0.314366 1.93703 0.58911 0.0939606 0.121515 0.0673729 0.212079 0.116931 0.0419457 0.0473651 0.0385695 0.0359719 0.0323954 0.037334 0.0193367 0.0170715 0.0107437 0.0068136 0.00146591
threshold=-1.3571207634493772 1.0782546332626139 0.38603713801689205 -0.88755018861797075 -0.7098019992819159 0.20872155743760359 0.63976665760306584 0.99250610888350865 -0.91323895774421293 -0.74651601231882447 0.36987089203339213 1.7634864794973992 1.3774236398144597 0.67528232375896413 -0.094162230172487885 1.7448722280453988 1.8777845326131508 -0.40666899095104653 -0.47476369506614485
decision_type=2 2 2 2 2 2 2 2 2 2 2 2 2 2 2 2 2 2 2
left_child=2 3 -1 4 -2 7 8 12 -7 10 -10 14 13 15 -11 17 18 -5 -6
right_child=1 -3 -4 5 16 6 -8 -9 9 11 -12 -13 -14 -15 -16 -17 -18 -19 -20
leaf_value=-0.00101804423611622 0.0048411094564566066 -0.017448033120358995 0.011994259389892827 -0.00048369382784312163 -0.00054673556929301845 -0.00233007942613661 -0.0055805744758235546 0.0048097935420426422 0.00324529010772141 -0.0005054656953944191 0 -0.0024949793807617069 -0.0016551013326490029 0.002826537763240248 0.00055774887665708617 0.0016562542728781459 0.0012900727395218101 0.0002622086185338242 0
leaf_weight=19.000000000000004 21 11.999999999999998 10.999999999999998 52 15.999999999999998 15.999999999999998 15.999999999999998 11.999999999999998 15.999999999999998 97 19 11.999999999999998 14.999999999999998 11.999999999999998 84 12.999999999999998 10.999999999999998 75 15.999999999999998
leaf_count=19 21 12 11 52 16 16 16 12 16 97 19 12 15 12 84 13 11 75 16
internal_value=-1.45042e-05 -0.000357783 0.00476234 0.000236964 0.00204233 -3.45107e-05 -0.000588918 0.000726005 -0.000107653 7.41713e-05 0.00173447 -0.000235011 0.000235639 0.000522167 0 0.000168828 0.000107727 0 -0.000254333
internal_weight=545 515 30 503 64 439 260 179 244 228 35 193 167 152 181 140 43 127 32
internal_count=545 515 30 503 64 439 260 179 244 228 35 193 167 152 181 140 43 127 32
is_linear=0
shrinkage=0.0529975


Tree=226
num_leaves=12
num_cat=0
split_feature=39 38 45 39 2 29 13 9 30 30 29
split_gain=0.31484 0.209115 0.0856653 0.086409 0.0674932 0.139261 0.0544094 0.0355902 0.0807028 0.0614327 0.0461442
threshold=-1.1558530955085182 -0.85777646155359866 1.7894974863008961 -1.0606611111965953 1.7720646377904952 0.88678181099218489 -0.0055038677584269549 1.4058277343555114 1.0684567549518114 0.81566411525288152 -0.033294231742207199
decision_type=2 2 2 2 2 2 2 2 2 2 2
left_child=-1 -2 3 -3 5 7 -6 8 9 -5 -9
right_child=1 2 -4 4 6 -7 -8 10 -10 -11 -12
leaf_value=-0.0069202016378687491 0.0052657256651826015 -0.0037405738697323223 0.0036906576188850959 0.00016539730771724257 0 -0.0048696356533520658 0.0041710750363121787 0 0.0030708458158357882 -0.0020931643623626505 -0.003601202965809716
leaf_weight=11.999999999999998 15.999999999999998 11.999999999999998 10.999999999999998 380 12.000000000000002 10.999999999999998 12.999999999999998 17.000000000000004 19 31 10.999999999999998
leaf_count=12 16 12 11 380 12 11 13 17 19 31 11
internal_value=-1.31974e-05 0.000204607 0 -0.000133346 0 -0.000158247 0.00239419 1.325e-06 0.000144871 -1.58566e-05 -0.0016344
internal_weight=545 533 517 506 494 469 25 458 430 411 28
internal_count=545 533 517 506 494 469 25 458 430 411 28
is_linear=0
shrinkage=0.0529975


Tree=227
num_leaves=14
num_cat=0
split_feature=13 7 8 29 45 17 29 29 9 45 37 14 5
split_gain=0.303693 0.205578 0.295134 0.306334 0.0798261 0.0679682 0.280393 0.0977345 0.0394226 0.0509761 0.0395178 0.0104436 0.00608133
threshold=1.9449801053509139 -2.251833151424401 2.2335239833880842 1.1880524913612776 1.7894974863008961 1.3903316759514752 0.88678181099218489 0.67528232375896413 1.4335351696782734 0.086156745716413782 -0.81674439241534058 1.5803921455666998 1.265816741428538
decision_type=2 2 2 2 2 2 2 2 2 2 2 2 2
left_child=1 -1 3 4 5 6 8 11 10 -10 -3 -7 -13
right_child=-2 2 -4 -5 -6 7 -8 -9 9 -11 -12 12 -14
leaf_value=0.0059355024378064851 -0.0067982913802020969 0.00068372070841336602 -0.0068592727416096344 0.0070311496678987012 0.0035640689591672245 0.0010893156998455381 -0.0068960403111487456 0.0048407738795068966 -0.0036800228747119581 0.00024495852042996858 -0.00040468143353331124 0.00022562016174591394 -0.00076965355603314642
leaf_weight=10.999999999999998 11.999999999999998 152 10.999999999999998 11.999999999999998 10.999999999999998 20 11.999999999999998 10.999999999999998 13.000000000000002 10.999999999999998 222 25 22
leaf_count=11 12 152 11 12 11 20 12 11 13 11 222 25 22
internal_value=-1.45702e-05 0.000199133 0 0.000237976 0 -0.000129716 -0.000418485 0.00122654 -0.000106436 -0.00195887 2.30919e-05 0.00018856 -0.00014283
internal_weight=545 533 522 511 499 488 410 78 398 24 374 67 47
internal_count=545 533 522 511 499 488 410 78 398 24 374 67 47
is_linear=0
shrinkage=0.0529975


Tree=228
num_leaves=29
num_cat=0
split_feature=45 30 30 29 29 8 1 15 39 25 29 24 36 30 5 25 30 10 3 8 35 9 31 30 35 47 36 37
split_gain=0.311574 0.285167 0.041853 0.265907 0.14055 0.270644 0.0518919 0.101313 0.115421 0.072837 0.0502106 0.037396 0.0310289 0.0532109 0.0264769 0.027214 0.0205415 0.0252096 0.0188999 0.0133002 0.0126126 0.0114175 0.0262196 0.0103393 0.0072715 0.00326064 0.00260551 6.46472e-05
threshold=1.7894974863008961 -1.6045160372440099 0.41858325918345057 0.67528232375896413 0.67528232375896413 -0.74199266462636426 -0.65589634079426917 0.96628740063246543 -0.37614519901597027 -0.8265320433975768 0.23832575056983082 -0.64978118423572617 1.1963706117648829 0.57768355033597929 0.56126490577403487 1.7288076299570638 0.30623422519323845 0.50527911159490457 -0.17212787455863815 -0.54067499710729083 1.3196398250599277 -1.6711790476729631 -1.2230690306083336 -0.24326545948369957 0.19806968841869885 0.10324174324130626 0.031795689694839868 0.62592946005127559
decision_type=2 2 2 2 2 2 2 2 2 2 2 2 2 2 2 2 2 2 2 2 2 2 2 2 2 2 2 2
left_child=1 -1 4 6 10 -6 7 8 -4 -8 16 -12 13 26 23 24 19 -18 -15 20 25 -21 -23 -13 -16 -3 -11 -22
right_child=-2 2 3 -5 5 -7 9 -9 -10 12 11 14 -14 18 15 -17 17 -19 -20 21 27 22 -24 -25 -26 -27 -28 -29
leaf_value=0.0065829509462039543 -0.0068839816067794097 0 0.0063129126595103694 -0.0070113591343650798 -0.00061926903754028141 0.0074715988575302927 -0.0037744495324492562 -0.0014822550256589865 -5.1202681801477162e-05 -3.1176032819969176e-05 -0.0035457344121742809 0.0015836481623070892 -0.0016991330391536916 0 -0.00038534840116190506 0.00030591649585305186 0 0.0028500051088297634 0.0018815563387467561 -0.0013626125351356951 0 0.0014075910158550377 -0.00029245377999106477 -4.6444413530205968e-06 -0.0029728902440664825 0.001824423466042646 -0.0018439982394097274 -0.00010335977829353323
leaf_weight=12.999999999999998 11.999999999999998 11.000000000000002 11 10.999999999999998 21 14.999999999999998 10.999999999999998 11.999999999999998 11 13.000000000000002 10.999999999999998 11.000000000000002 18 13.999999999999998 15.000000000000002 11.999999999999998 11.000000000000002 11.999999999999998 42 12.999999999999998 18.000000000000004 25 137 11.999999999999998 12.999999999999998 18 10.999999999999998 10.999999999999998
leaf_count=13 12 11 11 11 21 15 11 12 11 13 11 11 18 14 15 12 11 12 42 13 18 25 137 12 13 18 11 11
internal_value=-1.28166e-05 0.000203787 -1.56416e-05 -0.000744431 0.000279288 0.00317108 0 0.0016447 0.00355195 -0.000571499 -6.63556e-05 -0.00124351 0 0.00045589 -0.000467083 -0.00128401 0.000267929 0.00161222 0.00137279 6.88847e-05 0.000742576 -0.00013301 0 0.000684502 -0.00210463 0.00142148 -0.00129743 0
internal_weight=545 533 520 154 366 36 143 34 22 109 330 74 98 80 63 40 256 23 56 233 58 175 162 23 28 29 24 29
internal_count=545 533 520 154 366 36 143 34 22 109 330 74 98 80 63 40 256 23 56 233 58 175 162 23 28 29 24 29
is_linear=0
shrinkage=0.0529975


Tree=229
num_leaves=23
num_cat=0
split_feature=17 19 39 1 37 38 29 29 34 34 26 29 13 19 17 19 39 8 49 37 34 6
split_gain=0.299993 1.83191 0.528155 0.0846951 0.106891 0.0658344 0.187554 0.106004 0.0410739 0.0880542 0.0297973 0.0357798 0.0226029 0.0408755 0.033199 0.0494956 0.0152968 0.0133047 0.0105839 0.00989177 0.00730914 0.00126132
threshold=-1.3571207634493772 1.0782546332626139 -0.92704100512702003 -0.88755018861797075 -0.7098019992819159 0.20872155743760359 0.63976665760306584 0.99250610888350865 -0.65849572485004393 -0.73305319463412733 1.3774236398144597 0.67528232375896413 -0.054758513544016361 -0.60422274417682142 -0.34573477766013477 -0.74651601231882447 1.7448722280453988 0.8675096686219349 1.0000000180025095e-35 1.8777845326131508 -0.18677459096891189 -0.47476369506614485
decision_type=2 2 2 2 2 2 2 2 2 2 2 2 2 2 2 2 2 2 2 2 2 2
left_child=2 3 -1 4 -2 7 8 10 9 17 11 16 14 -14 -10 -16 20 -7 -15 21 -5 -6
right_child=1 -3 -4 5 19 6 -8 -9 12 -11 -12 -13 13 18 15 -17 -18 -19 -20 -21 -22 -23
leaf_value=0.011490025332898897 0.0045664357043076692 -0.016972615687390488 -0.00083839357568463635 -0.00045102870626174344 -0.00050159993226605746 0.00085529358569792248 -0.0052760544232155985 0.0046125047875340639 -0.0021276376044254454 -0.0046054694824746367 -0.0015580125457776096 0.0027836565608516527 0.0029026055542951479 -0.00017038709073833349 0.0023350834911671737 -0.00038767891677100641 0.0015819922028780524 -0.0010391257924785391 0.0012917415806134203 0.0012465321500333987 0.0003186035726056989 0
leaf_weight=11.000000000000002 21 11.999999999999998 19 57 15.999999999999998 20.000000000000004 15.999999999999998 11.999999999999998 15.999999999999998 10.999999999999998 14.999999999999998 11.999999999999998 14.999999999999998 53 17 90 12.999999999999998 10.999999999999998 10.999999999999998 10.999999999999998 70 15.999999999999998
leaf_count=11 21 12 19 57 16 20 16 12 16 11 15 12 15 53 17 90 13 11 11 11 70 16
internal_value=-1.69676e-05 -0.000352558 0.00464901 0.000225503 0.0019396 -3.14612e-05 -0.000579755 0.000720166 -0.000124697 -0.0015356 0.000249918 0.000524899 0.000170891 0.00085706 -0.000235027 8.40566e-05 0.000177071 0 7.0262e-05 0.000112309 0 -0.000228947
internal_weight=545 515 30 503 64 439 260 179 244 42 167 152 202 79 123 107 140 31 64 43 127 32
internal_count=545 515 30 503 64 439 260 179 244 42 167 152 202 79 123 107 140 31 64 43 127 32
is_linear=0
shrinkage=0.0529975


Tree=230
num_leaves=21
num_cat=0
split_feature=23 29 38 29 19 45 29 9 9 44 29 29 23 12 9 13 1 30 26 7
split_gain=0.30288 0.975447 0.559602 0.0781072 0.148707 0.060479 0.0899013 0.0791574 0.0510822 0.0377228 0.0337734 0.0377026 0.0224623 0.0355512 0.0288959 0.0240726 0.0155157 0.0125123 0.00612831 0.000576421
threshold=0.74002062381802314 0.6273942987389155 -0.85777646155359866 -0.62400762929631193 -0.71234336683649502 1.4488293381839996 0.99250610888350865 0.95771659356792516 -0.062756608992104099 -0.27848972336365163 0.78170629896345034 0.60923513714294653 0.64439215221401758 1.4650018586778282 -1.2067186390077422 0.45748980262611355 -0.55143778753185158 0.22114772662105717 0.018063848003439867 -0.54650470272485296
decision_type=2 2 2 2 2 2 2 2 2 2 2 2 2 2 2 2 2 2 2 2
left_child=2 3 -1 8 -5 6 10 9 -2 -7 11 12 13 14 -4 -15 -6 19 -11 -18
right_child=1 -3 5 4 16 7 -8 -9 -10 18 -12 -13 -14 15 -16 -17 17 -19 -20 -21
leaf_value=0.0087897489486986301 0.0039566807182410619 -0.014259502814002747 0.0017030148280318433 -0.0055056616208861648 0.0015597787666592018 0.0022133914898477612 -0.0035695586593899203 0.0048068176078961966 -9.6417551232241854e-05 -0.0015426307051555313 0.002249870901529422 -0.0019509701816815908 0.0019229320045272436 -0.0029698694218690085 0 0 0 -0.0014308257266544885 0 0.00042840051220178295
leaf_weight=15.999999999999998 11.000000000000002 10.999999999999998 25 10.999999999999998 10.999999999999998 10.999999999999998 13.999999999999998 10.999999999999998 10.999999999999998 11.000000000000002 12.999999999999998 21 11.999999999999998 12.000000000000002 285 11.999999999999998 10.999999999999995 11.999999999999998 11.999999999999998 12.000000000000005
leaf_count=16 11 11 25 11 11 11 14 11 11 11 13 21 12 12 285 12 11 12 12 12
internal_value=-1.51395e-05 -0.00273529 0.000536341 -0.000155687 -0.00125155 0.000105448 -9.86365e-05 0.00183077 0.00209405 0.000116996 6.46106e-05 -2.89959e-05 9.90611e-05 0 0.000166278 -0.00174287 0.000149017 -0.000287284 -0.000895132 0.000240977
internal_weight=545 90 455 79 57 439 394 45 22 34 380 367 346 334 310 24 46 35 23 23
internal_count=545 90 455 79 57 439 394 45 22 34 380 367 346 334 310 24 46 35 23 23
is_linear=0
shrinkage=0.0529975


Tree=231
num_leaves=11
num_cat=0
split_feature=39 38 45 39 2 29 36 30 30 30
split_gain=0.295879 0.19134 0.0811128 0.0762795 0.0673813 0.128184 0.0541181 0.0349663 0.0849157 0.0553983
threshold=-1.1558530955085182 -0.85777646155359866 1.7894974863008961 -1.0606611111965953 1.7720646377904952 0.88678181099218489 0.076587032851379896 1.3172068235561969 1.0684567549518114 0.90938718312148792
decision_type=2 2 2 2 2 2 2 2 2 2
left_child=-1 -2 3 -3 5 7 -6 8 9 -5
right_child=1 2 -4 4 6 -7 -8 -9 -10 -11
leaf_value=-0.0067110629903009266 0.0050369356402390581 -0.0035189403425499419 0.0035914214089154926 9.3050331793358615e-05 0.0041601152180894309 -0.0046816881377818005 0 -0.0023544166127350101 0.0035673289648339877 -0.0023785133067698956
leaf_weight=11.999999999999998 15.999999999999998 11.999999999999998 10.999999999999998 413 13.000000000000002 10.999999999999998 11.999999999999998 10.999999999999998 12.999999999999998 21
leaf_count=12 16 12 11 413 13 11 12 11 13 21
internal_value=-1.50799e-05 0.0001957 0 -0.000129599 0 -0.000162203 0.00238801 0 9.39144e-05 -4.14524e-05
internal_weight=545 533 517 506 494 469 25 458 447 434
internal_count=545 533 517 506 494 469 25 458 447 434
is_linear=0
shrinkage=0.0529975


Tree=232
num_leaves=25
num_cat=0
split_feature=45 30 19 29 29 11 52 13 11 12 30 38 11 29 7 7 11 11 29 9 10 6 6 6
split_gain=0.297223 0.260882 0.0429529 0.293934 0.138922 0.322531 0.0697365 0.0832322 0.07968 0.0934793 0.0452375 0.0343404 0.0340727 0.0306088 0.0289806 0.0283943 0.0241249 0.0226707 0.0212789 0.0153166 0.0173008 0.0113369 0.00815941 0.0146056
threshold=1.7894974863008961 -1.6045160372440099 -0.13695324231613623 0.55429414669926913 0.67528232375896413 -1.0389942329791786 1.0000000180025095e-35 -0.054758513544016361 1.0250222033349827 0.95127183809463067 1.2529128884377021 -0.62108709288109554 -0.13512864915979886 0.91470921892100709 -0.64360779414838276 -0.27206472911495433 0.0057349260893891788 -0.57956101264722126 0.60923513714294653 0.51530509240502587 -0.070679045973420548 -0.86254907882523035 1.070545142625978 0.80364483120044805
decision_type=2 2 2 2 2 2 2 2 2 2 2 2 2 2 2 2 2 2 2 2 2 2 2 2
left_child=1 -1 3 6 11 -6 8 16 10 -10 12 -4 17 -7 -9 -14 -8 -3 19 22 21 -21 23 -13
right_child=-2 2 4 -5 5 13 7 14 9 -11 -12 18 15 -15 -16 -17 -18 -19 -20 20 -22 -23 -24 -25
leaf_value=0.006296870144121519 -0.0067270237276375305 0 -0.0022428314084536921 -0.0072665560660987293 -0.0021809615809011596 0.001798009887575773 0.00086306369996990123 0.0050267300160266376 -0.0051802262558397552 7.8426437160411248e-05 0.0023522240128933673 0 -0.00043119181217442552 0.0081931651008405378 0.00041173518914747127 0.0013412799635246595 -0.00178673543775791 -0.0023093601619231258 -0.0015685942683393477 0.00031913906008195506 0 0.0028239196172588584 0.00092766324875457825 -0.001566310392148048
leaf_weight=12.999999999999998 11.999999999999998 25 12.999999999999998 10.999999999999998 14.999999999999998 11.000000000000002 12.000000000000002 12.000000000000002 14.000000000000002 12.999999999999998 13.999999999999998 135 54 12.999999999999998 10.999999999999998 35 11.999999999999998 26 12.999999999999998 21 20 10.999999999999998 17 11.999999999999998
leaf_count=13 12 25 13 11 15 11 12 12 14 13 14 135 54 13 11 35 12 26 13 21 20 11 17 12
internal_value=-1.59337e-05 0.00019536 -1.39451e-05 -0.000541727 0.000412553 0.00312043 -9.53468e-06 0.00165715 -0.000518934 -0.00288248 0 -6.05736e-05 -0.000335373 0.00644027 0.00360202 0.000232988 -0.000321309 -0.00136993 8.76569e-05 0.000258479 0.000998756 0.00167376 0 -0.000142982
internal_weight=545 533 520 239 281 39 228 47 181 27 154 242 140 24 23 89 24 51 229 216 52 32 164 147
internal_count=545 533 520 239 281 39 228 47 181 27 154 242 140 24 23 89 24 51 229 216 52 32 164 147
is_linear=0
shrinkage=0.0529975


Tree=233
num_leaves=17
num_cat=0
split_feature=39 38 45 39 35 29 29 53 19 8 4 9 25 30 45 24
split_gain=0.288217 0.163797 0.0853928 0.07104 0.0613183 0.191716 0.0666946 0.0392783 0.0931652 0.0690126 0.0811423 0.0409247 0.0266571 0.0257525 0.00959102 0.00940885
threshold=-1.1558530955085182 -0.85777646155359866 1.7894974863008961 -1.0606611111965953 1.1727551818529272 0.74954040166073665 0.67528232375896413 1.0593795073025254 -0.61992875493280475 1.0250222033349827 -1.1622003561429641 0.61916849406195451 1.4617117943855911 -0.34932996197812083 0.88104909132250542 1.7668714985381542
decision_type=2 2 2 2 2 2 2 2 2 2 2 2 2 2 2 2
left_child=-1 -2 3 -3 5 7 12 9 -9 11 -11 -5 -6 -10 15 -14
right_child=1 2 -4 4 6 -7 -8 8 13 10 -12 -13 14 -15 -16 -17
leaf_value=-0.0066228120544174294 0.0046730327213274974 -0.0033900832972312165 0.003698971827355227 -0.00041473871855919153 0.0017370804420361726 -0.0058038113890345354 0.0037912781880305433 0.0041011738957845104 0.0013998916696039585 7.4592068468476745e-05 -0.0042789853922711495 0.0010504383026071458 -0.0012859066049944186 -0.0005597854947182588 0.0004858057569727569 0
leaf_weight=11.999999999999998 15.999999999999998 11.999999999999998 10.999999999999998 194 21 10.999999999999998 15.999999999999998 13.999999999999998 21 17 19 67 24 56 20 13.999999999999998
leaf_count=12 16 12 11 194 21 11 16 14 21 17 19 67 24 56 20 14
internal_value=-1.38926e-05 0.000193967 0 -0.00011936 0 -0.000291546 0.00116809 -3.15905e-05 0.000877312 -0.000344979 -0.00233971 0 0.000324644 0 -0.00019246 -0.000725755
internal_weight=545 533 517 506 494 399 95 388 91 297 36 261 79 77 58 38
internal_count=545 533 517 506 494 399 95 388 91 297 36 261 79 77 58 38
is_linear=0
shrinkage=0.0529975


Tree=234
num_leaves=14
num_cat=0
split_feature=19 39 35 10 30 25 8 31 31 7 29 10 29
split_gain=0.287822 0.0792105 0.0762034 0.0854449 0.0709676 0.0691088 0.0581446 0.0530454 0.0618891 0.0626065 0.050067 0.0427198 0.0293926
threshold=1.0782546332626139 -1.1512768679247249 -1.2356161011941302 0.96371414770507402 1.2529128884377021 -1.2412826634859453 1.1846244970882689 0.66856331366879385 0.98570477989189198 1.5744293204194071 0.60923513714294653 -0.83837175268941777 -0.89685283675921912
decision_type=2 2 2 2 2 2 2 2 2 2 2 2 2
left_child=1 -1 3 -3 5 -4 7 10 11 -10 12 -9 -7
right_child=-2 2 4 -5 -6 6 -8 8 9 -11 -12 -13 -14
leaf_value=0.0038042033983327868 -0.0057006620891043138 0.0049087770375827542 -0.0032243209801875879 -7.3989420750722402e-05 -0.0029354963118056509 -0.0019105780855725365 0.002699508493197784 0 -0.0012220784328716087 0.0019363739873938625 -0.0026283882004583575 0.0032280398479128396 4.2354988123441632e-05
leaf_weight=10.999999999999998 18 13.000000000000002 10.999999999999998 13.999999999999998 17 17 19 19 44 21 18 34 289
leaf_count=11 18 13 11 14 17 17 19 19 44 21 18 34 289
internal_value=-1.12771e-05 0.000231891 9.95307e-05 0.00256952 -5.22138e-05 7.25436e-05 0.000206559 4.91063e-05 0.000995979 -2.59131e-05 -0.000286408 0.00224289 -7.83894e-05
internal_weight=545 527 516 27 489 472 461 442 118 65 324 53 306
internal_count=545 527 516 27 489 472 461 442 118 65 324 53 306
is_linear=0
shrinkage=0.0529975


Tree=235
num_leaves=25
num_cat=0
split_feature=45 30 19 29 29 8 53 35 8 39 34 13 29 10 45 28 29 39 46 13 19 45 44 13
split_gain=0.286257 0.250167 0.0390197 0.268863 0.12966 0.304845 0.0601153 0.0809877 0.125357 0.0781574 0.0325193 0.0325192 0.0254182 0.0253946 0.0388331 0.0147835 0.0147455 0.0136362 0.00865545 0.0134303 0.0138018 0.0100095 0.0106031 3.19382e-05
threshold=1.7894974863008961 -1.6045160372440099 -0.13695324231613623 0.55429414669926913 0.67528232375896413 -1.0389942329791786 1.0593795073025254 -1.2356161011941302 1.0250222033349827 -0.69848839585506151 -0.60360570267587166 0.95003626048200773 0.91470921892100709 -0.64010162163973228 -0.70873559988967771 -0.37484249765759953 0.14166478361825202 1.946446891419239 0.45820649254739221 -0.41924289235737794 0.052765665871175878 -1.0494037480065741 1.0000000180025095e-35 -0.58670868802838194
decision_type=2 2 2 2 2 2 2 2 2 2 2 2 2 2 2 2 2 2 2 2 2 2 2 2
left_child=1 -1 3 6 11 -6 7 -3 13 -8 -11 17 -7 15 -15 -9 -13 18 19 23 -21 -20 -23 -4
right_child=-2 2 4 -5 5 12 9 8 -10 10 -12 16 -14 14 -16 -17 -18 -19 21 20 -22 22 -24 -25
leaf_value=0.0061707062549191333 -0.0065976299178096588 0.0027475853350546284 0 -0.0069437773479019624 -0.0021300875002041222 0.0017721718159936107 0.0042660518139832513 0.0020924267120455884 -0.0043446343443469902 -0.0016637558517465297 0.0011981419409532385 0 0.0079067664318007227 0.0007181245119621903 -0.0011628481055959078 0 -0.0026862215236179029 0.0015286734736162288 0.00059407363362350368 0.0016262103978651953 0 0 -0.0010778000698106417 -0.00061641889878536393
leaf_weight=12.999999999999998 11.999999999999998 12.999999999999998 11.000000000000002 10.999999999999998 14.999999999999998 11.000000000000002 12.999999999999998 12.000000000000002 19 12.999999999999998 21 11.000000000000002 12.999999999999998 36 89 11.999999999999998 11.999999999999998 11.999999999999998 18 26 39 57 45 10.999999999999998
leaf_count=13 12 13 11 11 15 11 13 12 19 13 21 11 13 36 89 12 12 12 18 26 39 57 45 11
internal_value=-1.09912e-05 0.000196092 -8.63837e-06 -0.000512448 0.000397286 0.0030135 -2.32487e-06 -0.000477595 -0.000853393 0.00154312 0 -5.88409e-05 0.00624426 -0.000212279 -0.000559734 0.00111467 -0.00174645 0.000129175 0 0.000394826 0.000803628 -0.000279088 -0.00052228 -0.000476942
internal_weight=545 533 520 239 281 39 228 181 168 47 34 242 24 149 125 24 23 219 207 87 65 120 102 22
internal_count=545 533 520 239 281 39 228 181 168 47 34 242 24 149 125 24 23 219 207 87 65 120 102 22
is_linear=0
shrinkage=0.0529975


Tree=236
num_leaves=12
num_cat=0
split_feature=13 7 4 29 25 30 31 37 29 30 31
split_gain=0.285403 0.182595 0.294839 0.108668 0.084738 0.0623514 0.0299359 0.0625936 0.0614151 0.030153 0.0223534
threshold=1.9449801053509139 -2.251833151424401 -1.4508747826476045 1.0276841064871944 -1.3308125281902385 1.2529128884377021 -0.23990902356405411 1.8777845326131508 0.7731741465887918 0.89794870023472273 -0.09729718756552759
decision_type=2 2 2 2 2 2 2 2 2 2 2
left_child=1 -1 -3 4 -4 6 7 9 10 -6 -8
right_child=-2 2 3 -5 5 -7 8 -9 -10 -11 -12
leaf_value=0.0056068308818276241 -0.0065840860544821153 -0.0064600054956712389 0.0036590832065268582 0.0039148278114242568 0.00019633485682556633 -0.002738518561506057 0.0013198658853514418 -0.0032647243374221819 0.0031896926278844238 -0.0019965362266874316 0
leaf_weight=10.999999999999998 11.999999999999998 12.999999999999998 11.999999999999998 15.999999999999998 130 17 35 13.999999999999998 14.999999999999998 13.999999999999998 256
leaf_count=11 12 13 12 16 130 17 35 14 15 14 256
internal_value=-6.99268e-06 0.000199727 1.01737e-05 0.00026228 8.41217e-05 -3.46805e-05 8.31967e-05 -0.000478702 0.000399339 -4.15881e-05 0.000170492
internal_weight=545 533 522 509 493 481 464 158 306 144 291
internal_count=545 533 522 509 493 481 464 158 306 144 291
is_linear=0
shrinkage=0.0529975


Tree=237
num_leaves=17
num_cat=0
split_feature=39 38 45 29 44 39 19 3 19 31 39 45 30 34 9 10
split_gain=0.278296 0.156507 0.0895532 0.0704799 0.0349639 0.0648554 0.0485526 0.0317767 0.0424836 0.058842 0.02972 0.0294876 0.0333113 0.0240834 0.0210795 0.00409958
threshold=-1.1558530955085182 -0.85777646155359866 1.7894974863008961 0.99250610888350865 1.1974606743659131 -0.69848839585506151 -0.97088705664890151 0.52853458084763438 -0.53091630390676692 1.0000000180025095e-35 -1.0170465855962101 -0.14095535302818379 0.25202357818623405 -0.18677459096891189 -0.23219308055222279 -0.11464120809996929
decision_type=2 2 2 2 2 2 2 2 2 2 2 2 2 2 2 2
left_child=-1 -2 3 4 6 -6 -3 8 9 -8 -10 12 -9 -7 -13 -15
right_child=1 2 -4 -5 5 13 7 11 10 -11 -12 14 -14 15 -16 -17
leaf_value=-0.0065022210777705095 0.0045750394643328815 -0.002884538063247248 0.0037942731248260314 -0.0033734439635908315 0.0031395208572796824 -0.0012585376380084272 -0.0034152290299042562 0 -0.0022006709926183877 5.1671272343608928e-05 7.340622683234152e-05 0.0010182492169201628 0.0026644334140899124 0 -0.0011907145464699078 0.0014221583112489933
leaf_weight=11.999999999999998 15.999999999999998 11.999999999999998 10.999999999999998 11.999999999999998 21 21 21 24 10.999999999999998 20 273 12.999999999999998 27 16.000000000000004 23 11.999999999999998
leaf_count=12 16 12 11 12 21 21 21 24 11 20 273 13 27 16 23 12
internal_value=-7.43362e-06 0.000196543 0 -0.000115601 0 0.00105091 -0.000182194 -4.65235e-05 -0.000304518 -0.00178463 -3.42721e-05 0.000799634 0.00157109 0 -0.000195224 0.000855542
internal_weight=545 533 517 506 494 70 424 412 325 41 284 87 51 49 36 28
internal_count=545 533 517 506 494 70 424 412 325 41 284 87 51 49 36 28
is_linear=0
shrinkage=0.0529975


Tree=238
num_leaves=17
num_cat=0
split_feature=19 39 19 29 44 19 31 29 44 6 19 44 12 47 35 25
split_gain=0.276491 0.0776167 0.0699602 0.113454 0.0547994 0.101707 0.0488654 0.042612 0.0381627 0.031871 0.0309025 0.0351049 0.0283214 0.0265044 0.0108962 0.0101108
threshold=1.0782546332626139 -1.1512768679247249 0.57942704204251372 0.96361458521015575 1.1974606743659131 -1.084056395528697 0.53546145317687588 -0.42378981793710108 -0.27848972336365163 0.48402615276326083 -0.92602225282107575 0.70547720845605821 1.5902633668125283 0.31228230076395158 -0.18065234667743238 0.21202513278702637
decision_type=2 2 2 2 2 2 2 2 2 2 2 2 2 2 2 2
left_child=1 -1 3 4 5 -3 8 9 -4 -6 -7 12 -12 -13 -9 -16
right_child=-2 2 6 -5 7 10 -8 14 -10 -11 11 13 -14 -15 15 -17
leaf_value=0.0037669085043651076 -0.005584269206743115 -0.0041682826850469199 0.0021504142155546564 -0.004090200371979439 0.0039346929821134514 0.0021652602814488165 0.0044327782866383312 -0.00087330359141689991 -0.001185470763822604 0.00015511125001826264 0.00031428913614980859 0 -0.0017188565158778395 -0.0019731392749888599 0.0016183635302104667 0
leaf_weight=10.999999999999998 18 10.999999999999998 12 12.999999999999998 17 11.999999999999998 10.999999999999998 12.999999999999998 13 14.999999999999998 283 38 13.999999999999998 37 11.000000000000002 15.999999999999998
leaf_count=11 18 11 12 13 17 12 11 13 13 15 283 38 14 37 11 16
internal_value=-7.5604e-06 0.000230493 9.93176e-05 -6.72706e-05 8.03837e-05 -0.00015509 0.00217927 0.00137438 0.00029666 0.00265091 4.28375e-06 -8.01902e-05 0.000163279 -0.00107127 0 0.000698887
internal_weight=545 527 516 480 467 395 36 72 25 32 384 372 297 75 40 27
internal_count=545 527 516 480 467 395 36 72 25 32 384 372 297 75 40 27
is_linear=0
shrinkage=0.0529975


Tree=239
num_leaves=20
num_cat=0
split_feature=18 30 19 1 37 30 1 4 29 3 44 30 45 34 30 30 6 39 45
split_gain=0.27473 1.77338 0.516425 0.0724411 0.0959696 0.0730284 0.255581 0.0444616 0.131638 0.234185 0.0603257 0.0414405 0.0322815 0.0285432 0.021084 0.0203466 0.0196704 0.00747277 0.00168805
threshold=1.7278074893815003 -1.3391747755491517 0.38603713801689205 -0.88755018861797075 -0.7098019992819159 0.83988821281013359 0.077270382728210144 1.6779452386328846 0.69848664362485546 -0.3597067996280337 0.70547720845605821 1.1158556766981123 -0.70873559988967771 1.7542449708267644 0.57768355033597929 0.41858325918345057 0.48402615276326083 1.3177238159457858 0.65393699257790783
decision_type=2 2 2 2 2 2 2 2 2 2 2 2 2 2 2 2 2 2 2
left_child=1 -1 -2 4 -3 7 -7 8 13 -10 12 -8 -9 14 15 -5 -16 18 -6
right_child=2 3 -4 5 17 6 11 10 9 -11 -12 -13 -14 -15 16 -17 -18 -19 -20
leaf_value=-0.016681817245901242 -0.00093759290615614253 0.0043108327139317094 0.011231029323809484 -1.5490073836396448e-05 0 -0.0058517480795812794 -0.0003691549023384905 0.0018315806766536738 -0.00090146634310365374 0.007342031187719613 -0.0037033005668038617 0.0028898386582443402 -0.0012654270488410241 0.0019830272796876845 0.0018104181725095302 -0.00145187970524684 -0.00016064586989860888 0.00093895287901532782 -0.00057202886899434266
leaf_weight=11.999999999999998 19.000000000000004 21 10.999999999999998 244 13.000000000000002 19 16.000000000000004 12 14.000000000000002 13.999999999999998 11.999999999999998 12.999999999999998 13 14.999999999999998 25 27 13.999999999999998 15.999999999999998 14.999999999999998
leaf_count=12 19 21 11 244 13 19 16 12 14 14 12 13 13 15 25 27 14 16 15
internal_value=-7.03833e-06 -0.000328848 0.00445784 0.00023949 0.00181027 0 -0.00184264 0.000234529 0.000438946 0.00358283 -0.0013425 0.00113703 6.25444e-05 8.69858e-05 -1.85439e-05 -0.000212147 0.00102051 0.000103232 -0.000250254
internal_weight=545 515 30 503 65 438 48 390 353 28 37 29 25 325 310 271 39 44 28
internal_count=545 515 30 503 65 438 48 390 353 28 37 29 25 325 310 271 39 44 28
is_linear=0
shrinkage=0.0529975


Tree=240
num_leaves=23
num_cat=0
split_feature=30 30 45 19 29 29 4 10 5 19 13 12 19 53 3 29 31 31 47 19 13 31
split_gain=0.277889 1.03509 0.0733653 0.0496387 0.250444 0.139947 0.319975 0.056765 0.180103 0.099277 0.0374339 0.0238449 0.0233895 0.0179444 0.0175131 0.0146278 0.0144517 0.0115549 0.00669735 0.0131115 0.0128501 0.00438504
threshold=-1.6045160372440099 -1.2827102050692498 1.7894974863008961 -0.13695324231613623 0.55429414669926913 0.67528232375896413 1.5480257726268594 0.52784331388847006 -0.67451514137555568 -0.95772725582126561 -0.039982119808339538 0.97238029643756796 -0.68361382853397312 1.0593795073025254 0.52853458084763438 0.60923513714294653 0.83735045318079593 1.0028920161573252 0.38196248660483334 0.26166031420409674 -0.44879567982873164 1.2369690073729889
decision_type=2 2 2 2 2 2 2 2 2 2 2 2 2 2 2 2 2 2 2 2 2 2
left_child=-1 -2 3 4 7 15 -7 8 -3 -9 14 -12 -10 -14 -11 16 18 -18 20 -20 -5 -19
right_child=1 2 -4 5 -6 6 -8 9 12 10 11 -13 13 -15 -16 -17 17 21 19 -21 -22 -23
leaf_value=0.0062790514066295234 -0.012743978441857923 -0.0057116354108559843 0.0036064545651582998 -0.00065797082900353229 -0.0066954957854782338 0.006648794453236964 -0.0021446385036289002 0.0041236484234583965 0.0014949985529369107 -0.0022039390364655309 0.0018226851425560495 0 -0.00080148292101592591 0.00074135686197912337 0 -0.0013031395078799818 0.0020799051506049291 -0.00028688775313045838 -0.00090980930247400052 0.0002392571690095938 0.00065326599701005014 0.00066524336807046401
leaf_weight=12.999999999999998 11.999999999999998 11.999999999999998 10.999999999999998 20 10.999999999999998 23 13.999999999999998 14.999999999999998 18 17.000000000000004 27 38 69 20 11.999999999999998 14.999999999999998 11.999999999999998 13.999999999999998 52 36 65 19
leaf_count=13 12 12 11 20 11 23 14 15 18 17 27 38 69 20 12 15 12 14 52 36 65 19
internal_value=-7.42569e-06 -0.000242298 0.000174917 4.60666e-05 -0.000488706 0.000545079 0.00332403 0 -0.000806146 0.000824666 1.26726e-05 0.000775034 0 -0.000356341 -0.0013365 2.23359e-06 0.000155716 0.000947572 -3.60813e-05 -0.000380154 0.000244955 0.000100197
internal_weight=545 532 520 509 239 270 37 228 119 109 94 65 107 89 29 233 218 45 173 88 85 33
internal_count=545 532 520 509 239 270 37 228 119 109 94 65 107 89 29 233 218 45 173 88 85 33
is_linear=0
shrinkage=0.0529975


Tree=241
num_leaves=20
num_cat=0
split_feature=45 17 19 0 1 37 19 29 29 9 45 9 9 23 29 29 47 1 16
split_gain=0.277669 0.230749 0.485461 0.327199 0.060563 0.0994777 0.0746625 0.209679 0.14217 0.0534361 0.0446932 0.0523136 0.0275755 0.0187783 0.0761482 0.0260131 0.0146174 0.00605282 0.00190345
threshold=1.7894974863008961 -1.3571207634493772 0.38603713801689205 -1.2495039205934646 -0.88755018861797075 -0.7098019992819159 -0.1106783865241085 0.55429414669926913 0.99250610888350865 1.2542926058956805 -0.48162350114508018 -0.4015808138966292 -0.19155332817298618 -0.31557058196465509 0.67528232375896413 0.65144455278634961 0.86972378749100565 0.39167105954123066 0.53062142917944288
decision_type=2 2 2 2 2 2 2 2 2 2 2 2 2 2 2 2 2 2 2
left_child=1 2 -1 -3 5 -5 7 9 13 10 12 -12 -6 14 16 17 -8 -15 -7
right_child=-2 3 -4 4 6 18 8 -9 -10 -11 11 -13 -14 15 -16 -17 -18 -19 -20
leaf_value=-0.00092034553121876129 -0.0064961431615631468 -0.0073225421545331385 0.010867705538947661 0.0043757931234159461 -0.00015205201457295164 -0.00031367476434644042 -0.00032907104621343798 -0.0064658420055237311 0.004443258057538306 -0.0030074739715708586 0.00095273392220505883 -0.0013893010689911174 0.001745781182684552 -0.00030376245631569168 0.0037771684385390688 -0.0021173810693554231 0.0012421055960391563 0.00047774822236059322 0.0003398380210571201
leaf_weight=19.000000000000004 11.999999999999998 10.999999999999998 10.999999999999998 18 25 19 74 10.999999999999998 18 11.999999999999998 31 77 45 62 11.999999999999998 12.999999999999998 14.999999999999998 41 19
leaf_count=19 12 11 11 18 25 19 74 11 18 12 31 77 45 62 12 13 15 41 19
internal_value=-8.7486e-06 0.000194996 0.00429826 -8.37632e-05 0.000150276 0.00170425 -5.39271e-05 -0.000805561 0.000564025 -0.000254431 0 -0.000641026 0.00101756 0.000100096 0.000633019 -0.000314968 0 0 0
internal_weight=545 533 30 503 492 56 436 201 235 190 178 108 70 217 101 116 89 103 38
internal_count=545 533 30 503 492 56 436 201 235 190 178 108 70 217 101 116 89 103 38
is_linear=0
shrinkage=0.0529975


Tree=242
num_leaves=14
num_cat=0
split_feature=39 38 45 29 29 37 19 39 29 3 10 47 19
split_gain=0.285606 0.15489 0.0853254 0.0670532 0.0326755 0.142735 0.132102 0.0271505 0.0295887 0.017025 0.0153716 0.0150827 0.0126069
threshold=-1.1558530955085182 -0.85777646155359866 1.7894974863008961 0.99250610888350865 -0.62400762929631193 -0.7098019992819159 -0.77729306540003507 -1.0449328170218728 0.67528232375896413 0.52853458084763438 0.85910532906678883 -0.10579881428133901 -0.25871620324604777
decision_type=2 2 2 2 2 2 2 2 2 2 2 2 2
left_child=-1 -2 3 4 5 -3 -6 -8 9 -9 11 -7 -13
right_child=1 2 -4 -5 6 10 7 8 -10 -11 -12 12 -14
leaf_value=-0.006588576922453411 0.0045534632771618237 0.0051502221626704659 0.0037055701715257602 -0.0032884318944940306 -0.0040972685568545142 -0.00043111533984606349 -0.0020324185857872523 -0.00017541185659376566 0.001818779554154597 0.00072648818887582488 -0.0011502839427762123 0 0.0021746738338352346
leaf_weight=11.999999999999998 15.999999999999998 11.999999999999998 10.999999999999998 11.999999999999998 17 21 10.999999999999998 296 21 67 21 17 11.000000000000002
leaf_count=12 16 12 11 12 17 21 11 296 21 67 21 17 11
internal_value=-9.30025e-06 0.000197518 0 -0.000110703 0 0.000933094 -0.000190453 1.90259e-05 0.000126047 0 -4.72648e-05 0.000372332 0.00115013
internal_weight=545 533 517 506 494 82 412 395 384 363 70 49 28
internal_count=545 533 517 506 494 82 412 395 384 363 70 49 28
is_linear=0
shrinkage=0.0529975


Tree=243
num_leaves=20
num_cat=0
split_feature=3 30 29 42 30 29 19 9 7 31 31 9 30 39 19 4 26 19 12
split_gain=0.276842 0.94623 0.475725 0.0674396 0.0721929 0.0661463 0.121255 0.0523431 0.148605 0.0487265 0.064656 0.0397141 0.0384251 0.0326637 0.0243981 0.0213184 0.015438 0.00647093 0.00575721
threshold=0.74002062381803124 -0.60920933772045338 1.1880524913612776 1.0000000180025095e-35 -1.2357643872213815 -0.75396955002774324 -0.85535387021005227 1.5701698219090805 1.3943109589580016 0.70014509696505478 0.90100170543945313 0.8357810543007641 0.59757875010197681 -0.80165551899036436 0.052765665871175878 -0.23235378524183686 0.97816226116473237 -0.079993913381877391 0.81929498120535549
decision_type=2 2 2 2 2 2 2 2 2 2 2 2 2 2 2 2 2 2 2
left_child=2 -2 3 -1 -5 -3 -7 8 9 11 14 12 -6 -9 -11 18 -12 -17 -8
right_child=1 5 -4 4 7 6 15 13 -10 10 16 -13 -14 -15 -16 17 -18 -19 -20
leaf_value=0.0029167911399935512 -0.013957357557125414 0.0025355930423481858 0.0081293628190078088 -0.0033157975388962021 0 -0.0048282625233856168 0.0019952668516058907 0.0036742756904804543 -0.0047638299952994199 0.00076812521453745587 -0.0011577098994572663 0.0021776135657730214 -0.0015782741441171132 0 0.0047166624084842073 -0.0010488217782368696 0.00065165688562772743 2.0791697434801861e-05 0
leaf_weight=17 10.999999999999998 13.999999999999998 15.999999999999998 11.999999999999998 235 10.999999999999998 10.999999999999995 12.000000000000002 11.999999999999998 17.000000000000004 13.999999999999998 12.999999999999998 48 14.999999999999998 10.999999999999998 19.999999999999993 33 12.000000000000012 10.999999999999998
leaf_count=17 11 14 16 12 235 11 11 12 12 17 14 13 48 15 11 20 33 12 11
internal_value=-8.39072e-06 -0.00260971 0.000518258 0.000119358 -1.63022e-05 -7.42802e-05 -0.000901467 0.000109882 -4.61217e-05 0.000161291 0.001322 -0.00013009 -0.00030325 0.00214073 0.00308312 0.000184636 0 -0.000523912 0.00135621
internal_weight=545 90 455 439 422 79 65 410 383 371 75 296 283 27 28 54 47 32 22
internal_count=545 90 455 439 422 79 65 410 383 371 75 296 283 27 28 54 47 32 22
is_linear=0
shrinkage=0.0529975


Tree=244
num_leaves=18
num_cat=0
split_feature=39 38 45 29 44 39 19 3 19 31 39 45 9 34 13 19 6
split_gain=0.273315 0.141345 0.07732 0.0662259 0.0308253 0.0541503 0.0418899 0.0279695 0.0334776 0.0505556 0.0280024 0.0246757 0.018193 0.0133381 0.00724607 0.00700178 0.00344802
threshold=-1.1558530955085182 -0.85777646155359866 1.7894974863008961 0.99250610888350865 1.1974606743659131 -0.80165551899036436 -0.97088705664890151 0.52853458084763438 -0.53091630390676692 1.0000000180025095e-35 -1.0170465855962101 -0.14095535302818379 -0.23219308055222279 -0.11205491672286301 -0.2172988446364614 -0.45985295251530983 0.085967592106231658
decision_type=2 2 2 2 2 2 2 2 2 2 2 2 2 2 2 2 2
left_child=-1 -2 3 4 6 -6 -3 8 9 -8 -10 15 -13 14 -7 -9 -15
right_child=1 2 -4 -5 5 13 7 11 10 -11 -12 12 -14 16 -16 -17 -18
leaf_value=-0.0064430098202678254 0.004357206956491548 -0.002666448109387922 0.0035334731872849637 -0.0032576674212528895 0.0033763487595091456 -0.0013589950983302012 -0.0031059127052819242 0.0021422283109767634 -0.0021349572461082278 8.4679645953010882e-05 7.2473674529846281e-05 0.00097806513212693306 -0.0010780527698658416 0 0 0.00037443773999121634 0.0014582670169340584
leaf_weight=11.999999999999998 15.999999999999998 11.999999999999998 10.999999999999998 11.999999999999998 13.999999999999998 10.999999999999998 21 24 10.999999999999998 20 273 12.999999999999998 23 14.000000000000002 20.000000000000004 27 10.999999999999998
leaf_count=12 16 12 11 12 14 11 21 24 11 20 273 13 23 14 20 27 11
internal_value=-6.43418e-06 0.000195588 4.95915e-06 -9.85907e-05 2.32717e-06 0.000999322 -0.000157668 -3.06834e-05 -0.000274109 -0.00158868 -3.13178e-05 0.000762599 -0.000135613 2.33145e-05 -0.000546213 0.00146674 0.000923913
internal_weight=545 533 517 506 494 70 424 412 325 41 284 87 36 56 31 51 25
internal_count=545 533 517 506 494 70 424 412 325 41 284 87 36 56 31 51 25
is_linear=0
shrinkage=0.0529975


Tree=245
num_leaves=16
num_cat=0
split_feature=45 17 39 0 30 39 29 17 17 25 12 38 3 8 3
split_gain=0.275183 0.216583 0.496386 0.316809 0.0612161 0.233052 0.0933966 0.052071 0.0724461 0.042227 0.0581675 0.0216248 0.0187113 0.0380414 0.0254449
threshold=1.7894974863008961 -1.3571207634493772 -0.92704100512702003 -1.2495039205934646 -0.66021637375627751 -0.22504222024845988 0.99250610888350865 -1.0560011098508615 -1.1790606855534207 -0.8404287211798277 0.77690392152255128 -0.5889243241014005 -0.95922375622237632 -1.059197870349244 -0.30453652754879956
decision_type=2 2 2 2 2 2 2 2 2 2 2 2 2 2 2
left_child=1 2 -1 -3 5 -5 7 8 -6 10 -9 -7 13 -11 -14
right_child=-2 3 -4 4 6 11 -8 9 -10 12 -12 -13 14 -15 -16
leaf_value=0.010826009449857102 -0.0064640954045235904 -0.0071961937184671218 -0.0010734782926070875 0.0070058567438478951 0 -0.001652920515659658 -0.0035828389055769473 -0.0034460825520654177 0.0045722619514512149 0.00023181609761231174 0.00050181833570550334 0.00053160009791796824 0.0010540181303842812 -0.0026425416359500053 0
leaf_weight=11.000000000000002 11.999999999999998 10.999999999999998 19 10.999999999999998 17.000000000000004 14.999999999999995 13.999999999999998 17.000000000000004 10.999999999999998 24 11.999999999999998 21.000000000000004 79 13.999999999999998 257
leaf_count=11 12 11 19 11 17 15 14 17 11 24 12 21 79 14 257
internal_value=-5.54467e-06 0.000197201 0.00417224 -7.25155e-05 0.00015746 0.00186277 -2.95368e-05 0.00011748 0.00211336 -3.30656e-05 -0.00180681 -0.000318347 0.000112432 -0.000884232 0.0002591
internal_weight=545 533 30 503 492 47 445 431 28 403 29 36 374 38 336
internal_count=545 533 30 503 492 47 445 431 28 403 29 36 374 38 336
is_linear=0
shrinkage=0.0529975


Tree=246
num_leaves=14
num_cat=0
split_feature=13 7 8 29 45 12 9 29 39 9 7 7 29
split_gain=0.270003 0.164604 0.277042 0.241882 0.081524 0.0541408 0.108667 0.103803 0.0559618 0.0469783 0.0461736 0.0452277 0.00212291
threshold=1.9449801053509139 -2.251833151424401 2.2335239833880842 1.1880524913612776 1.7894974863008961 -1.5712548210644959 1.2542926058956805 0.17116908538165884 -0.56694565077481152 0.8357810543007641 0.71816386921332998 0.73043553015766804 -0.31222437528094554
decision_type=2 2 2 2 2 2 2 2 2 2 2 2 2
left_child=1 -1 3 4 5 8 9 12 -3 11 -11 -7 -8
right_child=-2 2 -4 -5 -6 6 7 -9 -10 10 -12 -13 -14
leaf_value=0.0053289466788359252 -0.0064035531110228456 0.0040905876723456485 -0.0066295914722812356 0.0062833539843569703 0.0036339928542255071 -0.00037890720965377204 -0.00056577165013266327 -0.0053355973918702724 0 0.0035567415536715578 0 0.0012688088513055915 0.00011212806530316017
leaf_weight=10.999999999999998 11.999999999999998 11.000000000000002 10.999999999999998 11.999999999999998 10.999999999999998 345 11.999999999999998 15.999999999999998 13.999999999999998 14.000000000000002 15.999999999999998 47 13.000000000000002
leaf_count=11 12 11 11 12 11 345 12 16 14 14 16 47 13
internal_value=-6.0069e-06 0.000194707 1.39942e-05 0.000245752 1.38424e-05 -9.67412e-05 -0.000250684 -0.00266863 0.0020259 2.01189e-06 0.00185057 -0.00014766 -3.44289e-05
internal_weight=545 533 522 511 499 488 463 41 25 422 30 392 25
internal_count=545 533 522 511 499 488 463 41 25 422 30 392 25
is_linear=0
shrinkage=0.0529975


Tree=247
num_leaves=21
num_cat=0
split_feature=45 30 3 29 29 2 29 39 19 13 30 29 1 28 1 29 11 45 30 39
split_gain=0.264518 0.218156 0.0357724 0.208355 0.104752 0.0515673 0.0480881 0.129515 0.0994253 0.0311488 0.0266672 0.0593191 0.0386636 0.0284591 0.0200577 0.0110396 0.0109837 0.0102024 0.0183316 0.0176656
threshold=1.7894974863008961 -1.6045160372440099 0.065104295382068286 0.99250610888350865 0.7731741465887918 -1.2586012860100468 -0.62400762929631193 -0.35365965590939757 -0.83382283659871825 -0.054758513544016361 0.62218772731163263 0.67528232375896413 -0.046290760559894624 -0.37484249765759953 -1.0466141943440603 0.58687950133281286 0.49165819004824213 0.086156745716413782 0.57768355033597929 -0.38841790629953959
decision_type=2 2 2 2 2 2 2 2 2 2 2 2 2 2 2 2 2 2 2 2
left_child=1 -1 3 5 6 -3 7 -4 -8 16 11 13 -12 -7 -10 -15 -9 18 -16 -19
right_child=-2 2 4 -5 -6 10 8 9 14 -11 12 -13 -14 15 17 -17 -18 19 -20 -21
leaf_value=0.0057751637108785312 -0.0063345236738011458 -0.0027603239532472111 0.0053638820481248135 -0.0056259732406157611 0.0044929438126090886 0.0019595627488453839 -0.0041437654566811597 0 0.0015253164583340418 0.001520039942380856 0.00041443502458485601 0.0030350786857329067 -0.0026083321490775139 1.2589637132472685e-05 -0.00015490246587362261 -0.0013347339483610057 -0.0019172303875941328 -0.001689588130731091 0.0014482561504540067 0
leaf_weight=12.999999999999998 11.999999999999998 11.999999999999998 10.999999999999998 13.999999999999998 10.999999999999998 14.999999999999998 10.999999999999998 15.000000000000002 18 14.999999999999998 15.999999999999998 15.999999999999998 15.999999999999998 181 74 11.999999999999998 12.999999999999998 21 19 30
leaf_count=13 12 12 11 14 11 15 11 15 18 15 16 16 16 181 74 12 13 21 19 30
internal_value=-1.89264e-06 0.000196608 0 -0.000406984 0.000465063 0 0.000129295 0.00144477 -0.000276938 0 0.000171625 0.000405324 -0.00108624 9.10183e-05 8.2582e-05 -7.37779e-05 -0.00107074 -0.000104962 0.000169955 -0.000693966
internal_weight=545 533 520 282 238 268 227 54 173 43 256 224 32 208 162 193 28 144 93 51
internal_count=545 533 520 282 238 268 227 54 173 43 256 224 32 208 162 193 28 144 93 51
is_linear=0
shrinkage=0.0529975


Tree=248
num_leaves=14
num_cat=0
split_feature=19 45 30 13 29 47 35 25 7 8 36 39 1
split_gain=0.270061 0.0756358 0.0601354 0.140177 0.0873961 0.157925 0.0358029 0.0599238 0.054875 0.0511691 0.0171747 0.00943609 0.00500924
threshold=1.0782546332626139 1.7894974863008961 -0.66021637375627751 1.0583964812103044 0.74954040166073665 0.59100304412747862 -1.2356161011941302 -1.2412826634859453 -1.6382774121423207 0.97390045284613536 -0.49450259239450667 1.6070081309751629 -0.50484610454237056
decision_type=2 2 2 2 2 2 2 2 2 2 2 2 2
left_child=1 2 3 11 6 -6 -4 -8 -9 10 -10 12 -1
right_child=-2 -3 4 -5 5 -7 7 8 9 -11 -12 -13 -14
leaf_value=0 -0.0055124987795692193 0.0037266203933592939 0.0021943327994923567 0.005767051168616347 0.00086457297317461736 -0.0056534278291007359 -0.003083406639535219 0.00298961054727713 0.00079005828616998891 -0.0023767932802133958 -2.7457421207067097e-05 -0.00099543705048185118 0.001015856149799168
leaf_weight=12.999999999999998 18 10.999999999999998 15.999999999999998 10.999999999999998 15.000000000000002 14.999999999999998 10.999999999999998 11.999999999999998 84 18 293 10.999999999999998 17.000000000000004
leaf_count=13 18 11 16 11 15 15 11 12 84 18 293 11 17
internal_value=-4.53543e-07 0.000234609 0.000104832 0.00171992 -8.09432e-05 -0.00259926 0.000110311 0 0.000127546 0 0.000145975 0 0.000518084
internal_weight=545 527 516 52 464 30 434 418 407 395 377 41 30
internal_count=545 527 516 52 464 30 434 418 407 395 377 41 30
is_linear=0
shrinkage=0.0529975


Tree=249
num_leaves=25
num_cat=0
split_feature=3 29 29 10 13 42 53 29 30 29 39 35 2 29 49 30 39 3 9 29 44 4 19 3
split_gain=0.25999 0.874788 0.443412 0.0640713 0.109445 0.0603218 0.0688883 0.155368 0.0783728 0.0538586 0.0450776 0.0408906 0.03943 0.0230661 0.0221519 0.0199453 0.0361754 0.0158489 0.0148837 0.0144275 0.023953 0.0086267 0.0032232 0.00201865
threshold=0.74002062381803124 0.6273942987389155 1.1880524913612776 0.42512988781019384 1.0000000180025095e-35 1.0000000180025095e-35 1.0000000180025095e-35 0.58687950133281286 1.1485607431090135 0.78170629896345034 -0.80165551899036436 -1.1312494572632468 -0.86685397367927142 -0.30479970699318965 1.0000000180025095e-35 0.52738096071083229 -0.82452217299705011 -0.29718049127156848 -0.35261593758322801 -0.15716204103522488 1.0000000180025095e-35 0.11638317806598183 -0.2117746308052324 1.2549431632242152
decision_type=2 2 2 2 2 2 2 2 2 2 2 2 2 2 2 2 2 2 2 2 2 2 2 2
left_child=2 3 5 4 22 -1 8 10 9 13 17 -12 -5 14 18 16 -15 -8 -7 20 -13 -21 -2 -14
right_child=1 -3 -4 12 -6 6 7 -9 -10 -11 11 19 23 15 -16 -17 -18 -19 -20 21 -22 -23 -24 -25
leaf_value=0.0027689067906435678 0.00083228701098599859 -0.013432613113728075 0.0078588980466176971 0.0027589359802220881 -0.0048320087746419041 0.001200000092319389 0.0025750660035472953 -0.0055151207213960871 0.0039359920961728094 0.0027441948433348322 -0.0029864442981592195 0.00086061354257582626 -0.00052761270843268231 -0.0020516294925894767 0.0023493375454265272 0.0010278040752274482 -4.7183183967386754e-05 0 -0.0003766600652103321 -0.001590371594652717 -0.00078373245911562105 0 0 0.00014239939716886556
leaf_weight=17 11.999999999999998 10.999999999999998 15.999999999999998 16.999999999999996 11.999999999999998 19 12.000000000000002 11.999999999999998 11.999999999999998 15.999999999999998 12.999999999999998 50 13.000000000000005 31 12.999999999999998 15.999999999999998 106 10.999999999999998 39 22 37 12.999999999999998 12.000000000000002 12.999999999999998
leaf_count=17 12 11 16 17 12 19 12 12 12 16 13 50 13 31 13 16 106 11 39 22 37 13 12 13
internal_value=0 -0.00252128 0.000510216 -7.93365e-05 -0.00166338 0.000124396 -3.11828e-06 -0.000827273 0.000532092 0.000241709 -0.000240006 -0.00065904 0.00114555 0 0.000749078 -0.000368431 -0.000616602 0.00160632 9.47348e-05 -0.000228177 8.07443e-05 -0.00106593 0.000337315 -1.04079e-05
internal_weight=545 90 455 79 36 439 422 170 252 240 158 135 43 224 71 153 137 23 58 122 87 35 24 26
internal_count=545 90 455 79 36 439 422 170 252 240 158 135 43 224 71 153 137 23 58 122 87 35 24 26
is_linear=0
shrinkage=0.0529975


Tree=250
num_leaves=11
num_cat=0
split_feature=39 38 45 39 2 13 30 14 31 30
split_gain=0.256994 0.126999 0.0790683 0.0616313 0.0511493 0.0414108 0.0380492 0.0302002 0.0471623 0.020781
threshold=-1.1558530955085182 -0.85777646155359866 1.7894974863008961 -1.0606611111965953 1.7720646377904952 -0.0055038677584269549 1.1158556766981123 -1.3277866220774943 -1.7306718095644047 -0.42585993925910831
decision_type=2 2 2 2 2 2 2 2 2 2
left_child=-1 -2 3 -3 6 -6 7 -5 -9 -10
right_child=1 2 -4 4 5 -7 -8 8 9 -11
leaf_value=-0.0062420937005042256 0.0041411846396557468 -0.0031389294567689989 0.0035810208888088085 -0.0017591348900639456 0 0.0036534981193506542 -0.0021289999021783346 0.0024938480380205441 0.00071907781140475408 -0.00020927306428085638
leaf_weight=11.999999999999998 15.999999999999998 11.999999999999998 10.999999999999998 20 12.000000000000002 12.999999999999998 19 15.999999999999998 78 336
leaf_count=12 16 12 11 20 12 13 19 16 78 336
internal_value=0 0.000195601 1.40579e-05 -9.08749e-05 5.9544e-06 0.00210429 -0.000116345 0 0.000100196 -9.96682e-06
internal_weight=545 533 517 506 494 25 469 450 430 414
internal_count=545 533 517 506 494 25 469 450 430 414
is_linear=0
shrinkage=0.0529975


Tree=251
num_leaves=20
num_cat=0
split_feature=45 17 39 0 1 30 1 37 6 29 12 13 1 30 35 3 5 39 45
split_gain=0.261032 0.21277 0.462222 0.294993 0.0541183 0.104044 0.24651 0.0890727 0.0495911 0.173787 0.0956852 0.0365846 0.0404631 0.0258866 0.0192112 0.0150505 0.006732 0.00178797 0.00135617
threshold=1.7894974863008961 -1.3571207634493772 -0.92704100512702003 -1.2495039205934646 -0.88755018861797075 0.83988821281013359 0.077270382728210144 -0.7098019992819159 -0.72093697764263742 0.99250610888350865 -0.65084654191805058 0.5165953775688209 -0.092602893451438809 1.0909449037682633 -0.25938240953577457 -0.63004113281628016 1.265816741428538 1.3177238159457858 0.65393699257790783
decision_type=2 2 2 2 2 2 2 2 2 2 2 2 2 2 2 2 2 2 2
left_child=1 2 -1 -3 7 8 -7 -5 9 15 -10 14 -13 -8 -12 -6 -17 18 -9
right_child=-2 3 -4 4 5 6 13 17 10 -11 11 12 -14 -15 -16 16 -18 -19 -20
leaf_value=0.010552543620668958 -0.0062900077738260417 -0.0069435030262532931 -0.0009369732093313073 0.0041487787685301845 0.0014682051045049045 -0.0064109794065547896 -0.00040336543601926544 0 -0.0038644332548212856 0.0061428528974938786 -0.00084495493064575282 0.0021570715592161283 0 0.0022227247981280738 0.00015330234112119666 0.00016996647874133381 -0.00078008068109032872 0.00045935125001560006 -0.0005121375102295631
leaf_weight=11.000000000000002 11.999999999999998 10.999999999999998 19 18 14.999999999999998 17 14.000000000000002 13.000000000000002 11.999999999999998 10.999999999999998 87 38 50 11.999999999999998 105 52 23 10.999999999999998 13.999999999999998
leaf_count=11 12 11 19 18 15 17 14 13 12 11 87 38 50 12 105 52 23 11 14
internal_value=0 0.000198123 0.00413791 -6.9111e-05 0.000152316 -3.99168e-05 -0.0023572 0.00162075 0.000227738 0.00120991 -0.000106058 0.000108241 0.000984274 0.000779792 -0.000275647 0.000188184 -7.13296e-05 0 -0.000208588
internal_weight=545 533 30 503 492 436 43 56 393 101 292 280 88 26 192 90 75 38 27
internal_count=545 533 30 503 492 436 43 56 393 101 292 280 88 26 192 90 75 38 27
is_linear=0
shrinkage=0.0529975


Tree=252
num_leaves=20
num_cat=0
split_feature=19 39 35 10 25 29 30 29 19 8 53 39 36 39 29 10 9 26 30
split_gain=0.260345 0.0628106 0.0610315 0.0691333 0.0550139 0.0564868 0.206739 0.0698368 0.0647047 0.0526755 0.0247669 0.0202544 0.0188745 0.0281047 0.0174623 0.0135965 0.0128505 0.012505 0.011885
threshold=1.0782546332626139 -1.1512768679247249 -1.2356161011941302 0.96371414770507402 -1.2412826634859453 0.061826384744403794 0.59757875010197681 0.7731741465887918 -0.74651601231882447 -1.0006631898332965 -0.36007183007885429 -0.47999791929632923 -1.2167630007937162 -0.88168880801376159 -0.85191837106913615 1.1932390427821107 1.025018557531242 -0.31985965171981717 0.048675623642091888
decision_type=2 2 2 2 2 2 2 2 2 2 2 2 2 2 2 2 2 2 2
left_child=1 -1 3 -3 -4 8 7 12 11 -9 15 -6 -7 -14 -12 16 -10 -13 -16
right_child=-2 2 4 -5 5 6 -8 9 10 -11 14 17 13 -15 18 -17 -18 -19 -20
leaf_value=0.0034183819044747354 -0.0054103026081746544 0.0044252035498159913 -0.0029951844802050417 -2.3859001811380893e-05 0.0036947363362629581 -0.0020907833261729195 -0.0049431447096337476 0 0.0014615034557986929 0.0043513679961923058 -0.0017925966552970213 -0.00012944797739717652 0.0010272863010064193 -0.00065215618844482862 0.00042245943408728589 -0.00014622472857601481 0 0.0016688897254335867 -0.00045108509308198119
leaf_weight=10.999999999999998 18 13.000000000000002 10.999999999999998 13.999999999999998 15.999999999999998 10.999999999999998 21 11.000000000000002 62 10.999999999999998 10.999999999999998 11.999999999999998 33 86 83 17 12.999999999999998 11.000000000000002 80
leaf_count=11 18 13 11 14 16 11 21 11 62 11 11 12 33 86 83 17 13 11 80
internal_value=0 0.00023258 0.000112797 0.0023215 -2.16908e-05 6.85663e-05 -0.000665657 4.62809e-05 0.000512291 0.00249204 0.000165552 0.00238478 -0.000407888 -0.00010361 -0.000175904 0.000853872 0.00116084 0.000657008 0
internal_weight=545 527 516 27 489 478 173 152 305 22 266 39 130 119 174 92 75 23 163
internal_count=545 527 516 27 489 478 173 152 305 22 266 39 130 119 174 92 75 23 163
is_linear=0
shrinkage=0.0529975


Tree=253
num_leaves=12
num_cat=0
split_feature=13 5 8 29 45 7 9 29 30 30 29
split_gain=0.252656 0.151753 0.303212 0.211175 0.0790606 0.0496837 0.0840835 0.0970484 0.0529933 0.0379897 0.00156444
threshold=1.9449801053509139 -2.2121322698951009 1.7193012331271491 1.1880524913612776 1.7894974863008961 1.8644294573825355 1.2542926058956805 0.17116908538165884 1.2529128884377021 -1.2357643872213815 -0.31222437528094554
decision_type=2 2 2 2 2 2 2 2 2 2 2
left_child=1 -1 3 4 5 6 8 10 9 -3 -8
right_child=-2 2 -4 -5 -6 -7 7 -9 -10 -11 -12
leaf_value=0.0049816169584899371 -0.0061881063117627619 -0.0025285720649490476 -0.0069345057463364125 0.0059015979039189637 0.0036019552289630764 0.0027235518765896779 -0.00044813085910132164 -0.005119944917487209 0.0029427289961571068 1.4781267083860456e-05 0.0001746156043712674
leaf_weight=11.999999999999998 11.999999999999998 10.999999999999998 10.999999999999998 11.999999999999998 10.999999999999998 10.999999999999998 12.999999999999998 13.999999999999998 10.999999999999998 414 13.000000000000002
leaf_count=12 12 11 11 12 11 11 13 14 11 414 13
internal_value=0 0.000195082 1.61526e-05 0.000258449 4.00132e-05 -6.91063e-05 -0.000181214 -0.0023388 2.99714e-05 -6.91048e-05 0
internal_weight=545 533 521 510 498 487 476 40 436 425 26
internal_count=545 533 521 510 498 487 476 40 436 425 26
is_linear=0
shrinkage=0.0529975


Tree=254
num_leaves=24
num_cat=0
split_feature=45 30 3 29 29 2 29 39 19 19 13 39 2 9 30 1 31 8 37 3 8 13 44
split_gain=0.255237 0.219968 0.031542 0.203679 0.0905086 0.0443205 0.0434482 0.113425 0.0922004 0.0327296 0.0279776 0.023128 0.0930621 0.0252015 0.0315529 0.0257083 0.0430002 0.0194494 0.0211372 0.0156425 0.00943303 0.00892003 0.00769993
threshold=1.7894974863008961 -1.6045160372440099 0.065104295382068286 0.99250610888350865 0.7731741465887918 -1.2586012860100468 -0.62400762929631193 -0.35365965590939757 -0.71234336683649502 -0.58317633917525924 -0.054758513544016361 -0.88168880801376159 -0.12461888762486274 -0.2917892285310098 0.36801256332655824 0.1150096459496902 0.91109251678669823 0.48031795285631473 -0.73706182498259232 -0.55648077004396812 0.34562408536876693 -0.95611853142030256 1.0000000180025095e-35
decision_type=2 2 2 2 2 2 2 2 2 2 2 2 2 2 2 2 2 2 2 2 2 2 2
left_child=1 -1 3 5 6 -3 7 -4 -8 -10 21 12 -7 14 19 20 -17 18 -11 -13 -15 -9 -19
right_child=-2 2 4 -5 -6 11 8 10 9 17 -12 13 -14 15 -16 16 -18 22 -20 -21 -22 -23 -24
leaf_value=0.0057992252766339855 -0.006218235704883896 -0.0025417198301631431 0.0050400153394375329 -0.005542218769471534 0.0041817050673622546 0.0036258142605370891 -0.0031985168366384137 0 0.0021463574636055569 -0.001463267149802537 0.0014598128352249766 0.00048100089532303921 -0.00083957015156962457 -0.00039435391194953917 -0.0028235738583766005 0.0025395228243850721 -0.00027688169868053447 0.0010620908963558883 4.9965020235839365e-05 -0.00091037134747535739 0.00088280219546668561 -0.001808975643172337 0
leaf_weight=12.999999999999998 11.999999999999998 11.999999999999998 10.999999999999998 13.999999999999998 10.999999999999998 18 20 15.999999999999998 14.999999999999998 37 14.999999999999998 37 21 73 10.999999999999998 27 19 33 44 37 12.999999999999998 12.000000000000002 24
leaf_count=13 12 12 11 14 11 18 20 16 15 37 15 37 21 73 11 27 19 33 44 37 13 12 24
internal_value=0 0.000197554 0 -0.000382487 0.000436365 0 0.000121945 0.00137335 -0.000262568 0.000183442 0 0.000177145 0.00127469 -1.77599e-05 -0.000730271 0.000402235 0.00134412 -6.19084e-05 -0.000614192 -0.000143466 -8.04142e-05 -0.000997657 0.0005958
internal_weight=545 533 520 282 238 268 227 54 173 153 43 256 39 217 85 132 46 138 81 74 86 28 57
internal_count=545 533 520 282 238 268 227 54 173 153 43 256 39 217 85 132 46 138 81 74 86 28 57
is_linear=0
shrinkage=0.0529975


Tree=255
num_leaves=17
num_cat=0
split_feature=3 30 38 45 29 43 29 17 15 29 36 3 26 12 39 19
split_gain=0.245548 0.824736 0.400797 0.0590718 0.0693219 0.0559495 0.0494672 0.108883 0.0248188 0.0208953 0.0300035 0.0228084 0.0176909 0.0125597 0.00992972 0.00568167
threshold=0.74002062381803124 -0.60920933772045338 -0.85777646155359866 1.4488293381839996 0.99250610888350865 1.0000000180025095e-35 -0.75396955002774324 -0.896803061749332 -0.029545012454036703 0.78170629896345034 -1.2895489334230941 0.6002559345506383 -1.414999645407262 0.93727083975314363 1.525326010866711 -0.079993913381877391
decision_type=2 2 2 2 2 2 2 2 2 2 2 2 2 2 2 2
left_child=2 -2 -1 4 9 -5 -3 -8 15 10 -4 12 -12 -14 -7 -9
right_child=1 6 3 5 -6 14 7 8 -10 -11 11 -13 13 -15 -16 -17
leaf_value=0.0074862955137537457 -0.01304204291038987 0.0021701211166163035 -0.0021283251145619519 0.0041497580006630312 -0.0031211514252634086 -0.00037952654740571124 -0.0041506343351610771 -0.00088912403127119346 0.0017155860113905977 0.0017860598687380032 -0.0016357418408521247 0.0017428563761606513 -4.4826904443693442e-05 0.0008513015758790602 0.0011158900327652612 0.00012105943615065384
leaf_weight=15.999999999999998 10.999999999999998 13.999999999999998 11.999999999999998 12.999999999999998 13.999999999999998 17 13.999999999999998 20.999999999999993 18.000000000000007 12.999999999999998 11.999999999999998 15.999999999999998 283 44 14.999999999999998 11.999999999999998
leaf_count=16 11 14 12 13 14 17 14 21 18 13 12 16 283 44 15 12
internal_value=0 -0.00244741 0.000498757 0.000130942 -7.06981e-05 0.0018341 -7.40086e-05 -0.000798206 0.000339379 7.03327e-05 0 8.73185e-05 0 6.79363e-05 0.000203106 -0.000380544
internal_weight=545 90 455 439 394 45 79 65 51 380 367 355 339 327 32 33
internal_count=545 90 455 439 394 45 79 65 51 380 367 355 339 327 32 33
is_linear=0
shrinkage=0.0529975


Tree=256
num_leaves=20
num_cat=0
split_feature=19 45 30 13 29 53 53 39 3 6 30 26 26 6 19 39 29 13 25
split_gain=0.256219 0.0723547 0.0589865 0.127411 0.0799678 0.136857 0.0317523 0.0693437 0.0686709 0.0912031 0.0308237 0.0137654 0.0190355 0.0178395 0.0104797 0.00863909 0.00630794 0.003599 0.00245122
threshold=1.0782546332626139 1.7894974863008961 -0.66021637375627751 1.0583964812103044 0.74954040166073665 -0.36007183007885429 1.0593795073025254 -0.80165551899036436 1.148280637204363 0.13256875728387013 1.2529128884377021 0.79675248521638087 1.0465525907089588 1.0557119206150614 -0.54323978470450507 1.6070081309751629 -0.14492537456618729 0.23091843201240225 -0.81708062571740214
decision_type=2 2 2 2 2 2 2 2 2 2 2 2 2 2 2 2 2 2 2
left_child=1 2 3 15 6 -6 8 -8 10 -10 11 13 -13 -4 -9 17 18 -1 -16
right_child=-2 -3 4 -5 5 -7 7 14 9 -11 -12 12 -14 -15 16 -17 -18 -19 -20
leaf_value=0 -0.0053671182257682363 0.0036467512110542341 -0.00049404959108805132 0.0055637096642857566 0.0010325435300168543 -0.0050531273273630379 0.003304916280051261 0.0011560861464180283 -0.0051457521245818136 0 0.00212339972838606 0.0015790608354355918 0 0.00055199898875328221 -0.00039747855907502211 -0.00089826083018757245 -0.0010180859083486517 0.00096913760635954354 0.00034156540088518811
leaf_weight=14.000000000000002 18 10.999999999999998 180 10.999999999999998 13.000000000000002 17 20 12.999999999999998 11.000000000000002 17 13.999999999999998 26 47 50 10.999999999999995 10.999999999999998 14.999999999999998 15.999999999999998 30.000000000000004
leaf_count=14 18 11 180 11 13 17 20 13 11 17 14 26 47 50 11 11 15 16 30
internal_value=0 0.00023088 0.000103625 0.00170328 -8.02296e-05 -0.00248926 0.000102074 0.000968886 -0.000114371 -0.00238808 0.000105443 -4.58954e-06 0.000577166 -0.000228804 0 0 -0.000255446 0.000541398 0
internal_weight=545 527 516 52 464 30 434 89 345 28 317 303 73 230 69 41 56 30 41
internal_count=545 527 516 52 464 30 434 89 345 28 317 303 73 230 69 41 56 30 41
is_linear=0
shrinkage=0.0529975


Tree=257
num_leaves=20
num_cat=0
split_feature=45 17 19 4 47 29 29 34 16 9 37 3 3 6 48 3 13 7 6
split_gain=0.246234 0.208676 0.455964 0.269124 0.0501691 0.359744 0.24273 0.0530434 0.0558865 0.033795 0.031139 0.0203875 0.0211863 0.0381504 0.0169443 0.011204 0.0130193 0.0069284 0.00590697
threshold=1.7894974863008961 -1.3571207634493772 0.34004903709483209 -1.2456854566903617 0.59100304412747862 0.91470921892100709 0.96361458521015575 -0.99223012251921772 1.0321731524863507 1.2542926058956805 1.7603575911333127 -0.94635069273722194 -0.27511238243987474 -0.44595890710518399 1.0000000180025095e-35 0.27291232021384998 -0.054758513544016361 0.99013990439501376 -0.35546998807432423
decision_type=2 2 2 2 2 2 2 2 2 2 2 2 2 2 2 2 2 2 2
left_child=1 2 -1 -3 5 7 11 8 -5 10 14 -6 13 17 -9 18 -17 -13 -14
right_child=-2 3 -4 4 6 -7 -8 9 -10 -11 -12 12 15 -15 -16 16 -18 -19 -20
leaf_value=-0.0011697725382153416 -0.0061048548633322666 -0.0066339730449976701 0.010145875842007187 0.0038831538446565338 -0.0013030357807255432 0.0074211955765170123 -0.006412350303953462 0.00042946556821368305 -2.7938873222450714e-05 -0.0019684829355020813 -0.0017112538149940851 -0.00061460216998468649 0 0.0031091265700874697 -0.00063053312404780031 -0.00022325315970194161 0.0013444577391539133 0.00080999475929784777 -0.0012104981287554793
leaf_weight=18.000000000000004 11.999999999999998 10.999999999999998 11.999999999999998 14.000000000000002 18 13.999999999999998 11.999999999999998 208 13.999999999999998 20 20 16.000000000000004 32 12.999999999999998 43 18 20 10.999999999999998 19
leaf_count=18 12 11 12 14 18 14 12 208 14 20 20 16 32 13 43 18 20 11 19
internal_value=0 0.00019689 0.00409858 -6.76361e-05 0.000143259 0.000521742 -0.000597234 6.61139e-05 0.00206215 -0.000140185 9.22203e-06 6.45315e-05 0.000356498 0.00128945 0.000210219 -4.42082e-05 0.000513886 0 -0.000592904
internal_weight=545 533 30 503 492 333 159 319 28 291 271 147 129 40 251 89 38 27 51
internal_count=545 533 30 503 492 333 159 319 28 291 271 147 129 40 251 89 38 27 51
is_linear=0
shrinkage=0.0529975


Tree=258
num_leaves=13
num_cat=0
split_feature=19 45 30 29 36 35 25 8 8 36 34 34
split_gain=0.238795 0.0764377 0.0513804 0.0768499 0.0732518 0.0346604 0.0485322 0.0498937 0.0590695 0.0145631 0.00533907 0.00833999
threshold=1.0782546332626139 1.7894974863008961 -0.66021637375627751 0.99250610888350865 -1.1775705755317434 -1.2356161011941302 -1.2412826634859453 1.1846244970882689 0.91664802833843739 -0.61767878607499205 -0.23149370543520928 -0.73305319463412733
decision_type=2 2 2 2 2 2 2 2 2 2 2 2
left_child=1 2 4 5 -1 -4 -7 8 9 -8 11 -6
right_child=-2 -3 3 -5 10 6 7 -9 -10 -11 -12 -13
leaf_value=0.0044158905876983895 -0.0051819666349651721 0.0037310635253138265 0.00210798580375816 -0.003299361059086018 0.00049426194985214731 -0.0028253818626085502 0.00067734325846823668 0.0024124634057069148 -0.0029603500135104576 -9.1730421310518581e-05 0.00089057135862836089 -0.00096665708984874628
leaf_weight=11.999999999999998 18 10.999999999999998 15.999999999999998 13.999999999999998 11.999999999999998 10.999999999999998 80 18 12.999999999999998 312 12.999999999999998 15.000000000000002
leaf_count=12 18 11 16 14 12 11 80 18 13 312 13 15
internal_value=0 0.000222311 9.21298e-05 -7.85006e-05 0.00158581 4.84559e-05 -3.92907e-05 5.53593e-05 -6.60757e-05 5.55143e-05 0.000119928 -0.000133855
internal_weight=545 527 516 464 52 450 434 423 405 392 40 27
internal_count=545 527 516 464 52 450 434 423 405 392 40 27
is_linear=0
shrinkage=0.0529975


Tree=259
num_leaves=16
num_cat=0
split_feature=39 29 45 29 30 9 30 30 29 35 25 8 39 29 13
split_gain=0.246429 0.128353 0.07948 0.0540673 0.18725 0.0772403 0.0554963 0.048909 0.0453238 0.0448663 0.0447616 0.0494381 0.0397854 0.0188316 0.0169846
threshold=-1.1558530955085182 1.2691251708631672 1.7894974863008961 1.0000000180025095e-35 0.83988821281013359 1.716493579505701 -1.1268923088289837 -0.51484338589943546 0.81384386805079478 -1.2356161011941302 -1.229818509494444 1.1846244970882689 -0.21892884926927833 -0.89685283675921912 -0.9708949251559793
decision_type=2 2 2 2 2 2 2 2 2 2 2 2 2 2 2
left_child=-1 2 3 9 5 6 -5 12 -9 -2 -11 13 -8 -12 -15
right_child=1 -3 -4 4 -6 -7 7 8 -10 10 11 -13 -14 14 -16
leaf_value=-0.0061100645272471263 0.0024716634971118923 0.0045974772078798123 0.0036030890131756631 -0.0034092171741995293 -0.0061023714693392312 0.0030324619796208651 0.0033491394059745063 -0.00025088069634845653 -0.0032149243222038769 -0.0023962922065824096 -0.0012402117815653979 0.0027343409591690021 0 -0.00059296742504657911 0.00046850300715954059
leaf_weight=11.999999999999998 20 11.999999999999998 10.999999999999998 11.999999999999998 10.999999999999998 11.999999999999998 11.000000000000002 124 11.999999999999998 11.999999999999998 20 15.999999999999998 18 43 199
leaf_count=12 20 12 11 12 11 12 11 124 12 12 20 16 18 43 199
internal_value=0 0.000194051 2.82163e-05 -7.63281e-05 -0.000754419 -0.000229258 -0.000580681 -0.000221784 -0.000686323 0.00034506 0.0001277 0.00030954 0.00150148 7.75301e-05 0.000241953
internal_weight=545 533 521 510 200 189 177 165 136 310 290 278 29 262 242
internal_count=545 533 521 510 200 189 177 165 136 310 290 278 29 262 242
is_linear=0
shrinkage=0.0529975


Tree=260
num_leaves=19
num_cat=0
split_feature=45 30 2 1 30 1 30 44 35 13 26 26 5 30 19 17 13 9
split_gain=0.244912 0.208739 0.0318632 0.0471765 0.0889113 0.21473 0.0754146 0.0388897 0.0710668 0.0585616 0.0412235 0.0606292 0.0434539 0.0213998 0.0194238 0.0121852 0.00356674 0.00175555
threshold=1.7894974863008961 -1.6045160372440099 -1.336645122264297 -0.88755018861797075 0.83988821281013359 0.077270382728210144 0.89794870023472273 -1.2624566551833614 1.8683597752269181 0.43778794431187779 0.79675248521638087 0.67623746148310737 1.1611771117188261 1.0909449037682633 -0.19209297706372019 -0.61107092773640603 -0.28132988415772758 0.72555151955304853
decision_type=2 2 2 2 2 2 2 2 2 2 2 2 2 2 2 2 2 2
left_child=1 -1 -3 6 7 -6 14 9 10 16 11 -9 -12 -7 17 -16 -5 -4
right_child=-2 2 3 4 5 13 -8 8 -10 -11 12 -13 -14 -15 15 -17 -18 -19
leaf_value=0.0056479645676218151 -0.0060934444270935055 -0.0018172352109648235 -0.0010957400113640583 0.00046240634233133716 -0.0060274176427520983 -0.00036930641009502528 0.0043501180162168751 0 -0.0034168480026385791 0.0032827759791569005 0.0020189013797872082 -0.0030275330171341468 -0.00030972065656161398 0.002000140812313114 0.0016740599727283244 0 -0.00045173758642559896 0
leaf_weight=12.999999999999998 11.999999999999998 20 11.000000000000002 17 17 14.000000000000002 11.999999999999998 233 10.999999999999998 20 49 13.999999999999998 28 11.999999999999998 20.999999999999996 11.000000000000002 19 10.999999999999998
leaf_count=13 12 20 11 17 17 14 12 233 11 20 49 14 28 12 21 11 19 11
internal_value=0 0.000191102 0 8.48896e-05 -0.000107296 -0.00224503 0.00134935 0.000140565 -6.4205e-05 0.00136592 8.84731e-05 -0.000226635 0.00112678 0.000675885 0.000197965 0.00104423 0 -0.00074349
internal_weight=545 533 520 500 434 43 66 391 335 56 324 247 77 26 54 32 36 22
internal_count=545 533 520 500 434 43 66 391 335 56 324 247 77 26 54 32 36 22
is_linear=0
shrinkage=0.0529975


Tree=261
num_leaves=12
num_cat=0
split_feature=13 7 7 29 45 7 9 29 30 30 29
split_gain=0.235334 0.142868 0.253845 0.196 0.0816173 0.0424596 0.0682 0.0925548 0.0442611 0.0310816 0.00101763
threshold=1.9449801053509139 -2.251833151424401 -1.6197684868051214 1.1880524913612776 1.7894974863008961 1.8644294573825355 1.2542926058956805 0.17116908538165884 1.2529128884377021 -1.1268923088289837 -0.31222437528094554
decision_type=2 2 2 2 2 2 2 2 2 2 2
left_child=1 -1 -3 4 5 6 8 10 9 -4 -8
right_child=-2 2 3 -5 -6 -7 7 -9 -10 -11 -12
leaf_value=0.0049677197181326807 -0.0059760866072169046 -0.0050791178812976245 -0.002266779913761357 0.0057269055857267796 0.0036885075583856907 0.0025430774867781043 -0.00032329136226959769 -0.0047981565240281963 0.0027111489330298045 3.7781362013144379e-05 0.00018219416096906441
leaf_weight=10.999999999999998 11.999999999999998 20 10.999999999999998 11.999999999999998 10.999999999999998 10.999999999999998 14.999999999999998 13.999999999999998 10.999999999999998 403 14.000000000000002
leaf_count=11 12 20 11 12 11 11 15 14 11 403 14
internal_value=-2.37166e-06 0.000184151 1.4846e-05 0.000289101 7.42217e-05 -3.8955e-05 -0.000145783 -0.00202241 5.33766e-05 -3.83099e-05 0
internal_weight=545 533 522 502 490 479 468 43 425 414 29
internal_count=545 533 522 502 490 479 468 43 425 414 29
is_linear=0
shrinkage=0.0529975


Tree=262
num_leaves=18
num_cat=0
split_feature=45 30 3 29 29 2 35 4 9 19 19 29 4 34 7 31 1
split_gain=0.23586 0.198866 0.0294933 0.170333 0.0802776 0.0432376 0.0428204 0.0511442 0.052875 0.0349426 0.0232301 0.0230559 0.0117901 0.0181874 0.0184981 0.0182682 0.00234941
threshold=1.7894974863008961 -1.6045160372440099 0.065104295382068286 0.99250610888350865 0.7731741465887918 -1.2586012860100468 -1.2356161011941302 -0.97648115039866712 -1.1925206000294124 -0.92602225282107575 -0.58317633917525924 0.67528232375896413 -0.89602656082674959 -0.11205491672286301 0.99013990439501376 -0.047619721137843934 -1.0466141943440603
decision_type=2 2 2 2 2 2 2 2 2 2 2 2 2 2 2 2 2
left_child=1 -1 3 5 6 -3 -4 -8 -9 -10 -11 12 16 14 -14 -15 -7
right_child=-2 2 4 -5 -6 11 7 8 9 10 -12 -13 13 15 -16 -17 -18
leaf_value=0.0055135278334617812 -0.0059799960396701365 -0.0025293675639971678 0.0024180925379610062 -0.0050891844601120614 0.0039508078825649297 0.0014488448131449391 -0.002797179123423435 0.002673872266679104 -0.0024189146583101007 0.0012121958026657738 -0.00020312894316500848 0.0017579167438354559 -0.00097070972572893739 0.0013354392449111969 0.00046174352001733554 -5.9405337081432263e-05 0
leaf_weight=12.999999999999998 11.999999999999998 11.999999999999998 14.999999999999998 13.999999999999998 10.999999999999998 11.000000000000002 11.999999999999998 14.999999999999998 10.999999999999998 35 139 17 89 29 23 73 13.999999999999998
leaf_count=13 12 12 15 14 11 11 12 15 11 35 139 17 89 29 23 73 14
internal_value=0 0.000187304 0 -0.000370263 0.000421536 0 0.000123259 -6.91187e-05 0.000137317 -0.00010927 7.36573e-05 0.000155157 0 -0.000135446 -0.000608835 0.000324623 0.00096858
internal_weight=545 533 520 282 238 268 227 212 200 185 174 256 239 214 112 102 25
internal_count=545 533 520 282 238 268 227 212 200 185 174 256 239 214 112 102 25
is_linear=0
shrinkage=0.0529975


Tree=263
num_leaves=16
num_cat=0
split_feature=19 45 30 13 29 30 35 25 9 6 8 30 6 39 13
split_gain=0.234698 0.0780941 0.0488879 0.102759 0.0664913 0.136601 0.0290898 0.0443449 0.0422629 0.0482843 0.0370957 0.0281823 0.0138323 0.0076228 0.00339653
threshold=1.0782546332626139 1.7894974863008961 -0.66021637375627751 1.0583964812103044 0.74954040166073665 0.23966141775408889 -1.2356161011941302 -1.2412826634859453 -1.1925206000294124 1.070545142625978 0.97390045284613536 0.034327892059729977 1.0128732692479463 1.6070081309751629 0.23091843201240225
decision_type=2 2 2 2 2 2 2 2 2 2 2 2 2 2 2
left_child=1 2 3 13 6 -6 -4 -8 9 11 12 -9 -10 14 -1
right_child=-2 -3 4 -5 5 -7 7 8 10 -11 -12 -13 -14 -15 -16
leaf_value=0 -0.0051366547953904376 0.003767104998502642 0.0019675491431051092 0.0050145967468873433 0.00037144439302824376 -0.0057721353132174887 -0.0026626253558286522 0.00047600328737828189 -8.0570364988522095e-05 -0.0006891221216554776 -0.0020179539738910293 0.0041103278040905567 0.00080560122600164858 -0.0008322283745742932 0.00093375380423740232
leaf_weight=14.000000000000002 18 10.999999999999998 15.999999999999998 10.999999999999998 19.000000000000004 10.999999999999998 10.999999999999998 19 291 11.999999999999998 20 12.999999999999998 52 10.999999999999998 15.999999999999998
leaf_count=14 18 11 16 11 19 11 11 19 291 12 20 13 52 11 16
internal_value=0 0.000221087 8.97067e-05 0.00154685 -7.63852e-05 -0.00227345 8.85251e-05 0 9.90972e-05 0.00155167 -8.03983e-05 0.00255194 4.52962e-05 0 0.000517462
internal_weight=545 527 516 52 464 30 434 418 407 44 363 32 343 41 30
internal_count=545 527 516 52 464 30 434 418 407 44 363 32 343 41 30
is_linear=0
shrinkage=0.0529975


Tree=264
num_leaves=12
num_cat=0
split_feature=39 38 45 39 22 29 13 17 34 29 34
split_gain=0.23053 0.115277 0.0815868 0.0577133 0.0446754 0.091525 0.036891 0.0290085 0.0463587 0.0581193 0.035543
threshold=-1.1558530955085182 -0.85777646155359866 1.7894974863008961 -1.0606611111965953 1.7720646377904923 0.88678181099218489 -0.0055038677584269549 -1.4430991583872543 -0.88995450127161646 -0.74356857378253738 -0.65849572485004393
decision_type=2 2 2 2 2 2 2 2 2 2 2
left_child=-1 -2 3 -3 5 7 -6 -5 9 -9 -10
right_child=1 2 -4 4 6 -7 -8 8 10 -11 -12
leaf_value=-0.0059089759878214474 0.0039477101820425634 -0.0030410955511245398 0.003637894306702541 -0.0018929165659169627 0 -0.0039332641189873414 0.0034272312118632459 0.0041665544503838694 -0.0011589798808407275 0.00023471296222713124 0.00014068234580137752
leaf_weight=11.999999999999998 15.999999999999998 11.999999999999998 10.999999999999998 14.999999999999998 12.000000000000002 10.999999999999998 12.999999999999998 10.999999999999998 65 42 325
leaf_count=12 16 12 11 15 12 11 13 11 65 42 325
internal_value=0 0.000188415 1.47893e-05 -9.20157e-05 1.26483e-06 -0.000112101 0.0019636 1.42659e-05 0.000118817 0.00150969 -7.25598e-05
internal_weight=545 533 517 506 494 469 25 458 443 53 390
internal_count=545 533 517 506 494 469 25 458 443 53 390
is_linear=0
shrinkage=0.0529975


Tree=265
num_leaves=21
num_cat=0
split_feature=45 18 39 0 1 37 19 29 29 9 45 9 9 6 6 10 10 39 39 5
split_gain=0.235836 0.187887 0.454229 0.255488 0.0455077 0.0746475 0.056907 0.154473 0.118535 0.0356234 0.0345961 0.0363477 0.0212141 0.0148504 0.0329957 0.0294514 0.0250189 0.0168295 0.00175151 0.00120758
threshold=1.7894974863008961 1.7278074893815003 -0.92704100512702003 -1.2495039205934646 -0.88755018861797075 -0.7098019992819159 -0.1106783865241085 0.55429414669926913 0.99250610888350865 1.2542926058956805 -0.48162350114508018 -0.4015808138966292 -0.19155332817298618 0.68766972570943896 1.082195554322106 -0.29891982258852196 0.11496765628531078 -0.90242666681960892 1.3177238159457858 1.0000000180025095e-35
decision_type=2 2 2 2 2 2 2 2 2 2 2 2 2 2 2 2 2 2 2 2
left_child=1 3 -3 -1 5 -5 7 9 13 10 12 -12 -6 15 -15 17 -17 -8 19 -7
right_child=-2 2 -4 4 6 18 8 -9 -10 -11 11 -13 -14 14 -16 16 -18 -19 -20 -21
leaf_value=-0.0064577034970160051 -0.0059760184248800075 0.010266651803136816 -0.0010947465399885957 0.0038065709379385966 -0.0001080416653022719 0 -0.0016834497136407861 -0.005548172919759729 0.0040505539641934587 -0.0024573423159697494 0.00074248522599974483 -0.0011942904358972438 0.0015321252647794263 -0.0021557985303073289 0.00053904365428289588 0.0022648922271205863 0 6.5626535589633622e-05 0.00045919944135670697 -0.00051252665539890585
leaf_weight=10.999999999999998 11.999999999999998 11.000000000000002 19 18 25 15.000000000000002 10.999999999999998 10.999999999999998 18 11.999999999999998 31 77 45 18 17 27 29 115 10.999999999999998 11.999999999999998
leaf_count=11 12 11 19 18 25 15 11 11 18 12 31 77 45 18 17 27 29 115 11 12
internal_value=0 0.000191169 0.00389336 -5.91805e-05 0.000145886 0.00149219 -2.91295e-05 -0.000687817 0.000508372 -0.000209656 0 -0.00056728 0.000892139 8.22092e-05 -0.000789111 0.000306749 0.00126362 -0.000103695 0 -0.000201189
internal_weight=545 533 30 503 492 56 436 201 235 190 178 108 70 217 35 182 56 126 38 27
internal_count=545 533 30 503 492 56 436 201 235 190 178 108 70 217 35 182 56 126 38 27
is_linear=0
shrinkage=0.0529975


Tree=266
num_leaves=32
num_cat=0
split_feature=3 30 29 29 19 53 29 1 29 19 43 10 3 39 45 9 2 34 6 29 39 5 30 30 5 7 30 30 3 3 53
split_gain=0.229446 0.767586 0.389912 0.0506223 0.0931584 0.13467 0.12225 0.0838519 0.0414514 0.0968386 0.0405516 0.0637289 0.0364997 0.0294991 0.0347021 0.020714 0.0223104 0.0182075 0.0159921 0.0280638 0.0141864 0.00996221 0.0161828 0.0136147 0.00648998 0.00638911 0.00468855 0.00386583 0.00314356 0.00643755 0.000841786
threshold=0.74002062381803124 -0.60920933772045338 1.1880524913612776 -0.15716204103522488 -0.3357664568293684 1.0000000180025095e-35 0.67528232375896413 1.2604195805631015 -0.75396955002774324 -0.85535387021005227 1.0000000180025095e-35 0.48815465057797414 -0.50682752517265783 1.1651088838879256 0.99460514069480432 -0.90716431318354485 -0.40797804694798717 -0.49561184610222092 0.49645236205568127 -0.72119196064429192 1.2711080041032032 0.56126490577403487 -0.2223400469422456 -0.045495215432908812 -0.1087521560968658 0.32371535876696395 0.22114772662105717 0.59757875010197681 -0.29718049127156848 0.1993519574415378 -0.36007183007885429
decision_type=2 2 2 2 2 2 2 2 2 2 2 2 2 2 2 2 2 2 2 2 2 2 2 2 2 2 2 2 2 2 2
left_child=2 -2 3 10 5 -5 15 -8 -3 -10 11 -1 13 -12 -15 -6 28 -11 20 -20 24 22 -18 -23 -14 -22 -19 -26 -17 -30 -21
right_child=1 8 -4 4 6 -7 7 -9 9 17 12 -13 18 14 -16 16 21 26 19 30 25 23 -24 -25 27 -27 -28 -29 29 -31 -32
leaf_value=0 -0.012588040001039533 0.0019722725551538974 0.0073726660620321285 0.00029095539469475075 0.00076248748339949345 -0.0054155610057144803 0.0046227257197873697 -0.00027430244841166991 -0.0042597002677436024 0.0015042130614046105 0 0.003871703316664415 0.00040505584481829088 0 0.0037475492616428647 -0.0027448353335242366 0.001335292212735749 3.2892645659017641e-05 -0.0024581329464469486 0.00030172433794743378 0 -0.0012735501724842606 -0.00044668751695029618 0 -0.00095382770691283065 0.0019106377655819231 -0.00081366790345544036 0 0 -0.0013356411222205198 -0.00015055609898145049
leaf_weight=18 10.999999999999998 13.999999999999998 15.999999999999998 18 21 17 19.000000000000004 10.999999999999998 10.999999999999998 15.999999999999991 17 20 18 12.000000000000002 14.999999999999998 11.999999999999998 18 18.000000000000007 13.999999999999998 13.999999999999998 14.000000000000002 38 23 32 23 10.999999999999998 20 11.999999999999998 12.000000000000002 11.999999999999998 18
leaf_count=18 11 14 16 18 21 17 19 11 11 16 17 20 18 12 15 12 18 18 14 14 14 38 23 32 23 11 20 12 12 12 18
internal_value=0 -0.0023668 0.000481118 0.000118286 -0.000393534 -0.00269711 4.67359e-05 0.00288653 -7.37417e-05 -0.000742162 0.000724893 0.00218834 0.000289724 0.00151367 0.00244595 -0.000502229 -0.000751359 0.000212082 -0.000140639 -0.000898778 0.000255559 -0.000265642 0.000257578 -0.00066015 -0.000144445 0.0011928 -0.000304081 -0.000615329 -0.0018309 -0.000683734 0
internal_weight=545 90 455 439 233 35 198 30 79 65 206 38 168 44 27 168 147 54 124 46 78 111 41 70 53 25 38 35 36 24 32
internal_count=545 90 455 439 233 35 198 30 79 65 206 38 168 44 27 168 147 54 124 46 78 111 41 70 53 25 38 35 36 24 32
is_linear=0
shrinkage=0.0529975


Tree=267
num_leaves=11
num_cat=0
split_feature=39 5 26 38 45 39 2 29 13 39
split_gain=0.228278 0.112136 0.0856769 0.103749 0.081493 0.0585522 0.0391482 0.0899271 0.0326023 0.0267517
threshold=-1.1558530955085182 -2.2121322698951009 -1.6597939457327306 -0.85777646155359866 1.7894974863008961 -1.0606611111965953 1.7720646377904952 0.88678181099218489 -0.0055038677584269549 -0.88168880801376159
decision_type=2 2 2 2 2 2 2 2 2 2
left_child=-1 -2 -3 -4 5 -5 7 9 -8 -7
right_child=1 2 3 4 -6 6 8 -9 -10 -11
leaf_value=-0.0058817155384419603 0.0041881260387616418 -0.002867557090507978 0.0041495056032953732 -0.0030498092133601678 0.0036490730380323187 0.0010816105376538275 0 -0.0038785845591701065 0.0032275216212365111 -0.0001089749247650375
leaf_weight=11.999999999999998 12.999999999999998 21 11.999999999999998 11.999999999999998 10.999999999999998 55 12.000000000000002 10.999999999999998 12.999999999999998 373
leaf_count=12 13 21 12 12 11 55 12 11 13 373
internal_value=0 0.00018574 2.57973e-05 0.000193997 3.30769e-05 -8.03526e-05 1.95135e-05 -9.26946e-05 0.00185198 4.07575e-05
internal_weight=545 533 520 499 487 476 464 439 25 428
internal_count=545 533 520 499 487 476 464 439 25 428
is_linear=0
shrinkage=0.0529975


Tree=268
num_leaves=17
num_cat=0
split_feature=19 39 19 29 53 10 29 19 25 7 44 30 13 29 39 35
split_gain=0.233039 0.0604443 0.0542425 0.0787294 0.138272 0.082171 0.0401369 0.0649882 0.0647226 0.0360901 0.0314794 0.0221347 0.0121096 0.0181201 0.0151421 0.0109578
threshold=1.0782546332626139 -1.1512768679247249 0.57942704204251372 0.63976665760306584 -0.36007183007885429 -0.50972561685278994 -0.81017552788316061 -1.0429653928487965 -0.91482025821547508 0.3392717906329859 -0.27848972336365163 0.97505087236928578 0.5165953775688209 0.42990594242352781 -0.812326624193484 -0.72583020844465618
decision_type=2 2 2 2 2 2 2 2 2 2 2 2 2 2 2 2
left_child=1 -1 3 6 -5 -6 8 -8 -3 15 -4 12 14 -14 -9 -10
right_child=-2 2 10 4 5 -7 7 11 9 -11 -12 -13 13 -15 -16 -17
leaf_value=0.0033445477737563058 -0.0051186028632909117 0.0042381659486267678 0.0034170089565030478 0.0011087024020037665 -0.0068683284778282084 -0.00028421890261066691 -0.0032329249567441391 -0.0014221810591352265 0 0.0020471691568628918 9.1123778849318374e-05 0.001576613070626278 6.1439946610896066e-05 0.0020613204201614037 -2.0128150678057228e-05 -0.0017293380411581088
leaf_weight=10.999999999999998 18 10.999999999999998 14.999999999999998 15.999999999999998 10.999999999999998 12.000000000000002 10.999999999999998 19 10.999999999999998 11.999999999999998 21 21 75 11.999999999999998 256 13.000000000000002
leaf_count=11 18 11 15 16 11 12 11 19 11 12 21 21 75 12 256 13
internal_value=0 0.000220171 0.00010253 -4.2561e-05 -0.00216605 -0.00444319 0.000156143 -1.03769e-05 0.0015271 4.55358e-05 0.00193325 0.00011263 0 0.00052752 -0.000170136 -0.000931601
internal_weight=545 527 516 480 39 23 441 394 47 36 36 383 362 87 275 24
internal_count=545 527 516 480 39 23 441 394 47 36 36 383 362 87 275 24
is_linear=0
shrinkage=0.0529975


Tree=269
num_leaves=18
num_cat=0
split_feature=45 30 3 29 29 2 35 4 9 27 29 27 4 34 12 26 1
split_gain=0.2318 0.192408 0.0264448 0.156159 0.0780764 0.0399476 0.0367786 0.0442728 0.0467307 0.0282485 0.0250177 0.0189303 0.00982364 0.0151205 0.0224589 0.0111304 0.00198582
threshold=1.7894974863008961 -1.6045160372440099 0.065104295382068286 0.99250610888350865 0.7731741465887918 -1.2586012860100468 -1.2356161011941302 -0.97648115039866712 -1.1925206000294124 -0.92602225282108763 0.67528232375896413 -0.58317633917526923 -0.89602656082674959 -0.20817205666687014 0.64035919196510738 1.2128572229743724 -1.0466141943440603
decision_type=2 2 2 2 2 2 2 2 2 2 2 2 2 2 2 2 2
left_child=1 -1 3 5 6 -3 -4 -8 -9 -10 12 -11 16 15 -15 -14 -7
right_child=-2 2 4 -5 -6 10 7 8 9 11 -12 -13 13 14 -16 -17 -18
leaf_value=0.00542852423615883 -0.0059245765333618321 -0.0024233457228496789 0.0022381160608538771 -0.0048636588441212762 0.0038835726078490797 0.0013198460677281462 -0.0026051139428416941 0.0025100336012444041 -0.0021821213077333765 0.0010869759755548186 0.0018272878909291331 -0.00019079424690403678 -0.00085419227192487285 -2.2835643679781446e-05 0.0018240357203929266 0.00043062083006904117 0
leaf_weight=12.999999999999998 11.999999999999998 11.999999999999998 14.999999999999998 13.999999999999998 10.999999999999998 11.000000000000002 11.999999999999998 14.999999999999998 10.999999999999998 35 17 139 86 101 14.999999999999998 11.999999999999998 13.999999999999998
leaf_count=13 12 12 15 14 11 11 12 15 11 35 17 139 86 101 15 12 14
internal_value=0 0.000189616 0 -0.000345656 0.000404217 0 0.000110028 -6.59258e-05 0.000123917 -0.000105712 0.00015771 5.50732e-05 0 -0.000127245 0.000236648 -0.000613948 0.000880483
internal_weight=545 533 520 282 238 268 227 212 200 185 256 174 239 214 116 98 25
internal_count=545 533 520 282 238 268 227 212 200 185 256 174 239 214 116 98 25
is_linear=0
shrinkage=0.0529975


Tree=270
num_leaves=18
num_cat=0
split_feature=19 45 30 13 29 29 19 37 29 51 37 3 34 34 39 13 13
split_gain=0.224246 0.074253 0.0484076 0.0916805 0.0593785 0.0280043 0.0911247 0.0861077 0.0192462 0.0134322 0.0186152 0.0106358 0.0150205 0.0106102 0.00681353 0.0032497 0.00321826
threshold=1.0782546332626139 1.7894974863008961 -0.66021637375627751 1.0583964812103044 0.99250610888350865 -0.62400762929631193 -0.77729306540003507 -0.7098019992819159 0.69848664362485546 1.0000000180025095e-35 0.61125109236629682 0.52853458084763438 -0.49561184610222092 1.8287459743947443 1.6070081309751629 0.23091843201240225 -0.054758513544016361
decision_type=2 2 2 2 2 2 2 2 2 2 2 2 2 2 2 2 2
left_child=1 2 3 14 5 7 -7 -4 11 10 -9 13 -13 -8 15 -1 -12
right_child=-2 -3 4 -5 -6 6 8 9 -10 -11 16 12 -14 -15 -16 -17 -18
leaf_value=0 -0.0050171314957823806 0.0036786090199178037 0.0041703110619744788 0.004822606093747123 -0.002904834147503501 -0.0033842629583541533 -0.00032871277261161021 -0.00056518655345690646 0.0014718484766530824 -0.0010369297159113083 0.00024362058676363898 0.0014207075485703825 0 0.00076069280446915133 -0.00071035366912563451 0.00094618597674899093 0.001900466953954688
leaf_weight=14.000000000000002 18 10.999999999999998 11.999999999999998 10.999999999999998 13.999999999999998 17 248 18 19 17 22 24 42 19 10.999999999999998 15.999999999999998 11.999999999999998
leaf_count=14 18 11 12 11 14 17 248 18 19 17 22 24 42 19 11 16 12
internal_value=0 0.00022009 9.15704e-05 0.00154139 -7.36408e-05 3.61641e-05 -0.000147173 0.000904228 4.37211e-05 0 0.000473471 -4.17535e-05 0.000504937 -0.000210598 9.43377e-06 0.000541762 0.00120028
internal_weight=545 527 516 52 464 450 369 81 352 69 52 333 66 267 41 30 34
internal_count=545 527 516 52 464 450 369 81 352 69 52 333 66 267 41 30 34
is_linear=0
shrinkage=0.0529975


end of trees

feature_importances:
Column_29=936
Column_19=556
Column_37=542
Column_30=385
Column_39=330
Column_13=218
Column_45=176
Column_9=144
Column_8=128
Column_3=120
Column_6=113
Column_7=99
Column_38=94
Column_1=87
Column_31=83
Column_5=77
Column_25=74
Column_12=73
Column_10=71
Column_26=65
Column_47=65
Column_2=62
Column_34=62
Column_35=61
Column_44=51
Column_17=47
Column_27=47
Column_36=40
Column_53=38
Column_28=37
Column_15=33
Column_4=27
Column_0=25
Column_14=24
Column_16=21
Column_24=19
Column_46=12
Column_23=11
Column_33=11
Column_11=10
Column_21=9
Column_43=9
Column_52=9
Column_51=6
Column_18=5
Column_48=5
Column_42=4
Column_32=3
Column_49=3
Column_22=2

parameters:
[boosting: gbdt]
[objective: regression]
[metric: rmse]
[tree_learner: serial]
[device_type: cpu]
[data_sample_strategy: bagging]
[data: ]
[valid: ]
[num_iterations: 1000]
[learning_rate: 0.0529975]
[num_leaves: 126]
[num_threads: 0]
[seed: 123]
[deterministic: 0]
[force_col_wise: 0]
[force_row_wise: 0]
[histogram_pool_size: -1]
[max_depth: 9]
[min_data_in_leaf: 11]
[min_sum_hessian_in_leaf: 0.001]
[bagging_fraction: 0.99809]
[pos_bagging_fraction: 1]
[neg_bagging_fraction: 1]
[bagging_freq: 0]
[bagging_seed: 19053]
[bagging_by_query: 0]
[feature_fraction: 0.925341]
[feature_fraction_bynode: 1]
[feature_fraction_seed: 13104]
[extra_trees: 0]
[extra_seed: 3265]
[early_stopping_round: 0]
[early_stopping_min_delta: 0]
[first_metric_only: 0]
[max_delta_step: 0]
[lambda_l1: 0.131792]
[lambda_l2: 5.99641]
[linear_lambda: 0]
[min_gain_to_split: 0]
[drop_rate: 0.1]
[max_drop: 50]
[skip_drop: 0.5]
[xgboost_dart_mode: 0]
[uniform_drop: 0]
[drop_seed: 23075]
[top_rate: 0.2]
[other_rate: 0.1]
[min_data_per_group: 100]
[max_cat_threshold: 32]
[cat_l2: 10]
[cat_smooth: 10]
[max_cat_to_onehot: 4]
[top_k: 20]
[monotone_constraints: ]
[monotone_constraints_method: basic]
[monotone_penalty: 0]
[feature_contri: ]
[forcedsplits_filename: ]
[refit_decay_rate: 0.9]
[cegb_tradeoff: 1]
[cegb_penalty_split: 0]
[cegb_penalty_feature_lazy: ]
[cegb_penalty_feature_coupled: ]
[path_smooth: 0]
[interaction_constraints: ]
[verbosity: -1]
[saved_feature_importance_type: 0]
[use_quantized_grad: 0]
[num_grad_quant_bins: 4]
[quant_train_renew_leaf: 0]
[stochastic_rounding: 1]
[linear_tree: 0]
[max_bin: 255]
[max_bin_by_feature: ]
[min_data_in_bin: 3]
[bin_construct_sample_cnt: 200000]
[data_random_seed: 440]
[is_enable_sparse: 1]
[enable_bundle: 1]
[use_missing: 1]
[zero_as_missing: 0]
[feature_pre_filter: 1]
[pre_partition: 0]
[two_round: 0]
[header: 0]
[label_column: ]
[weight_column: ]
[group_column: ]
[ignore_column: ]
[categorical_feature: ]
[forcedbins_filename: ]
[precise_float_parser: 0]
[parser_config_file: ]
[objective_seed: 32363]
[num_class: 1]
[is_unbalance: 0]
[scale_pos_weight: 1]
[sigmoid: 1]
[boost_from_average: 1]
[reg_sqrt: 0]
[alpha: 0.9]
[fair_c: 1]
[poisson_max_delta_step: 0.7]
[tweedie_variance_power: 1.5]
[lambdarank_truncation_level: 30]
[lambdarank_norm: 1]
[label_gain: ]
[lambdarank_position_bias_regularization: 0]
[eval_at: ]
[multi_error_top_k: 1]
[auc_mu_weights: ]
[num_machines: 1]
[local_listen_port: 12400]
[time_out: 120]
[machine_list_filename: ]
[machines: ]
[gpu_platform_id: -1]
[gpu_device_id: -1]
[gpu_use_dp: 0]
[num_gpu: 1]

end of parameters

pandas_categorical:null
