tree
version=v4
num_class=1
num_tree_per_iteration=1
label_index=0
max_feature_idx=53
objective=regression
feature_names=Column_0 Column_1 Column_2 Column_3 Column_4 Column_5 Column_6 Column_7 Column_8 Column_9 Column_10 Column_11 Column_12 Column_13 Column_14 Column_15 Column_16 Column_17 Column_18 Column_19 Column_20 Column_21 Column_22 Column_23 Column_24 Column_25 Column_26 Column_27 Column_28 Column_29 Column_30 Column_31 Column_32 Column_33 Column_34 Column_35 Column_36 Column_37 Column_38 Column_39 Column_40 Column_41 Column_42 Column_43 Column_44 Column_45 Column_46 Column_47 Column_48 Column_49 Column_50 Column_51 Column_52 Column_53
feature_infos=[-2.3860614442315784:2.2241517345110151] [-2.7471174400941529:3.0162737457046975] [-2.3388262167655554:2.3682540554418452] [-2.9913287778074964:5.4497228503153083] [-2.3979368466202819:2.2185354539968141] [-4.3479117513954924:2.4122349837747081] [-3.0896286397862602:2.5388632494671182] [-3.4520855958974139:2.8707873799985273] [-1.8385573390688419:5.8473620258965502] [-3.2694646109543357:2.6529039104727006] [-2.8263445368379383:2.3476012157692288] [-1.8385573390688419:5.8473620258965502] [-2.6563759516088141:3.0292207508517799] [-6.2854712054210768:5.8016188703625646] [-1.8734667108427325:2.1028068041907839] [-1.4706683784168755:5.8579702714542918] [-1.4236382869424618:6.5987378972508353] [-1.8629031587281213:2.5095305597150408] [-1.6309030514807239:3.23711311537404] [-1.8325097201601672:11.884285172726242] [-2.386061444231582:2.224151734511012] [-2.7471174400941534:3.0162737457046975] [-2.3388262167655549:2.3682540554418421] [-2.9913287778075062:5.449722850315303] [-2.3736022445566456:2.2262331816951049] [-1.8652415475283:2.3786032230001952] [-3.6035419535495192:2.7565077153535937] [-1.8325097201601774:11.884285172726228] [-1.8321177536900404:11.883510524330287] [-2.1693052153364474:10.074331732664341] [-7.9977700562127723:2.9195450420513973] [-3.5155345318938003:2.7411597883815264] [-1.865241547528302:2.3786032230001921] [-1.590190129462759:2.598665431376189] [-1.8361820104131108:2.6942700687227594] [-2.2822075105070931:2.337184013125158] [-1.7318634470939274:4.9868380263870895] [-0.82303512142318946:2.1126384155728335] [-13.249702630323796:0.32976043829663121] [-1.4909311853317471:3.1213095313064838] none [-3.6526846651685991:0.27377123723157154] [-4.2181872229994228:0.23706866175771926] [-1.1065666703449777:0.90369611411506501] [-1.5084483881382889:1.4434524073208403] [-1.5604059701819188:1.8462755109870455] [-2.612815015755678:0.94310462543735052] [-2.5097652257917598:1.0439242520932099] [-0.49713135899949407:2.0115407766923972] [-0.49713135899949473:2.0115407766923998] [-0.49713135899949434:2.0115407766923981] [-0.51429676266996505:1.944402672901359] [-0.49425928159511995:2.0232295826043223] [-1.424660333114889:1.41424234164787]
tree_sizes=1080 1311 1212 1213 1378 1452 1217 1474 1388 1808 1451 1980 1516 1789 1988 1780 1496 1677 1964 1736 1868 1668 1887 1922 1653 1881 1821 1582 1888 1780 1902 2033 2033 2222 1807 2223 2145 2056 2217 1999 2202 2540 2190 1967 2038 2099 2310 2275 2406 2451 2309 2034 2591 2385 2461 2620 2741 2676 2448 2683 2643 2650 2502 2673 2624 2910 3026 2900 2747 2632 2768 2773 2780 2832 2633 2592 2438 2974 3124 2609 2954 2735 3163 3166 2684 2878 2847 2658 2769 1794 2648 2265 2173 2949 2248 2157 2292 2349 1876 2388 2194 2022 2732 2346 2089 1809 2334 2060 1940 1952 2448 1946 2328 1592 2676 2035 1806 2033 2653 1997 1842 2932 1538 2040 1704 1531 2406 1819 1949 1962 2109 2228 2513 1718 2657 2275 2463 1884 2367 1692 1790 2166 2350 1768 1461 2437 1383 1834 1745 2165 3075 1754 2776 1958 1824 2759 1848 1523 2739 2340 1823 1418 2117 1520 1822 2851 1636 1382 1535 3046 2587 3385 2101 2421 2005 1838 2047 1690 2276 2312 2371 1539 1504 2398 1458 1912 1557 2738 1403 1446 2775 2231 1915 2828 1308 1835 2518 1974 2375 1450 1747 2361 1939 1822 2398 2157 2370 1982 2707 1423 2173 2853 1516 2330 2317 2059 1732 2502 1724 2289 2018 2609 1743 1779 1976 1557

Tree=0
num_leaves=11
num_cat=0
split_feature=37 37 29 37 37 29 47 37 48 37
split_gain=6559.52 887.018 269.736 86.6293 79.4932 45.2434 20.9797 10.9632 8.68986 4.63815
threshold=-0.68463908325052059 0.77900386590892634 0.34963447586933422 -0.068147640481356228 -0.81674439241534058 -0.31953540702733996 0.66068322996836037 1.3346849282688862 1.0000000180025095e-35 -0.44978520029083774
decision_type=2 2 2 2 2 2 2 2 2 2
left_child=2 3 4 9 5 -1 8 -3 -7 -2
right_child=1 7 -4 -5 -6 6 -8 -9 -10 -11
leaf_value=85.405102418935627 85.487802001087729 85.667837172291499 85.22291332819448 85.594995231311984 85.471152512111303 85.29127544333943 85.416132557396836 85.788750414652384 85.402401365202195 85.520422707315063
leaf_weight=37 22 44 102 100 13.999999999999998 78 14.999999999999998 84 14.999999999999998 34
leaf_count=37 22 44 102 100 14 78 15 84 15 34
internal_value=85.482 85.6565 85.2924 85.5665 85.3449 85.3336 85.3146 85.7574 85.3032 85.5095
internal_weight=545 284 261 156 159 145 108 128 93 56
internal_count=545 284 261 156 159 145 108 128 93 56
is_linear=0
shrinkage=1


Tree=1
num_leaves=13
num_cat=0
split_feature=37 37 29 30 37 37 29 30 37 37 30 37
split_gain=5935.24 803.066 240.899 82.6368 78.2246 71.9673 40.7449 97.9769 8.717 5.74449 1.3109 0.224329
threshold=-0.68463908325052059 0.77900386590892634 0.34963447586933422 -0.051831333479093196 -0.017821808418565357 -0.81674439241534058 -0.31953540702733996 0.69640676084656972 1.382913850662393 -0.40155627789733084 -0.1688947899045288 -0.56511523210139514
decision_type=2 2 2 2 2 2 2 2 2 2 2 2
left_child=2 4 5 -4 9 6 -1 10 -3 11 -8 -2
right_child=1 8 3 -5 -6 -7 7 -9 -10 -11 -12 -13
leaf_value=-0.073373121474918937 0.00066135027535153747 0.18039083870804859 -0.16663778973791948 -0.30958149851573985 0.10977694646253491 -0.010427392917281042 -0.04570463835362356 -0.24778831583813757 0.29358745259868774 0.041853187930312404 -0.12125898623894103 0.01098912041039218
leaf_weight=37 12.000000000000002 47 55 47 94 13.999999999999998 10.999999999999998 27 81 37 70 12.999999999999998
leaf_count=37 12 47 55 47 94 14 11 27 81 37 70 13
internal_value=-7.03918e-06 0.16598 -0.180319 -0.246101 0.0803626 -0.130666 -0.141354 -0.159498 0.262008 0.0299157 -0.114936 0.00734409
internal_weight=545 284 261 102 156 159 145 108 128 62 81 25
internal_count=545 284 261 102 156 159 145 108 128 62 81 25
is_linear=0
shrinkage=0.0529975


Tree=2
num_leaves=12
num_cat=0
split_feature=37 37 29 37 13 37 47 29 37 37 37
split_gain=5386.41 821.702 189.952 83.8248 34.6193 31.807 17.8481 11.2261 4.44156 3.64968 0.286974
threshold=-0.78948456671466416 0.67415838244478266 0.17116908538165884 -0.18557458196119755 -0.28132988415772758 1.2738745478596842 0.31228230076395158 -0.34583423269224073 -0.52737085805430506 0.11847732008481973 -0.63011943184916475
decision_type=2 2 2 2 2 2 2 2 2 2 2
left_child=2 3 6 8 -4 -3 7 -1 10 -5 -2
right_child=1 5 4 9 -6 -7 -8 -9 -10 -11 -12
leaf_value=-0.071233444298504478 -0.006202034327387149 0.16414937170551236 -0.081188204516206952 0.057479771096469193 -0.23430671060413544 0.27557868919320394 -0.0438666496607572 -0.14428222346482411 0.025003856777156927 0.10574502842378761 0.002814339176411519
leaf_weight=29 16.000000000000004 50 12.999999999999998 35 124 87 17 65 31 66 11.999999999999998
leaf_count=29 16 50 13 35 124 87 17 65 31 66 12
internal_value=-0.000201329 0.150683 -0.180217 0.0652001 -0.22384 0.243549 -0.117603 -0.127439 0.0129127 0.0932434 -0.00231759
internal_weight=545 297 248 160 137 137 111 94 59 101 28
internal_count=545 297 248 160 137 137 111 94 59 101 28
is_linear=0
shrinkage=0.0529975


Tree=3
num_leaves=12
num_cat=0
split_feature=37 37 29 37 29 47 37 53 37 37 37
split_gain=4873.4 742.532 170.81 80.1908 32.4049 27.5096 21.6356 10.6143 5.19378 2.45842 0.381715
threshold=-0.78948456671466416 0.71819348549972462 0.41037723249571229 -0.14783020791410453 -0.31953540702733996 0.66068322996836037 1.4563056890872954 -1.069797498769544 -0.49382030334577687 0.15412478446262895 -0.63011943184916475
decision_type=2 2 2 2 2 2 2 2 2 2 2
left_child=2 3 4 8 -1 7 -3 -6 10 -5 -2
right_child=1 6 -4 9 5 -7 -8 -9 -10 -11 -12
leaf_value=-0.066924236600152134 -0.0059629463127839491 0.16463333261692265 -0.23243606924166813 0.058545946097014932 -0.068608379394566085 -0.05706386982099703 0.26747262109432735 -0.16644910323853868 0.027731313682457254 0.10452603675576559 0.0039894104772265548
leaf_weight=37 16.000000000000004 56 91 37 15.999999999999998 19 78 85 32 63 14.999999999999998
leaf_count=37 16 56 91 37 16 19 78 85 32 63 15
internal_value=-0.000161326 0.143358 -0.171391 0.0636075 -0.128716 -0.143621 0.233437 -0.155729 0.0145847 0.0918538 -0.00109242
internal_weight=545 297 248 163 157 120 134 101 63 100 31
internal_count=545 297 248 163 157 120 134 101 63 100 31
is_linear=0
shrinkage=0.0529975


Tree=4
num_leaves=14
num_cat=0
split_feature=37 37 29 30 37 37 30 29 13 37 29 37 37
split_gain=4415.82 688.745 142.247 75.23 69.2868 32.0746 23.398 43.0428 20.1087 4.05467 3.48703 1.70875 0.271614
threshold=-0.81674439241534058 0.6531892857519549 0.17116908538165884 0.36035248426005978 -0.18557458196119755 1.4563056890872954 0.71883599648285379 -0.31953540702733996 0.23091843201240225 -0.52737085805430506 -0.27712259344990625 0.074442217029880728 -0.63011943184916475
decision_type=2 2 2 2 2 2 2 2 2 2 2 2 2
left_child=2 4 6 8 9 -3 10 -8 -4 12 -1 -6 -2
right_child=1 5 3 -5 11 -7 7 -9 -10 -11 -12 -13 -14
leaf_value=-0.029688513630288252 -0.0059787375496294492 0.15528536364464676 -0.081469374382552542 -0.27815102523443075 0.048809382117443824 0.254309199635599 -0.069612406537205185 -0.19906723787039293 -0.17643669045385241 0.022764044974099881 -0.082924938835533327 0.092207046242690521 0.0025739034441442567
leaf_weight=13.999999999999998 19.000000000000004 62 25 39 29 78 25 19 73 31 50 69 11.999999999999998
leaf_count=14 19 62 25 39 29 78 25 19 73 31 50 69 12
internal_value=-0.000135117 0.135002 -0.164909 -0.202753 0.0564854 0.218683 -0.108704 -0.142824 -0.158372 0.0108691 -0.0749202 0.0829869 -0.00259867
internal_weight=545 300 245 137 160 140 108 44 98 62 64 98 31
internal_count=545 300 245 137 160 140 108 44 98 62 64 98 31
is_linear=0
shrinkage=0.0529975


Tree=5
num_leaves=15
num_cat=0
split_feature=37 37 29 37 30 30 29 30 37 30 37 37 47 37
split_gain=4009.6 623.293 133.991 73.1878 47.6291 40.0347 56.4705 31.8608 10.5595 5.12106 4.75816 3.57734 1.05882 0.356111
threshold=-0.81674439241534058 0.73916258219255215 0.41037723249571229 -0.14783020791410453 0.007903202474750343 0.12619616011821214 -0.30060901107959576 0.56564965927232158 1.5590542628821551 0.90938718312148792 -0.49382030334577687 0.20235370685613588 1.0000000180025095e-35 -0.60495651581777243
decision_type=2 2 2 2 2 2 2 2 2 2 2 2 2 2
left_child=2 3 5 10 -4 12 9 -8 -3 -7 13 -5 -1 -2
right_child=1 8 4 11 -6 6 7 -9 -10 -11 -12 -13 -14 -15
leaf_value=-0.021251296638805671 -0.0052054332544603536 0.15509121441501239 -0.14819566580676252 0.055469077279255728 -0.27332544457535779 -0.029869704154158717 -0.10589408123443744 -0.20884903062516844 0.24590585544152918 -0.084781625613625594 0.025332206579115835 0.098399816130598561 -0.063984068343514541 0.0043143271844540958
leaf_weight=10.999999999999998 22 60 55 43 36 19 46 33 71 19 32 60 26 11.999999999999998
leaf_count=11 22 60 55 43 36 19 46 33 71 19 32 60 26 12
internal_value=-0.000328983 0.128444 -0.15734 0.0578311 -0.211607 -0.118501 -0.134454 -0.160683 0.212971 -0.0652975 0.0124234 0.084579 -0.0561777 -0.0015278
internal_weight=545 300 245 169 91 154 117 79 131 38 66 103 37 34
internal_count=545 300 245 169 91 154 117 79 131 38 66 103 37 34
is_linear=0
shrinkage=0.0529975


Tree=6
num_leaves=12
num_cat=0
split_feature=37 37 29 37 37 29 47 48 37 37 37
split_gain=3643.91 564.92 120.709 50.7548 38.9986 25.5256 29.2782 11.1419 2.71837 0.514053 0.14021
threshold=-0.81674439241534058 0.61125109236629682 0.41037723249571229 -0.20864058832330609 1.1795136127419574 -0.31953540702733996 0.66068322996836037 1.0000000180025095e-35 -0.56511523210139514 0.049279300998485126 -0.68463908325052059
decision_type=2 2 2 2 2 2 2 2 2 2 2
left_child=2 3 5 8 -3 -1 7 -7 10 -5 -2
right_child=1 4 -4 9 -6 6 -8 -9 -10 -11 -12
leaf_value=-0.058728504238910205 -0.0058596827870749102 0.12578894183827238 -0.20177680066872031 0.042755511027681214 0.22157678380253026 -0.14924852880944692 -0.045499359573616512 -0.059263335874413126 0.017841879505177523 0.079125629407655648 0.00056547247174100707
leaf_weight=37 16.000000000000004 50 91 29 96 82 19 15.999999999999998 31 66 11.999999999999998
leaf_count=37 16 50 91 29 96 82 19 16 31 66 12
internal_value=-0.000518706 0.122244 -0.150197 0.0484285 0.195075 -0.113254 -0.126737 -0.138888 0.00832923 0.07129 -0.00328655
internal_weight=545 300 245 154 146 154 117 98 59 95 28
internal_count=545 300 245 154 146 154 117 98 59 95 28
is_linear=0
shrinkage=0.0529975


Tree=7
num_leaves=15
num_cat=0
split_feature=37 37 29 19 29 37 19 29 19 37 37 37 37 19
split_gain=3297.43 510.402 109.494 97.5638 73.8887 65.9609 49.9199 11.1895 23.3814 4.70715 4.41958 1.56765 0.453064 0.32958
threshold=-0.81674439241534058 0.84820188499526061 0.17116908538165884 -0.26555031205959151 0.69848664362485546 -0.087019827504899783 -0.95772725582126561 -0.30060901107959576 -0.27139899128830619 -0.44978520029083774 0.27574554528103529 1.5988955465985291 -0.60495651581777243 -0.61139804268437181
decision_type=2 2 2 2 2 2 2 2 2 2 2 2 2 2
left_child=2 5 6 -4 -5 9 -1 13 -9 12 -7 -3 -2 -8
right_child=1 11 3 4 -6 10 7 8 -10 -11 -12 -13 -14 -15
leaf_value=-0.17578022761342685 -0.0048175902174640572 0.14316088977124272 -0.2685882178102767 -0.085500997551324343 -0.18921603280904364 0.054186051226153567 -0.041178525045089766 -0.10852478491543043 -0.030589057006980783 0.026099840323172054 0.095343166765524012 0.2248563239356689 0.0053318193174580319 -0.014722220651557037
leaf_weight=14.999999999999998 22 57 29 61 47 50 19 38 23 31 56 68 15.999999999999998 12.999999999999998
leaf_count=15 22 57 29 61 47 50 19 38 23 31 56 68 16 13
internal_value=-0.000509418 0.11627 -0.142894 -0.176016 -0.138276 0.0547366 -0.0937692 -0.0706249 -0.0846114 0.0126407 0.0799324 0.195915 -0.000241149 -0.034634
internal_weight=545 300 245 137 108 175 108 93 61 69 106 125 38 32
internal_count=545 300 245 137 108 175 108 93 61 69 106 125 38 32
is_linear=0
shrinkage=0.0529975


Tree=8
num_leaves=14
num_cat=0
split_feature=37 37 29 19 19 29 37 37 19 29 29 37 37
split_gain=2999.2 463.326 100.079 59.0676 54.3331 84.4244 40.7767 36.7337 21.1213 22.966 1.86496 1.82454 0.122756
threshold=-0.81674439241534058 0.55463453129565721 0.42990594242352781 0.12123585939265195 -0.592058405594727 -0.31953540702733996 1.1396723290255804 -0.30090461377175504 0.036099156447675855 1.0000000180025095e-35 -0.26151545470841348 -0.56511523210139514 -0.68463908325052059
decision_type=2 2 2 2 2 2 2 2 2 2 2 2 2
left_child=2 7 4 -4 5 -1 -3 11 9 10 -6 12 -2
right_child=1 6 3 -5 8 -7 -8 -9 -10 -11 -12 -13 -14
leaf_value=-0.060822009154382503 -0.0054480748157369752 0.11137499198729441 -0.24711879792764208 -0.12452937853504388 -0.015937424746078795 -0.20824677702267871 0.19928588136818068 0.060887804451163909 -0.018723495942913192 -0.11176922217093369 -0.052860642251881126 0.014547274432083281 0.00053640330786479818
leaf_weight=27 16.000000000000004 53 34 54 12.999999999999998 27 99 92 21 43 26 28 11.999999999999998
leaf_count=27 16 53 34 54 13 27 99 92 21 43 26 28 12
internal_value=-0.000697131 0.110678 -0.136489 -0.184711 -0.103616 -0.148097 0.174067 0.0412876 -0.0733677 -0.0850531 -0.0444722 0.00619988 -0.00303562
internal_weight=545 300 245 88 157 54 152 148 103 82 39 56 28
internal_count=545 300 245 88 157 54 152 148 103 82 39 56 28
is_linear=0
shrinkage=0.0529975


Tree=9
num_leaves=18
num_cat=0
split_feature=37 37 29 19 29 37 37 19 19 29 19 29 30 37 19 19 37
split_gain=2723.69 418.665 95.727 56.9838 80.3891 39.7185 33.2094 25.2079 23.3666 8.79613 10.6056 6.00815 5.16448 2.05912 0.863203 0.195518 0.18133
threshold=-0.81674439241534058 0.55463453129565721 0.67528232375896413 0.036099156447675855 0.092064071066336753 1.6722873850234283 -0.20864058832330609 -0.26555031205959151 -0.95772725582126561 -0.30060901107959576 -0.27139899128830619 0.37014666599639606 -0.72758761312421016 -0.52737085805430506 0.1923965634511757 -0.61139804268437181 -0.63011943184916475
decision_type=2 2 2 2 2 2 2 2 2 2 2 2 2 2 2 2 2
left_child=2 6 3 4 8 -3 13 -6 -1 15 -11 -5 -4 16 -13 -10 -2
right_child=1 5 12 11 7 -7 -8 -9 9 10 -12 14 -14 -15 -16 -17 -18
leaf_value=-0.14459498375756405 -0.004957536888110908 0.12553162228781212 -0.091888747714922836 -0.011961816181061286 -0.21586417846629116 0.20837637422519129 0.058689037735924265 -0.098192273418015563 -0.037069547057044044 -0.092043579057797809 -0.023542479485507643 -0.070626885408499984 -0.2168779066580272 0.016167717880683156 -0.023086883554900094 -0.013485025218775502 0.0020004813765387027
leaf_weight=12.999999999999998 19.000000000000004 91 14.999999999999998 18 28 61 89 28 19 35 13.999999999999998 11.000000000000002 40 28 10.999999999999998 12.999999999999998 11.999999999999998
leaf_count=13 19 91 15 18 28 61 89 28 19 35 14 11 40 28 11 13 12
internal_value=-0.000926833 0.105212 -0.130329 -0.10609 -0.121108 0.165469 0.0392474 -0.172329 -0.0820201 -0.0626227 -0.0772997 -0.0411729 -0.195289 0.00710386 -0.0571424 -0.0313124 -0.00218763
internal_weight=545 300 245 190 150 152 148 56 94 81 49 40 55 59 22 32 31
internal_count=545 300 245 190 150 152 148 56 94 81 49 40 55 59 22 32 31
is_linear=0
shrinkage=0.0529975


Tree=10
num_leaves=15
num_cat=0
split_feature=37 37 29 19 29 37 19 29 19 37 29 37 37 37
split_gain=2481.28 381.472 86.2812 52.8219 95.3959 51.4888 17.4928 35.7765 8.45249 4.57686 3.36575 3.10932 2.75514 0.336882
threshold=-0.81674439241534058 0.87755862036522103 0.67528232375896413 -0.592058405594727 -0.31953540702733996 -0.04088781478067683 0.18531090310476403 0.17446000710872947 0.33105089177526276 -0.44978520029083774 -0.26151545470841348 0.2442919002417939 1.7603575911333127 -0.60495651581777243
decision_type=2 2 2 2 2 2 2 2 2 2 2 2 2 2
left_child=2 5 3 4 -1 9 7 10 -4 13 -5 -7 -3 -2
right_child=1 12 8 6 -6 11 -8 -9 -10 -11 -12 -13 -14 -15
leaf_value=-0.055405771966069384 -0.0042910880199517653 0.13192682565551278 -0.22915294102706663 -0.014651154134678698 -0.2053991082125774 0.045047403230813556 -0.018191960450218592 -0.11561909434938203 -0.115442125434851 0.024667492816218037 -0.055214606107248765 0.082407722269317168 0.20544779658486678 0.004451968627749308
leaf_weight=27 22 72 26 12.999999999999998 30 40 17 54 29 37 49 63 50 15.999999999999998
leaf_count=27 22 72 26 13 30 40 17 54 29 37 49 63 50 16
internal_value=-0.00124775 0.100061 -0.124754 -0.101669 -0.146497 0.0478826 -0.0769154 -0.0841469 -0.186554 0.0128204 -0.0488542 0.0712394 0.170326 -0.000346007
internal_weight=545 300 245 190 57 178 133 116 55 75 62 103 122 38
internal_count=545 300 245 190 57 178 133 116 55 75 62 103 122 38
is_linear=0
shrinkage=0.0529975


Tree=11
num_leaves=20
num_cat=0
split_feature=43 39 29 19 29 39 19 30 29 19 29 19 19 19 39 39 39 16 16
split_gain=2257.73 342.817 79.6148 50.4053 101.93 38.7045 11.9828 9.41058 9.38791 14.6171 3.54949 3.63832 2.65159 2.07107 1.93123 1.5716 0.504155 0.456715 0.0771827
threshold=1.0000000180025095e-35 0.77466986113471048 0.67528232375896413 -0.27139899128830619 -0.10741717961323992 -0.043054272318594086 -0.95772725582126561 -0.017993314836550849 0.26696810119628295 0.19532064279088537 -0.50026514361871988 -0.50832564867298069 0.036099156447675855 -0.44438029562472414 1.4493800370583283 -0.4449525141229505 0.24887667716674952 -0.2297321685622519 1.0000000180025095e-35
decision_type=2 2 2 2 2 2 2 2 2 2 2 2 2 2 2 2 2 2 2
left_child=2 5 3 4 6 15 -1 -4 12 -10 -8 -12 -5 -6 -3 18 -7 -17 -2
right_child=1 14 7 8 13 16 10 -9 9 -11 11 -13 -14 -15 -16 17 -18 -19 -20
leaf_value=-0.11301915204060307 -0.00060184527996704569 0.11657943620329045 -0.11579452777701051 -0.037434917480861411 -0.2074077764508501 0.042800488710064644 -0.010658079478338982 -0.2272925920050721 -0.089815031515290272 -0.015651863124788019 -0.0626465544350856 -0.015995124693939697 -0.0037538181202730189 -0.09408812041625314 0.18377703243695209 0.0071638407115370397 0.073133539737787467 0.023114259992011048 0.003957517556166871
leaf_weight=10.999999999999998 13.000000000000002 57 33 23 28 41 10.999999999999998 22 35 12.999999999999998 27.999999999999996 12.000000000000002 10.999999999999998 18 69 17 63 24 15.999999999999998
leaf_count=11 13 57 33 23 28 41 11 22 35 13 28 12 11 18 69 17 63 24 16
internal_value=-0.0013672 0.0952716 -0.119177 -0.0970433 -0.121613 0.0445124 -0.0667776 -0.178468 -0.0585212 -0.0738273 -0.0458403 -0.0527128 -0.0289092 -0.179164 0.160108 0.0123781 0.064224 0.0184072 0.00196116
internal_weight=545 300 245 190 108 174 62 55 82 48 51 40 34 46 126 70 104 41 29
internal_count=545 300 245 190 108 174 62 55 82 48 51 40 34 46 126 70 104 41 29
is_linear=0
shrinkage=0.0529975


Tree=12
num_leaves=15
num_cat=0
split_feature=37 37 29 30 19 37 37 19 29 29 37 37 37 37
split_gain=2059.76 313.497 74.0282 69.5875 42.6159 34.1737 23.1566 19.0843 30.8189 3.27473 1.30195 0.122822 0.069107 0.0177697
threshold=-0.81674439241534058 0.53366543460282967 0.34963447586933422 0.075737815779329185 -0.95772725582126561 1.5213098888350618 -0.30090461377175504 -0.047937934349164608 -0.020202083740976092 -0.50026514361871988 -0.57350287077852791 0.022019475297808743 -0.44978520029083774 -0.7098019992819159
decision_type=2 2 2 2 2 2 2 2 2 2 2 2 2 2
left_child=2 6 4 -4 -1 -3 10 8 9 -6 13 -8 -12 -2
right_child=1 5 3 -5 7 -7 11 -9 -10 -11 12 -13 -14 -15
leaf_value=-0.15961441496492906 -0.0047998826379189834 0.10233515315917951 -0.10041089293322274 -0.21156445943089905 -0.010292510064859694 0.17401919332273352 0.028884215174300457 -0.011655532372267441 -0.10800714329733226 -0.049996248862400658 0.0041631715144189582 0.054026811644295118 0.013800908393481817 -0.00070739247396635341
leaf_weight=15.999999999999998 13.000000000000002 81 63 37 10.999999999999998 74 28 18 46 54 13.000000000000002 61 18 11.999999999999998
leaf_count=16 13 81 63 37 11 74 28 18 46 54 13 61 18 12
internal_value=-0.00161165 0.0906957 -0.114135 -0.151246 -0.0835059 0.141809 0.0325497 -0.0673437 -0.0752543 -0.0448123 0.0048287 0.0485129 0.0112779 -0.0035777
internal_weight=545 300 245 100 145 155 145 129 111 65 56 89 31 25
internal_count=545 300 245 100 145 155 145 129 111 65 56 89 31 25
is_linear=0
shrinkage=0.0529975


Tree=13
num_leaves=18
num_cat=0
split_feature=37 37 29 28 29 37 29 28 30 37 37 37 19 29 19 37 29
split_gain=1870.59 285.162 72.3579 47.1197 87.006 40.0793 18.2069 40.6411 15.4834 4.19202 3.52257 3.24212 2.8446 4.324 0.748687 0.281083 0.0437588
threshold=-0.81674439241534058 0.90901226540446534 0.7731741465887918 -0.57634309484549606 -0.31953540702733996 -0.04088781478067683 0.17446000710872947 0.14638654743062807 -0.72758761312421016 1.8777845326131508 -0.44978520029083774 0.29252082263530083 -0.15395302483745629 -0.19322199846525803 0.33746938443185265 -0.60495651581777243 -0.6328658389832057
decision_type=2 2 2 2 2 2 2 2 2 2 2 2 2 2 2 2 2
left_child=2 5 3 4 16 10 12 -8 -4 -3 15 -7 13 -5 -9 -2 -1
right_child=1 9 8 6 -6 11 7 14 -10 -11 -12 -13 -14 -15 -16 -17 -18
leaf_value=-0.019691611497504067 -0.0041273258825174075 0.11579941201702162 -0.07018512774394553 -0.014455805116712218 -0.18396205369609042 0.040747742374132513 -0.11023028069549944 -0.03175151975672344 -0.19913323483449907 0.1829909381418405 0.021346622995883521 0.073826145295940351 -0.010204309300564507 -0.056049636370651135 -0.0075774693355323917 0.0038473757641877713 -0.05466336957056174
leaf_weight=11.000000000000002 22 75 12.999999999999998 15.999999999999998 33 47 54 17.000000000000004 30 44 37 59 12.999999999999998 30 10.999999999999998 15.999999999999998 17
leaf_count=11 22 75 13 16 33 47 54 17 30 44 37 59 13 30 11 16 17
internal_value=-0.00168897 0.0862788 -0.10892 -0.0904981 -0.131045 0.0420264 -0.0682786 -0.0850756 -0.173652 0.148286 0.0109499 0.0621886 -0.039131 -0.0450521 -0.0254717 -0.000544072 -0.0470265
internal_weight=545 300 245 202 61 181 141 82 43 119 75 106 59 46 28 38 28
internal_count=545 300 245 202 61 181 141 82 43 119 75 106 59 46 28 38 28
is_linear=0
shrinkage=0.0529975


Tree=14
num_leaves=20
num_cat=0
split_feature=43 39 29 19 29 39 19 19 30 29 29 19 19 39 39 19 16 39 16
split_gain=1703.64 255.445 66.6625 43.6666 67.4053 28.4989 24.6359 20.8072 13.3688 7.06348 5.33165 8.27148 3.98843 2.4532 1.20616 0.490791 0.343519 0.225226 0.0564759
threshold=1.0000000180025095e-35 0.77466986113471048 0.7731741465887918 0.044058632693227386 0.092064071066336753 -0.043054272318594086 -0.26555031205959151 -0.95772725582126561 -0.72758761312421016 0.37014666599639606 -0.30060901107959576 -0.27139899128830619 0.33105089177526276 1.4493800370583283 -0.4449525141229505 -0.61139804268437181 -0.2297321685622519 0.31082699340782721 1.0000000180025095e-35
decision_type=2 2 2 2 2 2 2 2 2 2 2 2 2 2 2 2 2 2 2
left_child=2 5 3 4 7 14 -6 -1 -4 -5 15 -12 -11 -3 18 -9 -16 -7 -2
right_child=1 13 8 9 6 17 -8 10 -10 12 11 -13 -14 -15 16 -17 -18 -19 -20
leaf_value=-0.12065926560929788 -0.00052721159522981073 0.10014806472126835 -0.067639632364427299 -0.0044564817729351273 -0.1837679005933183 0.038489970367718132 -0.084020945658659238 -0.029067632568847944 -0.19033771909251798 -0.061350956355081747 -0.071720317100309808 -0.015236763783726577 -0.012503576596863922 0.15889922086792049 0.0061877882182113098 -0.0085535930402299114 0.020120836737844178 0.063999139525355617 0.003327824175858246
leaf_weight=12.999999999999998 13.000000000000002 57 12.999999999999998 17 29 47 33 19 30 18.000000000000004 35 13.999999999999998 10.999999999999998 69 17 12.999999999999998 24 57 15.999999999999998
leaf_count=13 13 57 13 17 29 47 33 19 30 18 35 14 11 69 17 13 24 57 16
internal_value=-0.00178938 0.0821622 -0.104122 -0.0864626 -0.0998526 0.0383426 -0.142871 -0.0645429 -0.166203 -0.0346403 -0.0477604 -0.0591301 -0.0483393 0.138131 0.0107376 -0.0235827 0.016019 0.0552612 0.00160589
internal_weight=545 300 245 202 156 174 62 94 43 46 81 49 29 126 70 32 41 104 29
internal_count=545 300 245 202 156 174 62 94 43 46 81 49 29 126 70 32 41 104 29
is_linear=0
shrinkage=0.0529975


Tree=15
num_leaves=18
num_cat=0
split_feature=37 37 29 28 29 37 29 28 30 37 19 29 37 19 29 37 37
split_gain=1553.99 234.512 60.9334 42.1213 74.9992 37.2578 15.5315 33.1772 11.4991 5.58467 2.43587 3.65811 0.808575 0.640969 0.471977 0.41209 0.0399952
threshold=-0.81674439241534058 0.94675663945155553 0.7731741465887918 -0.57634309484549606 -0.31953540702733996 0.10170204273055711 0.17446000710872947 0.14638654743062807 -0.72758761312421016 -0.36590881351952459 -0.15395302483745629 -0.19322199846525803 1.8777845326131508 0.33746938443185265 -0.6328658389832057 -0.60495651581777243 0.34913738370593445
decision_type=2 2 2 2 2 2 2 2 2 2 2 2 2 2 2 2 2
left_child=2 5 3 4 14 9 10 -8 -4 15 11 -5 -3 -9 -1 -2 -7
right_child=1 12 8 6 -6 16 7 13 -10 -11 -12 -13 -14 -15 -16 -17 -18
leaf_value=-0.016876793281252897 -0.0040799124663599305 0.10589192436035509 -0.065186457903578909 -0.012807833968986592 -0.16996423434251887 0.039212758893576623 -0.10023004071848783 -0.029265458978894994 -0.18193069519687197 0.025819657945018899 -0.0088562861310428238 -0.050788456941737191 0.1670447864410764 -0.006913786748807031 -0.050844247580222018 0.0049944862938920411 0.069979488807192847
leaf_weight=11.000000000000002 22 68 12.999999999999998 15.999999999999998 33 32 54 17.000000000000004 30 50 12.999999999999998 30 44 10.999999999999998 17 22 62
leaf_count=11 22 68 13 16 33 32 54 17 30 50 13 30 44 11 17 22 62
internal_value=-0.00196245 0.0782196 -0.0996954 -0.0827998 -0.120873 0.0398651 -0.0620222 -0.0774795 -0.159076 0.0147147 -0.0352656 -0.0407127 0.137244 -0.0234582 -0.0430359 0.000372429 0.0625551
internal_weight=545 300 245 202 61 188 141 82 43 94 59 46 112 28 28 44 94
internal_count=545 300 245 202 61 188 141 82 43 94 59 46 112 28 28 44 94
is_linear=0
shrinkage=0.0529975


Tree=16
num_leaves=15
num_cat=0
split_feature=37 37 29 38 19 29 37 37 19 29 29 37 37 37
split_gain=1415.61 212.956 57.4121 54.134 42.1185 48.9417 20.5609 20.3539 14.3465 16.018 1.59088 1.35276 0.578477 0.107341
threshold=-0.81674439241534058 0.62592946005127559 0.42990594242352781 0.13090962736835629 -0.68361382853397312 -0.54213609959460229 1.8001988748496838 -0.18557458196119755 0.036099156447675855 1.0000000180025095e-35 -0.35880181257487692 -0.52737085805430506 0.10170204273055711 -0.63011943184916475
decision_type=2 2 2 2 2 2 2 2 2 2 2 2 2 2
left_child=2 7 4 -4 5 -1 -3 11 9 10 -6 13 -9 -2
right_child=1 6 3 -5 8 -7 -8 12 -10 -11 -12 -13 -14 -15
leaf_value=-0.021255568270792117 -0.0042667152440829413 0.093565396475531165 -0.08322526844561294 -0.18590729733007497 -0.0077893238399083208 -0.15042321924063037 0.15749415439254022 0.027001558637274378 -0.0073104165175348363 -0.080105097787125545 -0.035825180387151281 0.012333183766074745 0.050509808275847022 0.0010752051500323141
leaf_weight=13.999999999999998 19.000000000000004 96 55 33 11.999999999999998 28 47 32 21 46 36 31 63 11.999999999999998
leaf_count=14 19 96 55 33 12 28 47 32 21 46 36 31 63 12
internal_value=-0.00202607 0.0745036 -0.0953049 -0.131209 -0.0710509 -0.115548 0.120117 0.0300246 -0.0498213 -0.0582406 -0.0305889 0.00542647 0.0447337 -0.00217097
internal_weight=545 300 245 88 157 42 143 157 115 94 48 62 95 31
internal_count=545 300 245 88 157 42 143 157 115 94 48 62 95 31
is_linear=0
shrinkage=0.0529975


Tree=17
num_leaves=17
num_cat=0
split_feature=37 37 29 19 29 37 19 29 30 37 37 29 29 37 13 37
split_gain=1286.8 194.445 55.3374 38.2174 67.0474 30.1256 13.3381 26.0504 10.4301 3.2102 2.45376 2.1501 1.61953 1.3538 0.834867 0.203687
threshold=-0.81674439241534058 0.94675663945155553 0.7731741465887918 -0.58317633917525924 -0.25359189156537315 -0.04088781478067683 0.18531090310476403 0.17446000710872947 -0.72758761312421016 0.29252082263530083 -0.44978520029083774 -0.6328658389832057 -0.26151545470841348 1.9469825516994852 0.063452636341398236 -0.60495651581777243
decision_type=2 2 2 2 2 2 2 2 2 2 2 2 2 2 2 2
left_child=2 5 3 4 11 10 7 12 -4 -7 15 -1 -5 -3 -9 -2
right_child=1 13 8 6 -6 9 -8 14 -10 -11 -12 -13 -14 -15 -16 -17
leaf_value=-0.015568862438839782 -0.0037626437673687076 0.098134431205336228 -0.059803816096753511 -0.0084743916679134758 -0.16901620563967903 0.03339752127058522 -0.012185613630117192 -0.040264276379093258 -0.16840488017713914 0.062318877189306905 0.017476569423968719 -0.057578299416137214 -0.036691701977860564 0.15571943650935244 -0.094749849088945834 0.0030096547594317814
leaf_weight=10.999999999999998 22 74 12.999999999999998 11.999999999999998 26 47 21 14.999999999999998 30 66 37 23 48 38 46 15.999999999999998
leaf_count=11 22 74 13 12 26 47 21 15 30 66 37 23 48 38 46 16
internal_value=-0.00205507 0.0709107 -0.0909883 -0.075125 -0.111462 0.0359952 -0.0558304 -0.062417 -0.147052 0.0526375 0.0087941 -0.0485334 -0.0324368 0.124652 -0.086259 -0.000730838
internal_weight=545 300 245 202 60 188 142 121 43 113 75 34 60 112 61 38
internal_count=545 300 245 202 60 188 142 121 43 113 75 34 60 112 61 38
is_linear=0
shrinkage=0.0529975


Tree=18
num_leaves=20
num_cat=0
split_feature=37 37 29 19 29 37 38 19 29 19 19 37 29 19 19 29 37 37 37
split_gain=1172.73 176.602 50.8631 35.9681 72.3473 28.5807 10.948 10.929 9.86456 12.5904 8.05449 4.28091 2.35 2.34736 1.5264 1.22668 0.317888 0.302779 0.00303392
threshold=-0.81674439241534058 0.99708247151434348 0.7731741465887918 -0.27139899128830619 -0.10741717961323992 0.10170204273055711 -0.18974382169629886 -0.95772725582126561 0.26696810119628295 0.1923965634511757 -0.44438029562472414 -0.36590881351952459 -0.50026514361871988 -0.50832564867298069 0.036099156447675855 0.061826384744403794 0.34913738370593445 -0.60495651581777243 1.9469825516994852
decision_type=2 2 2 2 2 2 2 2 2 2 2 2 2 2 2 2 2 2 2
left_child=2 5 3 4 7 11 -4 -1 14 -10 -6 17 -9 -14 15 -5 -7 -2 -3
right_child=1 18 6 8 10 16 -8 12 9 -11 -12 -13 13 -15 -16 -17 -18 -19 -20
leaf_value=-0.088380275000233238 -0.0036059438942323565 0.093994901008606122 -0.076021414361480466 -0.0046559323702446698 -0.16453749757386701 0.033556096770116478 -0.17634745480662481 -0.0047444802841731326 -0.070897808601752751 -0.013686261733502372 -0.068979048196112891 0.022456602990436673 -0.04348653079589615 -0.009161822888341737 0.00012547458827702482 -0.031269561410842743 0.060780606949286262 0.0041750004294715294 0.14859149140411809
leaf_weight=10.999999999999998 22 71 22 11.000000000000002 29 32 21 10.999999999999998 40 19 18 50 27.999999999999996 12.000000000000002 10.999999999999998 11.999999999999998 65 22 38
leaf_count=11 22 71 22 11 29 32 21 11 40 19 18 50 28 12 11 12 65 22 38
internal_value=-0.00211982 0.0675378 -0.0870185 -0.07182 -0.0928242 0.0349123 -0.140746 -0.0477526 -0.0430002 -0.0555436 -0.140018 0.0127347 -0.0304909 -0.0358778 -0.015995 -0.0223772 0.0543436 0.000178951 0.119845
internal_weight=545 300 245 202 109 191 43 62 93 59 47 94 51 40 34 23 97 44 109
internal_count=545 300 245 202 109 191 43 62 93 59 47 94 51 40 34 23 97 44 109
is_linear=0
shrinkage=0.0529975


Tree=19
num_leaves=18
num_cat=0
split_feature=37 37 29 19 29 37 19 19 29 29 29 37 29 37 19 37 37
split_gain=1071.15 160.263 47.1287 38.3673 45.3543 25.9137 16.0924 11.3702 24.401 3.58404 3.43038 2.50052 2.32841 2.1668 0.849699 0.54183 0.216437
threshold=-0.81674439241534058 0.99708247151434348 0.67528232375896413 -0.63732297160268458 -0.25359189156537315 1.0000000180025095e-35 0.2948654323460424 0.036099156447675855 0.083447991429444604 0.37014666599639606 -0.6328658389832057 -0.40155627789733084 -0.19322199846525803 0.34913738370593445 0.1923965634511757 2.003599112770122 -0.60495651581777243
decision_type=2 2 2 2 2 2 2 2 2 2 2 2 2 2 2 2 2
left_child=2 5 3 4 10 11 -4 8 12 -9 -1 16 -5 -7 -11 -3 -2
right_child=1 15 6 7 -6 13 -8 9 -10 14 -12 -13 -14 -15 -16 -17 -18
leaf_value=-0.013828961321517301 -0.0034557698776255287 0.090354197049465332 -0.16661374185692168 -0.010676955322598113 -0.16353994669166888 0.031658734410181695 -0.075878187275297784 -0.0013273420141490743 -0.085450794292481452 -0.041915557697728652 -0.061404432310922831 0.017759495163658427 -0.037570962992254313 0.057831454013040698 -0.011260247188647217 0.14376418062619498 0.0033143887729136625
leaf_weight=11.000000000000002 22 74 24 21 19 46 31 18 47 11.000000000000002 18 39 34 65 10.999999999999998 35 19
leaf_count=11 22 74 24 21 19 46 31 18 47 11 18 39 34 65 11 35 19
internal_value=-0.00223698 0.0643372 -0.0833737 -0.0668762 -0.107607 0.0332552 -0.128073 -0.0492586 -0.0586454 -0.0206455 -0.0490197 0.00913076 -0.029476 0.0492233 -0.0325321 0.114167 -0.000147175
internal_weight=545 300 245 190 48 191 55 142 102 40 29 80 55 111 22 109 41
internal_count=545 300 245 190 48 191 55 142 102 40 29 80 55 111 22 109 41
is_linear=0
shrinkage=0.0529975


Tree=20
num_leaves=19
num_cat=0
split_feature=37 37 29 19 29 37 19 38 29 19 37 29 37 37 19 29 29 37
split_gain=977.469 145.73 44.3944 33.0838 62.7297 19.5896 15.1613 10.0517 8.51637 10.437 6.68665 5.76068 1.71387 1.349 1.13682 1.09877 0.437777 0.107307
threshold=-0.81674439241534058 0.87755862036522103 0.7731741465887918 -0.27139899128830619 0.083447991429444604 -0.087019827504899783 -0.95772725582126561 -0.18974382169629886 0.26696810119628295 0.19532064279088537 1.8777845326131508 -0.30060901107959576 0.2275166228875313 -0.49382030334577687 0.036099156447675855 0.061826384744403794 -0.50026514361871988 -0.63011943184916475
decision_type=2 2 2 2 2 2 2 2 2 2 2 2 2 2 2 2 2 2
left_child=2 5 3 4 6 13 -1 -4 14 -10 -3 16 -7 17 15 -5 -8 -2
right_child=1 10 7 8 -6 12 11 -9 9 -11 -12 -13 -14 -15 -16 -17 -18 -19
leaf_value=-0.0998411278373698 -0.0036587880521908394 0.080775409485351127 -0.069695367687105977 -0.0032075604829913027 -0.14680334241442741 0.026522888902774756 -0.0036722004354818828 -0.16309924987072016 -0.062860345650150473 -0.0098524024272748038 0.13223221708300789 -0.051200719621628178 0.049699088550937173 0.012530405502161597 0.00016669835439935446 -0.027426815485856675 -0.019874540747094927 0.001412567585901417
leaf_weight=12.999999999999998 19 78 22 11.000000000000002 30 43 10.999999999999998 21 42 17 44 34 66 35 10.999999999999998 11.999999999999998 21 14.999999999999998
leaf_count=13 19 78 22 11 30 43 11 21 42 17 44 34 66 35 11 12 21 15
internal_value=-0.00231111 0.0612867 -0.0798175 -0.0657012 -0.0857049 0.0290416 -0.0537008 -0.129832 -0.0384143 -0.0500124 0.104714 -0.036957 0.0424767 0.00602567 -0.0136329 -0.0191433 -0.0159473 -0.00137045
internal_weight=545 300 245 202 109 178 79 43 93 59 122 66 109 69 34 23 32 34
internal_count=545 300 245 202 109 178 79 43 93 59 122 66 109 69 34 23 32 34
is_linear=0
shrinkage=0.0529975


Tree=21
num_leaves=17
num_cat=0
split_feature=37 37 29 19 29 37 19 38 29 29 37 29 37 29 37 37
split_gain=891.913 132.731 41.2687 40.9037 79.1249 22.1664 14.3025 10.1281 15.4019 5.20203 3.24652 1.38583 0.410819 0.395667 0.224217 0.17622
threshold=-0.81674439241534058 1.0390206649000016 0.96361458521015575 -0.27139899128830619 0.083447991429444604 0.10170204273055711 -0.95772725582126561 -0.16222339301724051 0.47796017511591082 -0.30060901107959576 -0.36590881351952459 0.061826384744403794 0.38478484808374686 -0.50026514361871988 -0.60495651581777243 2.003599112770122
decision_type=2 2 2 2 2 2 2 2 2 2 2 2 2 2 2 2
left_child=2 5 3 4 6 10 -1 -5 11 13 14 -9 -7 -8 -2 -3
right_child=1 15 -4 7 -6 12 9 8 -10 -11 -12 -13 -14 -15 -16 -17
leaf_value=-0.096220059378957931 -0.0031882757072665604 0.082270790485169554 -0.1357069956118635 0.0029152380665891627 -0.15142474000324455 0.030073462233371206 -0.0035462449722633727 -0.0030975421309413858 -0.07047660304314067 -0.048894028712952654 0.019445274851498554 -0.026548345536059132 0.053588766860670475 -0.019055197515006766 0.0035117713546260871 0.13127652053673211
leaf_weight=12.999999999999998 22 71 29 13.999999999999998 33 36 10.999999999999998 10.999999999999998 33 34 50 46 64 21 22 35
leaf_count=13 22 71 29 14 33 36 11 11 33 34 50 46 64 21 22 35
internal_value=-0.00239771 0.0583545 -0.0764329 -0.0649927 -0.0872152 0.03063 -0.0515207 -0.0375475 -0.0437034 -0.0353386 0.0109796 -0.0228592 0.0473694 -0.0153088 4.14442e-05 0.104677
internal_weight=545 300 245 216 112 194 79 104 90 66 94 57 100 32 44 106
internal_count=545 300 245 216 112 194 79 104 90 66 94 57 100 32 44 106
is_linear=0
shrinkage=0.0529975


Tree=22
num_leaves=19
num_cat=0
split_feature=37 37 29 28 29 37 19 29 19 37 19 29 37 19 29 37 37 37
split_gain=813.009 120.529 38.1636 30.5317 46.0037 20.0949 10.875 8.75574 19.1764 2.99561 2.187 3.01674 1.1043 0.868557 0.672122 0.643592 0.0910949 0.00779033
threshold=-0.81674439241534058 1.0390206649000016 0.7731741465887918 -0.57634309484549606 -0.31953540702733996 -0.087019827504899783 0.2948654323460424 0.17446000710872947 0.14175503073181203 0.38478484808374686 -0.22334124211903542 -0.19322199846525803 -0.49382030334577687 0.33746938443185265 -0.6328658389832057 2.0623125835100464 -0.63011943184916475 -0.33445516848028017
decision_type=2 2 2 2 2 2 2 2 2 2 2 2 2 2 2 2 2 2
left_child=2 5 3 4 14 12 -4 10 -9 -7 11 -5 16 -10 -1 -3 -2 -14
right_child=1 15 6 7 -6 9 -8 8 13 -11 -12 -13 17 -15 -16 -17 -18 -19
leaf_value=-0.010751673722281413 -0.0033829618129387171 0.079401952741217918 -0.16052901207886619 -0.0073086715322132579 -0.12984835184936944 0.027561716894954565 -0.070009882903623255 -0.072287210359928231 -0.021017686633758359 0.050991997993687255 -0.0053390756584455147 -0.039780346185779844 0.0046132621360613973 -0.0014241271978140814 -0.037970559339852751 0.12790623444503327 0.0012768583291356929 0.013152180798605495
leaf_weight=11.000000000000002 19 75 15.999999999999998 15.999999999999998 33 61 27 53 18.000000000000004 64 18 25 12.999999999999998 10.999999999999998 17 31 14.999999999999998 22
leaf_count=11 19 75 16 16 33 61 27 53 18 64 18 25 13 11 17 31 15 22
internal_value=-0.00240756 0.0555959 -0.0730915 -0.060052 -0.0915499 0.0291747 -0.119358 -0.043199 -0.0546296 0.0413964 -0.0236305 -0.0298065 0.00540134 -0.0153027 -0.0312654 0.0997383 -0.00126931 0.0112896
internal_weight=545 300 245 202 61 194 43 141 82 125 59 41 69 29 28 106 34 35
internal_count=545 300 245 202 61 194 43 141 82 125 59 41 69 29 28 106 34 35
is_linear=0
shrinkage=0.0529975


Tree=23
num_leaves=19
num_cat=0
split_feature=37 37 29 19 29 19 37 19 37 29 19 29 19 29 9 37 29 37
split_gain=741.594 109.565 36.3649 37.324 50.7669 25.0597 17.5788 17.0046 7.533 3.97025 6.74156 2.54813 3.9143 1.43204 0.775969 0.4475 0.260147 0.0089788
threshold=-0.81674439241534058 0.47495196386290883 0.96361458521015575 0.044058632693227386 0.092064071066336753 -0.26555031205959151 1.7603575911333127 -0.95772725582126561 -0.30090461377175504 0.52337296649648568 0.37592836031443272 -0.50026514361871988 -0.50832564867298069 -0.054945875154369203 0.12359606136457299 -0.57350287077852791 -0.35880181257487692 -0.7098019992819159
decision_type=2 2 2 2 2 2 2 2 2 2 2 2 2 2 2 2 2 2
left_child=2 8 3 4 7 -6 -3 -1 15 14 -11 -9 16 -14 -5 17 -13 -2
right_child=1 6 -4 9 5 -7 -8 11 -10 10 -12 12 13 -15 -16 -17 -18 -19
leaf_value=-0.090118980000471582 -0.0034336824524302035 0.063511265874989523 -0.12530179015174106 -0.0090129216526565401 -0.1411483553897622 -0.058546751669089132 0.11245240283627021 -0.0027163388228576887 0.02729886453722263 -0.044506109774631895 0.0020282891559546229 -0.01773707439601812 -0.0023003997455179398 -0.023849739942672896 0.0067498180074249282 0.0060780684230879864 -0.050425507457038624 -0.00037673719389018064
leaf_weight=12.999999999999998 13.000000000000002 108 29 11.000000000000002 32 35 50 10.999999999999998 86 20 11.999999999999998 10.999999999999995 17 18 11.999999999999998 31 24.000000000000004 11.999999999999998
leaf_count=13 13 108 29 11 32 35 50 11 86 20 12 11 17 18 12 31 24 12
internal_value=-0.00242958 0.0529687 -0.0699369 -0.0592884 -0.0719153 -0.106448 0.082587 -0.0423244 0.017955 -0.0187753 -0.0293057 -0.0288905 -0.0323728 -0.0154207 -0.00085287 0.00224029 -0.0444194 -0.00254843
internal_weight=545 300 245 216 161 67 158 94 142 55 32 81 70 35 23 56 35 25
internal_count=545 300 245 216 161 67 158 94 142 55 32 81 70 35 23 56 35 25
is_linear=0
shrinkage=0.0529975


Tree=24
num_leaves=17
num_cat=0
split_feature=37 37 29 38 19 29 29 37 19 29 37 37 29 29 37 37
split_gain=675.76 100.616 34.0982 42.9246 30.3883 30.8765 19.7821 16.4711 8.43634 9.30308 2.36468 1.74416 1.23262 0.216098 0.172646 0.0465017
threshold=-0.81674439241534058 1.0390206649000016 0.42990594242352781 0.13090962736835629 -0.68361382853397312 -0.54213609959460229 1.0939113685825921 0.10170204273055711 -0.047937934349164608 0.025471194833478934 -0.36590881351952459 2.1084445962342691 -0.35880181257487692 0.25224183869804911 -0.60495651581777243 0.29252082263530083
decision_type=2 2 2 2 2 2 2 2 2 2 2 2 2 2 2 2
left_child=2 7 4 6 5 -1 -4 10 9 12 14 -3 -6 -10 -2 -9
right_child=1 11 3 -5 8 -7 -8 15 13 -11 -12 -13 -14 -15 -16 -17
leaf_value=-0.012734695557685305 -0.0028501530955741422 0.0725580585451156 -0.02638881574021917 -0.140279293661734 -0.0025536896193388433 -0.11308923752616119 -0.095895556751016214 0.024083227961042016 0.0020224024348491805 -0.056875350250771464 0.016535158161093994 0.11932151013590787 -0.023846770976649587 -0.0062137520478253204 0.0030327128574851084 0.044695616921187564
leaf_weight=13.999999999999998 22 78 38 33 11.999999999999998 28 17 28 11.000000000000002 40 50 28 39 12.999999999999998 22 72
leaf_count=14 22 78 38 33 12 28 17 28 11 40 50 28 39 13 22 72
internal_value=-0.0025075 0.0503761 -0.0669473 -0.0941592 -0.048749 -0.0855535 -0.0553025 0.0262496 -0.0316759 -0.038651 0.00931054 0.0907003 -0.0197549 -0.00255633 0 0.040679
internal_weight=545 300 245 88 157 42 55 194 115 91 94 106 51 24 44 100
internal_count=545 300 245 88 157 42 55 194 115 91 94 106 51 24 44 100
is_linear=0
shrinkage=0.0529975


Tree=25
num_leaves=19
num_cat=0
split_feature=37 37 29 27 29 37 27 29 27 28 29 29 29 37 37 37 29 37
split_gain=615.952 91.4396 32.0089 28.4244 44.9395 14.9303 13.4179 6.31687 10.1647 5.79882 2.72154 2.4024 2.0604 1.99665 1.97465 0.284646 0.240535 0.158566
threshold=-0.81674439241534058 1.0390206649000016 0.71547010596101057 -0.50025667382206596 -0.10741717961323992 0.074442217029880728 0.12500767621501169 -0.054945875154369203 0.044058632693216825 -0.9595310585171114 0.52337296649648568 0.17446000710872947 -0.50026514361871988 2.1084445962342691 -0.36590881351952459 0.38478484808374686 0.32579273591308622 -0.60495651581777243
decision_type=2 2 2 2 2 2 2 2 2 2 2 2 2 2 2 2 2 2
left_child=2 5 3 4 9 14 -4 -5 11 -1 16 -9 -11 -3 17 -7 -10 -2
right_child=1 13 6 7 -6 15 -8 8 10 12 -12 -13 -14 -15 -16 -17 -18 -19
leaf_value=-0.068960061547898147 -0.0027314551264507117 0.068987181828934568 -0.1496578927059794 -0.00076314102384516364 -0.12909541511755465 0.02483387570902517 -0.064996175451007138 -0.026032479090557819 0.0037436716411246829 -0.0019051967469940895 -0.026054654518031961 -0.060380534816581781 -0.030053772918114289 0.11411317021164166 0.015301058983140931 0.043606659540669689 -0.0050149722268764182 0.0029064117934151303
leaf_weight=10.999999999999998 22 78 13.999999999999998 15.999999999999998 25 39 35 25 12.000000000000002 10.999999999999995 19 37 29.000000000000004 28 47 64 10.999999999999998 22
leaf_count=11 22 78 14 16 25 39 35 25 12 11 19 37 29 28 47 64 11 22
internal_value=-0.00249043 0.0479992 -0.0640121 -0.0514643 -0.0765726 0.024998 -0.102992 -0.0326195 -0.0371482 -0.0398305 -0.0139414 -0.0501504 -0.0237223 0.0864411 0.00841061 0.0383199 -0.000375192 0
internal_weight=545 300 245 196 76 194 49 120 104 51 42 62 40 106 91 103 23 44
internal_count=545 300 245 196 76 194 49 120 104 51 42 62 40 106 91 103 23 44
is_linear=0
shrinkage=0.0529975


Tree=26
num_leaves=18
num_cat=0
split_feature=43 39 29 19 29 19 39 38 29 29 29 39 29 39 16 29 9
split_gain=562.894 81.8447 30.8728 31.7866 55.925 12.0872 11.3682 7.95027 11.6848 3.65783 1.02779 0.771485 0.523332 0.417768 0.0867759 0.0374548 0.0152377
threshold=1.0000000180025095e-35 0.96953901473456838 0.96361458521015575 -0.27139899128830619 0.083447991429444604 -0.95772725582126561 -0.043054272318594086 -0.16222339301724051 0.47796017511591082 -0.19322199846525803 0.061826384744403794 0.33335776788007615 -0.50026514361871988 -0.4449525141229505 -0.2297321685622519 0.26696810119628295 -0.21775068475909451
decision_type=2 2 2 2 2 2 2 2 2 2 2 2 2 2 2 2 2
left_child=2 6 3 4 5 -1 13 -5 10 12 -9 -8 -7 16 -15 -12 -2
right_child=1 -3 -4 7 -6 9 11 8 -10 -11 15 -13 -14 14 -16 -17 -18
leaf_value=-0.081312237659046493 0.0015845610692555552 0.081601875944794289 -0.11189144804451537 0.0064489046389444417 -0.12488737804454303 -0.0018398489585819391 0.021960242745405742 -0.00037367311048877908 -0.056510269048724721 -0.04191967640462492 -0.010691982106846973 0.038471200965357076 -0.017021196572498478 0.0034049534341524463 0.011126163055831141 -0.023292534278781238 -0.00032685709364885034
leaf_weight=12.999999999999998 13.000000000000002 108 29 13.999999999999998 33 10.999999999999995 50 10.999999999999998 33 25 23 72 30.000000000000004 17 24 23 15.999999999999998
leaf_count=13 13 108 29 14 33 11 50 11 33 25 23 72 30 17 24 23 16
internal_value=-0.00252963 0.0457376 -0.0613408 -0.0516835 -0.0710706 -0.0412832 0.0236682 -0.0280054 -0.0335057 -0.0271861 -0.0159652 0.0331048 -0.0138512 0.00581531 0.00891624 -0.0190862 0.000455093
internal_weight=545 300 245 216 112 79 192 104 90 66 57 122 41 70 41 46 29
internal_count=545 300 245 216 112 79 192 104 90 66 57 122 41 70 41 46 29
is_linear=0
shrinkage=0.0529975


Tree=27
num_leaves=16
num_cat=0
split_feature=37 37 29 28 29 37 19 29 38 29 37 29 37 37 36
split_gain=512.477 75.2349 28.1416 30.4979 40.8025 12.941 12.307 25.7859 3.53562 5.77581 3.09939 2.45036 2.09741 0.170958 0.0956867
threshold=-0.81674439241534058 1.0872495872935086 0.96361458521015575 -0.7132154924804589 -0.54213609959460229 0.1436402361162151 0.044058632693227386 0.18888648312768833 -0.16222339301724051 0.37014666599639606 2.1084445962342691 -0.19322199846525803 -0.33445516848028017 -0.60495651581777243 0.30054374863408012
decision_type=2 2 2 2 2 2 2 2 2 2 2 2 2 2 2
left_child=2 5 3 4 -1 12 7 11 -8 -10 -3 14 13 -2 -5
right_child=1 10 -4 6 -6 -7 8 -9 9 -11 -12 -13 -14 -15 -16
leaf_value=-0.010181473668913039 -0.002682800378612992 0.062063616053978025 -0.1069775406211147 -0.0025674839924995194 -0.12457101323109419 0.036328898369076622 0.0062096184493048304 -0.076037151044312981 0.0019648839293592004 -0.035682591105641669 0.10557028778290282 -0.031156920410097207 0.015400361093067135 0.0030112324815611009 -0.011258597047546375
leaf_weight=13.999999999999998 22 75 29 13.000000000000002 25 97 13.999999999999998 47 17 24 28 48 53 25 13.999999999999998
leaf_count=14 22 75 29 13 25 97 14 47 17 24 28 48 53 25 14
internal_value=-0.00257377 0.0434823 -0.0586883 -0.0494591 -0.0904924 0.0230326 -0.0377107 -0.0469303 -0.0145422 -0.0216651 0.079112 -0.024325 0.00874364 0.000212165 -0.00851272
internal_weight=545 300 245 216 39 197 177 122 55 41 103 75 100 47 27
internal_count=545 300 245 216 39 197 177 122 55 41 103 75 100 47 27
is_linear=0
shrinkage=0.0529975


Tree=28
num_leaves=19
num_cat=0
split_feature=37 37 29 19 29 19 37 37 29 19 19 29 47 29 37 37 29 37
split_gain=466.589 68.7041 26.0587 24.5943 36.8954 15.551 8.72216 7.85262 5.04137 7.71526 4.84885 2.20749 1.99705 1.69268 0.535038 0.414477 0.187299 0.0310823
threshold=-0.81674439241534058 0.73916258219255215 0.71547010596101057 -0.50025667382205452 -0.10741717961323992 0.12500767621502204 2.0623125835100464 -0.18557458196119755 -0.054945875154369203 0.044058632693227386 -0.95772725582126561 0.52337296649648568 1.0000000180025095e-35 -0.50026514361871988 0.2275166228875313 -0.56511523210139514 0.32579273591308622 -0.68463908325052059
decision_type=2 2 2 2 2 2 2 2 2 2 2 2 2 2 2 2 2 2
left_child=2 7 3 4 10 -4 -3 15 -5 12 -1 16 -10 -12 -9 17 -11 -2
right_child=1 6 5 8 -6 -7 -8 14 9 11 13 -13 -14 -15 -16 -17 -18 -19
leaf_value=-0.061316428039838819 -0.0031417117898103093 0.055113138205211701 -0.13691290901153 0 -0.1155302667511596 -0.055230166841519657 0.099136198138251946 0.017530968363511812 -0.020848434971106462 0.0039939940856493963 -0.001067477493745566 -0.02240271716624203 -0.051259239014285335 -0.026213522474848018 0.031513029468662128 0.0060087396191794307 -0.0037502343172978688 0
leaf_weight=10.999999999999998 16.000000000000004 100 13.999999999999998 15.999999999999998 25 35 31 50 23 12.000000000000002 10.999999999999995 19 39 29.000000000000004 57 34 10.999999999999998 11.999999999999998
leaf_count=11 16 100 14 16 25 35 31 50 23 12 11 19 39 29 57 34 11 12
internal_value=-0.00253641 0.0414097 -0.0560795 -0.0448512 -0.0680476 -0.0910785 0.0694651 0.0179876 -0.0275653 -0.0316086 -0.0349434 -0.0114977 -0.042914 -0.0204909 0.0263182 0.00245472 3.97422e-05 -0.00195406
internal_weight=545 300 245 196 76 49 131 169 120 104 51 42 62 40 107 62 23 28
internal_count=545 300 245 196 76 49 131 169 120 104 51 42 62 40 107 62 23 28
is_linear=0
shrinkage=0.0529975


Tree=29
num_leaves=18
num_cat=0
split_feature=37 37 29 28 29 19 29 37 19 29 19 37 37 37 29 9 37
split_gain=426.187 62.827 24.9456 27.476 35.7517 10.8135 18.2318 10.5264 5.08208 6.86656 4.14377 3.09454 1.3377 0.762722 0.719037 0.304208 0.073613
threshold=-0.81674439241534058 1.0872495872935086 0.96361458521015575 -0.7132154924804589 -0.54213609959460229 0.34004903709483209 0.41037723249571229 -0.04088781478067683 -0.047937934349164608 0.025471194833478934 -0.016006497985795905 2.1084445962342691 0.40785085444585817 -0.44978520029083774 -0.35880181257487692 0.1530035466870783 -0.68463908325052059
decision_type=2 2 2 2 2 2 2 2 2 2 2 2 2 2 2 2 2
left_child=2 7 3 4 -1 6 8 13 9 14 -8 -3 -9 16 -5 -10 -2
right_child=1 11 -4 5 -6 -7 10 12 15 -11 -12 -13 -14 -15 -16 -17 -18
leaf_value=-0.0089656780370608938 -0.0030205991003461074 0.056226876373090623 -0.098988026046318234 -0.0026309031042814992 -0.11578679652303141 0.0043871366098561263 -0.089308452075899838 0.019905043621136386 -0.0062330383487208063 -0.045848686714895823 -0.037385410195475345 0.096634929647011619 0.036602568175949007 0.0093371038412615702 -0.018324876050218153 0.0037465170539351779 0.0010058796678199518
leaf_weight=13.999999999999998 15.999999999999998 75 29 13.999999999999998 25 17 17 58 11.000000000000002 40 26 28 64 37 41 10.999999999999998 22
leaf_count=14 16 75 29 14 25 17 17 58 11 40 26 28 64 37 41 11 22
internal_value=-0.00256808 0.0394333 -0.0537395 -0.0451233 -0.0839009 -0.0340716 -0.0382108 0.0207543 -0.0250326 -0.030067 -0.0664734 0.0719877 0.0300234 0.00448391 -0.0150959 -0.00126006 -0.000711346
internal_weight=545 300 245 216 39 177 160 197 117 95 43 103 122 75 55 22 38
internal_count=545 300 245 216 39 177 160 197 117 95 43 103 122 75 55 22 38
is_linear=0
shrinkage=0.0529975


Tree=30
num_leaves=19
num_cat=0
split_feature=37 37 29 19 19 13 38 37 19 29 37 37 29 29 37 26 37 37
split_gain=388.863 57.1468 23.0306 35.6892 22.6759 21.4208 15.5421 9.54729 7.15316 14.1615 3.08122 1.50729 1.15379 0.706904 0.519026 0.104178 0.0365224 0.00867516
threshold=-0.81674439241534058 1.0872495872935086 0.42990594242352781 -0.036067908672949726 -0.95772725582126561 1.1569057727814835 -0.16222339301724051 -0.087019827504899783 -0.12459461559622249 0.025471194833478934 2.1084445962342691 0.4330137704772507 -0.50026514361871988 0.29136380271561407 -0.52737085805430506 0.46365984699157753 -0.68463908325052059 -0.36590881351952459
decision_type=2 2 2 2 2 2 2 2 2 2 2 2 2 2 2 2 2 2
left_child=2 7 4 -4 -1 6 -5 14 9 12 -3 -9 -6 -10 16 -14 -2 -16
right_child=1 10 3 5 8 -7 -8 11 13 -11 -12 -13 15 -15 17 -17 -18 -19
leaf_value=-0.088737277941406276 -0.0029041552041218842 0.053467602587547153 -0.13030938726734748 0.0089789446009789844 -0.00041001028756374521 -0.091579919274748206 -0.046009442978537006 0.019043518464754088 0.001453407190500186 -0.058439009673215137 0.092416849514037738 0.035197106099756063 -0.021696891865611474 -0.012012849300285523 0.0025879749035199072 -0.0074842181060218423 6.9945689650035723e-05 0.0082235863098050668
leaf_weight=15.999999999999998 16.000000000000004 75 20 21 10.999999999999998 17 30 67 20 37 28 61 47 13.999999999999998 12.999999999999998 11.999999999999998 14.999999999999998 25
leaf_count=16 16 75 20 21 11 17 30 67 20 37 28 61 47 14 13 12 15 25
internal_value=-0.00254722 0.0375733 -0.0514262 -0.0735597 -0.0367275 -0.047567 -0.0246821 0.019758 -0.0273991 -0.0338518 0.0686216 0.0280244 -0.0171782 -0.00488658 0.00331531 -0.0198708 -0.00149819 0.00706986
internal_weight=545 300 245 88 157 68 51 197 141 107 103 128 70 34 69 59 31 38
internal_count=545 300 245 88 157 68 51 197 141 107 103 128 70 34 69 59 31 38
is_linear=0
shrinkage=0.0529975


Tree=31
num_leaves=20
num_cat=0
split_feature=37 37 29 28 29 19 29 37 19 29 37 19 30 37 29 9 37 37 37
split_gain=355.356 51.9884 23.0508 24.0909 31.9114 8.83326 16.1036 8.29636 4.19592 6.75375 3.53478 2.8469 1.93621 1.19403 0.74941 0.748432 0.477735 0.0340373 0.0061975
threshold=-0.81674439241534058 1.0390206649000016 0.99250610888350865 -0.7132154924804589 -0.54213609959460229 0.34004903709483209 0.41037723249571229 -0.087019827504899783 -0.12459461559622249 0.025471194833478934 2.1084445962342691 -0.073027776466943153 -0.66021637375627751 0.38478484808374686 -0.35880181257487692 0.12359606136457299 -0.52737085805430506 -0.68463908325052059 -0.33445516848028017
decision_type=2 2 2 2 2 2 2 2 2 2 2 2 2 2 2 2 2 2 2
left_child=2 7 3 4 -1 6 8 16 9 14 -3 -8 -4 -9 -5 -10 17 -2 -18
right_child=1 10 12 5 -6 -7 11 13 15 -11 -12 -13 -14 -15 -16 -17 18 -19 -20
leaf_value=-0.007447302594409063 -0.0027922002395535236 0.050529576689674949 -0.040669550935656287 -0.0018976458432459571 -0.10787719115837743 0.0027592731280241443 -0.084871284848986067 0.017463945186477384 -0.010633022486774316 -0.046158250363313877 0.088382891584374568 -0.037885330680732923 -0.11470303017761799 0.032439042822738948 -0.01745144598795665 0.0035497162535980688 0.0028755881965962572 6.7297412260831839e-05 0.0081486341211573048
leaf_weight=13.999999999999998 16.000000000000004 78 12.000000000000002 13.999999999999998 25 18 13.999999999999998 61 17.000000000000004 32 28 31 13.999999999999998 64 40 13.999999999999998 15.999999999999998 14.999999999999998 22
leaf_count=14 16 78 12 14 25 18 14 61 17 32 28 31 14 64 40 14 16 15 22
internal_value=-0.00254958 0.0358042 -0.0492746 -0.0414594 -0.0777775 -0.0312991 -0.0350884 0.0184652 -0.0226186 -0.028354 0.0647877 -0.0609009 -0.0947775 0.0263185 -0.0141281 -0.00450193 0.00317834 -0.00143313 0.00678168
internal_weight=545 300 245 219 39 180 162 194 117 86 106 45 26 125 54 31 69 31 38
internal_count=545 300 245 219 39 180 162 194 117 86 106 45 26 125 54 31 69 31 38
is_linear=0
shrinkage=0.0529975


Tree=32
num_leaves=21
num_cat=0
split_feature=37 37 29 9 45 19 29 37 19 37 48 19 29 30 45 37 9 29 37 37
split_gain=325.11 47.3083 21.6724 22.5325 8.22366 8.21959 12.4381 7.87386 5.24172 2.98296 2.16287 1.86319 3.21542 1.7304 1.10356 1.09977 0.820386 0.705361 0.191543 0.109477
threshold=-0.81674439241534058 1.0872495872935086 0.99250610888350865 -0.48086157001586738 0.086156745716413782 0.036099156447675855 0.16142385576168791 0.10170204273055711 -0.57481490821725811 2.1084445962342691 1.0000000180025095e-35 0.40155559019853265 0.52337296649648568 -0.66021637375627751 -0.8222916492619764 -0.33445516848028017 0.24993975262748927 -0.19322199846525803 0.4330137704772507 -0.60495651581777243
decision_type=2 2 2 2 2 2 2 2 2 2 2 2 2 2 2 2 2 2 2 2
left_child=2 7 3 4 8 6 10 15 -1 -3 14 12 -7 -4 17 19 -8 -5 -9 -2
right_child=1 9 13 5 -6 11 16 18 -10 -11 -12 -13 -14 -15 -16 -17 -18 -19 -20 -21
leaf_value=-0.10111833829012756 -0.0022248781561329182 0.048364051842858892 -0.039232342612978033 0 -0.017044637735093515 0.0012292518789716329 -0.024525609096804388 0.018180406675582982 -0.042220540728915783 0.084525013385492898 0 0.0069971791628219955 -0.026884723994985628 -0.1104469860839096 -0.029452035856301038 0.011354583022464932 -0.065686511428558261 -0.016411041731762183 0.031890457344363445 0.0023356345994227611
leaf_weight=20 22 75 12.000000000000002 11.000000000000002 11.999999999999998 20 12.999999999999998 42 24 28 12.999999999999998 11.999999999999998 18 13.999999999999998 35 47 28 12.999999999999998 61 25
leaf_count=20 22 75 12 11 12 20 13 42 24 28 13 12 18 14 35 47 28 13 61 25
internal_value=-0.00256865 0.0341174 -0.04726 -0.0397053 -0.0680022 -0.0278744 -0.0355507 0.0179066 -0.0780489 0.0623676 -0.0194551 -0.0084521 -0.0137783 -0.0913093 -0.0234024 0.00611882 -0.0575786 -0.0102231 0.0276718 5.89291e-05
internal_weight=545 300 245 219 56 163 113 197 44 103 72 50 38 26 59 94 41 24 103 47
internal_count=545 300 245 219 56 163 113 197 44 103 72 50 38 26 59 94 41 24 103 47
is_linear=0
shrinkage=0.0529975


Tree=33
num_leaves=22
num_cat=0
split_feature=43 39 29 19 29 19 39 38 29 29 19 29 9 19 39 30 39 39 29 16 30
split_gain=297.676 42.1499 20.4202 22.846 37.9013 7.67522 5.58209 4.64443 7.83034 3.20203 1.11682 2.05817 0.818562 0.715038 0.308333 0.240605 0.166429 0.139719 0.0948006 0.0363154 0.00959843
threshold=1.0000000180025095e-35 0.96953901473456838 0.96361458521015575 -0.27139899128830619 0.092064071066336753 -0.95772725582126561 -0.043054272318594086 -0.16222339301724051 0.47796017511591082 -0.19322199846525803 -0.047937934349164608 0.061826384744403794 0.10876556467993408 -0.63124966229775092 0.33335776788007615 -0.47726024075960333 -0.36394965021240538 1.4493800370583283 0.28665038868626475 -0.28057763578010647 0.28955931014569997
decision_type=2 2 2 2 2 2 2 2 2 2 2 2 2 2 2 2 2 2 2 2 2
left_child=2 6 3 4 5 -1 15 -5 10 13 11 -9 -4 -7 -8 -2 19 -3 -12 -17 -18
right_child=1 17 12 7 -6 9 14 8 -10 -11 18 -13 -14 -15 -16 16 20 -19 -20 -21 -22
leaf_value=-0.06188974773439581 0.0088130476546024773 0.038411010785832464 -0.035515324014359556 0.0073672957220648301 -0.09883436872507928 -0.013663717989201751 0.015526216906813359 0.0029307708832875556 -0.040977013342811661 -0.032449544493073308 0.002486100547057286 -0.02237770434892955 -0.099742739684840195 -6.2338691779628263e-05 0.026991629716736801 -0.002578901201204375 0.0059262472981071162 0.065407825622698063 -0.0028973446467938035 0.00048608840262472303 0.0012865504667446423
leaf_weight=12.999999999999998 17 39 11.000000000000002 13.999999999999998 32 20.999999999999996 50 10.999999999999998 33 26 14.000000000000002 21 18 20.000000000000004 72 11.000000000000002 12.000000000000002 69 10.999999999999998 19 10.999999999999998
leaf_count=13 17 39 11 14 32 21 50 11 33 26 14 21 18 20 72 11 12 69 11 19 11
internal_value=-0.00258896 0.032516 -0.0453523 -0.0377133 -0.0539655 -0.0302966 0.0166776 -0.0181596 -0.0224153 -0.0194904 -0.00868068 -0.0144045 -0.0858398 -0.00803203 0.0232948 0.00412485 0.00175978 0.0582535 0 -0.000686095 0.00467308
internal_weight=545 300 245 216 112 80 192 104 90 67 57 32 29 41 122 70 53 108 25 30 23
internal_count=545 300 245 216 112 80 192 104 90 67 57 32 29 41 122 70 53 108 25 30 23
is_linear=0
shrinkage=0.0529975


Tree=34
num_leaves=18
num_cat=0
split_feature=37 37 29 28 29 37 19 29 19 29 19 37 30 37 29 29 37
split_gain=271.931 39.2287 19.1541 20.3029 27.7991 7.61414 6.94274 13.4667 3.0854 5.18556 2.99765 2.04975 1.78123 1.30724 0.627873 0.608783 0.114033
threshold=-0.81674439241534058 1.204676528773347 0.99250610888350865 -0.7132154924804589 -0.54213609959460229 0.20235370685613588 0.34004903709483209 0.41037723249571229 -0.12459461559622249 0.025471194833478934 -0.073027776466943153 2.1084445962342691 -0.66021637375627751 -0.32397062013386352 0.29136380271561407 -0.35880181257487692 -0.60495651581777243
decision_type=2 2 2 2 2 2 2 2 2 2 2 2 2 2 2 2 2
left_child=2 5 3 4 -1 13 7 8 9 15 -9 -3 -4 16 -10 -5 -2
right_child=1 11 12 6 -6 -7 -8 10 14 -11 -12 -13 -14 -15 -16 -17 -18
leaf_value=-0.0048963802428762752 -0.0021505651965760967 0.044359026688510168 -0.036023426435946408 -0.0010461782434437734 -0.097647661698921445 0.027543362364342395 0.002876104216637389 -0.076558903449727461 0.0018716131062215555 -0.039707376332513193 -0.03289226371374044 0.077980502423621353 -0.10281814009518042 0.011828256562861779 -0.011320166473309566 -0.014738930005272854 0.002391004408353963
leaf_weight=13.999999999999998 22 65 12.000000000000002 13.999999999999998 25 98 18 13.999999999999998 20.000000000000004 32 31 28 13.999999999999998 59 10.999999999999998 40 28
leaf_count=14 22 65 12 14 25 98 18 14 20 32 31 28 14 59 11 40 28
internal_value=-0.00258682 0.0309665 -0.0434586 -0.0363992 -0.0695971 0.0171893 -0.0271569 -0.030519 -0.0192307 -0.0241484 -0.0540192 0.0586625 -0.0847367 0.00686866 -0.00369664 -0.0117647 0.000251673
internal_weight=545 300 245 219 39 207 180 162 117 86 45 93 26 109 31 54 50
internal_count=545 300 245 219 39 207 180 162 117 86 45 93 26 109 31 54 50
is_linear=0
shrinkage=0.0529975


Tree=35
num_leaves=22
num_cat=0
split_feature=37 37 29 38 13 19 29 37 19 29 37 29 3 19 29 19 3 9 37 37 37
split_gain=248.774 35.9079 18.3849 26.5233 19.9788 17.6773 18.3549 6.95046 3.99655 4.86925 3.54265 1.99496 1.98931 0.911733 0.977188 0.765526 0.679603 0.591723 0.221204 0.0675902 0.0197359
threshold=-0.81674439241534058 0.67415838244478266 0.55429414669926913 0.13090962736835629 1.3440734267667229 -0.63124966229775092 -0.25359189156537315 2.003599112770122 -0.047937934349164608 1.0000000180025095e-35 -0.18557458196119755 -0.6328658389832057 0.033841141203835676 -0.45985295251530983 -0.32816216453986924 -0.14661678075790294 -0.74589870418267135 0.23699458342849308 -0.56511523210139514 0.20235370685613588 -0.68463908325052059
decision_type=2 2 2 2 2 2 2 2 2 2 2 2 2 2 2 2 2 2 2 2 2
left_child=2 10 5 4 12 6 11 -3 9 13 18 -1 16 14 -7 -11 -4 -10 20 -12 -2
right_child=1 7 3 -5 -6 8 -8 -9 17 15 19 -13 -14 -15 -16 -17 -18 -19 -20 -21 -22
leaf_value=-0.0018320673458409925 -0.0025431220160728012 0.037657910477669233 -0.0053845611325588133 -0.104258603854784 -0.079192934028588291 -0.00041056862445183675 -0.091652854361305075 0.071476419054326973 -0.0062688952334199067 -0.03846602047099152 0.012055544905763894 -0.030730870681091767 0.0060935474500150039 0.00031315935917891906 -0.020989047563928678 -0.011322567997982261 -0.024626082006721655 0.0062249689491149073 0.0041822779442783455 0.020934970800324096 0
leaf_weight=11.000000000000002 16.000000000000004 102 14.999999999999998 25 12.999999999999998 11.000000000000002 18 35 18.000000000000004 35 47 19 10.999999999999998 19 13.999999999999998 10.999999999999998 12.000000000000002 12.999999999999998 34 54 11.999999999999998
leaf_count=11 16 102 15 25 13 11 18 35 18 35 47 19 11 19 14 11 12 13 34 54 12
internal_value=-0.00259648 0.0294971 -0.0416885 -0.0634499 -0.0344589 -0.0300235 -0.0557928 0.0489815 -0.0175943 -0.0229408 0.0119225 -0.022399 -0.0102888 -0.00837772 -0.0139909 -0.0341638 -0.0170692 -0.000680992 0.00155833 0.0177754 -0.00159814
internal_weight=545 300 245 76 51 169 48 137 121 90 163 30 38 44 25 46 27 31 62 101 28
internal_count=545 300 245 76 51 169 48 137 121 90 163 30 38 44 25 46 27 31 62 101 28
is_linear=0
shrinkage=0.0529975


Tree=36
num_leaves=21
num_cat=0
split_feature=37 37 29 19 29 37 38 29 19 37 12 19 29 37 29 37 29 37 29 19
split_gain=227.592 32.8877 17.6654 19.5409 36.8988 6.10873 4.69289 7.11069 3.69332 1.99536 1.53554 1.36836 2.21824 1.01766 0.985568 0.0942269 0.0668835 0.0534119 0.0519932 0.00885875
threshold=-0.81674439241534058 1.204676528773347 0.96361458521015575 -0.45332057286409322 -0.10741717961323992 0.1771907908247404 -0.16222339301724051 0.41037723249571229 -0.95772725582126561 2.1084445962342691 -0.82364262812076139 -0.047937934349164608 -0.041886065940975194 -0.32397062013386352 -0.50026514361871988 -0.57350287077852791 0.25224183869804911 0.45398286717008124 -0.35880181257487692 -0.079993913381877391
decision_type=2 2 2 2 2 2 2 2 2 2 2 2 2 2 2 2 2 2 2 2
left_child=2 5 3 4 8 13 -5 11 -1 -3 -4 12 -8 15 -10 19 -13 -7 -16 -2
right_child=1 9 10 6 -6 17 7 -9 14 -11 -12 16 -14 -15 18 -17 -18 -19 -20 -21
leaf_value=-0.044370478176336103 -0.0026092209035331201 0.040202744533369694 -0.099329418158066077 0.0076541746333416072 -0.093658814516525093 0.015060203463017572 0.0040753771100336157 -0.038507989818225383 0.00091539487039718947 0.071456766749580611 -0.039712576476184147 0.0026671873703954479 -0.020079232090136574 0.010515890435197676 -0.0068235219974756229 0.0023340648405511194 -0.001934908973948689 0.027386794233979557 -0.018861433333595808 -5.7347171649217455e-05
leaf_weight=10.999999999999998 12.000000000000002 65 12.000000000000002 13.999999999999998 31 33 10.999999999999998 40 10.999999999999998 28 17 11.000000000000002 40 56 13.999999999999995 25 11.999999999999998 68 21.000000000000004 12.999999999999998
leaf_count=11 12 65 12 14 31 33 11 40 11 28 17 11 40 56 14 25 12 68 21 13
internal_value=-0.00261064 0.0280871 -0.0400005 -0.0329969 -0.0517384 0.0154794 -0.0183213 -0.0217925 -0.0220838 0.0534414 -0.0773738 -0.0104606 -0.0148662 0.00597577 -0.0121177 0.000184518 0.00012162 0.0244943 -0.015919 -0.00177539
internal_weight=545 300 245 216 88 207 128 114 57 93 29 74 51 106 46 50 23 101 35 25
internal_count=545 300 245 216 88 207 128 114 57 93 29 74 51 106 46 50 23 101 35 25
is_linear=0
shrinkage=0.0529975


Tree=37
num_leaves=20
num_cat=0
split_feature=37 37 29 19 29 37 38 29 19 12 37 19 29 37 29 37 29 29 19
split_gain=208.056 30.0206 16.648 18.0419 33.4739 6.03933 4.29626 6.47559 3.46749 1.5066 1.26137 1.24285 2.03225 1.06097 0.911534 0.121893 0.0623424 0.0411732 0.00794319
threshold=-0.81674439241534058 1.2738745478596842 0.96361458521015575 -0.45332057286409322 -0.10741717961323992 0.2275166228875313 -0.16222339301724051 0.41037723249571229 -0.95772725582126561 -0.82364262812076139 2.1084445962342691 -0.047937934349164608 -0.041886065940975194 -0.30090461377175504 -0.50026514361871988 -0.57350287077852791 0.25224183869804911 -0.35880181257487692 -0.079993913381877391
decision_type=2 2 2 2 2 2 2 2 2 2 2 2 2 2 2 2 2 2 2
left_child=2 5 3 4 8 13 -5 11 -1 -4 -3 12 -8 15 -10 18 -13 -16 -2
right_child=1 10 9 6 -6 -7 7 -9 14 -11 -12 16 -14 -15 17 -17 -18 -19 -20
leaf_value=-0.042848582987794932 -0.0025170143817876177 0.038749947596842083 -0.095819244496838291 0.0073701671322495901 -0.089499649313597079 0.024327450636281785 0.0039355929642354839 -0.036733218575388166 0.00088399702212442748 -0.03815670936428496 0.068337707668359296 0.0025757035867611101 -0.019153812996531211 0.010945501561509943 -0.0065703356648435162 0.0027402364455391785 -0.0018665316829582078 -0.018083856368561524 -5.5267330560525253e-05
leaf_weight=10.999999999999998 12.000000000000002 59 12.000000000000002 13.999999999999998 31 101 10.999999999999998 40 10.999999999999998 17 28 11.000000000000002 40 56 13.999999999999995 31 11.999999999999998 21.000000000000004 12.999999999999998
leaf_count=11 12 59 12 14 31 101 11 40 11 17 28 11 40 56 14 31 12 21 13
internal_value=-0.00257822 0.0267728 -0.038327 -0.0315506 -0.0495547 0.0152357 -0.0174569 -0.02078 -0.0212681 -0.0745463 0.05214 -0.00996225 -0.0141611 0.00615806 -0.0116269 0.000662337 0.000110434 -0.0152835 -0.00172058
internal_weight=545 300 245 216 88 213 128 114 57 29 87 74 51 112 46 56 23 35 25
internal_count=545 300 245 216 88 213 128 114 57 29 87 74 51 112 46 56 23 35 25
is_linear=0
shrinkage=0.0529975


Tree=38
num_leaves=22
num_cat=0
split_feature=37 37 29 19 29 19 36 37 30 19 29 19 29 37 29 19 37 17 37 37 37
split_gain=190.11 27.4193 15.9321 14.614 19.853 13.9253 18.2572 5.45222 5.05754 2.74115 2.5766 3.31644 1.94595 1.24546 1.00292 0.943899 0.842432 0.536285 0.190139 0.0817834 0.00789778
threshold=-0.81674439241534058 1.2738745478596842 0.71547010596101057 -0.50025667382205452 -0.10741717961323992 0.12500767621502204 -1.6310829249917118 0.1771907908247404 -0.3306594747614941 -0.95772725582126561 -0.054945875154369203 0.18531090310476403 0.18888648312768833 2.1084445962342691 -0.50026514361871988 -0.26555031205959151 -0.32397062013386352 1.4179678394544537 0.45398286717008124 -0.63011943184916475 -0.52737085805430506
decision_type=2 2 2 2 2 2 2 2 2 2 2 2 2 2 2 2 2 2 2 2 2
left_child=2 7 3 4 9 -4 -7 16 -8 -1 -5 12 15 -3 -11 -12 19 -14 -9 -2 -21
right_child=1 13 5 10 -6 6 8 18 -10 14 11 -13 17 -15 -16 -17 -18 -19 -20 20 -22
leaf_value=-0.041378887524095222 -0.0021055216334866893 0.036885761810859098 -0.10257364556782904 0.0030153434798187587 -0.080470999192343406 -0.074870834332614156 0.018409115828776055 0.013402858438352636 -0.021905961645731196 0.00085367616721321641 -0.017310508232529307 0.001073703664910366 -0.032783079566480751 0.065354791923379216 -0.016488202683389668 -0.00013234481278750891 0.0095305873015916562 -0.011637167921733428 0.025370769608620745 7.1377105345753085e-07 0.0023829241489724514
leaf_weight=10.999999999999998 19 59 13.999999999999998 15.999999999999998 25 11.999999999999995 10.999999999999998 33 12.000000000000005 10.999999999999995 13.999999999999998 19 38 28 29.000000000000004 18 56 14.999999999999998 74 12.000000000000002 19
leaf_count=11 19 59 14 16 25 12 11 33 12 11 14 19 38 28 29 18 56 15 74 12 19
internal_value=-0.00255267 0.0255043 -0.0367246 -0.0283367 -0.0459423 -0.0634011 -0.0348505 0.0144797 -0.00256429 -0.0222086 -0.0154752 -0.0183927 -0.0226048 0.0497466 -0.0120778 -0.00937742 0.00540012 -0.0287079 0.0226487 0.00012406 0.00179915
internal_weight=545 300 245 196 76 49 35 213 23 51 120 104 85 87 40 32 106 53 107 50 31
internal_count=545 300 245 196 76 49 35 213 23 51 120 104 85 87 40 32 106 53 107 50 31
is_linear=0
shrinkage=0.0529975


Tree=39
num_leaves=20
num_cat=0
split_feature=37 37 29 19 29 38 29 37 19 37 19 29 29 37 37 29 37 37 37
split_gain=174.254 25.0216 15.4168 19.0042 33.6141 8.7646 7.642 4.34516 3.07864 2.02796 1.63508 2.37912 0.798257 0.571736 0.266354 0.236392 0.044822 0.0243003 0.00249821
threshold=-0.81674439241534058 1.1795136127419574 1.0939113685825921 -0.45332057286409322 -0.10741717961323992 -0.24281526106861553 0.58687950133281286 0.10170204273055711 -0.92602225282107575 2.1084445962342691 -0.047937934349164608 1.0000000180025095e-35 -0.4039438303596648 -0.40155627789733084 0.45398286717008124 0.32579273591308622 -0.68463908325052059 -0.30090461377175504 -0.56511523210139514
decision_type=2 2 2 2 2 2 2 2 2 2 2 2 2 2 2 2 2 2 2
left_child=2 7 3 4 8 -5 10 13 -1 -3 11 -7 -10 16 -9 -12 -2 -15 -18
right_child=1 9 -4 5 -6 6 -8 14 12 -11 15 -13 -14 17 -16 -17 18 -19 -20
leaf_value=-0.036385030605041613 -0.0022629385339486981 0.034509691280671807 -0.075555992491602955 0.021436891255562633 -0.087244844124155951 0.0001742881325753895 -0.039331579920138672 0.012827052232523012 0.00027628541800158108 0.062502082390709354 0.0033593881786071877 -0.022339222542362348 -0.013995390791240922 0.0028452370853374125 0.023361512904657458 -0.0042280406126157348 0 0.0086244349163470506 0.0011935331490412679
leaf_weight=15.999999999999998 15.999999999999998 68 21 10.999999999999998 32 18 35 45 14.999999999999995 28 14.999999999999998 37 26.000000000000004 14.999999999999998 65 19 11.999999999999998 38 13.000000000000002
leaf_count=16 16 68 21 11 32 18 35 45 15 28 15 37 26 15 65 19 12 38 13
internal_value=-0.0025467 0.0243154 -0.0352619 -0.0295826 -0.0480473 -0.0158344 -0.0200308 0.013086 -0.0197208 0.0459371 -0.0103634 -0.0155639 -0.00925638 0.00421333 0.019998 -0.000704215 -0.00038016 0.00756264 0.000804149
internal_weight=545 300 245 224 89 135 124 204 57 96 89 55 41 94 110 34 41 53 25
internal_count=545 300 245 224 89 135 124 204 57 96 89 55 41 94 110 34 41 53 25
is_linear=0
shrinkage=0.0529975


Tree=40
num_leaves=22
num_cat=0
split_feature=37 37 29 31 6 45 30 37 29 19 19 37 19 29 37 8 37 37 47 6 19
split_gain=158.943 22.836 14.3782 15.5117 7.73237 6.63927 5.19057 4.45074 4.40652 7.06031 4.07555 1.17824 1.1146 1.47695 0.692674 0.561452 0.117352 0.094692 0.0908086 0.0132634 0.00837132
threshold=-0.81674439241534058 1.2738745478596842 0.96361458521015575 -0.55803801050463286 -0.80800736895610803 -0.25451140240048259 -0.23021947705496282 0.1771907908247404 0.17116908538165884 -0.16545183642694675 -0.45332057286409322 2.1084445962342691 -0.40557260843149562 -0.35880181257487692 -0.30090461377175504 0.23140017467719556 0.45398286717008124 -0.57350287077852791 -0.036118628440457261 -1.3106498720426385 -0.079993913381877391
decision_type=2 2 2 2 2 2 2 2 2 2 2 2 2 2 2 2 2 2 2 2 2
left_child=2 7 3 5 -4 10 -5 14 12 -10 -1 -3 13 15 17 -8 -9 20 -14 -11 -2
right_child=1 11 4 6 -6 -7 8 16 9 19 -12 -13 18 -15 -16 -17 -18 -19 -20 -21 -22
leaf_value=-0.071294894447455806 -0.0023189549247136592 0.0334510634949583 -0.094854468895808897 0.0054989497276606049 -0.027649075708583548 -0.011128429607096708 -0.0095033341389952793 0.012226495035209785 -0.054365801323430676 -0.006254349545365653 -0.01835865047259615 0.05977389003895809 0.0019334652399071127 -0.022122860698507812 0.0090868058309551483 0.0041553246077237604 0.022915203822008689 0.0023884060655366942 -0.0034014492865103549 -0.018091737857618601 0
leaf_weight=28.999999999999996 12.000000000000002 59 12.000000000000002 20 17 12.999999999999998 11.000000000000002 33 20 10.999999999999998 11.000000000000002 28 12.000000000000002 27 50 10.999999999999998 74 31 10.999999999999998 40 12.999999999999998
leaf_count=29 12 59 12 20 17 13 11 33 20 11 11 28 12 27 50 11 74 31 11 40 13
internal_value=-0.0024724 0.0231823 -0.0337175 -0.0275055 -0.0671456 -0.0514009 -0.0181464 0.0131209 -0.0215885 -0.0307253 -0.0611805 0.0453058 -0.0108196 -0.0149259 0.00490674 -0.00299725 0.0205043 0.000543962 -0.000552908 -0.0165877 -0.00153741
internal_weight=545 300 245 216 29 53 163 213 143 71 40 87 72 49 106 22 107 56 23 51 25
internal_count=545 300 245 216 29 53 163 213 143 71 40 87 72 49 106 22 107 56 23 51 25
is_linear=0
shrinkage=0.0529975


Tree=41
num_leaves=25
num_cat=0
split_feature=37 37 29 38 13 19 19 29 37 29 37 29 19 37 30 26 3 29 29 37 14 37 37 37
split_gain=145.569 20.8244 13.7117 21.2359 17.5035 13.2007 4.20055 9.51321 4.03781 2.7246 1.14665 0.668436 0.753615 0.479041 0.43957 0.449338 0.432846 0.369392 0.331596 0.331094 0.0954797 0.0391423 0.0123236 0.0018003
threshold=-0.81674439241534058 1.2738745478596842 0.55429414669926913 0.13090962736835629 1.3440734267667229 -0.95772725582126561 -0.16545183642694675 0.025471194833478934 0.10170204273055711 0.99250610888350865 2.1084445962342691 -0.50026514361871988 -0.53091630390676692 -0.40155627789733084 -0.1664031776661318 0.9171778722081888 -0.74589870418267135 -0.12836915362137594 0.20235630727881282 0.47495196386290883 0.070254225495459913 -0.68463908325052059 -0.30090461377175504 -0.56511523210139514
decision_type=2 2 2 2 2 2 2 2 2 2 2 2 2 2 2 2 2 2 2 2 2 2 2 2
left_child=2 8 5 4 9 -1 7 11 13 16 -3 -7 20 21 -8 -16 -4 -14 -9 -10 -13 -2 -15 -23
right_child=1 10 3 -5 -6 6 14 18 19 -11 -12 12 17 22 15 -17 -18 -19 -20 -21 -22 23 -24 -25
leaf_value=-0.061846934714180818 -0.0021310046219415574 0.031841797199133805 -0.0020859299132801857 -0.086906129692173331 -0.067490031335720208 0.0016663651403649256 0.0035186106765602164 -0.020940813222719807 0.0119620254405548 0.013435532141981623 0.05716478257069868 -0.01908601996765609 0.0026757955551579287 0.0026470817422154596 -0.0095918757150335009 0.0015290765366888603 -0.017200985675711603 -0.0077412012116899291 -0.051937164024061941 0.021997634772410658 -0.0057621614504964743 0 0.0078137151485793664 0.001063622281414841
leaf_weight=15.999999999999998 15.999999999999998 59 10.999999999999998 25 12.999999999999998 10.999999999999998 14.999999999999998 15.999999999999998 48 10.999999999999998 28 20 12.000000000000002 14.999999999999998 23 11.999999999999998 16.000000000000004 15.000000000000002 18 71 10.999999999999998 11.999999999999998 38 13.000000000000002
leaf_count=16 16 59 11 25 13 11 15 16 48 11 28 20 12 15 23 12 16 15 18 71 11 12 38 13
internal_value=-0.00245167 0.0221003 -0.0323529 -0.0509202 -0.0258702 -0.0225045 -0.016169 -0.0220288 0.0124918 -0.00421529 0.0432273 -0.00906929 -0.0111799 0.00382048 -0.0029067 -0.00594265 -0.0127528 -0.00325484 -0.0428517 0.0187736 -0.0162472 -0.00036854 0.00688753 0.00072814
internal_weight=545 300 245 76 51 169 153 103 213 38 87 69 58 94 50 35 27 27 34 119 31 41 53 25
internal_count=545 300 245 76 51 169 153 103 213 38 87 69 58 94 50 35 27 27 34 119 31 41 53 25
is_linear=0
shrinkage=0.0529975


Tree=42
num_leaves=22
num_cat=0
split_feature=37 37 29 19 29 38 29 37 19 29 19 29 28 29 37 37 9 37 37 37 37
split_gain=133.431 18.9823 13.5918 16.3616 23.3838 8.87577 9.05679 3.64825 2.15363 2.4086 1.85873 1.72179 1.60575 1.14995 1.11146 0.577339 0.372661 0.0748014 0.0363588 0.0363526 0.00162914
threshold=-0.81674439241534058 1.2738745478596842 1.0939113685825921 -0.61139804268437181 -0.25359189156537315 -0.24281526106861553 0.52337296649648568 0.1771907908247404 -0.047937934349164608 -0.19322199846525803 -0.036067908672949726 -0.6328658389832057 -0.33651806663970074 0.18888648312768833 2.1084445962342691 -0.40155627789733084 0.23699458342849308 0.47495196386290883 -0.30090461377175504 -0.68463908325052059 -0.56511523210139514
decision_type=2 2 2 2 2 2 2 2 2 2 2 2 2 2 2 2 2 2 2 2 2
left_child=2 7 3 4 11 -5 8 15 9 -7 -8 -1 -11 -14 -3 19 -10 -9 -17 -2 -21
right_child=1 14 -4 5 -6 6 10 17 16 12 -12 -13 13 -15 -16 18 -18 -19 -20 20 -22
leaf_value=0.001309621462480726 -0.0020488544899992861 0.030309949932514818 -0.06860890206826202 0.021427512552596919 -0.084792445423795187 0.0016225946350473255 -0.058554476287396962 0.011479785473445452 -0.0034396484366173135 -0.028306564002989944 -0.024334696415317752 -0.022341390299424193 -0.00076076506085925779 -0.018263895701730887 0.054669561285749353 0.0025468584172565548 0.0066544628790345698 0.020922608002273826 0.0082399217064139437 0 0.0010250465026651096
leaf_weight=10.999999999999998 15.999999999999998 59 21 10.999999999999998 23 18 10.999999999999998 36 16.000000000000004 28 33 21 23 15.999999999999998 28 14.999999999999998 12.999999999999998 71 50 11.999999999999998 13.000000000000002
leaf_count=11 16 59 21 11 23 18 11 36 16 28 33 21 23 16 28 15 13 71 50 12 13
internal_value=-0.00243354 0.021073 -0.0310607 -0.0258132 -0.0498317 -0.0165169 -0.0198881 0.0118983 -0.0108621 -0.0148816 -0.0390261 -0.0151039 -0.0191803 -0.00957375 0.0412445 0.00445224 0.00125059 0.0185852 0.00735059 -0.000345683 0.000704499
internal_weight=545 300 245 224 55 169 158 213 114 85 44 32 67 39 87 106 29 107 65 41 25
internal_count=545 300 245 224 55 169 158 213 114 85 44 32 67 39 87 106 29 107 65 41 25
is_linear=0
shrinkage=0.0529975


Tree=43
num_leaves=20
num_cat=0
split_feature=37 37 36 29 19 30 29 37 19 29 30 29 37 29 6 30 37 37 19
split_gain=122.084 17.3176 12.5194 15.0875 18.9949 6.84894 9.15811 3.98416 3.68457 4.2366 3.21897 1.4479 0.724485 0.459939 0.956154 0.166812 0.162584 0.0758284 0.00842362
threshold=-0.81674439241534058 1.5213098888350618 -0.46090908502710198 1.0939113685825921 -0.3357664568293684 0.90938718312148792 -0.34583423269224073 0.29252082263530083 0.34004903709483209 0.26696810119628295 -0.41432049956592126 0.47796017511591082 -0.30090461377175504 -0.26151545470841348 0.085967592106231658 0.36035248426005978 2.1084445962342691 -0.57350287077852791 -0.079993913381877391
decision_type=2 2 2 2 2 2 2 2 2 2 2 2 2 2 2 2 2 2 2
left_child=2 7 3 4 15 8 -7 12 9 13 -6 -12 17 -4 -15 -1 -3 18 -2
right_child=1 16 5 -5 10 6 -8 -9 -10 -11 11 -13 -14 14 -16 -17 -18 -19 -20
leaf_value=-0.027604754078833484 -0.0021385321341229413 0.029561707074947489 0.0017228245943812358 -0.085467782400206443 0.010402869217192046 -0.0015037617324266405 -0.056240435075477054 0.019550965480298325 0.012417221918508357 -0.028808870283130193 -0.0050064395378137151 -0.02434634401101567 0.0087035648953271896 0.00096607955202791752 -0.013431014583449304 -0.070905982818712049 0.052283257457349623 0.0021318411705908663 0
leaf_weight=12.999999999999998 12.000000000000002 46 18 15.999999999999998 10.999999999999998 13.999999999999998 19 104 12.999999999999998 28 24 26 66 20 24 19 28 31 12.999999999999998
leaf_count=13 12 46 18 16 11 14 19 104 13 28 24 26 66 20 24 19 28 31 13
internal_value=-0.00239023 0.0200947 -0.0297729 -0.0430456 -0.0309417 -0.0177175 -0.0369999 0.012157 -0.00977988 -0.0136343 -0.0112298 -0.0167181 0.00517875 -0.00474226 -0.00741619 -0.0606313 0.041521 0.000471815 -0.00137548
internal_weight=545 300 245 109 93 136 33 226 103 90 61 50 122 62 44 32 74 56 25
internal_count=545 300 245 109 93 136 33 226 103 90 61 50 122 62 44 32 74 56 25
is_linear=0
shrinkage=0.0529975


Tree=44
num_leaves=20
num_cat=0
split_feature=37 37 29 28 29 6 9 38 29 37 37 19 29 19 19 9 37 37 37
split_gain=111.759 15.9278 11.6553 13.1469 16.9712 7.90573 4.15517 3.0647 3.80482 2.91008 1.92513 1.10519 1.78943 0.485011 0.321012 0.30882 0.143289 0.0977721 0.012421
threshold=-0.81674439241534058 0.90901226540446534 0.96361458521015575 -0.7132154924804589 -0.54213609959460229 -0.80800736895610803 -1.4880454783536858 -0.16222339301724051 0.41037723249571229 1.8001988748496838 -0.18557458196119755 -0.079993913381877391 1.0000000180025095e-35 -0.45985295251530983 -0.016006497985795905 0.12359606136457299 0.29252082263530083 -0.56511523210139514 -0.68463908325052059
decision_type=2 2 2 2 2 2 2 2 2 2 2 2 2 2 2 2 2 2 2
left_child=2 10 3 4 -1 -4 -5 -8 11 -3 17 12 13 -9 -10 -13 -12 18 -2
right_child=1 9 5 6 -6 -7 7 8 14 -11 16 15 -14 -15 -16 -17 -18 -19 -20
leaf_value=-0.00021372211119926484 -0.0019286512234013276 0.023326066071549821 -0.085223387116575816 -0.041172363216715545 -0.071114216818048678 -0.02196744828980501 0.0081998986953579871 -0.0078364269750652357 -0.038222284791291541 0.045243349713062285 0.0085574376598985969 -0.0044763707800855061 -0.020096184577679241 0.0018254007452680155 -0.016618871731736356 0.004940770768270329 0.01524060470792925 0.0026367111593518975 0
leaf_weight=13.999999999999998 16.000000000000004 72 12.000000000000002 11.999999999999998 25 17 13.999999999999998 31.999999999999996 12.999999999999998 47 60 13.000000000000002 35 19.000000000000004 25 13.999999999999998 59 34 11.999999999999998
leaf_count=14 16 72 12 12 25 17 14 32 13 47 60 13 35 19 25 14 59 34 12
internal_value=-0.00236645 0.0191469 -0.0285653 -0.0230496 -0.0492382 -0.0584595 -0.0158167 -0.0125527 -0.014761 0.0337935 0.00870522 -0.00892662 -0.0116961 -0.00430102 -0.0283704 0.000205418 0.012499 0.000860782 -0.00117496
internal_weight=545 300 245 216 39 29 177 165 151 119 181 113 86 51 38 27 119 62 28
internal_count=545 300 245 216 39 29 177 165 151 119 181 113 86 51 38 27 119 62 28
is_linear=0
shrinkage=0.0529975


Tree=45
num_leaves=21
num_cat=0
split_feature=37 37 13 29 19 30 29 37 19 29 30 29 37 13 45 26 29 37 30 37
split_gain=102.365 14.5054 11.2305 13.715 16.841 5.99457 8.5352 3.52724 3.41791 3.6832 2.934 1.27283 0.756175 0.452293 0.171774 0.106757 0.0845024 0.0649862 0.0472292 0.00851052
threshold=-0.81674439241534058 1.5988955465985291 0.37868236936917049 1.0939113685825921 -0.3357664568293684 0.90938718312148792 -0.25359189156537315 0.4330137704772507 0.34004903709483209 0.26696810119628295 -0.41432049956592126 0.47796017511591082 -0.30090461377175504 -0.41924289235737794 -0.36806745177278138 -0.28193021084798903 -0.029401002529347103 -0.63011943184916475 0.36035248426005978 -0.52737085805430506
decision_type=2 2 2 2 2 2 2 2 2 2 2 2 2 2 2 2 2 2 2 2
left_child=2 7 5 4 18 8 -7 12 9 13 -6 15 17 -1 16 -12 -15 -2 -4 -19
right_child=1 -3 3 -5 10 6 -8 -9 -10 -11 11 -13 -14 14 -16 -17 -18 19 -20 -21
leaf_value=-0.009014666522695362 -0.0016516590535590968 0.038901367171191532 -0.025845724315646097 -0.080259313202271254 0.010475014065481146 -0.0081499360882735621 -0.061226542350462168 0.01886507272217481 0.012590814889771314 -0.026548781002105934 -0.0068111365293888242 -0.022438124997343819 0.0084968136813194373 0.0047254182329361768 -0.0038700550353090459 0 -0.00048070418710831407 0 -0.06590996567942306 0.002186512451524444
leaf_weight=24 19 68 12.999999999999998 15.999999999999998 10.999999999999998 21 11.999999999999998 96 12.999999999999998 28 13.000000000000002 26 80 11.999999999999998 14.999999999999998 10.999999999999998 11.000000000000002 11.999999999999998 19 25
leaf_count=24 19 68 13 16 11 21 12 96 13 28 13 26 80 12 15 11 11 12 19 25
internal_value=-0.00235686 0.0182329 -0.0274299 -0.0399736 -0.0285306 -0.0160638 -0.0340765 0.0113181 -0.0086715 -0.0124101 -0.0100299 -0.0153043 0.00536993 -0.00414403 -9.97114e-05 -0.00440262 0.00241015 0.000400526 -0.0564652 0.00170017
internal_weight=545 300 245 109 93 136 33 232 103 90 61 50 136 62 38 24 23 56 32 37
internal_count=545 300 245 109 93 136 33 232 103 90 61 50 136 62 38 24 23 56 32 37
is_linear=0
shrinkage=0.0529975


Tree=46
num_leaves=23
num_cat=0
split_feature=37 37 29 28 36 19 19 26 29 37 37 19 29 7 12 29 9 45 37 26 37 37
split_gain=93.6865 13.1856 10.5682 18.2846 12.1374 10.7927 10.4448 3.51648 2.52822 2.18251 1.72184 1.23591 3.33659 0.8467 0.559855 0.474055 0.335704 0.315025 0.287026 0.260497 0.156477 0.016731
threshold=-0.81674439241534058 1.1795136127419574 0.55429414669926913 0.020755637322990846 -1.6310829249917118 -1.084056395528697 0.53717754361396441 -0.66871801552839083 0.061826384744403794 -0.04088781478067683 2.1084445962342691 -0.047937934349164608 0.20235630727881282 -0.2136684681237844 0.24244024473966483 0.056565116237184652 0.12359606136457299 -0.59517955051737881 0.47495196386290883 0.92986884120344449 -0.49382030334577687 -0.68463908325052059
decision_type=2 2 2 2 2 2 2 2 2 2 2 2 2 2 2 2 2 2 2 2 2 2
left_child=2 9 5 -4 -5 -1 19 8 17 20 -3 12 13 -9 15 -15 -13 -7 -11 -6 21 -2
right_child=1 10 3 4 6 7 -8 11 -10 18 -12 16 -14 14 -16 -17 -18 -19 -20 -21 -22 -23
leaf_value=-0.058745681058185922 -0.0017906305094698065 0.02415563895929498 -0.081701128353928079 -0.057111433453529141 -0.027439153118779369 -0.014409232482272598 0.027790934491157274 0.0042831556802968357 -0.038766422170573266 0.0089934705675225237 0.046328229050160118 -0.0035670426494665238 -0.027703159041725066 0.0018412178092237937 -0.014070765816711506 -0.0093077010118628577 0.0058814854108044986 -0.0015078169398082646 0.016507480721798688 -0.0096990775710910811 0.0037069762245909364 6.8678514475077702e-05
leaf_weight=10.999999999999998 15.999999999999998 68 19 13.999999999999998 15.000000000000002 11.000000000000002 11.999999999999998 19 17 67 28 14.000000000000002 18 23 17 10.999999999999998 15.999999999999998 11.999999999999998 62 15.999999999999998 41 18
leaf_count=11 16 68 19 14 15 11 12 19 17 67 28 14 18 23 17 11 16 12 62 16 41 18
internal_value=-0.00235894 0.0173393 -0.0263451 -0.0425331 -0.0228321 -0.0178174 -0.00590516 -0.0128816 -0.0255998 0.0091877 0.0330346 -0.00748453 -0.0104908 -0.00413622 -0.00751602 -0.00244582 0.00141844 -0.00962275 0.0132294 -0.0215279 0.00168495 -0.000768938
internal_weight=545 300 245 76 57 169 43 158 40 204 96 118 88 70 51 34 30 23 129 31 75 34
internal_count=545 300 245 76 57 169 43 158 40 204 96 118 88 70 51 34 30 23 129 31 75 34
is_linear=0
shrinkage=0.0529975


Tree=47
num_leaves=23
num_cat=0
split_feature=37 37 29 19 29 38 29 19 37 29 29 19 37 47 9 37 47 37 29 37 37 37
split_gain=86.0713 12.0772 10.2213 12.4059 21.3017 5.32719 4.29836 4.07607 2.88535 1.39878 0.513253 0.608509 0.402654 0.297341 0.246314 0.226553 0.160457 0.0986386 0.0681891 0.0242506 0.0201532 0.000327378
threshold=-0.81674439241534058 1.5988955465985291 1.0939113685825921 -0.27139899128830619 0.092064071066336753 -0.24281526106861553 0.58687950133281286 -0.95772725582126561 0.2275166228875313 -0.15716204103522488 0.26696810119628295 -0.05482424643904913 -0.40155627789733084 -0.036118628440457261 -0.10681422785405556 2.1084445962342691 -0.036118628440457261 0.47495196386290883 -0.4039438303596648 -0.68463908325052059 -0.18557458196119755 -0.56511523210139514
decision_type=2 2 2 2 2 2 2 2 2 2 2 2 2 2 2 2 2 2 2 2 2 2
left_child=2 8 3 4 7 -5 10 -1 12 13 16 -12 19 18 -13 -3 -7 -10 -9 -2 -14 -21
right_child=1 15 -4 5 -6 6 -8 9 17 -11 11 14 20 -15 -16 -17 -18 -19 -20 21 -22 -23
leaf_value=-0.037900819959716218 -0.0017216018370811812 0.024027570553227302 -0.05770901521812162 0.020508613931549541 -0.065423438177171805 0.0046315081640507186 -0.02574527224039325 0.003617823607984896 0.0087862196379241142 -0.018170007179626871 -0.014910216906715306 -0.0054335007613290562 0.0025809680533416578 -0.006450962683903075 0.0035382410922818576 0.044306020025134736 -0.0015963070306041301 0.017327774798623709 -0.00080080728011820658 0 0.0068529803687638318 0.00068037821399731296
leaf_weight=12.999999999999998 15.999999999999998 40 21 10.999999999999998 33 14.999999999999998 33 10.999999999999998 30 21 10.999999999999998 11 21 20 11 28 19 90 15.000000000000002 11.999999999999998 50 13.000000000000002
leaf_count=13 16 40 21 11 33 15 33 11 30 21 11 11 21 20 11 28 19 90 15 12 50 13
internal_value=-0.00235423 0.016527 -0.0253444 -0.0208544 -0.0328225 -0.00755314 -0.0116914 -0.0156693 0.0102178 -0.0085009 -0.00312741 -0.00732459 0.00371331 -0.00236605 -0.000901114 0.0353857 0.00125907 0.0157676 0.00117798 -0.00032474 0.00597955 0.00050402
internal_weight=545 300 245 224 113 111 100 80 232 67 67 33 112 46 22 68 34 120 26 41 71 25
internal_count=545 300 245 224 113 111 100 80 232 67 67 33 112 46 22 68 34 120 26 41 71 25
is_linear=0
shrinkage=0.0529975


Tree=48
num_leaves=24
num_cat=0
split_feature=37 37 29 31 6 45 30 30 29 19 37 53 30 29 37 37 5 5 37 29 37 37 37
split_gain=78.6621 11.0569 9.46683 10.6452 7.84599 4.26075 3.25594 2.91035 2.85387 4.49025 2.60358 0.880153 0.743015 0.401482 0.366705 0.220736 0.181221 0.303065 0.0771502 0.0724249 0.0225515 0.0159706 0.000270106
threshold=-0.81674439241534058 1.5988955465985291 0.96361458521015575 -0.55803801050463286 -0.80800736895610803 -0.14095535302818379 -0.2145055800327397 0.23966141775408889 0.17116908538165884 -0.16545183642694675 0.2275166228875313 -0.36007183007885429 0.55455133127410849 -0.036971670352170895 -0.40155627789733084 2.1084445962342691 0.70756048009203754 1.1843251936161412 0.47495196386290883 -0.34583423269224073 -0.68463908325052059 -0.18557458196119755 -0.56511523210139514
decision_type=2 2 2 2 2 2 2 2 2 2 2 2 2 2 2 2 2 2 2 2 2 2 2
left_child=2 10 3 5 -4 7 -5 -1 11 -10 14 13 -13 -8 20 -3 -11 -18 -12 -14 -2 -16 -22
right_child=1 15 4 6 -6 -7 8 -9 9 16 18 12 19 -15 21 -17 17 -19 -20 -21 22 -23 -24
leaf_value=-0.019168647182199502 -0.001655234213584311 0.022920179197710704 -0.076904390668179001 0.0060985277090716185 -0.017201157623466447 -0.0052606452746659562 0.0051630602619692221 -0.057875539232555895 -0.040460099545037764 -0.014235431352190004 0.0083981410670170564 -0.00021521670533321599 -0.0053669060019478267 -0.0054499448417763864 0.0024745656897497905 0.042372079956195179 0.0001095369888742059 -0.0099104829758027268 0.016466809339733011 -0.017836470122931866 0 0.0065286820803773854 0.00065570203954818079
leaf_weight=18 15.999999999999998 40 12.000000000000002 21 17 10.999999999999998 18.000000000000004 24 20 25 30 14.999999999999998 10.999999999999998 10.999999999999998 21 28 14.000000000000002 10.999999999999998 90 17.000000000000004 11.999999999999998 50 13.000000000000002
leaf_count=18 16 40 12 21 17 11 18 24 20 25 30 15 11 11 21 28 14 11 90 17 12 50 13
internal_value=-0.00228564 0.0157644 -0.0242642 -0.0193547 -0.0510496 -0.0389756 -0.011777 -0.0458997 -0.0146078 -0.0219261 0.00972764 -0.00626459 -0.0106106 0.000693807 0.00354347 0.0338088 -0.0108489 -0.00513826 0.0150008 -0.0149539 -0.000303651 0.00570639 0.000488897
internal_weight=545 300 245 216 29 53 163 42 142 70 232 72 43 29 112 68 50 25 120 28 41 71 25
internal_count=545 300 245 216 29 53 163 42 142 70 232 72 43 29 112 68 50 25 120 28 41 71 25
is_linear=0
shrinkage=0.0529975


Tree=49
num_leaves=24
num_cat=0
split_feature=37 37 29 35 25 19 24 26 29 37 29 19 37 19 47 19 29 30 45 37 8 37 37
split_gain=72.2211 10.1351 8.9958 13.0139 10.0509 8.42285 5.12947 4.09033 3.90738 1.89041 1.87594 2.92678 0.901197 0.688187 0.638138 0.627233 0.417371 0.488267 0.322916 0.220354 0.186525 0.11871 0.0175581
threshold=-0.81674439241534058 1.3346849282688862 0.71547010596101057 -0.075187709818658785 1.3786611811569502 -1.084056395528697 1.6819971191508489 -0.63145991334128004 0.092064071066336753 0.10170204273055711 0.29136380271561407 0.22724928406737435 2.1084445962342691 -0.073027776466943153 -0.036118628440457261 -0.13695324231613623 -0.15716204103522488 0.28955931014569997 -0.48162350114508018 -0.44978520029083774 -0.11124742640394288 0.47495196386290883 -0.68463908325052059
decision_type=2 2 2 2 2 2 2 2 2 2 2 2 2 2 2 2 2 2 2 2 2 2 2
left_child=2 9 5 -4 -5 -1 -6 8 18 19 14 13 -3 -12 16 20 -9 -18 -7 22 -16 -11 -2
right_child=1 12 3 4 6 7 -8 10 -10 21 11 -13 -14 -15 15 -17 17 -19 -20 -21 -22 -23 -24
leaf_value=-0.053899241318785263 -0.0015914250631026221 0.021400882620188726 -0.00032431982674872921 -0.090857111710084593 0.0014552503498206763 -0.013850312587829509 -0.043653913497545334 0.0061005774405407413 -0.042011725170773152 0.0081109985381984592 -0.032838169766542441 0.0035623429954103249 0.040522554744325992 -0.012088256765776807 -0.013034376118403896 0.0024630946066105091 0.0033970374118605651 -0.0091700245966019056 -0.0015439994024770603 0.0044634005870390998 -0.0024741507309584752 0.014764302213152964 0.00029613529489990218
leaf_weight=10.999999999999998 15.999999999999998 56 14.999999999999998 11.999999999999998 11.000000000000002 14.000000000000002 10.999999999999998 21 19 48 11.999999999999998 13.999999999999998 28 25 21 10.999999999999998 12.000000000000002 10.999999999999998 12.999999999999998 56 11.999999999999998 74 22
leaf_count=11 16 56 15 12 11 14 11 21 19 48 12 14 28 25 21 11 12 11 13 56 12 74 22
internal_value=-0.00225807 0.0150374 -0.0233173 -0.0430232 -0.0588135 -0.0172254 -0.025369 -0.0133845 -0.0263556 0.00848223 -0.00813124 -0.0156927 0.0301277 -0.0226216 -0.00295318 -0.00709138 0.00139951 -0.00302584 -0.00949411 0.00250009 -0.0103443 0.0127038 -0.000448452
internal_weight=545 300 245 49 34 196 22 185 46 216 139 51 84 37 88 44 44 23 27 94 33 122 38
internal_count=545 300 245 49 34 196 22 185 46 216 139 51 84 37 88 44 44 23 27 94 33 122 38
is_linear=0
shrinkage=0.0529975


Tree=50
num_leaves=23
num_cat=0
split_feature=37 37 29 19 29 38 29 37 9 19 19 29 29 37 37 29 19 7 31 37 37 13
split_gain=66.5041 9.29132 9.0128 10.936 18.7615 5.24326 3.77519 2.12133 1.83691 0.951246 0.697354 1.17824 0.670639 0.304118 0.199448 0.191025 0.206899 0.185741 0.0611882 0.0422133 0.0265241 0.00265735
threshold=-0.81674439241534058 1.5988955465985291 1.0939113685825921 -0.45332057286409322 -0.10741717961323992 -0.24281526106861553 0.58687950133281286 0.2275166228875313 -0.020266555036001721 -0.83382283659871825 -0.047937934349164608 -0.041886065940975194 -0.39613487478548931 -0.33445516848028017 2.1084445962342691 0.20235630727881282 -0.24311319476512336 0.8761735751477443 0.97117537728143455 0.47495196386290883 -0.68463908325052059 -0.665516121285325
decision_type=2 2 2 2 2 2 2 2 2 2 2 2 2 2 2 2 2 2 2 2 2 2
left_child=2 7 3 4 8 -5 10 13 9 -1 11 -7 -10 20 -3 16 -13 -12 -8 -9 -2 -22
right_child=1 14 -4 5 -6 6 18 19 12 -11 17 15 -14 -15 -16 -17 -18 -19 -20 -21 21 -23
leaf_value=-0.029674657451328162 -0.0015300757550988353 0.020877493110092266 -0.05269660625538175 0.020103001360443705 -0.061331756447575408 0.0048827992254337422 -0.028304382516196783 0.0076689491481650969 0.0049971458730252317 -0.0069268684574525959 -0.0018925723072701619 -0.0094611479739910437 -0.0083851750885863031 0.0054019351757107689 0.038753760900591828 -0.016596205572180285 -7.5147931190243015e-05 0.0048969505097791136 -0.0097716474602449824 0.014856406108008027 0 0.0010825684279543689
leaf_weight=11.000000000000002 15.999999999999998 40 21 10.999999999999998 32 10.999999999999998 24 30 16.000000000000004 15.999999999999998 21 14.999999999999998 13.999999999999998 65 28 17 12.000000000000002 12.999999999999998 10.999999999999998 90 11.000000000000002 20
leaf_count=11 16 40 21 11 32 11 24 30 16 16 21 15 14 65 28 17 12 13 11 90 11 20
internal_value=-0.00226065 0.0143367 -0.0224687 -0.0183045 -0.0321995 -0.00811465 -0.0114834 0.00880358 -0.0114525 -0.0201147 -0.00488143 -0.00828984 -0.0014104 0.00321225 0.0308767 -0.0119134 -0.00627302 0.000873758 -0.0249314 0.0135655 0 0.000788516
internal_weight=545 300 245 224 89 135 124 232 57 27 89 55 30 112 68 44 27 34 35 120 47 31
internal_count=545 300 245 224 89 135 124 232 57 27 89 55 30 112 68 44 27 34 35 120 47 31
is_linear=0
shrinkage=0.0529975


Tree=51
num_leaves=20
num_cat=0
split_feature=43 29 19 29 38 29 26 19 29 19 29 30 29 6 29 9 29 29 26
split_gain=60.8293 8.29195 10.2534 15.0814 5.6105 5.45289 2.63177 1.71219 1.36135 1.03341 1.49318 0.852243 0.98229 0.605325 0.453964 0.296555 0.222457 0.171597 0.00641149
threshold=1.0000000180025095e-35 1.0939113685825921 -0.61139804268437181 -0.25359189156537315 -0.24281526106861553 0.52337296649648568 -1.3072054064894105 -0.036067908672949726 -0.6328658389832057 -0.13695324231613623 -0.19322199846525803 0.1183034529203616 -0.22963028636910135 1.1761926543499885 0.20235630727881282 0.26302158581422697 -0.62400762929631193 0.28237332503594575 0.92986884120344449
decision_type=2 2 2 2 2 2 2 2 2 2 2 2 2 2 2 2 2 2 2
left_child=1 2 3 8 -4 9 13 -7 -1 10 -6 12 -8 -2 -12 17 -13 -11 -9
right_child=6 -3 4 -5 5 7 11 18 -10 15 14 16 -14 -15 -16 -17 -18 -19 -20
leaf_value=0.0041553548442926393 0.036430314807354522 -0.050524148660380783 0.019413473354986808 -0.064347144528086236 0.0026548598996483349 -0.044219268940287312 0.018716700674942327 -0.019178040529659938 -0.015786493281815236 0.0016257160374839562 -0.0085807619478291894 0.0096766888796722302 0.0091970432761021639 0.010673478483744597 -0.021998356201172117 0.0056377558265865045 0.0038056070870220379 -0.005550123855149869 -0.0072652110327108416
leaf_weight=10.999999999999998 14.000000000000002 21 10.999999999999998 23 18 10.999999999999998 77 19 21 11.000000000000002 43 49 93 11.999999999999998 12.999999999999998 13.999999999999998 55 14.999999999999998 13.999999999999998
leaf_count=11 14 21 11 23 18 11 77 19 21 11 43 49 93 12 13 14 55 15 14
internal_value=-0.0022009 -0.0215276 -0.0175325 -0.0364184 -0.010309 -0.013055 0.0136723 -0.027806 -0.00917371 -0.00619844 -0.00968305 0.0116043 0.0140394 0.028989 -0.0136347 0.000518161 0.00701201 -0.00256018 -0.0161975
internal_weight=545 245 224 55 169 158 300 44 32 114 74 274 170 26 56 40 104 26 33
internal_count=545 245 224 55 169 158 300 44 32 114 74 274 170 26 56 40 104 26 33
is_linear=0
shrinkage=0.0529975


Tree=52
num_leaves=25
num_cat=0
split_feature=37 37 13 29 19 19 29 19 30 1 37 19 9 29 47 37 0 19 9 37 29 37 37 13
split_gain=55.7395 8.24104 7.93501 11.0196 11.7506 4.65659 3.83125 6.7449 2.35313 2.12401 2.06681 1.22094 0.833686 0.79768 0.304297 0.270505 0.220934 0.157095 0.120379 0.0658337 0.038793 0.0350927 0.00618496 0.00217451
threshold=-0.81674439241534058 1.6722873850234283 0.37868236936917049 1.0939113685825921 -0.3357664568293684 0.34004903709483209 0.061826384744403794 -0.30845206814241349 -0.41432049956592126 -0.52851467950102726 0.2275166228875313 -0.85535387021005227 -0.43844750453211284 0.30977886120655712 -0.036118628440457261 -0.30090461377175504 -0.21349987310990928 0.056972887554589562 -0.14591056851891923 0.47495196386290883 0.58687950133281286 -0.68463908325052059 -0.49382030334577687 -0.80835459406353427
decision_type=2 2 2 2 2 2 2 2 2 2 2 2 2 2 2 2 2 2 2 2 2 2 2 2
left_child=2 10 5 4 12 6 9 -8 -6 -1 15 -11 -4 -10 -9 21 -13 -16 -18 -12 -15 -2 -23 -17
right_child=1 -3 3 -5 8 -7 7 14 13 11 19 16 -14 20 17 23 18 -19 -20 -21 -22 22 -24 -25
leaf_value=0.011228593709855933 -0.001788336249510694 0.029658339177204777 -0.053381633534914062 -0.066553837959369117 0.011751272584060215 0.014188376459530477 -0.050089206462792024 -0.0010063462517821155 -0.00037290073329283478 -0.02151771627969724 0.0069394128532338489 -0.0090254289576816287 -0.018475405455353401 -0.0061614465356644365 -0.01655327605187364 0.0014526631833018302 -0.0040794117142135631 -0.0050394770109404644 0.0013713598298496867 0.013845933177315311 -0.017608553225100219 0 0.0012761020957019929 0.0054855248834097189
leaf_weight=11.999999999999998 15.999999999999998 61 19 15.999999999999998 10.999999999999998 12.999999999999998 13.999999999999998 10.999999999999998 15.999999999999998 11.999999999999998 30 10.999999999999991 12.999999999999998 12.999999999999998 14.000000000000002 10.999999999999998 13.999999999999991 15.999999999999998 19.000000000000014 97 21 17.999999999999996 22.000000000000004 45
leaf_count=12 16 61 19 16 11 13 14 11 16 12 30 11 13 13 14 11 14 16 19 97 21 18 22 45
internal_value=-0.00214883 0.0130457 -0.0206494 -0.0311148 -0.0212852 -0.0112528 -0.0145304 -0.0242886 -0.00608795 -0.0052146 0.00815502 -0.00959605 -0.0445384 -0.0109754 -0.0100631 0.00261115 -0.00401418 -0.0124691 -0.00103368 0.0126534 -0.0149863 0 0.000783258 0.00502314
internal_weight=545 300 245 109 93 136 123 55 61 68 239 56 32 50 41 112 44 30 33 127 34 56 40 56
internal_count=545 300 245 109 93 136 123 55 61 68 239 56 32 50 41 112 44 30 33 127 34 56 40 56
is_linear=0
shrinkage=0.0529975


Tree=53
num_leaves=23
num_cat=0
split_feature=39 30 29 39 19 37 19 29 26 37 26 19 29 29 45 44 19 39 37 26 4 13
split_gain=51.1767 9.49821 12.6828 10.9222 9.63911 6.72518 4.51879 4.1727 2.6539 1.5678 0.868219 0.446159 0.752688 0.418699 0.256907 0.387976 0.180281 0.150808 0.112634 0.281597 0.0766496 0.045174
threshold=-0.4449525141229505 0.51871690791773173 0.092064071066336753 -1.1558530955085182 0.73874316106931182 1.8001988748496838 -0.95772725582126561 0.52337296649648568 0.84692350543161665 0.4330137704772507 -0.56440320388895016 -0.22831942904204558 -0.15716204103522488 -0.35880181257487692 -0.25451140240048259 -1.2624566551833614 0.066280657057420436 -0.75065069125639916 -0.087019827504899783 -0.40626976992395725 0.23382460641092104 -0.82313098779921112
decision_type=2 2 2 2 2 2 2 2 2 2 2 2 2 2 2 2 2 2 2 2 2 2
left_child=1 3 6 -1 7 9 -3 10 -9 18 11 12 -5 -8 15 -12 -16 -17 19 -2 -15 -21
right_child=5 2 -4 4 -6 -7 13 8 -10 -11 14 -13 -14 20 16 17 -18 -19 -20 21 -22 -23
leaf_value=-0.050592533828747288 0.0074920362856097794 -0.036087803381273383 -0.057866379125813147 -0.00076271640194677326 0.031661645804027749 0.030848205644407687 0.0014801196111568658 -0.032557559117360024 -0.0057545356656539762 0.013556666240197007 -0.004728932502224982 -0.00013343020068157791 -0.018898161663527469 -0.010751931203566755 -0.0074794944461649944 0.0079194691983054521 0 0.00040420151118246108 0.0059514980287515102 -0.0020162419918050103 -0.0021468939277351023 0.0011106447259308283
leaf_weight=11.999999999999998 11.999999999999998 12.999999999999998 30 11.000000000000002 10.999999999999998 47 18.999999999999996 26 21 117 10.999999999999995 10.999999999999998 15.999999999999998 11.000000000000005 13.000000000000002 14.999999999999995 18 16.000000000000011 66 18.999999999999996 10.999999999999998 19.000000000000004
leaf_count=12 12 13 30 11 11 47 19 26 21 117 11 11 16 11 13 15 18 16 66 19 11 19
internal_value=-0.00213756 -0.01863 -0.0329427 -0.0111069 -0.0066258 0.0135103 -0.0145802 -0.0103942 -0.0227197 0.0092975 -0.00421862 -0.010112 -0.0132026 -0.00387766 -0.000527703 0.00197508 -0.00387789 0.00492361 0.00448918 0.00200358 -0.00808026 -0.000355757
internal_weight=545 265 84 181 169 280 54 158 47 233 111 38 27 41 73 42 31 31 116 50 22 38
internal_count=545 265 84 181 169 280 54 158 47 233 111 38 27 41 73 42 31 31 116 50 22 38
is_linear=0
shrinkage=0.0529975


Tree=54
num_leaves=24
num_cat=0
split_feature=39 30 39 30 39 37 13 39 39 9 37 45 19 19 47 9 35 1 1 2 37 19 7
split_gain=46.8173 8.80541 10.4164 8.80208 7.5174 5.76775 2.72674 3.85227 1.65799 1.5424 1.14625 1.00179 0.673357 0.57589 0.440628 0.361486 0.513715 0.27329 0.193762 0.144689 0.155872 0.132029 0.0320536
threshold=-0.39234954295270691 0.51871690791773173 -1.1558530955085182 -0.82590330011500368 -0.83856856987246542 1.8001988748496838 0.13240914044122343 -0.66293115134980962 -0.812326624193484 -0.14591056851891923 0.47495196386290883 0.086156745716413782 -0.83382283659871825 0.19532064279088537 -0.036118628440457261 0.37469037699295688 1.5656038145479607 0.89588625285339873 -0.19566369622417185 -0.84595132382935689 -0.18557458196119755 -0.58317633917525924 0.84691737639410036
decision_type=2 2 2 2 2 2 2 2 2 2 2 2 2 2 2 2 2 2 2 2 2 2 2
left_child=1 2 -1 -4 -3 10 7 -6 9 11 19 -5 -9 14 17 18 -17 -10 -11 -2 22 -14 -21
right_child=5 4 3 8 6 -7 -8 12 13 15 -12 -13 21 -15 -16 16 -18 -19 -20 20 -22 -23 -24
leaf_value=-0.048804659944561318 0.010128963055646482 -0.055173819542172375 0.030621260134041463 -0.028736079795820362 -0.043733136169192804 0.029398310430662239 0.00014566636775075481 -0.019815375644699876 0.0035175082445293693 0.0021697268572745047 0.013089546221744528 -0.005143663327111323 0 0.0044388631659490682 -0.0095600689925842003 -0.014505316793806627 -0.00020098152696692307 -0.0051322889309509305 -0.0055661181549563014 0.0016467595921474921 0.0052361561092246125 -0.0070949673026277638 -0.0011320585214523984
leaf_weight=11.999999999999998 11.999999999999998 22 10.999999999999998 21 13.999999999999998 47 15.999999999999998 10.999999999999995 16.000000000000004 13.000000000000002 111 10.999999999999998 12.999999999999995 15.999999999999998 29 22 10.999999999999998 12.999999999999998 10.999999999999998 24 66 12.000000000000009 10.999999999999998
leaf_count=12 12 22 11 21 14 47 16 11 16 13 111 11 13 16 29 22 11 13 11 24 66 12 11
internal_value=-0.00210103 -0.0173733 -0.0102187 -0.00598159 -0.0308045 0.0133569 -0.0186657 -0.024181 -0.00949192 -0.01418 0.00928199 -0.0229016 -0.0112524 -0.00312598 -0.00554235 -0.00745891 -0.0106804 -0.000375406 -0.00154693 0.005012 0.00380518 -0.00415483 0.000565203
internal_weight=545 274 186 174 88 271 66 50 163 89 224 32 36 74 58 57 33 29 24 113 101 25 35
internal_count=545 274 186 174 88 271 66 50 163 89 224 32 36 74 58 57 33 29 24 113 101 25 35
is_linear=0
shrinkage=0.0529975


Tree=55
num_leaves=25
num_cat=0
split_feature=39 30 29 39 27 37 29 27 27 37 26 29 27 25 45 29 27 27 29 1 2 37 23 7
split_gain=42.883 8.14001 11.3728 9.71872 8.20859 5.2574 3.98063 3.96822 2.51321 1.14215 0.723868 0.519373 0.706641 0.379965 0.361873 0.24094 0.328134 0.233485 0.228393 0.140145 0.138256 0.140899 0.0420463 0.0296862
threshold=-0.39234954295270691 0.51871690791773173 0.092064071066336753 -1.1558530955085182 0.73874316106930082 1.9218196356680928 0.52337296649648568 -1.042965392848809 0.1212358593926398 0.47495196386290883 -0.56440320388895016 -0.17292469673266564 -0.22831942904205535 1.6867556701336779 -0.8222916492619764 0.25849815300452755 0.1212358593926398 -0.33576645682938006 -0.39613487478548931 0.6431729643184515 -0.84595132382935689 -0.18557458196119755 0.25820024765937905 0.84691737639410036
decision_type=2 2 2 2 2 2 2 2 2 2 2 2 2 2 2 2 2 2 2 2 2 2 2 2
left_child=1 3 7 -1 6 9 10 -3 -8 20 11 -5 -13 -10 -9 19 -17 -4 -16 22 -2 23 -12 -22
right_child=5 2 17 4 -6 -7 8 14 13 -11 15 12 -14 -15 18 16 -18 -19 -20 -21 21 -23 -24 -25
leaf_value=-0.047079965037203436 0.009771018370540242 -0.034559012387035924 -0.061797036729446968 0.00056784760086893578 0.029621467667616683 0.029217507592775423 -0.035605564390135784 0.0017427498484958899 -0.012526955643771275 0.012732785985463521 0.0050732964029933996 -0.016883282081191827 -5.1857889784230921e-06 -7.026991128650245e-05 -0.00084445393974482005 -0.0078923835854093124 0.001840476204064556 -0.022017826859982208 -0.010466045927401749 -0.0013894354525576598 0.0015769319179163546 0.0049817655145190506 0.00024851741351953499 -0.0010932292334185946
leaf_weight=11.999999999999998 11.999999999999998 11.999999999999998 19.000000000000004 10.999999999999998 10.999999999999998 41 15.999999999999998 14.999999999999998 20.000000000000004 117 21 18 11.000000000000002 10.999999999999998 13.999999999999998 15.000000000000002 12.999999999999998 10.999999999999998 17.000000000000004 15.999999999999998 24 66 10.999999999999998 10.999999999999998
leaf_count=12 12 12 19 11 11 41 16 15 20 117 21 18 11 11 14 15 13 11 17 16 24 66 11 11
internal_value=-0.0020743 -0.0166906 -0.0296053 -0.00981022 -0.0057183 0.01272 -0.00911094 -0.0132804 -0.0212092 0.00908188 -0.00335024 -0.00860013 -0.0117787 -0.00902344 -0.00424983 -7.50992e-05 -0.00364052 -0.0535029 -0.00715075 0.00204869 0.0047919 0.00362059 0.00389956 0.000530209
internal_weight=545 274 88 186 174 271 163 58 47 230 116 40 29 31 46 76 28 30 31 48 113 101 32 35
internal_count=545 274 88 186 174 271 163 58 47 230 116 40 29 31 46 76 28 30 31 48 113 101 32 35
is_linear=0
shrinkage=0.0529975


Tree=56
num_leaves=26
num_cat=0
split_feature=39 30 29 39 30 37 19 29 19 37 26 29 19 45 29 19 24 29 5 19 1 2 37 47 7
split_gain=39.3421 7.53408 10.4704 9.05929 7.67669 4.79419 3.69581 3.6895 2.31154 0.908583 0.666968 0.481467 0.649333 0.33568 0.221656 0.304624 0.211593 0.209357 0.167294 0.156623 0.129824 0.102837 0.167695 0.0450307 0.0274945
threshold=-0.39234954295270691 0.51871690791773173 0.092064071066336753 -1.1558530955085182 -0.82590330011500368 1.8001988748496838 -1.0429653928487965 0.52337296649648568 0.12123585939265195 0.61125109236629682 -0.56440320388895016 -0.17292469673266564 -0.22831942904204558 -0.8222916492619764 0.25849815300452755 0.12123585939265195 1.6014705879276734 -0.39613487478548931 -0.7305514475155096 -0.3357664568293684 0.6431729643184515 -0.84595132382935689 -0.18557458196119755 -0.036118628440457261 0.84691737639410036
decision_type=2 2 2 2 2 2 2 2 2 2 2 2 2 2 2 2 2 2 2 2 2 2 2 2 2
left_child=1 3 6 -1 -5 9 -3 10 -9 21 11 -6 -13 -8 20 -16 -10 -15 -7 -4 23 -2 24 -12 -23
right_child=5 2 19 4 7 18 13 8 16 -11 14 12 -14 17 15 -17 -18 -19 -20 -21 -22 22 -24 -25 -26
leaf_value=-0.045416219686994684 0.0093847789658845042 -0.033337741249992621 -0.059307612061169156 0.02868637365260816 0.00054837058993570647 0.035857989624080384 0.0016767662018368427 -0.034232971978929952 -0.011392947612635563 0.012190059489649824 0.0056538169988574125 -0.016212102649612488 -5.0079124593171583e-06 -0.00081312047892850392 -0.0075935633788905867 0.0017737251199635251 -0.001102047266122889 -0.01005600518222032 0.017300793608081275 -0.021262621754100656 -0.0013358728239346335 0.0015100651058384733 0.0052075472527915974 0.00093086691765394277 -0.0010557317178488848
leaf_weight=11.999999999999998 12.999999999999998 11.999999999999998 19.000000000000004 10.999999999999998 10.999999999999998 14.999999999999998 14.999999999999998 15.999999999999998 20.000000000000004 99 13.999999999999991 18 11.000000000000002 13.999999999999998 15.000000000000002 12.999999999999998 10.999999999999998 17.000000000000004 32 10.999999999999998 15.999999999999998 24 77 18.000000000000007 10.999999999999998
leaf_count=12 13 12 19 11 11 15 15 16 20 99 14 18 11 14 15 13 11 17 32 11 16 24 77 18 11
internal_value=-0.00205503 -0.0160546 -0.0284807 -0.00943337 -0.00548266 0.0121155 -0.0128015 -0.00876592 -0.0204142 0.00839891 -0.00321769 -0.0082571 -0.0113184 -0.00408308 -7.03049e-05 -0.00349327 -0.00870061 -0.00687894 0.0267422 -0.0514176 0.00196326 0.00492244 0.0038947 0.00374715 0.00049683
internal_weight=545 274 88 186 174 271 58 163 47 224 116 40 29 46 76 28 31 31 47 30 48 125 112 32 35
internal_count=545 274 88 186 174 271 58 163 47 224 116 40 29 46 76 28 31 31 47 30 48 125 112 32 35
is_linear=0
shrinkage=0.0529975


Tree=57
num_leaves=26
num_cat=0
split_feature=39 29 19 13 19 19 37 28 29 37 29 19 2 13 6 10 26 29 10 2 37 5 37 7 26
split_gain=36.1763 6.98695 13.7332 8.85495 8.7094 6.93635 4.46739 1.30103 2.87269 0.917766 0.564929 0.531831 0.48554 0.205086 0.186997 0.316431 0.173177 0.298401 0.128856 0.0988282 0.153463 0.0791439 0.0437415 0.0369451 0.001215
threshold=-0.39234954295270691 0.55429414669926913 -0.036067908672949726 1.1372039144672474 -0.95772725582126561 0.56461929902412689 1.9218196356680928 -0.16078487016931256 0.20235630727881282 0.61125109236629682 -0.15716204103522488 -0.32580081582471693 1.6938024970991701 -0.44879567982873164 0.6535002668551112 0.28166352977320075 0.84692350543161665 0.28237332503594575 1.1185036050616828 -0.84595132382935689 -0.087019827504899783 -0.7305514475155096 -0.81674439241534058 1.0209363665892022 0.43103031203003944
decision_type=2 2 2 2 2 2 2 2 2 2 2 2 2 2 2 2 2 2 2 2 2 2 2 2 2
left_child=1 4 -3 5 -1 12 9 8 10 19 14 -12 -4 -9 15 -6 17 22 -16 -2 23 -8 -15 24 -21
right_child=6 2 3 -5 7 -7 21 13 -10 -11 11 -13 -14 16 18 -17 -18 -19 -20 20 -22 -23 -24 -25 -26
leaf_value=-0.041186035922240266 0.0090444087438177109 -0.066326403881479118 -0.017476500974422576 -0.039547502001670301 0.0029803872516734145 0.025994117783532788 0.035270935965502313 -0.0047454306393964153 -0.024915552949231479 0.011865967280740146 -0.012643404703463899 -0.00033953720482398221 -0.0020341166513996949 0.0047598318804181776 0.0057016697371508364 -0.0064274257899119497 0.0061813163293780692 -0.0048018392835405188 -0.00078415350637096718 0.00052669331116180006 0.0051256794128686908 0.016547040863963434 0.00019533345153567317 -0.0011651436875906363 0.0024710284127918863
leaf_weight=15.999999999999998 12.999999999999998 14.999999999999998 20.000000000000004 19 11.000000000000002 12.999999999999998 13.999999999999998 10.999999999999998 19 105 24 17 10.999999999999998 13.999999999999995 12.000000000000002 19 11.999999999999998 15.999999999999998 10.999999999999998 19.000000000000004 71 27 14.000000000000005 10.999999999999998 10.999999999999998
leaf_count=16 13 15 20 19 11 13 14 11 19 105 24 17 11 14 12 19 12 16 11 19 71 27 14 11 11
internal_value=-0.00201738 -0.0154419 -0.0284564 -0.0143578 -0.00953707 0 0.011571 -0.00544917 -0.00877807 0.00821989 -0.00414789 -0.00838467 -0.0134036 0.000329448 -0.0002329 -0.00286201 0.00180153 0 0.00283818 0.00470089 0.00370354 0.0267737 0.00312004 0.000752415 0.00172653
internal_weight=545 274 78 63 196 44 271 180 113 230 94 41 31 67 53 30 56 44 23 125 112 41 28 41 30
internal_count=545 274 78 63 196 44 271 180 113 230 94 41 31 67 53 30 56 44 23 125 112 41 28 41 30
is_linear=0
shrinkage=0.0529975


Tree=58
num_leaves=24
num_cat=0
split_feature=39 30 29 29 38 37 27 29 27 37 10 29 29 27 6 9 27 7 29 26 26 26 15
split_gain=33.2205 6.68611 8.85473 8.35571 6.82296 4.31194 3.15279 2.72769 0.940236 0.893193 0.594989 0.310349 0.283171 0.458795 0.268211 0.23188 0.230144 0.201328 0.0848179 0.055402 0.0120581 0.0306534 0.0227268
threshold=-0.43696225152990481 0.51871690791773173 0.092064071066336753 1.3382556559007897 -0.2659583636342075 1.8777845326131508 -1.042965392848809 0.52337296649648568 0.056972887554579264 0.4330137704772507 1.1575568244941292 -0.4039438303596648 -0.054945875154369203 -0.079993913381890117 0.31504395478129615 -0.35791663023193693 -0.33576645682938006 -1.3300590492267399 0.19471766191415443 1.1280953561172959 -0.40626976992395725 -0.24867132533377731 0.4061211471957567
decision_type=2 2 2 2 2 2 2 2 2 2 2 2 2 2 2 2 2 2 2 2 2 2 2
left_child=1 3 6 4 -1 9 -3 10 -9 19 12 -8 -6 18 -13 -15 -4 -7 -14 20 22 -22 -2
right_child=5 2 16 -5 7 17 11 8 -10 -11 -12 14 13 15 -16 -17 -18 -19 -20 -21 21 -23 -24
leaf_value=0.027352061781370274 0.002024341649887624 -0.030704166656396057 -0.055450346234168994 -0.04139098497120175 0.0040954093637762942 0.035567014764702275 0.0019311624256131341 -0.028968350909829382 -0.0098037308153377193 0.010623722367649906 -0.0099293201852563712 0 -0.0025357485982211037 -0.0038033706942162439 -0.0098318248355782189 0.0032081740673519194 -0.019562013418132913 0.016578149121024243 -0.010373709124761273 0.00037960214337431799 0 0.0034516301111766827 0.0075546920611971021
leaf_weight=10.999999999999998 14.000000000000002 11.999999999999998 19.000000000000004 13.999999999999998 18 10.999999999999998 14.999999999999995 12.999999999999998 32 120 22 12.000000000000005 16.000000000000004 13.999999999999998 15.999999999999998 32 10.999999999999998 33 10.999999999999998 18 10.999999999999998 56 13.999999999999998
leaf_count=11 14 12 19 14 18 11 15 13 32 120 22 12 16 14 16 32 11 33 11 18 11 56 14
internal_value=-0.00196501 -0.0151099 -0.0270403 -0.00884936 -0.00478777 0.0107788 -0.0119361 -0.00798623 -0.0182324 0.00747036 -0.00313407 -0.00343928 -0.000906969 -0.00244609 -0.00635492 0.000747372 -0.0479361 0.0251615 -0.00724557 0.00369637 0.0041958 0.00298981 0.00583976
internal_weight=545 268 85 183 169 277 55 158 45 233 113 43 91 73 28 46 30 44 27 113 95 67 28
internal_count=545 268 85 183 169 277 55 158 45 233 113 43 91 73 28 46 30 44 27 113 95 67 28
is_linear=0
shrinkage=0.0529975


Tree=59
num_leaves=26
num_cat=0
split_feature=39 29 13 27 29 27 37 29 27 29 37 6 29 27 29 27 5 26 35 37 28 10 0 13 37
split_gain=30.5887 6.20465 10.1389 8.46926 8.81729 4.15265 3.86872 3.50237 1.36083 0.784101 0.745753 0.637864 0.677924 0.579316 0.20352 0.264129 0.146774 0.116941 0.0893909 0.177032 0.0881367 0.11505 0.108708 0.0173621 0.00340949
threshold=-0.39234954295270691 1.0939113685825921 1.0780983395245405 -0.61139804268438369 -0.25359189156537315 0.43761099535383424 1.9218196356680928 0.52337296649648568 -0.036067908672960537 -0.6645613915025097 0.6531892857519549 0.53223009268930277 -0.15716204103522488 -0.22831942904205535 0.26696810119628295 0.1212358593926398 -0.7305514475155096 0.92986884120344449 -0.85884385454404988 -0.18557458196119755 -0.16078487016931256 0.041592096668920997 1.3735367404447001 -0.71477076707091436 0.022019475297808743
decision_type=2 2 2 2 2 2 2 2 2 2 2 2 2 2 2 2 2 2 2 2 2 2 2 2 2
left_child=1 3 -3 4 9 7 10 11 -9 -1 18 14 -13 -14 20 -16 -8 -10 -2 23 21 -5 -22 -20 -21
right_child=6 2 -4 5 -6 -7 16 8 17 -11 -12 12 13 -15 15 -17 -18 -19 19 24 22 -23 -24 -25 -26
leaf_value=0.002641806853793476 0.0083251065556960973 0.00089236538169904065 -0.062606714650242201 0.0019654524093038819 -0.049958964849569812 0.019732659985063305 0.032894135599285189 -0.033424553279595905 -0.013567471640704846 -0.012543684596393538 0.010931028159512465 0.0018154687264157155 -0.01515438109975654 -0.0018222617781246515 -0.0072900355165200492 0.0017333787859967575 0.015049525553859846 -0.0039418943396389823 -0.00099394125015356575 0.0018683157425841259 0.0052674082176708435 -0.0036479957469570121 -0.0003608361159296783 0.0010806443280952343 0.0051639107617911708
leaf_weight=10.999999999999998 14.999999999999998 11.000000000000002 11.999999999999998 17.000000000000004 23 10.999999999999998 13.999999999999998 10.999999999999998 19 21 99 13.999999999999998 22.999999999999996 18.000000000000004 15.000000000000002 10.999999999999998 27 14.999999999999998 14.999999999999998 18 19.000000000000004 11.999999999999998 10.999999999999998 18 65
leaf_count=11 15 11 12 17 23 11 14 11 19 21 99 14 23 18 15 11 27 15 15 18 19 12 11 18 65
internal_value=-0.00192297 -0.0142674 -0.0380925 -0.0112192 -0.028565 -0.00561374 0.0105716 -0.0077296 -0.0196871 -0.00754673 0.00745767 -0.00318754 -0.0073258 -0.0104292 -0.000126794 -0.00364474 0.024711 -0.0107232 0.00441823 0.00347141 0.00150926 -0.000384834 0.00329335 0 0.00470173
internal_weight=545 274 23 251 55 196 271 185 45 32 230 140 55 41 85 26 41 34 131 116 59 29 30 33 83
internal_count=545 274 23 251 55 196 271 185 45 32 230 140 55 41 85 26 41 34 131 116 59 29 30 33 83
is_linear=0
shrinkage=0.0529975


Tree=60
num_leaves=26
num_cat=0
split_feature=39 30 39 30 39 37 13 39 39 9 44 37 19 19 47 9 35 1 44 19 13 8 2 37 37
split_gain=28.1112 5.73652 7.39723 6.68215 5.63106 3.62663 2.30479 2.81053 1.06073 1.26203 1.0929 0.895618 0.502068 0.400529 0.318528 0.27542 0.258182 0.187598 0.163366 0.151917 0.0850141 0.0777269 0.0438342 0.136677 0.00710091
threshold=-0.39234954295270691 0.51871690791773173 -1.1558530955085182 -0.82590330011500368 -0.83856856987246542 2.1084445962342691 0.13240914044122343 -0.66293115134980962 -0.812326624193484 -0.14591056851891923 -0.27848972336365163 0.87755862036522103 -0.83382283659871825 0.21046452638556939 -0.036118628440457261 0.1530035466870783 1.5656038145479607 0.89588625285339873 -0.7704731892735065 -0.58317633917525924 -1.3107519810765462 0.45010700893080763 -0.84595132382935689 -0.087019827504899783 -0.44978520029083774
decision_type=2 2 2 2 2 2 2 2 2 2 2 2 2 2 2 2 2 2 2 2 2 2 2 2 2
left_child=1 2 -1 -4 -3 11 7 -6 9 10 -5 20 -9 14 17 -11 -17 -10 -16 -14 -2 -7 -22 24 -24
right_child=5 4 3 8 6 21 -8 12 13 15 -12 -13 19 -15 18 16 -18 -19 -20 -21 22 -23 23 -25 -26
leaf_value=-0.040427090613384654 0 -0.045417410369859468 0.027436451037417462 -0.0025863770549189725 -0.035969187361867772 0.01230248713493803 0.0022822478653651019 -0.015841422938052643 0.0031826929316867022 0.00016988463415325885 -0.024840321813724277 0.011601012556191535 0.00087651621776019826 0.0040763026051735315 -0.0012105590047090842 -0.0095873106008917634 0 -0.0040010307955956771 -0.010314925101016519 -0.0059467006696786728 0.0083154409563916329 0.032704983423092852 0 0.0051320882778496512 0.0012163736077898263
leaf_weight=11.999999999999998 10.999999999999998 22 10.999999999999998 10.999999999999998 13.999999999999998 14.000000000000002 15.999999999999998 10.999999999999995 16.000000000000004 15.999999999999998 21 94 12.999999999999995 14.999999999999998 12.000000000000002 30 10.999999999999998 12.999999999999998 18 12.000000000000009 15.999999999999998 13.999999999999998 11.999999999999998 90 20
leaf_count=12 11 22 11 11 14 14 16 11 16 16 21 94 13 15 12 30 11 13 18 12 16 14 12 90 20
internal_value=-0.00187438 -0.0137085 -0.00793856 -0.00438703 -0.0245454 0.0101033 -0.0142878 -0.0193915 -0.00747326 -0.0112241 -0.0189898 0.00756886 -0.00856302 -0.00237156 -0.00434315 -0.00536103 -0.00741433 0 -0.00767553 -0.00269012 0.00462961 0.0266785 0.00497282 0.00411084 0.000698128
internal_weight=545 274 186 174 88 271 66 50 163 89 32 243 36 74 59 57 41 29 30 25 149 28 138 122 32
internal_count=545 274 186 174 88 271 66 50 163 89 32 243 36 74 59 57 41 29 30 25 149 28 138 122 32
is_linear=0
shrinkage=0.0529975


Tree=61
num_leaves=26
num_cat=0
split_feature=39 29 19 19 13 19 37 12 29 37 31 19 29 6 0 19 12 29 10 5 13 29 2 37 37
split_gain=25.8253 5.82441 11.787 7.03907 6.68229 6.24903 3.39967 0.914534 1.31571 0.801881 0.496638 0.361479 0.599521 0.343228 0.268521 0.238596 0.220576 0.148994 0.111038 0.0780681 0.0749454 0.0419926 0.0290754 0.121292 0.00663231
threshold=-0.39234954295270691 0.55429414669926913 -0.079993913381877391 -0.95772725582126561 1.1372039144672474 0.56461929902412689 2.1084445962342691 -0.061420716778445093 0.20235630727881282 0.84820188499526061 0.97117537728143455 -0.22334124211903542 -0.15716204103522488 0.6535002668551112 1.7109701886000281 -0.19209297706372019 -0.53279103178678933 0.26696810119628295 1.1185036050616828 -0.67451514137555568 -1.3107519810765462 -0.46840301170822823 -0.84595132382935689 -0.087019827504899783 -0.44978520029083774
decision_type=2 2 2 2 2 2 2 2 2 2 2 2 2 2 2 2 2 2 2 2 2 2 2 2 2
left_child=1 3 -3 -1 5 10 9 14 11 20 -4 12 13 21 16 -10 -5 -18 -15 -8 -2 -9 -22 24 -24
right_child=6 2 4 7 -6 -7 19 8 15 -11 -12 -13 -14 18 -16 -17 17 -19 -20 -21 22 -23 23 -25 -26
leaf_value=-0.036235229703728125 0 -0.062437717090298661 -0.018058088887789786 0.0053006543366157632 -0.034857316092871717 0.024283904385450382 0.032570750871662918 -0.00090563046241752304 -0.021747511548061774 0.010927510540235275 -0.003456254441448725 0.0025963198814011085 -0.010479072269722535 0.0060778892401213884 -0.005314008457636645 -0.0055327629622025642 0.0019396378785869861 -0.0042361886033374201 -0.00013057927150027449 0.012749229381865179 0.0077632379965036124 -0.0067661985219301295 0 0.0048705417796075807 0.0011667784807141916
leaf_weight=15.999999999999998 10.999999999999998 12.999999999999998 17 26 19 12.999999999999998 12.000000000000002 10.999999999999998 12.000000000000002 97 15.999999999999998 17 27 11.000000000000002 10.999999999999998 10.999999999999998 19 12.999999999999998 10.999999999999998 15.999999999999998 14.999999999999998 11.000000000000002 11.999999999999998 88 20
leaf_count=16 11 13 17 26 19 13 12 11 12 97 16 17 27 11 11 11 19 13 11 16 15 11 12 88 20
internal_value=-0.00182446 -0.0131674 -0.0250172 -0.00781439 -0.0127933 -0.000576759 0.00965561 -0.00416379 -0.00702367 0.00720494 -0.0127776 -0.0034295 -0.00505285 -0.000725958 0.00053749 -0.0169814 0.00215033 -0.000658055 0.00336108 0.0256962 0.00435225 -0.00490699 0.00468111 0.00388928 0.000664196
internal_weight=545 274 78 196 65 46 271 180 111 243 33 88 71 44 69 23 58 32 22 28 146 22 135 120 32
internal_count=545 274 78 196 65 46 271 180 111 243 33 88 71 44 69 23 58 32 22 28 146 22 135 120 32
is_linear=0
shrinkage=0.0529975


Tree=62
num_leaves=25
num_cat=0
split_feature=39 29 13 19 29 19 37 29 19 37 29 19 29 1 9 29 26 8 13 29 0 37 37 30
split_gain=23.7832 5.78751 8.42187 7.05237 7.62704 3.6385 3.1934 2.74206 1.1683 0.718459 0.683405 0.50412 0.760788 0.296398 0.257745 0.23369 0.10899 0.083678 0.0699416 0.045372 0.0421697 0.118237 0.0123927 0.00412609
threshold=-0.39234954295270691 1.0939113685825921 1.0780983395245405 -0.61139804268437181 -0.25359189156537315 0.43761099535384468 2.1084445962342691 0.52337296649648568 -0.036067908672949726 0.87755862036522103 -0.6645613915025097 -0.05482424643904913 0.20235630727881282 -0.56373799184107487 -0.14591056851891923 -0.15716204103522488 0.92986884120344449 0.45010700893080763 -1.3107519810765462 0.23832575056983082 -0.98942766429415396 0.022019475297808743 -0.44978520029083774 0.51871690791773173
decision_type=2 2 2 2 2 2 2 2 2 2 2 2 2 2 2 2 2 2 2 2 2 2 2 2
left_child=1 3 -3 4 10 7 9 11 -9 18 -1 12 13 -5 -13 -15 -10 -8 -2 -16 -20 22 -22 -11
right_child=6 2 -4 5 -6 -7 17 8 16 23 -12 14 -14 15 19 -17 -18 -19 20 -21 21 -23 -24 -25
leaf_value=0.0030710597985756298 0 0.00020789588858481536 -0.057918431182679003 0.0031861491010431904 -0.045441510359333505 0.019008105852966944 0.011320411445693269 -0.029798552344069029 -0.011740994214519043 0.011079747535098832 -0.010924217753510348 -0.0022453614091147893 -0.012909745364354847 0.00079355030690727853 0.00071495057430291426 -0.0058442583991617884 -0.003101363699690387 0.030440535449200223 0.0082297376988185369 0.0063291205908189924 0 0.0049292413075163266 0.0015953744858147043 0.0040504969512473645
leaf_weight=10.999999999999998 10.999999999999998 11.000000000000002 11.999999999999998 18 23 10.999999999999998 14.000000000000002 10.999999999999998 19 81 21 21 19 18 11.000000000000002 38 14.999999999999998 13.999999999999998 10.999999999999998 14.999999999999998 11.999999999999998 84 31 12.999999999999998
leaf_count=11 11 11 12 18 23 11 14 11 19 81 21 21 19 18 11 38 15 14 11 15 12 84 31 13
internal_value=-0.00178641 -0.0126717 -0.0355839 -0.00976373 -0.0255811 -0.00466296 0.00923024 -0.00665957 -0.0172373 0.00685836 -0.00620409 -0.00264344 -0.0048218 -0.00184582 0.00159301 -0.00372763 -0.00914044 0.0247689 0.00421231 0.00475132 0.00452364 0.00379354 0.00110066 0.0104787
internal_weight=545 274 23 251 55 196 271 185 45 243 32 140 93 74 47 56 34 28 149 26 138 127 43 94
internal_count=545 274 23 251 55 196 271 185 45 243 32 140 93 74 47 56 34 28 149 26 138 127 43 94
is_linear=0
shrinkage=0.0529975


Tree=63
num_leaves=26
num_cat=0
split_feature=37 29 36 19 29 37 19 29 3 3 37 29 7 29 19 9 7 10 45 29 19 37 37 36 36
split_gain=21.8704 5.83837 8.88302 5.55944 8.81681 3.25721 3.23013 1.36791 1.25337 0.666946 0.594783 0.527973 0.4151 0.381096 0.651788 0.284309 0.224338 0.0894332 0.0727175 0.0721156 0.0570775 0.0520985 0.0265113 0.0237379 0.0124413
threshold=-0.7098019992819159 1.0939113685825921 -1.2167630007937162 -0.45332057286409322 -0.15716204103522488 1.7603575911333127 0.43761099535384468 0.58687950133281286 0.76392774171903277 0.1993519574415378 0.1436402361162151 0.34963447586933422 -1.3300590492267399 -0.060961219973233179 -0.13695324231613623 0.12359606136457299 1.2431880987993218 -0.35426314867321768 -0.14095535302818379 0.19471766191415443 -0.61139804268437181 0.90901226540446534 -0.56511523210139514 1.0060074033495874 0.88843012756366979
decision_type=2 2 2 2 2 2 2 2 2 2 2 2 2 2 2 2 2 2 2 2 2 2 2 2 2
left_child=1 3 -3 4 8 10 7 13 9 -1 22 20 -7 -5 19 18 -9 -17 -16 -15 -6 23 -2 -12 -24
right_child=5 2 -4 6 11 12 -8 16 -10 -11 21 -13 -14 14 15 17 -18 -19 -20 -21 -22 -23 24 -25 -26
leaf_value=-0.0041720262920322366 -3.1705198235396206e-05 -0.060190040530678661 0.00020076513454184015 0.0051622616990336977 -0.028045913766613768 0.029706795613975167 0.018924191249359047 -0.016261411477200421 -0.013756256346469356 0.0085702785455639818 0.0058189845833864044 -0.052081578448766701 0.013011386519958409 -0.0042527536202662565 0.00019167670641257251 0.0068254459176999467 -0.0035706233598340824 3.9482237961067503e-05 -0.0044603816562493849 -0.011938287931868906 -0.010022536032714986 0.0089826607500062099 0.0022952347344413603 0.0015848569694745071 0
leaf_weight=21 14.999999999999998 11.000000000000002 10.999999999999998 11.999999999999998 11.999999999999998 11.999999999999998 10.999999999999998 25 20 13.999999999999998 66 10.999999999999998 38 25 10.999999999999998 12.000000000000002 10.999999999999998 10.999999999999998 16.000000000000004 10.999999999999998 13.000000000000002 69 59 14.999999999999998 12.999999999999998
leaf_count=21 15 11 11 12 12 12 11 25 20 14 66 11 38 25 11 12 11 11 16 11 13 69 59 15 13
internal_value=-0.00173129 -0.0127881 -0.0361696 -0.00973736 -0.0195898 0.00824273 -0.00297544 -0.00555664 -0.00489977 0.00126256 0.00532539 -0.0379625 0.0198951 -0.00191551 -0.00325114 0.000636374 -0.0136135 0.00450019 -0.00266301 -0.00813671 -0.0226511 0.00730696 0.00158294 0.00527846 0.00198545
internal_weight=545 258 22 236 91 287 145 134 55 35 237 36 50 98 86 50 36 23 27 36 25 150 87 81 72
internal_count=545 258 22 236 91 287 145 134 55 35 237 36 50 98 86 50 36 23 27 36 25 150 87 81 72
is_linear=0
shrinkage=0.0529975


Tree=64
num_leaves=26
num_cat=0
split_feature=39 29 13 19 29 19 37 29 19 44 37 12 29 19 13 26 5 1 26 34 37 37 13 37 26
split_gain=20.1895 4.94504 7.31577 6.29897 6.29949 3.19071 2.89002 2.31066 1.07512 0.668827 0.654349 0.472083 0.457049 0.454573 0.154676 0.170115 0.135585 0.0985289 0.0864156 0.0848789 0.150092 0.0157652 0.00920214 0.00141161 7.48118e-05
threshold=-0.43696225152990481 1.0939113685825921 1.0780983395245405 -0.61139804268437181 -0.25359189156537315 0.43761099535384468 2.1084445962342691 0.52337296649648568 -0.036067908672949726 0.70547720845605821 0.67415838244478266 0.25200630881414771 -0.17292469673266564 -0.22831942904204558 -0.41924289235737794 -0.11025405966260811 -0.67451514137555568 0.35206812900017176 0.92986884120344449 -1.0254979019753936 -0.30090461377175504 -0.60495651581777243 -0.80835459406353427 1.0000000180025095e-35 0.21743651265400835
decision_type=2 2 2 2 2 2 2 2 2 2 2 2 2 2 2 2 2 2 2 2 2 2 2 2 2
left_child=1 3 -3 4 9 7 10 11 -9 -1 19 14 -13 -14 -5 -16 -8 -17 -10 -2 21 -21 -22 -24 -23
right_child=6 2 -4 5 -6 -7 16 8 18 -11 -12 12 13 -15 15 17 -18 -19 -20 20 22 24 23 -25 -26
leaf_value=-0.01075759046739118 0.0074218720798613922 0.00019387863110731794 -0.053939017195204823 -0.0030783384602976966 -0.042207548218143084 0.017758889856854879 0.02949801782998028 -0.02793668089219559 -0.010672852940720822 0.0033125697983443403 0.0091002286400274583 0.0015299892581524502 -0.01195075932434045 -0.0010445639338449689 -0.0028235431063456619 0.0048901856049555301 0.011101105222516297 0 -0.0028177911590502552 -0.0015012403520370144 0.0013535690266116536 0 0.0015304098662747869 0.0045034402864876427 0.00056804108173142396
leaf_weight=18 10.999999999999998 11.000000000000002 11.999999999999998 20 23 10.999999999999998 12.000000000000002 10.999999999999998 19 11.000000000000002 109 14.999999999999998 27 20 10.999999999999998 28 15.999999999999998 15.999999999999998 14.999999999999998 11.999999999999998 21 11.000000000000002 17 57 10.999999999999998
leaf_count=18 11 11 12 20 23 11 12 11 19 11 109 15 27 20 11 28 16 16 15 12 21 11 17 57 11
internal_value=-0.00169963 -0.0119477 -0.0331223 -0.00918826 -0.0245827 -0.00438966 0.00823389 -0.00628921 -0.0159764 -0.00556792 0.0060438 -0.00252191 -0.00572623 -0.00808492 0.000268574 0.00178312 0.0230032 0.00327501 -0.00832403 0.00334028 0.00262629 -0.00019704 0.00365761 0.00407367 0.000434034
internal_weight=545 268 23 245 52 193 277 182 45 29 249 137 62 47 75 55 28 44 34 140 129 34 95 74 22
internal_count=545 268 23 245 52 193 277 182 45 29 249 137 62 47 75 55 28 44 34 140 129 34 95 74 22
is_linear=0
shrinkage=0.0529975


Tree=65
num_leaves=28
num_cat=0
split_feature=39 29 35 1 19 1 37 29 19 31 37 10 19 29 31 29 39 8 25 37 30 9 19 53 13 37 37
split_gain=18.5816 4.76081 11.724 9.04021 5.30616 3.06845 2.63127 1.56392 3.44526 0.531854 0.519563 0.349752 0.174793 0.201628 0.186469 0.248145 0.153857 0.12977 0.106163 0.138863 0.102821 0.0386899 0.0284529 0.0217992 0.0217849 0.00261661 0.000970844
threshold=-0.39234954295270691 0.74954040166073665 -0.075187709818658785 0.4797293403913509 -0.95772725582126561 1.5053054663558156 2.1084445962342691 0.24627008227285696 -0.13695324231613623 0.66856331366879385 0.90901226540446534 1.1453106970204014 -0.45985295251530983 -0.054945875154369203 1.0000000180025095e-35 -0.35880181257487692 -0.86305666682133453 0.45010700893080763 -0.91482025821547508 -0.18557458196119755 0.21344277011759211 -0.14591056851891923 -0.41834980088588797 -0.36007183007885429 -0.80835459406353427 0.022019475297808743 0.2442919002417939
decision_type=2 2 2 2 2 2 2 2 2 2 2 2 2 2 2 2 2 2 2 2 2 2 2 2 2 2 2
left_child=1 4 -3 -4 -1 -5 10 11 -9 21 18 12 14 -14 15 -6 -11 -8 -2 22 -15 -10 -20 -13 26 -26 -21
right_child=6 2 3 5 7 -7 17 8 9 16 -12 23 13 20 -16 -17 -18 -19 19 24 -22 -23 -24 -25 25 -27 -28
leaf_value=-0.03249831698887469 0.0077585243602880305 0.010488753504569844 -0.069446990680917156 0.0054157288956255718 0.00073298273098625468 -0.027731672494639172 0.0098241720368868485 -0.025662718336968048 -0.0078084010421355359 -0.00089170158853336121 0.0091123133336215526 -0.007691214794130939 0.0065805403870765012 0.0023866939989412731 0.0018249667993771462 -0.0078639984904775757 0.0062241405766202658 0.027526019476040775 -0.0017462038131240158 2.6918105421800967e-05 -0.0022309801633965723 -0.0018671035520529439 0.00098425707407617346 -0.002150667467580517 0.0014098702404275337 0.0046982500037087071 0.0017419846624274953
leaf_weight=15.999999999999998 14.999999999999998 14.999999999999998 11.999999999999998 11.000000000000002 13.000000000000002 10.999999999999998 14.000000000000002 22 21 11.000000000000002 91 12.000000000000002 14.999999999999998 22 18 14.999999999999998 11.999999999999998 13.999999999999998 10.999999999999998 11.000000000000002 20 12.999999999999998 23 14.999999999999998 13.999999999999998 66 11.999999999999998
leaf_count=16 15 15 12 11 13 11 14 22 21 11 91 12 15 22 18 15 12 14 11 11 20 13 23 15 14 66 12
internal_value=-0.00165135 -0.0112734 -0.0254903 -0.0407308 -0.00756572 -0.0132984 0.00808546 -0.00477136 -0.0103751 -0.00248261 0.00593905 -0.00100735 0.000427305 0.00233329 -0.00179685 -0.00424183 0.00309941 0.0221745 0.00372133 0.00292365 3.82682e-05 -0.00633186 0 -0.00577503 0.00384609 0.00434244 0.00133781
internal_weight=545 274 49 34 225 22 271 209 79 57 243 130 103 57 46 28 23 28 152 137 42 34 34 27 103 80 23
internal_count=545 274 49 34 225 22 271 209 79 57 243 130 103 57 46 28 23 28 152 137 42 34 34 27 103 80 23
is_linear=0
shrinkage=0.0529975


Tree=66
num_leaves=29
num_cat=0
split_feature=39 29 13 19 29 19 37 19 29 37 2 29 14 29 19 7 9 5 6 25 37 25 29 19 13 30 37 37
split_gain=17.1339 4.70647 6.66515 5.42139 6.98792 2.51302 2.46138 2.09341 1.19532 0.463356 0.304606 0.273637 0.287836 0.272647 0.597808 0.220582 0.170555 0.145262 0.114398 0.0931747 0.134152 0.0832291 0.0599148 0.0263856 0.0204994 0.0114567 0.00294971 0.000675439
threshold=-0.39234954295270691 1.0939113685825921 1.0780983395245405 -0.45332057286409322 0.092064071066336753 0.43761099535384468 2.1084445962342691 -1.0429653928487965 0.58687950133281286 0.93836900077442265 -0.52569871464058704 -0.36400999389897842 0.078714381910425055 -0.060961219973233179 -0.13695324231613623 1.2431880987993218 -0.35791663023193693 -0.67451514137555568 -1.0000000180025095e-35 -0.91482025821547508 -0.18557458196119755 -0.82075066646577588 0.19471766191415443 -0.41834980088588797 -0.80835459406353427 0.51871690791773173 0.049279300998485126 0.2442919002417939
decision_type=2 2 2 2 2 2 2 2 2 2 2 2 2 2 2 2 2 2 2 2 2 2 2 2 2 2 2 2
left_child=1 3 -3 4 7 8 9 -1 13 19 -6 21 -13 -5 22 -10 -16 -8 -18 -2 23 -9 -15 -21 27 -11 -26 -22
right_child=6 2 -4 5 10 -7 17 11 15 25 -12 12 -14 14 16 -17 18 -19 -20 20 24 -23 -24 -25 26 -27 -28 -29
leaf_value=-0.023764304140161091 0.0074647724274370993 0.00025917138269144509 -0.051344730410519505 0.0042532820596490658 -0.016304925935149955 0.017257071815551576 0.027534991477521847 -0.0016099385191773751 -0.014386927774513966 0.0093121692513880982 -0.049029704172123427 -0.0091099744920542097 0.00033993660441507045 -0.00372701982161733 -0.002599651022810841 -0.0026850054901068439 0.0042558914201357226 0.010166486460261415 -0.0009531903214662279 -0.0016863094623053474 2.5994829562274487e-05 0.0032412579004884182 -0.010680714825869454 0.00094288117459528128 0.001626789453478577 0.0030341434420546641 0.0046392179715941473 0.0016804251409339185
leaf_weight=11.999999999999998 14.999999999999998 11.000000000000002 11.999999999999998 14.999999999999998 11.000000000000002 10.999999999999998 12.000000000000002 11.000000000000002 25 75 11.999999999999998 17.000000000000007 11.999999999999998 25 20 10.999999999999998 29.999999999999996 15.999999999999998 12.000000000000002 10.999999999999998 11.000000000000002 15.999999999999995 10.999999999999998 23 18 11.999999999999998 66 11.999999999999998
leaf_count=12 15 11 12 15 11 11 12 11 25 75 12 17 12 25 20 11 30 16 12 11 11 16 11 23 18 12 66 12
internal_value=-0.00161288 -0.0108527 -0.0314739 -0.0082456 -0.0181509 -0.00211771 0.00773667 -0.00793442 -0.00420542 0.00566235 -0.040228 -0.0024592 -0.00561184 -0.00122926 -0.00233245 -0.0118716 0.000801394 0.0213594 0.00268891 0.00362402 0.00288007 0.00111976 -0.00723973 0 0.00375836 0.00877282 0.00422271 0.00129906
internal_weight=545 274 23 251 91 160 271 68 149 243 23 56 29 113 98 36 62 28 42 156 141 27 36 34 107 87 84 23
internal_count=545 274 23 251 91 160 271 68 149 243 23 56 29 113 98 36 62 28 42 156 141 27 36 34 107 87 84 23
is_linear=0
shrinkage=0.0529975


Tree=67
num_leaves=28
num_cat=0
split_feature=37 29 13 19 29 37 19 31 19 29 53 37 29 7 29 31 13 10 44 44 5 37 6 37 13 13 7
split_gain=15.8592 4.83871 7.12969 4.3458 7.3416 2.48729 2.39006 1.39322 1.3709 0.937936 0.620341 0.456161 0.434738 0.360468 0.238052 0.178571 0.156573 0.20394 0.092152 0.0830475 0.0687092 0.0520571 0.0401464 0.0192233 0.018299 0.00732413 0.00345639
threshold=-0.7098019992819159 1.0939113685825921 1.0780983395245405 -0.32580081582471693 0.031036353483505329 1.9218196356680928 0.43761099535384468 -0.18418218956769841 -0.92602225282107575 0.52337296649648568 -0.36007183007885429 0.1436402361162151 0.41037723249571229 -1.3300590492267399 -0.26151545470841348 0.97117537728143455 -0.41924289235737794 0.79645243786982534 -0.7704731892735065 0.70547720845605821 -0.37348633136782394 1.0872495872935086 0.40306023220815956 -0.56511523210139514 -0.82313098779921112 -0.80835459406353427 -0.53695950254660263
decision_type=2 2 2 2 2 2 2 2 2 2 2 2 2 2 2 2 2 2 2 2 2 2 2 2 2 2 2
left_child=1 3 -3 4 7 11 9 8 -1 16 -9 23 -6 -7 -10 -11 -5 18 -18 -20 -15 24 -12 -2 -13 -25 -27
right_child=5 2 -4 6 12 13 -8 10 14 15 22 21 -14 20 -16 -17 17 -19 19 -21 -22 -23 -24 25 -26 26 -28
leaf_value=-0.022083842507533032 -2.3430244522102694e-05 0.00025028200568193414 -0.053752984148533592 -0.0043963163871324259 -0.01931095691536058 0.027009729911596884 0.017308630349149728 0.0080157954246179511 0.0022621948409793802 -0.012115360880311676 -0.00037116215104258986 0.0016544579443267284 -0.046910242072270368 0.0034465591748324307 -0.0062816080077327816 -0.0025967853530452925 -0.00014502122034908257 -0.0034735675946333169 0.0065054164854841572 0.0005931913661861854 0.013030898888648482 0.0080195505965239781 -0.0055605001005607215 0 0.0051592888300676836 0.00020330226209398056 0.0021489660419081375
leaf_weight=14.999999999999998 14.999999999999998 11.000000000000002 10.999999999999998 12.999999999999998 21 10.999999999999998 10.999999999999998 15.999999999999998 10.999999999999998 27 11.000000000000002 19 10.999999999999998 11.000000000000002 14.000000000000002 13.999999999999998 15.999999999999991 13.999999999999998 15.000000000000009 15.999999999999998 19 62 10.999999999999998 12.999999999999998 78 12.999999999999998 46
leaf_count=15 15 11 11 13 21 11 11 16 11 27 11 19 11 11 14 14 16 14 15 16 19 62 11 13 78 13 46
internal_value=-0.00157769 -0.0109936 -0.0322316 -0.00823535 -0.0156464 0.00691474 -0.0012956 -0.00574221 -0.0119758 -0.00390246 0.00139858 0.00460986 -0.0348879 0.0182427 -0.00258661 -0.00975978 -8.15609e-05 0.00104491 0.00276337 0.00423347 0.0108702 0.00626673 -0.00385055 0.00129786 0.00467688 0.00164331 0.00188603
internal_weight=545 258 22 236 110 287 126 78 40 115 38 246 32 41 25 41 74 61 47 31 30 159 22 87 97 72 59
internal_count=545 258 22 236 110 287 126 78 40 115 38 246 32 41 25 41 74 61 47 31 30 159 22 87 97 72 59
is_linear=0
shrinkage=0.0529975


Tree=68
num_leaves=27
num_cat=0
split_feature=37 29 13 19 29 19 37 29 19 29 29 37 1 4 17 4 9 7 47 24 47 19 37 37 13 13
split_gain=14.6495 4.52095 6.65429 4.06409 6.69968 2.40713 2.33057 1.03952 1.87963 0.897816 0.587437 0.411722 0.366479 0.279349 0.278197 0.226682 0.209527 0.177645 0.153556 0.131816 0.131223 0.0663125 0.0462713 0.0179047 0.0117304 0.0064209
threshold=-0.7098019992819159 1.0939113685825921 1.0780983395245405 -0.45332057286409322 -0.15716204103522488 0.43761099535384468 1.9218196356680928 -0.5832868142001647 -0.76753985839130923 0.58687950133281286 0.34963447586933422 0.1436402361162151 -1.1197631366375458 -0.64713215489783227 -0.43258160506111371 -0.057670386031740566 0.32536966463151379 1.2431880987993218 -0.036118628440457261 -0.21160807526663758 1.0000000180025095e-35 -0.61139804268437181 0.93836900077442265 -0.56511523210139514 -0.74432355454226806 -0.80835459406353427
decision_type=2 2 2 2 2 2 2 2 2 2 2 2 2 2 2 2 2 2 2 2 2 2 2 2 2 2
left_child=1 3 -3 4 7 9 11 -1 -9 14 21 23 -8 -14 18 -16 20 -11 -5 -10 -17 -6 24 -2 -13 -25
right_child=6 2 -4 5 10 -7 12 8 19 17 -12 22 13 -15 15 16 -18 -19 -20 -21 -22 -23 -24 25 -26 -27
leaf_value=0.0075517223224634868 -2.2543119617112843e-05 0.00024169691100886802 -0.051909271150197119 0 -0.023546841111165572 0.016714948340813215 0.026212744523520192 -0.021648556158834095 0.0030160075713563661 -0.013210873600382129 -0.045075089664556998 0.0014087668566577221 0.001924098217134 0.013849870679299615 0.0056112715188256067 0.00046151113485418701 0.0028170662250364257 -0.002503841374305918 -0.0070879152928841806 -0.0027812554425662773 -0.0055265957468473726 -0.0081294674289911287 0.0073814444478034072 0 0.0047000632262718675 0.0018032716958704205
leaf_weight=11.999999999999998 14.999999999999998 11.000000000000002 10.999999999999998 11.999999999999998 11.999999999999998 10.999999999999998 10.999999999999998 10.999999999999998 15.999999999999995 25 10.999999999999998 17 11.999999999999998 18.000000000000004 12.999999999999998 11.999999999999998 18 10.999999999999998 22 16.000000000000004 21 13.000000000000002 74 12.999999999999998 68 59
leaf_count=12 15 11 11 12 12 11 11 11 16 25 11 17 12 18 13 12 18 11 22 16 21 13 74 13 68 59
internal_value=-0.00153915 -0.010589 -0.0311175 -0.00792284 -0.0163424 -0.00215344 0.00662265 -0.00360506 -0.0074043 -0.00440183 -0.0323426 0.00439277 0.0175857 0.0103888 -0.00144453 0.000575536 -0.00104084 -0.0109302 -0.00493783 0 -0.00343386 -0.0188788 0.00596766 0.00124022 0.00425477 0.00157435
internal_weight=545 258 22 236 91 145 287 55 43 134 36 246 41 30 98 64 51 36 34 32 33 25 159 87 85 72
internal_count=545 258 22 236 91 145 287 55 43 134 36 246 41 30 98 64 51 36 34 32 33 25 159 87 85 72
is_linear=0
shrinkage=0.0529975


Tree=69
num_leaves=26
num_cat=0
split_feature=39 3 30 29 29 19 37 2 6 29 30 37 9 44 5 13 45 30 45 3 34 37 30 37 37
split_gain=13.5399 4.054 8.69628 9.10305 3.4124 3.20141 2.08322 1.61204 0.902268 1.23113 0.809011 0.384756 0.252889 0.215928 0.204948 0.182923 0.173496 0.12352 0.109249 0.098263 0.0780632 0.10177 0.0136736 0.0123222 0.000935374
threshold=-0.43696225152990481 0.72346954219426107 -0.72758761312421016 0.74954040166073665 -0.31953540702733996 0.12500767621502204 2.1084445962342691 -0.51156350233999215 0.46114156163059888 0.031036353483505329 0.36035248426005978 0.67415838244478266 -0.25153394435734083 0.70547720845605821 -0.67451514137555568 -0.16311873427231305 -0.59517955051737881 0.33373754511821713 -0.25451140240048259 -0.094889493647710224 -1.0254979019753936 -0.30719534277960381 0.50687119865861308 -0.60495651581777243 -0.04088781478067683
decision_type=2 2 2 2 2 2 2 2 2 2 2 2 2 2 2 2 2 2 2 2 2 2 2 2 2
left_child=1 2 -1 8 -3 -5 11 -6 12 15 -11 20 16 19 -8 -10 -4 -17 -15 -14 -2 23 -13 -22 -23
right_child=6 4 3 5 7 -7 14 -9 9 10 -12 22 13 18 -16 17 -18 -19 -20 -21 21 24 -24 -25 -26
leaf_value=0.028295392865410961 0.0064558261362747853 -0.0020148040202494174 -0.0074294688120974941 -0.051688046705348996 -0.04097172295362695 -0.012939225590848284 0.02514157704820694 -0.01195840766180041 -0.0048854877109523525 -0.0048284058471996152 -0.023439478131020628 0.0075790009079940461 0.0051451332814329903 0.00093435336170850675 0.0087129287620233628 -0.001700807196489671 0 0.0046191226195489718 -0.0048385423109405714 4.563426912956449e-05 -0.0014683243992720165 0.0010346739855240736 0.0026431942283734822 0.00021507339090937887 0.0031059355641849281
leaf_weight=12.999999999999998 10.999999999999998 18 14.999999999999998 11.000000000000002 18 19 12.000000000000002 17 15.999999999999998 18.000000000000004 12.999999999999998 94 24 11.000000000000002 15.999999999999998 11.000000000000002 18 10.999999999999998 13.999999999999998 21 12.000000000000002 20 14.999999999999998 19 78
leaf_count=13 11 18 15 11 18 19 12 17 16 18 13 94 24 11 16 11 18 11 14 21 12 20 15 19 78
internal_value=-0.00150487 -0.009898 -0.00626498 -0.00927436 -0.0223826 -0.0335847 0.00662854 -0.0308602 -0.00400637 -0.0084399 -0.0153559 0.00477564 -0.000671337 0.00107478 0.0191519 -0.00131516 -0.00415006 0.0015222 -0.00238377 0.00318752 0.00267426 0.00202762 0.00713375 -0.000380141 0.00283442
internal_weight=545 268 215 202 53 30 277 35 172 69 31 249 103 70 28 38 33 22 25 45 140 129 109 31 98
internal_count=545 268 215 202 53 30 277 35 172 69 31 249 103 70 28 38 33 22 25 45 140 129 109 31 98
is_linear=0
shrinkage=0.0529975


Tree=70
num_leaves=27
num_cat=0
split_feature=39 29 9 19 29 19 29 37 19 6 29 19 37 16 31 29 31 45 29 16 37 30 30 37 13 30
split_gain=12.4927 3.76996 5.75908 4.63466 5.66727 2.33045 2.68667 1.95188 1.21803 0.456101 0.486815 0.546668 0.349919 0.233621 0.220706 0.19773 0.190905 0.12473 0.0940568 0.0723489 0.115722 0.0288527 0.0132306 0.0107615 0.00693814 0.00136964
threshold=-0.43696225152990481 1.0939113685825921 0.10876556467993408 -0.71234336683649502 -0.54213609959460229 0.43761099535384468 0.63976665760306584 2.1084445962342691 0.016453117862741229 0.25998191677495136 -0.17292469673266564 -0.22831942904204558 0.93836900077442265 -1.1928400721714438 -0.96321629034271128 0.20235630727881282 -0.22014023980230238 -0.14095535302818379 0.25224183869804911 0.90568538605599913 -0.30090461377175504 0.75721457286374616 0.51871690791773173 0.27574554528103529 -0.80835459406353427 0.16368854174941233
decision_type=2 2 2 2 2 2 2 2 2 2 2 2 2 2 2 2 2 2 2 2 2 2 2 2 2 2
left_child=1 3 -3 4 -1 6 9 12 -8 13 17 -12 19 -5 -9 -13 -15 -11 -18 20 21 25 -14 24 -22 -2
right_child=7 2 -4 5 -6 -7 8 14 -10 10 11 15 22 16 -16 -17 18 -19 -20 -21 23 -23 -24 -25 -26 -27
leaf_value=0.002970176896744637 0.00095546442113325408 0.0010743388135914102 -0.046438650423360608 -0.0048682913167916288 -0.036497067677481648 0.01524994735998488 -0.029286379779298925 0.024393615928292648 -0.0064770499635376953 0.0042658494261868796 -0.011246736961746715 0.0027090284056835979 0.0077334008315225241 -0.0030411828529570001 0.0082620874167269095 -0.0047882779814490623 0.0047608459706525086 -0.0019912536520361197 0.00026288632138927765 0.0065003663720239252 0 -0.0020529510281588328 0.0023351744087057669 0.003780976815027177 0.0021225077635597493 0
leaf_weight=13.999999999999998 11.000000000000002 11.000000000000002 11.999999999999998 11.999999999999998 23 10.999999999999998 11.000000000000002 12.000000000000002 20 12.000000000000002 33 14.000000000000002 75 11.999999999999998 15.999999999999998 12.999999999999998 33 10.999999999999998 26 11.999999999999998 11.999999999999998 10.999999999999998 11.999999999999998 61 43 11.999999999999998
leaf_count=14 11 11 12 12 23 11 11 12 20 12 33 14 75 12 16 13 33 11 26 12 12 11 12 61 43 12
internal_value=-0.00146715 -0.00952937 -0.0279512 -0.0071457 -0.0230695 -0.0037134 -0.00522587 0.00634508 -0.0181944 -0.00221354 -0.00485914 -0.00720299 0.00455274 0.000502723 0.0184643 -0.000903268 0.00180966 0.0012395 0.00309328 0.00284863 0.00227308 -0.000237856 0.00726251 0.00304181 0.00181639 0.00063438
internal_weight=545 268 23 245 37 208 197 277 31 166 83 60 249 83 28 27 71 23 59 162 150 34 87 116 55 23
internal_count=545 268 23 245 37 208 197 277 31 166 83 60 249 83 28 27 71 23 59 162 150 34 87 116 55 23
is_linear=0
shrinkage=0.0529975


Tree=71
num_leaves=27
num_cat=0
split_feature=39 3 30 29 47 15 29 35 26 29 37 29 28 19 9 30 25 1 37 0 34 8 19 13 30 37
split_gain=11.5085 3.61455 7.88879 8.03492 3.26653 3.23786 1.89407 1.86525 0.827308 0.809717 0.667904 0.424845 0.616664 0.386346 0.21503 0.168467 0.156835 0.156133 0.134026 0.1335 0.1223 0.0700764 0.0294129 0.0142285 0.00418312 0.00310853
threshold=-0.43696225152990481 0.72346954219426107 -0.72758761312421016 0.74954040166073665 0.59100304412747862 0.93580236748553591 -0.35880181257487692 -1.2356161011941302 -0.56440320388895016 0.031036353483505329 1.0872495872935086 0.26696810119628295 -0.071462254183915774 -0.43841884579956775 -0.27303659071857217 0.56564965927232158 -0.80856147868421624 -0.52851467950102726 -0.18557458196119755 -0.22526715483218948 0.76000482671843195 -0.6424415830687451 -0.58317633917525924 -0.86253470442768265 0.15998396861742989 0.049279300998485126
decision_type=2 2 2 2 2 2 2 2 2 2 2 2 2 2 2 2 2 2 2 2 2 2 2 2 2 2
left_child=1 2 -1 8 -5 6 -3 -2 9 -4 18 17 -13 -8 -14 16 -12 -10 22 -19 -21 -16 -9 -20 -24 -25
right_child=7 5 3 4 -6 -7 13 10 11 -11 15 12 14 -15 21 -17 -18 19 23 20 -22 -23 24 25 -26 -27
leaf_value=0.027165017530712696 0.019853514294794348 0.005243157882870832 -0.0011963840105032226 -0.00720862153601511 -0.044584046525215706 -0.039818616746128285 -0.022852471029446174 -0.0020199743471822915 0.0051511853470386755 -0.016322264829868764 0.0020255627637818688 -0.012420528935403916 -0.0049881698759580402 -0.0062962493050828698 0.0039986626753308104 0.00075438152490001488 0.010057523581354349 -0.0038998061092669809 0.0010848574689783245 0.0032344917205380051 -0.0014865216720747732 -0.00042853769795733797 0.0010778723382092019 0.0013511388901332462 0 0.0038559212529505147
leaf_weight=12.999999999999998 20 11.999999999999998 20 14.000000000000002 15.999999999999998 12.999999999999998 12.999999999999998 10.999999999999998 13.999999999999998 19 13.999999999999998 13.999999999999998 14.999999999999998 15.000000000000002 12.999999999999998 10.999999999999998 65 13.999999999999998 24 28 21 14.000000000000002 16.000000000000004 20 13.999999999999998 82
leaf_count=13 20 12 20 14 16 13 13 11 14 19 14 14 15 15 13 11 65 14 24 28 21 14 16 20 14 82
internal_value=-0.00141871 -0.00915715 -0.00573173 -0.00860454 -0.0314426 -0.0209394 -0.0102607 0.006079 -0.00365686 -0.00991378 0.00455227 -0.00142334 -0.00472113 -0.0168635 -0.00077803 0.0081393 0.00895963 0.00105871 0.00236366 -0.000118148 0.00114272 0.0018307 -0.000107554 0.00318905 0.000619312 0.00353175
internal_weight=545 268 215 202 30 53 40 277 172 39 257 133 56 28 42 90 79 77 167 63 49 27 41 126 30 102
internal_count=545 268 215 202 30 53 40 277 172 39 257 133 56 28 42 90 79 77 167 63 49 27 41 126 30 102
is_linear=0
shrinkage=0.0529975


Tree=72
num_leaves=27
num_cat=0
split_feature=39 29 13 19 29 19 37 29 19 29 6 37 31 29 19 0 12 12 7 25 37 19 19 37 3 13
split_gain=10.6005 3.57155 5.26183 4.0005 4.42476 1.90608 1.71249 1.26799 0.771308 0.51672 0.270646 0.247172 0.229155 0.2236 0.412835 0.133414 0.186685 0.141031 0.0993548 0.0644543 0.0944036 0.0374212 0.0190476 0.0132241 0.00251525 0.00167983
threshold=-0.39234954295270691 1.0939113685825921 1.0780983395245405 -0.61139804268437181 -0.25359189156537315 0.43761099535384468 2.1084445962342691 0.52337296649648568 -0.036067908672949726 -0.6645613915025097 0.27622215148290635 1.0872495872935086 -0.96321629034271128 -0.17292469673266564 -0.22831942904204558 1.670872028398541 -0.53279103178678933 -0.24770820666942364 0.84691737639410036 -0.91482025821547508 -0.18557458196119755 -0.088046267236164155 -0.41834980088588797 0.34913738370593445 -0.32476562731118558 -0.80835459406353427
decision_type=2 2 2 2 2 2 2 2 2 2 2 2 2 2 2 2 2 2 2 2 2 2 2 2 2 2
left_child=1 3 -3 4 9 7 11 10 -9 -1 15 19 -8 -12 -15 16 24 -18 -10 -2 22 -16 -21 25 -5 -22
right_child=6 2 -4 5 -6 -7 12 8 18 -11 13 -13 -14 14 21 -17 17 -19 -20 20 23 -23 -24 -25 -26 -27
leaf_value=0.0039370648625197653 0.0059962188647244867 0.0011091410695221447 -0.044240982240880057 0.0015802244368008889 -0.033393726334098546 0.014463728995704059 0.023050374401081552 -0.021045266704345405 -0.0076357472833444157 -0.0079622122053776626 0.0012415417632086017 0.0068045922399819405 0.0075643442857052821 -0.0090759979062866574 0.0016514731915525927 -0.0032587933868636672 -0.0027918550325855538 0.0030462639833201207 -0.0011487263847890364 -0.0015453448561160296 0.00023427168659801337 -0.00167382098766023 0.00066727498451676275 0.0036652478034906672 0.0062179967063701559 0.0019515537132004058
leaf_weight=10.999999999999998 15.999999999999998 11.000000000000002 11.999999999999998 11.000000000000002 23 10.999999999999998 12.000000000000002 10.999999999999998 17 21 15.999999999999998 75 15.999999999999998 27 12.000000000000002 10.999999999999998 22.999999999999996 13.000000000000002 17 10.999999999999998 13.999999999999998 13.999999999999998 23 65 12.999999999999998 39
leaf_count=11 16 11 12 11 23 11 12 11 17 21 16 75 16 27 12 11 23 13 17 11 14 14 23 65 13 39
internal_value=-0.00138836 -0.00865701 -0.0265668 -0.00640711 -0.0183016 -0.00259057 0.00596384 -0.00406343 -0.0112493 -0.00371221 -0.00133868 0.00424416 0.0173017 -0.00358592 -0.00513972 0.000863732 0.00195278 -0.000383391 -0.00522537 0.00286586 0.00227707 0 0 0.00295723 0.00506602 0.00168624
internal_weight=545 274 23 251 55 196 271 185 45 32 140 243 28 69 53 71 60 36 34 168 152 26 34 118 24 53
internal_count=545 274 23 251 55 196 271 185 45 32 140 243 28 69 53 71 60 36 34 168 152 26 34 118 24 53
is_linear=0
shrinkage=0.0529975


Tree=73
num_leaves=28
num_cat=0
split_feature=39 23 30 29 19 15 29 35 26 29 37 29 19 19 19 1 25 37 9 0 34 45 19 37 13 13 30
split_gain=9.75831 3.28207 7.26306 7.23211 3.11225 3.00526 1.69044 1.66681 0.727389 0.692672 0.54506 0.395869 0.542588 0.348537 0.180552 0.142087 0.140385 0.133163 0.130835 0.126403 0.102857 0.0347256 0.0259101 0.0229549 0.00961434 0.00568082 0.00391807
threshold=-0.43696225152990481 0.72346954219425308 -0.72758761312421016 0.74954040166073665 0.12500767621502204 0.93580236748553591 -0.35880181257487692 -1.2356161011941302 -0.56440320388895016 0.031036353483505329 1.3346849282688862 0.26696810119628295 -0.13695324231613623 -0.43841884579956775 0.33105089177526276 -0.52851467950102726 -0.80856147868421624 -0.18557458196119755 0.41167968144060818 -0.22526715483218948 0.76000482671843195 1.4488293381839996 -0.58317633917525924 0.27574554528103529 -1.0792551458842758 -0.80835459406353427 0.15998396861742989
decision_type=2 2 2 2 2 2 2 2 2 2 2 2 2 2 2 2 2 2 2 2 2 2 2 2 2 2 2
left_child=1 2 -1 8 -5 6 -3 -2 9 -4 17 15 -13 -8 18 -10 -12 22 -14 -17 -21 -18 -9 25 -25 -19 -24
right_child=7 5 3 4 -6 -7 13 10 11 -11 16 12 14 -15 -16 19 21 23 -20 20 -22 -23 26 24 -26 -27 -28
leaf_value=0.026332836582591411 0.018573208845369157 0.0051031100693853864 -0.0010694147431412416 -0.047071544281980349 -0.010393812513025388 -0.037817837451457295 -0.021382619126305135 -0.0018982779916066315 0.0050830199573719302 -0.015076397587321825 0.00097393658488035498 -0.012518577605698212 -0.0049225554656422308 -0.0057878491308409807 0.0035009173092066868 -0.0036460162769564233 0.0096863493950791798 0 0.0010034047639027812 0.0031750579985818221 -0.0011449997106847737 0.002657848904325591 0.0010218781699951639 0.00078884003718448863 0.004009427719506603 0.0019112746537282553 0
leaf_weight=12.999999999999998 20 11.999999999999998 20 11.000000000000002 19 12.999999999999998 12.999999999999998 10.999999999999998 13.999999999999998 19 10.999999999999998 10.999999999999998 23 15.000000000000002 10.999999999999998 13.999999999999998 50 11.999999999999998 10.999999999999998 28 21 10.999999999999998 16.000000000000004 11.999999999999998 82 38 13.999999999999998
leaf_count=13 20 12 20 11 19 13 13 11 14 19 11 11 23 15 11 14 50 12 11 28 21 11 16 12 82 38 14
internal_value=-0.00133993 -0.00846613 -0.00521021 -0.00797442 -0.0296374 -0.0196837 -0.00947638 0.00556335 -0.00328561 -0.00914832 0.00412396 -0.00119572 -0.00438679 -0.0157282 -0.00102379 0.00119017 0.00792469 0.00240582 -0.0029677 0 0.00127363 0.0088745 -9.6313e-05 0.00314017 0.0037401 0.00160785 0.000576527
internal_weight=545 268 215 202 30 53 40 277 172 39 257 133 56 28 45 77 72 185 34 63 49 61 41 144 94 50 30
internal_count=545 268 215 202 30 53 40 277 172 39 257 133 56 28 45 77 72 185 34 63 49 61 41 144 94 50 30
is_linear=0
shrinkage=0.0529975


Tree=74
num_leaves=26
num_cat=0
split_feature=39 29 9 19 29 19 29 37 19 31 29 21 37 19 29 44 19 9 37 29 37 19 37 30 13
split_gain=9.00596 3.31494 5.0328 3.82804 4.58558 1.76482 2.08529 1.58248 1.0929 0.348034 0.484653 0.263936 0.224604 0.205727 0.193289 0.155818 0.13496 0.107215 0.095864 0.0629415 0.0781026 0.0167454 0.0127069 0.0117815 0.000799494
threshold=-0.43696225152990481 1.0939113685825921 0.10876556467993408 -0.71234336683649502 -0.54213609959460229 0.43761099535384468 0.63976665760306584 2.1084445962342691 0.016453117862741229 0.66856331366879385 0.24627008227285696 -1.0365503908183331 0.87755862036522103 -0.2117746308052324 -0.19322199846525803 0.70547720845605821 -0.13695324231613623 0.64606185014724693 -0.81674439241534058 -0.87545902639589801 -0.30719534277960381 -0.25871620324604777 0.1771907908247404 0.51871690791773173 -0.72462169622803219
decision_type=2 2 2 2 2 2 2 2 2 2 2 2 2 2 2 2 2 2 2 2 2 2 2 2 2
left_child=1 3 -3 4 -1 6 9 12 -8 10 13 -9 19 14 -5 17 -12 -11 -15 -2 21 -21 24 -14 -22
right_child=7 2 -4 5 -6 -7 8 11 -10 15 16 -13 23 18 -16 -17 -18 -19 -20 20 22 -23 -24 -25 -26
leaf_value=0.0028951715399878368 0.0056671118364518373 0.001480178571333485 -0.042672405414632263 0.00075409209789712264 -0.03249066761104194 0.013621556100882988 -0.025915014644958437 0.02237253567660354 -0.0049682453909513013 0 -0.011628484096077894 0.007125286020372666 0.0061613253502654456 0.0050742249433896568 -0.0048538929886373615 -0.0017265111485423429 -0.0035502352700842645 0.0063753360915618663 -0.00026208309136645838 -0.0014159291508527381 0 0.00056648249496867216 0.0029806977946440498 0.0017959618315441103 0.0013511908454691803
leaf_weight=13.999999999999998 10.999999999999998 11.000000000000002 11.999999999999998 27 23 10.999999999999998 11.000000000000002 11.000000000000002 20 13.000000000000002 11.999999999999998 17 81 15.000000000000002 30 12.999999999999998 27 17 11.999999999999998 17.000000000000004 10.999999999999998 13.999999999999998 64 12.999999999999998 38
leaf_count=14 11 11 12 27 23 11 11 11 20 13 12 17 81 15 30 13 27 17 12 17 11 14 64 13 38
internal_value=-0.00131201 -0.00815813 -0.0253758 -0.00594632 -0.0204025 -0.0028425 -0.00417144 0.00531951 -0.0155854 -0.00153026 -0.0029568 0.0162103 0.00371504 -0.000455927 -0.00226768 0.00227022 -0.00740949 0.00419528 0.00287423 0.0022561 0.00173283 -0.000385146 0.00236269 0.00577135 0.00119152
internal_weight=545 268 23 245 37 208 197 277 31 166 123 28 249 84 57 43 39 30 27 155 144 31 113 94 49
internal_count=545 268 23 245 37 208 197 277 31 166 123 28 249 84 57 43 39 30 27 155 144 31 113 94 49
is_linear=0
shrinkage=0.0529975


Tree=75
num_leaves=25
num_cat=0
split_feature=39 29 38 29 19 19 37 29 19 5 26 29 19 37 1 9 25 5 30 45 37 34 30 30
split_gain=8.30409 3.13147 5.14069 4.20896 3.9909 3.71501 1.50087 0.950138 1.57448 0.279521 0.264706 0.377501 0.326241 0.21334 0.192963 0.18936 0.115092 0.0640183 0.100939 0.0442079 0.0152297 0.0135589 0.0019743 0.000934579
threshold=-0.4449525141229505 1.3382556559007897 -0.2659583636342075 0.74954040166073665 0.12500767621502204 -1.084056395528697 2.1084445962342691 0.26696810119628295 -0.13695324231613623 -0.74261475481244321 -0.56440320388895016 -0.27712259344990625 -0.32205160727889987 0.93836900077442265 -0.52851467950102726 0.41167968144060818 -0.38708658348593333 -1.2693510750792598 0.90938718312148792 -0.59517955051737881 0.1771907908247404 -0.65473022744116161 0.51871690791773173 0.34485729356418537
decision_type=2 2 2 2 2 2 2 2 2 2 2 2 2 2 2 2 2 2 2 2 2 2 2 2
left_child=1 2 -1 5 -5 -4 13 10 -9 -8 11 -7 -13 17 -12 19 -16 -2 20 -10 21 -19 -15 -23
right_child=6 -3 3 4 -6 7 9 8 15 -11 14 12 -14 22 16 -17 -18 18 -20 -21 -22 23 -24 -25
leaf_value=0.022329933416826337 0.0055979283612615678 -0.028456781116536076 -0.02903181254763466 -0.043771550361428165 -0.0033453801600693278 0.0032253472018795612 0.02177725023858491 -0.018367020798940013 -0.006285653266216348 0.0067189423930602817 0.005805362143941486 -0.0091169048280569619 0.00039575433699630652 0.0059685529945424339 -0.0037867392678355531 0.0016326742905310946 0.0011148797222939382 0 -0.0016445954297460237 -0.0012697548335958277 0.0028527708125591789 0.0017938598749420141 0.001792771646898993 0.0002737211756572555
leaf_weight=10.999999999999998 10.999999999999998 13.999999999999998 10.999999999999998 11.000000000000002 13.999999999999998 12.999999999999998 11.000000000000002 20 13.000000000000002 17 15.999999999999998 21.999999999999996 13.000000000000002 75 10.999999999999991 20 58.000000000000007 11.999999999999998 15.999999999999998 18 68 42 11.999999999999998 15.999999999999998
leaf_count=11 11 14 11 11 14 13 11 20 13 17 16 22 13 75 11 20 58 12 16 18 68 42 12 16
internal_value=-0.00126767 -0.00791317 -0.0061029 -0.00794701 -0.026385 -0.00511371 0.00503144 -0.00299858 -0.00768727 0.0156379 -0.000221691 -0.00319435 -0.00587217 0.0034898 0.00148011 -0.00188487 3.56919e-08 0.00216784 0.00167856 -0.00423985 0.0021648 0.00123221 0.00562043 0.00154859
internal_weight=545 265 251 240 25 215 280 204 71 28 133 48 35 252 85 51 69 165 154 31 138 70 87 58
internal_count=545 265 251 240 25 215 280 204 71 28 133 48 35 252 85 51 69 165 154 31 138 70 87 58
is_linear=0
shrinkage=0.0529975


Tree=76
num_leaves=24
num_cat=0
split_feature=39 29 38 29 19 19 35 29 19 37 10 29 9 32 35 34 34 37 45 45 31 13 45
split_gain=7.67734 2.95974 4.73103 4.0158 3.72044 3.5017 1.38897 0.881739 1.44495 0.395718 0.210602 0.179884 0.175978 0.140495 0.116998 0.240036 0.0957177 0.0777413 0.0405387 0.03757 0.0203755 0.0135998 0.00686987
threshold=-0.39234954295270691 1.3382556559007897 -0.2659583636342075 0.74954040166073665 0.12500767621502204 -1.084056395528697 -1.2356161011941302 0.26696810119628295 -0.13695324231613623 1.3346849282688862 1.1453106970204014 -0.15716204103522488 0.41167968144060818 -0.80856147868421868 -0.26500239748679782 -0.74285301295892769 0.76000482671843195 0.022019475297808743 -0.59517955051737881 1.4488293381839996 1.0789486278708835 -0.9708949251559793 -0.48162350114508018
decision_type=2 2 2 2 2 2 2 2 2 2 2 2 2 2 2 2 2 2 2 2 2 2 2
left_child=1 2 -1 5 -5 -4 -2 10 -9 17 14 -12 18 -11 15 -7 -16 20 -10 -15 22 -19 -8
right_child=6 -3 3 4 -6 7 9 8 12 13 11 -13 -14 19 16 -17 -18 21 -20 -21 -22 -23 -24
leaf_value=0.021564021995511606 0.016883223128311729 -0.027400894009331683 -0.028036029289941689 -0.042270197825763384 -0.0032212502603664091 0.0021175085600497372 0 -0.017618143381979475 -0.0060576832223851497 0.00040325347728770384 0.00086119990372323708 -0.0064044352302335111 0.0015661053111762366 0.0086031737697162599 0.0036398040291982072 -0.0045003003607174165 -0.00023434045948998633 0.00085712794953663254 -0.0012192769717040365 0.0021462533840863685 -0.0011654097843524247 0.0031774103056501665 0.001253975159974486
leaf_weight=10.999999999999998 20 13.999999999999998 10.999999999999998 11.000000000000002 13.999999999999998 26 11.999999999999998 20 13.000000000000002 10.999999999999998 11.000000000000002 19 20 50 40.000000000000007 22.999999999999993 23 23 18 10.999999999999998 10.999999999999998 102 31
leaf_count=11 20 14 11 11 14 26 12 20 13 11 11 19 20 50 40 23 23 23 18 11 11 102 31
internal_value=-0.00123445 -0.0074212 -0.00572566 -0.00743736 -0.0254817 -0.00478128 0.00502081 -0.00281365 -0.00738492 0.00367654 -0.000274216 -0.00384666 -0.001818 0.0069112 0.000770348 -0.0010138 0.00222676 0.00215585 -0.00409005 0.00783938 0.000280906 0.00286258 0.000890796
internal_weight=545 274 260 249 25 224 271 213 71 251 142 30 51 72 112 49 63 179 31 61 54 125 43
internal_count=545 274 260 249 25 224 271 213 71 251 142 30 51 72 112 49 63 179 31 61 54 125 43
is_linear=0
shrinkage=0.0529975


Tree=77
num_leaves=29
num_cat=0
split_feature=39 3 30 29 47 15 37 29 30 10 29 19 19 30 19 37 9 10 6 29 39 19 37 3 28 13 45 45
split_gain=7.08551 2.74442 6.41911 5.70946 2.97845 2.88152 1.3027 1.22433 0.871274 0.677509 0.419098 0.621248 0.296692 0.161927 0.16026 0.144993 0.116187 0.0907251 0.240759 0.0945527 0.088963 0.0647602 0.0681422 0.0366334 0.0263629 0.00805471 0.00133989 0.00267977
threshold=-0.39234954295270691 0.74002062381803124 -0.72758761312421016 0.74954040166073665 0.59100304412747862 0.93580236748553591 2.1084445962342691 -0.35880181257487692 0.52738096071083229 1.1932390427821107 0.26696810119628295 -0.13695324231613623 0.056972887554589562 0.36035248426005978 0.33105089177526276 1.0872495872935086 0.41167968144060818 0.61840108698261209 0.25998191677495136 -0.054945875154369203 -0.69848839585506151 -0.74651601231882447 0.1436402361162151 0.19015691209499869 -0.32341016239989256 -0.51282671934999768 -0.48162350114508018 0.99460514069480432
decision_type=2 2 2 2 2 2 2 2 2 2 2 2 2 2 2 2 2 2 2 2 2 2 2 2 2 2 2 2
left_child=1 2 -1 9 -5 7 15 -3 -9 10 17 -12 -8 -11 16 21 -13 18 19 -4 -19 -2 24 -20 -23 -24 -26 -28
right_child=6 5 3 4 -6 -7 12 8 -10 13 11 14 -14 -15 -16 -17 -18 20 23 -21 -22 22 25 -25 26 -27 27 -29
leaf_value=0.025355725757071523 0.0056982255605847422 0.0045600764322768859 0.0052315581985250843 -0.0043719904648011881 -0.038486338621375654 -0.035009866849904023 0.0050413432219097616 -0.0017454892341037076 -0.020644564794645354 -0.0033756392229961915 -0.01331449730573055 -0.0045453256423595547 0.019543077383776204 -0.014009771107245704 0.0031725921989088292 0.0052870593596222159 0.00093326086673298442 0.0052858528918577593 -0.0058113725059819937 0.0001289404027315016 0 -0.0010331562096647943 0.0010484347094706498 -0.00057485931185300646 0 0.0031092320438684544 0.0014643981655258287 0
leaf_weight=12.999999999999998 10.999999999999998 11.999999999999998 10.999999999999998 14.000000000000002 15.999999999999998 12.999999999999998 14.000000000000002 14.000000000000002 12.999999999999998 15.000000000000002 10.999999999999998 26 13.999999999999998 10.999999999999998 10.999999999999998 75 10.999999999999998 15.000000000000002 11.000000000000002 34 11.999999999999998 19 28 10.999999999999998 11.999999999999998 63 24 10.999999999999998
leaf_count=13 11 12 11 14 16 13 14 14 13 15 11 26 14 11 11 75 11 15 11 34 12 19 28 11 12 63 24 11
internal_value=-0.00121124 -0.00715487 -0.00429523 -0.00682778 -0.0261407 -0.0175366 0.00479777 -0.00766753 -0.0131548 -0.00281083 -0.00123922 -0.00453815 0.0146658 -0.00987538 -0.0011423 0.00330686 -0.00285111 0.000909497 -0.000102519 0.0019817 0.00319473 0.00223096 0.00174448 -0.00412652 0.000280658 0.00265117 0.00100037 0.00117706
internal_weight=545 274 222 209 30 52 271 39 27 179 153 59 28 26 48 243 37 94 67 45 27 168 157 22 66 91 47 35
internal_count=545 274 222 209 30 52 271 39 27 179 153 59 28 26 48 243 37 94 67 45 27 168 157 22 66 91 47 35
is_linear=0
shrinkage=0.0529975


Tree=78
num_leaves=30
num_cat=0
split_feature=39 30 29 29 19 47 35 30 29 8 37 13 5 1 29 19 9 13 25 8 29 13 12 30 37 47 15 37 7
split_gain=6.56629 3.41154 4.04478 3.77296 2.95008 2.07487 1.44402 0.62852 0.535424 0.448194 0.365624 0.283704 0.216257 0.149889 0.143754 0.151104 0.18669 0.132359 0.129852 0.117811 0.0560385 0.049407 0.0417543 0.0295073 0.104792 0.028776 0.0129596 0.00365583 0.00115642
threshold=-0.5612317575249578 0.51871690791773173 1.3382556559007897 0.57049017291794757 0.44452598162483986 1.0000000180025095e-35 -1.2356161011941302 1.3172068235561969 0.52337296649648568 -0.49290444129679761 1.2214518061276125 0.43778794431187779 -1.300866931953909 0.94042790179134306 -0.054945875154369203 0.044058632693227386 -0.14591056851891923 0.22106750285528437 -0.80856147868421624 1.2225999579185074 0.20235630727881282 -0.9708949251559793 0.07329393480514447 0.73596744670852088 -0.30719534277960381 0.59100304412747862 -0.49179822390735323 -0.068147640481356228 0.76912997856109699
decision_type=2 2 2 2 2 2 2 2 2 2 2 2 2 2 2 2 2 2 2 2 2 2 2 2 2 2 2 2 2
left_child=1 2 4 5 8 -3 19 10 12 13 21 17 -1 -10 -14 20 -17 -7 -12 -2 -16 22 28 24 26 -20 -23 -26 -8
right_child=6 3 -4 -5 -6 11 7 -9 9 -11 18 -13 14 -15 15 16 -18 -19 25 -21 -22 23 -24 -25 27 -27 -28 -29 -30
leaf_value=-0.0057794242214587671 0.019562774696064312 -0.020504483386377566 -0.02599901868546901 -0.040143891653449927 0.0203019450433869 -0.0007258334855860778 0.0016830303272861969 -0.0067321670492449682 0.0010893353287125074 -0.013548359787342725 0.00021190807392853115 -0.0057380712746434625 0.0039889791625909192 -0.0052490735352088477 -0.00042259133377821199 -0.0022366645767228563 0.0049327886577209866 0.0059513522122779279 0.0047805013671906559 0.0054766617151877786 -0.0046031152021941994 0.00010458638143059263 -0.001793306364231851 0.0046017080237307295 0.00053082661398494858 0.010067911217044 -0.0015734276655148633 0.0027256791278192495 5.4705570828549109e-06
leaf_weight=12.999999999999998 11.000000000000002 20 13.999999999999998 10.999999999999998 10.999999999999998 11.000000000000002 15.000000000000002 12.999999999999998 14.000000000000002 14.999999999999998 10.999999999999998 10.999999999999998 18 15.999999999999998 24 12.000000000000002 17 10.999999999999998 43 10.999999999999998 17 15.000000000000002 12.999999999999998 15.999999999999998 13.999999999999998 19 14.999999999999998 103 10.999999999999998
leaf_count=13 11 20 14 11 11 11 15 13 14 15 11 11 18 16 24 12 17 11 43 11 17 15 13 16 14 19 15 103 11
internal_value=-0.0011776 -0.00776512 -0.0035388 -0.017687 -0.000610341 -0.00930123 0.00384664 0.00263941 -0.00297065 -0.00741513 0.00324149 -0.000223394 -0.000620569 -0.00240839 0.000387302 -0.000688605 0.00189162 0.00292289 0.0063732 0.0154507 -0.00267076 0.00192505 3.03178e-05 0.00231989 0.00185526 0.00724853 -0.000662725 0.00255852 0.00132562
internal_weight=545 235 171 64 157 53 310 288 146 45 275 33 101 30 88 70 29 22 73 22 41 202 39 163 147 62 30 117 26
internal_count=545 235 171 64 157 53 310 288 146 45 275 33 101 30 88 70 29 22 73 22 41 202 39 163 147 62 30 117 26
is_linear=0
shrinkage=0.0529975


Tree=79
num_leaves=25
num_cat=0
split_feature=39 39 19 29 19 19 37 29 19 5 26 29 19 9 1 37 35 2 29 19 17 30 30 16
split_gain=6.07899 2.54241 5.36316 4.40251 3.47102 3.10023 1.21428 0.648169 1.3223 0.331238 0.195605 0.328093 0.275559 0.177138 0.167776 0.143747 0.0999432 0.0981305 0.0671619 0.0850318 0.0200058 0.00320676 0.00308299 0.00527645
threshold=-0.4449525141229505 -1.1558530955085182 0.73874316106931182 0.74954040166073665 0.12500767621502204 -1.084056395528697 2.1084445962342691 0.26696810119628295 -0.13695324231613623 -0.74261475481244321 -0.56440320388895016 -0.27712259344990625 -0.32205160727889987 -0.27303659071857217 -0.52851467950102726 0.87755862036522103 -0.24064383231330908 0.20065472361662803 -0.87545902639589801 -0.62555187198812046 -0.81890830911858103 0.51871690791773173 0.54269626113870151 -1.1749493714930623
decision_type=2 2 2 2 2 2 2 2 2 2 2 2 2 2 2 2 2 2 2 2 2 2 2 2
left_child=1 -1 3 5 -5 -3 15 10 -9 -8 11 -7 -13 -10 -12 18 -16 -15 -2 -20 -21 -17 23 -22
right_child=6 2 -4 4 -6 7 9 8 13 -11 14 12 -14 17 16 21 -18 -19 19 20 22 -23 -24 -25
leaf_value=-0.026405315108989105 0.0050845118515024839 -0.026063141121675126 0.02369751876773929 -0.041194599752127553 -0.0041476266026672873 0.0033176130203709615 0.019881716883867584 -0.015939577057002951 -0.0046560662661263939 0.005364261293420265 0.0054690935505313553 -0.0081146578411566538 0.0005400450247831926 -0.0013802417382913466 -0.0031204615376804177 0.0048134432933617998 0.001188307540223299 0.0034475769574673089 -0.0020508698534940639 0 0.0002657091484932781 0.0013810975439907522 0.00037555150204844005 0.0021937699901983577
leaf_weight=11.999999999999998 10.999999999999998 10.999999999999998 10.999999999999998 12.000000000000002 14.999999999999998 12.999999999999998 11.000000000000002 20 17 17 15.999999999999998 21.999999999999996 13.000000000000002 15.999999999999998 13.999999999999991 81 55.000000000000007 18 12.999999999999998 10.999999999999998 14.999999999999998 12.999999999999998 18 90
leaf_count=12 11 11 11 12 15 13 11 20 17 17 16 22 13 16 14 81 55 18 13 11 15 13 18 90
internal_value=-0.00114146 -0.00682816 -0.00528278 -0.00716938 -0.0253187 -0.00423342 0.0042465 -0.00231245 -0.00618289 0.0137738 -1.84234e-05 -0.00259147 -0.00512088 -0.000959774 0.00143286 0.0028653 4.13328e-05 0.00113471 0.00170906 0.00122144 0.00166305 0.00451989 0.00185396 0.00201049
internal_weight=545 265 253 242 27 215 280 204 71 28 133 48 35 51 85 252 69 34 158 147 134 94 123 105
internal_count=545 265 253 242 27 215 280 204 71 28 133 48 35 51 85 252 69 34 158 147 134 94 123 105
is_linear=0
shrinkage=0.0529975


Tree=80
num_leaves=29
num_cat=0
split_feature=39 30 29 9 30 35 9 39 30 1 37 30 8 29 25 36 8 39 8 30 36 12 37 30 37 25 47 12
split_gain=5.63744 3.14826 3.14516 4.71427 1.44065 1.3144 1.09192 0.583668 0.543162 0.373338 0.308239 0.21154 0.211499 0.321877 0.148902 0.140847 0.126861 0.0979129 0.0680076 0.0586131 0.0550759 0.0548662 0.0211074 0.0777813 0.0323894 0.0204764 0.00602666 0.000887483
threshold=-0.5612317575249578 0.90938718312148792 1.0939113685825921 0.10876556467993408 -0.41432049956592126 -1.2356161011941302 -0.52012920173983179 -0.83856856987246542 1.2529128884377021 1.0678095630845852 1.5213098888350618 0.23966141775408889 -0.5127097674775597 0.26696810119628295 -0.80856147868421624 -0.32653505555748158 1.2225999579185074 -0.80165551899036436 -1.0923923416683397 0.050263541408713745 1.0731944180843973 0.24244024473966483 0.34913738370593445 0.79795636874315157 -0.30719534277960381 0.18747199337874662 0.59100304412747862 -0.40488237649584963
decision_type=2 2 2 2 2 2 2 2 2 2 2 2 2 2 2 2 2 2 2 2 2 2 2 2 2 2 2 2
left_child=1 2 4 -4 -1 16 7 11 10 12 20 -6 17 15 -12 -14 -2 -8 -11 -15 22 -22 23 24 25 -7 -16 -26
right_child=5 -3 3 -5 6 8 9 -9 -10 18 14 -13 13 19 26 -17 -18 -19 -20 -21 21 -23 -24 -25 27 -27 -28 -29
leaf_value=0.0093019316387188949 0.018637955373243444 -0.025244224541879391 0.0036315972188883552 -0.038133195114158754 -0.0055211963337812855 -0.0017990893967778177 0.0055935372274198703 -0.0018279923851150074 -0.0060709691367601838 -0.0010554374529004871 0 -0.020714069145414217 -0.0014405223985669308 -0.0011834670947950456 0.0045037122795878633 0.0034852284810378748 0.0050154822642434205 0 -0.0077035076671402919 -0.0079777536467103734 0.0012745797215149702 -0.002371978593903428 0.003040593442132776 0.004449716566631322 0.0002853180173828848 0.00040284179229532052 0.0098525778753963088 0.0016811691353726811
leaf_weight=20 11.000000000000002 19 11.000000000000002 11.999999999999998 12.000000000000002 15.000000000000002 17.000000000000004 15.999999999999998 13.999999999999998 11.000000000000002 10.999999999999998 10.999999999999998 27 11.000000000000002 31 25 10.999999999999998 10.999999999999998 20 11.999999999999998 30 10.999999999999998 81 13.999999999999998 18.999999999999996 14.999999999999998 17 30.000000000000004
leaf_count=20 11 19 11 12 12 15 17 16 14 11 11 11 27 11 31 25 11 11 20 12 30 11 81 14 19 15 17 30
internal_value=-0.00111054 -0.00721486 -0.00495844 -0.0212975 -0.00239311 0.00354392 -0.00405048 -0.0112366 0.00239416 -0.00151741 0.00297238 -0.0158092 5.29373e-05 -0.00136022 0.00626067 0.000922692 0.0146093 0.00361589 -0.00608672 -0.00588591 0.00189302 0 0.00229329 0.00142712 0.000533157 -0.000620382 0.00741123 0.00135705
internal_weight=545 235 216 23 193 310 173 39 288 134 274 23 103 75 59 52 22 28 31 23 215 41 174 93 79 30 48 49
internal_count=545 235 216 23 193 310 173 39 288 134 274 23 103 75 59 52 22 28 31 23 215 41 174 93 79 30 48 49
is_linear=0
shrinkage=0.0529975


Tree=81
num_leaves=27
num_cat=0
split_feature=39 30 29 19 29 28 35 30 5 37 13 2 29 28 25 35 37 13 12 12 30 37 25 47 37 7
split_gain=5.22938 2.88603 3.02727 3.24461 1.50514 2.23041 1.23215 0.503071 0.415443 0.287855 0.245261 0.218417 0.192834 0.300528 0.135863 0.11701 0.105546 0.0538435 0.0490591 0.0369065 0.0189717 0.0944314 0.0176659 0.0059144 0.00271549 0.0011183
threshold=-0.5612317575249578 0.90938718312148792 1.3382556559007897 0.44452598162483986 0.55429414669926913 0.020755637322990846 -1.2356161011941302 1.3172068235561969 -1.300866931953909 1.5213098888350618 -0.41924289235737794 1.6938024970991701 0.28237332503594575 -0.071462254183915774 -0.80856147868421624 -1.386823342341154 -0.81674439241534058 -0.9708949251559793 0.24244024473966483 -0.46258037933419288 0.73596744670852088 -0.18557458196119755 0.18747199337874662 0.59100304412747862 0.27574554528103529 0.76912997856109699
decision_type=2 2 2 2 2 2 2 2 2 2 2 2 2 2 2 2 2 2 2 2 2 2 2 2 2 2
left_child=1 2 3 4 8 -6 15 9 -1 17 -10 19 16 -14 -11 -2 -12 18 25 -7 21 22 -19 -16 -23 -8
right_child=6 -3 -4 -5 5 11 7 -9 10 14 12 -13 13 -15 23 -17 -18 20 -20 -21 -22 24 -24 -25 -26 -27
leaf_value=-0.0078967397845665886 0.0048364863706305064 -0.024227289064430179 -0.024563079437277976 0.019545726550710081 -0.024726098023525437 -0.0069050975137230882 0.0014109879848707649 -0.0060774099995629834 -0.0058020003047273934 0 0.0031783570894234107 0.0024085436574814278 -0.007022710603838099 0.0016890501718498697 0.0043037131697504956 0.018005643746547353 -0.00098079077306882775 -0.0013660312060137878 -0.002290620291073236 -0.0010968484871154676 0.0041889978167056483 0.0012637911703795015 0.00053832291846015476 0.009466572071945319 0.0028814312467491682 0
leaf_weight=18 11.000000000000002 19 13.999999999999998 10.999999999999998 17 11.999999999999998 20.000000000000004 12.999999999999998 12.999999999999998 10.999999999999998 58.999999999999993 10.999999999999998 13.999999999999998 19 31 10.999999999999998 17.000000000000007 19 10.999999999999998 11.000000000000002 15.999999999999998 38 19 17 82 10.999999999999998
leaf_count=18 11 19 14 11 17 12 20 13 13 11 59 11 14 19 31 11 17 19 11 11 16 38 19 17 82 11
internal_value=-0.00107902 -0.00695851 -0.00479466 -0.00272235 -0.00459618 -0.0118879 0.00340338 0.00229001 -0.00151289 0.00283166 -0.000190621 -0.00254955 0.000685532 -0.0023393 0.00601026 0.0141168 0.00215915 0.00179308 0 -0.0051694 0.00219216 0.00180158 -0.000311505 0.0071098 0.00250914 0.00114632
internal_weight=545 235 216 202 191 51 310 288 140 275 122 34 109 33 59 22 76 216 42 23 174 158 38 48 120 31
internal_count=545 235 216 202 191 51 310 288 140 275 122 34 109 33 59 22 76 216 42 23 174 158 38 48 120 31
is_linear=0
shrinkage=0.0529975


Tree=82
num_leaves=31
num_cat=0
split_feature=39 3 30 29 47 15 37 29 30 9 13 19 31 29 12 29 6 19 44 37 53 19 30 3 45 0 45 34 39 37
split_gain=4.8435 2.34434 5.56536 4.35529 2.6974 2.64456 1.04773 1.03475 0.688446 0.670937 0.503507 0.432439 0.404755 0.352907 0.296765 0.242936 0.289301 0.127903 0.10203 0.084616 0.0959552 0.0934172 0.0686629 0.0619165 0.0232039 0.0123097 0.00872586 0.00616202 0.00289928 0.000359738
threshold=-0.4449525141229505 0.74002062381803124 -0.72758761312421016 0.74954040166073665 0.59100304412747862 0.93580236748553591 2.003599112770122 -0.35880181257487692 0.52738096071083229 -0.27303659071857217 0.60525373998288179 -0.31962396469036186 -0.96321629034271128 -0.13206036081016861 0.18796489964238358 -0.14492537456618729 0.28539892225007674 -0.22831942904204558 0.70547720845605821 0.34913738370593445 -1.069797498769544 -0.61139804268437181 -0.0090061110675246862 -0.094889493647710224 -0.25451140240048259 1.3735367404447001 -0.48162350114508018 1.4061680004477497 0.24887667716674952 1.2214518061276125
decision_type=2 2 2 2 2 2 2 2 2 2 2 2 2 2 2 2 2 2 2 2 2 2 2 2 2 2 2 2 2 2
left_child=1 2 -1 9 -5 7 19 -3 -9 10 11 13 -8 -4 -14 24 18 -18 23 20 22 -22 -2 -17 -11 -13 -23 29 -28 -21
right_child=6 5 3 4 -6 -7 12 8 -10 15 -12 25 14 -15 -16 16 17 -19 -20 27 21 26 -24 -25 -26 -27 28 -29 -30 -31
leaf_value=0.024109660199789638 0 0.0051729874787739627 -0.0032314174291414198 -0.0026995873074825432 -0.034348016219337738 -0.032310945198214445 0.018325292309834363 -0.0012401409671932669 -0.017924167560969928 0.0059382812089617326 0.00099548445483656862 -0.00014410306852579016 0.0094859653152550572 -0.018819844315822048 -0.0006364146038330186 0.0043994489366102202 -0.0074250566905902258 -0.00075820168887568004 -0.0012360084156226372 0.002412926765292484 -0.0031093380900513888 0 0.005855606837707813 0 0.00096629015968785524 -0.003374788705912006 0.0014563814160967327 0.00062509430600775763 0 0.004222922553361836
leaf_weight=12.999999999999998 12.000000000000002 10.999999999999998 11 14.000000000000002 15.999999999999998 12.999999999999998 11.999999999999998 14.000000000000002 12.999999999999998 12.000000000000002 15.999999999999998 11.000000000000002 11.000000000000002 11 11.999999999999998 20.999999999999996 14.999999999999998 20 20 74 13.999999999999998 14.999999999999998 10.999999999999998 12.000000000000002 10.999999999999998 10.999999999999998 42 11.999999999999998 11.999999999999998 53
leaf_count=13 12 11 11 14 16 13 12 14 13 12 16 11 11 11 12 21 15 20 20 74 14 15 11 12 11 11 42 12 12 53
internal_value=-0.00104192 -0.00611876 -0.00342292 -0.00588422 -0.0226828 -0.015758 0.00376608 -0.0063044 -0.0112824 -0.00222901 -0.00646509 -0.00911175 0.0116977 -0.0136366 0.00492439 0.000215056 -0.00104398 -0.00445392 0.00131329 0.00235277 0.00103726 3.20689e-05 0.00366704 0.00298992 0.00449283 -0.00238578 0.000960236 0.0032234 0.00124943 0.00337714
internal_weight=545 265 214 201 30 51 280 38 27 171 60 44 35 22 23 111 88 35 53 245 106 83 23 33 23 22 69 139 54 127
internal_count=545 265 214 201 30 51 280 38 27 171 60 44 35 22 23 111 88 35 53 245 106 83 23 33 23 22 69 139 54 127
is_linear=0
shrinkage=0.0529975


Tree=83
num_leaves=31
num_cat=0
split_feature=39 30 39 19 29 19 35 30 9 19 3 39 30 46 19 29 8 25 39 19 13 30 39 12 29 47 25 39 13 12
split_gain=4.49092 2.58403 2.81032 4.15109 1.70684 1.57731 1.13114 0.453525 0.271921 0.256795 0.264076 0.210651 0.185861 0.214335 0.172225 0.196669 0.129245 0.111074 0.119954 0.0515253 0.0444113 0.0322328 0.0612139 0.0312112 0.0295443 0.0233 0.0140691 0.00940621 0.00892818 0.00267738
threshold=-0.5612317575249578 0.90938718312148792 -1.1558530955085182 0.73874316106931182 0.55429414669926913 -0.079993913381877391 -1.2356161011941302 1.3172068235561969 -0.14591056851891923 0.28664096110360499 -0.15005976572694438 1.230214092067196 0.56564965927232158 -0.18832435130588573 0.09284057523187364 1.0000000180025095e-35 1.2225999579185074 -0.80856147868421624 1.9373597581478144 -0.073027776466943153 -0.95611853142030256 0.73596744670852088 -0.35365965590939757 0.07329393480514447 -0.25653487140086723 -0.10579881428133901 0.1093903413692681 0.13900033653651447 0.5461481650401746 -0.76315194458757463
decision_type=2 2 2 2 2 2 2 2 2 2 2 2 2 2 2 2 2 2 2 2 2 2 2 2 2 2 2 2 2 2
left_child=1 2 -1 4 8 -6 16 11 12 10 -7 20 13 -4 15 24 -2 -13 25 -17 23 22 26 29 -10 -19 -22 -24 -15 -8
right_child=6 -3 3 -5 5 9 7 -9 14 -11 -12 17 -14 28 -16 19 -18 18 -20 -21 21 -23 27 -25 -26 -27 -28 -29 -30 -31
leaf_value=-0.024587562111105393 0.017255638078883858 -0.022795034465229128 0.0024910394254171724 0.022653621566914785 -0.026300778273481155 -0.012433523958404353 0 -0.0058563611200927561 0.0039071469399193795 -0.00011565927757802244 -0.00082971590213805541 0 -0.008522970121891715 -0.0050391874119373693 0.0045733964534239932 -0.0039750376387850126 0.0044080375640870965 0.00039508290484114547 0.0097984026338218816 0 -0.0016557529347923719 0.0042589506564073088 0.00078499132099003909 -0.0017362499014447852 5.1983644467907846e-05 0.00412129656857601 0.00025758764026322822 0.0023546448349109693 -0.0010121325262683219 0.0014128251011917327
leaf_weight=11.999999999999998 11.000000000000002 19 15.999999999999998 10.999999999999998 10.999999999999998 13 10.999999999999998 12.999999999999998 12.000000000000002 18 11 11.999999999999998 12.999999999999998 18.000000000000004 17 27.999999999999996 10.999999999999998 11.999999999999998 14.999999999999998 11.000000000000002 12.000000000000002 14.999999999999998 39 12.999999999999998 13.999999999999998 32 11.999999999999998 89 10.999999999999998 13.000000000000002
leaf_count=12 11 19 16 11 11 13 11 13 12 18 11 12 13 18 17 28 11 12 15 11 12 15 39 13 14 32 12 89 11 13
internal_value=-0.00101102 -0.00646017 -0.00441493 -0.00252683 -0.00463647 -0.0122218 0.00314188 0.00207707 -0.001333 -0.00556373 -0.008577 0.00259393 -0.00394118 -0.00163406 0.000575288 -0.000669947 0.0134013 0.00503207 0.00589887 -0.00295328 0.00159264 0.00194937 0.00152426 0 0.00244836 0.00341403 -0.000605983 0.00198505 -0.00414642 0.00100668
internal_weight=545 235 216 204 193 53 310 288 140 42 24 275 58 45 82 65 22 71 59 39 204 167 152 37 26 44 24 128 29 24
internal_count=545 235 216 204 193 53 310 288 140 42 24 275 58 45 82 65 22 71 59 39 204 167 152 37 26 44 24 128 29 24
is_linear=0
shrinkage=0.0529975


Tree=84
num_leaves=27
num_cat=0
split_feature=39 29 38 29 19 19 35 29 19 37 10 29 31 25 47 3 44 45 37 31 45 36 12 39 45 47
split_gain=4.16698 2.35189 3.17925 2.56698 3.04531 2.46611 0.918252 0.622666 0.860635 0.221431 0.166395 0.136392 0.115238 0.111339 0.103162 0.154763 0.110233 0.0579086 0.0481377 0.0161661 0.0082576 0.0069574 0.00517495 0.00579654 0.00294782 0.0011433
threshold=-0.39234954295270691 1.3382556559007897 -0.2659583636342075 0.7731741465887918 0.12500767621502204 -1.084056395528697 -1.2356161011941302 0.26696810119628295 -0.13695324231613623 1.5213098888350618 1.1453106970204014 -0.15716204103522488 0.66856331366879385 -0.80856147868421624 -0.036118628440457261 0.52853458084763438 -0.7704731892735065 1.4488293381839996 0.27574554528103529 1.0789486278708835 -0.59517955051737881 0.50210479283851084 0.5956755400800211 0.31082699340782721 0.31326884446101144 0.59100304412747862
decision_type=2 2 2 2 2 2 2 2 2 2 2 2 2 2 2 2 2 2 2 2 2 2 2 2 2 2
left_child=1 2 -1 5 -5 -4 -2 10 -9 18 14 -12 20 -11 15 -7 -16 25 19 22 -10 -20 23 -8 -23 -15
right_child=6 -3 3 4 -6 7 9 8 12 13 11 -13 -14 17 16 -17 -18 -19 21 -21 -22 24 -24 -25 -26 -27
leaf_value=0.018256074138169567 0.013250653763397837 -0.023258971372334271 -0.022926855837477216 -0.034872077996966497 0 0.00011872421318047629 0.0012149917373526389 -0.013536165883023175 -0.0044816027611286847 0 0.0010689689476440262 -0.0051389199480547732 0.001247070800540028 0.0042229197945813247 0.0021772031221063961 0.0058869630583010544 -0.0020098825172171846 0.0010851677915709619 0.0026940687436749623 -0.00084726823939245625 -0.0012187194612124192 0 0 0 0.0012622914177136595 0.0097174319990721864
leaf_weight=10.999999999999998 20 13.999999999999998 10.999999999999998 11.000000000000002 11.999999999999998 31.999999999999993 47 20 12.999999999999998 10.999999999999998 11.000000000000002 19 21 28 23.999999999999993 20 36.000000000000014 10.999999999999998 68 12.999999999999998 19 10.999999999999998 13.999999999999998 10.999999999999998 25 11.999999999999998
leaf_count=11 20 14 11 11 12 32 47 20 13 11 11 19 21 28 24 20 36 11 68 13 19 11 14 11 25 12
internal_value=-0.000975336 -0.00553517 -0.00405174 -0.00547074 -0.0204406 -0.00342821 0.00362978 -0.00180398 -0.0055801 0.00254472 0.000237507 -0.00286977 -0.00138875 0.00521192 0.00123255 0.002837 -0.000183569 0.00615576 0.00150057 0.000414684 -0.00322616 0.00225359 0.000779708 0.000983902 0.000989383 0.00707507
internal_weight=545 274 260 249 23 226 271 215 73 251 142 30 53 62 112 52 60 51 189 85 32 104 72 58 36 40
internal_count=545 274 260 249 23 226 271 215 73 251 142 30 53 62 112 52 60 51 189 85 32 104 72 58 36 40
is_linear=0
shrinkage=0.0529975


Tree=85
num_leaves=28
num_cat=0
split_feature=39 39 19 29 19 19 37 9 29 31 19 12 6 29 3 6 19 4 44 37 45 19 0 25 8 5 39
split_gain=3.85594 2.16361 4.368 3.38374 2.72645 2.33062 0.892551 0.494854 0.544906 0.397726 0.284041 0.263948 0.213262 0.27697 0.174788 0.149846 0.131527 0.104144 0.089441 0.063501 0.095294 0.0517388 0.0133628 0.0039152 0.00346674 0.00320737 0.00228402
threshold=-0.4449525141229505 -1.1558530955085182 0.73874316106931182 0.74954040166073665 0.12500767621502204 -1.084056395528697 2.003599112770122 -0.43844750453211284 0.061826384744403794 -0.96321629034271128 -0.1106783865241085 0.18796489964238358 0.27622215148290635 -0.15716204103522488 0.40164295506539588 0.73051422641746433 -0.22831942904204558 1.7284598402542812 0.70547720845605821 0.34913738370593445 1.6759414369285972 -0.61139804268437181 -0.76380755529663313 1.3923246436728547 0.72142320383420455 0.81934825992063065 0.18963449079900394
decision_type=2 2 2 2 2 2 2 2 2 2 2 2 2 2 2 2 2 2 2 2 2 2 2 2 2 2 2
left_child=1 -1 3 5 -5 -3 19 8 14 -8 -10 -11 17 15 -7 -14 -15 18 -9 20 21 -2 -23 24 -21 26 -24
right_child=6 2 -4 4 -6 7 9 12 10 11 -12 -13 13 16 -16 -17 -18 -19 -20 23 -22 22 25 -25 -26 -27 -28
leaf_value=-0.023465396477778424 -0.0022077416118573422 -0.02214047091361053 0.022027133102050241 -0.035726807955486703 -0.0031257031461160052 -0.0031060113266863573 0.017093023976425072 0.0035820230153327656 -0.014232909608346287 0.0085531899386198738 -0.0028255344460652171 -0.00089074919579651532 -0.0015023821852659927 -0.0066460560798014484 0.004349371212329662 0.0055098294656081683 -0.00049872307186387885 -0.0019931890044371757 -0.00016606671268524017 0.0031367531440811623 0.0045612952332970119 -0.00038110397558275113 0.0015271899571035008 0.0008315507525876334 0.00060173136474481941 6.0902423814372019e-05 0
leaf_weight=11.999999999999998 13.999999999999998 10.999999999999998 10.999999999999998 12.000000000000002 14.999999999999998 12.000000000000002 11.999999999999998 53 14.000000000000002 11.000000000000002 17 11.999999999999998 11.000000000000002 24 10.999999999999998 10.999999999999998 20 10.999999999999998 20 109 10.999999999999998 11.999999999999998 37 18 11.999999999999998 21 10.999999999999998
leaf_count=12 14 11 11 12 15 12 12 53 14 11 17 12 11 24 11 11 20 11 20 109 11 12 37 18 12 21 11
internal_value=-0.00094664 -0.00547731 -0.00407362 -0.0057921 -0.0216862 -0.00323022 0.00334183 -0.00157419 -0.00564271 0.0106584 -0.00963793 0.00421978 6.3019e-06 -0.00210004 0.000380805 0.00218341 -0.00438646 0.00176855 0.00253207 0.00203911 0.000887146 0.000147004 0.000758404 0.0027964 0.00298063 0.00106434 0.00131847
internal_weight=545 265 253 242 27 215 280 204 54 35 31 23 150 66 23 22 44 84 73 245 106 95 81 139 121 69 48
internal_count=545 265 253 242 27 215 280 204 54 35 31 23 150 66 23 22 44 84 73 245 106 95 81 139 121 69 48
is_linear=0
shrinkage=0.0529975


Tree=86
num_leaves=28
num_cat=0
split_feature=39 35 29 19 5 29 10 35 45 30 30 53 29 12 37 35 10 9 32 47 13 12 30 30 37 32 7
split_gain=3.58608 2.30744 6.46188 3.02633 2.6132 2.53542 1.55595 0.946652 0.719052 0.557027 0.367459 0.254298 0.239656 0.21112 0.191691 0.18585 0.15943 0.126299 0.110395 0.107675 0.0407477 0.0416292 0.030578 0.0186875 0.0681385 0.0140478 0.00181982
threshold=-0.5612317575249578 -0.075187709818658785 1.0939113685825921 -0.44438029562472414 -1.0869381551188761 0.71547010596101057 0.88501655246845712 -1.2356161011941302 -0.9358476986342753 -0.31970743230468118 1.2529128884377021 1.0593795073025254 0.47796017511591082 -1.2216340418975589 1.5988955465985291 -0.26500239748679782 0.96371414770507402 0.32536966463151379 -0.78702065393137688 0.24260211492306979 -0.9708949251559793 0.24244024473966483 0.13828104179148928 0.73596744670852088 -0.18557458196119755 0.18747199337874373 0.76912997856109699
decision_type=2 2 2 2 2 2 2 2 2 2 2 2 2 2 2 2 2 2 2 2 2 2 2 2 2 2 2
left_child=1 4 3 -3 6 11 -1 16 -8 -5 14 15 17 -14 20 19 -2 22 -16 -6 21 26 -11 24 25 -22 -9
right_child=7 2 -4 9 5 -7 8 10 -10 12 -12 -13 13 -15 18 -17 -18 -19 -20 -21 23 -23 -24 -25 -26 -27 -28
leaf_value=-0.022619640711709858 0.016043153786794231 -0.021368771048962031 -0.039582287597427414 0.0084312302530794858 -0.0053638980779634957 0.023067753369710387 -0.0098253606789810259 0.0012620143159564289 0.0048168683878299368 0.00018960567521404884 -0.0051234523059665443 0.0051467398485011773 0.00028181120094778877 -0.0077223441768825545 0 0.0022788317813850949 0.0035908899457508356 0.0041519125708691278 0.0061610700643807978 0 -0.0012504206348168912 -0.0021780958989727969 -0.0026785973622829558 0.0036919001909917859 0.002053482363428056 0.00042750113905768892 0
leaf_weight=12.999999999999998 11.000000000000002 19 12.999999999999998 10.999999999999998 23 10.999999999999998 10.999999999999998 20.000000000000004 15.000000000000002 12.000000000000002 13.999999999999998 15.999999999999998 10.999999999999998 21 10.999999999999998 18 10.999999999999998 11.999999999999998 42 14.999999999999998 19 10.999999999999998 13.999999999999998 15.999999999999998 125 19 10.999999999999998
leaf_count=13 11 19 13 11 23 11 11 20 15 12 14 16 11 21 11 18 11 12 42 15 19 11 14 16 125 19 11
internal_value=-0.000924433 -0.00579455 -0.0110499 -0.00524536 -0.000582721 0.00465165 -0.0110131 0.00278523 -0.00184003 -0.000170832 0.00181106 0.000191373 -0.00217309 -0.00517683 0.00229246 -0.00147265 0.0121692 0.000558441 0.00506217 -0.00347681 0.00148128 0 -0.00134907 0.00181961 0.00147002 -0.000308784 0.000990442
internal_weight=545 235 113 100 122 83 39 310 26 81 288 72 70 32 274 56 22 38 53 38 221 42 26 179 163 38 31
internal_count=545 235 113 100 122 83 39 310 26 81 288 72 70 32 274 56 22 38 53 38 221 42 26 179 163 38 31
is_linear=0
shrinkage=0.0529975


Tree=87
num_leaves=27
num_cat=0
split_feature=39 29 38 29 30 19 35 29 19 37 10 9 29 38 6 6 3 19 37 31 13 5 12 0 34 45
split_gain=3.31185 2.10799 2.77293 2.09105 3.10521 2.08655 0.774138 0.506864 0.753736 0.177914 0.157315 0.11713 0.114688 0.103711 0.0891162 0.194288 0.0550318 0.0436281 0.0384245 0.0115072 0.00978148 0.00612201 0.00514756 0.00343873 0.000890133 0.00013614
threshold=-0.39234954295270691 1.3382556559007897 -0.2659583636342075 0.74954040166073665 0.23966141775408889 -1.084056395528697 -1.2356161011941302 0.26696810119628295 -0.13695324231613623 1.5213098888350618 1.1453106970204014 0.41167968144060818 -0.15716204103522488 0.22730385842290687 0.69724518040190409 0.27622215148290635 -0.33947769986564769 -0.18832185409516231 0.022019475297808743 1.0789486278708835 -0.46849753814296741 -0.35571064568289307 0.04171189223162805 -0.66371317226881743 -0.12601971061851636 0.42682489383331024
decision_type=2 2 2 2 2 2 2 2 2 2 2 2 2 2 2 2 2 2 2 2 2 2 2 2 2 2
left_child=1 2 -1 5 -5 -4 -2 10 -9 18 14 16 -12 -11 15 -7 -10 -15 19 22 23 -16 24 -20 -8 -25
right_child=6 -3 3 4 -6 7 9 8 11 13 12 -13 -14 17 21 -17 -18 -19 20 -21 -22 -23 -24 25 -26 -27
leaf_value=0.017254330547656675 0.012041940901832977 -0.021718130557455181 -0.020902125323653889 6.3119532488349126e-05 -0.033126710414654453 0.002200275723007719 0.0012812881595792517 -0.012326202737994943 -0.0048871136475616807 0.0061001393100292272 0.00091647367586198455 0.0017364744103139367 -0.0047578142794126076 0.0028008959336799171 0.0050696235241266671 -0.0025635284312867956 -0.00023369898234050837 -0.00087288755219753903 0 -0.0011214649295858618 0.002155402492866746 0.0010329312206301866 0 0 0 0.0011119484473879862
leaf_weight=10.999999999999998 20 13.999999999999998 10.999999999999998 14.000000000000002 10.999999999999998 58 11 20 13.000000000000002 40 11.000000000000002 20 19 11.000000000000002 11.000000000000002 32 18 10.999999999999998 10.999999999999998 10.999999999999998 85 10.999999999999998 21 10.999999999999998 11 28
leaf_count=11 20 14 11 14 11 58 11 20 13 40 11 20 19 11 11 32 18 11 11 11 85 11 21 11 11 28
internal_value=-0.000891343 -0.00495729 -0.00355927 -0.00489026 -0.0178985 -0.00297929 0.00321272 -0.00147482 -0.00494471 0.00221746 0.000342978 -0.000935207 -0.00267712 0.00460839 0.00130607 0.000379391 -0.00284974 0.000920995 0.00127972 0 0.00174079 0.0039543 0.000472628 0.000755874 0.000952555 0.000962117
internal_weight=545 274 260 249 25 224 271 213 71 251 142 51 30 62 112 90 31 22 189 54 135 22 43 50 22 39
internal_count=545 274 260 249 25 224 271 213 71 251 142 51 30 62 112 90 31 22 189 54 135 22 43 50 22 39
is_linear=0
shrinkage=0.0529975


Tree=88
num_leaves=27
num_cat=0
split_feature=29 19 3 30 19 37 36 7 10 29 12 34 34 19 29 38 9 29 30 29 25 47 13 29 37 6
split_gain=3.06007 5.25147 4.05327 3.22518 2.04044 1.09765 0.595945 0.399173 0.238801 0.276559 0.236423 0.191494 0.20258 0.150435 0.124553 0.279973 0.132343 0.0829928 0.078979 0.0872936 0.177681 0.0383993 0.0294431 0.0233949 0.0295001 0.0104316
threshold=0.55429414669926913 -0.1050883714161035 0.74002062381803124 -0.66021637375627751 -1.1597747990198337 1.9218196356680928 -0.8304376660685574 -1.3300590492267399 1.1932390427821107 -0.15716204103522488 0.14266095426046657 -1.0254979019753936 -1.1388698928173453 -0.3357664568293684 0.24627008227285696 0.32644179620663405 -0.14591056851891923 0.67528232375896413 0.39658530118190455 -0.35880181257487692 -0.12928688555653689 0.10324174324130626 -0.36013731741467064 0.18888648312768833 -0.81674439241534058 -0.35546998807432423
decision_type=2 2 2 2 2 2 2 2 2 2 2 2 2 2 2 2 2 2 2 2 2 2 2 2 2 2
left_child=4 -2 3 -3 -1 8 -5 -7 11 21 -9 12 -6 -11 18 16 -16 -8 23 22 -21 -10 -20 24 -13 -18
right_child=1 2 -4 6 5 7 17 10 9 13 -12 14 -14 -15 15 -17 25 -19 19 20 -22 -23 -24 -25 -26 -27
leaf_value=-0.016150170681925646 -0.036454554265375715 0.018057743786247728 -0.026269743362771329 -0.011082209174488772 0.0001634854486443955 0.016377777224919232 -0.0022421760732493417 0.008526342965488376 -0.00082273141444781661 -0.0093923180905248222 0 0.0039000835561691896 0.00890361611847784 -0.00086749798023433614 -0.0022924525839423185 -0.0062443989622595888 0.0043780399105955072 0.0028094722087115497 0.00023522504120028901 -0.0057379866839298455 0.00077435624335611577 0.0023740362032872958 0.0026863087247377365 0 0.0015518294722099626 0.00064484697673747543
leaf_weight=12.999999999999998 10.999999999999998 19 10.999999999999998 18.999999999999996 16.000000000000004 10.999999999999998 11.000000000000005 11.000000000000002 11.000000000000002 11.000000000000002 17 24 11.999999999999998 13.999999999999998 12.999999999999998 15.999999999999998 11.999999999999998 12.999999999999998 51 12.999999999999998 24 17 19 12.999999999999998 132 11.000000000000002
leaf_count=13 11 19 11 19 16 11 11 11 11 11 17 24 12 14 13 16 12 13 51 13 24 17 19 13 132 11
internal_value=-0.000868963 -0.00981648 -0.00325163 0.00268602 0.000851544 0.00156708 -0.00534232 0.0094395 0.00067403 -0.00242992 0.0041003 0.00118803 0.00502447 -0.00593511 0.000755285 -0.00145128 0.00110011 0.000275909 0.0012178 1.5633e-05 -0.00183245 0.00098911 0.00115189 0.00191241 0.00208721 0.00333606
internal_weight=545 84 73 62 461 448 43 39 409 53 28 356 28 25 328 52 36 24 276 107 37 28 70 169 156 23
internal_count=545 84 73 62 461 448 43 39 409 53 28 356 28 25 328 52 36 24 276 107 37 28 70 169 156 23
is_linear=0
shrinkage=0.0529975


Tree=89
num_leaves=18
num_cat=0
split_feature=39 30 29 19 19 29 19 6 19 45 30 6 9 9 5 4 47
split_gain=2.97658 4.44395 2.56541 3.83027 1.70194 0.61524 0.812377 0.254549 0.198954 0.147449 0.146038 0.140008 0.134346 0.126692 0.0917995 0.0675771 0.0741327
threshold=-1.1558530955085182 -1.4739652562250283 0.74954040166073665 0.12500767621502204 -1.1597747990198337 0.26696810119628295 -0.13695324231613623 1.3590427524952104 -0.94590896873541463 -0.14095535302818379 -0.41432049956592126 0.53223009268930277 -0.41347704061051677 -0.14591056851891923 -0.74261475481244321 1.5480257726268594 0.73036341580924213
decision_type=2 2 2 2 2 2 2 2 2 2 2 2 2 2 2 2 2
left_child=-1 -2 4 -4 -3 7 -7 8 -6 13 11 -10 -8 -9 -12 16 -14
right_child=1 2 3 -5 5 6 12 9 10 -11 14 -13 15 -15 -16 -17 -18
leaf_value=-0.022048798257887681 0.025051955890576391 -0.015564430936420999 -0.032065329385840911 0.001024337171641054 0.0077581428033258295 -0.011252794444942912 -0.0036613977432146567 -0.0070662013548869612 0.0051204297985816575 0.0014801157028776302 -0.00092550603647372875 0 -0.0018502975969470477 0 0.0014618377678668755 0.0037797226264423898 0.0025365894994958523
leaf_weight=11.999999999999998 12.999999999999998 12.999999999999998 11.999999999999998 20 10.999999999999998 20 14.999999999999998 13 49 13.999999999999998 48 18 21 13 227 13.999999999999998 11.999999999999998
leaf_count=12 13 13 12 20 11 20 15 13 49 14 48 18 21 13 227 14 12
internal_value=-0.000847717 -0.00011745 -0.00103839 -0.0143026 0 0.000609003 -0.00338797 0.00149887 0.00196702 -0.00219855 0.00163021 0.0037903 0 -0.00430383 0.00100942 0.00134498 0
internal_weight=545 533 520 32 488 475 82 393 353 40 342 67 62 26 275 47 33
internal_count=545 533 520 32 488 475 82 393 353 40 342 67 62 26 275 47 33
is_linear=0
shrinkage=0.0529975


Tree=90
num_leaves=26
num_cat=0
split_feature=29 38 29 19 13 19 29 19 19 0 8 6 30 45 26 8 45 13 6 44 7 37 29 3 47
split_gain=2.7714 3.11624 2.86216 4.10767 1.87955 1.61022 0.336754 0.522162 0.365125 0.175802 0.210878 0.141424 0.0830676 0.145317 0.130718 0.0853473 0.0839332 0.0767623 0.0634098 0.0548138 0.0489138 0.0456512 0.0284225 0.0197861 0.00775743
threshold=1.3382556559007897 -0.37905512615458281 0.55429414669926913 -0.1050883714161035 1.009141835424715 -1.1597747990198337 -0.15716204103522488 -0.32580081582471693 -0.94590896873541463 1.6623788055538153 -0.49290444129679761 0.46114156163059888 0.51871690791773173 -0.8222916492619764 0.46365984699157753 0.34562408536876693 1.1081611900671031 -0.54237950682135139 0.50353014485828651 -0.7704731892735065 0.4115726716950609 1.6722873850234283 0.14166478361825202 -0.17764490176656142 1.0000000180025095e-35
decision_type=2 2 2 2 2 2 2 2 2 2 2 2 2 2 2 2 2 2 2 2 2 2 2 2 2
left_child=1 4 5 -4 20 -3 8 11 -7 10 -5 -8 15 -14 -15 21 -17 22 19 -19 -1 -10 -9 -20 -13
right_child=-2 2 3 9 -6 6 7 17 12 -11 -12 24 13 14 -16 16 -18 18 23 -21 -22 -23 -24 -25 -26
leaf_value=0.0014559811676509297 -0.019714965513369098 -0.014999935902465936 -0.034428824266260698 0.0025995436420787172 0.026805018298218942 0.0094240904817727428 -0.00018263347009541959 0 0.0018953649028637751 -0.0073287951362189987 -0.0048349888817455309 -0.0096529399260060749 0.0037091178564353389 -0.0031002201366250879 0.0014076767478197047 0.001446728110567786 -0.0026930244320905253 0 0.00042029535545147972 0.0030129523801607589 0.0062785034501346591 0.0051156527220313393 -0.0030088301422001654 -0.0018177174123211253 -0.0032667212430880499
leaf_weight=21 14.999999999999998 12.999999999999998 10.999999999999998 19.999999999999996 10.999999999999998 11.999999999999998 11.999999999999998 13.000000000000002 68 10.999999999999998 12.000000000000002 13.000000000000002 15.999999999999998 37 24 48 11.999999999999998 31 13.000000000000002 50 17 24 11.999999999999998 13.999999999999998 14.999999999999998
leaf_count=21 15 13 11 20 11 12 12 13 68 11 12 13 16 37 24 48 12 31 13 50 17 24 12 14 15
internal_value=-0.000829586 -6.74828e-05 -0.00143 -0.0122699 0.011878 7.56597e-05 0.000773078 -0.000965092 0.00204223 -0.00293893 -0.000327636 -0.00585299 0.00139508 0 -0.00125512 0.0020908 0.000343484 0.000643786 0.00129143 0.00201827 0.00433385 0.00306834 -0.00163728 -0.000647921 -0.00761684
internal_weight=545 530 481 54 49 427 414 173 241 43 32 40 229 77 61 152 60 133 108 81 38 92 25 27 28
internal_count=545 530 481 54 49 427 414 173 241 43 32 40 229 77 61 152 60 133 108 81 38 92 25 27 28
is_linear=0
shrinkage=0.0529975


Tree=91
num_leaves=22
num_cat=0
split_feature=39 30 29 19 19 29 19 19 6 13 30 45 31 14 29 19 7 47 1 10 2
split_gain=2.73685 4.13193 2.26733 3.39406 1.46435 0.528741 0.97079 0.309907 0.278491 0.154231 0.116143 0.117194 0.112759 0.102186 0.0975346 0.188942 0.187595 0.109091 0.0733537 0.0457604 0.0492811
threshold=-1.1558530955085182 -1.4739652562250283 0.74954040166073665 0.12500767621502204 -1.1597747990198337 -0.15716204103522488 -0.32580081582471693 -0.94590896873541463 0.46114156163059888 0.60525373998288179 0.39034647172032694 -0.8222916492619764 0.4664258459781368 -1.3277866220774943 0.18888648312768833 0.21046452638556939 1.0442629002395458 0.80004360165012389 -1.0556529808440198 1.3135866326828101 1.1611396706365944
decision_type=2 2 2 2 2 2 2 2 2 2 2 2 2 2 2 2 2 2 2 2 2
left_child=-1 -2 4 -4 -3 7 8 -6 -7 -10 13 -12 -13 -9 19 16 -16 -17 -15 20 -8
right_child=1 2 3 -5 5 6 14 10 9 -11 11 12 -14 18 15 17 -18 -19 -20 -21 -22
leaf_value=-0.021137263263016515 0.024162061109972457 -0.014455913659207559 -0.030187112475834645 0.00094723556475226941 0.0090910552159257606 -0.00017617934521392027 0.0027401172093443017 -0.001391847534800044 -0.012874014451266805 -0.0026684920165297487 0.0033785161723300897 -0.002467116767314325 0.0013764783141139276 0.0064959333843088813 -0.0043214916371219041 -0.00013903437327234574 0.0020692415161479155 0.004915092544609409 0.0022499331356931637 -0.00078386346247710131 0
leaf_weight=11.999999999999998 12.999999999999998 12.999999999999998 11.999999999999998 20 11.999999999999998 11.999999999999998 63 10.999999999999998 19.000000000000004 11.999999999999998 18 44 30 12.999999999999998 41 25 11.999999999999998 12.999999999999998 118 11.999999999999998 20
leaf_count=12 13 13 12 20 12 12 63 11 19 12 18 44 30 13 41 25 12 13 118 12 20
internal_value=-0.000807872 -0.000107153 -0.000995695 -0.0134658 -1.03185e-05 0.000545801 -0.00125135 0.00223644 -0.00789787 -0.0101851 0.00163746 7.42226e-05 -0.000835213 0.00255903 0.000447508 -0.000719733 -0.00269289 0.00186549 0.00298816 0.00161111 0.00206534
internal_weight=545 533 520 32 488 475 229 246 43 31 234 92 74 142 186 91 53 38 131 95 83
internal_count=545 533 520 32 488 475 229 246 43 31 234 92 74 142 186 91 53 38 131 95 83
is_linear=0
shrinkage=0.0529975


Tree=92
num_leaves=21
num_cat=0
split_feature=29 38 29 19 13 19 29 5 19 29 28 0 8 31 10 19 26 47 7 19
split_gain=2.56214 2.80356 2.48619 3.72341 1.77304 1.38675 0.315007 0.38255 0.236597 0.168486 0.226549 0.155403 0.19941 0.0974022 0.0954745 0.0705 0.0647497 0.0569845 0.0539869 0.048826
threshold=1.3382556559007897 -0.37905512615458281 0.55429414669926913 -0.1050883714161035 1.009141835424715 -1.1597747990198337 -0.75396955002774324 -0.94748034014520965 -0.83382283659871825 0.24627008227285696 -0.071462254183915774 1.6565555716830358 -0.49290444129679761 0.66856331366879385 1.1932390427821107 -0.58317633917525924 -0.35279146161951924 0.24260211492306979 0.4115726716950609 -0.58317633917525924
decision_type=2 2 2 2 2 2 2 2 2 2 2 2 2 2 2 2 2 2 2 2
left_child=1 4 5 -4 18 -3 7 -7 -8 14 -11 12 -5 -12 15 -10 -9 -16 -1 -18
right_child=-2 2 3 11 -6 6 8 16 9 10 13 -13 -14 -15 17 -17 19 -19 -20 -21
leaf_value=0.0011723437869859386 -0.018942914786859315 -0.013931621865779377 -0.032535774881105657 0.0028356600490463337 0.025756247335366352 0.01113267772078832 -0.0054705810760369688 -0.0013666953590372045 0.0038177479144194345 -0.0057407841947052134 -0.0013702082921256444 -0.0065182965920758673 -0.0044680347956322104 0.0038053202085975156 -0.0030844204803999061 0.00094690552910027157 0 0.00034487096724501899 0.0059518122697980284 0.0039470246814435469
leaf_weight=21 14.999999999999998 12.999999999999998 10.999999999999998 19 10.999999999999998 10.999999999999998 13.999999999999998 11.999999999999998 25 21 18.000000000000004 11.999999999999998 12.000000000000002 10.999999999999998 18 235 10.999999999999998 22 17 16.000000000000004
leaf_count=21 15 13 11 19 11 11 14 12 25 21 18 12 12 11 18 235 11 22 17 16
internal_value=-0.000784697 -5.15813e-05 -0.00134474 -0.0114475 0.0112781 5.75988e-05 0.000706138 0.00441053 0.000115182 0.000446616 -0.00219985 -0.00258862 -6.87258e-05 0.000708988 0.000944985 0.00132905 0.00112839 -0.00124738 0.00398905 0.00249585
internal_weight=545 530 481 54 49 427 414 50 364 350 50 43 31 29 300 260 39 40 38 27
internal_count=545 530 481 54 49 427 414 50 364 350 50 43 31 29 300 260 39 40 38 27
is_linear=0
shrinkage=0.0529975


Tree=93
num_leaves=28
num_cat=0
split_feature=30 29 19 29 29 19 28 19 22 7 29 31 47 47 1 29 12 25 29 29 14 8 35 0 29 8 7
split_gain=2.4463 6.74757 1.22962 3.56781 0.781657 1.17386 0.813368 0.494438 0.41623 0.396314 0.183731 0.176056 0.157615 0.151947 0.0865823 0.17734 0.0789817 0.126956 0.0597652 0.0471056 0.0369039 0.0357452 0.0335617 0.0358397 0.0327483 0.0440915 0.0276578
threshold=-1.4739652562250283 1.0939113685825921 -0.32580081582471693 0.031036353483505329 -0.74356857378253738 -0.95772725582126561 -0.90131216258272484 0.45888442751823744 -0.52569871464058815 0.22527045370200158 0.18888648312768833 1.6179016312698529 0.86972378749100565 0.66068322996836037 0.42130336992254097 -0.34583423269224073 1.2283518058575622 -1.1764033572252413 -0.31222437528094554 1.0000000180025095e-35 -0.8222922762833399 0.39208500430182752 -0.88620939951417765 1.6926789519187833 0.6273942987389155 -0.56648054097427192 -0.27206472911495433
decision_type=2 2 2 2 2 2 2 2 2 2 2 2 2 2 2 2 2 2 2 2 2 2 2 2 2 2 2
left_child=-1 2 3 4 6 -6 -2 10 -5 19 16 12 24 -11 15 20 17 -4 -16 -9 -7 -18 -19 -24 25 -12 -8
right_child=1 -3 7 8 5 14 26 9 -10 13 11 -13 -14 -15 18 -17 21 22 -20 -21 -22 -23 23 -25 -26 -27 -28
leaf_value=0.016545792103948628 0.013090742398735639 -0.031687352154754309 0.0064890292953087301 -0.0064029396191071378 -0.015351343367604816 -0.0011105525498448911 -0.0018848349991245508 0.0028962189720336366 -0.02331113130086342 0.014184923551294469 0 0.0036220795546111086 0.0018522892291032284 0.0032271240186190079 -0.00031368713356631279 -0.0045672914021265224 0.00087075300275014293 -0.00059121147231479244 0.003873745726070276 -0.00074798136554170161 0.0017896410540522894 -0.0022406677987689594 0.0019117796173445918 -0.00026859841927521892 -0.0051263158133596654 -0.0030361796612308062 0.00084694862463296702
leaf_weight=15.999999999999998 15.999999999999998 13.999999999999998 10.999999999999998 13.999999999999998 10.999999999999998 10.999999999999995 12.000000000000002 11.000000000000002 18 11.000000000000002 17.999999999999996 10.999999999999998 14.999999999999998 12.999999999999998 11.000000000000002 21 11.000000000000002 13.999999999999998 14.999999999999998 14.999999999999998 29.000000000000004 15.999999999999998 132 17 22 24.000000000000004 15.999999999999998
leaf_count=16 16 14 11 14 11 11 12 11 18 11 18 11 15 13 11 21 11 14 15 15 29 16 132 17 22 24 16
internal_value=-0.000762316 -0.00147845 -0.000288578 -0.00385113 0 -0.00261013 0.00545357 0.00154427 -0.0182755 0.00612364 0.00062617 -0.00126758 -0.0022381 0.0103139 -3.80839e-05 -0.0011873 0.00152002 0.00193962 0.00215707 0.000829335 0.000799431 -0.000833494 0.00137193 0.00161718 -0.00337312 -0.00178354 -0.000244313
internal_weight=545 529 515 174 142 98 44 341 32 50 291 90 79 24 87 61 201 174 26 26 40 27 163 149 64 42 28
internal_count=545 529 515 174 142 98 44 341 32 50 291 90 79 24 87 61 201 174 26 26 40 27 163 149 64 42 28
is_linear=0
shrinkage=0.0529975


Tree=94
num_leaves=22
num_cat=0
split_feature=39 30 29 19 19 29 19 19 6 13 30 45 31 14 30 10 37 53 29 26 45
split_gain=2.45714 3.63979 1.84694 2.95678 1.24255 0.424184 0.758794 0.291512 0.254843 0.131788 0.101142 0.101872 0.0973548 0.0885615 0.0787272 0.119807 0.0954343 0.0756999 0.0681328 0.117168 0.0463503
threshold=-1.1558530955085182 -1.4739652562250283 0.74954040166073665 0.12500767621502204 -1.1597747990198337 -0.15716204103522488 -0.32580081582471693 -0.94590896873541463 0.46114156163059888 0.60525373998288179 0.39034647172032694 -0.8222916492619764 0.4664258459781368 -1.3277866220774943 -0.17828588221193531 0.78022930080932962 -0.78948456671466416 -0.36007183007885429 0.20235630727881282 0.97816226116473237 -0.25451140240048259
decision_type=2 2 2 2 2 2 2 2 2 2 2 2 2 2 2 2 2 2 2 2 2
left_child=-1 -2 4 -4 -3 7 8 -6 -7 -10 13 -12 -13 -9 15 16 -8 -15 20 -20 -16
right_child=1 2 3 -5 5 6 14 10 9 -11 11 12 -14 17 18 -17 -18 -19 19 -21 -22
leaf_value=-0.019998125207246534 0.022705506750775494 -0.01332347021200408 -0.027779856836544856 0.0011866765787224033 0.0086414986756278983 0 0.0055612562882900642 -0.0013542338819980463 -0.011636379199605288 -0.0022957189144527145 0.0030745607379132267 -0.002373979975121085 0.0011899441820777321 0.0045688586949103778 0.0021469856887788535 -0.0016321119462493585 0.0010278241416876608 0.0015366769386649071 -0.0038387300041846048 0.00087730298170219593 -0.00077058863504466649
leaf_weight=11.999999999999998 12.999999999999998 12.999999999999998 11.999999999999998 20 11.999999999999998 11.999999999999998 15.999999999999998 10.999999999999998 19.000000000000004 11.999999999999998 18 44 30 40.999999999999986 24 20 56 90.000000000000014 29 19 22
leaf_count=12 13 13 12 20 12 12 16 11 19 12 18 44 30 41 24 20 56 90 29 19 22
internal_value=-0.000736061 -7.17775e-05 -0.000906842 -0.0121618 -1.60066e-05 0.000495235 -0.0011125 0.00201045 -0.00698939 -0.00916757 0.00143387 0 -0.00086094 0.00229207 0.00038561 0.00146556 0.00247491 0.00269511 -0.000626018 -0.00195249 0.000689346
internal_weight=545 533 520 32 488 475 229 246 43 31 234 92 74 142 186 92 72 131 94 48 46
internal_count=545 533 520 32 488 475 229 246 43 31 234 92 74 142 186 92 72 131 94 48 46
is_linear=0
shrinkage=0.0529975


Tree=95
num_leaves=20
num_cat=0
split_feature=29 38 29 19 13 19 29 5 19 7 10 29 28 9 35 13 29 31 8
split_gain=2.34843 2.41417 2.028 3.306 1.66021 1.17783 0.261733 0.341263 0.198185 0.141998 0.239706 0.128867 0.187377 0.117188 0.0786701 0.0694742 0.0598679 0.0584258 0.0486554
threshold=1.3382556559007897 -0.37905512615458281 0.55429414669926913 -0.1050883714161035 1.009141835424715 -1.1597747990198337 -0.75396955002774324 -0.94748034014520965 -0.83382283659871825 1.527066262327532 -0.50972561685278994 0.24627008227285696 -0.071462254183915774 -0.14591056851891923 -1.2151304697280925 -0.0055038677584269549 -0.89685283675921912 0.53546145317687588 -0.37818018930891889
decision_type=2 2 2 2 2 2 2 2 2 2 2 2 2 2 2 2 2 2 2
left_child=1 4 5 -4 17 -3 7 -7 -8 10 -5 14 -13 -14 -10 -16 -9 18 -1
right_child=-2 2 3 9 -6 6 8 16 11 -11 -12 12 13 -15 15 -17 -18 -19 -20
leaf_value=-0.00078330643393216787 -0.018098551951139772 -0.012840250494067208 -0.030192707956300802 -0.0078134043075512531 0.024478400682534318 0.010367388185551047 -0.0050005420456382633 -0.00077191138512301867 -0.002302924331327717 0.0015969774192917858 0.00048619828323821849 -0.0051255592984401277 -0.0025438658576858145 0.0031452370200471063 0.00035325687142563974 0.0021039716820816646 0.0027746262413623169 0.0059246110650021267 0.0029460665585773365
leaf_weight=11.999999999999998 14.999999999999998 12.999999999999998 10.999999999999998 13.999999999999998 10.999999999999998 10.999999999999998 13.999999999999998 19.999999999999996 13.999999999999998 13.999999999999998 15.000000000000002 21 11.000000000000002 18 177 109 19.000000000000004 12.999999999999998 13.000000000000002
leaf_count=12 15 13 11 14 11 11 14 20 14 14 15 21 11 18 177 109 19 13 13
internal_value=-0.000714761 -1.2764e-05 -0.00121412 -0.0103386 0.0104997 5.08691e-05 0.000649838 0.00402699 0.000109319 -0.00204359 -0.00397318 0.00041412 -0.00189537 0.000721593 0.00085146 0.00107391 0.000940166 0.0035097 0.0011254
internal_weight=545 530 481 54 49 427 414 50 364 43 29 350 50 29 300 286 39 38 25
internal_count=545 530 481 54 49 427 414 50 364 43 29 350 50 29 300 286 39 38 25
is_linear=0
shrinkage=0.0529975


Tree=96
num_leaves=22
num_cat=0
split_feature=39 30 29 33 19 29 19 19 6 13 30 45 31 14 53 29 19 7 47 9 26
split_gain=2.26092 3.37843 1.63467 2.78665 1.07038 0.370011 0.673984 0.274566 0.225802 0.113191 0.0881934 0.0938764 0.0883213 0.0776455 0.0697743 0.0659838 0.120771 0.141856 0.104775 0.0389767 0.0530409
threshold=-1.1558530955085182 -1.4739652562250283 0.74954040166073665 1.2162046280076428 -1.1597747990198337 -0.15716204103522488 -0.32580081582471693 -0.94590896873541463 0.46114156163059888 0.60525373998288179 0.39034647172032694 -0.8222916492619764 0.4664258459781368 -1.3277866220774943 -0.36007183007885429 0.18888648312768833 0.21046452638556939 1.0442629002395458 0.80004360165012389 -1.0086556438589118 -0.66871801552839083
decision_type=2 2 2 2 2 2 2 2 2 2 2 2 2 2 2 2 2 2 2 2 2
left_child=-1 -2 4 -4 -3 7 8 -6 -7 -10 13 -12 -13 -9 -15 19 17 -17 -18 -8 -21
right_child=1 2 3 -5 5 6 15 10 9 -11 11 12 -14 14 -16 16 18 -19 -20 20 -22
leaf_value=-0.019171011844763212 0.021887148973693794 -0.012374556028815454 -0.025867825261208021 0.00197378376008994 0.0082944456430347358 0 0.0037799797089125222 -0.0012820437659759776 -0.010944856589384606 -0.0021695140442940636 0.0029252352376966553 -0.0022945691612580523 0.0010951710041040461 0.0042804504317569764 0.0013846769682949124 -0.0036105878357654587 -0.00045162727551488848 0.0019049291537389264 0.0044812876119600326 -0.0018115192839674955 0.0013058315378529411
leaf_weight=11.999999999999998 12.999999999999998 12.999999999999998 12.999999999999998 19 11.999999999999998 11.999999999999998 10.999999999999998 10.999999999999998 19.000000000000004 11.999999999999998 18 44 30 40.999999999999986 90.000000000000014 41 25 11.999999999999998 12.999999999999998 11.999999999999998 72
leaf_count=12 13 13 13 19 12 12 11 11 19 12 18 44 30 41 90 41 25 12 13 12 72
internal_value=-0.000694259 -5.66613e-05 -0.000861797 -0.0114504 -2.2761e-05 0.000450822 -0.00104941 0.00186684 -0.00658854 -0.00863895 0.00130911 0 -0.000853955 0.00211018 0.00248966 0.000360539 -0.000590626 -0.00217671 0.00145796 0.00132178 0.000691857
internal_weight=545 533 520 32 488 475 229 246 43 31 234 92 74 142 131 186 91 53 38 95 84
internal_count=545 533 520 32 488 475 229 246 43 31 234 92 74 142 131 186 91 53 38 95 84
is_linear=0
shrinkage=0.0529975


Tree=97
num_leaves=22
num_cat=0
split_feature=29 19 29 19 13 19 29 2 0 8 10 29 6 6 5 0 29 47 31 29 26
split_gain=2.15624 2.18022 1.7626 3.05123 1.57083 1.01312 0.238771 0.253332 0.15236 0.167694 0.140031 0.149784 0.0963369 0.0972752 0.115383 0.0890305 0.0798734 0.0764997 0.0568214 0.0400168 0.0351999
threshold=1.3382556559007897 0.53717754361396441 0.55429414669926913 -0.1050883714161035 1.009141835424715 -1.1597747990198337 -0.77812266363463123 -0.79383113947774209 1.6623788055538153 -0.49290444129679761 1.1932390427821107 -0.15716204103522488 1.0557119206150614 0.21253976309500919 -1.0104878021227626 1.7442906844830357 -0.91996353719568635 0.24260211492306979 0.53546145317687588 0.11881274814264779 -1.3072054064894105
decision_type=2 2 2 2 2 2 2 2 2 2 2 2 2 2 2 2 2 2 2 2 2
left_child=1 2 5 -4 18 -1 7 -7 9 -5 12 20 13 15 -15 -8 -9 -13 19 -3 -12
right_child=-2 4 3 8 -6 6 10 16 -10 -11 11 17 -14 14 -16 -17 -18 -19 -20 -21 -22
leaf_value=-0.011925752186598115 -0.017328837666246759 0.0027006416952707686 -0.02872187464277226 0.003037681141314369 0.023529923541639401 0.0088816888605788933 0.0013360119716614616 -0.0014257971064352809 -0.0057986921857532377 -0.0035945485455461967 0.0020085794915304842 -0.0072004868227787859 0.0036403044118427761 0.0023905552653031821 -0.00182038574894194 -0.0021094413031798481 0.0029218013615301074 -0.00060450504595421946 0.0056486278483779675 -0.00061416803935685621 -0.0011467713542666956
leaf_weight=12.999999999999998 14.999999999999998 13.000000000000002 10.999999999999998 19.999999999999996 10.999999999999998 12.999999999999998 175 15.999999999999995 10.999999999999998 12.000000000000002 13.000000000000002 12.000000000000002 20 15.999999999999998 88 17 18.000000000000004 11.999999999999998 12.999999999999998 12.999999999999998 12.999999999999998
leaf_count=13 15 13 11 20 11 13 175 16 11 12 13 12 20 16 88 17 18 12 13 13 13
internal_value=-0.000671809 0 -0.00115262 -0.00965775 0.00989078 2.84186e-05 0.000586659 0.0039148 -0.00172007 0.000191997 8.42822e-05 -0.00234078 0.000526132 0.000224483 -0.00101405 0.000941023 0.000794213 -0.00491547 0.00326558 0.00102045 0.000293364
internal_weight=545 530 480 54 50 426 413 47 43 32 366 50 316 296 104 192 34 24 39 26 26
internal_count=545 530 480 54 50 426 413 47 43 32 366 50 316 296 104 192 34 24 39 26 26
is_linear=0
shrinkage=0.0529975


Tree=98
num_leaves=18
num_cat=0
split_feature=39 30 29 19 29 19 1 39 19 29 4 14 3 8 7 19 12
split_gain=2.08216 3.13773 1.48762 0.897301 0.454688 1.37436 0.170288 0.18503 0.13304 0.130409 0.129227 0.161112 0.0771778 0.0761471 0.0494267 0.0477433 0.044623
threshold=-1.1558530955085182 -1.4739652562250283 0.96361458521015575 -1.1597747990198337 0.26696810119628295 -0.3357664568293684 -0.96153778120526734 1.9373597581478144 -0.92602225282107575 0.67528232375896413 -1.4220666722903352 -1.2135745104754678 -0.32476562731118558 0.51670958938247669 0.8761735751477443 -0.0057397529404137589 1.5902633668125283
decision_type=2 2 2 2 2 2 2 2 2 2 2 2 2 2 2 2 2
left_child=-1 -2 3 -3 6 -6 10 8 -8 12 -5 -12 14 -13 -7 -14 -10
right_child=1 2 -4 4 5 9 7 -9 16 -11 11 13 15 -15 -16 -17 -18
leaf_value=-0.018382997152876727 0.021107473214658584 -0.011493225155090776 -0.013711837108584332 -0.00066842832738538843 -0.015764102839164844 -0.0040972067275845021 -0.0041005322212124846 0.0051350456443254259 0.00064946112558015765 0.0033191807086634232 0.0081997953505871402 0.0032612692451407625 -0.0015470704691825999 -0.0012209841638009253 0 0.0019581311148529879 -0.0016356365274092395
leaf_weight=11.999999999999998 12.999999999999998 12.999999999999998 18 11.999999999999998 12.999999999999998 20 12.999999999999998 17 284 19 16.999999999999996 20.000000000000007 10.999999999999998 10.999999999999998 11.999999999999998 21 19
leaf_count=12 13 13 18 12 13 20 13 17 284 19 17 20 11 11 12 21 19
internal_value=-0.000651985 -3.97573e-05 -0.000816317 -0.000183782 0.000238355 -0.00290461 0.00105572 0.000532938 0.000172647 0 0.0035393 0.00467799 -0.00113957 0.00154189 -0.00279852 0.000515396 0.000454606
internal_weight=545 533 520 502 489 96 393 333 316 83 60 48 64 31 32 32 303
internal_count=545 533 520 502 489 96 393 333 316 83 60 48 64 31 32 32 303
is_linear=0
shrinkage=0.0529975


Tree=99
num_leaves=23
num_cat=0
split_feature=29 38 29 30 13 19 29 6 19 19 12 9 19 25 8 3 2 13 29 13 31 31
split_gain=1.98322 2.01046 1.5942 2.08632 1.46182 0.823643 0.333639 0.368371 0.28436 0.21235 0.0912484 0.0809153 0.068554 0.104086 0.059322 0.0577196 0.0490499 0.0770977 0.0363966 0.026759 0.0105861 0.00836963
threshold=1.3382556559007897 -0.37905512615458281 0.74954040166073665 0.23966141775408889 1.009141835424715 -1.1597747990198337 0.031036353483505329 0.25998191677495136 -0.50025667382205452 -0.94590896873541463 -0.24770820666942364 0.39280709697333444 -0.24311319476512336 -1.1764033572252413 0.37206213843012781 -0.52153959772711989 -1.1719344244913408 -0.094162230172487885 0.30977886120655712 0.3048004006907864 -0.32528954283271899 0.060758671931298906
decision_type=2 2 2 2 2 2 2 2 2 2 2 2 2 2 2 2 2 2 2 2 2 2
left_child=1 4 5 -4 19 -3 9 10 -9 -7 11 18 16 -14 -15 -13 -11 -18 -8 -1 -10 -22
right_child=-2 2 3 -5 -6 6 7 8 20 12 -12 15 13 14 -16 -17 17 -19 -20 -21 21 -23
leaf_value=0.0040342123703698239 -0.016610166667675293 -0.011076385530102205 0.0010377320662527569 -0.025275994603339777 0.022704269759665621 0.0066791667445289899 -0.00036124995752154281 -0.011181954724925485 -0.0031243823434108009 -0.0026567215477396183 0.0035313556235507877 -0.0010749854342474382 0.0055965411942315198 0.0015675034736996123 -0.00079778750036772577 0.002796703815973457 -0.00068518506582382821 0.001831881560843526 -0.0036950200365214541 0.00036168418721271135 0 -0.001434498968205831
leaf_weight=24 14.999999999999998 12.999999999999998 15.000000000000002 10.999999999999998 10.999999999999998 12.999999999999998 29 10.999999999999998 19 11.999999999999998 12.999999999999998 11.000000000000002 10.999999999999998 106 32 20 78 50 14.999999999999998 13.999999999999998 11.000000000000002 10.999999999999998
leaf_count=24 15 13 15 11 11 13 29 11 19 12 13 11 11 106 32 20 78 50 15 14 11 11
internal_value=-0.00063548 0 -0.00108727 -0.0125273 0.00960253 -0.000263961 0.000182461 -0.00188861 -0.00517339 0.00118332 0.000184289 -0.000528121 0.000781679 0.00155076 0.000960142 0.00128252 -1.90809e-05 0.000283896 -0.00194432 0.00307364 -0.00219166 -0.000639989
internal_weight=545 530 481 26 49 455 442 140 52 302 88 75 289 149 138 31 140 128 44 38 41 22
internal_count=545 530 481 26 49 455 442 140 52 302 88 75 289 149 138 31 140 128 44 38 41 22
is_linear=0
shrinkage=0.0529975


Tree=100
num_leaves=21
num_cat=0
split_feature=39 30 29 29 19 6 19 12 29 30 1 13 45 2 29 3 45 15 31 31
split_gain=1.92286 2.91502 1.30027 0.771963 2.63634 0.751254 0.699034 0.250154 0.597375 0.186255 0.0904366 0.0804703 0.0750844 0.0740961 0.0543739 0.0511674 0.0453864 0.0450384 0.0361315 0.0316443
threshold=-1.1558530955085182 -1.4739652562250283 0.96361458521015575 -0.8007581298917843 -0.77729306540003507 0.60253933251252334 -0.95772725582126561 0.29824792325718902 0.28237332503594575 -0.51484338589943546 1.1082511439194551 0.16196192791257707 0.99460514069480432 -1.0383866851108159 -0.85191837106913615 0.32808259229308406 0.54038094320560914 -1.1739359455431817 -0.33198621477907758 0.53546145317687588
decision_type=2 2 2 2 2 2 2 2 2 2 2 2 2 2 2 2 2 2 2 2
left_child=-1 -2 3 6 5 -5 -3 9 12 19 11 -11 13 -9 16 -14 -8 -12 -10 -6
right_child=1 2 -4 4 7 -7 14 8 18 10 17 -13 15 -15 -16 -17 -18 -19 -20 -21
leaf_value=-0.017656970921259063 0.020353341317901449 0.01472358750495353 -0.012835085290014038 -0.022024314882806952 0.0022288053482113182 -0.0031086565095595829 0.0017378242065482301 -0.0035464045353322451 -0.010289189841928162 0.00010872538676447246 0 0.002449208717021637 0 1.3710803275642089e-05 0.0036055351923265154 0.0043659406516981455 -0.001872448823016015 -0.0034530598164151721 -0.0025826186424377771 0.0065689461005001733
leaf_weight=11.999999999999998 12.999999999999998 10.999999999999998 18 14.000000000000002 35 12.999999999999998 12.999999999999998 12.999999999999998 13.000000000000002 127 23 61 11.000000000000002 94 12.000000000000002 10.999999999999998 13.999999999999998 14.999999999999998 10.999999999999998 10.999999999999998
leaf_count=12 13 11 18 14 35 13 13 13 13 127 23 61 11 94 12 11 14 15 11 11
internal_value=-0.000617904 -2.91583e-05 -0.000778221 -0.000185751 -0.000914931 -0.0153485 0.00567339 0.000186604 -0.00147369 0.00115729 0.000451432 0.000956373 3.73478e-05 -0.000522258 0.00134359 0.00253746 0 -0.00167781 -0.00821223 0.00403886
internal_weight=545 533 520 502 452 27 50 425 153 272 226 188 129 107 39 22 27 38 24 46
internal_count=545 533 520 502 452 27 50 425 153 272 226 188 129 107 39 22 27 38 24 46
is_linear=0
shrinkage=0.0529975


Tree=101
num_leaves=19
num_cat=0
split_feature=29 38 29 19 13 19 29 2 19 34 30 29 28 9 29 35 7 13
split_gain=1.82599 1.81087 1.4015 2.74232 1.40143 0.808773 0.196378 0.218469 0.14697 0.144674 0.190438 0.0772563 0.133262 0.0960441 0.0684793 0.0624052 0.0613782 0.0599312
threshold=1.3382556559007897 -0.37905512615458281 0.55429414669926913 -0.1050883714161035 1.009141835424715 -1.1597747990198337 -0.75396955002774324 -0.79383113947774209 -0.83382283659871825 1.4806052957583782 0.075737815779329185 0.24627008227285696 -0.071462254183915774 -0.14591056851891923 -0.91996353719568635 -1.2151304697280925 0.4115726716950609 -0.0055038677584269549
decision_type=2 2 2 2 2 2 2 2 2 2 2 2 2 2 2 2 2 2
left_child=1 4 5 -4 16 -3 7 -7 -8 10 -5 15 -13 -14 -9 -10 -1 -17
right_child=-2 2 3 9 -6 6 8 14 11 -11 -12 12 13 -15 -16 17 -18 -19
leaf_value=0.00025468300715375704 -0.015924918032197088 -0.010649327362467346 -0.026659490778308238 -0.002362626723527972 0.021935343951068123 0.007772464858576072 -0.0043392145282588326 -0.0014785342800971539 -0.0021325343572978126 -0.004851758688794592 0.0047576464446546429 -0.0041951639801624824 -0.0022317543901580546 0.0029065765833543211 0.0025094050745812458 0.00020428219546071643 0.0047072022435997599 0.0018206335711694627
leaf_weight=21 14.999999999999998 12.999999999999998 10.999999999999998 17.000000000000004 10.999999999999998 14.999999999999998 13.999999999999998 15.999999999999995 13.999999999999998 12.999999999999998 12.999999999999998 21 11.000000000000002 18 19.000000000000004 177 17 109
leaf_count=21 15 13 11 17 11 15 14 16 14 13 13 21 11 18 19 177 17 109
internal_value=-0.000596479 0 -0.00101891 -0.00860418 0.00912633 3.00879e-05 0.000529318 0.00345375 5.92693e-05 -0.00114538 0.000807348 0.000324955 -0.00145436 0.000709528 0.000566367 0.000667022 0.00277543 0.000868962
internal_weight=545 530 481 54 49 427 414 50 364 43 30 350 50 29 35 300 38 286
internal_count=545 530 481 54 49 427 414 50 364 43 30 350 50 29 35 300 38 286
is_linear=0
shrinkage=0.0529975


Tree=102
num_leaves=26
num_cat=0
split_feature=30 29 19 29 30 29 29 2 8 19 30 29 29 12 37 34 30 30 37 37 1 6 39 19 39
split_gain=1.80702 5.00659 0.773378 2.53192 0.792634 0.543629 0.489712 0.312437 0.189372 0.272843 0.130786 0.126695 0.100589 0.0904169 0.174756 0.0683423 0.11944 0.0871101 0.0700934 0.0548206 0.0625582 0.0471621 0.034176 0.026327 0.00176021
threshold=-1.4739652562250283 1.0939113685825921 -0.32580081582471693 -0.15716204103522488 0.81566411525288152 -1.1125084092197188 0.7731741465887918 -1.1719344244913408 0.91664802833843739 -0.83382283659871825 0.57768355033597929 0.18888648312768833 -0.31953540702733996 1.5117235543663337 1.8777845326131508 -0.77575623494076951 -0.2145055800327397 0.15998396861742989 -0.78948456671466416 -0.81674439241534058 1.0000000180025095e-35 0.1282705344976546 0.48878598878688606 -0.05482424643904913 -0.84506682601750038
decision_type=2 2 2 2 2 2 2 2 2 2 2 2 2 2 2 2 2 2 2 2 2 2 2 2 2
left_child=-1 2 3 5 10 -2 11 -7 9 -9 -5 13 -11 14 19 -13 18 24 -17 20 -4 -16 -21 -19 -18
right_child=1 -3 6 4 -6 7 -8 8 -10 12 -12 15 -14 -15 21 16 17 23 -20 22 -22 -23 -24 -25 -26
leaf_value=0.014290918063686625 0.0099187942599331651 -0.027219783365091416 0.0052244450197418708 -0.0079103848414345188 -0.021565277798264053 -0.0062955979165416507 0.0084560251998335237 -0.0052748523788027964 0.0060439150896002131 0.00015587743342228513 -0.00027144158097663581 -0.0039460735537502649 0.0046655296358209097 -0.0018250119620450485 0.0074762201021434027 0.0041017891372048722 -0.0046013084022342851 -0.00089537305293073606 0 -0.00025990803016290141 0 0.0016701520216571928 0.0012014771505981642 0.0019199573515833023 -0.0011509604426712826
leaf_weight=15.999999999999998 10.999999999999998 13.999999999999998 11.000000000000002 24 13.999999999999998 13.999999999999998 19 15.999999999999998 10.999999999999998 58.999999999999993 10.999999999999998 10.999999999999998 14.000000000000005 15.999999999999998 12.000000000000002 14.999999999999998 12.999999999999998 12.000000000000002 20 75 13.999999999999998 15.999999999999998 83 10.999999999999998 13.000000000000002
leaf_count=16 11 14 11 24 14 14 19 16 11 59 11 11 14 16 12 15 13 12 20 75 14 16 83 11 13
internal_value=-0.000580992 -0.00119899 -0.000173082 -0.00300177 -0.0124934 0.00106722 0.0012771 -0.000181653 0.000916135 0 -0.00607081 0.000685352 0.00139766 0.00136704 0.00168502 -0.000858817 -0.000140936 -0.00181354 0.00195309 0.000954472 0.00304926 0.0052437 0.000481052 0.000328807 -0.00363344
internal_weight=545 529 515 174 49 125 341 114 100 89 35 322 73 227 211 95 84 49 35 183 25 28 158 23 26
internal_count=545 529 515 174 49 125 341 114 100 89 35 322 73 227 211 95 84 49 35 183 25 28 158 23 26
is_linear=0
shrinkage=0.0529975


Tree=103
num_leaves=23
num_cat=0
split_feature=39 30 39 30 19 36 3 39 19 7 39 46 24 14 19 10 1 30 36 36 10 3
split_gain=1.73805 2.564 0.859005 1.49476 0.484798 0.285603 0.569687 0.203887 0.18847 0.136526 0.134434 0.114291 0.110301 0.244509 0.122281 0.0756864 0.0734623 0.038292 0.040637 0.0348698 0.0239225 0.0123747
threshold=-1.1558530955085182 -1.4739652562250283 -0.5612317575249578 0.90938718312148792 0.34004903709483209 -0.8304376660685574 -0.19603499245963937 1.9373597581478144 -0.32580081582471693 -0.76606680759320145 -0.63160371460194487 0.78147191447403119 -1.0772118028577682 -1.3277866220774943 -0.83382283659871825 0.76170805865383173 0.94042790179134306 0.94700107409178613 -0.29294154819007645 -0.40491990608142664 0.32751945902024521 -0.65762626885589726
decision_type=2 2 2 2 2 2 2 2 2 2 2 2 2 2 2 2 2 2 2 2 2 2
left_child=-1 -2 3 4 5 6 -3 12 -8 19 16 -9 13 -4 -14 -10 -11 18 21 -7 -20 -16
right_child=1 2 7 -5 -6 9 8 11 15 10 -12 -13 14 -15 17 -17 -18 -19 20 -21 -22 -23
leaf_value=-0.016757743339330455 0.01911650452930129 -0.01268233847771036 -0.0012740799265065345 -0.015478621695560132 0.0050451448661407066 -0.0055250759204324776 -0.0050548938838028031 0.00040181987241668445 0.0035091876795275236 0.0019380456174221249 -0.0038570951885161285 0.0076393346576540556 -0.0037444253847882096 0.007878459642671528 0 -0.0011945670985784489 -0.001207933134352906 0.0028894142337023239 0.00029786818910643316 -0.00052197469257149595 -0.0010140703786521441 0.0019517865781506515
leaf_weight=11.999999999999998 12.999999999999998 14.999999999999998 11.000000000000002 19 21 13.000000000000002 17 13 13.000000000000002 59 13.999999999999998 14 13.999999999999998 10.999999999999998 10.999999999999998 11.999999999999998 23 12.999999999999998 129 10.999999999999998 48 39
leaf_count=12 13 15 11 19 21 13 17 13 13 59 14 14 14 11 11 12 23 13 129 11 48 39
internal_value=-0.000558842 0 -0.000702449 -0.00321094 -0.00157911 -0.00254277 -0.00546616 0.0010989 -0.00148095 -0.000904672 0 0.00507258 0.000585809 0.00375999 0.000203638 0.00123174 0.00095408 0.000547996 0.000313017 -0.00402758 -4.13143e-05 0.00156219
internal_weight=545 533 520 217 198 177 57 303 42 120 96 27 276 22 254 25 82 240 227 24 177 50
internal_count=545 533 520 217 198 177 57 303 42 120 96 27 276 22 254 25 82 240 227 24 177 50
is_linear=0
shrinkage=0.0529975


Tree=104
num_leaves=20
num_cat=0
split_feature=29 38 13 29 19 19 29 19 8 19 19 26 7 26 2 5 8 17 9
split_gain=1.68453 1.56484 1.30092 1.26844 1.30149 0.689291 0.246441 0.25093 0.142703 0.313084 0.155778 0.0929536 0.0669264 0.0657608 0.0625196 0.0638826 0.0605512 0.0518019 0.0412001
threshold=1.3382556559007897 -0.37905512615458281 1.009141835424715 0.74954040166073665 0.12500767621502204 -1.1597747990198337 0.24627008227285696 -0.13695324231613623 0.97390045284613536 -0.45332057286409322 -0.83382283659871825 -1.1989563619755141 0.4115726716950609 -0.97608372935309318 1.679503556470769 0.56126490577403487 0.39208500430182752 -1.0560011098508615 0.31438680620565568
decision_type=2 2 2 2 2 2 2 2 2 2 2 2 2 2 2 2 2 2 2
left_child=1 2 12 5 -5 -3 8 18 10 -10 -7 -11 -1 16 15 -9 -12 -15 -8
right_child=-2 3 -4 4 -6 6 7 14 9 11 13 -13 -14 17 -16 -17 -18 -19 -20
leaf_value=0 -0.015263564419721787 -0.010073871044866168 0.020839391331547042 -0.021161136883725468 0 -0.0035743883770081668 -0.0085148765642205637 0.00063648928510696545 0.0083738512360749685 0.0022827862565667212 0.00066064667970136364 -0.0032113122118897783 0.0044185366675961596 0.0038380659787929762 0.0023203815656561502 -0.0028988276096433853 -0.0031772453801916243 0.00078265720444180525 -0.0017040976253219842
leaf_weight=21 14.999999999999998 12.999999999999998 10.999999999999998 11.000000000000002 14.999999999999998 19 11.000000000000002 20 14.999999999999998 10.999999999999998 15.999999999999998 11.000000000000002 17 12.999999999999998 12.999999999999998 23 15.999999999999998 263 10.999999999999998
leaf_count=21 15 13 11 11 15 19 11 20 15 11 16 11 17 13 13 23 16 263 11
internal_value=-0.000540107 2.96617e-05 0.00851577 -0.000914696 -0.0111184 -0.00017944 0.000226925 -0.00234672 0.000826393 0.00372215 0.000416636 -0.000314217 0.00243559 0.000748639 -0.000152604 -0.00123528 -0.00127305 0.00102989 -0.00645335
internal_weight=545 530 49 481 26 455 442 78 364 37 327 22 38 308 56 43 32 276 22
internal_count=545 530 49 481 26 455 442 78 364 37 327 22 38 308 56 43 32 276 22
is_linear=0
shrinkage=0.0529975


Tree=105
num_leaves=17
num_cat=0
split_feature=39 30 29 29 19 19 19 29 19 9 14 9 31 29 45 6
split_gain=1.60311 2.38422 1.03443 0.673064 2.20284 0.68801 0.282229 0.39356 0.127711 0.114618 0.120044 0.10721 0.0588747 0.0505557 0.0386563 0.0126407
threshold=-1.1558530955085182 -1.4739652562250283 0.96361458521015575 -0.8007581298917843 -0.95772725582126561 -0.95772725582126561 -0.71234336683649502 -0.50026514361871988 0.45888442751823744 -1.6711790476729631 0.04698879535430648 -1.2675046617896286 0.53546145317687588 -0.85191837106913615 0.54038094320560914 -0.19950822802719942
decision_type=2 2 2 2 2 2 2 2 2 2 2 2 2 2 2 2
left_child=-1 -2 3 5 -5 -3 7 -6 9 10 -8 -11 15 14 -7 -10
right_child=1 2 -4 4 6 13 8 -9 12 11 -12 -13 -14 -15 -16 -17
leaf_value=-0.016081833292192985 0.01844612497394733 0.014294425269878012 -0.011419045988306944 -0.018020547332334057 0.0014689919961962858 0.0014260174899665319 -0.0061192469516011981 -0.0097721023815679989 0.0016611004092034454 0.0040139518794301676 0.00030834793125901434 0 0.0053116542087568216 0.0032872568821094004 -0.0018749993377472623 0
leaf_weight=11.999999999999998 12.999999999999998 10.999999999999998 18 13.999999999999998 12.000000000000002 12.999999999999998 11.000000000000002 12.999999999999998 19 13.999999999999998 10.999999999999998 332 12.999999999999998 12.000000000000002 13.999999999999998 12.999999999999998
leaf_count=12 13 11 18 14 12 13 11 13 19 14 11 332 13 12 14 13
internal_value=-0.000524565 0 -0.000665458 -0.000135882 -0.000818141 0.00533415 -1.66103e-05 -0.00491069 0.00032901 0 -0.00327827 0.000244568 0.00281484 0.00108353 -0.000103629 0.000938507
internal_weight=545 533 520 502 452 50 438 25 413 368 22 346 45 39 27 32
internal_count=545 533 520 502 452 50 438 25 413 368 22 346 45 39 27 32
is_linear=0
shrinkage=0.0529975


Tree=106
num_leaves=23
num_cat=0
split_feature=29 38 13 29 30 19 6 29 19 19 5 23 19 50 6 47 7 13 37 11 0 44
split_gain=1.55212 1.41161 1.23731 1.13449 1.82515 0.648045 0.205274 0.177999 0.260224 0.251534 0.0691853 0.0906112 0.0942353 0.0720107 0.0671906 0.0774224 0.0622394 0.0458858 0.0419876 0.0354562 0.0239337 0.0195319
threshold=1.3382556559007897 -0.37905512615458281 1.009141835424715 0.63976665760306584 0.47912881863632928 -1.1597747990198337 -0.82946009153911093 -0.42378981793710108 -0.94590896873541463 -0.71234336683649502 -1.300866931953909 0.51198349922385555 -0.53091630390676692 1.0000000180025095e-35 0.50353014485828651 -0.10579881428133901 0.4115726716950609 -0.0055038677584269549 1.5988955465985291 0.5365749525312743 -1.0254543933453242 1.0000000180025095e-35
decision_type=2 2 2 2 2 2 2 2 2 2 2 2 2 2 2 2 2 2 2 2 2 2
left_child=1 2 16 5 6 -3 -5 8 -7 -9 -11 12 -12 -13 15 19 -1 21 -17 -10 -19 -16
right_child=-2 3 -4 4 -6 7 -8 9 14 10 11 13 -14 -15 17 18 -18 20 -20 -21 -22 -23
leaf_value=0 -0.014634995441178781 -0.0095958615448765022 0.020111003991700228 0.0038933499844185917 -0.022569796348330479 0.0081282267184749676 -0.0036181187605233076 -0.0061032432812288869 0.001188791744831313 -0.0027842345131247844 -0.003264829832285219 0.0041336943083945003 0.00024004321627834769 0 0 0.0013702248929714131 0.0041095352208869581 -0.00069323688836451646 0.0055845887224908021 -0.0016697267387454035 0.0016732905145335228 -0.0031414019279339092
leaf_weight=21 14.999999999999998 12.999999999999998 10.999999999999998 11.000000000000002 10.999999999999998 10.999999999999998 19 13.999999999999998 27 15.999999999999998 18 22 193 14.999999999999998 11.000000000000002 29 17 10.999999999999998 12.999999999999998 12.999999999999998 23 10.999999999999998
leaf_count=21 15 13 11 11 11 11 19 14 27 16 18 22 193 15 11 29 17 11 13 13 23 11
internal_value=-0.00050162 4.46031e-05 0.00810473 -0.000851832 -0.0086788 0 -0.000480113 0.0004049 0.00185299 -0.000369376 3.76181e-05 0.000308605 -0.00010872 0.00253419 0.00098663 0.00191521 0.00220317 -0.000314146 0.00335493 1.13573e-05 0.000743872 -0.00200786
internal_weight=545 530 49 481 41 440 30 427 149 278 264 248 211 37 138 82 38 56 42 40 34 22
internal_count=545 530 49 481 41 440 30 427 149 278 264 248 211 37 138 82 38 56 42 40 34 22
is_linear=0
shrinkage=0.0529975


Tree=107
num_leaves=19
num_cat=0
split_feature=30 29 29 19 19 19 29 29 19 39 35 30 29 37 44 29 45 29
split_gain=1.49826 4.1642 0.619755 2.00506 0.65091 0.518991 1.4915 0.347394 0.129648 0.146567 0.119645 0.119507 0.109559 0.0821117 0.0641969 0.0471975 0.0357361 0.0287733
threshold=-1.4739652562250283 1.0939113685825921 -0.8007581298917843 -0.95772725582126561 -0.95772725582126561 -0.53091630390676692 0.23832575056983082 0.7731741465887918 -0.58317633917525924 -0.4449525141229505 -1.1669238279072049 -0.2223400469422456 0.6273942987389155 -0.78948456671466416 -0.27848972336365163 -0.85191837106913615 0.54038094320560914 -0.15716204103522488
decision_type=2 2 2 2 2 2 2 2 2 2 2 2 2 2 2 2 2 2
left_child=-1 2 4 -4 -2 6 8 10 9 14 17 13 -13 -12 -5 16 -6 -7
right_child=1 -3 3 5 15 7 -8 -9 -10 -11 11 12 -14 -15 -16 -17 -18 -19
leaf_value=0.013054513590541134 0.013856933156285717 -0.024780007271676462 -0.017173794294385494 0.0053066929702373661 0.0013395210161545013 -0.00018770198856266402 -0.017875063853929528 0.0065589190511471974 -0.0036751737628054186 -0.0024394086593830782 0.0046446072259408236 0.0001699217141030814 -0.0040183788541719116 0.0010261714922188421 0.00023072918443434499 0.0031456544466848505 -0.0018277501372169513 -0.0044232877458295168
leaf_weight=15.999999999999998 10.999999999999998 13.999999999999998 13.999999999999998 14.999999999999998 12.999999999999998 12.000000000000002 10.999999999999998 21 12.999999999999998 12.000000000000002 20 204 12.999999999999998 103 15.999999999999998 12.000000000000002 13.999999999999998 10.999999999999998
leaf_count=16 11 14 14 15 13 12 11 21 13 12 20 204 13 103 16 12 14 11
internal_value=-0.000485228 -0.00104953 -0.000113244 -0.000751589 0.00514338 -7.87016e-06 -0.00412391 0.000744749 0 0.00148166 0.000288343 0.000574934 -0.000150976 0.00185724 0.00333766 0.00101137 -0.000124792 -0.00295011
internal_weight=545 529 515 465 50 451 67 384 56 43 363 340 217 123 31 39 27 23
internal_count=545 529 515 465 50 451 67 384 56 43 363 340 217 123 31 39 27 23
is_linear=0
shrinkage=0.0529975


Tree=108
num_leaves=18
num_cat=0
split_feature=39 38 29 27 29 27 1 11 37 34 39 3 27 2 39 27 1
split_gain=1.44941 2.11458 1.52094 0.579129 0.29603 0.822725 0.18229 0.140672 0.134048 0.128521 0.137552 0.126501 0.163812 0.0768048 0.0758703 0.0516517 0.00560062
threshold=-1.1558530955085182 -0.85777646155359866 0.96361458521015575 -1.159774799019845 0.24627008227285696 -0.33576645682938006 -0.96153778120526734 -0.49290444129679761 -0.73706182498259232 1.5282221012143749 -0.80165551899036436 1.5878038047689276 -0.85535387021006393 -0.9436971355296101 1.3764440153629633 0.22724928406736328 -1.250965315935926
decision_type=2 2 2 2 2 2 2 2 2 2 2 2 2 2 2 2 2
left_child=-1 -2 3 -3 6 -6 8 9 -5 10 -7 12 -8 -14 16 -9 -10
right_child=1 2 -4 4 5 7 11 15 14 -11 -12 -13 13 -15 -16 -17 -18
leaf_value=-0.015266965797688686 0.016121824026913173 -0.0091444018618458255 -0.014627928044034295 0.0072108092863720739 -0.011572947343437712 0.0059514832705370602 -0.0044828508592621667 -0.0036722329005452847 -0.00073776501747822582 -0.0012110066789090496 -2.3887681818176645e-05 0.00442282036363832 -0.0026656067177324981 0.00068905063207544577 0.0038930366306199234 0 0.00043168465252231433
leaf_weight=11.999999999999998 15.999999999999998 12.999999999999998 14.999999999999998 14.999999999999998 14.999999999999998 18.999999999999996 13.999999999999998 21 17 20 15.000000000000002 14.999999999999998 13.999999999999998 284 14.999999999999998 12.999999999999998 12.000000000000002
leaf_count=12 16 13 15 15 15 19 14 21 17 20 15 15 14 284 15 13 12
internal_value=-0.000473779 1.24587e-05 -0.000651864 -5.27637e-05 0.000282673 -0.00214469 0.000971107 2.38546e-05 0.00355294 0.00171365 0.0035323 0.000428706 0.000134937 0.000459002 0.00145096 -0.00233986 -6.32213e-05
internal_weight=545 533 517 502 489 103 386 88 59 54 34 327 312 298 44 34 29
internal_count=545 533 517 502 489 103 386 88 59 54 34 327 312 298 44 34 29
is_linear=0
shrinkage=0.0529975


Tree=109
num_leaves=19
num_cat=0
split_feature=29 38 13 29 19 19 30 7 10 8 10 28 29 13 39 7 0 15
split_gain=1.40362 1.23305 1.16687 0.962063 2.74065 0.565136 0.134145 0.11406 0.154949 0.109166 0.0979262 0.0893752 0.0922528 0.120833 0.0664751 0.0618332 0.0446923 0.0725042
threshold=1.3382556559007897 -0.37905512615458281 1.009141835424715 0.52337296649648568 -0.14661678075790294 -1.1597747990198337 1.0684567549518114 1.527066262327532 -0.50972561685278994 2.023231164866321 0.43941608711143071 -0.16078487016931256 -0.15716204103522488 0.12255821128410553 1.617151390590911 0.4115726716950609 1.6926789519187833 -1.1432234076252492
decision_type=2 2 2 2 2 2 2 2 2 2 2 2 2 2 2 2 2 2
left_child=1 2 15 5 -5 -3 9 8 -6 11 -8 12 14 -14 -7 -1 17 -13
right_child=-2 3 -4 4 7 6 10 -9 -10 -11 -12 16 13 -15 -16 -17 -18 -19
leaf_value=0 -0.013904339803014119 -0.0088127496395629876 0.019231283086355577 -0.025082304904664697 -0.0048733525630824661 0.0005416088801655591 0 0.0030952814054669431 0.0013753836904968023 0.0044117677437674231 0.0066154875823294041 0.003979967310614967 -0.0049514972282080757 -9.0372029611310794e-05 -0.0029161507804967928 0.0038003298448594553 -0.0011623939843557177 0.00063989598473963611
leaf_weight=21 14.999999999999998 12.999999999999998 10.999999999999998 10.999999999999998 15.999999999999995 109 11.000000000000002 13.999999999999998 16.000000000000004 10.999999999999998 10.999999999999998 17 23 35 11.999999999999998 17 20 162
leaf_count=21 15 13 11 11 16 109 11 14 16 11 11 17 23 35 12 17 20 162
internal_value=-0.000463717 5.49444e-05 0.00758853 -0.000782156 -0.0068952 0.000108096 0.000529683 -2.07501e-05 -0.00184118 0.000251468 0.00409204 4.5209e-05 -0.000780893 -0.00241053 2.2191e-05 0.00189776 0.000823464 0.00111359
internal_weight=545 530 49 481 57 424 411 46 32 389 22 378 179 58 121 38 199 179
internal_count=545 530 49 481 57 424 411 46 32 389 22 378 179 58 121 38 199 179
is_linear=0
shrinkage=0.0529975


Tree=110
num_leaves=24
num_cat=0
split_feature=30 13 30 39 49 35 30 39 37 35 39 9 47 39 37 19 37 44 26 34 13 8 30
split_gain=1.36043 1.99041 0.7097 1.14621 0.951794 0.837458 0.636713 0.540673 0.186445 0.126404 0.110612 0.104573 0.0939506 0.0544772 0.0522936 0.136517 0.068711 0.0466232 0.0414611 0.0396205 0.0262017 0.0232967 0.0192249
threshold=-1.6045160372440099 1.7528869867871151 0.34485729356418537 -0.84506682601750038 1.0000000180025095e-35 -0.85884385454404988 1.2529128884377021 -1.0783225139200134 1.7100317590705216 -1.1669238279072049 -1.0204131756543164 0.61916849406195451 0.59100304412747862 -0.55888787561939324 -0.81674439241534058 0.33105089177526276 -0.60495651581777243 -0.27848972336365163 0.73125598756907617 -0.75550480888201588 -0.9708949251559793 0.26944174137472671 0.62218772731163263
decision_type=2 2 2 2 2 2 2 2 2 2 2 2 2 2 2 2 2 2 2 2 2 2 2
left_child=-1 2 7 4 -4 -5 11 -2 9 -9 -11 13 19 17 15 -12 -16 -7 21 -10 -15 -13 -20
right_child=1 -3 3 5 -6 6 -8 8 12 10 14 18 -14 20 16 -17 -18 -19 22 -21 -22 -23 -24
leaf_value=0.013473302733432701 0.010056870313857586 -0.018804644428656692 -0.017952311812334788 0.0078095833681016422 0 -0.0051410778449931978 -0.010631892547514182 -0.0038452103826944429 0.0025549367222767981 -0.0035252306149038764 0.00031606653213912686 -0.001861339761447805 0.0067761540791871711 -0.0016836603124035098 -0.0029479890894555105 0.0051120152458702817 0.00042463120681374221 -0.00061519550587431306 0 -0.00051155380637233597 0.00066477109413431035 0.00070986223734535888 0.0035365758565206605
leaf_weight=12.999999999999998 11.999999999999998 10.999999999999998 17 20 12.000000000000002 17 17 15.999999999999998 19.999999999999996 12.999999999999998 70 11.000000000000002 11.999999999999998 18 12.999999999999998 18 149 17 11.000000000000002 13.000000000000002 20 13.999999999999998 10.999999999999998
leaf_count=13 12 11 17 20 12 17 17 16 20 13 70 11 12 18 13 18 149 17 11 13 20 14 11
internal_value=-0.000448409 -0.000947963 -0.000348019 -0.00294229 -0.0116356 -0.00091223 -0.00251967 0.0010865 0.000556386 0 0.000332861 -0.000850454 0.00350315 -0.00208315 0.000638641 0.0016349 1.68483e-05 -0.00348427 0.000928176 0.00127491 -0.000366746 -0.000337353 0.00238
internal_weight=545 532 521 185 29 156 136 336 324 279 263 119 45 72 250 88 162 34 47 33 38 25 22
internal_count=545 532 521 185 29 156 136 336 324 279 263 119 45 72 250 88 162 34 47 33 38 25 22
is_linear=0
shrinkage=0.0529975


Tree=111
num_leaves=18
num_cat=0
split_feature=39 30 29 29 19 6 19 12 0 30 10 29 9 30 39 29 45
split_gain=1.36354 1.88322 0.761421 0.584464 1.70313 0.783032 0.637229 0.155188 0.141978 0.126379 0.0983466 0.0614973 0.164687 0.04474 0.042666 0.0421207 0.0319458
threshold=-1.1558530955085182 -1.4739652562250283 0.96361458521015575 -0.8007581298917843 -0.77729306540003507 0.60253933251252334 -0.95772725582126561 1.5902633668125283 -0.51124592859820361 -0.41432049956592126 0.85910532906678883 0.24207146523303721 -0.40666899095104653 0.99091228535490872 -0.34963673734811868 -0.85191837106913615 0.54038094320560914
decision_type=2 2 2 2 2 2 2 2 2 2 2 2 2 2 2 2 2
left_child=-1 -2 3 6 5 -5 -3 9 -9 10 14 13 -13 -11 -6 16 -8
right_child=1 2 -4 4 7 -7 15 8 -10 11 -12 12 -14 -15 -16 -17 -18
leaf_value=-0.014781084174067776 0.016443605314943162 0.013628918516644091 -0.0097662874466897184 -0.018960314535765615 0.0055510035261645005 -0.0010802263245406061 0.0012472381996289504 -0.0067138876402362789 0.00021147146530162191 0.00014024950511422012 -0.0012860626255176506 -0.0049045798345648357 8.1979613744276981e-05 0.0030211964527144166 0.0018083364458916895 0.0029536252206420069 -0.0017423022551250945
leaf_weight=11.999999999999998 12.999999999999998 10.999999999999998 18 14.000000000000002 12.999999999999998 12.999999999999998 12.999999999999998 11.000000000000002 11.999999999999998 225 12.999999999999998 19 62 10.999999999999998 59 12.000000000000002 13.999999999999998
leaf_count=12 13 11 18 14 13 13 13 11 12 225 13 19 62 11 59 12 14
internal_value=-0.000432081 3.88623e-05 -0.000540761 -8.48386e-05 -0.000722096 -0.0123239 0.00501166 0.000159957 -0.00356325 0.000439335 0.002182 -3.8149e-05 -0.00126486 0.000374928 0.00294846 0.000933584 -0.000126138
internal_weight=545 533 520 502 452 27 50 425 23 402 85 317 81 236 72 39 27
internal_count=545 533 520 502 452 27 50 425 23 402 85 317 81 236 72 39 27
is_linear=0
shrinkage=0.0529975


Tree=112
num_leaves=22
num_cat=0
split_feature=29 38 13 29 30 29 19 19 12 0 29 9 19 9 31 44 30 29 45 47 29
split_gain=1.34688 1.08474 1.10742 0.869169 1.61466 0.553276 1.62125 0.593451 0.128754 0.107535 0.0748603 0.0857631 0.0721695 0.0703395 0.0654316 0.0550299 0.0491793 0.0391471 0.0296593 0.0246805 0.0243038
threshold=1.3382556559007897 -0.37905512615458281 1.009141835424715 0.74954040166073665 0.23966141775408889 -0.8007581298917843 -0.95772725582126561 -0.95772725582126561 1.5902633668125283 -0.51124592859820361 0.24207146523303721 0.41167968144060818 0.052765665871175878 -1.2067186390077422 0.53546145317687588 0.70547720845605821 1.0319252690523251 -0.85191837106913615 0.54038094320560914 0.38196248660483334 0.11881274814264779
decision_type=2 2 2 2 2 2 2 2 2 2 2 2 2 2 2 2 2 2 2 2 2
left_child=1 2 14 5 -5 7 -7 -3 10 -10 13 12 -12 19 20 -13 -15 18 -9 -8 -1
right_child=-2 3 -4 4 -6 6 8 17 9 -11 11 15 -14 16 -16 -17 -18 -19 -20 -21 -22
leaf_value=0.0012998197324165649 -0.013582558779657536 0.013161450114926075 0.018486934084826021 0.0022838364778561175 -0.020434848026227862 -0.015488309621195987 0.003979437702763218 0.0012020029201698548 -0.0061438998372392827 0 -0.0042001628330744457 0.0023261416306222422 0 9.4450755675226148e-05 0.0039944798140011855 -0.0014585570084478723 0.0030086577220238405 0.0028492478588973817 -0.0016776542554631777 9.6995109047173881e-05 -0.0014116916930022822
leaf_weight=12.000000000000002 14.999999999999998 10.999999999999998 10.999999999999998 15.000000000000002 10.999999999999998 13.999999999999998 17.000000000000004 12.999999999999998 11.000000000000002 10.999999999999998 24 20.000000000000004 22 252 12.999999999999998 10.999999999999998 11.999999999999998 12.000000000000002 13.999999999999998 10.999999999999998 12.999999999999998
leaf_count=12 15 11 11 15 11 14 17 13 11 11 24 20 22 252 13 11 12 12 14 11 13
internal_value=-0.000415326 9.20849e-05 0.00715778 -0.000692634 -0.00913796 -8.23075e-05 -0.000769284 0.00484397 0 -0.0034825 0.000242762 -0.00113991 -0.00250574 0.000646411 0.00164686 0.000775655 0.000316662 0.00090147 -0.000113002 0.00294578 0
internal_weight=545 530 49 481 26 455 405 50 391 22 369 77 46 292 38 31 264 39 27 28 25
internal_count=545 530 49 481 26 455 405 50 391 22 369 77 46 292 38 31 264 39 27 28 25
is_linear=0
shrinkage=0.0529975


Tree=113
num_leaves=15
num_cat=0
split_feature=39 38 29 29 19 29 19 29 1 2 3 4 51 25
split_gain=1.26092 1.76756 1.23385 0.503265 0.86716 0.200229 0.691003 0.137203 0.113977 0.104986 0.0647558 0.054057 0.047168 0.0374295
threshold=-1.1558530955085182 -0.85777646155359866 0.96361458521015575 -1.1125084092197188 -0.95772725582126561 0.26696810119628295 -0.3357664568293684 0.67528232375896413 -1.0705623194006535 -1.0383866851108159 -0.94635069273722194 -1.4220666722903352 1.0000000180025095e-35 -1.1764033572252413
decision_type=2 2 2 2 2 2 2 2 2 2 2 2 2 2
left_child=-1 -2 3 -3 -5 8 -7 10 11 -10 -8 -6 -11 -13
right_child=1 2 -4 4 5 6 7 -9 9 12 -12 13 -14 -15
leaf_value=-0.014195521255748179 0.01478379574652368 0.0089428888528068837 -0.013138208193263272 -0.010163829419826071 0 -0.01104411953699215 -0.0039064639113327989 0.0035133854713558406 -0.0036830872003884522 0.00088964003752397018 0 0.0056887908951043014 -0.00060582828671063352 0.0010270744424209703
leaf_weight=11.999999999999998 15.999999999999998 10.999999999999998 14.999999999999998 18 10.999999999999998 12.999999999999998 10.999999999999998 19 10.999999999999998 258 52 15.999999999999995 66 16.000000000000004
leaf_count=12 16 11 15 18 11 13 11 19 11 258 52 16 66 16
internal_value=-0.000396402 5.57849e-05 -0.000550937 -1.04293e-05 -0.000330545 0.000151632 -0.00193172 8.76943e-05 0.000715405 0.000336296 -0.00105977 0.00312375 0.000558369 0.00407169
internal_weight=545 533 517 502 491 473 95 82 378 335 63 43 324 32
internal_count=545 533 517 502 491 473 95 82 378 335 63 43 324 32
is_linear=0
shrinkage=0.0529975


Tree=114
num_leaves=26
num_cat=0
split_feature=30 13 30 39 49 16 39 30 37 35 9 10 13 4 0 30 37 30 3 7 37 6 27 44 37
split_gain=1.18341 1.83507 0.59551 0.920203 0.874565 0.739092 0.555347 0.458744 0.152996 0.118779 0.10597 0.105898 0.124051 0.0949287 0.097879 0.0661167 0.112617 0.0558857 0.0546641 0.0452141 0.0428624 0.0292646 0.0203707 0.011658 0.00207616
threshold=-1.6045160372440099 1.7528869867871151 0.34485729356418537 -0.84506682601750038 1.0000000180025095e-35 0.84360428770212625 -1.0783225139200134 1.2529128884377021 1.7100317590705216 -1.1669238279072049 0.61916849406195451 -0.50972561685278994 0.60525373998288179 -0.55232827841792032 -0.83645300190450966 -0.19480581771904446 -0.7098019992819159 -0.073288083403561896 0.67197728825364245 -0.72966262883472965 -0.78948456671466416 0.27622215148290635 -0.41834980088590051 1.0000000180025095e-35 0.11847732008481973
decision_type=2 2 2 2 2 2 2 2 2 2 2 2 2 2 2 2 2 2 2 2 2 2 2 2 2
left_child=-1 2 6 4 -4 7 -2 10 9 -8 18 12 17 14 -10 16 -13 -11 21 -17 22 -5 -12 -20 -22
right_child=1 -3 3 5 -6 -7 8 -9 13 11 20 15 -14 -15 -16 19 -18 -19 23 -21 24 -23 -24 -25 -26
leaf_value=0.012594170459849677 0.010119506970948202 -0.018000327384109862 -0.016518768236213541 -0.00080883356804968564 0.00039930039140090296 0.0084394062200616581 -0.0037354704577140813 -0.0089135513851447707 0.0029923839147560942 -0.0014128029418353787 0.0036840464099431327 0.0050594318651517875 -0.0051574047383340553 0.0055506957678208837 -0.0023597917726955581 -0.0017310595423009406 0.00067607371636862622 0.0011178908639335459 -0.0007749678120028533 0.00079037239255090683 -0.00066803143556500738 -0.0039563893778865886 7.4529659372775622e-05 0.0011515050725708568 0
leaf_weight=12.999999999999998 11.999999999999998 10.999999999999998 17 25 12.000000000000002 14.999999999999998 15.999999999999998 18 15.000000000000002 43 11.000000000000002 21 10.999999999999998 19 10.999999999999998 21.999999999999993 61 42 11.000000000000002 63.000000000000007 13.000000000000002 28 11.999999999999998 10.999999999999998 11.999999999999998
leaf_count=13 12 11 17 25 12 15 16 18 15 43 11 21 11 19 11 22 61 42 11 63 13 28 12 11 12
internal_value=-0.000388826 -0.000855898 -0.000279973 -0.00265794 -0.0104497 -0.000833165 0.00103255 -0.00217115 0.000497058 0 -0.000761834 0.000314969 -0.00101204 0.00316628 0.000491826 0.00112682 0.00214629 -9.4321e-05 -0.00197736 0 0.00101674 -0.0028232 0.00244656 0 -0.000292177
internal_weight=545 532 521 185 29 156 336 141 324 279 123 263 96 45 26 167 82 85 75 85 48 53 23 22 25
internal_count=545 532 521 185 29 156 336 141 324 279 123 263 96 45 26 167 82 85 75 85 48 53 23 22 25
is_linear=0
shrinkage=0.0529975


Tree=115
num_leaves=19
num_cat=0
split_feature=29 38 13 29 30 29 19 19 12 0 9 29 13 53 17 6 45 13
split_gain=1.27179 0.953799 1.04336 0.76749 1.47133 0.498124 1.37183 0.560171 0.11095 0.0964529 0.0860711 0.0637529 0.0668956 0.107169 0.0520897 0.0409252 0.0239395 0.00983091
threshold=1.3382556559007897 -0.37905512615458281 1.009141835424715 0.74954040166073665 0.23966141775408889 -0.8007581298917843 -0.95772725582126561 -0.95772725582126561 1.5902633668125283 -0.51124592859820361 -0.37572345200423246 0.6273942987389155 -0.054758513544016361 -1.069797498769544 -0.70730857045812001 0.50353014485828651 0.42682489383331024 -1.0792551458842758
decision_type=2 2 2 2 2 2 2 2 2 2 2 2 2 2 2 2 2 2
left_child=1 2 10 5 -5 7 -7 -3 11 -10 -1 12 14 -14 -8 17 -12 -9
right_child=-2 3 -4 4 -6 6 8 15 9 -11 16 -13 13 -15 -16 -17 -18 -19
leaf_value=-0.0014929196464398638 -0.013168892870883419 0.012708976413803133 0.017730683758373937 0.0022969275834792951 -0.019346397267297349 -0.01423466714932653 -0.0025449810698284182 6.7281438677334728e-05 -0.0057470630919330048 3.0345957528498279e-05 0.004323485736312185 -0.002429599360362925 -0.0012594525805021905 0.0018783775592718229 5.9348764393241664e-05 -0.00081683675059019128 0.00038554795018625463 0.002955463306128679
leaf_weight=11.999999999999998 14.999999999999998 10.999999999999998 10.999999999999998 15.000000000000002 10.999999999999998 13.999999999999998 18 10.999999999999998 11.000000000000002 10.999999999999998 13.000000000000002 17 32 131 171 15.999999999999998 12.999999999999998 12.000000000000002
leaf_count=12 15 11 11 15 11 14 18 11 11 11 13 17 32 131 171 16 13 12
internal_value=-0.000373094 0.000119294 0.00674462 -0.00061603 -0.00855119 -4.2109e-05 -0.000695267 0.00463164 0 -0.00322109 0.00142256 0.00023752 0.000424378 0.0011982 -0.000223498 0.000808149 0.00301407 0.0021146
internal_weight=545 530 49 481 26 455 405 50 391 22 38 369 352 163 189 39 26 23
internal_count=545 530 49 481 26 455 405 50 391 22 38 369 352 163 189 39 26 23
is_linear=0
shrinkage=0.0529975


Tree=116
num_leaves=17
num_cat=0
split_feature=39 30 29 29 19 19 9 53 10 47 30 28 10 45 30 16
split_gain=1.18759 1.57656 0.581007 0.462423 1.27423 0.521584 0.180903 0.187149 0.116485 0.0892836 0.0765867 0.0689362 0.0480897 0.0375115 0.0215598 0.00844276
threshold=-1.1558530955085182 -1.4739652562250283 0.96361458521015575 -0.8007581298917843 -0.95772725582126561 -0.95772725582126561 -1.4880454783536858 1.0000000180025095e-35 1.1932390427821107 0.24260211492306979 -0.41432049956592126 -0.57634309484549606 0.62935804689082298 0.76749304195020673 0.57768355033597929 0.49190068689733013
decision_type=2 2 2 2 2 2 2 2 2 2 2 2 2 2 2 2
left_child=-1 -2 3 5 -5 -3 7 -6 10 -10 12 -12 -8 14 -7 -11
right_child=1 2 -4 4 6 13 8 -9 9 15 11 -13 -14 -15 -16 -17
leaf_value=-0.013755245766574003 0.015084926778646885 0.012273061922667779 -0.0085125563183984666 -0.013706491118378126 0.00072594575773656889 0.0032439404535813464 0.0027456962483707248 -0.0062796579866237438 -0.0041398285455591446 -0.00053477792974808349 0.0022308147824145912 -9.3230352179313734e-05 -0.00013717371654466904 -0.0008309830250202402 0 0.0010289502730133516
leaf_weight=11.999999999999998 12.999999999999998 10.999999999999998 18 13.999999999999998 13.999999999999998 11.000000000000002 59 19 21 14.000000000000002 35 250 14.999999999999998 14.999999999999998 12.999999999999998 10.999999999999998
leaf_count=12 13 11 18 14 14 11 59 19 21 14 35 250 15 15 13 11
internal_value=-0.000362708 7.55288e-05 -0.000454119 -5.435e-05 -0.000622962 0.00447743 -9.57051e-06 -0.00347386 0.000302275 -0.00201871 0.000647087 0.000208264 0.00210754 0.000780898 0.0019859 0
internal_weight=545 533 520 502 452 50 438 33 405 46 359 285 74 39 24 25
internal_count=545 533 520 502 452 50 438 33 405 46 359 285 74 39 24 25
is_linear=0
shrinkage=0.0529975


Tree=117
num_leaves=19
num_cat=0
split_feature=29 38 13 29 30 29 19 19 12 0 9 29 9 13 6 45 45 13
split_gain=1.17051 0.858683 0.991157 0.678093 1.37468 0.434208 1.17907 0.485744 0.0946006 0.09066 0.0807421 0.0553145 0.063177 0.0537689 0.0383802 0.0361973 0.022823 0.008732
threshold=1.3382556559007897 -0.37905512615458281 1.009141835424715 0.74954040166073665 0.23966141775408889 -0.8007581298917843 -0.95772725582126561 -0.95772725582126561 1.5902633668125283 -0.51124592859820361 -0.37572345200423246 0.6273942987389155 -1.2067186390077422 -0.039982119808339538 0.50353014485828651 -0.70873559988967771 0.42682489383331024 -1.0792551458842758
decision_type=2 2 2 2 2 2 2 2 2 2 2 2 2 2 2 2 2 2
left_child=1 2 10 5 -5 7 -7 -3 11 -10 -1 12 15 -14 17 -8 -12 -9
right_child=-2 3 -4 4 -6 6 8 14 9 -11 16 -13 13 -15 -16 -17 -18 -19
leaf_value=-0.0015551556595996816 -0.012625972513657416 0.011852099187603814 0.017108003170020331 0.0023867612088250586 -0.018483525620263831 -0.013197912988929505 0 5.5108009591253093e-05 -0.0054359723380218022 0.0001238704964802661 0.0040640827769658832 -0.0022633214984756614 -0.00046965355148803953 0.00087354054696634213 -0.00081041193131492267 0.0036284684371687679 0.00028794611419932905 0.0028225973387222001
leaf_weight=11.999999999999998 14.999999999999998 10.999999999999998 10.999999999999998 15.000000000000002 10.999999999999998 13.999999999999998 12.000000000000002 10.999999999999998 11.000000000000002 10.999999999999998 13.000000000000002 17 174 147 15.999999999999998 19 12.999999999999998 12.000000000000002
leaf_count=12 15 11 11 15 11 14 12 11 11 11 13 17 174 147 16 19 13 12
internal_value=-0.000349877 0.000121894 0.00640851 -0.000575211 -0.00803389 -3.4893e-05 -0.00064576 0.00432769 0 -0.00297545 0.00124296 0.000218156 0.000393414 0.000128833 0.000753551 0.00247938 0.00280211 0.00202501
internal_weight=545 530 49 481 26 455 405 50 391 22 38 369 352 321 39 31 26 23
internal_count=545 530 49 481 26 455 405 50 391 22 38 369 352 321 39 31 26 23
is_linear=0
shrinkage=0.0529975


Tree=118
num_leaves=26
num_cat=0
split_feature=30 29 39 29 19 30 30 19 12 30 6 3 29 39 10 10 29 37 30 29 3 6 19 9 12
split_gain=1.11574 3.00289 0.457817 0.488127 1.73654 0.373854 0.282342 0.290097 0.193898 0.179485 0.119497 0.101859 0.0873389 0.0833244 0.0930407 0.144197 0.061114 0.0546812 0.0445752 0.0393565 0.0301261 0.0222169 0.0139949 0.0124373 0.00547098
threshold=-1.6045160372440099 1.0939113685825921 -1.037851409117408 -0.26151545470841348 -0.61139804268437181 0.90938718312148792 1.0684567549518114 -1.0429653928487965 0.13320876090116116 0.88237165100966586 1.0300798118089556 1.3708007345906073 0.24627008227285696 -0.77696491235144882 -0.50972561685278994 -0.94012062099807314 -0.89685283675921912 1.7603575911333127 0.21344277011759211 0.26696810119628295 -0.65762626885589726 1.3242449925049844 0.40155559019853265 -0.36178192291980965 -0.24770820666942364
decision_type=2 2 2 2 2 2 2 2 2 2 2 2 2 2 2 2 2 2 2 2 2 2 2 2 2
left_child=-1 2 -2 6 5 -5 9 -8 13 11 12 16 18 14 15 -6 -4 -18 -10 20 -15 -12 -21 -23 -16
right_child=1 -3 3 4 8 -7 7 -9 10 -11 21 -13 -14 19 24 -17 17 -19 -20 22 -22 23 -24 -25 -26
leaf_value=0.012270068302721508 0.0068461463225479961 -0.020942655145064708 -0.0018766542301827224 -0.0038018628786214846 0.0034117441151145099 -0.019687704886368035 0.010270063177704699 0 0 -0.0034460320510102073 0.001600552742754848 0.0051097750654751145 -0.0063165661035116984 0.0019870602208081106 0.0014419461307645727 -0.0033929217542404688 0.00047224575883250631 0.0030016883625059434 -0.0036144385758923822 -0.0026771959886256499 -6.4642255252578794e-05 -0.0017349612632351068 0 6.7000794995391325e-05 0.0056551432255803179
leaf_weight=12.999999999999998 20 13.999999999999998 14.999999999999998 12.000000000000002 11.000000000000002 10.999999999999998 13.000000000000002 12.999999999999998 26 20 11.999999999999998 11.999999999999998 19 19 13.000000000000002 11.999999999999998 120 29 10.999999999999998 13.000000000000002 73 10.999999999999998 10.999999999999998 11.000000000000002 10.999999999999998
leaf_count=13 20 14 15 12 11 11 13 13 26 20 12 12 19 19 13 12 120 29 11 13 73 11 11 11 11
internal_value=-0.000335933 -0.000790284 0 -0.00036581 -0.00184715 -0.0141405 0.00144536 0.00609549 -0.000401088 0.000631297 -0.00231222 0.00123128 -0.00370029 0.000657412 0.00240432 0 0.000736172 0.0011067 -0.00150079 -7.65237e-05 0.000383465 1.13726e-05 -0.00179683 -0.000763122 0.00435031
internal_weight=545 532 518 498 276 23 222 26 253 196 90 176 56 163 47 23 164 149 37 116 92 34 24 22 24
internal_count=545 532 518 498 276 23 222 26 253 196 90 176 56 163 47 23 164 149 37 116 92 34 24 22 24
is_linear=0
shrinkage=0.0529975


Tree=119
num_leaves=18
num_cat=0
split_feature=29 38 13 29 53 19 29 19 12 3 9 1 8 19 13 47 45
split_gain=1.07833 0.789989 0.915237 0.59746 1.57781 0.419399 0.18992 0.126022 0.088689 0.0858281 0.0766035 0.0728966 0.0673733 0.062494 0.0612984 0.0422657 0.0212614
threshold=1.3382556559007897 -0.37905512615458281 1.009141835424715 0.6273942987389155 1.0000000180025095e-35 -1.1597747990198337 0.7731741465887918 -0.94590896873541463 1.5902633668125283 0.40164295506539588 -0.37572345200423246 -1.0705623194006535 0.91664802833843739 0.049638347403574722 -0.054758513544016361 -0.17547900012222076 0.42682489383331024
decision_type=2 2 2 2 2 2 2 2 2 2 2 2 2 2 2 2 2
left_child=1 2 10 5 6 -3 -5 -7 11 -10 -1 13 14 15 -13 -9 -12
right_child=-2 3 -4 4 -6 7 -8 8 9 -11 16 12 -14 -15 -16 -17 -18
leaf_value=-0.0015300519962487206 -0.012109499906172581 -0.0076269190938224951 0.016438695501191296 -0.0026401772334236325 -0.018082371336771187 0.0044379908663101037 0.0044419831058204297 0.00078169197415380964 -0.0050755764342929159 0.00020032406247317696 0.0039291150207308211 -0.00024719442426092338 -0.0026792140761614292 -0.00031511036515353752 0.0011670294859202355 0.0056593062496430487 0.00026695659450198518
leaf_weight=11.999999999999998 14.999999999999998 12.999999999999998 10.999999999999998 14.000000000000002 12.999999999999998 14.999999999999998 15.999999999999998 15.999999999999998 11.000000000000002 11.999999999999998 13.000000000000002 194 15.999999999999998 10.999999999999998 139 11.000000000000002 12.999999999999998
leaf_count=12 15 13 11 14 13 15 16 16 11 12 13 194 16 11 139 11 13
internal_value=-0.000326277 0.000125923 0.00615601 -0.000542262 -0.00609405 6.19875e-05 0.00105369 0.000416224 0.000190445 -0.00260987 0.00118589 0.000411927 0.000132043 0.00245535 0.000332725 0.00364788 0.00270952
internal_weight=545 530 49 481 43 438 30 425 410 23 38 387 349 38 333 27 26
internal_count=545 530 49 481 43 438 30 425 410 23 38 387 349 38 333 27 26
is_linear=0
shrinkage=0.0529975


Tree=120
num_leaves=17
num_cat=0
split_feature=30 29 39 29 19 6 19 29 2 44 30 34 6 29 39 13
split_gain=1.07033 2.74757 0.409132 0.451071 1.00256 0.800385 0.43546 0.270858 0.224938 0.144411 0.0686269 0.0441757 0.037008 0.0328099 0.0298686 0.00707592
threshold=-1.6045160372440099 1.0939113685825921 -1.037851409117408 -0.8007581298917843 -0.77729306540003507 0.60253933251252334 -0.95772725582126561 0.81384386805079478 -1.0530676585040981 -0.27848972336365163 -0.17828588221193531 -0.83963163435320676 0.50353014485828651 -0.30479970699318965 1.7448722280453988 -1.0792551458842758
decision_type=2 2 2 2 2 2 2 2 2 2 2 2 2 2 2 2
left_child=-1 2 -2 6 5 -5 -4 8 9 13 14 -12 15 -6 -10 -8
right_child=1 -3 3 4 7 -7 12 -9 10 -11 11 -13 -14 -15 -16 -17
leaf_value=0.012030693027313553 0.006466409282619821 -0.020037934013265698 0.011246952092064741 -0.016472986851757607 0.0010242745711110622 0 8.1715418372283567e-05 -0.0067562278608819153 0.00094120758506568351 -0.0074798416448882479 0.001970313721222295 -0.0002885728663728101 -0.00080694579142643642 -0.0021675970278881803 0.0034737652929737366 0.0027177956977855067
leaf_weight=12.999999999999998 20 13.999999999999998 10.999999999999998 14.000000000000002 10.999999999999998 12.999999999999998 10.999999999999998 10.999999999999998 113 10.999999999999998 21 228 15.999999999999998 11.000000000000002 14.999999999999998 12.000000000000002
leaf_count=13 20 14 11 14 11 13 11 11 113 11 21 228 16 11 15 12
internal_value=-0.000315801 -0.000761213 -3.54695e-06 -0.000351087 -0.000913274 -0.00981416 0.00411976 -0.00019627 5.77901e-05 -0.00375837 0.00046368 -2.88199e-05 0.00072338 -0.000444619 0.00143229 0.00197556
internal_weight=545 532 518 498 448 27 50 421 410 33 377 249 39 22 128 23
internal_count=545 532 518 498 448 27 50 421 410 33 377 249 39 22 128 23
is_linear=0
shrinkage=0.0529975


Tree=121
num_leaves=28
num_cat=0
split_feature=39 38 19 39 6 9 8 39 6 30 7 30 6 47 3 20 39 47 39 6 30 2 37 37 37 45 6
split_gain=1.04635 1.37412 0.358462 0.945863 0.867387 0.650376 0.628183 0.170694 0.118315 0.155627 0.109029 0.0780855 0.105677 0.0703496 0.0616246 0.0574949 0.0564118 0.0547564 0.113562 0.0478448 0.0364492 0.0346758 0.0325554 0.0319223 0.0504022 0.0146403 0.00652968
threshold=-1.1558530955085182 -0.85777646155359866 -0.32580081582471693 -0.812326624193484 0.67635802281993895 1.4335351696782734 0.94391955827425378 -1.0606611111965953 0.31504395478129615 0.64606948963358668 1.5744293204194071 -0.41432049956592126 0.53223009268930277 0.86972378749100565 -0.27511238243987474 -0.67761886144987293 -0.40188514241391665 0.4516426724457151 -0.812326624193484 1.070545142625978 -0.3306594747614941 -0.22258300376219103 0.27574554528103529 -0.30090461377175504 1.5213098888350618 0.31326884446101144 -0.35546998807432423
decision_type=2 2 2 2 2 2 2 2 2 2 2 2 2 2 2 2 2 2 2 2 2 2 2 2 2 2 2
left_child=-1 -2 3 4 -3 6 8 -4 16 21 11 12 23 17 -15 -6 -5 20 -19 -14 -13 -10 -18 -9 -25 -11 -16
right_child=1 2 7 5 15 -7 -8 10 9 25 -12 13 19 14 26 -17 22 18 -20 -21 -22 -23 -24 24 -26 -27 -28
leaf_value=-0.012876860249413105 0.013090907383815733 -0.017340323630208633 -0.0044311731562410696 0.0031554881028881434 -0.0036880234189942225 -0.0099121918457903621 0.0092921845298458271 0.0054374306901809307 -0.00063561248863779139 -0.00556002634109274 0.004252165698815682 -0.0019183504751111536 -0.0021544531750574327 0.0041562818888139655 0.00074648203826503765 0.00045751171295704292 -0.0016602496963081163 -0.0054675341743781487 -0.00026855467130477051 0.001324630788742753 0.00056538723264338783 0.0023738787177396488 0.001208123418199913 0.00021695967256638634 0.0037330311232990389 -0.0011693149916003744 -0.00067546585084884319
leaf_weight=11.999999999999998 15.999999999999998 13.999999999999998 11.999999999999998 19 10.999999999999998 10.999999999999998 15.999999999999998 10.999999999999998 19 17.000000000000004 19 12.999999999999998 18.000000000000004 12.999999999999998 12.999999999999998 13.000000000000002 14.999999999999998 10.999999999999998 52 12.999999999999998 105 11.000000000000002 17 34 17 11.999999999999998 11.000000000000002
leaf_count=12 16 14 12 19 11 11 16 11 19 17 19 13 18 13 13 13 15 11 52 13 105 11 17 34 17 12 11
internal_value=-0.000304621 0.00010558 -0.000428417 -0.00234504 -0.00910839 -0.000116944 0.00109673 0.000555747 -0.000453856 -0.0020221 0.000833723 0.000526361 0.00176142 -2.38868e-06 0.0018991 -0.0015671 0.00125971 -0.000476876 -0.00167383 -0.000528464 0.000155888 0.000485458 -2.42463e-06 0.00295472 0.00178096 -0.00445442 0
internal_weight=545 533 517 175 38 137 126 342 110 59 330 311 93 218 37 24 51 181 63 31 118 30 32 62 51 29 24
internal_count=545 533 517 175 38 137 126 342 110 59 330 311 93 218 37 24 51 181 63 31 118 30 32 62 51 29 24
is_linear=0
shrinkage=0.0529975


Tree=122
num_leaves=14
num_cat=0
split_feature=29 39 29 0 28 19 25 10 2 39 3 5 30
split_gain=0.998046 0.731274 0.781272 1.09105 0.647786 0.379741 0.258844 0.267522 0.240752 0.116462 0.0523552 0.0537408 0.0520484
threshold=1.3382556559007897 -1.037851409117408 0.74954040166073665 1.0722266725251193 0.057306762566011353 -1.1597747990198337 -1.2633808432044347 1.0604308486453731 -1.0530676585040981 1.9373597581478144 -0.90405348414314246 1.1843251936161412 1.0555148531397263
decision_type=2 2 2 2 2 2 2 2 2 2 2 2 2
left_child=1 4 5 -4 -1 -3 7 -7 -8 10 11 -10 -12
right_child=-2 2 3 -5 -6 6 8 -9 9 -11 12 -13 -14
leaf_value=-0.0012967851387483071 -0.011634743803376271 -0.0071842427505299207 -0.01751323100968211 0.0023582844251415591 0.013445856111360508 0.0088651026142113482 -0.005304731391997889 -4.1310767607630863e-05 -0.0024475925723509407 0.0038972165615391774 0.00018585035740265133 0.00082813883292085172 0.0027898828502633919
leaf_weight=11.000000000000002 14.999999999999998 12.999999999999998 11.000000000000002 10.999999999999998 14.999999999999998 14.000000000000002 15.999999999999998 14.999999999999998 34 19 339 13.999999999999998 18
leaf_count=11 15 13 11 11 15 14 16 15 34 19 339 14 18
internal_value=-0.000298041 0.000136351 -0.000339652 -0.00895097 0.00791618 0.000144241 0.000450211 0.00484102 8.39599e-05 0.00037469 0.000137992 -0.00137695 0.000380305
internal_weight=545 530 504 22 26 482 469 29 440 424 405 48 357
internal_count=545 530 504 22 26 482 469 29 440 424 405 48 357
is_linear=0
shrinkage=0.0529975


Tree=123
num_leaves=20
num_cat=0
split_feature=30 29 39 29 19 30 19 28 29 30 30 12 5 39 8 29 45 36 38
split_gain=0.995237 2.47206 0.366072 0.41619 1.49703 0.269675 0.271185 0.234273 0.310303 0.139907 0.118703 0.0934659 0.0887335 0.0856176 0.0806673 0.0604714 0.0520423 0.0422056 0.0404215
threshold=-1.6045160372440099 1.0939113685825921 -1.037851409117408 -0.26151545470841348 -0.7281052018580183 1.0684567549518114 -1.0429653928487965 -0.33651806663970074 0.24627008227285696 0.90938718312148792 -1.1268923088289837 1.687706435597603 -0.45065929269572091 -0.77696491235144882 -0.49290444129679761 0.11881274814264779 -0.70873559988967771 0.30054374863408012 0.22730385842290687
decision_type=2 2 2 2 2 2 2 2 2 2 2 2 2 2 2 2 2 2 2
left_child=-1 2 -2 5 -5 9 -7 8 12 11 -9 16 -6 14 -12 -15 17 -4 -18
right_child=1 -3 3 4 7 6 -8 10 -10 -11 13 -13 -14 15 -16 -17 18 -19 -20
leaf_value=0.011615780496412004 0.0061194876553536488 -0.019003868019049911 0.0030849881974365635 -0.016085426696492537 -0.0032965383719826841 0.0099186954222504516 0 -0.0039907931798181468 -0.0094902551356745024 -0.0035052229690481981 0.0035238943851784426 0.0048460028863711608 0.0014135349659006511 0.00060393701533010343 0 -0.0015231998144103797 0.0014691842359919611 -0.00010619185971348801 -0.0005139032344067925
leaf_weight=12.999999999999998 20 13.999999999999998 28 12.999999999999998 12.999999999999998 13.000000000000002 12.999999999999998 11.999999999999998 11.999999999999998 14.999999999999998 35 10.999999999999998 20 85 30 56 34 10.999999999999998 97
leaf_count=13 20 14 28 13 13 13 13 12 12 15 35 11 20 85 30 56 34 11 97
internal_value=-0.000289102 -0.000719218 0 -0.000329392 -0.00169821 0.00134165 0.00588248 -0.000618367 -0.00385647 0.000547972 0.000104211 0.00102285 -0.000484427 0.000481836 0.00199481 -0.000221041 0.000579108 0.00213548 0
internal_weight=545 532 518 498 276 222 26 263 45 196 218 181 33 206 65 141 170 39 131
internal_count=545 532 518 498 276 222 26 263 45 196 218 181 33 206 65 141 170 39 131
is_linear=0
shrinkage=0.0529975


Tree=124
num_leaves=16
num_cat=0
split_feature=39 38 29 29 19 29 31 29 1 22 19 4 13 35 13
split_gain=0.963817 1.24554 0.721361 0.345557 0.544279 0.130575 0.463656 0.102216 0.0833594 0.0795958 0.070931 0.0501674 0.0471323 0.0325388 0.0314289
threshold=-1.1558530955085182 -0.85777646155359866 0.96361458521015575 -1.1125084092197188 -0.95772725582126561 0.26696810119628295 -0.20609587453079195 0.67528232375896413 -1.0705623194006535 -1.0383866851108168 -0.14661678075790294 -1.4220666722903352 0.16196192791257707 -0.42053532500556762 -0.42909382151449588
decision_type=2 2 2 2 2 2 2 2 2 2 2 2 2 2 2
left_child=-1 -2 3 -3 -5 8 10 12 11 -10 -7 -6 -8 -11 -13
right_child=1 2 -4 4 5 6 7 -9 9 13 -12 14 -14 -15 -16
leaf_value=-0.012348693922730292 0.012474036633340777 0.007436310223001486 -0.010020995238401453 -0.0080403379302619021 0 -0.0098414641072505134 -0.002179174601959679 0.0038020883797148359 -0.0032336983353289136 -0.00026078352989381562 -0.0019708147390110112 0.00026334804617070338 0.00060389068779545855 0.00082117421764350536 0.0046016407822233275
leaf_weight=11.999999999999998 15.999999999999998 10.999999999999998 14.999999999999998 18 10.999999999999998 11.000000000000002 21 14.999999999999998 10.999999999999998 103 11.999999999999998 10.999999999999998 36 221 21
leaf_count=12 16 11 15 18 11 11 21 15 11 103 12 11 36 221 21
internal_value=-0.000282007 0.000111064 -0.000396822 0 -0.000248537 0.00013034 -0.00154833 0.000594406 0.000588007 0.000261142 -0.00723268 0.00264835 -0.000420405 0.000457564 0.00357108
internal_weight=545 533 517 502 491 473 95 72 378 335 23 43 57 324 32
internal_count=545 533 517 502 491 473 95 72 378 335 23 43 57 324 32
is_linear=0
shrinkage=0.0529975


Tree=125
num_leaves=14
num_cat=0
split_feature=29 39 29 0 28 27 25 35 2 39 3 27 37
split_gain=0.908801 0.681097 0.692814 1.0104 0.6096 0.351993 0.228562 0.255924 0.220107 0.0994456 0.0504316 0.0840464 0.058492
threshold=1.3382556559007897 -1.037851409117408 0.74954040166073665 1.0722266725251193 0.057306762566011353 -1.159774799019845 -1.2633808432044347 -1.4206200641205091 -1.0530676585040981 1.9373597581478144 -0.52153959772711989 -0.30845206814242393 -0.81674439241534058
decision_type=2 2 2 2 2 2 2 2 2 2 2 2 2
left_child=1 4 5 -4 -1 -3 7 -7 -8 10 11 -10 -12
right_child=-2 2 3 -5 -6 6 8 -9 9 -11 12 -13 -14
leaf_value=-0.0012715502419934873 -0.011096314899157605 -0.0069232308004964034 -0.016685572628424444 0.0023848844687138948 0.01301103357146356 -0.00083982626353333047 -0.0050696519262656801 0.0078904312715966408 -0.0040652236753135132 0.0036175407039445956 0.0013274614640331735 -3.2744585410642878e-05 -9.3429589670281776e-05
leaf_weight=11.000000000000002 14.999999999999998 12.999999999999998 11.000000000000002 10.999999999999998 14.999999999999998 12.000000000000002 15.999999999999998 17 12.999999999999998 19 127 78 187
leaf_count=11 15 13 11 11 15 12 16 17 13 19 127 78 187
internal_value=-0.000277952 0.000135911 -0.000323053 -0.00843236 0.00764425 0.000131835 0.000427027 0.00455341 8.18356e-05 0.000360462 0.000140116 -0.000896525 0.000473541
internal_weight=545 530 504 22 26 482 469 29 440 424 405 91 314
internal_count=545 530 504 22 26 482 469 29 440 424 405 91 314
is_linear=0
shrinkage=0.0529975


Tree=126
num_leaves=23
num_cat=0
split_feature=30 30 19 5 33 2 35 39 19 30 39 19 19 37 9 45 6 12 19 47 37 39
split_gain=0.927927 1.68523 0.389236 1.40698 0.364912 0.681285 0.337991 0.477701 0.278249 0.0766486 0.0656083 0.139754 0.152684 0.0602759 0.0582394 0.0552339 0.0627599 0.0520351 0.0481678 0.013918 0.0266472 0.00521259
threshold=-1.6045160372440099 -1.2827102050692498 -0.32580081582471693 0.63685018902434853 -1.0074332757020199 -0.86685397367927142 1.8683597752269181 -1.0783225139200134 -0.95772725582126561 1.007757035394693 -0.77696491235144882 0.33105089177526276 0.016453117862741229 1.1396723290255804 0.34869418108768963 1.221717239439402 0.87077502392940376 0.53181816397511239 -0.15395302483745629 -1.3948822523376514 -0.33445516848028017 -0.21892884926927833
decision_type=2 2 2 2 2 2 2 2 2 2 2 2 2 2 2 2 2 2 2 2 2 2
left_child=-1 -2 3 4 -3 -6 7 -4 -7 17 11 12 18 19 -14 16 -15 -10 -9 21 -21 -12
right_child=1 2 6 -5 5 8 -8 10 9 -11 13 -13 14 15 -16 -17 -18 -19 -20 20 -22 -23
leaf_value=0.011219036668967427 -0.016638858260716826 -0.0061877196299820339 0.0090738004096653085 -0.016210286177166636 0.0093789463107008097 -0.0066471255704481647 -0.0057703105012836316 0.00024116535731686796 -0.0015307992988276696 0.0030399234107888742 0.0011795553921573785 0.0057189982998750808 -0.0039591149324471435 0.0028896502217840262 8.2561326822544923e-05 -0.0011625112551538282 -0.0007485803297382842 0.00074173689206751318 0.0048322165419697524 -0.0015080817878308449 0 0
leaf_weight=12.999999999999998 11.999999999999998 21 14.999999999999998 11.999999999999998 14.999999999999998 13.999999999999998 13.999999999999998 15.999999999999998 54 14.999999999999998 13.999999999999998 15.999999999999998 13.000000000000002 51 13.999999999999998 10.999999999999998 10.999999999999998 44 13.000000000000002 43 96 18
leaf_count=13 12 21 15 12 15 14 14 16 54 15 14 16 13 51 14 11 11 44 13 43 96 18
internal_value=-0.000275529 -0.000691309 -0.000124521 -0.00213097 -0.000514726 0.00049376 0.000892363 0.00129256 -0.000878706 7.6214e-05 0.000739401 0.00209379 0.000492386 0.000271171 -0.00201759 0.00149689 0.00213235 -0.000459378 0.00297414 -0.000245611 -0.000502332 0.000588989
internal_weight=545 532 520 175 163 142 345 331 127 113 316 72 56 244 27 73 62 98 29 171 139 32
internal_count=545 532 520 175 163 142 345 331 127 113 316 72 56 244 27 73 62 98 29 171 139 32
is_linear=0
shrinkage=0.0529975


Tree=127
num_leaves=17
num_cat=0
split_feature=39 30 29 30 19 9 19 31 29 30 38 15 29 25 17 45
split_gain=0.930402 1.15893 0.389286 0.852616 0.422294 0.84171 0.413401 0.194015 0.466531 0.280371 0.111498 0.154576 0.0394185 0.0376708 0.0525041 0.0191899
threshold=-1.1558530955085182 -1.4739652562250283 -0.8007581298917843 1.2529128884377021 -0.71234336683649502 -0.90716431318354485 -0.95772725582126561 0.66856331366879385 0.6273942987389155 -0.4671124990250764 -0.21026374513355034 -1.2252975897148428 -0.85191837106913615 -1.2412826634859453 -1.0560011098508615 0.54038094320560914
decision_type=2 2 2 2 2 2 2 2 2 2 2 2 2 2 2 2
left_child=-1 -2 6 4 5 -4 -3 8 13 -9 -11 -12 15 -6 -15 -8
right_child=1 2 3 -5 7 -7 12 9 -10 10 11 -13 -14 14 -16 -17
leaf_value=-0.012122597693173897 0.012987692257817679 0.010762937085221526 -0.014536997228940172 -0.012505390931841179 -0.0019005190591034659 0.00095843602275605204 0.00059178889914791367 0.0082493924586758607 -0.0075554831246054145 -0.0031639190778358557 -0.0027556838863739149 0.0023653997284555045 0.0025570948563688684 0.0029420162208164003 0 -0.001637823375727168
leaf_weight=11.999999999999998 12.999999999999998 10.999999999999998 11.000000000000002 10.999999999999998 21 20 12.999999999999998 10.999999999999998 19 10.999999999999998 13.999999999999998 81 12.000000000000002 11.999999999999998 259 13.999999999999998
leaf_count=12 13 11 11 11 21 20 13 11 19 11 14 81 12 12 259 14
internal_value=-0.000266499 0.000119367 -0.000333456 -0.000833634 -0.000381241 -0.00581614 0.00382928 7.12356e-05 -0.000606401 0.00187101 0.000740496 0.00142275 0.000544706 0 0.000173071 -0.000440171
internal_weight=545 533 520 470 459 31 50 428 311 117 106 95 39 292 271 27
internal_count=545 533 520 470 459 31 50 428 311 117 106 95 39 292 271 27
is_linear=0
shrinkage=0.0529975


Tree=128
num_leaves=19
num_cat=0
split_feature=45 30 19 47 30 3 38 7 13 7 30 37 10 12 47 26 7 13
split_gain=0.869624 0.762544 0.415703 0.23674 0.727821 0.728002 0.319707 0.407863 0.266971 0.224795 0.177183 0.160764 0.0613282 0.117624 0.0797254 0.0573929 0.0464265 0.0355107
threshold=1.7894974863008961 -1.6045160372440099 -1.084056395528697 0.59100304412747862 0.59757875010197681 -0.10224552992494128 -0.28992675498330472 0.22527045370200158 0.69391210239694279 1.527066262327532 1.0684567549518114 1.7603575911333127 1.1313294442329442 0.93727083975314363 0.24260211492306979 0.23321097178856223 0.71816386921332998 0.12255821128410553
decision_type=2 2 2 2 2 2 2 2 2 2 2 2 2 2 2 2 2 2
left_child=1 -1 -3 6 8 -6 7 -4 11 10 12 15 13 -8 -14 17 -17 -5
right_child=-2 2 3 4 5 -7 9 -9 -10 -11 -12 -13 14 -15 -16 16 -18 -19
leaf_value=0.010551262696121484 -0.011723028393938148 -0.0084070118678364267 -0.00049208826819162061 0 -0.016324185276255995 0.00038827638298901833 -0.00045734886781393497 0.011148759988462768 -0.0059182674680959878 0.0058719838378483878 0.0045200859313886121 0.0056155184249482536 -0.0036729366584612234 0.0029811372378480577 0 -0.0020740050156339042 0.00030263965692751011 0.0028755908198673176
leaf_weight=12.999999999999998 11.999999999999998 10.999999999999998 13.000000000000002 18 11.000000000000002 10.999999999999998 214 11.999999999999998 12.999999999999998 12.999999999999998 15.999999999999998 10.999999999999998 27 26 28 34 42 20
leaf_count=13 12 11 13 18 11 11 214 12 13 13 16 11 27 26 28 34 42 20
internal_value=-0.0002607 0.000111954 -0.00025306 5.42846e-06 -0.00163313 -0.00942509 0.0007912 0.00594601 -1.6652e-06 0.000271468 -4.7251e-05 0.000803086 -0.00040329 0 -0.00190436 2.31098e-05 -0.000749331 0.00161832
internal_weight=545 533 520 509 160 22 349 25 138 324 311 125 295 240 55 114 76 38
internal_count=545 533 520 509 160 22 349 25 138 324 311 125 295 240 55 114 76 38
is_linear=0
shrinkage=0.0529975


Tree=129
num_leaves=19
num_cat=0
split_feature=39 30 19 5 33 2 14 36 39 3 7 12 3 39 44 45 3 39
split_gain=0.887946 1.02146 0.258127 1.23355 0.319378 0.606184 0.254616 0.125729 0.244221 0.431437 0.0703416 0.0665104 0.0494829 0.0470837 0.0263416 0.0244069 0.0447825 0.0214199
threshold=-1.1558530955085182 -1.4739652562250283 -0.32580081582471693 0.63685018902434853 -1.0074332757020199 -0.86685397367927142 -0.8222922762833399 -1.3119446050013639 -0.91103434732234057 -0.32476562731118558 0.75838092719554961 0.57550110288408074 -1.3969079147176331 1.946446891419239 -0.27848972336365163 -0.8222916492619764 -0.90405348414314246 1.2513520998271794
decision_type=2 2 2 2 2 2 2 2 2 2 2 2 2 2 2 2 2 2
left_child=-1 -2 3 4 -3 -6 -7 -4 9 -9 11 -8 14 15 -10 17 -17 -14
right_child=1 2 7 -5 5 6 10 8 12 -11 -12 -13 13 -15 -16 16 -18 -19
leaf_value=-0.011831131913940378 0.012209363357967379 -0.0057265468836386821 -0.0029079032951393655 -0.015108862916874173 0.0089039308002228611 -0.0068327673996708919 -0.0015429214790175429 -0.00099960396807910554 0 0.0095077948651418175 0.0031708035755548267 0.00098118127607547435 0 0.0022676646392819516 0.0035940331901273053 -0.0028560364663150245 -0.00017923068435774116 0.0021926621157431466
leaf_weight=11.999999999999998 12.999999999999998 21 21 11.999999999999998 14.999999999999998 10.999999999999998 59 17 12.000000000000002 17 11.999999999999998 45 54 18 11.999999999999998 14.999999999999998 167 11.999999999999998
leaf_count=12 13 21 21 12 15 11 59 17 12 17 12 45 54 18 12 15 167 12
internal_value=-0.000248174 0.000128368 -0.000296122 -0.00192749 -0.00041408 0.000524563 -0.000769437 0.000530273 0.000823074 0.00471725 5.58659e-05 -0.000393313 0.000256603 8.17889e-08 0.0022985 -0.000186652 -0.00052106 0.000605084
internal_weight=545 533 520 175 163 142 127 345 324 34 116 104 290 266 24 248 182 66
internal_count=545 533 520 175 163 142 127 345 324 34 116 104 290 266 24 248 182 66
is_linear=0
shrinkage=0.0529975


Tree=130
num_leaves=20
num_cat=0
split_feature=29 39 29 28 29 28 35 25 8 0 12 29 6 45 7 39 3 6 39
split_gain=0.902599 0.610889 0.63116 0.551029 0.346535 1.24512 0.315419 0.208613 0.259923 0.134229 0.0645517 0.128195 0.105577 0.06364 0.0636362 0.0463075 0.0412357 0.0307305 0.00523799
threshold=1.3382556559007897 -1.037851409117408 0.88678181099218489 0.057306762566011353 -0.26151545470841348 -0.72907562883089327 -1.2356161011941302 -1.1890938102248458 1.0554987731082663 -1.1150742042445805 0.25200630881414771 0.67528232375896413 0.73051422641746433 -0.70873559988967771 0.36975010353499743 -0.38841790629953959 0.64439215221402557 1.3242449925049844 -0.79348685826839638
decision_type=2 2 2 2 2 2 2 2 2 2 2 2 2 2 2 2 2 2 2
left_child=1 3 4 -1 6 -6 -3 -8 13 -7 11 16 18 15 -15 -9 -11 -14 -12
right_child=-2 2 -4 -5 5 9 7 8 -10 10 12 -13 17 14 -16 -17 -18 -19 -20
leaf_value=-0.0011786279224492422 -0.011019928606009054 0.0072901376605332933 -0.010011510981845492 0.012387541738401585 -0.014269042333511667 -0.0043558339927143933 -0.0043990120145799404 0.00460668565089395 0.0071551854709906888 -8.9133841408942631e-05 -0.0047123117518753678 0.0051318155753949674 0.0013976226089966607 -0.00064873849242158305 0.0016362358275064193 0.00047824917748172092 0.0022531958126694135 -0.00092163164133463591 -0.0010689124220974945
leaf_weight=11.000000000000002 14.999999999999998 19 11.999999999999998 14.999999999999998 12.999999999999998 13.999999999999998 12.999999999999998 11.999999999999998 13.999999999999998 139 11.000000000000002 10.999999999999998 28 96 45 24 18 22 12.999999999999998
leaf_count=11 15 19 12 15 13 14 13 12 14 139 11 11 28 96 45 24 18 22 13
internal_value=-0.000237191 0.00017482 -0.000259589 0.00728447 8.19226e-05 -0.00117256 0.00161676 0.000862014 0.00137855 -0.000169486 0.000144 0.000737756 -0.00107093 0.000663988 6.99915e-05 0.00248198 0.000209574 0.000263001 -0.00357985
internal_weight=545 530 504 26 492 269 223 204 191 256 242 168 74 177 141 36 157 50 24
internal_count=545 530 504 26 492 269 223 204 191 256 242 168 74 177 141 36 157 50 24
is_linear=0
shrinkage=0.0529975


Tree=131
num_leaves=21
num_cat=0
split_feature=29 39 29 28 29 27 30 27 28 0 17 12 29 6 13 26 53 29 6 39
split_gain=0.83504 0.564301 0.58709 0.511825 0.322064 1.15597 0.257101 0.247375 0.217 0.124338 0.121301 0.0605695 0.119547 0.0985274 0.0578844 0.0446629 0.043724 0.0384887 0.0282019 0.00436366
threshold=1.3382556559007897 -1.037851409117408 0.88678181099218489 0.057306762566011353 -0.26151545470841348 -0.72810520185802963 1.0684567549518114 -1.042965392848809 0.38602634040013523 -1.1150742042445805 -1.3105806173252754 0.25200630881414771 0.67528232375896413 0.73051422641746433 -1.0398514292558045 0.018063848003439867 -0.36007183007885429 0.6273942987389155 1.3242449925049844 -0.79348685826839638
decision_type=2 2 2 2 2 2 2 2 2 2 2 2 2 2 2 2 2 2 2 2
left_child=1 3 4 -1 6 -6 8 -8 10 -7 -3 12 17 19 15 -12 -16 -11 -15 -13
right_child=-2 2 -4 -5 5 9 7 -9 -10 11 14 13 -14 18 16 -17 -18 -19 -20 -21
leaf_value=-0.0011382013394578519 -0.01060269297484606 -0.0038974883021993477 -0.0096577174606471312 0.011918526744861928 -0.013751528281653659 -0.0041942110908016039 0.0098686725460255167 0 0.0065230403082642717 0.0004986578352603289 -0.0030987214286052416 -0.0045506806280024691 0.0049557956489912278 0.0013366169034649089 0.0024030252636107093 0.00019751859701133123 0.00034655102897054971 -0.0021264793011145197 -0.00088324919851508329 -0.0010301447612480132
leaf_weight=11.000000000000002 14.999999999999998 11.999999999999998 11.999999999999998 14.999999999999998 12.999999999999998 13.999999999999998 13.000000000000002 12.999999999999998 10.999999999999998 146 11.999999999999998 11.000000000000002 10.999999999999998 28 46 21 95 10.999999999999998 22 12.999999999999998
leaf_count=11 15 12 12 15 13 14 13 13 11 146 12 11 11 28 46 21 95 11 22 13
internal_value=-0.000231255 0.000164578 -0.000252391 0.00699817 7.65086e-05 -0.00113233 0.00155668 0.00600883 0.000774534 -0.000164786 0.000205081 0.000135934 0.000711983 -0.00103988 0.000647236 -0.00111418 0.00113563 0.000200416 0.000245153 -0.00346371
internal_weight=545 530 504 26 492 269 223 26 197 256 186 242 168 74 174 33 141 157 50 24
internal_count=545 530 504 26 492 269 223 26 197 256 186 242 168 74 174 33 141 157 50 24
is_linear=0
shrinkage=0.0529975


Tree=132
num_leaves=24
num_cat=0
split_feature=39 30 16 35 14 19 19 19 8 9 25 19 31 19 37 1 17 0 46 45 16 4 39
split_gain=0.834795 0.996817 0.229998 0.613781 1.13987 0.318458 0.21018 0.152395 0.194994 0.0976544 0.124468 0.0822515 0.0819977 0.0782597 0.0717045 0.0636084 0.0578492 0.046611 0.0298264 0.0213392 0.0142528 0.012694 0.010421
threshold=-1.1558530955085182 -1.4739652562250283 -0.90459423178773413 0.27585025848075434 0.27329797945461803 -1.1597747990198337 0.60675712484006339 -0.73828673672853917 0.84450741130312301 1.4058277343555114 1.5294687999074881 -0.63124966229775092 -0.23990902356405411 -0.85535387021005227 -0.78948456671466416 0.55837610127759529 1.6588777220044402 -1.2092245394208951 -0.18832435130588573 0.086156745716413782 -1.2004657762166915 1.3801884072469128 -0.50953401405496501
decision_type=2 2 2 2 2 2 2 2 2 2 2 2 2 2 2 2 2 2 2 2 2 2 2
left_child=-1 -2 6 5 -5 -4 9 8 13 10 18 -9 17 -7 -14 -6 -12 -13 -3 -17 22 -20 -18
right_child=1 2 3 4 15 7 -8 11 -10 -11 16 12 14 -15 -16 19 20 -19 21 -21 -22 -23 -24
leaf_value=-0.011460450745469359 0.012069804771668694 0 -0.0069432657795679307 -0.01752341231974645 0.0018025692264588722 -0.0022249487762943348 0.0072916095390842617 -0.0032429656484282785 0.007454504082437672 0.0040627428732520812 -0.0042958443213472683 0.0010967600799156264 0.0024089461175859808 0.0026436100357239006 4.9485085976678791e-05 -0.0030756774194413351 -0.0019164104193915537 -0.0013169634867943412 0.00049946969734350943 0 0.0007290256993773939 0.0040296435066136151 0
leaf_weight=11.999999999999998 12.999999999999998 15.999999999999998 11.999999999999998 10.999999999999998 10.999999999999998 12.999999999999998 10.999999999999998 15.999999999999998 11.999999999999998 13.999999999999998 11.999999999999998 20 52 12.000000000000002 114 16.000000000000004 10.999999999999995 108 12.000000000000002 11.999999999999998 12.000000000000005 11.999999999999998 10.999999999999998
leaf_count=12 13 16 12 11 11 13 11 16 12 14 12 20 52 12 114 16 11 108 12 12 12 12 11
internal_value=-0.000228947 0.000135647 -0.000283624 -0.000877052 -0.00603906 -5.15715e-05 0.00177615 0.000280869 0.00324361 0.000725382 0 -0.000105486 0.000103387 0 0.000887419 -0.000741076 -0.00182042 -0.00085549 0.00196325 -0.0020875 -0.00025904 0.0029501 -0.00108818
internal_weight=545 533 520 409 50 359 111 347 37 100 86 310 294 25 166 39 46 128 40 28 34 24 22
internal_count=545 533 520 409 50 359 111 347 37 100 86 310 294 25 166 39 46 128 40 28 34 24 22
is_linear=0
shrinkage=0.0529975


Tree=133
num_leaves=16
num_cat=0
split_feature=39 38 29 29 27 29 10 24 25 27 26 29 13 9 9
split_gain=0.777124 0.926655 0.549229 0.305812 0.370827 1.11069 0.0694217 0.10502 0.0934516 0.0707646 0.0914552 0.0893638 0.032479 0.0339499 0.0263441
threshold=-1.1558530955085182 -0.85777646155359866 0.99250610888350865 -1.1125084092197188 -0.77729306540004683 -0.54213609959460229 1.1313294442329442 -1.1894527247688729 -0.95605744065263887 -0.59205840559473943 -0.63145991334128004 -0.2653448297374848 -0.17296966342943093 -0.72283149376689626 -0.4015808138966292
decision_type=2 2 2 2 2 2 2 2 2 2 2 2 2 2 2
left_child=-1 -2 3 -3 5 -5 7 14 -8 11 -11 -9 -10 -14 -6
right_child=1 2 -4 4 6 -7 8 9 12 10 -12 -13 13 -15 -16
leaf_value=-0.011055451567774606 0.010796292524800818 0.0070101544298329706 -0.0094022919951756191 0.0031149279142629639 0.005082754642789602 -0.013043979633762352 -0.0042783859941469479 0 -0.0019568265043809745 -0.0028191926624713229 0.00023911004423507907 0.0052512255939184231 0.0023672959710296462 -0.00038398976225513932 0.00048749238394183103
leaf_weight=11.999999999999998 15.999999999999998 10.999999999999998 11.999999999999998 20 11.000000000000002 17 14.999999999999998 22 10.999999999999998 24 317 10.999999999999998 14.999999999999995 20.000000000000004 10.999999999999998
leaf_count=12 16 11 12 20 11 17 15 22 11 24 317 11 15 20 11
internal_value=-0.000218603 0.000132699 -0.000303961 6.36442e-06 -0.000217823 -0.00493072 0.000207578 0.00048121 -0.00134861 0.000223163 -1.00668e-06 0.00236265 0 0.000798551 0.00363114
internal_weight=545 533 517 505 494 37 457 396 61 374 341 33 46 35 22
internal_count=545 533 517 505 494 37 457 396 61 374 341 33 46 35 22
is_linear=0
shrinkage=0.0529975


Tree=134
num_leaves=26
num_cat=0
split_feature=45 30 19 29 19 29 47 1 37 13 19 29 39 4 39 17 6 9 8 19 39 1 19 8 19
split_gain=0.817704 0.678056 0.321929 0.235134 1.63358 0.354038 0.817507 0.130576 0.104206 0.100696 0.0607508 0.0558976 0.0521389 0.0506027 0.0863291 0.0486521 0.040283 0.0388919 0.0301624 0.0294262 0.11115 0.0420007 0.0171766 0.0135905 0.00732649
threshold=1.7894974863008961 -1.6045160372440099 -1.084056395528697 0.26696810119628295 -0.3357664568293684 0.7731741465887918 0.59100304412747862 -0.96153778120526734 -0.73706182498259232 0.95003626048200773 -0.18832185409516231 -0.30479970699318965 -0.77090409534292548 -0.50554704724523192 1.9373597581478144 -0.7890739664377534 -0.35546998807432423 0.48215335102734042 0.8675096686219349 -0.58317633917525924 -0.4449525141229505 0.54216219559725587 0.40155559019853265 0.39208500430182752 -0.19209297706372019
decision_type=2 2 2 2 2 2 2 2 2 2 2 2 2 2 2 2 2 2 2 2 2 2 2 2 2
left_child=1 -1 -3 7 -5 9 -7 8 -4 12 -10 -12 16 15 19 18 -6 23 24 20 -15 -21 -14 -17 -9
right_child=-2 2 3 4 5 6 -8 13 10 -11 11 -13 22 14 -16 17 -18 -19 -20 21 -22 -23 -24 -25 -26
leaf_value=0.009992797177792211 -0.011326945882923073 -0.0073709289829166046 0.0058368156422243574 -0.015461072912687713 0.0024858543295131039 0.011042426311452346 -0.0036633922048356902 0.0017302874942328129 -0.0010517358431914752 -0.0049725983414761988 0.0041646890824137348 0 -0.0028648321528370571 0.0037590071319553303 0.0043420405490314992 -0.00050538608450912325 -0.00042807613001363934 0 -0.0012725913527901348 0.00066308949128244513 -0.0013950685954618586 -0.00091741189010379354 0 -0.0036904428051451575 0
leaf_weight=12.999999999999998 11.999999999999998 10.999999999999998 17 14.999999999999998 16.999999999999996 18 13.999999999999998 21.999999999999996 17 10.999999999999998 14.000000000000002 11.999999999999998 14.000000000000002 21 10.999999999999998 13.999999999999998 21.000000000000004 18 11.999999999999998 115 13.999999999999998 71 11.999999999999998 18 11.000000000000002
leaf_count=13 12 11 17 15 17 18 14 22 17 11 14 12 14 21 11 14 21 18 12 115 14 71 12 18 11
internal_value=-0.000210351 0.000150199 -0.000193701 3.18621e-05 -0.00192715 0.000628107 0.00486202 0.000687187 0.00284825 -0.00131834 0.000954438 0.00243574 -0.000218293 0.000225537 0.000659575 -0.000741501 0.000877902 -0.00181524 0.000387743 0.000335656 0.0016245 1.35907e-05 -0.00190299 -0.00278047 0.00127346
internal_weight=545 533 520 509 122 107 32 387 60 75 43 26 64 327 232 95 38 50 45 221 35 186 26 32 33
internal_count=545 533 520 509 122 107 32 387 60 75 43 26 64 327 232 95 38 50 45 221 35 186 26 32 33
is_linear=0
shrinkage=0.0529975


Tree=135
num_leaves=21
num_cat=0
split_feature=29 13 19 29 29 19 29 6 37 3 3 26 29 37 6 29 13 16 19 25
split_gain=0.787441 0.532488 0.689184 0.542872 0.307371 0.317323 0.987034 0.298446 0.111966 0.104396 0.141746 0.055018 0.0984196 0.068188 0.0731015 0.0366789 0.0422523 0.0575152 0.0388326 0.00273331
threshold=1.3382556559007897 1.009141835424715 0.56461929902412689 0.88678181099218489 -1.1125084092197188 -0.71234336683649502 -0.54213609959460229 0.73690576995370938 -0.7098019992819159 0.10372348583753192 0.62416305245163961 -0.45831677014854783 0.67528232375896413 1.8777845326131508 1.0300798118089556 1.0000000180025095e-35 0.23091843201240225 0.49190068689733013 -0.28488604230764769 -0.71293023027759161
decision_type=2 2 2 2 2 2 2 2 2 2 2 2 2 2 2 2 2 2 2 2
left_child=1 3 9 4 -1 6 8 -8 -6 -3 -11 15 13 14 -13 16 17 -7 -18 -17
right_child=-2 2 -4 -5 5 11 7 -9 -10 10 -12 12 -14 -15 -16 19 18 -19 -20 -21
leaf_value=0.006969574121535026 -0.010280122893736775 -0.0020207345022427701 0.014006128233770407 -0.009170125751644451 0.0052489940280708207 7.4605391614123462e-05 -0.015775811209833325 -0.002152915976609751 -0.00052407014520101643 0.005818781787985579 -0.00061312506381623502 -0.00018231209616751141 0.0043936889706195524 0.0028405599067798802 0.0031344001804755042 -0.00054163897799214592 -0.00054676992734731386 -0.0037374701553499344 0.0023655583504120208 -0.0031507836050426335
leaf_weight=10.999999999999998 14.999999999999998 13.999999999999998 10.999999999999998 12.999999999999998 13.000000000000002 22 11.000000000000002 10.999999999999998 12.999999999999998 13.000000000000002 13.999999999999998 265 11.999999999999998 21 13.999999999999998 13.000000000000002 15.999999999999998 10.999999999999998 20 11.999999999999998
leaf_count=11 15 14 11 13 13 22 11 11 13 13 14 265 12 21 14 13 16 11 20 12
internal_value=-0.000207866 0.000175985 0.00498199 -0.000387658 -1.36755e-05 -0.000286706 -0.0041105 -0.0111339 0.00258691 0.000934091 0.0027667 0.000201662 0.0005535 0.000293976 2.2057e-05 -0.000859456 -6.6419e-05 -0.00139629 0.00101162 -0.00238662
internal_weight=545 530 52 478 465 454 48 22 26 41 27 406 312 300 279 94 69 33 36 25
internal_count=545 530 52 478 465 454 48 22 26 41 27 406 312 300 279 94 69 33 36 25
is_linear=0
shrinkage=0.0529975


Tree=136
num_leaves=24
num_cat=0
split_feature=45 30 30 29 19 29 47 34 29 6 26 5 13 13 44 37 39 12 6 13 30 3 21
split_gain=0.765631 0.657101 0.299138 1.06754 0.281259 0.234299 0.749485 0.185075 0.137417 0.110827 0.102573 0.118252 0.10064 0.0917345 0.0592922 0.0462495 0.0637625 0.0326744 0.0520936 0.0363013 0.0264343 0.0196868 0.0134495
threshold=1.7894974863008961 -1.6045160372440099 0.34485729356418537 0.67528232375896413 -1.084056395528697 0.7731741465887918 0.59100304412747862 -1.0254979019753936 0.18888648312768833 1.389307088260046 -1.621090904150696 -0.7305514475155096 0.95003626048200773 -0.039982119808339538 1.0000000180025095e-35 -0.81674439241534058 1.8227470085125217 -0.86036561408002055 -0.35546998807432423 0.58062641709008711 -0.14500950889521416 0.76392774171903277 -0.34000473012558602
decision_type=2 2 2 2 2 2 2 2 2 2 2 2 2 2 2 2 2 2 2 2 2 2 2
left_child=1 -1 5 4 -4 8 -7 -6 10 13 -3 20 17 14 -9 -13 -17 -10 -19 -20 -12 -15 -22
right_child=-2 2 3 -5 7 6 -8 9 12 -11 11 15 -14 21 -16 16 -18 18 19 -21 22 -23 -24
leaf_value=0.0098374413275892775 -0.010957506757776746 0.0040308420130219548 -0.0069768376415437657 -0.013842166728008171 0.0048441895906804399 0.011345539187276637 -0.0033989595763612309 0.00026731904806960913 -0.001930767439568595 -0.0044918459103639504 0 0.0034204817470919243 -0.0048781956932576354 0.002480190041042077 -0.0022943874586089765 0.00013776150761330436 0.0030410868035656478 0.002535198105584946 -0.0020499288054246882 0.00084602569557412763 -0.0040285998805419249 0 -0.00038979900056206344
leaf_weight=12.999999999999998 11.999999999999998 21 10.999999999999998 12.999999999999998 14.999999999999998 15.000000000000002 12.999999999999998 45 21 10.999999999999998 17 17 13.999999999999998 32 40 133 21 13.999999999999998 20 13.999999999999998 11.000000000000002 10.999999999999998 10.999999999999998
leaf_count=13 12 21 11 13 15 15 13 45 21 11 17 17 14 32 40 133 21 14 20 14 11 11 11
internal_value=-0.00020041 0.000148027 -0.000190316 -0.00192703 -0.000494926 0.000711146 0.00490237 0.000168541 0.000230718 -0.000467321 0.00091209 0.000464634 -0.00152083 1.19458e-05 -0.000933186 0.00109536 0.000676462 -0.000410921 0.000265231 -0.000734782 -0.00192306 0.00190834 -0.00293186
internal_weight=545 533 520 178 165 342 28 154 314 139 231 210 83 128 85 171 154 69 48 34 39 43 22
internal_count=545 533 520 178 165 342 28 154 314 139 231 210 83 128 85 171 154 69 48 34 39 43 22
is_linear=0
shrinkage=0.0529975


Tree=137
num_leaves=19
num_cat=0
split_feature=39 38 29 29 19 6 12 29 13 12 39 39 31 31 14 45 3 36
split_gain=0.770023 0.788021 0.4828 0.294507 0.303708 0.956036 0.0648196 0.0962782 0.121793 0.0829069 0.0634252 0.0598343 0.0586801 0.0521023 0.0491463 0.0322949 0.0457308 0.00701278
threshold=-1.1558530955085182 -0.85777646155359866 0.99250610888350865 -1.1125084092197188 -0.77729306540003507 0.60253933251252334 0.084741481519680195 0.031036353483505329 -0.0055038677584269549 -0.24770820666942364 -0.86305666682133453 -0.62158061868772108 -0.65090950601940956 -1.4162328536167355 -0.20258581888715885 -1.1629597973788728 -0.25856130081610457 -0.69046471870436987
decision_type=2 2 2 2 2 2 2 2 2 2 2 2 2 2 2 2 2 2
left_child=-1 -2 3 -3 5 -5 9 8 14 10 -6 -12 -9 -10 -8 -11 -17 -14
right_child=1 2 -4 4 6 -7 7 12 13 15 11 -13 17 -15 -16 16 -18 -19
leaf_value=-0.010984857427334849 0.0099857720994430826 0.0069114480596855358 -0.0087813267641314099 -0.011986725658479351 -0.0022732330323481792 0.0029811804709393552 -0.0024967771522596809 -0.0042708702758988571 0.0035893194390642287 0 0.002067083195715789 0 0 0.00052627726268191627 0.00012103927336568346 0.0047770468115040906 0.00026944754495889216 -0.0012064571274814392
leaf_weight=11.999999999999998 15.999999999999998 10.999999999999998 11.999999999999998 17 18 20 37 19 21 12.999999999999998 49 137 21 61 28 20 13.999999999999998 19
leaf_count=12 16 11 12 17 18 20 37 19 21 13 49 137 21 61 28 20 14 19
internal_value=-0.000196798 0.000152632 -0.000249329 4.041e-05 -0.000179673 -0.00444612 0.000203774 -0.000464894 0.000234676 0.000777781 0.000246798 0.000590432 -0.0021762 0.00158122 -0.00135574 0.00266198 0.00341427 -0.000602305
internal_weight=545 533 517 505 494 37 457 206 147 251 204 186 59 82 65 47 34 40
internal_count=545 533 517 505 494 37 457 206 147 251 204 186 59 82 65 47 34 40
is_linear=0
shrinkage=0.0529975


Tree=138
num_leaves=23
num_cat=0
split_feature=45 30 30 3 46 35 39 38 31 44 8 9 30 1 39 19 2 37 13 10 19 12
split_gain=0.724411 0.585387 0.267755 0.494876 0.842883 0.214062 0.450816 0.151661 0.147457 0.207623 0.2676 0.154203 0.117689 0.085106 0.0836878 0.0759397 0.0764665 0.0706978 0.0631293 0.06186 0.0571728 0.0273911
threshold=1.7894974863008961 -1.6045160372440099 0.34485729356418537 -0.3155705819646461 0.45820649254739221 1.8196664449598725 -1.0783225139200134 -0.75348243586137342 0.54413712540860371 1.1974606743659131 1.0250222033349827 0.51530509240502587 0.58676884827254006 -0.046290760559894624 -0.38841790629953959 -0.32580081582471693 0.024046434023093644 1.6722873850234283 0.21121657369816649 0.3867303336504192 0.33746938443185265 1.0329322119190028
decision_type=2 2 2 2 2 2 2 2 2 2 2 2 2 2 2 2 2 2 2 2 2 2
left_child=1 -1 5 4 18 6 -3 -8 9 10 11 19 -10 15 -14 21 -17 20 -4 -5 -15 -9
right_child=-2 2 3 8 -6 -7 7 13 12 -11 -12 -13 14 17 -16 16 -18 -19 -20 -21 -22 -23
leaf_value=0.0092940032686009543 -0.010653790015414649 0.0087234323424806616 -0.0023352564877605455 0 -0.015554025130320004 -0.005080295296523249 -0.0043704336542440487 -0.0039262702970777868 -0.00083249968522487944 0.0031544802525412113 -0.0087141778398933285 0.0023285104659249269 0.0058130111857881044 0.00030999873631509724 2.0380707865506257e-05 0.00094856338664274769 -0.002052377809426941 0.005133730939484115 0.0020179360831438209 -0.0039962867096112603 0.0029829196625157 0
leaf_weight=12.999999999999998 11.999999999999998 13.999999999999998 14.000000000000002 17 11.999999999999998 10.999999999999998 10.999999999999998 11.000000000000002 21 14.999999999999998 10.999999999999998 20 16.000000000000004 89 13.999999999999998 133 22 10.999999999999998 10.999999999999998 27 29 10.999999999999998
leaf_count=13 12 14 14 17 12 11 11 11 21 15 11 20 16 89 14 133 22 11 11 27 29 11
internal_value=-0.000189926 0.000148603 -0.000170099 -0.00181398 -0.00679861 0.000681931 0.000981141 0.000461983 -0.000234463 -0.00153389 -0.00272192 -0.000933924 0.00185623 0.000738744 0.00375753 0 0.000418662 0.00174127 -0.000174679 -0.00265797 0.00113572 -0.00257112
internal_weight=545 533 520 178 37 342 331 317 141 90 75 64 51 306 30 177 155 129 25 44 118 22
internal_count=545 533 520 178 37 342 331 317 141 90 75 64 51 306 30 177 155 129 25 44 118 22
is_linear=0
shrinkage=0.0529975


Tree=139
num_leaves=16
num_cat=0
split_feature=29 39 29 0 28 29 27 29 24 13 30 10 39 6 39
split_gain=0.76708 0.48096 0.482586 0.804613 0.426638 0.277633 0.284073 0.0930849 0.191124 0.137699 0.0511119 0.0294882 0.0279934 0.0546112 0.00998334
threshold=1.3382556559007897 -1.037851409117408 0.74954040166073665 1.0722266725251193 0.057306762566011353 -1.1125084092197188 -0.95772725582127649 0.24207146523303721 -0.64978118423572617 1.0583964812103044 1.007757035394693 0.041592096668920997 -0.72037846618712831 -0.35546998807432423 -0.55888787561939324
decision_type=2 2 2 2 2 2 2 2 2 2 2 2 2 2 2
left_child=1 4 5 -4 -1 -3 -7 9 -9 10 11 -8 13 -10 -14
right_child=-2 2 3 -5 -6 6 7 8 12 -11 -12 -13 14 -15 -16
leaf_value=-0.00092950620623478877 -0.010130668588912956 0.0068395663293683157 -0.014376852497273499 0.0024912667978518994 0.010986871073315061 -0.0056756211268275229 0.00067395563735221902 -0.0063192049266652837 0.0025624234676056663 0.004723208475591662 0.002670352647637696 -0.00030149995098153792 -0.002147625594469918 -0.0006085120602271751 0
leaf_weight=11.000000000000002 14.999999999999998 10.999999999999998 11.000000000000002 10.999999999999998 14.999999999999998 18 155 10.999999999999998 19 15.999999999999998 19 174 12.000000000000002 29 18
leaf_count=11 15 11 11 11 15 18 155 11 19 16 19 174 12 29 18
internal_value=-0.000188804 0.000189727 -0.000194559 -0.00696617 0.00649766 0.000182007 -4.28615e-05 0.000236963 -0.00122229 0.000626663 0.000341768 0.000141049 -2.05347e-05 0.00066247 -0.00123569
internal_weight=545 530 504 22 26 482 471 453 89 364 348 329 78 48 30
internal_count=545 530 504 22 26 482 471 453 89 364 348 329 78 48 30
is_linear=0
shrinkage=0.0529975


Tree=140
num_leaves=17
num_cat=0
split_feature=39 30 29 30 19 7 31 29 30 38 16 29 9 9 29 37
split_gain=0.743614 0.725534 0.315291 0.622068 0.374546 0.299386 0.150186 0.580674 0.217675 0.113676 0.0686955 0.0592905 0.055176 0.0382695 0.0368946 0.0241491
threshold=-1.1558530955085182 -1.4739652562250283 -0.8007581298917843 1.2529128884377021 -0.95772725582126561 -1.897707229271955 0.66856331366879385 0.65561766953668521 -0.4671124990250764 -0.21026374513355034 -1.1928400721714438 0.24207146523303721 0.35752137825369174 -0.41347704061051677 -0.85191837106913615 1.5590542628821551
decision_type=2 2 2 2 2 2 2 2 2 2 2 2 2 2 2 2
left_child=-1 -2 4 5 -3 -4 7 11 -8 -10 -11 12 -7 -13 15 -6
right_child=1 2 3 -5 14 6 8 -9 9 10 -12 13 -14 -15 -16 -17
leaf_value=-0.010786744638834771 0.010339217693837048 0.010142296826384652 -0.0069651179064816162 -0.010619209364257965 0.00049573603177409961 0.0007521414820837746 0.0072002876943903149 -0.0091118237552820832 -0.0033565585116722392 -0.0016591881952191291 0.0018486553832159384 -0.0029616674916513779 -0.0010128573502995372 0 0.0023954182029624319 -0.0020443658238593287
leaf_weight=11.999999999999998 12.999999999999998 10.999999999999998 11.999999999999998 10.999999999999998 15.999999999999996 204 10.999999999999998 14.999999999999998 10.999999999999998 11.999999999999998 85 22 57 30 12.000000000000002 11
leaf_count=12 13 11 12 11 16 204 11 15 11 12 85 22 57 30 12 11
internal_value=-0.000184862 0.00015822 -0.000197993 -0.000650765 0.00354726 -0.000262989 0 -0.000579791 0.0015737 0.000590745 0.00127555 0 0.000326431 -0.001543 0.000428178 -0.000510898
internal_weight=545 533 520 470 50 459 447 328 119 108 97 313 261 52 39 27
internal_count=545 533 520 470 50 459 447 328 119 108 97 313 261 52 39 27
is_linear=0
shrinkage=0.0529975


Tree=141
num_leaves=20
num_cat=0
split_feature=29 39 29 28 29 19 30 39 12 8 6 0 29 19 19 29 13 39 26
split_gain=0.704425 0.457728 0.450432 0.40012 0.255918 0.812845 0.285149 0.217242 0.167456 0.143698 0.141077 0.11249 0.0502483 0.0546014 0.0606434 0.04497 0.0322656 0.043133 0.0376389
threshold=1.3382556559007897 -1.037851409117408 0.88678181099218489 0.057306762566011353 -0.26151545470841348 -0.7281052018580183 1.0684567549518114 -0.38841790629953959 0.93727083975314363 1.0250222033349827 1.0300798118089556 -1.1150742042445805 0.69848664362485546 -0.592058405594727 -0.32580081582471693 -0.51914819900760623 -1.0398514292558045 1.8227470085125217 0.089412667443840341
decision_type=2 2 2 2 2 2 2 2 2 2 2 2 2 2 2 2 2 2 2
left_child=1 3 4 -1 6 -6 8 -8 9 16 -10 -7 13 -13 -15 -12 18 -18 -3
right_child=-2 2 -4 -5 5 11 7 -9 10 -11 15 12 -14 14 -16 -17 17 -19 -20
leaf_value=-0.00086071427166980129 -0.0097125009001904471 -0.0025892485665256755 -0.0084372479789799042 0.010677518157973293 -0.011571297601263445 -0.0040025626340605882 0.0099737135456614296 0.0004052885489827255 0.0073262141087806947 -0.0044276044274702553 -0.00071322648712385879 0.0027132665315133756 0.0029060199342594377 -0.002376261063120064 1.9836044320032556e-05 0.0026692235798171553 0.00025903255306095112 0.0031694003973226203 0.00035501601871860364
leaf_weight=11.000000000000002 14.999999999999998 13.999999999999998 11.999999999999998 14.999999999999998 12.999999999999998 13.999999999999998 12.000000000000002 13.999999999999998 10.999999999999998 13.999999999999998 17 11.999999999999998 10.999999999999998 28 191 13.000000000000002 95 12.999999999999998 20
leaf_count=11 15 14 12 15 13 14 12 14 11 14 17 12 11 28 191 13 95 13 20
internal_value=-0.000185218 0.000177032 -0.000197458 0.00633121 8.86608e-05 -0.000987362 0.00140901 0.00608131 0.000596532 -0.000189787 0.00337948 -0.000170702 0.000114231 -5.94032e-05 -0.000310636 0.000758947 0.000343297 0.000818914 -0.000889127
internal_weight=545 530 504 26 492 269 223 26 197 156 41 256 242 231 219 30 142 108 34
internal_count=545 530 504 26 492 269 223 26 197 156 41 256 242 231 219 30 142 108 34
is_linear=0
shrinkage=0.0529975


Tree=142
num_leaves=23
num_cat=0
split_feature=45 30 30 29 29 47 19 8 29 39 13 26 5 45 6 37 39 12 6 36 30 1
split_gain=0.695481 0.577474 0.236864 0.931595 0.251048 0.608671 0.23406 0.159036 0.110472 0.100244 0.0981687 0.0865318 0.0993689 0.070693 0.0932312 0.0459547 0.0561015 0.0313206 0.0417348 0.0318032 0.0201424 0.0103173
threshold=1.7894974863008961 -1.6045160372440099 0.34485729356418537 0.55429414669926913 0.7731741465887918 0.59100304412747862 -1.084056395528697 0.78312287694308436 0.18888648312768833 -0.76344154031964429 0.95003626048200773 -1.621090904150696 -0.7305514475155096 -0.9358476986342753 -0.31001332184915381 -0.81674439241534058 1.8807771613815669 -0.86036561408002055 -0.35546998807432423 -0.61767878607499205 -0.14500950889521416 -0.34000473012558519
decision_type=2 2 2 2 2 2 2 2 2 2 2 2 2 2 2 2 2 2 2 2 2 2
left_child=1 -1 4 6 8 -6 -4 9 11 -8 17 -3 20 -11 -15 -14 -17 -10 -19 -20 -13 -22
right_child=-2 2 3 -5 5 -7 7 -9 10 13 -12 12 15 14 -16 16 -18 18 19 -21 21 -23
leaf_value=0.0092385934012394061 -0.010429146219571146 0.0036190628313385546 -0.0061539923593266679 -0.011693371550774869 0.010739325092951538 -0.0026028802546399516 0.0024528890764597263 0.0041033173659853796 -0.0018328466245488841 0.0012670504725984333 -0.0047308124706313195 0 0.0032231807505817426 0.00022722028807398452 -0.0030592838915736295 6.2422787634834476e-05 0.0029565323523755359 0.0023475806195200023 0.00089130795451893864 -0.0018199144519444412 -0.0037177941713422611 -0.00036304830194944601
leaf_weight=12.999999999999998 11.999999999999998 21 10.999999999999998 17 15.000000000000002 12.999999999999998 22 21 21 21 13.999999999999998 17 17 34 52 137 17 13.999999999999998 13.999999999999995 20.000000000000004 11.000000000000002 10.999999999999998
leaf_count=13 12 21 11 17 15 13 22 21 21 21 14 17 17 34 52 137 17 14 14 20 11 11
internal_value=-0.000175818 0.000155525 -0.000161005 -0.00170774 0.000639506 0.0049728 -0.000229517 0.000380025 0.000145327 -0.000329695 -0.00142281 0.000759983 0.000349205 -0.00106344 -0.00175393 0.00093226 0.00052439 -0.000333892 0.00032326 -0.000562641 -0.00183559 -0.00272693
internal_weight=545 533 520 178 342 28 161 150 314 129 83 231 210 107 86 171 154 69 48 34 39 22
internal_count=545 533 520 178 342 28 161 150 314 129 83 231 210 107 86 171 154 69 48 34 39 22
is_linear=0
shrinkage=0.0529975


Tree=143
num_leaves=17
num_cat=0
split_feature=39 30 29 30 19 7 31 29 29 30 47 29 45 53 6 3
split_gain=0.720195 0.655086 0.292507 0.576154 0.354699 0.26966 0.136173 0.506159 0.201659 0.0617313 0.0550672 0.0526422 0.0638733 0.0428205 0.0371907 0.0148544
threshold=-1.1558530955085182 -1.4739652562250283 -0.8007581298917843 1.2529128884377021 -0.95772725582126561 -1.897707229271955 0.66856331366879385 0.65561766953668521 0.7731741465887918 0.86544403751546073 0.80004360165012389 -0.29478589373628455 -0.48162350114508018 1.0593795073025254 0.50353014485828651 0.42187205482778184
decision_type=2 2 2 2 2 2 2 2 2 2 2 2 2 2 2 2
left_child=-1 -2 4 5 -3 -4 7 11 9 10 -8 12 -7 -13 15 -6
right_child=1 2 3 -5 14 6 8 -9 -10 -11 -12 13 -14 -15 -16 -17
leaf_value=-0.010602382833445757 0.0098428221257531989 0.0098557551723666252 -0.0065938190778030608 -0.010198606142927249 0.0026478408604540633 0.0024362460385306739 -0.00088958107541340747 -0.0085008008302324082 0.0057971330791590893 0.0033010578570924721 0.001959290629354135 -0.00096275980242919871 0 0.00091092050190590785 -0.0011126095882475154 0
leaf_weight=11.999999999999998 12.999999999999998 10.999999999999998 11.999999999999998 10.999999999999998 12.000000000000002 39 70 14.999999999999998 19 10.999999999999998 19 152 87 35 15.999999999999998 10.999999999999998
leaf_count=12 13 11 12 11 12 39 70 15 19 11 19 152 87 35 16 11
internal_value=-0.000168128 0.00016917 -0.000168844 -0.00060572 0.00343816 -0.000232252 8.13278e-06 -0.000535035 0.00151499 0.000353563 -0.000122584 0 0.000814946 -0.000558474 0.000400638 0.0017066
internal_weight=545 533 520 470 50 459 447 328 119 100 89 313 126 187 39 23
internal_count=545 533 520 470 50 459 447 328 119 100 89 313 126 187 39 23
is_linear=0
shrinkage=0.0529975


Tree=144
num_leaves=13
num_cat=0
split_feature=29 13 19 29 29 31 25 19 3 10 35 3
split_gain=0.670576 0.428274 0.531903 0.455036 0.249458 0.265608 0.138029 0.207748 0.0964762 0.104144 0.0706664 0.0703671
threshold=1.3382556559007897 1.009141835424715 0.56461929902412689 0.88678181099218489 -1.1125084092197188 -1.5796877396552738 -1.3308125281902385 -0.95772725582126561 0.10372348583753192 0.79645243786982534 -1.1312494572632468 -0.94635069273722194
decision_type=2 2 2 2 2 2 2 2 2 2 2 2
left_child=1 3 8 4 -1 -6 -7 -8 -3 -10 -9 -12
right_child=-2 2 -4 -5 5 6 7 10 9 -11 11 -13
leaf_value=0.0063219484444431828 -0.0094556820954618381 -0.0019246345124796817 0.012442877689628838 -0.0083509134105874128 -0.0055322934141305456 0.0046282038778676189 -0.0058540092033438698 -0.0031058489305362614 0.0051260998356956215 -0.00038535636053379038 -0.0014264529458942489 0.00056206250849449543
leaf_weight=10.999999999999998 14.999999999999998 13.999999999999998 10.999999999999998 12.999999999999998 19 11.999999999999998 10.999999999999998 11.999999999999998 14.000000000000002 12.999999999999998 51 349
leaf_count=11 15 14 11 13 19 12 11 12 14 13 51 349
internal_value=-0.000159112 0.000193808 0.00450368 -0.000310605 2.8045e-06 -0.000215534 7.29211e-05 -0.000102911 0.000909178 0.00267297 0.000115704 0.000274
internal_weight=545 530 52 478 465 454 435 423 41 27 412 400
internal_count=545 530 52 478 465 454 435 423 41 27 412 400
is_linear=0
shrinkage=0.0529975


Tree=145
num_leaves=24
num_cat=0
split_feature=45 30 30 3 47 35 39 31 10 8 44 30 30 47 39 8 1 30 7 19 1 13 12
split_gain=0.672876 0.536579 0.218612 0.408488 0.736673 0.176746 0.363847 0.12191 0.200873 0.284988 0.27764 0.106073 0.100866 0.0907499 0.0808273 0.0774317 0.0618883 0.0694581 0.0898647 0.0617664 0.067004 0.0562312 0.0221124
threshold=1.7894974863008961 -1.6045160372440099 0.34485729356418537 -0.3155705819646461 0.4516426724457151 1.8196664449598725 -1.0783225139200134 0.54413712540860371 0.51025009870396032 0.65397236724334473 0.70547720845605821 -1.2827102050692498 0.58676884827254006 0.24260211492306979 -0.38841790629953959 -0.11124742640394288 -0.046290760559894624 0.25202357818623405 0.83775774803185177 -0.32580081582471693 -1.0895717260603621 0.21121657369816649 1.0329322119190028
decision_type=2 2 2 2 2 2 2 2 2 2 2 2 2 2 2 2 2 2 2 2 2 2 2
left_child=1 -1 5 4 21 6 -3 8 9 15 13 -8 -9 -10 -14 -5 19 18 -18 22 -21 -4 -13
right_child=-2 2 3 7 -6 -7 11 12 10 -11 -12 16 14 -15 -16 -17 17 -19 -20 20 -22 -23 -24
leaf_value=0.0089243865218975801 -0.010242168629812995 0.0078653854513094333 -0.0020752879783154741 -0.0031432590037072084 -0.014330235832514689 -0.0045965585228508439 -0.0035924260981959897 -0.00076080903445524984 -0.0042714588992984921 -0.0088480601432571852 0.0054854366231021703 -0.0034950884395403203 0.0054847741071852047 0.000816221018459925 0 0.0012937628986234222 0 0.0045424843741051863 0.0034108872749410244 0.002940741604087502 0 0.0020555928311151023 0
leaf_weight=12.999999999999998 11.999999999999998 13.999999999999998 14.000000000000002 11.999999999999998 11.999999999999998 10.999999999999998 10.999999999999998 21 15.000000000000002 12.999999999999998 17 11.000000000000002 16.000000000000004 11.999999999999998 13.999999999999998 21 91 13.999999999999998 24 19 136 10.999999999999998 10.999999999999998
leaf_count=13 12 14 14 12 12 11 11 21 15 13 17 11 16 12 14 21 91 14 24 19 136 11 11
internal_value=-0.000156034 0.000169507 -0.00013533 -0.00162218 -0.00615059 0.000633076 0.000906294 -0.000183937 -0.00137076 -0.00364875 0.00102306 0.000437014 0.00171178 -0.00206118 0.00347504 -0.000375824 0.00067051 0.00152535 0.000893408 0 0.00041682 0 -0.00227983
internal_weight=545 533 520 178 37 342 331 141 90 46 44 317 51 27 30 33 306 129 115 177 155 25 22
internal_count=545 533 520 178 37 342 331 141 90 46 44 317 51 27 30 33 306 129 115 177 155 25 22
is_linear=0
shrinkage=0.0529975


Tree=146
num_leaves=13
num_cat=0
split_feature=39 38 29 29 19 29 29 29 5 19 29 19
split_gain=0.688319 0.590552 0.377501 0.236326 0.210933 0.795931 0.0626793 0.0805647 0.0813762 0.056443 0.0889409 0.0658442
threshold=-1.1558530955085182 -0.85777646155359866 0.99250610888350865 -1.1125084092197188 -0.77729306540003507 -0.54213609959460229 0.7731741465887918 0.52337296649648568 0.65447219597499107 -0.58317633917525924 -0.2653448297374848 -0.53091630390676692
decision_type=2 2 2 2 2 2 2 2 2 2 2 2
left_child=-1 -2 3 -3 5 -5 7 9 -9 10 -6 -11
right_child=1 2 -4 4 6 -7 -8 8 -10 11 -12 -13
leaf_value=-0.010355670949987494 0.0086866367337357329 0.0062352548994700236 -0.0077188306445907335 0.0030233660795481536 0 -0.010587404444987427 0.0031924651242593877 -0.0039258439669154445 0.00032914350719791767 -0.0028124209299044134 0.0043082056115003389 0.00023664071509037031
leaf_weight=11.999999999999998 15.999999999999998 10.999999999999998 11.999999999999998 20 28 17 12.999999999999998 21 17 14.999999999999998 18 345
leaf_count=12 16 11 12 20 28 17 13 21 17 15 18 345
internal_value=-0.00015438 0.000174987 -0.000171651 8.24932e-05 -0.000113678 -0.00367219 0.000203172 5.8751e-05 -0.00207812 0.000303042 0.00193942 4.65159e-05
internal_weight=545 533 517 505 494 37 457 444 38 406 46 360
internal_count=545 533 517 505 494 37 457 444 38 406 46 360
is_linear=0
shrinkage=0.0529975


Tree=147
num_leaves=17
num_cat=0
split_feature=29 39 29 29 29 27 6 5 45 13 25 8 39 45 34 37
split_gain=0.647676 0.350294 0.647419 0.49572 0.212757 0.206917 0.787027 0.141251 0.0651005 0.152659 0.111817 0.0785443 0.0850841 0.0795699 0.05911 0.00879512
threshold=1.4142917490010982 -1.0449328170218728 0.96361458521015575 0.91470921892100709 -1.1125084092197188 -0.77729306540004683 0.28539892225007674 -0.91979543431640332 -1.2765158467511715 1.0583964812103044 -0.72354359136072621 -0.49290444129679761 -0.76344154031964429 -0.36806745177278138 -0.33965866805157335 -0.04088781478067683
decision_type=2 2 2 2 2 2 2 2 2 2 2 2 2 2 2 2
left_child=1 3 4 -1 -3 6 -6 -8 10 11 -7 12 -10 -13 -12 -16
right_child=-2 2 -4 -5 5 8 7 -9 9 -11 14 13 -14 -15 15 -17
leaf_value=-0.0012479020734398616 -0.010045566378654983 0.0060213871291520489 -0.010032144978560021 0.011428754891780106 -0.012496338708024649 -0.0047959178186176244 0.0051620798427359556 -0.0012812057679781311 0.003197639316513152 0.0048842341050556806 0.0027476136426786138 0.00099004041634542577 0.00034030150611015991 -0.0010001037640383788 -0.001771167197952734 0
leaf_weight=13.000000000000002 11.999999999999998 10.999999999999998 11.999999999999998 11.999999999999998 10.999999999999998 11.999999999999998 10.999999999999998 15.000000000000002 39 15.999999999999998 10.999999999999998 79 109 154 13.999999999999998 14.000000000000002
leaf_count=13 12 11 12 12 11 12 11 15 39 16 11 79 109 154 14 14
internal_value=-0.000149842 0.000169272 -0.000149348 0.00564537 0.000192817 0 -0.00352487 0.00168305 0.000321607 0.000567145 -0.00132578 0.000294931 0.0012338 -0.000288199 8.35621e-05 -0.00105761
internal_weight=545 533 508 25 496 485 37 26 448 397 51 381 148 233 39 28
internal_count=545 533 508 25 496 485 37 26 448 397 51 381 148 233 39 28
is_linear=0
shrinkage=0.0529975


Tree=148
num_leaves=16
num_cat=0
split_feature=39 30 29 30 27 26 3 30 29 13 29 30 30 6 3
split_gain=0.647457 0.569469 0.241294 0.491005 0.316116 0.201395 0.122678 0.301148 0.194939 0.0990536 0.0994866 0.0770459 0.0478028 0.036743 0.0131482
threshold=-1.1558530955085182 -1.4739652562250283 -0.8007581298917843 1.2529128884377021 -0.95772725582127649 -1.6597939457327306 -0.3597067996280337 0.59757875010197681 0.7731741465887918 0.95003626048200773 0.67528232375896413 1.007757035394693 -0.41432049956592126 0.50353014485828651 0.42187205482778184
decision_type=2 2 2 2 2 2 2 2 2 2 2 2 2 2 2
left_child=-1 -2 4 5 -3 -4 7 9 11 10 -7 12 -8 14 -6
right_child=1 2 3 -5 13 6 8 -9 -10 -11 -12 -13 -14 -15 -16
leaf_value=-0.010040062238271233 0.0091922823709525772 0.0091861876467707482 -0.0046403844905373946 -0.0093947496775256996 0.0024792182565880729 -0.00017435390742558883 0.0015499870326909509 -0.0068761373549599877 0.006253039142070988 -0.0038314990522150217 0.0040275161133447876 0.0037091219688691036 -0.00022432034235189753 -0.001222968074888057 0
leaf_weight=11.999999999999998 12.999999999999998 10.999999999999998 21 10.999999999999998 12.000000000000002 110 46 15.999999999999998 10.999999999999998 11.999999999999998 11.999999999999998 11.999999999999998 219 15.999999999999998 10.999999999999998
leaf_count=12 13 11 21 11 12 110 46 16 11 12 12 12 219 16 11
internal_value=-0.000145836 0.000173183 -0.000141238 -0.000539353 0.00313332 -0.000193697 6.35608e-05 -0.00112138 0.000714761 -0.000119266 0.000353695 0.000342313 8.53806e-05 0.000274199 0.00159411
internal_weight=545 533 520 470 50 459 438 150 288 134 122 277 265 39 23
internal_count=545 533 520 470 50 459 438 150 288 134 122 277 265 39 23
is_linear=0
shrinkage=0.0529975


Tree=149
num_leaves=20
num_cat=0
split_feature=29 39 29 29 29 19 30 39 12 8 6 38 29 19 19 29 29 8 34
split_gain=0.606822 0.336766 0.606197 0.467186 0.189012 0.663626 0.274261 0.216349 0.136842 0.122181 0.119676 0.0932321 0.0691936 0.0551863 0.0700504 0.0365504 0.0283444 0.0280603 0.0258004
threshold=1.4142917490010982 -1.0449328170218728 0.96361458521015575 0.91470921892100709 -0.26151545470841348 -0.70598788282994651 1.0684567549518114 -0.38841790629953959 0.93727083975314363 1.0250222033349827 1.0300798118089556 -0.75348243586137342 0.69848664362485546 -0.58317633917525924 -0.32580081582471693 -0.51914819900760623 -0.42378981793710108 -0.63315952610627158 -0.38702882252634135
decision_type=2 2 2 2 2 2 2 2 2 2 2 2 2 2 2 2 2 2 2
left_child=1 3 4 -1 6 -6 8 -8 9 16 -10 -7 13 -13 -15 -12 17 -3 -18
right_child=-2 2 -4 -5 5 11 7 -9 10 -11 15 12 -14 14 -16 -17 18 -19 -20
leaf_value=-0.0011576961192506941 -0.0097170177416779479 0.0028270392833842492 -0.0097050959529113058 0.01115149785895074 -0.0095592491568843654 -0.0037661009306806299 0.0097812426277134896 0.00029715905616265452 0.0066795814345006303 -0.0040854764509616927 -0.00066682670921849494 0.0029326958654631538 0.0032010869387674619 -0.002356856192221062 0.00016939354884601358 0.0023707828926623417 0.00071443941169797756 0.00032031161906153352 -0.0014621573555775461
leaf_weight=13.000000000000002 11.999999999999998 11.999999999999998 11.999999999999998 11.999999999999998 15.999999999999998 10.999999999999998 12.000000000000002 13.999999999999998 10.999999999999998 13.999999999999998 17 10.999999999999998 14.999999999999998 30 190 13.000000000000002 15.999999999999998 82 32
leaf_count=13 12 12 12 12 16 11 12 14 11 14 17 11 15 30 190 13 16 82 32
internal_value=-0.000137957 0.000170452 -0.000141737 0.00553968 0.000188885 -0.000723579 0.00132614 0.00590548 0.000530756 -0.000175957 0.00304769 5.35599e-06 0.000287319 0 -0.000197584 0.000631093 0.000312209 0.000860506 -0.000608503
internal_weight=545 533 508 25 496 273 223 26 197 156 41 257 246 231 220 30 142 94 48
internal_count=545 533 508 25 496 273 223 26 197 156 41 257 246 231 220 30 142 94 48
is_linear=0
shrinkage=0.0529975


Tree=150
num_leaves=29
num_cat=0
split_feature=45 30 30 29 29 8 29 19 37 29 13 13 26 5 6 30 37 39 12 6 13 31 9 39 29 1 1 5
split_gain=0.655151 0.506346 0.185409 0.837804 0.251136 0.4774 0.194126 0.464782 0.405413 0.0946638 0.0870686 0.084605 0.078914 0.0907886 0.0714956 0.0581282 0.0413535 0.0479001 0.027983 0.0363416 0.0286831 0.0217646 0.020427 0.016558 0.0124767 0.0100814 0.0041328 0.00271215
threshold=1.7894974863008961 -1.6045160372440099 0.34485729356418537 0.67528232375896413 0.7731741465887918 -1.0006631898332965 -0.6084896372559484 -0.94590896873541463 -0.7098019992819159 0.18888648312768833 0.95003626048200773 -0.039982119808339538 -1.621090904150696 -0.7305514475155096 -0.14593159087710691 0.50687119865861308 -0.81674439241534058 1.8807771613815669 -0.86036561408002055 -0.35546998807432423 0.58062641709008711 -0.23990902356405411 0.7019025238715112 -0.58823341492797232 0.025471194833478934 -0.63110956544386487 -0.30739055203294841 -0.11627862260274134
decision_type=2 2 2 2 2 2 2 2 2 2 2 2 2 2 2 2 2 2 2 2 2 2 2 2 2 2 2 2
left_child=1 -1 4 6 9 -6 8 -8 -4 12 18 14 -3 23 22 -13 -15 -18 -11 -20 -21 -10 -9 -14 -17 -25 -23 -16
right_child=-2 2 3 -5 5 -7 7 11 21 10 -12 15 13 16 27 24 17 -19 19 20 -22 26 -24 25 -26 -27 -28 -29
leaf_value=0.0086946192168521671 -0.010083341655635264 0.0034060500805341803 0.0089001027444236547 -0.012023493864799615 -0.0018631083298710994 0.010006750552577423 -0.0095831443393725457 -0.0007875118721638435 -0.0019755017458991729 -0.00173011719502469 -0.0044589837770398974 -0.00061169117376537571 -0.002931952177119326 0.0030176492779001615 -0.0008678443575094257 0.00043798417111235078 3.1066071611936769e-05 0.0027052126062944437 0.0021975511503885144 -0.0017151067876605439 0.00085476259480540178 -9.0368862302285321e-05 0.0013562339479988275 -0.0013169786974851156 0.0039848944557163719 0.00032846315349765575 0.00081922811544942831 -0.0037759374172796445
leaf_weight=12.999999999999998 11.999999999999998 21 11.999999999999998 12.999999999999998 13.000000000000002 14.999999999999998 10.999999999999998 15.999999999999998 11.999999999999998 21 13.999999999999998 12.999999999999998 15.999999999999998 17 14.000000000000002 11.000000000000002 137 17 13.999999999999998 20 13.999999999999998 14.999999999999998 19 10.999999999999998 13.999999999999998 12.000000000000002 13.000000000000002 14.999999999999998
leaf_count=13 12 21 12 13 13 15 11 16 12 21 14 13 16 17 14 11 137 17 14 20 14 15 19 11 14 12 13 15
internal_value=-0.000129802 0.00019102 -0.000104987 -0.00147567 0.000601471 0.00493372 -0.000211287 -0.00146569 0.0022639 0.000108115 -0.00134187 -4.21176e-05 0.000679347 0.000287352 -0.00124351 0.00171623 0.00084757 0.000460243 -0.00031033 0.000304626 -0.000512791 -0.000475841 0.000234018 -0.00179937 0.00303624 -0.000327216 0.000196501 -0.00296086
internal_weight=545 533 520 178 342 28 165 113 52 314 83 102 231 210 64 38 171 154 69 48 34 40 35 39 25 23 28 29
internal_count=545 533 520 178 342 28 165 113 52 314 83 102 231 210 64 38 171 154 69 48 34 40 35 39 25 23 28 29
is_linear=0
shrinkage=0.0529975


Tree=151
num_leaves=17
num_cat=0
split_feature=39 38 29 29 19 6 10 19 29 30 46 2 36 14 9 29
split_gain=0.632379 0.516344 0.32099 0.194494 0.173274 0.712359 0.0526218 0.0821351 0.0900348 0.0649654 0.0556139 0.0545672 0.0484433 0.021889 0.0157406 0.000913833
threshold=-1.1558530955085182 -0.85777646155359866 0.99250610888350865 -1.1125084092197188 -0.77729306540003507 0.60253933251252334 1.1313294442329442 -0.592058405594727 -0.2653448297374848 -0.41432049956592126 0.78147191447403119 -0.9436971355296101 -0.25934804082267143 -0.33371824331911543 -0.72283149376689626 -0.5832868142001647
decision_type=2 2 2 2 2 2 2 2 2 2 2 2 2 2 2 2
left_child=-1 -2 3 -3 5 -5 7 8 15 12 -11 -8 -9 14 -13 -6
right_child=1 2 -4 4 6 -7 11 9 -10 10 -12 13 -14 -15 -16 -17
leaf_value=-0.0099061711515953492 0.0081462346134462509 0.0056781817617266358 -0.0070965806528335406 -0.00986628627157244 0.00039439830517893552 0.0029899762354006119 -0.003168722009515991 0.0028515257753425525 0.0053960417968994378 -0.00059208830583439302 0.0011694698780150153 0.0019698757255605047 0.00011737014174645977 -0.0014097095940000819 0 0
leaf_weight=11.999999999999998 15.999999999999998 10.999999999999998 11.999999999999998 17 10.999999999999998 20 18 33 12.999999999999998 225 57 11.000000000000002 46 13.999999999999998 18 11.000000000000002
leaf_count=12 16 11 12 17 11 20 18 33 13 225 57 11 46 14 18 11
internal_value=-0.000127003 0.000187966 -0.000135547 9.75308e-05 -7.93729e-05 -0.00330669 0.000206276 0.000445607 0.00270655 0.000166729 -0.00019484 -0.00114398 0.00146226 0 0.000788202 5.24697e-05
internal_weight=545 533 517 505 494 37 457 396 35 361 282 61 79 43 29 22
internal_count=545 533 517 505 494 37 457 396 35 361 282 61 79 43 29 22
is_linear=0
shrinkage=0.0529975


Tree=152
num_leaves=26
num_cat=0
split_feature=45 30 19 29 29 8 29 19 37 36 19 29 29 0 25 30 25 10 39 39 13 6 44 30 7
split_gain=0.617344 0.453172 0.177796 1.28837 0.289291 0.614534 0.195248 0.435592 0.357224 0.085412 0.0644438 0.113569 0.0813215 0.0577322 0.0600059 0.0544331 0.0317465 0.0308127 0.0296268 0.0224308 0.0198838 0.0111708 0.00573044 0.00462966 0.00418505
threshold=1.7894974863008961 -1.6045160372440099 -0.32580081582471693 0.42990594242352781 0.7731741465887918 -1.0006631898332965 -0.5832868142001647 -0.94590896873541463 -0.7098019992819159 -1.2895489334230941 -0.58317633917525924 -0.30060901107959576 -0.17292469673266564 -0.83645300190450966 -0.69856298903387792 0.51871690791773173 -0.8651625286172262 0.8649158441504271 1.8227470085125217 -0.77696491235144882 -0.084311301015370002 1.070545142625978 -0.27848972336365163 0.024313781996019735 0.32371535876696395
decision_type=2 2 2 2 2 2 2 2 2 2 2 2 2 2 2 2 2 2 2 2 2 2 2 2 2
left_child=1 -1 3 6 9 -6 8 -8 -3 -4 11 -9 15 17 23 -12 -10 -11 19 -16 24 -19 -14 -15 -18
right_child=-2 2 4 -5 5 -7 7 10 16 13 12 -13 22 14 18 -17 20 21 -20 -21 -22 -23 -24 -25 -26
leaf_value=0.0082349220123225028 -0.0097831018245419718 0.008661307652369896 -0.0028549119371461124 -0.015351206083359988 -0.0021377608928517043 0.010786090901722369 -0.0091565608673322765 -0.0011072441511951311 -0.0019713781236367373 0.0033256062044317428 0.0024786490853947979 0.0040600615850213562 -0.004073594139833746 -0.0030055991608619222 0.0010803340778946008 -0.0012582525726755871 -0.00078106168507063715 -0.0005717867757307738 0.0022910057693727331 -0.00017284425308975921 0.0021011515798066102 0.0012499811974318296 -0.00073188281666051612 -0.00030122249228328745 0.00029197223157305353
leaf_weight=12.999999999999998 11.999999999999998 11.999999999999998 20 10.999999999999998 15.000000000000002 15.999999999999998 10.999999999999998 15.999999999999998 11.999999999999998 19 15.999999999999998 19 11.000000000000002 12.000000000000002 44 13.999999999999998 10.999999999999998 11.000000000000002 12.999999999999998 181 11.000000000000002 10.999999999999998 12.000000000000002 10.999999999999998 10.999999999999998
leaf_count=13 12 12 20 11 15 16 11 16 12 19 16 19 11 12 44 14 11 11 13 181 11 11 12 11 11
internal_value=-0.000120574 0.000190429 -8.89911e-05 -0.00149503 0.000570594 0.0050109 0 -0.00138589 0.00234607 3.8022e-05 3.33067e-05 0.00171105 -0.00101755 0.000304137 0 0.000621623 -2.14487e-05 0.00201409 0.000267268 6.36673e-05 0.00070261 0.000162243 -0.00308288 -0.00228285 -4.74386e-05
internal_weight=545 533 520 167 353 31 156 99 57 322 88 35 53 302 261 30 45 41 238 225 33 22 23 23 22
internal_count=545 533 520 167 353 31 156 99 57 322 88 35 53 302 261 30 45 41 238 225 33 22 23 23 22
is_linear=0
shrinkage=0.0529975


Tree=153
num_leaves=18
num_cat=0
split_feature=39 30 29 30 19 7 7 29 29 30 29 6 39 47 6 47 26
split_gain=0.611498 0.455413 0.211257 0.445136 0.300052 0.19483 0.106491 0.439416 0.219844 0.059409 0.0559906 0.0606818 0.0550628 0.0473521 0.0373977 0.0449454 0.0119623
threshold=-1.1558530955085182 -1.4739652562250283 -0.77812266363463123 1.2529128884377021 -0.95772725582126561 -1.897707229271955 0.75838092719554961 0.74954040166073665 0.88678181099218489 0.55019931102944586 0.031036353483505329 0.25998191677495136 -0.69848839585506151 0.80004360165012389 0.50353014485828651 -0.10579881428133901 1.0918441708415325
decision_type=2 2 2 2 2 2 2 2 2 2 2 2 2 2 2 2 2
left_child=-1 -2 4 5 -3 -4 7 10 9 13 12 -12 -7 -8 15 -6 -11
right_child=1 2 3 -5 14 6 8 -9 -10 16 11 -13 -14 -15 -16 -17 -18
leaf_value=-0.0097378642083915789 0.0082527302008448666 0.0088452337769702599 -0.0055556346901152335 -0.0089054782586606637 -0.00022864388677993984 0.0021814690504733062 -0.0011370562377068616 -0.0084531069045183822 0.0067103765857121113 0.0034150619781444986 0.00013967949440935273 -0.0022009406268827616 7.3654531476902212e-05 0.0018262644243134682 -0.0012853639855363828 0.0033110147262605818 0.00023754390575684412
leaf_weight=11.999999999999998 12.999999999999998 10.999999999999998 11.999999999999998 10.999999999999998 13.999999999999998 40 57 11.999999999999998 12.999999999999998 11.000000000000002 60 48 178 12.999999999999998 15.999999999999998 12.000000000000002 11.999999999999998
leaf_count=12 13 11 12 11 14 40 57 12 13 11 60 48 178 13 16 12 12
internal_value=-0.000121215 0.000188262 -9.18541e-05 -0.000476522 0.00288312 -0.000145125 5.76661e-05 -0.000389216 0.00148954 0.000326935 3.3892e-05 -0.000900378 0.000539636 -0.000394142 0.000266095 0.0015011 0.00239007
internal_weight=545 533 520 467 53 456 444 338 106 93 326 108 218 70 42 26 23
internal_count=545 533 520 467 53 456 444 338 106 93 326 108 218 70 42 26 23
is_linear=0
shrinkage=0.0529975


Tree=154
num_leaves=17
num_cat=0
split_feature=29 13 19 29 29 7 29 19 37 3 10 5 29 44 37 44
split_gain=0.612572 0.294662 0.453296 0.417612 0.17946 0.211348 0.116657 0.359217 0.218441 0.108973 0.104524 0.072312 0.0450593 0.0340568 0.0322368 0.0293245
threshold=1.4142917490010982 1.009141835424715 0.56461929902412689 0.96361458521015575 -1.1125084092197188 -1.6197684868051214 -0.42378981793710108 -0.74651601231882447 -0.78948456671466416 0.090850422352377599 0.79645243786982534 -0.59466142036902803 0.69848664362485546 -0.27848972336365163 1.9218196356680928 0.70547720845605821
decision_type=2 2 2 2 2 2 2 2 2 2 2 2 2 2 2 2
left_child=1 3 9 4 -1 -6 8 -8 -7 -3 -11 13 15 -10 -13 -9
right_child=-2 2 -4 -5 5 6 7 12 11 10 -12 14 -14 -15 -16 -17
leaf_value=0.0054121940049179605 -0.009739636352282673 -0.0024682691589232204 0.011066279030106924 -0.0083902171406922965 -0.0049788849401225391 0.0057077294920798317 -0.007923663688851024 0.00016182448835669599 5.3590735852824685e-05 0.0048172890067484696 -0.00053208445171717901 0.00048654870772260454 0.0023691488988250957 -0.0027251051157257083 0.003306144892913658 -0.00096073584735451739
leaf_weight=10.999999999999998 11.999999999999998 13.999999999999998 10.999999999999998 10.999999999999998 18 21 10.999999999999998 194 14.999999999999998 15.000000000000002 13.999999999999998 65 14.999999999999998 19 11.999999999999998 87
leaf_count=11 12 14 11 11 18 21 11 194 15 15 14 65 15 19 12 87
internal_value=-0.000114224 0.000195468 0.00370442 -0.000226621 5.42377e-05 -0.000128067 0.000119542 -0.000431079 0.00141385 0.000554738 0.00238657 0.000290898 0 -0.00150033 0.00121724 -0.000174204
internal_weight=545 533 54 479 468 457 439 307 132 43 29 111 296 34 77 281
internal_count=545 533 54 479 468 457 439 307 132 43 29 111 296 34 77 281
is_linear=0
shrinkage=0.0529975


Tree=155
num_leaves=27
num_cat=0
split_feature=45 30 19 29 29 8 29 19 37 36 19 29 29 1 30 1 13 26 35 12 12 45 6 1 8 44
split_gain=0.598988 0.42401 0.166106 1.15738 0.273642 0.563717 0.170726 0.371506 0.32003 0.0797656 0.0584581 0.110433 0.0726648 0.0543125 0.0502944 0.0298655 0.0295263 0.0429233 0.0277892 0.0404969 0.035714 0.0288854 0.0203349 0.0157916 0.0110094 0.00529835
threshold=1.7894974863008961 -1.6045160372440099 -0.32580081582471693 0.42990594242352781 0.7731741465887918 -1.0006631898332965 -0.5832868142001647 -0.94590896873541463 -0.7098019992819159 -1.2895489334230941 -0.58317633917525924 -0.30060901107959576 -0.17292469673266564 -1.0895717260603621 0.51871690791773173 -1.337253112832445 -0.054758513544016361 -0.25898519317648783 -0.34882695113452244 -0.24770820666942364 -0.099596872126997846 -0.36806745177278138 -0.35546998807432423 -0.24728728097651712 0.17476205409768095 -0.27848972336365163
decision_type=2 2 2 2 2 2 2 2 2 2 2 2 2 2 2 2 2 2 2 2 2 2 2 2 2 2
left_child=1 -1 3 6 9 -6 8 -8 -3 -4 11 -9 14 15 -12 -11 17 -10 21 22 -21 24 -20 -23 -15 -14
right_child=-2 2 4 -5 5 -7 7 10 16 13 12 -13 25 18 -16 -17 -18 -19 19 20 -22 23 -24 -25 -26 -27
leaf_value=0.0079776017963306776 -0.0096276674904237896 0.0081586298679000597 -0.0027492242717382476 -0.014565862230231243 -0.0019699857201089291 0.010410384523929431 -0.008485618385893668 -0.0011615020296069389 -0.0030177434343974666 0 0.0023422150474696518 0.0039277060032163035 -0.0039046412244181515 -0.00059672065807429798 -0.0012493678284017755 0.0038306881863499113 0.00123439614540804 0.00038839428341252085 0.00020168246864403781 0.0035933085708618243 0.0004913930711330939 -0.0022362649591099568 -0.0012859813137282763 0 0.00096338616506484124 -0.00067936703958013979
leaf_weight=12.999999999999998 11.999999999999998 11.999999999999998 20 10.999999999999998 15.000000000000002 15.999999999999998 10.999999999999998 15.999999999999998 12 12.000000000000002 15.999999999999998 19 11.000000000000002 12.999999999999998 13.999999999999998 11.999999999999998 18 15 114 11.999999999999998 49 28 26 13.999999999999998 22 12.000000000000002
leaf_count=13 12 12 20 11 15 16 11 16 12 12 16 19 11 13 14 12 18 15 114 12 49 28 26 14 22 12
internal_value=-0.000109329 0.000196734 -7.32365e-05 -0.00143302 0.000563796 0.00488274 0 -0.0013107 0.00217914 4.50378e-05 0 0.00160124 -0.00100071 0.000302688 0.000543187 0.00245098 -5.02639e-05 -0.00118707 4.47945e-05 0.00039484 0.00147286 -0.000747315 -6.82274e-05 -0.00161804 0.000211022 -0.00295125
internal_weight=545 533 520 167 353 31 156 99 57 322 88 35 53 302 30 24 45 27 278 201 61 77 140 42 35 23
internal_count=545 533 520 167 353 31 156 99 57 322 88 35 53 302 30 24 45 27 278 201 61 77 140 42 35 23
is_linear=0
shrinkage=0.0529975


Tree=156
num_leaves=17
num_cat=0
split_feature=29 39 29 19 29 19 6 5 45 13 29 8 45 39 8 19
split_gain=0.59154 0.287166 0.513181 0.404022 0.167539 0.156339 0.643311 0.100272 0.0555279 0.125202 0.0862754 0.0718767 0.0731354 0.0487451 0.014034 0.00443951
threshold=1.4142917490010982 -1.0449328170218728 0.96361458521015575 0.16664694950672165 -1.1125084092197188 -0.77729306540003507 0.28539892225007674 -0.91979543431640332 -1.2765158467511715 1.0583964812103044 0.24627008227285696 -0.57956101264722126 -0.36806745177278138 -0.76344154031964429 0.22163808683228992 -0.12459461559622249
decision_type=2 2 2 2 2 2 2 2 2 2 2 2 2 2 2 2
left_child=1 3 4 -1 -3 6 -6 -8 10 11 14 13 -13 -10 15 -7
right_child=-2 2 -4 -5 5 8 7 -9 9 -11 -12 12 -14 -15 -16 -17
leaf_value=-0.00075882325517226249 -0.0095669336533086013 0.0053850100401152531 -0.0088930532405861237 0.010701054081772722 -0.011152071873373304 -0.0010707009132359924 0.0045550372784912705 -0.00085239703393315237 0.002909718848011745 0.0044602822149625515 -0.0042449776338853136 0.00094111691704652854 -0.0008691963642227181 0.00050312099006096216 0.0013812580245218242 0
leaf_weight=14.000000000000002 11.999999999999998 10.999999999999998 11.999999999999998 10.999999999999998 10.999999999999998 10.999999999999998 10.999999999999998 15.000000000000002 34 15.999999999999998 11.999999999999998 91 165 91 10.999999999999998 17.000000000000004
leaf_count=14 12 11 12 11 11 11 11 15 34 16 12 91 165 91 11 17
internal_value=-0.000107871 0.000196196 -9.14156e-05 0.00515289 0.000211298 1.53984e-05 -0.00302405 0.00164198 0.000318435 0.000545698 -0.00119939 0.000296694 -0.000192216 0.00131426 2.33022e-05 -0.000454261
internal_weight=545 533 508 25 496 485 37 26 448 397 51 381 256 125 39 28
internal_count=545 533 508 25 496 485 37 26 448 397 51 381 256 125 39 28
is_linear=0
shrinkage=0.0529975


Tree=157
num_leaves=14
num_cat=0
split_feature=39 38 29 29 19 39 10 29 29 5 19 29 19
split_gain=0.598211 0.418229 0.279419 0.160913 0.138215 0.606919 0.0525774 0.0518474 0.0630502 0.054943 0.046069 0.0649934 0.0544793
threshold=-1.1558530955085182 -0.85777646155359866 0.99250610888350865 -1.1125084092197188 -0.77729306540003507 -0.71361890106462766 0.69079588266733694 0.7731741465887918 0.52337296649648568 0.65447219597499107 -0.58317633917525924 -0.2653448297374848 -0.53091630390676692
decision_type=2 2 2 2 2 2 2 2 2 2 2 2 2
left_child=-1 -2 3 -3 5 -5 -7 8 10 -10 11 -6 -12
right_child=1 2 -4 4 7 6 -8 -9 9 -11 12 -13 -14
leaf_value=-0.0096173742324053985 0.0073622183682595941 0.0052003055740648908 -0.0065866846671481941 -0.0098240632525752672 0 -6.6644721789899504e-05 0.0040051907655883484 0.0029443785253180877 -0.0033129073708037457 0.00014294318578455322 -0.0025262430078795786 0.0038093524813517477 0.00024331930984168357
leaf_weight=11.999999999999998 15.999999999999998 10.999999999999998 11.999999999999998 13.999999999999998 28 11.000000000000002 11.999999999999998 12.999999999999998 21 17 14.999999999999998 18 345
leaf_count=12 16 11 12 14 28 11 12 13 21 17 15 18 345
internal_value=-0.000105008 0.000200808 -8.93373e-05 0.000126868 -3.31461e-05 -0.00291884 0.00220585 0.000220179 8.67224e-05 -0.00179935 0.000303824 0.00178497 6.93382e-05
internal_weight=545 533 517 505 494 37 23 457 444 38 406 46 360
internal_count=545 533 517 505 494 37 23 457 444 38 406 46 360
is_linear=0
shrinkage=0.0529975


Tree=158
num_leaves=26
num_cat=0
split_feature=45 30 19 29 29 8 29 19 37 36 19 29 29 0 25 30 25 39 10 39 13 6 44 25 30
split_gain=0.567629 0.400947 0.149972 1.06184 0.268525 0.512397 0.153601 0.321945 0.305 0.0773261 0.0522558 0.0963499 0.0679028 0.0513366 0.0516291 0.045371 0.0302561 0.0252098 0.0237703 0.0197007 0.0164725 0.00841872 0.00429952 0.0040753 0.0034114
threshold=1.7894974863008961 -1.6045160372440099 -0.32580081582471693 0.42990594242352781 0.7731741465887918 -1.0389942329791786 -0.5832868142001647 -0.94590896873541463 -0.7098019992819159 -1.2895489334230941 -0.58317633917525924 -0.30060901107959576 -0.17292469673266564 -0.83645300190450966 -0.69856298903387792 0.51871690791773173 -0.8651625286172262 1.8227470085125217 0.8649158441504271 -0.77696491235144882 -0.084311301015370002 1.070545142625978 -0.27848972336365163 -0.22643905175077586 0.024313781996019735
decision_type=2 2 2 2 2 2 2 2 2 2 2 2 2 2 2 2 2 2 2 2 2 2 2 2 2
left_child=1 -1 3 6 9 -6 8 -8 -3 -4 11 -9 15 18 24 -12 -10 19 -11 -16 23 -20 -14 -18 -15
right_child=-2 2 4 -5 5 -7 7 10 16 13 12 -13 22 14 17 -17 20 -19 21 -21 -22 -23 -24 -25 -26
leaf_value=0.0077610805778231574 -0.0093689239176537112 0.0079185247731960694 -0.0027285127058634998 -0.013939188803059268 -0.0020282018496569827 0.0098133332587771026 -0.0079102738750258909 -0.0010620473665981043 -0.0019797948855905731 0.0030578800143478487 0.0022404005391962723 0.0036798208676980396 -0.0037510966461212444 -0.0027827952927057457 0.0010049817726684816 -0.0011637573020765544 -0.00076955608835813289 0.0021058451773573804 -0.00040455510175527366 -0.00017004461256427787 0.0018955846529713355 0.0011356979122917749 -0.00065389462549363749 0.00029000523125347711 -0.0002688580459243074
leaf_weight=12.999999999999998 11.999999999999998 11.999999999999998 20 10.999999999999998 14.000000000000002 17 10.999999999999998 15.999999999999998 11.999999999999998 19 15.999999999999998 19 11.000000000000002 12.000000000000002 44 13.999999999999998 10.999999999999996 12.999999999999998 11.000000000000002 181 11.000000000000002 10.999999999999998 12.000000000000002 11 10.999999999999998
leaf_count=13 12 12 20 11 14 17 11 16 12 19 16 19 11 12 44 14 11 13 11 181 11 11 12 11 11
internal_value=-0.000102709 0.000194862 -6.73348e-05 -0.00136003 0.00053727 0.00481479 0 -0.00123154 0.00207858 2.36688e-05 0 0.00150346 -0.000957648 0.000278183 0 0.000528529 -8.97525e-05 0.000239558 0.00189084 4.96246e-05 0.000617172 0.000194387 -0.00284544 -4.16478e-05 -0.00212559
internal_weight=545 533 520 167 353 31 156 99 57 322 88 35 53 302 261 30 45 238 41 225 33 22 23 22 23
internal_count=545 533 520 167 353 31 156 99 57 322 88 35 53 302 261 30 45 238 41 225 33 22 23 22 23
is_linear=0
shrinkage=0.0529975


Tree=159
num_leaves=23
num_cat=0
split_feature=19 38 29 19 26 30 25 29 39 53 30 12 26 49 29 29 8 39 19 37 39 37
split_gain=0.591152 0.356741 0.174666 0.84856 0.541676 0.26979 0.220518 0.482754 0.118491 0.0925215 0.0691552 0.158478 0.0580685 0.0398455 0.0320336 0.0308478 0.0310226 0.0320014 0.03001 0.0413724 0.0255038 0.0149126
threshold=1.0782546332626139 -0.68690109666846921 0.031036353483505329 -0.3357664568293684 -0.13697551976899464 1.0684567549518114 1.9371621489107038 0.67528232375896413 -0.38841790629953959 -0.36007183007885429 0.81566411525288152 0.24244024473966483 -1.621090904150696 1.0000000180025095e-35 -0.29478589373628455 0.60923513714294653 -0.57956101264722126 -0.63927416386584646 -0.12459461559622249 1.5590542628821551 -0.91978235659077423 1.2214518061276125
decision_type=2 2 2 2 2 2 2 2 2 2 2 2 2 2 2 2 2 2 2 2 2 2
left_child=1 -1 5 4 -4 10 7 15 -7 -9 12 -12 -3 18 -15 16 17 -5 19 -14 -18 -20
right_child=-2 2 3 6 -6 8 -8 9 -10 -11 11 -13 13 14 -16 -17 20 -19 21 -21 -22 -23
leaf_value=0.0078055129136497094 -0.0082488749601390965 0.002809593171038171 -0.0014857476845124755 0.0020988747863303725 -0.015146416701237536 0.0079172212597012626 -0.0052773583036144749 0.0090772397450119766 0.0006171462376840691 0.0020585308921547197 0.0016003051505034162 -0.0050470802250350754 -0.00016174304425133813 0.0035335270835624277 0 -0.0025537252026530451 0.00060498414926576905 -0.00032962783628048533 0 -0.0031219276565726322 -0.0015415993118694201 0.0011956715180669311
leaf_weight=10.999999999999998 18 22 20 21 11.999999999999998 14.000000000000002 10.999999999999998 13.999999999999998 13.999999999999998 18 13.000000000000002 14.999999999999998 95 11.000000000000002 19 12.999999999999998 12.999999999999998 23 66 10.999999999999998 45 46
leaf_count=11 18 22 20 21 12 14 11 14 14 18 13 15 95 11 19 13 13 23 66 11 45 46
internal_value=-0.00010394 0.000250824 0 -0.00125261 -0.00837421 0.000742568 0.000400604 0.00106132 0.0052253 0.00626097 0.000203634 -0.00201744 0.000498102 0.000204063 0.0018428 -0.000566389 -0.000120697 0.000802446 -3.35637e-05 -0.000682001 -0.000939722 0.000524413
internal_weight=545 527 516 190 32 326 158 147 28 32 298 28 270 248 30 115 102 44 218 106 58 112
internal_count=545 527 516 190 32 326 158 147 28 32 298 28 270 248 30 115 102 44 218 106 58 112
is_linear=0
shrinkage=0.0529975


Tree=160
num_leaves=17
num_cat=0
split_feature=39 30 29 30 19 7 31 29 29 51 6 30 29 53 45 3
split_gain=0.573543 0.390246 0.179659 0.393298 0.258678 0.15701 0.105935 0.354023 0.181761 0.0641142 0.0445957 0.0392412 0.0328696 0.0404613 0.0356124 0.0158326
threshold=-1.1558530955085182 -1.4739652562250283 -0.81017552788316061 1.2529128884377021 -0.95772725582126561 -1.897707229271955 0.66856331366879385 0.65561766953668521 0.88678181099218489 1.0000000180025095e-35 0.50353014485828651 0.49693226337683144 -0.29478589373628455 1.0593795073025254 -0.48162350114508018 0.42187205482778184
decision_type=2 2 2 2 2 2 2 2 2 2 2 2 2 2 2 2
left_child=-1 -2 4 5 -3 -4 7 12 9 11 15 -8 14 -14 -7 -6
right_child=1 2 3 -5 10 6 8 -9 -10 -11 -12 -13 13 -15 -16 -17
leaf_value=-0.0094131290100776897 0.0076647450382997147 0.0082546930263757076 -0.0049485770275235859 -0.0083166748731231636 0.0025968180162913306 0.0019111889238364883 -0.00090377264842982433 -0.0070487609090357168 0.0060879202906834731 0.0030912375977159875 -0.0016659346205881507 0.0012691191383398046 -0.0007845505321068362 0.001045850783806162 2.1751613263133455e-06 0
leaf_weight=11.999999999999998 12.999999999999998 10.999999999999998 11.999999999999998 10.999999999999998 11.000000000000002 39 61 14.999999999999998 13.999999999999998 14.999999999999998 13.999999999999998 29 152 35 90 10.999999999999998
leaf_count=12 13 11 12 11 11 39 61 15 14 15 14 29 152 35 90 11
internal_value=-9.85861e-05 0.000200553 -5.80245e-05 -0.000394173 0.00285495 -8.64737e-05 9.12344e-05 -0.000382508 0.00141997 0.000439383 9.56635e-05 -9.53187e-05 3.76093e-05 -0.000383921 0.000690315 0.00158288
internal_weight=545 533 520 473 47 462 450 331 119 105 36 90 316 187 129 22
internal_count=545 533 520 473 47 462 450 331 119 105 36 90 316 187 129 22
is_linear=0
shrinkage=0.0529975


Tree=161
num_leaves=13
num_cat=0
split_feature=27 38 25 39 29 53 29 29 3 39 30 5
split_gain=0.557306 0.327957 0.162145 0.219246 0.197218 1.08071 0.144813 0.136193 0.123088 0.302518 0.0745434 0.0622463
threshold=1.0782546332625993 -0.68690109666846921 1.9371621489107038 -1.1464725685440789 0.63976665760306584 1.0000000180025095e-35 0.78170629896345034 -1.1125084092197188 1.148280637204363 -0.72037846618712831 1.1485607431090135 -1.1644035560352715
decision_type=2 2 2 2 2 2 2 2 2 2 2 2
left_child=1 -1 3 -3 7 6 -6 -5 10 -10 11 -9
right_child=-2 2 -4 4 5 -7 -8 8 9 -11 -12 -13
leaf_value=0.0074958621080870608 -0.0080009579938412952 0.0059294922974490018 -0.0050787990275920391 0.0049539607434477325 -0.00092033417741930633 -0.013513349376085858 0.005880428098366035 -0.0020720522218431341 -0.0073972322700886581 0.0013723123306104037 0.0033260633360775969 0.00038150429286626982
leaf_weight=10.999999999999998 18 11.999999999999998 10.999999999999998 10.999999999999998 11.000000000000002 11.999999999999998 12.999999999999998 25 13.999999999999998 19 17 371
leaf_count=11 18 12 11 11 11 12 13 25 14 19 17 371
internal_value=-9.19964e-05 0.000252009 0 0.000182464 -1.29989e-05 -0.00350333 0.00296969 0.000288676 9.39651e-05 -0.00273437 0.000372526 0.000180636
internal_weight=545 527 516 505 493 36 24 457 446 33 413 396
internal_count=545 527 516 505 493 36 24 457 446 33 413 396
is_linear=0
shrinkage=0.0529975


Tree=162
num_leaves=20
num_cat=0
split_feature=45 30 30 29 29 47 19 34 26 8 6 36 45 32 26 39 1 30 29
split_gain=0.553077 0.409121 0.135287 0.640541 0.211802 0.393877 0.116188 0.104513 0.079966 0.118632 0.0695368 0.104572 0.0463162 0.0450936 0.04079 0.0353634 0.0353183 0.0348854 0.0176399
threshold=1.7894974863008961 -1.6045160372440099 0.34485729356418537 0.67528232375896413 0.7731741465887918 0.59100304412747862 -1.084056395528697 -1.0254979019753936 -1.621090904150696 0.71531411641482723 1.389307088260046 0.031795689694839868 -0.25451140240048259 -0.31730975663196254 1.3774236398144597 1.8807771613815669 -0.63110956544386487 0.25750483124796963 -0.31953540702733996
decision_type=2 2 2 2 2 2 2 2 2 2 2 2 2 2 2 2 2 2 2
left_child=1 -1 4 6 8 -6 -4 -8 12 14 11 18 -3 -13 15 17 -11 -10 -9
right_child=-2 2 3 -5 5 -7 7 10 9 16 -12 13 -14 -15 -16 -17 -18 -19 -20
leaf_value=0.0078458771451013903 -0.0092374883180062883 0 -0.0043157427535354754 -0.010456527721100893 0.0091278320965747315 -0.0016358809750743612 0.0037846930741725748 0.00027390113957375767 0 -0.0042214833284154778 -0.003401411511127338 -0.0023386874577462908 0.0044099137691728492 0 -0.002252362198890931 0.0024055307309877047 -2.4923228972422093e-05 0.0022845244642043607 0.0030091976334545266
leaf_weight=12.999999999999998 11.999999999999998 11.000000000000002 10.999999999999998 12.999999999999998 15.000000000000002 12.999999999999998 14.999999999999998 18 219 18.000000000000004 10.999999999999998 28.999999999999993 11.999999999999998 56.000000000000007 10.999999999999998 17 11.999999999999998 13.999999999999998 25
leaf_count=13 12 11 11 13 15 13 15 18 219 18 11 29 12 56 11 17 12 14 25
internal_value=-9.01854e-05 0.000203276 -6.17755e-05 -0.00123508 0.000539583 0.00451786 -0.000126494 0.000279615 8.49915e-05 -0.000153769 -0.000191335 0.000172275 0.0027538 -0.00084358 0.000210041 0.000395892 -0.00302068 0.000163365 0.0021804
internal_weight=545 533 520 178 342 28 165 154 314 291 139 128 23 85 261 250 30 233 43
internal_count=545 533 520 178 342 28 165 154 314 291 139 128 23 85 261 250 30 233 43
is_linear=0
shrinkage=0.0529975


Tree=163
num_leaves=14
num_cat=0
split_feature=39 38 29 29 19 6 29 29 19 29 19 30 6
split_gain=0.552149 0.368514 0.25321 0.143542 0.117275 0.553716 0.0400629 0.0458908 0.0447675 0.0571636 0.0457667 0.0406952 0.023198
threshold=-1.1558530955085182 -0.85777646155359866 0.99250610888350865 -1.1125084092197188 -0.77729306540003507 0.60253933251252334 0.7731741465887918 0.52337296649648568 -0.58317633917525924 -0.2653448297374848 -0.53091630390676692 -0.2145055800327397 -0.41289318267654535
decision_type=2 2 2 2 2 2 2 2 2 2 2 2 2
left_child=-1 -2 3 -3 5 -5 7 8 9 -6 -10 -9 -13
right_child=1 2 -4 4 6 -7 -8 11 10 -11 -12 12 -14
leaf_value=-0.009227970943410501 0.0069266851324069683 0.0049286011252023072 -0.006253469669917822 -0.0084857976699544806 0 0.0028176778861061626 0.0026199642834352369 0.0004035973867911918 -0.0023216103125410499 0.0036463720918237311 0.00021692435822676855 -0.00018170200804590132 -0.0039107810081998404
leaf_weight=11.999999999999998 15.999999999999998 10.999999999999998 11.999999999999998 17 28 20 12.999999999999998 12.999999999999998 14.999999999999998 18 345 12.999999999999998 12.000000000000002
leaf_count=12 16 11 12 17 28 20 13 13 15 18 345 13 12
internal_value=-8.82441e-05 0.000204943 -6.67577e-05 0.000138242 -1.22853e-05 -0.00267252 0.000219832 0.000100061 0.000286838 0.00174593 5.57643e-05 -0.00150387 -0.00260728
internal_weight=545 533 517 505 494 37 457 444 406 46 360 38 25
internal_count=545 533 517 505 494 37 457 444 406 46 360 38 25
is_linear=0
shrinkage=0.0529975


Tree=164
num_leaves=17
num_cat=0
split_feature=19 38 29 30 19 7 29 35 2 4 35 29 29 6 45 3
split_gain=0.555946 0.291921 0.147402 0.365728 0.238994 0.152383 0.235092 0.159284 0.10502 0.201641 0.0823328 0.201313 0.170802 0.0437689 0.0310674 0.0149976
threshold=1.0782546332626139 -0.68690109666846921 -0.81017552788316061 1.2529128884377021 -0.95772725582126561 1.527066262327532 0.96361458521015575 1.6428469101136007 -1.0530676585040981 -1.1966769825115977 -0.13721532220241106 0.42990594242352781 0.6273942987389155 0.50353014485828651 -0.9358476986342753 0.42187205482778184
decision_type=2 2 2 2 2 2 2 2 2 2 2 2 2 2 2 2
left_child=1 -1 4 5 -3 6 8 -7 9 14 11 -10 -12 15 -4 -6
right_child=-2 2 3 -5 13 7 -8 -9 10 -11 12 -13 -14 -15 -16 -17
leaf_value=0.007091924698654101 -0.0079865224789380917 0.007867540513644574 -0.00098736836519323738 -0.0078993999560146751 0.0025055279138962824 -0.00016615460142412115 -0.0061642852664330382 0.0070773723980916345 0.00043753043406336717 -0.0067663254787868306 8.9726081586899781e-05 0.0060261246117528479 -0.0047324005267738809 -0.0017090370360137855 0.001907102816807543 0
leaf_weight=10.999999999999998 18 10.999999999999998 17 10.999999999999998 11.000000000000002 13.000000000000002 11.999999999999998 10.999999999999998 173 11.999999999999998 176 14.999999999999998 17 13.999999999999998 12.000000000000002 10.999999999999998
leaf_count=11 18 11 17 11 11 13 12 11 173 12 176 15 17 14 12 11
internal_value=-8.6996e-05 0.000256528 1.76377e-05 -0.000264996 0.00268063 3.02675e-06 -0.000231274 0.00367207 5.11798e-06 -0.00234389 0.000308348 0.00109192 -0.000429725 3.23663e-05 0.000132311 0.00151871
internal_weight=545 527 516 469 47 458 434 24 422 41 381 188 193 36 29 22
internal_count=545 527 516 469 47 458 434 24 422 41 381 188 193 36 29 22
is_linear=0
shrinkage=0.0529975


Tree=165
num_leaves=28
num_cat=0
split_feature=45 30 30 29 29 8 29 8 37 13 29 26 5 13 9 37 39 44 5 25 6 39 9 30 5 1 14
split_gain=0.532529 0.392851 0.119353 0.573669 0.211501 0.396713 0.115799 0.333423 0.311552 0.122976 0.0848972 0.0585237 0.0703052 0.0534951 0.0488791 0.0375877 0.0318989 0.0300578 0.027341 0.0341816 0.0206132 0.0203441 0.0158561 0.0138596 0.00919976 0.00567249 0.00219508
threshold=1.7894974863008961 -1.6045160372440099 0.34485729356418537 0.67528232375896413 0.67528232375896413 -0.74199266462636426 -0.6084896372559484 0.91664802833843739 -0.7098019992819159 -0.039982119808339538 0.18888648312768833 -1.621090904150696 -0.7305514475155096 0.95003626048200773 0.68254493862593957 -0.81674439241534058 1.8227470085125217 -0.27848972336365163 0.24604768244561112 1.7288076299570638 0.50353014485828651 -0.40188514241391665 0.47345735103936021 -0.14500950889521416 0.58472978389775199 -0.34000473012558519 -0.12432937204873344
decision_type=2 2 2 2 2 2 2 2 2 2 2 2 2 2 2 2 2 2 2 2 2 2 2 2 2 2 2
left_child=1 -1 4 6 10 -6 8 9 -4 14 11 -3 23 18 21 -14 -17 -16 -12 24 26 -8 -11 -13 -20 -25 -10
right_child=-2 2 3 -5 5 -7 7 -9 20 22 13 12 15 -15 17 16 -18 -19 19 -21 -22 -23 -24 25 -26 -27 -28
leaf_value=0.0076929002486433445 -0.0090598542383219464 0.0028935775606667852 0.0076262432132768202 -0.0098849764709652219 -0.00083914653344082182 0.009209002334588599 -0.0031066157161523454 -0.0077362384400551792 0 0.00071180558501710749 0.00091520802850518198 0 0.0027579048819132896 -0.0041705271201156113 0.0016587521250419166 0 0.0019995070533192915 -0.0011242001089461196 0 0.000466502961290128 -0.0018996205467509564 0 0.0037717992495933383 -0.0031817953721598193 -0.0025691941047204995 -0.00031866072661999666 0.00063594391048948831
leaf_weight=12.999999999999998 11.999999999999998 21 11.999999999999998 12.999999999999998 19 14.999999999999998 24.999999999999996 11.999999999999998 14.999999999999998 21 15.999999999999998 17 17 10.999999999999998 16.000000000000004 133 21 13.999999999999998 10.999999999999998 14.999999999999998 13.999999999999998 12.000000000000002 12.999999999999998 11.000000000000002 24 10.999999999999998 11.000000000000002
leaf_count=13 12 21 12 13 19 15 25 12 15 21 16 17 17 11 16 133 21 14 11 15 14 12 13 11 24 11 11
internal_value=-8.3686e-05 0.000203989 -5.552e-05 -0.00115835 0.000508466 0.00413526 -0.00010742 -0.0010872 0.00179356 2.679e-05 1.45349e-05 0.000546561 0.000205708 -0.00142156 -0.00120554 0.000703809 0.000338539 0.000195074 -0.000557193 -0.00120065 -0.000570481 -0.00237245 0.00244651 -0.00162579 -0.00204924 -0.00237458 0.000148793
internal_weight=545 533 520 178 342 34 165 113 52 101 308 231 210 77 67 171 154 30 66 50 40 37 34 39 35 22 26
internal_count=545 533 520 178 342 34 165 113 52 101 308 231 210 77 67 171 154 30 66 50 40 37 34 39 35 22 26
is_linear=0
shrinkage=0.0529975


Tree=166
num_leaves=16
num_cat=0
split_feature=19 38 32 2 17 9 9 30 30 39 6 38 35 8 33
split_gain=0.536251 0.268302 0.1272 0.199025 0.242588 0.199789 0.297783 0.201704 0.14688 0.457502 0.0678983 0.0677133 0.0544766 0.0360719 0.0101816
threshold=1.0782546332626139 -0.68690109666846921 1.9371621489107012 1.6652591919516364 1.5444409411395836 1.4335351696782734 1.6190074954558875 1.0684567549518114 0.59757875010197681 -0.812326624193484 0.27622215148290635 -0.28992675498330472 -0.32329153216394391 1.1846244970882689 1.9054143642137658
decision_type=2 2 2 2 2 2 2 2 2 2 2 2 2 2 2
left_child=1 -1 3 5 -5 7 -7 8 11 -10 -11 12 -3 -13 -6
right_child=-2 2 -4 4 14 6 -8 -9 9 10 -12 13 -14 -15 -16
leaf_value=0.0068083744499339649 -0.0078410127365268756 0.0041740661486159908 -0.0044696596624208672 0.007908371180059777 0.001100417600147891 -0.0090479589070147411 0.00029838735886607954 0.0046087886574428466 -0.0098877110874544 0.0015047383184541917 -0.001729460020977319 -0.00011538892581526436 0 0.0017798844129964738 -0.00060368032530190433
leaf_weight=10.999999999999998 18 15.999999999999998 10.999999999999998 13.999999999999998 11.000000000000002 11.000000000000002 18 21 10.999999999999998 32 29 282 19 25 15.999999999999998
leaf_count=11 18 16 11 14 11 11 18 21 11 32 29 282 19 25 16
internal_value=-8.23791e-05 0.00025475 2.50545e-05 0.000187929 0.00348034 -0.000128826 -0.00399006 0.000163506 -0.00010793 -0.00219761 0 0.000342218 0.00236978 4.77762e-05 0
internal_weight=545 527 516 505 41 464 29 435 414 72 61 342 35 307 27
internal_count=545 527 516 505 41 464 29 435 414 72 61 342 35 307 27
is_linear=0
shrinkage=0.0529975


Tree=167
num_leaves=13
num_cat=0
split_feature=39 38 29 29 19 6 29 29 19 29 5 19
split_gain=0.519105 0.369141 0.214934 0.127108 0.10054 0.496864 0.0373506 0.0387667 0.0451772 0.052188 0.0393469 0.0373841
threshold=-1.1558530955085182 -0.85777646155359866 0.99250610888350865 -1.1125084092197188 -0.77729306540003507 0.60253933251252334 0.7731741465887918 0.52337296649648568 -0.58317633917525924 -0.2653448297374848 0.65447219597499107 -0.53091630390676692
decision_type=2 2 2 2 2 2 2 2 2 2 2 2
left_child=-1 -2 3 -3 5 -5 7 8 9 -6 -9 -10
right_child=1 2 -4 4 6 -7 -8 10 11 -11 -12 -13
leaf_value=-0.0089419162171177277 0.0069319912048090388 0.0046291677214862822 -0.0057676256095687732 -0.0079989464879627048 0 0.0026992890840113245 0.0025085778094595963 -0.0026903009379295978 -0.0021296727305938254 0.003531512709201498 0.00018491737947789054 0.00016810142321366209
leaf_weight=11.999999999999998 15.999999999999998 10.999999999999998 11.999999999999998 17 28 20 12.999999999999998 21 14.999999999999998 18 17 345
leaf_count=12 16 11 12 17 28 20 13 21 15 18 17 345
internal_value=-7.93352e-05 0.000204499 -6.74382e-05 0.000120435 -2.03053e-05 -0.00248371 0.000193637 7.7811e-05 0.000250951 0.00171364 -0.00139537 1.99534e-05
internal_weight=545 533 517 505 494 37 457 444 406 46 38 360
internal_count=545 533 517 505 494 37 457 444 406 46 38 360
is_linear=0
shrinkage=0.0529975


Tree=168
num_leaves=14
num_cat=0
split_feature=19 38 29 30 19 7 29 35 7 8 29 8 31
split_gain=0.512869 0.245982 0.130988 0.343561 0.216756 0.142247 0.199721 0.142819 0.0975578 0.0539849 0.103475 0.0879021 0.0413733
threshold=1.0782546332626139 -0.68690109666846921 -0.81017552788316061 1.2529128884377021 -0.95772725582126561 1.527066262327532 0.96361458521015575 1.6428469101136007 -1.9754482841524654 -0.74199266462636426 0.69848664362485546 -0.94137468961390514 -0.23990902356405411
decision_type=2 2 2 2 2 2 2 2 2 2 2 2 2
left_child=1 -1 4 5 -3 6 8 -7 -4 11 -11 -10 -6
right_child=-2 2 3 -5 12 7 -8 -9 9 10 -12 -13 -14
leaf_value=0.006528464061051082 -0.0076646408948362514 0.0074814118740946321 -0.0037863327320111803 -0.0076343486238855934 -0.0015976343810400436 -6.9875680117434556e-05 -0.0056700551987847233 0.0067880932042036065 0.00032221706727368068 0.00027499217733114331 0.0045810779513473822 -0.0028941387815754139 0.0015230481381372743
leaf_weight=10.999999999999998 18 10.999999999999998 11.999999999999998 10.999999999999998 14.999999999999998 13.000000000000002 11.999999999999998 10.999999999999998 53 314 10.999999999999998 32 21
leaf_count=11 18 11 12 11 15 13 12 11 53 314 11 32 21
internal_value=-7.6661e-05 0.000252721 3.20963e-05 -0.000233666 0.00254224 2.53909e-05 -0.000200673 0.00356913 1.57963e-05 0.000196843 0.00052219 -0.000922812 1.39915e-05
internal_weight=545 527 516 469 47 458 434 24 422 410 325 85 36
internal_count=545 527 516 469 47 458 434 24 422 410 325 85 36
is_linear=0
shrinkage=0.0529975


Tree=169
num_leaves=29
num_cat=0
split_feature=45 30 34 29 34 39 39 52 39 9 29 25 6 37 5 19 2 45 34 37 12 1 37 8 45 5 9 25
split_gain=0.516085 0.401141 0.113427 0.308731 0.265652 0.304505 0.123499 0.111519 0.25696 0.112983 0.10013 0.161716 0.0896265 0.241918 0.0862406 0.0761514 0.058558 0.0534365 0.0529591 0.0497838 0.0408031 0.0285996 0.0275411 0.0221319 0.0213124 0.0162937 0.0104679 0.00206377
threshold=1.7894974863008961 -1.6045160372440099 1.0857885418286413 0.7731741465887918 1.5282221012143749 -0.80460331585396416 -0.91103434732234057 1.0000000180025095e-35 -0.69848839585506151 0.12359606136457299 -0.29478589373628455 -0.82894980672843088 0.67635802281993895 -0.75383710233685208 -1.2693510750792598 -0.61992875493280475 -0.93867613347688927 -0.9358476986342753 1.7301447277087758 1.0872495872935086 0.32618156746652299 -1.0705623194006535 -0.7098019992819159 0.38654285709781305 -0.25451140240048259 0.56126490577403487 0.68254493862593957 1.5294687999074881
decision_type=2 2 2 2 2 2 2 2 2 2 2 2 2 2 2 2 2 2 2 2 2 2 2 2 2 2 2 2
left_child=1 -1 3 7 5 -4 -6 10 9 -9 12 14 15 -14 -12 22 -10 25 -8 26 -19 -17 -3 -15 -20 -13 -18 -7
right_child=-2 2 4 -5 6 27 18 8 16 -11 11 17 13 23 -16 21 19 20 24 -21 -22 -23 -24 -25 -26 -27 -28 -29
leaf_value=0.0077772355505321654 -0.0089100757821317916 -0.0042554571016724836 0.0097485596835128613 -0.0065705415451899731 -0.0045726961316789588 0.00076510996897286737 -0.0016201046357693085 0.0080655230983276305 -0.003028154087735305 0.00035121014753770885 -0.00073111867323103516 0.0017683357620987181 0.0066246098992715306 0.00063441202319928873 -0.00727583000395141 0.0020403118165377787 -0.00088115404502001754 -0.00021677281907455002 0 0.0028580822722691795 -0.0024072725764143145 -0.00017377774534725688 -0.00020935286331726289 -0.0016160756292090928 0.002571924554108527 -0.00012001669738173905 0.00046633049716035465 0
leaf_weight=12.999999999999998 11.999999999999998 11.000000000000002 12.999999999999998 15.999999999999998 10.999999999999998 13.000000000000002 13.999999999999998 13.000000000000002 10.999999999999998 10.999999999999998 14.000000000000002 22 14.999999999999998 15.999999999999998 12.999999999999998 14.999999999999998 32 68 16.999999999999996 11.999999999999998 41 53 12.999999999999998 17 20.000000000000004 10.999999999999998 15.999999999999998 11.999999999999998
leaf_count=13 12 11 13 16 11 13 14 13 11 11 14 22 15 16 13 15 32 68 17 12 41 53 13 17 20 11 16 12
internal_value=-7.29747e-05 0.000209938 -5.24699e-05 -0.000450537 0.00148442 0.00465989 -0.000598417 -9.85717e-05 0.00141504 0.00553966 -0.000604175 -0.00146 0.00039862 0.00214614 -0.00484353 -0.000517388 -0.000211321 -0.000599278 0.000527131 0.00042748 -0.00118402 0.000345994 -0.00277664 -0.000416051 0.00161468 0.00103811 -0.000300732 0.000414433
internal_weight=545 533 520 420 100 38 62 404 95 24 309 169 140 48 27 92 71 142 51 60 109 68 24 33 37 33 48 25
internal_count=545 533 520 420 100 38 62 404 95 24 309 169 140 48 27 92 71 142 51 60 109 68 24 33 37 33 48 25
is_linear=0
shrinkage=0.0529975


Tree=170
num_leaves=25
num_cat=0
split_feature=19 38 29 19 26 30 29 34 39 30 12 26 49 12 29 29 8 44 39 29 37 19 7 29
split_gain=0.497379 0.22353 0.127458 0.713627 0.453834 0.221597 0.181735 0.435467 0.120713 0.0483236 0.124533 0.0427842 0.0388243 0.0281732 0.0269118 0.0235635 0.024994 0.0272711 0.0217419 0.0222281 0.0193437 0.0110242 0.00860076 0.00485343
threshold=1.0782546332626139 -0.68690109666846921 0.031036353483505329 -0.3357664568293684 -0.13697551976899464 1.0684567549518114 0.67528232375896413 1.7915139287922142 -0.32879661478526795 0.81566411525288152 0.24244024473966483 -1.621090904150696 1.0000000180025095e-35 -0.237002664625342 -0.89685283675921912 0.60923513714294653 -0.57956101264722126 1.0000000180025095e-35 -0.91978235659077423 0.18888648312768833 1.2214518061276125 0.16664694950672165 0.95496269455785654 -0.49493806836938409
decision_type=2 2 2 2 2 2 2 2 2 2 2 2 2 2 2 2 2 2 2 2 2 2 2 2
left_child=1 -1 5 4 -4 9 15 21 -7 11 -11 23 14 -14 -13 16 17 22 -18 -20 -16 -8 -5 -3
right_child=-2 2 3 6 -6 8 7 -9 -10 10 -12 12 13 -15 20 -17 18 -19 19 -21 -22 -23 -24 -25
leaf_value=0.0062378856668191757 -0.007542654652467542 0.00037010809356473112 -0.0012516817335440585 -0.0010622397115113481 -0.013745287577548245 0.0069376477969326621 0.0022671754738807972 -0.0038489939383061886 0 0.0014998676493347064 -0.0043633474499826762 -0.0020317055651508224 0 0.002805415022660612 -0.00016880888192040682 -0.0022669768560560411 0.00052629527950895784 0.0019319798629179672 0 -0.0023652343542495233 0.00095885415089864512 0.0080542916781521541 0.00036513458854553764 0.003229639124780703
leaf_weight=10.999999999999998 18 11.000000000000002 20 15.000000000000002 11.999999999999998 17.000000000000004 12.000000000000002 10.999999999999998 10.999999999999998 13.000000000000002 14.999999999999998 11.999999999999998 11.000000000000002 19 156 12.999999999999998 12.999999999999998 20 21 24 50 15.999999999999998 12.999999999999998 10.999999999999998
leaf_count=11 18 11 20 15 12 17 12 11 11 13 15 12 11 19 156 13 13 20 21 24 50 16 13 11
internal_value=-6.97419e-05 0.000254382 4.32535e-05 -0.00101468 -0.00755044 0.000688068 0.000494107 0.00339021 0.0047523 0.00019701 -0.00165129 0.000445704 0.00018843 0.00180748 -4.56143e-05 -0.000516263 -0.000129308 0.000645553 -0.000880115 -0.00143749 9.13284e-05 0.00661691 -0.000246565 0.00243486
internal_weight=545 527 516 190 32 326 158 39 28 298 28 270 248 30 218 119 106 48 58 45 206 28 28 22
internal_count=545 527 516 190 32 326 158 39 28 298 28 270 248 30 218 119 106 48 58 45 206 28 28 22
is_linear=0
shrinkage=0.0529975


Tree=171
num_leaves=34
num_cat=0
split_feature=3 30 30 12 19 47 19 39 44 30 13 30 10 37 12 26 12 34 34 34 34 39 19 37 37 47 37 3 13 37 10 13 10
split_gain=0.493498 1.4061 0.781167 0.214415 0.208686 0.185889 0.6305 0.213845 0.219054 0.16815 0.145551 0.0976747 0.0924039 0.0631882 0.0602334 0.054916 0.0525893 0.0489317 0.0429911 0.0350286 0.0343968 0.0288352 0.0280266 0.0244552 0.0342456 0.0193417 0.0183237 0.0149443 0.0145192 0.00991515 0.00862293 0.00831752 0.00743759
threshold=0.74002062381803124 -0.60920933772045338 -1.4739652562250283 0.80071472735218008 -0.71234336683649502 0.59100304412747862 -0.32580081582471693 -0.98176190957331844 -0.27848972336365163 1.1485607431090135 0.45748980262611355 -0.6311126737399283 -0.083806008565617887 -0.81674439241534058 -0.24770820666942364 0.79675248521638087 0.084741481519680195 -0.14828720457021252 1.3951055514306356 -0.38702882252634135 0.098098798105927629 -0.59168703649443477 0.70359012235207674 0.2442919002417939 2.003599112770122 0.24260211492306979 -0.33445516848028017 -0.074660393885324527 0.13240914044122343 -0.68463908325052059 -0.69496245003284807 -0.094162230172487885 -1.1507549063072637
decision_type=2 2 2 2 2 2 2 2 2 2 2 2 2 2 2 2 2 2 2 2 2 2 2 2 2 2 2 2 2 2 2 2 2
left_child=2 -2 -1 4 -3 7 -7 8 -4 12 -5 22 13 18 15 27 -16 23 -9 -6 -19 -17 -8 25 -25 -14 -21 29 -22 -13 -15 -32 -23
right_child=1 3 5 10 19 6 11 9 -10 -11 -12 14 17 30 16 21 -18 20 -20 26 28 32 -24 24 -26 -27 -28 -29 -30 -31 31 -33 -34
leaf_value=0.011171064756676379 -0.017377135867583698 -0.0073974994059335256 0.0084799000004184989 0.0061447826808973564 0.0014353614317929749 -0.010363098379190354 -0.0001028493014486274 0.0045024248693456012 0 0.004737945765190558 -0.0003294047980418984 -0.003136475145913864 -0.002557091126216444 -0.00036740961148361636 0.0046534264449026056 0.0023942968909123458 0 0.0023748440303147829 0 -0.0025427786966536166 -0.0010082504618319013 -0.00065212686533289773 -0.0042132657392099449 0.00038096065491839232 -0.0023475672748410662 0 0 0 0.00070890636596231842 -0.00013139611188579852 0.0013968297592265489 0 0.00071337964485807437
leaf_weight=12.999999999999998 10.999999999999998 10.999999999999998 14.000000000000002 12.000000000000002 13.999999999999995 12.999999999999998 12.000000000000002 17.000000000000004 13.999999999999998 17 15.999999999999998 11 45 26 11.000000000000002 18 12.999999999999998 12.999999999999998 10.999999999999998 10.999999999999996 26 17.999999999999996 10.999999999999998 40 10.999999999999998 15.999999999999998 15.000000000000007 10.999999999999998 14.999999999999998 11 17 15.999999999999998 15.000000000000002
leaf_count=13 11 11 14 12 14 13 12 17 14 17 16 11 45 26 11 18 13 13 11 11 26 18 11 40 11 16 15 11 15 11 17 16 15
internal_value=-6.65468e-05 -0.00353411 0.000641241 -0.000434465 -0.00246097 0.000170571 -0.00133964 0.000935344 0.00491916 0.000399 0.00283423 0 0 0.00135028 0.0006699 0 0.00271025 -0.000723297 0.00318759 -0.000164159 0.000462321 0.000996277 -0.00277434 -0.00134857 -0.000270065 -0.00204114 -0.00135132 -0.0015826 -0.000221107 -0.00223338 0.00015724 0.000742645 0
internal_weight=545 90 455 79 51 442 144 298 28 270 28 131 253 87 108 84 24 166 28 40 54 51 23 112 51 61 26 33 41 22 59 33 33
internal_count=545 90 455 79 51 442 144 298 28 270 28 131 253 87 108 84 24 166 28 40 54 51 23 112 51 61 26 33 41 22 59 33 33
is_linear=0
shrinkage=0.0529975


Tree=172
num_leaves=20
num_cat=0
split_feature=39 38 29 29 19 19 3 31 29 39 13 47 5 39 31 19 3 3 2
split_gain=0.482771 0.350292 0.199761 0.11571 0.224382 0.191206 0.0478216 0.0623902 0.143585 0.0419838 0.127445 0.0442302 0.0419815 0.051065 0.0374902 0.0193073 0.0164277 0.00839797 0.00364954
threshold=-1.1558530955085182 -0.85777646155359866 0.99250610888350865 -0.81017552788316061 -1.0429653928487965 -0.95772725582126561 0.52853458084763438 -0.23990902356405411 0.30977886120655712 -0.72037846618712831 0.69391210239694279 -0.31483937180398425 -1.1644035560352715 -0.5308762244612043 -0.23990902356405411 -0.50832564867298069 0.80254693217449635 1.0728812653627433 0.024046434023093644
decision_type=2 2 2 2 2 2 2 2 2 2 2 2 2 2 2 2 2 2 2
left_child=-1 -2 3 5 -5 -3 7 8 15 10 -9 -11 17 16 -7 -6 -14 -8 -15
right_child=1 2 -4 4 6 14 12 9 -10 11 -12 -13 13 18 -16 -17 -18 -19 -20
leaf_value=-0.0086130622784502744 0.0067609217641554807 0.0071199145731426347 -0.0055530687425276856 -0.0061142715473517734 -0.0018129060906310758 -0.0014520034727540166 -0.0011350909434957731 0.0026894556819831131 -0.0049921312871577268 0.0014289799516982418 -0.001810437683779435 -0.00056749183341822391 0.0045257504420044671 0.00067352209371267929 0.0015065940073870163 0.00010562967539329942 0.00094326925222179407 0.00023266561429074401 -0.00027248662847572383
leaf_weight=11.999999999999998 15.999999999999998 10.999999999999998 11.999999999999998 10.999999999999998 10.999999999999998 14.999999999999998 13.000000000000002 50 17 32 19 152 14.000000000000002 13.000000000000002 21 75 17 18 15.999999999999998
leaf_count=12 16 11 12 11 11 15 13 50 17 32 19 152 14 13 21 75 17 18 16
internal_value=-6.5386e-05 0.000207779 -5.68632e-05 0.000123702 -0.000131472 0.00247562 7.93236e-05 -0.000185302 -0.00125746 0.000243228 0.00131154 -0.000149376 0.00113403 0.00190883 7.62235e-05 -0.000166013 0.00322126 -0.000243128 0
internal_weight=545 533 517 505 458 47 447 356 103 253 69 184 91 60 36 86 31 31 29
internal_count=545 533 517 505 458 47 447 356 103 253 69 184 91 60 36 86 31 31 29
is_linear=0
shrinkage=0.0529975


Tree=173
num_leaves=24
num_cat=0
split_feature=45 30 34 29 34 39 2 29 19 30 12 12 7 34 30 9 26 12 35 5 8 45 25
split_gain=0.496067 0.36677 0.103979 0.27808 0.239207 0.268127 0.113316 0.112299 0.215995 0.103601 0.0788629 0.0843718 0.0611927 0.0477623 0.0474106 0.0791767 0.0432865 0.0352778 0.0309617 0.0278142 0.0172454 0.0161711 0.00226431
threshold=1.7894974863008961 -1.6045160372440099 1.0857885418286413 0.88678181099218489 1.5282221012143749 -0.80460331585396416 1.8888575116255271 1.0000000180025095e-35 -0.62555187198812046 1.0555148531397263 0.13320876090116116 -0.24770820666942364 -0.19967188325312279 1.7301447277087758 0.55455133127410849 -0.35261593758322801 -1.621090904150696 1.0152854601034711 1.7050257548324281 -0.48679704686344355 -0.5127097674775597 -0.36806745177278138 1.5294687999074881
decision_type=2 2 2 2 2 2 2 2 2 2 2 2 2 2 2 2 2 2 2 2 2 2 2
left_child=1 -1 3 7 5 -4 13 9 -9 14 11 20 17 -6 16 -16 -3 -12 -15 -18 -10 -17 -7
right_child=-2 2 4 -5 6 22 -8 8 10 -11 12 -13 -14 18 15 21 19 -19 -20 -21 -22 -23 -24
leaf_value=0.0074475306121808138 -0.008729432208583663 0.0025919700858622421 0.0092260234296043398 -0.0070709456860892439 -0.0015798059730921697 0.00079859662966517411 -0.004353051480762456 -0.0070055698129808169 0.00038479152102471409 0.0036005560956714326 -0.0043837844397180302 0.0032763721216271745 0.00032221698545174262 0.0027553186119273314 -0.003867006071317511 0.0011772449453486024 -0.0006409742226365638 -0.00029462112884282309 0 0.00070311698623508117 -0.0012073795849513735 -0.00058945190161029289 0
leaf_weight=12.999999999999998 11.999999999999998 20 12.999999999999998 10.999999999999998 12.999999999999998 13.000000000000002 10.999999999999998 10.999999999999998 25 21 20 17 14.999999999999998 19 13.999999999999998 17 59 13.999999999999998 19 111 32 33 11.999999999999998
leaf_count=13 12 20 13 11 13 13 11 11 25 21 20 17 15 19 14 17 59 14 19 111 32 33 12
internal_value=-6.49034e-05 0.000212158 -3.82881e-05 -0.000420187 0.00143282 0.00444587 -0.000540375 -0.000124899 -0.00136262 0.00046956 -0.000501627 0.000517471 -0.00205629 0.000530876 0.000106763 -0.00104634 0.000550944 -0.00317125 0.00152861 0.000191007 -0.000428029 0 0.0004309
internal_weight=545 533 520 420 100 38 62 409 134 275 123 74 49 51 254 64 190 34 38 170 57 50 25
internal_count=545 533 520 420 100 38 62 409 134 275 123 74 49 51 254 64 190 34 38 170 57 50 25
is_linear=0
shrinkage=0.0529975


Tree=174
num_leaves=19
num_cat=0
split_feature=19 38 47 36 29 53 29 7 29 37 28 29 46 36 30 29 39 7
split_gain=0.506688 0.208956 0.23738 0.187742 0.169837 0.599562 0.108481 0.128599 0.0765243 0.165693 0.0792231 0.0526349 0.0493984 0.0484458 0.0545244 0.032743 0.0178315 0.00375347
threshold=1.0782546332626139 -0.37905512615458281 0.66068322996836037 -0.76325065133374725 0.74954040166073665 -0.36007183007885429 -1.1125084092197188 -1.897707229271955 -0.42378981793710108 -0.78948456671466416 -0.68233214201494385 -0.020202083740976092 0.78147191447403119 0.49090695704937554 0.57768355033597929 -0.89685283675921912 -0.5612317575249578 -0.25942146564547869
decision_type=2 2 2 2 2 2 2 2 2 2 2 2 2 2 2 2 2 2
left_child=1 2 3 -1 6 -6 -3 -8 9 17 11 -10 15 14 -12 -11 -15 -9
right_child=-2 4 -4 -5 5 -7 7 8 10 12 13 -13 -14 16 -16 -17 -18 -19
leaf_value=0.010262763102174761 -0.007608072261409189 0.0043497255104580565 -0.00063149394818976033 0.0008825012675304166 0.0035633045848843551 -0.0095243186334876776 -0.0044890333606000784 0.0014988740071091718 0 -0.0019237860712498225 6.7571396627303599e-05 -0.0047980847084702436 0.0025670812273066467 -0.0027659525061987842 0.0028005528382060675 0.00024926426502726973 -0.0004647524299311956 0.0061453555979310501
leaf_weight=11.000000000000002 18 10.999999999999998 19 13.999999999999998 13.000000000000002 14.999999999999998 10.999999999999998 11.000000000000002 11.000000000000002 18 188 10.999999999999998 15.999999999999998 11.999999999999998 18 85 52 10.999999999999998
leaf_count=11 18 11 19 14 13 15 11 11 11 18 188 11 16 12 18 85 52 11
internal_value=-6.54123e-05 0.000261803 0.00352609 0.00642209 -6.08745e-05 -0.00368574 0.000192083 1.69678e-05 0.000207103 0.00120328 -0.000265024 -0.00294884 0.000263886 0 0.000411783 -0.000151355 -0.001196 0.00489024
internal_weight=545 527 44 25 483 28 455 444 433 141 292 22 119 270 206 103 64 22
internal_count=545 527 44 25 483 28 455 444 433 141 292 22 119 270 206 103 64 22
is_linear=0
shrinkage=0.0529975


Tree=175
num_leaves=17
num_cat=0
split_feature=45 30 30 30 30 37 7 39 6 8 39 35 5 12 47 34
split_gain=0.470371 0.362578 0.103366 0.0924416 0.127267 0.250892 0.107432 0.198127 0.764968 0.240714 0.154232 0.116141 0.0717968 0.0348516 0.00394637 0.00897331
threshold=1.7894974863008961 -1.6045160372440099 1.2529128884377021 -1.2827102050692498 -0.66021637375627751 0.022019475297808743 1.527066262327532 -0.812326624193484 -0.25921772107916047 -0.59852586847427036 -0.77696491235144882 1.6428469101136007 -1.1644035560352715 0.93727083975314363 0.24260211492306979 -0.26845800630106836
decision_type=2 2 2 2 2 2 2 2 2 2 2 2 2 2 2 2
left_child=1 -1 3 -3 5 -5 7 8 9 -6 -9 -8 -10 -12 -7 -16
right_child=-2 2 -4 4 6 14 11 10 12 -11 13 -13 -14 -15 15 -17
leaf_value=0.0074034960534381964 -0.0084974720056196062 -0.0037194750437539695 -0.0036053880267385716 0.0080139658886046843 -0.013848033835940455 0.00069382701436300411 -0.00017328349506878972 0.0043721613603378683 -0.0019161518832358855 -0.0021408595901815119 -0.00021983304423785931 0.0059408724257223565 0.0014442061242811348 0.0012238458810955376 -0.0012301317168805599 0.000334804899987373
leaf_weight=12.999999999999998 11.999999999999998 10.999999999999998 15.999999999999998 10.999999999999998 11.000000000000002 11.999999999999998 13.000000000000002 19 18 12.999999999999998 255 10.999999999999998 57 51 10.999999999999998 11.000000000000002
leaf_count=13 12 11 16 11 11 12 13 19 18 13 255 11 57 51 11 11
internal_value=-5.99223e-05 0.000209505 -3.94163e-05 0.000101154 0.000244071 0.00275436 -2.57429e-05 -0.000254348 -0.00226695 -0.00943513 0.00036758 0.0030236 0.000469334 1.72904e-05 0 -0.000294062
internal_weight=545 533 520 504 493 45 448 424 99 24 325 24 75 306 34 22
internal_count=545 533 520 504 493 45 448 424 99 24 325 24 75 306 34 22
is_linear=0
shrinkage=0.0529975


Tree=176
num_leaves=20
num_cat=0
split_feature=19 38 47 13 29 4 29 19 14 31 12 19 29 12 8 6 3 3 6
split_gain=0.486439 0.189398 0.218235 0.174466 0.150774 0.560116 0.107823 0.206705 0.184724 0.0550083 0.0414289 0.0544292 0.0582252 0.0451302 0.0369948 0.0285381 0.0203797 0.0191427 0.0153525
threshold=1.0782546332626139 -0.37905512615458281 0.66068322996836037 0.71361396071117855 0.74954040166073665 1.3801884072469128 -0.81017552788316061 -1.0429653928487965 -0.88785848849931825 -0.23990902356405411 1.5902633668125283 -0.592058405594727 -0.30060901107959576 0.93727083975314363 0.23140017467719556 0.21253976309500919 0.40164295506539588 0.27291232021384998 1.3242449925049844
decision_type=2 2 2 2 2 2 2 2 2 2 2 2 2 2 2 2 2 2 2
left_child=1 2 3 -1 6 -6 8 -8 -3 -10 11 12 14 15 -9 -13 -12 -11 -15
right_child=-2 4 -4 -5 5 -7 7 10 9 17 16 13 -14 18 -16 -17 -18 -19 -20
leaf_value=0.00080841998810788208 -0.007450946326249549 0.0070105349671582646 -0.00060598279917253091 0.009846117925247316 -0.010093863096268446 0.0025883445474727566 -0.0058179435582514216 -0.001752703974114037 -0.0019855223124009762 0.002725270088139655 -0.0029441377806495752 0.00010851859643473997 0.0036724888406641457 0.0022165560760772219 0.0015691225366001012 -0.0010036698899205906 0 0 0
leaf_weight=14.000000000000002 18 10.999999999999998 19 10.999999999999998 12.000000000000002 15.999999999999998 10.999999999999998 11.000000000000002 12.999999999999998 12.000000000000002 11.000000000000002 199 20 26 14.999999999999998 84 10.999999999999998 10.999999999999998 20
leaf_count=14 18 11 19 11 12 16 11 11 13 12 11 199 20 26 15 84 11 11 20
internal_value=-6.0163e-05 0.000260155 0.00336758 0.00614583 -4.64633e-05 -0.00346314 0.000190954 -8.34637e-05 0.00244484 8.1652e-05 0.000142299 0.000300659 0.00189682 2.66792e-05 0 -0.000211408 -0.00179378 0.00165991 0.00148122
internal_weight=545 527 44 25 483 28 455 408 47 36 397 375 46 329 26 283 22 23 46
internal_count=545 527 44 25 483 28 455 408 47 36 397 375 46 329 26 283 22 23 46
is_linear=0
shrinkage=0.0529975


Tree=177
num_leaves=16
num_cat=0
split_feature=39 38 29 29 19 31 29 39 9 29 25 47 0 37 7
split_gain=0.453652 0.328999 0.188082 0.107357 0.0830223 0.0384855 0.117447 0.0453614 0.0840707 0.0451923 0.0400209 0.0376701 0.0344877 0.0630496 0.0246506
threshold=-1.1558530955085182 -0.85777646155359866 0.99250610888350865 -1.1125084092197188 -0.95772725582126561 -0.23990902356405411 0.55429414669926913 -0.71361890106462766 1.3839863000042596 -0.42378981793710108 -0.22643905175077586 -0.31483937180398425 -1.2092245394208951 1.8777845326131508 0.59241849810332703
decision_type=2 2 2 2 2 2 2 2 2 2 2 2 2 2 2
left_child=-1 -2 3 -3 -5 6 12 8 10 14 -7 -11 -6 -14 -9
right_child=1 2 -4 4 5 7 -8 9 -10 11 -12 -13 13 -15 -16
leaf_value=-0.008342363826896397 0.0065591190447761389 0.0042693556649354703 -0.0053815348767580823 -0.0030567429375440523 0.0017769010514324787 0.0040908325852691161 -0.0044122152738600845 0.00029819362370097757 -0.0013741243783146671 0.00099474111425296098 0.00095338594711918251 -0.00090621124447686971 3.566117076462842e-05 -0.0033585042865709618 0.0024389994461409734
leaf_weight=11.999999999999998 15.999999999999998 10.999999999999998 11.999999999999998 18 20 22 12.999999999999998 62 14.999999999999998 30 42 117 123 10.999999999999998 21
leaf_count=12 16 11 12 18 20 22 13 62 15 30 42 117 123 11 21
internal_value=-5.57895e-05 0.000208551 -4.75802e-05 0.000127162 -1.19939e-06 0.000136446 -0.000480478 0.000494838 0.00154637 7.39475e-05 0.00238973 -0.000448827 0 -0.000324992 0.00104617
internal_weight=545 533 517 505 494 476 167 309 79 230 64 147 154 134 83
internal_count=545 533 517 505 494 476 167 309 79 230 64 147 154 134 83
is_linear=0
shrinkage=0.0529975


Tree=178
num_leaves=22
num_cat=0
split_feature=19 19 47 13 29 30 45 53 19 39 9 36 31 31 31 26 1 19 37 1 39
split_gain=0.465436 0.180997 0.202531 0.163996 0.128865 0.598476 0.102783 0.105734 0.253223 0.200757 0.0967325 0.0483913 0.0343434 0.0722116 0.04568 0.0315217 0.0280906 0.0277253 0.0272708 0.0255311 0.0228191
threshold=1.0782546332626139 0.53717754361396441 0.66068322996836037 0.71361396071117855 0.74954040166073665 0.23966141775408889 1.6759414369285972 1.0593795073025254 -0.97088705664890151 -0.69848839585506151 0.12359606136457299 1.4371240812312862 -0.23990902356405411 -0.047619721137843934 -0.35693652117952007 0.79675248521638087 -0.28111284282688087 -0.2117746308052324 -0.44978520029083774 -0.49133451647542103 -0.55888787561939324
decision_type=2 2 2 2 2 2 2 2 2 2 2 2 2 2 2 2 2 2 2 2 2
left_child=1 4 3 -3 6 -6 7 8 -1 10 -9 -8 14 18 20 -15 19 -18 -14 -11 -10
right_child=-2 2 -4 -5 5 -7 11 9 12 16 -12 -13 13 15 -16 -17 17 -19 -20 -21 -22
leaf_value=-0.0065849666850191224 -0.0072838491275762276 0.00078282400865976832 -0.00045356307936328909 0.0095652969940513127 0.0026977504887340815 -0.010467805588471452 0 0.0074648883866568804 -0.0010240067848469566 0 0.00029333319080582893 0.004682878940275222 0.0040190933559680333 -0.00074609634657623735 -0.0027607509271217667 0.00061964338134059529 0.0022802132934583554 -0.00028148985961444592 0.00042480899908869089 -0.0026891233154068819 0.00043862029226025124
leaf_weight=11.999999999999998 18 14.000000000000002 20 10.999999999999998 17.000000000000004 10.999999999999998 11.000000000000002 13.000000000000002 48 19.000000000000004 10.999999999999998 13.999999999999998 12.000000000000002 100 21 77 14.000000000000002 17 19 10.999999999999998 55
leaf_count=12 18 14 20 11 17 11 11 13 48 19 11 14 12 100 21 77 14 17 19 11 55
internal_value=-5.39402e-05 0.000259065 0.00326373 0.00597534 -4.37974e-05 -0.00320304 0.000175076 -2.14425e-05 -0.00045514 0.00157133 0.00512649 0.00312444 -0.000100021 0.00029102 -0.000792859 -0.000112957 -5.68155e-05 0.000868683 0.00243085 -0.0011926 -0.000197748
internal_weight=545 527 45 25 482 28 454 429 344 85 24 25 332 208 124 177 61 31 31 30 103
internal_count=545 527 45 25 482 28 454 429 344 85 24 25 332 208 124 177 61 31 31 30 103
is_linear=0
shrinkage=0.0529975


Tree=179
num_leaves=22
num_cat=0
split_feature=3 29 29 29 30 17 29 29 30 7 28 29 1 29 36 19 35 36 9 25 39
split_gain=0.434454 1.52577 0.710113 0.209481 0.258187 0.142196 0.52635 0.19302 0.0982918 0.0972473 0.0847687 0.105483 0.0931422 0.0663502 0.0504109 0.047028 0.0365352 0.0138756 0.0106701 0.00534016 0.00306499
threshold=0.74002062381803124 0.6273942987389155 1.1880524913612776 -0.62400762929631193 0.75721457286374616 1.3903316759514752 0.88678181099218489 0.67528232375896413 1.1485607431090135 -0.7517791530341571 -0.68233214201494385 0.69848664362485546 -0.56373799184107487 0.18888648312768833 -1.0375976281675559 -0.26555031205959151 1.4751823572988962 -0.74085497975547743 0.1530035466870783 1.7288076299570638 -1.0000000180025095e-35
decision_type=2 2 2 2 2 2 2 2 2 2 2 2 2 2 2 2 2 2 2 2 2
left_child=2 3 5 9 17 6 8 16 10 -2 12 13 -1 14 -12 -15 -7 -5 19 -18 -19
right_child=1 -3 -4 4 -6 7 -8 -9 -10 -11 11 -13 -14 15 -16 -17 18 20 -20 -21 -22
leaf_value=0.00060902024005187263 0.0061486133617147777 -0.017711171835050138 0.0099124992961848405 0.0011496805593447198 -0.0074566080981913266 0.0024344296164885192 -0.0093937640734095013 0.0072706603928268023 0.0035770972406465621 0 0.002461207440031146 0.0042504375190574447 -0.0045871038212421363 0.00097653116243682852 6.2553349295369818e-05 -0.0020769837060590924 -0.0013431184129173287 -0.00090683209130270476 0.00082124687354899256 0 0
leaf_weight=11.000000000000002 11.000000000000002 10.999999999999998 15.999999999999998 16.999999999999996 10.999999999999998 14.999999999999998 10.999999999999998 10.999999999999998 15.999999999999998 10.999999999999998 23 10.999999999999998 17 10.999999999999998 214 56 12.999999999999998 14.999999999999998 10.999999999999998 19 14.000000000000005
leaf_count=11 11 11 16 17 11 15 11 11 16 11 23 11 17 11 214 56 13 15 11 19 14
internal_value=-4.79268e-05 -0.00330255 0.000615277 -0.000106143 -0.00186842 0.000131724 -0.000273865 0.00224775 0.000136175 0.0036325 -6.30244e-05 0.000184336 -0.00259295 -1.96336e-05 0.000379069 -0.00144094 0.000593996 3.93771e-05 -0.000124825 -0.000712143 -0.000497377
internal_weight=545 90 455 79 57 439 370 69 359 22 343 315 28 304 237 67 58 46 43 32 29
internal_count=545 90 455 79 57 439 370 69 359 22 343 315 28 304 237 67 58 46 43 32 29
is_linear=0
shrinkage=0.0529975


Tree=180
num_leaves=23
num_cat=0
split_feature=45 30 35 35 29 29 4 29 29 25 38 30 15 4 17 11 11 1 39 35 31 37
split_gain=0.458691 0.364541 0.0886561 0.251133 0.874861 0.236167 0.189988 0.239751 0.126863 0.178787 0.103689 0.0782847 0.0501129 0.0469594 0.0434823 0.0476564 0.0411992 0.0383096 0.0270379 0.0185152 0.0149459 0.0102949
threshold=1.7894974863008961 -1.6045160372440099 1.1727551818529272 0.26267843997095658 0.52337296649648568 0.69848664362485546 1.5480257726268594 0.78170629896345034 1.0000000180025095e-35 -0.82894980672843088 -0.22749679365243655 1.0555148531397263 -1.2252975897148428 1.6523228160179111 -1.3392876385518702 1.1846244970882689 0.5142258285774326 0.62416355765874332 -0.50953401405496501 1.3626255184230132 -0.20609587453079195 -0.40155627789733084
decision_type=2 2 2 2 2 2 2 2 2 2 2 2 2 2 2 2 2 2 2 2 2 2
left_child=1 -1 3 5 17 8 7 19 11 -10 -8 14 18 -14 -3 -16 20 21 -12 -4 -11 -5
right_child=-2 2 6 4 -6 -7 10 -9 9 16 12 -13 13 -15 15 -17 -18 -19 -20 -21 -22 -23
leaf_value=0.0074347778536641733 -0.0083768840513679544 -0.0020063057823990504 0.001708265445239461 0.0024389425867447608 -0.013766037662604216 0.0062475343107320459 -0.0040927806417945922 0.0087304007793038568 -0.0058805094661797883 -0.0020457940037449142 -0.0020981707528262995 0.0034368836368620713 0 0.003800936046757858 8.2860558433591649e-05 0.0026370689194706331 0.001766960050194539 -0.0010568051681719799 0.00041974271995516538 -0.00044650373860022477 -0.00020262943356437973 0
leaf_weight=12.999999999999998 11.999999999999998 17 13.000000000000002 11.000000000000002 10.999999999999998 10.999999999999998 10.999999999999998 11.999999999999998 17 21 13.999999999999998 17 11.000000000000005 12.999999999999998 196 18 11.999999999999998 26 18 14.999999999999998 45 10.999999999999998
leaf_count=13 12 17 13 11 11 11 11 12 17 21 14 17 11 13 196 18 12 26 18 15 45 11
internal_value=-4.38099e-05 0.00022195 -2.77937e-05 -0.000395564 -0.00342837 0.000139189 0.00127558 0.00391752 -0.000140671 -0.00174243 -0.000398255 0.000472056 0.000540463 0.00217994 0.000142955 0.000395472 -0.000401964 7.69776e-05 -0.000655296 0.000473323 -0.00100765 0.00160575
internal_weight=545 533 520 413 59 354 107 40 343 95 67 248 56 24 231 214 78 48 32 28 66 22
internal_count=545 533 520 413 59 354 107 40 343 95 67 248 56 24 231 214 78 48 32 28 66 22
is_linear=0
shrinkage=0.0529975


Tree=181
num_leaves=14
num_cat=0
split_feature=19 38 45 30 25 39 39 30 10 8 36 7 36
split_gain=0.445739 0.167231 0.102667 0.26058 0.0963342 0.163333 0.15875 0.192284 0.116038 0.1075 0.0858892 0.0632617 0.0505324
threshold=1.0782546332626139 -0.68690109666846921 1.6759414369285972 1.2529128884377021 1.9371621489107038 -0.97321023941938856 -0.91978235659077423 0.23966141775408889 0.79645243786982534 2.023231164866321 -1.2671532618448238 -0.28687391215209518 1.4371240812312862
decision_type=2 2 2 2 2 2 2 2 2 2 2 2 2
left_child=1 -1 3 4 5 8 7 -7 10 11 -3 -8 -4
right_child=-2 2 12 -5 -6 6 9 -9 -10 -11 -12 -13 -14
leaf_value=0.0054441366167285515 -0.0071172430360890134 0.007641553620013483 0 -0.0061909886912775818 -0.003763061086832093 0.00067977464467832566 -0.00084409561329765095 -0.0075003254243742861 -0.00024982209442456509 0.0042407816441804658 0.00079369182972195966 0.00053664753447553134 0.0046323838864288092
leaf_weight=10.999999999999998 18 11.999999999999998 12.000000000000002 12.999999999999998 10.999999999999998 11.000000000000002 138 10.999999999999998 12.999999999999998 11.999999999999998 13.000000000000002 256 13.999999999999998
leaf_count=11 18 12 12 13 11 11 138 11 13 12 13 256 14
internal_value=-4.11944e-05 0.00026474 7.96753e-05 -9.5326e-05 0.000131141 0.000284502 -1.517e-05 -0.00389122 0.00336055 0.000231487 0.00514842 3.01711e-05 0.00299584
internal_weight=545 527 516 490 477 466 428 22 38 406 25 394 26
internal_count=545 527 516 490 477 466 428 22 38 406 25 394 26
is_linear=0
shrinkage=0.0529975


Tree=182
num_leaves=14
num_cat=0
split_feature=39 38 29 44 19 39 13 19 29 1 4 2 9
split_gain=0.446551 0.323401 0.166198 0.0924731 0.233812 0.112205 0.0726478 0.0643624 0.0567114 0.0399963 0.0575107 0.0531618 0.00913392
threshold=-1.1558530955085182 -0.85777646155359866 0.99250610888350865 1.1974606743659131 -1.084056395528697 -0.69848839585506151 -0.576857758871264 -0.92602225282107575 0.74954040166073665 -1.0556529808440198 -1.4220666722903352 -0.9436971355296101 -0.66677140373873756
decision_type=2 2 2 2 2 2 2 2 2 2 2 2 2
left_child=-1 -2 3 4 -3 -5 -7 -6 9 10 -9 -11 -8
right_child=1 2 -4 5 7 6 12 8 -10 11 -12 -13 -14
leaf_value=-0.0082607960267881107 0.0065191491831734453 -0.0062583689558902535 -0.0050461051713988573 0.0045942841215819413 0.0031790030377109525 0.0024059139262303749 0 -0.00097940120200238462 -0.0029685929381171152 -0.0024861348136099694 0.0024486304078806418 3.2983191023013609e-05 -0.001748899789302839
leaf_weight=11.999999999999998 15.999999999999998 10.999999999999998 11.999999999999998 21 11.999999999999998 21 13.999999999999998 12.999999999999998 11.999999999999998 19 36 327 19
leaf_count=12 16 11 12 21 12 21 14 13 12 19 36 327 19
internal_value=-3.83359e-05 0.000223669 -3.03179e-05 0.000133017 -0.000159441 0.00178368 0.000224306 7.02815e-05 -4.929e-05 6.50449e-05 0.00140453 -0.000125503 -0.00114136
internal_weight=545 533 517 505 430 75 54 419 407 395 49 346 33
internal_count=545 533 517 505 430 75 54 419 407 395 49 346 33
is_linear=0
shrinkage=0.0529975


Tree=183
num_leaves=23
num_cat=0
split_feature=45 30 34 35 29 29 34 39 29 25 39 30 34 17 24 34 3 8 53 31 25 39
split_gain=0.434542 0.349102 0.0897816 0.207293 0.613115 0.222833 0.192116 0.221035 0.119777 0.183178 0.102911 0.0788063 0.0427093 0.0395029 0.0470832 0.027736 0.033725 0.0268306 0.0258716 0.0176612 0.00623328 0.00329896
threshold=1.7894974863008961 -1.6045160372440099 1.0857885418286413 0.26267843997095658 0.63976665760306584 0.69848664362485546 1.5282221012143749 -0.84506682601750038 0.098039211012012434 -0.82894980672843088 -0.91103434732234057 1.0555148531397263 1.7301447277087758 -1.4430991583872543 -1.1894527247688729 0.69576336525087645 -0.3707408540438803 -0.35471046832652459 -1.069797498769544 0.70892177038409643 1.5525022023649455 -0.45960859485267685
decision_type=2 2 2 2 2 2 2 2 2 2 2 2 2 2 2 2 2 2 2 2 2 2
left_child=1 -1 3 5 15 8 7 -4 11 -10 -8 13 -12 -3 -15 16 -5 -11 -19 21 -9 -14
right_child=-2 2 6 4 -6 -7 10 20 9 17 12 -13 19 14 -16 -17 -18 18 -20 -21 -22 -23
leaf_value=0.007275480783689457 -0.0081524138375539471 -0.0023741795384942554 0.0088309353777728285 0.002755499334124415 -0.01060486973087691 0.0060577957100644694 -0.0040703201745692493 0.0011748225631670727 -0.0065378768098884165 -0.0018228071824493649 -0.0013277247364460974 0.003339309237705737 0.00081071870906401842 0.0026579943393073195 5.549271652434389e-07 -0.0011465879889312343 -0.00014673647703503873 -0.00088612373347327252 0.0013649351585621977 0.0029065101891265917 0 0
leaf_weight=12.999999999999998 11.999999999999998 10.999999999999998 10.999999999999998 12.000000000000002 14.999999999999998 10.999999999999998 10.999999999999998 16.000000000000004 12.999999999999998 19 13.999999999999998 17 10.999999999999996 14.999999999999998 225 21 18 19 24 11.999999999999998 10.999999999999998 14.000000000000004
leaf_count=13 12 11 11 12 15 11 11 16 13 19 14 17 11 15 225 21 18 19 24 12 11 14
internal_value=-4.13223e-05 0.000216998 -2.71147e-05 -0.000383054 -0.0029798 0.000123252 0.00133903 0.00403832 -0.000147869 -0.0019501 -0.000422881 0.000362635 0.000586735 6.0639e-05 0.000255781 2.00868e-05 0.00108576 -0.000393703 0.000241009 0.00155772 0.000624097 0.000247925
internal_weight=545 533 520 420 66 354 100 38 343 75 62 268 51 251 240 51 30 62 43 37 27 25
internal_count=545 533 520 420 66 354 100 38 343 75 62 268 51 251 240 51 30 62 43 37 27 25
is_linear=0
shrinkage=0.0529975


Tree=184
num_leaves=14
num_cat=0
split_feature=19 38 47 13 45 30 30 30 7 12 39 12 36
split_gain=0.445674 0.153061 0.176347 0.151895 0.112863 0.230225 0.0821206 0.0898508 0.0711859 0.0872176 0.264083 0.0951552 0.0505496
threshold=1.0782546332626139 -0.37905512615458281 0.66068322996836037 0.71361396071117855 1.6759414369285972 1.2529128884377021 1.0684567549518114 0.90938718312148792 1.527066262327532 -0.24770820666942364 -0.89192046936801506 0.084741481519680195 1.4371240812312862
decision_type=2 2 2 2 2 2 2 2 2 2 2 2 2
left_child=1 2 3 -1 5 6 7 8 9 10 -3 -11 -6
right_child=-2 4 -4 -5 12 -7 -8 -9 -10 11 -12 -13 -14
leaf_value=0.00061615810529276561 -0.0071144662502426606 -0.0071679813908964536 -0.00049252029132744186 0.008998306528884923 0 -0.0059454965672469627 0.0036264047938583356 -0.0031542199920020948 0.0026900098076566422 0.0026878947058616371 -0.00025941086764520119 0 0.0046595410239243778
leaf_weight=14.000000000000002 18 11.999999999999998 19 10.999999999999998 12.000000000000002 12.999999999999998 10.999999999999998 20 21 39 138 203 13.999999999999998
leaf_count=14 18 12 19 11 12 13 11 20 21 39 138 203 14
internal_value=-3.88193e-05 0.000267071 0.00305919 0.00555692 -7.39525e-06 -0.000231725 0 -0.000127519 4.54259e-05 -0.000117093 -0.00111116 0.000482868 0.0030218
internal_weight=545 527 44 25 483 457 444 433 413 392 150 242 26
internal_count=545 527 44 25 483 457 444 433 413 392 150 242 26
is_linear=0
shrinkage=0.0529975


Tree=185
num_leaves=18
num_cat=0
split_feature=29 39 29 29 29 19 30 30 39 19 17 29 13 10 12 30 30
split_gain=0.424955 0.239145 0.29682 0.265123 0.0961455 0.255412 0.174749 0.133195 0.116024 0.102815 0.0548191 0.0522369 0.0456036 0.055881 0.0423933 0.0298052 0.0294224
threshold=1.4142917490010982 -1.0449328170218728 0.91470921892100709 0.96361458521015575 1.0000000180025095e-35 -0.6603797175785916 1.0555148531397263 -1.1268923088289837 -0.32879661478526795 0.56461929902412689 -1.3392876385518702 0.69848664362485546 -0.054758513544016361 -0.083806008565617887 0.46243296127113348 0.52738096071083229 -0.17828588221193531
decision_type=2 2 2 2 2 2 2 2 2 2 2 2 2 2 2 2 2
left_child=1 2 -1 4 6 -6 9 -7 -8 10 -3 15 13 -12 -14 16 -9
right_child=-2 3 -4 -5 5 7 8 11 -10 -11 12 -13 14 -15 -16 -17 -18
leaf_value=-0.00061261349148619216 -0.0080578356515667131 -0.0025904722564098377 0.0091997922088577731 -0.0063731171381385225 -0.0069783805744930271 -0.004593691192537973 0.0063542374966317613 0.0005027681216075733 0 0.0042645022048525489 0.00052517746464740816 0.0027953263186510629 -0.00016905363070881412 -0.001351155328751303 0.0018982673815294265 0.0018681197420557048 -0.0010151251076061861
leaf_weight=13.000000000000002 11.999999999999998 14.999999999999998 11.999999999999998 11.999999999999998 10.999999999999998 10.999999999999998 18.000000000000004 54 11.999999999999998 10.999999999999998 91 14.999999999999998 36 73 62 13.999999999999998 73
leaf_count=13 12 15 12 12 11 11 18 54 12 11 91 15 36 73 62 14 73
internal_value=-3.63609e-05 0.000218912 0.00474058 -4.27313e-05 0.000170808 -0.000780876 0.000729662 -0.000104548 0.00422647 0.000262879 0 0.0003272 0.00022088 -0.000287132 0.00110572 0 -0.000323635
internal_weight=545 533 25 508 496 178 318 167 30 288 277 156 262 164 98 141 127
internal_count=545 533 25 508 496 178 318 167 30 288 277 156 262 164 98 141 127
is_linear=0
shrinkage=0.0529975


Tree=186
num_leaves=14
num_cat=0
split_feature=39 38 29 29 7 29 19 37 29 3 8 9 7
split_gain=0.428343 0.315865 0.150773 0.0920799 0.0650132 0.0719482 0.15987 0.149375 0.0502716 0.0471103 0.0431754 0.0314511 0.0102061
threshold=-1.1558530955085182 -0.85777646155359866 0.99250610888350865 -1.1125084092197188 -1.9754482841524654 -0.42378981793710108 -0.77729306540003507 -0.78948456671466416 0.7731741465887918 0.52853458084763438 -0.63315952610627158 -0.27303659071857217 -0.25942146564547869
decision_type=2 2 2 2 2 2 2 2 2 2 2 2 2
left_child=-1 -2 3 -3 -5 7 -7 12 9 -8 -9 -12 -6
right_child=1 2 -4 4 5 6 8 10 -10 -11 11 -13 -14
leaf_value=-0.0080902871140150334 0.0064411751179857448 0.0039591874893765066 -0.0048090736634397941 -0.0031362106572660493 0.0012503074921762745 -0.0053110807158962634 -0.00051094480107562277 0.0024294351194467374 0.0026094424646512585 0.0011055695286426141 0.00091317858078108799 -0.00086460316394875261 0.0059085338693528775
leaf_weight=11.999999999999998 15.999999999999998 10.999999999999998 11.999999999999998 11.999999999999998 11.000000000000002 10.999999999999998 261 14.999999999999998 12.999999999999998 55 37 68 10.999999999999998
leaf_count=12 16 11 12 12 11 11 261 15 13 55 37 68 11
internal_value=-3.69659e-05 0.000219377 -3.14624e-05 0.000123497 0 0.000107081 -0.000296822 0.00109421 -1.62548e-05 -0.000192549 0.000208699 -0.00015973 0.00459556
internal_weight=545 533 517 505 494 482 340 142 329 316 120 105 22
internal_count=545 533 517 505 494 482 340 142 329 316 120 105 22
is_linear=0
shrinkage=0.0529975


Tree=187
num_leaves=26
num_cat=0
split_feature=45 30 35 29 4 29 44 52 39 0 8 6 31 7 31 2 8 2 15 37 30 29 12 3 9
split_gain=0.422908 0.3513 0.0846443 0.216481 0.168165 0.216832 0.0962977 0.0821698 0.204036 0.0802937 0.0784086 0.159008 0.0786166 0.0945839 0.0530363 0.0516963 0.0464234 0.0417229 0.0705825 0.0393932 0.0375301 0.0304585 0.018314 0.0162705 0.0073832
threshold=1.7894974863008961 -1.6045160372440099 1.1727551818529272 0.74954040166073665 1.5480257726268594 0.78170629896345034 0.70547720845605821 1.0000000180025095e-35 -0.69848839585506151 -0.36040967366733101 1.0250222033349827 0.40306023220815956 -0.23990902356405411 -0.11881468229662549 -0.37429090472530957 -0.93867613347688927 0.43692998517869558 1.6652591919516364 -1.2252975897148428 1.0872495872935086 0.25750483124796963 -0.13206036081016861 -0.86036561408002055 1.0728812653627433 0.68254493862593957
decision_type=2 2 2 2 2 2 2 2 2 2 2 2 2 2 2 2 2 2 2 2 2 2 2 2 2
left_child=1 -1 3 7 5 22 17 10 9 -9 12 -12 14 20 21 -10 -15 -6 -19 24 -14 -3 -4 -13 -17
right_child=-2 2 4 -5 6 -7 -8 8 15 -11 11 23 13 16 -16 19 -18 18 -20 -21 -22 -23 -24 -25 -26
leaf_value=0.0073030913138355221 -0.0080343039292751096 0.00025458856238383827 -0.00051712220537110452 -0.0056328177865360585 -0.00086140476468701485 0.0083137601249190108 -0.0029333104614423866 0.0070326245509675367 -0.0028742688274944364 0.00035202009134941206 -0.0066300763071834848 -0.0011679952419943289 0.00028743295698664711 -0.00055157845936889746 -0.0034324699259222933 -0.00076180576564779218 0.0017788750834493916 -9.9477561522768397e-05 0.0041557865075968073 0.0025347525642061093 0.004692326923937359 -0.0016042315957120086 0.0016262099861761002 0.00099468587377822917 0.00034104203657556642
leaf_weight=12.999999999999998 11.999999999999998 49 13.999999999999998 14.999999999999998 14.999999999999998 11.999999999999998 21 13.000000000000002 10.999999999999998 10.999999999999998 10.999999999999998 13.000000000000002 14.000000000000002 111 20 32 24 17 14.000000000000002 11.999999999999998 12.999999999999998 34 14.000000000000002 13.999999999999998 15.999999999999998
leaf_count=13 12 49 14 15 15 12 21 13 11 11 11 13 14 111 20 32 24 17 14 12 13 34 14 14 16
internal_value=-3.18986e-05 0.000222688 -2.22814e-05 -0.000382029 0.00125105 0.00373498 -0.000321204 -8.6177e-05 0.0012068 0.004886 -0.000529722 -0.00261351 -0.000153923 0.000539873 -0.00127889 -0.00022982 -2.97042e-05 0.000937708 0.00199556 0.000366266 0.00308729 -0.000485159 0.000446904 0 -0.000267787
internal_weight=545 533 520 413 107 40 67 398 95 24 303 38 265 162 103 71 135 46 31 60 27 83 28 27 48
internal_count=545 533 520 413 107 40 67 398 95 24 303 38 265 162 103 71 135 46 31 60 27 83 28 27 48
is_linear=0
shrinkage=0.0529975


Tree=188
num_leaves=13
num_cat=0
split_feature=19 38 47 13 45 30 30 30 7 29 36 13
split_gain=0.420489 0.141568 0.158145 0.141607 0.10652 0.217344 0.0705664 0.0829245 0.0632258 0.0680584 0.0492016 0.0454701
threshold=1.0782546332626139 -0.37905512615458281 0.66068322996836037 0.71361396071117855 1.6759414369285972 1.2529128884377021 1.0684567549518114 0.97505087236928578 1.527066262327532 0.81384386805079478 1.4371240812312862 -0.054758513544016361
decision_type=2 2 2 2 2 2 2 2 2 2 2 2
left_child=1 2 3 -1 5 6 7 8 9 11 -6 -3
right_child=-2 4 -4 -5 10 -7 -8 -9 -10 -11 -12 -13
leaf_value=0.00055162323667442984 -0.0069005572548499171 -0.00055416946023678312 -0.00040527421330441158 0.0086378586273761614 0 -0.005764738294103627 0.0033732258104239403 -0.0034439572421880913 0.0025316146938498358 -0.0033017252884699889 0.0045639047509853899 0.00057809546339504232
leaf_weight=14.000000000000002 18 185 19 10.999999999999998 12.000000000000002 12.999999999999998 10.999999999999998 13.999999999999998 21 11.999999999999998 13.999999999999998 201
leaf_count=14 18 185 19 11 12 13 11 14 21 12 14 201
internal_value=-2.69025e-05 0.000269759 0.00295447 0.00531764 0 -0.00021231 9.39098e-06 -0.000105063 3.70826e-05 -0.000112872 0.00294929 1.74355e-05
internal_weight=545 527 44 25 483 457 444 433 419 398 26 386
internal_count=545 527 44 25 483 457 444 433 419 398 26 386
is_linear=0
shrinkage=0.0529975


Tree=189
num_leaves=13
num_cat=0
split_feature=13 25 44 35 29 30 31 31 29 29 29 37
split_gain=0.408649 0.290873 0.624861 0.494999 0.196618 0.155078 0.103722 0.084991 0.126997 0.102699 0.0544152 0.0356416
threshold=1.9449801053509139 -1.3308125281902385 -0.7704731892735065 -1.1669238279072049 1.0276841064871944 1.2529128884377021 -1.7306718095644047 -0.23990902356405411 0.55429414669926913 0.7731741465887918 -0.87545902639589801 2.003599112770122
decision_type=2 2 2 2 2 2 2 2 2 2 2 2
left_child=1 2 -1 -3 5 6 -5 8 10 11 -8 -9
right_child=-2 3 -4 4 -6 -7 7 9 -10 -11 -12 -13
leaf_value=-0.0020736238908390628 -0.0078914858793429285 -0.0082553035829330285 0.011812138038393701 0.0040694215533352554 0.0051450532268911726 -0.0042288013418543165 -0.0031579999093804974 0.00010016816502958325 -0.0053173149158870399 0.0041737433261094282 0 0.0026489270488502391
leaf_weight=14.000000000000002 11.999999999999998 13.999999999999998 11.999999999999998 12.999999999999998 15.999999999999998 17 10.999999999999998 276 10.999999999999998 14.999999999999998 123 10.999999999999998
leaf_count=14 12 14 12 13 16 17 11 276 11 15 123 11
internal_value=-2.45837e-05 0.000225397 0.00512952 -6.95004e-05 0.000245369 4.72248e-06 0.00022857 4.90595e-05 -0.000964684 0.000567774 -0.000345037 0.000273908
internal_weight=545 533 26 507 493 477 460 447 145 302 134 287
internal_count=545 533 26 507 493 477 460 447 145 302 134 287
is_linear=0
shrinkage=0.0529975


Tree=190
num_leaves=27
num_cat=0
split_feature=45 30 30 29 29 8 44 3 39 29 53 30 6 7 30 7 1 44 35 37 6 30 1 19 17 10
split_gain=0.399579 0.357376 0.0787089 0.525059 0.203604 0.284545 0.0900166 0.191773 0.0844748 0.0686314 0.064038 0.0793011 0.0686163 0.0617529 0.032619 0.0390668 0.0283651 0.0441027 0.024387 0.0719532 0.0205009 0.0243745 0.0255322 0.0178514 0.0173317 0.00625998
threshold=1.7894974863008961 -1.6045160372440099 0.41858325918345057 0.67528232375896413 0.67528232375896413 -0.74199266462636426 1.1974606743659131 1.1648317188281332 -0.66293115134980962 0.20235630727881282 1.0000000180025095e-35 1.1485607431090135 0.25998191677495136 -0.19967188325312279 0.30623422519323845 -0.033573152019245003 -1.0556529808440198 -0.7704731892735065 -0.34882695113452244 2.003599112770122 0.085967592106231658 -0.17828588221193531 0.96484194367783138 -0.1106783865241085 0.83547343284049613 -0.52875103714567451
decision_type=2 2 2 2 2 2 2 2 2 2 2 2 2 2 2 2 2 2 2 2 2 2 2 2 2 2
left_child=1 -1 4 6 9 -6 7 10 -8 14 11 24 -12 -11 16 -16 17 -3 19 -18 21 25 -23 -20 -4 -15
right_child=-2 2 3 -5 5 -7 8 -9 -10 13 12 -13 -14 20 15 -17 18 -19 23 -21 -22 22 -24 -25 -26 -27
leaf_value=0.0073646735171401766 -0.0078030645154721851 -0.00031231541608160089 0.00086102835309202091 -0.0098254534897400606 -0.00013990126681985335 0.0082395090407483777 0.0051172745351375174 -0.0055204360626683931 -5.4084073942589071e-05 -0.0037476226104281914 0.00066007084170751522 0.0044258155688711226 -0.0030737164022585227 -0.00028677073876678331 0.0037099621471377827 0 0 0.0031979787606488904 -0.00071713336861851744 -0.0038748354888942594 0.0011015358880348501 -0.002815204564048622 0 0.00070151817719092343 -0.00087175256306522471 0.0010047255287108691
leaf_weight=12.999999999999998 11.999999999999998 12.000000000000002 35 10.999999999999998 21 14.999999999999998 11.000000000000002 12.999999999999998 12.999999999999998 17 20 10.999999999999998 21 11.000000000000002 11.000000000000002 11.999999999999998 69 13.999999999999998 23 10.999999999999998 11.999999999999998 17.000000000000004 10.999999999999998 99 19 10.999999999999998
leaf_count=13 12 12 35 11 21 15 11 13 13 17 20 11 21 11 11 12 69 14 23 11 12 17 11 99 19 11
internal_value=-2.38083e-05 0.000223237 -2.39422e-05 -0.00101881 0.000385564 0.00386315 0 -0.000599795 0.00263242 -3.51957e-05 0.000204574 0.0012498 -0.00125191 -0.00135839 0.000376068 0.00206967 0.000126713 0.00160465 -7.07122e-05 -0.000785736 -0.000327838 -0.000876845 -0.00180321 0.000358431 0.000108735 0.000186381
internal_weight=545 533 520 154 366 36 143 119 24 330 106 65 41 79 251 23 228 26 202 80 62 50 28 122 54 22
internal_count=545 533 520 154 366 36 143 119 24 330 106 65 41 79 251 23 228 26 202 80 62 50 28 122 54 22
is_linear=0
shrinkage=0.0529975


Tree=191
num_leaves=21
num_cat=0
split_feature=39 38 29 29 19 19 3 5 39 31 29 31 39 6 29 37 47 53 53 14
split_gain=0.417981 0.273643 0.146235 0.0931875 0.162285 0.143346 0.0324438 0.0367504 0.0538348 0.0351741 0.0903146 0.03377 0.053224 0.0338552 0.0298454 0.0234091 0.0126767 0.00825614 0.00445013 0.00011493
threshold=-1.1558530955085182 -0.85777646155359866 0.99250610888350865 -0.77812266363463123 -0.95772725582126561 -1.0429653928487965 0.52853458084763438 -1.1644035560352715 -0.56694565077481152 -0.23990902356405411 0.30977886120655712 1.3316121822221112 -0.72037846618712831 -0.89710364104223372 -0.89685283675921912 1.382913850662393 0.10324174324130626 -1.069797498769544 -0.36007183007885429 -0.24700164006572492
decision_type=2 2 2 2 2 2 2 2 2 2 2 2 2 2 2 2 2 2 2 2
left_child=-1 -2 3 4 -3 -5 9 17 19 10 16 12 -11 -13 15 -6 -7 -8 -10 -9
right_child=1 2 -4 5 14 6 7 8 18 11 -12 13 -14 -15 -16 -17 -18 -19 -20 -21
leaf_value=-0.0079809726690860342 0.0060179649965582801 0.0065229420060192844 -0.0047123420948756017 -0.0048779486199942322 0.00035772022763313452 -0.00087042765881919755 -0.0012110058179902814 0.0038506909989152582 0.00074225942104286864 0.0016844415094621006 -0.0039107282704316055 0.00010326144974852713 -5.4788852049338844e-05 -0.0030601994686825537 0.0015495899679749854 -0.0022537632344821717 0.00035177840404031479 0.0001293810520871198 -0.00034727084444050564 0.00080963091858730343
leaf_weight=11.999999999999998 15.999999999999998 10.999999999999998 11.999999999999998 10.999999999999998 10.999999999999996 32 12.000000000000002 16.000000000000004 11.000000000000002 60 17 12.000000000000002 168 10.999999999999998 20.000000000000004 11 52 19 20 10.999999999999998
leaf_count=12 16 11 12 11 11 32 12 16 11 60 17 12 168 11 20 11 52 19 20 11
internal_value=-2.48783e-05 0.000228084 -4.68958e-06 0.000147492 0.00213418 -9.51023e-05 7.24088e-05 0.000952405 0.00170376 -0.000142806 -0.000958948 0.000173136 0.000404491 -0.00148878 0.000167884 -0.000901589 -6.31868e-05 -0.000312869 0 0.00319571
internal_weight=545 533 517 505 53 452 441 89 58 352 101 251 228 23 42 22 84 31 31 27
internal_count=545 533 517 505 53 452 441 89 58 352 101 251 228 23 42 22 84 31 31 27
is_linear=0
shrinkage=0.0529975


Tree=192
num_leaves=19
num_cat=0
split_feature=19 38 47 13 45 30 30 49 30 13 15 4 26 36 8 3 3 12
split_gain=0.411756 0.130975 0.146758 0.128425 0.102913 0.192067 0.0632131 0.0817484 0.10521 0.311181 0.0682825 0.0680093 0.0484507 0.0467688 0.0405158 0.0304325 0.0456513 0.0321482
threshold=1.0782546332626139 -0.37905512615458281 0.66068322996836037 0.71361396071117855 1.6759414369285972 1.2529128884377021 1.0684567549518114 1.0000000180025095e-35 0.59757875010197681 0.2604712194837559 -1.2252975897148428 1.4288226315762949 -0.016083340175633568 1.4371240812312862 -0.11124742640394288 -0.17764490176656142 0.43474511831293622 -0.27558403022908401
decision_type=2 2 2 2 2 2 2 2 2 2 2 2 2 2 2 2 2 2
left_child=1 2 3 -1 5 6 7 8 15 14 -9 12 -12 -6 -10 17 -17 -3
right_child=-2 4 -4 -5 13 -7 -8 10 9 -11 11 -13 -14 -15 -16 16 -18 -19
leaf_value=0.00054696655133523915 -0.0068283811299211013 -0.00030936761546682931 -0.00037823959944391524 0.0082942138191059757 0 -0.0054205935000025711 0.0031911609370140104 -0.0010579620966803343 -0.0016884475769375379 -0.0083273114983382669 0.0020901091662853628 0.0044391680173407368 -0.0009600489472530976 0.0044819968354550431 0.0010276581980620003 -0.0012616185702368828 0.00040218914805976308 0.0012883600732714348
leaf_weight=14.000000000000002 18 51 19 10.999999999999998 12.000000000000002 12.999999999999998 10.999999999999998 18 21 11.999999999999998 24 19 20 13.999999999999998 29 92 75 72
leaf_count=14 18 51 19 11 12 13 11 18 21 12 24 19 20 14 29 92 75 72
internal_value=-2.63457e-05 0.000267085 0.0028493 0.0051262 0 -0.000201087 6.41019e-06 -0.000101069 -0.000468393 -0.00234541 0.00133717 0.0021552 0.00061511 0.00290669 -4.70212e-05 -4.1181e-06 -0.000485984 0.000588156
internal_weight=545 527 44 25 483 457 444 433 352 62 81 63 44 26 50 290 167 123
internal_count=545 527 44 25 483 457 444 433 352 62 81 63 44 26 50 290 167 123
is_linear=0
shrinkage=0.0529975


Tree=193
num_leaves=27
num_cat=0
split_feature=45 30 35 29 35 29 44 52 39 9 8 6 31 19 6 25 31 47 37 37 44 1 3 5 15 25
split_gain=0.391509 0.34158 0.0768973 0.2032 0.140257 0.219297 0.101071 0.0744159 0.184858 0.0746864 0.0702875 0.142927 0.0683554 0.0873102 0.0547987 0.0454693 0.0452252 0.039433 0.0276148 0.0274117 0.0202154 0.0183669 0.0131551 0.00690393 0.00641005 0.00296213
threshold=1.7894974863008961 -1.6045160372440099 1.1727551818529272 0.74954040166073665 1.7050257548324281 0.78170629896345034 0.70547720845605821 1.0000000180025095e-35 -0.69848839585506151 0.12359606136457299 1.0250222033349827 0.40306023220815956 -0.23990902356405411 -0.76753985839130923 -1.1437175796296033 -0.75719271657490139 -0.37429090472530957 -0.31483937180398425 0.94675663945155553 0.62592946005127559 1.0000000180025095e-35 1.6053844014172223 1.0728812653627433 0.3153379014180292 -1.1132998417179685 1.5386232371345685
decision_type=2 2 2 2 2 2 2 2 2 2 2 2 2 2 2 2 2 2 2 2 2 2 2 2 2 2
left_child=1 -1 3 7 5 21 14 10 9 -9 12 -12 16 -14 -6 20 19 -15 23 -3 -10 24 -13 -17 25 -4
right_child=-2 2 4 -5 6 -7 -8 8 15 -11 11 22 13 17 -16 18 -18 -19 -20 -21 -22 -23 -24 -25 -26 -27
leaf_value=0.0072019373791343579 -0.0077245952135572993 -0.0010306099466474844 0.00098576932503469735 -0.0054516460664972973 0.003011687005338019 0.0077891944638379231 -0.0039653206429735065 0.006721094034861869 0 0.00029127624743868259 -0.0062819168999590572 -0.0010504514693102573 0.004110330130631069 0.0021138123976988817 -0.00086406485811180384 0.00028932281274914723 -0.0031873748194224923 -0.00024430022622091399 0.0023494134599706422 0.00091815979292196657 -0.0031263233491663736 0.0020269504116915849 0.00089415972604016858 -0.00099778861453881751 -0.00070034369770775623 0
leaf_weight=12.999999999999998 11.999999999999998 63 10.999999999999998 14.999999999999998 10.999999999999998 11.999999999999998 13.999999999999998 13.000000000000002 13.000000000000002 10.999999999999998 10.999999999999998 13.000000000000002 10.999999999999998 17 17.000000000000004 24 20 134 11.999999999999998 20 10.999999999999998 13.999999999999998 13.999999999999998 10.999999999999998 14.000000000000002 13.999999999999998
leaf_count=13 12 63 11 15 11 12 14 13 13 11 11 13 11 17 17 24 20 134 12 20 11 14 14 11 14 14
internal_value=-2.42237e-05 0.000220193 -2.11848e-05 -0.000364674 0.0011918 0.00267096 -0.000999548 -7.75934e-05 0.00115195 0.00465429 -0.000500572 -0.00247395 -0.000143343 0.000501617 0.000715747 -0.000211497 -0.00119362 4.72895e-05 0.000641569 -0.00045232 -0.00190923 0.000719815 0 -3.16009e-05 0 0.000514224
internal_weight=545 533 520 413 107 65 42 398 95 24 303 38 265 162 28 71 103 151 47 83 24 53 27 35 39 25
internal_count=545 533 520 413 107 65 42 398 95 24 303 38 265 162 28 71 103 151 47 83 24 53 27 35 39 25
is_linear=0
shrinkage=0.0529975


Tree=194
num_leaves=12
num_cat=0
split_feature=19 38 45 30 7 26 3 39 29 53 36
split_gain=0.400297 0.121523 0.0967329 0.18948 0.0744017 0.121638 0.0896107 0.0822724 0.0754323 0.0573978 0.0454342
threshold=1.0782546332626139 -0.68690109666846921 1.6759414369285972 1.2529128884377021 1.527066262327532 1.3774236398144597 -0.29718049127156848 -1.1464725685440789 0.74954040166073665 1.0593795073025254 1.4371240812312862
decision_type=2 2 2 2 2 2 2 2 2 2 2
left_child=1 -1 3 4 5 7 -6 -3 9 -9 -4
right_child=-2 2 10 -5 6 -7 -8 8 -10 -11 -12
leaf_value=0.004689658125043821 -0.0067269077677517821 0.0037575546277946433 0 -0.005261329812580034 -0.00031596947415404088 -0.0041865293119011902 0.0050938086136653338 -0.00014700000352672036 -0.0029571219886462084 0.0013384022283889406 0.0044930545164318866
leaf_weight=10.999999999999998 18 10.999999999999998 12.000000000000002 12.999999999999998 11.000000000000002 12.999999999999998 11.999999999999998 327 17 86 13.999999999999998
leaf_count=11 18 11 12 13 11 13 12 327 17 86 14
internal_value=-1.972e-05 0.000269366 0.000108965 -6.07276e-05 0.000130107 -2.06296e-05 0.00273535 0.000141063 0 0.000160367 0.00293735
internal_weight=545 527 516 490 477 454 23 441 430 413 26
internal_count=545 527 516 490 477 454 23 441 430 413 26
is_linear=0
shrinkage=0.0529975


Tree=195
num_leaves=18
num_cat=0
split_feature=39 38 45 30 36 31 34 12 30 19 53 17 31 39 12 37 39
split_gain=0.39525 0.27133 0.0934151 0.166872 0.0773544 0.0865535 0.0765775 0.0661317 0.143537 0.0920206 0.0613908 0.0568903 0.0546562 0.0538183 0.0438881 0.0267777 0.00307063
threshold=-1.1558530955085182 -0.85777646155359866 1.6759414369285972 1.2529128884377021 -1.2895489334230941 0.70892177038409643 1.1667220113737764 0.77690392152255128 0.94700107409178613 -0.8993789995124194 1.0000000180025095e-35 -0.078972301345273305 -0.047619721137843934 -0.72037846618712831 1.15004598973081 -0.63011943184916475 -0.64566921704707625
decision_type=2 2 2 2 2 2 2 2 2 2 2 2 2 2 2 2 2
left_child=-1 -2 3 4 -3 7 10 8 11 -9 16 -6 -4 -8 -11 -12 -7
right_child=1 2 12 -5 5 6 13 9 -10 14 15 -13 -14 -15 -16 -17 -18
leaf_value=-0.0077557751578132819 0.0059925310574089966 -0.0027625732822123472 0 -0.0050705101244725749 0.00044898331890310376 0 0.0050681655623923258 0.0042976379291815268 -0.0051781816764039307 0.0012956865894665378 0.0030176083725805898 -0.0011497378797328077 0.0042440754017646935 0.00053772558317611305 -0.00084649654445809533 0 -0.0014370571171165782
leaf_weight=11.999999999999998 15.999999999999998 21 11.000000000000002 12.999999999999998 118 11.999999999999998 17 11.999999999999998 12.999999999999998 43 15.999999999999998 114 15.999999999999998 19 52 17 23
leaf_count=12 16 21 11 13 118 12 17 12 13 43 16 114 16 19 52 17 23
internal_value=-1.8405e-05 0.000227182 -4.5491e-06 -0.000199297 0 0.000155955 0.00146348 -0.000228891 -0.000719767 0.000811816 0.000229973 -0.000316423 0.00271201 0.0032616 7.33251e-05 0.00179099 -0.00111816
internal_weight=545 533 517 490 477 456 104 352 245 107 68 232 27 36 95 33 35
internal_count=545 533 517 490 477 456 104 352 245 107 68 232 27 36 95 33 35
is_linear=0
shrinkage=0.0529975


Tree=196
num_leaves=25
num_cat=0
split_feature=25 15 30 29 30 29 47 4 7 31 1 30 7 8 3 7 19 29 37 24 45 9 13 44
split_gain=0.386934 2.31078 0.450691 0.19682 0.129436 0.106873 0.752779 0.0889469 0.0323325 0.0778569 0.0735243 0.0624381 0.0570825 0.0406356 0.0394486 0.0386703 0.0296832 0.0222645 0.0216273 0.0206709 0.0203625 0.0179646 0.0139321 0.010219
threshold=-1.1764033572252413 0.93580236748553591 -1.3391747755491517 -0.77812266363463123 1.2529128884377021 0.91470921892100709 0.59100304412747862 -1.1966769825115977 -0.28687391215209518 -0.62330972702388776 1.0000000180025095e-35 0.28316466899559672 -0.18563611317720563 0.48031795285631473 -0.094889493647710224 0.75838092719554961 0.10303217355356056 -0.50639135643662569 -0.57350287077852791 -1.4391935157614832 -0.48162350114508018 -0.23219308055222279 0.088079959234192942 1.0000000180025095e-35
decision_type=2 2 2 2 2 2 2 2 2 2 2 2 2 2 2 2 2 2 2 2 2 2 2 2
left_child=2 4 -1 -4 5 8 -7 19 9 11 20 16 -10 14 15 -14 22 -15 -16 -5 -11 -22 -2 -13
right_child=1 -3 3 7 -6 6 -8 -9 12 10 -12 23 13 17 18 -17 -18 -19 -20 -21 21 -23 -24 -25
leaf_value=0.01127937751032547 -0.0020990446335036137 -0.019743830691156997 0.0057573825320355512 -0.00058558991643928608 -0.0037267633605061285 0.0099925952010784524 -0.0052345173573150622 -0.004006234208241549 0.0028259321034910462 0.00085715659394746963 -0.0042126050773436509 0.0002242097575075922 -0.00016402603230837083 0 -0.0016742916251085646 0.0014824139225467008 0.0011479953147689246 0.0028337239142819724 0 0.0017281457919434392 0 -0.0022392595607886537 -1.0937012941747675e-05 0.0033305461272943025
leaf_weight=10.999999999999998 18 10.999999999999998 10.999999999999998 10.999999999999995 17 14.000000000000002 10.999999999999998 11.000000000000002 20 14.999999999999998 19 11.000000000000002 88 11.000000000000002 43 58 14.999999999999998 17 54 16.000000000000004 11 13 26 12.999999999999998
leaf_count=11 18 11 11 11 17 14 11 11 20 15 19 11 88 11 43 58 15 17 54 16 11 13 26 13
internal_value=-1.61209e-05 -0.000540532 0.003781 0.0009244 0.000131647 0.00033667 0.00335082 -0.000909881 0.000102807 -0.000520497 -0.00193697 0.000454664 0.000432749 0.000173562 -3.76473e-05 0.000476766 -0.000409495 0.00189534 -0.000862412 0.000638719 -0.000259459 -0.00122203 -0.00115417 0.00246909
internal_weight=545 485 60 49 474 457 25 38 432 141 58 83 291 271 243 146 59 28 97 27 39 24 44 24
internal_count=545 485 60 49 474 457 25 38 432 141 58 83 291 271 243 146 59 28 97 27 39 24 44 24
is_linear=0
shrinkage=0.0529975


Tree=197
num_leaves=19
num_cat=0
split_feature=19 30 13 45 30 7 13 10 8 3 5 31 25 36 13 36 8 3
split_gain=0.377369 0.112698 0.260108 0.0940428 0.148888 0.0676659 0.109303 0.466862 0.101916 0.0846615 0.0761788 0.0576962 0.0763899 0.0415931 0.0388591 0.024557 0.0240179 0.0101044
threshold=1.0782546332626139 -0.66021637375627751 1.0583964812103044 1.6759414369285972 1.2529128884377021 1.527066262327532 0.67421024408270702 -0.45967407082850381 1.1846244970882689 -0.29718049127156848 -1.300866931953909 -0.23990902356405411 -0.11801579838046677 1.4371240812312862 0.5165953775688209 -1.1775705755317434 -0.58746950037894974 -0.082016430162555901
decision_type=2 2 2 2 2 2 2 2 2 2 2 2 2 2 2 2 2 2
left_child=1 2 16 4 5 6 8 -8 11 -7 -9 12 -3 -5 -13 -12 -1 -18
right_child=-2 3 -4 13 -6 9 7 10 -10 -11 15 14 -14 -15 -16 -17 17 -19
leaf_value=0.0016387258743395853 -0.0065288006844093907 -0.0021486571041746975 0.0079873239009406651 0 -0.0047931258929556093 -0.00043350697655364416 -0.0097440842344300831 -0.0026368862704213747 0.0034805673890544969 0.0047866739447384515 0.0024013080214467628 0.00018482352804156051 0.0006925983084572413 0.004259062637728862 0.0027610012645505836 0 -0.0013943795440645077 8.4223646414053357e-05
leaf_weight=12.999999999999998 18 62 10.999999999999998 12.000000000000002 12.999999999999998 11.000000000000002 10.999999999999998 13.999999999999998 19 11.999999999999998 18.999999999999996 211 35 13.999999999999998 12.999999999999998 29.000000000000004 17 11.000000000000002
leaf_count=13 18 62 11 12 13 11 11 14 19 12 19 211 35 14 13 29 17 11
internal_value=-1.6043e-05 0.000264248 0.00246974 0 -0.000200209 0 -0.00017144 -0.00195751 0.000219133 0.00247583 5.87281e-05 -1.28375e-05 -0.00107501 0.00277224 0.000432789 0.00117982 1.05473e-05 -0.000695649
internal_weight=545 527 52 475 449 436 413 73 340 23 62 321 97 26 224 48 41 28
internal_count=545 527 52 475 449 436 413 73 340 23 62 321 97 26 224 48 41 28
is_linear=0
shrinkage=0.0529975


Tree=198
num_leaves=23
num_cat=0
split_feature=45 30 30 30 29 4 29 44 8 12 53 30 3 13 34 8 35 10 3 45 6 5
split_gain=0.384301 0.343452 0.0755676 0.102409 0.218844 0.529411 0.173562 0.0761255 0.0883331 0.160879 0.087121 0.0641926 0.0520773 0.046001 0.0380996 0.0263867 0.0239544 0.0125525 0.00867751 0.00814963 0.00299496 0.00295851
threshold=1.7894974863008961 -1.6045160372440099 -1.2827102050692498 -0.2145055800327397 0.6273942987389155 0.67315741740438562 0.67528232375896413 1.1974606743659131 1.0250222033349827 0.97238029643756796 1.0000000180025095e-35 0.94700107409178613 0.070621322589991556 -0.38969010488602435 -0.077316209869719835 0.46717703718305897 -0.34882695113452244 -0.50972561685278994 -0.27143436430125917 0.99460514069480432 0.55225687903410237 0.57815287283190997
decision_type=2 2 2 2 2 2 2 2 2 2 2 2 2 2 2 2 2 2 2 2 2 2
left_child=1 -1 -3 6 7 -6 15 8 11 -10 14 13 -13 -5 -9 16 18 19 -4 -18 -17 -19
right_child=-2 2 3 4 5 -7 -8 10 9 -11 -12 12 -14 -15 -16 20 17 21 -20 -21 -22 -23
leaf_value=0.0072308067599186803 -0.0076414607704949717 -0.0034995489505523308 0 -0.0011932313987535951 -0.010859701174060356 0.0011205469101306315 0.005213721408840368 -0.0017288804476507768 -0.0057606159764466789 0.0012304547315438916 0.0041780191424285454 -0.00018276618945060045 0.0035086757616649309 0.00029656969442233978 0.0015769843093291318 0.002405060725349534 -0.00090175943954748481 0.0012907384393231079 -0.0019928862596940034 0.00048719840830558969 0.0003628895899700577 0
leaf_weight=12.999999999999998 11.999999999999998 10.999999999999998 15.000000000000002 89 11.999999999999998 20 20 14.000000000000002 15.000000000000002 10.999999999999998 19 12.000000000000002 19 134 12.999999999999998 11.000000000000002 19.000000000000004 29 12.999999999999998 10.999999999999998 17 15.999999999999998
leaf_count=13 12 11 15 89 12 20 20 14 15 11 19 12 19 134 13 11 19 29 13 11 17 16
internal_value=-1.1467e-05 0.000230458 -1.17088e-05 8.9974e-05 -0.000384544 -0.00419305 0.0012312 3.72393e-05 -0.000281378 -0.00290827 0.00191977 2.15253e-05 0.00209292 -0.000283189 0 0.000370601 0 0.000447339 -0.00122569 -0.000202117 0.00165333 0.000990128
internal_weight=545 533 520 509 358 32 151 326 280 26 46 254 31 223 27 131 103 75 28 30 28 45
internal_count=545 533 520 509 358 32 151 326 280 26 46 254 31 223 27 131 103 75 28 30 28 45
is_linear=0
shrinkage=0.0529975


Tree=199
num_leaves=13
num_cat=0
split_feature=39 38 29 30 29 30 7 29 19 6 1 30
split_gain=0.386343 0.248613 0.137199 0.0853416 0.182782 0.0708125 0.0876155 0.0325159 0.0324718 0.0275636 0.0182748 0.020622
threshold=-1.1558530955085182 -0.85777646155359866 0.99250610888350865 1.0684567549518114 -0.42378981793710108 0.81566411525288152 -0.3099230353774472 0.7731741465887918 -0.74651601231882447 0.25998191677495136 1.8029331372926232 -0.2145055800327397
decision_type=2 2 2 2 2 2 2 2 2 2 2 2
left_child=-1 -2 3 5 -5 7 -7 8 -3 -8 11 -10
right_child=1 2 -4 4 -6 6 9 -9 10 -11 -12 -13
leaf_value=-0.0076610788364879605 0.0057499344384894201 0.0023240851668934587 -0.0045509296439320964 0.0052318026917761553 -0.0017309703519540103 -0.0050517748371520701 0.0013271775548989613 0.0023152828536957127 0.00035588450638057581 -0.0015628916928429114 0.0014715841227988845 -0.00041603880126232117
leaf_weight=11.999999999999998 15.999999999999998 10.999999999999998 11.999999999999998 20 11.999999999999998 10.999999999999998 13.000000000000002 12.999999999999998 141 11.999999999999998 14.999999999999998 257
leaf_count=12 16 11 12 20 12 11 13 13 141 12 15 257
internal_value=-1.08293e-05 0.000231765 0 0.000157228 0.00257583 -2.20142e-05 -0.00211392 0.000160831 4.7165e-05 0 -2.92023e-05 -0.000124056
internal_weight=545 533 517 505 32 473 36 437 424 25 413 398
internal_count=545 533 517 505 32 473 36 437 424 25 413 398
is_linear=0
shrinkage=0.0529975


Tree=200
num_leaves=16
num_cat=0
split_feature=13 7 11 29 17 29 29 25 25 29 29 6 5 14 39
split_gain=0.377434 0.273595 0.401185 0.418139 0.119109 0.404905 0.138729 0.0842497 0.0616881 0.193525 0.0451291 0.0317015 0.0103878 0.00754917 0.00748296
threshold=1.9449801053509139 -2.251833151424401 2.2335239833880842 1.1880524913612776 1.3903316759514752 0.88678181099218489 0.67528232375896413 -1.3308125281902385 -0.80856147868421624 0.031036353483505329 -0.51914819900760623 -0.82946009153911093 1.265816741428538 1.8236216424969416 -0.45960859485267685
decision_type=2 2 2 2 2 2 2 2 2 2 2 2 2 2 2
left_child=1 -1 3 4 5 7 10 -3 9 -9 -6 -10 14 -14 -12
right_child=-2 2 -4 -5 6 -7 -8 8 11 -11 12 -13 13 -15 -16
leaf_value=0.0068470715484483091 -0.0075718667322842966 0.0035172910486044339 -0.0079976897181086165 0.008213690076685971 0.0029793924331283782 -0.008153251191888658 0.0061409447055420282 -7.7149454729720176e-05 0.0012269179332748323 -0.006531563551846073 0.0011319597048122451 -9.8023855158160464e-05 -0.0015495259777066818 0 -2.9862564687647445e-05
leaf_weight=10.999999999999998 11.999999999999998 11.999999999999998 10.999999999999998 11.999999999999998 10.999999999999998 11.999999999999998 10.999999999999998 67 55 10.999999999999998 15.999999999999995 262 12.000000000000002 10.999999999999998 19.000000000000004
leaf_count=11 12 12 11 12 11 12 11 67 55 11 16 262 12 11 19
internal_value=-1.01795e-05 0.00022945 5.92084e-07 0.000277041 0 -0.000372927 0.00178967 -1.15706e-05 -0.000187188 -0.00147184 0.00056731 0.000128741 -1.73155e-05 -0.000871167 0.000418767
internal_weight=545 533 522 511 499 419 80 407 395 78 69 317 58 23 35
internal_count=545 533 522 511 499 419 80 407 395 78 69 317 58 23 35
is_linear=0
shrinkage=0.0529975


Tree=201
num_leaves=22
num_cat=0
split_feature=3 29 29 29 30 17 29 29 30 9 28 1 29 29 38 19 35 36 5 29 39
split_gain=0.368067 1.3144 0.642539 0.150162 0.186024 0.106507 0.397466 0.118133 0.0856929 0.070911 0.0594217 0.0739772 0.0727036 0.0456816 0.0702423 0.0535283 0.0315217 0.0111115 0.00544821 0.00413974 0.00156348
threshold=0.74002062381803124 0.6273942987389155 1.1880524913612776 -0.62400762929631193 0.75721457286374616 1.3903316759514752 0.88678181099218489 0.67528232375896413 1.1485607431090135 -0.062756608992104099 -0.68233214201494385 -0.56373799184107487 0.69848664362485546 1.0000000180025095e-35 -0.37905512615458281 0.75463004633928321 1.4751823572988962 -0.74085497975547743 1.4186447287304884 0.15371955706143023 -1.0000000180025095e-35
decision_type=2 2 2 2 2 2 2 2 2 2 2 2 2 2 2 2 2 2 2 2 2
left_child=2 3 5 9 17 6 8 16 10 -2 11 -1 13 14 -12 -15 -7 -5 19 -18 -19
right_child=1 -3 -4 4 -6 7 -8 -9 -10 -11 12 -13 -14 15 -16 -17 18 20 -20 -21 -22
leaf_value=0.00061765741236513214 0.0052599415898188003 -0.016380155947292772 0.0094432001401505237 0.001047611828246076 -0.0062935197164462218 0.0023234263725927483 -0.0081385032067938044 0.0059303118147156688 0.0033539971606990791 0 0.0037335918391333939 -0.003959323517386453 0.0035361790523743366 -0.00026244530560766535 0.00011231534038176491 -0.0034761791866506227 -0.00017101618583085503 -0.00070659520083699316 -0.00088339709451696388 0.00071894902798673519 0
leaf_weight=11.000000000000002 11.000000000000002 10.999999999999998 15.999999999999998 16.999999999999996 10.999999999999998 14.999999999999998 10.999999999999998 10.999999999999998 15.999999999999998 10.999999999999998 10.999999999999998 17 10.999999999999998 97 183 12.999999999999998 13.000000000000002 14.999999999999998 11.999999999999998 18 14.000000000000005
leaf_count=11 11 11 16 17 11 15 11 11 16 11 11 17 11 97 183 13 13 15 12 18 14
internal_value=-1.05131e-05 -0.00300809 0.000598678 -3.97364e-05 -0.00154734 0.000137726 -0.000211202 0.0019692 0.000142274 0.00311164 -4.25838e-05 -0.00216398 0.000161127 -4.50438e-06 0.000458356 -0.000862531 0.000623543 4.81922e-05 -3.86656e-05 0.000189717 -0.00041721
internal_weight=545 90 455 79 57 439 370 69 359 22 343 28 315 304 194 110 58 46 43 31 29
internal_count=545 90 455 79 57 439 370 69 359 22 343 28 315 304 194 110 58 46 43 31 29
is_linear=0
shrinkage=0.0529975


Tree=202
num_leaves=18
num_cat=0
split_feature=25 15 39 29 45 30 29 47 29 19 4 39 1 30 10 39 39
split_gain=0.365694 2.12061 0.482617 0.210119 0.150621 0.120535 0.0983429 0.699754 0.032205 0.0302623 0.0198565 0.0194122 0.0278173 0.0349694 0.0220569 0.0449057 0.0428675
threshold=-1.1764033572252413 0.93580236748553591 -0.92704100512702003 -0.77812266363463123 -1.0494037480065741 1.2529128884377021 0.91470921892100709 0.59100304412747862 0.74954040166073665 -0.74651601231882447 -0.50554704724523192 -0.71361890106462766 -0.52851467950102726 0.25202357818623405 -0.083806008565617887 1.8227470085125217 1.8368162572147246
decision_type=2 2 2 2 2 2 2 2 2 2 2 2 2 2 2 2 2
left_child=2 5 -1 -4 -5 6 8 -8 9 10 -2 12 -11 -14 15 -13 -16
right_child=1 -3 3 4 -6 -7 7 -9 -10 11 -12 14 13 -15 16 -17 -18
leaf_value=0.010334711595465519 0 -0.018916966980334224 0.0053711297590573531 -0.0047148105491076793 0.0013063369679838469 -0.00360018980869773 0.009622653023095366 -0.0050516025247192078 -0.0019520958545702829 0.0023882320803355703 0.0028804695196965697 -1.8224725584287966e-05 -0.00062427097648237435 0.0013459028668095249 -0.00020035981223411183 0.0028141864974632743 -0.0030395292727078776
leaf_weight=14.999999999999998 13.000000000000002 10.999999999999998 10.999999999999998 15.999999999999995 18.000000000000004 17 14.000000000000002 10.999999999999998 13.999999999999998 15.999999999999998 12.999999999999998 152 52 37 111 10.999999999999998 12.999999999999998
leaf_count=15 13 11 11 16 18 17 14 11 14 16 13 152 52 37 111 11 13
internal_value=-1.05566e-05 -0.00052079 0.00368058 0.000371171 -0.00163457 0.000122563 0.000320965 0.00321246 9.59969e-05 0.000207704 0.00178409 6.02941e-05 0.000668454 0.00015452 -0.000147492 0.000224661 -0.00067822
internal_weight=545 485 60 45 34 474 457 25 432 418 26 392 105 89 287 163 124
internal_count=545 485 60 45 34 474 457 25 432 418 26 392 105 89 287 163 124
is_linear=0
shrinkage=0.0529975


Tree=203
num_leaves=18
num_cat=0
split_feature=39 38 45 30 36 31 12 30 10 34 53 4 31 17 28 37 6
split_gain=0.35153 0.239052 0.0842653 0.141653 0.0747619 0.0646163 0.0576904 0.129525 0.0772095 0.0574373 0.0577796 0.0515795 0.0508954 0.0499775 0.041159 0.0272242 0.00180221
threshold=-1.1558530955085182 -0.85777646155359866 1.6759414369285972 1.2529128884377021 -1.2895489334230941 0.70892177038409643 0.77690392152255128 0.94700107409178613 0.85910532906678883 1.1667220113737764 1.0000000180025095e-35 -0.5393208141406366 -0.047619721137843934 -0.078972301345273305 0.057306762566011353 -0.63011943184916475 -1.7180840895106531
decision_type=2 2 2 2 2 2 2 2 2 2 2 2 2 2 2 2 2
left_child=-1 -2 3 4 -3 6 7 13 -8 10 16 -10 -4 -6 -11 -12 -7
right_child=1 2 12 -5 5 9 8 -9 11 14 15 -13 -14 -15 -16 -17 -18
leaf_value=-0.0073088782533567371 0.0056311018129433493 -0.0027146253143657891 0 -0.0046706563152771521 0.0004618333346548785 0 0.0035406662038159069 -0.0048680518266983235 -0.0008723758096393806 0.00017029767353610311 0.0029529490254623157 0.0015630257617161062 0.0040628492962762781 -0.001037563308602841 0.0041827062017332113 0 -0.0013539051438531543
leaf_weight=11.999999999999998 15.999999999999998 21 11.000000000000002 12.999999999999998 118 10.999999999999998 17 12.999999999999998 56 15.999999999999998 15.999999999999998 34 15.999999999999998 114 20 17 24
leaf_count=12 16 21 11 13 118 11 17 13 56 16 16 34 16 114 20 17 24
internal_value=-1.09545e-05 0.000219877 0 -0.000182619 0 0.000154616 -0.000175631 -0.000636319 0.000795192 0.00128452 0.00020057 1.50693e-05 0.00258294 -0.00025317 0.00284467 0.00171981 -0.00110352
internal_weight=545 533 517 490 477 456 352 245 107 104 68 90 27 232 36 33 35
internal_count=545 533 517 490 477 456 352 245 107 104 68 90 27 232 36 33 35
is_linear=0
shrinkage=0.0529975


Tree=204
num_leaves=23
num_cat=0
split_feature=45 30 30 30 29 4 29 44 8 10 53 30 23 13 8 10 35 47 12 19 9 23
split_gain=0.360043 0.316013 0.0737811 0.097607 0.20498 0.4582 0.164697 0.0658293 0.08124 0.138129 0.0747407 0.0589305 0.0500488 0.0411201 0.0266144 0.0220409 0.0214926 0.0261788 0.00996864 0.00736778 0.00522531 0.000715652
threshold=1.7894974863008961 -1.6045160372440099 -1.2827102050692498 -0.2145055800327397 0.6273942987389155 0.67315741740438562 0.67528232375896413 1.1974606743659131 1.0250222033349827 1.0125282535934546 1.0000000180025095e-35 0.94700107409178613 0.070621322589983243 -0.45864660898584947 0.46717703718305897 -0.070679045973420548 -0.34882695113452244 0.80004360165012389 -0.40488237649584963 0.24037819376653694 -0.52012920173983179 0.18280087581775903
decision_type=2 2 2 2 2 2 2 2 2 2 2 2 2 2 2 2 2 2 2 2 2 2
left_child=1 -1 -3 6 7 -6 14 8 11 -10 15 13 -13 -5 16 -9 19 18 -18 -4 -19 -16
right_child=-2 2 3 4 5 -7 -8 10 9 -11 -12 12 -14 -15 21 -17 17 20 -20 -21 -22 -23
leaf_value=0.0069386972684597993 -0.0073955198995210225 -0.0034548014567430171 -0.0019307199025669472 -0.0011919028746560404 -0.010251218231145519 0.00089888845737025422 0.0050872284946083994 0.0013266660271886424 -0.0057395168985299319 0.00069271370944916746 0.0038798435737680986 -0.00020022460729313842 0.0034073642512812614 0.00024225493577129163 0.00020692542627478302 -0.0012060062147429963 -0.00093370687772850009 6.8641750898412577e-05 0.00033169392950453241 0 0.0023609695546800789 0.0020715437901685889
leaf_weight=12.999999999999998 11.999999999999998 10.999999999999998 12.000000000000002 80 11.999999999999998 20 20 11.000000000000002 13.000000000000002 12.999999999999998 19 12.000000000000002 19 143 12.000000000000002 15.999999999999998 24 12.000000000000002 27 15.999999999999998 11.999999999999998 15.999999999999998
leaf_count=13 12 11 12 80 12 20 20 11 13 13 19 12 19 143 12 16 24 12 27 16 12 16
internal_value=-9.8209e-06 0.000223929 -7.8495e-06 9.2439e-05 -0.000370476 -0.0040565 0.00120667 3.70367e-05 -0.000257773 -0.00277801 0.00178864 3.14606e-05 0.00201598 -0.000259478 0.000366491 0 0 0.000415399 -0.000176827 -0.00116815 0.0016905 0.00165532
internal_weight=545 533 520 509 358 32 151 326 280 26 46 254 31 223 131 27 103 75 51 28 24 28
internal_count=545 533 520 509 358 32 151 326 280 26 46 254 31 223 131 27 103 75 51 28 24 28
is_linear=0
shrinkage=0.0529975


Tree=205
num_leaves=21
num_cat=0
split_feature=19 30 13 1 47 3 30 1 39 7 30 12 39 12 51 3 39 12 34 34
split_gain=0.374179 0.104126 0.231944 0.0809014 0.142034 0.166551 0.0903948 0.452169 0.0770181 0.0666618 0.0490357 0.0350766 0.130708 0.0732519 0.0344677 0.0272019 0.0260489 0.0218514 0.0205722 0.0110911
threshold=1.0782546332626139 -0.66021637375627751 1.0583964812103044 -0.92976225340644092 -0.31483937180398425 0.27291232021384998 0.83988821281013359 0.077270382728210144 -1.0606611111965953 1.5744293204194071 1.0909449037682633 -0.24770820666942364 -0.86305666682133453 0.084741481519680195 1.0000000180025095e-35 -0.30453652754879956 -0.58823341492797232 -0.56649063926266952 -0.23149370543520928 -0.73305319463412733
decision_type=2 2 2 2 2 2 2 2 2 2 2 2 2 2 2 2 2 2 2 2
left_child=1 2 18 4 -3 15 8 -8 -5 11 -9 12 -10 16 -15 -6 -13 -14 19 -1
right_child=-2 3 -4 6 5 -7 7 10 9 -11 -12 13 17 14 -16 -17 -18 -19 -20 -21
leaf_value=0.00014701675279201487 -0.0064947683893385039 -0.002615258902381391 0.0076034762136794011 -0.0031647539012280576 0.0015954000424779442 0.0063985641540490641 -0.0074566565236978983 -0.0001573922789799311 -0.0048282780191963078 0.0029736928730750242 0.0034249493163270766 0.0043026788554812708 0.00049802426547341486 0.00045639636971317557 -0.0012307785064770435 -0.00082835419034896522 0.00063137260406423781 -0.00086939413531624964 0.0015551264839021484 -0.0014261319477526276
leaf_weight=12.999999999999998 18 10.999999999999998 10.999999999999998 13.999999999999998 20 17 20 14.000000000000002 11.999999999999998 17 14.999999999999998 11.000000000000002 83 117 41 17 20 46 12.999999999999998 15.000000000000002
leaf_count=13 18 11 11 14 20 17 20 14 12 17 15 11 83 117 41 17 20 46 13 15
internal_value=-9.18187e-06 0.000269809 0.00238993 0 0.00166396 0.00282633 -0.000271481 -0.00227437 1.40664e-05 0.000213687 0.00176532 1.83893e-07 -0.000597121 0.000486271 0 0.000359119 0.00260912 0 5.08754e-05 -0.000593186
internal_weight=545 527 52 475 65 54 410 49 361 347 29 330 141 189 158 37 31 129 41 28
internal_count=545 527 52 475 65 54 410 49 361 347 29 330 141 189 158 37 31 129 41 28
is_linear=0
shrinkage=0.0529975


Tree=206
num_leaves=23
num_cat=0
split_feature=19 30 13 29 30 45 52 19 19 39 36 8 8 45 29 29 6 34 39 34 9 45
split_gain=0.345154 0.097587 0.215843 0.171166 0.32195 0.0770393 0.0798525 0.16355 0.137867 0.0523588 0.0362081 0.0263975 0.0507973 0.0376292 0.0277472 0.0230618 0.0220762 0.0189838 0.0118801 0.0103761 0.00634793 0.00363755
threshold=1.0782546332626139 -0.66021637375627751 1.0583964812103044 0.74954040166073665 0.23966141775408889 1.6759414369285972 1.0000000180025095e-35 -0.97088705664890151 -0.62555187198812046 -0.87235159096103188 1.4371240812312862 -0.65448179333522094 -0.71311381512148331 -0.70873559988967771 0.35860536846391994 -0.42378981793710108 -0.039079376179370323 -0.23149370543520928 0.60761844773504792 -0.73305319463412733 0.49828900170355284 0.54038094320560914
decision_type=2 2 2 2 2 2 2 2 2 2 2 2 2 2 2 2 2 2 2 2 2 2
left_child=1 2 17 5 -5 6 7 -3 -8 -10 -7 12 15 14 -13 -9 -15 19 20 -1 -11 -20
right_child=-2 3 -4 4 -6 10 8 11 9 18 -12 13 -14 16 -16 -17 -18 -19 21 -21 -22 -23
leaf_value=0.00014168469022634968 -0.0062365750376186775 -0.0051896953582999785 0.0073426789979232137 0.0006960143140644369 -0.0088623948244878452 0 0.0056788128674519966 0.0017807402899993592 0.0028082688005736057 -0.0013701371164724354 0.0042021075514987998 0.00097615894241646309 0.0033846745596571824 0 -0.0012962997156702692 -0.00026385965067055912 -0.001256702439747206 0.0014987246225992917 0 -0.0013721359978656614 0 0.00093666944890764532
leaf_weight=12.999999999999998 18 11.999999999999998 10.999999999999998 19.000000000000004 10.999999999999998 11.000000000000002 11.999999999999998 12.999999999999998 12.999999999999998 22 13.999999999999998 72 10.999999999999998 50 10.999999999999998 68 98 12.999999999999998 12.000000000000002 15.000000000000002 14.999999999999998 10.999999999999998
leaf_count=13 18 12 11 19 11 11 12 13 13 22 14 72 11 50 11 68 98 13 12 15 15 11
internal_value=-7.05462e-06 0.000260384 0.00231283 0 -0.00350719 0.000290233 8.36532e-05 -0.000272542 0.00148969 0.000333856 0.00284787 0 0.000732989 -0.000301144 0.000529457 8.41224e-05 -0.000814789 5.00455e-05 -0.000302879 -0.000562817 -0.00089871 0.000402384
internal_weight=545 527 52 475 30 445 420 335 85 73 25 323 92 231 83 81 148 41 60 28 37 23
internal_count=545 527 52 475 30 445 420 335 85 73 25 323 92 231 83 81 148 41 60 28 37 23
is_linear=0
shrinkage=0.0529975


Tree=207
num_leaves=19
num_cat=0
split_feature=30 30 45 37 30 3 30 30 39 29 8 29 19 30 6 45 13 34
split_gain=0.35158 1.3416 0.081389 0.135727 0.124915 0.0700738 0.0518555 0.0661384 0.162602 0.0943305 0.118805 0.0348626 0.0332013 0.0316275 0.0314102 0.0217307 0.0203534 0.00615249
threshold=-1.6045160372440099 -1.2827102050692498 1.3352732888117009 -0.78948456671466416 1.1485607431090135 0.21958105720392354 1.0555148531397263 0.59757875010197681 -0.812326624193484 0.7731741465887918 -1.0389942329791786 0.51570612243515501 -0.61992875493280475 -0.2145055800327397 0.33221314831891452 1.6759414369285972 -0.36013731741467064 -0.11421210073449009
decision_type=2 2 2 2 2 2 2 2 2 2 2 2 2 2 2 2 2 2
left_child=-1 -2 4 5 6 -4 7 9 -9 11 -11 12 -3 -13 16 17 -10 -5
right_child=1 2 3 15 -6 -7 -8 8 14 10 -12 13 -14 -15 -16 -17 -18 -19
leaf_value=0.007071569907411996 -0.014496646593802056 0.0025355360996855208 0.00056349740911353367 -0.0013811988754728402 -0.0043782321395284774 0.0069628197186846087 0.0029926026933223271 -0.0053830548895541638 0 -0.00045078082169016639 0.0057540991382502571 0.00029728186463832143 8.1437637742495071e-05 -0.0024032618189671175 -0.0013721278679112499 0.0012308391004483543 0.0023149890621592139 0
leaf_weight=12.999999999999998 11.999999999999998 10.999999999999998 12.000000000000002 16.000000000000004 11.999999999999998 10.999999999999998 10.999999999999998 14.999999999999998 24 11.000000000000002 12.999999999999998 11.999999999999998 288 23 20 18 11.999999999999998 10.999999999999998
leaf_count=13 12 11 12 16 12 11 11 15 24 11 13 12 288 23 20 18 12 11
internal_value=-1.44367e-06 -0.000264155 0.000212527 0.00184423 -3.86317e-05 0.00467191 0.000121334 0 -0.00140371 0.000305859 0.00315574 2.84888e-05 0.000242698 -0.00139893 0 0 0.0009671 -0.000864883
internal_weight=545 532 520 68 452 23 440 429 71 358 24 334 299 35 56 45 36 27
internal_count=545 532 520 68 452 23 440 429 71 358 24 334 299 35 56 45 36 27
is_linear=0
shrinkage=0.0529975


Tree=208
num_leaves=27
num_cat=0
split_feature=45 30 30 29 29 8 1 47 25 29 7 30 13 39 30 7 5 19 16 0 25 1 30 6 38 7
split_gain=0.346775 0.303937 0.0621066 0.426439 0.15779 0.271582 0.0658076 0.126586 0.113386 0.0556259 0.0415565 0.0359712 0.0617468 0.0430545 0.0271727 0.0364994 0.0261628 0.0216957 0.0292229 0.0263502 0.0214792 0.0145334 0.0122862 0.0109195 0.00855051 0.00389011
threshold=1.7894974863008961 -1.6045160372440099 0.41858325918345057 0.67528232375896413 0.67528232375896413 -0.74199266462636426 -0.65589634079426917 -0.17547900012222076 -0.8265320433975768 0.18888648312768833 -0.19967188325312279 0.97505087236928578 -0.0055038677584269549 -0.45960859485267685 0.30623422519323845 -0.033573152019245003 0.56126490577403487 -0.32580081582471693 0.57767451677292148 -0.51124592859820361 1.7288076299570638 -1.3320348443376233 0.57768355033597929 0.33221314831891452 0.10858912419955165 -1.2457362635928277
decision_type=2 2 2 2 2 2 2 2 2 2 2 2 2 2 2 2 2 2 2 2 2 2 2 2 2 2
left_child=1 -1 4 6 9 -6 7 -4 -8 14 -11 12 23 -13 17 -16 24 25 19 -19 -18 -20 -14 -10 -12 -3
right_child=-2 2 3 -5 5 -7 8 -9 11 10 16 13 22 -15 15 -17 20 18 21 -21 -22 -23 -24 -25 -26 -27
leaf_value=0.00681509645669296 -0.0072478679589531572 0 -0.0014811161555786676 -0.0088208784820998695 -0.00041531414794095345 0.0077190784894866924 -0.0045896324987223279 0.0041236461746086304 -0.00046961666145774709 -0.0031001932526107299 0.0016348600777985475 0.0029932264664570092 0 -0.00044824565803321473 0.0035146049522914685 0 -0.0018671459911819451 -0.0012004451611114515 0 0.00036461620320763562 0.0001692361685892989 0.0020913620057672298 0.0019513550022321193 -0.0026865216337036597 0 -0.0016767902374322152
leaf_weight=12.999999999999998 11.999999999999998 11.000000000000002 12.999999999999998 10.999999999999998 21 14.999999999999998 10.999999999999998 21 26 18 11.000000000000002 16.000000000000004 12.000000000000002 10.999999999999998 11.000000000000002 11.999999999999998 28 33 12.999999999999998 128 13.999999999999998 28 14.999999999999998 18 10.999999999999998 11.999999999999998
leaf_count=13 12 11 13 11 21 15 11 21 26 18 11 16 12 11 11 12 28 33 13 128 14 28 15 18 11 12
internal_value=0 0.000230431 0 -0.000882903 0.000365595 0.00342592 1.12574e-05 0.00190525 -0.000587333 -2.65308e-06 -0.0011707 3.34769e-05 -0.000529517 0.00155281 0.000374578 0.00192482 -0.00030915 0.000140019 0.000352148 0 -0.00110649 0.00151504 0.00117352 -0.00172968 0.000874522 -0.0011697
internal_weight=545 533 520 154 366 36 143 34 109 330 82 98 71 27 248 23 64 225 202 161 42 41 27 44 22 23
internal_count=545 533 520 154 366 36 143 34 109 330 82 98 71 27 248 23 64 225 202 161 42 41 27 44 22 23
is_linear=0
shrinkage=0.0529975


Tree=209
num_leaves=13
num_cat=0
split_feature=39 38 29 45 9 30 30 6 9 29 9 9
split_gain=0.362861 0.218182 0.119842 0.0802696 0.0476721 0.149929 0.0626604 0.0606252 0.139056 0.0347094 0.0198358 0.00247787
threshold=-1.1558530955085182 -0.85777646155359866 0.99250610888350865 1.7894974863008961 1.2542926058956805 1.0684567549518114 0.97505087236928578 -0.49496877573861692 1.5701698219090805 0.69848664362485546 -1.235495028343917 1.6190074954558875
decision_type=2 2 2 2 2 2 2 2 2 2 2 2
left_child=-1 -2 3 4 5 6 9 11 -9 10 -3 -6
right_child=1 2 -4 -5 7 -7 -8 8 -10 -11 -12 -13
leaf_value=-0.0074171244087487109 0.0054022379434550084 0.00095654779077590643 -0.0042378634255567111 0.0037464729020686696 0.00075591611716493176 0.004206749130182247 -0.0029138124341410812 -0.0062779012668275581 0.00023742122183741416 0.0022224862720039039 -0.00013329878549922712 0
leaf_weight=11.999999999999998 15.999999999999998 48 11.999999999999998 10.999999999999998 11.000000000000002 19 13.999999999999998 11.000000000000002 14.999999999999998 14.999999999999998 349 11.999999999999998
leaf_count=12 16 48 12 11 11 19 14 11 15 15 349 12
internal_value=-2.15853e-06 0.000232483 0 0.000161927 2.41659e-05 0.000217034 -6.65156e-07 -0.00143308 -0.00296071 0.000121996 0 0.000308085
internal_weight=545 533 517 505 494 445 426 49 26 412 397 23
internal_count=545 533 517 505 494 445 426 49 26 412 397 23
is_linear=0
shrinkage=0.0529975


Tree=210
num_leaves=21
num_cat=0
split_feature=19 38 12 39 45 29 30 53 39 8 12 4 30 9 31 7 19 19 13 9
split_gain=0.350214 0.0939292 0.14428 0.103074 0.0813069 0.065843 0.393569 0.0462865 0.138605 0.0838659 0.106361 0.0714299 0.0558493 0.0460468 0.0250094 0.0449952 0.02978 0.0189492 0.0150019 0.0232345
threshold=1.0782546332626139 -0.28992675498330472 -0.90977930219790648 -0.22504222024845988 1.7894974863008961 0.74954040166073665 0.23966141775408889 1.0593795073025254 -0.69848839585506151 1.0250222033349827 0.95127183809463067 -0.37692376364438213 1.2529128884377021 -0.79385483063764473 -0.23990902356405411 -0.11594017356335605 -0.50832564867298069 -0.54323978470450507 -0.0055038677584269549 0.49167524883583363
decision_type=2 2 2 2 2 2 2 2 2 2 2 2 2 2 2 2 2 2 2 2
left_child=1 2 -1 -4 5 7 -7 9 11 12 -11 -9 14 -5 16 -16 -3 -10 19 -19
right_child=-2 4 3 13 -6 6 -8 8 17 10 -12 -13 -14 -15 15 -17 -18 18 -20 -21
leaf_value=-0.0020273060501166105 -0.0062775833854875288 -0.0020527823914051379 0.007148477976855994 0.0032208065218617696 0.0036179699004737368 0.002334671017931719 -0.0082966648978327756 0.0060809024347275292 0.0012841648938077173 -0.0047817181537081459 0.00021199275242312301 1.1111631578463023e-05 0.0027854559614391822 -0.00018317097837063456 0.0020498205091175289 -8.1741154956968225e-05 -2.0611464234401466e-05 -0.0024069481066347543 0.00022072776928669133 0
leaf_weight=10.999999999999998 18 29 10.999999999999998 11.999999999999998 10.999999999999998 17.000000000000004 10.999999999999998 13.000000000000002 10.999999999999998 18 18 10.999999999999998 13.999999999999998 19.000000000000004 26 175 66 17 19 18
leaf_count=11 18 29 11 12 11 17 11 13 11 18 18 11 14 19 26 175 66 17 19 18
internal_value=-2.39628e-06 0.000267046 0.00226185 0.00364366 3.97627e-06 -0.000112153 -0.00236319 4.70659e-05 0.0010972 -0.000217303 -0.00244479 0.00409012 6.07535e-05 0.00125417 -9.77382e-05 0.000211634 -0.000795163 -0.000161611 -0.000671451 -0.00128759
internal_weight=545 527 53 42 474 463 28 435 89 346 36 24 310 31 296 201 95 65 54 35
internal_count=545 527 53 42 474 463 28 435 89 346 36 24 310 31 296 201 95 65 54 35
is_linear=0
shrinkage=0.0529975


Tree=211
num_leaves=28
num_cat=0
split_feature=45 30 30 29 29 11 1 25 15 39 29 34 13 28 45 30 31 13 19 34 1 35 5 25 38 2 35
split_gain=0.341273 0.291795 0.0560079 0.370989 0.142722 0.249349 0.0609175 0.105204 0.103394 0.124719 0.0523934 0.0435777 0.0350218 0.0682454 0.0273966 0.0254999 0.0345361 0.0201337 0.0190749 0.0323487 0.0281431 0.0155276 0.0131894 0.0194449 0.0160788 0.00346023 0.00125875
threshold=1.7894974863008961 -1.6045160372440099 0.41858325918345057 0.67528232375896413 0.67528232375896413 -0.74199266462636426 -0.65589634079426917 -0.8265320433975768 0.96628740063246543 -0.37614519901597027 0.18888648312768833 -0.77575623494076951 -1.0398514292558045 -0.57634309484549606 -0.36806745177278138 0.30623422519323845 0.15569674448095933 0.13240914044122343 -0.32580081582471693 -0.88995450127161646 -1.3320348443376233 -0.34882695113452244 0.56126490577403487 1.7288076299570638 0.14370310919820353 -0.84595132382935689 0.15206500095711631
decision_type=2 2 2 2 2 2 2 2 2 2 2 2 2 2 2 2 2 2 2 2 2 2 2 2 2 2 2
left_child=1 -1 4 6 10 -6 8 -8 9 -4 15 -12 -9 14 -14 18 -17 -15 25 20 -20 -21 24 26 -13 -3 -24
right_child=-2 2 3 -5 5 -7 7 12 -10 -11 11 22 13 17 -16 16 -18 -19 19 21 -22 -23 23 -25 -26 -27 -28
leaf_value=0.0066804653512717678 -0.0071899703737602939 -0.001607575597531004 0.0065969136518514646 -0.0082392069343461775 -0.00040612119624043933 0.007375941862365995 -0.0044326130759658596 -0.0015723393504466221 -0.0013668243864488009 -4.2806091241003457e-05 -0.0035300025903516395 0.0016133627046064141 0.0034371134589091623 -0.0016403206433044147 0.00025774841619225197 0.003415610082021681 0 0.00035615717834715054 0 -0.00058026195179380934 0.0032797366950618003 0.00041455283183535846 -0.00020541289571514862 0.00019307266508134018 -0.00044503122450789863 0 -0.0021479241996952125
leaf_weight=12.999999999999998 11.999999999999998 11.000000000000002 11 10.999999999999998 21 14.999999999999998 10.999999999999998 21 11.999999999999998 11 11.999999999999998 11.000000000000002 17 24 21 11.000000000000002 11.999999999999998 14.999999999999998 13.000000000000002 62 11.999999999999998 115 12.000000000000002 14.999999999999998 15.999999999999998 11.999999999999998 15.999999999999998
leaf_count=13 12 11 11 11 21 15 11 21 12 11 12 11 17 24 21 11 12 15 13 62 12 115 12 15 16 12 16
internal_value=0 0.000228771 0 -0.000835865 0.000349835 0.00326027 0 -0.000578518 0.00182089 0.00372947 0 -0.00113379 1.75614e-05 0.000617599 0.00211345 0.000366095 0.00186895 -0.000772085 0.000137704 0.000337924 0.00192227 2.03229e-05 -0.000384981 -0.000956998 0.000322691 -0.00108611 -0.00170394
internal_weight=545 533 520 154 366 36 143 109 34 22 330 82 98 77 38 248 23 39 225 202 25 177 70 43 27 23 28
internal_count=545 533 520 154 366 36 143 109 34 22 330 82 98 77 38 248 23 39 225 202 25 177 70 43 27 23 28
is_linear=0
shrinkage=0.0529975


Tree=212
num_leaves=14
num_cat=0
split_feature=39 38 29 45 29 8 27 39 8 3 8 39 6
split_gain=0.355749 0.202122 0.101741 0.0802217 0.0453074 0.119335 0.106171 0.0307111 0.0289158 0.0250573 0.0660962 0.0270834 0.0139598
threshold=-1.1558530955085182 -0.85777646155359866 0.99250610888350865 1.7894974863008961 -0.77812266363463123 0.80909475049965607 -1.042965392848809 -1.0449328170218728 -0.2001830926086697 -0.95922375622237632 -1.059197870349244 -0.71361890106462766 0.50353014485828651
decision_type=2 2 2 2 2 2 2 2 2 2 2 2 2
left_child=-1 -2 3 4 5 8 -6 -8 -3 10 -9 -11 -10
right_child=1 2 -4 -5 6 -7 7 9 12 11 -12 -13 -14
leaf_value=-0.0073425660424281712 0.0052081300078483748 0.0015644008931773102 -0.0038955969194839168 0.0037404885472647124 -0.0042486320630956828 0.0051681577473699017 -0.0021853770299969421 0.00078618294948181616 0 0.0009419252288774396 -0.0024516095408042989 0 -0.0020936250094899509
leaf_weight=11.999999999999998 15.999999999999998 10.999999999999998 11.999999999999998 10.999999999999998 10.999999999999998 10.999999999999998 10.999999999999998 27 13.000000000000002 114 29 255 11.999999999999998
leaf_count=12 16 11 12 11 11 11 11 27 13 114 29 255 12
internal_value=-3.95534e-07 0.000231796 6.4865e-06 0.000157504 1.98487e-05 0.00149749 -0.000137866 6.27644e-06 -3.55708e-05 0.000108823 -0.000852818 0.000284693 -0.00113135
internal_weight=545 533 517 505 494 47 447 436 36 425 56 369 25
internal_count=545 533 517 505 494 47 447 436 36 425 56 369 25
is_linear=0
shrinkage=0.0529975


Tree=213
num_leaves=23
num_cat=0
split_feature=19 13 44 1 34 45 30 29 30 45 12 37 11 39 34 26 1 45 17 7 19 29
split_gain=0.350412 0.0924953 0.315783 0.0871794 0.366009 0.0515312 0.0552419 0.0498173 0.0460619 0.0298741 0.0403519 0.0374806 0.0273066 0.0338022 0.0174162 0.0243377 0.018835 0.016378 0.0112563 0.0243307 0.00903699 0.00871752
threshold=1.0782546332626139 1.0978001978387761 -0.27848972336365163 0.21061577944410606 1.0000000180025095e-35 1.6759414369285972 1.0319252690523251 0.78170629896345034 1.1158556766981123 -0.36806745177278138 0.25200630881414771 -0.7098019992819159 -0.49290444129679761 -0.58289786232641239 0.38480516850028612 -0.68156680265806024 1.4239563878561814 0.88104909132250542 1.578715931184435 0.14845822867429995 -0.2117746308052324 0.13350758775729649
decision_type=2 2 2 2 2 2 2 2 2 2 2 2 2 2 2 2 2 2 2 2 2 2
left_child=1 3 -3 4 5 6 9 8 14 10 11 -1 -11 -14 15 -5 17 21 19 -18 -12 -16
right_child=-2 2 -4 7 -6 -7 -8 -9 -10 12 20 -13 13 -15 16 -17 18 -19 -20 -21 -22 -23
leaf_value=0.0031606603431886312 -0.0062797637168504486 0.0064785260785925041 -0.0019651653145679811 -0.00017259386267470139 -0.0063782611178166233 0.0025974696822403604 -0.0027413674756988919 0.0037335349003959017 0.0032756641435727424 0.0010519682344115693 -0.00070451825872754189 0.00010149972763571482 -0.0021490902181555212 -0.00013475794378391064 -0.00018961975552223332 0.0021343772587637893 0.0013691778328122324 0.00056743543422599113 0.0015135196578703583 -0.0014236761501988647 0.00044293519005473084 -0.0017611380322166668
leaf_weight=22 18 20 18 12.999999999999998 21 14.999999999999998 14.999999999999998 11.999999999999998 10.999999999999998 22 34 28 29 101 37 22 11.000000000000002 15.999999999999998 20 11.999999999999998 26 22
leaf_count=22 18 20 18 13 21 15 15 12 11 22 34 28 29 101 37 22 11 16 20 12 26 22
internal_value=-2.82785e-06 0.000266698 0.00259741 4.21972e-05 -0.000471706 4.94397e-05 -0.000115973 0.000979936 0.000612777 6.62478e-05 0.000732062 0.00176659 -0.00038088 -0.000710414 0.00026108 0.00120722 -8.03402e-06 -0.000555296 0.000755078 0 -0.000106388 -0.000991488
internal_weight=545 527 38 489 313 292 277 176 164 262 110 50 152 130 153 35 118 75 43 23 60 59
internal_count=545 527 38 489 313 292 277 176 164 262 110 50 152 130 153 35 118 75 43 23 60 59
is_linear=0
shrinkage=0.0529975


Tree=214
num_leaves=22
num_cat=0
split_feature=3 29 29 29 30 17 29 29 30 9 28 29 21 29 38 19 35 45 30 20 16
split_gain=0.342321 1.20516 0.607215 0.123319 0.152707 0.0900848 0.368832 0.103399 0.0762477 0.0544676 0.0513867 0.0577459 0.0548692 0.0360082 0.0611828 0.040533 0.0273963 0.00949299 0.00535265 0.0042281 0.00623654
threshold=0.74002062381803124 0.6273942987389155 1.1880524913612776 -0.62400762929631193 0.75721457286374616 1.3903316759514752 0.88678181099218489 0.67528232375896413 1.1485607431090135 -0.062756608992104099 -0.68233214201494385 0.69848664362485546 -0.56373799184107565 1.0000000180025095e-35 -0.37905512615458281 0.75463004633928321 1.4751823572988962 -0.8222916492619764 0.16368854174941233 1.6926789519187799 -1.2177696972268879
decision_type=2 2 2 2 2 2 2 2 2 2 2 2 2 2 2 2 2 2 2 2 2
left_child=2 3 5 9 17 6 8 16 10 -2 12 13 -1 14 -12 -15 -7 -5 -19 -18 -21
right_child=1 -3 -4 4 -6 7 -8 -9 -10 -11 11 -13 -14 15 -16 -17 19 18 -20 20 -22
leaf_value=0.00038108364281823809 0.0046846684740764416 -0.015696169312900896 0.0091854116324061978 0.00089940733086915387 -0.00571651979118451 0.0021472105841171892 -0.0078191045795137967 0.0055295068348293792 0.0031856987338402796 0 0.0034938588156845913 0.0031790065158636676 -0.0035295455394573436 -0.00020775201586436642 0.00010946274538967265 -0.0030146742996582394 0.00034327633003027259 0 -0.0011245161208597631 0 -0.0012202169426259919
leaf_weight=11.000000000000002 11.000000000000002 10.999999999999998 15.999999999999998 18.999999999999996 10.999999999999998 14.999999999999998 10.999999999999998 10.999999999999998 15.999999999999998 10.999999999999998 10.999999999999998 10.999999999999998 17 97 183 12.999999999999998 17 16.000000000000007 10.999999999999998 13.999999999999998 12.000000000000002
leaf_count=11 11 11 16 19 11 15 11 11 16 11 11 11 17 97 183 13 17 16 11 14 12
internal_value=0 -0.00289147 0.000587106 -4.47968e-05 -0.00141717 0.00013848 -0.000181135 0.00182294 0.000158374 0.00280337 -1.51388e-05 0.000172703 -0.00199154 0 0.000435287 -0.000738388 0.000558587 1.72938e-05 -0.000442414 -4.79931e-05 -0.000538506
internal_weight=545 90 455 79 57 439 370 69 359 22 343 315 28 304 194 110 58 46 27 43 26
internal_count=545 90 455 79 57 439 370 69 359 22 343 315 28 304 194 110 58 46 27 43 26
is_linear=0
shrinkage=0.0529975


Tree=215
num_leaves=19
num_cat=0
split_feature=45 17 19 1 1 30 1 37 29 3 29 29 47 19 30 29 19 29
split_gain=0.328799 0.285992 0.557902 0.336874 0.0949702 0.159156 0.432831 0.113423 0.0743688 0.0291575 0.0622983 0.0390249 0.0724449 0.0305323 0.0274893 0.0169362 0.0119697 0.0143376
threshold=1.7894974863008961 -1.3571207634493772 0.38603713801689205 -1.413383922837258 -0.88755018861797075 0.83988821281013359 0.077270382728210144 -0.7098019992819159 0.99250610888350865 -0.18683994711310023 0.69848664362485546 0.52337296649648568 0.59100304412747862 -0.69207913197058601 1.0909449037682633 0.60923513714294653 -0.19209297706372019 -0.19322199846525803
decision_type=2 2 2 2 2 2 2 2 2 2 2 2 2 2 2 2 2 2
left_child=1 2 -1 -3 7 8 -7 -5 9 10 15 13 -13 -11 -8 -6 -9 -18
right_child=-2 3 -4 4 5 6 14 16 -10 11 -12 12 -14 -15 -16 -17 17 -19
leaf_value=-0.00085885172400436459 -0.0070585182195050319 -0.0074332773848994563 0.011820282865450098 0.0049613521366193621 0.00038263719527988207 -0.0083402699613602874 -6.125507942606739e-05 -0.00067855643748421343 0.0030265184350624797 0.0018252589633689258 0.0035430117694665972 -0.0044560019056085641 0.00040420365536627867 -0.00029384474459689984 0.0026396143421007347 -0.001349083356047529 0.0019421625046419631 -1.1136010755924891e-05
leaf_weight=19.000000000000004 11.999999999999998 10.999999999999998 10.999999999999998 18 131 17 14.000000000000002 15.999999999999998 19 14.999999999999998 11.999999999999998 11.000000000000002 10.999999999999998 183 11.999999999999998 10.999999999999998 10.999999999999998 11.000000000000002
leaf_count=19 12 11 11 18 131 17 14 16 19 15 12 11 11 183 12 11 11 11
internal_value=0 0.00022332 0.00479074 -8.85986e-05 0.000149113 -0.000110232 -0.00296996 0.00209633 0.000225092 1.88794e-05 0.000582837 -0.000349975 -0.00221033 -5.01336e-05 0.00122808 0.000152069 8.9221e-05 0.000922828
internal_weight=545 533 30 503 492 436 43 56 393 374 154 220 22 198 26 142 38 22
internal_count=545 533 30 503 492 436 43 56 393 374 154 220 22 198 26 142 38 22
is_linear=0
shrinkage=0.0529975


Tree=216
num_leaves=16
num_cat=0
split_feature=13 7 8 29 17 29 29 25 25 29 29 31 5 39 14
split_gain=0.343484 0.228363 0.346192 0.333805 0.0900615 0.326168 0.0996176 0.0617637 0.0518257 0.159898 0.0372394 0.026474 0.00799375 0.00605826 0.00553095
threshold=1.9449801053509139 -2.251833151424401 2.2335239833880842 1.1880524913612776 1.3903316759514752 0.88678181099218489 0.67528232375896413 -1.3308125281902385 -0.80856147868421624 0.031036353483505329 -0.51914819900760623 -0.23990902356405411 1.265816741428538 -0.45960859485267685 1.8236216424969416
decision_type=2 2 2 2 2 2 2 2 2 2 2 2 2 2 2
left_child=1 -1 3 4 5 7 10 -3 9 -9 -6 -10 13 -12 -14
right_child=-2 2 -4 -5 6 -7 -8 8 11 -11 12 -13 14 -15 -16
leaf_value=0.006275631039779757 -0.0072141946112812549 0.0030481934907660912 -0.0074101944887052977 0.0073673121532648956 0.0027141773205525423 -0.0072794352977626799 0.0052845349149047757 -3.2600788805677182e-05 -0.00042097306326834802 -0.0059032635993876538 0.0010155435664874067 0.00054526286531342868 -0.0013400624874425576 -4.2979346765820471e-06 0
leaf_weight=10.999999999999998 11.999999999999998 11.999999999999998 10.999999999999998 11.999999999999998 10.999999999999998 11.999999999999998 10.999999999999998 67 118 10.999999999999998 15.999999999999995 199 12.000000000000002 19.000000000000004 10.999999999999998
leaf_count=11 12 12 11 12 11 12 11 67 118 11 16 199 12 19 11
internal_value=0 0.000228488 1.80046e-05 0.00027551 5.67902e-06 -0.000297104 0.00158286 0 -0.000124991 -0.00130599 0.000524263 0.000162829 0 0.000371892 -0.000760773
internal_weight=545 533 522 511 499 419 80 407 395 78 69 317 58 35 23
internal_count=545 533 522 511 499 419 80 407 395 78 69 317 58 35 23
is_linear=0
shrinkage=0.0529975


Tree=217
num_leaves=24
num_cat=0
split_feature=29 36 29 30 30 12 10 29 37 37 29 13 7 1 29 49 29 31 47 3 19 29 45
split_gain=0.321559 0.171412 0.0872279 0.348744 0.150472 0.0776716 0.110821 0.103046 0.0684751 0.066852 0.0519042 0.0292868 0.0281814 0.0208571 0.0272429 0.0180592 0.0223636 0.0144133 0.014014 0.0117056 0.00796073 0.00466126 0.00324651
threshold=1.4142917490010982 -1.6310829249917118 1.0000000180025095e-35 0.83988821281013359 1.0555148531397263 -0.79568855045467857 -0.50972561685278994 0.7731741465887918 -0.7098019992819159 0.47495196386290883 0.69848664362485546 0.5165953775688209 -1.897707229271955 -1.0556529808440198 -0.89685283675921912 1.0000000180025095e-35 -0.29478589373628455 -0.10046575644448914 0.66068322996836037 0.27291232021384998 0.39495454874742936 0.60923513714294653 -0.59517955051737881
decision_type=2 2 2 2 2 2 2 2 2 2 2 2 2 2 2 2 2 2 2 2 2 2 2
left_child=1 21 4 5 12 7 -7 18 -6 10 11 -8 -3 19 -15 17 -17 -16 22 -14 -20 -1 -4
right_child=-2 2 3 -5 8 6 9 -9 -10 -11 -12 -13 13 14 15 16 -18 -19 20 -21 -22 -23 -24
leaf_value=0.0011988905138980263 -0.0069821792400042984 -0.0018883032220354528 0 -0.0081435758195648449 0.0055352703511211184 -0.0040265039568063042 -0.0011700887396820787 0.0048580425700228119 8.0703673894660225e-05 -0.0031966731764865681 0.0028214670274766041 0.00069855841112871034 0.0001033760220675394 -0.0017103633876150153 0.00045961532404293243 0.0026464992296166921 0 -0.00041828125346598486 -0.0014042529637242802 0.0023951748282426341 0 0.0054018223477826635 0.0013593917580019474
leaf_weight=11.000000000000002 11.999999999999998 11.999999999999998 11.000000000000002 10.999999999999998 17.000000000000004 20 38 10.999999999999998 12.999999999999998 10.999999999999998 13.999999999999998 42 21 15.999999999999998 102 12.000000000000002 15.999999999999998 95 14.000000000000002 12.999999999999998 10.999999999999998 10.999999999999998 10.999999999999998
leaf_count=11 12 12 11 11 17 20 38 11 13 11 14 42 21 16 102 12 16 95 14 13 11 11 11
internal_value=-1.20537e-06 0.000218935 0 -0.000872036 0.000536341 -0.000153483 -0.000920169 0.00132111 0.00377285 -7.99982e-05 0.000384692 -0.000127526 0.000103901 0.000254131 3.70453e-05 0.000232716 0.00136381 2.00617e-06 0 0.001382 -0.000742138 0.00425673 0.000892283
internal_weight=545 533 511 194 317 183 125 58 30 105 94 80 287 275 241 225 28 197 47 34 25 22 22
internal_count=545 533 511 194 317 183 125 58 30 105 94 80 287 275 241 225 28 197 47 34 25 22 22
is_linear=0
shrinkage=0.0529975


Tree=218
num_leaves=17
num_cat=0
split_feature=39 38 29 45 44 19 39 3 19 31 39 34 45 30 19 37
split_gain=0.324975 0.204124 0.107267 0.0779981 0.0460442 0.074359 0.0678403 0.0439903 0.0476169 0.0781686 0.0387747 0.028845 0.0238561 0.0359847 0.0125148 0.00367369
threshold=-1.1558530955085182 -0.85777646155359866 0.99250610888350865 1.7894974863008961 1.1974606743659131 -0.97088705664890151 -0.69848839585506151 0.52853458084763438 -0.53091630390676692 1.0000000180025095e-35 -1.0170465855962101 -0.048505979437365641 -0.14095535302818379 0.25202357818623405 -0.16019818992092613 0.022019475297808743
decision_type=2 2 2 2 2 2 2 2 2 2 2 2 2 2 2 2
left_child=-1 -2 3 4 5 -3 -6 8 9 -7 -10 15 13 -9 -14 -8
right_child=1 2 -4 -5 6 7 11 12 10 -11 -12 -13 14 -15 -16 -17
leaf_value=-0.0070167534753923814 0.0052229710963780382 -0.0035210950841077109 -0.004011420613382154 0.0036838458008211471 0.0033642669964686787 -0.0037798425905055588 -0.0015932017659060123 0 -0.0025102825069039589 0.00024191229106956894 8.9008511897298339e-05 0.0013361233733061716 -0.00078848361426566826 0.0027933905310125501 0.00094203154779698341 0
leaf_weight=11.999999999999998 15.999999999999998 11.999999999999998 11.999999999999998 10.999999999999998 21 21 11.000000000000002 24 10.999999999999998 20 273 21 22 27 13.999999999999998 17
leaf_count=12 16 12 12 11 21 21 11 24 11 20 273 21 22 27 14 17
internal_value=0 0.000222647 0 0.000151294 1.54276e-05 -0.000183235 0.00123018 -2.01887e-05 -0.000322062 -0.00188884 -3.74076e-05 0 0.000980446 0.00165652 0 -0.000982597
internal_weight=545 533 517 505 494 424 70 412 325 41 284 49 87 51 36 28
internal_count=545 533 517 505 494 424 70 412 325 41 284 49 87 51 36 28
is_linear=0
shrinkage=0.0529975


Tree=219
num_leaves=22
num_cat=0
split_feature=45 30 30 19 29 29 8 35 53 14 13 6 6 8 39 7 37 10 29 9 9
split_gain=0.317614 0.283183 0.0543562 0.0658513 0.472521 0.182964 0.407881 0.076506 0.0900339 0.172413 0.0994853 0.0977756 0.0281978 0.0229251 0.0166573 0.0146138 0.0158437 0.0226062 0.0148254 0.0134968 0.00528189
threshold=1.7894974863008961 -1.6045160372440099 -1.2827102050692498 -0.15395302483745629 0.52337296649648568 0.7731741465887918 -1.0389942329791786 -1.2356161011941302 1.0593795073025254 -0.91323895774421293 -0.054758513544016361 0.69724518040190409 -0.80800736895610803 0.0057349260893891788 1.946446891419239 0.27102845616346166 -0.81674439241534058 0.66889347538467159 0.63976665760306584 0.17896378603742633 -0.87195667307956237
decision_type=2 2 2 2 2 2 2 2 2 2 2 2 2 2 2 2 2 2 2 2 2
left_child=1 -1 -3 4 7 14 -7 -4 9 11 13 -9 -11 -10 15 16 17 -5 19 -17 -18
right_child=-2 2 3 5 -6 6 -8 8 10 12 -12 -13 -14 -15 -16 18 20 -19 -20 -21 -22
leaf_value=0.0065737999696776029 -0.0069391187961373542 -0.002961993410571428 0.0032232228325248984 0.0024487386837847265 -0.0090736141942981772 -0.0020045835366369557 0.0087803024410102182 -0.0069488187623528864 0.0007576008148859328 0.0016350364497261507 0.003965326008201789 0 -0.00034560568443141283 -0.0018352409570822062 0.0016579220409556005 -0.00075185268636217598 -0.00044163673815672945 0 -0.0019303086668432776 0.00037766033615754368 0.00031037745082604769
leaf_weight=12.999999999999998 11.999999999999998 10.999999999999998 13.999999999999998 15.000000000000002 10.999999999999998 13.000000000000002 15.999999999999998 12.000000000000002 11.000000000000002 18 21 10.999999999999998 120 11.999999999999998 11.999999999999998 49 35 10.999999999999998 10.999999999999998 52 65
leaf_count=13 12 11 14 15 11 13 16 12 11 18 21 11 120 12 12 49 35 11 11 52 65
internal_value=-1.02104e-06 0.000217686 -1.06837e-06 8.31008e-05 -0.000557091 0.000635983 0.00423102 7.00576e-05 -0.00019766 -0.000811925 0.00173809 -0.0045274 0 -0.000454077 0.000102336 0 0.000368309 0.00139657 -0.000442849 -0.000116467 0
internal_weight=545 533 520 509 230 279 29 219 205 161 44 23 138 23 250 238 126 26 112 101 100
internal_count=545 533 520 509 230 279 29 219 205 161 44 23 138 23 250 238 126 26 112 101 100
is_linear=0
shrinkage=0.0529975


Tree=220
num_leaves=19
num_cat=0
split_feature=19 45 38 6 39 29 53 29 11 19 9 11 12 28 29 19 6 10
split_gain=0.323479 0.0776689 0.0883928 0.123538 0.0841102 0.0642208 0.333577 0.0394402 0.0985921 0.0950173 0.0392449 0.0226296 0.0200161 0.0244785 0.0581619 0.0224015 0.014188 0.0137107
threshold=1.0782546332626139 1.7894974863008961 -0.28992675498330472 -0.89710364104223372 -0.22504222024845988 0.74954040166073665 -0.36007183007885429 -0.77812266363463123 0.80909475049965607 -1.0429653928487965 -0.79385483063764473 -0.2001830926086697 1.5902633668125283 -0.57634309484549606 -0.30060901107959576 -0.53091630390676692 0.50353014485828651 1.6688279465970373
decision_type=2 2 2 2 2 2 2 2 2 2 2 2 2 2 2 2 2 2
left_child=1 2 3 -1 -5 7 -7 8 11 -9 -6 -4 13 14 -11 -15 -13 -14
right_child=-2 -3 5 4 10 6 -8 9 -10 12 -12 16 17 15 -16 -17 -18 -19
leaf_value=-0.0017345003916931724 -0.0060348625604218862 0.0037955006795734889 0.0014292195556860573 0.006565205684178922 0.003040145836319323 0.0029294310731563075 -0.0067568395692962002 -0.0039983258731459978 0.0047493788348443146 -0.00039158777203221175 -0.00013651688269627154 0 -0.0022482673559387706 -0.0018309750251191696 0.0029098916739490914 9.2257261713406109e-05 -0.0019537213659043726 0
leaf_weight=11.999999999999998 18 10.999999999999998 10.999999999999998 10.999999999999998 10.999999999999998 13.000000000000002 14.999999999999998 10.999999999999998 10.999999999999998 23 19.000000000000004 13.000000000000002 11.000000000000002 11.999999999999998 22 298 11.999999999999998 10.999999999999998
leaf_count=12 18 11 11 11 11 13 15 11 11 23 19 13 11 12 22 298 12 11
internal_value=-3.56136e-06 0.000254914 0.000123322 0.0020619 0.0034012 -0.000107221 -0.00233072 4.98076e-05 0.00141734 -0.000117169 0.00114663 0 3.86641e-05 0.000161282 0.00123788 0 -0.00096463 -0.00130121
internal_weight=545 527 516 53 41 463 28 435 47 388 30 36 377 355 45 310 25 22
internal_count=545 527 516 53 41 463 28 435 47 388 30 36 377 355 45 310 25 22
is_linear=0
shrinkage=0.0529975


Tree=221
num_leaves=26
num_cat=0
split_feature=3 29 29 29 19 12 26 45 38 19 9 36 21 21 19 29 9 21 21 44 21 19 44 15 30
split_gain=0.319584 1.09826 0.535446 0.101344 0.137249 0.0783761 0.155735 0.0991684 0.0921884 0.0686734 0.0490789 0.0443848 0.0409327 0.133856 0.128693 0.0431122 0.0358947 0.03173 0.0327541 0.0157072 0.0127134 0.0105168 0.00760079 0.00313401 0.000971985
threshold=0.74002062381803124 0.6273942987389155 1.1880524913612776 -0.62400762929631193 -0.71234336683649502 -1.5712548210644959 1.3774236398144597 0.99460514069480432 -0.5889243241014005 0.57942704204251372 -0.062756608992104099 1.4371240812312862 0.16942873168140396 -0.065952450781456159 -0.17535202936783847 0.57049017291794757 -0.2917892285310098 0.62416355765874221 1.4239563878561801 1.0000000180025095e-35 -0.55143778753185246 -0.16019818992092613 -0.27848972336365163 0.4061211471957567 0.18716276620738931
decision_type=2 2 2 2 2 2 2 2 2 2 2 2 2 2 2 2 2 2 2 2 2 2 2 2 2
left_child=2 3 5 10 -5 -1 7 8 -7 11 -2 16 13 15 -15 -10 23 22 -19 -18 -6 24 -14 -9 -22
right_child=1 -3 -4 4 20 6 -8 9 12 -11 -12 -13 17 14 -16 -17 19 18 -20 -21 21 -23 -24 -25 -26
leaf_value=0.0029678111824973864 0.0042917711787871012 -0.015021376942252388 0.0086393251179712645 -0.0053984679413965845 0.0013452858613780929 -0.0036196145165666581 -0.0042742878596593575 0 -0.0001071861286103506 0.0047969364481022722 0 0.0027074262296102681 0.00017122701069253708 -0.006756294642984894 0 0.0026141515108173779 -0.0019536396026050011 -0.00074695170977953282 0.0011917230749793398 0 0 0.0004302277339932518 0.002751510127295059 0.0018163148208231816 -0.0014091288955186115
leaf_weight=20 11.000000000000002 10.999999999999998 15.999999999999998 10.999999999999998 10.999999999999998 14.999999999999998 17 12.000000000000002 143 11.999999999999998 10.999999999999998 19 12.000000000000002 11.000000000000002 18 11.999999999999998 17 44 40 14.999999999999998 10.999999999999995 13.000000000000005 18 13.999999999999998 10.999999999999998
leaf_count=20 11 11 16 11 11 15 17 12 143 12 11 19 12 11 18 12 17 44 40 15 11 13 18 14 11
internal_value=-2.44979e-06 -0.00279669 0.000564295 -7.26893e-05 -0.00132073 0.000141842 -1.65851e-05 0.000206521 -0.000225033 0.00171616 0.00250168 0.000840002 0 -0.000470264 -0.00344102 0.000149633 0 0.000779711 0.000116509 -0.00107186 3.0174e-05 -0.00034909 0.00211389 0.00133665 -0.00105259
internal_weight=545 90 455 79 57 439 419 402 313 89 22 77 298 184 29 155 58 114 84 32 46 35 30 26 22
internal_count=545 90 455 79 57 439 419 402 313 89 22 77 298 184 29 155 58 114 84 32 46 35 30 26 22
is_linear=0
shrinkage=0.0529975


Tree=222
num_leaves=17
num_cat=0
split_feature=39 38 29 45 44 39 19 3 19 1 39 34 45 30 9 9
split_gain=0.318542 0.187355 0.106448 0.0754143 0.0415717 0.0642717 0.0608867 0.0383516 0.040629 0.0570656 0.0355752 0.0257506 0.0208751 0.0333177 0.0133083 0.00495352
threshold=-1.1558530955085182 -0.85777646155359866 0.99250610888350865 1.7894974863008961 1.1974606743659131 -0.69848839585506151 -0.97088705664890151 0.52853458084763438 -0.53091630390676692 -0.56373799184107487 -1.0170465855962101 -0.048505979437365641 -0.14095535302818379 0.25202357818623405 -0.2420963763339069 -0.66677140373873756
decision_type=2 2 2 2 2 2 2 2 2 2 2 2 2 2 2 2
left_child=-1 -2 3 4 6 -6 -3 8 9 -8 -10 15 13 -9 -14 -7
right_child=1 2 -4 -5 5 11 7 12 10 -11 -12 -13 14 -15 -16 -17
leaf_value=-0.0069512434501587889 0.0050065646707776459 -0.0031900899599901305 -0.0039937535007919548 0.0036269212723230881 0.0032501255037753352 0 0.00041979580130883508 0 -0.002406675062499251 -0.0030652331492880898 8.2315180708471069e-05 0.0012452939423106249 0.0010698891002724059 0.0026387554394481246 -0.00074792450241700434 -0.001389117743515025
leaf_weight=11.999999999999998 15.999999999999998 11.999999999999998 11.999999999999998 10.999999999999998 21 11.000000000000002 14.999999999999998 24 10.999999999999998 26 273 21 11.999999999999998 27 24 17
leaf_count=12 16 12 12 11 21 11 15 24 11 26 273 21 12 27 24 17
internal_value=-3.16532e-06 0.000215899 0 0.000152869 1.89725e-05 0.00117347 -0.000169091 -1.98899e-05 -0.000302773 -0.00175072 -3.77747e-05 0 0.000913135 0.0015457 0 -0.000946589
internal_weight=545 533 517 505 494 70 424 412 325 41 284 49 87 51 36 28
internal_count=545 533 517 505 494 70 424 412 325 41 284 49 87 51 36 28
is_linear=0
shrinkage=0.0529975


Tree=223
num_leaves=17
num_cat=0
split_feature=45 17 39 0 1 37 30 29 39 31 30 29 29 9 19 29
split_gain=0.31269 0.270081 0.548031 0.323903 0.0909402 0.149005 0.132896 0.0623035 0.0224196 0.0419346 0.0287055 0.0512075 0.0348606 0.0134434 0.00512846 0.00590812
threshold=1.7894974863008961 -1.3571207634493772 -0.92704100512702003 -1.2495039205934646 -0.88755018861797075 -0.7098019992819159 1.2529128884377021 0.99250610888350865 1.4493800370583283 0.42993089773299803 -0.2223400469422456 0.6273942987389155 0.34963447586933422 -0.60891210923676342 -0.19209297706372019 -0.20757112201526309
decision_type=2 2 2 2 2 2 2 2 2 2 2 2 2 2 2 2
left_child=1 2 -1 -3 5 -5 7 8 10 13 12 -12 -6 -10 -7 -16
right_child=-2 3 -4 4 6 14 -8 -9 9 -11 11 -13 -14 -15 15 -17
leaf_value=0.011624536580601299 -0.0068881218055908454 -0.0072917365591000554 -0.00092605296395411327 0.0053183163479073505 0.00011388274100116195 -0.00061758286176181499 -0.0044532834883245784 0.0026435523174248806 -0.00023606861242784737 0.00098324019373586158 4.5916892630420248e-06 -0.0023631592440914182 0.0024349468516084963 -0.0029643142788069233 0.001153357569618428 0
leaf_weight=11.000000000000002 11.999999999999998 10.999999999999998 19 18 75 15.999999999999998 12.999999999999998 19 15.999999999999998 10.999999999999998 241 22 22 17 10.999999999999998 11.000000000000002
leaf_count=11 12 11 19 18 75 16 13 19 16 11 241 22 22 17 11 11
internal_value=-4.11787e-06 0.000212817 0.00465165 -8.98831e-05 0.00014297 0.00204871 -0.000110475 6.70922e-05 -7.39332e-05 -0.00113308 5.28767e-05 -0.000215769 0.000819237 -0.00206034 0 0.000463513
internal_weight=545 533 30 503 492 56 436 423 404 44 360 263 97 33 38 22
internal_count=545 533 30 503 492 56 436 423 404 44 360 263 97 33 38 22
is_linear=0
shrinkage=0.0529975


Tree=224
num_leaves=19
num_cat=0
split_feature=19 45 30 13 29 30 35 53 8 1 5 31 7 39 31 39 31 1
split_gain=0.3085 0.0755371 0.0794684 0.159351 0.125222 0.207017 0.0497106 0.064939 0.192739 0.131916 0.112804 0.0282839 0.0349032 0.0231947 0.0183962 0.012295 0.00660752 0.00569667
threshold=1.0782546332626139 1.7894974863008961 -0.66021637375627751 1.0583964812103044 0.74954040166073665 0.23966141775408889 -1.2356161011941302 1.0593795073025254 0.97390045284613536 -0.52851467950102726 -0.90349582360248337 -0.23212118341123811 -0.11594017356335605 -0.80165551899036436 -0.37429090472530957 1.6070081309751629 0.4735612641560622 -0.50484610454237056
decision_type=2 2 2 2 2 2 2 2 2 2 2 2 2 2 2 2 2 2
left_child=1 2 3 15 6 -6 -4 8 11 -10 -9 14 -13 -12 -8 17 -15 -1
right_child=-2 -3 4 -5 5 -7 7 10 9 -11 13 12 -14 16 -16 -17 -18 -19
leaf_value=0 -0.0058949201687522211 0.0037387797222892564 0.0025895312413574067 0.0062947176604393031 0.00026512431414622573 -0.0073894234324117982 -9.6352958034879538e-05 0.005177208970391433 -0.0072657435455080613 0 0.0017649419795335592 0.002074461955202095 7.7024702038827448e-05 -0.00062597214387102753 -0.0018115884488334646 -0.0010158519791196414 0.00033748298052105222 0.0011979053033772502
leaf_weight=12.999999999999998 18 10.999999999999998 15.999999999999998 10.999999999999998 19.000000000000004 10.999999999999998 69 10.999999999999998 12.000000000000002 10.999999999999998 15.999999999999998 24 191 38 24 10.999999999999998 22 17.000000000000004
leaf_count=13 18 11 16 11 19 11 69 11 12 11 16 24 191 38 24 11 22 17
internal_value=-4.70949e-06 0.000247426 0.000117524 0.00197354 -9.8143e-05 -0.00311092 0.000133797 0 -0.000337686 -0.00447061 0.00124423 2.81789e-05 0.000381837 0.000252818 -0.000692469 1.03435e-05 -0.000168306 0.000687196
internal_weight=545 527 516 52 464 30 434 418 331 23 87 308 215 76 93 41 60 30
internal_count=545 527 516 52 464 30 434 418 331 23 87 308 215 76 93 41 60 30
is_linear=0
shrinkage=0.0529975


Tree=225
num_leaves=14
num_cat=0
split_feature=13 7 8 29 45 17 29 29 9 45 37 47 3
split_gain=0.303228 0.215881 0.326265 0.285649 0.0807738 0.0762922 0.269705 0.0917023 0.0414368 0.0512663 0.0369203 0.0157035 0.0077041
threshold=1.9449801053509139 -2.251833151424401 2.2335239833880842 1.1880524913612776 1.7894974863008961 1.3903316759514752 0.88678181099218489 0.67528232375896413 1.4335351696782734 0.086156745716413782 -0.81674439241534058 0.93940397333188741 -0.12983066596455833
decision_type=2 2 2 2 2 2 2 2 2 2 2 2 2
left_child=1 -1 3 4 5 6 8 11 10 -10 -3 12 -7
right_child=-2 2 -4 -5 -6 7 -8 -9 9 -11 -12 -13 -14
leaf_value=0.0060899888683806826 -0.0067816087017932769 0.00066854283294438366 -0.0072050137540319225 0.0068172670637816095 0.0036105404281805606 -0.00083640471296000463 -0.0067626897580624961 0.0048529720205520198 -0.0037247744788792337 0.00021687373776001594 -0.0003828704447888956 0.0015585812574503237 0.00030832544183504335
leaf_weight=10.999999999999998 11.999999999999998 152 10.999999999999998 11.999999999999998 10.999999999999998 20 11.999999999999998 10.999999999999998 13.000000000000002 10.999999999999998 222 14.999999999999998 32
leaf_count=11 12 152 11 12 11 20 12 11 13 11 222 15 32
internal_value=-2.27076e-06 0.000211149 6.28068e-06 0.000256791 6.11729e-06 -0.000103831 -0.000409718 0.00133534 -0.000103348 -0.00200313 2.98677e-05 0.000310924 -5.24792e-05
internal_weight=545 533 522 511 499 488 410 78 398 24 374 67 52
internal_count=545 533 522 511 499 488 410 78 398 24 374 67 52
is_linear=0
shrinkage=0.0529975


end of trees

feature_importances:
Column_29=842
Column_37=539
Column_19=526
Column_30=343
Column_39=267
Column_13=156
Column_45=131
Column_9=112
Column_6=109
Column_8=89
Column_38=89
Column_3=87
Column_7=83
Column_12=83
Column_31=76
Column_47=76
Column_1=71
Column_25=62
Column_26=60
Column_35=60
Column_10=58
Column_5=57
Column_34=50
Column_44=45
Column_36=42
Column_28=41
Column_2=37
Column_0=35
Column_27=34
Column_53=31
Column_17=25
Column_4=24
Column_14=19
Column_15=17
Column_16=17
Column_11=9
Column_21=8
Column_24=8
Column_46=6
Column_49=6
Column_23=5
Column_32=5
Column_43=5
Column_33=4
Column_52=4
Column_48=3
Column_51=3
Column_20=2
Column_22=2
Column_50=1

parameters:
[boosting: gbdt]
[objective: regression]
[metric: rmse]
[tree_learner: serial]
[device_type: cpu]
[data_sample_strategy: bagging]
[data: ]
[valid: ]
[num_iterations: 1000]
[learning_rate: 0.0529975]
[num_leaves: 126]
[num_threads: 0]
[seed: 999]
[deterministic: 0]
[force_col_wise: 0]
[force_row_wise: 0]
[histogram_pool_size: -1]
[max_depth: 9]
[min_data_in_leaf: 11]
[min_sum_hessian_in_leaf: 0.001]
[bagging_fraction: 0.99809]
[pos_bagging_fraction: 1]
[neg_bagging_fraction: 1]
[bagging_freq: 0]
[bagging_seed: 30241]
[bagging_by_query: 0]
[feature_fraction: 0.925341]
[feature_fraction_bynode: 1]
[feature_fraction_seed: 22743]
[extra_trees: 0]
[extra_seed: 2440]
[early_stopping_round: 0]
[early_stopping_min_delta: 0]
[first_metric_only: 0]
[max_delta_step: 0]
[lambda_l1: 0.131792]
[lambda_l2: 5.99641]
[linear_lambda: 0]
[min_gain_to_split: 0]
[drop_rate: 0.1]
[max_drop: 50]
[skip_drop: 0.5]
[xgboost_dart_mode: 0]
[uniform_drop: 0]
[drop_seed: 8985]
[top_rate: 0.2]
[other_rate: 0.1]
[min_data_per_group: 100]
[max_cat_threshold: 32]
[cat_l2: 10]
[cat_smooth: 10]
[max_cat_to_onehot: 4]
[top_k: 20]
[monotone_constraints: ]
[monotone_constraints_method: basic]
[monotone_penalty: 0]
[feature_contri: ]
[forcedsplits_filename: ]
[refit_decay_rate: 0.9]
[cegb_tradeoff: 1]
[cegb_penalty_split: 0]
[cegb_penalty_feature_lazy: ]
[cegb_penalty_feature_coupled: ]
[path_smooth: 0]
[interaction_constraints: ]
[verbosity: -1]
[saved_feature_importance_type: 0]
[use_quantized_grad: 0]
[num_grad_quant_bins: 4]
[quant_train_renew_leaf: 0]
[stochastic_rounding: 1]
[linear_tree: 0]
[max_bin: 255]
[max_bin_by_feature: ]
[min_data_in_bin: 3]
[bin_construct_sample_cnt: 200000]
[data_random_seed: 3300]
[is_enable_sparse: 1]
[enable_bundle: 1]
[use_missing: 1]
[zero_as_missing: 0]
[feature_pre_filter: 1]
[pre_partition: 0]
[two_round: 0]
[header: 0]
[label_column: ]
[weight_column: ]
[group_column: ]
[ignore_column: ]
[categorical_feature: ]
[forcedbins_filename: ]
[precise_float_parser: 0]
[parser_config_file: ]
[objective_seed: 23963]
[num_class: 1]
[is_unbalance: 0]
[scale_pos_weight: 1]
[sigmoid: 1]
[boost_from_average: 1]
[reg_sqrt: 0]
[alpha: 0.9]
[fair_c: 1]
[poisson_max_delta_step: 0.7]
[tweedie_variance_power: 1.5]
[lambdarank_truncation_level: 30]
[lambdarank_norm: 1]
[label_gain: ]
[lambdarank_position_bias_regularization: 0]
[eval_at: ]
[multi_error_top_k: 1]
[auc_mu_weights: ]
[num_machines: 1]
[local_listen_port: 12400]
[time_out: 120]
[machine_list_filename: ]
[machines: ]
[gpu_platform_id: -1]
[gpu_device_id: -1]
[gpu_use_dp: 0]
[num_gpu: 1]

end of parameters

pandas_categorical:null
