tree
version=v4
num_class=1
num_tree_per_iteration=1
label_index=0
max_feature_idx=53
objective=regression
feature_names=Column_0 Column_1 Column_2 Column_3 Column_4 Column_5 Column_6 Column_7 Column_8 Column_9 Column_10 Column_11 Column_12 Column_13 Column_14 Column_15 Column_16 Column_17 Column_18 Column_19 Column_20 Column_21 Column_22 Column_23 Column_24 Column_25 Column_26 Column_27 Column_28 Column_29 Column_30 Column_31 Column_32 Column_33 Column_34 Column_35 Column_36 Column_37 Column_38 Column_39 Column_40 Column_41 Column_42 Column_43 Column_44 Column_45 Column_46 Column_47 Column_48 Column_49 Column_50 Column_51 Column_52 Column_53
feature_infos=[-2.3774407790974559:2.2203430953147634] [-2.740379357727484:3.0282799253544397] [-2.3426420195402753:2.3824687446747297] [-2.9159256788030947:5.2752978116834894] [-2.4761815834056176:2.215981314930854] [-4.3727906424224763:2.4220608555979406] [-3.021234063412289:2.495654551841207] [-3.4968414999664894:2.9525220955489773] [-1.8699522710630312:5.9300780214187716] [-3.2436925244182309:3.1456620321417605] [-2.7813681680195477:2.322039154267737] [-1.8699522710630312:5.9300780214187716] [-2.6972323166852687:3.0100161683342712] [-6.4132856247129366:5.9045928399577896] [-1.8687838297746537:2.0989978554229349] [-1.4749226720453896:5.8562751036663787] [-1.4363060506116694:6.6448143526776917] [-1.8597670784976201:2.5101354694538123] [-1.6444982756573641:3.26125747686718] [-1.7012361867416361:11.854433037321915] [-2.3774407790974519:2.2203430953147687] [-2.7403793577274813:3.0282799253544441] [-2.342642019540278:2.3824687446747301] [-2.9159256788030934:5.275297811683485] [-2.4064474056186573:2.2292028912691797] [-1.8597748052774903:2.3701701587592248] [-3.650433055943064:2.8029304956159509] [-1.7012361867416308:11.854433037321934] [-1.7008546616805162:11.85363742378072] [-1.9612185735780512:13.146101321620565] [-8.0867134158492213:2.8574278176356716] [-3.5590940280700272:2.8536992809997481] [-1.8597748052774874:2.3701701587592248] [-1.58999127459811:2.6077915392375943] [-1.8330993291570805:2.8373907441734021] [-2.3071064716898215:2.3315923497476088] [-1.7716272882937998:5.118679863577384] [-0.84017073398851638:2.0550667000985308] [-12.939936070563045:0.30839761368907598] [-1.7574240860049197:3.0758077059314637] none [-3.7183446527348494:0.26893687739906164] [-4.2995016322492647:0.2325850960258487] [-1.1250692116030074:0.88883420654200862] [-1.5123431366253988:1.4671985653828497] [-1.5890301925815447:1.8082067708686542] [-2.5863186602567976:0.95947128660842462] [-2.4946950351759423:1.0566692145473673] [-0.5013742582033841:1.9945180344587179] [-0.50366305263364108:1.985454352410875] [-0.49449524511895387:2.0222641367551248] [-0.5013742582033841:1.9945180344587179] [-0.4990834089450864:2.0036730976765971] [-1.4095606811587158:1.4157747620455285]
tree_sizes=1339 1398 1306 1517 1385 1551 1722 1640 1554 1759 1742 1359 1747 1951 1625 1476 1956 2295 2207 2285 2169 2283 2178 2210 2372 2192 1784 2195 2038 2521 2337 2402 2220 2336 2411 2551 2428 2485 2263 2669 2556 2393 2790 2844 2444 2502 2932 2602 2518 2713 2384 2677 2935 2726 2952 2594 2924 2970 3049 3161 2934 2684 3046 2961 3047 2769 2820 2706 3249 3073 3092 2839 3211 3161 3261 3473 2897 3218 3129 2828 3375 2806 3038 3325 3244 2963 2758 3322 3089 3045 2892 2521 2652 2763 2297 2871 2799 2269 2347 2671 2154 1663 2520 1698 3003 2379 1946 1713 2799 2399 1613 1664 3391 2002 3152 1539 1616 1826 2022 1617 1796 1908 2681 2318 2142 1756 2185 1689 2861 2110 1840 1815 1864 2576 2236 2274 1439 2846 2017 1774 2096 1998 2868 1519 1555 2673 1518 2238 1692 1812 1870 1761 2286 1516 3216 1665 1622 1551 2231 1549 1488 2577 2937 2784 1826 2160 1528 1541 1679 2817 1539 2698 1541 2589 1362 2116 2798 1766 2002 2341 3198 1461 2321 2265 3152 2706 1444 1475 2099 2167 2767 1620 1631 2116 2406 2365 1395 2113 2565 1664 2259 2260 2170 1749 1925 2667 1828 1509 3092 1622 2181 2845 1799 2131 1974 2156 2102 1591 2249 2254 2203 2452 1766 2309 2280 1656 2969 3316 1532 2897 2343 1503 2491 1306 1645 1334 3118 2563 1500 2200 1648 2886 2956 1759 1281 1876 2251 1486 2567 3298 1843 2517 1821 2643 1426 2558 2643 2313 3687 1969 1952 1713 2558 1442 2841 1637 2177 2498 1758 2706 2571 1466 2959 1885 2355 2462 2628 2484 2899 1750 2462 3052 2765 2209 1224 3095 3692 2132 1604 2090 2818 2092 2823 2423 2990 3288 1925 1763 2245 2807 3157 2724 2812 2422 2855 1988 2893 2281 1563 2653 3228 2052 2819 1678 2732 2423 1594 3057 2818 1751 3102 3191 2946 2366 2392 3535 2113 1820 1431 2189 2792 2077 1885 1995 1705 2763 2010 2509 2592 2463 1748 1577 2901 2111 4237 3754 1760 2824 2940 2757 2405 3685 2135 1770 2774 1978 1562 2454 2842 2152 3631 1836 2568 1650 2420 2270 2140 2348 2094 2927 2657 1864 2537 3215 1771 2489 1805 3088 2436 2360 2252 2665 2480 1984 2604 2290 2129 2494 2756 2611 1776 1996 2009 2330 2906 2771 2274 1829

Tree=0
num_leaves=14
num_cat=0
split_feature=37 37 29 30 37 37 37 29 30 37 30 37 37
split_gain=8484.29 1218.22 328.405 123.11 113.901 83.7215 47.9479 37.9123 96.8077 7.28902 3.95345 2.98587 0.265155
threshold=-0.71195307619323489 0.79563841627066456 0.30857929730614952 -0.040481854882533225 -0.083272947648617771 -0.83396665377261525 1.4077743309062136 -0.28926482945714099 0.64410653592212463 -0.47206197451173448 -0.081275212260954618 0.17936644815785227 -0.59407555209111784
decision_type=2 2 2 2 2 2 2 2 2 2 2 2 2
left_child=2 4 5 -4 9 7 -3 -1 10 12 -9 -6 -2
right_child=1 6 3 -5 11 -7 -8 8 -10 -11 -12 -13 -14
leaf_value=85.473800446456465 85.559847851260116 85.758172515900327 85.372783693474886 85.22339712848148 85.637485322829733 85.548172603043824 85.873838627511176 85.502889557697628 85.313163793683529 85.599014545060101 85.424675189852053 85.687296669815723 85.568512158344163
leaf_weight=42 12.000000000000002 65 71 55 47 13.999999999999998 104 15.999999999999998 38 47 81 74 15.999999999999998
leaf_count=42 12 65 71 55 47 14 104 16 38 47 81 74 16
internal_value=85.5625 85.7354 85.3639 85.2951 85.6417 85.4161 85.8376 85.4065 85.3903 85.5874 85.4333 85.6725 85.5648
internal_weight=682 365 317 126 196 191 169 177 135 75 97 121 28
internal_count=682 365 317 126 196 191 169 177 135 75 97 121 28
is_linear=0
shrinkage=1


Tree=1
num_leaves=14
num_cat=0
split_feature=37 37 29 30 37 37 37 29 30 37 37 30 37
split_gain=7683.05 1099.02 296.085 116.074 98.2928 75.7505 51.3824 34.2441 89.0768 5.51076 3.1169 2.87849 0.246043
threshold=-0.71195307619323489 0.72118945367985487 0.30857929730614952 0.078492240527173809 -0.10808926851221907 -0.83396665377261525 1.3353933950540353 -0.28926482945714099 0.64410653592212463 -0.47206197451173448 0.1235297262147428 -0.081275212260954618 -0.59407555209111784
decision_type=2 2 2 2 2 2 2 2 2 2 2 2 2
left_child=2 4 5 -4 9 7 -3 -1 11 12 -6 -9 -2
right_child=1 6 3 -5 10 -7 -8 8 -10 -11 -12 -13 -14
leaf_value=-0.084579072707870587 -0.0025514214611644546 0.18306681566876773 -0.18883715932292075 -0.33649657241880471 0.066257789556020019 -0.013788789441707418 0.29432112082351108 -0.05730548310102504 -0.2379160837718331 0.032450465409274695 0.11400127573531485 -0.13101700320672108 0.0057873702882647133
leaf_weight=42 12.000000000000002 65 81 45 41 13.999999999999998 107 15.999999999999998 38 43 81 81 15.999999999999998
leaf_count=42 12 65 81 45 41 14 107 16 38 43 81 81 16
internal_value=-0.000144207 0.164382 -0.189139 -0.254516 0.0739556 -0.139541 0.2599 -0.148672 -0.164117 0.0217067 0.101867 -0.12297 0.00218847
internal_weight=682 365 317 126 193 191 172 177 135 71 122 97 28
internal_count=682 365 317 126 193 191 172 177 135 71 122 97 28
is_linear=0
shrinkage=0.0529975


Tree=2
num_leaves=13
num_cat=0
split_feature=37 37 29 37 37 37 29 47 17 37 37 37
split_gain=6957.85 991.435 267.296 93.0752 72.5455 37.3151 36.2137 44.7827 16.8862 6.03331 2.50282 0.38613
threshold=-0.71195307619323489 0.79563841627066456 0.36963990573511979 -0.083272947648617771 -0.83396665377261525 1.4077743309062136 -0.28926482945714099 0.67367895232230446 1.3627430235372955 -0.42863341300043006 0.20831882249872283 -0.58580344513658222
decision_type=2 2 2 2 2 2 2 2 2 2 2 2
left_child=2 3 4 9 6 -3 -1 8 -8 11 -5 -2
right_child=1 5 -4 10 -6 -7 7 -9 -10 -11 -12 -13
leaf_value=-0.080656611179210594 -0.0018644940895978083 0.17705335861211088 -0.24802145533506156 0.069449370501821539 -0.01327715776881975 0.28099689989416249 -0.1826469111005197 -0.070397698027683239 -0.065699249891059477 0.034396799393555791 0.11415234128673586 0.0081962360177313207
leaf_weight=42 14.999999999999998 65 113 51 13.999999999999998 104 109 26 12.999999999999998 43 70 17
leaf_count=42 15 65 113 51 14 104 109 26 13 43 70 17
internal_value=-0.000301828 0.156268 -0.180155 0.0716951 -0.136521 0.248495 -0.144882 -0.159213 -0.173902 0.0226511 0.0995344 0.00374645
internal_weight=682 365 317 196 204 169 190 148 122 75 121 32
internal_count=682 365 317 196 204 169 190 148 122 75 121 32
is_linear=0
shrinkage=0.0529975


Tree=3
num_leaves=15
num_cat=0
split_feature=43 39 29 39 29 47 17 39 39 39 30 35 30 39
split_gain=6288.97 993.517 215.928 98.762 49.01 63.4375 16.8219 14.9155 5.7212 4.29104 1.26716 0.612469 0.352295 0.172014
threshold=1.0000000180025095e-35 0.744944268791493 0.58730087529752451 -0.1248217905599948 -0.28926482945714099 0.67367895232230446 1.4469291805145394 1.4151184330301467 0.11143103498362476 -0.37352830495324169 -0.36080720719394782 -0.89384396049549431 0.28707376989685612 -0.48469126969849824
decision_type=2 2 2 2 2 2 2 2 2 2 2 2 2 2
left_child=2 3 4 9 -1 6 -6 -3 -5 10 -2 -12 -11 -13
right_child=1 7 -4 8 5 -7 -8 -9 -10 12 11 13 -14 -15
leaf_value=-0.076916055551819171 0.014666361591660118 0.17991428484792252 -0.26513035457491962 0.054864125565663155 -0.18270590103042525 -0.076526914711702879 -0.063234492752418561 0.27060449262371716 0.10083504000101806 0.03282594012196418 0.0059649218526659636 -0.010184044304864654 0.011128500921769003 -0.00056477972568533632
leaf_weight=42 12.999999999999998 78 70 38 141 36 11.999999999999998 90 93 23 10.999999999999998 10.999999999999998 12.999999999999998 11.000000000000002
leaf_count=42 13 78 70 38 141 36 12 90 93 23 11 11 13 11
internal_value=-0.000275817 0.141812 -0.179408 0.0629125 -0.147351 -0.160121 -0.176118 0.23619 0.0905361 0.0155406 0.00366014 -0.00208504 0.0278648 -0.00677501
internal_weight=682 381 301 213 231 189 153 168 131 82 46 33 36 22
internal_count=682 381 301 213 231 189 153 168 131 82 46 33 36 22
is_linear=0
shrinkage=0.0529975


Tree=4
num_leaves=14
num_cat=0
split_feature=37 37 13 37 37 30 30 13 37 13 37 37 37
split_gain=5691.26 892.152 153.146 86.7839 52.5056 44.349 33.6019 8.82726 6.46052 2.23597 1.40494 0.45355 0.113458
threshold=-0.80708230617037946 0.6756928654299158 0.37811191509940772 -0.16806204393259483 1.273352592895028 0.89761297373070026 0.35904420432065115 -0.7562974300577171 -0.50308237559123692 -0.69606330553609974 0.075965111226169071 -0.6085517392615547 -0.41622525256862508
decision_type=2 2 2 2 2 2 2 2 2 2 2 2 2
left_child=2 3 5 8 -3 9 -4 -7 11 -1 -5 -2 -10
right_child=1 4 6 10 -6 7 -8 -9 12 -11 -12 -13 -14
leaf_value=-0.047256488854236341 -0.0075855263766218929 0.15183809020635131 -0.17370905119948427 0.052719408882560707 0.25054195303447696 -0.093972265926725737 -0.28331673637252269 -0.21982700707768069 0.0095084752966043441 -0.10796665213476529 0.093024403371620809 0.0027929692936753433 0.027944754089386008
leaf_weight=15.999999999999998 22 65 96 35 113 18 37 22 10.999999999999998 115 84 14.999999999999998 33
leaf_count=16 22 65 96 35 113 18 37 22 11 115 84 15 33
internal_value=-0.000262182 0.136093 -0.169185 0.0565629 0.220659 -0.12731 -0.215159 -0.182978 0.0126972 -0.102996 0.0843236 -0.00341286 0.0251686
internal_weight=682 378 304 200 178 171 133 40 81 131 119 37 44
internal_count=682 378 304 200 178 171 133 40 81 131 119 37 44
is_linear=0
shrinkage=0.0529975


Tree=5
num_leaves=16
num_cat=0
split_feature=37 37 29 28 29 37 37 29 19 29 37 19 37 37 37
split_gain=5155 804.56 206.662 95.9206 176.765 74.8805 54.5214 21.1637 20.1079 14.7099 4.9556 2.23696 1.72626 0.306175 0.103441
threshold=-0.80708230617037946 0.62399219696407571 0.58730087529752451 -0.26338567159009302 0.017107796502060884 -0.18047020436439698 1.5318559352242287 0.16623681286612843 0.16351173691357454 -0.28926482945714099 -0.54030685688664326 -0.086845134959508172 0.088373271657971167 -0.64164016707969174 -0.42863341300043006
decision_type=2 2 2 2 2 2 2 2 2 2 2 2 2 2 2
left_child=2 5 3 4 9 10 -3 11 -9 -1 13 -5 -7 -2 -12
right_child=1 6 -4 7 -6 12 -8 8 -10 -11 14 -13 -14 -15 -16
leaf_value=-0.067394691082625607 -0.0078478752934421688 0.1556676159447779 -0.24382689388356432 -0.045770708255059425 -0.25160291996159245 0.051104477808732104 0.24766421541767775 -0.11995341302775515 -0.041096410128485167 -0.13232183053438315 0.0078838381288143747 -0.009415619759163078 0.087575935317614081 0.0010306127887473296 0.023863500942984159
leaf_weight=42 19 90 70 21 41 42 91 46 22 51 10.999999999999998 10.999999999999998 78 14.999999999999998 32
leaf_count=42 19 90 70 21 41 42 91 46 22 51 11 11 78 15 32
internal_value=-0.000407229 0.129366 -0.161174 -0.130945 -0.16154 0.0526908 0.208416 -0.0830625 -0.099933 -0.108929 0.0105207 -0.0369156 0.077906 -0.004189 0.0213834
internal_weight=682 378 304 234 134 197 181 100 68 93 77 32 120 34 43
internal_count=682 378 304 234 134 197 181 100 68 93 77 32 120 34 43
is_linear=0
shrinkage=0.0529975


Tree=6
num_leaves=18
num_cat=0
split_feature=37 37 29 28 29 37 37 19 29 19 19 37 37 19 29 37 37
split_gain=4670.81 726.314 185.709 97.1845 161.678 77.3593 33.7241 22.1536 14.8188 13.7091 6.08343 5.39693 3.53784 2.02826 0.502545 0.388534 0.0856915
threshold=-0.80708230617037946 0.72118945367985487 0.57858038708847614 -0.26338567159009302 -0.17113939046326182 -0.16806204393259483 1.5670123897810002 -0.59226473493683407 0.16623681286612843 0.17936794479003457 0.29235489073587734 -0.50308237559123692 0.24554330379412623 -0.086845134959508172 0.017107796502060884 -0.6085517392615547 -0.37693274453458997
decision_type=2 2 2 2 2 2 2 2 2 2 2 2 2 2 2 2 2
left_child=2 5 3 4 7 11 -3 -1 13 -10 -4 15 -7 -5 -6 -2 -13
right_child=1 6 10 8 14 12 -8 -9 9 -11 -12 16 -14 -15 -16 -17 -18
leaf_value=-0.10377010347660545 -0.0069932045014628099 0.15162023982617298 -0.2721845817379408 -0.043883774830382048 -0.13163085082686118 0.057343551153648219 0.23679657568213963 -0.030013624157977068 -0.10533742319110435 -0.032554491827703279 -0.1514294459549603 0.010013836314139888 0.094171238639200447 -0.009092666531648667 -0.23996996286925237 0.0025963062816898039 0.026170698322675493
leaf_weight=37 22 84 38 21 31 65 88 25 47 17 36 13.999999999999998 60 10.999999999999998 41 14.999999999999998 30
leaf_count=37 22 84 38 21 31 65 88 25 47 17 36 14 60 11 41 15 30
internal_value=-0.000545288 0.122984 -0.153574 -0.12398 -0.154008 0.0533411 0.201747 -0.0794019 -0.075408 -0.0905493 -0.229281 0.0115867 0.0785757 -0.0354305 -0.20712 -0.00312321 0.0229872
internal_weight=682 378 304 230 134 206 172 62 96 64 74 81 125 32 72 37 44
internal_count=682 378 304 230 134 206 172 62 96 64 74 81 125 32 72 37 44
is_linear=0
shrinkage=0.0529975


Tree=7
num_leaves=17
num_cat=0
split_feature=37 37 29 19 29 37 29 19 37 19 29 37 37 19 37 37
split_gain=4241.37 656.187 169.878 85.5713 115.019 78.8778 39.7799 66.4883 19.0339 7.13324 10.4315 6.02603 5.57709 1.53634 0.363151 0.193477
threshold=-0.80708230617037946 0.84940711147513925 0.58730087529752451 -0.57347345338461908 -0.28926482945714099 -0.10808926851221907 0.15066289893059348 0.090756602564200331 1.7076382080080865 -0.13083393798565543 -0.25475630368307006 0.26001949096456295 -0.50308237559123692 0.25753102098526071 -0.64164016707969174 -0.37693274453458997
decision_type=2 2 2 2 2 2 2 2 2 2 2 2 2 2 2 2
left_child=2 5 3 4 -1 12 9 -8 -3 10 -5 -7 14 -4 -2 -14
right_child=1 8 13 6 -6 11 7 -9 -10 -11 -12 -13 15 -15 -16 -17
leaf_value=-0.072194494030142151 -0.0072500188882758596 0.15584451485696166 -0.26818495644879936 -0.017699696888099477 -0.23262891675120881 0.055735018592142034 -0.15752286358484976 -0.053244889938990701 0.23692569969037069 -0.017539640258640209 -0.077474141619301218 0.094390742618646814 0.0096422737332135695 -0.1509804252361287 0.001918731203834869 0.026480243533879132
leaf_weight=29 19 98 32 14.999999999999998 36 65 50 38 65 15.999999999999998 50 66 13.999999999999998 38 18 33
leaf_count=29 19 98 32 15 36 65 50 38 65 16 50 66 14 38 18 33
internal_value=-0.000771198 0.116944 -0.146594 -0.119156 -0.173292 0.0536841 -0.0930702 -0.118837 0.195478 -0.0587344 -0.0664384 0.0785405 0.0121921 -0.221585 -0.00298158 0.023255
internal_weight=682 378 304 234 65 215 169 88 163 81 65 131 84 70 37 47
internal_count=682 378 304 234 65 215 169 88 163 81 65 131 84 70 37 47
is_linear=0
shrinkage=0.0529975


Tree=8
num_leaves=16
num_cat=0
split_feature=37 37 29 19 29 37 37 29 19 19 29 37 19 37 37
split_gain=3852.04 606.65 148.991 74.3554 97.0519 55.6951 48.5583 30.0016 69.354 9.0375 10.0992 3.69865 3.66263 1.62343 0.298683
threshold=-0.83396665377261525 0.60951600979364173 0.58730087529752451 -0.64259766935448892 -0.35707758226555991 -0.22596679261433597 1.2154478442132866 0.13147790358107489 0.090756602564200331 -0.15322641359502007 -0.32592866650181057 -0.54030685688664326 0.08110102928846788 0.038740629930765665 -0.64164016707969174
decision_type=2 2 2 2 2 2 2 2 2 2 2 2 2 2 2
left_child=2 5 3 4 -1 11 -3 9 -9 10 -5 14 -4 -7 -2
right_child=1 6 12 7 -6 13 -8 8 -10 -11 -12 -13 -14 -15 -16
leaf_value=-0.059465156393900188 -0.0077020958574567783 0.12044814941823058 -0.2704455011749119 -0.014798275613204542 -0.22593979739353406 0.040223371800917403 0.20420462533348532 -0.15260447145374589 -0.049870150488171602 -0.01440216936294296 -0.077781232275548784 0.017412590292802697 -0.15311418045023353 0.072474891872700134 0.00089325959251160031
leaf_weight=21 22 68 24 11.999999999999998 32 36 116 54 39 13.999999999999998 59 40 46 84 14.999999999999998
leaf_count=21 22 68 24 12 32 36 116 54 39 14 59 40 46 84 15
internal_value=-0.00095025 0.110256 -0.14114 -0.114945 -0.172845 0.043497 0.178066 -0.0925966 -0.115223 -0.0618022 -0.0692084 0.00727792 -0.211599 0.0652297 -0.00441644
internal_weight=682 381 301 231 53 197 184 178 93 85 71 77 70 120 37
internal_count=682 381 301 231 53 197 184 178 93 85 71 77 70 120 37
is_linear=0
shrinkage=0.0529975


Tree=9
num_leaves=18
num_cat=0
split_feature=37 37 29 19 19 29 37 37 19 29 13 29 37 37 29 37 37
split_gain=3496.35 547.087 139.993 86.1927 79.0748 77.7146 48.8562 48.016 24.9555 32.3911 24.7914 5.1119 2.92712 1.59759 0.333043 0.199058 0.0249333
threshold=-0.83396665377261525 0.58469968893003754 0.36963990573511979 0.08110102928846788 -0.64259766935448892 -0.4932591612049233 1.6207810849854718 -0.24251100652340463 0.0070770554332656209 0.073062033842061072 1.2113506376484462 -0.32592866650181057 -0.55685107079571161 0.020128389283062428 0.22011875519856186 -0.6602524077273918 -0.42863341300043006
decision_type=2 2 2 2 2 2 2 2 2 2 2 2 2 2 2 2 2
left_child=2 7 4 -4 5 -1 -3 12 9 11 -5 -6 15 -9 -10 -2 -14
right_child=1 6 3 10 8 -7 -8 13 14 -11 -12 -13 16 -15 -16 -17 -18
leaf_value=-0.032562237604433199 -0.0078591550927086182 0.12862921180230502 -0.24821789582233447 -0.088428469584142702 -0.014275323442204148 -0.19394279841125681 0.20742465680149441 0.03621630540688596 -0.007096656908992297 -0.12391799942773421 -0.18720483862210871 -0.062248217204726515 0.0063534402939426186 0.066839737036712282 -0.026299515628293066 0 0.017061303579880876
leaf_weight=13.999999999999998 19 106 43 51 11.999999999999998 37 81 34 11.000000000000002 40 17 61 13.999999999999998 86 14.999999999999998 14.999999999999998 26
leaf_count=14 19 106 43 51 12 37 81 34 11 40 17 61 14 86 15 15 26
internal_value=-0.00116501 0.104784 -0.134724 -0.183945 -0.101184 -0.157851 0.16818 0.0404306 -0.0746767 -0.0852216 -0.126386 -0.0561329 0.00593124 0.0603551 -0.0212461 -0.00496217 0.0147823
internal_weight=682 381 301 111 190 51 187 194 139 113 68 73 74 120 26 34 40
internal_count=682 381 301 111 190 51 187 194 139 113 68 73 74 120 26 34 40
is_linear=0
shrinkage=0.0529975


Tree=10
num_leaves=18
num_cat=0
split_feature=37 37 29 19 29 37 19 19 29 37 37 37 29 29 29 37 37
split_gain=3174.58 497.551 129.866 75.8485 85.6042 69.3323 48.377 19.6226 43.3152 9.47306 6.5916 6.00534 4.4229 3.9378 1.30427 0.497085 0.205412
threshold=-0.83396665377261525 0.90524383341824588 0.47209431521368045 -0.57347345338461908 -0.23396359809519504 -0.054320573307747193 0.08110102928846788 0.020574592743867484 0.073062033842061072 1.7717470369057258 0.32826437333946856 -0.47206197451173448 -0.25475630368307006 -0.57511148597507455 0.23203446132356126 -0.6085517392615547 -0.35832050388688674
decision_type=2 2 2 2 2 2 2 2 2 2 2 2 2 2 2 2 2
left_child=2 5 3 4 13 11 -4 8 12 -3 -7 15 -5 -1 -9 -2 -13
right_child=1 9 6 7 -6 10 -8 14 -10 -11 -12 16 -14 -15 -16 -17 -18
leaf_value=-0.02546414451944419 -0.0066327224855521156 0.13802228359259194 -0.24320175906430952 -0.014248377540002357 -0.21357005913538657 0.049834401313343338 -0.12873498460631871 -0.0086848598245115143 -0.12194612506923867 0.20970501456307367 0.086389600579673584 0.0092284163958106166 -0.055444521104150116 -0.086569249183452782 -0.036823750455375143 0.0034063355367313199 0.02634333626775915
leaf_weight=10.999999999999998 25 94 34 14.999999999999998 28 65 60 11.999999999999998 46 58 70 12.999999999999998 48 25 22 19 37
leaf_count=11 25 94 34 15 28 65 60 12 46 58 70 13 48 25 22 19 37
internal_value=-0.00135017 0.0996079 -0.128613 -0.099751 -0.148446 0.0481363 -0.182309 -0.0728132 -0.0838957 0.17234 0.0717064 0.0119456 -0.0478279 -0.0743663 -0.029858 -0.00226936 0.0234829
internal_weight=682 381 301 207 64 229 94 143 109 152 135 94 63 36 34 44 50
internal_count=682 381 301 207 64 229 94 143 109 152 135 94 63 36 34 44 50
is_linear=0
shrinkage=0.0529975


Tree=11
num_leaves=14
num_cat=0
split_feature=37 37 13 37 30 30 37 19 37 37 13 37 37
split_gain=2884.21 450.016 95.0675 64.842 40.8994 40.1137 6.80809 6.57061 6.20318 5.48909 4.52664 0.382596 0.317157
threshold=-0.83396665377261525 0.94867239492955024 0.37811191509940772 -0.054320573307747193 1.0170821779447416 0.35904420432065115 0.34067253377127077 0.35943534012406581 1.8606721866669722 -0.50308237559123692 -0.69606330553609974 -0.34798037019371647 -0.64164016707969174
decision_type=2 2 2 2 2 2 2 2 2 2 2 2 2
left_child=2 3 4 9 7 -4 -5 10 -3 12 -1 -11 -2
right_child=1 8 5 6 -6 -7 -8 -9 -10 11 -12 -13 -14
leaf_value=-0.034849303418310489 -0.0068224327829043713 0.13332072434218137 -0.12419202548551718 0.048141520890189748 -0.14956750442384173 -0.21666909921130026 0.083708467102175915 -0.023203029272126693 0.20188453548699928 0.010005094701245677 -0.082314181066929448 0.025720340421694118 0.0015443995093477418
leaf_weight=20 22 95 96 68 28 37 70 13.999999999999998 54 20 106 34 18
leaf_count=20 22 95 96 68 28 37 70 14 54 20 106 34 18
internal_value=-0.00147349 0.0947577 -0.122776 0.0465539 -0.0902004 -0.158206 0.0689658 -0.0726237 0.165063 0.011419 -0.0767584 0.021598 -0.00319501
internal_weight=682 381 301 232 168 133 138 140 149 94 126 54 40
internal_count=682 381 301 232 168 133 138 140 149 94 126 54 40
is_linear=0
shrinkage=0.0529975


Tree=12
num_leaves=18
num_cat=0
split_feature=37 37 29 27 29 37 29 27 37 27 29 37 27 37 29 37 37
split_gain=2613.59 407.105 126.171 70.1723 115.165 51.4484 24.5881 51.266 16.0514 5.46426 7.44449 5.42527 4.45352 3.47248 3.46722 0.221172 0.131301
threshold=-0.83396665377261525 0.8576792184296721 0.64608805788372303 -0.54882363409565027 -0.23396359809519504 -0.16806204393259483 0.15066289893059348 0.090756602564206243 1.7717470369057258 -0.13083393798564855 -0.24009572970807494 0.30965213269176833 0.30064614087418828 -0.54030685688664326 -0.57511148597507455 -0.6602524077273918 -0.37693274453458997
decision_type=2 2 2 2 2 2 2 2 2 2 2 2 2 2 2 2 2
left_child=2 5 3 4 14 13 9 -8 -3 10 -5 -7 -9 15 -1 -2 -15
right_child=1 8 -4 6 -6 11 7 12 -10 -11 -12 -13 -14 16 -16 -17 -18
leaf_value=-0.020657139082596032 -0.0070005319539043955 0.12269048042267558 -0.18831841471019872 -0.0084937934335127183 -0.20635078093202297 0.043384120833890649 -0.1230835473507841 -0.048140131143245626 0.1901627969169277 -0.0080749256913228307 -0.058737305431425309 0.0751420887301298 -0.0064353987762336209 0.007499998461322553 -0.07365989798088414 0.00027648275410978036 0.019720193776908351
leaf_weight=10.999999999999998 19 102 58 12.999999999999998 34 72 54 31 58 13.999999999999998 45 65 11.999999999999998 17 29 18 30
leaf_count=11 19 102 58 13 34 72 54 31 58 14 45 65 12 17 29 18 30
internal_value=-0.00145643 0.0901491 -0.116928 -0.0957351 -0.139959 0.0416463 -0.0721988 -0.0902494 0.153177 -0.0427222 -0.049436 0.0610198 -0.0388561 0.00801099 -0.0638292 -0.00375308 0.0167806
internal_weight=682 381 301 243 74 221 169 97 160 72 58 137 43 84 40 37 47
internal_count=682 381 301 243 74 221 169 97 160 72 58 137 43 84 40 37 47
is_linear=0
shrinkage=0.0529975


Tree=13
num_leaves=20
num_cat=0
split_feature=37 37 29 28 29 37 28 29 29 19 37 37 37 19 29 29 19 37 37
split_gain=2371.59 369.357 113.446 71.1221 131.767 54.7674 36.9346 19.8579 16.7339 21.4742 5.4482 4.9184 3.95586 1.87162 3.13827 1.48187 1.1188 0.399992 0.39118
threshold=-0.83396665377261525 0.96935266231588801 0.64608805788372303 -0.26338567159009302 0.065064269582484971 -0.012960038535074606 -0.99728284792519062 -0.27536419288318426 0.24031006565894125 0.16351173691357454 -0.47206197451173448 0.36548885463487785 1.8916925877464743 0.025394573122468043 0.047410320107977418 -0.45548505196500272 0.30064614087418168 -0.32523207606874988 -0.6085517392615547
decision_type=2 2 2 2 2 2 2 2 2 2 2 2 2 2 2 2 2 2 2
left_child=2 5 3 4 6 10 -1 15 13 -10 18 -7 -3 14 -5 -8 -11 -12 -2
right_child=1 12 -4 8 -6 11 7 -9 9 16 17 -13 -14 -15 -16 -17 -18 -19 -20
leaf_value=-0.14943709788297832 -0.0058759166656405315 0.12238416395290092 -0.17927316591318609 -0.0051783706335233482 -0.19725734776156445 0.044962168999558565 -0.0027538923399994314 -0.076650055413294865 -0.092438048519495317 -0.03208791341547626 0.011011916235216962 0.077255217959863648 0.18545142394996642 -0.0028395391107311698 -0.041312936047784077 -0.02708986978074469 -0.0062079799991667829 0.026619275025682735 0.0030168019004400541
leaf_weight=12.999999999999998 25 96 58 13.000000000000002 38 66 11.999999999999998 48 41 13.000000000000002 23 69 50 11.999999999999998 17 24 11.999999999999998 33 19
leaf_count=13 25 96 58 13 38 66 12 48 41 13 23 69 50 12 17 24 12 33 19
internal_value=-0.00151485 0.0857473 -0.11151 -0.0913799 -0.117353 0.0427499 -0.0763202 -0.055724 -0.0543875 -0.0705522 0.0118648 0.0641007 0.150493 -0.0231995 -0.0293197 -0.0206957 -0.023495 0.0220069 -0.00199491
internal_weight=682 381 301 243 135 235 97 84 108 66 100 135 146 42 30 36 25 56 44
internal_count=682 381 301 243 135 235 97 84 108 66 100 135 146 42 30 36 25 56 44
is_linear=0
shrinkage=0.0529975


Tree=14
num_leaves=17
num_cat=0
split_feature=37 37 29 19 29 19 37 19 29 37 37 37 29 29 37 37
split_gain=2155.23 334.037 101.676 63.0297 67.1289 52.193 49.4672 15.8027 33.045 5.04167 4.55806 4.16703 3.49658 1.29916 0.359491 0.230069
threshold=-0.83396665377261525 0.96935266231588801 0.47209431521368045 -0.57347345338461908 -0.35707758226555991 0.0028533845507611034 -0.0274362257055113 0.020574592743867484 0.073062033842061072 0.39030517549847626 -0.47206197451173448 1.8916925877464743 -0.25475630368307006 0.23203446132356126 -0.6085517392615547 -0.32523207606874988
decision_type=2 2 2 2 2 2 2 2 2 2 2 2 2 2 2 2
left_child=2 6 3 4 -1 -4 10 8 12 -8 14 -3 -5 -9 -2 -12
right_child=1 11 5 7 -6 -7 9 13 -10 -11 15 -13 -14 -15 -16 -17
leaf_value=-0.040355761399348877 -0.0056247513745279545 0.1162794259069431 -0.22491541237896628 -0.0089557679586780084 -0.16375203232578295 -0.11155571239293618 0.043112854293373436 -0.0034725537890307173 -0.10008244700389977 0.074129907064273137 0.010549000469827974 0.17667545394016274 -0.04315377482767277 -0.027155128382264547 0.0028952734332559232 0.024529273498016608
leaf_weight=24 25 96 25 14.999999999999998 40 69 72 11.999999999999998 46 66 23 50 48 22 19 30
leaf_count=24 25 96 25 15 40 69 72 12 46 66 23 50 48 22 19 30
internal_value=-0.00159786 0.0815894 -0.106454 -0.0813596 -0.125 -0.153454 0.0406959 -0.0575369 -0.0672724 0.0604648 0.0106203 0.143163 -0.0365986 -0.020745 -0.00189996 0.0202696
internal_weight=682 381 301 207 64 94 235 143 109 138 97 146 63 34 44 53
internal_count=682 381 301 207 64 94 235 143 109 138 97 146 63 34 44 53
is_linear=0
shrinkage=0.0529975


Tree=15
num_leaves=15
num_cat=0
split_feature=37 37 13 30 30 37 37 19 13 48 13 37 37 37
split_gain=1957.37 302.589 72.9043 39.1129 35.1976 35.1035 24.3278 8.74225 3.21663 3.84154 2.09589 1.48154 0.651562 0.128322
threshold=-0.83396665377261525 0.55367928785053244 0.37811191509940772 0.35904420432065115 1.0170821779447416 1.273352592895028 -0.26319127390973934 0.35943534012406581 -0.69606330553609974 1.0000000180025095e-35 -0.7562974300577171 -0.55685107079571161 0.057352870578468891 -0.6602524077273918
decision_type=2 2 2 2 2 2 2 2 2 2 2 2 2 2
left_child=2 6 4 -4 7 -3 11 8 -1 -10 -6 13 -8 -2
right_child=1 5 3 -5 10 -7 12 -9 9 -11 -12 -13 -14 -15
leaf_value=-0.027890253510407109 -0.0062552315364731602 0.08375121306584081 -0.1019141457460611 -0.18567443870225003 -0.058000157966567371 0.1457833583800158 0.028438823428886997 -0.011595907706134093 -0.072435102421539513 -0.028338565339187775 -0.15276257384964403 0.010284252557033715 0.048816784898130745 0
leaf_weight=20 19 78 96 37 13.000000000000002 113 45 13.999999999999998 88 18 14.999999999999998 37 74 14.999999999999998
leaf_count=20 19 78 96 37 13 113 45 14 88 18 15 37 74 15
internal_value=-0.00164398 0.0776336 -0.101571 -0.132271 -0.0735059 0.123807 0.028814 -0.0579914 -0.0623326 -0.0669276 -0.126962 0.00361093 0.0429007 -0.00392966
internal_weight=682 381 301 133 168 191 190 140 126 106 28 71 119 34
internal_count=682 381 301 133 168 191 190 140 126 106 28 71 119 34
is_linear=0
shrinkage=0.0529975


Tree=16
num_leaves=20
num_cat=0
split_feature=37 37 29 28 29 37 29 19 19 37 30 19 29 37 37 13 29 37 37
split_gain=1774.64 273.721 98.021 62.753 76.7289 41.615 22.3171 62.9399 9.17698 5.42828 5.33951 5.24748 5.14449 4.20882 4.15633 0.51338 0.302097 0.299034 0.262654
threshold=-0.83396665377261525 1.0086451703499262 0.64608805788372303 -0.66986113276767056 -0.4932591612049233 -0.012960038535074606 0.020574946179958514 -0.16662877018527861 0.25753102098526071 1.9475293096895807 -0.0065419202603992704 -0.2641521495666449 -0.17848441904235698 0.36548885463487785 -0.47206197451173448 -0.34469757915999927 -0.33096837825487457 -0.64164016707969174 -0.32523207606874988
decision_type=2 2 2 2 2 2 2 2 2 2 2 2 2 2 2 2 2 2 2
left_child=2 5 3 4 -1 14 11 -8 15 -3 -4 12 16 -7 17 -9 -5 -2 -16
right_child=1 9 10 6 -6 13 7 8 -10 -11 -12 -13 -14 -15 18 -17 -18 -19 -20
leaf_value=-0.019194940987973974 -0.0055841420722233959 0.10570875223086897 -0.10805721484063496 -0.0072114583906506763 -0.17477444066460127 0.038551498115193608 -0.12868397757104447 -0.024388095435029303 -0.0036704506583054635 0.16315215687415707 -0.20504385813768677 -0.00061711182961643972 -0.056356758035717512 0.067041052298139669 0.0096732183039218676 -0.057041723071026083 -0.024033132245996569 0.002134046410432557 0.02307285087795723
leaf_weight=13.999999999999998 22 96 37 12.999999999999995 31 66 39 15.999999999999998 13.999999999999998 47 21 11.999999999999998 26 72 23 58 20.000000000000004 22 33
leaf_count=14 22 96 37 13 31 66 39 16 14 47 21 12 26 72 23 58 20 22 33
internal_value=-0.00170995 0.0737772 -0.0968576 -0.0784728 -0.134457 0.0373331 -0.0621364 -0.0757282 -0.0454728 0.130442 -0.159204 -0.0337294 -0.0396783 0.0556369 0.0102894 -0.0524261 -0.0197134 -0.00179224 0.01915
internal_weight=682 381 301 243 45 238 198 127 88 143 58 71 59 138 100 74 33 44 56
internal_count=682 381 301 243 45 238 198 127 88 143 58 71 59 138 100 74 33 44 56
is_linear=0
shrinkage=0.0529975


Tree=17
num_leaves=23
num_cat=0
split_feature=37 37 29 28 29 37 28 19 29 29 19 37 37 37 30 19 29 19 19 37 37 37
split_gain=1614.99 247.735 90.1888 53.5645 86.2367 38.8831 34.5055 21.1748 15.1777 11.8663 11.7625 4.35765 3.75193 3.54148 2.09465 1.42342 1.39995 1.01253 0.486843 0.447253 0.093657 0.024041
threshold=-0.83396665377261525 1.023121357520363 0.58730087529752451 -0.26338567159009302 0.065064269582484971 1.0000000180025095e-35 -0.99728284792519062 0.08110102928846788 -0.27536419288318426 0.24031006565894125 0.16351173691357454 -0.41622525256862508 1.9475293096895807 0.39030517549847626 -0.0065419202603992704 -0.48206000193395332 -0.45548505196500272 -0.53971877660986134 -0.10851345830801649 -0.6085517392615547 -0.32523207606874988 -0.54030685688664326
decision_type=2 2 2 2 2 2 2 2 2 2 2 2 2 2 2 2 2 2 2 2 2 2
left_child=2 5 3 4 6 11 -1 -4 16 14 -11 19 -3 -7 -5 -10 -8 -18 -16 -2 -13 -21
right_child=1 12 7 9 -6 13 8 -9 15 10 -12 20 -14 -15 18 -17 17 -19 -20 21 -22 -23
leaf_value=-0.13082328960077488 -0.004982010034240477 0.10106139365697618 -0.19678178613352246 0.0025563076869603049 -0.1616923343815799 0.037570705959568816 0.00060865781156703327 -0.099593078163792273 -0.073241780769713785 -0.071789705271947252 -0.016318081357246401 0.0093060024734741616 0.1554838443280229 0.064920031340904419 -0.026206200623731333 -0.03185240832955076 -0.027682363160215887 -0.0039089222486366178 -0.0063786871691964451 0.00076748594314113728 0.023167952925702839 0.0052538923297938732
leaf_weight=12.999999999999998 25 93 24 11.999999999999998 36 64 11.999999999999998 46 27.999999999999996 35 21 15.999999999999998 47 72 19 20.000000000000004 12.999999999999998 11.000000000000002 11.000000000000002 12.000000000000002 38 13.999999999999998
leaf_count=13 25 93 24 12 36 64 12 46 28 35 21 16 47 72 19 20 13 11 11 12 38 14
internal_value=-0.00180924 0.0702035 -0.0925751 -0.0731025 -0.0949878 0.0360723 -0.0621913 -0.145904 -0.0434831 -0.0395695 -0.0546908 0.010833 0.125015 0.054229 -0.0149484 -0.061578 -0.0138428 -0.0199787 -0.0214038 -0.000378693 0.0205177 0.00393343
internal_weight=682 381 301 231 133 241 97 70 84 98 56 105 140 136 42 48 36 24 30 51 54 26
internal_count=682 381 301 231 133 241 97 70 84 98 56 105 140 136 42 48 36 24 30 51 54 26
is_linear=0
shrinkage=0.0529975


Tree=18
num_leaves=22
num_cat=0
split_feature=37 37 29 28 29 28 37 37 19 29 29 29 30 37 29 19 19 37 37 29 37
split_gain=1471.2 224.604 86.8444 63.0119 128.615 32.3132 24.2247 21.0521 16.9356 25.9561 13.8167 2.14769 1.93899 1.4989 1.30437 1.2409 0.945361 0.927832 0.10367 0.0676401 0.00222453
threshold=-0.83396665377261525 0.62399219696407571 0.86516195744978364 -0.26338567159009302 0.065064269582484971 -0.99728284792519062 1.7365905823489542 -0.22596679261433597 0.39064810619775014 0.24031006565894125 -0.27536419288318426 0.42702620649353651 -0.0065419202603992704 -0.55685107079571161 -0.45548505196500272 -0.48206000193395332 -0.56005770063271443 0.15041407381698177 -0.6602524077273918 0.10301941411127748 -0.42863341300043006
decision_type=2 2 2 2 2 2 2 2 2 2 2 2 2 2 2 2 2 2 2 2 2
left_child=2 7 3 4 5 -1 -3 13 9 12 14 -11 -5 18 -7 -12 -16 -9 -2 -14 -15
right_child=1 6 -4 8 -6 10 -8 17 -10 11 15 -13 19 20 16 -17 -18 -19 -20 -21 -22
leaf_value=-0.12607855254635483 -0.005577600780167051 0.085574371804344629 -0.16540774940992192 0.002465971094014867 -0.17297333749796936 0.00058714847213589278 0.14159185528399584 0.028034144253131485 0.010430239497007884 -0.040144875647407256 -0.070044805392486434 -0.08032562626671802 -0.0095811748151757685 0.0043867888731670135 -0.027330603681513913 -0.03055369189194717 -0.004395285448070621 0.047118269803560577 0 -0.025347116105892926 0.011884069896771623
leaf_weight=12.999999999999998 19 119 35 11.999999999999998 42 11.999999999999998 62 58 11.999999999999998 29 27.999999999999996 44 15.000000000000002 13.999999999999998 11.999999999999998 20.000000000000004 12.000000000000002 65 14.999999999999998 14.999999999999998 29
leaf_count=13 19 119 35 12 42 12 62 58 12 29 28 44 15 14 12 20 12 65 15 15 29
internal_value=-0.00192254 0.066811 -0.0885525 -0.0749907 -0.0997336 -0.0597296 0.108725 0.026784 -0.0445816 -0.0506121 -0.0416674 -0.0687108 -0.014355 0.00438735 -0.0133437 -0.0589399 -0.0192669 0.0398949 -0.00348744 -0.0205674 0.0104213
internal_weight=682 381 301 266 139 97 181 200 127 115 84 73 42 77 36 48 24 123 34 30 43
internal_count=682 381 301 266 139 97 181 200 127 115 84 73 42 77 36 48 24 123 34 30 43
is_linear=0
shrinkage=0.0529975


Tree=19
num_leaves=23
num_cat=0
split_feature=37 37 29 19 29 37 29 19 19 19 29 37 29 19 37 37 29 37 30 37 37 30
split_gain=1338.01 204.732 78.9022 57.6663 116.812 32.5105 20.7326 39.5202 20.4407 6.47722 5.06675 4.66557 4.35921 6.75523 3.05797 1.71889 0.472141 0.445617 0.442677 0.106817 0.0324956 0.0272545
threshold=-0.83396665377261525 1.0541417585998654 0.86516195744978364 -0.43163804429725716 -0.11354244790760055 0.057352870578468891 0.24031006565894125 0.14514927836922228 -0.89853941475979127 0.39064810619775014 -0.32592866650181057 -0.37693274453458997 -0.055057563883069295 -0.13083393798565543 2.0054340583713257 0.41925754983934965 -0.45548505196500272 -0.6085517392615547 0.092598077044424007 -0.32523207606874988 -0.54030685688664326 -0.22572758781172889
decision_type=2 2 2 2 2 2 2 2 2 2 2 2 2 2 2 2 2 2 2 2 2 2
left_child=2 5 3 4 8 11 12 -8 -1 21 16 17 -5 -14 -3 -7 -10 -2 -15 -13 -19 -9
right_child=1 14 -4 6 -6 15 7 9 10 -11 -12 19 13 18 -16 -17 -18 20 -20 -21 -22 -23
leaf_value=-0.10133762840729131 -0.0045878600705681174 0.092817869526933591 -0.15792375372933984 0.0035977968990614346 -0.16877013627471968 0.035316875642845552 -0.09087893267764556 -0.014158986905415975 0 0.010061647961063364 -0.043714376417295635 0.0083303348651710199 -0.043177212642703279 0.001974176764976568 0.14371047502876294 0.059561872901550753 -0.01400579137048477 0.00070160809350049798 -0.010176181815400382 0.022853708625723248 0.0054442313836250717 -0.037654506785191333
leaf_weight=12.999999999999998 25 94 35 12.999999999999998 40 57 55 12.999999999999998 11.000000000000002 11.999999999999998 29.000000000000004 12.999999999999998 29 12.000000000000002 43 71 13.999999999999995 12.000000000000002 10.999999999999998 49 17 14.000000000000002
leaf_count=13 25 94 35 13 40 57 55 13 11 12 29 13 29 12 43 71 14 12 11 49 17 14
internal_value=-0.00201837 0.063531 -0.0846326 -0.0716943 -0.101971 0.0329987 -0.0483117 -0.0639135 -0.0514074 -0.0186871 -0.0303438 0.0116783 -0.0221581 -0.0284238 0.114197 0.050881 -0.00915233 0 -0.00449869 0.0209144 0.00413782 -0.0311825
internal_weight=682 381 301 266 107 244 159 94 67 39 54 116 65 52 137 128 25 54 23 62 29 27
internal_count=682 381 301 266 107 244 159 94 67 39 54 116 65 52 137 128 25 54 23 62 29 27
is_linear=0
shrinkage=0.0529975


Tree=20
num_leaves=22
num_cat=0
split_feature=37 37 29 28 29 37 29 19 19 19 37 19 29 37 37 37 47 29 37 13 37
split_gain=1217.17 181.821 74.5991 53.5701 60.4878 28.1132 14.991 43.4626 12.1038 7.45907 4.59308 4.00657 5.01869 3.3466 0.46964 0.415932 0.409211 0.16593 0.0733598 0.0476014 0.045728
threshold=-0.80708230617037946 1.0541417585998654 0.64608805788372303 -0.66986113276767056 -0.4932591612049233 0.11318959252157529 0.051608858368748442 -0.16662877018527861 0.08110102928846788 0.25753102098526071 -0.35832050388688674 -0.2641521495666449 -0.17848441904235698 2.0509306466212647 0.43166571027115175 -0.58580344513658222 0.39514057979498601 -0.33096837825487457 -0.26319127390973934 -0.34469757915999927 -0.6602524077273918
decision_type=2 2 2 2 2 2 2 2 2 2 2 2 2 2 2 2 2 2 2 2 2
left_child=2 5 3 4 -1 10 11 -8 -4 19 15 12 17 -3 -7 20 -10 -5 -12 -9 -2
right_child=1 13 8 6 -6 14 7 9 16 -11 18 -13 -14 -15 -16 -17 -18 -19 -20 -21 -22
leaf_value=-0.014447985483143036 -0.0045153958746603157 0.088881652196673613 -0.18532688154209528 -0.0055375736809926577 -0.15125910097774145 0.034751390164270472 -0.10688045086813422 -0.020658341855559922 -0.041484283201746512 -0.00039464327643031773 0.0091428177676019708 -0.0019231028675480066 -0.048853254333002367 0.1386708669431673 0.057133341056493238 0.0053218148826262215 -0.10377347677668537 -0.0184802907044429 0.023437060000701247 -0.046656839437927394 0
leaf_weight=13.999999999999998 16.000000000000004 97 17 12.999999999999995 31 51 37 15.999999999999998 12.999999999999998 13.999999999999998 13.999999999999998 14.999999999999998 28 40 68 26 28 21.000000000000004 54 57 11.999999999999998
leaf_count=14 16 97 17 13 31 51 37 16 13 14 14 15 28 40 68 26 28 21 54 57 12
internal_value=-0.00205064 0.061019 -0.0801587 -0.0644855 -0.115536 0.0319205 -0.0500066 -0.0616782 -0.134254 -0.036727 0.0129841 -0.0280285 -0.033515 0.108673 0.0497242 0.000983153 -0.091985 -0.0152784 0.0215679 -0.0430476 -0.00306823
internal_weight=682 378 304 246 45 241 201 124 58 87 122 77 62 137 119 54 41 34 68 73 28
internal_count=682 378 304 246 45 241 201 124 58 87 122 77 62 137 119 54 41 34 68 73 28
is_linear=0
shrinkage=0.0529975


Tree=21
num_leaves=23
num_cat=0
split_feature=37 37 29 28 29 28 37 19 29 29 19 29 37 37 37 19 29 19 29 37 37 19
split_gain=1109.3 167.731 69.4297 51.2959 102.194 26.9403 26.6957 14.0503 20.7351 11.6191 4.85882 6.85418 4.09784 3.49326 1.99163 1.45067 1.19111 0.82746 0.604573 0.143929 0.0542018 0.00297287
threshold=-0.83396665377261525 1.0541417585998654 0.86516195744978364 -0.26338567159009302 0.078887950514269417 -0.99728284792519062 -0.083272947648617771 0.39064810619775014 0.42702620649353651 -0.27536419288318426 0.0070770554332656209 0.047410320107977418 0.30965213269176833 2.0509306466212647 -0.50308237559123692 -0.48206000193395332 -0.45548505196500272 -0.53971877660986134 0.22011875519856186 -0.6602524077273918 -0.37693274453458997 0.21965476595606717
decision_type=2 2 2 2 2 2 2 2 2 2 2 2 2 2 2 2 2 2 2 2 2 2
left_child=2 6 3 4 5 -1 14 8 10 16 11 -5 -8 -3 19 -11 -7 -18 -12 -2 -16 -10
right_child=1 13 -4 7 -6 9 12 -9 21 15 18 -13 -14 -15 20 -17 17 -19 -20 -21 -22 -23
leaf_value=-0.11349512696328098 -0.0049278602215645844 0.084445391673342141 -0.1458589398912615 0 -0.15489944399972846 0.0017520550942176274 0.027918878670254072 0.011363231512605895 -0.079356002056189451 -0.062194688910448978 0.0039708066953791929 -0.045205708056367103 0.051660890205977736 0.13227974904461798 0.0050988201257879872 -0.026219285777502297 -0.023634271860226076 -0.0027313705390737391 -0.0092438534171648233 0.00063279491965359611 0.014524115355564115 -0.033097651953708895
leaf_weight=12.999999999999998 19 97 35 12.999999999999998 40 11.999999999999998 65 11.999999999999998 30 29.999999999999996 11.000000000000002 29 88 40 13.999999999999998 20.000000000000004 12.999999999999998 11.000000000000002 18 21 37 13.999999999999998
leaf_count=13 19 97 35 13 40 12 65 12 30 30 11 29 88 40 14 20 13 11 18 21 37 14
internal_value=-0.00212704 0.0575595 -0.0773484 -0.0652914 -0.0875402 -0.0529657 0.0299179 -0.0380388 -0.0435592 -0.0369386 -0.0225747 -0.0329992 0.0430517 0.103422 0.00646758 -0.0522779 -0.0110452 -0.0167478 -0.00421029 -0.00215475 0.012868 -0.0705121
internal_weight=682 381 301 266 139 99 244 127 115 86 71 42 153 137 91 50 36 24 29 40 51 44
internal_count=682 381 301 266 139 99 244 127 115 86 71 42 153 137 91 50 36 24 29 40 51 44
is_linear=0
shrinkage=0.0529975


Tree=22
num_leaves=22
num_cat=0
split_feature=37 37 29 19 19 29 29 37 19 29 37 29 37 29 28 29 37 19 13 37 29
split_gain=1010.04 152.088 63.1933 42.702 40.591 39.8856 24.1746 22.5893 11.4478 19.0794 5.58088 3.69105 3.39205 2.82315 2.73128 2.10013 1.57034 0.647731 0.324417 0.13295 0.109179
threshold=-0.83396665377261525 1.0086451703499262 0.48941511938534971 0.0028533845507611034 -0.59773785705581195 -0.23396359809519504 0.97680816365010603 -0.10808926851221907 -0.056149554105834644 0.073062033842061072 2.0054340583713257 -0.57511148597507455 0.26001949096456295 -0.17848441904235698 -0.72070753037149349 0.22011875519856186 -0.50308237559123692 0.16555192484115736 0.30281925944738614 -0.6602524077273918 -0.32592866650181057
decision_type=2 2 2 2 2 2 2 2 2 2 2 2 2 2 2 2 2 2 2 2 2
left_child=2 7 4 -4 5 11 18 16 9 13 -3 -1 -9 20 -13 -10 19 -17 -5 -2 -6
right_child=1 10 3 6 8 -7 -8 12 15 -11 -12 14 -14 -15 -16 17 -18 -19 -20 -21 -22
leaf_value=-0.0091925549826257658 -0.0047293468544598897 0.078636160367997546 -0.17192053292446807 -0.01766723959894002 -0.0017645724281661547 -0.1391967551608268 -0.12095114154707121 0.025797639090828339 0.0037784595299456087 -0.073758440447721188 0.12474078237284592 -0.068695249050395854 0.047648142931590753 -0.033291320991970443 -0.017790589408701776 -0.02470886528787291 0.01146426774311155 -0.0051158697665011155 -0.04991016236301004 0.00060670749560313639 -0.010727987048473685
leaf_weight=10.999999999999998 19 100 24 10.999999999999998 11.000000000000002 24 21 65 12.999999999999998 42 43 10.999999999999998 86 44 11.000000000000002 18.000000000000004 47 11.999999999999998 35 21 12.999999999999998
leaf_count=11 19 100 24 11 11 24 21 65 13 42 43 11 86 44 11 18 47 12 35 21 13
internal_value=-0.00218461 0.0547697 -0.0739607 -0.111237 -0.0551354 -0.0924266 -0.0770673 0.0276016 -0.0382369 -0.0470646 0.097009 -0.0420592 0.0396314 -0.0258418 -0.0527544 -0.0125155 0.00543814 -0.0192235 -0.0452609 -0.00206219 -0.0080266
internal_weight=682 381 301 91 210 57 67 238 153 110 143 33 151 68 22 43 87 30 46 40 24
internal_count=682 381 301 91 210 57 67 238 153 110 143 33 151 68 22 43 87 30 46 40 24
is_linear=0
shrinkage=0.0529975


Tree=23
num_leaves=23
num_cat=0
split_feature=43 29 28 29 30 29 29 30 19 30 29 19 19 29 19 19 29 29 19 19 29 19
split_gain=921.014 59.0819 46.3336 55.1015 19.3284 33.4187 17.6096 28.7019 11.5138 9.3349 8.9723 13.9206 6.38706 8.46982 4.36925 3.4565 2.36523 1.99635 1.62037 1.28634 1.28145 1.14979
threshold=1.0000000180025095e-35 0.86516195744978364 -0.66986113276767056 -0.35707758226555991 -0.2109004484561201 0.24031006565894125 -0.62390341946103045 -0.4978129560426599 -0.079979317588441887 0.51672676570704579 -0.15324387896073374 -0.13083393798565543 -0.13083393798565543 -0.17848441904235698 0.36856203825079908 -0.40088761763739383 0.11842374060933906 0.36963990573511979 -0.48206000193395332 0.020574592743867484 0.089129497443433611 -0.42215834631899646
decision_type=2 2 2 2 2 2 2 2 2 2 2 2 2 2 2 2 2 2 2 2 2 2
left_child=1 2 3 -1 14 12 9 16 -7 -2 11 21 13 18 17 -15 -8 -4 -6 -12 -21 -9
right_child=6 -3 4 -5 5 8 7 10 -10 -11 19 -13 -14 15 -16 -17 -18 -19 -20 20 -22 -23
leaf_value=-0.025523423185923502 0.091347844362506245 -0.13396855355784926 -0.0041952855390706726 -0.14927737530155777 -0.020401808536770247 -0.11150796309260801 0.078809536641145636 0.0018947987557205405 -0.051314891857012747 0.04398470939390843 -0.00093660825696796168 0.054667867816638273 -0.0036333971805299018 -0.064734122147577788 0.012497673043278987 -0.028064050553059546 0.04121050603563705 -0.032734803660694679 0.0020731284318790577 0.022234862613295655 0.003411063286270135 0.021579932883757945
leaf_weight=19 50 35 15.000000000000002 27 22 28 57 11.999999999999998 41 42 13.999999999999998 69 19 29 10.999999999999998 31 33 12.999999999999998 10.999999999999998 30 19 55
leaf_count=19 50 35 15 27 22 28 57 12 41 42 14 69 19 29 11 31 33 13 11 30 19 55
internal_value=-0.00228358 -0.0708224 -0.0597177 -0.107134 -0.0471929 -0.0543375 0.0521042 0.0438104 -0.0827969 0.0738113 0.0309184 0.0384817 -0.0334287 -0.0388565 -0.0110568 -0.0501651 0.0685314 -0.0210879 -0.0135642 0.0125646 0.0162306 0.0185952
internal_weight=682 301 266 46 220 181 381 289 69 92 199 136 112 93 39 60 90 28 33 63 49 67
internal_count=682 301 266 46 220 181 381 289 69 92 199 136 112 93 39 60 90 28 33 63 49 67
is_linear=0
shrinkage=0.0529975


Tree=24
num_leaves=24
num_cat=0
split_feature=37 37 29 19 28 29 37 28 29 29 37 37 29 19 19 17 30 37 19 29 37 37 37
split_gain=839.502 128.443 56.5142 39.1314 36.632 20.3634 19.9739 16.0135 45.0896 4.32674 3.77301 3.17185 2.99571 2.69072 2.07042 1.98707 0.881483 0.705626 0.697491 0.404827 0.288228 0.0421064 0.0283368
threshold=-0.80708230617037946 1.0934342666339061 0.48941511938534971 0.0028533845507611034 -0.89682443730131489 0.97680816365010603 0.11318959252157529 -0.16204095357213541 0.017107796502060884 -0.32592866650181057 2.0509306466212647 -0.35832050388688674 0.22564952026964777 -0.48206000193395332 0.16555192484115736 1.5097732292021928 0.13321650914154923 0.43166571027115175 -0.31474429713423629 -0.45548505196500272 -0.55685107079571161 -0.6602524077273918 -0.26319127390973934
decision_type=2 2 2 2 2 2 2 2 2 2 2 2 2 2 2 2 2 2 2 2 2 2 2
left_child=2 6 4 -4 -1 15 11 8 9 19 -3 20 16 -11 -14 -5 -9 -8 -10 -6 21 -2 -13
right_child=1 10 3 5 7 -7 17 12 18 13 -12 22 14 -15 -16 -17 -18 -19 -20 -21 -22 -23 -24
leaf_value=-0.11461155131089044 -0.0043627294397015582 0.073381918543081154 -0.1597433645548666 -0.047589225107989797 0.0016008889946396343 -0.11044188110684333 0.027893060715113473 0.0050143703009852504 -0.10284128773768417 -0.043286449479636488 0.11674671064586543 0.0072860677463167638 -0.033211953635545639 -0.015310682975804233 -0.0041128440145191481 -0.012616902704980009 -0.010551931523335195 0.047082204195155894 -0.040875005312951199 -0.0097838516471179075 0.0041949038976419563 -0.00012030945787276488 0.018663335991741078
leaf_weight=18 16.000000000000004 94 24 34 11.000000000000002 21 51 15.000000000000002 31 31 40 13.999999999999998 25 28 11.999999999999998 11.999999999999998 13.999999999999998 71 12.999999999999998 14.999999999999998 23 14.999999999999998 54
leaf_count=18 16 94 24 34 11 21 51 15 31 31 40 14 25 28 12 12 14 71 13 15 23 15 54
internal_value=-0.00227923 0.0501029 -0.0671441 -0.10232 -0.0496938 -0.0702221 0.0260704 -0.0404262 -0.0511299 -0.0253543 0.0908226 0.0100673 -0.0168921 -0.0327547 -0.0258266 -0.0411075 -0.00282121 0.0407976 -0.091771 -0.00535159 0.000152966 -0.00285096 0.0171956
internal_weight=682 378 304 91 213 67 244 195 129 85 134 122 66 59 37 46 29 122 44 26 54 31 68
internal_count=682 378 304 91 213 67 244 195 129 85 134 122 66 59 37 46 29 122 44 26 54 31 68
is_linear=0
shrinkage=0.0529975


Tree=25
num_leaves=22
num_cat=0
split_feature=37 37 29 19 19 29 13 37 19 29 47 19 37 37 29 29 19 29 37 37 37
split_gain=766.12 116.319 51.847 38.5905 35.1295 34.7112 27.066 18.0903 8.4363 14.6592 5.22492 4.34996 3.73853 3.5862 1.63329 1.20832 0.826347 0.74945 0.322242 0.0405162 0.0383931
threshold=-0.80708230617037946 1.0934342666339061 0.47209431521368045 0.08110102928846788 -0.57347345338461908 -0.23396359809519504 1.3619359489524896 0.17936644815785227 -0.056149554105834644 0.073062033842061072 0.53440976605864532 -0.87149967401042139 2.0509306466212647 -0.34798037019371647 -0.17848441904235698 0.22011875519856186 0.16351173691357454 -0.39113301418068852 -0.55685107079571161 -0.24251100652340463 -0.6602524077273918
decision_type=2 2 2 2 2 2 2 2 2 2 2 2 2 2 2 2 2 2 2 2 2
left_child=2 7 4 -4 5 11 10 13 9 14 -5 -1 -3 18 -6 -10 -17 -13 20 -15 -2
right_child=1 12 3 6 8 -7 -8 -9 15 -11 -12 17 -14 19 -16 16 -18 -19 -20 -21 -22
leaf_value=-0.054191488128243814 -0.0041945465715109813 0.069726072938468733 -0.14207644593566573 -0.0075463306917495166 -0.0053923669536890999 -0.11926713717145847 -0.11138172062276731 0.040405424455084923 0.0022527932040838391 -0.062142187017519057 -0.045817922728826933 -0.0014003001107113331 0.11136604598216776 0.0075394610238726989 -0.02527624615842371 -0.02087353551763145 -0.0018237115908238432 -0.020774287898287763 0.0044901270763614172 0.01930987061760589 -0.00011575430937788357
leaf_weight=13.999999999999998 16.000000000000004 94 34 20 22 28 15.999999999999998 109 14.999999999999998 40 24 10.999999999999998 40 13.999999999999998 41 16.000000000000004 11.999999999999998 11.000000000000002 26 64 14.999999999999998
leaf_count=14 16 94 34 20 22 28 16 109 15 40 24 11 40 14 41 16 12 11 26 64 15
internal_value=-0.0023494 0.0476921 -0.0643135 -0.097244 -0.0472504 -0.0790917 -0.0611324 0.0248196 -0.030677 -0.0386356 -0.031553 -0.03511 0.0864435 0.0110028 -0.019506 -0.00907541 -0.0146765 -0.0137115 0.000555639 0.0179694 -0.00274838
internal_weight=682 378 304 94 210 64 60 244 146 103 44 36 134 135 63 43 28 22 57 78 31
internal_count=682 378 304 94 210 64 60 244 146 103 44 36 134 135 63 43 28 22 57 78 31
is_linear=0
shrinkage=0.0529975


Tree=26
num_leaves=18
num_cat=0
split_feature=37 37 13 30 30 37 46 19 13 37 37 35 53 37 37 24 37
split_gain=698.161 105.485 34.7784 24.4911 21.1293 16.2977 10.0454 9.21223 7.40582 3.67909 2.62446 2.09328 2.6988 0.793605 0.243687 0.0481027 0.0349797
threshold=-0.80708230617037946 1.0934342666339061 0.37811191509940772 0.35904420432065115 0.89761297373070026 0.11318959252157529 1.0000000180025095e-35 0.39064810619775014 -0.62077064988407826 2.0509306466212647 -0.35832050388688674 -0.018046887532523467 0.35627397084393697 0.47716229852109099 -0.55685107079571161 -0.19231716447055616 -0.6602524077273918
decision_type=2 2 2 2 2 2 2 2 2 2 2 2 2 2 2 2 2
left_child=2 5 4 6 7 10 -4 11 -6 -3 14 12 15 -7 16 -1 -2
right_child=1 9 3 -5 8 13 -8 -9 -10 -11 -12 -13 -14 -15 -16 -17 -18
leaf_value=-0.0084510908091866115 -0.0040328470923439849 0.066252360214855768 -0.025200007437421491 -0.12118589986460103 -0.035040448162828149 0.025500886457711074 -0.072011266472605376 0.0096422474250896159 -0.098272357402738916 0.10623336435256631 0.015610149247161522 -0.040781947040297681 -0.03387373286825919 0.043293007418812451 0.0038298051578803997 -0.0016676077495085667 -0.00011137163951664438
leaf_weight=16.000000000000004 16.000000000000004 94 27 37 20 55 69 11.999999999999998 20 40 68 75 17 67 23 10.999999999999998 14.999999999999998
leaf_count=16 16 94 27 37 20 55 69 12 20 40 68 75 17 67 23 11 15
internal_value=-0.00239826 0.0453731 -0.0615494 -0.0824239 -0.0430318 0.0235915 -0.0611696 -0.0301967 -0.075498 0.0822759 0.00912615 -0.0345398 -0.0201451 0.036897 0.000100585 -0.00670442 -0.00264975
internal_weight=682 378 304 133 171 244 96 131 40 134 122 119 44 122 54 27 31
internal_count=682 378 304 133 171 244 96 131 40 134 122 119 44 122 54 27 31
is_linear=0
shrinkage=0.0529975


Tree=27
num_leaves=22
num_cat=0
split_feature=37 37 29 19 29 28 37 19 29 37 19 29 29 29 19 46 37 29 37 30 37
split_gain=634.505 97.5325 49.7038 38.8407 70.9947 15.2816 13.0269 12.7376 19.5509 9.28193 7.89587 4.38298 3.22273 2.9621 3.77764 2.17824 0.66885 0.618132 0.610774 0.387425 0.0426882
threshold=-0.83396665377261525 0.68810102586171784 0.86516195744978364 -0.43163804429725716 -0.10477070054304734 -0.99728284792519062 1.7076382080080865 0.39064810619775014 0.24031006565894125 -0.22596679261433597 0.12048126241451844 -0.32592866650181057 0.46184710319618644 -0.055057563883069295 -0.13083393798565543 0.47595447567225796 -0.55685107079571161 -0.45548505196500272 0.17936644815785227 0.092598077044424007 -0.6602524077273918
decision_type=2 2 2 2 2 2 2 2 2 2 2 2 2 2 2 2 2 2 2 2 2
left_child=2 9 3 4 5 -1 -3 8 13 16 -10 17 -12 -5 -15 -4 20 -7 -11 -16 -2
right_child=1 6 15 7 -6 11 -8 -9 10 18 12 -13 -14 14 19 -17 -18 -19 -20 -21 -22
leaf_value=-0.081121299017522727 -0.0042722367776438144 0.054147671865840852 -0.0597302690949707 0.0080577490221652275 -0.1264752422925603 0.0050439210711930426 0.093165214830853202 0.015378188810835107 -0.06418539509752938 0.017717727918183636 -0.00094122228276539912 -0.031519374569158772 -0.034732603475732211 -0.027857517125432888 0.0052819657733991646 -0.14151636693394151 0.0063319164305303769 -0.0084861972228820262 0.030587180207970407 -0.0058722288454944524 -0.00010715491505310517
leaf_weight=10.999999999999998 19 110 17 12.999999999999998 39 12.000000000000002 65 11.999999999999998 51 61 13.000000000000002 31.000000000000004 18 29 12.000000000000002 18 43 13.999999999999995 68 10.999999999999998 14.999999999999998
leaf_count=11 19 110 17 13 39 12 65 12 51 61 13 31 18 29 12 18 43 14 68 11 15
internal_value=-0.00235142 0.0427933 -0.0592372 -0.0492734 -0.0737076 -0.0355528 0.0712849 -0.0307067 -0.0349697 0.0172247 -0.0514071 -0.0197634 -0.0232002 -0.0115444 -0.0168918 -0.116509 0.0022559 -0.00224826 0.0256107 0 -0.00290089
internal_weight=682 381 301 266 107 68 175 159 147 206 82 57 31 65 52 35 77 26 129 23 34
internal_count=682 381 301 266 107 68 175 159 147 206 82 57 31 65 52 35 77 26 129 23 34
is_linear=0
shrinkage=0.0529975


Tree=28
num_leaves=21
num_cat=0
split_feature=37 37 29 28 29 27 29 37 27 29 27 37 37 46 29 37 9 37 37 37
split_gain=577.774 88.9491 46.3088 36.6407 42.5729 15.2062 26.9875 14.8424 8.91706 9.71085 4.55869 2.55346 2.37401 1.95566 1.19257 0.898766 0.632773 0.19779 0.0880167 0.0161179
threshold=-0.83396665377261525 1.1306587479293095 0.86516195744978364 -0.66986113276767056 -0.35707758226555991 0.35943534012406997 0.36963990573511979 0.11318959252157529 -0.056149554105829523 0.05507566239322146 -0.082621678983569938 2.0509306466212647 -0.37693274453458997 0.47595447567225796 -0.32592866650181057 0.47716229852109099 0.14296078584831606 -0.6085517392615547 -0.32523207606874988 -0.54030685688664326
decision_type=2 2 2 2 2 2 2 2 2 2 2 2 2 2 2 2 2 2 2 2
left_child=2 7 3 4 -1 6 8 12 9 14 -8 -3 17 -4 -5 -9 -10 -2 -14 -19
right_child=1 11 13 5 -6 -7 10 15 16 -11 -12 -13 18 -15 -16 -17 -18 19 -20 -21
leaf_value=-0.018514795456536864 -0.0035845752150590361 0.060526743003804236 -0.057390146059673491 -0.0025761688895618784 -0.12557259269032039 0.011175854494255153 -0.099059453472263456 0.022965944376379149 -0.0066197877138116611 -0.051858962695001155 -0.047125367146522289 0.097043407010972763 0.0049909040244044403 -0.13589051353092599 -0.021445341424046808 0.039633503955284498 0.0063895132138424649 0 0.015100480121375081 0.0030560697969200155
leaf_weight=19 25 88 17 13.999999999999998 27 14.999999999999998 15.999999999999998 55 15.000000000000002 42 41 40 12.999999999999998 18 62 73 14.999999999999998 12.000000000000002 58 17
leaf_count=19 25 88 17 14 27 15 16 55 15 42 41 40 13 18 62 73 15 12 58 17
internal_value=-0.00239059 0.0406895 -0.056673 -0.0470734 -0.0887221 -0.0362111 -0.0399306 0.0215439 -0.0260887 -0.0323617 -0.0698557 0.0758224 0.00789397 -0.111903 -0.0184972 0.033872 0 -0.000451766 0.013873 0.0022008
internal_weight=682 381 301 266 46 220 205 253 148 118 57 128 125 35 76 128 30 54 71 29
internal_count=682 381 301 266 46 220 205 253 148 118 57 128 125 35 76 128 30 54 71 29
is_linear=0
shrinkage=0.0529975


Tree=29
num_leaves=25
num_cat=0
split_feature=43 39 29 19 29 28 19 29 39 19 39 29 29 29 19 46 39 29 39 30 30 30 39 0
split_gain=526.946 79.3617 43.089 34.0814 61.0047 14.047 10.7024 16.8408 7.80509 6.56117 4.62218 3.63224 2.81216 2.67843 3.18789 1.75369 0.707295 0.613738 0.372471 0.343983 0.186329 0.14148 0.10914 0.0354335
threshold=1.0000000180025095e-35 0.83801689948447822 0.86516195744978364 -0.43163804429725716 -0.10477070054304734 -0.99728284792519062 0.39064810619775014 0.24031006565894125 -0.0045387309828439281 0.12048126241451844 1.4151184330301467 -0.32592866650181057 0.46184710319618644 -0.055057563883069295 -0.13083393798565543 0.47595447567225796 -0.323623895768758 -0.45548505196500272 0.32425252964647128 0.092598077044424007 -0.36080720719394782 0.41779432503395481 -0.60349665730316027 -1.0000000180025095e-35
decision_type=2 2 2 2 2 2 2 2 2 2 2 2 2 2 2 2 2 2 2 2 2 2 2 2
left_child=2 8 3 4 5 -1 7 13 16 -9 -3 17 -11 -5 -15 -4 20 -7 -10 -16 -2 -18 -22 -24
right_child=1 10 15 6 -6 11 -8 9 18 12 -12 -13 -14 14 19 -17 21 -19 -20 -21 22 -23 23 -25
leaf_value=-0.076034690385762771 0.0051500397077834823 0.047102967788848558 -0.055141703210772858 0.0084906516359655286 -0.11673990032538338 0.0054730269558239857 0.014439802883830309 -0.058482999110907492 0.017911477743401395 -0.00047315822273146917 0.077782150746193254 -0.028272361427308629 -0.031864700854039585 -0.02513960758766302 0.0052762610784394008 -0.1304883137668176 0.011530858498950199 -0.007991243138723134 0.030430802390115506 -0.0052314334421863394 -0.003989002724665759 0.0021838689916058055 0.0027198255113285996 -0.00051510144407542402
leaf_weight=10.999999999999998 13.999999999999998 69 17 12.999999999999998 39 12.000000000000002 11.999999999999998 51 55 13.000000000000002 90 31.000000000000004 18 29 12.000000000000002 18 36 13.999999999999995 69 10.999999999999998 13.999999999999995 10.999999999999998 10.999999999999998 12.000000000000005
leaf_count=11 14 69 17 13 39 12 12 51 55 13 90 31 18 29 12 18 36 14 69 11 14 11 11 12
internal_value=-0.00240653 0.0387357 -0.0542457 -0.0450004 -0.0678468 -0.0325229 -0.0276766 -0.0315915 0.0174443 -0.0468305 0.0667066 -0.0175768 -0.0210997 -0.00993686 -0.0150657 -0.10748 0.00565915 -0.00169759 0.026014 0 0.000933203 0.00996968 -0.000995628 0.00103367
internal_weight=682 381 301 266 107 68 159 147 222 82 159 57 31 65 52 35 98 26 124 23 51 47 37 23
internal_count=682 381 301 266 107 68 159 147 222 82 159 57 31 65 52 35 98 26 124 23 51 47 37 23
is_linear=0
shrinkage=0.0529975


Tree=30
num_leaves=24
num_cat=0
split_feature=37 37 29 28 29 19 13 37 19 29 19 19 29 37 37 47 19 13 30 37 37 37 37
split_gain=479.988 73.2321 40.5859 29.8403 33.8332 15.3781 21.0148 12.1958 7.20048 14.9574 8.21791 4.20683 4.78226 3.25439 2.43372 1.06095 0.972208 0.80236 0.452229 0.202624 0.0869232 0.0808483 0.0194896
threshold=-0.83396665377261525 1.1306587479293095 0.64608805788372303 -0.66986113276767056 -0.4932591612049233 0.08110102928846788 1.3619359489524896 0.17936644815785227 0.17936794479003457 0.16623681286612843 -0.2121049340780008 -0.2641521495666449 -0.15937698407371889 2.0509306466212647 -0.35832050388688674 0.46477517292681564 -0.47712027691041697 0.33795583208499619 0.060005490169828854 -0.6085517392615547 0.43166571027115175 -0.24251100652340463 -0.54030685688664326
decision_type=2 2 2 2 2 2 2 2 2 2 2 2 2 2 2 2 2 2 2 2 2 2 2
left_child=2 7 3 4 -1 -4 15 14 9 11 -11 12 16 -3 19 -7 -5 -10 -13 -2 -9 -16 -21
right_child=1 13 5 8 -6 6 -8 20 17 10 -12 18 -14 -15 21 -17 -18 -19 -20 22 -22 -23 -24
leaf_value=-0.0050093116033653289 -0.0034237326254849213 0.054331041310990993 -0.13449600350455163 -0.013671714336143547 -0.10454380954918321 -0.0038884095812574703 -0.096935615126063024 0.020492272326028193 0.0072904309445205352 -0.077680393254014976 -0.032836489059913668 0.0053185358330692396 -0.037522402680558668 0.089021329494116119 0.0058799921857459487 -0.02727768057316228 0.0029250137615840196 -0.0089675302901051999 -0.00576016685498381 0 0.035484768440870555 0.015105738999483656 0.00317597758159842
leaf_weight=13.999999999999998 25 88 17 25 31 12.000000000000002 15.999999999999998 38 11.000000000000002 22 53 12.000000000000002 35 40 17 12.999999999999998 10.999999999999998 10.999999999999998 18 11.999999999999998 77 64 20
leaf_count=14 25 88 17 25 31 12 16 38 11 22 53 12 35 40 17 13 11 11 18 12 77 64 20
internal_value=-0.00242305 0.0368438 -0.0518979 -0.0405276 -0.0779447 -0.0911656 -0.0581823 0.0194709 -0.0299482 -0.0334118 -0.050854 -0.0182703 -0.0248368 0.0687225 0.00821004 -0.0192003 -0.00874062 -0.00076867 -0.00098688 -0.000164289 0.0318495 0.0137885 0.00233678
internal_weight=682 381 301 243 45 58 41 253 198 176 75 101 71 128 138 25 36 22 30 57 115 81 32
internal_count=682 381 301 243 45 58 41 253 198 176 75 101 71 128 138 25 36 22 30 57 115 81 32
is_linear=0
shrinkage=0.0529975


Tree=31
num_leaves=24
num_cat=0
split_feature=37 37 29 19 29 19 37 6 19 29 19 29 37 29 37 19 37 29 29 29 37 37 37
split_gain=438.154 66.3529 38.4701 29.5501 52.5187 11.2858 11.0363 10.3116 9.57193 14.7469 3.60859 5.95829 3.12283 2.27549 1.54069 1.52703 1.14624 0.367993 0.226592 0.118462 0.0889934 0.050117 0.00541782
threshold=-0.83396665377261525 1.1306587479293095 0.86516195744978364 -0.43163804429725716 -0.10477070054304734 -0.89853941475979127 -0.0026199048419071019 -0.26213174428442021 0.39064810619775014 0.36963990573511979 0.0070770554332656209 -0.049810129754361963 2.0509306466212647 -0.32592866650181057 0.43166571027115175 0.14175059246403263 -0.47206197451173448 -0.45548505196500272 0.15422108565171908 0.22011875519856186 -0.6602524077273918 -0.32523207606874988 -0.58580344513658222
decision_type=2 2 2 2 2 2 2 2 2 2 2 2 2 2 2 2 2 2 2 2 2 2 2
left_child=2 6 3 4 5 -1 16 -4 9 10 11 -5 -3 17 -8 -11 20 -7 -13 -12 -2 -18 -22
right_child=1 12 7 8 -6 13 14 -9 -10 15 19 18 -14 -15 -16 -17 21 -19 -20 -21 22 -23 -24
leaf_value=-0.065763032557464227 -0.0037903234171125476 0.051635320746101374 -0.11846919482280856 0.0067766747269120955 -0.10760686638071784 0.0037511685726807891 0.018718440127640353 -0.031353680623291809 0.014603071340534336 -0.057914294039692518 0.0051766388203471157 -0.017345657778931104 0.084918481210231281 -0.023850199347717489 0.033740036140129291 -0.023597807182598542 0.0045006426283779469 -0.0068377165531915739 -0.035661200007930764 -0.00073741582311991202 -1.5322208661953337e-05 0.010982149945627514 0.001027722734688715
leaf_weight=12.999999999999998 19 88 24 14.999999999999998 39 11.000000000000002 72 10.999999999999998 11.999999999999998 35 11.000000000000002 30 40 30.000000000000004 77 19 23 13.999999999999995 22 14.999999999999998 12.000000000000002 37 12.999999999999998
leaf_count=13 19 88 24 15 39 11 72 11 12 35 11 30 40 30 77 19 23 14 22 15 12 37 13
internal_value=-0.00243981 0.0350776 -0.0497089 -0.0410297 -0.0622732 -0.0295655 0.0185386 -0.0998511 -0.0249478 -0.0286679 -0.0142225 -0.0202816 0.0654231 -0.0152713 0.0275313 -0.0495217 0.00479287 -0.00212892 -0.0281009 0.00204762 -0.00151005 0.00923808 0.000395615
internal_weight=682 381 301 266 107 68 253 35 159 147 93 67 128 55 149 54 104 25 52 26 44 60 25
internal_count=682 381 301 266 107 68 253 35 159 147 93 67 128 55 149 54 104 25 52 26 44 60 25
is_linear=0
shrinkage=0.0529975


Tree=32
num_leaves=23
num_cat=0
split_feature=37 37 29 28 29 25 37 14 29 19 19 19 29 37 37 19 31 29 37 37 37 37
split_gain=399.347 60.2603 35.731 26.0639 29.4577 21.5419 11.2137 6.68594 6.00598 15.326 3.78205 3.52918 3.9228 1.99487 1.59021 0.836844 0.439534 0.406018 0.237166 0.171733 0.0531312 0.0160934
threshold=-0.83396665377261525 1.1864954698724162 0.64608805788372303 -0.66986113276767056 -0.4932591612049233 -0.29119027196421488 0.17936644815785227 0.15942797845666681 0.16623681286612843 -0.075962742399489067 0.25753102098526071 -0.2641521495666449 -0.15937698407371889 -0.35832050388688674 2.0509306466212647 -0.48206000193395332 0.69808697784342122 0.027640928824010213 0.47716229852109099 -0.6085517392615547 -0.24251100652340463 -0.54030685688664326
decision_type=2 2 2 2 2 2 2 2 2 2 2 2 2 2 2 2 2 2 2 2 2 2
left_child=2 6 3 4 -1 -4 13 -7 11 -10 16 12 15 19 -3 -5 -11 -13 -8 -2 -15 -21
right_child=1 14 5 8 -6 7 18 -9 9 10 -12 17 -14 20 -16 -17 -18 -19 -20 21 -22 -23
leaf_value=-0.0040414434643683836 -0.0031540956039000177 0.050015072654062478 -0.012566410778075403 -0.012633935541180379 -0.096650368549456439 -0.13782513305693367 0.019219182190788608 -0.063164285546886301 -0.063535326150427326 -0.029100682654118106 0.0042443765150030344 0.0053423591926774639 -0.033851946778681724 0.0053687368039699434 0.081004725262524446 0.0024896778368534976 -0.011001621638041748 -0.0051588361514892135 0.033233182288357033 0 0.013642433996245091 0.002912539594385827
leaf_weight=13.999999999999998 25 79 11.999999999999998 24 31 13.999999999999998 42 32 33 32 13.999999999999998 12.000000000000002 35 17 40 11.999999999999998 18 18 82 11.999999999999998 64 20
leaf_count=14 25 79 12 24 31 14 42 32 33 32 14 12 35 17 40 12 18 18 82 12 64 20
internal_value=-0.0024298 0.033388 -0.0475567 -0.0369346 -0.0718387 -0.0843195 0.0183959 -0.0992955 -0.0270892 -0.0365982 -0.0183559 -0.0163522 -0.0223644 0.00742533 0.0638739 -0.00779073 -0.0245856 -0.000574102 0.0296457 -0.000145441 0.012476 0.00214806
internal_weight=682 381 301 243 45 58 262 46 198 97 64 101 71 138 119 36 50 30 124 57 81 32
internal_count=682 381 301 243 45 58 262 46 198 97 64 101 71 138 119 36 50 30 124 57 81 32
is_linear=0
shrinkage=0.0529975


Tree=33
num_leaves=24
num_cat=0
split_feature=37 37 29 28 29 19 29 37 6 19 29 19 19 37 37 19 29 9 29 37 37 37 37
split_gain=364.274 54.656 34.1483 25.7497 30.8446 11.2679 21.204 10.1322 6.15016 6.14731 6.04084 3.39844 2.98471 1.80969 1.56018 1.08702 0.86733 0.498139 0.201718 0.196513 0.158021 0.0397401 0.0144542
threshold=-0.83396665377261525 1.1864954698724162 0.88506091518751828 -0.66986113276767056 -0.35707758226555991 0.35943534012406581 0.36963990573511979 0.17936644815785227 -0.43457848627904383 -0.056149554105834644 -0.049810129754361963 -0.082621678983574642 -0.45609526081687068 -0.35832050388688674 2.0509306466212647 -0.32637439510952204 -0.32592866650181057 0.14296078584831606 0.11842374060933906 0.50197861938469224 -0.6085517392615547 -0.24251100652340463 -0.54030685688664326
decision_type=2 2 2 2 2 2 2 2 2 2 2 2 2 2 2 2 2 2 2 2 2 2 2
left_child=2 7 3 4 -1 6 9 13 -4 10 12 -8 16 20 -3 -12 -5 -11 -17 -9 -2 -15 -22
right_child=1 14 8 5 -6 -7 11 19 -10 17 15 -13 -14 21 -16 18 -18 -19 -20 -21 22 -23 -24
leaf_value=-0.013568453910573732 -0.0030192741181613173 0.04755140103393999 -0.11217050021661575 -0.002889128390512551 -0.10381392367504019 0.011501943946569506 -0.082573468083136828 0.018836243161936685 -0.033272233816676704 -0.0044400306875257006 -0.047186845306507297 -0.039418695547169182 0.0069803082812894286 0.005158399524923479 0.077271349693946306 -0.011197244750610182 -0.022023595482456537 0.0070714670009296033 -0.028154134527111525 0.031908875419602446 0 0.012981357906490663 0.0027937867946805045
leaf_weight=19 25 79 21 11.999999999999995 27 14.999999999999998 15.999999999999998 46 10.999999999999998 15.000000000000002 24 44 15.999999999999998 17 40 18 27.000000000000004 14.999999999999998 21 78 11.999999999999998 64 20
leaf_count=19 25 79 21 12 27 15 16 46 11 15 24 44 16 17 40 18 27 15 21 78 12 64 20
internal_value=-0.002419 0.0317902 -0.0455183 -0.037696 -0.0725364 -0.0287675 -0.0319451 0.0175108 -0.0947641 -0.0197085 -0.0249225 -0.0574895 -0.010249 0.00707797 0.0608248 -0.0356274 -0.0174609 0.00134086 -0.0230183 0.0282056 -0.000128109 0.0118885 0.00206682
internal_weight=682 381 301 269 46 223 208 262 32 148 118 60 55 138 119 63 39 30 39 124 57 81 32
internal_count=682 381 301 269 46 223 208 262 32 148 118 60 55 138 119 63 39 30 39 124 57 81 32
is_linear=0
shrinkage=0.0529975


Tree=34
num_leaves=25
num_cat=0
split_feature=37 37 29 19 28 13 28 29 37 28 29 29 37 37 29 19 19 29 30 29 37 37 37 37
split_gain=332.656 49.5716 31.6965 27.6663 23.7256 19.9824 20.9927 9.45457 8.48704 7.79617 21.4831 2.32507 2.28271 1.64185 1.43747 0.972941 0.750529 1.22723 0.485521 0.301286 0.124446 0.0669401 0.0364658 0.0228505
threshold=-0.83396665377261525 1.1492709885770098 0.48941511938534971 -0.047230990575617547 -0.89682443730131489 1.2113506376484462 0.39843704435668925 1.10045454059635 0.17936644815785227 -0.16204095357213541 0.05507566239322146 -0.32592866650181057 2.0509306466212647 -0.37693274453458997 0.22011875519856186 0.097668527750577855 -0.48206000193395332 -0.059164642875975886 0.13484508344717536 -0.45548505196500272 -0.6602524077273918 -0.22596679261433597 0.47716229852109099 -0.55685107079571161
decision_type=2 2 2 2 2 2 2 2 2 2 2 2 2 2 2 2 2 2 2 2 2 2 2 2
left_child=2 8 4 -4 -1 6 -5 -7 13 10 11 19 -3 20 18 -16 -13 -18 -11 -6 -2 -15 -10 -22
right_child=1 12 3 5 9 7 -8 -9 22 14 -12 16 -14 21 15 -17 17 -19 -20 -21 23 -23 -24 -25
leaf_value=-0.081795066989810677 -0.0033889471367575166 0.044664272290602797 -0.12060610795010647 -0.045333436355981596 0.0045087816951529915 -0.025983368666188757 0.02017395304534874 -0.11147828784822854 0.017454312913811453 0.0078561492185720283 -0.061145274937040452 -0.025436319166626128 0.073710037028356989 0.005386344394678143 -0.020577925449268095 -0.0032807853898987479 0.0018253768298513156 -0.017374431071262814 -0.0042750538073431299 -0.0049452727971546788 0 0.012521558941780251 0.029542751882667133 0.0022860146230802682
leaf_weight=18 19 85 20 32 11.000000000000002 11.000000000000002 17 10.999999999999998 42 13.000000000000002 39 33 40 23 18 21 13.000000000000002 17 11.999999999999998 14.999999999999998 14.999999999999998 61 76 20
leaf_count=18 19 85 20 32 11 11 17 11 42 13 39 33 40 23 18 21 13 17 12 15 15 61 76 20
internal_value=-0.00242153 0.0302699 -0.0436074 -0.0695307 -0.0307232 -0.0467803 -0.0227578 -0.0837014 0.0162051 -0.0235678 -0.0309135 -0.014569 0.0569609 0.00674714 -0.00738677 -0.0130977 -0.0196648 -0.00994236 0.00210729 -0.000631796 -0.000392032 0.0111345 0.0263486 0.00132222
internal_weight=682 381 301 91 210 71 49 22 256 192 128 89 125 138 64 39 63 30 25 26 54 84 118 35
internal_count=682 381 301 91 210 71 49 22 256 192 128 89 125 138 64 39 63 30 25 26 54 84 118 35
is_linear=0
shrinkage=0.0529975


Tree=35
num_leaves=26
num_cat=0
split_feature=37 37 13 30 39 30 37 19 19 13 47 37 37 8 53 6 13 19 19 39 22 37 37 37 37
split_gain=304.047 45.0324 17.5124 14.3786 13.2434 11.7885 8.25944 7.1739 6.9398 5.12048 2.92159 1.49384 1.45805 1.3691 1.70335 1.20786 0.581112 1.02186 0.538635 0.42061 0.38502 0.133995 0.12679 0.0225184 0.0120548
threshold=-0.83396665377261525 1.1864954698724162 0.37811191509940772 0.35904420432065115 -1.1698462209513918 0.89761297373070026 0.17936644815785227 0.30932727929324444 0.39064810619775014 -0.62077064988407826 0.046967614135837991 -0.35832050388688674 2.0509306466212647 -0.35220596932827636 0.35627397084393697 1.0167876841475409 -0.29450247539198487 0.14514927836922228 -0.086845134959508172 -0.77798543535057851 -0.18657191790682953 -0.6085517392615547 0.50197861938469224 -0.18047020436439698 -0.54030685688664326
decision_type=2 2 2 2 2 2 2 2 2 2 2 2 2 2 2 2 2 2 2 2 2 2 2 2 2
left_child=2 6 5 4 -4 8 11 10 13 -7 -6 21 -3 16 19 -12 18 -18 -1 -15 -16 -2 -8 -13 -23
right_child=1 12 3 -5 7 9 22 -9 -10 -11 15 23 -14 14 20 -17 17 -19 -20 -21 -22 24 -24 -25 -26
leaf_value=-0.021516026428002988 -0.0027801219812865286 0.0430089878274761 -0.077737480735350736 -0.085294115148510333 -0.0065344095662349735 -0.022425768481655686 0.017085452495480789 0.0081639908955812232 0.013826240290050414 -0.070184725469694481 -0.044252577658891949 0.0055142710352702818 0.070312860493288998 -0.0077672157212181113 -0.028365941547400665 -0.015269483552936126 -0.042128461306107659 -0.012287597634050464 -0.0040882533321417941 0.0033095839625320923 -0.00800802839866817 0 0.028827345331114123 0.012071166543517088 0.0025677069423292887
leaf_weight=18.000000000000004 25 79 18 37 12.999999999999998 20 46 10.999999999999998 11.999999999999998 20 39 23 40 15.000000000000002 13.000000000000002 14.999999999999998 22 11.999999999999998 11.999999999999998 11.999999999999998 11.999999999999998 11.999999999999998 78 58 20
leaf_count=18 25 79 18 37 13 20 46 11 12 20 39 23 40 15 13 15 22 12 12 12 12 12 78 58 20
internal_value=-0.00243534 0.0288193 -0.0418098 -0.0564827 -0.0409482 -0.0286073 0.0158556 -0.0274317 -0.0190756 -0.0524938 -0.0335621 0.00642729 0.0551755 -0.0230488 -0.0136814 -0.0386489 -0.028736 -0.0351922 -0.0165813 -0.00292572 -0.0222591 -0.000109502 0.0255142 0.010798 0.00190257
internal_weight=682 381 301 133 96 168 262 78 128 40 67 138 119 116 52 54 64 34 30 27 25 57 124 81 32
internal_count=682 381 301 133 96 168 262 78 128 40 67 138 119 116 52 54 64 34 30 27 25 57 124 81 32
is_linear=0
shrinkage=0.0529975


Tree=36
num_leaves=24
num_cat=0
split_feature=43 39 29 28 29 19 29 46 19 29 19 39 19 39 19 29 9 39 19 13 39 19 39
split_gain=277.571 40.0667 30.151 21.5709 26.7877 9.09997 15.5686 5.84496 5.00792 4.8599 4.22093 4.12934 2.51353 2.19599 0.914857 0.719732 0.423903 0.358326 0.313174 0.252895 0.248605 0.0778667 0.0185182
threshold=1.0000000180025095e-35 0.89684956550364381 0.88506091518751828 -0.66986113276767056 -0.35707758226555991 0.39064810619775014 0.36963990573511979 0.47595447567225796 -0.056149554105834644 -0.049810129754361963 -0.082621678983574642 -0.0045387309828439281 -0.45609526081687068 1.4151184330301467 -0.32637439510952204 -0.32592866650181057 0.14296078584831606 -0.47689664898134465 0.29235489073587734 -0.44508778669602794 0.32425252964647128 0.17936794479003457 -0.28400153074623863
decision_type=2 2 2 2 2 2 2 2 2 2 2 2 2 2 2 2 2 2 2 2 2 2 2
left_child=2 11 3 4 -1 6 8 -4 9 12 -8 17 15 -3 -11 -5 -10 21 -12 22 -13 -2 -19
right_child=1 13 7 5 -6 -7 10 -9 16 14 18 20 -14 -15 -16 -17 -18 19 -20 -21 -22 -23 -24
leaf_value=-0.010417769011443131 -0.002313701725660811 0.033162110620564865 -0.03854008459692234 -0.0020445940294696635 -0.093617662469404048 0.014345251775981442 -0.073159612765470006 -0.10976414882536556 -0.0032917699726457989 -0.041198232164312495 -0.03619128424208766 0.012663731520745649 0.0072830705290094135 0.055544372570369538 -0.019798520718174686 -0.019118580597887638 0.0073446036069009625 0 -0.012065973669092619 0.0085009044233172494 0.021910318642190788 0.0022446333404248834 0.0022724877135086303
leaf_weight=19 20.000000000000004 63 15.999999999999998 11.999999999999995 27 11.999999999999998 15.999999999999998 15.999999999999998 15.000000000000002 24 36 55 15.999999999999998 90 39 27.000000000000004 14.999999999999998 12.000000000000002 10.999999999999998 41 75 10.999999999999998 13.999999999999998
leaf_count=19 20 63 16 12 27 12 16 16 15 24 36 55 16 90 39 27 15 12 11 41 75 11 14
internal_value=-0.00242068 0.0274425 -0.0400414 -0.0327875 -0.0645513 -0.024686 -0.0272731 -0.0860383 -0.0166431 -0.021356 -0.0485272 0.0127612 -0.00831915 0.0479703 -0.030924 -0.0149929 0.00216995 0.00408663 -0.0326808 0.00612348 0.0187805 -0.000405785 0.00126563
internal_weight=682 381 301 269 46 223 211 32 148 118 63 228 55 153 63 39 30 98 47 67 130 31 26
internal_count=682 381 301 269 46 223 211 32 148 118 63 228 55 153 63 39 30 98 47 67 130 31 26
is_linear=0
shrinkage=0.0529975


Tree=37
num_leaves=25
num_cat=0
split_feature=37 37 29 19 29 28 6 37 19 29 19 29 29 37 37 29 29 19 8 37 37 29 37 37
split_gain=253.383 37.1266 28.0671 20.5912 37.4287 10.3782 8.76374 6.77319 6.36054 9.54117 3.12113 4.66784 2.26707 1.82658 1.23752 0.445874 0.291286 0.194744 0.178017 0.116437 0.0912916 0.0599431 0.0206166 0.00976042
threshold=-0.83396665377261525 1.1864954698724162 0.86516195744978364 -0.43163804429725716 -0.10477070054304734 -0.99728284792519062 -0.26213174428442021 0.17936644815785227 0.39064810619775014 0.44790493864222342 -0.056149554105834644 -0.038706643134804007 -0.45548505196500272 2.0509306466212647 -0.35832050388688674 0.15422108565171908 -0.32592866650181057 0.21965476595606717 -0.86719040955808779 -0.6085517392615547 0.50197861938469224 0.27601877832733596 -0.24251100652340463 -0.54030685688664326
decision_type=2 2 2 2 2 2 2 2 2 2 2 2 2 2 2 2 2 2 2 2 2 2 2 2
left_child=2 7 3 4 5 -1 -4 14 9 10 11 -5 -7 -3 19 -13 -14 -11 -12 -2 -9 -20 -16 -21
right_child=1 13 6 8 -6 12 -8 20 -10 17 18 15 16 -15 22 -17 -18 -19 21 23 -22 -23 -24 -25
leaf_value=-0.058334176665702051 -0.0026368417223340355 0.038573066806039037 -0.097194703739227853 0.0060291799485922334 -0.086825885838415856 0.0079101270808559342 -0.022975960199576199 0.015454088917935625 0.013838309436356578 -0.044389518861075006 -0.0024950592889093322 -0.013590421131436641 -0.0045941203772224271 0.064538093536623334 0.0042066828720023841 -0.03111886847401301 -0.017439545965515647 -0.01710899909207193 0.0064432012536276553 0 0.026066551799255384 0.00059127590304696462 0.010656525086421597 0.0023231142090211808
leaf_weight=10.999999999999998 25 79 24 15.999999999999998 39 11.999999999999998 10.999999999999998 46 11.999999999999998 33 10.999999999999998 27 13.999999999999995 40 17 23 31.000000000000004 12.999999999999998 11.000000000000002 11.999999999999998 78 12.999999999999998 64 20
leaf_count=11 25 79 24 16 39 12 11 46 12 33 11 27 14 40 17 23 31 13 11 12 78 13 64 20
internal_value=-0.00243069 0.0261023 -0.0383743 -0.0311063 -0.0487361 -0.0215304 -0.0808116 0.0143301 -0.0178599 -0.0209341 -0.0105875 -0.0169196 -0.00944042 0.0500341 0.00578765 -0.0242472 -0.0145903 -0.0396763 0.00191081 -0.000146928 0.0230779 0.00425811 0.0097664 0.00172364
internal_weight=682 381 301 266 107 68 35 262 159 147 101 66 57 119 138 50 45 46 35 57 124 24 81 32
internal_count=682 381 301 266 107 68 35 262 159 147 101 66 57 119 138 50 45 46 35 57 124 24 81 32
is_linear=0
shrinkage=0.0529975


Tree=38
num_leaves=23
num_cat=0
split_feature=37 37 29 28 29 19 29 13 37 19 29 19 37 19 29 37 37 9 19 37 37 37
split_gain=231.096 33.6726 25.9017 18.8732 23.2134 7.74002 14.8483 6.51311 6.13743 4.07797 3.95969 3.00139 1.73223 1.49323 1.32167 0.766805 0.589011 0.389084 0.131264 0.0566599 0.0475487 0.00219981
threshold=-0.83396665377261525 1.1864954698724162 0.88506091518751828 -0.66986113276767056 -0.4932591612049233 0.35943534012406581 0.36963990573511979 1.1711945546340348 0.057352870578468891 -0.056149554105834644 1.0000000180025095e-35 -0.082621678983574642 2.0509306466212647 -0.2641521495666449 -0.15937698407371889 -0.47206197451173448 0.43166571027115175 0.14296078584831606 -0.16662877018527861 -0.6602524077273918 -0.32523207606874988 -0.58580344513658222
decision_type=2 2 2 2 2 2 2 2 2 2 2 2 2 2 2 2 2 2 2 2 2 2
left_child=2 8 3 4 -1 6 9 -4 15 10 13 -8 -3 14 -5 19 -10 -11 -12 -2 -17 -21
right_child=1 12 7 5 -6 -7 11 -9 16 17 18 -13 -14 -15 -16 20 -18 -19 -20 21 -22 -23
leaf_value=-0.00058235094252853832 -0.0029991399139985345 0.036673012273300963 -0.03701647143649435 -0.004844283514159122 -0.081173582447660764 0.010605737454861224 -0.068110553289130474 -0.10595444112521248 0.013623330698201756 -0.003209656617572062 -0.034781175191444851 -0.031154557348704686 0.061563638939447857 0.0057541790311607536 -0.02185988547812703 0.0032665038790254961 0.024323568631134614 0.0069719009306432565 -0.015385461419101241 0 0.008531155010807763 0.00069020083315703942
leaf_weight=13.999999999999998 19 79 18 36 32 14.999999999999998 15.999999999999998 13.999999999999998 60 15.000000000000002 31 44 40 10.999999999999998 21 23 86 14.999999999999998 19 12.000000000000002 49 12.999999999999998
leaf_count=14 19 79 18 36 32 15 16 14 60 15 31 44 40 11 21 23 86 15 19 12 49 13
internal_value=-0.00239428 0.0248551 -0.0367206 -0.0300082 -0.0596759 -0.0224555 -0.0251027 -0.0793221 0.0136423 -0.0149492 -0.0192031 -0.0464084 0.0476475 -0.0094029 -0.0127081 0.00414233 0.0206831 0.00200045 -0.0299724 -0.00117108 0.00731937 0.000304329
internal_weight=682 381 301 269 46 223 208 32 262 148 118 60 119 68 57 116 146 30 50 44 72 25
internal_count=682 381 301 269 46 223 208 32 262 148 118 60 119 68 57 116 146 30 50 44 72 25
is_linear=0
shrinkage=0.0529975


Tree=39
num_leaves=27
num_cat=0
split_feature=37 37 29 19 28 13 28 29 29 19 37 19 29 37 28 37 45 19 37 30 19 29 19 37 37 37
split_gain=211.009 30.5575 24.5366 23.5702 18.7263 16.3733 17.0392 8.62523 5.95915 14.3035 5.54733 1.88868 3.19568 1.6661 1.24411 0.828911 0.62454 0.387634 0.33494 0.332757 0.312544 0.476551 0.112379 0.0760541 0.0215003 0.0104124
threshold=-0.83396665377261525 1.1864954698724162 0.48941511938534971 -0.047230990575617547 -0.89682443730131489 1.2113506376484462 0.39843704435668925 1.10045454059635 0.16623681286612843 -0.2121049340780008 0.11318959252157529 -0.2121049340780008 -0.15324387896073374 1.9475293096895807 0.099494351099460518 -0.41622525256862508 -0.85296218383400146 -0.32637439510952204 0.50197861938469224 0.092598077044424007 -0.52265859133717474 -0.36455893890392677 0.17936794479003457 -0.6602524077273918 -0.32523207606874988 -0.55685107079571161
decision_type=2 2 2 2 2 2 2 2 2 2 2 2 2 2 2 2 2 2 2 2 2 2 2 2 2 2
left_child=2 10 4 -4 -1 6 -5 -7 11 -10 15 12 16 -3 -11 23 -6 -14 -12 -13 21 -18 -16 -2 -17 -25
right_child=1 13 3 5 8 7 -8 -9 9 14 18 19 17 -15 22 24 20 -19 -20 -21 -22 -23 -24 25 -26 -27
leaf_value=-0.069049797743657049 -0.0028783230067059252 0.033836214411942726 -0.10409064522769798 -0.037130792864001429 0.0043265236718846396 -0.019771485342517391 0.02143224129414904 -0.096258630450620303 -0.058420457394672061 -0.016848111775884064 0.013746850803284368 0.0081378453160317211 -0.026255065656095363 0.05709115063304189 -0.0032737216875984116 0.0030992314032941425 -0.00026479082720914395 -0.0084783936812948581 0.023586648992074633 -0.0022629389067367577 0.00027549263651574496 -0.014389805860059845 0.0027012520120963841 0 0.0086712505612397423 0.0015520407833679475
leaf_weight=18 19 72 20 32 15.999999999999998 11.000000000000002 17 10.999999999999998 24 25 59 11.000000000000002 30 47 12.000000000000002 15.999999999999998 11.999999999999998 13.999999999999998 78 11.999999999999998 11.000000000000002 13.999999999999998 10.999999999999998 14.999999999999998 58 17
leaf_count=18 19 72 20 32 16 11 17 11 24 25 59 11 30 47 12 16 12 14 78 12 11 14 11 15 58 17
internal_value=-0.00237679 0.0236618 -0.035177 -0.0578374 -0.0239922 -0.0376258 -0.0165645 -0.0706905 -0.0177695 -0.0294196 0.012979 -0.00965647 -0.0127603 0.045375 -0.00991241 0.00450133 -0.00314722 -0.0224338 0.0201521 0.00312469 -0.00669422 -0.00936025 -0.000207577 -0.000586743 0.00787642 0.000829574
internal_weight=682 381 301 91 210 71 49 22 192 72 262 120 97 119 48 125 53 44 137 23 37 26 23 51 74 32
internal_count=682 381 301 91 210 71 49 22 192 72 262 120 97 119 48 125 53 44 137 23 37 26 23 51 74 32
is_linear=0
shrinkage=0.0529975


Tree=40
num_leaves=26
num_cat=0
split_feature=37 37 29 19 29 19 6 37 19 29 29 19 29 37 29 29 19 29 16 37 37 37 29 37 37
split_gain=193.065 27.8054 23.2181 16.9321 31.1382 12.1871 8.35216 6.26864 4.9792 7.40919 2.78117 2.44927 3.8627 1.01923 0.410776 0.339861 0.194405 0.180667 0.174784 0.0926741 0.0917662 0.0657568 0.0581203 0.0321419 0.0183123
threshold=-0.83396665377261525 1.4615430261106854 0.86516195744978364 -0.43163804429725716 0.078887950514269417 -1.0115814289029357 -0.26213174428442021 0.22899908988505471 0.39064810619775014 0.44790493864222342 -0.33096837825487457 -0.056149554105834644 -0.038706643134804007 -0.35832050388688674 -0.46951660471587603 0.15422108565171908 0.21965476595606717 -0.15324387896073374 -0.53526689740141664 0.50197861938469224 -0.6602524077273918 2.0509306466212647 -0.24758900706095122 -0.18047020436439698 -0.55685107079571161
decision_type=2 2 2 2 2 2 2 2 2 2 2 2 2 2 2 2 2 2 2 2 2 2 2 2 2
left_child=2 7 3 4 5 -1 -4 13 9 11 14 12 -5 20 -7 -14 -11 22 -13 -9 -2 -3 -12 -15 -22
right_child=1 21 6 8 -6 10 -8 19 -10 16 17 18 15 23 -16 -17 -18 -19 -20 -21 24 -23 -24 -25 -26
leaf_value=-0.062442888047365218 -0.0027623730401303086 0.034432557954881232 -0.087842400677791393 0.0061837597670851979 -0.087385460488187322 0.0078023860474632778 -0.018844038507744389 0.013464085516462252 0.012687404078866279 -0.038635018885615491 -0.0131748214070869 -0.0012869537829755336 -0.011823335709913101 0.004198751859827452 -0.0032510685013010265 -0.027202316895094728 -0.014632090785059183 -0.024768261475094321 0.005157024047157583 0.023539704257401799 0 0.056095030924179334 -0.003490021053990178 0.0097500704322833458 0.0020284947852230238
leaf_weight=11.999999999999998 19 60 24 15.999999999999998 27 11.000000000000002 10.999999999999998 39 11.999999999999998 33 12.999999999999998 17 27 23 14.999999999999998 23 12.999999999999998 18.000000000000004 18 97 14.999999999999998 40 10.999999999999998 65 23
leaf_count=12 19 60 24 16 27 11 11 39 12 33 13 17 27 23 15 23 13 18 18 97 15 40 11 65 23
internal_value=-0.00238144 0.0225259 -0.0337556 -0.0271828 -0.0431402 -0.0230741 -0.0722557 0.0134178 -0.0152243 -0.0179565 -0.0115351 -0.00886686 -0.0144851 0.00534153 0.00179292 -0.0211778 -0.0344556 -0.0191246 0.00212629 0.0213902 -0.000117724 0.0458466 -0.0105538 0.00873388 0.00124211
internal_weight=682 381 301 266 107 80 35 281 159 147 68 101 66 145 26 50 46 42 35 136 57 100 24 88 38
internal_count=682 381 301 266 107 80 35 281 159 147 68 101 66 145 26 50 46 42 35 136 57 100 24 88 38
is_linear=0
shrinkage=0.0529975


Tree=41
num_leaves=25
num_cat=0
split_feature=37 37 29 28 29 6 30 29 37 19 12 19 29 19 37 30 19 5 37 37 7 4 37 37
split_gain=176.441 25.2866 21.3361 15.8911 19.9758 7.54982 6.79118 10.3548 5.66104 3.75436 1.87788 1.69166 2.26503 1.28448 0.983797 0.724541 0.51716 0.166662 0.0968939 0.0867551 0.0545996 0.0491495 0.041852 0.0145782
threshold=-0.83396665377261525 1.4615430261106854 0.86516195744978364 -0.66986113276767056 -0.35707758226555991 -0.26213174428442021 -0.2109004484561201 0.26552658291515235 0.24554330379412623 -0.11754049229306666 -0.11248906516143183 -0.13083393798565543 -0.15937698407371889 -0.32637439510952204 -0.34798037019371647 -0.3654193333031332 -0.51644025367668944 0.9620565456748148 -0.55685107079571161 2.0509306466212647 0.96839608804603505 0.47843460466399251 -0.71195307619323489 -0.18047020436439698
decision_type=2 2 2 2 2 2 2 2 2 2 2 2 2 2 2 2 2 2 2 2 2 2 2 2
left_child=2 8 3 4 -1 -4 10 11 14 -9 15 12 16 -14 18 -5 -8 -13 21 -3 -11 22 -2 -16
right_child=1 19 5 6 -6 -7 7 9 -10 20 -12 17 13 -15 23 -17 -18 -19 -20 -21 -22 -23 -24 -25
leaf_value=-0.0070499459835740184 -0.0046966843303128366 0.03277352288569315 -0.084117613156276166 0.0168643292227687 -0.078176142966908224 -0.018197693712491192 -0.0087721598488312066 -0.059302140580092769 0.020560681300627257 -0.029921859120923617 -0.010426696973226908 0.003653925621103735 -0.028379790816621765 -0.0095059505300458952 0.0040059133223020087 0 0.0024745162111138724 -0.003660875091979785 0.0021514218902501979 0.053509702384773435 -0.013180835355389621 0.00052743596083228356 0 0.0094646756620373265
leaf_weight=19 10.999999999999998 60 24 11.000000000000002 27 10.999999999999998 21 20 132 20 17 11.000000000000002 35 27 20 10.999999999999998 14.999999999999998 11.999999999999998 26 40 20 10.999999999999998 12.000000000000002 69
leaf_count=19 11 60 24 11 27 11 21 20 132 20 17 11 35 27 20 11 15 12 26 40 20 11 12 69
internal_value=-0.00235927 0.0214518 -0.032352 -0.0260498 -0.0531333 -0.0692623 -0.0190964 -0.0232939 0.0127654 -0.0405496 0.000737 -0.0131717 -0.0160484 -0.0218264 0.00528619 0.00999855 -0.00423551 0 0 0.0436918 -0.0245128 -0.00176112 -0.00297925 0.00864181
internal_weight=682 381 301 266 46 35 220 181 281 60 39 121 98 62 149 22 36 23 60 100 40 34 23 89
internal_count=682 381 301 266 46 35 220 181 281 60 39 121 98 62 149 22 36 23 60 100 40 34 23 89
is_linear=0
shrinkage=0.0529975


Tree=42
num_leaves=28
num_cat=0
split_feature=37 37 29 19 28 13 19 29 29 19 37 37 19 29 19 45 28 37 30 19 29 19 37 35 4 37 37
split_gain=161.049 23.1085 20.1736 20.7765 15.6937 15.1728 15.5437 7.61951 4.7197 11.009 3.20755 2.90073 1.5392 2.49411 0.946302 0.598394 0.545865 0.330768 0.295935 0.262189 0.405168 0.244661 0.232258 0.12128 0.046315 0.0385686 0.000769259
threshold=-0.83396665377261525 0.94867239492955024 0.48941511938534971 -0.047230990575617547 -0.89682443730131489 1.2113506376484462 0.50703029617112583 1.10045454059635 0.16623681286612843 -0.1457840957559802 1.7717470369057258 -0.16806204393259483 -0.2121049340780008 -0.15324387896073374 0.29235489073587734 -0.85296218383400146 0.099494351099460518 0.32826437333946856 0.092598077044424007 -0.52265859133717474 -0.35926482381618469 -0.31474429713423629 -0.55685107079571161 0.45337418812315 0.47843460466399251 -0.71195307619323489 -0.41622525256862508
decision_type=2 2 2 2 2 2 2 2 2 2 2 2 2 2 2 2 2 2 2 2 2 2 2 2 2 2 2
left_child=2 11 4 -4 -1 6 14 -7 12 -10 -3 22 13 15 -5 -6 -11 -13 -14 20 -17 -15 24 -18 25 -2 -24
right_child=1 10 3 5 8 7 -8 -9 9 16 -12 17 18 21 -16 19 23 -19 -20 -21 -22 -23 26 -25 -26 -27 -28
leaf_value=-0.062043633003420133 -0.0045355892056707283 0.026570218240011944 -0.094565782345693419 -0.037388894093489715 0.004824295456959846 -0.017462861255742406 0.026754182799152103 -0.088320890146635411 -0.04720374006685614 -0.011437871436399422 0.04764397559328553 0.0095895031176373071 0.0080638345125069975 -0.022181412602923039 -0.010849002198656196 -0.00039939443792391818 0.0029502410418150364 0.017037463043134561 -0.0017824504540083683 0.00036549778927788507 -0.013334398778254722 -0.0066597868423315986 0.0013274731074061513 -0.0032902915977776541 0.00050934518238186582 0 0.0041433531057636936
leaf_weight=18 10.999999999999998 91 20 22 15.999999999999998 11.000000000000002 13.999999999999998 10.999999999999998 30 19 58 75 11.000000000000002 32 12.999999999999998 12.999999999999998 12.000000000000002 73 11.999999999999998 11.000000000000002 12.999999999999998 11.999999999999998 17 10.999999999999998 10.999999999999998 12.000000000000002 33
leaf_count=18 11 91 20 22 16 11 14 11 30 19 58 75 11 32 13 13 12 73 12 11 13 12 17 11 11 12 33
internal_value=-0.00233306 0.020416 -0.0309874 -0.0514981 -0.0208842 -0.0328557 -0.0130528 -0.06447 -0.0152281 -0.0255766 0.0363443 0.00949879 -0.00804178 -0.0108568 -0.0307303 -0.00239979 -0.00601576 0.0138289 0.00337952 -0.0059233 -0.00837211 -0.0193944 0.00137889 0 -0.00170035 -0.00288482 0.00355536
internal_weight=682 381 301 91 210 71 49 22 192 72 149 232 120 97 35 53 42 148 23 37 26 44 84 23 34 23 50
internal_count=682 381 301 91 210 71 49 22 192 72 149 232 120 97 35 53 42 148 23 37 26 44 84 23 34 23 50
is_linear=0
shrinkage=0.0529975


Tree=43
num_leaves=28
num_cat=0
split_feature=37 37 29 19 29 13 19 19 29 37 29 19 29 19 37 29 29 13 29 37 29 5 4 30 37 37 37
split_gain=147.321 21.0454 19.0955 16.2894 31.3392 11.3539 10.3337 8.51806 7.94233 4.72736 2.23529 1.93246 3.23885 1.01117 0.845575 0.381375 0.264878 0.171979 0.156327 0.0821234 0.0637642 0.054582 0.0436563 0.0371822 0.0355211 0.0225352 0.00884028
threshold=-0.83396665377261525 1.4822232934970201 0.97680816365010603 -0.43163804429725716 0.078887950514269417 1.0908823886052119 -1.0115814289029357 0.39561195406200306 0.44790493864222342 0.26001949096456295 -0.33096837825487457 -0.056149554105834644 -0.038706643134804007 0.29235489073587734 -0.34798037019371647 -0.46951660471587603 0.24031006565894125 -0.14893667446474321 -0.15324387896073374 -0.55685107079571161 -0.24758900706095122 0.58231189950118811 0.47843460466399251 0.22660999900479112 -0.71195307619323489 0.50197861938469224 -0.18047020436439698
decision_type=2 2 2 2 2 2 2 2 2 2 2 2 2 2 2 2 2 2 2 2 2 2 2 2 2 2 2
left_child=2 9 3 4 6 -4 -1 8 11 14 15 12 -5 -10 19 -8 23 -13 20 22 -12 -19 24 -14 -2 -11 -16
right_child=1 -3 5 7 -6 -7 10 -9 13 25 18 17 16 -15 26 -17 -18 21 -20 -21 -22 -23 -24 -25 -26 -27 -28
leaf_value=-0.056328345499705668 -0.0043800196600785072 0.040116565459397228 -0.015499907943512917 0.0063919483824685097 -0.083496614244496031 -0.09367310328652903 0.0079173401861472384 0.022293976454019433 -0.036350537019889002 0.011231511552203588 -0.011368304604864404 -0.0019819134900521083 -0.0038623630784726743 -0.0095958658689780461 0.0036736437916177838 -0.0027472857038660396 -0.025091134336188058 0.0063744685297321257 -0.021443674191341598 0.0019596252714971329 -0.0026557359222464157 0.00050732726530073691 0.0004918747146052954 -0.013105267294931347 0 0.020392415819024481 0.0086614841699664893
leaf_weight=11.999999999999998 10.999999999999998 97 11.000000000000002 15.999999999999998 28 14.999999999999998 11.000000000000002 11.999999999999998 42 32 12.999999999999998 11.999999999999998 10.999999999999998 10.999999999999998 20 14.999999999999998 18 13.000000000000002 18.000000000000004 26 10.999999999999998 10.999999999999998 10.999999999999998 21 12.000000000000002 100 72
leaf_count=12 11 97 11 16 28 15 11 12 42 32 13 12 11 11 20 15 18 13 18 26 11 11 11 21 12 100 72
internal_value=-0.00233648 0.0194219 -0.0297419 -0.0245073 -0.0401681 -0.0699212 -0.0201572 -0.0132977 -0.0168243 0.0116461 -0.00963225 -0.00728627 -0.0123329 -0.0324558 0.00490575 0.00218458 -0.0184924 0.00223942 -0.016452 0 -0.00893706 0.00455719 -0.00164166 -0.0112228 -0.00279363 0.0188068 0.00793959
internal_weight=682 381 301 275 108 26 80 167 155 284 68 102 66 53 152 26 50 36 42 60 24 24 34 32 23 132 92
internal_count=682 381 301 275 108 26 80 167 155 284 68 102 66 53 152 26 50 36 42 60 24 24 34 32 23 132 92
is_linear=0
shrinkage=0.0529975


Tree=44
num_leaves=25
num_cat=0
split_feature=37 37 29 19 28 36 19 29 19 37 19 29 19 37 37 9 29 19 1 19 37 37 37 37
split_gain=134.551 19.0025 18.0069 16.7794 12.4763 12.1455 12.8765 5.85334 11.8713 3.6785 1.74156 2.44958 1.09436 1.09299 0.633937 0.591887 0.427757 0.515276 0.259335 0.242317 0.101361 0.0488613 0.0195301 0.00684658
threshold=-0.83396665377261525 1.3126451009290661 0.58730087529752451 0.0028533845507611034 -0.89682443730131489 -1.6682726810157318 0.50703029617112583 0.18695111340895401 -0.16264921429263968 0.17936644815785227 -0.2121049340780008 -0.15324387896073374 0.18969580691804452 2.0509306466212647 -0.41622525256862508 0.42818238464068498 -0.45548505196500272 -0.51644025367668944 0.14730795130241822 -0.30874860567331258 0.50197861938469224 -0.6602524077273918 -0.32523207606874988 -0.55685107079571161
decision_type=2 2 2 2 2 2 2 2 2 2 2 2 2 2 2 2 2 2 2 2 2 2 2 2
left_child=2 9 4 -4 -1 -5 -7 10 -9 14 11 16 15 -3 21 -10 -6 -18 -12 -13 -11 -2 -16 -23
right_child=1 13 3 5 7 6 -8 8 12 20 18 19 -14 -15 22 -17 17 -19 -20 -21 -22 23 -24 -25
leaf_value=-0.057517380690736121 -0.0023498299078005742 0.02725252872279775 -0.091906368377521724 -0.060839989614721 0.0050835290424974585 -0.030568949253062343 0.02582596808579701 -0.052485099423255195 -0.017974135426641932 0.010785309600295502 0.0078255474670272124 -0.02105187286283285 0.00025150083392363993 0.046998784843917035 0.0024708768242012384 -0.0019882194964203231 -0.0085128215156184926 0.0023189180580861076 -0.0012236915301884531 -0.0058626540288167252 0.01870208240691484 0 0.0072616164898655728 0.001198690556785897
leaf_weight=18 19 70 17 17 10.999999999999998 23 12.999999999999998 26 33 46 13.000000000000002 37 17 40 15.999999999999998 10.999999999999998 26.999999999999996 15.000000000000002 11.999999999999998 10.999999999999998 87 14.999999999999998 71 17
leaf_count=18 19 70 17 17 11 23 13 26 33 46 13 37 17 40 16 11 27 15 12 11 87 15 71 17
internal_value=-0.00233044 0.0184639 -0.0285208 -0.0515207 -0.0203944 -0.0304237 -0.00925804 -0.0157364 -0.0259715 0.0104645 -0.00775753 -0.0107536 -0.0108802 0.0365516 0.00406 -0.0148351 -0.00223459 -0.00469241 0.00386014 -0.018738 0.0165976 -0.000506062 0.0066718 0.000602924
internal_weight=682 381 301 70 231 53 36 213 87 271 126 101 61 110 138 44 53 42 25 48 133 51 87 32
internal_count=682 381 301 70 231 53 36 213 87 271 126 101 61 110 138 44 53 42 25 48 133 51 87 32
is_linear=0
shrinkage=0.0529975


Tree=45
num_leaves=25
num_cat=0
split_feature=37 29 37 19 29 13 19 28 29 37 29 19 29 37 45 19 29 37 19 1 37 37 37 37
split_gain=122.966 17.405 17.3018 14.549 27.0695 9.76136 9.00009 8.19831 6.89244 3.85053 1.99941 1.70394 2.6738 0.636638 0.597872 0.520469 0.427099 0.316846 0.255323 0.185778 0.0868822 0.0449823 0.0309307 0.00639556
threshold=-0.83396665377261525 0.97680816365010603 1.4822232934970201 -0.43163804429725716 0.078887950514269417 1.0908823886052119 -1.0115814289029357 0.39843704435668925 0.44790493864222342 0.22899908988505471 -0.42621382510666844 0.0070770554332656209 -0.055057563883069295 -0.41622525256862508 -0.85296218383400146 0.29235489073587734 0.11842374060933906 2.0509306466212647 -0.50979715618823851 0.35380450187223861 0.53713507394146387 -0.6602524077273918 -0.16806204393259483 -0.55685107079571161
decision_type=2 2 2 2 2 2 2 2 2 2 2 2 2 2 2 2 2 2 2 2 2 2 2 2
left_child=1 3 9 4 6 -3 -1 8 11 13 -8 12 -5 21 -12 -10 -14 -4 -16 -13 -11 -2 -15 -23
right_child=2 5 17 7 -6 -7 10 -9 15 20 14 19 16 22 18 -17 -18 -19 -20 -21 -22 23 -24 -25
leaf_value=-0.05230518225844917 -0.0022551696188791888 -0.014768175821174494 0.026581621361897581 0.0079987875986403598 -0.077413813254846017 -0.087664116648644402 0.0062412630643143277 0.022941053848624004 -0.033031471881066844 0.010550410477570462 -0.0013539825032200063 0.0064839766985541154 -0.0075847693372951414 0.003565127611910367 -0.018623081685707935 -0.0099422781799840178 -0.019996213913923835 0.044832687869272976 -0.0045501640624173671 -0.0005919838096058506 0.018502383024679964 0 0.0077005061805791751 0.0011517280289530018
leaf_weight=11.999999999999998 19 11.000000000000002 57 12.999999999999998 28 14.999999999999998 14.999999999999998 11.999999999999998 42 42 11.999999999999998 16.000000000000004 28 33 29.999999999999993 10.999999999999998 30 40 11.000000000000005 14.999999999999998 97 14.999999999999998 61 17
leaf_count=12 19 11 57 13 28 15 15 12 42 42 12 16 28 33 30 11 30 40 11 15 97 15 61 17
internal_value=-0.00229743 -0.0273348 0.0175817 -0.0223706 -0.0371509 -0.0655893 -0.0185624 -0.0118153 -0.0153037 0.0105291 -0.00875729 -0.00644007 -0.0107239 0.00415491 -0.0133235 -0.0298554 -0.0153857 0.0363476 -0.0160584 0.00333032 0.0166835 -0.000483495 0.00661942 0.000574501
internal_weight=682 301 381 275 108 26 80 167 155 284 68 102 71 145 53 53 58 97 41 31 139 51 94 32
internal_count=682 301 381 275 108 26 80 167 155 284 68 102 71 145 53 53 58 97 41 31 139 51 94 32
is_linear=0
shrinkage=0.0529975


Tree=46
num_leaves=29
num_cat=0
split_feature=43 29 39 19 29 13 19 28 29 29 19 29 39 39 19 29 29 45 5 13 39 13 19 39 5 39 18 13
split_gain=112.349 16.2585 15.2733 13.5724 23.9518 8.99317 7.95717 7.82879 7.20847 2.08978 1.71227 2.88645 1.40299 0.907534 0.650867 0.261906 0.226398 0.159804 0.154963 0.149363 0.139218 0.108256 0.051086 0.0428862 0.0361413 0.0105307 0.0102621 0.00173004
threshold=1.0000000180025095e-35 0.97680816365010603 0.89684956550364381 -0.47712027691041697 0.078887950514269417 1.0908823886052119 -1.0115814289029357 0.39843704435668925 0.44790493864222342 -0.35926482381618469 -0.056149554105834644 -0.038706643134804007 -0.0045387309828439281 1.4151184330301467 0.29235489073587734 0.11842374060933906 -0.46951660471587603 -0.73972095171899488 -0.71569658108875978 -0.14893667446474321 -0.47689664898134465 -0.30454149614558773 0.17936794479003457 0.32425252964647128 0.58231189950118811 -0.26279973947802987 0.049426545471339525 -0.69606330553609974
decision_type=2 2 2 2 2 2 2 2 2 2 2 2 2 2 2 2 2 2 2 2 2 2 2 2 2 2 2 2
left_child=1 3 12 4 6 -3 -1 8 10 16 11 26 20 -4 -10 -13 -8 -11 -15 -12 22 25 -2 27 -21 -22 -5 -14
right_child=2 5 13 7 -6 -7 9 -9 14 17 19 15 23 18 -16 -17 -18 -19 -20 24 21 -23 -24 -25 -26 -27 -28 -29
leaf_value=-0.050456784047832694 -0.0017730467119840307 -0.014261630888230258 0.020124209235632923 0.0054231385044793386 -0.078537046007999572 -0.084344992395418511 0.0074525393833576193 0.022130346025713718 -0.033418523856642991 -0.0051813055784919199 -0.0015731587092297928 -0.0084174397568579397 0.0025524867559180145 0.046760828544752789 -0.009601260329362751 -0.020927429189345387 -0.0013204832557914652 -0.017866840088810433 0.027105473491586478 0.0061042325476601449 0 0.0057101203243513183 0.0019233666191047032 0.01295954314957847 0.0007662551143336623 0.0017698016805223172 0.0010574433669756308 0.0082986175162828735
leaf_weight=11.999999999999998 20.000000000000004 11.000000000000002 63 11.000000000000002 23 14.999999999999998 11.000000000000002 11.999999999999998 43 11.999999999999998 11.999999999999998 23 10.999999999999998 20 10.999999999999998 31 10.999999999999998 28 70 13.000000000000002 15.999999999999998 35 10.999999999999998 75 10.999999999999998 15.999999999999998 10.999999999999998 44
leaf_count=12 20 11 63 11 23 15 11 12 43 12 12 23 11 20 11 31 11 28 70 13 16 35 11 75 11 16 11 44
internal_value=-0.00225672 -0.0261887 0.0167449 -0.0213972 -0.0369209 -0.0631422 -0.0189814 -0.0119721 -0.0151635 -0.00887422 -0.00672502 -0.0109905 0.0076721 0.029422 -0.0301278 -0.0170894 0.00347324 -0.0153846 0.0341942 0.00239713 0.00256094 0.00383212 -0.000173473 0.011191 0.00453277 0.00101726 0.0041838 0.00762781
internal_weight=682 301 381 275 97 26 74 178 166 62 112 76 228 153 54 54 22 40 90 36 98 67 31 130 24 32 22 55
internal_count=682 301 381 275 97 26 74 178 166 62 112 76 228 153 54 54 22 40 90 36 98 67 31 130 24 32 22 55
is_linear=0
shrinkage=0.0529975


Tree=47
num_leaves=26
num_cat=0
split_feature=37 29 37 19 29 13 28 29 37 19 19 29 19 29 1 37 29 9 37 19 37 37 15 45 37
split_gain=102.792 15.1775 14.4911 12.6424 19.9485 8.28472 7.65528 7.54604 3.14136 2.6805 1.5945 2.35442 0.802535 0.793235 0.679309 0.580794 0.489191 0.470352 0.39843 0.131877 0.0461104 0.0223298 0.0140755 0.00930459 0.00292447
threshold=-0.83396665377261525 0.97680816365010603 1.4822232934970201 -0.53971877660986134 -0.15324387896073374 1.0908823886052119 0.39843704435668925 0.47209431521368045 0.26001949096456295 -0.89853941475979127 0.040536917192709972 0.10301941411127748 -0.2121049340780008 -0.21380076490868594 -0.15031196417558362 -0.37693274453458997 -0.45548505196500272 -0.067729804180652955 2.0509306466212647 -0.075962742399489067 -0.6085517392615547 -0.16806204393259483 -0.35150216831897407 -0.5132384874889816 -0.54030685688664326
decision_type=2 2 2 2 2 2 2 2 2 2 2 2 2 2 2 2 2 2 2 2 2 2 2 2 2
left_child=1 3 8 4 9 -3 7 10 15 -1 11 12 13 -5 -9 20 -11 -12 -4 -13 22 -17 -2 -18 -22
right_child=2 5 18 6 -6 -7 -8 14 -10 16 17 19 -14 -15 -16 21 23 -19 -20 -21 24 -23 -24 -25 -26
leaf_value=-0.029120401103618913 0 -0.01377246077290621 0.024033916702574171 0.0024650679621571543 -0.066703578481869086 -0.08115153669494482 0.021348288425532665 -0.011725919237983383 0.015354416354748955 0.0044668271069210185 -0.0041294382271879274 -0.022196439634259733 0.0060543238016730443 -0.01075094016332487 -0.035959171027246994 0.003278783950473636 -0.0023003092368592236 0.0071275373887141179 0.041140217890093804 -0.0070116437971990903 0 0.0072021988386968411 -0.0026901848016465182 -0.0085402652006302 0.0012834472737949646
leaf_weight=11.999999999999998 11.000000000000002 11.000000000000002 57 14.999999999999998 32 14.999999999999998 11.999999999999998 12.999999999999998 132 10.999999999999995 13.000000000000002 32 12.999999999999998 33 38 30 10.999999999999998 17 40 10.999999999999998 12.000000000000002 68 13.999999999999998 12.000000000000005 17
leaf_count=12 11 11 57 15 32 15 12 13 132 11 13 32 13 33 38 30 11 17 40 11 12 68 14 12 17
internal_value=-0.0022083 -0.0250997 0.0159672 -0.0204756 -0.0379707 -0.0607868 -0.0125972 -0.0154368 0.00951359 -0.0124608 -0.0080686 -0.0110462 -0.00356005 -0.00667648 -0.0317881 0.00400686 -0.00292204 0.00218018 0.0331404 -0.019788 -0.000298226 0.00632662 -0.0018421 -0.00688967 0.000920707
internal_weight=682 301 381 275 78 26 197 185 284 46 134 104 61 48 51 152 34 30 97 43 54 98 25 23 29
internal_count=682 301 381 275 78 26 197 185 284 46 134 104 61 48 51 152 34 30 97 43 54 98 25 23 29
is_linear=0
shrinkage=0.0529975


Tree=48
num_leaves=25
num_cat=0
split_feature=37 29 37 19 29 47 36 9 30 29 37 37 29 19 29 19 19 39 36 37 36 37 14 37
split_gain=93.83 14.1874 13.2091 10.6481 13.8598 10.1448 13.8582 4.02385 3.55689 4.39624 2.01893 1.5627 0.971934 0.739609 0.887856 0.724408 0.592303 0.30732 0.243565 0.236986 0.221303 0.199786 0.0376236 0.0425949
threshold=-0.83396665377261525 0.86516195744978364 1.1306587479293095 -0.66572236260676454 -0.4932591612049233 0.60404435919047483 -1.340983091301851 -1.560562152790091 -0.22572758781172889 0.26552658291515235 -0.0026199048419071019 2.0509306466212647 -0.15324387896073374 -0.13083393798565543 -0.21380076490868594 0.30064614087418168 -0.17649589006198593 -0.66602670239464246 -0.58304930459602089 -0.50308237559123692 0.08301372008486041 0.41925754983934965 0.47600630440328301 -0.71195307619323489
decision_type=2 2 2 2 2 2 2 2 2 2 2 2 2 2 2 2 2 2 2 2 2 2 2 2
left_child=1 3 10 4 -1 6 -3 -5 15 13 19 -4 -6 14 20 -9 -11 -15 -16 22 -10 -12 23 -2
right_child=2 5 11 7 12 -7 -8 8 9 16 21 -13 -14 17 18 -17 -18 -19 -20 -21 -22 -23 -24 -25
leaf_value=0.0031405591368744621 -0.0039585768802794441 -0.052717293655477455 0.021692485855028219 -0.036770382306046082 -0.027115238896815795 -0.084219839454132667 0.016723583442566196 -0.0020165156883563619 0.0036800747098790169 -0.036507513518043676 0.0079136984949701554 0.039244131508739614 -0.068864295849487653 0.0056554077283230203 -0.005564750267942252 0.011683187636104972 -0.017108562332713507 -0.0041082949528309367 -0.015436069800733001 0.0037949996340386834 -0.0041086469001407541 0.014039019680402821 0.00087303065680763541 0
leaf_weight=13.999999999999998 10.999999999999998 10.999999999999998 88 13.999999999999998 15.999999999999998 12.999999999999998 11.000000000000002 19 11.000000000000002 13.999999999999998 69 40 18 13.000000000000002 24 13.999999999999998 44 10.999999999999998 35 64 19 80 10.999999999999998 18.000000000000004
leaf_count=14 11 11 88 14 16 13 11 19 11 14 69 40 18 13 24 14 44 11 35 64 19 80 11 18
internal_value=-0.00216682 -0.0240375 0.0151983 -0.0189738 -0.0404867 -0.0539471 -0.021602 -0.0132488 -0.0105974 -0.0136084 0.00781322 0.0287402 -0.056403 -0.00680086 -0.00891491 0.00451917 -0.0248822 0.00102084 -0.0124119 0.00189845 -0.000921445 0.0116634 -0.00108333 -0.00204741
internal_weight=682 301 381 266 48 35 22 218 204 171 253 128 34 113 89 33 58 24 59 104 30 149 40 29
internal_count=682 301 381 266 48 35 22 218 204 171 253 128 34 113 89 33 58 24 59 104 30 149 40 29
is_linear=0
shrinkage=0.0529975


Tree=49
num_leaves=27
num_cat=0
split_feature=37 29 19 37 19 29 28 29 19 37 19 29 29 19 19 37 37 45 9 37 29 5 13 14 37 37
split_gain=85.987 13.5788 14.606 12.0818 10.1014 9.22519 10.8622 4.12148 8.34254 2.54337 0.835091 1.19821 0.770197 1.13339 0.482205 0.400207 0.326963 0.312762 0.232075 0.141336 0.133036 0.111684 0.109683 0.0351707 0.0496419 0.030063
threshold=-0.83396665377261525 0.58730087529752451 0.0028533845507611034 1.4822232934970201 -1.0115814289029357 1.1860756444830016 0.39843704435668925 -0.049810129754361963 -0.32637439510952204 0.17936644815785227 -0.45609526081687068 -0.45548505196500272 0.22564952026964777 0.16555192484115736 -0.10851345830801649 -0.47206197451173448 2.0509306466212647 -0.85296218383400146 0.57221365888513109 0.53713507394146387 0.11491882487792797 -0.21785668569605324 0.11709737550573292 0.49077995961412513 -0.71195307619323489 -0.32523207606874988
decision_type=2 2 2 2 2 2 2 2 2 2 2 2 2 2 2 2 2 2 2 2 2 2 2 2 2 2
left_child=1 4 -3 9 -1 6 -4 10 20 15 11 -6 14 18 22 23 -5 -13 -14 -11 -9 -19 -10 24 -2 -17
right_child=3 2 5 16 7 -7 -8 8 12 19 -12 17 13 -15 -16 25 -18 21 -20 -21 -22 -23 -24 -25 -26 -27
leaf_value=-0.053900035666667824 -0.0037578631308037721 -0.080037261883492555 -0.024101489064258519 0.021841204895621677 0.0068528138974825259 -0.051449991344984305 0.028447992678884513 -0.017603472202109373 -0.0091811473267145952 0.0084290007029132127 0.0069547272824648388 -0.00047397145302231281 -0.018913355873575215 -0.00044169943425294213 0.0037806814699687338 0.0019539159836046327 0.037435433147837871 -0.014411663086295727 -0.0051760376998707461 0.015113688688230133 -0.042238800657047847 -0.0046543489828707388 -0.001108552876439443 0.0010609970698704481 0 0.0056756909619988293
leaf_weight=12.999999999999998 11.999999999999995 17 26 57 12.999999999999998 15.999999999999998 10.999999999999998 15.999999999999998 12.000000000000002 49 15.999999999999998 11.999999999999998 30 19 17 23 40 16.999999999999993 11.999999999999998 97 25 17.000000000000007 11.999999999999998 10.999999999999998 21.000000000000004 71
leaf_count=13 12 17 26 57 13 16 11 16 12 49 16 12 30 19 17 23 40 17 12 97 25 17 12 11 21 71
internal_value=-0.00215912 -0.0230955 -0.0429878 0.0144647 -0.0161029 -0.0240585 -0.00652759 -0.0124352 -0.0175483 0.00857249 -0.00202258 -0.00498159 -0.00837244 -0.0119256 -0.00209028 0.00313758 0.0301447 -0.00886501 -0.016271 0.0133372 -0.0362464 -0.0111369 -0.00640618 -0.000837331 -0.00171506 0.00500667
internal_weight=682 301 70 381 231 53 37 218 143 284 75 59 102 61 41 138 97 46 42 146 41 34 24 44 33 94
internal_count=682 301 70 381 231 53 37 218 143 284 75 59 102 61 41 138 97 46 42 146 41 34 24 44 33 94
is_linear=0
shrinkage=0.0529975


Tree=50
num_leaves=24
num_cat=0
split_feature=37 29 37 47 19 29 9 30 29 37 19 29 29 7 7 19 37 37 19 37 14 37 37
split_gain=78.75 12.586 10.9946 10.8119 9.21177 12.3894 3.40114 2.95512 3.80758 2.29937 1.01039 0.88307 0.76673 0.675309 0.628022 0.540086 0.328574 0.305417 0.258549 0.177594 0.0328788 0.0462265 0.0165244
threshold=-0.83396665377261525 0.88506091518751828 1.4822232934970201 0.60404435919047483 -0.66572236260676454 -0.4932591612049233 -1.560562152790091 -0.30635425894110657 0.34596874207805095 0.14214196686244587 0.025394573122468043 -0.15324387896073374 -0.21380076490868594 0.82466603219277423 -0.0063575676896949649 -0.23593425786207264 -0.47206197451173448 2.0509306466212647 -0.51644025367668944 0.53713507394146387 0.49077995961412513 -0.71195307619323489 -0.32523207606874988
decision_type=2 2 2 2 2 2 2 2 2 2 2 2 2 2 2 2 2 2 2 2 2 2 2
left_child=1 4 9 -3 5 -1 -6 14 10 16 12 -7 18 -10 -8 -14 20 -4 -9 -11 21 -2 -18
right_child=2 3 17 -5 6 11 7 8 13 19 -12 -13 15 -15 -16 -17 22 -19 -20 -21 -22 -23 -24
leaf_value=0.0034138213486164387 -0.0036250650397578084 -0.019077126644031491 0.020793857110818569 -0.084591252982140763 -0.034010640786984701 -0.025241880869594106 -0.0018881255232951596 -0.0043953316820114713 -0.029780755290976901 0.0080016917687319184 0.0038014793397631147 -0.064402199409411276 -0.014576604435572304 -0.012048529845487644 0.012571445205459907 -0.0044456022048873457 0.001871777850027276 0.035710094997800326 0.0039657941701602296 0.014359334202950247 0.0010246051492726312 0 0.0051609896033409835
leaf_weight=13.999999999999998 11.999999999999995 21 57 10.999999999999998 13.999999999999998 15.999999999999998 12.000000000000002 18.000000000000004 28 56 18 18 47 26 11.999999999999998 34 23 40 11.999999999999998 97 10.999999999999998 21.000000000000004 64
leaf_count=14 12 21 57 11 14 16 12 18 28 56 18 18 47 26 12 34 23 40 12 97 11 21 64
internal_value=-0.00213397 -0.0221697 0.013775 -0.0515771 -0.0175977 -0.0376393 -0.0123347 -0.00991966 -0.0121966 0.00815334 -0.00661644 -0.0526957 -0.00847379 -0.023417 0.00617663 -0.0110039 0.00274046 0.0287336 -0.000753338 0.0124658 -0.000801902 -0.00165378 0.0045433
internal_weight=682 301 381 32 269 48 221 207 183 284 129 34 111 54 24 81 131 97 30 153 44 33 87
internal_count=682 301 381 32 269 48 221 207 183 284 129 34 111 54 24 81 131 97 30 153 44 33 87
is_linear=0
shrinkage=0.0529975


Tree=51
num_leaves=27
num_cat=0
split_feature=37 29 19 37 19 13 19 29 19 37 19 29 29 19 19 12 37 37 37 29 9 29 13 2 37 37
split_gain=72.1291 11.9522 13.2333 10.0055 9.28858 8.75982 10.2274 3.61037 7.02714 2.08305 0.738099 1.05127 0.668214 0.952822 0.412581 0.360569 0.28482 0.265304 0.228891 0.202772 0.190669 0.185341 0.108362 0.0316323 0.0340681 0.00655105
threshold=-0.83396665377261525 0.58730087529752451 0.0028533845507611034 1.4822232934970201 -1.0115814289029357 1.3619359489524896 0.51248132294284898 -0.049810129754361963 -0.32637439510952204 0.057352870578468891 -0.45609526081687068 -0.42621382510666844 0.22564952026964777 0.16555192484115736 -0.10851345830801649 0.24401710330907569 2.0509306466212647 0.50197861938469224 -0.50308237559123692 0.11491882487792797 0.57221365888513109 0.74294718631138545 0.11709737550573292 0.54859018840289686 -0.71195307619323489 -0.34798037019371647
decision_type=2 2 2 2 2 2 2 2 2 2 2 2 2 2 2 2 2 2 2 2 2 2 2 2 2 2
left_child=1 4 -3 9 -1 6 21 10 19 18 11 -6 14 20 22 -13 -5 -11 23 -9 -14 -4 -10 24 -2 -20
right_child=3 2 5 16 7 -7 -8 8 12 17 -12 15 13 -15 -16 -17 -18 -19 25 -21 -22 -23 -24 -25 -26 -27
leaf_value=-0.050912467526798816 -0.0035695661950638016 -0.075086320812861748 -0.0093125260054986898 0.019796732160020519 0.005963899723631429 -0.047718955853873903 0.027378633919583069 -0.015815492518300375 -0.0084931906044506608 0.0073875670118102969 0.0068766982029902892 -0.001538708144357228 -0.01730415900174909 -0.0003609929797888813 0.0036238880124183346 -0.011888216860072088 0.034064274460280972 0.0135559328563889 0.0013986638566854366 -0.038865808501589633 -0.004714873098589094 -0.028980560634128256 -0.00076310268457758558 0.00080107472463777517 0 0.0041836508055175187
leaf_weight=12.999999999999998 10.999999999999998 17 12.000000000000002 57 14.999999999999998 17 11.999999999999998 15.999999999999998 12.000000000000002 68 15.999999999999998 19 30 19 17 25 40 100 20 25 11.999999999999998 11.999999999999998 11.999999999999998 10.999999999999998 18.000000000000004 56
leaf_count=13 11 17 12 57 15 17 12 16 12 68 16 19 30 19 17 25 40 100 20 25 12 12 12 11 18 56
internal_value=-0.00210738 -0.0212823 -0.0399291 0.0131183 -0.0147349 -0.0220483 -0.00467709 -0.0112412 -0.016024 0.00775456 -0.00152459 -0.0043346 -0.00760173 -0.010907 -0.00177128 -0.00827937 0.0273887 0.01144 0.00205983 -0.0331849 -0.0148912 -0.0232069 -0.00578618 -0.000966169 -0.00185849 0.00369182
internal_weight=682 301 70 381 231 53 36 218 143 284 75 59 102 61 41 44 97 168 116 41 42 24 24 40 29 76
internal_count=682 301 70 381 231 53 36 218 143 284 75 59 102 61 41 44 97 168 116 41 42 24 24 40 29 76
is_linear=0
shrinkage=0.0529975


Tree=52
num_leaves=29
num_cat=0
split_feature=37 29 19 29 37 13 19 28 29 37 29 29 19 31 1 29 19 37 37 37 45 29 29 31 45 2 37 37
split_gain=66.1085 11.5267 9.69325 17.1231 9.10806 7.35645 6.01259 5.35136 4.64466 1.87968 1.31067 1.04866 1.68236 0.513699 0.415652 0.293746 0.291065 0.26519 0.236559 0.209681 0.189924 0.137062 0.131799 0.118296 0.0366641 0.0297509 0.0316132 0.00470005
threshold=-0.83396665377261525 0.97680816365010603 -0.47712027691041697 0.078887950514269417 1.4822232934970201 1.0908823886052119 -1.0115814289029357 0.39843704435668925 0.47209431521368045 0.057352870578468891 -0.35926482381618469 -0.055057563883069295 -0.056149554105834644 0.95849683626338977 -0.057509765522931737 0.22011875519856186 -0.23593425786207264 2.0509306466212647 0.53713507394146387 -0.50308237559123692 -0.73972095171899488 -0.46951660471587603 0.22011875519856186 0.52047492721929667 -0.17351479114396184 0.54859018840289686 -0.6602524077273918 -0.34798037019371647
decision_type=2 2 2 2 2 2 2 2 2 2 2 2 2 2 2 2 2 2 2 2 2 2 2 2 2 2 2 2
left_child=1 2 3 6 9 -3 -1 8 11 19 21 -4 15 14 -10 16 -13 -6 -11 25 -12 -8 -14 -24 -22 26 -2 -21
right_child=4 5 7 -5 17 -7 10 -9 13 18 20 12 22 -15 -16 -17 -18 -19 -20 27 24 -23 23 -25 -26 -27 -28 -29
leaf_value=-0.041737564647570904 -0.0031787963089823573 -0.0095684685987145954 0.0051377512152647152 -0.064616240048237336 0.018847422387631603 -0.070275888283914276 0.0066677101559342207 0.019451832254186983 -0.010247825264305012 0.0071381614167802523 -0.0027671861508574958 -0.010928554892060051 0.0044864607461217506 -0.010470089005755495 -0.033965343843082987 -0.018010743857251238 -0.0010551444595597989 0.032494307134533419 0.012966027149299226 0.0013416362307412987 -0.0171953329777726 -0.00025433984136214854 -0.0034437632074633927 0.002316921112549357 -0.0063037772869071525 0.00077359799045264872 0 0.0039833732738201004
leaf_weight=11.999999999999998 13.999999999999998 11.000000000000002 19 23 57 14.999999999999998 11.000000000000002 11.999999999999998 11.000000000000002 71 11.999999999999998 19.999999999999996 12.999999999999998 18 20 20 17.000000000000004 40 97 20 11.999999999999998 10.999999999999998 17.000000000000004 10.999999999999998 16.000000000000004 10.999999999999998 15.000000000000002 56
leaf_count=12 14 11 19 23 57 15 11 12 11 71 12 20 13 18 20 20 17 40 97 20 12 11 17 11 16 11 15 56
internal_value=-0.00208555 -0.0204425 -0.0164545 -0.0295313 0.012491 -0.0514169 -0.014513 -0.00856022 -0.0112334 0.00737265 -0.00592501 -0.00490051 -0.00709789 -0.0240446 -0.0287633 -0.0125492 -0.00733439 0.026107 0.0108741 0.00195913 -0.0111288 0.00364402 0.000966282 -0.000965696 -0.0133867 -0.00093108 -0.00179902 0.00352232
internal_weight=682 301 275 97 381 26 74 178 166 284 62 117 98 49 31 57 37 97 168 116 40 22 41 28 28 40 29 76
internal_count=682 301 275 97 381 26 74 178 166 284 62 117 98 49 31 57 37 97 168 116 40 22 41 28 28 40 29 76
is_linear=0
shrinkage=0.0529975


Tree=53
num_leaves=27
num_cat=0
split_feature=37 37 9 13 19 6 30 30 8 26 19 13 37 37 45 8 26 6 37 26 31 37 4 37 37 30
split_gain=60.6207 8.3075 5.83976 7.68776 9.98411 9.75445 4.17997 3.49291 1.7138 2.00599 1.2676 1.39132 1.21854 1.02132 0.409179 0.387867 0.232132 0.173718 0.148516 0.144803 0.112355 0.0908923 0.0276419 0.0211849 0.00529368 0.00638929
threshold=-0.83396665377261525 1.1306587479293095 -0.93666255318626823 1.2113506376484462 0.54921026788063554 -0.52359465599068267 1.2754480605365839 -0.0087200035789157526 -0.30827941907133044 -0.22985472223935274 -0.21848414259570967 -0.29450247539198487 -0.0026199048419071019 1.8606721866669722 -0.060273559028955231 0.60709044638481457 0.23807314203836513 -1.1600946154027774 -0.55685107079571161 0.20485982908646508 0.98000040498008156 0.41925754983934965 0.47843460466399251 -0.71195307619323489 -0.41622525256862508 0.42334779089211111
decision_type=2 2 2 2 2 2 2 2 2 2 2 2 2 2 2 2 2 2 2 2 2 2 2 2 2 2
left_child=2 12 7 4 6 -5 8 -1 10 14 11 -4 18 -3 15 -10 -12 -18 22 -11 -21 -14 23 -2 -20 -26
right_child=1 13 3 5 -6 -7 -8 -9 9 19 16 -13 21 -15 -16 -17 17 -19 24 20 -22 -23 -24 -25 25 -27
leaf_value=-0.0073825755343303687 -0.0033380990515239242 0.015893728221762774 -0.0086128583269472047 -0.066671460950435926 0.026971643899450341 -0.0064547350494387505 -0.040907478866497052 -0.043758770027143262 -0.0045291997956803266 0.0074207795035735455 -0.0015845544578662325 -0.032810946809469853 0.0061926655354740331 0.0292453172959019 -0.0010685956543756928 -0.017483622905804987 -0.0042381693102036908 -0.013640879133449892 0.00078138213177646556 -0.0023146370710442564 0.0035509933035020851 0.010790824169035353 0.0004303608197440944 0 0.0035328522128105807 0.00055545855990164165
leaf_weight=12.999999999999998 10.999999999999998 74 18 12.000000000000002 11.999999999999998 15.999999999999998 10.999999999999998 36 17 10.999999999999998 10.999999999999998 20 69 54 10.999999999999998 27 16.999999999999993 45.000000000000007 17 12.000000000000002 11.999999999999998 80 10.999999999999998 12.000000000000002 42 10.999999999999998
leaf_count=13 11 74 18 12 12 16 11 36 17 11 11 20 69 54 11 27 17 45 17 12 12 80 11 12 42 11
internal_value=-0.00206362 0.0118949 -0.019642 -0.0156518 -0.0116624 -0.0396751 -0.014563 -0.0360921 -0.0119443 -0.00581087 -0.0163049 -0.0242435 0.00603583 0.0226352 -0.0116922 -0.0137617 -0.0105574 -0.0117666 0.0014263 0.00361926 0.000508905 0.0090285 -0.00117687 -0.00211646 0.0027757 0.00315256
internal_weight=682 381 301 252 224 28 212 49 201 90 111 38 253 128 55 44 73 62 104 35 24 149 34 23 70 53
internal_count=682 381 301 252 224 28 212 49 201 90 111 38 253 128 55 44 73 62 104 35 24 149 34 23 70 53
is_linear=0
shrinkage=0.0529975


Tree=54
num_leaves=29
num_cat=0
split_feature=37 29 19 29 37 13 19 28 29 15 37 29 29 19 34 45 5 37 29 19 10 13 31 45 37 14 37 37
split_gain=55.4297 10.6146 8.46203 15.6464 7.55125 6.1496 5.66121 4.52653 3.55806 1.76545 1.53129 1.11821 0.958229 1.65208 0.409983 0.401657 0.359132 0.263406 0.237012 0.219536 0.146952 0.127724 0.118138 0.049056 0.039811 0.0260705 0.0353067 0.0216903
threshold=-0.83396665377261525 0.97680816365010603 -0.43163804429725716 0.078887950514269417 1.4822232934970201 1.0908823886052119 -1.0115814289029357 0.39843704435668925 0.44790493864222342 0.36037191945289565 0.20831882249872283 -0.42621382510666844 -0.055057563883069295 -0.056149554105834644 -0.28139113407926425 -0.85296218383400146 -0.71569658108875978 -0.47206197451173448 0.24031006565894125 -0.23593425786207264 0.14931629926842452 -0.14893667446474321 0.95849683626338977 -0.17351479114396184 0.53713507394146387 0.49077995961412513 -0.71195307619323489 -0.22596679261433597
decision_type=2 2 2 2 2 2 2 2 2 2 2 2 2 2 2 2 2 2 2 2 2 2 2 2 2 2 2 2
left_child=1 2 3 6 10 -3 -1 8 12 -5 17 -8 -4 18 -10 -13 -6 25 19 -14 -17 -15 -16 -22 -12 26 -2 -19
right_child=4 5 7 9 16 -7 11 -9 14 -11 24 15 13 21 22 20 -18 27 -20 -21 23 -23 -24 -25 -26 -27 -28 -29
leaf_value=-0.038896179293847623 -0.0031761254294381354 -0.0095686167265387739 0.0076122650887927024 -0.068276415406708174 0.032790838179431549 -0.065814456383003234 0.0061518687300684757 0.018526683513382627 -0.0056412765222286975 -0.020765805466233116 0.0066098841633622134 0 -0.0095751953847928398 -0.00088646769589233588 -0.026484950652642215 -0.0027145180307938605 0.018388147888603851 0.001885084184364874 -0.016077571561316142 -0.00084090390401529312 -0.014968955715713312 0.0048205326270910932 -0.010487153155852531 -0.0046487022987617456 0.011698877468121319 0.00091377105455357896 0 0.0047346764676915168
leaf_weight=11.999999999999998 11.999999999999995 11.000000000000002 12.999999999999998 17.000000000000004 24 14.999999999999998 14.999999999999998 11.999999999999998 10.999999999999998 10.999999999999998 45 11.999999999999998 17.999999999999996 11.999999999999998 26 11.999999999999998 73 33 18 17.000000000000004 16.999999999999996 24 15.999999999999998 12.000000000000005 97 10.999999999999998 21.000000000000004 65
leaf_count=12 12 11 13 17 24 15 15 12 11 11 45 12 18 12 26 12 73 33 18 17 17 24 16 12 97 11 21 65
internal_value=-0.00202525 -0.0188341 -0.0150306 -0.0262584 0.0113222 -0.0484893 -0.0122836 -0.00707058 -0.00971192 -0.0567719 0.00666038 -0.0047214 -0.0034135 -0.00547637 -0.020136 -0.00822962 0.0237211 0.00253718 -0.0109987 -0.00624671 -0.0104415 0.00289693 -0.0226077 -0.0124263 0.0104665 -0.000683298 -0.00145341 0.0040063
internal_weight=682 301 275 108 381 26 80 167 155 28 284 68 102 89 53 53 97 142 53 35 41 36 42 29 142 44 33 98
internal_count=682 301 275 108 381 26 80 167 155 28 284 68 102 89 53 53 97 142 53 35 41 36 42 29 142 44 33 98
is_linear=0
shrinkage=0.0529975


Tree=55
num_leaves=26
num_cat=0
split_feature=37 29 19 29 37 13 19 28 29 37 29 19 29 37 19 29 1 10 9 37 37 4 37 37 30
split_gain=50.916 9.8477 7.94961 12.5028 6.88644 5.66852 4.9804 4.61593 4.46539 1.21375 1.05282 0.952682 1.40301 0.604011 0.475184 0.590499 0.42477 0.3414 0.309934 0.150536 0.12499 0.0246464 0.0180064 0.00296799 0.00594625
threshold=-0.83396665377261525 0.97680816365010603 -0.53971877660986134 0.078887950514269417 1.3126451009290661 1.0908823886052119 -1.0115814289029357 0.39843704435668925 0.47209431521368045 -0.0026199048419071019 -0.42621382510666844 0.040536917192709972 0.18695111340895401 2.0509306466212647 -0.21848414259570967 -0.21380076490868594 -0.057509765522931737 0.41199170544128089 -0.067729804180652955 0.43166571027115175 -0.55685107079571161 0.47843460466399251 -0.71195307619323489 -0.41622525256862508 0.42334779089211111
decision_type=2 2 2 2 2 2 2 2 2 2 2 2 2 2 2 2 2 2 2 2 2 2 2 2 2
left_child=1 2 3 6 9 -3 -1 8 11 20 -8 12 14 -6 15 -4 -10 -12 -13 -11 21 22 -2 -22 -25
right_child=4 5 7 -5 13 -7 10 -9 16 19 17 18 -14 -15 -16 -17 -18 -19 -20 -21 23 -23 -24 24 -26
leaf_value=-0.037521637265286539 -0.0031146628765858545 -0.0092404153706956548 0.0026069722275638631 -0.061250463709360728 0.015745185109000723 -0.063322601087684366 0.0059189477081490098 0.0178719746859177 -0.0093777751479955564 0.0057089882290521764 -0.00053266407627348955 -0.0024356081584261282 -0.01591551579518112 0.028502639188206357 0.003239475083028423 -0.0084635814722205018 -0.026840987768792436 -0.012223771711740558 0.0067440889734103372 0.010424771885937689 0.00071404084644403627 0.00040270908255934956 0 0.0032092186459366473 0.00043620664738625454
leaf_weight=11.999999999999998 10.999999999999998 11.000000000000002 14.999999999999998 18 70 14.999999999999998 14.999999999999998 11.999999999999998 15.999999999999998 72 11.999999999999998 13.000000000000002 30 40 21 38 35 21 17 95 17 10.999999999999998 12.000000000000002 42 10.999999999999998
leaf_count=12 11 11 15 18 70 15 15 12 16 72 12 13 30 40 21 38 35 21 17 95 17 11 12 42 11
internal_value=-0.00200494 -0.0181147 -0.0144507 -0.028267 0.0107877 -0.0466798 -0.0135999 -0.00827249 -0.0105128 0.00596839 -0.00398744 -0.0049092 -0.00723744 0.0216781 -0.0027027 -0.0052655 -0.0230479 -0.00888719 0.0028291 0.00870035 0.00128283 -0.00109367 -0.00198549 0.00252426 0.00285491
internal_weight=682 301 275 78 381 26 60 197 185 271 48 134 104 110 74 53 51 33 30 167 104 34 23 70 53
internal_count=682 301 275 78 381 26 60 197 185 271 48 134 104 110 74 53 51 33 30 167 104 34 23 70 53
is_linear=0
shrinkage=0.0529975


Tree=56
num_leaves=29
num_cat=0
split_feature=37 29 19 6 19 19 37 29 19 37 19 29 7 45 28 29 45 5 13 37 30 19 37 14 37 37 1 6
split_gain=46.6022 9.19555 11.3109 7.73775 9.26288 7.07592 6.28124 2.61183 4.44202 1.45431 0.934229 1.75459 0.494665 0.367114 0.364426 0.343671 0.339564 0.277556 0.253505 0.246398 0.126556 0.0731001 0.0253379 0.0232931 0.0308672 0.0120085 0.00914688 0.000570069
threshold=-0.83396665377261525 0.58730087529752451 0.0028533845507611034 -0.80240145784080619 0.51248132294284898 -1.0115814289029357 1.5897606839059695 0.22564952026964777 -0.1457840957559802 0.26001949096456295 -0.23593425786207264 -0.15324387896073374 0.90433117468419455 -0.17351479114396184 -0.39384282725580821 -0.45548505196500272 -0.73972095171899488 -0.77362208666853782 -0.36477562066720498 -0.47206197451173448 -0.24010109566696164 -0.56005770063271443 -0.16806204393259483 0.49077995961412513 -0.6602524077273918 0.6756928654299158 -0.29245322120738404 -0.99425229825236416
decision_type=2 2 2 2 2 2 2 2 2 2 2 2 2 2 2 2 2 2 2 2 2 2 2 2 2 2 2 2
left_child=1 5 -3 -4 -5 -1 9 10 -9 19 11 15 20 14 -13 -7 -17 -8 -12 23 -10 -18 27 24 -2 -11 -20 -21
right_child=6 2 3 4 -6 7 17 8 12 25 18 13 -14 -15 -16 16 21 -19 26 22 -22 -23 -24 -25 -26 -27 -28 -29
leaf_value=-0.043160037704579775 -0.0027535551561645708 -0.065842608710776906 -0.040798398097957732 -0.0224057620874752 0.024914539807318697 0.0062198043606579 0.031707720099950848 -0.032290554770679845 -0.0021892087535136965 0.0067503735060215455 -0.0019946832396456659 -0.019439737204133591 0.001080088665469905 -0.0028875792664173421 -0.004937629757031655 0.0024949150103905017 -0.0081974623702428546 0.017252142759030538 0.0075473795818650647 0.00024895220576772592 -0.011134407376317308 -0.0011764314488982327 0.0046236712403077713 0.00086570372516439121 0 0.011312631455353342 0.0019073587487892325 0.0022162434212569652
leaf_weight=12.999999999999998 14.999999999999995 17 18 20 14.999999999999998 12.999999999999998 20 25 11.999999999999998 51 12.999999999999998 22.999999999999996 17 12.999999999999998 14.000000000000002 18.999999999999996 11.999999999999998 64 10.999999999999998 10.999999999999998 23 12.000000000000005 68 10.999999999999998 18.000000000000004 94 11.000000000000002 29
leaf_count=13 15 17 18 20 15 13 20 25 12 51 13 23 17 13 14 19 12 64 11 11 23 12 68 11 18 94 11 29
internal_value=-0.00196666 -0.0173789 -0.0336792 -0.0176005 -0.0012774 -0.0116828 0.010272 -0.00866937 -0.0162091 0.00636766 -0.00401118 -0.00642359 -0.0058179 -0.0130587 -0.0155688 7.80171e-05 -0.00217021 0.0226549 0.0029955 0.00252815 -0.00900665 -0.00585674 0.00384132 -0.000629499 -0.00136349 0.010086 0.00598938 0.00193007
internal_weight=682 301 70 53 35 231 381 218 77 297 141 106 52 50 37 56 43 84 35 152 35 24 108 44 33 145 22 40
internal_count=682 301 70 53 35 231 381 218 77 297 141 106 52 50 37 56 43 84 35 152 35 24 108 44 33 145 22 40
is_linear=0
shrinkage=0.0529975


Tree=57
num_leaves=30
num_cat=0
split_feature=37 29 19 29 37 13 19 28 29 37 29 19 29 31 34 5 10 9 29 7 37 37 29 9 19 4 37 37 30
split_gain=42.7333 9.0731 7.27124 12.6796 5.74245 5.19671 4.3142 3.78268 3.17618 1.12752 0.959006 0.794599 1.39636 0.719206 0.451086 0.429053 0.31794 0.226687 0.223739 0.154256 0.138281 0.126001 0.0952743 0.0918354 0.0910785 0.0217943 0.0159371 0.00544254 0.00516058
threshold=-0.83396665377261525 0.97680816365010603 -0.47712027691041697 0.078887950514269417 1.4822232934970201 1.0908823886052119 -1.0115814289029357 0.39843704435668925 0.44790493864222342 0.038740629930765665 -0.35926482381618469 -0.01797744780787414 -0.038706643134804007 0.95849683626338977 -0.20660133857064752 -0.71569658108875978 0.43986906136237963 -0.13771750918065828 0.22011875519856186 -1.0321937156883252 0.53713507394146387 -0.55685107079571161 -0.46951660471587603 0.084163625487983965 -0.40088761763739383 0.47843460466399251 -0.71195307619323489 -0.41622525256862508 0.42334779089211111
decision_type=2 2 2 2 2 2 2 2 2 2 2 2 2 2 2 2 2 2 2 2 2 2 2 2 2 2 2 2 2
left_child=1 2 3 6 9 -3 -1 8 11 21 22 12 24 14 -10 19 -12 -13 23 -6 -11 25 -8 -14 -4 26 -2 -23 -29
right_child=4 5 7 -5 15 -7 10 -9 13 20 16 17 18 -15 -16 -17 -18 -19 -20 -21 -22 27 -24 -25 -26 -27 -28 28 -30
leaf_value=-0.034670451293002953 -0.0029133844205808165 -0.0084497809717926295 0 -0.05463313030452558 0.036515701325490403 -0.059947064862272859 0.0061406594626770734 0.017052375228452609 -0.0071646978937431743 0.0055394442653177401 -0.0011261631525731647 -0.0014812849650754798 -0.0015480996997260593 -0.0066359939159599144 -0.027076610817170086 0.015731088225599765 -0.011878628101311694 0.0062206031200721153 -0.014506141705755767 0.01290406695095226 0.010031976659815502 0.00065339549536136811 0 -0.0079298721783828095 0.0068403818063203893 0.00037588702149144284 0 0.003194422286733526 0.00053540334276798787
leaf_weight=11.999999999999998 10.999999999999998 11.000000000000002 11.000000000000002 23 11.000000000000002 14.999999999999998 11.000000000000002 11.999999999999998 10.999999999999998 74 13.999999999999998 12.999999999999998 18 19 24 73 26 20 21 12.999999999999998 97 17 10.999999999999998 18 10.999999999999998 10.999999999999998 12.000000000000002 50 11.999999999999998
leaf_count=12 11 11 11 23 11 15 11 12 11 74 14 13 18 19 24 73 26 20 21 13 97 17 11 18 11 11 12 50 12
internal_value=-0.00192623 -0.0166849 -0.0131885 -0.0244906 0.00979328 -0.0440447 -0.0116417 -0.00639418 -0.00866514 0.00572609 -0.00441733 -0.00313202 -0.00591956 -0.0185648 -0.0229523 0.0206069 -0.00890455 0.00324619 -0.0100485 0.0290952 0.00838084 0.00143014 0.00365153 -0.00558195 0.00438964 -0.00100859 -0.00185241 0.00255901 0.0028751
internal_weight=682 301 275 97 381 26 74 178 166 284 62 112 79 54 35 97 40 33 57 24 171 113 22 36 22 34 23 79 62
internal_count=682 301 275 97 381 26 74 178 166 284 62 112 79 54 35 97 40 33 57 24 171 113 22 36 22 34 23 79 62
is_linear=0
shrinkage=0.0529975


Tree=58
num_leaves=30
num_cat=0
split_feature=37 29 19 29 37 36 38 29 29 19 37 19 29 19 29 29 34 31 5 9 37 31 19 37 2 37 37 29 10
split_gain=39.2177 8.43946 6.7768 10.5274 5.31858 4.79019 3.72347 3.38808 1.64827 2.08005 1.22366 0.760667 1.08364 0.451365 0.416086 0.403259 0.370712 0.36996 0.261014 0.245645 0.203993 0.0529394 0.0495058 0.0196932 0.0180628 0.0267667 0.0151212 0.0142244 0.0060028
threshold=-0.83396665377261525 0.97680816365010603 -0.53971877660986134 -0.15324387896073374 1.6207810849854718 -1.214660793517546 -0.22570561972252259 0.47209431521368045 -0.51239515180929074 -0.72300716320613401 0.26001949096456295 0.040536917192709972 0.10301941411127748 -0.2121049340780008 0.14814661164550594 -0.21380076490868594 -0.20660133857064752 0.95849683626338977 -0.71569658108875978 -0.067729804180652955 -0.47206197451173448 0.46595064268379355 -0.075962742399489067 -0.22596679261433597 0.54859018840289686 -0.71195307619323489 0.68810102586171784 0.22011875519856186 -1.0294279599571521
decision_type=2 2 2 2 2 2 2 2 2 2 2 2 2 2 2 2 2 2 2 2 2 2 2 2 2 2 2 2 2
left_child=1 2 3 8 10 -3 -4 11 -1 -10 20 12 13 15 -5 -8 -9 -18 -6 -13 24 -11 27 -22 25 -2 -12 -14 -25
right_child=4 5 6 14 18 -7 7 16 9 21 26 19 22 -15 -16 -17 17 -19 -20 -21 23 -23 -24 28 -26 -27 -28 -29 -30
leaf_value=0.0070761981347641162 -0.0028134560830042608 -0.057677359911408738 0.016449766439645283 -0.023450301669025606 0.028656894338212877 -0.0081599554091743558 0.0025541998521117371 -0.0066528897418527636 -0.026727661939735536 -0.0033870507322340399 0.0061946140126595732 -0.0019430866266884935 -0.0056970922884236053 0.0057800742094738754 -0.057563560020566187 -0.006660498969842216 -0.027552623264489547 -0.009311809879577207 0.015450505452775831 0.0062299784738618601 0.001534931443107406 0.00063051547262444837 -0.004055107649145369 0.0010432981594839102 0.00065845014516007936 0 0.010368898670193954 -0.01607074633506464 0.0044144763861598581
leaf_weight=11.999999999999998 10.999999999999995 15.000000000000002 11.999999999999998 17 23 10.999999999999998 14.999999999999998 12.999999999999998 10.999999999999995 12.000000000000005 54 13.000000000000002 12.999999999999998 12.999999999999998 14.999999999999998 33 23 14.999999999999998 58 17 33 10.999999999999998 10.999999999999998 11.999999999999998 11.999999999999998 21.000000000000004 94 19 63
leaf_count=12 11 15 12 17 23 11 15 13 11 12 54 13 13 13 15 33 23 15 58 17 33 11 11 12 12 21 94 19 63
internal_value=-0.00187873 -0.0160173 -0.0126464 -0.0253827 0.00934819 -0.0424014 -0.00696834 -0.00899268 -0.00711937 -0.0126139 0.0058302 -0.00411291 -0.00620155 -0.00122897 -0.0461856 -0.00368769 -0.0199099 -0.0227615 0.0209975 0.00276058 0.00228831 -0.00149169 -0.0120994 0.00348419 -0.000573149 -0.00124985 0.00919172 -0.0136044 0.00407849
internal_weight=682 301 275 78 381 26 197 185 46 34 300 134 104 61 32 48 51 38 81 30 152 23 43 108 44 32 148 32 75
internal_count=682 301 275 78 381 26 197 185 46 34 300 134 104 61 32 48 51 38 81 30 152 23 43 108 44 32 148 32 75
is_linear=0
shrinkage=0.0529975


Tree=59
num_leaves=31
num_cat=0
split_feature=37 37 13 19 30 13 6 37 47 30 2 12 12 36 35 6 5 2 47 31 3 37 1 10 35 14 37 37 37 10
split_gain=36.0309 4.86121 4.25935 10.7146 3.7361 5.61128 2.27022 1.10323 0.994225 0.960149 0.950732 0.905624 0.837455 0.511787 0.988291 0.454912 0.265569 0.264249 0.261979 0.241499 0.208019 0.186494 0.185609 0.0693545 0.0626984 0.0195116 0.0254381 0.016988 0.00989192 0.00399745
threshold=-0.83396665377261525 1.6207810849854718 1.8940040488934418 0.64073303228167133 0.51672676570704579 -0.29450247539198487 0.088757745807232752 0.26001949096456295 0.18623680039949722 -0.2109004484561201 -0.63071523677208929 0.24401710330907569 -1.2067012661287386 -0.85866159067086778 -0.23518336810295823 0.20834490871109884 -0.77362208666853782 0.18782988807876386 -0.37083994465513953 -0.161332311007613 -0.32293053028958524 -0.47206197451173448 0.015519502361516649 0.90238280710740504 0.60008465407430245 0.49077995961412513 -0.6602524077273918 -0.22596679261433597 0.68810102586171784 -1.0294279599571521
decision_type=2 2 2 2 2 2 2 2 2 2 2 2 2 2 2 2 2 2 2 2 2 2 2 2 2 2 2 2 2 2
left_child=2 7 3 4 8 11 -7 21 15 20 -8 17 -11 14 -14 22 -3 -6 -17 -20 -10 25 -1 -13 -15 26 -2 -23 -9 -29
right_child=1 16 -4 -5 5 6 10 28 9 12 -12 23 13 24 -16 18 -18 -19 19 -21 -22 27 -24 -25 -26 -27 -28 29 -30 -31
leaf_value=0.0036723135661179628 -0.0024929036246844069 0.028190846997261376 -0.042560676082414969 0.026975518138448784 0.0042486448639788565 -0.043971926300291862 -0.0020107919205532413 0.0058991271458680742 -0.0067030983260203776 -0.0032675766856150056 -0.022986214548923582 -0.01848700334840692 -0.0086844919682629029 -0.0063393467139356598 -0.035389280315652312 -0.013675966725267087 0.014992436253256853 -0.0047043615943966064 0.0010231132887803596 -0.007433123052907103 0.0014077645295280095 0.0014660925779263908 -0.0033610377058154919 -0.0054560233460887288 -0.015384090956982809 0.0007979368348232747 0 0.001006429361573918 0.00985232592807362 0.0042008530662448708
leaf_weight=16.000000000000004 14.999999999999995 20 10.999999999999998 11.999999999999998 11.000000000000002 31 11.000000000000002 54 12.000000000000002 15.999999999999998 17 11.000000000000002 13.000000000000002 24.000000000000007 10.999999999999991 10.999999999999998 61 13.999999999999998 14 13 11.999999999999998 33 13.999999999999998 10.999999999999998 15.999999999999998 10.999999999999998 18.000000000000004 11.999999999999998 94 63
leaf_count=16 15 20 11 12 11 31 11 54 12 16 17 11 13 24 11 11 61 14 14 13 12 33 14 11 16 11 18 12 94 63
internal_value=-0.00184874 0.00891233 -0.0154007 -0.0135055 -0.0158102 -0.0236286 -0.0339026 0.00554834 -0.0103189 -0.0135471 -0.0167595 -0.00822299 -0.0162196 -0.0188006 -0.0257847 -0.00458965 0.0200501 -0.000479861 -0.00802762 -0.00344763 -0.0029441 0.00218156 0.000182917 -0.0147851 -0.011643 -0.000548719 -0.00123039 0.00332552 0.00874117 0.00388833
internal_weight=682 381 301 290 278 106 59 300 172 104 28 47 80 64 24 68 81 25 38 27 24 152 30 22 40 44 33 108 148 75
internal_count=682 381 301 290 278 106 59 300 172 104 28 47 80 64 24 68 81 25 38 27 24 152 30 22 40 44 33 108 148 75
is_linear=0
shrinkage=0.0529975


Tree=60
num_leaves=28
num_cat=0
split_feature=37 29 19 29 19 37 36 28 29 29 37 29 19 29 7 29 45 37 37 30 36 45 17 37 6 37 37
split_gain=33.1071 7.85102 6.10722 11.0623 5.70347 4.44522 4.11083 2.94872 2.12638 1.32315 0.959102 0.729004 1.13233 0.459436 0.547295 0.360658 0.291438 0.184223 0.172993 0.111582 0.104994 0.0826745 0.0240553 0.0354779 0.0155415 0.00317336 0.00108234
threshold=-0.83396665377261525 0.97680816365010603 -0.43163804429725716 0.30857929730614952 -1.0115814289029357 1.5897606839059695 -1.214660793517546 0.39843704435668925 0.44790493864222342 -0.15324387896073374 0.32826437333946856 -0.055057563883069295 -0.056149554105834644 0.72064798413292819 0.82466603219277423 -0.42621382510666844 -0.73972095171899488 -0.41622525256862508 2.0509306466212647 0.12133585313152949 0.16340063685669085 -0.39999725537397507 1.3627430235372955 -0.71195307619323489 -1.3329011561560891 -0.32523207606874988 -0.55685107079571161
decision_type=2 2 2 2 2 2 2 2 2 2 2 2 2 2 2 2 2 2 2 2 2 2 2 2 2 2 2
left_child=1 2 3 4 -1 10 -3 8 11 15 17 -4 19 14 -10 -6 -17 22 -7 -13 -14 -11 23 -2 -19 -26 -25
right_child=5 6 7 -5 9 18 -8 -9 13 21 -12 12 20 -15 -16 16 -18 24 -20 -21 -22 -23 -24 26 25 -27 -28
leaf_value=-0.03884429211654649 -0.0027456704645212144 -0.054409462607963921 0.0073553834189315518 -0.057556845515322981 0.0055324429719575442 0.012532947953892039 -0.0080582345268716531 0.015694804278438272 -0.013457627856873806 -0.016026441389632589 0.0083830032089308778 -0.0023593540356387417 0.0045800348480306181 -0.023635636190167592 -0.0004335780638495423 0.0021070666200195178 -0.0063836424662361869 0.0003841901714853645 0.023236793018526398 -0.010077767324916451 -0.00059849035320939405 -0.0048235510149384642 0.00129235988824526 -4.4030103243585269e-07 0.000983583924324651 0.0038795061791411147 0.00041134467356922666
leaf_weight=12.999999999999998 12.999999999999995 15.000000000000002 12.999999999999998 13.999999999999998 14.999999999999998 44 10.999999999999998 11.999999999999998 25 19.000000000000004 138 13.999999999999998 24 12.999999999999998 14.999999999999998 13.999999999999991 21.000000000000007 10.999999999999998 40 39 11.999999999999998 11.999999999999998 10.999999999999998 14.999999999999998 12.999999999999998 84 12.000000000000005
leaf_count=13 13 15 13 14 15 44 11 12 25 19 138 14 24 13 15 14 21 11 40 39 12 12 11 15 13 84 12
internal_value=-0.00181633 -0.0148068 -0.0115741 -0.0210906 -0.0124638 0.00849882 -0.0402029 -0.00486169 -0.00702183 -0.00576403 0.00521337 -0.00216954 -0.00401081 -0.0150722 -0.0094187 -1.26641e-06 -0.00300556 0.00221536 0.0189163 -0.00860436 0.00284856 -0.0133633 -0.000277461 -0.000973215 0.00340647 0.00363907 1.23901e-05
internal_weight=682 301 275 108 94 381 26 167 155 81 297 102 89 53 40 50 35 159 84 53 36 31 51 40 108 97 27
internal_count=682 301 275 108 94 381 26 167 155 81 297 102 89 53 40 50 35 159 84 53 36 31 51 40 108 97 27
is_linear=0
shrinkage=0.0529975


Tree=61
num_leaves=27
num_cat=0
split_feature=37 29 47 19 19 37 29 19 19 29 37 37 19 31 45 47 39 30 28 29 37 5 37 4 37 13
split_gain=30.3986 7.30042 12.0602 5.68467 5.4184 4.06613 2.46829 5.75994 0.643273 1.1882 0.616089 0.590541 0.457739 0.460133 0.414657 0.288735 0.278465 0.263213 0.239322 0.0868209 0.0672991 0.0554214 0.0496893 0.0171363 0.0119209 0.000796187
threshold=-0.83396665377261525 0.67203377572161016 0.60404435919047483 0.33370678093295086 -1.0115814289029357 1.1864954698724162 0.22564952026964777 -0.17649589006198593 -0.23593425786207264 -0.15324387896073374 2.0509306466212647 -0.012960038535074606 0.25753102098526071 0.95849683626338977 -0.17351479114396184 1.0000000180025095e-35 -0.66602670239464246 0.99608930189529632 -0.39384282725580821 -0.33096837825487457 -0.55685107079571161 -0.71569658108875978 0.41925754983934965 0.47843460466399251 -0.71195307619323489 -0.95707784512977445
decision_type=2 2 2 2 2 2 2 2 2 2 2 2 2 2 2 2 2 2 2 2 2 2 2 2 2 2
left_child=1 4 3 -3 -1 11 8 -8 9 15 -7 20 13 -9 18 17 -10 -6 -11 -17 23 -12 -13 24 -2 -22
right_child=5 2 -4 -5 6 10 7 12 16 14 21 22 -14 -15 -16 19 -18 -19 -20 -21 25 -23 -24 -25 -26 -27
leaf_value=-0.037435475579949792 -0.002537273539339371 -0.029380696088883759 -0.058559723498973738 0.0082398294106069275 0 0.011474974584864638 -0.032421070108151998 -0.0092365952561520841 0.0060620660305449317 -0.015867323657665262 0.02772766296253916 0.0041276419504487471 0.0029307596467558401 0.0010025083474689924 -0.00084970092890011384 0 -0.0023883304399067618 0.0085973963134259278 -0.0039645883256954253 -0.0054233057284363475 0.0001681398868862416 0.012401604889296732 0.0073168275383758453 0.00032533270672390814 0 0.0019593728287514716
leaf_weight=12.999999999999998 10.999999999999998 13.999999999999998 20 21 21 79 26 38 23 22.999999999999996 18 73 13.999999999999998 13.999999999999998 12.999999999999998 11.000000000000002 11.999999999999998 10.999999999999998 14.000000000000002 12.999999999999998 10.999999999999998 22 89 10.999999999999998 12.000000000000002 55
leaf_count=13 11 14 20 21 21 79 26 38 23 23 18 73 14 14 13 11 12 11 14 13 11 22 89 11 12 55
internal_value=-0.00179129 -0.014239 -0.0309429 -0.00873437 -0.0098292 0.0080929 -0.0073591 -0.0138587 -0.0026784 -0.00470114 0.0160154 0.00419063 -0.00435795 -0.00654085 -0.01017 0.000580477 0.00306886 0.0036887 -0.0127071 -0.0032399 0.000829863 0.0221658 0.00611993 -0.000860328 -0.00161828 0.00179672
internal_weight=682 301 55 35 246 381 233 92 141 106 119 262 66 52 50 56 35 32 37 24 100 40 162 34 23 66
internal_count=682 301 55 35 246 381 233 92 141 106 119 262 66 52 50 56 35 32 37 24 100 40 162 34 23 66
is_linear=0
shrinkage=0.0529975


Tree=62
num_leaves=30
num_cat=0
split_feature=37 29 19 29 9 37 28 29 29 19 37 19 29 29 19 29 1 31 14 9 17 37 37 19 29 2 37 10 37
split_gain=27.8751 7.07961 5.62286 8.51165 4.01959 3.75778 2.84528 2.51197 1.55866 1.73442 0.802618 0.577368 0.856995 0.491751 0.349828 0.350582 0.339096 0.427279 0.307518 0.202955 0.136932 0.119833 0.0576585 0.0504777 0.0266072 0.0169801 0.01517 0.0100663 0.00467919
threshold=-0.83396665377261525 0.97680816365010603 -0.53971877660986134 -0.15324387896073374 -0.16485324082072425 1.6207810849854718 0.39843704435668925 0.47209431521368045 -0.51239515180929074 -0.72300716320613401 0.17936644815785227 0.040536917192709972 0.10301941411127748 0.078887950514269417 -0.21848414259570967 -0.21380076490868594 -0.057509765522931737 0.95849683626338977 -1.2799481435139477 -0.067729804180652955 -0.77759155158674242 -0.50308237559123692 0.84940711147513925 -0.64259766935448892 0.18695111340895401 0.54859018840289686 -0.6602524077273918 -1.061256974839502 -0.32523207606874988
decision_type=2 2 2 2 2 2 2 2 2 2 2 2 2 2 2 2 2 2 2 2 2 2 2 2 2 2 2 2 2
left_child=1 2 3 8 -3 10 7 11 -1 -10 21 12 14 -5 15 -4 -9 -18 -7 -13 -20 25 -12 -11 -14 26 -2 -23 -29
right_child=5 4 6 13 -6 18 -8 16 9 23 22 19 24 -15 -16 -17 17 -19 20 -21 -22 27 -24 -25 -26 -27 -28 28 -30
leaf_value=0.0077630361209850736 -0.0022644775306024279 -0.0067999966432465845 0.0028495769582204183 -0.018196651077517046 -0.051692684298529482 0.027938260674511165 0.014927158555952773 -0.0060671822016661169 -0.024130263777769861 0.00087251073854113196 0.0051348602664864794 -0.0014620994370818118 -0.0038248314701389953 -0.049258362514092324 0.0053661414335471683 -0.005713345796425605 -0.024443443523362456 -0.007059576884305546 0.00531139686995802 0.0059829521687961703 0.015300043391329708 0.00052898354238589869 0.0087335905512644415 -0.0030376856975365867 -0.011586595437878724 0.00058658279546756843 0 0.0010204703801917328 0.0032646569202328243
leaf_weight=11.999999999999998 13.999999999999998 11.000000000000002 14.999999999999998 13.999999999999998 14.999999999999998 10.999999999999998 11.999999999999998 15.999999999999998 10.999999999999995 10.999999999999998 80 13.000000000000002 12.999999999999998 18 13.999999999999998 32 21 13.999999999999998 15.999999999999998 17 54 17 82 12.000000000000005 30 10.999999999999998 15.000000000000002 21 60
leaf_count=12 14 11 15 14 15 11 12 16 11 11 80 13 13 18 14 32 21 14 16 17 54 17 82 12 30 11 15 21 60
internal_value=-0.00174389 -0.0136638 -0.0106045 -0.0221811 -0.0377518 0.00772092 -0.00546668 -0.0072532 -0.0058326 -0.0112502 0.00476275 -0.00307061 -0.0049064 -0.040869 -0.000537087 -0.0028355 -0.016641 -0.0197099 0.0175134 0.00285659 0.0137081 0.00162026 0.00724473 -0.00113301 -0.0101379 -0.000627056 -0.00130861 0.00258796 0.00287356
internal_weight=682 301 275 78 26 381 197 185 46 34 300 134 104 32 61 47 51 35 81 30 70 138 162 23 43 40 29 98 81
internal_count=682 301 275 78 26 381 197 185 46 34 300 134 104 32 61 47 51 35 81 30 70 138 162 23 43 40 29 98 81
is_linear=0
shrinkage=0.0529975


Tree=63
num_leaves=29
num_cat=0
split_feature=37 29 19 29 19 13 37 28 29 29 37 29 19 31 14 29 17 45 34 9 37 29 19 9 14 37 37 37
split_gain=25.6185 6.57586 5.2245 9.46711 4.83082 4.04598 3.48536 2.37133 1.63405 1.07017 0.852667 0.624714 0.923526 0.399642 0.33624 0.31058 0.289941 0.261537 0.197638 0.170854 0.162471 0.145314 0.186282 0.134394 0.0206839 0.0289939 0.0131439 0.000637875
threshold=-0.83396665377261525 0.97680816365010603 -0.43163804429725716 0.31624251926828922 -1.0115814289029357 1.0908823886052119 1.6580055662808781 0.39843704435668925 0.44790493864222342 -0.15324387896073374 0.41925754983934965 -0.055057563883069295 -0.01797744780787414 0.95849683626338977 -1.2588429217841732 -0.42621382510666844 -0.77759155158674242 -0.73972095171899488 -0.1768095337266917 -0.13771750918065828 -0.41622525256862508 0.11842374060933906 -0.23593425786207264 -0.067729804180652955 1.3708677057457181 -0.71195307619323489 -0.10808926851221907 -0.55685107079571161
decision_type=2 2 2 2 2 2 2 2 2 2 2 2 2 2 2 2 2 2 2 2 2 2 2 2 2 2 2 2
left_child=1 2 3 4 -1 -3 10 8 11 15 20 -4 21 18 -8 -6 -16 -17 -10 -14 24 22 -13 -11 25 -2 -22 -27
right_child=6 5 7 -5 9 -7 14 -9 13 23 -12 12 19 -15 16 17 -18 -19 -20 -21 26 -23 -24 -25 -26 27 -28 -29
leaf_value=-0.035538061034581278 -0.0025038190343105735 -0.0059235491194601008 0.0070900373389814458 -0.053746558156643982 0.0052000857281650232 -0.050256176623252616 0.02806723308054266 0.014399651868408506 -0.0051166863834882339 -0.014717460862227817 0.0078060137242478454 -0.0063365161145853381 -0.00099900139024548698 -0.0043208049631570326 0.0030645209993338954 0.0020818074222072836 0.01515561910026518 -0.0059399059823479726 -0.019238148677288368 0.0056950495298861686 0.0014611857786818441 -0.0099879571602293337 0.00098954877034953528 -0.003970187983206001 0.0011902841273748407 0 0.003623884175316225 0.00031552252234851361
leaf_weight=12.999999999999998 12.999999999999995 11.000000000000002 12.999999999999998 12.999999999999998 14.999999999999998 14.999999999999998 10.999999999999998 11.999999999999998 10.999999999999998 19 140 14.999999999999998 12.999999999999998 19 11.999999999999998 13.999999999999991 45 21.000000000000007 23 20 36 28 13.000000000000002 12.999999999999998 10.999999999999998 14.999999999999998 86 12.000000000000005
leaf_count=13 13 11 13 13 15 15 11 12 11 19 140 15 13 19 12 14 45 21 23 20 36 28 13 13 11 15 86 12
internal_value=-0.00170122 -0.0131286 -0.0101801 -0.0189734 -0.0112373 -0.0363435 0.00737219 -0.00399252 -0.00594311 -0.0051462 0.00478683 -0.00169503 -0.00341831 -0.012997 0.0178258 0 0.013255 -0.00272567 -0.0162961 0.00313077 0.00212489 -0.00731979 -0.00315508 -0.0118508 -0.000252678 -0.000904787 0.00313863 0
internal_weight=682 301 275 108 95 26 381 167 155 82 313 102 89 53 68 50 57 35 34 33 173 56 28 32 51 40 122 27
internal_count=682 301 275 108 95 26 381 167 155 82 313 102 89 53 68 50 57 35 34 33 173 56 28 32 51 40 122 27
is_linear=0
shrinkage=0.0529975


Tree=64
num_leaves=30
num_cat=0
split_feature=37 29 19 29 9 37 19 29 29 19 37 19 29 29 14 19 29 1 31 16 9 37 19 19 14 37 29 37 37
split_gain=23.5632 6.09945 4.93424 7.4708 3.8278 3.22568 2.45252 2.16621 1.46311 1.5455 0.765515 0.486599 0.725575 0.482593 0.34044 0.306219 0.308453 0.293598 0.336592 0.280176 0.171946 0.147492 0.0450152 0.0346084 0.0192869 0.0269382 0.0180488 0.0108518 0.000593589
threshold=-0.83396665377261525 0.97680816365010603 -0.53971877660986134 -0.15324387896073374 -0.16485324082072425 1.6580055662808781 0.39561195406200306 0.47209431521368045 -0.51239515180929074 -0.72300716320613401 0.41925754983934965 0.040536917192709972 0.10301941411127748 0.14814661164550594 -1.2588429217841732 -0.21848414259570967 -0.21380076490868594 -0.057509765522931737 0.95849683626338977 0.4982497880802878 -0.067729804180652955 -0.41622525256862508 -0.64259766935448892 -0.075962742399489067 1.3708677057457181 -0.71195307619323489 0.22011875519856186 -0.10808926851221907 -0.55685107079571161
decision_type=2 2 2 2 2 2 2 2 2 2 2 2 2 2 2 2 2 2 2 2 2 2 2 2 2 2 2 2 2
left_child=1 2 3 8 -3 10 7 11 -1 -10 21 12 15 -5 -7 16 -4 -9 -19 -16 -13 24 -11 26 25 -2 -14 -23 -27
right_child=5 4 6 13 -6 14 -8 17 9 22 -12 20 23 -15 19 -17 -18 18 -20 -21 -22 27 -24 -25 -26 28 -28 -29 -30
leaf_value=0.0077848142945216225 -0.0024130097432031473 -0.0055341646995663608 0.0027211454021815163 -0.018850225127305695 -0.048504119529489749 0.027104534506922004 0.013939269658847071 -0.0058191044812974007 -0.02275690428764534 0.00083233723435348751 0.0074093060603506681 -0.0012897453149871038 -0.0041608352216426425 -0.048031056469087362 0.015571822546812671 0.0050870791361418664 -0.0052955613220624668 -0.022507148017246775 -0.0063087590719386345 0.0050369110689330787 0.005548511860965776 0.0013948036410345696 -0.002847727532368101 -0.0029048481989711323 0.0011494575846655113 0 -0.012451356798895124 0.0034443458240276366 0.00030437235981880872
leaf_weight=11.999999999999998 12.999999999999995 11.000000000000002 14.999999999999998 17 14.999999999999998 10.999999999999998 11.999999999999998 17 10.999999999999995 10.999999999999998 140 13.000000000000002 12.999999999999998 14.999999999999998 36 13.999999999999998 32 21 12.999999999999998 21 17 36 12.000000000000005 10.999999999999998 10.999999999999998 14.999999999999998 19 86 12.000000000000005
leaf_count=12 13 11 15 17 15 11 12 17 11 11 140 13 13 15 36 14 32 21 13 21 17 36 12 11 11 15 19 86 12
internal_value=-0.0016676 -0.012627 -0.00978663 -0.0206287 -0.034987 0.00703408 -0.00497685 -0.00663952 -0.00532353 -0.0105981 0.00454735 -0.00275647 -0.00444552 -0.0381339 0.0170899 -0.000423686 -0.00258684 -0.0153561 -0.0183627 0.0126503 0.00267001 0.00202168 -0.00103866 -0.00925826 -0.000238108 -0.000871646 -0.0104553 0.00298781 0
internal_weight=682 301 275 78 26 381 197 185 46 34 313 134 104 32 68 61 47 51 34 57 30 173 23 43 51 40 32 122 27
internal_count=682 301 275 78 26 381 197 185 46 34 313 134 104 32 68 61 47 51 34 57 30 173 23 43 51 40 32 122 27
is_linear=0
shrinkage=0.0529975


Tree=65
num_leaves=27
num_cat=0
split_feature=37 29 47 35 28 37 29 19 37 10 47 19 31 47 28 13 19 26 13 7 37 12 29 37 30 39
split_gain=21.6782 5.72483 10.9169 5.73001 4.65809 2.99398 1.72532 4.28067 0.786991 0.649714 0.47626 0.31068 0.351583 0.272774 0.405457 0.440572 0.34534 0.240602 0.192099 0.173305 0.149978 0.124634 0.0412929 0.0224196 0.0193579 0.0136046
threshold=-0.83396665377261525 0.67203377572161016 0.60404435919047483 -0.075368646038000073 -1.060266269574295 1.7717470369057258 0.22564952026964777 -0.17649589006198593 0.50197861938469224 1.1715663278980337 0.1166022072676676 0.25753102098526071 0.95849683626338977 1.0000000180025095e-35 -0.65305232067043273 -0.10376108107353031 -0.13083393798565543 -1.1200485458509351 0.20744856228815881 -0.19360372307643334 -0.24251100652340463 0.25351183180597675 0.44790493864222342 -0.55685107079571161 0.78580018180191746 -0.68299189021424334
decision_type=2 2 2 2 2 2 2 2 2 2 2 2 2 2 2 2 2 2 2 2 2 2 2 2 2 2
left_child=1 4 3 -3 -1 8 9 -8 20 13 -11 12 22 14 -6 21 18 -7 24 -20 23 -16 -9 25 -15 -2
right_child=5 2 -4 -5 6 17 7 11 -10 10 -12 -13 -14 16 15 -17 -18 -19 19 -21 -22 -23 -24 -25 -26 -27
leaf_value=-0.03536595455097772 0.00019583523499854761 0.016017067329302904 -0.053091776957065531 -0.021558242232898855 0.0083719146729755896 0.025242795252710414 -0.027549103862531479 -0.0034581771124806006 0.0074683807164934628 -0.014670471484552354 -0.00091691402576210871 0.0025404971932060498 0.0012341533179460692 -0.0027751224616695508 -0.00059301140884204513 0.0053333017103997455 0.0038733192579687458 0.01191354969758812 -0.0044658492274756989 0.0030508552655789489 0.0032676540007903123 -0.0075376934195742068 -0.0098599394847421629 0.00096330615714399458 -0.009883899778401737 -0.0014735826064240208
leaf_weight=10.999999999999998 12.999999999999998 13.999999999999998 20 21 13.999999999999998 13.999999999999998 26 20 139 12.000000000000002 14.999999999999998 13.999999999999998 13.999999999999998 12.000000000000002 19 16.000000000000004 10.999999999999998 44 11.000000000000002 10.999999999999998 110 10.999999999999998 18 40 10.999999999999998 21
leaf_count=11 13 14 20 21 14 14 26 20 139 12 15 14 14 12 19 16 11 44 11 11 110 11 18 40 11 21
internal_value=-0.00163163 -0.0121436 -0.0269181 -0.00621339 -0.00825076 0.00671456 -0.00610417 -0.0115565 0.00451112 -0.00222557 -0.00879648 -0.0033896 -0.0052042 -0.000281693 0.00204254 -0.000492792 -0.0028413 0.0173039 -0.00488206 -0.000609548 0.00207513 -0.0041649 -0.00757989 0.000103097 -0.00775674 -0.000726981
internal_weight=682 301 55 35 246 381 235 92 323 143 27 66 52 116 60 46 56 58 45 22 184 30 38 74 23 34
internal_count=682 301 55 35 246 381 235 92 323 143 27 66 52 116 60 46 56 58 45 22 184 30 38 74 23 34
is_linear=0
shrinkage=0.0529975


Tree=66
num_leaves=29
num_cat=0
split_feature=37 29 19 29 13 37 19 19 29 29 29 37 19 14 3 16 4 29 29 45 37 9 37 33 2 37 37 13
split_gain=19.8917 5.48334 4.51948 7.43924 3.86578 2.76924 2.43979 2.13052 1.78748 0.73847 0.678912 0.617794 0.596644 0.376186 0.289491 0.277028 0.253 0.245094 0.240479 0.179998 0.107711 0.0930062 0.0363211 0.0322587 0.0142239 0.0122429 0.0116967 0.00159721
threshold=-0.83396665377261525 0.97680816365010603 -0.47712027691041697 0.14814661164550594 1.0908823886052119 1.6580055662808781 -1.0115814289029357 0.39561195406200306 0.67203377572161016 -0.36455893890392677 -0.055057563883069295 0.34067253377127077 0.040536917192709972 -1.2588429217841732 -0.68341574708224084 0.4982497880802878 -0.62881341216322795 0.44790493864222342 0.11842374060933906 -0.17351479114396184 -0.50308237559123692 0.14296078584831606 0.8576792184296721 -0.036961602758621176 0.54859018840289686 -0.71195307619323489 -0.22596679261433597 -0.39489268292801361
decision_type=2 2 2 2 2 2 2 2 2 2 2 2 2 2 2 2 2 2 2 2 2 2 2 2 2 2 2 2
left_child=1 2 3 6 -3 11 -1 8 10 -8 -4 20 14 -7 -12 -15 -11 21 -16 23 24 -14 -13 -18 25 -2 -22 -28
right_child=5 4 7 -5 -6 13 9 -9 -10 16 12 22 17 15 18 -17 19 -19 -20 -21 26 -23 -24 -25 -26 -27 27 -29
leaf_value=-0.026381040393764599 -0.0021898237295297366 -0.0041797101275469831 0.0051159189901623702 -0.043407022733497967 -0.046332870304108313 0.025489145802985079 0.0036362006372843802 0.013796194538015746 -0.018646128788860773 0 0 0.0042132268259975313 0 0.01428952738461069 -0.0026406196778251379 0.004285793555081404 -0.014637626885320431 -0.0034880301755875098 -0.010677381821940099 -0.0016839838659201936 0.0010233408293716011 0.0057238789544344039 0.0075414056102662318 -0.0043096448997937782 0.00056369588176039887 0 0.0014554888948706609 0.0033943815566949659
leaf_weight=11.999999999999998 10.999999999999998 11.000000000000002 19 19 14.999999999999998 10.999999999999998 21 11.999999999999998 19 11.999999999999998 13.999999999999998 59 14.000000000000002 36 23 21 10.999999999999996 21 43 11.000000000000002 37 12.999999999999998 92 11 10.999999999999998 18.000000000000004 33 52
leaf_count=12 11 11 19 19 15 11 21 12 19 12 14 59 14 36 23 21 11 21 43 11 37 13 92 11 11 18 33 52
internal_value=-0.00159307 -0.0116627 -0.00897726 -0.0178607 -0.0328427 0.0064016 -0.00890014 -0.00367403 -0.00541451 -0.00369228 -0.00299487 0.00409851 -0.00442601 0.015717 -0.00707085 0.0114736 -0.00727463 0.000148414 -0.0084269 -0.00935026 0.00167006 0.00330832 0.00649607 -0.0117522 -0.000522676 -0.00116031 0.00243437 0.00286391
internal_weight=682 301 275 97 26 381 78 178 166 66 147 313 128 68 80 57 45 48 66 33 162 27 151 22 40 29 122 85
internal_count=682 301 275 97 26 381 78 178 166 66 147 313 128 68 80 57 45 48 66 33 162 27 151 22 40 29 122 85
is_linear=0
shrinkage=0.0529975


Tree=67
num_leaves=27
num_cat=0
split_feature=37 13 19 28 35 17 37 0 26 45 37 17 2 12 12 32 5 26 1 37 17 14 37 37 47 37
split_gain=18.2957 3.43388 8.91713 2.69323 3.34995 6.45067 2.58071 1.10829 0.910822 0.756812 0.63699 0.470521 0.837515 0.413583 0.615756 0.4312 0.277104 0.26879 0.135152 0.127634 0.0724351 0.0113988 0.0311448 0.00564117 0.00446841 0.00177587
threshold=-0.83396665377261525 1.8940040488934418 0.64073303228167133 -1.060266269574295 0.13654670861616897 0.18782022108523125 1.7717470369057258 1.755957236742882 -0.67522975953551989 -0.17351479114396184 0.53713507394146387 1.3627430235372955 0.94233115703304737 0.24401710330907569 0.55631592631643223 -0.22840190686835754 -1.3515508589206233 -1.1200485458509351 -0.72708462394241635 -0.34798037019371647 1.4570116471692844 1.3708677057457181 -0.6602524077273918 -0.083272947648617771 0.18623680039949722 -0.55685107079571161
decision_type=2 2 2 2 2 2 2 2 2 2 2 2 2 2 2 2 2 2 2 2 2 2 2 2 2 2
left_child=1 2 3 -1 8 -6 10 11 9 16 19 12 -7 15 -15 18 -5 -8 -10 21 -13 22 -2 -21 -19 -24
right_child=6 -3 -4 4 5 7 17 -9 13 -11 -12 20 -14 14 -16 -17 -18 24 -20 23 -22 -23 25 -25 -26 -27
leaf_value=-0.033194958497541262 -0.0020773138149499243 -0.035182679892467365 0.027058509579978206 -0.0027118321917853037 -0.041678681533644284 -0.0024595784337250464 0.023647712435590301 -0.019789711075526444 0.00029326732432573385 0.0015258717187712858 0.0067868281331646685 0.0018478364485875146 -0.016041412058755127 -0.0099471427422235907 0.001664903747449909 -0.0033573565605831217 -0.015285723341898269 0.0060733800062287594 0.0076750339524522503 0.0012546258028619662 -0.0024911280029800476 0.0010885365484026609 0 0.003167012768519847 0.013522625818684176 0.00059080039454789256
leaf_weight=10.999999999999998 15.999999999999998 10.999999999999998 11.999999999999998 10.999999999999995 18 32 13.999999999999998 21 12.999999999999991 10.999999999999998 136 12.000000000000002 21 21 20 20.000000000000007 28.000000000000004 24 20 31 19 10.999999999999998 11.999999999999995 96 20 21.000000000000004
leaf_count=11 16 11 12 11 18 32 14 21 13 11 136 12 21 21 20 20 28 24 20 31 19 11 12 96 20 21
internal_value=-0.00154906 -0.0112064 -0.00957907 -0.0117231 -0.0101032 -0.0163638 0.00611789 -0.00994402 -0.00426859 -0.0096402 0.00407317 -0.00625042 -0.00904293 -0.000934745 -0.00464442 0.00199699 -0.0127285 0.0159471 0.00543842 0.00191386 -0.000595468 -1.08945e-06 -0.000464717 0.00283034 0.0108149 0.000337237
internal_weight=682 301 290 278 267 123 381 105 144 50 323 84 53 94 41 53 39 58 33 187 31 60 49 127 44 33
internal_count=682 301 290 278 267 123 381 105 144 50 323 84 53 94 41 53 39 58 33 187 31 60 49 127 44 33
is_linear=0
shrinkage=0.0529975


Tree=68
num_leaves=32
num_cat=0
split_feature=37 29 28 29 28 13 37 19 29 29 37 45 29 19 26 47 30 19 31 9 37 17 29 2 26 14 37 37 37 37 13
split_gain=16.8139 5.11574 4.1593 8.50971 3.98709 3.36877 2.40366 1.54856 1.08192 0.917424 0.571464 0.570162 0.291489 0.528066 0.253413 0.250245 0.246979 0.196506 0.316229 0.126418 0.115482 0.0811516 0.0607011 0.0465315 0.0159368 0.0139358 0.0241651 0.00806606 0.00310374 0.00090789 0.000368731
threshold=-0.83396665377261525 0.97680816365010603 -0.29377831161115597 0.31624251926828922 -1.060266269574295 1.0908823886052119 1.7717470369057258 0.39561195406200306 -0.15324387896073374 0.44790493864222342 0.53713507394146387 -0.17351479114396184 0.027640928824010213 -0.01797744780787414 -1.1200485458509351 1.0000000180025095e-35 0.99608930189529632 0.29235489073587734 0.95849683626338977 -0.13771750918065828 -0.37693274453458997 -0.83303732173907696 -0.33096837825487457 0.082532804218022046 -0.35198794435769803 1.3708677057457181 -0.71195307619323489 -0.083272947648617771 0.8576792184296721 -0.55685107079571161 -0.30454149614558773
decision_type=2 2 2 2 2 2 2 2 2 2 2 2 2 2 2 2 2 2 2 2 2 2 2 2 2 2 2 2 2 2 2
left_child=1 2 3 4 -1 -3 10 9 15 12 20 21 -4 23 -8 16 -6 18 -11 -15 25 -10 -17 -14 -16 26 -2 30 -12 -28 -22
right_child=6 5 7 -5 8 -7 14 -9 11 17 28 -13 13 19 24 22 -18 -19 -20 -21 27 -23 -24 -25 -26 -27 29 -29 -30 -31 -32
leaf_value=-0.032056380017340624 -0.0021652539889202315 -0.0041883843405283215 0.0062866714992441224 -0.042926135592369831 0 -0.043801012515380398 0.022770265603115993 0.01308922862115907 -0.0043358153726688366 -0.0129716830355127 0.0036672800126657458 0.00033354438652630002 -0.0018012081370799319 -0.00054462035195372886 0.0044146271882848174 0 0.0083439569363788716 -0.00093805715263533857 -0.001376526267030847 0.005223387330937179 0.00025618982894801991 -0.014149423491313045 -0.0044467898336245449 -0.0076796561876245617 0.011971791066217846 0.0010512000857775506 0 0.0030090366128614318 0.007047691638072325 0.00035496685734423143 0.0016171522563090304
leaf_weight=10.999999999999998 12.999999999999995 11.000000000000002 11.999999999999998 19 21 14.999999999999998 13.999999999999998 11.999999999999998 12.999999999999998 27 34 11.999999999999998 15.000000000000002 12.999999999999995 14.999999999999998 11.000000000000002 11.999999999999998 10.999999999999998 11.999999999999998 20.000000000000004 19 25 12.999999999999998 15.999999999999998 29 10.999999999999998 14.999999999999998 96 102 15.000000000000005 18
leaf_count=11 13 11 12 19 21 15 14 12 13 27 34 12 15 13 15 11 12 11 12 20 19 25 13 16 29 11 15 96 102 15 18
internal_value=-0.00150622 -0.0107644 -0.0081845 -0.0145285 -0.0080449 -0.0311859 0.0058434 -0.00149523 -0.00394447 -0.00346867 0.00387067 -0.00919601 0.000217911 -0.00126128 0.0153283 0.000988115 0.00378693 -0.00862027 -0.0102181 0.00303769 0.00182213 -0.0119994 -0.00261512 -0.005777 0.0103737 -0.000124032 -0.000659084 0.00263381 0.00644233 5.15231e-05 0.00121392
internal_weight=682 301 275 137 118 26 381 138 107 126 323 50 76 64 58 57 33 50 39 33 187 38 24 31 44 54 43 133 136 30 37
internal_count=682 301 275 137 118 26 381 138 107 126 323 50 76 64 58 57 33 50 39 33 187 38 24 31 44 54 43 133 136 30 37
is_linear=0
shrinkage=0.0529975


Tree=69
num_leaves=30
num_cat=0
split_feature=37 29 19 29 28 46 37 30 29 29 31 37 29 19 29 34 5 45 29 9 37 5 39 9 14 37 37 13 37
split_gain=15.4687 4.74906 3.91199 7.10439 3.50956 3.45704 2.23081 1.68846 1.18023 0.797758 0.718588 0.515145 0.475946 0.3007 0.278285 0.276258 0.275911 0.219001 0.218755 0.301909 0.105036 0.0962011 0.0922702 0.0404443 0.0148391 0.0201742 0.00795381 0.00385958 0.000261555
threshold=-0.83396665377261525 0.97680816365010603 -0.43163804429725716 0.31624251926828922 -1.060266269574295 0.47595447567225796 1.7717470369057258 -0.29615053376739703 0.72064798413292819 -0.15324387896073374 -0.25640005587286702 0.53713507394146387 -0.055057563883069295 -0.23593425786207264 -0.42621382510666844 -0.73808928664749962 -0.71569658108875978 -0.73972095171899488 0.22011875519856186 0.42818238464068498 -0.41622525256862508 -0.25512979026685595 -0.66602670239464246 0.26167432773860694 1.3708677057457181 -0.71195307619323489 -0.012960038535074606 -0.30454149614558773 -0.55685107079571161
decision_type=2 2 2 2 2 2 2 2 2 2 2 2 2 2 2 2 2 2 2 2 2 2 2 2 2 2 2 2 2
left_child=1 2 3 4 -1 -3 11 10 12 14 -4 20 -9 23 -6 -11 -8 -16 22 -20 24 -18 -15 -14 25 -2 27 -22 -27
right_child=6 5 7 -5 9 -7 16 8 -10 15 -12 -13 13 18 17 -17 21 -19 19 -21 26 -23 -24 -25 -26 28 -28 -29 -30
leaf_value=-0.030956854174158693 -0.0020867238603702503 -0.0054871605643436782 -0.0020211214172479917 -0.045501521363828089 0.0051217956980096476 -0.044711253420760114 0.020356317121592957 0.0051265286630381426 -0.017961141424023244 -0.0011299094439609231 0.012839579742883123 0.0061274924565413551 -0.0026875216419257907 0.003417910125590163 0.0020845772309255029 -0.012549545342107657 0.0030550596644768262 -0.0052212752975366421 -0.0069900517739949547 0.0001399713177127786 0.0002916644415095993 0.011233149164941052 -0.0016508538792667745 -0.010543652441935414 0.0010151442526143274 0 0.0029369517689836256 0.0018282965393433893 0.0002020429880722769
leaf_weight=10.999999999999998 12.999999999999995 13.000000000000002 11.000000000000002 12.999999999999998 15.999999999999998 12.999999999999998 21 11.999999999999998 11.999999999999998 10.999999999999998 19 136 11.000000000000002 17.000000000000004 13.999999999999991 22 14.999999999999998 21.000000000000007 32 26 24 22 10.999999999999998 15.999999999999998 10.999999999999998 14.999999999999998 87 25 12.000000000000005
leaf_count=11 13 13 11 13 16 13 21 12 12 11 19 136 11 17 14 22 15 21 32 26 24 22 11 16 11 15 87 25 12
internal_value=-0.00146426 -0.0103445 -0.00785839 -0.0154535 -0.00881514 -0.0300213 0.00558494 -0.00254079 -0.00507803 -0.00396857 0.00776763 0.00368459 -0.00302236 -0.00416116 0.000234918 -0.00968118 0.0147219 -0.0022511 -0.00221305 -0.00397106 0.00173656 0.0089686 0.00128121 -0.00862474 -0.000182108 -0.000752623 0.00248256 0.00131653 0
internal_weight=682 301 275 108 95 26 381 167 137 84 30 323 125 113 51 33 58 35 86 58 187 37 28 27 51 40 136 49 27
internal_count=682 301 275 108 95 26 381 167 137 84 30 323 125 113 51 33 58 35 86 58 187 37 28 27 51 40 136 49 27
is_linear=0
shrinkage=0.0529975


Tree=70
num_leaves=31
num_cat=0
split_feature=37 29 19 29 9 37 30 29 29 19 31 30 37 31 44 19 29 19 15 29 37 15 19 13 30 30 37 13 47 13
split_gain=14.2698 4.41414 3.66274 5.5473 3.38619 2.06644 1.80799 1.438 1.36315 1.12603 0.664726 0.635312 0.463727 0.450806 0.449794 0.236624 0.299368 0.220776 0.201035 0.186511 0.114187 0.0982763 0.0614603 0.051844 0.0332785 0.0183525 0.0327414 0.00348838 0.00267643 0.000349683
threshold=-0.83396665377261525 0.97680816365010603 -0.53971877660986134 -0.15324387896073374 -0.16485324082072425 1.7717470369057258 -0.29615053376739703 0.34596874207805095 -0.51239515180929074 -0.71884319282591702 -0.25640005587286702 0.75264601063067438 0.68810102586171784 0.95849683626338977 -0.76745771112333661 0.025394573122468043 -0.038706643134804007 -0.45609526081687068 0.33388045935426675 0.63456062746308672 -0.24251100652340463 0.67100945396799161 -0.10851345830801649 0.48854114338903926 0.93428485078410539 -0.45123578952249371 -0.6085517392615547 -0.88680469985455435 0.53440976605864532 -0.57057554611606387
decision_type=2 2 2 2 2 2 2 2 2 2 2 2 2 2 2 2 2 2 2 2 2 2 2 2 2 2 2 2 2 2
left_child=1 2 3 8 -3 12 10 15 -1 -10 -4 -5 20 -9 -7 16 17 -8 -16 -15 25 -20 23 -18 -11 -2 -27 -22 29 -28
right_child=5 4 6 11 -6 14 7 13 9 24 -12 -13 -14 19 18 -17 22 -19 21 -21 27 -23 -24 -25 -26 26 28 -29 -30 -31
leaf_value=0.0086292033831211791 0.0016811194330849058 -0.0027925438394743288 -0.0019517974793721879 -0.013177381333618388 -0.041509064466555584 0.023048940205960794 -0.0026002761491090874 -0.015719414852832122 -0.018853104034403771 -0.0022149862771913224 0.012322351012282849 -0.039324306607765799 0.0061248465327837552 0 0.012949769043415197 0.00308699093603036 -0.0073372202640262776 0.0047050539544676679 0 -0.0080375577435070327 0.0009065715224546568 0.0062655612332402711 -0.00055980994152647883 -0.001990983989249618 0.00099520486313762406 -0.0018027986979573547 0 0.0029603423869958819 0 0.00087340210898559562
leaf_weight=11.999999999999998 10.999999999999998 11.000000000000002 11.000000000000002 13.999999999999998 14.999999999999998 11.999999999999998 18 34 11.999999999999995 11.000000000000005 19 18 117 13.000000000000002 21 17 28 15.999999999999998 11.000000000000002 10.999999999999998 20 13.999999999999998 11.999999999999998 18 10.999999999999998 20 10.999999999999998 112 11.999999999999998 20.000000000000004
leaf_count=12 11 11 11 14 15 12 18 34 12 11 19 18 117 13 21 17 28 16 11 11 20 14 12 18 11 20 11 112 12 20
internal_value=-0.00143854 -0.00996781 -0.00756988 -0.0168918 -0.0289404 0.0053318 -0.0034546 -0.00564238 -0.00380297 -0.00900131 0.0074412 -0.0319537 0.00350288 -0.0119841 0.0141253 -0.00175821 -0.00285891 0.000852885 0.00927344 -0.00437499 0.00184963 0.0040522 -0.00501996 -0.00585041 -0.000491036 6.58689e-05 -0.000236521 0.0027527 0.000480904 0.000713774
internal_weight=682 301 275 78 26 381 197 167 46 34 30 32 323 58 58 109 92 34 46 24 206 25 58 46 22 74 63 132 43 31
internal_count=682 301 275 78 26 381 197 167 46 34 30 32 323 58 58 109 92 34 46 24 206 25 58 46 22 74 63 132 43 31
is_linear=0
shrinkage=0.0529975


Tree=71
num_leaves=28
num_cat=0
split_feature=37 29 19 6 19 13 28 37 29 9 29 19 37 6 4 16 30 29 12 37 13 12 39 13 30 37 37
split_gain=13.1314 4.14775 9.05872 5.92859 6.95204 3.80329 3.79461 1.93337 0.634467 0.620653 0.451359 0.862577 0.447745 0.296848 0.265937 0.472223 0.255516 0.234549 0.141841 0.113898 0.0671875 0.0897362 0.0553341 0.0168089 0.0161786 0.0319921 0.00262366
threshold=-0.83396665377261525 0.48941511938534971 -0.17649589006198593 -0.80240145784080619 0.51248132294284898 1.2113506376484462 -1.060266269574295 1.8606721866669722 0.74294718631138545 -1.4049440402551372 0.22011875519856186 -0.1457840957559802 0.84940711147513925 1.3696710463847388 -1.2179427171227408 0.4982497880802878 0.092598077044424007 -0.42621382510666844 0.24401710330907569 -0.22596679261433597 0.081960802868122865 -0.087765044617283586 -0.93529461752489418 -0.88680469985455435 -0.45123578952249371 -0.6085517392615547 -0.54030685688664326
decision_type=2 2 2 2 2 2 2 2 2 2 2 2 2 2 2 2 2 2 2 2 2 2 2 2 2 2 2
left_child=1 6 -3 5 8 -4 -1 12 22 -8 13 -12 19 16 -9 -16 -11 -18 -19 24 -13 -22 -5 -21 -2 -26 -27
right_child=7 2 3 4 -6 -7 9 14 -10 10 11 20 -14 -15 15 -17 17 18 -20 23 21 -23 -24 -25 25 26 -28
leaf_value=-0.029313970148910337 0.0016234574685907613 -0.05204337069971899 -0.0061999608721335191 -0.0058070913859311468 0.026281233994757496 -0.044959874432723257 -0.012238678196276274 0.021517378714897263 -0.019029458009015746 0.0064542680816791478 -0.013543215018220922 -0.0030107325470076409 0.0061200647014589861 -0.0051645778040602438 0.012966315484153388 0.00091863819627318623 0.0052185991584494246 0.00039883178849395089 -0.0037388435338841781 0.00066197482397198446 0.0034014218352431784 -0.0017523853212761426 -0.00025139379071923096 0.003017314408942266 -0.0017292933439148935 0 0.00071928489633398852
leaf_weight=10.999999999999998 10.999999999999998 12.999999999999998 17.000000000000004 10.999999999999995 14.999999999999998 10.999999999999998 12.999999999999998 11.999999999999998 11.999999999999998 13.999999999999998 18 11.999999999999998 109 21 26 15.999999999999998 12.999999999999998 51 32 22 14 11 12.000000000000005 119 20 10.999999999999998 35
leaf_count=11 11 13 17 11 15 11 13 12 12 14 18 12 109 21 26 16 13 51 32 22 14 11 12 119 20 11 35
internal_value=-0.00139566 -0.00957783 -0.0187345 -0.00978091 0.00152102 -0.0268769 -0.00516763 0.00509866 -0.0112121 -0.00298041 -0.00193492 -0.005704 0.0033931 -0.000121095 0.013939 0.00921042 0.000998745 -6.10482e-05 -0.00126237 0.0018711 -0.000370971 0.00100809 -0.00380077 0.00273933 0.000114036 -0.000154781 0.000515941
internal_weight=682 301 91 78 50 28 210 381 35 199 186 55 327 131 54 42 110 96 83 218 37 25 23 141 77 66 46
internal_count=682 301 91 78 50 28 210 381 35 199 186 55 327 131 54 42 110 96 83 218 37 25 23 141 77 66 46
is_linear=0
shrinkage=0.0529975


Tree=72
num_leaves=32
num_cat=0
split_feature=37 29 19 29 13 19 37 30 29 7 44 37 30 29 26 15 13 19 6 30 29 19 4 2 37 37 13 6 13 13 5
split_gain=12.139 4.01858 3.27131 5.06834 3.17125 1.8092 1.79978 1.54912 1.17601 0.55759 0.414487 0.40319 0.392055 0.312333 0.318239 0.196636 0.194618 0.169777 0.158246 0.0928729 0.0872627 0.108281 0.0718421 0.0600932 0.0544403 0.0534068 0.0116251 0.0114402 0.00302564 0.0024439 0.00215235
threshold=-0.83396665377261525 0.97680816365010603 -0.53971877660986134 0.078887950514269417 1.0908823886052119 -1.0115814289029357 1.8606721866669722 -0.30635425894110657 0.64608805788372303 -0.21192386697240859 -0.76745771112333661 0.26001949096456295 0.99608930189529632 0.22011875519856186 0.77999256740898393 0.35758401236870835 -0.013409894291104457 0.040536917192709972 0.2337163253045503 0.060005490169828854 -0.034895939189802792 -0.086845134959508172 -0.88926147230925212 -0.1865719179068282 0.90524383341824588 -0.50308237559123692 0.30281925944738614 -1.398920145220047 -0.88680469985455435 -0.30454149614558773 0.31439887141067019
decision_type=2 2 2 2 2 2 2 2 2 2 2 2 2 2 2 2 2 2 2 2 2 2 2 2 2 2 2 2 2 2 2
left_child=1 2 3 5 -3 -1 11 9 13 -4 -8 25 16 18 -15 -12 -7 -16 20 -20 -9 -22 -17 -21 28 26 30 -27 -13 -29 -2
right_child=6 4 7 -5 -6 12 10 8 -10 -11 15 24 -14 14 17 22 -18 -19 19 23 21 -23 -24 -25 -26 27 -28 29 -30 -31 -32
leaf_value=-0.021001505780753545 0 -0.0022703975339516996 -0.00089816153516904956 -0.036632216261392327 -0.039469944834136531 -0.0072215658316149064 0.022127384763567369 0.004458844745402802 -0.015134229390451236 0.012409397370120005 0.012319004350771339 0.00064329928781126382 0.0044116708436701853 -0.0083334872943129357 -0.0043336699792175543 0.0055072479305067722 0.00024717398605793203 0.0025316377120872908 0.00046699485518506153 -0.0061243514339045938 -0.0029941590506579129 0.0028077177880079882 0 -0.00076284464488603437 0.0059789289405415193 0 0.00037865513743641011 0.00094326515226926294 0.0034212558020977973 0.0022887358654272347 -0.0014929450958745016
leaf_weight=11.999999999999998 11.000000000000002 11.000000000000002 12.000000000000002 18 14.999999999999998 18 10.999999999999998 12.999999999999998 22 15.999999999999998 19 10.999999999999998 17 38 13.000000000000002 12.999999999999998 13.000000000000002 14.999999999999998 13.999999999999998 14.000000000000002 13 11 11.000000000000002 15.999999999999998 98 10.999999999999998 15.999999999999998 44 66 57 12.999999999999998
leaf_count=12 11 11 12 18 15 18 11 13 22 16 19 11 17 38 13 13 13 15 14 14 13 11 11 16 98 11 16 44 66 57 13
internal_value=-0.00137247 -0.00923943 -0.00695805 -0.0157642 -0.027325 -0.0066384 0.00487144 -0.00307426 -0.00503361 0.00734824 0.0134001 0.00322612 -0.000984775 -0.00294238 -0.00549767 0.00859015 -0.0043683 -0.000652546 -0.000544587 -0.00259832 0.001757 -7.24252e-05 0.00353278 -0.00406234 0.00493385 0.00110316 -0.000384427 0.00168617 0.00318371 0.00185358 -0.0011
internal_weight=682 301 275 78 26 60 381 197 169 28 54 327 48 147 66 43 31 28 81 44 37 24 24 30 175 152 40 112 77 101 24
internal_count=682 301 275 78 26 60 381 197 169 28 54 327 48 147 66 43 31 28 81 44 37 24 24 30 175 152 40 112 77 101 24
is_linear=0
shrinkage=0.0529975


Tree=73
num_leaves=31
num_cat=0
split_feature=37 29 46 19 29 29 19 37 19 29 29 19 37 26 28 30 3 29 29 47 9 37 19 37 37 13 12 37 13 5
split_gain=11.1752 3.73065 3.20842 3.06255 5.08116 1.72711 3.50366 1.68562 1.33026 1.23956 0.435092 0.377364 0.364794 0.312067 0.481482 0.304114 0.210751 0.164062 0.135038 0.109045 0.0656703 0.0584016 0.0446667 0.0654893 0.00810363 0.00514917 0.00285659 0.00197233 0.00143393 0.000760202
threshold=-0.83396665377261525 0.97680816365010603 0.47595447567225796 -0.47712027691041697 0.14814661164550594 -0.51239515180929074 -0.89269806438786092 1.8606721866669722 0.39561195406200306 0.67203377572161016 -0.055057563883069295 0.040536917192709972 0.20831882249872283 -1.1200485458509351 -0.17592557091568831 0.99608930189529632 -0.68341574708224084 0.020574946179958514 0.44790493864222342 -0.092301572127821196 -0.067729804180652955 0.90524383341824588 0.36856203825079908 -0.55685107079571161 -0.71195307619323489 -0.40493170368161646 0.92877036974943505 -0.34798037019371647 -0.88680469985455435 0.87243227361803977
decision_type=2 2 2 2 2 2 2 2 2 2 2 2 2 2 2 2 2 2 2 2 2 2 2 2 2 2 2 2 2 2
left_child=1 3 -3 4 5 -1 -7 12 9 10 -5 16 22 -9 -15 19 -12 -18 20 26 -13 28 23 24 -2 29 -8 -27 -14 -25
right_child=7 2 -4 8 -6 6 15 13 -10 -11 11 18 21 14 -16 -17 17 -19 -20 -21 -22 -23 -24 25 -26 27 -28 -29 -30 -31
leaf_value=0.0086594280598586461 -0.0021476773447591363 -0.0036029912844602529 -0.040332418405112695 0.0046782112411186596 -0.035051863034997507 -0.030344196725107523 -0.0024225539308110051 0.019878158803209259 0.011411259353602946 -0.014712863147580515 0.00033044234592982414 0 0.0008215501875005575 -0.00069183457074290064 0.011119006526135762 0.0032671616451785705 -0.00034334374270500727 -0.007459713880492898 -0.0020589146688389974 -0.00092704952865213237 0.004630862549665298 0.0056803312438991442 0.0032689819839719857 0.00047548389140498115 -6.1739130731197812e-05 0.00011596267763603223 -0.0085552828573932753 0.0017751535146839734 0.0032522513474814918 0
leaf_weight=11.999999999999998 13.999999999999998 13.000000000000002 12.999999999999998 19 19 11.999999999999998 10.999999999999995 13.999999999999998 11.999999999999998 19 13.999999999999998 11.000000000000002 13.999999999999998 10.999999999999998 29 11.999999999999998 13.999999999999998 52 21 19.000000000000007 15.999999999999998 98 14.999999999999998 27 18 12.999999999999998 11.999999999999998 44 73 10.999999999999998
leaf_count=12 14 13 13 19 19 12 11 14 12 19 14 11 14 11 29 12 14 52 21 19 16 98 15 27 18 13 12 44 73 11
internal_value=-0.00132815 -0.00887657 -0.0263029 -0.00667799 -0.0139801 -0.00662823 -0.00999454 0.00466239 -0.00233485 -0.00373235 -0.00174643 -0.00291888 0.00307056 0.0129151 0.00805241 -0.00277516 -0.00503387 -0.00620152 0.0006443 -0.00483956 0.00295056 0.00459719 0.000928768 0.00046492 -0.00135308 0.00119043 -0.00697065 0.00155467 0.00301441 0.00034789
internal_weight=682 301 26 275 97 78 66 381 178 166 147 128 327 54 40 54 80 66 48 42 27 185 142 127 32 95 23 57 87 38
internal_count=682 301 26 275 97 78 66 381 178 166 147 128 327 54 40 54 80 66 48 42 27 185 142 127 32 95 23 57 87 38
is_linear=0
shrinkage=0.0529975


Tree=74
num_leaves=32
num_cat=0
split_feature=37 29 19 13 19 28 29 37 10 5 29 37 29 19 44 30 30 4 7 9 13 9 37 30 37 13 37 13 39 37 10
split_gain=10.2785 3.49381 8.11959 3.59615 5.23299 3.25799 2.85289 1.57404 0.523193 0.576326 0.476218 0.412784 0.380616 0.603947 0.281089 0.210161 0.286716 0.153652 0.149298 0.141785 0.183727 0.11253 0.0863378 0.0141329 0.0259059 0.0132863 0.0110124 0.00792268 0.00244504 0.00188119 0.000369425
threshold=-0.83396665377261525 0.48941511938534971 -0.17649589006198593 1.1711945546340348 0.54921026788063554 -1.060266269574295 1.0555066932308372 2.0509306466212647 1.1813672579086629 -1.0098143974948728 0.72064798413292819 0.84940711147513925 0.22011875519856186 -0.075962742399489067 0.7223131398807876 0.092598077044424007 0.99608930189529632 -1.2179427171227408 0.82466603219277423 0.94100538823399282 -0.10376108107353031 0.12952605038144796 -0.22596679261433597 -0.45123578952249371 -0.6085517392615547 -0.083683039566324571 -0.0026199048419071019 -0.67598526402889403 0.70008491405916029 -0.54030685688664326 -0.65938813488047832
decision_type=2 2 2 2 2 2 2 2 2 2 2 2 2 2 2 2 2 2 2 2 2 2 2 2 2 2 2 2 2 2 2
left_child=1 5 -3 4 10 -1 -5 11 12 -10 18 22 15 -14 17 -7 19 -9 -4 20 -17 -15 23 -2 -25 26 -24 -13 -28 -26 -31
right_child=7 2 3 6 -6 8 -8 14 9 -11 -12 27 13 21 -16 16 -18 -19 -20 -21 -22 -23 25 24 29 -27 28 -29 -30 30 -32
leaf_value=-0.026848804433504986 0.0014991312901957254 -0.048402474876066255 -0.0066152642569128495 -0.00070390451855153991 0.024089301283055059 0.0058961791825415848 -0.035689493582671192 0.022196455232412864 -0.00014050502697648962 -0.014005765841657825 -0.016030897450663727 0.0031315978507116815 -0.010437799327083698 -0.0019701000792412705 0.0039440695294647452 -0.0052571775297622523 0.0045750698353344815 0.007594518025226267 4.0989940988494444e-05 0.0023486661541756186 0 0.0034268999224399315 0 -0.0015847487576671605 0 0.0032346734730839348 0.0020195162438964255 0.0061965442420031961 0.00011152151090810348 0 0.00072576803225619674
leaf_weight=10.999999999999998 10.999999999999998 12.999999999999998 14.000000000000002 11.000000000000002 11.999999999999998 11.999999999999998 12.999999999999998 10.999999999999998 16.000000000000004 14.999999999999998 13.999999999999998 36 21 21 12.999999999999998 32.999999999999993 20 16.000000000000004 13.999999999999998 12.999999999999998 36.000000000000007 11.999999999999998 15.999999999999998 20 10.999999999999998 55 59 87 10.999999999999998 10.999999999999995 24.000000000000004
leaf_count=11 11 13 14 11 12 12 13 11 16 15 14 36 21 21 13 33 20 16 14 13 36 12 16 20 11 55 59 87 11 11 24
internal_value=-0.00128909 -0.00852854 -0.0169272 -0.00851729 -0.000191956 -0.00448788 -0.0232335 0.00445574 -0.00246857 -0.00822096 -0.00941783 0.00312443 -0.00112024 -0.00455522 0.0137664 0.000594971 -0.000256777 0.0167078 -0.00366148 -0.00174611 -0.00273682 3.85064e-05 0.00161799 7.81086e-05 -0.000166848 0.00237391 0.00157254 0.00554091 0.00184405 0.000426965 0.00060008
internal_weight=682 301 91 78 54 210 24 381 199 31 42 341 168 54 40 114 102 27 28 82 69 33 218 77 66 141 86 123 70 46 35
internal_count=682 301 91 78 54 210 24 381 199 31 42 341 168 54 40 114 102 27 28 82 69 33 218 77 66 141 86 123 70 46 35
is_linear=0
shrinkage=0.0529975


Tree=75
num_leaves=34
num_cat=0
split_feature=37 29 46 28 29 28 37 19 29 29 45 37 5 29 19 6 26 31 12 17 9 37 1 9 5 13 30 37 13 19 37 47 19
split_gain=9.49555 3.31309 2.97035 2.74694 5.6881 2.75035 1.47694 0.970407 0.617113 0.543084 0.466484 0.371508 0.266379 0.229784 0.332887 0.22823 0.178494 0.154995 0.141124 0.108307 0.0869249 0.078187 0.0737669 0.0686838 0.0558669 0.0551361 0.013767 0.0225669 0.00984927 0.00510206 0.00265941 0.00201829 0.00100869
threshold=-0.83396665377261525 0.97680816365010603 0.47595447567225796 -0.29377831161115597 0.31624251926828922 -1.060266269574295 2.0509306466212647 0.39561195406200306 -0.15324387896073374 0.44790493864222342 -0.17351479114396184 0.84940711147513925 -0.71569658108875978 0.027640928824010213 -0.01797744780787414 0.67247960685382691 -0.080897582455963929 0.95849683626338977 0.24401710330907569 -0.83303732173907696 -0.13771750918065828 -0.24251100652340463 -0.057509765522931737 -0.13026105680976191 0.02196096763591986 0.12713639625933579 -0.45123578952249371 -0.6085517392615547 -0.88680469985455435 -0.2121049340780008 0.038740629930765665 0.53440976605864532 -0.42603368173624617
decision_type=2 2 2 2 2 2 2 2 2 2 2 2 2 2 2 2 2 2 2 2 2 2 2 2 2 2 2 2 2 2 2 2 2
left_child=1 3 -3 4 5 -1 11 9 15 13 19 21 -8 -5 25 18 -14 22 24 -10 -16 26 -11 -17 -7 -15 -2 -28 -23 -13 -30 32 -29
right_child=6 2 -4 7 -6 8 12 -9 10 17 -12 29 16 14 20 23 -18 -19 -20 -21 -22 28 -24 -25 -26 -27 27 31 30 -31 -32 -33 -34
leaf_value=-0.025927897607117303 0.0014477113725132262 -0.0030117944335466907 -0.038099987790599053 0.0058500165982481034 -0.034486912881720448 0.0029992992570188923 0.018058643932837438 0.010790704283812019 -0.0026490560463566038 -0.0023989910588251202 0.0015044541445306638 0.0027590012508328598 0.00010928323379603012 -0.0062857363885256154 -0.00037674309012788104 0.0003610329701646524 0.0095277883023929238 -0.0013951310098705219 -0.0051107933272738588 -0.011208420357828933 0.0043561189410266455 0.00052065235757306721 -0.010395811209296611 0.0066905617156842231 -0.0011918313176051212 -0.00091993431163264739 -0.0015201339200871381 0 0.0011750232040940696 0.0057973048723473364 0.0027949017357919563 0 0.00075867037868762967
leaf_weight=10.999999999999998 10.999999999999998 13.000000000000002 12.999999999999998 11.999999999999998 19 11.000000000000002 18 11.999999999999998 12.999999999999998 12.000000000000002 11.999999999999998 30 11.000000000000002 16.000000000000004 12.999999999999995 11.000000000000002 10.999999999999998 19 11.999999999999998 25 20.000000000000004 22 19 11.999999999999998 10.999999999999998 14.999999999999998 20 10.999999999999998 35 93 87 11.999999999999998 20.000000000000004
leaf_count=11 11 13 13 12 19 11 18 12 13 12 12 30 11 16 13 11 11 19 12 25 20 22 19 12 11 15 20 11 35 93 87 12 20
internal_value=-0.00125313 -0.00821156 -0.0246265 -0.00614233 -0.0112947 -0.00601681 0.00426822 -0.000721496 -0.00264077 -0.00231121 -0.00661951 0.00297898 0.013286 0.000485603 -0.000835427 0.00103636 0.00610008 -0.00628386 -0.00153152 -0.00919911 0.00254131 0.00154689 -0.00837962 0.00460495 0.000847816 -0.0044481 3.60044e-05 -0.000213649 0.00224428 0.0052731 0.00246157 0.000363136 0.000572596
internal_weight=682 301 26 275 137 118 381 138 107 126 50 341 40 76 64 57 22 50 34 38 33 218 31 23 22 31 74 63 144 123 122 43 31
internal_count=682 301 26 275 137 118 381 138 107 126 50 341 40 76 64 57 22 50 34 38 33 218 31 23 22 31 74 63 144 123 122 43 31
is_linear=0
shrinkage=0.0529975


Tree=76
num_leaves=29
num_cat=0
split_feature=37 29 47 35 28 37 29 19 10 5 37 44 4 2 25 30 4 7 12 19 37 30 37 16 36 37 36 6
split_gain=8.75315 3.11556 8.51286 4.13556 2.54712 1.37669 0.842789 1.71059 0.44469 0.437701 0.334646 0.260777 0.213606 0.238914 0.287928 0.169823 0.162434 0.15979 0.0956694 0.0729323 0.0706486 0.0122251 0.0219379 0.0120544 0.0083054 0.00169963 0.00123094 0.000550127
threshold=-0.83396665377261525 0.67203377572161016 0.60404435919047483 -0.075368646038000073 -1.060266269574295 2.0509306466212647 0.31624251926828922 -0.33594369637420668 1.1715663278980337 -1.0098143974948728 0.84940711147513925 0.7223131398807876 -1.0707673894041274 -0.58748974292915224 -0.25544336302393983 0.14988885229296281 -1.2179427171227408 0.82466603219277423 0.65938261488339089 0.16351173691357454 -0.22596679261433597 -0.45123578952249371 -0.6085517392615547 -1.1823622221101864 0.47346445869089365 -0.54030685688664326 1.0000000180025095e-35 -0.38526514119385841
decision_type=2 2 2 2 2 2 2 2 2 2 2 2 2 2 2 2 2 2 2 2 2 2 2 2 2 2 2 2
left_child=1 4 3 -3 -1 10 8 -8 12 -10 20 16 -6 18 -15 -16 -7 19 -14 -9 21 -2 -23 -22 -12 -24 -25 -27
right_child=5 2 -4 -5 6 11 7 17 9 -11 24 -13 13 14 15 -17 -18 -19 -20 -21 23 22 25 26 -26 27 -28 -29
leaf_value=-0.025038576832186774 0.0013980552689902659 0.017006583210611454 -0.041749025591536953 -0.014781031685628389 0.0054394930085915399 0.020898285279406348 -0.022623940802058325 -0.0065390854476034517 7.9193707930280016e-05 -0.011511304142074635 0.0057371927169461174 0.0035179267447723898 -0.0068260168348180991 0.0054107472657891629 0.002949322397959682 -0.0022755947538352769 0.0069224550914137569 0.00025590221615724533 -0.00027197532039418437 -0.00042159627167361838 0 -0.0014581535850502394 0 0.0029675472092465616 0.0029979412731493829 0 0.001587970680223421 0.00070062985974517547
leaf_weight=10.999999999999998 10.999999999999998 13.999999999999998 20 21 11.999999999999998 10.999999999999998 11.999999999999998 23 14.000000000000002 14.999999999999998 80 12.999999999999998 15.000000000000002 20 17 62 16.000000000000004 21 12.999999999999998 10.999999999999998 12.999999999999998 20 10.999999999999998 53 43 11.999999999999995 75 23.000000000000004
leaf_count=11 11 14 20 21 12 11 12 23 14 15 80 13 15 20 17 62 16 21 13 11 13 20 11 53 43 12 75 23
internal_value=-0.00121734 -0.00789841 -0.0187599 -0.0012679 -0.00505368 0.00408342 -0.00348951 -0.0082744 -0.00132171 -0.00666148 0.00283871 0.0127893 0 -0.000712326 0.000511937 -0.00094032 0.0155911 -0.00311276 -0.00457322 -0.00509446 0.00147676 7.39998e-05 -0.000147723 0.00216102 0.00501759 0.000390153 0.00231856 0.000556333
internal_weight=682 301 55 35 246 381 235 67 168 29 341 40 139 127 99 79 27 55 28 34 218 77 66 141 123 46 128 35
internal_count=682 301 55 35 246 381 235 67 168 29 341 40 139 127 99 79 27 55 28 34 218 77 66 141 123 46 128 35
is_linear=0
shrinkage=0.0529975


Tree=77
num_leaves=32
num_cat=0
split_feature=37 29 13 19 29 29 19 37 19 29 29 29 37 26 19 30 19 3 29 44 37 29 12 13 30 37 37 13 29 37 6
split_gain=8.06315 2.99268 2.86409 2.56604 4.06841 1.64055 2.82773 1.29181 1.12018 1.15463 0.48286 0.405842 0.302198 0.252333 0.307418 0.25168 0.236215 0.183289 0.133245 0.129206 0.0706548 0.0612069 0.0385191 0.0126482 0.0113637 0.0202039 0.0102449 0.0101976 0.00329807 0.00159991 0.000464998
threshold=-0.83396665377261525 0.97680816365010603 1.0908823886052119 -0.48206000193395332 0.14814661164550594 -0.51239515180929074 -0.89269806438786092 2.0509306466212647 0.30932727929324444 0.67203377572161016 0.68829317853210092 -0.055057563883069295 0.90524383341824588 -1.1200485458509351 -0.16662877018527861 0.99608930189529632 0.040536917192709972 -0.68341574708224084 0.11842374060933906 -0.27086742745529524 -0.22596679261433597 0.34596874207805095 0.92877036974943505 -0.083683039566324571 -0.45123578952249371 -0.6085517392615547 -0.0026199048419071019 -0.67598526402889403 -0.24009572970807494 -0.54030685688664326 -0.38526514119385841
decision_type=2 2 2 2 2 2 2 2 2 2 2 2 2 2 2 2 2 2 2 2 2 2 2 2 2 2 2 2 2 2 2
left_child=1 3 -3 4 5 -1 -7 12 9 11 -10 -5 20 -9 -15 22 17 -13 -19 -18 24 -21 28 26 -2 -26 -22 -14 -8 -27 -31
right_child=7 2 -4 8 -6 6 15 13 10 -11 -12 16 27 14 -16 -17 19 18 -20 21 23 -23 -24 -25 25 29 -28 -29 -30 30 -32
leaf_value=0.008939724113872536 0.0013501023049325323 -0.0003982246875038572 -0.034663770444217985 0.00452514763025648 -0.031717842739447603 -0.027444350249348833 -0.0024518887743001749 0.018252554293840092 0 -0.01474009152549083 0.013687607966909866 0.00060838205104662936 0.0026509037080282897 -8.9400813767076488e-05 0.010118557260055743 0.0028934134860248931 0.0033392879082908668 -0.0012480966711724279 -0.0069795947979315728 0.00048455876302994663 0 -0.0038776457469921833 -0.0064298313145616549 0.0029190249342470362 -0.0013987003874287702 0 0.0016470158247218704 0.0055801123135957621 -0.00015614969703045463 0 0.0006711769873854309
leaf_weight=11.999999999999998 10.999999999999998 11.000000000000002 14.999999999999998 20 18 11.999999999999998 12.999999999999995 12.999999999999998 11.000000000000002 15.999999999999998 10.999999999999998 13.999999999999998 34 11.000000000000002 15.999999999999998 11.999999999999998 18 23 44 11.000000000000002 15.999999999999998 11.999999999999998 17 60 20 10.999999999999998 76 78 11.000000000000005 11.999999999999995 23.000000000000004
leaf_count=12 11 11 15 20 18 12 13 13 11 16 11 14 34 11 16 12 18 23 44 11 16 12 17 60 20 11 76 78 11 12 23
internal_value=-0.0011753 -0.00758788 -0.0231766 -0.00562605 -0.0124076 -0.00584392 -0.00919613 0.00391184 -0.00172471 -0.00337814 0.00808061 -0.00150537 0.00270636 0.0123441 0.00648761 -0.00257656 -0.00271423 -0.0042873 -0.0053719 0.000395413 0.00149105 -0.00188173 -0.00449105 0.00213542 7.25119e-05 -0.000138118 0.00140575 0.00492999 -0.00187408 0.000373728 0.000535501
internal_weight=682 301 26 275 95 77 65 381 180 158 22 142 341 40 27 53 122 81 67 41 229 23 41 152 77 66 92 112 24 46 35
internal_count=682 301 26 275 95 77 65 381 180 158 22 142 341 40 27 53 122 81 67 41 229 23 41 152 77 66 92 112 24 46 35
is_linear=0
shrinkage=0.0529975


Tree=78
num_leaves=31
num_cat=0
split_feature=37 29 6 19 29 28 37 19 29 9 29 29 10 37 44 19 9 3 4 9 29 34 8 37 13 14 37 37 13 6
split_gain=7.42267 2.7774 2.85771 2.38342 3.82853 2.10706 1.2043 1.03773 1.0705 0.84971 0.490341 0.371914 0.350909 0.273752 0.249974 0.215063 0.188552 0.168287 0.13438 0.130434 0.119866 0.0710248 0.0596554 0.0495436 0.0269039 0.0117774 0.0130636 0.00566522 0.00534988 0.000182801
threshold=-0.83396665377261525 0.97680816365010603 -0.78485340212065313 -0.48206000193395332 0.30857929730614952 -1.060266269574295 2.0509306466212647 0.30932727929324444 0.67203377572161016 0.39712576649107406 -0.42621382510666844 -0.055057563883069295 1.1813672579086629 0.6756928654299158 0.7223131398807876 0.040536917192709972 -0.25921606990860707 -0.68341574708224084 -0.62881341216322795 0.14296078584831606 0.020574946179958514 0.44754576821499842 -0.53957345188407746 -0.41622525256862508 -0.41999023481202075 1.3708677057457181 -0.71195307619323489 -0.0026199048419071019 -0.30454149614558773 -0.20116979208602345
decision_type=2 2 2 2 2 2 2 2 2 2 2 2 2 2 2 2 2 2 2 2 2 2 2 2 2 2 2 2 2 2
left_child=1 3 -3 4 5 -1 13 8 11 -9 -7 -5 18 23 16 17 -8 -13 -12 22 -19 -20 -17 25 -15 26 -2 28 -25 -28
right_child=6 2 -4 7 -6 10 14 9 -10 -11 12 15 -14 24 -16 19 -18 20 21 -21 -22 -23 -24 27 -26 -27 29 -29 -30 -31
leaf_value=-0.023565454565091563 -0.0016764690191486929 -0.037343489550189152 -0.0034334126794145609 0.0043406440250743066 -0.035280507285092869 0.0044818637106428891 0.019096356459793976 0.015364198189891185 -0.01417186224626317 -0.0021123811727217202 0.0016460291161074585 0.0005858080969109832 -0.011122436261347622 0.0024795069678559935 0.0030749776092823351 -0.0038767210956246433 0.0055778488847755426 -0.00012640312234867728 -0.0054283192310360115 0.003334816663761518 -0.0061837726667447598 0 0.00043094193860326261 0 0.0051279883292274014 0.00098973760535289181 0.00017380642375564194 0.0020303659979533321 0.0012701052928597433 0
leaf_weight=10.999999999999998 12.999999999999995 11.000000000000002 14.999999999999998 20 10.999999999999998 15.999999999999998 13 11.000000000000002 15.999999999999998 10.999999999999998 14.999999999999991 13.999999999999998 11.999999999999998 49 12.999999999999998 12.000000000000002 14 13.999999999999998 17.000000000000011 18 53 12.999999999999998 10.999999999999998 25 89 10.999999999999998 10.999999999999998 99 28 16.000000000000007
leaf_count=11 13 11 15 20 11 16 13 11 16 11 15 14 12 49 13 12 14 14 17 18 53 13 11 25 89 11 11 99 28 16
internal_value=-0.00113659 -0.00728946 -0.0223081 -0.00539891 -0.0119347 -0.00665291 0.00374391 -0.00163833 -0.00323152 0.00779559 -0.00242068 -0.00142735 -0.0047113 0.00257989 0.0118853 -0.00258654 0.0145859 -0.00408792 -0.00175789 0.000374093 -0.0051281 -0.00364457 -0.00191258 0.00123323 0.00437851 -6.85519e-05 -0.000602522 0.00170024 0.000821511 0
internal_weight=682 301 26 275 95 84 381 180 158 22 73 142 57 341 40 122 27 81 45 41 67 30 23 203 138 51 40 152 53 27
internal_count=682 301 26 275 95 84 381 180 158 22 73 142 57 341 40 122 27 81 45 41 67 30 23 203 138 51 40 152 53 27
is_linear=0
shrinkage=0.0529975


Tree=79
num_leaves=28
num_cat=0
split_feature=37 13 19 29 19 28 37 29 19 10 37 47 26 19 7 15 2 37 19 26 19 46 37 13 37 46 19
split_gain=6.86121 2.73766 6.80863 4.70248 3.16345 2.07986 1.12838 0.800826 1.21718 0.365983 0.250566 0.250479 0.240091 0.287493 0.190487 0.165629 0.243704 0.0568209 0.0520837 0.0197501 0.0118638 0.0115975 0.0207642 0.0101669 0.00602122 0.00205681 0.000267867
threshold=-0.83396665377261525 1.8940040488934418 0.64073303228167133 0.68829317853210092 0.10304913531016749 -1.060266269574295 2.0509306466212647 0.31624251926828922 -0.33594369637420668 1.1813672579086629 0.90524383341824588 0.25587139353132682 -1.1200485458509351 -0.16662877018527861 0.82466603219277423 0.86147932710088504 -0.58748974292915224 -0.24251100652340463 0.16351173691357454 1.4398486049171888 -0.2121049340780008 0.79829901629636912 -0.71195307619323489 -0.083683039566324571 -0.0026199048419071019 -1.0000000180025095e-35 -0.42603368173624617
decision_type=2 2 2 2 2 2 2 2 2 2 2 2 2 2 2 2 2 2 2 2 2 2 2 2 2 2 2
left_child=1 2 3 5 -5 -1 10 9 -9 15 17 -11 -8 -14 18 16 -7 21 -10 -16 -12 22 -2 24 -19 26 -24
right_child=6 -3 -4 4 -6 7 12 8 14 11 20 -13 13 -15 19 -17 -18 23 -20 -21 -22 -23 25 -25 -26 -27 -28
leaf_value=-0.022757165506393614 -0.0017453057800492025 -0.028064964733842377 0.026141638559974777 -0.039067130403559677 -0.0058184078893542867 -0.0047254091104761298 0.017114477779997164 -0.020090957068606783 -0.0070538259267838889 -0.0092030218638963542 0.0020182589699227105 0 -0.0003229370452506514 0.0094398699753458735 0.0015845910397004777 0.0047052465218138115 0.00059267778652836718 0 -0.0011683019955094475 -0.00089452130830189726 0.004972926697794324 0.0013310303689521917 0 0.0026158017065894832 0.0014517508970361859 0 0.00060518772186089471
leaf_weight=10.999999999999998 12.999999999999998 10.999999999999998 11.999999999999998 14.999999999999998 18 25 12.999999999999998 11.999999999999998 22 17.000000000000004 26 10.999999999999998 11.000000000000002 15.999999999999998 11.000000000000002 12.999999999999998 100 18 11.999999999999998 10.999999999999998 86 10.999999999999998 10.999999999999998 61 76 19.000000000000004 20
leaf_count=11 13 11 12 15 18 25 13 12 22 17 26 11 11 16 11 13 100 18 12 11 86 11 11 61 76 19 20
internal_value=-0.00110852 -0.00702426 -0.00565019 -0.00757008 -0.0247939 -0.00468539 0.00358344 -0.00325939 -0.00786947 -0.00112179 0.00245687 -0.00604954 0.0114632 0.00591488 -0.00344799 3.9819e-05 -0.00058524 0.00134678 -0.0056378 0.000169452 0.00448364 3.01464e-05 -0.000191698 0.00190745 0.00124863 0.000231147 0.000486847
internal_weight=682 301 290 278 33 245 381 234 68 166 341 28 40 27 56 138 125 229 34 22 112 74 63 155 94 50 31
internal_count=682 301 290 278 33 245 381 234 68 166 341 28 40 27 56 138 125 229 34 22 112 74 63 155 94 50 31
is_linear=0
shrinkage=0.0529975


Tree=80
num_leaves=33
num_cat=0
split_feature=37 29 6 19 29 28 37 29 30 29 5 12 29 37 30 28 45 16 29 36 39 37 18 19 30 37 13 13 47 19 6 47
split_gain=6.33921 2.55716 2.69646 2.19359 4.44022 1.77823 1.05177 0.778164 0.722962 0.403325 0.270308 0.280111 0.237861 0.22628 0.206458 0.230857 0.185305 0.155388 0.136192 0.0883908 0.0791204 0.0572667 0.0244059 0.0453192 0.0237957 0.0275738 0.0119809 0.0050895 0.00384101 0.00272047 0.00293576 0.000719008
threshold=-0.83396665377261525 0.97680816365010603 -0.78485340212065313 -0.23593425786207264 0.48941511938534971 -1.060266269574295 2.0509306466212647 -0.091619975263779255 -0.53509706840964022 0.72064798413292819 -0.73760133714250165 0.25351183180597675 0.051608858368748442 1.023121357520363 0.99608930189529632 -0.46353703603440882 -0.28675602325896848 -1.1354558900548055 -0.35926482381618469 -1.1916931030113087 -0.82371160636863761 -0.0026199048419071019 0.75522991607183643 -0.49068578805936591 -0.47113633150492407 -0.6085517392615547 -0.67598526402889403 -0.88680469985455435 0.74331354545413408 -0.42603368173624617 -1.0136656600961478 -0.16193616525965079
decision_type=2 2 2 2 2 2 2 2 2 2 2 2 2 2 2 2 2 2 2 2 2 2 2 2 2 2 2 2 2 2 2 2
left_child=1 3 -3 4 5 -1 13 14 -5 12 -8 -12 -10 21 15 18 22 -14 -7 -19 -21 24 23 -9 -2 -26 -15 31 29 -27 -31 -23
right_child=6 2 -4 8 -6 7 10 16 9 -11 11 -13 17 26 -16 -17 -18 19 -20 20 -22 27 -24 -25 25 28 -28 -29 -30 30 -32 -33
leaf_value=-0.021976599778204625 0.0020755111179016216 -0.035746563884142844 -0.0029823217246871822 0.010362113098579253 -0.035094372825645745 0.00061671905278517136 0.015742730028547921 -0.013992355275369201 0.0057925711652589253 -0.0083959918184561711 0.0089334926993425261 -0.00089057904574971528 -0.004354817652043143 0.0022138396600992981 0.0047720829454104257 0.004095593247460688 -0.0012720486973855818 -0.0028865844933844116 -0.005041648081069188 0.0025151717302133339 -0.0010895216357286401 0.00080441591211495144 -0.0036308142210850366 -0.0046498494019960746 -0.0014504644513052161 0 0.0050782080949235246 0.002257372619598793 0 0 0.0010502803098241566 0
leaf_weight=10.999999999999998 11.999999999999998 11.000000000000002 14.999999999999998 10.999999999999998 10.999999999999998 13.999999999999991 17 11.999999999999998 10.999999999999998 12.999999999999998 12.000000000000002 10.999999999999998 22 31 17 10.999999999999998 14.999999999999998 12.999999999999991 26.000000000000007 38.999999999999993 20.000000000000014 12.000000000000002 13.999999999999998 15.000000000000002 22 11.999999999999998 69 114 11.999999999999998 10.999999999999991 35.000000000000007 10.999999999999998
leaf_count=11 12 11 15 11 11 14 17 12 11 13 12 11 22 31 17 11 15 13 26 39 20 12 14 15 22 12 69 114 12 11 35 11
internal_value=-0.00108011 -0.00676654 -0.0211638 -0.0049579 -0.0092722 -0.00571559 0.00342951 -0.00327217 6.81845e-05 -0.00128979 0.011037 0.00478161 0 0.0023417 0.000504799 -0.00114749 -0.00757637 -0.000988922 -0.00308715 0.000205727 0.001198 0.0013597 -0.00927762 -0.010802 0.000311717 0 0.00443162 0.00205997 0.000494021 0.000677051 0.000843293 0.000576161
internal_weight=682 301 26 275 146 135 381 124 129 118 40 23 105 341 68 51 56 94 40 72 59 241 41 27 104 92 100 137 70 58 46 23
internal_count=682 301 26 275 146 135 381 124 129 118 40 23 105 341 68 51 56 94 40 72 59 241 41 27 104 92 100 137 70 58 46 23
is_linear=0
shrinkage=0.0529975


Tree=81
num_leaves=28
num_cat=0
split_feature=37 13 19 29 19 28 37 29 19 10 5 44 37 9 30 30 7 19 37 13 26 39 37 37 14 13 37
split_gain=5.87276 2.52408 6.34499 4.15666 2.91643 1.80953 0.977711 0.712058 1.04296 0.32575 0.351116 0.24869 0.20542 0.202581 0.179395 0.267084 0.170114 0.0355765 0.0316877 0.0244924 0.0177885 0.0112933 0.0105729 0.0101875 0.00446347 0.00318339 0.00454709
threshold=-0.83396665377261525 1.8940040488934418 0.64073303228167133 0.68829317853210092 0.10304913531016749 -1.060266269574295 2.0509306466212647 0.31624251926828922 -0.33594369637420668 1.1813672579086629 -1.0098143974948728 0.7223131398807876 0.53713507394146387 -0.25921606990860707 0.99608930189529632 0.14988885229296281 0.82466603219277423 0.16351173691357454 -0.50308237559123692 -0.47520484895683662 1.4398486049171888 -0.68299189021424334 1.1182505874975075 0.90524383341824588 0.15942797845666681 0.19740954153455592 -0.0026199048419071019
decision_type=2 2 2 2 2 2 2 2 2 2 2 2 2 2 2 2 2 2 2 2 2 2 2 2 2 2 2
left_child=1 2 3 5 -5 -1 12 9 -9 14 -11 13 18 -8 15 -7 17 -10 21 23 -18 -2 -21 -14 -23 26 -20
right_child=6 -3 -4 4 -6 7 11 8 16 10 -12 -13 19 -15 -16 -17 20 -19 25 22 -22 24 -24 -25 -26 -27 -28
leaf_value=-0.021222808512881251 0.00061886557135901524 -0.026716863183804791 0.025455488133022876 -0.036944657697412023 -0.0051978429541878288 0.0033619931163103591 0.017616228285679724 -0.01870478110014526 -0.0065728985599347138 0.00020970764255430266 -0.010189641654728656 0.0023538589598272601 0 0.0047501210984740956 0.0041188507741225979 -0.0021320913360689275 0.0014991119313283335 -0.0012370227836419781 0.00023974675752210171 0.0025153594485566363 -0.00085212400495205862 0 0.0050998834890428977 0.0023393923711842153 -0.0013551447206690903 0.0019395196246444412 0.0012404688537091982
leaf_weight=10.999999999999998 13.999999999999998 10.999999999999998 11.999999999999998 14.999999999999998 18 27 13 11.999999999999998 22 14.000000000000002 13.999999999999998 12.999999999999998 10.999999999999998 14 20 91 11.000000000000002 11.999999999999998 46 44 10.999999999999998 11.000000000000002 59 40 14.999999999999998 42 59
leaf_count=11 14 11 12 15 18 27 13 12 22 14 14 13 11 14 20 91 11 12 46 44 11 11 59 40 15 42 59
internal_value=-0.00105875 -0.00653209 -0.00521714 -0.00707525 -0.0232693 -0.00436238 0.00328149 -0.00303024 -0.007377 -0.00101391 -0.00566466 0.0106164 0.00223238 0.0132322 7.78063e-05 -0.00071685 -0.00326257 -0.00533208 0.000951684 0.0036499 0.000143298 -0.000206428 0.00425902 0.00197851 -0.00090181 0.00130821 0.000901621
internal_weight=682 301 290 278 33 245 381 234 68 166 28 40 341 27 138 118 56 34 187 154 22 40 103 51 26 147 105
internal_count=682 301 290 278 33 245 381 234 68 166 28 40 341 27 138 118 56 34 187 154 22 40 103 51 26 147 105
is_linear=0
shrinkage=0.0529975


Tree=82
num_leaves=31
num_cat=0
split_feature=37 47 29 19 19 29 37 9 38 45 5 3 12 9 37 9 29 3 29 19 29 26 37 13 39 37 37 14 6 37
split_gain=5.42947 2.42029 7.77014 2.374 1.51291 1.22616 0.914595 0.818242 0.782944 0.320347 0.261255 0.255579 0.250087 0.24403 0.186307 0.142786 0.175678 0.128313 0.121547 0.0880369 0.0872479 0.0618147 0.0290083 0.0226761 0.0105038 0.00609274 0.00497529 0.00412249 0.00299268 0.000968877
threshold=-0.83396665377261525 0.60404435919047483 0.88506091518751828 0.51248132294284898 -1.0115814289029357 0.30857929730614952 2.0509306466212647 -0.71326989622627679 0.3036827337231302 -0.060273559028955231 -0.71569658108875978 0.24635057939782681 0.2264978131026881 -0.17318235415012809 0.53713507394146387 0.36707310648644093 -0.091619975263779255 -0.33363801197649584 -0.19304502215890443 -0.1270223770113956 0.46184710319618644 -0.67522975953551989 -0.50308237559123692 -0.11380010182713318 -0.68299189021424334 0.89076764624781191 1.3126451009290661 0.15942797845666681 -1.398920145220047 -0.32523207606874988
decision_type=2 2 2 2 2 2 2 2 2 2 2 2 2 2 2 2 2 2 2 2 2 2 2 2 2 2 2 2 2 2
left_child=1 3 7 4 -1 9 14 -3 17 13 -8 -11 -12 21 22 16 -15 -7 -17 -9 -21 -6 24 25 -2 -16 -25 -26 -24 -30
right_child=6 2 -4 -5 5 8 10 19 -10 11 12 -13 -14 15 23 18 -18 -19 -20 20 -22 -23 28 26 27 -27 -28 -29 29 -31
leaf_value=-0.01953677522485088 0.00059590270318930576 -0.01532776101608046 -0.04625189539198063 0.012555190097826123 -0.007080388872476682 -0.0063785943159692807 0.014561545951767068 -0.004195933816309845 -0.016603241370992398 -0.00055367391396251545 0.0082326784084227594 0.0071246028880366076 -0.0010778352203371718 0.0064015902085170807 0.00060534591449098183 -0.0053931302152953687 -0.00086454089601019672 -0.00024635218023412545 8.6060930363280989e-05 0.0023113220134053109 -0.0021622129843125097 -0.0013131446876159247 0 0.0026431021808578357 0 0.0026656390170244431 0.0055964507489051117 -0.0013038364706164666 0.00031702907576933528 0.0014672977902119631
leaf_weight=12.999999999999998 13.999999999999998 10.999999999999998 10.999999999999998 18 20 18 18 15.999999999999998 21 21 11.000000000000002 17 10.999999999999998 11.000000000000002 19 11.999999999999998 14.999999999999998 21 24 18 19 14.999999999999998 14.999999999999998 38 11.000000000000002 64 33 14.999999999999998 23 109
leaf_count=13 14 11 11 18 20 18 18 16 21 21 11 17 11 11 19 12 15 21 24 18 19 15 15 38 11 64 33 15 23 109
internal_value=-0.00102627 -0.0062892 -0.0142165 -0.00332891 -0.00504943 -0.00349482 0.00314656 -0.00511999 -0.00942341 -0.000521653 0.0102406 0.00322545 0.00409417 -0.00215973 0.0021317 0 0.00261489 -0.00370471 -0.00208329 -0.00154043 0 -0.00533268 0.000909392 0.00348257 -0.00019299 0.00234505 0.00443544 -0.000868141 0.00125082 0.00133997
internal_weight=682 301 75 226 208 195 381 64 60 135 40 38 22 97 341 62 26 39 36 53 37 35 187 154 40 83 71 26 147 132
internal_count=682 301 75 226 208 195 381 64 60 135 40 38 22 97 341 62 26 39 36 53 37 35 187 154 40 83 71 26 147 132
is_linear=0
shrinkage=0.0529975


Tree=83
num_leaves=33
num_cat=0
split_feature=37 13 27 29 27 28 37 29 27 44 6 17 14 30 29 10 13 27 31 37 14 3 39 27 37 16 30 37 6 39 45 5
split_gain=5.02766 2.38129 5.70841 3.64328 2.59653 1.5902 0.849648 0.611257 1.07638 0.389933 0.29038 0.232116 0.171964 0.157932 0.15872 0.143868 0.139161 0.128102 0.149431 0.0931958 0.0683121 0.0479393 0.0345817 0.0238029 0.0290609 0.0111958 0.00559744 0.00420175 0.00491598 0.00125342 0.000576878 0.000119082
threshold=-0.83396665377261525 1.8940040488934418 0.64073303228167811 0.68829317853210092 0.10304913531017386 -1.060266269574295 1.6207810849854718 0.22011875519856186 -0.48206000193394777 -0.76745771112333661 1.3696710463847388 -0.72176119041128628 -0.33021316567409947 0.092598077044424007 -0.42621382510666844 0.84426131977480479 0.12713639625933579 0.16555192484116368 1.1582578897675606 0.11318959252157529 0.09189126892138863 -0.31936136972728141 1.4151184330301467 0.3685620382508053 -0.71195307619323489 -1.1823622221101864 0.092598077044424007 -0.50308237559123692 -1.0136656600961478 0.10691203542176772 -0.73972095171899488 -0.069979803781908656
decision_type=2 2 2 2 2 2 2 2 2 2 2 2 2 2 2 2 2 2 2 2 2 2 2 2 2 2 2 2 2 2 2 2
left_child=1 2 3 5 -5 -1 19 10 -9 -8 13 15 -13 -7 -15 -11 -12 18 -10 23 -14 -19 25 24 -2 -21 -27 31 -29 30 -30 -26
right_child=6 -3 -4 4 -6 7 9 8 17 11 16 12 20 14 -16 -17 -18 21 -20 22 -22 -23 -24 -25 27 26 -28 28 29 -31 -32 -33
leaf_value=-0.019824765667502835 -0.0017232563565009766 -0.02564478088776331 0.024285419860462908 -0.034614651121317841 -0.0047210284778166408 0.004997240173227285 0.014367821014413985 -0.018296943896564659 -0.0054661879980576573 0.0037211667981951919 -0.0080809758283109153 0.01161270120284179 0 0.0042671969721918947 -0.0010300234833408163 -0.0029487645605869822 0 0.0019674808487449621 0.00052529580519047533 0.00010656093563096142 0.0048389576613893431 -0.0018962344270209699 0 0.0022762978655357529 0 0.003189279128369023 0.0016122539541820352 0 0 0 0.0011152620967910523 -0.00013632810230933837
leaf_weight=10.999999999999998 13.999999999999998 10.999999999999998 11.999999999999998 14.999999999999998 18 13.999999999999998 15.999999999999998 10.999999999999998 49 12.000000000000002 12.000000000000002 11.999999999999998 11.000000000000002 12.999999999999998 89 11.999999999999998 10.999999999999998 13.000000000000002 10.999999999999998 10.999999999999998 18 10.999999999999998 13.999999999999998 10.999999999999998 12.000000000000002 94 56 14.999999999999998 10.999999999999991 12.999999999999998 37.000000000000007 11.999999999999998
leaf_count=11 14 11 12 15 18 14 16 11 49 12 12 12 11 13 89 12 11 13 11 11 18 11 14 11 12 94 56 15 11 13 37 12
internal_value=-0.00100057 -0.00606519 -0.00479444 -0.00656055 -0.0217214 -0.0040205 0.00301454 -0.0027717 -0.00591634 0.00766344 -0.000418516 0.00484062 0.00701684 0.000681493 -9.07665e-05 0.000230555 -0.00520091 -0.00310637 -0.00431399 0.00161094 0.00325162 0 0.00239033 0.000406986 6.36702e-05 0.00260276 0.0027299 0.00046307 0.000648943 0.000849417 0.000980008 0
internal_weight=682 301 290 278 33 245 381 234 95 81 139 65 41 116 102 24 23 84 60 300 29 24 175 125 114 161 150 100 76 61 48 24
internal_count=682 301 290 278 33 245 381 234 95 81 139 65 41 116 102 24 23 84 60 300 29 24 175 125 114 161 150 100 76 61 48 24
is_linear=0
shrinkage=0.0529975


Tree=84
num_leaves=33
num_cat=0
split_feature=37 29 6 19 29 29 19 37 30 2 29 35 8 6 9 29 19 37 28 9 9 36 29 19 37 36 37 37 6 37 45 37
split_gain=4.64418 2.23943 2.6264 1.88966 2.95182 1.32383 1.67881 0.81293 0.796034 0.669049 0.464787 0.408335 0.252004 0.250811 0.246877 0.158623 0.202365 0.154497 0.138414 0.126089 0.0525047 0.0463988 0.036012 0.0266692 0.0414191 0.0233706 0.00544446 0.00381366 0.00341063 0.00250925 0.00591472 0.00111302
threshold=-0.83396665377261525 0.97680816365010603 -0.78485340212065313 -0.48206000193395332 0.05507566239322146 -0.51239515180929074 -0.78831803872658812 2.0509306466212647 -0.30021714475273675 -0.52437723480866605 0.54135198810054252 -0.42857803358968594 0.85464137538116247 0.49665522429076792 0.72593456830794556 -0.055057563883069295 -0.075962742399489067 0.50197861938469224 -0.65305232067043273 0.084163625487983965 0.12952605038144796 -0.64046853086161382 -0.30458813288010861 0.36856203825079908 -0.55685107079571161 -0.020340887193207449 -0.71195307619323489 0.89076764624781191 -1.1446846629037448 -0.35832050388688674 -0.73972095171899488 1.3126451009290661
decision_type=2 2 2 2 2 2 2 2 2 2 2 2 2 2 2 2 2 2 2 2 2 2 2 2 2 2 2 2 2 2 2 2
left_child=1 3 -3 4 5 -1 -7 17 11 -6 15 -5 13 -9 -12 -10 19 23 -8 21 -18 -17 -20 24 26 31 -2 -27 -26 -30 -31 -19
right_child=7 2 -4 8 9 6 18 12 10 -11 14 -13 -14 -15 -16 16 20 25 22 -21 -22 -23 -24 -25 28 27 -28 -29 29 30 -32 -33
leaf_value=0.0094166347609488926 -0.0016593150907854236 -0.033607631940554702 -0.001840011759140895 -0.0010191209611002154 -0.0070825679384001073 -0.020146578431547768 0.0024814960299070887 0.0082957443087366516 0.0031028217622689571 -0.030352692166964849 -0.010509373028020946 0.010313897435734857 0.014959382129551571 -0.00050021667281161626 -0.00094790109669157306 0.0017091769768519641 -0.00064508924555051964 0.0024246730798755155 0 -0.0053667735103886966 0.0026038562213681151 -0.0021192134251363931 -0.0040181178460274754 0.0023922481133129437 0 0.00066022115673899733 0 0.0024385533814789851 0 0 0.0012955258372157499 0.0052344920867248724
leaf_weight=11.999999999999998 13.999999999999998 11.000000000000002 14.999999999999998 11.000000000000002 11.000000000000002 12.999999999999998 13.999999999999995 14.000000000000002 19 13.999999999999998 20 18 12.999999999999998 12.999999999999998 14.999999999999998 11.000000000000002 19 35 10.999999999999995 33 22 11.999999999999998 20.000000000000011 22 18 22 18 70 17 13.999999999999998 81 30
leaf_count=12 14 11 15 11 11 13 14 14 19 14 20 18 13 13 15 11 19 35 11 33 22 12 20 22 18 22 18 70 17 14 81 30
internal_value=-0.00096688 -0.00583476 -0.019278 -0.00415464 -0.00996567 -0.0034897 -0.00690124 0.00289165 -0.000827748 -0.0236901 -0.00244676 0.00637752 0.00957808 0.00452771 -0.00731999 -0.000631621 -0.00156898 0.00193522 -0.00101885 -0.00352235 0.00105942 -7.25506e-05 -0.00293443 0.000799729 0.000464216 0.00314476 -0.001023 0.00215099 0.000910625 0.00101829 0.00113192 0.00415247
internal_weight=682 301 26 275 95 70 58 381 180 25 151 29 40 27 35 116 97 341 45 56 41 23 31 184 162 157 32 92 130 112 95 65
internal_count=682 301 26 275 95 70 58 381 180 25 151 29 40 27 35 116 97 341 45 56 41 23 31 184 162 157 32 92 130 112 95 65
is_linear=0
shrinkage=0.0529975


Tree=85
num_leaves=30
num_cat=0
split_feature=37 47 29 19 28 29 37 30 28 10 5 26 19 4 33 25 37 3 12 29 31 19 37 37 13 6 37 19 35
split_gain=4.29986 2.2262 6.91463 2.04584 1.30735 0.95495 0.757442 0.737843 0.658301 0.351014 0.260416 0.255799 0.289974 0.170956 0.209084 0.26149 0.14144 0.1267 0.115949 0.0972841 0.0484222 0.0304959 0.0290852 0.0260966 0.0163965 0.00449668 0.00463719 0.000967963 0.000454763
threshold=-0.83396665377261525 0.60404435919047483 0.88506091518751828 0.51248132294284898 -1.060266269574295 0.30857929730614952 2.0509306466212647 0.70108715899300711 -0.07852848577906367 1.1813672579086629 -1.0098143974948728 -1.1200485458509351 -0.16662877018527861 -1.0962922281366654 -0.60856294445182779 -0.25544336302393983 0.20831882249872283 -0.33363801197649584 0.65938261488339089 0.51841408575409187 0.89752559575856594 0.36856203825079908 1.0934342666339061 -0.71195307619323489 -0.67598526402889403 -1.0136656600961478 -0.50308237559123692 -0.42603368173624617 -0.75285582444890464
decision_type=2 2 2 2 2 2 2 2 2 2 2 2 2 2 2 2 2 2 2 2 2 2 2 2 2 2 2 2 2
left_child=1 3 7 4 -1 9 16 19 -7 13 -11 -8 -13 -6 18 -16 21 -10 -15 20 -3 23 -18 -2 -24 -25 -27 -28 -29
right_child=6 2 -4 -5 5 8 11 -9 17 10 -12 12 -14 14 15 -17 22 -19 -20 -21 -22 -23 24 25 -26 26 27 28 -30
leaf_value=-0.018698482203270608 -0.001597746359514797 -0.00089044692321391616 -0.043427997331540881 0.011926901308498375 0.0058068492639632013 -0.014846868599241734 0.014576763372445619 -0.014328030556111562 -0.0057223304806947864 2.4100764998839181e-05 -0.0090909617435740962 -0.00154320270904826 0.007899608635996383 -0.0055597850598162217 0.0065129214855703717 -0.00022571821850783145 0.0018047045342567054 0 0.0001603532377962978 -0.0036541885861081313 0.0026133390185635245 0.0023732864019810032 0.0014840248767015588 0 0.0041524276104351913 0 0 0 0.00099476150232409685
leaf_weight=10.999999999999998 13.999999999999998 20 10.999999999999998 18 10.999999999999998 21 12.999999999999998 10.999999999999998 18 13.000000000000002 13.999999999999998 11.000000000000002 15.999999999999998 17.000000000000004 15.999999999999998 53 105 21 12.999999999999998 21 11.999999999999998 14.999999999999998 28 22 66 20 11.999999999999998 10.999999999999991 48.000000000000007
leaf_count=11 14 20 11 18 11 21 13 11 18 13 14 11 16 17 16 53 105 21 13 21 12 15 28 22 66 20 12 11 48
internal_value=-0.000939241 -0.0056234 -0.0132152 -0.00279744 -0.0044028 -0.00304139 0.00277311 -0.00464706 -0.00828649 -0.000444266 -0.00528373 0.00922768 0.00425954 0.000895122 0 0.00163954 0.00184947 -0.00309096 -0.00327322 -0.00126733 0.000444717 0.00048027 0.00274979 0.000107244 0.00356409 0.000447046 0.000612691 0.000801285 0.000895783
internal_weight=682 301 75 226 208 197 381 64 60 137 27 40 27 110 99 69 341 39 30 53 32 142 199 127 94 113 91 71 59
internal_count=682 301 75 226 208 197 381 64 60 137 27 40 27 110 99 69 341 39 30 53 32 142 199 127 94 113 91 71 59
is_linear=0
shrinkage=0.0529975


Tree=86
num_leaves=28
num_cat=0
split_feature=37 13 19 29 19 28 37 9 30 29 19 44 4 19 19 37 13 23 7 19 37 30 37 6 37 46 19
split_gain=3.97852 2.22325 5.15438 3.10446 2.38253 1.36279 0.705296 0.496848 0.719398 0.248945 0.304197 0.244234 0.242014 0.166 0.130503 0.128246 0.0918115 0.0570097 0.0451514 0.0247979 0.0296729 0.0188634 0.0120858 0.0067696 0.00439876 0.00371638 0.00265013
threshold=-0.83396665377261525 1.8940040488934418 0.64073303228167133 0.67203377572161016 0.10022906527121493 -1.060266269574295 2.0509306466212647 -1.0081802608170392 0.35904420432065115 0.22011875519856186 0.040536917192709972 0.7223131398807876 -1.2179427171227408 -0.69407060819862865 -0.23593425786207264 0.34067253377127077 0.37811191509940772 -0.080227612052946679 0.86006329032801443 0.36856203825079908 -0.55685107079571161 0.1725655675161793 1.1306587479293095 -0.99425229825236416 -0.71195307619323489 -0.16873460557596429 -0.55372344665266848
decision_type=2 2 2 2 2 2 2 2 2 2 2 2 2 2 2 2 2 2 2 2 2 2 2 2 2 2 2
left_child=1 2 3 5 -5 -1 15 8 16 13 17 12 -8 -9 -15 19 -7 -11 -12 20 24 22 -17 -22 -2 -23 -25
right_child=6 -3 -4 4 -6 7 11 9 -10 10 18 -13 -14 14 -16 21 -18 -19 -20 -21 23 25 -24 26 -26 -27 -28
leaf_value=-0.018057128849307946 -0.0015384621453771402 -0.024300828956870874 0.023404624457553508 -0.031515288149410028 -0.0042184433752855046 -0.0034229026838916835 0.016447644352358574 0.0042038250516752791 -0.015221468245306716 -0.0023430542856769728 -0.0011962755035821362 0.0013573834375208533 0.0040594284773019188 -0.0018058135467317763 0.0020545010864622321 0.0019222496453322865 0.0020148440476726345 -0.0080045083271668583 0.0020299759040291704 0.0022629773749613382 0 0.00012966666092184353 0.0038388955037706217 0 0 0.0016666956909272702 0.0010041551126229013
leaf_weight=10.999999999999998 13.999999999999998 10.999999999999998 11.999999999999998 15.999999999999998 20 11.000000000000002 10.999999999999998 20 12.999999999999998 20 20 12.999999999999998 16.000000000000004 68 30 61 10.999999999999998 22 15.999999999999998 17 22 19 71 11.999999999999998 18 28 79
leaf_count=11 14 11 12 16 20 11 11 20 13 20 20 13 16 68 30 61 11 22 16 17 22 19 71 12 18 28 79
internal_value=-0.000915934 -0.00542184 -0.00420435 -0.00588971 -0.0192843 -0.00345086 0.00265465 -0.00228657 -0.00763689 -0.00109824 -0.0033149 0.00888327 0.01139 0.000400135 -0.000506598 0.00176301 -0.000605338 -0.00608365 0.00015641 0.000592582 0.000268395 0.00273098 0.0031258 0.000705611 -0.000959402 0.00126211 0.000898243
internal_weight=682 301 290 278 36 242 381 231 35 196 78 40 27 118 98 341 22 42 36 162 145 179 132 113 32 47 91
internal_count=682 301 290 278 36 242 381 231 35 196 78 40 27 118 98 341 22 42 36 162 145 179 132 113 32 47 91
is_linear=0
shrinkage=0.0529975


Tree=87
num_leaves=33
num_cat=0
split_feature=37 13 19 30 13 44 6 37 9 51 8 28 26 19 13 1 37 31 45 45 0 19 13 37 37 13 34 1 39 37 5 47
split_gain=3.67646 2.07716 4.79251 1.12558 1.25931 1.37325 1.66647 0.662051 0.596959 0.521517 0.270755 0.25788 0.24223 0.264635 0.21228 0.124869 0.117053 0.0707424 0.0587428 0.0547003 0.0544395 0.0266371 0.0254243 0.0219901 0.00965981 0.00390414 0.00348257 0.00319968 0.00403933 0.00138695 0.000567978 0.000133292
threshold=-0.83396665377261525 1.8940040488934418 0.64073303228167133 0.51672676570704579 -0.29450247539198487 1.2189034235488292 0.088757745807232752 2.0509306466212647 0.6515840546254138 1.0000000180025095e-35 -1.0196181164111302 -0.39384282725580821 -1.1200485458509351 -0.16662877018527861 -0.99723392814418599 -0.48579890744552162 0.20831882249872283 0.78382322212725175 -0.39999725537397507 -0.73972095171899488 -0.67389339219738231 0.36856203825079908 0.18737052078095304 -0.71195307619323489 1.273352592895028 -0.40493170368161646 -0.64818914572598441 1.4763846656745676 0.48907626919820585 -0.33764023650055197 -0.069979803781908656 0.74331354545413408
decision_type=2 2 2 2 2 2 2 2 2 2 2 2 2 2 2 2 2 2 2 2 2 2 2 2 2 2 2 2 2 2 2 2
left_child=1 2 3 9 8 6 -6 16 14 10 17 20 -9 -14 -5 -13 21 -1 -17 -11 -12 23 27 -2 -24 30 -27 28 -18 -28 -25 -32
right_child=7 -3 -4 4 5 -7 -8 12 -10 19 11 15 13 -15 -16 18 22 -19 -20 -21 -22 -23 24 25 -26 26 29 -29 -30 -31 31 -33
leaf_value=-0.00094787226888949172 -0.001481377577566241 -0.023467316245751057 0.022577534221056482 -0.011215878258887309 -0.025817249068818018 0.0011823460911375527 -0.0045817913195654748 0.013723644439656438 0.0044000261934069255 -0.0027546720850668057 -0.0061187083257693729 0.0044392112689523103 -0.0016260101470677328 0.0073452381171002466 -0.0018458785579171983 0.0015756027505941272 0.00017170742070696831 -0.0075001722199083661 -0.0012371323015272595 -0.010710941984467896 -0.00049128331623477981 0.0021977489841704485 0.001951212189261368 0.0002116240134496971 0.0047508487002967765 0 0 0.00010926318349367846 0.002057337483230187 0.0010413259690487072 0 -0.00020591150556214786
leaf_weight=12.000000000000002 13.999999999999998 10.999999999999998 11.999999999999998 10.999999999999998 27 10.999999999999998 21 12.999999999999998 15.999999999999998 12.000000000000002 13.000000000000002 20 11.000000000000002 15.999999999999998 20.000000000000004 34 12.999999999999998 14.999999999999998 37 17 11.999999999999998 14.999999999999998 35 20 27 18 11.999999999999998 11.999999999999998 112 34 15.999999999999998 13.000000000000002
leaf_count=12 14 11 12 11 27 11 21 13 16 12 13 20 11 16 20 34 13 15 37 17 12 15 35 20 27 18 12 12 112 34 16 13
internal_value=-0.000886676 -0.00521838 -0.0040412 -0.00566725 -0.00986004 -0.0147004 -0.0181966 0.00254527 -0.00267624 -0.00279897 -0.00126412 0 0.00857964 0.00384732 -0.0066385 0.00129108 0.00168127 -0.00550119 3.6905e-05 -0.00865438 -0.00426048 0.000430617 0.00250092 7.97039e-05 0.00358458 0.000396711 0.000651316 0.00183191 0.00193139 0.000871313 0 -0.000110983
internal_weight=682 301 290 278 106 59 48 381 47 172 143 116 40 27 31 91 341 27 71 29 25 142 199 127 62 113 64 137 125 46 49 29
internal_count=682 301 290 278 106 59 48 381 47 172 143 116 40 27 31 91 341 27 71 29 25 142 199 127 62 113 64 137 125 46 49 29
is_linear=0
shrinkage=0.0529975


Tree=88
num_leaves=31
num_cat=0
split_feature=29 19 6 13 19 28 37 9 39 8 29 9 7 13 6 29 12 30 8 8 23 30 37 19 30 13 37 29 45 29
split_gain=3.42227 5.70228 3.66271 3.31384 3.00816 1.57672 1.09713 0.60025 0.429596 0.398642 0.251129 0.229464 0.221154 0.159213 0.163798 0.216274 0.135785 0.130392 0.0725364 0.120918 0.0531745 0.048486 0.0480902 0.0754048 0.0354261 0.0295397 0.0122302 0.0118371 0.00610717 0.000422429
threshold=0.48941511938534971 -0.17649589006198593 -0.80240145784080619 1.2113506376484462 0.51248132294284898 -1.107194503700726 2.0509306466212647 -0.34823753381376993 -0.41422937597226511 0.85464137538116247 0.74294718631138545 -1.4049440402551372 -0.23801997788656473 -0.14893667446474321 0.2337163253045503 0.047410320107977418 0.93524401635556098 0.72622951118188694 0.71481830290650317 1.4280053257725129 -0.61203253583617101 0.2567125861955567 1.023121357520363 -0.69407060819862865 0.2567125861955567 -1.3084435715058749 -0.18047020436439698 -0.71958866500200769 -1.4191683444090346 -0.23009151443733408
decision_type=2 2 2 2 2 2 2 2 2 2 2 2 2 2 2 2 2 2 2 2 2 2 2 2 2 2 2 2 2 2
left_child=5 -2 3 -3 10 -1 8 -6 11 12 20 -7 -8 14 15 -13 -16 18 21 -20 -4 -15 23 -10 -17 -25 29 -24 -28 -27
right_child=1 2 4 -5 7 6 9 -9 22 -11 -12 13 -14 17 16 24 -18 -19 19 -21 -22 -23 27 25 -26 26 28 -29 -30 -31
leaf_value=-0.014264609232954122 -0.035991901976020903 -0.000776191056729678 0.00078113202023181961 -0.034091398253651699 0.003307254992457073 -0.0063150926568859385 -0.00083826080550203125 0.021948353739602151 0.0045155794155618085 0.015832546262142977 -0.010539680144423682 0.003334092821567275 0.0075048187850796436 0.00091131875294186634 -0.0068498571383295587 -0.00019663181034116308 0 -0.0029022521579789087 -0.0026391903213546625 0.0027194629369432679 -0.0032398075853678804 0.0039790964556922041 0.0008730731184560472 -0.0011182791025257201 -0.0047507090770383563 0.00023771665803722742 0 0.003308173283374898 0.0013976726690318028 0
leaf_weight=12.999999999999998 12.999999999999998 18.000000000000004 10.999999999999998 10.999999999999998 11.000000000000002 15.999999999999998 13 13.999999999999998 13.999999999999998 11.999999999999998 11.999999999999998 21 12 55 22 12.000000000000002 12.999999999999998 19 24 12.999999999999998 12.000000000000002 24 21 10.999999999999998 11.999999999999998 14.999999999999998 11.999999999999998 74 131 21
leaf_count=13 13 18 11 11 11 16 13 14 14 12 12 21 12 55 22 12 13 19 24 13 12 24 21 11 12 15 12 74 131 21
internal_value=-0.000853745 -0.0095222 -0.00355447 -0.0172887 0.00394559 0.000740628 0.00124253 0.0161981 0.000561416 0.00939764 -0.00572501 -0.00112035 0.0036182 -0.000541302 -0.00234317 0 -0.00476856 0.000531174 0.00126581 -0.000477285 -0.00131202 0.00214045 0.00188009 0.00129164 -0.00320102 0.000887569 0.00108084 0.00292284 0.00129655 0
internal_weight=682 102 89 29 60 580 567 25 530 37 35 231 25 215 80 45 35 135 116 37 23 79 299 204 24 190 179 95 143 36
internal_count=682 102 89 29 60 580 567 25 530 37 35 231 25 215 80 45 35 135 116 37 23 79 299 204 24 190 179 95 143 36
is_linear=0
shrinkage=0.0529975


Tree=89
num_leaves=30
num_cat=0
split_feature=13 19 37 30 9 52 19 2 6 13 12 12 14 19 6 34 12 5 12 37 19 45 6 37 39 37 6 1 33
split_gain=3.18983 3.32733 2.71713 1.1928 1.14271 0.756606 1.18608 0.580697 0.426243 0.670438 0.355192 0.347899 0.318886 0.2309 0.172316 0.146955 0.14566 0.118349 0.117294 0.236496 0.192392 0.0489836 0.0464583 0.0289213 0.0242192 0.00463665 0.00393797 0.00197517 0.000148236
threshold=1.9943942564294705 0.86932162594016515 -0.74710953075000652 1.2754480605365839 -0.80390174744735665 1.0000000180025095e-35 -0.66572236260676454 0.18782988807876386 -1.1600946154027774 0.71943862072190534 0.087095234269040436 1.78232620695791 -0.23312914571713708 -0.73439517079375893 1.0167876841475409 -0.76183905390592832 -0.85056496646977686 1.1587951997270807 1.5535127395682953 1.5897606839059695 -0.3208217374551619 1.1853799942361178 0.50495177615775388 0.14214196686244587 1.4151184330301467 -0.54030685688664326 -0.48398932082632279 1.4763846656745676 -0.02821861925291886
decision_type=2 2 2 2 2 2 2 2 2 2 2 2 2 2 2 2 2 2 2 2 2 2 2 2 2 2 2 2 2
left_child=1 2 3 4 5 6 -1 10 17 16 12 18 15 -12 -15 -6 -10 -9 19 23 -21 -22 -8 25 27 28 -27 -25 -4
right_child=-2 -3 11 -5 7 -7 22 8 9 -11 13 -13 -14 14 -16 -17 -18 -19 -20 20 21 -23 -24 24 -26 26 -28 -29 -30
leaf_value=-0.024650998073810618 -0.02351238052076278 0.018338533054266894 0 -0.01821330480278616 0.0011844736861256174 0 -0.0066463222105423644 0.0044056572909713576 -0.0072437010089253153 -0.015763381848368903 0.0037042044522315014 0.0096570754655307366 -0.0012407004299136582 -0.0048049741718063487 0.00063219699859213337 0.0097138016872947621 -0.0017373852806320022 -0.0016859332670671448 -0.0023413372809074867 -0.00073936744393874557 0.0066360402807409229 0.001172451158657484 -0.00087937115233535429 0.0018611258837940511 -0.00017720435957713763 0 0.00075912566385533695 0.00013759329973244143 -0.00020683336790962287
leaf_weight=11.999999999999998 10.999999999999998 20 12.000000000000002 11.999999999999998 13.000000000000002 13.999999999999998 17.000000000000004 11.000000000000002 18 11.999999999999998 11.999999999999998 10.999999999999998 17 41 20 15.999999999999998 57 11.999999999999998 12.999999999999998 11.999999999999998 44 11.999999999999998 10.999999999999998 127 11.999999999999998 31 59 11.999999999999998 10.999999999999998
leaf_count=12 11 20 12 12 13 14 17 11 18 12 12 11 17 41 20 16 57 12 13 12 44 12 11 127 12 31 59 12 11
internal_value=-0.000833397 -0.000246329 -0.000990088 -0.00471045 -0.0037477 -0.0103104 -0.0135964 -0.00194683 -0.00462416 -0.00624675 0.000575242 0.00210047 0.00399331 -0.00162982 -0.00302101 0.00694797 -0.00358357 0.00129516 0.00167877 0.00189559 0.00458904 0.00580457 -0.00514091 0.00108944 0.00157208 0.000339091 0.000524363 0.00177235 -0.000103522
internal_weight=682 671 651 295 283 54 40 229 110 87 119 356 46 73 61 29 75 23 345 332 68 56 28 264 151 113 90 139 23
internal_count=682 671 651 295 283 54 40 229 110 87 119 356 46 73 61 29 75 23 345 332 68 56 28 264 151 113 90 139 23
is_linear=0
shrinkage=0.0529975


Tree=90
num_leaves=29
num_cat=0
split_feature=29 19 6 13 19 28 37 9 26 37 9 29 31 30 30 29 6 13 47 6 29 37 13 13 13 36 16 5
split_gain=3.09162 5.18331 3.37489 3.03837 2.70675 1.37886 0.965927 0.560063 0.382925 0.259059 0.224937 0.222741 0.203243 0.15868 0.160893 0.162946 0.123239 0.0653682 0.0898914 0.0795055 0.0482407 0.0473368 0.00807762 0.00699272 0.00372608 0.00285639 0.00113484 6.7617e-05
threshold=0.48941511938534971 -0.17649589006198593 -0.80240145784080619 1.2113506376484462 0.51248132294284898 -1.107194503700726 2.0509306466212647 -0.34823753381376993 -1.1200485458509351 -0.47206197451173448 -1.4049440402551372 0.74294718631138545 -0.1149468303677286 1.100154062415069 0.58764190694955731 0.065064269582484971 0.2337163253045503 -0.10376108107353031 0.1166022072676676 -1.1211651162020742 0.58730087529752451 1.023121357520363 -0.083683039566324571 0.18737052078095304 -0.21419030936316188 1.4495913052059788 -1.1823622221101864 -1.0011960230214851
decision_type=2 2 2 2 2 2 2 2 2 2 2 2 2 2 2 2 2 2 2 2 2 2 2 2 2 2 2 2
left_child=5 -2 3 -3 11 -1 9 -6 -8 10 -7 20 -10 14 17 16 -16 19 -19 -12 -4 22 24 -23 25 26 -11 -24
right_child=1 2 4 -5 7 6 8 -9 12 21 13 -13 -14 -15 15 -17 -18 18 -20 -21 -22 23 27 -25 -26 -27 -28 -29
leaf_value=-0.013328939886536297 -0.034289920439393995 -0.00072602797345112057 -0.0030354152451392944 -0.032637762218089582 0.0030683012372915903 -0.0058390695998382222 0.015083779045823982 0.020993934230976528 -0.0009515241466821775 0 0.001757115784165065 -0.0098777725528714291 0.007002815770923208 0.0039713161814292118 0.0020353482893596506 -0.0069037063033707173 -0.0028419926105664574 0.0028579724444112533 -0.00018410528869719121 -0.0022314732590089158 0.00078171604310259724 0.0016917541693718572 0.0002897785581086612 0.0036179415229222176 0 0 0.00089292421322813753 0.0016990377347750074
leaf_weight=12.999999999999998 12.999999999999998 18.000000000000004 12.000000000000002 10.999999999999998 11.000000000000002 15.999999999999998 11.999999999999998 13.999999999999998 13 13.999999999999998 12.999999999999998 11.999999999999998 12 17 18 13.999999999999998 29 40 56 41 10.999999999999998 62 15.999999999999998 33 19 10.999999999999998 75 56
leaf_count=13 13 18 12 11 11 16 12 14 13 14 13 12 12 17 18 14 29 40 56 41 11 62 16 33 19 11 75 56
internal_value=-0.000813519 -0.00905278 -0.00336116 -0.0165483 0.00383125 0.000701344 0.00117134 0.0154514 0.00882408 0.000531316 -0.000708931 -0.00534448 0.00325732 -0.000178665 -0.000645714 -0.00281609 -0.000823336 0.000266452 0.00110845 -0.00107519 -0.00118482 0.00160618 0.00100971 0.00260509 0.000585866 0.000709578 0.000803901 0.00152177
internal_weight=682 102 89 29 60 580 567 25 37 530 244 35 25 228 211 61 47 150 96 54 23 286 191 95 119 100 89 72
internal_count=682 102 89 29 60 580 567 25 37 530 244 35 25 228 211 61 47 150 96 54 23 286 191 95 119 100 89 72
is_linear=0
shrinkage=0.0529975


Tree=91
num_leaves=25
num_cat=0
split_feature=13 19 29 19 28 19 39 29 6 37 53 29 19 6 6 30 29 26 25 37 31 30 37 13
split_gain=2.93073 2.96472 2.98268 4.08133 1.21153 0.618369 0.567439 0.261707 0.247414 0.229588 0.193384 0.131927 0.233423 0.115379 0.172774 0.162126 0.108849 0.0731298 0.0358216 0.0621992 0.0549329 0.015083 0.0122599 0.000961348
threshold=1.9943942564294705 0.86932162594016515 0.5561357425748209 -0.11099870993473214 -1.107194503700726 0.51248132294284898 -0.41422937597226511 0.80607140098567553 1.3044623350448674 2.0509306466212647 1.0000000180025095e-35 -0.12613368717176643 -0.32637439510952204 1.0167876841475409 0.2337163253045503 0.19847614544474915 -0.043926478159259215 0.93902844357617798 -0.83747405889393811 0.20831882249872283 -0.038123266235527122 0.1725655675161793 -0.55685107079571161 1.0000000180025095e-35
decision_type=2 2 2 2 2 2 2 2 2 2 2 2 2 2 2 2 2 2 2 2 2 2 2 2
left_child=1 2 4 -4 -1 7 8 17 13 18 -11 -10 -13 14 16 -16 -6 -5 20 22 23 -21 -20 -8
right_child=-2 -3 3 5 6 -7 9 -9 11 10 -12 12 -14 -15 15 -17 -18 -19 19 21 -22 -23 -24 -25
leaf_value=-0.012845522115591966 -0.022528875345746525 0.017314809461875358 -0.033948214526662891 -0.0039202348701742476 0.0029919251732969218 0.0054606729881168372 0 -0.010645145909365753 0 0.010094642095987023 0.0015925078102295418 -0.010922589778585153 -0.0003908808624606556 0.0029672347952782031 0.00035768954574560052 -0.004450724315964512 -0.00048917459258816993 0.00062644791397773781 -0.001186135657129292 0.0021916552255717265 0.0050875524067711606 0.00064225339415570554 0.00035329148274530276 0.0012290242075087897
leaf_weight=12.999999999999998 10.999999999999998 20 10.999999999999998 15.000000000000002 28 10.999999999999998 14.000000000000002 17 11.999999999999998 12.999999999999998 21 10.999999999999998 12.000000000000002 19 26 47 86 11.999999999999998 10.999999999999998 117 17 45 79 13.999999999999998
leaf_count=13 11 20 11 15 28 11 14 17 12 13 21 11 12 19 26 47 86 12 11 117 17 45 79 14
internal_value=-0.000790479 -0.000227404 -0.00093008 -0.011112 0.000307919 -0.00354186 0.000749109 -0.0063172 -0.00117196 0.00216453 0.00604401 -0.00494947 -0.00688581 -0.000375363 -0.000832816 -0.00275257 0.00041441 -0.00194119 0.00158654 0.00123712 0.00303078 0.00184113 3.00408e-05 0.000899466
internal_weight=682 671 651 66 585 55 572 44 241 331 34 35 23 206 187 73 114 27 297 252 45 162 90 28
internal_count=682 671 651 66 585 55 572 44 241 331 34 35 23 206 187 73 114 27 297 252 45 162 90 28
is_linear=0
shrinkage=0.0529975


Tree=92
num_leaves=26
num_cat=0
split_feature=29 27 29 37 9 30 29 27 3 29 37 45 3 11 29 13 37 39 3 6 29 34 37 13 39
split_gain=2.828 4.20654 3.17408 1.24698 1.13291 0.923825 0.86235 1.54527 0.294833 0.467626 0.265845 0.119713 0.326064 0.149423 0.107011 0.103526 0.0261334 0.0230773 0.00676546 0.00423279 0.00326239 0.00318834 0.00199662 0.000428212 3.91582e-05
threshold=1.9619634837178215 0.86932162594017093 0.88506091518751828 -0.71195307619323489 -1.3268951181767978 0.24466002753205443 -0.53733114284264227 -0.78831803872658124 -0.74409147664140096 0.26552658291515235 1.5897606839059695 -0.060273559028955231 -0.21585571342047963 0.053646620258632226 -0.78683876339098224 0.22752660379536452 0.20831882249872283 1.4151184330301467 -0.51388062037282356 -0.48398932082632279 -0.56712000422873976 1.6674716432717291 -0.58580344513658222 -0.47520484895683662 -0.20891161668954453
decision_type=2 2 2 2 2 2 2 2 2 2 2 2 2 2 2 2 2 2 2 2 2 2 2 2 2
left_child=1 2 3 4 5 -1 -6 -8 15 -10 16 13 18 -12 -14 -9 19 21 -13 24 -21 23 -22 -18 -5
right_child=-2 -3 -4 10 6 -7 7 8 9 -11 11 12 14 -15 -16 -17 17 -19 -20 20 22 -23 -24 -25 -26
leaf_value=-0.0011190652251023988 -0.021505865945072079 0.023142296981209294 -0.019104397239347256 -7.609062589854195e-05 0.0093628794134040395 -0.019747348196371077 -0.017801562355960882 -6.1264650890637925e-05 4.4282065887775495e-05 -0.0051367771348903562 0.0010612013496631078 0.0075113909837972344 -0.0043464153351755993 0.010303656242553378 0.00121437581940275 0.0048227080019191638 0.00080655530743129345 -0.00018582855020493651 0.0019863105828669628 0 0 5.4958404852049134e-05 0.00079814961528642799 0.0020317121785014911 0
leaf_weight=15.000000000000002 11.999999999999998 14.999999999999998 20 12.999999999999998 12.999999999999998 12.999999999999998 10.999999999999998 17 119 74 11.000000000000002 14.000000000000002 12.000000000000002 13.999999999999998 13.999999999999998 21 35 11.999999999999998 10.999999999999998 12.999999999999998 10.999999999999998 11.999999999999998 63 93 24
leaf_count=15 12 15 20 13 13 13 11 17 119 74 11 14 12 14 14 21 35 12 11 13 11 12 63 93 24
internal_value=-0.000769509 -0.000200307 -0.000950529 -0.000194488 -0.00279212 -0.011931 -0.00151082 -0.00233537 -0.00113764 -0.00200207 0.00188623 0.00457399 0.00240382 0.00745433 -0.00146742 0.00276846 0.00103982 0.0015116 0.00616025 0.000364736 0.000560181 0.00170659 0.000692346 0.00179992 0
internal_weight=682 670 655 635 283 28 255 242 231 193 352 76 51 25 26 38 276 152 25 124 87 140 74 128 37
internal_count=682 670 655 635 283 28 255 242 231 193 352 76 51 25 26 38 276 152 25 124 87 140 74 128 37
is_linear=0
shrinkage=0.0529975


Tree=93
num_leaves=27
num_cat=0
split_feature=29 19 29 37 9 30 30 29 19 29 13 37 45 3 3 29 37 39 3 6 29 34 37 29 39 28
split_gain=2.63265 3.89291 2.92071 1.14779 1.05678 0.856232 0.822612 0.730343 0.459698 0.41036 0.284875 0.249437 0.11047 0.303334 0.146981 0.0997511 0.0236147 0.0213626 0.00490579 0.0038568 0.00301602 0.00249155 0.00180088 0.00176484 3.63693e-05 4.86302e-05
threshold=1.9619634837178215 0.86932162594016515 0.88506091518751828 -0.71195307619323489 -1.3268951181767978 0.24466002753205443 1.3147074542432582 -0.42621382510666844 -0.61042266000295275 -0.10477070054304734 -0.14893667446474321 1.5897606839059695 -0.060273559028955231 -0.21585571342047963 -0.16410288526707839 -0.78683876339098224 0.20831882249872283 1.4151184330301467 -0.51388062037282356 -0.48398932082632279 -0.56712000422873976 1.6674716432717291 -0.58580344513658222 -0.65771292292125405 -0.20891161668954453 -0.057583843783919078
decision_type=2 2 2 2 2 2 2 2 2 2 2 2 2 2 2 2 2 2 2 2 2 2 2 2 2 2
left_child=1 2 3 4 5 -1 7 -6 9 -9 -10 16 14 18 -13 -15 19 21 -14 24 -21 23 -22 -18 -5 -26
right_child=-2 -3 -4 11 6 -7 -8 8 10 -11 -12 12 13 15 -16 -17 17 -19 -20 20 22 -23 -24 -25 25 -27
leaf_value=-0.0010766954244412334 -0.020745875823638498 0.022266087699342459 -0.018325454670324554 -7.3330953893521752e-05 0.0083743511112282128 -0.019031145660369321 -0.012740622340897652 -7.9030111846530824e-05 -0.0034499033919597475 -0.012737098076964284 0.00074424545076568805 0.0014360062696884546 0.0072326815640183688 -0.0041928185021891965 0.010475988150281935 0.0011693165236198789 0.00059642307249336331 -0.00017926161654561277 0.0019181807629489445 0 0 5.3016240256552624e-05 0.00075952591080512353 0.0019096110476822042 0 8.4795468515746182e-05
leaf_weight=15.000000000000002 11.999999999999998 14.999999999999998 20 12.999999999999998 17 12.999999999999998 10.999999999999998 14.000000000000002 59 11.999999999999998 142 13.000000000000002 14.000000000000002 12.000000000000002 11.999999999999998 13.999999999999998 28 11.999999999999998 10.999999999999998 12.999999999999998 10.999999999999998 11.999999999999998 63 100 11 13
leaf_count=15 12 15 20 13 17 13 11 14 59 12 142 13 14 12 12 14 28 12 11 13 11 12 63 100 11 13
internal_value=-0.000738499 -0.000188979 -0.000911112 -0.000185431 -0.00267802 -0.0115046 -0.00144001 -0.000609241 -0.00151021 -0.00743168 -0.000517405 0.00181033 0.00441384 0.00231841 0.00718773 -0.00140919 0.000990039 0.00143928 0.00594309 0.000344639 0.000531525 0.00162752 0.000659033 0.00171402 0 0
internal_weight=682 670 655 635 283 28 255 244 227 26 201 352 76 51 25 26 276 152 25 124 87 140 74 128 37 24
internal_count=682 670 655 635 283 28 255 244 227 26 201 352 76 51 25 26 276 152 25 124 87 140 74 128 37 24
is_linear=0
shrinkage=0.0529975


Tree=94
num_leaves=22
num_cat=0
split_feature=13 19 29 44 53 28 9 29 19 47 29 5 19 28 19 13 12 5 19 10 19
split_gain=2.47513 2.5343 3.8687 1.50738 1.32572 0.963236 0.615569 0.608304 0.619167 0.488245 0.191577 0.483264 0.223054 0.139793 0.145725 0.104135 0.115626 0.0760154 0.102622 0.0366029 0.02078
threshold=1.9943942564294705 0.50703029617112583 0.67203377572161016 -0.76745771112333661 0.35627397084393697 -1.107194503700726 -0.24851117287270055 0.26552658291515235 -0.43975289947443713 0.60404435919047483 -0.72657642365106512 -1.0950760906972434 -0.78831803872658812 -0.66986113276767056 -0.45609526081687068 1.0000000180025095e-35 0.44833029385191486 -0.5574367213916086 -0.40088761763739383 -0.5150986610266256 -0.48206000193395332
decision_type=2 2 2 2 2 2 2 2 2 2 2 2 2 2 2 2 2 2 2 2 2
left_child=1 2 5 -3 -4 -1 -5 10 -9 -8 11 -7 -12 -14 -15 -10 19 20 -19 -17 -13
right_child=-2 3 4 6 -6 7 9 8 15 -11 12 17 13 14 -16 16 -18 18 -20 -21 -22
leaf_value=-0.011961059808812676 -0.020692261197981482 0.020524163539652255 -0.0057761595630335854 -0.003780116290535394 -0.028638682947413306 0.011297645508988369 0.012427673604372254 -0.013128957192915482 -0.0048122718259373956 3.1708275232184424e-05 -0.004730960054186828 0 0.0048771641995250482 -0.0017068128637894521 0.00093908976138400515 -0.0003324589943658363 -0.0039270779840187174 -0.00012354245790214977 0.0052169323877158608 0.0023324073410825397 -0.0024320846166763078
leaf_weight=12.999999999999998 10.999999999999998 17 20 17 11.999999999999998 10.999999999999998 15.999999999999998 10.999999999999998 12.999999999999998 17 15.999999999999998 12.000000000000002 15.999999999999998 64 323 17.999999999999993 10.999999999999998 17 12.000000000000002 24.000000000000007 10.999999999999998
leaf_count=13 11 17 20 17 12 11 16 11 13 17 16 12 16 64 323 18 11 17 12 24 11
internal_value=-0.000714798 -0.000196604 -0.00132167 0.00912553 -0.0177 -0.000219194 0.00334243 0.000165557 -0.00401572 0.00720779 0.00088897 0.00349456 0.000436987 0.000725597 0.000464385 -0.00143286 -8.06863e-05 0.000726044 0.00240197 0.00114595 -0.00120593
internal_weight=682 671 604 67 32 572 50 559 77 33 482 63 419 403 387 66 53 52 29 42 23
internal_count=682 671 604 67 32 572 50 559 77 33 482 63 419 403 387 66 53 52 29 42 23
is_linear=0
shrinkage=0.0529975


Tree=95
num_leaves=29
num_cat=0
split_feature=13 19 37 44 30 9 30 35 30 25 9 47 0 8 3 13 13 12 7 39 19 39 39 25 13 13 8 47
split_gain=2.30606 2.35608 1.76424 1.50881 0.929128 0.762018 0.757746 0.636845 0.728438 0.622849 0.569874 0.399395 0.319626 0.27163 0.204624 0.175414 0.14559 0.142816 0.079277 0.0647587 0.106815 0.0181725 0.0316971 0.0208053 0.0122497 0.00488672 0.00322025 0.00077722
threshold=1.9943942564294705 0.51248132294284898 -0.74710953075000652 -0.76745771112333661 1.2754480605365839 -1.3268951181767978 0.24466002753205443 0.25003863563533174 0.99608930189529632 0.28764612946142948 -0.36305686773523466 0.60404435919047483 1.7488002339928512 0.67386627701798318 1.3170987480888836 -0.14893667446474321 1.0406872848371975 -0.32347368234101898 -1.5166067733697386 1.8332589020591132 -0.17649589006198593 0.50403954771680926 1.4905538293536869 -0.69300520737815063 0.081960802868122865 0.19740954153455592 0.87932259128655388 0.74331354545413408
decision_type=2 2 2 2 2 2 2 2 2 2 2 2 2 2 2 2 2 2 2 2 2 2 2 2 2 2 2 2
left_child=1 2 4 -3 5 6 -1 8 13 -9 -5 -12 17 15 18 -7 -15 -11 -4 21 -21 25 24 -24 -23 27 -27 -20
right_child=-2 3 14 10 -6 7 -8 9 -10 12 11 -13 -14 16 -16 -17 -18 -19 19 20 -22 22 23 -25 -26 26 -28 -29
leaf_value=-0.0010595097231266618 -0.019982521957069115 0.02106406799297306 -0.0024688789811924952 -0.0042916047183617963 -0.016192961818461575 -0.0026719680493745858 -0.018008232653340044 -0.015014610145443422 0.0094522261388684387 0.0012150548457070839 0.011086136587023988 3.0465981221638033e-05 -0.0081492405237831578 -0.0060390381176157349 0.0063016686471636567 0.0019511813010962037 0.00019794375948668677 -0.0033047111018201783 0.00016662250731884482 0 0.0056934469519610313 0.001015509184872291 -0.0014386965596431438 0.00093225359847163289 0.0028052010808748205 0.00098380427456522083 0 -7.4781629016560411e-05
leaf_weight=15.000000000000002 10.999999999999998 14.999999999999998 10.999999999999998 13.999999999999998 11.999999999999998 29 12.999999999999998 10.999999999999998 13.999999999999998 33 18 17 21 33 17 60 10.999999999999998 32 70 14.000000000000002 15.999999999999998 65 13.000000000000002 15.999999999999998 29 35 10.999999999999998 26
leaf_count=15 11 15 11 14 12 29 13 11 14 33 18 17 21 33 17 60 11 32 70 14 16 65 13 16 29 35 11 26
internal_value=-0.000699084 -0.000198453 -0.00125858 0.00900283 -0.00426885 -0.00337972 -0.0109224 -0.00224501 0 -0.00544061 0.00328951 0.0066765 -0.00324126 -0.00136615 0.00139656 0.000297664 -0.00450336 -0.00100286 0.00098579 0.00118443 0.00338726 0.000839848 0.0013212 0 0.0017726 0.000339068 0.00076757 3.22101e-05
internal_weight=682 671 607 64 284 272 28 244 147 97 49 35 86 133 323 89 44 65 306 295 30 265 123 29 94 142 46 96
internal_count=682 671 607 64 284 272 28 244 147 97 49 35 86 133 323 89 44 65 306 295 30 265 123 29 94 142 46 96
is_linear=0
shrinkage=0.0529975


Tree=96
num_leaves=28
num_cat=0
split_feature=29 19 29 37 29 19 29 19 37 51 39 30 19 45 23 23 19 13 4 39 0 39 23 5 30 12 47
split_gain=2.2664 3.33531 2.53661 0.886423 0.889474 2.77656 0.475912 1.74241 0.202074 0.167642 0.135746 0.15266 0.122239 0.0939794 0.281059 0.120761 0.085419 0.0194086 0.0109212 0.00942257 0.00808183 0.00695797 0.00479014 0.00288767 0.000748249 0.000452228 0.000217378
threshold=1.9619634837178215 0.86932162594016515 0.88506091518751828 -0.59407555209111784 -0.53733114284264227 -0.89269806438786092 0.31624251926828922 -0.30874860567331258 1.6207810849854718 1.0000000180025095e-35 -0.66602670239464246 0.93428485078410539 -0.15322641359502007 -0.060273559028955231 -0.2158557134204806 -0.16410288526707953 -0.10851345830801649 0.036785209476909921 -0.2242861517224459 0.41851561017736649 1.6678200732471291 0.48907626919820585 -0.51388062037282445 0.17654274449041765 -0.079106002799551697 0.087095234269040436 -0.092301572127821196
decision_type=2 2 2 2 2 2 2 2 2 2 2 2 2 2 2 2 2 2 2 2 2 2 2 2 2 2 2
left_child=1 2 3 4 -1 -6 10 -8 17 -9 12 -12 -7 15 22 -10 -16 18 23 25 -21 26 -15 24 -5 -20 -19
right_child=-2 -3 -4 8 5 6 7 9 13 -11 11 -13 -14 14 16 -17 -18 21 19 20 -22 -23 -24 -25 -26 -27 -28
leaf_value=0.0085557592777367394 -0.019241442979499923 0.02061661129402537 -0.017065368827848867 0 -0.022628466423846354 0 -0.01729098628899994 0.00069958943293613001 0.0012167716046914193 -0.0051534850544721371 -0.0030206876733035078 0.0024017601602442772 0.0036970823014399919 0.0068025217590245955 -0.0040582551677480492 0.0097768405270615664 0.00095762431442182616 0 0.00019912173929887922 0.0015248837538679764 0 0.0022983310647142086 0.0017584181324178162 -0.00065067727163828956 0.00024562523596289172 0 0.00091340408219127271
leaf_weight=13.999999999999998 11.999999999999998 14.999999999999998 20 10.999999999999998 12.999999999999998 81 17 62 12.000000000000002 10.999999999999998 53 12.999999999999998 31 14.000000000000002 12.000000000000002 10.999999999999998 12.999999999999998 10.999999999999998 41 47 10.999999999999998 34 10.999999999999998 10.999999999999998 44 10.999999999999998 46
leaf_count=14 12 15 20 11 13 81 17 62 12 11 53 13 31 14 12 11 13 11 41 47 11 34 11 11 44 11 46
internal_value=-0.000677783 -0.000167235 -0.000836479 -0.000159575 -0.00227119 -0.00300244 -0.00155055 -0.00455904 0.00165999 -0.000418203 3.16356e-05 -0.00174453 0.00117297 0.00405199 0.00210826 0.00672681 -0.00154398 0.000905771 0.000491606 0.000802267 0.00125335 0.00155487 0.00557798 0 0.000122461 0.000101134 0.000823975
internal_weight=682 670 655 635 295 281 268 90 340 73 178 66 112 73 50 23 25 267 176 110 58 91 25 66 55 52 57
internal_count=682 670 655 635 295 281 268 90 340 73 178 66 112 73 50 23 25 267 176 110 58 91 25 66 55 52 57
is_linear=0
shrinkage=0.0529975


Tree=97
num_leaves=22
num_cat=0
split_feature=29 19 29 37 9 30 30 29 19 29 5 37 39 5 37 1 15 37 13 31 37
split_gain=2.10983 3.08663 2.33414 0.820657 0.847055 0.69202 0.631278 0.645907 0.306362 0.455088 0.199249 0.191344 0.185573 0.0860543 0.0899538 0.0828794 0.114469 0.0338366 0.00534651 0.00605324 0.00191565
threshold=1.9619634837178215 0.86932162594016515 0.88506091518751828 -0.55685107079571161 -1.3268951181767978 0.24466002753205443 1.3147074542432582 -0.53733114284264227 -0.61042266000295275 -0.10477070054304734 -1.2815111914581778 1.0934342666339061 -0.7385005568059213 -0.93629467729355553 1.1306587479293095 -0.9213629955941488 0.55538582612805176 0.84940711147513925 -0.093722060319927428 -0.046164977464238137 -0.22596679261433597
decision_type=2 2 2 2 2 2 2 2 2 2 2 2 2 2 2 2 2 2 2 2 2
left_child=1 2 3 4 5 -1 7 -6 9 -9 11 -5 -10 17 18 -16 -17 -12 19 -15 -20
right_child=-2 -3 -4 10 6 -7 -8 8 12 -11 13 -13 -14 14 15 16 -18 -19 20 -21 -22
leaf_value=-0.00096565864145371273 -0.018561475528531372 0.01983602878638669 -0.016369563293030145 0.00012662379037211535 0.0095815767611657568 -0.01683634017536615 -0.010711182554792807 0 0.00082406251862081564 -0.011590801420406711 7.5714808574928814e-05 0.0095686810097397618 -0.0023210892573091147 -4.0539449483161269e-05 0.0057786167209912193 0.0025926205228492265 -0.0017879935395307403 -0.003088876852151764 0 0.00060388651167203209 0.0012761157483994268
leaf_weight=16.000000000000004 11.999999999999998 14.999999999999998 20 12.000000000000002 10.999999999999998 12.999999999999998 11.999999999999998 20 142 11.999999999999998 12.000000000000002 10.999999999999998 75 39 17 69 14.999999999999998 10.999999999999998 10.999999999999998 87 50
leaf_count=16 12 15 20 12 11 13 12 20 142 12 12 11 75 39 17 69 15 11 11 87 50
internal_value=-0.000650456 -0.000157525 -0.000801754 -0.000151985 -0.00214685 -0.00994547 -0.00109366 -0.000392062 -0.00107501 -0.00547637 0.00163139 0.0059282 -0.000264834 0.00118546 0.00145214 0.00270835 0.00166575 -0.00152269 0.000674397 0.000358726 0.00113172
internal_weight=682 670 655 635 301 29 272 260 249 32 334 23 217 311 288 101 84 23 187 126 61
internal_count=682 670 655 635 301 29 272 260 249 32 334 23 217 311 288 101 84 23 187 126 61
is_linear=0
shrinkage=0.0529975


Tree=98
num_leaves=23
num_cat=0
split_feature=29 19 29 19 28 8 39 29 19 19 19 30 10 45 37 45 13 20 26 39 29 30
split_gain=1.96277 2.85821 2.17605 3.38184 0.863209 0.617034 0.450677 0.298136 0.413529 0.241122 0.196798 0.138298 0.133672 0.0955343 0.125315 0.0948671 0.0910547 0.0589214 0.065948 0.0760658 0.0614184 0.0210495
threshold=1.9619634837178215 0.86932162594016515 0.5561357425748209 -0.11099870993473214 -1.107194503700726 -1.0196181164111302 -1.1668644794528669 -0.091619975263779255 -0.23593425786207264 0.42784664522021415 -0.89853941475979127 -1.0000000180025095e-35 1.0940465440769784 -0.5132384874889816 1.6207810849854718 -0.28675602325896848 0.22752660379536452 1.721871107483901 0.77999256740898393 -0.63854705280048074 0.24981380638607056 0.13321650914154923
decision_type=2 2 2 2 2 2 2 2 2 2 2 2 2 2 2 2 2 2 2 2 2 2
left_child=1 2 4 -4 -1 -5 -7 9 12 10 -6 -8 16 14 -12 -15 -9 18 20 -20 -10 -19
right_child=-2 -3 3 5 7 6 11 8 17 -11 13 -13 -14 15 -16 -17 -18 21 19 -21 -22 -23
leaf_value=-0.010800385333794167 -0.017905536723324674 0.019085000293842774 -0.0301691868271492 -0.0093020560620347206 0.006767898370858492 0.0081314049181486197 -0.0050360410551695423 -0.0039595026337726318 0.0010404383122300496 0.0077618950433523933 0.001242491093012684 0.00122596783950507 -0.0074013334166451537 -0.0028185499112203891 0.0066459074175723139 0.00066999848331304214 0.00046604411431080538 0 0.0047594016180747978 0.00027268361769523531 -0.0015478858176674536 -0.0026159028771056063
leaf_weight=12.999999999999998 11.999999999999998 14.999999999999998 10.999999999999998 19 11.999999999999998 10.999999999999995 15.999999999999998 19 71 11.999999999999998 79 12.000000000000005 21 18 10.999999999999998 209 20 11.000000000000002 18 27 32 12.999999999999998
leaf_count=13 12 15 11 19 12 11 16 19 71 12 79 12 21 18 11 209 20 11 18 27 32 13
internal_value=-0.000629855 -0.000154022 -0.000774315 -0.00927768 0.00029897 -0.00275079 0.00109993 0.000672098 -0.000761722 0.00166403 0.00128581 -0.00240399 -0.00434368 0.000934873 0.00234955 0.000297977 -0.0017751 0.000552795 0.000983703 0.00255294 0.0001313 -0.00153707
internal_weight=682 670 655 69 586 58 39 573 232 341 329 28 60 317 90 227 39 172 148 45 103 24
internal_count=682 670 655 69 586 58 39 573 232 341 329 28 60 317 90 227 39 172 148 45 103 24
is_linear=0
shrinkage=0.0529975


Tree=99
num_leaves=26
num_cat=0
split_feature=18 29 14 30 29 19 29 39 29 12 10 19 30 29 19 39 19 29 31 13 0 39 26 6 30
split_gain=1.91475 3.4004 1.92041 0.991696 2.76166 0.567499 0.471931 0.457188 0.640337 0.430388 0.431868 0.374637 0.372566 0.201704 0.177785 0.163185 0.13989 0.124365 0.113165 0.0935284 0.0768622 0.0616489 0.0493135 0.0426458 0.0151898
threshold=1.9621735598251575 1.0555066932308372 0.65751121127934287 0.75264601063067438 -0.15324387896073374 0.30064614087418168 -0.8087180920570306 -1.0567165156606251 0.44790493864222342 0.24401710330907569 0.69104039462678457 0.29235489073587734 -0.13894649622707805 -0.8996447736816684 -0.66572236260676454 -0.80090981903234959 -0.13083393798565543 -0.21380076490868594 0.94297973329053064 0.37811191509940772 1.676868741707185 1.5276167873938664 0.42249124601030136 -0.10463788529306024 0.13321650914154923
decision_type=2 2 2 2 2 2 2 2 2 2 2 2 2 2 2 2 2 2 2 2 2 2 2 2 2
left_child=1 3 -3 7 6 -2 -5 12 13 23 -11 18 -1 -9 -6 -13 17 21 -10 -19 22 -15 -18 -8 -22
right_child=5 2 -4 4 14 -7 9 8 11 10 -12 15 -14 16 -16 -17 20 19 -20 -21 24 -23 -24 -25 -26
leaf_value=0.012017569258007862 0.0020480081567848616 -0.030476753124466502 -0.000868603437384717 0.0064361762340044001 -0.023084170461424462 0.019101808945889275 0 0.0058433696253051802 -0.0091038236268926615 -0.012265105877565496 0.0004288389506800417 0.0038358202798403538 0 0.0010627549687842663 -0.0069249179293535282 -0.0031741211146115418 0.00095945283813269147 -0.0039588370490604595 -0.001209867388832833 -7.4105868897839919e-05 0 -0.002319514342644444 0.0027285598089093525 0.0038381111420944846 -0.0019754680050000132
leaf_weight=11.000000000000002 12.000000000000002 11.000000000000002 10.999999999999998 20 13.000000000000002 10.999999999999998 16.000000000000004 15.999999999999998 28 11.000000000000002 10.999999999999998 13.000000000000002 10.999999999999998 98 11.999999999999998 11.999999999999998 148 34 10.999999999999998 38 15.000000000000002 10.999999999999998 84 10.999999999999998 12.999999999999998
leaf_count=11 12 11 11 20 13 11 16 16 28 11 11 13 11 98 12 12 148 34 11 38 15 11 84 11 13
internal_value=-0.000610052 -0.0011958 -0.019279 -0.000386432 -0.00524387 0.0127086 0.000516989 0.000489819 0.000120241 -0.00221034 -0.00693622 -0.00459025 0.00709224 0.000845909 -0.0183932 0.000282593 0.000573014 -0.00052132 -0.00749049 -0.00216144 0.00135568 0.000557536 0.00168195 0.00198943 -0.000962107
internal_weight=682 659 22 637 94 23 69 543 521 49 22 64 22 457 25 25 441 181 39 72 260 109 232 27 28
internal_count=682 659 22 637 94 23 69 543 521 49 22 64 22 457 25 25 441 181 39 72 260 109 232 27 28
is_linear=0
shrinkage=0.0529975


Tree=100
num_leaves=21
num_cat=0
split_feature=13 19 29 13 53 46 28 29 19 3 3 12 13 12 13 13 25 5 13 9
split_gain=1.81813 1.88766 2.93832 1.2005 1.16932 0.902565 0.707049 0.429108 0.493921 0.259384 0.15879 0.16421 0.160206 0.129005 0.109992 0.097602 0.0725443 0.0825684 0.0622775 0.0353127
threshold=1.9943942564294705 0.50703029617112583 0.67203377572161016 1.0206092433299918 0.35627397084393697 -0.16873460557596429 -1.107194503700726 0.23203446132356126 -0.48206000193395332 -0.12662669936289159 1.2814071424658484 1.471112387010777 0.056863250984115661 0.95474900396815099 0.056863250984115661 1.0005312018227861 -1.3239831103979476 -0.87238888357066757 0.39818995660661344 -0.30154015017029517
decision_type=2 2 2 2 2 2 2 2 2 2 2 2 2 2 2 2 2 2 2 2
left_child=1 2 6 5 -4 -3 -1 10 -9 18 11 16 -13 -12 -10 19 -8 -18 -7 -16
right_child=-2 3 4 -5 -6 9 7 8 14 -11 13 12 -14 -15 15 -17 17 -19 -20 -21
leaf_value=-0.010221747223500586 -0.017716969101810164 0.013497908401966345 -0.0045416286206894484 0.019148953664292066 -0.025556664591850312 0.0034342512501778807 0.0036470797772995165 -0.011319803913268141 -0.0042313113337786694 -0.0059667331329408182 0.00020665419440847946 -0.0066569550850501319 6.6666448940148106e-05 0.0065388378987415062 -0.00050539936361732474 -0.0032220574732211463 -0.0012747863605610677 0.00090866717073917046 -0.0006168703986528817 0.0020661583009445755
leaf_weight=12.999999999999998 10.999999999999998 10.999999999999998 20 13.999999999999998 11.999999999999998 18 19 10.999999999999998 17 12.000000000000002 19 11.000000000000002 19 18 14.999999999999998 12.999999999999998 49 334 11.999999999999998 34
leaf_count=13 11 11 20 14 12 18 19 11 17 12 19 11 19 18 15 13 49 334 12 34
internal_value=-0.00059491 -0.000149464 -0.00112202 0.00789429 -0.0153956 0.00315883 -0.000159971 0.000167664 -0.00305064 -0.000751546 0.000830668 0.00049891 -0.00290288 0.00393193 -0.00109969 0 0.000808828 0.000596022 0.00178694 0.00118267
internal_weight=682 671 604 67 32 53 572 559 90 42 469 432 30 37 79 62 402 383 30 49
internal_count=682 671 604 67 32 53 572 559 90 42 469 432 30 37 79 62 402 383 30 49
is_linear=0
shrinkage=0.0529975


Tree=101
num_leaves=16
num_cat=0
split_feature=39 19 29 29 19 29 19 45 13 26 51 16 39 13 1
split_gain=1.793 2.67335 2.5791 0.686283 1.99559 0.633546 1.31845 0.452298 0.132275 0.134322 0.115056 0.126088 0.11258 0.103686 0.10229
threshold=-1.1840427946005181 0.86932162594016515 0.88506091518751828 -0.8996447736816684 -1.0115814289029357 0.31624251926828922 -0.30874860567331258 0.505932601546078 1.070804347098006 -0.66226399449003392 1.0000000180025095e-35 -1.1354558900548055 1.8332589020591132 0.22752660379536452 -0.53560430853146757
decision_type=2 2 2 2 2 2 2 2 2 2 2 2 2 2 2
left_child=-1 2 3 7 -5 8 -7 -2 9 13 11 -8 -11 -6 -10
right_child=1 -3 -4 4 5 6 10 -9 14 12 -12 -13 -14 -15 -16
leaf_value=-0.017095354387165512 0.012566133242069835 0.016204102012677656 -0.018248736034118571 -0.017980797415317287 -0.0031675151741971013 -0.015075032370925756 -0.0032834630849015271 0.00016727304223495632 0.0063694511023749531 0.00062690375889245034 -0.0042211341797710735 0.0017639117685930895 0.0044742921038795711 0.00013928530251611232 5.085533297924664e-05
leaf_weight=11.999999999999998 13.000000000000002 21 17 11.999999999999998 39 17 11.999999999999998 17 14.000000000000002 357 11.999999999999998 51 18 55 14.999999999999998
leaf_count=12 13 21 17 12 39 17 12 17 14 357 12 51 18 55 15
internal_value=-0.000584004 -0.000128925 -0.000811592 -0.000164499 -0.000594539 -5.1851e-05 -0.00396112 0.00693243 0.00069502 0.000437655 -0.000426181 0.000499467 0.000897424 -0.00127051 0.0038695
internal_weight=682 670 649 632 602 590 92 30 498 469 75 63 375 94 29
internal_count=682 670 649 632 602 590 92 30 498 469 75 63 375 94 29
is_linear=0
shrinkage=0.0529975


Tree=102
num_leaves=24
num_cat=0
split_feature=18 29 14 30 29 19 39 29 29 7 19 19 8 5 19 8 13 37 31 30 7 29 29
split_gain=1.68356 2.98636 1.7767 0.844011 2.42989 0.496703 0.445743 0.509098 0.424111 0.381362 0.348745 0.336182 0.174491 0.150946 0.141163 0.139718 0.112309 0.162529 0.078243 0.0757126 0.070813 0.0502109 0.016722
threshold=1.9621735598251575 1.0555066932308372 0.65751121127934287 0.75264601063067438 -0.15324387896073374 0.30064614087418168 -1.0567165156606251 0.44790493864222342 -0.8087180920570306 0.82466603219277423 0.038850972537908417 -0.78831803872658812 1.5332902844327656 0.64519590893183121 -0.66572236260676454 0.94671870840226402 -0.39489268292801361 -0.71195307619323489 -1.5489855024680508 1.0000000180025095e-35 1.0688576051779883 -0.30458813288010861 -0.53733114284264227
decision_type=2 2 2 2 2 2 2 2 2 2 2 2 2 2 2 2 2 2 2 2 2 2 2
left_child=1 3 -3 6 8 -2 10 12 -5 13 -1 -10 15 -9 -6 16 17 -8 -18 -17 -11 22 -13
right_child=5 2 -4 4 14 -7 7 9 11 20 -12 21 -14 -15 -16 19 18 -19 -20 -21 -22 -23 -24
leaf_value=0 0.0019058531252732298 -0.028825269693575871 -0.00052052825738700887 0.0061610321546856648 -0.02149970334585866 0.017905382545352091 -0.0032394284906647661 -0.0094809607114876362 -0.0073663282865584385 0.0032655983783223251 0.011728990492117971 0.00055701585092108403 0.0060503113897040243 -0.0016176089159984607 -0.006502201972502418 0 -0.0019025702441697833 0.00060781842578577468 0.0016457359529291743 -0.0048163893918555687 -0.0013026596975998506 0.003155409008302721 -0.0016339915972803289
leaf_weight=11.000000000000002 12.000000000000002 11.000000000000002 10.999999999999998 20 13.000000000000002 10.999999999999998 35 23 14.999999999999998 11.000000000000002 10.999999999999998 11.999999999999998 10.999999999999998 15.999999999999998 11.999999999999998 15.000000000000002 11.999999999999998 114 256 13.999999999999998 13.999999999999998 11.000000000000002 10.999999999999998
leaf_count=11 12 11 11 20 13 11 35 23 15 11 11 12 11 16 12 15 12 114 256 14 14 11 11
internal_value=-0.000568396 -0.00111828 -0.0180651 -0.00035911 -0.0048407 0.0119191 0.000448383 8.37664e-05 0.000551776 -0.00411486 0.00696631 -0.00203284 0.00073252 -0.00705568 -0.0171768 0.000507385 0.000780347 -0.000341197 0.0014232 -0.00267922 0.000724932 0.000897153 -0.000371186
internal_weight=682 659 22 637 94 23 543 521 69 64 22 49 457 39 25 446 417 149 268 29 25 34 23
internal_count=682 659 22 637 94 23 543 521 69 64 22 49 457 39 25 446 417 149 268 29 25 34 23
is_linear=0
shrinkage=0.0529975


Tree=103
num_leaves=16
num_cat=0
split_feature=29 19 29 29 19 29 19 45 36 31 51 16 1 10 30
split_gain=1.58414 2.33756 1.69597 0.605363 1.78016 0.490864 1.20599 0.423021 0.118221 0.119476 0.116047 0.127325 0.0947522 0.0809937 0.0675645
threshold=1.9619634837178215 0.86932162594016515 0.88506091518751828 -0.8996447736816684 -1.0115814289029357 0.31624251926828922 -0.30874860567331258 0.505932601546078 -1.2605961745300205 -1.5489855024680508 1.0000000180025095e-35 -1.1354558900548055 -0.53560430853146757 1.2127673036542326 1.100154062415069
decision_type=2 2 2 2 2 2 2 2 2 2 2 2 2 2 2
left_child=1 2 3 7 -5 8 -7 -1 12 13 11 -8 -6 -10 -11
right_child=-2 -3 -4 4 5 6 10 -9 9 14 -12 -13 -14 -15 -16
leaf_value=0.011975022638076963 -0.016075706924411393 0.017270558358384574 -0.013959595820351335 -0.016958087971322394 0.0060406936571836267 -0.014079773947227722 -0.0031169504927460743 2.9144256952757944e-05 -0.0052487417782687475 0.00043205942631053623 -0.0040198100345893231 0.0019153398987349943 0 7.4591719608409373e-06 0.0033996995172070965
leaf_weight=13.000000000000002 11.999999999999998 14.999999999999998 20 11.999999999999998 14.000000000000002 17 11.999999999999998 17 11.000000000000002 429 11.999999999999998 54 14.999999999999998 10.999999999999998 18
leaf_count=13 12 15 20 12 14 17 12 17 11 429 12 54 15 11 18
internal_value=-0.000555448 -0.000127008 -0.000689052 -0.000133506 -0.000536336 -2.59263e-05 -0.00340895 0.00653224 0.000638451 0.000394585 -0.00016099 0.000719966 0.0036394 -0.00293246 0.000610401
internal_weight=682 670 655 635 605 593 95 30 498 469 78 66 29 22 447
internal_count=682 670 655 635 605 593 95 30 498 469 78 66 29 22 447
is_linear=0
shrinkage=0.0529975


Tree=104
num_leaves=29
num_cat=0
split_feature=18 29 14 30 29 19 39 29 29 19 12 5 19 29 5 19 3 19 19 29 10 24 37 29 37 19 0 46
split_gain=1.56332 2.64459 1.62546 0.750359 2.19052 0.475541 0.417485 0.447127 0.399891 0.533476 0.365858 0.352986 0.325935 0.168473 0.238867 0.142383 0.139045 0.12078 0.113435 0.0878068 0.0784935 0.0595098 0.0446449 0.0444813 0.121257 0.0850737 0.0142011 0.00544739
threshold=1.9621735598251575 1.0555066932308372 0.65751121127934287 0.75264601063067438 -0.15324387896073374 0.30064614087418168 -1.0567165156606251 0.48941511938534971 -0.53733114284264227 -0.90730268441564099 0.24401710330907569 0.64519590893183121 0.038850972537908417 -0.2984281402159476 -1.3515508589206233 0.29235489073587734 -0.31222304860267452 -0.37857519810775336 -0.66572236260676454 -0.79761039425795455 0.51353189186683568 -0.84641350957569861 2.0509306466212647 -0.013061300622848169 -0.80708230617037946 -0.10851345830801649 -0.12346686588480722 1.0000000180025095e-35
decision_type=2 2 2 2 2 2 2 2 2 2 2 2 2 2 2 2 2 2 2 2 2 2 2 2 2 2 2 2
left_child=1 3 -3 6 8 -2 12 13 9 -5 -10 16 -1 14 -8 -13 -9 20 -6 22 -15 -21 -16 24 -19 -25 -11 -22
right_child=5 2 -4 4 18 -7 7 11 10 26 -12 15 -14 17 19 -17 -18 23 -20 21 27 -23 -24 25 -26 -27 -28 -29
leaf_value=0 0.0017532998260205042 -0.027304972896256659 -0.00031600564289263448 0.011292389346711545 -0.020331550539978118 0.01734022343702701 0.0072942958630919496 -0.0017197376898782913 0.0016335898489783284 -0.0013085945804983542 -0.0085000837011906145 -0.0031777001420352051 0.01131808762570885 0.00046844628134771647 0.00043023599661308264 0.0030708290680220426 -0.010969357159787528 0.0051047070843949598 -0.0062139687245446424 -0.00060002306757684851 -0.0048612959301572488 0.002090303868091069 -0.0032421234234046412 -0.002557549866464206 0.0002447744517277687 0.00037148171077207266 0.00056391750300960482 -0.0013096669832554876
leaf_weight=11.000000000000002 12.000000000000002 11.000000000000002 10.999999999999998 10.999999999999998 13.000000000000002 10.999999999999998 14.999999999999998 12.000000000000002 15.000000000000002 15 13.999999999999998 14.000000000000002 10.999999999999998 11.999999999999998 11 14.999999999999998 13.999999999999998 11.999999999999998 11.999999999999998 21 15.999999999999998 117 12 30 96 109 14 15.000000000000002
leaf_count=11 12 11 11 11 13 11 15 12 15 15 14 14 11 12 11 15 14 12 12 21 16 117 12 30 96 109 14 15
internal_value=-0.000539389 -0.00106969 -0.017018 -0.000354458 -0.00458013 0.0114931 0.000406372 5.34416e-05 0.000534145 0.00382053 -0.00367715 -0.00420267 0.00671331 0.000617581 0.00188477 0 -0.00804095 -0.000150477 -0.0162935 0.00109513 -0.0025716 0.00162446 -0.00151913 0.000294366 0.00108615 -0.000292138 -0.000263307 -0.00382237
internal_weight=682 659 22 637 94 23 543 521 69 40 29 55 22 466 176 29 26 290 25 161 43 138 23 247 108 139 29 31
internal_count=682 659 22 637 94 23 543 521 69 40 29 55 22 466 176 29 26 290 25 161 43 138 23 247 108 139 29 31
is_linear=0
shrinkage=0.0529975


Tree=105
num_leaves=23
num_cat=0
split_feature=13 19 29 44 19 28 9 37 29 19 23 12 12 23 13 13 13 25 26 13 19 9
split_gain=1.48427 1.59891 2.33115 1.25709 1.11278 0.556638 0.504289 0.39126 0.301303 0.254116 0.16614 0.133766 0.131122 0.121159 0.121051 0.116817 0.0897928 0.0542119 0.114319 0.074001 0.0386149 0.0282845
threshold=1.9943942564294705 0.51248132294284898 0.67203377572161016 -0.76745771112333661 1.0000000180025095e-35 -1.107194503700726 -0.24851117287270055 -1.0000000180025095e-35 0.22011875519856186 -0.48206000193395332 1.3170987480888818 0.95474900396815099 1.471112387010777 -0.41037496406602231 0.23756562454896743 0.056863250984115661 1.0005312018227861 -1.2955004554409264 -0.47202366223494829 0.5387362471570537 0.72545351707786432 -0.30154015017029517
decision_type=2 2 2 2 2 2 2 2 2 2 2 2 2 2 2 2 2 2 2 2 2 2
left_child=1 2 5 -3 -4 -1 -5 -8 10 -10 12 -12 17 -6 -14 -11 21 18 -7 -19 -9 -17
right_child=-2 3 4 6 13 8 7 20 9 15 11 -13 14 -15 -16 16 -18 19 -20 -21 -22 -23
leaf_value=-0.009060106961731219 -0.015994489614775016 0.018420205110134567 -0.024037774858726234 -0.0041979230333267824 -0.0068229379167840717 -0.00023507226590639211 0.011920461014817344 0.0024631293879575555 -0.008247088630483939 -0.0039660016514409977 2.4269738137808903e-05 0.0066710168242029326 -0.0057208666781654203 0 5.3552962381691847e-05 -0.00022206126810563328 -0.0028493950932820416 0.00013526008939690072 0.0058138284039160604 0.0021832599006684698 -0.00099584362662724093 0.0020548915078209239
leaf_weight=12.999999999999998 10.999999999999998 14.999999999999998 10.999999999999998 15.999999999999998 11 13.000000000000002 10.999999999999995 11.000000000000005 11.999999999999998 21 17 17 12.000000000000002 11 18 14.999999999999998 13.999999999999998 322 10.999999999999998 55 10.999999999999998 34
leaf_count=13 11 15 11 16 11 13 11 11 12 21 17 17 12 11 18 15 14 322 11 55 11 34
internal_value=-0.000524202 -0.000120851 -0.000996356 0.00745699 -0.0135371 -0.000130829 0.00233142 0.00583499 0.000157399 -0.00244035 0.000732778 0.00402417 0.000405493 -0.00401327 -0.00263041 -0.00103898 9.53501e-05 0.000685188 0.00291248 0.000481781 0.000641294 0.00128265
internal_weight=682 671 607 64 33 574 49 33 561 96 465 34 431 22 30 84 63 401 24 377 22 49
internal_count=682 671 607 64 33 574 49 33 561 96 465 34 431 22 30 84 63 401 24 377 22 49
is_linear=0
shrinkage=0.0529975


Tree=106
num_leaves=19
num_cat=0
split_feature=18 29 14 30 29 19 9 45 19 39 29 7 19 5 30 29 6 14
split_gain=1.4568 2.4272 1.47089 0.668432 0.465428 0.677143 1.02512 0.436696 0.427925 0.40958 0.351418 0.26801 0.248445 0.130148 0.122849 0.0826035 0.0850122 0.0625892
threshold=1.9621735598251575 1.0555066932308372 0.65751121127934287 1.2754480605365839 -0.8996447736816684 -0.59773785705581195 -0.92075356916335693 0.505932601546078 0.30064614087418168 -1.0567165156606251 0.54135198810054252 0.82466603219277423 -0.69894649288888322 0.64519590893183121 0.99608930189529632 -0.21380076490868594 0.12679605094489688 -0.7143282011559936
decision_type=2 2 2 2 2 2 2 2 2 2 2 2 2 2 2 2 2 2
left_child=1 3 -3 4 7 6 -6 -1 -2 -7 15 13 14 -12 -8 17 -17 -11
right_child=8 2 -4 -5 5 9 12 -9 -10 10 11 -13 -14 -15 -16 16 -18 -19
leaf_value=0.011377369947661404 0.0017617717326319214 -0.026091249938671162 -0.00035209183205221349 -0.0088348535905066368 -0.01413307996310584 0.0066573340166903045 -0.0003843918953543976 -0.00092606998803364585 0.01666557465777355 0 -0.0097423038479271667 0.00021690532571630428 -0.0041675165375832561 -0.0012284312164387819 0.0059806081432628392 0.00057184893168999297 -0.001341347038729953 0.0018492537730049777
leaf_weight=13.000000000000002 12.000000000000002 11.000000000000002 10.999999999999998 19 18 21 12.000000000000002 10.999999999999998 10.999999999999998 76 15.000000000000002 21 19 11.999999999999998 10.999999999999998 150 104 135
leaf_count=13 12 11 11 19 18 21 12 11 11 76 15 21 19 12 11 150 104 135
internal_value=-0.000511744 -0.00102408 -0.016303 -0.00033841 0 -0.000316938 -0.00538771 0.00644759 0.0111029 0.000293379 -2.7584e-05 -0.00408925 -0.000196718 -0.00708093 0.00302612 0.000423579 -0.000197512 0.00118823
internal_weight=682 659 22 637 618 594 60 24 23 534 513 48 42 27 23 465 254 211
internal_count=682 659 22 637 618 594 60 24 23 534 513 48 42 27 23 465 254 211
is_linear=0
shrinkage=0.0529975


Tree=107
num_leaves=17
num_cat=0
split_feature=39 19 29 29 19 29 9 2 23 19 29 39 37 5 45 13
split_gain=1.36856 2.29202 2.03123 0.529622 1.51206 0.439584 0.729224 0.40823 0.177435 0.10042 0.1546 0.0964329 0.0566108 0.128456 0.0438038 0.0375858
threshold=-1.1840427946005181 0.86932162594016515 0.88506091518751828 -0.8996447736816684 -1.0115814289029357 0.48941511938534971 -0.5026159816992849 -0.86234690720040097 0.019708883691551542 -0.041853553859432423 0.24031006565894125 -0.9002788601712034 1.8606721866669722 -0.25512979026685595 -0.39999725537397507 0.15725345852014441
decision_type=2 2 2 2 2 2 2 2 2 2 2 2 2 2 2 2
left_child=-1 2 3 7 -5 9 -7 -2 14 10 11 -6 15 -14 -8 -11
right_child=1 -3 -4 4 5 6 8 -9 -10 12 -12 -13 13 -15 -16 -17
leaf_value=-0.014920855102412143 0.012066444789800042 0.015025739842670201 -0.016205065640095086 -0.015667848078087604 0.0026147720880817229 -0.011774957840910901 0.0044809919114203707 0.00026890370357159055 -0.0034901712708541657 0.00020070147222810738 -0.0036315970803733034 -0.0001762025670587213 0 0.0064244237843250731 0 0.0017593915921062715
leaf_weight=11.999999999999998 11.000000000000002 21 17 11.999999999999998 34 17 11.000000000000002 19 17 128 27 242 16.000000000000004 11.999999999999998 12.999999999999998 73
leaf_count=12 11 21 17 12 34 17 11 19 17 128 27 242 16 12 13 73
internal_value=-0.000495602 -9.68432e-05 -0.000729914 -0.000154309 -0.000533269 -5.9188e-05 -0.00422106 0.00607818 0 0.000423557 -0.000190765 0.000191134 0.00125024 0.00335196 0.00269734 0.000835104
internal_weight=682 670 649 632 602 590 58 30 41 532 303 276 229 28 24 201
internal_count=682 670 649 632 602 590 58 30 41 532 303 276 229 28 24 201
is_linear=0
shrinkage=0.0529975


Tree=108
num_leaves=27
num_cat=0
split_feature=18 29 14 30 29 19 29 19 12 13 29 29 7 29 29 5 19 12 13 30 37 24 0 7 28 30
split_gain=1.31487 2.18168 1.38917 0.597283 1.92842 0.387276 0.360676 0.525298 0.324295 0.305198 0.344481 0.335811 0.309964 0.119737 0.113031 0.103998 0.0814163 0.075799 0.0729932 0.104219 0.0802622 0.0585476 0.0553784 0.052954 0.0140297 0.0121509
threshold=1.9621735598251575 1.0555066932308372 0.65751121127934287 0.75264601063067438 -0.15324387896073374 0.30064614087418168 -0.53733114284264227 -0.90730268441564099 0.24401710330907569 1.1109604301124176 0.64608805788372303 0.44790493864222342 0.82466603219277423 -0.88252550066366586 0.14814661164550594 0.64519590893183121 -0.13083393798565543 -0.85056496646977686 -0.10376108107353031 0.32059948568843283 -0.83396665377261525 -0.47530498639332147 1.676868741707185 0.48243191832855564 -0.78389879730128298 0.13321650914154923
decision_type=2 2 2 2 2 2 2 2 2 2 2 2 2 2 2 2 2 2 2 2 2 2 2 2 2 2
left_child=1 3 -3 9 6 -2 7 -5 -8 11 21 13 15 -1 -6 -13 18 -14 20 -20 -15 -11 23 -18 -9 -24
right_child=5 2 -4 4 14 -7 8 24 -10 10 -12 12 17 16 -16 -17 22 -19 19 -21 -22 -23 25 -25 -26 -27
leaf_value=0.0042122785844005573 0.0016502670347149095 -0.024956672594050069 -8.434175256621228e-05 0.011215306551929767 -0.0052358478360419848 0.015848387164453876 0.0016397355423913085 -0.0014912096307689079 -0.0078706077721198767 0.0024630665077102405 0.010560236375010672 -0.0081053143095380347 -0.0012308274262000031 -0.0036359022630671318 -0.0185779930785578 -0.0014097513974942299 0.00054952397161153656 0.0034942970528165545 -0.0011301669803487685 0.0021375649793795633 -0.00015838381515991513 -0.0018255214248880339 0 0.0023705717463029263 0.00039887766681277303 -0.0019045106868461224
leaf_weight=18 12.000000000000002 11.000000000000002 10.999999999999998 10.999999999999998 11.000000000000002 10.999999999999998 15.000000000000002 10.999999999999998 13.999999999999998 11.999999999999998 10.999999999999998 23 14.000000000000002 29 13.999999999999998 15.999999999999998 150 10.999999999999998 50 46 51 11.000000000000002 15.000000000000002 73 18.000000000000004 12.999999999999998
leaf_count=18 12 11 11 11 11 11 15 11 14 12 11 23 14 29 14 16 150 11 50 46 51 11 15 73 18 13
internal_value=-0.000478658 -0.000965943 -0.0154517 -0.000315355 -0.00408607 0.0105547 0.000691913 0.0038013 -0.00331379 0.000362181 0.00482006 0 -0.00340361 0.000541671 -0.0150814 -0.00606758 0.000314616 0.000896675 -0.000524159 0.000400757 -0.00166583 0.000217765 0.000928446 0.00122262 -0.000251138 -0.00101138
internal_weight=682 659 22 637 94 23 69 40 29 543 34 509 64 445 25 39 427 25 176 96 80 23 251 223 29 28
internal_count=682 659 22 637 94 23 69 40 29 543 34 509 64 445 25 39 427 25 176 96 80 23 251 223 29 28
is_linear=0
shrinkage=0.0529975


Tree=109
num_leaves=23
num_cat=0
split_feature=13 19 29 13 53 46 28 3 29 13 3 45 30 7 37 30 19 36 13 9 30 30
split_gain=1.2658 1.39257 1.94873 1.20027 0.99893 0.769325 0.462916 0.234234 0.227146 0.203233 0.145027 0.142673 0.0924914 0.0848346 0.102785 0.0962386 0.0789745 0.0755026 0.072472 0.0721918 0.110525 0.0138069
threshold=1.9943942564294705 0.51248132294284898 0.67203377572161016 1.0206092433299918 0.35627397084393697 -0.16873460557596429 -1.107194503700726 -0.12662669936289159 0.22011875519856186 1.0000000180025095e-35 1.3170987480888836 -1.3059271122940279 0.41779432503395481 -0.25919940656948109 2.0509306466212647 0.7389585405493303 -0.67208257287183415 -0.39930778054612287 -0.36477562066720498 0.30906420679857599 -0.24010109566696164 0.2567125861955567
decision_type=2 2 2 2 2 2 2 2 2 2 2 2 2 2 2 2 2 2 2 2 2 2
left_child=1 2 6 5 -4 -3 -1 17 10 -10 13 -11 -12 14 15 -8 -15 -7 -18 20 -13 -21
right_child=-2 3 4 -5 -6 7 8 -9 9 11 12 19 -14 16 -16 -17 18 -19 -20 21 -22 -23
leaf_value=-0.0082595882055236432 -0.014749505419430885 0.011980768504847635 -0.0031157969302038724 0.018914457676475215 -0.021752072940417748 -0.0012128416989042714 0.00035225833521339761 -0.006059916406717842 -0.0061926554923263403 -0.0045181479559018639 0.0057046449775791947 0.0024005033466742713 0 0.003837657654907374 -0.0041387095976632418 -0.0038532506007712625 -0.000178267480270806 0.0032831838637960601 0.0015812837071112506 0.0004420333786670234 -0.0029137342417556427 0.0035203397129303054
leaf_weight=12.999999999999998 10.999999999999998 10.999999999999998 21 11.999999999999998 11.999999999999998 11.999999999999995 141 12.000000000000002 20 13.999999999999998 19 10.999999999999998 14.999999999999998 19 13.999999999999998 10.999999999999998 137 17.000000000000004 109 16.000000000000004 23 11.999999999999998
leaf_count=13 11 11 21 12 12 12 141 12 20 14 19 11 15 19 14 11 137 17 109 16 23 12
internal_value=-0.000463425 -9.03429e-05 -0.000908303 0.00698093 -0.0123745 0.00243572 -0.000115937 -0.00117843 0.000145812 -0.00210753 0.000646756 -0.000573058 0.00372063 0.00034056 -0.000560884 -4.25709e-05 0.000930927 0.00133414 0.000592729 0.000534931 -0.000917663 0.00235499
internal_weight=682 671 607 64 33 52 574 41 561 96 465 76 34 431 166 152 265 29 246 62 34 28
internal_count=682 671 607 64 33 52 574 41 561 96 465 76 34 431 166 152 265 29 246 62 34 28
is_linear=0
shrinkage=0.0529975


Tree=110
num_leaves=16
num_cat=0
split_feature=39 19 29 29 19 2 29 9 9 19 29 30 29 9 14
split_gain=1.22555 2.05309 1.77054 0.469404 1.36197 0.382438 0.35015 0.642225 0.162915 0.0781802 0.117537 0.0936787 0.0521234 0.0438209 0.0411408
threshold=-1.1840427946005181 0.86932162594016515 0.88506091518751828 -0.8996447736816684 -1.0115814289029357 -0.86234690720040097 0.48941511938534971 -0.5026159816992849 0.58552873765288027 -0.041853553859432423 0.24031006565894125 1.100154062415069 -0.28029560627551625 -0.067729804180652955 -0.7143282011559936
decision_type=2 2 2 2 2 2 2 2 2 2 2 2 2 2 2
left_child=-1 2 3 5 -5 -2 9 -8 -9 10 11 -6 14 -14 -11
right_child=1 -3 -4 4 6 -7 7 8 -10 12 -12 -13 13 -15 -16
leaf_value=-0.014100789975292837 0.011522156208878122 0.014239452520805298 -0.015120627483656312 -0.014855554018764299 -8.8405509909241626e-05 0.0001407652356934059 -0.010850296830031145 0.0030496896576751643 -0.0028190280815939841 0.00013879424420718908 -0.0031544680469878551 0.0033542268449294321 -0.00018959745409211011 0.0014064382917204294 0.0034450803626284673
leaf_weight=11.999999999999998 11.000000000000002 21 17 11.999999999999998 258 19 17 21 20 21 27 18 89 83 36
leaf_count=12 11 21 17 12 258 19 17 21 20 21 27 18 89 83 36
internal_value=-0.000450439 -7.27103e-05 -0.0006726 -0.000134555 -0.000492057 0.0057322 -4.16744e-05 -0.00375758 4.38631e-05 0.000387827 -0.000151896 0.000177896 0.00111733 0.000562777 0.00246701
internal_weight=682 670 649 632 602 30 590 58 41 532 303 276 229 172 57
internal_count=682 670 649 632 602 30 590 58 41 532 303 276 229 172 57
is_linear=0
shrinkage=0.0529975


Tree=111
num_leaves=16
num_cat=0
split_feature=29 19 29 29 19 2 29 19 13 13 31 9 21 30 10
split_gain=1.17294 1.70891 1.06926 0.434945 1.27194 0.355789 0.279671 0.856032 0.102329 0.0967308 0.106457 0.0817786 0.0807021 0.0666515 0.0647325
threshold=1.9619634837178215 0.86932162594016515 0.88506091518751828 -0.8996447736816684 -1.0115814289029357 -0.86234690720040097 0.31624251926828922 -0.30874860567331258 0.056863250984115661 1.070804347098006 -1.5489855024680508 -0.5026159816992849 -0.5356043085314649 1.100154062415069 1.2127673036542326
decision_type=2 2 2 2 2 2 2 2 2 2 2 2 2 2 2
left_child=1 2 3 5 -5 -1 9 -8 -9 10 14 -10 -11 -12 -6
right_child=-2 -3 -4 4 6 -7 7 8 11 12 13 -13 -14 -15 -16
leaf_value=0.011126948850761726 -0.013791112876791585 0.014806629156850363 -0.011087461911090663 -0.014330577937249935 -0.0049362621691892497 0.00013509468727021949 -0.011559452915145126 -0.0031706802469794555 -0.0016075287174264733 0.0053996145158016718 0.00029377598640765822 0.0021684020899519619 0 0.0032208825638611258 0
leaf_weight=11.000000000000002 11.999999999999998 14.999999999999998 20 11.999999999999998 11.000000000000002 19 17 14.999999999999998 15.999999999999998 14.000000000000002 429 47 14.999999999999998 18 10.999999999999998
leaf_count=11 12 15 20 12 11 19 17 15 16 14 429 47 15 18 11
internal_value=-0.00043706 -6.73383e-05 -0.000549763 -0.000106354 -0.00044949 0.00554166 -1.62824e-05 -0.00257262 0 0.000482321 0.000261963 0.00105184 0.00319096 0.00046814 -0.00288072
internal_weight=682 670 655 635 605 30 593 95 78 498 469 63 29 447 22
internal_count=682 670 655 635 605 30 593 95 78 498 469 63 29 447 22
is_linear=0
shrinkage=0.0529975


Tree=112
num_leaves=33
num_cat=0
split_feature=18 29 30 29 39 29 19 19 19 29 3 13 29 6 26 12 26 8 39 9 53 29 37 10 8 31 44 7 13 8 3 29
split_gain=1.14814 1.84668 0.671984 2.02416 0.67611 0.427622 1.75279 0.627008 0.339043 0.288498 0.167587 0.131703 0.163826 0.108443 0.0916064 0.0970678 0.0827028 0.0784427 0.0776647 0.118604 0.0623736 0.118711 0.0949158 0.0552494 0.0428004 0.0415514 0.021747 0.0291304 0.0213247 0.0204399 0.0185546 0.0100303
threshold=1.9621735598251575 1.6259206114699825 0.34722134529839188 0.58730087529752451 -1.095590616565685 -0.53733114284264227 -0.89269806438786092 -0.90730268441564099 0.30064614087418168 -0.062291115380857083 1.1315023988491004 0.71943862072190534 0.58353607546613506 1.3696710463847388 0.85987119301870041 -0.65268116371628804 0.60088878075422003 0.47001476829484851 -0.74734517399940692 0.63650063585374606 1.0000000180025095e-35 -0.67263100970284895 1.9475293096895807 -1.0903475243311189 0.71978198616693334 0.19502158590233212 1.0000000180025095e-35 -0.25919940656948109 0.21748758304176166 0.3347643421965813 0.43016234835645811 0.34596874207805095
decision_type=2 2 2 2 2 2 2 2 2 2 2 2 2 2 2 2 2 2 2 2 2 2 2 2 2 2 2 2 2 2 2 2
left_child=1 2 4 5 -1 7 -7 -4 -2 10 20 14 17 18 16 23 25 -13 24 -20 22 -22 29 -16 -8 -11 30 -28 -23 -6 -9 -18
right_child=8 -3 3 -5 9 6 13 26 -10 11 -12 12 -14 -15 15 -17 31 -19 19 -21 21 28 -24 -25 -26 -27 27 -29 -30 -31 -32 -33
leaf_value=0.0094959793347263316 0.0015220824624654851 -0.018135810584169888 0.011105960432103268 -0.018017984234876296 0.0017175567140390289 -0.018247640404023366 0.0027726962051318384 -0.00029205875473924716 0.014842150429098514 -0.00078589437475299121 0.0062112341585281502 0.0013757496862617372 -0.0072135803648924208 -0.0044598186729325473 0.001509596969002194 0.0048460731315079835 -0.00076310090941893822 -0.0029805585042456881 -0.0029426155051854694 0.00086899368718692746 -0.0034118158834706533 0.00028923391058995382 0.0058320046638181099 -0.0021377170761955906 -0.00038838797544313715 0.001895358369051695 -0.0025793627981501354 0 0.0020244705904902374 -6.397354100391836e-05 0.0018407867422811804 -0.0046387887792021668
leaf_weight=18 12.000000000000002 10.999999999999998 10.999999999999998 15.999999999999998 31 11.999999999999998 29 15.000000000000002 10.999999999999998 71 15.999999999999998 17 13.999999999999998 10.999999999999998 21.999999999999996 10.999999999999998 11.000000000000002 15.999999999999998 36 42 13.999999999999998 69 11.999999999999998 14.000000000000002 10.999999999999998 13.999999999999998 13.999999999999998 21 34 21 12.999999999999998 11.999999999999998
leaf_count=18 12 11 11 16 31 12 29 15 11 71 16 17 14 11 22 11 11 16 36 42 14 69 12 14 11 14 14 21 34 21 13 12
internal_value=-0.000423601 -0.000879795 -0.00041259 -0.00267581 0.000844782 -0.00104455 -0.00273894 0.00205996 0.00988536 0.000302436 0.00173306 -0.00106893 -0.00336193 -0.000498075 -0.000230935 0.00154506 -0.00110571 -0.000690823 1.27249e-05 -0.000891539 0.00111336 0.00028 0.00238257 0 0.00181424 -0.000171721 -0.000246205 -0.00111774 0.00100598 0.000945433 0.000642759 -0.00356721
internal_weight=682 659 648 231 417 215 141 74 23 399 197 202 47 129 155 47 108 33 118 78 181 117 64 36 40 85 63 35 103 52 28 23
internal_count=682 659 648 231 417 215 141 74 23 399 197 202 47 129 155 47 108 33 118 78 181 117 64 36 40 85 63 35 103 52 28 23
is_linear=0
shrinkage=0.0529975


Tree=113
num_leaves=19
num_cat=0
split_feature=13 19 29 37 19 29 29 19 45 0 31 45 18 38 26 6 30 3
split_gain=1.07585 1.19036 1.55301 1.11797 0.947779 0.67773 0.393917 1.10891 0.335505 0.150022 0.14079 0.107973 0.101333 0.092957 0.0678596 0.0717195 0.0593811 0.000661488
threshold=1.9943942564294705 0.50703029617112583 0.67203377572161016 -0.80708230617037946 1.0000000180025095e-35 -0.010910652010719417 -0.8996447736816684 -1.0115814289029357 0.505932601546078 1.7488002339928512 -1.5489855024680508 -0.17351479114396184 -1.4129313256184675 -0.72464194174947394 0.77999256740898393 -0.41709682457512315 1.100154062415069 -0.37289877816183442
decision_type=2 2 2 2 2 2 2 2 2 2 2 2 2 2 2 2 2 2
left_child=1 2 6 -3 -4 -5 8 -8 -1 10 11 -9 -11 -7 16 -16 -12 -15
right_child=-2 3 4 5 -6 13 7 9 -10 12 14 -13 -14 17 15 -17 -18 -19
leaf_value=0.010060987492766986 -0.013579123876793544 0.015455241309486117 -0.020686894236045712 0.010191732907921769 -0.0025049800980104981 -0.0048066408891286709 -0.013438635041004794 -0.0051096016466672198 0 -2.6367290119475749e-05 -5.3930025754102952e-05 0.00040408021078186269 -0.0063860372109640776 -0.0001371379715563206 0.00052607924558515338 0.0038209028359590716 0.0030527529303585195 0.00030084394384294512
leaf_weight=13.000000000000002 10.999999999999998 19 10.999999999999998 10.999999999999998 21 14.999999999999995 11.999999999999998 18.000000000000004 17 16.000000000000004 367 11.999999999999998 10.999999999999998 10.999999999999998 69 25 11.999999999999998 11.000000000000005
leaf_count=13 11 19 11 11 21 15 12 18 17 16 367 12 11 11 69 25 12 11
internal_value=-0.000408904 -6.43188e-05 -0.000839246 0.00632098 -0.0112172 0.00126117 -0.000136228 -0.000499266 0.00521919 -4.62017e-05 0.00016573 -0.00301017 -0.0035187 -0.00228251 0.000416905 0.00164879 7.23078e-05 0
internal_weight=682 671 604 67 32 48 572 542 30 530 503 30 27 37 473 94 379 22
internal_count=682 671 604 67 32 48 572 542 30 530 503 30 27 37 473 94 379 22
is_linear=0
shrinkage=0.0529975


Tree=114
num_leaves=31
num_cat=0
split_feature=18 29 30 29 39 29 19 19 19 29 3 13 29 19 19 39 39 8 53 29 37 26 7 26 30 44 7 8 9 9
split_gain=1.07861 1.70814 0.599065 1.77957 0.609801 0.408921 1.55016 0.585154 0.303516 0.250849 0.151694 0.119057 0.14677 0.103639 0.172501 0.093769 0.0845383 0.071526 0.0610347 0.106532 0.0827104 0.0510484 0.079708 0.0347813 0.0250177 0.0226436 0.0241018 0.0189264 0.0131478 0.0023584
threshold=1.9621735598251575 1.6259206114699825 0.35434376527264305 0.58730087529752451 -1.095590616565685 -0.53733114284264227 -0.89269806438786092 -0.90730268441564099 0.30064614087418168 -0.062291115380857083 1.1315023988491004 0.71943862072190534 0.58353607546613506 -0.69407060819862865 -0.59226473493683407 -0.74734517399940692 -0.92087730034484216 0.47001476829484851 1.0000000180025095e-35 -0.67263100970284895 1.9475293096895807 0.85987119301870041 1.0187734968076321 0.60088878075422003 0.058457340706789852 0.7223131398807876 -0.25919940656948109 0.3347643421965813 0.13223556730155725 0.67011032427099193
decision_type=2 2 2 2 2 2 2 2 2 2 2 2 2 2 2 2 2 2 2 2 2 2 2 2 2 2 2 2 2 2
left_child=1 2 4 5 -1 7 -7 -4 -2 10 18 16 17 -8 -15 -16 -11 -13 20 -20 27 23 -23 -18 -21 28 -27 -6 -9 -30
right_child=8 -3 3 -5 9 6 13 25 -10 11 -12 12 -14 14 15 -17 21 -19 19 24 -22 22 -24 -25 -26 26 -28 -29 29 -31
leaf_value=0.0090008791740198938 0.0015599907542567116 -0.017437485979066383 0.010778477795901411 -0.016927891580668406 0.0016459543731231754 -0.01724039831739272 0.0030509676451369568 0.0016419018169886634 0.014302885753412915 0.0029701886746975495 0.0058591755700364871 0.001315719700521246 -0.0068346283839964246 -0.0049425488453093422 0.002187926227687952 -0.0011618868194763086 -0.00057290468371584203 -0.0028399471760788392 -0.0032981282928152321 0.0013746450478970037 0.0054959406339376926 0.0028343590953860578 -0.0012114742671130443 -0.0029778609428270002 -0.00023891298419411017 -0.0027139678011969359 0 -4.9187895487034428e-05 -0.00055394720052371412 0.0001599482427846571
leaf_weight=18 12.000000000000002 10.999999999999998 10.999999999999998 15.999999999999998 32 11.999999999999998 12.999999999999998 10.999999999999998 10.999999999999998 13.999999999999998 15.999999999999998 17 13.999999999999998 20 29 65 78 15.999999999999998 13.999999999999998 76 11.999999999999998 20 21 23 28 11.000000000000002 11.999999999999998 21 14.000000000000002 13.999999999999998
leaf_count=18 12 11 11 16 32 12 13 11 11 14 16 17 14 20 29 65 78 16 14 76 12 20 21 23 28 11 12 21 14 14
internal_value=-0.000398607 -0.00084118 -0.000391473 -0.00254994 0.000783268 -0.000996983 -0.00266708 0.0020557 0.00959279 0.000271316 0.00159829 -0.00100462 -0.00318663 -0.00052232 -0.00112011 0 -0.000210489 -0.00064691 0.00101472 0.000198988 0.00225532 -0.000678909 0.000723312 -0.00132204 0.000887385 -0.000203212 -0.00140811 0.000919171 0.000445099 -2.62942e-05
internal_weight=682 659 648 228 420 212 139 73 23 402 199 203 47 127 114 94 156 33 183 118 65 142 41 101 104 62 23 53 39 28
internal_count=682 659 648 228 420 212 139 73 23 402 199 203 47 127 114 94 156 33 183 118 65 142 41 101 104 62 23 53 39 28
is_linear=0
shrinkage=0.0529975


Tree=115
num_leaves=15
num_cat=0
split_feature=39 19 29 29 19 2 29 9 13 6 30 19 29 29
split_gain=1.04543 1.81341 1.35563 0.343837 0.977342 0.333325 0.254971 0.540491 0.150275 0.0929892 0.0638054 0.0909809 0.0698718 0.0461192
threshold=-1.1840427946005181 0.86932162594016515 0.88506091518751828 -0.8996447736816684 -1.0115814289029357 -0.86234690720040097 0.48941511938534971 -0.5026159816992849 0.20744856228815881 -0.30859529278217945 1.100154062415069 -0.13083393798565543 0.24031006565894125 -0.2984281402159476
decision_type=2 2 2 2 2 2 2 2 2 2 2 2 2 2
left_child=-1 2 3 5 -5 -2 10 -8 -9 -10 11 12 -6 -13
right_child=1 -3 -4 4 6 -7 7 8 9 -11 -12 13 -14 -15
leaf_value=-0.012989895111728567 0.010284523019433479 0.013416374432577495 -0.013241669666711637 -0.012602015230625091 -0.00020197281592673318 0 -0.0097365806579146445 -0.0037562397378020414 -0.00076111282640648967 0.004259985962730764 0.0030059533634957457 0.0019761490494596473 -0.0031214078714548585 0.00036485058328827272
leaf_weight=11.999999999999998 11.000000000000002 21 17 11.999999999999998 219 19 17 10.999999999999998 12.000000000000002 18 18 70 21 204
leaf_count=12 11 21 17 12 219 19 17 11 12 18 18 70 21 204
internal_value=-0.000383382 -3.40381e-05 -0.000598764 -0.000126478 -0.000433848 0.00489217 -5.03396e-05 -0.00322216 0.000228 0.00226529 0.000314537 0.000173276 -0.000555677 0.000834947
internal_weight=682 670 649 632 602 30 590 58 41 30 532 514 240 274
internal_count=682 670 649 632 602 30 590 58 41 30 532 514 240 274
is_linear=0
shrinkage=0.0529975


Tree=116
num_leaves=16
num_cat=0
split_feature=29 19 29 28 29 19 13 3 12 13 9 13 8 34 19
split_gain=1.00012 1.47247 0.762628 0.324158 0.237454 0.688302 0.140009 0.116198 0.116661 0.0853093 0.0845834 0.0831474 0.140136 0.0887604 0.0525029
threshold=1.9619634837178215 0.86932162594016515 0.88506091518751828 -1.107194503700726 0.23203446132356126 -0.30874860567331258 0.056863250984115661 1.2814071424658484 0.95474900396815099 0.78469225562032408 0.0093833319795954082 1.070804347098006 1.0382424873907306 -1.0260438688014284 0.10304913531016749
decision_type=2 2 2 2 2 2 2 2 2 2 2 2 2 2 2
left_child=1 2 3 -1 7 -6 -7 11 -9 10 -8 12 13 -5 -11
right_child=-2 -3 -4 4 5 6 9 8 -10 14 -12 -13 -14 -15 -16
leaf_value=-0.0069297472108309308 -0.012704505169777169 0.013773971831514941 -0.0093814286441308275 0.0029431353033034405 -0.0094444432929675602 -0.0029478425282351462 -4.4827774812582478e-05 0 0.0057485653856499275 -0.0026840767685132709 0.0039754214496438844 0.0032248958845266266 -0.0034477125169922219 0.00015680750857313588 0.00096756829106591901
leaf_weight=12.999999999999998 11.999999999999998 14.999999999999998 20 30 21 26 19 20 18 15.000000000000002 30 21 22 385 14.999999999999998
leaf_count=13 12 15 20 30 21 26 19 20 18 15 30 21 22 385 15
internal_value=-0.000374174 -3.22634e-05 -0.00048109 -0.000104728 9.16012e-05 -0.0018965 0 0.000627178 0.00325211 0.00116423 0.00245463 0.000355122 0.000159662 0.000413871 -0.000807188
internal_weight=682 670 655 635 622 126 105 496 38 79 49 458 437 415 30
internal_count=682 670 655 635 622 126 105 496 38 79 49 458 437 415 30
is_linear=0
shrinkage=0.0529975


Tree=117
num_leaves=17
num_cat=0
split_feature=18 29 39 29 19 28 19 45 3 25 5 39 6 45 7 19
split_gain=0.977245 1.54066 0.5786 1.09794 1.73577 0.316792 0.273579 0.198486 0.133454 0.0972061 0.113433 0.136652 0.0918557 0.07922 0.0536702 0.0380953
threshold=1.9621735598251575 1.6259206114699825 -1.095590616565685 0.5561357425748209 -0.11099870993473214 -1.107194503700726 0.30064614087418168 -0.28675602325896848 1.5080488381721218 -1.2955004554409264 -1.182706140223132 -0.90172138751055098 0.7026606774188372 -0.85296218383400146 0.90433117468419455 -0.35627414002042063
decision_type=2 2 2 2 2 2 2 2 2 2 2 2 2 2 2 2
left_child=1 2 -1 5 -5 -4 -2 13 9 -7 15 -12 -10 -6 -9 -11
right_child=6 -3 3 4 7 8 -8 14 12 10 11 -13 -14 -15 -16 -17
leaf_value=0.0073756892719210373 0.0014830579392236625 -0.016545257940033337 -0.0066784172298434896 -0.021858081758065154 -0.0010804975542925187 0.0033555262022679742 0.013625237708065134 -0.0065242549042585129 0 -0.0049774487581549544 0.0027618346317873068 -0.00018114151270494665 0.00566943812976178 0.0038795463083990964 -0.00057557496631001435 -0.0004440249377619948
leaf_weight=20 12.000000000000002 10.999999999999998 12.999999999999998 10.999999999999998 10.999999999999998 18 10.999999999999998 12.000000000000002 15.000000000000002 11.000000000000002 43 441 14.999999999999998 12.000000000000002 10.999999999999998 14.999999999999998
leaf_count=20 12 11 13 11 11 18 11 12 15 11 43 441 15 12 11 15
internal_value=-0.000361705 -0.0007836 -0.000356113 -0.000680796 -0.00732138 3.9192e-05 0.00914784 -0.00159102 0.000277421 5.05246e-05 -9.02254e-05 9.66654e-05 0.00340311 0.00153359 -0.00462749 -0.00315368
internal_weight=682 659 648 628 57 571 23 46 558 528 510 484 30 23 23 26
internal_count=682 659 648 628 57 571 23 46 558 528 510 484 30 23 23 26
is_linear=0
shrinkage=0.0529975


Tree=118
num_leaves=19
num_cat=0
split_feature=18 29 39 29 19 29 19 13 19 45 29 10 45 39 47 19 5 7
split_gain=0.913547 1.43597 0.533364 1.02542 1.61678 0.306975 0.906949 0.313448 0.253772 0.184942 0.0881265 0.124983 0.0740132 0.0738948 0.0690603 0.0597125 0.0556098 0.0491303
threshold=1.9621735598251575 1.6259206114699825 -1.095590616565685 0.5561357425748209 -0.11099870993473214 -0.88252550066366586 -1.0115814289029357 -0.37481464142080784 0.30064614087418168 -0.28675602325896848 -0.062291115380857083 1.0940465440769784 -0.85296218383400146 -0.82078362726012033 0.25587139353132682 0.42784664522021415 -1.0098143974948728 0.90433117468419455
decision_type=2 2 2 2 2 2 2 2 2 2 2 2 2 2 2 2 2 2
left_child=1 2 -1 5 -5 7 -7 -4 -2 12 15 13 -6 -12 -13 16 -8 -11
right_child=8 -3 3 4 9 6 10 -9 -10 17 11 14 -14 -15 -16 -17 -18 -19
leaf_value=0.0070749606362207462 0.001430648566844023 -0.015977759522580282 0 -0.021108355032332798 -0.0010434367933568449 -0.011976885033309856 0.0022123398814334902 0.01000862393488979 0.013157895688932367 -0.0062936962980172494 0.0014007723704973982 -0.0058358703886776707 0.0037424481360261402 -0.0008257044589412637 -0.0003110224765917088 0.0035481033858542205 0.00013343219492788791 -0.00055583292910627632
leaf_weight=20 12.000000000000002 10.999999999999998 21 10.999999999999998 10.999999999999998 11.999999999999998 38 10.999999999999998 10.999999999999998 12.000000000000002 54 13.000000000000002 12.000000000000002 129 14.999999999999998 13.999999999999998 264 10.999999999999998
leaf_count=20 12 11 21 11 11 12 38 11 11 12 54 13 12 129 15 14 264 11
internal_value=-0.000352375 -0.000760584 -0.000347458 -0.000659538 -0.00707708 3.58776e-05 -0.000273511 0.00465171 0.00884138 -0.0015401 0.000111621 -0.000699557 0.00147023 -0.000108156 -0.00365849 0.000677895 0.000455674 -0.00447282
internal_weight=682 659 648 628 57 571 539 32 23 46 527 211 23 183 28 316 302 23
internal_count=682 659 648 628 57 571 539 32 23 46 527 211 23 183 28 316 302 23
is_linear=0
shrinkage=0.0529975


Tree=119
num_leaves=16
num_cat=0
split_feature=39 19 29 29 19 2 29 19 51 18 13 31 39 1 10
split_gain=0.8862 1.60525 1.13886 0.308641 0.819593 0.292579 0.196153 0.524166 0.0871755 0.0970401 0.068874 0.101141 0.0950895 0.0689299 0.0500714
threshold=-1.1840427946005181 0.86932162594016515 0.88506091518751828 -0.8996447736816684 -1.0115814289029357 -0.86234690720040097 0.31624251926828922 -0.30874860567331258 1.0000000180025095e-35 -1.224406309279954 1.070804347098006 -1.5489855024680508 1.8332589020591132 -0.53560430853146757 1.2127673036542326
decision_type=2 2 2 2 2 2 2 2 2 2 2 2 2 2 2
left_child=-1 2 3 5 -5 -2 10 -8 9 -9 11 14 -13 -12 -6
right_child=1 -3 -4 4 6 -7 7 8 -10 -11 13 12 -14 -15 -16
leaf_value=-0.011949025010612393 0.0096883469355742713 0.01263431858850619 -0.012140560514268282 -0.01155363726379593 -0.004705421618426334 0 -0.0092378554960089419 -0.0020186676541911054 -0.0033589760152520297 0.0020600083721821183 0.0046736129695862079 0.00016305240179366207 0.0035607496755948606 0 0
leaf_weight=11.999999999999998 11.000000000000002 21 17 11.999999999999998 11.000000000000002 19 17 17 11.999999999999998 46 14.000000000000002 428 19 14.999999999999998 10.999999999999998
leaf_count=12 11 21 17 12 11 19 17 17 12 46 14 428 19 15 11
internal_value=-0.000342452 -2.00916e-05 -0.000552137 -0.000118298 -0.000410084 0.00463577 -5.77532e-05 -0.00223662 0 0.000778392 0.000352731 0.00016535 0.000368115 0.00263598 -0.00290142
internal_weight=682 670 649 632 602 30 590 92 75 63 498 469 447 29 22
internal_count=682 670 649 632 602 30 590 92 75 63 498 469 447 29 22
is_linear=0
shrinkage=0.0529975


Tree=120
num_leaves=17
num_cat=0
split_feature=29 19 29 29 19 45 29 19 13 15 13 13 7 9 19 37
split_gain=0.867355 1.26201 0.597058 0.285953 0.765188 0.286455 0.163081 0.426905 0.13089 0.1211 0.0921073 0.0684 0.0902779 0.0834809 0.0815556 0.0556532
threshold=1.9619634837178215 0.86932162594016515 0.88506091518751828 -0.8996447736816684 -1.0115814289029357 0.505932601546078 0.22011875519856186 -0.30874860567331258 0.056863250984115661 0.30862525858785611 0.78469225562032408 1.070804347098006 -0.25919940656948109 -0.82473109326119398 -0.67208257287183415 2.0054340583713257
decision_type=2 2 2 2 2 2 2 2 2 2 2 2 2 2 2 2
left_child=1 2 3 5 -5 -1 11 9 -9 -8 -10 12 15 -13 -14 -6
right_child=-2 -3 -4 4 6 -7 7 8 10 -11 -12 13 14 -15 -16 -17
leaf_value=0.0089641747929810871 -0.011816933589588869 0.01276535978244293 -0.0083077096010067426 -0.011145346593433901 -0.0003431101948430874 -9.0432540776510842e-05 -0.010232994997826024 -0.0027898279497231998 0.0023695130047100468 -0.0013240094344642475 -0.0010249950146341306 0.0053500282073666158 0.0039692959282327609 0 0.0005065586689940527 -0.0036708633327044798
leaf_weight=13.000000000000002 11.999999999999998 14.999999999999998 20 11.999999999999998 146 17 12.000000000000002 30 49 10.999999999999998 30 11.000000000000002 15.999999999999998 13.999999999999998 263 10.999999999999998
leaf_count=13 12 15 20 12 146 17 12 30 49 11 30 11 16 14 263 11
internal_value=-0.00033457 -1.55859e-05 -0.000431995 -9.76482e-05 -0.000377743 0.00447886 -3.87961e-05 -0.00164957 -6.09169e-05 -0.00736799 0.00101691 0.000422726 0.000230873 0.00285136 0.000808983 -0.000745585
internal_weight=682 670 655 635 605 30 593 132 109 23 79 461 436 25 279 157
internal_count=682 670 655 635 605 30 593 132 109 23 79 461 436 25 279 157
is_linear=0
shrinkage=0.0529975


Tree=121
num_leaves=18
num_cat=0
split_feature=18 29 39 29 19 29 19 5 19 30 26 19 19 3 19 44 9
split_gain=0.823491 1.29435 0.527385 0.901721 1.43191 0.255347 0.989286 0.771856 0.234475 0.169439 0.128138 0.100086 0.153141 0.0981233 0.063612 0.0404078 0.030904
threshold=1.9621735598251575 1.6259206114699825 -1.095590616565685 0.5561357425748209 -0.11099870993473214 -0.69154920279145393 -0.78831803872658812 -1.0950760906972434 0.30064614087418168 0.078492240527173809 0.86532909618089959 -0.69407060819862865 -0.59226473493683407 -0.32293053028958524 0.72545351707786432 0.7223131398807876 -1.0000000180025095e-35
decision_type=2 2 2 2 2 2 2 2 2 2 2 2 2 2 2 2 2
left_child=1 2 -1 5 -5 7 -7 -4 -2 10 -6 -8 -13 -9 -14 16 -15
right_child=8 -3 3 4 9 6 11 13 -10 -11 -12 12 14 15 -16 -17 -18
leaf_value=0.0070590873888760177 0.0013007616675927976 -0.015162080277058211 0.012468757245250536 -0.019856405588375342 -0.0054284582730230726 -0.010289511547619201 0.0038007770256431156 0.0034559771611785434 0.012545045255381269 0.0028311168840563076 0.00037679854269648418 -0.0039050870726167952 0.00034439724497308915 0.0019206399845242994 -0.002847116872077375 -0.0026395227194950465 -0.00092788016269586564
leaf_weight=20 12.000000000000002 10.999999999999998 11.999999999999998 10.999999999999998 21 21 13.999999999999998 11.999999999999998 10.999999999999998 11.999999999999998 12.999999999999998 21 427 10.999999999999995 11.999999999999998 19 22.000000000000004
leaf_count=20 12 11 12 11 21 21 14 12 11 12 13 21 427 11 12 19 22
internal_value=-0.000326419 -0.000714552 -0.00032185 -0.000632471 -0.00665028 1.9021e-05 -0.0004178 0.00277178 0.00840154 -0.00143225 -0.00331046 0.000128082 -1.6177e-05 0 0.000204272 -0.00102268 0
internal_weight=682 659 648 628 57 571 495 76 23 46 34 474 460 64 439 52 33
internal_count=682 659 648 628 57 571 495 76 23 46 34 474 460 64 439 52 33
is_linear=0
shrinkage=0.0529975


Tree=122
num_leaves=26
num_cat=0
split_feature=13 19 37 45 30 30 30 45 12 8 30 38 51 37 0 16 37 19 18 3 46 47 39 12 37
split_gain=0.778881 0.948492 1.24728 0.307917 0.282429 0.225594 0.298455 0.303886 0.302896 0.31418 0.205365 0.192277 0.11937 0.132653 0.123847 0.0988574 0.221053 0.13177 0.0639649 0.0607573 0.0484306 0.0428932 0.0270162 0.00670894 0.00367461
threshold=1.9943942564294705 0.50703029617112583 -0.80708230617037946 0.95889753000610456 1.2754480605365839 1.0475394789916936 0.58764190694955731 -0.060273559028955231 -0.66762889108936596 -0.35220596932827636 0.75264601063067438 -0.72464194174947394 1.0000000180025095e-35 -0.6085517392615547 1.7259195130798726 0.50686339642652045 2.0054340583713257 -0.36183228773619663 -1.4129313256184675 -0.44428198940790492 0.47595447567225796 1.0000000180025095e-35 -0.48236117227724046 -0.25842733636810761 0.24554330379412623
decision_type=2 2 2 2 2 2 2 2 2 2 2 2 2 2 2 2 2 2 2 2 2 2 2 2 2
left_child=1 4 -3 11 5 6 12 8 -8 -10 -11 -4 14 19 15 16 -1 -17 -16 -14 22 -15 -9 -23 -24
right_child=-2 2 3 -5 -6 -7 7 20 9 10 -12 -13 13 21 18 17 -18 -19 -20 -21 -22 23 24 -25 -26
leaf_value=0.00074309898729484731 -0.01151952022592412 0.015292246154138271 -0.0061407541705032816 0.0056959756396149537 -0.0060381553883139243 0.0042571754710524412 0.00077261885480919617 0.0023097641414353454 -0.013973995327887069 0.0015455278211894781 -0.0062276324354152215 0.00085986992707934382 -0.00049109244463280838 -0.0022621553991026785 0 -0.0037107051255141654 0.0071175162080345678 0.00047337542773712821 -0.0048243995146985547 -0.0055395242951525375 -0.0022518633606916135 0 -0.00077495431799109516 0.0011616521056233866 0.00014916705039403282
leaf_weight=239 10.999999999999998 19 12.999999999999995 14.999999999999998 21 21 11.999999999999998 12.999999999999998 10.999999999999998 11.000000000000002 17 20.000000000000004 14.999999999999998 11.999999999999998 17.000000000000004 24 10.999999999999998 61 11.999999999999998 21 15.999999999999998 15.999999999999998 11.000000000000002 29 13.999999999999998
leaf_count=239 11 19 13 15 21 21 12 13 11 11 17 20 15 12 17 24 11 61 12 21 16 16 11 29 14
internal_value=-0.000314412 -1.99994e-05 0.0056788 0.000468481 -0.000713211 -0.000450025 -0.000681301 -0.00314792 -0.00585236 -0.00787735 -0.00323446 -0.00223903 -6.60564e-05 -0.00171228 0.000356601 0.000675726 0.00121101 -0.00079793 -0.0026144 -0.00397279 -0.00014767 0 0.000765712 0.000746019 -0.000103366
internal_weight=682 671 67 48 604 583 562 105 51 39 28 33 457 93 364 335 250 85 29 36 54 57 38 45 25
internal_count=682 671 67 48 604 583 562 105 51 39 28 33 457 93 364 335 250 85 29 36 54 57 38 45 25
is_linear=0
shrinkage=0.0529975


Tree=123
num_leaves=22
num_cat=0
split_feature=18 29 39 29 19 29 19 5 19 45 3 29 45 0 13 12 39 30 7 26 10
split_gain=0.7862 1.19976 0.472446 0.843914 1.30537 0.234996 0.8444 0.68601 0.202308 0.164708 0.0995493 0.078181 0.0691554 0.0620448 0.0532426 0.0612313 0.0461716 0.0451726 0.0408119 0.0357221 0.00190783
threshold=1.9621735598251575 1.6259206114699825 -1.095590616565685 0.5561357425748209 -0.11099870993473214 -0.72657642365106512 -0.89269806438786092 -1.0950760906972434 0.30064614087418168 -0.28675602325896848 -0.29794640635346076 0.22011875519856186 -0.85296218383400146 -0.78917656107330358 -0.39489268292801361 0.24401710330907569 -0.76583885052540779 0.32059948568843283 0.90433117468419455 -0.25680536164330486 -0.13776587257695047
decision_type=2 2 2 2 2 2 2 2 2 2 2 2 2 2 2 2 2 2 2 2 2
left_child=1 2 -1 5 -5 7 -7 -4 -2 12 -9 14 -6 -13 15 -8 -15 -16 -11 -12 -21
right_child=8 -3 3 4 9 6 11 10 -10 18 19 13 -14 16 17 -17 -18 -19 -20 20 -22
leaf_value=0.0066750019212516928 0.0014221029838626599 -0.014598092554088036 0.012172242509456923 -0.01904048472908736 -0.0010146719804663012 -0.010527636361465892 0.00027273572855978994 0.0032989911970959553 0.012105425628035706 -0.005876418839845448 -0.0025811522392406739 -0.0042913772989804679 0.0036029356430470213 0.00050975441204167201 0.00040325738474132004 -0.0019449043311164057 -0.0019459751630276751 0.0021144652359385862 -0.00053338577459615419 0.00054396858531959057 -0.00013166738310090655
leaf_weight=20 12.000000000000002 10.999999999999998 10.999999999999998 10.999999999999998 10.999999999999998 15.999999999999998 112 12.999999999999998 10.999999999999998 12.000000000000002 19.999999999999996 10.999999999999998 12.000000000000002 42 191 42 30 59 10.999999999999998 10.999999999999998 13.000000000000005
leaf_count=20 12 11 11 11 11 16 112 13 11 12 20 11 12 42 191 42 30 59 11 11 13
internal_value=-0.00030857 -0.000688133 -0.000309644 -0.000604131 -0.006426 2.56733e-05 -0.000368173 0.00282712 0.00821916 -0.00142723 0 7.54297e-05 0.0014005 -0.00133174 0.000396811 -0.000338645 -0.000494857 0.000874456 -0.00420068 -0.00120721 0
internal_weight=682 659 648 628 57 571 503 68 23 46 57 487 23 83 404 154 72 250 23 44 24
internal_count=682 659 648 628 57 571 503 68 23 46 57 487 23 83 404 154 72 250 23 44 24
is_linear=0
shrinkage=0.0529975


Tree=124
num_leaves=21
num_cat=0
split_feature=39 19 30 30 30 3 28 51 0 37 26 19 18 13 3 11 6 44 9 35
split_gain=0.754319 1.42879 0.264461 0.199395 0.303712 0.27976 0.204627 0.126721 0.14163 0.119653 0.108492 0.132843 0.0801579 0.0746389 0.0590792 0.0566555 0.0532169 0.0307508 0.00847431 0.000741225
threshold=-1.1840427946005181 0.86932162594016515 1.2754480605365839 1.0475394789916936 0.58764190694955731 -0.51388062037282356 -0.867791388365038 1.0000000180025095e-35 1.676868741707185 -0.6085517392615547 -1.8680391097151519 -0.37857519810775336 -1.4056766404595094 0.19740954153455592 -0.44428198940790492 0.72612358069562066 0.056919951754028551 -0.27086742745529524 0.14964550972888221 1.8476987629315218
decision_type=2 2 2 2 2 2 2 2 2 2 2 2 2 2 2 2 2 2 2 2
left_child=-1 2 3 4 7 -6 -7 8 10 14 -2 -12 19 16 -9 18 -8 -15 -11 -10
right_child=1 -3 -4 -5 5 6 13 9 12 15 11 -13 -14 17 -16 -17 -18 -19 -20 -21
leaf_value=-0.011008306677592601 0.0049379195465344338 0.01193561263782039 -0.0056564169462771392 0.0041656342977772791 -0.008797027046785498 -0.006836312080890642 1.8681740693634614e-05 -0.00037612268273998477 7.7563463889451486e-05 0.0010940216107200626 -0.0017575364188926938 0.0010460647325738483 -0.0046709899855743751 0.0033315597110612728 -0.005285417477403344 -0.0027812229771043461 -0.002829687683153326 0 0 -0.00034024530074673766
leaf_weight=11.999999999999998 11.999999999999998 21 21 21 13.999999999999998 10.999999999999998 31 14.999999999999998 13.000000000000002 37 49 302 14.999999999999998 11.000000000000002 21 10.999999999999998 27 10.999999999999998 15.999999999999998 10.999999999999998
leaf_count=12 12 21 21 21 14 11 31 15 13 37 49 302 15 11 21 11 27 11 16 11
internal_value=-0.000300624 -2.56429e-06 -0.00050525 -0.000270111 -0.000474213 -0.00298451 -0.0015297 6.61299e-05 0.000502511 -0.00155141 0.000852016 0.000612167 -0.00227537 -0.000293017 -0.00375197 0 -0.00133904 0.00191134 0.000684715 0
internal_weight=682 670 649 628 607 105 91 502 402 100 363 351 39 80 36 64 58 22 53 24
internal_count=682 670 649 628 607 105 91 502 402 100 363 351 39 80 36 64 58 22 53 24
is_linear=0
shrinkage=0.0529975


Tree=125
num_leaves=17
num_cat=0
split_feature=29 19 29 29 19 47 29 19 29 9 10 25 29 19 9 3
split_gain=0.743709 1.0961 0.525131 0.23837 0.581965 0.245232 0.134225 0.395 0.0906838 0.0919112 0.0612154 0.114976 0.106648 0.0616748 0.0353133 0.0347625
threshold=1.9619634837178215 0.86932162594016515 0.88506091518751828 -0.8996447736816684 -1.0115814289029357 0.18623680039949722 0.31624251926828922 -0.30874860567331258 0.63456062746308672 0.65886012099562496 1.1200048726415253 -1.3239831103979476 -0.010910652010719417 -0.78831803872658812 -0.35891110262425058 -0.24083983735660439
decision_type=2 2 2 2 2 2 2 2 2 2 2 2 2 2 2 2
left_child=1 2 3 5 -5 -1 10 -8 14 -10 11 -6 15 -13 -9 -12
right_child=-2 -3 -4 4 6 -7 7 8 9 -11 12 13 -14 -15 -16 -17
leaf_value=0 -0.010929557461284755 0.011909274623745161 -0.0077761102900399965 -0.0097237766704597189 0.0047556078998046833 0.0087263359651104794 -0.0079132929880565573 -0.0027998527796323411 0.0045549062197088666 -0.00073033664346057925 0.0017097562728954139 -0.0026215623842030735 -0.0044710521994067044 0.00050962717408825067 0 -0.00072022651565737349
leaf_weight=19.000000000000004 11.999999999999998 14.999999999999998 20 11.999999999999998 11.999999999999998 10.999999999999998 17 18 14.000000000000002 10.999999999999998 18 11.999999999999998 12.999999999999998 396 35 47
leaf_count=19 12 15 20 12 12 11 17 18 14 11 18 12 13 396 35 47
internal_value=-0.000297481 -1.46259e-06 -0.000390358 -7.62715e-05 -0.00033307 0.00410124 -3.5938e-05 -0.00180922 0 0.00231266 0.000305981 0.000571069 -0.000977129 0.000364025 -0.00122773 0
internal_weight=682 670 655 635 605 30 593 95 78 25 498 420 78 408 53 65
internal_count=682 670 655 635 605 30 593 95 78 25 498 420 78 408 53 65
is_linear=0
shrinkage=0.0529975


Tree=126
num_leaves=21
num_cat=0
split_feature=18 29 39 29 53 29 19 5 29 37 1 45 45 8 5 39 29 47 9 9
split_gain=0.713007 1.08076 0.457668 0.795217 0.953605 0.23293 0.516031 0.338088 0.487191 0.194824 0.117228 0.104186 0.118736 0.113935 0.0946476 0.170844 0.174317 0.0401652 0.0315126 0.0432816
threshold=1.9621735598251575 1.6259206114699825 -1.095590616565685 0.67203377572161016 0.35627397084393697 -0.26489013004416756 -0.75489542469334048 -1.2303851890457018 -0.62390341946103045 -0.10808926851221907 1.0780347255283604 -0.5132384874889816 -0.17351479114396184 0.23254879003066392 -1.1977909254101229 -0.82078362726012033 0.22564952026964777 0.88258273171779333 0.41042915717624495 -0.63951982277189323
decision_type=2 2 2 2 2 2 2 2 2 2 2 2 2 2 2 2 2 2 2 2
left_child=1 2 -1 5 10 7 -7 8 -4 -2 -5 18 -13 -14 -8 17 -17 -16 19 -9
right_child=9 -3 3 4 -6 6 14 11 -10 -11 -12 12 13 -15 15 16 -18 -19 -20 -21
leaf_value=0.0065818192354637562 0.011624735836453876 -0.013854895997949666 0.012387927909353329 0.0027677093013760428 -0.016871293094929053 -0.01002018885910747 -0.0036478260510537514 2.3769995420934528e-05 -0.00020554971293526732 0.0012487650093550937 -0.0033362759563058605 -0.0036556100200514289 0.0015213197976353993 -0.0012209287917272697 0.0022400408825950162 -0.00016107623421250582 -0.003718116281350963 -0.00053220890065930587 0.00018114703833325965 0.0045619879887073209
leaf_weight=20 11.000000000000002 10.999999999999998 11.000000000000002 11.000000000000002 11.999999999999998 10.999999999999998 19 12.000000000000002 14.999999999999998 11.999999999999998 11.999999999999998 19 87 71 70 183 45 10.999999999999998 20 19
leaf_count=20 11 11 11 11 12 11 19 12 15 12 12 19 87 71 70 183 45 11 20 19
internal_value=-0.000290418 -0.000652376 -0.0002926 -0.000582729 -0.00772318 -7.65291e-05 -0.000989308 0.00110956 0.00622726 0.00782982 -0.000207447 0.000351492 -0.000239934 0.000246868 -0.000491071 -0.000209046 -0.000970263 0.00177254 0.00233593 0.00328264
internal_weight=682 659 648 628 35 593 339 254 26 23 23 228 177 158 328 309 228 81 51 31
internal_count=682 659 648 628 35 593 339 254 26 23 23 228 177 158 328 309 228 81 51 31
is_linear=0
shrinkage=0.0529975


Tree=127
num_leaves=16
num_cat=0
split_feature=18 29 39 29 19 19 29 19 19 30 26 19 12 29 4
split_gain=0.666488 1.00755 0.421657 0.739595 1.24795 0.20174 0.196993 0.538066 0.232624 0.15298 0.0969618 0.060378 0.0507002 0.0678805 0.0594896
threshold=1.9621735598251575 1.6259206114699825 -1.095590616565685 0.54135198810054252 -0.1457840957559802 0.30064614087418168 -0.8996447736816684 -1.0115814289029357 -0.8134540570553449 0.078492240527173809 0.86532909618089959 0.72545351707786432 0.18689353273937301 -0.21380076490868594 -0.22905783045803238
decision_type=2 2 2 2 2 2 2 2 2 2 2 2 2 2 2
left_child=1 2 -1 6 -5 -2 8 -8 -4 10 -6 12 14 -14 -9
right_child=5 -3 3 4 9 -7 7 11 -10 -11 -12 -13 13 -15 -16
leaf_value=0.0063134590844456228 0.0010419805080669575 -0.013379675708953544 0.0083546304564126143 -0.018303833327242884 -0.0047261909429961767 0.011398234878015567 -0.0092135195277383737 0.0018133952164059617 0 0.0028084193428586464 0.00014734623496663143 -0.0028978025956796468 0.00041102128649262484 -0.0013739116404196626 0.00013458029287395176
leaf_weight=20 12.000000000000002 10.999999999999998 11.000000000000002 10.999999999999998 23 10.999999999999998 11.999999999999998 85 19 11.999999999999998 13.999999999999998 11.999999999999998 126 99 204
leaf_count=20 12 11 11 11 23 11 12 85 19 12 14 12 126 99 204
internal_value=-0.000281532 -0.000631798 -0.000284026 -0.00056288 -0.0058741 0.00756872 4.14996e-05 -0.000197987 0.00384787 -0.00126527 -0.00295633 9.60934e-05 0.000212032 -0.00035939 0.000678851
internal_weight=682 659 648 628 60 23 568 538 30 49 37 526 514 225 289
internal_count=682 659 648 628 60 23 568 538 30 49 37 526 514 225 289
is_linear=0
shrinkage=0.0529975


Tree=128
num_leaves=29
num_cat=0
split_feature=39 19 29 29 19 29 19 1 36 39 8 30 2 53 30 12 3 29 26 5 34 5 2 16 9 39 17 9
split_gain=0.640962 1.29055 0.874974 0.200626 0.715446 0.328473 0.275229 0.0895008 0.133834 0.0805036 0.144991 0.110308 0.0947191 0.0791395 0.0688282 0.0478771 0.0385498 0.0361924 0.0474648 0.0361853 0.0555591 0.0533595 0.0558667 0.0286219 0.0272518 0.023123 0.0188536 0.0168423
threshold=-1.1840427946005181 0.86932162594016515 0.88506091518751828 -0.26489013004416756 -0.67208257287183415 0.078887950514269417 -0.89853941475979127 -0.015445653369820173 1.0476567213468264 -0.82078362726012033 -0.50718984864654415 -0.30021714475273675 1.4103060219333883 1.0000000180025095e-35 0.55810110622004083 0.04666022323074364 -0.065950969803731732 0.11491882487792797 -0.20007951836970941 -0.8786798243624413 -1.0260438688014284 -1.2303851890457018 -0.77255402455328603 0.53688690563505637 -0.18663656578615176 -0.19406547368128227 0.30771385976447713 0.61614174861476834
decision_type=2 2 2 2 2 2 2 2 2 2 2 2 2 2 2 2 2 2 2 2 2 2 2 2 2 2 2 2
left_child=-1 2 3 6 5 -5 -2 19 13 10 12 -12 24 -9 17 -10 -13 18 -11 21 -21 -8 -23 -22 -6 -19 -15 -16
right_child=1 -3 -4 4 9 -7 7 8 15 14 11 16 -14 26 27 -17 -18 25 -20 20 23 22 -24 -25 -26 -27 -28 -29
leaf_value=-0.01014304096689287 0.0062028496259412752 0.011348248417639166 -0.010633177185298425 -0.00076488586995576496 0.0010643484052246547 -0.013737465551212046 0.0002363038387847679 0.0057644107160251847 0.0005829464508411643 -0.0010833706192400663 0.0027911896358179282 0 0 0.001928711180771559 -0.0045366272213884567 -0.0029604262505423134 -0.002677496962031119 -0.0018545293409492902 0.00084929544169650827 0.0025525247111964312 3.0518356573338762e-05 -0.0048207378499197399 0 -0.0021752341345963183 0.00599479423961689 0 -8.030187140650326e-05 -0.00050563001571555654
leaf_weight=11.999999999999998 20 21 17 11.000000000000002 12.000000000000002 10.999999999999998 21 18 19.000000000000004 52 12.999999999999998 18 21 23 11.000000000000002 10.999999999999998 36 53 85 17 85 12.000000000000002 12.999999999999998 12.999999999999998 15.999999999999998 18 11.999999999999998 10.999999999999998
leaf_count=12 20 21 17 11 12 11 21 18 19 52 13 18 21 23 11 11 36 53 85 17 85 12 13 13 16 18 12 11
internal_value=-0.000272799 0 -0.000475588 -9.40423e-05 -0.00089787 -0.00905375 0.000995631 0.000402327 0.0017648 -0.000214044 0.000868513 -0.000651306 0.00291807 0.00326809 -0.000797822 -0.000798979 -0.00179261 -0.000414088 5.22151e-05 -0.000296388 0.00016657 -0.00147385 -0.00290352 -0.000303471 0.00464764 -0.00133856 0.00115854 -0.0033106
internal_weight=682 670 649 632 368 22 264 244 83 346 116 67 49 53 230 30 54 208 137 161 115 46 25 98 28 71 35 22
internal_count=682 670 649 632 368 22 264 244 83 346 116 67 49 53 230 30 54 208 137 161 115 46 25 98 28 71 35 22
is_linear=0
shrinkage=0.0529975


Tree=129
num_leaves=20
num_cat=0
split_feature=29 19 46 29 29 19 5 29 9 12 3 19 29 7 13 45 29 7 19
split_gain=0.640668 0.982733 0.923183 0.623035 0.190156 0.552291 0.535175 0.142579 0.329057 0.0881944 0.0875908 0.069091 0.0781242 0.056966 0.0552032 0.0441422 0.0328157 0.0421814 0.00185947
threshold=1.9619634837178215 0.76820330720288033 0.47595447567225796 0.88506091518751828 -0.72657642365106512 -0.89269806438786092 -1.0950760906972434 0.48941511938534971 -0.5026159816992849 -0.2351334721832409 -0.29794640635346076 0.39561195406200306 -0.11940273337585648 -1.8983715982914471 -0.063604998059118803 -0.62647971960398829 -0.82759195732530222 -0.25919940656948109 0.57888942092104889
decision_type=2 2 2 2 2 2 2 2 2 2 2 2 2 2 2 2 2 2 2
left_child=1 3 -3 4 6 -6 -1 11 -9 15 -8 13 -13 -7 -15 -10 17 -12 -14
right_child=-2 2 -4 -5 5 7 10 8 9 -11 16 12 18 14 -16 -17 -18 -19 -20
leaf_value=0.010371203829151155 -0.010133081379117939 0.017020865764947025 -0.000999573210125492 -0.0086401328840760832 -0.0084826509127540646 -0.0028299520550060307 0.002964968529098048 -0.0077003141216171545 0.00058371950935386509 0.0029090831621581704 -0.0040003371738448522 0.0050563538783019333 0.00057201119909502615 -0.00037679540538424053 0.00081271265659332143 -0.0028649580055596872 0.00027612785173162949 0 0
leaf_weight=11.999999999999998 11.999999999999998 12.000000000000002 11.999999999999998 19 17 12.999999999999998 12.999999999999998 15.999999999999998 10.999999999999998 14.999999999999998 11.999999999999998 10.999999999999998 17.000000000000004 239 188 17.000000000000004 16.000000000000004 15.999999999999998 13.999999999999998
leaf_count=12 12 12 12 19 17 13 13 16 11 15 12 11 17 239 188 17 16 16 14
internal_value=-0.000265214 0 0.00937916 -0.000431672 -9.2404e-05 -0.000435444 0.00240162 -7.9587e-05 -0.00241978 0.00010445 0 0.000218769 0.00212833 0 0.000134794 -0.00144068 -0.0012572 -0.00223299 0.000249421
internal_weight=682 670 24 646 627 558 69 541 59 43 57 482 42 440 427 28 44 28 31
internal_count=682 670 24 646 627 558 69 541 59 43 57 482 42 440 427 28 44 28 31
is_linear=0
shrinkage=0.0529975


Tree=130
num_leaves=17
num_cat=0
split_feature=17 29 19 39 29 19 8 28 29 24 39 19 8 13 30 30
split_gain=0.607833 1.75777 1.69558 0.49413 0.763639 0.562659 0.268453 0.197488 0.770175 0.140809 0.177813 0.12179 0.115256 0.0939204 0.0666454 0.0282038
threshold=-1.39396473237739 1.1860756444830016 0.50703029617112583 -1.0567165156606251 0.80607140098567553 0.038850972537908417 1.5895402411079365 -0.59219080463487817 0.05507566239322146 -0.56999525281313312 -0.47689664898134465 0.79929482605924529 1.0153674757159228 0.15725345852014441 0.88646095974650052 1.0000000180025095e-35
decision_type=2 2 2 2 2 2 2 2 2 2 2 2 2 2 2 2
left_child=2 3 -1 5 6 -2 7 8 9 14 -11 12 13 -9 -5 -14
right_child=1 -3 -4 4 -6 -7 -8 11 -10 10 -12 -13 15 -15 -16 -17
leaf_value=-0.0030059921563681921 -0.0014302914562385326 -0.015364761933650392 0.018812842395350117 0 -0.010385718129818833 0.012173197143162352 0.0062743414869031958 -7.8553848817189257e-05 -0.011470411223276808 0.0017110539133807186 -0.004415418989247865 -0.0042888342560140173 -0.00019915242902772092 0.0014452276611497152 0.0048496870575844217 -0.0044140032344803576
leaf_weight=20.000000000000004 12.000000000000002 15.999999999999998 10.999999999999998 13.000000000000002 14.999999999999998 12.999999999999998 11.999999999999998 297 14.999999999999998 18 23 10.999999999999998 12.000000000000002 170 12.999999999999998 10.999999999999998
leaf_count=20 12 16 11 13 15 13 12 297 15 18 23 11 12 170 13 11
internal_value=-0.000253747 -0.000633463 0.00634173 -0.000111122 -0.000449249 0.00640469 -8.60043e-05 -0.000291324 -0.00261018 5.70698e-05 -0.00170199 0.000100817 0.000264101 0.000472665 0.00284838 -0.00295178
internal_weight=682 651 31 635 610 25 595 583 82 67 41 501 490 467 26 23
internal_count=682 651 31 635 610 25 595 583 82 67 41 501 490 467 26 23
is_linear=0
shrinkage=0.0529975


Tree=131
num_leaves=17
num_cat=0
split_feature=29 19 37 29 29 19 2 29 9 3 7 19 29 30 10 3
split_gain=0.59237 0.934428 0.853092 0.537815 0.182962 0.457282 0.220186 0.136676 0.289549 0.0865721 0.0646877 0.0580273 0.0707604 0.0614985 0.0536335 0.00142251
threshold=1.9619634837178215 0.76820330720288033 0.89076764624781191 0.88506091518751828 -0.8996447736816684 -1.0115814289029357 -0.86234690720040097 0.48941511938534971 -0.5026159816992849 0.01970888369155287 0.92527362379002287 0.39561195406200306 -0.091619975263779255 1.100154062415069 1.0000000180025095e-35 -0.41572870490947705
decision_type=2 2 2 2 2 2 2 2 2 2 2 2 2 2 2 2
left_child=1 3 -3 4 6 -6 -1 11 -9 10 -10 13 -13 14 -7 -14
right_child=-2 2 -4 -5 5 7 -8 8 9 -11 -12 12 15 -15 -16 -17
leaf_value=0.0079507584046649375 -0.0097352667147248377 0.016991334271287191 -0.00038001169908653218 -0.008039650765992376 -0.0086491871863680382 0.0004981342536704062 -1.3707442693730007e-06 -0.0073090677759955732 0.0040033175367956697 -0.0021639040170599879 -0.00044465173094759109 0.0045035958181429987 -4.7003795373377048e-05 0.0026508610156304323 -0.00062344302413583298 0.00041265275063463827
leaf_weight=11.000000000000002 11.999999999999998 11.000000000000002 12.999999999999998 19 11.999999999999998 213 19 15.999999999999998 13.000000000000002 19 10.999999999999998 12.999999999999998 11.000000000000002 18 253 18
leaf_count=11 12 11 13 19 12 213 19 16 13 19 11 13 11 18 253 18
internal_value=-0.00024651 0 0.00915403 -0.000412558 -9.64294e-05 -0.000325275 0.00355912 -5.66849e-05 -0.00235946 8.81771e-06 0.00205046 0.000212166 0.00197214 2.29211e-05 -9.61771e-05 6.05386e-05
internal_weight=682 670 24 646 627 597 30 585 59 43 24 526 42 484 466 29
internal_count=682 670 24 646 627 597 30 585 59 43 24 526 42 484 466 29
is_linear=0
shrinkage=0.0529975


Tree=132
num_leaves=18
num_cat=0
split_feature=17 29 19 39 29 19 3 29 28 29 2 19 47 8 13 13 12
split_gain=0.57851 1.58966 1.58154 0.4716 0.693456 0.517452 0.253962 0.227345 0.209871 0.660332 0.132666 0.117711 0.0993321 0.0903646 0.100977 0.0717677 0.0325965
threshold=-1.39396473237739 1.1860756444830016 0.50703029617112583 -1.0567165156606251 0.80607140098567553 0.038850972537908417 1.5080488381721218 -0.56712000422873976 -0.59219080463487817 0.05507566239322146 -0.43480349281474723 0.79929482605924529 -0.30120535152330996 0.81385000754121084 0.15725345852014441 -0.95707784512977445 1.1282644457997162
decision_type=2 2 2 2 2 2 2 2 2 2 2 2 2 2 2 2 2
left_child=2 3 -1 5 6 -2 8 -8 9 10 15 13 -12 14 -10 -5 -15
right_child=1 -3 -4 4 -6 -7 7 -9 11 -11 12 -13 -14 16 -16 -17 -18
leaf_value=-0.002834438959811138 -0.0012734248084543601 -0.014614852205921727 0.018240795970467266 0.0045101180080007594 -0.0099081468512914501 0.011783597397540273 0.0086675130522791532 0 -0.000151978136419357 -0.01096382297473996 0.001081640711565576 -0.0042911939033872986 -0.0040686828223009414 -0.0028705837781907153 0.0014820605661046689 0 0
leaf_weight=20.000000000000004 12.000000000000002 15.999999999999998 10.999999999999998 13.000000000000002 14.999999999999998 12.999999999999998 11.000000000000002 19 281 14.999999999999998 10.999999999999998 10.999999999999998 21 28 158 15.999999999999998 10.999999999999998
leaf_count=20 12 16 11 13 15 13 11 19 281 15 11 11 21 28 158 16 11
internal_value=-0.000234699 -0.000605505 0.00619947 -0.0001082 -0.000438777 0.00625699 -9.1955e-05 0.00421103 -0.000374488 -0.00285677 0 2.713e-05 -0.00222314 0.000192871 0.000432477 0.00229815 -0.00204722
internal_weight=682 651 31 635 610 25 595 30 565 76 61 489 32 478 439 29 39
internal_count=682 651 31 635 610 25 595 30 565 76 61 489 32 478 439 29 39
is_linear=0
shrinkage=0.0529975


Tree=133
num_leaves=25
num_cat=0
split_feature=39 19 29 29 28 19 1 13 10 39 29 13 30 7 53 47 12 39 19 30 29 17 1 5
split_gain=0.555811 1.13118 0.630931 0.166585 0.720397 0.259445 0.0897254 0.115678 0.083951 0.122866 0.133267 0.0933392 0.101305 0.0797059 0.0752929 0.0539003 0.0414349 0.0352141 0.0432093 0.0273971 0.025919 0.0168474 0.0152048 0.00480936
threshold=-1.1840427946005181 0.86932162594016515 0.88506091518751828 -0.26489013004416756 -0.73336927873141533 -0.89853941475979127 -0.015445653369820173 -0.89684372060815731 1.069344906450419 -0.82078362726012033 0.50500426577237711 0.74955568298271402 -0.2184961416748705 0.74368839850664092 1.0000000180025095e-35 0.25587139353132682 0.04666022323074364 1.8052108790954289 -0.59773785705581195 0.28707376989685612 -0.30458813288010861 0.30771385976447713 0.023820402542507821 -0.80108974281624157
decision_type=2 2 2 2 2 2 2 2 2 2 2 2 2 2 2 2 2 2 2 2 2 2 2 2
left_child=-1 2 3 5 -5 -2 17 16 9 11 19 13 -13 -6 -9 23 -8 18 -7 -11 -20 -16 -17 -10
right_child=1 -3 -4 4 8 6 7 14 15 10 -12 12 -14 -15 21 22 -18 -19 20 -21 -22 -23 -24 -25
leaf_value=-0.0094172265991496699 0.0059526920505639149 0.010652322822559825 -0.0090434360143864089 -0.010890190411547668 0.00095960839500355128 -0.0019537320915962138 0.00057903058599907632 0.0055146290304806979 -0.0047663566063234197 0.00011011497300744853 -0.0051907265814184686 0.0028412028584181128 -0.0020186178616127793 0.0052565632398819334 0.0017835529990651061 0.00085454597986632942 -0.0027098526120134365 -0.0021272761472211368 0.00072477184783348444 -0.0012177922536053011 -0.0012809359862115156 -9.6609687780093277e-05 -0.0013188872248049315 -0.00096703878484067176
leaf_weight=11.999999999999998 20 21 17 12.999999999999998 41 21 19.000000000000004 18 12.000000000000002 145 10.999999999999998 11.999999999999998 29 19 23 12.000000000000002 10.999999999999998 21 105 52 13.999999999999998 11.999999999999998 10.999999999999998 10.999999999999998
leaf_count=12 20 21 17 13 41 21 19 18 12 145 11 12 29 19 23 12 11 21 105 52 14 12 11 11
internal_value=-0.000225398 1.09744e-05 -0.000417057 -9.12543e-05 -0.000824484 0.000900566 0.00032567 0.00169361 -0.000261762 4.68453e-05 -0.000664611 0.00153244 -0.000266579 0.00278012 0.00309018 -0.00223546 -0.000683385 -0.000373207 0 -0.00023161 0.000382797 0.00104871 -1.82552e-06 -0.00376592
internal_weight=682 670 649 632 368 264 244 83 355 309 208 101 41 60 53 46 30 161 140 197 119 35 23 23
internal_count=682 670 649 632 368 264 244 83 355 309 208 101 41 60 53 46 30 161 140 197 119 35 23 23
is_linear=0
shrinkage=0.0529975


Tree=134
num_leaves=22
num_cat=0
split_feature=13 27 37 27 30 30 30 7 37 39 31 7 39 2 15 13 26 9 31 0 45
split_gain=0.542014 0.691168 1.4439 0.350063 0.205719 0.199631 0.198465 0.336814 0.191446 0.0883924 0.199074 0.311583 0.111638 0.0826788 0.122099 0.0893725 0.0428219 0.0391176 0.050849 0.0141704 0.00778586
threshold=1.9943942564294705 0.51248132294285587 -0.80708230617037946 0.98085823280515994 1.2754480605365839 1.0475394789916936 0.80176545848547709 -0.19360372307643334 1.6207810849854718 -0.94932312051585133 0.077428551066899443 0.955991547716876 -0.90172138751055098 -1.0519583573783546 1.2152080743218652 -0.063604998059118803 -0.36227066447534323 -0.93666255318626823 -0.6823153798997309 -0.24141282534617778 0.16620890520105805
decision_type=2 2 2 2 2 2 2 2 2 2 2 2 2 2 2 2 2 2 2 2 2
left_child=1 4 -3 8 5 6 9 -8 20 10 17 -12 16 14 -14 -15 -11 -1 -19 -9 -4
right_child=-2 2 3 -5 -6 -7 7 19 -10 12 11 -13 13 15 -16 -17 -18 18 -20 -21 -22
leaf_value=0.0025015588589329912 -0.0095696446304880771 0.015550140140843147 -0.0012670447710737389 -0.0067773699184525858 -0.0051004264607105217 0.0040977809209991967 -0.009075702389086426 0.0011101964403392537 0.0065966772362663342 0 -0.010015142720758268 0 -0.0059041657247861264 -0.00058086821455922489 0 0.0010579702391121861 0.0040032489779170235 -0.0026937949639262268 0.00095403723752431123 -0.00090542238418024157 8.6204535604662147e-05
leaf_weight=10.999999999999998 10.999999999999998 18 11.000000000000002 10.999999999999998 21 21 13.999999999999998 11.000000000000002 10.999999999999998 12.999999999999998 11.000000000000002 17 10.999999999999998 238 27 145 20 11.999999999999998 18.000000000000004 17 12.999999999999998
leaf_count=11 11 18 11 11 21 21 14 11 11 13 11 17 11 238 27 145 20 12 18 17 13
internal_value=-0.000222736 3.57911e-06 0.00500281 -0.000307408 -0.00055591 -0.000331241 -0.000549396 -0.00382182 0.00224952 -0.000233055 -0.00192043 -0.00494001 2.99044e-05 -0.000203186 -0.00238155 2.83686e-05 0.00275667 0.00036029 -0.000516732 0 -0.000430484
internal_weight=682 671 64 46 607 586 565 42 35 523 69 28 454 421 38 383 33 41 30 28 24
internal_count=682 671 64 46 607 586 565 42 35 523 69 28 454 421 38 383 33 41 30 28 24
is_linear=0
shrinkage=0.0529975


Tree=135
num_leaves=22
num_cat=0
split_feature=29 28 46 29 28 8 29 28 30 3 13 12 39 29 28 5 47 5 28 29 33
split_gain=0.548104 0.824856 0.812014 0.45689 1.19941 0.235941 0.183542 0.154711 0.121305 0.0595341 0.0570281 0.127514 0.103373 0.0832431 0.0811013 0.0667743 0.064276 0.0461325 0.036558 0.0345456 0.018276
threshold=1.9619634837178215 0.77016719066566253 0.47595447567225796 0.54135198810054252 -0.14887825723924289 -1.0196181164111302 0.82104171692581018 -1.107194503700726 1.100154062415069 -0.094504254302159932 -0.063604998059118803 -0.057577921348720376 1.7707609656411838 -0.78683876339098224 -0.35540440111089461 -1.182706140223132 0.46477517292681564 -1.3658485378714322 -0.73336927873141533 0.11842374060933906 -0.79263677764725682
decision_type=2 2 2 2 2 2 2 2 2 2 2 2 2 2 2 2 2 2 2 2 2
left_child=1 3 -3 7 -5 -6 9 -1 10 -7 11 12 19 -12 18 17 -17 -15 -13 -9 -16
right_child=-2 2 -4 4 5 6 -8 8 -10 -11 13 14 -14 15 20 16 -18 -19 -20 -21 -22
leaf_value=-0.0045611868512653517 -0.0093463137351984041 0.015794601389568334 -0.0010404770134955351 -0.016661281488978531 -0.0045085531682015354 0.0016773941960323377 0.0062024876470987257 0.00048489947096486726 0.0037667582172813117 -0.0024213059768974383 0.0040099601980371335 0 0.0043146448239349969 0 -0.0015378052109470285 0.0015085657760295767 -0.00036812879619728769 -0.0033876999510950635 -0.0036367445740409683 -0.0012922571031485147 0.00031698662497260514
leaf_weight=12.999999999999998 11.999999999999998 12.000000000000002 11.999999999999998 10.999999999999998 20 10.999999999999998 10.999999999999998 123 21 16.000000000000004 13.999999999999998 12.999999999999998 11.999999999999998 31 13.999999999999998 127 72 12.999999999999998 46 34 44
leaf_count=13 12 12 12 11 20 11 11 123 21 16 14 13 12 31 14 127 72 13 46 34 44
internal_value=-0.000218193 1.64198e-05 0.00861892 -0.000368794 -0.00426312 -0.000461774 0.00183355 0.000123983 0.000291076 -0.000538413 0.000104261 -0.000391795 0.000505798 0.000679196 -0.00170655 0.000367301 0.000804582 -0.00133 -0.00300013 2.38042e-05 -0.000123722
internal_weight=682 670 24 646 69 58 38 577 564 27 543 286 169 257 117 243 199 44 59 157 58
internal_count=682 670 24 646 69 58 38 577 564 27 543 286 169 257 117 243 199 44 59 157 58
is_linear=0
shrinkage=0.0529975


Tree=136
num_leaves=13
num_cat=0
split_feature=17 19 19 19 29 30 26 26 30 10 30 28
split_gain=0.541809 1.52015 1.43309 0.351849 0.438764 0.809506 0.271696 0.232638 0.105324 0.0787363 0.132454 0.0811978
threshold=-1.39396473237739 0.98085823280515616 0.50703029617112583 0.76820330720288033 0.67203377572161016 0.24466002753205443 0.6264461824940194 -1.877632260629583 1.3147074542432582 -1.9443824999340822 1.100154062415069 -0.59219080463487817
decision_type=2 2 2 2 2 2 2 2 2 2 2 2
left_child=2 3 -1 4 7 6 -6 -2 9 -9 11 -11
right_child=1 -3 -4 -5 5 -7 -8 8 -10 10 -12 -13
leaf_value=-0.0025956234226822868 0.0060351689876392443 -0.013959256413587855 0.017471098287200001 0.0074353373365050037 0.0053093130687136515 -0.014050341316362592 -0.0034403874739081454 -0.0031962866884626281 -0.003679166115036298 -0.0017607922250221656 0.0045329322051907237 0.00026268370541126477
leaf_weight=20.000000000000004 11.999999999999998 17 10.999999999999998 10.999999999999998 11.000000000000002 11.999999999999998 18 13.999999999999998 15.999999999999998 57 12.999999999999998 470
leaf_count=20 12 17 11 11 11 12 18 14 16 57 13 470
internal_value=-0.000212722 -0.000572029 0.00601368 -7.47249e-05 -0.00028805 -0.00521685 1.99351e-05 9.69502e-05 -7.74664e-05 5.23636e-05 0.000183559 1.33739e-05
internal_weight=682 651 31 634 623 41 29 582 570 554 540 527
internal_count=682 651 31 634 623 41 29 582 570 554 540 527
is_linear=0
shrinkage=0.0529975


Tree=137
num_leaves=27
num_cat=0
split_feature=29 19 29 30 9 29 30 7 29 28 47 29 3 9 19 31 14 37 13 37 28 13 37 46 3 8
split_gain=0.507436 0.772898 0.259664 1.11559 0.295458 0.628098 0.203391 0.358262 0.164061 0.114222 0.165969 0.0970415 0.0735131 0.074514 0.0651783 0.0636638 0.0543444 0.172914 0.0780008 0.119285 0.0540121 0.0348023 0.0672384 0.0311546 0.0198868 0.0125976
threshold=1.9619634837178215 0.86932162594016515 0.14814661164550594 0.81629638730175846 1.3692055021107881 0.88506091518751828 1.0659237897487761 0.37521745344448176 0.60288618035152008 -0.59219080463487817 0.046967614135837991 -0.51239515180929074 -0.74409147664140096 0.0093833319795954082 0.072858400087910433 -0.67164807106111601 -0.7143282011559936 2.0509306466212647 1.070804347098006 2.0509306466212647 -0.43737267281356551 -0.39489268292801361 -0.83396665377261525 -0.16873460557596429 -0.033828524743000084 -0.77493569153528463
decision_type=2 2 2 2 2 2 2 2 2 2 2 2 2 2 2 2 2 2 2 2 2 2 2 2 2 2
left_child=1 2 6 4 5 12 9 -8 -6 10 11 -1 13 -4 20 -12 18 21 19 23 -14 24 -23 -11 -18 -16
right_child=-2 -3 3 -5 8 -7 7 -9 -10 16 15 -13 14 -15 25 -17 17 -19 -20 -21 -22 22 -24 -25 -26 -27
leaf_value=-0.00015893264280015854 -0.0089855208566916207 0.010042683685831673 -0.00048817435563313147 -0.014930680747620636 -5.2170917165535919e-05 -0.010592638306521776 0.0085662079000909629 -0.0010554505237676563 0.0073849340451171861 -0.0013803191750507403 0.0028805415083353243 -0.0068779069776154517 8.2187515275557565e-05 0.0039118507692390576 -0.0007129504065403841 -0.0014300797459522168 -0.00099021989872917406 0.006005859286147607 0.0025791396274061594 -0.004567342479293089 -0.0032732864528129098 0.002898971653274848 0.00019148970373224583 0.00047001996104560748 0.00030515316322910651 0.0007613857260578053
leaf_weight=12.000000000000002 11.999999999999998 14.999999999999998 15.000000000000002 10.999999999999998 12.000000000000002 12.999999999999998 15.999999999999998 17 11.999999999999998 33 13.000000000000002 14.999999999999998 13.999999999999998 14.999999999999998 15.999999999999998 11.999999999999998 50 10.999999999999998 12.999999999999998 15.999999999999998 34 32 104 63 66 40
leaf_count=12 12 15 15 11 12 13 16 17 12 33 13 15 14 15 16 12 50 11 13 16 34 32 104 63 66 40
internal_value=-0.000202204 2.30874e-05 -0.000284825 -0.00195782 -0.000606291 -0.00156392 0.000360777 0.00403036 0.00416646 1.94092e-05 -0.00216001 -0.00467494 -0.00022192 0.00180296 -0.000935966 0.000709727 0.000357652 0.00079474 -0.000502944 -0.00103277 -0.00226481 0.000405895 0.000973252 -0.00014131 -0.000217172 0.00019927
internal_weight=682 670 655 182 171 147 473 33 24 440 52 27 134 30 104 25 388 263 125 112 48 252 136 96 116 56
internal_count=682 670 655 182 171 147 473 33 24 440 52 27 134 30 104 25 388 263 125 112 48 252 136 96 116 56
is_linear=0
shrinkage=0.0529975


Tree=138
num_leaves=19
num_cat=0
split_feature=17 19 19 19 26 19 47 45 19 25 19 19 13 26 31 45 5 8
split_gain=0.510939 1.42332 1.33406 0.317484 0.242359 0.239137 0.661144 0.175423 0.273221 0.164087 0.154236 0.140105 0.0773863 0.131601 0.0636608 0.0383811 0.0662195 0.0565738
threshold=-1.39396473237739 0.98085823280515616 0.50703029617112583 0.76820330720288033 -1.877632260629583 -0.31183434170219121 0.60404435919047483 -0.17351479114396184 -0.89269806438786092 1.9254958894502503 -0.68484728565790143 -0.89269806438786092 1.1109604301124176 0.27575802692537538 0.73806589905872177 -0.39999725537397507 0.98739173368619781 0.3347643421965813
decision_type=2 2 2 2 2 2 2 2 2 2 2 2 2 2 2 2 2 2
left_child=2 3 -1 4 -2 6 7 8 -6 12 -10 -9 15 -14 -13 16 -7 -17
right_child=1 -3 -4 -5 5 9 -8 11 10 -11 -12 14 13 -15 -16 17 -18 -19
leaf_value=-0.0024570165318363144 0.0057721352317495435 -0.013498845995511025 0.016903428788615008 0.0070697617554041836 -0.0085581052919022297 0.0015993857107146792 -0.010028252607190126 0.0051447958684069399 0.0031577251664711057 -0.0042541863487152477 -0.0020726676807268653 -0.0007739659728712954 -0.00015243829328878165 0.0061008741952921089 0.0026327596716600346 0.00027232584938526277 -0.00092834623802166046 -0.0017377312969295419
leaf_weight=20.000000000000004 11.999999999999998 17 10.999999999999998 10.999999999999998 10.999999999999998 107 19 10.999999999999998 13.999999999999998 14.999999999999998 64 73 15.000000000000002 11.999999999999998 12.999999999999998 183 31 43
leaf_count=20 12 17 11 11 11 107 19 11 14 15 64 73 15 12 13 183 31 43
internal_value=-0.000195837 -0.000545146 0.00585028 -6.36709e-05 -0.000266924 -0.000451796 -0.00190405 -0.000750499 -0.0023937 0.000281572 -0.000892318 0.000740953 0.000534801 0.00301877 -4.50333e-05 0.000285734 0.000968043 -0.000115042
internal_weight=682 651 31 634 623 611 205 186 89 406 78 97 391 27 86 364 138 226
internal_count=682 651 31 634 623 611 205 186 89 406 78 97 391 27 86 364 138 226
is_linear=0
shrinkage=0.0529975


Tree=139
num_leaves=17
num_cat=0
split_feature=39 19 29 29 19 29 28 39 13 39 30 9 19 5 39 53
split_gain=0.507621 1.00987 0.494964 0.167055 0.385001 0.0931184 0.241401 0.0953194 0.109561 0.0727091 0.0766267 0.0531772 0.0627452 0.048764 0.0436647 0.0160242
threshold=-1.1840427946005181 0.86932162594016515 0.88506091518751828 -1.0034921893675615 -1.0115814289029357 0.23203446132356126 -0.48076603747191288 -0.77798543535057851 0.74955568298271402 -0.9002788601712034 0.3394178558886094 0.84771711489430512 -0.78831803872658812 -0.012559061107562601 -0.99410573794263779 1.0000000180025095e-35
decision_type=2 2 2 2 2 2 2 2 2 2 2 2 2 2 2 2
left_child=-1 2 3 -2 -5 9 -7 8 -8 10 14 12 -11 -13 -6 -9
right_child=1 -3 -4 4 5 6 7 15 -10 11 -12 13 -14 -15 -16 -17
leaf_value=-0.0089692637381188732 0.0042510564520798081 0.010095777292650061 -0.008003054557322746 -0.0078897116291001424 0.0020433887736640843 -0.0071964013427736513 0.0020608120946522266 -0.00038519637394743625 -0.0016051984628831335 -0.0029099933481340893 0.004938156713080866 0.0024675675851745173 0 0 -0.0015597347886436778 -0.0036404614468361052
leaf_weight=11.999999999999998 18 21 17 11.999999999999998 12.999999999999998 10.999999999999998 51 14.000000000000002 31 15.999999999999998 12.999999999999998 40 348 37 12.000000000000002 15.999999999999998
leaf_count=12 18 21 17 12 13 11 51 14 31 16 13 40 348 37 12 16
internal_value=-0.000183521 4.16685e-05 -0.000362441 -7.26824e-05 -0.000250592 -1.05178e-05 -0.00128678 -0.000310958 0.000580565 0.000314663 0.00237644 9.18819e-05 -0.000164666 0.00131309 0.000121394 -0.0026326
internal_weight=682 670 649 632 614 602 123 112 82 479 38 441 364 77 25 30
internal_count=682 670 649 632 614 602 123 112 82 479 38 441 364 77 25 30
is_linear=0
shrinkage=0.0529975


Tree=140
num_leaves=20
num_cat=0
split_feature=7 29 39 30 29 29 19 30 25 25 39 43 15 13 13 19 19 29 8
split_gain=0.475546 0.936166 0.743403 1.22251 0.565865 0.214827 0.607831 0.219896 0.153226 0.122891 0.0919958 0.116565 0.107382 0.0773068 0.121005 0.0735563 0.0436612 0.0390877 0.0182691
threshold=-2.3273358155400112 1.6259206114699825 -1.0567165156606251 -0.2184961416748705 0.88506091518751828 -0.013061300622848169 -0.65023692210784045 -1.0937516901648248 -1.2685602186376721 -1.4084653720296638 -0.48469126969849824 1.0000000180025095e-35 0.26561264658431655 0.15725345852014441 0.74955568298271402 -0.64259766935448892 -0.086845134959508172 -0.82759195732530222 0.82814850142460628
decision_type=2 2 2 2 2 2 2 2 2 2 2 2 2 2 2 2 2 2 2
left_child=-1 2 3 -2 5 8 -7 -8 9 -4 12 -12 15 16 -15 -10 -9 -13 -14
right_child=1 -3 4 -5 -6 6 7 13 10 -11 11 17 18 14 -16 -17 -18 -19 -20
leaf_value=0.007856046572891991 0.016687882612095865 -0.012358031270079813 0 -0.0014286247412477078 -0.0098147643742877242 -0.010935390673181234 -0.0061532647184413015 -0.0030139166041270185 0.0057783008770626717 0.0064021363589390591 -0.0040891880582166213 -0.0015214939679347201 0.00017048687855113662 0.0020040612033244026 -0.0015722899802916746 0.0011855073061803314 -0.00036690396256750017 0.00026824818835802634 -0.0019820447256361099
leaf_weight=13.999999999999998 12.999999999999998 11.999999999999998 12.000000000000002 20 11.999999999999998 11.999999999999998 12.999999999999998 23 13.999999999999998 14.999999999999998 14.999999999999998 34 14.000000000000002 72 33 39 70 233 11.999999999999998
leaf_count=14 13 12 12 20 12 12 13 23 14 15 15 34 14 72 33 39 70 233 12
internal_value=-0.000182512 -0.000429743 -9.1028e-05 0.00699772 -0.000540752 -0.000253674 -0.0015499 -0.000696507 0.000485846 0.00395227 0.000147211 -0.000286817 0.00168964 -0.000133654 0.00079292 0.00298109 -0.001235 0 -0.000789961
internal_weight=682 668 656 33 623 611 223 211 388 27 361 282 79 198 105 53 93 267 26
internal_count=682 668 656 33 623 611 223 211 388 27 361 282 79 198 105 53 93 267 26
is_linear=0
shrinkage=0.0529975


Tree=141
num_leaves=19
num_cat=0
split_feature=30 29 39 29 19 30 16 5 19 8 4 29 12 13 19 5 30 25
split_gain=0.481026 0.955794 0.320236 0.261574 0.627035 0.220969 0.170145 0.362938 0.398581 0.21517 0.190356 0.0948576 0.0801055 0.111514 0.0962551 0.0532811 0.0408339 0.0115839
threshold=-1.4744917322181113 1.0555066932308372 -1.0567165156606251 0.48941511938534971 -0.17649589006198593 -0.19753209139108072 1.0961518694790355 -1.1454977063353586 -0.73439517079375893 1.0153674757159228 -1.2384591144343375 0.58730087529752451 0.20786826462582295 -1.0976241356802146 -0.64259766935448892 0.67733158508103164 -0.43107135001781249 -0.69768954484628909
decision_type=2 2 2 2 2 2 2 2 2 2 2 2 2 2 2 2 2 2
left_child=-1 2 5 6 -5 -2 7 8 -4 12 16 -6 14 -14 -9 -13 -8 -10
right_child=1 -3 3 4 11 -7 10 9 17 -11 -12 15 13 -15 -16 -17 -18 -19
leaf_value=0.0070232838542340246 0.0092139728407130191 -0.011873536556970456 0.010994580159564466 -0.011969034491791417 -0.0028631390530328674 0 -0.0020000303105507412 0.0038835875872942423 -0.00043530257874750271 -0.0059742377854207383 -0.0067884725224513541 -0.00065397477793511388 -0.0044292615004503533 -0.0002445705697737727 0.0003170713074417352 0.003097598415679856 0.0011833834363926292 0.0013176398210268726
leaf_weight=19 11.000000000000002 13.999999999999998 11.999999999999998 11.999999999999998 17 13.999999999999998 13.999999999999998 18 12.999999999999998 10.999999999999998 14.999999999999998 12.000000000000002 14.999999999999998 162 275 17 19 12.000000000000002
leaf_count=19 11 14 12 12 17 14 14 18 13 11 15 12 15 162 275 17 19 12
internal_value=-0.000180175 -0.000458151 -9.47926e-05 -0.000363057 -0.0035746 0.00515063 0 0.000291956 0.00496103 -0.000109525 -0.00283253 -0.000122652 8.65927e-05 -0.000770891 0.000633027 0.00149958 -8.79166e-05 0.000272901
internal_weight=682 663 649 624 58 25 566 518 37 481 48 46 470 177 293 29 33 25
internal_count=682 663 649 624 58 25 566 518 37 481 48 46 470 177 293 29 33 25
is_linear=0
shrinkage=0.0529975


Tree=142
num_leaves=28
num_cat=0
split_feature=29 19 29 30 9 29 30 7 29 28 47 31 3 9 4 29 6 6 13 8 15 45 3 13 43 9 10
split_gain=0.459791 0.684901 0.204136 0.963115 0.270929 0.499626 0.18156 0.318853 0.153549 0.10458 0.145548 0.0804762 0.0606113 0.0667142 0.0506887 0.0504961 0.0460398 0.0477215 0.0458531 0.0601248 0.0494268 0.041118 0.0389124 0.0319279 0.058381 0.0209395 0.0197254
threshold=1.9619634837178215 0.86932162594016515 0.14814661164550594 0.81629638730175846 1.3692055021107881 0.88506091518751828 1.0659237897487761 0.37521745344448176 0.60288618035152008 -0.59219080463487817 -0.23157075839148036 -0.83666557628760851 -0.74409147664140096 0.0093833319795954082 -0.37328273086685482 -0.72657642365106512 -0.28351052274466554 -0.37332319414465487 1.070804347098006 0.81385000754121084 0.67100945396799161 0.84565629789109786 -0.080227612052945527 -0.39489268292801361 1.0000000180025095e-35 0.98250687581465412 0.38228872467839381
decision_type=2 2 2 2 2 2 2 2 2 2 2 2 2 2 2 2 2 2 2 2 2 2 2 2 2 2 2
left_child=1 2 6 4 5 12 9 -8 -6 10 -1 -12 13 -4 18 -16 17 -14 19 20 -11 -21 -18 25 -25 -17 -13
right_child=-2 -3 3 -5 8 -7 7 -9 -10 14 11 26 16 -15 15 23 22 -19 -20 21 -22 -23 -24 24 -26 -27 -28
leaf_value=-0.0059019995070880996 -0.008537276973239109 0.0094700149258298682 -0.00050603666846396275 -0.013786505188700279 0 -0.0094556638226365886 0.0080680751857506259 -0.00099344208993975397 0.0071975025228559536 -0.0007137642075574701 0.0025465362500347146 0 -0.00064393275823187708 0.0036390266410212565 0.0037351979938220251 -0.0005129677728936083 0 0.0025510304175211671 0.0017715553535090399 -0.00055184006798587968 0.001572837619049926 -0.0043886837578942083 -0.0029658091495806905 0.003002542253834518 0.0002716809091522234 0.0012985292961086212 -0.0027461645596161743
leaf_weight=12.999999999999998 11.999999999999998 14.999999999999998 15.000000000000002 10.999999999999998 12.000000000000002 12.999999999999998 15.999999999999998 17 11.999999999999998 82 12.999999999999998 11.000000000000002 39 14.999999999999998 10.999999999999998 79 22.999999999999996 11.999999999999998 18 27 32 11.999999999999998 30.000000000000004 29 82 15.999999999999998 14.999999999999998
leaf_count=13 12 15 15 11 12 13 16 17 12 82 13 11 39 15 11 79 23 12 18 27 32 12 30 29 82 16 15
internal_value=-0.000175642 3.81879e-05 -0.000251192 -0.00173525 -0.000479751 -0.00140192 0.000319832 0.00378595 0.00408684 0 -0.00208862 -4.51355e-05 -0.000199155 0.00163341 0.000321557 0.000858319 -0.000851506 0.000174574 -0.000326136 -0.000674358 0 -0.00231516 -0.00187464 0.000570445 0.00116217 -7.97334e-05 -0.00179366
internal_weight=682 670 655 182 171 147 473 33 24 440 52 39 134 30 388 217 104 51 171 153 114 39 53 206 111 95 26
internal_count=682 670 655 182 171 147 473 33 24 440 52 39 134 30 388 217 104 51 171 153 114 39 53 206 111 95 26
is_linear=0
shrinkage=0.0529975


Tree=143
num_leaves=15
num_cat=0
split_feature=39 19 29 29 19 29 9 12 9 37 30 9 39 19
split_gain=0.455521 0.89248 0.381002 0.147288 0.371138 0.0823605 0.199166 0.0861126 0.0499868 0.051822 0.0495801 0.0471035 0.0534331 0.0132274
threshold=-1.1840427946005181 0.86932162594016515 0.88506091518751828 -1.0034921893675615 -1.0115814289029357 0.48941511938534971 -0.5026159816992849 -0.46028045602417411 0.50903300992858969 1.8606721866669722 1.0170821779447416 0.18179596842508713 -0.9002788601712034 0.035125090602808169
decision_type=2 2 2 2 2 2 2 2 2 2 2 2 2 2
left_child=-1 2 3 -2 -5 8 -7 -8 11 10 -10 12 -6 -13
right_child=1 -3 -4 4 5 6 7 -9 9 -11 -12 13 -14 -15
leaf_value=-0.0084931219724913298 0.0039772409499783416 0.0094946710200521523 -0.0070414944290062538 -0.0077489582755621766 0.0018630581083047995 -0.005786511578193005 -0.0017720930502422071 0.0024730774215689041 4.3913204953281578e-05 0.0038502814463733247 0.0026276186691583242 -0.0016392683970371559 -9.0389020110543864e-05 0
leaf_weight=11.999999999999998 18 21 17 11.999999999999998 39 17 21 20 120 10.999999999999998 21 56 273 24
leaf_count=12 18 21 17 12 39 17 21 20 120 11 21 56 273 24
internal_value=-0.000170182 4.25692e-05 -0.000336736 -8.09519e-05 -0.000248503 -1.25545e-05 -0.00182226 0.000201427 0.000185456 0.000986601 0.000567727 -0.000117827 0.000162354 -0.00122688
internal_weight=682 670 649 632 614 602 58 41 544 152 141 392 312 80
internal_count=682 670 649 632 614 602 58 41 544 152 141 392 312 80
is_linear=0
shrinkage=0.0529975


Tree=144
num_leaves=14
num_cat=0
split_feature=7 8 30 30 0 19 3 29 53 30 10 29 53
split_gain=0.437159 0.864588 1.88358 0.897362 0.773348 0.309523 0.539622 0.356452 0.709283 0.0929051 0.0619778 0.0670121 0.0355275
threshold=-2.3273358155400112 1.7394377131769621 -1.391025136749735 -1.0937516901648248 -1.4392107334035671 0.51248132294284898 -0.094504254302159932 0.67203377572161016 0.35627397084393697 1.4203252253088012 -1.9443824999340822 -0.91986556057814772 1.0000000180025095e-35
decision_type=2 2 2 2 2 2 2 2 2 2 2 2 2
left_child=-1 2 -2 -4 -3 7 12 9 -9 10 -5 -12 -7
right_child=1 4 3 5 -6 6 -8 8 -10 -11 11 -13 -14
leaf_value=0.0075421080923323029 0.01690937821542059 -0.016644012952375234 -0.012147097101191731 -0.0031167893641340216 0.00025849541304793898 -0.0019701187137632806 0.011560180764802806 0.00074847216442819049 -0.013114840109310223 -0.00384229134005536 -0.0026432779137561921 0.00026667037330032137 0.0011733647769369387
leaf_weight=13.999999999999998 11.999999999999998 11.000000000000002 11.999999999999998 10.999999999999998 11.999999999999998 13.000000000000002 10.999999999999998 21 11.999999999999998 11.999999999999998 17 510 13.999999999999998
leaf_count=14 12 11 12 11 12 13 11 21 12 12 17 510 14
internal_value=-0.00016473 -0.000402278 0 -0.000476043 -0.00935467 -0.000125361 0.00414851 -0.00045519 -0.00535509 -9.40496e-05 1.81463e-05 0.000131015 -0.000211461
internal_weight=682 668 645 633 23 621 38 583 33 550 538 527 27
internal_count=682 668 645 633 23 621 38 583 33 550 538 527 27
is_linear=0
shrinkage=0.0529975


Tree=145
num_leaves=27
num_cat=0
split_feature=17 30 19 3 19 29 29 21 47 8 12 12 13 19 29 53 14 12 39 39 39 26 31 29 30 14
split_gain=0.436078 1.37646 1.17205 0.25964 0.27542 1.21643 0.19748 0.542081 0.345785 0.135414 0.129972 0.100487 0.109633 0.0785335 0.0590493 0.054439 0.0336801 0.0320897 0.0738022 0.0628139 0.0223083 0.0428783 0.0285747 0.0277574 0.0256015 0.01112
threshold=-1.39396473237739 -1.367380808596151 0.50703029617112583 1.3170987480888836 -0.31183434170219121 0.47209431521368045 0.64608805788372303 1.5436312839947335 0.60404435919047483 1.0153674757159228 0.79812844919614834 0.20786826462582295 -1.0976241356802146 -0.64259766935448892 0.051608858368748442 1.0000000180025095e-35 -0.69744402377217407 1.5535127395682953 1.8332589020591132 -0.45644865865008072 -0.7385005568059213 0.86532909618089959 0.83542090259934432 0.50500426577237711 -0.22931034158353811 1.3054415183834178
decision_type=2 2 2 2 2 2 2 2 2 2 2 2 2 2 2 2 2 2 2 2 2 2 2 2 2 2
left_child=2 -2 -1 4 5 9 14 8 -8 11 -5 13 -13 -3 17 -14 -15 18 19 -6 21 24 25 -23 -16 -22
right_child=1 3 -4 10 6 -7 7 -9 -10 -11 -12 12 15 16 20 -17 -18 -19 -20 -21 22 23 -24 -25 -26 -27
leaf_value=-0.0023380552678554747 -0.013837944224714177 0.0038182467830651596 0.015790025835555849 0 0.0026135271322009655 -0.015549494859413033 0.011062097254569712 -0.0041548122505810732 0 -0.0045255350426755166 0.0061739315225272521 -0.004827130873316595 0.0012444438353488682 0.0018367699059643539 0.00031234152111848869 -0.0013474470970445264 -0.00077095022953120173 -0.0013975494751638782 0.0034322251977807372 -2.0648136798706504e-05 0.00010559944739716687 0.0029547589484658541 -0.0027328269772871039 0 -0.0017742060132196074 -0.0012411976339641102
leaf_weight=20.000000000000004 14.999999999999998 19 10.999999999999998 17 23 10.999999999999998 17.000000000000004 11.999999999999998 11.999999999999998 15.999999999999998 21 12.999999999999998 32 14.999999999999998 18 48 34 13.999999999999998 20 167 29 11.000000000000002 25 10.999999999999998 32 19
leaf_count=20 15 19 11 17 23 11 17 12 12 16 21 13 32 15 18 48 34 14 20 167 29 11 25 11 32 19
internal_value=-0.0001624 -0.000486035 0.00542237 -3.39432e-05 -0.000330619 -0.00198361 0.000428216 0.00366408 0.0072566 -0.00062047 0.00388479 -4.19986e-05 -0.00118359 0.00139429 0 -0.000214989 1.35586e-05 0.000550034 0.000747403 0.000332793 -0.000798482 -1.98163e-05 -0.00141826 0.00158604 -0.000945306 -0.000376789
internal_weight=682 651 31 636 598 188 410 41 29 177 38 161 93 68 369 80 49 224 210 190 145 72 73 22 50 48
internal_count=682 651 31 636 598 188 410 41 29 177 38 161 93 68 369 80 49 224 210 190 145 72 73 22 50 48
is_linear=0
shrinkage=0.0529975


Tree=146
num_leaves=15
num_cat=0
split_feature=39 19 29 29 19 47 51 29 25 2 0 10 47 45
split_gain=0.43018 0.797772 0.342294 0.139615 0.349005 0.173549 0.076986 0.11545 0.097537 0.0604835 0.0658169 0.0494814 0.0263115 0.0136528
threshold=-1.1840427946005181 0.86932162594016515 0.88506091518751828 -0.8996447736816684 -1.0115814289029357 0.18623680039949722 1.0000000180025095e-35 0.39048142773410505 -1.2685602186376721 -1.0519583573783546 1.7409925946291811 -0.39376643566464015 0.1166022072676676 0.61917383366108469
decision_type=2 2 2 2 2 2 2 2 2 2 2 2 2 2
left_child=-1 2 3 5 -5 -2 8 11 -6 -10 -11 13 -13 -8
right_child=1 -3 -4 4 6 -7 7 -9 9 10 -12 12 -14 -15
leaf_value=-0.0082454737718231728 0 0.008986195334901333 -0.0066633280260104772 -0.00753788202304689 0.0033676230901298924 0.0070278574544892468 0.0018754228344785772 -0.0049372408368267623 -0.002347798760387986 0.0004419401563720596 -0.0018475422105940097 -0.0020820808074743301 0 0
leaf_weight=11.999999999999998 19.000000000000004 21 17 11.999999999999998 21 10.999999999999998 18 13.999999999999998 21 394 32 37 39 13.999999999999998
leaf_count=12 19 21 17 12 21 11 18 14 21 394 32 37 39 14
internal_value=-0.000156876 4.95186e-05 -0.000308606 -6.57036e-05 -0.000265577 0.00312715 -3.15943e-05 -0.00119485 0.000268191 6.45106e-05 0.000230534 -0.000414263 -0.00117128 0.00110093
internal_weight=682 670 649 632 602 30 590 122 468 447 426 108 76 32
internal_count=682 670 649 632 602 30 590 122 468 447 426 108 76 32
is_linear=0
shrinkage=0.0529975


Tree=147
num_leaves=22
num_cat=0
split_feature=29 19 37 29 19 34 29 29 19 9 37 30 25 34 29 21 51 12 39 6 14
split_gain=0.421453 0.545257 0.82093 0.253147 0.816957 0.149436 0.17997 0.12178 0.343846 0.0429463 0.0428198 0.0433026 0.0404041 0.0727449 0.0624766 0.0592168 0.0514269 0.0410025 0.0279602 0.0244788 0.0175732
threshold=1.9619634837178215 0.76820330720288033 0.89076764624781191 0.5561357425748209 -0.11099870993473214 1.7413393664850771 0.68829317853210092 -1.0034921893675615 -1.0115814289029357 0.50903300992858969 1.8606721866669722 1.0170821779447416 -0.69526028039045051 -0.74915959264645526 -0.26489013004416756 -0.38973230984528623 1.0000000180025095e-35 0.74506793273672089 -0.9002788601712034 0.24313121069111285 0.011691426348246074
decision_type=2 2 2 2 2 2 2 2 2 2 2 2 2 2 2 2 2 2 2 2 2
left_child=1 3 -3 7 -5 6 20 -1 -9 12 11 19 13 16 17 -15 -10 -14 -16 -11 -6
right_child=-2 2 -4 4 5 -7 -8 8 9 10 -12 -13 14 15 18 -17 -18 -19 -20 -21 -22
leaf_value=0.0037940213097615865 -0.0081620241768593539 0.014821972444575969 -0.0017727156875003798 -0.013386777631969257 -0.0024621870913664897 -0.0039107578276595398 0.0047572640389448185 -0.0072715026291837598 0.00098238238500513364 0.00060161201312780425 0.0035187570525515295 0.0024547297041264422 0.0004351195511990676 -0.0046949932287135019 0.001077766444380034 -0.00057020817297967908 -0.001864594536593942 0.0030066868873271499 -0.00061340456065466637 -0.00089412218791992161 0
leaf_weight=18 11.999999999999998 11.000000000000002 12.999999999999998 10.999999999999998 11.000000000000002 13.999999999999998 19 11.999999999999998 54 83 10.999999999999998 21 69 14.999999999999998 25 31 19 24 158 40 10.999999999999998
leaf_count=18 12 11 13 11 11 14 19 12 54 83 11 21 69 15 25 31 19 24 158 40 11
internal_value=-0.000155902 4.82882e-05 0.00704286 -0.000263242 -0.00323023 0 0.00155678 9.20606e-05 -5.30128e-05 0.000168644 0.00090359 0.000524571 -0.000111534 -0.000914643 0.000222051 -0.0024359 6.76815e-05 0.00131123 -0.000318549 4.20961e-05 -0.0013847
internal_weight=682 670 24 646 66 55 41 580 562 550 155 144 395 119 276 46 73 93 183 123 22
internal_count=682 670 24 646 66 55 41 580 562 550 155 144 395 119 276 46 73 93 183 123 22
is_linear=0
shrinkage=0.0529975


Tree=148
num_leaves=16
num_cat=0
split_feature=17 19 19 19 29 53 1 3 19 28 45 0 19 5 17
split_gain=0.407988 1.32032 1.08739 0.255027 0.249032 0.568088 0.425957 0.171985 0.185045 0.116439 0.337997 0.0461738 0.0751894 0.0533718 0.052323
threshold=-1.39396473237739 0.98085823280515616 0.50703029617112583 0.76820330720288033 0.67203377572161016 0.35627397084393697 1.2751111534208766 1.5080488381721218 -0.69894649288888322 -0.78389879730128298 1.2986212263511245 1.7409925946291811 -0.69407060819862865 -0.50797408465712168 1.8637116030817829
decision_type=2 2 2 2 2 2 2 2 2 2 2 2 2 2 2
left_child=2 3 -1 4 7 6 -6 9 -9 10 -2 12 -11 -14 -13
right_child=1 -3 -4 -5 5 -7 -8 8 -10 11 -12 14 13 -15 -16
leaf_value=-0.0022218056794048894 -0.0072692203640817065 -0.012940334590976181 0.015235724245836418 0.0063926667587393552 0.0060982407801600524 -0.011004565988277782 -0.0048123054686781287 0.0074571342519821077 0 0.0032448590096320232 0.0025836028350899104 -0.0037778981886084943 -0.0008595037359722139 0.00039750064547665055 0
leaf_weight=20.000000000000004 16.000000000000004 17 10.999999999999998 10.999999999999998 14.000000000000002 12.999999999999998 13.999999999999998 12.000000000000002 19 15.999999999999998 11.999999999999998 11.999999999999998 122 353 20
leaf_count=20 16 17 11 11 14 13 14 12 19 16 12 12 122 353 20
internal_value=-0.000152092 -0.000465501 0.0052494 -1.97868e-06 -0.000185857 -0.003901 0.000550924 0.000101098 0.00360579 -0.000120237 -0.00313023 6.13618e-05 0.000209384 5.34375e-05 -0.00170064
internal_weight=682 651 31 634 623 41 28 582 31 551 28 523 491 475 32
internal_count=682 651 31 634 623 41 28 582 31 551 28 523 491 475 32
is_linear=0
shrinkage=0.0529975


Tree=149
num_leaves=18
num_cat=0
split_feature=29 19 30 9 29 30 30 30 10 29 9 26 19 19 10 29 44
split_gain=0.388506 0.519764 0.163393 0.153982 0.217396 0.314896 0.137951 0.11738 0.142863 0.102723 0.0774257 0.060393 0.0551275 0.0497993 0.0327982 0.0437824 0.00569214
threshold=1.9619634837178215 0.86932162594016515 1.2754480605365839 0.84771711489430512 0.5661992501521812 -0.2109004484561201 1.0475394789916936 0.78580018180191746 0.41199170544128089 0.82104171692581018 1.1190177853149279 0.68406308304098018 -0.69894649288888322 -0.48206000193395332 -1.0832818953255707 0.020574946179958514 1.0000000180025095e-35
decision_type=2 2 2 2 2 2 2 2 2 2 2 2 2 2 2 2 2
left_child=1 2 3 4 6 -6 7 12 -9 10 11 -5 -1 -14 -12 16 -16
right_child=-2 -3 -4 9 5 -7 -8 8 -10 -11 14 -13 13 -15 15 -17 -18
leaf_value=0.0028795995485733747 -0.0078311709154942448 0.0082683363608372328 -0.004238607234085018 0.0047641232895598131 0.00068351629148053199 -0.0076276789341995837 0.004475542749109853 0 -0.006015287888175555 0.0056479470107596462 0.0015722383191656229 0 -0.0016425515219588463 8.0802017740897364e-05 0 -0.0023678807418567381 0.0010955509529482501
leaf_weight=11.999999999999998 11.999999999999998 14.999999999999998 21 15.000000000000002 20 21 11.999999999999998 19 14.999999999999998 10.999999999999998 18 13.999999999999998 47 377 21 21 10.999999999999998
leaf_count=12 12 15 21 15 20 21 12 19 15 11 18 14 47 377 21 21 11
internal_value=-0.000143977 5.16166e-05 -0.000199287 -1.61192e-05 -0.000411452 -0.0038549 -6.04624e-05 -0.000245871 -0.00299373 0.00171249 0.000918673 0.00296145 0 -0.000114228 0 -0.000745675 0.000340755
internal_weight=682 670 655 634 523 41 482 470 34 111 100 29 436 424 71 53 32
internal_count=682 670 655 634 523 41 482 470 34 111 100 29 436 424 71 53 32
is_linear=0
shrinkage=0.0529975


Tree=150
num_leaves=18
num_cat=0
split_feature=17 19 19 39 30 29 8 28 29 39 30 45 8 39 29 7 30
split_gain=0.386173 1.23366 1.01286 0.231584 0.592153 0.432175 0.168309 0.100779 0.43502 0.113941 0.149862 0.0877258 0.0706725 0.0553161 0.0777509 0.062701 0.0186595
threshold=-1.39396473237739 0.98085823280515616 0.50703029617112583 -1.0567165156606251 -0.2184961416748705 0.80607140098567553 1.5895402411079365 -0.59219080463487817 0.05507566239322146 -0.40719590138638256 0.99608930189529632 0.61917383366108469 1.0153674757159228 -0.81471586306011667 0.22011875519856186 0.74368839850664092 1.0000000180025095e-35
decision_type=2 2 2 2 2 2 2 2 2 2 2 2 2 2 2 2 2
left_child=2 3 -1 4 -2 6 7 8 9 10 -5 -11 13 15 -15 -9 -14
right_child=1 -3 -4 5 -6 -7 -8 12 -10 11 -12 -13 16 14 -16 -17 -18
leaf_value=-0.0020916212005832172 0.011422216345279486 -0.012497574020831846 0.014757135175596748 -0.00073302453284294032 -0.0015413109243355841 -0.0081140134846813365 0.0050551701850273948 0.00036278866663259945 -0.0084728909802817484 -0.0042700880493963898 0.0053848141014761555 0.00033788965585468324 -7.9419294276899608e-05 0.00028262130869295481 -0.0020133609361744692 0.0034823564428206298 -0.0035775476618837144
leaf_weight=20.000000000000004 11.000000000000002 17 10.999999999999998 18 19 12.999999999999998 11.999999999999998 66 14.999999999999998 13.999999999999998 14.999999999999998 20 12.000000000000002 343 41 24 10.999999999999998
leaf_count=20 11 17 11 18 19 13 12 66 15 14 15 20 12 343 41 24 11
internal_value=-0.000133966 -0.00043929 0.00512101 0 0.00412888 -0.000245636 0 -0.000148163 -0.00180724 0.000162811 0.00226911 -0.0017406 0.000129964 0.000294951 0 0.00143299 -0.00238717
internal_weight=682 651 31 634 30 604 591 579 82 67 33 34 497 474 384 90 23
internal_count=682 651 31 634 30 604 591 579 82 67 33 34 497 474 384 90 23
is_linear=0
shrinkage=0.0529975


Tree=151
num_leaves=17
num_cat=0
split_feature=39 19 29 29 19 47 39 29 14 30 30 39 26 6 29 29
split_gain=0.396684 0.733377 0.284576 0.119786 0.297224 0.160655 0.0663378 0.138076 0.0987203 0.0975974 0.102207 0.047609 0.0380931 0.0559591 0.0416183 0.00125194
threshold=-1.1840427946005181 0.86932162594016515 0.88506091518751828 -0.8996447736816684 -1.0115814289029357 0.18623680039949722 -0.9002788601712034 0.48941511938534971 1.4595096370107707 0.3394178558886094 -0.24010109566696164 -1.0448627579204097 0.77999256740898393 -0.41709682457512315 -0.26489013004416756 0.26552658291515235
decision_type=2 2 2 2 2 2 2 2 2 2 2 2 2 2 2 2
left_child=-1 2 3 5 -5 -2 9 12 -9 10 -6 -12 14 -14 -8 -11
right_child=1 -3 -4 4 6 -7 7 8 -10 15 11 -13 13 -15 -16 -17
leaf_value=-0.0078970003519576899 -6.8554455374642191e-05 0.0086371378407489301 -0.006068063847724469 -0.0069484951384196497 0.0027917067005871769 0.0066646338609319608 0.00018987309052587997 -0.0059358605175850098 0 0.0045585756331132142 -0.0033032261405982564 0 5.668067946281886e-05 0.0029705613338662147 -0.00090961652146967118 0.0012113397579224705
leaf_weight=11.999999999999998 19.000000000000004 21 17 11.999999999999998 20 10.999999999999998 195 14.000000000000002 11.999999999999998 13.000000000000002 13.999999999999998 35 84 20 169 13.999999999999998
leaf_count=12 19 21 17 12 20 11 195 14 12 13 14 35 84 20 169 14
internal_value=-0.000128469 6.91522e-05 -0.000273956 -5.15866e-05 -0.000237622 0.00290519 -2.08738e-05 -0.000283296 -0.00365433 0.00119829 0 -0.00123929 -3.74198e-05 0.000811932 -0.000308195 0.0035702
internal_weight=682 670 649 632 602 30 590 494 26 96 69 49 468 104 364 27
internal_count=682 670 649 632 602 30 590 494 26 96 69 49 468 104 364 27
is_linear=0
shrinkage=0.0529975


Tree=152
num_leaves=22
num_cat=0
split_feature=13 29 47 29 30 30 19 30 0 7 8 13 30 30 1 29 36 25 37 13 19
split_gain=0.366143 0.431615 1.20324 0.219864 0.688272 0.239332 0.219405 0.19715 0.313098 0.138264 0.0729068 0.0938551 0.10943 0.0873156 0.0727604 0.0525387 0.0389591 0.0280069 0.025922 0.0186047 0.0118012
threshold=1.9943942564294705 0.90830313251086625 0.60404435919047483 -0.013061300622848169 0.95823478606705337 -1.0937516901648248 0.48228821253375703 1.0659237897487761 -0.49365500139314838 -1.9386361208087715 0.47669949673689971 0.15725345852014441 0.2567125861955567 0.35904420432065115 -0.076629816501618958 -0.98212594115767571 1.0476567213468264 -0.37746152679984307 -0.58580344513658222 1.0206092433299918 0.12243768720496197
decision_type=2 2 2 2 2 2 2 2 2 2 2 2 2 2 2 2 2 2 2 2 2
left_child=1 3 -3 6 5 -5 7 9 -9 -1 11 13 14 20 -13 -11 17 -17 -18 -12 -7
right_child=-2 2 -4 4 -6 10 -8 8 -10 15 19 12 -14 -15 -16 16 18 -19 -20 -21 -22
leaf_value=-0.0046753803797808932 -0.0078079899919924513 0.013206879542754081 -0.0056773168628529861 -0.006390544428040313 -0.011812559530414133 0.00084770158863134058 0.0062493001823957992 0.0084739077650111336 -0.00065487433714757261 -0.0027710329658952237 -0.0032258212565547924 0.0020390425118865705 0.00435332674236261 -0.0039614038201373604 -0.00095096068324406347 0 -0.0027007451077949076 0.001014262257579603 -0.00010769085549584625 -5.735254226996413e-05 -0.00049547353954368237
leaf_weight=11.999999999999998 10.999999999999998 17.000000000000004 10.999999999999998 12.999999999999998 10.999999999999998 21 11.999999999999998 13.999999999999998 18 10.999999999999998 18.000000000000004 33 20 14.999999999999998 47 129 10.999999999999998 145 50 12.999999999999998 50
leaf_count=12 11 17 11 13 11 21 12 14 18 11 18 33 20 15 47 129 11 145 50 13 50
internal_value=-0.000122481 6.1236e-05 0.0058898 -0.000233886 -0.00148734 -0.000676327 0.000511257 0.000225106 0.00386217 -0.000139074 -0.000140041 0.000246197 0.00134239 -0.000956941 0.000257373 7.53782e-05 0.00023641 0.000523284 -0.000879419 -0.00231056 0
internal_weight=682 671 28 643 241 230 402 390 32 358 217 186 100 86 80 346 335 274 61 31 71
internal_count=682 671 28 643 241 230 402 390 32 358 217 186 100 86 80 346 335 274 61 31 71
is_linear=0
shrinkage=0.0529975


Tree=153
num_leaves=15
num_cat=0
split_feature=39 19 29 29 19 51 25 29 2 4 39 10 47 5
split_gain=0.367078 0.66353 0.268321 0.118877 0.275353 0.0648187 0.138481 0.0928619 0.0921051 0.0615289 0.0581528 0.0408213 0.0208074 0.0123248
threshold=-1.1840427946005181 0.86932162594016515 0.88506091518751828 -1.0034921893675615 -1.0115814289029357 1.0000000180025095e-35 -1.2685602186376721 0.39048142773410505 -1.0519583573783546 -1.177601998041349 -0.86479253739795714 -0.39376643566464015 0.1166022072676676 0.57192177036583158
decision_type=2 2 2 2 2 2 2 2 2 2 2 2 2 2
left_child=-1 2 3 -2 -5 6 -6 11 9 -8 -10 13 -13 -7
right_child=1 -3 -4 4 5 7 8 -9 10 -11 -12 12 -14 -15
leaf_value=-0.0075996827656916481 0.0035991520236764722 0.0082132930968710268 -0.0058888937340529652 -0.0066582658575674147 0.0037669090572104969 0.0019043319433356526 0 -0.0044198839625207501 0.0014545649331188719 -0.0049001350276579531 -5.2888668567455499e-05 -0.0018698933345207135 0 0
leaf_weight=11.999999999999998 18 21 17 11.999999999999998 24 13.999999999999998 11.000000000000002 13.999999999999998 82 10.999999999999998 350 37 40 19
leaf_count=12 18 21 17 12 24 14 11 14 82 11 350 37 40 19
internal_value=-0.000126706 6.30314e-05 -0.000262804 -4.65954e-05 -0.000198516 0 0.000276894 -0.00105595 3.05162e-05 -0.002899 0.000233298 -0.000361248 -0.00105224 0.000985835
internal_weight=682 670 649 632 614 602 478 124 454 22 432 110 77 33
internal_count=682 670 649 632 614 602 478 124 454 22 432 110 77 33
is_linear=0
shrinkage=0.0529975


Tree=154
num_leaves=31
num_cat=0
split_feature=29 39 30 29 30 0 19 22 33 30 39 35 15 29 30 36 16 37 39 24 31 0 31 29 29 12 15 7 19 39
split_gain=0.364326 0.471036 0.676034 0.214342 0.675056 0.246747 0.204102 0.203502 0.193497 0.188065 0.404765 0.13866 0.130289 0.121 0.0569256 0.0467197 0.0544719 0.133223 0.0723854 0.0460806 0.0857743 0.0573804 0.0507871 0.0358969 0.027838 0.0248234 0.0263005 0.0204518 0.0100925 0.00283597
threshold=1.9619634837178215 -1.0567165156606251 -0.2184961416748705 -0.013061300622848169 0.58764190694955731 0.74375944713916031 0.48228821253375703 -0.2345089357934842 -0.15124121085560596 1.0659237897487761 -0.40719590138638256 -1.120950159200415 1.2918188896269662 0.27601877832733596 -1.0937516901648248 1.0476567213468264 0.49109026712612219 1.7717470369057258 1.7199921651382573 1.6621180211146631 0.97000711212708468 1.7267267844338325 0.55442587334308668 0.44790493864222342 0.27601877832733596 0.04666022323074364 -0.29408380335723966 -0.52473936978170455 -0.1457840957559802 1.2160056179788268
decision_type=2 2 2 2 2 2 2 2 2 2 2 2 2 2 2 2 2 2 2 2 2 2 2 2 2 2 2 2 2 2
left_child=1 2 -1 6 7 -6 9 14 13 11 -11 12 -3 -9 -5 16 17 -13 -18 20 22 -21 -10 24 28 29 -27 -14 -16 -17
right_child=-2 3 -4 4 5 -7 -8 8 19 10 -12 15 27 -15 23 25 18 -19 -20 21 -22 -23 -24 -25 -26 26 -28 -29 -30 -31
leaf_value=0.012576034632438723 -0.0075715192528210771 -0.0066600808934503325 -0.00071157810331217179 -0.0056293432595309915 -0.011882066941478583 -0.0010700450333785373 0.0059942674555224515 0.00039469686401379474 -0.0007091736508001127 0.0085280282935535356 -0.0017552273301387985 0.00048358427186585124 -0.0015079263037119572 0.0075123260998899927 -0.0020008843531329834 -0.00041850701351673676 0.00011755320881073932 0.0054964840875166773 -0.0037682328527235218 0.0036220068250923539 -0.0036063387942090008 -0.00023811831620387683 0.0023822249060032 -0.0036448328442170827 0.0012146048822941498 -0.0035610944780859917 0 0.00090527457289076561 0 0.00035615926005196622
leaf_weight=13.999999999999998 11.999999999999998 10.999999999999998 20 10.999999999999998 16.000000000000004 11.999999999999998 11.999999999999998 16.000000000000004 52 15.999999999999998 15.999999999999998 185 13.999999999999998 10.999999999999998 16.999999999999993 25 49 10.999999999999998 10.999999999999998 11.000000000000002 18 20 13.999999999999998 10.999999999999998 10.999999999999998 11.000000000000002 11.999999999999998 11.000000000000002 18.000000000000007 13.999999999999998
leaf_count=14 12 11 20 11 16 12 12 16 52 16 16 185 14 11 17 25 49 11 11 11 18 20 14 11 11 11 12 11 18 14
internal_value=-0.000126623 6.23661e-05 0.00565032 -0.000275466 -0.00152044 -0.00845985 0.000463241 -0.000353671 0.000754766 0.000184409 0.003737 -0.000174225 -0.00304703 0.00434439 -0.00263633 0.000179814 0.000515986 0.000954314 -0.000766659 -0.000203823 -0.000889288 0.00130786 0 -0.001467 -0.000451607 -0.00102862 -0.00221036 -0.000251063 -0.00124671 0
internal_weight=682 670 34 636 238 28 398 210 142 386 32 354 36 27 68 318 256 196 60 115 84 31 66 57 46 62 23 25 35 39
internal_count=682 670 34 636 238 28 398 210 142 386 32 354 36 27 68 318 256 196 60 115 84 31 66 57 46 62 23 25 35 39
is_linear=0
shrinkage=0.0529975


Tree=155
num_leaves=15
num_cat=0
split_feature=26 8 30 30 35 39 30 29 26 29 30 12 19 6
split_gain=0.350623 0.803769 2.24084 0.853686 0.618162 0.267853 0.447127 0.343072 0.0798574 0.117178 0.278239 0.0821323 0.0614453 0.033425
threshold=-2.4089509458886917 1.7394377131769621 -1.4744917322181113 -1.2395848496026971 -1.3826553934288939 -1.0539696437992971 -0.2184961416748705 0.80607140098567553 0.77999256740898393 0.14814661164550594 0.55810110622004083 -0.42859287233206739 -0.97371853943483189 -2.185805165987118
decision_type=2 2 2 2 2 2 2 2 2 2 2 2 2 2
left_child=-1 2 -2 -4 -3 6 -5 8 9 12 -11 13 -7 -10
right_child=1 4 3 5 -6 7 -8 -9 11 10 -12 -13 -14 -15
leaf_value=0.0073786696276767708 0.019050006216495892 -0.015460147164352244 -0.012168663923538631 0.010284044608082162 3.4524610981712011e-05 0.0027794854408707869 -0.00095334255486736997 -0.0074066742449306212 -0.0017767984989059344 -0.00062047289201815341 -0.0083683895429020085 0.0040486764158184346 -0.00023070996034884098 0.00069129798948731815
leaf_weight=10.999999999999998 10.999999999999998 11.000000000000002 10.999999999999998 12.000000000000002 10.999999999999998 13.999999999999998 18 12.999999999999998 10.999999999999998 72 10.999999999999998 14.999999999999998 356 105
leaf_count=11 11 11 11 12 11 14 18 13 11 72 11 15 356 105
internal_value=-0.000124035 -0.000321614 4.65337e-05 -0.000444595 -0.0091153 -0.000114549 0.00431194 -0.000389237 -0.000147499 -0.000491395 -0.00222045 0.000960172 -5.57234e-05 0.000324171
internal_weight=682 671 649 638 22 627 30 597 584 453 83 131 370 116
internal_count=682 671 649 638 22 627 30 597 584 453 83 131 370 116
is_linear=0
shrinkage=0.0529975


Tree=156
num_leaves=15
num_cat=0
split_feature=17 19 19 19 29 19 34 29 26 30 30 29 12 29
split_gain=0.352897 1.17538 0.89318 0.214271 0.178335 0.72472 0.158307 0.191375 0.142889 0.073584 0.0562731 0.0485725 0.0282038 0.0161452
threshold=-1.39396473237739 0.98085823280515616 0.50703029617112583 0.76820330720288033 0.51841408575409187 -0.1457840957559802 1.7413393664850771 0.68829317853210092 -1.877632260629583 1.4203252253088012 1.100154062415069 -0.95147839412710067 1.471112387010777 0.58730087529752451
decision_type=2 2 2 2 2 2 2 2 2 2 2 2 2 2
left_child=2 3 -1 4 8 -6 7 13 -2 10 11 -10 -13 -7
right_child=1 -3 -4 -5 5 6 -8 -9 9 -11 -12 12 -14 -15
leaf_value=-0.0018721695001719795 0.0048208759496595997 -0.012181407870141181 0.013949769302189462 0.0058866005811490651 -0.012204977062657498 -0.0021589530245446288 -0.0036689247879685169 0.0050446767549133936 -0.0024779757481212003 -0.0033127590168731446 0.0027574126100063014 0.00024498303752451311 -0.0012397884405938014 0
leaf_weight=20.000000000000004 11.999999999999998 17 10.999999999999998 10.999999999999998 10.999999999999998 12.000000000000002 14.999999999999998 20 14.999999999999998 11.999999999999998 15.999999999999998 466 32 11.999999999999998
leaf_count=20 12 17 11 11 11 12 15 20 15 12 16 466 32 12
internal_value=-0.000118718 -0.000411119 0.0049043 4.75062e-06 -0.000143126 -0.0025569 9.44854e-05 0.00180333 0.000174069 6.51031e-06 0.000131148 4.86652e-06 0.000122102 -0.00113343
internal_weight=682 651 31 634 623 70 59 44 553 541 529 513 498 24
internal_count=682 651 31 634 623 70 59 44 553 541 529 513 498 24
is_linear=0
shrinkage=0.0529975


Tree=157
num_leaves=15
num_cat=0
split_feature=39 19 29 29 19 39 29 44 30 30 39 9 37 29
split_gain=0.353424 0.611862 0.23026 0.111348 0.266596 0.0569446 0.111606 0.193572 0.0949421 0.0837368 0.0419219 0.0366714 0.0416105 0.0396829
threshold=-1.1840427946005181 0.86932162594016515 0.88506091518751828 -1.0034921893675615 -1.0115814289029357 -0.9002788601712034 0.48941511938534971 1.0000000180025095e-35 0.3394178558886094 -0.24010109566696164 -1.0448627579204097 0.50903300992858969 1.8606721866669722 -0.26489013004416756
decision_type=2 2 2 2 2 2 2 2 2 2 2 2 2 2
left_child=-1 2 3 -2 -5 8 11 -8 9 -6 -11 13 -13 -7
right_child=1 -3 -4 4 5 6 7 -9 -10 10 -12 12 -14 -15
leaf_value=-0.0074487613723552126 0.0034870668105473858 0.0078968101124146199 -0.0054541062731704431 -0.0065446622122857893 0.002501100394388132 0.00027052511456022689 -0.0063748265881862611 0.0013305642213646499 0.0034833904943275488 -0.0030850891100277144 0 0.00028110142852071773 0.0031968482695105462 -0.00083946380225429331
leaf_weight=11.999999999999998 18 21 17 11.999999999999998 20 154 15.000000000000002 10.999999999999998 27 13.999999999999998 35 129 10.999999999999998 186
leaf_count=12 18 21 17 12 20 154 15 11 27 14 35 129 11 186
internal_value=-0.000115552 7.03656e-05 -0.000242191 -4.11044e-05 -0.000188527 0 -0.000226345 -0.00325815 0.00114496 0 -0.00114874 -9.57703e-06 0.00067993 -0.000320542
internal_weight=682 670 649 632 614 602 506 26 96 69 49 480 140 340
internal_count=682 670 649 632 614 602 506 26 96 69 49 480 140 340
is_linear=0
shrinkage=0.0529975


Tree=158
num_leaves=22
num_cat=0
split_feature=13 19 43 19 30 30 7 45 28 47 3 13 12 8 30 13 30 36 30 19 13
split_gain=0.332424 0.34416 1.33301 0.328977 0.13154 0.145206 0.133214 0.126746 0.0786971 0.161358 0.150745 0.0528328 0.0666314 0.0608193 0.0515217 0.0797593 0.0546357 0.051359 0.0630624 0.0354491 0.0347924
threshold=1.9943942564294705 0.51248132294284898 1.0000000180025095e-35 0.98085823280515616 1.2754480605365839 1.0475394789916936 -2.0381597474118105 0.95889753000610456 -0.22165583622620777 0.46477517292681564 -0.11235005711367717 -0.048546466928714511 -0.28795954900521586 0.84298622558603042 0.044468938150959793 0.52869722640345074 0.11501629062765791 -1.1916931030113087 -0.2184961416748705 0.67188745050982901 0.081960802868122865
decision_type=2 2 2 2 2 2 2 2 2 2 2 2 2 2 2 2 2 2 2 2 2
left_child=1 4 -3 7 5 6 -1 19 9 11 -11 12 -8 -13 17 16 -16 18 -10 -4 -19
right_child=-2 2 3 -5 -6 -7 8 -9 14 10 -12 13 -14 -15 15 -17 -18 20 -20 -21 -22
leaf_value=-0.0047170119383450953 -0.007434840367689371 0.013766304896775303 0.00058645987820384472 -0.0075338170171013168 -0.0039572250824121266 0.0036302245818791382 0.00059680257606605413 0.0046475136601860879 0 -0.0072953634307819353 0 0.0015511228539091689 -0.0021061541075421538 -0.0010627233078441391 0.0027289208077520576 0.0038120527388533915 -0.00030104136645321596 -0.00035705958491793051 -0.0040662261457165274 -0.0026518013148503373 0.00098949200315162286
leaf_weight=12.999999999999998 10.999999999999998 18 12.000000000000002 10.999999999999998 21 21 32 11.999999999999998 20 14.000000000000002 15.999999999999998 60 63 32 14.999999999999998 21 66 112 12.999999999999998 10.999999999999998 88
leaf_count=13 11 18 12 11 21 21 32 12 20 14 16 60 63 32 15 21 66 112 13 11 88
internal_value=-0.0001113 6.32305e-05 0.00359184 -0.00138359 -0.000328916 -0.000148326 -0.000337649 0.00119819 -0.000172412 -0.000953085 -0.00421939 -0.000278074 -0.00114515 0.000561288 0.000320662 0.00128278 0.000329197 -9.29141e-05 -0.0018741 -0.000949506 0.000213073
internal_weight=682 671 64 46 607 586 565 35 552 217 30 187 95 92 335 102 81 233 33 23 200
internal_count=682 671 64 46 607 586 565 35 552 217 30 187 95 92 335 102 81 233 33 23 200
is_linear=0
shrinkage=0.0529975


Tree=159
num_leaves=15
num_cat=0
split_feature=39 19 29 29 19 39 29 44 30 30 39 9 29 39
split_gain=0.334516 0.565879 0.217574 0.108593 0.240314 0.052277 0.110787 0.176183 0.0854315 0.0781768 0.0350125 0.0341145 0.0370009 0.0318679
threshold=-1.1840427946005181 0.86932162594016515 0.88506091518751828 -1.0034921893675615 -1.0115814289029357 -0.9002788601712034 0.48941511938534971 1.0000000180025095e-35 0.3394178558886094 -0.24010109566696164 -1.0448627579204097 0.50903300992858969 -0.2173284677370734 1.7513466373958519
decision_type=2 2 2 2 2 2 2 2 2 2 2 2 2 2
left_child=-1 2 3 -2 -5 8 11 -8 9 -6 -11 12 -7 -13
right_child=1 -3 -4 4 5 6 7 -9 -10 10 -12 13 -14 -15
leaf_value=-0.0072448893198504994 0.003450265877451798 0.0075970694984254326 -0.0052959928428865481 -0.0062147284729841606 0.0024244220154937468 0.00019240191488835372 -0.0062021276249195866 0.0011550677169174198 0.0033144169055923942 -0.0028735536027806609 0 0.00029248794377510697 -0.00087562894434765719 0.0028107074222381424
leaf_weight=11.999999999999998 18 21 17 11.999999999999998 20 178 15.000000000000002 10.999999999999998 27 13.999999999999998 35 128 162 11.999999999999998
leaf_count=12 18 21 17 12 20 178 15 11 27 14 35 128 162 12
internal_value=-0.000110319 7.02639e-05 -0.000229941 -3.4228e-05 -0.000180027 0 -0.000217897 -0.00323804 0.00109601 0 -0.0011019 -2.00068e-06 -0.000302652 0.000662753
internal_weight=682 670 649 632 614 602 506 26 96 69 49 480 340 140
internal_count=682 670 649 632 614 602 506 26 96 69 49 480 340 140
is_linear=0
shrinkage=0.0529975


Tree=160
num_leaves=14
num_cat=0
split_feature=7 8 30 30 19 39 30 29 8 6 39 1 19
split_gain=0.335751 0.751761 1.53603 0.747085 0.699176 0.26118 0.388564 0.298582 0.0744139 0.149049 0.0820588 0.100168 0.0379028
threshold=-2.3273358155400112 1.7394377131769621 -1.391025136749735 -1.0937516901648248 0.025394573122468043 -1.0539696437992971 -0.2184961416748705 0.80607140098567553 1.0153674757159228 0.67247960685382691 -0.9002788601712034 1.8425569590517645 -0.093817954245777643
decision_type=2 2 2 2 2 2 2 2 2 2 2 2 2
left_child=-1 2 -2 -4 -3 6 -5 8 10 -10 12 -12 -7
right_child=1 4 3 5 -6 7 -8 -9 9 -11 11 -13 -14
leaf_value=0.006646669222828144 0.015326381963717011 0.00038674697687617662 -0.011019112677288785 0.0098707084225058001 -0.015604366456435984 0.0027759160574437249 -0.0006320422248950327 -0.0068702466154374675 -0.0048266988337576358 0.0010871537744273233 0 -0.0037568008667651946 0
leaf_weight=13.999999999999998 11.999999999999998 12.000000000000002 11.999999999999998 12.000000000000002 10.999999999999998 36 18 12.999999999999998 20 15.999999999999998 464 14.999999999999998 27
leaf_count=14 12 12 12 12 11 36 18 13 20 16 464 15 27
internal_value=-0.000106551 -0.000316323 4.77546e-05 -0.000372063 -0.00866568 -5.17674e-05 0.00431948 -0.000326515 -9.83463e-05 -0.00225207 5.50372e-05 -0.000175794 0.00177407
internal_weight=682 668 645 633 23 621 30 591 578 36 542 479 63
internal_count=682 668 645 633 23 621 30 591 578 36 542 479 63
is_linear=0
shrinkage=0.0529975


Tree=161
num_leaves=26
num_cat=0
split_feature=29 39 30 29 30 39 19 30 39 8 14 25 45 30 8 15 14 19 39 39 30 9 2 5 44
split_gain=0.329453 0.403546 0.520014 0.175763 0.7091 0.229862 0.173643 0.143556 0.343035 0.119064 0.137101 0.111153 0.0611784 0.0585029 0.0715048 0.0449334 0.0410498 0.0538303 0.074948 0.0499146 0.0313331 0.0219895 0.0212553 0.0174063 0.0165253
threshold=1.9619634837178215 -1.0567165156606251 -0.2184961416748705 0.14814661164550594 0.58764190694955731 -0.7385005568059213 0.30064614087418168 1.0659237897487761 -0.40719590138638256 1.1689705388632607 -1.2799481435139477 -1.2052122046809874 1.2986212263511245 -0.034239089395200532 -0.53083416844541564 -1.187161687309388 -0.7143282011559936 -0.49068578805936591 1.7271131680367993 1.7271131680367993 0.060005490169828854 0.30906420679857599 -1.3788066416203859 -0.30360916474501298 -0.76745771112333661
decision_type=2 2 2 2 2 2 2 2 2 2 2 2 2 2 2 2 2 2 2 2 2 2 2 2 2
left_child=1 2 -1 7 5 6 13 9 -9 10 -3 22 15 24 -15 -7 19 23 -19 20 -12 -16 -11 -18 -5
right_child=-2 3 -4 4 -6 12 -8 8 -10 11 16 -13 -14 14 21 -17 17 18 -20 -21 -22 -23 -24 -25 -26
leaf_value=0.011311790122388057 -0.0071842100051552104 0.0045814761509059363 -0.00035856840234861593 0 -0.009582192309351957 -0.00017724455442993039 0.0049865625365761012 0.0076352829860175308 -0.0017033134774880315 -0.0011824273380659654 0.00079955303450133814 0.00037203328559574976 0 0.0030369586807783605 -0.0018044098367662952 -0.0049662192256093194 0 0.00034503535147192832 0.0032607995546213592 -0.003139553118821933 -0.0010421917340347208 0.00064965869392227002 -0.0061467581876222541 -0.0018274584858850415 -0.0023440689355931983
leaf_weight=13.999999999999998 11.999999999999998 13.999999999999998 20 11.999999999999998 21 10.999999999999998 20 17 15.999999999999998 12.000000000000002 40 17 10.999999999999998 22 14.000000000000002 26 14.999999999999998 209 24 14.999999999999998 50 10.999999999999998 10.999999999999998 28 20
leaf_count=14 12 14 20 12 21 11 20 17 16 12 40 17 11 22 14 26 15 209 24 15 50 11 11 28 20
internal_value=-0.000103464 7.56249e-05 0.0052477 -0.000236422 -0.00168123 -0.000175552 0.00122944 0.000282199 0.00336269 0 0.00029882 -0.00254796 -0.00301743 0 0.00113185 -0.0039282 5.48529e-05 0.00041034 0.000748874 -0.00078833 -0.000152066 -0.000582493 -0.0045777 -0.00114864 -0.00159304
internal_weight=682 670 34 636 168 147 99 468 33 435 395 40 48 79 47 37 381 276 233 105 90 25 23 43 32
internal_count=682 670 34 636 168 147 99 468 33 435 395 40 48 79 47 37 381 276 233 105 90 25 23 43 32
is_linear=0
shrinkage=0.0529975


Tree=162
num_leaves=28
num_cat=0
split_feature=17 30 19 3 19 29 29 1 47 19 3 6 13 45 25 31 29 15 25 39 39 19 29 19 30 3 3
split_gain=0.331007 1.14422 0.797528 0.196436 0.197245 0.837322 0.216664 0.427967 0.231916 0.114915 0.11061 0.0777536 0.0647739 0.0972919 0.0613707 0.0550176 0.0354704 0.0256205 0.0529588 0.0316156 0.0290083 0.0249529 0.0367251 0.0334424 0.0310898 0.0112389 0.00229871
threshold=-1.39396473237739 -1.367380808596151 0.50703029617112583 1.425958145239141 -0.31183434170219121 0.47209431521368045 0.69655909085426648 1.5436312839947306 0.60404435919047483 -0.69894649288888322 1.022643001698843 -0.88214810953311473 0.02674618872330704 1.6383449226961444 -0.70867772941979124 -0.40823908338262127 0.051608858368748442 0.69143156414643769 -0.37746152679984307 1.5703187172373967 1.8332589020591132 0.37993602828574341 0.40056262785483193 0.29235489073587734 -0.034239089395200532 -0.30151556691576425 -0.37289877816183442
decision_type=2 2 2 2 2 2 2 2 2 2 2 2 2 2 2 2 2 2 2 2 2 2 2 2 2 2 2
left_child=2 -2 -1 4 5 10 16 8 -8 -5 11 -3 13 -13 -14 -11 17 18 19 -6 -20 23 26 24 -18 -19 -23
right_child=1 3 -4 9 6 -7 7 -9 -10 15 -12 12 14 -15 -16 -17 21 25 20 -21 -22 22 -24 -25 -26 -27 -28
leaf_value=-0.0016501112318776669 -0.012556782290680682 0.0032399794755279755 0.01330571818532982 0.0068007330367552965 -9.2625290400775531e-05 -0.012882048554252361 0.011157203244289402 -0.0031169513074304303 0.0004719588723067278 -0.0012078521723198445 -0.0044413617679372767 -0.0019516061287383122 -0.00042871376954537962 0.0019867394917658641 0.0027843664753457687 0.002852434342477614 -0.0014361867277328235 7.3779188633729635e-05 0.00036007432025065303 -0.0028861059817829934 0.00285596447931822 -0.0005695109443035677 -0.0034614130979253241 0.0019183035723176092 0.00024306753937507352 0.0024934025619270141 0.00023564720577965622
leaf_weight=20.000000000000004 14.999999999999998 11.999999999999998 10.999999999999998 11.999999999999998 41 10.999999999999998 13.000000000000002 10.999999999999998 10.999999999999998 12.999999999999998 11.999999999999998 86 31 14.999999999999998 22 11.000000000000002 49 15.999999999999998 126 13.999999999999998 10.999999999999998 10.999999999999998 12.999999999999998 11.999999999999998 55 17 11.000000000000002
leaf_count=20 15 12 11 12 41 11 13 11 11 13 12 86 31 15 22 11 49 16 126 14 11 11 13 12 55 17 11
internal_value=-0.000100185 -0.000383836 0.00476446 6.98372e-06 -0.000225178 -0.0016221 0.000414542 0.00407332 0.00756601 0.00352233 -0.000491156 -2.01031e-05 -0.000429699 -0.00122286 0.000934069 0.000618462 0 0.000432698 0.000136468 -0.00113203 0.000720678 -0.000599253 -0.00174232 -0.000128422 -0.000519783 0.0016911 0
internal_weight=682 651 31 636 600 189 411 35 24 36 178 166 154 101 53 24 376 225 192 55 137 151 35 116 104 33 22
internal_count=682 651 31 636 600 189 411 35 24 36 178 166 154 101 53 24 376 225 192 55 137 151 35 116 104 33 22
is_linear=0
shrinkage=0.0529975


Tree=163
num_leaves=27
num_cat=0
split_feature=13 29 6 29 30 30 19 30 24 7 11 13 19 3 29 26 36 30 25 46 1 13 29 3 14 25
split_gain=0.304365 0.374102 0.8416 0.157036 0.526462 0.208139 0.158985 0.155919 0.294431 0.117911 0.0626114 0.066238 0.0805213 0.0488875 0.0457584 0.0382708 0.0319347 0.0236481 0.0223879 0.0203884 0.0130918 0.0330053 0.0129918 0.01959 0.0125001 0.00802098
threshold=1.9943942564294705 0.90830313251086625 -0.68279226675778693 -0.013061300622848169 0.95823478606705337 -1.0937516901648248 0.48228821253375703 1.0659237897487761 -0.55383901035399286 -1.9386361208087715 -0.53083416844541564 0.056863250984115661 0.08110102928846788 0.083953773813016178 -0.98212594115767571 0.86532909618089959 1.0476567213468264 0.13321650914154923 -0.37746152679984307 0.79829901629636912 -0.53560430853146757 0.036785209476909921 0.34596874207805095 0.63895824125121392 1.7296564751518833 0.033692070835434997
decision_type=2 2 2 2 2 2 2 2 2 2 2 2 2 2 2 2 2 2 2 2 2 2 2 2 2 2
left_child=1 3 -3 6 5 -5 7 9 -9 -1 11 17 -13 20 -11 -14 18 24 -16 -18 21 -12 23 -15 -7 -22
right_child=-2 2 -4 4 -6 10 -8 8 -10 14 13 12 15 22 16 -17 19 -19 -20 -21 25 -23 -24 -25 -26 -27
leaf_value=-0.0043277522226682248 -0.0071000735723052632 0.013506927800920365 -0.0022308139467189657 -0.0058712445239645569 -0.010290342217289181 -0.00042728691040672383 0.005314741644520146 0.0083794005602003292 -0.00053533463262002987 -0.0025982186152825756 -0.00062497301702318247 0.0040513033030900435 -0.0012838408128637167 -0.0018756003366582901 0 0.0017988392559860217 -0.0014423505654098841 -0.0018718239855473929 0.00090959765952600277 0.00028381884618011353 -0.0011418422923396025 0.0022949780624655527 -0.0034203063099153817 7.235343051746169e-05 0.0012753813826081289 8.0667842474531088e-05
leaf_weight=11.999999999999998 10.999999999999998 12.000000000000002 15.999999999999998 12.999999999999998 10.999999999999998 18 11.999999999999998 11.999999999999998 20 10.999999999999998 13.000000000000002 23 18 21 129 14.999999999999998 41 15.999999999999998 145 20 20 14.999999999999998 13.999999999999998 17 13.999999999999998 12.999999999999998
leaf_count=12 11 12 16 13 11 18 12 12 20 11 13 23 18 21 129 15 41 16 145 20 20 15 14 17 14 13
internal_value=-9.1368e-05 7.5082e-05 0.00550122 -0.000199087 -0.0012595 -0.000547499 0.00042868 0.000182499 0.00341868 -0.000139133 -4.79409e-05 0.000832086 0.00200713 -0.00091769 5.75443e-05 0 0.000209388 -0.000480101 0.000470747 -0.000797392 1.7583e-05 0.000862721 -0.00202365 -0.000954304 0.000217522 -0.000542787
internal_weight=682 671 28 643 241 230 402 390 32 358 217 104 56 113 346 33 335 48 274 61 61 28 52 38 32 33
internal_count=682 671 28 643 241 230 402 390 32 358 217 104 56 113 346 33 335 48 274 61 61 28 52 38 32 33
is_linear=0
shrinkage=0.0529975


Tree=164
num_leaves=18
num_cat=0
split_feature=39 19 30 30 30 7 1 0 1 0 31 18 5 53 13 53 6
split_gain=0.32029 0.51988 0.127498 0.126689 0.102876 0.187883 0.0449808 0.161788 0.120755 0.045731 0.0564876 0.0521689 0.0344956 0.0694643 0.0436977 0.032161 0.0160713
threshold=-1.1840427946005181 0.86932162594016515 1.2754480605365839 1.0475394789916936 0.80176545848547709 -0.27436314236398124 0.28711749480023258 0.3210625271449008 0.52420612693595225 1.676868741707185 0.801708716042835 -1.4056766404595094 -0.28650710581732891 1.0626078316449983 -0.39489268292801361 0.35627397084393697 0.26195950044603578
decision_type=2 2 2 2 2 2 2 2 2 2 2 2 2 2 2 2 2
left_child=-1 2 3 4 6 -6 7 12 15 10 -10 -11 13 -2 -14 -8 -7
right_child=1 -3 -4 -5 5 16 8 -9 9 11 -12 -13 14 -15 -16 -17 -18
leaf_value=-0.0070740557831070932 -0.0011577832659235756 0.0072985463368921829 -0.0037722784131742474 0.0035016390064651175 -0.0070401318911793801 0.00079170402999409494 0.0045972444207859663 -0.0048751030392532981 -0.0001458992693707542 0 0.0021352843902177278 -0.0035549292720165049 -0.0007216615338084064 0.0012078550366220811 0.00099326889184090479 0.00038407402154935516 -0.0012797212668778138
leaf_weight=11.999999999999998 139 21 21 21 10.999999999999998 19.000000000000004 18.000000000000004 14.999999999999998 92 26 36 12.999999999999998 52 38 123 12.999999999999998 11.999999999999998
leaf_count=12 139 21 21 21 11 19 18 15 92 26 36 13 52 38 123 13 12
internal_value=-9.1834e-05 8.45292e-05 -0.000202915 -3.79904e-05 -0.000204899 -0.00256056 0 -0.000350723 0.00062802 0 0.000510402 -0.00144181 -5.99842e-05 -0.000588801 0.000438073 0.00336784 0
internal_weight=682 670 649 628 607 42 565 367 198 167 128 39 352 177 175 31 31
internal_count=682 670 649 628 607 42 565 367 198 167 128 39 352 177 175 31 31
is_linear=0
shrinkage=0.0529975


Tree=165
num_leaves=22
num_cat=0
split_feature=17 30 19 3 28 29 29 31 12 8 12 19 13 29 39 15 12 30 39 29 9
split_gain=0.316409 1.07222 0.73048 0.185052 0.161273 0.685557 0.210925 0.438125 0.116065 0.110015 0.0722327 0.0900424 0.0772262 0.0554746 0.0443319 0.0380065 0.0315221 0.0254308 0.0377918 0.0243299 0.00733194
threshold=-1.39396473237739 -1.367380808596151 0.50703029617112583 1.3170987480888836 -0.17592557091568831 0.50500426577237711 0.69655909085426648 0.98000040498008156 0.79812844919614834 1.0153674757159228 0.20786826462582295 -0.64259766935448892 -1.0976241356802146 -0.15937698407371889 1.8332589020591132 -0.030837823358788614 0.77957234273251219 -0.034239089395200532 -0.66602670239464246 0.32628772854720739 -0.091936298542201034
decision_type=2 2 2 2 2 2 2 2 2 2 2 2 2 2 2 2 2 2 2 2 2
left_child=2 -2 -1 4 5 9 14 -8 -5 10 11 -3 -12 -14 16 -13 17 19 -19 -6 -18
right_child=1 3 -4 8 6 -7 7 -9 -10 -11 12 15 13 -15 -16 -17 20 18 -20 -21 -22
leaf_value=-0.0014832502797672261 -0.01215225694479098 0.003708633779529704 0.012834541830510334 0 -0.00032185961996939838 -0.011553231642165949 0.0089854438113526822 -0.0015158273223455252 0.0054985073457779286 -0.0038795719139814886 -0.0041020718303390836 -0.00081093926198326169 0.00054009374968544074 -0.0018124694699835639 0.0021310823515564722 0.0013747980122392031 0.0015760660150436819 0.0016222778609194888 -0.00044074196198704929 -0.0018935384796115167 0
leaf_weight=20.000000000000004 14.999999999999998 19 10.999999999999998 17 129 10.999999999999998 17 17 21 18 12.999999999999998 50 67 38 20 31 25 32 60 38 12.999999999999998
leaf_count=20 15 19 11 17 129 11 17 17 21 18 13 50 67 38 20 31 25 32 60 38 13
internal_value=-9.07867e-05 -0.000368408 0.00466524 9.54248e-06 -0.000221436 -0.00125113 0.000492439 0.00412011 0.00333795 -0.000467702 -5.84911e-05 0.000926026 -0.000953591 -0.000300303 1.24599e-05 0 -0.000146508 -0.000381855 0.000260915 -0.0007731 0.00113223
internal_weight=682 651 31 636 598 247 351 34 38 236 218 100 118 105 317 81 297 259 92 167 38
internal_count=682 651 31 636 598 247 351 34 38 236 218 100 118 105 317 81 297 259 92 167 38
is_linear=0
shrinkage=0.0529975


Tree=166
num_leaves=15
num_cat=0
split_feature=39 19 29 29 19 39 30 29 44 30 26 26 9 39
split_gain=0.295667 0.48322 0.208974 0.100528 0.226266 0.0477075 0.0839704 0.0837474 0.134208 0.0650223 0.0310091 0.0468871 0.0295243 0.0290511
threshold=-1.1840427946005181 0.86932162594016515 0.88506091518751828 -1.0034921893675615 -1.0115814289029357 -0.9002788601712034 0.3394178558886094 0.48941511938534971 1.0000000180025095e-35 -0.2184961416748705 0.77999256740898393 1.039485449673258 0.83331775609094938 -1.0448627579204097
decision_type=2 2 2 2 2 2 2 2 2 2 2 2 2 2
left_child=-1 2 3 -2 -5 6 9 10 -9 -6 12 -12 -7 -11
right_child=1 -3 -4 4 5 7 -8 8 -10 13 11 -13 -14 -15
leaf_value=-0.0067960423176965405 0.0033508036396067463 0.0070369542305880432 -0.005158197163093188 -0.0060017019335289268 0.0020860807845405074 -0.00041974078618401951 0.0032745529698087229 -0.0053991786178989292 0.00098119846375953465 -0.0026685198044626574 0.0020548366309337093 -4.8686584846810291e-05 0.0009353547217780013 0
leaf_weight=11.999999999999998 18 21 17 11.999999999999998 22 331 27 15.000000000000002 10.999999999999998 13.999999999999998 41 64 44 33
leaf_count=12 18 21 17 12 22 331 27 15 11 14 41 64 44 33
internal_value=-8.73437e-05 8.1698e-05 -0.000195055 -3.37873e-06 -0.000144432 1.88766e-05 0.00107541 -0.000178178 -0.0028035 0 0 0.000776398 -0.000230191 -0.00107108
internal_weight=682 670 649 632 614 602 96 506 26 69 480 105 375 47
internal_count=682 670 649 632 614 602 96 506 26 69 480 105 375 47
is_linear=0
shrinkage=0.0529975


Tree=167
num_leaves=14
num_cat=0
split_feature=26 8 30 30 35 39 30 29 26 9 17 12 44
split_gain=0.29566 0.690607 1.91971 0.737433 0.540979 0.22245 0.327947 0.268614 0.0578984 0.0841172 0.0923307 0.0607586 0.0280911
threshold=-2.4089509458886917 1.7394377131769621 -1.4744917322181113 -1.2395848496026971 -1.3826553934288939 -1.0539696437992971 -0.2184961416748705 0.80607140098567553 0.77999256740898393 1.4436013126245439 0.96273927307832874 -0.42859287233206739 0.7223131398807876
decision_type=2 2 2 2 2 2 2 2 2 2 2 2 2
left_child=-1 2 -2 -4 -3 6 -5 8 9 10 -7 12 -10
right_child=1 4 3 5 -6 7 -8 -9 11 -11 -12 -13 -14
leaf_value=0.0068038810143273313 0.017661147679546046 -0.014359015378429147 -0.011277510708570462 0.0090610727902028371 7.8206029061120863e-05 5.3904334245719302e-05 -0.00056594792252451134 -0.0065354200899708399 0.00081389033111749741 -0.0036279556738039753 -0.0021993719957727016 0.0034906352095128881 -0.00086496773637802324
leaf_weight=10.999999999999998 10.999999999999998 11.000000000000002 10.999999999999998 12.000000000000002 10.999999999999998 385 18 12.999999999999998 84 15.999999999999998 52 14.999999999999998 32
leaf_count=11 11 11 11 12 11 385 18 13 84 16 52 15 32
internal_value=-8.5567e-05 -0.00026809 7.21488e-05 -0.000381888 -0.00842029 -7.46803e-05 0.00395877 -0.000326301 -0.000111228 -0.000405845 -0.000224595 0.000829747 0.000273753
internal_weight=682 671 649 638 22 627 30 597 584 453 437 131 116
internal_count=682 671 649 638 22 627 30 597 584 453 437 131 116
is_linear=0
shrinkage=0.0529975


Tree=168
num_leaves=15
num_cat=0
split_feature=17 19 19 19 26 29 53 1 25 28 9 2 4 10
split_gain=0.298729 1.02816 0.650065 0.179513 0.137569 0.12165 0.388325 0.324159 0.0557431 0.0944424 0.330675 0.0507631 0.059752 0.033089
threshold=-1.39396473237739 0.98085823280515616 0.50703029617112583 0.76820330720288033 -1.877632260629583 0.67203377572161016 0.35627397084393697 1.2751111534208766 -1.2955004554409264 -0.78389879730128298 0.21304601824163463 -1.0519583573783546 -1.2021706797753431 -1.9443824999340822
decision_type=2 2 2 2 2 2 2 2 2 2 2 2 2 2
left_child=2 3 -1 4 -2 8 7 -7 -6 10 -10 12 -11 -13
right_child=1 -3 -4 -5 5 6 -8 -9 9 11 -12 13 -14 -15
leaf_value=-0.0012728012279513352 0.0044513124695410022 -0.011360678046883418 0.012239750818618297 0.0054185537830827666 0.0025879138979532455 0.0055701288394424146 -0.0087326138876816124 -0.0039343620992082062 0.0012635691920903436 0.00023162894088763595 -0.0082651357011149142 -0.0018492842743794745 -0.0041664546445868708 0.0002721198533087311
leaf_weight=20.000000000000004 11.999999999999998 17 10.999999999999998 10.999999999999998 15.999999999999998 14.000000000000002 12.999999999999998 13.999999999999998 20.000000000000004 11.000000000000002 10.999999999999998 14.999999999999998 10.999999999999998 486
leaf_count=20 12 17 11 11 16 14 13 14 20 11 11 15 11 486
internal_value=-8.11719e-05 -0.00035128 0.00453987 3.66887e-05 -9.79826e-05 -0.000241044 -0.00283381 0.000756692 -1.48603e-05 -0.00012941 -0.00272039 4.00591e-05 -0.00213932 0.000173707
internal_weight=682 651 31 634 623 611 41 28 570 554 31 523 22 501
internal_count=682 651 31 634 623 611 41 28 570 554 31 523 22 501
is_linear=0
shrinkage=0.0529975


Tree=169
num_leaves=27
num_cat=0
split_feature=29 39 30 29 30 34 34 12 28 29 13 29 10 17 19 28 45 28 28 39 29 19 17 39 3 13
split_gain=0.283949 0.343967 0.438977 0.139215 0.476804 0.252355 0.152837 0.150692 0.36453 0.119956 0.112796 0.112309 0.0820492 0.0764294 0.0890713 0.0682997 0.136827 0.0448312 0.0758944 0.043278 0.0417457 0.0387555 0.0381844 0.0349892 0.0196601 0.0105547
threshold=1.9619634837178215 -1.0567165156606251 -0.2184961416748705 -0.15324387896073374 0.58764190694955731 0.56567949927378913 -0.92312713000852431 0.77957234273251219 -0.867791388365038 0.60288618035152008 0.02674618872330704 0.14814661164550594 1.1200048726415253 1.4762386343351726 0.2682491378294658 -0.78389879730128298 0.61917383366108469 -0.65305232067043273 -0.59219080463487817 1.8332589020591132 0.51841408575409187 -0.48206000193395332 -0.75296336942738828 -0.66602670239464246 0.16604446674599735 0.48854114338903926
decision_type=2 2 2 2 2 2 2 2 2 2 2 2 2 2 2 2 2 2 2 2 2 2 2 2 2 2
left_child=1 2 -1 7 6 11 -5 15 -9 20 22 -6 -12 14 -11 16 -3 -17 -19 24 21 -8 -10 -23 -20 -14
right_child=-2 3 -4 4 5 -7 9 8 10 13 12 -13 25 -15 -16 17 -18 18 19 -21 -22 23 -24 -25 -26 -27
leaf_value=0.010431899616917088 -0.0066541852523272832 -0.0055472544905390891 -0.00027658389335097447 -0.0041873027429905341 -0.002391516586539447 -0.00049548491502167315 -0.0024142726712565949 0.0094244109123359145 -0.0030356637333146153 3.6471397928480406e-05 0.0048472269945782701 -0.012302970441326572 0.0013002843010380847 -0.00014684325240761151 0.0068757140995460804 0.0023881710501041705 0.0010965912207269808 -0.0031874081788859712 -0.00057001293586409342 0.0022104062660212808 -0.0024133829995915557 0.0010371832828101107 1.21864240807639e-05 -0.00033557261670606942 0.00056259016686751239 -0.00031055028197228513
leaf_weight=13.999999999999998 11.999999999999998 12.000000000000002 20 18 11.000000000000002 18 10.999999999999998 10.999999999999998 15.000000000000002 11.000000000000002 14.999999999999998 10.999999999999998 11.000000000000002 10.999999999999998 10.999999999999998 17 10.999999999999998 13.999999999999998 93 21 15.999999999999998 82 15.999999999999998 113 68 19
leaf_count=14 12 12 20 18 11 18 11 11 15 11 15 11 11 11 11 17 11 14 93 21 16 82 16 113 68 19
internal_value=-7.92797e-05 8.61286e-05 0.00486108 -0.000201276 -0.000996434 -0.00599205 -0.000126387 0.000552152 0.00236361 0.000223122 0.000642003 -0.0091704 0.00227686 0.00294864 0.00444582 -0.000128792 -0.00255921 0.000164642 -5.88061e-05 0.000238693 -0.000218284 0 -0.00152678 0.00022066 -4.6797e-05 0.000204267
internal_weight=682 670 34 636 313 40 273 323 87 255 76 22 45 33 22 236 23 213 196 182 222 206 31 195 161 30
internal_count=682 670 34 636 313 40 273 323 87 255 76 22 45 33 22 236 23 213 196 182 222 206 31 195 161 30
is_linear=0
shrinkage=0.0529975


Tree=170
num_leaves=15
num_cat=0
split_feature=39 19 29 29 19 39 30 29 44 30 9 15 39 29
split_gain=0.280249 0.4397 0.178501 0.0864168 0.21439 0.0435676 0.078894 0.0727567 0.116863 0.0560907 0.0307051 0.0290371 0.0286196 0.0271158
threshold=-1.1840427946005181 0.86932162594016515 0.88506091518751828 -1.0034921893675615 -1.0115814289029357 -0.9002788601712034 0.3394178558886094 0.48941511938534971 1.0000000180025095e-35 -0.24010109566696164 0.50903300992858969 -1.1376218179302888 -1.0448627579204097 -0.2173284677370734
decision_type=2 2 2 2 2 2 2 2 2 2 2 2 2 2
left_child=-1 2 3 -2 -5 6 9 10 -9 -6 13 -12 -11 -7
right_child=1 -3 -4 4 5 7 -8 8 -10 12 11 -13 -14 -15
leaf_value=-0.0066100287760362617 0.0031098943217343382 0.0067208581112169867 -0.0047642010703898337 -0.005833175433330254 0.0020435248007469632 0.00015003342052480613 0.0031685920619234924 -0.0050336132074737857 0.00089913650584830533 -0.0025435341440570693 0.0027026745226131858 0.00029021910029206234 0 -0.00076017502622824807
leaf_weight=11.999999999999998 18 21 17 11.999999999999998 20 178 27 15.000000000000002 10.999999999999998 13.999999999999998 11.999999999999998 128 35 162
leaf_count=12 18 21 17 12 20 178 27 15 11 14 12 128 35 162
internal_value=-7.8023e-05 8.62321e-05 -0.000177347 0 -0.000131015 2.75709e-05 0.00103703 -0.000160208 -0.0026072 0 0 0.000647354 -0.000943748 -0.000269125
internal_weight=682 670 649 632 614 602 96 506 26 69 480 140 49 340
internal_count=682 670 649 632 614 602 96 506 26 69 480 140 49 340
is_linear=0
shrinkage=0.0529975


Tree=171
num_leaves=27
num_cat=0
split_feature=17 30 19 3 19 29 29 1 47 9 12 10 37 8 30 29 29 37 19 29 19 8 53 37 29 3
split_gain=0.271719 0.969537 0.611036 0.161224 0.146501 0.678627 0.198354 0.373625 0.229943 0.0999903 0.0973705 0.0842928 0.0587218 0.0469605 0.0500729 0.0281629 0.0272745 0.0499226 0.0197065 0.0297887 0.0296204 0.0250965 0.0171184 0.0362529 0.0328806 0.0027033
threshold=-1.39396473237739 -1.367380808596151 0.50703029617112583 1.3170987480888836 -0.31183434170219121 0.47209431521368045 0.69655909085426648 1.2751111534208766 0.60404435919047483 1.4436013126245439 0.79812844919614834 -0.36702800265129559 -0.50308237559123692 -0.12472891311957286 0.32059948568843283 -0.30204866562469096 0.051608858368748442 -0.80708230617037946 0.37993602828574341 0.40056262785483193 0.29235489073587734 -0.60425894660370971 1.0000000180025095e-35 1.8916925877464743 -0.67263100970284895 -0.37289877816183442
decision_type=2 2 2 2 2 2 2 2 2 2 2 2 2 2 2 2 2 2 2 2 2 2 2 2 2 2
left_child=2 -2 -1 4 5 9 16 8 -8 11 -5 12 -3 15 -15 -13 17 -6 20 25 21 -18 23 -19 -24 -20
right_child=1 3 -4 10 6 -7 7 -9 -10 -11 -12 13 -14 14 -16 -17 18 22 19 -21 -22 -23 24 -25 -26 -27
leaf_value=-0.0012835742363392531 -0.011539333900199509 0.0042119529698257845 0.011802193347340719 0 0.0025872680134321584 -0.011531013862464811 0.01138061734165305 -0.0023013740112518798 0.0005034599378641269 -0.0042454266978454325 0.0051102606034588672 -0.0032016079128172454 0 -0.0016941522295379019 0.00086688757364332392 -0.00021718001805220795 0.00026435478337829887 0 -0.00060296459902293097 -0.0031300779813072306 0.0017881100783900597 -0.0012346245989634092 -0.0024575722103573469 0.0027880265261556181 0 0.00028838471291504919
leaf_weight=20.000000000000004 14.999999999999998 13.999999999999998 10.999999999999998 17 19 10.999999999999998 11.000000000000002 12.999999999999998 10.999999999999998 10.999999999999998 21 19 18 24 67 24 48 56 10.999999999999998 12.999999999999998 11.999999999999998 56 10.999999999999998 11.999999999999998 126 11.000000000000002
leaf_count=20 15 14 11 17 19 11 11 13 11 11 21 19 18 24 67 24 48 56 11 13 12 56 11 12 126 11
internal_value=-7.53379e-05 -0.000333425 0.00433128 2.52978e-05 -0.000189672 -0.00139832 0.000359916 0.00386055 0.00746422 -0.000373226 0.00313177 0 0.00223507 -0.000579063 5.64613e-05 -0.00190887 -4.09538e-06 0.000345074 -0.000559954 -0.0015808 -0.000132129 -0.000502593 3.65352e-05 0.000717209 -0.00026838 0
internal_weight=682 651 31 636 598 188 410 35 22 177 38 166 32 134 91 43 375 224 151 35 116 104 205 68 137 22
internal_count=682 651 31 636 598 188 410 35 22 177 38 166 32 134 91 43 375 224 151 35 116 104 205 68 137 22
is_linear=0
shrinkage=0.0529975


Tree=172
num_leaves=15
num_cat=0
split_feature=39 19 29 29 19 39 30 29 44 30 9 39 15 29
split_gain=0.266121 0.410391 0.168945 0.0786576 0.203696 0.0423541 0.074537 0.0611324 0.105618 0.0509175 0.0281967 0.0275456 0.0272624 0.0247607
threshold=-1.1840427946005181 0.86932162594016515 0.88506091518751828 -1.0034921893675615 -1.0115814289029357 -0.9002788601712034 0.3394178558886094 0.48941511938534971 1.0000000180025095e-35 -0.24010109566696164 0.50903300992858969 -1.0448627579204097 -1.1376218179302888 -0.26489013004416756
decision_type=2 2 2 2 2 2 2 2 2 2 2 2 2 2
left_child=-1 2 3 -2 -5 6 9 10 -9 -6 13 -11 -12 -7
right_child=1 -3 -4 4 5 7 -8 8 -10 11 12 -13 -14 -15
leaf_value=-0.0064373044156485551 0.0029733331427384121 0.0064978038746958027 -0.0046283566141604024 -0.0056778069007613159 0.0019654726308043955 0.0001988939738379978 0.0031023930607461049 -0.0047108200921768184 0.00090407007454348172 -0.0024492567210026741 0.002608343033468742 0 0.00027025159837318596 -0.00067223282535816076
leaf_weight=11.999999999999998 18 21 17 11.999999999999998 20 154 27 15.000000000000002 10.999999999999998 13.999999999999998 11.999999999999998 35 128 186
leaf_count=12 18 21 17 12 20 154 27 15 11 14 12 35 128 186
internal_value=-7.16733e-05 8.80962e-05 -0.00016623 0 -0.000119023 3.52004e-05 0.00103011 -0.000149768 -0.00239276 0 0 -0.000879982 0.0006174 -0.000260868
internal_weight=682 670 649 632 614 602 96 506 26 69 480 49 140 340
internal_count=682 670 649 632 614 602 96 506 26 69 480 49 140 340
is_linear=0
shrinkage=0.0529975


Tree=173
num_leaves=25
num_cat=0
split_feature=29 39 30 29 30 36 39 29 30 39 19 7 29 2 29 44 45 8 5 16 34 30 8 29
split_gain=0.259734 0.326953 0.388957 0.117772 0.427021 0.138711 0.167348 0.16328 0.131959 0.334186 0.143627 0.10914 0.0975224 0.0790481 0.0470529 0.0346757 0.0318477 0.0471041 0.0274434 0.0215986 0.0213497 0.019275 0.0481516 0.0141595
threshold=1.9619634837178215 -1.0567165156606251 -0.2184961416748705 -0.013061300622848169 0.95823478606705337 -0.77827467389903748 -0.96766816633406982 0.57858038708847614 1.0659237897487761 -0.40719590138638256 0.48228821253375703 -1.9386361208087715 0.23203446132356126 1.497852712885243 -0.98212594115767571 0.7223131398807876 -0.5132384874889816 -0.4506960049206637 -0.21055722813542666 0.57078202818156709 0.67648328409650371 0.22922887850020154 -0.64597148682999539 0.34596874207805095
decision_type=2 2 2 2 2 2 2 2 2 2 2 2 2 2 2 2 2 2 2 2 2 2 2 2
left_child=1 2 -1 8 5 6 19 15 10 -10 11 -3 -8 -9 -13 21 17 -16 -18 -5 -17 23 -23 -7
right_child=-2 3 -4 4 -6 7 12 13 9 -11 -12 14 -14 -15 16 20 18 -19 -20 -21 -22 22 -24 -25
leaf_value=0.0099816576052453119 -0.0063579677082329436 -0.0042121327159798791 -0.00011034410318976203 0.00099402663600885199 -0.009246394498278715 0.00080287449109952918 -0.0004066011187787391 0.0051342110430110709 0.007691276669825972 -0.0016257847700312739 0.0046604771749830902 -0.0026961394938498123 -0.0076410768511653068 0 -0.00061270199661699195 -0.0025770113606453479 -0.00083490374574666051 0.0015978415351767196 0.00029801159323600691 -0.0014141500564639599 0 0.00058083240932864128 -0.0031388768912914431 -0.00066138937504453738
leaf_weight=13.999999999999998 11.999999999999998 11.999999999999998 20 21 10.999999999999998 65 11.000000000000002 19.000000000000004 15.999999999999998 15.999999999999998 11.999999999999998 10.999999999999998 13.999999999999998 11.999999999999998 31 23 98 76 126 10.999999999999998 10.999999999999998 14.000000000000002 10.999999999999998 14.999999999999998
leaf_count=14 12 12 20 21 11 65 11 19 16 16 12 11 14 12 31 23 98 76 126 11 11 14 11 15
internal_value=-6.9013e-05 8.86917e-05 0.00474403 -0.000191285 -0.00111617 -0.00046439 -0.00260157 0.000276732 0.000352856 0.00332754 2.45528e-05 -0.000188206 -0.0053777 0.00343639 3.06028e-06 -0.000492741 0.000159866 0.000897062 -0.000176115 0 -0.00182079 0 -0.00112111 0.000420131
internal_weight=682 670 34 636 238 227 57 170 398 32 366 354 25 31 342 139 331 107 224 32 34 105 25 80
internal_count=682 670 34 636 238 227 57 170 398 32 366 354 25 31 342 139 331 107 224 32 34 105 25 80
is_linear=0
shrinkage=0.0529975


Tree=174
num_leaves=12
num_cat=0
split_feature=26 8 30 30 27 27 30 25 28 29 29
split_gain=0.262102 0.640803 1.77888 0.659234 0.527257 0.177957 0.10191 0.0600681 0.073327 0.224822 0.13877
threshold=-2.4089509458886917 1.7394377131769621 -1.4744917322181113 -1.2395848496026971 -0.18494756109845273 0.76820330720288699 1.2754480605365839 1.9254958894502503 -0.17592557091568831 0.48941511938534971 0.86516195744978364
decision_type=2 2 2 2 2 2 2 2 2 2 2
left_child=-1 2 -2 -4 -3 6 7 8 9 -5 -10
right_child=1 4 3 5 -6 -7 -8 -9 10 -11 -12
leaf_value=0.0064142175073018705 0.01701420500638268 0.00021816216204281473 -0.010655632998114565 -0.00017109720381942425 -0.013967710036894045 0.0052719893146785969 -0.0034096756255269111 -0.0028508479301676054 0.00025202589951109925 -0.0063630203851801634 0.0048549619590140501
leaf_weight=10.999999999999998 10.999999999999998 11.000000000000002 10.999999999999998 237 10.999999999999998 10.999999999999998 21 14.999999999999998 317 11.999999999999998 13.999999999999998
leaf_count=11 11 11 11 237 11 11 21 15 317 12 14
internal_value=-7.19781e-05 -0.000244498 8.2748e-05 -0.000354033 -0.00809776 -6.30398e-05 -0.000219444 -6.23295e-05 2.63024e-05 -0.000639508 0.000550362
internal_weight=682 671 649 638 22 627 616 595 580 249 331
internal_count=682 671 649 638 22 627 616 595 580 249 331
is_linear=0
shrinkage=0.0529975


Tree=175
num_leaves=20
num_cat=0
split_feature=13 39 30 7 29 29 19 30 25 39 15 19 28 8 18 10 30 2 47
split_gain=0.255826 0.45631 0.584768 0.235312 0.434718 0.0680869 0.251041 0.214522 0.10328 0.0680522 0.0821852 0.0606473 0.0572169 0.0490683 0.058575 0.0484015 0.0233494 0.0224961 0.0154197
threshold=1.9943942564294705 -1.0567165156606251 -0.2184961416748705 -2.3273358155400112 0.88506091518751828 -0.013061300622848169 -0.65023692210784045 -1.0937516901648248 -1.2685602186376721 -0.48469126969849824 0.26561264658431655 -0.64259766935448892 -0.78389879730128298 -0.53083416844541564 -1.2260769836497969 1.069344906450419 0.21909800781462088 -1.0519583573783546 1.0000000180025095e-35
decision_type=2 2 2 2 2 2 2 2 2 2 2 2 2 2 2 2 2 2 2
left_child=1 2 -1 -3 5 8 -7 -8 15 10 11 -10 -11 14 -9 -5 -15 -14 -12
right_child=-2 3 -4 4 -6 6 7 13 9 12 18 -13 17 16 -16 -17 -18 -19 -20
leaf_value=0.012674589715341767 -0.0064961093278849327 0.0057130852308277776 -0.00012562740053172891 0.0047672870848749355 -0.0077448526805148164 -0.0069062451407930639 -0.005709911037760626 -0.00038262880619389212 0.0049798033219867355 -0.0030627944451823903 0.0002137927861751404 0.00086805890655461285 -0.0019511854172011632 -9.2159244457592213e-05 0.0019774076477698161 1.0747426651476592e-05 -0.002113116383329896 0 -0.001738832181302464
leaf_weight=11.999999999999998 10.999999999999998 11.999999999999998 20 14.000000000000002 15.999999999999998 11.999999999999998 12.999999999999998 43 13.999999999999998 14.999999999999998 11.000000000000002 39 11.999999999999998 77 60 12.999999999999998 18 255 14.999999999999998
leaf_count=12 11 12 20 14 16 12 13 43 14 15 11 39 12 77 60 13 18 255 15
internal_value=-6.91924e-05 8.2455e-05 0.00573335 -0.000240374 -0.000418391 -0.00014181 -0.000874735 -0.000318157 0.000268607 0 0.00132649 0.00246833 -0.000379984 0.000159044 0.000961222 0.00310693 -0.000646961 -0.000139715 -0.00080918
internal_weight=682 671 32 639 627 611 223 211 388 361 79 53 282 198 103 27 95 267 26
internal_count=682 671 32 639 627 611 223 211 388 361 79 53 282 198 103 27 95 267 26
is_linear=0
shrinkage=0.0529975


Tree=176
num_leaves=28
num_cat=0
split_feature=17 30 19 3 28 29 29 8 8 12 12 19 13 1 13 30 7 3 34 29 5 47 31 9 53 19 12
split_gain=0.249647 0.891893 0.571171 0.140527 0.123218 0.494062 0.204639 0.516494 0.0898801 0.0896719 0.0616783 0.0844174 0.0661331 0.0439022 0.0331298 0.026887 0.0368017 0.0449968 0.0357354 0.0346074 0.0329873 0.0386103 0.0299346 0.0266217 0.016381 0.012706 0.0116287
threshold=-1.39396473237739 -1.367380808596151 0.50703029617112583 1.3170987480888836 -0.17592557091568831 0.50500426577237711 0.86516195744978364 -1.0585182509927076 1.0153674757159228 0.79812844919614834 0.20786826462582295 -0.64259766935448892 -1.0976241356802146 -0.389732309845289 -0.82657057533293721 -0.034239089395200532 0.98309742575663106 -0.18016410779744454 1.4033088068753929 0.23203446132356126 -0.28650710581732891 0.46477517292681564 0.44577067407655302 0.94100538823399282 0.35627397084393697 0.065273117161259289 -0.94417005260565712
decision_type=2 2 2 2 2 2 2 2 2 2 2 2 2 2 2 2 2 2 2 2 2 2 2 2 2 2 2
left_child=2 -2 -1 4 5 8 15 -8 10 -5 11 -3 -12 -14 -13 18 17 24 20 -20 21 -6 -22 -18 -17 -25 -19
right_child=1 3 -4 9 6 -7 7 -9 -10 -11 12 14 13 -15 -16 16 23 26 19 -21 22 -23 -24 25 -26 -27 -28
leaf_value=-0.0012601424847643323 -0.011064979269284425 0.0035679311074864471 0.011380860658621771 0 -1.5503902702039763e-05 -0.0098240052649584183 -0.0024997134651885675 0.010820860280080006 -0.0034877188139426402 0.0048263864583931552 -0.0037763879305642263 -0.0010168944999433328 -0.0019167044917639668 0.00033284149821598768 0.00098520319593526934 0.003987852040620605 -0.0015560166663600486 0.0011373985332256643 0 -0.0030979333468365254 0 -0.0031310115239516672 0.0017218126469050396 0.0016243348394032202 0.00032743375331536806 -0.00016160976085242732 -0.00061259674004624268
leaf_weight=20.000000000000004 14.999999999999998 19 10.999999999999998 17 47 10.999999999999998 11.000000000000002 10.999999999999998 18 21 12.999999999999998 38 27 78 43 15.000000000000002 20 12.000000000000002 15.999999999999998 15.999999999999998 104 10.999999999999998 34 13.000000000000002 10.999999999999998 10.999999999999998 19
leaf_count=20 15 19 11 17 47 11 11 11 18 21 13 38 27 78 43 15 20 12 16 16 104 11 34 13 11 11 19
internal_value=-6.9199e-05 -0.000317023 0.00415418 2.65685e-05 -0.000173421 -0.00107495 0.00044882 0.00480222 -0.000404966 0.00292723 -3.26918e-05 0.00087472 -0.000863127 -0.000254983 0 5.61128e-05 0.000767419 0.0016102 -0.000240725 -0.00173138 1.22411e-05 -0.000953526 0.000489454 -0.00024684 0.0030091 0.000704254 0
internal_weight=682 651 31 636 598 247 351 22 236 38 218 100 118 105 81 329 101 57 228 32 196 58 138 44 26 24 31
internal_count=682 651 31 636 598 247 351 22 236 38 218 100 118 105 81 329 101 57 228 32 196 58 138 44 26 24 31
is_linear=0
shrinkage=0.0529975


Tree=177
num_leaves=17
num_cat=0
split_feature=39 19 29 29 19 8 39 30 29 30 14 12 12 29 39 9
split_gain=0.248584 0.379706 0.151854 0.0770217 0.200876 0.120614 0.0412752 0.0736647 0.0486314 0.039205 0.0369038 0.0272103 0.0426706 0.0295533 0.0260691 0.00347493
threshold=-1.1840427946005181 0.86932162594016515 0.88506091518751828 -0.8996447736816684 -1.0115814289029357 0.65709935812043507 -0.9002788601712034 0.3394178558886094 0.54135198810054252 -0.2184961416748705 1.4595096370107707 1.002002949288205 0.67766316330900811 -0.010910652010719417 -1.0448627579204097 -0.13771750918065828
decision_type=2 2 2 2 2 2 2 2 2 2 2 2 2 2 2 2
left_child=-1 2 3 5 -5 -2 7 9 11 15 -10 12 -8 -13 -11 -6
right_child=1 -3 -4 4 6 -7 8 -9 10 14 -12 13 -14 -15 -16 -17
leaf_value=-0.0062202690583260944 -0.00013528988357547594 0.0062519897588312959 -0.0043882604310167108 -0.0056617872184890521 4.1221634918742477e-05 0.0056464538260702669 -3.2770621155755615e-05 0.0030531843003459352 -0.0038739292049511614 -0.0023520872080811262 0 -0.00022967173059584072 0.0017373611548777783 -0.0027995478705924834 0 0.0022024065780608254
leaf_weight=11.999999999999998 19.000000000000004 21 17 11.999999999999998 11.000000000000002 10.999999999999998 358 27 11.000000000000002 13.999999999999998 10.999999999999998 65 36 12.999999999999998 33 10.999999999999998
leaf_count=12 19 21 17 12 11 11 358 27 11 14 11 65 36 13 33 11
internal_value=-6.76691e-05 8.63936e-05 -0.000157856 0 -0.000144875 0.0023781 1.1449e-05 0.000993554 -0.000175063 0 -0.00232561 -3.22959e-05 0.000135126 -0.000910418 -0.000840122 0.00161157
internal_weight=682 670 649 632 602 30 590 96 494 69 22 472 394 78 47 22
internal_count=682 670 649 632 602 30 590 96 494 69 22 472 394 78 47 22
is_linear=0
shrinkage=0.0529975


Tree=178
num_leaves=19
num_cat=0
split_feature=13 39 29 7 31 25 28 29 9 44 10 13 29 29 6 28 8 12
split_gain=0.233108 0.434875 0.496362 0.213399 0.412782 0.0992936 0.121208 0.393143 0.0800735 0.073792 0.0725167 0.0671806 0.184433 0.164459 0.0682825 0.0615838 0.0391168 0.0282983
threshold=1.9943942564294705 -1.0567165156606251 0.88506091518751828 -2.3273358155400112 -1.8979523070786724 -1.2685602186376721 -0.56407171506897791 0.05507566239322146 -0.074677170393348966 1.0000000180025095e-35 1.069344906450419 0.71943862072190534 0.58353607546613506 0.60288618035152008 -0.71207127959319683 -0.78389879730128298 0.71481830290650317 0.67766316330900811
decision_type=2 2 2 2 2 2 2 2 2 2 2 2 2 2 2 2 2 2
left_child=1 2 -1 -3 -5 10 7 8 9 -7 -6 13 16 17 -15 -10 -13 -8
right_child=-2 3 -4 4 5 6 11 -9 15 -11 -12 12 -14 14 -16 -17 -18 -19
leaf_value=-0.00031868115496560081 -0.0062030519836748033 0.0054291950332230028 0.011359675148793465 -0.0077222422143910846 0.0044537641587872852 0.004347409726546631 -0.00025816333409737601 -0.0084578386726591459 -0.003510517346262205 -0.00034302383211581633 -3.9254274519509867e-05 0.00090625276221214992 -0.0063031859165612785 0.006276772876816536 0.00078285564861870481 0 -0.0018206562693159883 0.00085041692194609488
leaf_weight=18 10.999999999999998 11.999999999999998 13.999999999999998 14.999999999999998 16.000000000000004 11.000000000000002 322 14.999999999999998 17 13.999999999999998 12.999999999999998 39 10.999999999999998 11.000000000000002 19 34 15.999999999999998 74
leaf_count=18 11 12 14 15 16 11 322 15 17 14 13 39 11 11 19 34 16 74
internal_value=-6.80319e-05 7.6277e-05 0.00559318 -0.000238601 -0.000408514 -0.000144764 -0.000316954 -0.00202969 -0.000150056 0.00193721 0.00257845 6.43283e-06 -0.00147787 0.000269885 0.00370136 -0.00139193 0 -2.40343e-05
internal_weight=682 671 32 639 627 612 583 91 76 25 29 492 66 426 30 51 55 396
internal_count=682 671 32 639 627 612 583 91 76 25 29 492 66 426 30 51 55 396
is_linear=0
shrinkage=0.0529975


Tree=179
num_leaves=22
num_cat=0
split_feature=17 39 39 39 13 29 19 30 8 39 19 12 29 19 29 30 1 19 39 19 2
split_gain=0.231084 0.906938 0.633057 0.201971 0.336246 0.112346 0.497424 0.344747 0.173054 0.0793212 0.251352 0.233486 0.186854 0.14697 0.0580354 0.0349547 0.0336571 0.035759 0.0273243 0.0126176 0.00187104
threshold=-1.39396473237739 -1.1741975069907229 -0.87397743875622624 -1.0567165156606251 1.2113506376484462 -0.39570657290621386 -0.89853941475979127 1.120825799461141 1.3501313626329754 -0.61067574593307838 0.30064614087418168 -0.63707348043994716 0.67203377572161016 0.84812112690812347 -0.98212594115767571 0.29145264897337181 -0.048835791176502975 -0.13516474498452527 1.8052108790954289 -0.66137348100954974 0.0872991134250381
decision_type=2 2 2 2 2 2 2 2 2 2 2 2 2 2 2 2 2 2 2 2 2
left_child=2 -2 -1 4 -3 6 -5 8 9 10 12 -12 -7 15 -8 -11 18 20 19 -16 -18
right_child=1 3 -4 5 -6 7 14 -9 -10 13 11 -13 -14 -15 16 -17 17 -19 -20 -21 -22
leaf_value=0.011252448274426825 -0.011716260822240194 0.0092541528092305071 -0.0019049325115653923 0.0088202884858918362 -0.0015346082315136837 0.00054535754641762307 -0.0028001378503001626 -0.0076267455191014692 -0.0052419648871458941 3.4011092779547008e-05 0 0.0092772857518902373 -0.004773694723666809 -0.0055017820544926268 -0.0010329443291540352 -0.0014821672833456949 0.00047328456961734475 0.0031242037770623028 -0.0021042384905612405 0.00044225635431638648 -9.6647316881892604e-05
leaf_weight=12.000000000000002 12.999999999999998 11.000000000000002 19 13.999999999999998 10.999999999999998 151 12.999999999999998 12.999999999999998 12.999999999999998 165 13.000000000000002 10.999999999999998 14.999999999999998 10.999999999999998 12.999999999999998 48 17 14.999999999999998 11.999999999999998 77 14.999999999999998
leaf_count=12 13 11 19 14 11 151 13 13 13 165 13 11 15 11 13 48 17 15 12 77 15
internal_value=-6.51204e-05 -0.000303944 0.00399775 2.46778e-05 0.00443699 -0.000162932 0.000933333 -0.000623751 -0.000291747 -4.70531e-05 0.000719297 0.00518699 -4.43417e-05 -0.000729257 0 -0.000306997 0.000301179 0.00140484 -0.000192463 0.0001052 4.92137e-05
internal_weight=682 651 31 638 22 616 176 440 427 414 190 24 166 224 162 213 149 47 102 90 32
internal_count=682 651 31 638 22 616 176 440 427 414 190 24 166 224 162 213 149 47 102 90 32
is_linear=0
shrinkage=0.0529975


Tree=180
num_leaves=31
num_cat=0
split_feature=29 29 47 29 19 39 52 5 26 26 5 19 19 5 5 39 5 7 3 5 3 9 45 31 3 25 8 26 9 39
split_gain=0.220865 0.276599 1.18197 0.0926682 0.281624 0.118037 0.100382 0.408121 0.172808 0.0501358 0.0484246 0.0425595 0.0530511 0.0382092 0.0346199 0.0628249 0.0595619 0.0312912 0.0309563 0.0398992 0.0309345 0.0261815 0.0450198 0.0226762 0.0187921 0.0231651 0.0165516 0.00722526 0.00323952 0.00246685
threshold=1.9619634837178215 0.90830313251086625 0.60404435919047483 0.14814661164550594 -0.56695609829581051 -0.60879633949723255 1.0000000180025095e-35 -0.81720186148881901 -1.9721525907769062 0.86532909618089959 0.4713015167296678 -0.97371853943483189 -0.49068578805936591 0.66453979860267443 -0.50797408465712168 1.8332589020591132 -1.3515508589206233 1.0117330357474505 -0.080227612052945527 0.40641290761443566 -0.12305753880058815 0.81629047348603756 -0.73972095171899488 0.19971039269757143 0.01970888369155287 -0.83747405889393811 -0.58800963456610789 -0.41189009216647493 -0.099629507938366377 0.28781598501460887
decision_type=2 2 2 2 2 2 2 2 2 2 2 2 2 2 2 2 2 2 2 2 2 2 2 2 2 2 2 2 2 2
left_child=1 3 -3 6 -5 9 8 -8 -1 18 24 -10 21 -7 16 -16 -14 -11 19 -6 -19 22 -13 27 25 -9 -21 -20 -15 -26
right_child=-2 2 -4 4 5 13 7 10 11 17 -12 12 14 28 15 -17 -18 20 23 26 -22 -23 -24 -25 29 -27 -28 -29 -30 -31
leaf_value=-0.0053870021252871133 -0.0058638201242747247 0.014114525513881804 -0.0052884625676726596 -0.0073041684519761793 0.0021813600706966632 -0.0050254097194069088 0.0074527175353754195 0 0.0025879696305814155 0.0033076278363261486 0.0020634537787176609 0.00028560800127549872 0.0014301388803245922 0 0.00031659998007769802 0.0035429809380610926 -0.0015560814491800382 -0.00088541798601255339 -0.00088668684444010934 -0.0016436471353370103 0.001984261282822232 0.00027666590969321002 -0.0024386031714845376 -0.00276212437018814 -0.00010457850173749792 -0.0023064873315628777 0.00041325439378087227 0.0005616684170151007 -0.0012774610331013551 0.00059402985779948329
leaf_weight=10.999999999999998 11.999999999999998 12.000000000000002 11.999999999999998 12.999999999999998 17 10.999999999999998 20 15.999999999999995 11.999999999999998 14.999999999999998 14.999999999999998 17 20 11 182 13.999999999999998 53 17 12.999999999999998 14.999999999999998 12.000000000000002 17 48 13.999999999999998 11.000000000000002 25.000000000000004 11.000000000000002 11.000000000000002 11 13.999999999999998
leaf_count=11 12 12 12 13 17 11 20 16 12 15 15 17 20 11 182 14 53 17 13 15 12 17 48 14 11 25 11 11 11 14
internal_value=-6.41039e-05 8.05326e-05 0.00506237 -0.000138695 -0.0011811 -0.000386067 0.000232098 0.0016699 -0.000158029 0.000343085 -9.29435e-05 6.64624e-05 -4.21996e-05 -0.00295517 0.000300827 0.000679969 -0.000603067 0.00169605 -0.000377818 0.000462822 0.000238981 -0.00119069 -0.00166379 -0.00142125 -0.000811089 -0.00145748 -0.000640765 -1.04301e-05 -0.000815913 0.000100539
internal_weight=682 670 24 646 171 158 475 101 374 125 81 363 351 33 269 196 73 44 81 43 29 82 65 38 66 41 26 24 22 25
internal_count=682 670 24 646 171 158 475 101 374 125 81 363 351 33 269 196 73 44 81 43 29 82 65 38 66 41 26 24 22 25
is_linear=0
shrinkage=0.0529975


Tree=181
num_leaves=13
num_cat=0
split_feature=26 8 30 30 19 19 29 30 1 30 29 30
split_gain=0.22009 0.587289 1.62912 0.569729 0.471588 0.155911 0.0905547 0.336896 0.170681 0.0383108 0.0464924 0.036401
threshold=-2.4089509458886917 1.7394377131769621 -1.4744917322181113 -1.2395848496026971 -0.18494756109845853 0.76820330720288033 0.67203377572161016 0.24466002753205443 1.2751111534208766 1.4203252253088012 -0.91986556057814772 0.99608930189529632
decision_type=2 2 2 2 2 2 2 2 2 2 2 2
left_child=-1 2 -2 -4 -3 6 9 8 -8 10 -5 -12
right_child=1 4 3 5 -6 -7 7 -9 -10 -11 11 -13
leaf_value=0.0058824915179780555 0.016296494265218245 0.00013001044241823777 -0.0099008764001280343 -0.0022586701059785271 -0.013287007281336293 0.0049401004768378455 0.0038006277834831195 -0.0081799721349706395 -0.00314866582074514 -0.0024244105549393025 3.5933212674147393e-05 0.0017759664614288241
leaf_weight=10.999999999999998 10.999999999999998 11.000000000000002 10.999999999999998 17 10.999999999999998 10.999999999999998 17.000000000000004 11.999999999999998 10.999999999999998 11.999999999999998 516 31
leaf_count=11 11 11 11 17 11 11 17 12 11 12 516 31
internal_value=-6.02337e-05 -0.000219213 9.35057e-05 -0.00032415 -0.00773803 -5.29029e-05 -0.000200059 -0.00246379 0.000791264 -7.08929e-06 5.70531e-05 0.000165365
internal_weight=682 671 649 638 22 627 616 40 28 576 564 547
internal_count=682 671 649 638 22 627 616 40 28 576 564 547
is_linear=0
shrinkage=0.0529975


Tree=182
num_leaves=22
num_cat=0
split_feature=17 39 39 39 13 29 19 30 8 39 19 29 19 10 29 30 34 37 37 19 2
split_gain=0.219072 0.824511 0.577381 0.17952 0.312513 0.103569 0.454514 0.315272 0.154645 0.0759253 0.227787 0.164137 0.143609 0.130417 0.0491098 0.0303814 0.0300735 0.0236357 0.0235492 0.0157528 0.00467763
threshold=-1.39396473237739 -1.1741975069907229 -0.93811630948125224 -1.0567165156606251 1.2113506376484462 -0.39570657290621386 -0.89853941475979127 1.120825799461141 1.3501313626329754 -0.61067574593307838 0.30064614087418168 0.67203377572161016 0.84812112690812347 -0.76344236489555251 -0.98212594115767571 0.29145264897337181 -0.38171799968924697 1.7717470369057258 2.0509306466212647 -0.71884319282591702 0.0872991134250381
decision_type=2 2 2 2 2 2 2 2 2 2 2 2 2 2 2 2 2 2 2 2 2
left_child=2 -2 -1 4 -3 6 -5 8 9 10 11 -7 15 -12 -8 -11 18 20 19 -16 -18
right_child=1 3 -4 5 -6 7 14 -9 -10 12 13 -13 -14 -15 16 -17 17 -19 -20 -21 -22
leaf_value=0.011182222843605358 -0.011173065171298886 0.008836448351960324 -0.0014966058430148405 0.0084357871573961154 -0.0015375597934092916 0.00052617919878827988 -0.0025731216860053912 -0.0072956604955586998 -0.0049597495029534491 1.7714872676019389e-05 0 -0.0044599681648402898 -0.0054324931273807865 0.0076184789463636963 -0.0013317586152035384 -0.0013922860866060636 0.00078260113037039987 0.0029815822727788104 -0.0020593524861502645 0.00043004335386248897 -2.6513694236702967e-07
leaf_weight=11.000000000000002 12.999999999999998 11.000000000000002 20 13.999999999999998 10.999999999999998 151 12.999999999999998 12.999999999999998 12.999999999999998 165 11.000000000000002 14.999999999999998 10.999999999999998 12.999999999999998 10.999999999999998 48 25 10.999999999999998 10.999999999999998 71 20
leaf_count=11 13 11 20 14 11 151 13 13 13 165 11 15 11 13 11 48 25 11 11 71 20
internal_value=-5.8893e-05 -0.000291736 0.00389677 2.11088e-05 0.00418162 -0.000155132 0.000896847 -0.000597985 -0.000279732 -4.74315e-05 0.000701933 -2.35494e-05 -0.000715151 0.00495431 0 -0.00029756 0.00028012 0.00120857 -0.000247735 3.96837e-05 0.000338578
internal_weight=682 651 31 638 22 616 176 440 427 414 190 166 224 24 162 213 149 56 93 82 45
internal_count=682 651 31 638 22 616 176 440 427 414 190 166 224 24 162 213 149 56 93 82 45
is_linear=0
shrinkage=0.0529975


Tree=183
num_leaves=22
num_cat=0
split_feature=25 15 30 29 47 16 30 29 4 19 6 39 30 10 9 19 6 36 25 0 10
split_gain=0.206926 1.37729 0.545435 0.324851 1.17557 0.313207 0.167205 0.25438 0.157 0.0970523 0.0552315 0.0354545 0.0991196 0.0437765 0.071883 0.0404969 0.0292961 0.0288984 0.0229607 0.0192131 0.0131898
threshold=-1.1505461041247356 0.9320235755932279 -1.367380808596151 0.90830313251086625 0.60404435919047483 1.0266998703525765 1.1448567224677055 -0.47931416234320662 -1.1566849254160758 0.79929482605924529 0.66526872116487523 -0.9002788601712034 0.2567125861955567 1.5086009333590982 -1.4687597941215982 -0.1457840957559802 1.0215876099118384 -1.1916931030113087 -0.82230469119089789 -0.13804594556079655 0.29736795894562812
decision_type=2 2 2 2 2 2 2 2 2 2 2 2 2 2 2 2 2 2 2 2 2
left_child=2 3 -1 6 -5 -4 9 -8 10 11 -7 12 17 14 15 -13 -12 20 -16 -19 -2
right_child=1 -3 5 4 -6 8 7 -9 -10 -11 16 13 -14 -15 18 -17 -18 19 -20 -21 -22
leaf_value=0.010883804601035694 0 -0.014087063684873894 0.0063430717508756998 0.014416471720228689 -0.0049780175430202845 0.001840473378245777 0.00086415479974616546 -0.0084022604082572751 -0.0059306578567390588 -0.0039582887500555714 -0.0029643807051334859 -0.0043032273528106979 0.0036299451354146845 0.002020122635647101 -0.0011909027165377213 -0.0002393494228781116 0 0.0016524596591000712 0.00013133401379384783 -0.00032050607660351913 -0.0022199298935316821
leaf_weight=10.999999999999998 11.000000000000002 13.999999999999998 11.999999999999998 12.000000000000002 11.999999999999998 20 12.000000000000002 10.999999999999998 10.999999999999998 10.999999999999998 11.000000000000002 12.000000000000002 23 20 35 19 12.999999999999998 22 362 14.999999999999998 12.999999999999998
leaf_count=11 11 14 12 12 12 20 12 11 11 11 11 12 23 20 35 19 13 22 362 15 13
internal_value=-5.78884e-05 -0.000406791 0.00239688 4.45722e-05 0.00542977 0.000128216 -0.000226093 -0.00414782 -0.00160351 -3.76607e-06 0 0.000108225 0.0010735 -6.91677e-05 -0.000209454 -0.00244376 -0.00149532 -2.47732e-05 0 0.000757012 -0.00137327
internal_weight=682 604 78 590 24 67 566 23 55 543 44 532 84 448 428 31 24 61 397 37 24
internal_count=682 604 78 590 24 67 566 23 55 543 44 532 84 448 428 31 24 61 397 37 24
is_linear=0
shrinkage=0.0529975


Tree=184
num_leaves=31
num_cat=0
split_feature=13 29 3 29 30 19 12 28 29 13 28 45 5 13 30 51 47 28 28 7 2 30 18 12 8 37 16 2 19 8
split_gain=0.203639 0.277112 0.61862 0.0926646 0.264176 0.148307 0.122591 0.280012 0.104416 0.0978689 0.0592997 0.100231 0.0591237 0.05503 0.072373 0.0526069 0.0775798 0.0368143 0.060528 0.0339013 0.0313491 0.0307654 0.0287133 0.0246517 0.0229014 0.0205429 0.0196574 0.0150714 0.0123104 0.0118079
threshold=1.9943942564294705 0.90830313251086625 -0.033828524743000084 -0.15937698407371889 0.78580018180191746 0.79929482605924529 0.77957234273251219 -0.867791388365038 0.14814661164550594 0.02674618872330704 -0.78389879730128298 0.61917383366108469 -0.075867253542055271 0.056863250984115661 0.2567125861955567 1.0000000180025095e-35 0.32550598666315644 -0.65305232067043273 -0.59219080463487817 -0.96292450118651229 1.4103060219333883 0.35904420432065115 0.69997745110616483 0.67766316330900811 0.52028271794060099 -0.74710953075000652 0.87210267098015593 -0.23450893579348234 0.11175801341928664 1.2010264402420152
decision_type=2 2 2 2 2 2 2 2 2 2 2 2 2 2 2 2 2 2 2 2 2 2 2 2 2 2 2 2 2 2
left_child=1 3 -3 6 5 12 10 -8 -6 19 11 -1 22 21 20 16 -11 -12 -19 -9 -15 28 25 24 -20 27 -24 -5 -14 -28
right_child=-2 2 -4 4 8 -7 7 9 -10 15 17 -13 13 14 -16 -17 -18 18 23 -21 -22 -23 26 -25 -26 -27 29 -29 -30 -31
leaf_value=-0.0049590116716567278 -0.0057928797484365644 -0.0015496238839998718 0.012001977265386966 -0.0033450125410800606 -0.00052562844520028711 -0.0048298892625864556 0.0082845660188084775 -0.0030929453926381179 -0.0082032004740523069 0.0051840184877530813 0.002185418535072522 0.00071288414352983971 0.00099136488815971613 0.0010501950570965895 0.0037567073196731675 -0.00010441909109750654 0 -0.0028715242054627482 0.00029579718293977481 0 -0.0012313854576784251 -0.0019147542091348983 0.0011443567605026604 0.0020500742409576647 -0.0011687230609474667 0 -0.0018514665334376035 -0.00024956780384666921 -0.00021570210174581253 0
leaf_weight=12.000000000000002 10.999999999999998 17.000000000000004 10.999999999999998 19.999999999999996 11.000000000000002 12.999999999999998 10.999999999999998 12.000000000000002 11.999999999999998 16.000000000000004 15.999999999999998 10.999999999999998 28 53 22 14.999999999999998 14.999999999999998 13.999999999999998 136 19 15.999999999999998 19 17 11.999999999999998 32 14.999999999999998 11.000000000000002 13.000000000000002 58 13.999999999999998
leaf_count=12 11 17 11 20 11 13 11 12 12 16 16 11 28 53 22 15 15 14 136 19 16 19 17 12 32 15 11 13 58 14
internal_value=-5.80041e-05 7.61701e-05 0.00474668 -0.000158427 -0.00079448 -0.000295267 0.000461116 0.00208292 -0.00564024 0.000578268 -0.000159076 -0.00241903 0 0.000520297 0.00144383 0.00208344 0.00317621 0.000116391 -7.97349e-05 -0.0014421 0.000371845 -0.00025193 -0.00107715 0.000185427 0 -0.00188582 0 -0.00253059 0.000140375 -0.000899825
internal_weight=682 671 28 643 322 299 321 88 23 77 233 23 286 196 91 46 31 210 194 31 69 105 90 180 168 48 42 33 86 25
internal_count=682 671 28 643 322 299 321 88 23 77 233 23 286 196 91 46 31 210 194 31 69 105 90 180 168 48 42 33 86 25
is_linear=0
shrinkage=0.0529975


Tree=185
num_leaves=26
num_cat=0
split_feature=29 39 30 29 30 47 10 37 29 12 28 36 10 53 28 45 25 28 28 39 7 27 45 12 6
split_gain=0.198788 0.230549 0.332684 0.0821585 0.306668 0.206985 0.169125 0.131896 0.112253 0.108072 0.266886 0.0852659 0.0688056 0.0628123 0.0547533 0.0937086 0.0408464 0.0340436 0.0561021 0.0342479 0.0316283 0.0213035 0.0208708 0.0183192 0.0168492
threshold=1.9619634837178215 -1.0567165156606251 -0.2184961416748705 -0.15937698407371889 0.58764190694955731 0.60404435919047483 -0.092500918976306454 1.6207810849854718 0.63456062746308672 0.77957234273251219 -0.867791388365038 -0.066276268205681901 1.1200048726415253 1.0000000180025095e-35 -0.78389879730128298 0.61917383366108469 -1.1731927572386003 -0.65305232067043273 -0.59219080463487817 1.8332589020591132 -0.96292450118651229 -0.40254349457942057 -0.39999725537397507 -1.4985551606259169 1.0167876841475409
decision_type=2 2 2 2 2 2 2 2 2 2 2 2 2 2 2 2 2 2 2 2 2 2 2 2 2
left_child=1 2 -1 9 7 6 -6 8 16 14 -11 12 -12 -10 15 -3 -5 -16 -19 21 -13 -20 -14 -18 -25
right_child=-2 3 -4 4 5 -7 -8 -9 13 10 11 20 22 -15 17 -17 23 18 19 -21 -22 -23 -24 24 -26
leaf_value=0.0088506061295092909 -0.0055612238561071484 -0.0047837665458509331 -0.00040314452523445551 -0.0026812252568824148 0.0024366674675514854 -0.0095572084330912636 -0.0043044799101355944 -0.0046047272403393381 0.0053911668743327401 0.008000407454797449 0.0042549274113453028 -0.0029836446448232466 0.0016107906810561056 0.00023941091975884188 0.0021011708286850367 0.0006884324238579663 0.0013120539420577533 -0.0027649766168632091 0.00089748737593195211 0.0019356939781535656 0 -0.0004516565650518272 -0.00076342845453258423 -0.00038650389094854715 0.00084027662992424421
leaf_weight=13.999999999999998 11.999999999999998 12.000000000000002 20 10.999999999999998 12.000000000000002 10.999999999999998 18 10.999999999999998 11.000000000000002 10.999999999999998 14.999999999999998 12.000000000000002 10.999999999999998 17 15.999999999999998 10.999999999999998 21 13.999999999999998 37 21 19 122 19.000000000000004 174 30
leaf_count=14 12 12 20 11 12 11 18 11 11 11 15 12 11 17 16 11 21 14 37 21 19 122 19 174 30
internal_value=-5.85654e-05 7.81138e-05 0.00398824 -0.000155337 -0.000762415 -0.00472119 -0.00145726 -5.91868e-05 0.000202402 0.000425723 0.00195949 0.000478835 0.00191451 0.0030627 -0.000152541 -0.0023246 -0.000175574 0.000110945 -7.63506e-05 0.000177611 -0.00138893 -7.41654e-05 3.63934e-05 0 -0.000153992
internal_weight=682 670 34 636 316 41 30 275 264 320 87 76 45 28 233 23 236 210 194 180 31 159 30 225 204
internal_count=682 670 34 636 316 41 30 275 264 320 87 76 45 28 233 23 236 210 194 180 31 159 30 225 204
is_linear=0
shrinkage=0.0529975


Tree=186
num_leaves=13
num_cat=0
split_feature=26 8 30 30 35 19 29 26 30 47 19 47
split_gain=0.19347 0.532927 1.49528 0.503342 0.452891 0.149206 0.0933304 0.0480501 0.0643404 0.0428335 0.0412431 0.0320834
threshold=-2.4089509458886917 1.7394377131769621 -1.4744917322181113 -1.2395848496026971 -1.3826553934288939 0.76820330720288033 0.88506091518751828 0.77999256740898393 1.3147074542432582 0.46477517292681564 -0.42215834631899646 0.74331354545413408
decision_type=2 2 2 2 2 2 2 2 2 2 2 2
left_child=-1 2 -2 -4 -3 6 7 8 9 -5 -9 -12
right_child=1 4 3 5 -6 -7 -8 10 -10 -11 11 -13
leaf_value=0.0055164225477096649 0.015616521410472456 -0.012812751597548419 -0.0093082918911050454 0.00013924471646466197 0.00026705814969277145 0.0048332315718426317 -0.0033726243809380778 0.0031648047508813742 -0.0033576090308064573 -0.00097323855071777278 -0.00025037486088171095 0.0014189316718009192
leaf_weight=10.999999999999998 10.999999999999998 11.000000000000002 10.999999999999998 325 10.999999999999998 10.999999999999998 19 12.999999999999998 12.999999999999998 128 74 44
leaf_count=11 11 11 11 325 11 11 19 13 13 128 74 44
internal_value=-5.45248e-05 -0.000204221 9.31387e-05 -0.000306577 -0.00736691 -5.09362e-05 -0.000195137 -4.9895e-05 -0.000313781 -0.00016849 0.000810476 0.000354266
internal_weight=682 671 649 638 22 627 616 597 466 453 131 118
internal_count=682 671 649 638 22 627 616 597 466 453 131 118
is_linear=0
shrinkage=0.0529975


Tree=187
num_leaves=14
num_cat=0
split_feature=17 39 39 39 13 29 8 19 8 10 39 1 19
split_gain=0.19626 0.759253 0.527553 0.155136 0.293768 0.0984719 0.0978394 0.0750427 0.0530603 0.0827516 0.0475788 0.0534093 0.0357949
threshold=-1.39396473237739 -1.1741975069907229 -0.93811630948125224 -1.0567165156606251 1.2113506376484462 0.80607140098567553 1.5895402411079365 0.79929482605924529 1.0153674757159228 0.88214562123173634 -0.9002788601712034 1.8425569590517645 -0.093817954245777643
decision_type=2 2 2 2 2 2 2 2 2 2 2 2 2
left_child=2 -2 -1 4 -3 6 7 8 10 -10 12 -12 -5
right_child=1 3 -4 5 -6 -7 -8 -9 9 -11 11 -13 -14
leaf_value=0.010661904854423882 -0.010713309796736674 0.0084261594974238702 -0.0014458524161442316 0.0024304982283581546 -0.0015973747020863697 -0.0032653186463837578 0.0038564293124941002 -0.0035808528278489429 -0.0039950699010544736 0.00049901032259725038 5.9145461881574143e-05 -0.0026667515171496831 0
leaf_weight=11.000000000000002 12.999999999999998 11.000000000000002 20 35 10.999999999999998 21 11.999999999999998 10.999999999999998 17 15.999999999999998 462 14.999999999999998 27
leaf_count=11 13 11 20 35 11 21 12 11 17 16 462 15 27
internal_value=-5.0152e-05 -0.00027113 0.0036934 2.85689e-05 0.00389622 -0.000134562 0 -0.000110268 0 -0.00189533 0.000128121 -4.4157e-05 0.00144328
internal_weight=682 651 31 638 22 616 595 583 572 33 539 477 62
internal_count=682 651 31 638 22 616 595 583 572 33 539 477 62
is_linear=0
shrinkage=0.0529975


Tree=188
num_leaves=20
num_cat=0
split_feature=13 39 30 7 29 29 19 30 25 39 13 31 19 10 11 38 6 45 29
split_gain=0.185237 0.340186 0.505145 0.160974 0.356142 0.0477283 0.169828 0.148289 0.0732943 0.0569688 0.0713868 0.0542252 0.043888 0.0355435 0.0345701 0.0488265 0.0170578 0.016004 0.0140753
threshold=1.9943942564294705 -1.0567165156606251 -0.2184961416748705 -2.3273358155400112 0.88506091518751828 -0.013061300622848169 -0.65023692210784045 -1.0937516901648248 -1.2685602186376721 -0.48469126969849824 0.11709737550573292 -0.067126814416177558 -0.78831803872658812 1.069344906450419 -0.53083416844541564 0.079049822033645578 0.12679605094489688 -0.5132384874889816 -0.11940273337585648
decision_type=2 2 2 2 2 2 2 2 2 2 2 2 2 2 2 2 2 2 2
left_child=1 2 -1 -3 5 8 -7 -8 13 10 11 -10 -11 -5 15 -9 -16 -14 -12
right_child=-2 3 -4 4 -6 6 7 14 9 12 18 -13 17 -15 16 -17 -18 -19 -20
leaf_value=0.011425358568347739 -0.0055186431477400703 0.0047213758533167782 -0.00039253426619233434 0.0040587923775921306 -0.0069774998818566726 -0.0056752728965937197 -0.0047340811585533226 -0.00017940462044736393 0.0038242560648040057 -0.002744040030514084 -0.0014868966459136248 0.00012318880162355046 0.00051240130776194722 0 2.677404516209491e-06 0.001946519004043243 -0.0012582157697593947 -0.0003785231469156085 0.00031988217530564848
leaf_weight=11.999999999999998 10.999999999999998 11.999999999999998 20 14.000000000000002 15.999999999999998 11.999999999999998 12.999999999999998 54 26 13.999999999999998 17.000000000000004 24 68 12.999999999999998 53 49 42 200 11.999999999999998
leaf_count=12 11 12 20 14 16 12 13 54 26 14 17 24 68 13 53 49 42 200 12
internal_value=-4.82249e-05 7.92233e-05 0.00495906 -0.000198153 -0.000347174 -9.61036e-05 -0.000711774 -0.000248274 0.000245468 7.33422e-06 0.00123071 0.00237591 -0.00032962 0.00263778 0.000142509 0.000819323 -0.000527219 -0.000120709 -0.000612974
internal_weight=682 671 32 639 627 611 223 211 388 361 79 50 282 27 198 103 95 268 29
internal_count=682 671 32 639 627 611 223 211 388 361 79 50 282 27 198 103 95 268 29
is_linear=0
shrinkage=0.0529975


Tree=189
num_leaves=20
num_cat=0
split_feature=17 30 19 19 45 29 1 4 45 19 19 34 5 47 29 26 13 14 1
split_gain=0.181529 0.741215 0.50279 0.116006 0.110377 0.346072 0.193663 0.144174 0.0796401 0.061048 0.0639475 0.0619053 0.048212 0.0429103 0.0395723 0.0314086 0.0310117 0.00932166 0.00130452
threshold=-1.39396473237739 -1.367380808596151 0.50703029617112583 0.76820330720288033 -1.0794446480640147 0.88506091518751828 -0.62057194970992546 -0.8173766785330655 -0.96620341594900816 -0.89269806438786092 -0.66572236260676454 -0.66383918718959734 0.3393197272338318 0.53440976605864532 -0.055057563883069295 0.34206751170184141 -0.063604998059118803 -0.19513974660354319 -0.17857233220749644
decision_type=2 2 2 2 2 2 2 2 2 2 2 2 2 2 2 2 2 2 2
left_child=2 -2 -1 4 6 8 7 -3 12 -10 11 -11 -6 14 17 -15 -12 -8 -16
right_child=1 3 -4 -5 5 -7 13 -9 9 10 16 -13 -14 15 18 -17 -18 -19 -20
leaf_value=-0.0014486076673139057 -0.010058425230378839 7.7078499195184588e-05 0.010361757386197204 0.0040321127166353301 -0.0043682194682903913 -0.0070606679355431235 0.0014174413303636516 0.0083387380147505984 0.0025607620638796705 0.00034082669707882372 -0.00030299529781898033 -0.003668128703415147 0 -2.1284891250097312e-05 -0.0028181585141554056 0.0028709168990115994 0.0005795851315383582 -8.0519474285847066e-05 -0.00058092832646582657
leaf_weight=20.000000000000004 14.999999999999998 12.000000000000002 10.999999999999998 13.999999999999998 13.000000000000002 14.999999999999998 11.000000000000002 10.999999999999998 20 11.999999999999998 229 20 10.999999999999998 12.000000000000002 11.000000000000002 14.999999999999998 201 12.999999999999998 15.999999999999998
leaf_count=20 15 12 11 14 13 15 11 11 20 12 229 20 11 12 11 15 201 13 16
internal_value=-4.633e-05 -0.000259254 0.00355357 5.27686e-05 -6.33218e-05 -0.000388356 0.00147586 0.00517652 -9.65419e-05 5.35154e-05 -7.1519e-05 -0.00216441 -0.0027513 9.84389e-06 -0.000791273 0.00160355 9.5837e-05 0.000519301 -0.00205057
internal_weight=682 651 31 636 622 521 101 23 506 482 462 32 24 78 51 27 430 24 27
internal_count=682 651 31 636 622 521 101 23 506 482 462 32 24 78 51 27 430 24 27
is_linear=0
shrinkage=0.0529975


Tree=190
num_leaves=27
num_cat=0
split_feature=47 29 19 30 29 28 31 30 16 13 23 39 29 1 46 39 19 10 44 29 39 14 37 12 30 6
split_gain=0.173981 0.833653 0.710577 0.590346 0.524161 0.0754772 0.0535038 0.0529582 0.050551 0.0467972 0.0505375 0.0454584 0.0408355 0.0343963 0.0293151 0.0296072 0.0280518 0.0212028 0.0200001 0.0182083 0.0143708 0.00885083 0.00873125 0.00714503 0.00652067 0.00402533
threshold=0.60404435919047483 0.88506091518751828 1.0723426282595778 -1.0937516901648248 0.86516195744978364 -1.107194503700726 0.19502158590233212 1.100154062415069 -0.28763504926893241 -0.063604998059118803 0.61218953703393619 -0.54042203252699628 0.29933741045349194 -0.065157785914406616 1.0000000180025095e-35 -1.0567165156606251 -0.10851345830801649 -0.2600355954460371 1.0000000180025095e-35 0.31624251926828922 -0.66179316143795452 1.7338775194978382 0.41925754983934965 -1.1080163360555546 -0.28183426361672043 -0.81944603323180698
decision_type=2 2 2 2 2 2 2 2 2 2 2 2 2 2 2 2 2 2 2 2 2 2 2 2 2 2
left_child=2 6 3 -1 5 -5 8 9 12 10 16 -12 24 -10 18 -16 -7 19 -11 20 -8 22 23 -22 -2 -21
right_child=1 -3 -4 4 -6 7 17 -9 13 14 11 -13 -14 -15 15 -17 -18 -19 -20 25 21 -23 -24 -25 -26 -27
leaf_value=-0.0093721504919035744 0 -0.011644174557525125 0.0097923398944896115 -0.0032153059559737575 0.0092789181467144502 -0.0015849986675347777 0.001799062826149702 0.0025655155165267836 -0.0011348622487866911 0.00041041094550962784 0.0026619549295397397 -0.00033216806676162984 -0.0046680399583997854 0.0016767276664349682 -0.0019198035099352467 0.00033097181209404674 -2.201574329933696e-07 0.0022783903264168895 0.0021824621145895107 0 -0.0015415394064678372 0.00098897453785195275 0.00035248566403198021 0 -0.0013507295981207939 -0.0014633383009382865
leaf_weight=11.999999999999998 13.999999999999998 13.999999999999998 15.999999999999998 12.999999999999998 11.999999999999998 90 14.999999999999998 19 21 60 17 26 10.999999999999998 15.999999999999998 12.999999999999998 114 60 10.999999999999998 36 12.000000000000002 12.999999999999995 15.999999999999998 17 12.000000000000005 11.000000000000002 10.999999999999998
leaf_count=12 14 14 16 13 12 90 15 19 21 60 17 26 11 16 13 114 60 11 36 12 13 16 17 12 11 11
internal_value=-4.37607e-05 -0.00137135 0.000480112 3.09473e-05 0.000408678 3.6279e-05 -0.000185161 0.00019169 -0.00126482 3.18039e-05 -0.000545568 0.000889913 -0.00252786 0 0.000563205 0 -0.00102024 0.000517649 0.00123265 0.000125331 0.000591675 3.09656e-05 -0.000266427 -0.000899398 -0.000639961 -0.000930192
internal_weight=682 194 488 472 460 448 180 435 73 416 193 43 36 37 223 127 150 107 96 96 73 58 42 25 25 23
internal_count=682 194 488 472 460 448 180 435 73 416 193 43 36 37 223 127 150 107 96 96 73 58 42 25 25 23
is_linear=0
shrinkage=0.0529975


Tree=191
num_leaves=15
num_cat=0
split_feature=29 29 19 29 19 8 13 19 29 13 9 30 0 5
split_gain=0.188966 0.243533 0.60532 0.0735269 0.179596 0.0906211 0.0717932 0.119708 0.0379452 0.169009 0.0464472 0.0253683 0.0332712 0.0234113
threshold=1.9619634837178215 0.90830313251086625 0.51248132294284898 -0.8996447736816684 -1.0115814289029357 0.65709935812043507 1.7584772687198031 0.79929482605924529 0.51841408575409187 0.20744856228815881 0.0093833319795954082 0.99608930189529632 -0.49365500139314838 -0.50797408465712168
decision_type=2 2 2 2 2 2 2 2 2 2 2 2 2 2
left_child=1 3 -3 5 -5 -1 7 8 11 -10 -11 13 -13 -6
right_child=-2 2 -4 4 6 -7 -8 -9 9 10 -12 12 -14 -15
leaf_value=0 -0.0054087564006280045 -0.0028215622122252687 0.01115125098109335 -0.0054830542704852551 -0.00056228614924973611 0.0050183862061566548 0.0031866748567109826 -0.004344662182257421 -0.0058191893661638499 -0.0014387982655367233 0.0016948087700179419 0.0031424834530055768 0 0.00021734499373072665
leaf_weight=19.000000000000004 11.999999999999998 12.000000000000002 11.999999999999998 11.999999999999998 149 10.999999999999998 11.999999999999998 12.999999999999998 10.999999999999998 15.999999999999998 25 11.000000000000002 18 349
leaf_count=19 12 12 12 12 149 11 12 13 11 16 25 11 18 349
internal_value=-4.25223e-05 9.03827e-05 0.00476456 -0.000114781 -0.000258605 0.0021955 -9.04785e-05 -0.000199876 -5.12949e-05 -0.00134527 0.000295766 7.69776e-05 0.00145799 -5.97422e-06
internal_weight=682 670 24 646 616 30 604 592 579 52 41 527 29 498
internal_count=682 670 24 646 616 30 604 592 579 52 41 527 29 498
is_linear=0
shrinkage=0.0529975


Tree=192
num_leaves=16
num_cat=0
split_feature=39 19 29 29 19 47 51 25 29 45 39 6 37 39 23
split_gain=0.178001 0.298623 0.120947 0.0601918 0.176537 0.0928776 0.0359223 0.0572998 0.0376911 0.0264555 0.0362433 0.0218337 0.0197216 0.0104503 0.00271351
threshold=-1.1840427946005181 0.86932162594016515 0.88506091518751828 -0.8996447736816684 -1.0115814289029357 0.18623680039949722 1.0000000180025095e-35 -1.2685602186376721 0.39048142773410505 1.4118624584661312 -0.87146903083684413 -0.2583835208413075 -0.55685107079571161 -0.19406547368128227 -0.21228655285817707
decision_type=2 2 2 2 2 2 2 2 2 2 2 2 2 2 2
left_child=-1 2 3 5 -5 -2 7 -6 11 10 -9 13 -13 -8 -11
right_child=1 -3 -4 4 6 -7 8 9 -10 14 -12 12 -14 -15 -16
leaf_value=-0.0052499792836302895 -6.2747730161278418e-05 0.0055550713690652757 -0.0039040968944197806 -0.0052892903638880329 0.002635233584111895 0.004980910869975614 0.0016601268337387322 0.0012101172635822991 -0.0029058249580346225 -7.5992256147981157e-07 0 -0.0016800724247915961 0 0 -0.0015293727651599844
leaf_weight=11.999999999999998 19.000000000000004 21 17 11.999999999999998 21 10.999999999999998 10.999999999999998 79 13.999999999999998 14.999999999999998 332 32 41 24 21
leaf_count=12 19 21 17 12 21 11 11 79 14 15 332 32 41 24 21
internal_value=-4.16129e-05 8.70812e-05 -0.000128422 0 -0.000115856 0.00211422 2.98049e-05 0.000253337 -0.000744808 9.26155e-05 0.000233161 -0.000265289 -0.000810219 0.000653172 -0.00114982
internal_weight=682 670 649 632 602 30 590 468 122 447 411 108 73 35 36
internal_count=682 670 649 632 602 30 590 468 122 447 411 108 73 35 36
is_linear=0
shrinkage=0.0529975


Tree=193
num_leaves=20
num_cat=0
split_feature=13 39 30 7 31 28 47 5 30 39 13 37 19 30 9 34 34 31 34
split_gain=0.168954 0.313864 0.436389 0.153551 0.342807 0.0768586 0.248438 0.10321 0.0871379 0.0598922 0.0993677 0.0643986 0.0618498 0.0530619 0.0389157 0.0326831 0.0463044 0.0217503 0.0157726
threshold=1.9943942564294705 -1.0567165156606251 -0.2184961416748705 -2.3273358155400112 -1.8979523070786724 -0.32062267356645996 0.60404435919047483 0.50019352231405556 1.3147074542432582 -0.66602670239464246 -0.25434639237757339 2.0509306466212647 0.72545351707786432 0.49548770254054531 1.0000000180025095e-35 1.4695003799145996 0.95621727795921285 0.81238555883353958 1.9155852887045843
decision_type=2 2 2 2 2 2 2 2 2 2 2 2 2 2 2 2 2 2 2
left_child=1 2 -1 -3 -5 6 7 8 13 10 -7 12 17 -6 -13 16 -12 -11 -17
right_child=-2 3 -4 4 5 9 -8 -9 -10 11 15 14 -14 -15 -16 18 -18 -19 -20
leaf_value=0.010769678033947565 -0.0052681113912296266 0.0046165053088988543 -0.0002215047723629505 -0.0069973710907235438 -0.001484390150448768 0.0051265760647207113 -0.0060154533634717471 0.0031513140276082886 -0.0040947690177028286 0.00014536403193833347 0.00024391693437746559 0.0038926291579169073 -0.0030631380863422762 0.00045184755832616591 0 -0.0019969971504766931 0.0031184729092388155 -0.0009984897281970855 7.4510912416966637e-05
leaf_weight=11.999999999999998 10.999999999999998 11.999999999999998 20 14.999999999999998 55 10.999999999999998 18 15.999999999999998 12.999999999999998 196 69 11.000000000000002 15.999999999999998 102 11.999999999999998 11.000000000000002 18 53 10.999999999999998
leaf_count=12 11 12 20 15 55 11 18 16 13 196 69 11 16 102 12 11 18 53 11
internal_value=-4.31568e-05 7.80841e-05 0.00476552 -0.000187947 -0.000333794 -9.28583e-05 -0.000926502 -0.000225151 -0.000679164 0.000314475 0.0012822 -8.29138e-05 -0.000357652 -0.000213256 0.00226102 0.000586404 0.00107649 -8.84704e-05 -0.000917643
internal_weight=682 671 32 639 627 612 204 186 170 408 120 288 265 157 23 109 87 249 22
internal_count=682 671 32 639 627 612 204 186 170 408 120 288 265 157 23 109 87 249 22
is_linear=0
shrinkage=0.0529975


Tree=194
num_leaves=23
num_cat=0
split_feature=29 29 47 29 30 30 39 7 39 16 30 10 45 12 39 39 39 30 17 3 50 8
split_gain=0.171395 0.222711 0.796538 0.0713323 0.313159 0.10553 0.249043 0.105882 0.104679 0.0805282 0.0605886 0.0424725 0.0406888 0.0324615 0.0527733 0.0293208 0.0297553 0.0273418 0.0227852 0.0216027 0.0241068 0.00359144
threshold=1.9619634837178215 0.90830313251086625 0.60404435919047483 0.14814661164550594 0.81629638730175846 1.0659237897487761 -0.40719590138638256 -2.0381597474118105 -0.7385005568059213 1.4999761273511085 0.37223311871329673 0.34304366759589916 1.2986212263511245 -0.057577921348720376 1.8998175133410089 1.7707609656411838 -0.47689664898134465 -0.0087200035789157526 1.7361732673094317 -0.74409147664140096 1.0000000180025095e-35 0.47669949673689971
decision_type=2 2 2 2 2 2 2 2 2 2 2 2 2 2 2 2 2 2 2 2 2 2
left_child=1 3 -3 5 8 7 -7 -1 10 13 11 19 18 15 17 16 -9 -15 -10 -5 -21 -13
right_child=-2 2 -4 4 -6 6 -8 9 12 -11 -12 21 -14 14 -16 -17 -18 -19 -20 20 -22 -23
leaf_value=-0.0037874346737639553 -0.0051502235837036312 0.011962465632537876 -0.0039787096970186403 0.0020569470658461427 -0.0078806990548891398 0.0065076690844900822 -0.001418275428982106 0.001501659446617848 -0.0036414414434642662 0.0032806392485738877 0.0027682410673025809 -9.7003566118851944e-05 0.0001034896231866207 0.00046735691609374453 -0.0027886410685076771 0.0026037103816991076 -9.5544713013348537e-05 -0.00068027693177078634 -6.2885892537663167e-05 -0.00070355372381508989 0.0015881295782269181 -0.0022004318013898114
leaf_weight=13.999999999999998 11.999999999999998 12.000000000000002 11.999999999999998 15.999999999999998 10.999999999999998 17 15.999999999999998 35 27 15.999999999999998 22 12.000000000000002 10.999999999999998 101 18 11.999999999999998 130 116 10.999999999999998 34 12.999999999999998 13.999999999999998
leaf_count=14 12 12 12 16 11 17 16 35 27 16 22 12 11 101 18 12 130 116 11 34 13 14
internal_value=-3.91696e-05 8.69122e-05 0.00455702 -0.000108831 -0.00102467 0.000215016 0.0028585 -2.37728e-06 -0.000243592 0.000155958 0.000615782 0 -0.00217222 0 -0.000414542 0.000521466 0.000243188 -0.000116599 -0.00291406 0.000685175 0 -0.00164803
internal_weight=682 670 24 646 171 475 33 442 160 428 111 89 49 412 235 177 165 217 38 63 47 26
internal_count=682 670 24 646 171 475 33 442 160 428 111 89 49 412 235 177 165 217 38 63 47 26
is_linear=0
shrinkage=0.0529975


Tree=195
num_leaves=23
num_cat=0
split_feature=17 39 39 6 30 19 3 3 53 30 29 6 26 37 10 47 11 37 31 13 24 5
split_gain=0.17115 0.706788 0.478102 0.130624 0.590746 0.170981 0.102798 0.10206 0.0915445 0.0828441 0.0844184 0.22637 0.0639989 0.0488357 0.0397208 0.0435167 0.0332805 0.0527255 0.0502047 0.00490541 0.00127511 0.00213237
threshold=-1.39396473237739 -1.1741975069907229 -0.93811630948125224 -0.71207127959319683 -0.69688695681209445 0.84812112690812347 1.3170987480888836 -0.32293053028958524 0.35627397084393697 1.3147074542432582 0.67203377572161016 -0.24190902949609092 1.5062251613556665 -0.6602524077273918 -1.195135951272327 0.67367895232230446 -0.583968450425425 2.0054340583713257 0.73806589905872177 -0.37481464142080784 1.6259463846563105 0.23758617016408462
decision_type=2 2 2 2 2 2 2 2 2 2 2 2 2 2 2 2 2 2 2 2 2 2
left_child=2 -2 -1 4 -3 6 9 12 -8 10 16 -12 19 14 15 -9 18 -18 -5 -6 21 -15
right_child=1 3 -4 5 7 -7 8 13 -10 -11 11 -13 -14 20 -16 -17 17 -19 -20 -21 -22 -23
leaf_value=0.010098181161285231 -0.010320692453394358 0.010417736294835759 -0.0014131828340653184 0 0.00033820403201754431 -0.0054621407707745803 0 0.0047772476454406949 0.005075422036525919 -0.0039451878736503345 -0.0070686658772551375 0.001644062702917346 -0.0043351977891901887 0 0 0.00025257911099934194 -6.8938293217683379e-05 -0.002595354377616617 0.002666430116220126 -0.00072716801351622854 0.0002772680658408915 -0.00052886781962299559
leaf_weight=11.000000000000002 12.999999999999998 11.999999999999998 20 73 13.999999999999998 11.999999999999998 16.000000000000004 15.999999999999998 12.999999999999998 11.999999999999998 11.000000000000002 10.999999999999998 11.999999999999998 14.999999999999998 21.000000000000004 13.999999999999998 291 20 23 16.000000000000004 12.999999999999998 23
leaf_count=11 13 12 20 73 14 12 16 16 13 12 11 11 12 15 21 14 291 20 23 16 13 23
internal_value=-3.80057e-05 -0.00024512 0.00345738 4.35228e-05 0.00135666 -0.00037861 -0.000166969 0.000168716 0.00257596 -0.000395105 -0.00022673 -0.00304375 -0.00181785 0.0011069 0.00217443 0.00325359 -1.55645e-05 -0.000299464 0.000799207 -6.24386e-05 0 -0.000219567
internal_weight=682 651 31 638 156 482 470 144 29 441 429 22 42 102 51 30 407 311 96 30 51 38
internal_count=682 651 31 638 156 482 470 144 29 441 429 22 42 102 51 30 407 311 96 30 51 38
is_linear=0
shrinkage=0.0529975


Tree=196
num_leaves=13
num_cat=0
split_feature=5 11 30 30 19 30 1 29 37 28 11 11
split_gain=0.163678 0.537973 1.32736 0.408807 0.125672 0.0569963 0.0447898 0.140184 0.0991654 0.0705019 0.0416335 0.0197435
threshold=-2.3413136089565394 1.7394377131769621 -1.4744917322181113 -1.2395848496026971 0.76820330720288033 1.2754480605365839 -0.60676820558872702 1.0039302244272565 -0.80708230617037946 -0.59219080463487817 0.52422876343117963 0.52028271794060099
decision_type=2 2 2 2 2 2 2 2 2 2 2 2
left_child=-1 2 -2 -4 5 6 8 9 10 -8 -5 -10
right_child=1 -3 3 4 -6 -7 7 -9 11 -11 -12 -13
leaf_value=0.0049399164018796926 0.014740514297470624 -0.0075128880509511319 -0.0083729389195732803 0.0040907604704904527 0.0044527237687313906 -0.0025500219235572693 -0.0019547271300773914 -0.0050443619220810858 0.00040664151583867951 0.00011061098167417141 0.00046882474874565934 -0.00099859090779840301
leaf_weight=11.999999999999998 10.999999999999998 21 10.999999999999998 22 10.999999999999998 21 46 10.999999999999998 53 397 23 43
leaf_count=12 11 21 11 22 11 21 46 11 53 397 23 43
internal_value=-3.56125e-05 -0.000178088 0.000115191 -0.000261029 -2.9711e-05 -0.000163139 -4.26722e-05 -0.000310435 0.000749464 -0.000111534 0.00264931 -0.000176009
internal_weight=682 670 649 638 627 616 595 454 141 443 45 96
internal_count=682 670 649 638 627 616 595 454 141 443 45 96
is_linear=0
shrinkage=0.0529975


Tree=197
num_leaves=20
num_cat=0
split_feature=17 19 19 19 45 29 21 39 45 19 6 31 19 5 39 46 31 29 34
split_gain=0.160638 0.672621 0.456341 0.121422 0.0926956 0.274839 0.166634 0.124889 0.0718671 0.0679224 0.0533824 0.0441018 0.0484295 0.0349828 0.0292169 0.0224972 0.0230631 0.0122661 0.00255319
threshold=-1.39396473237739 0.98085823280515616 0.50703029617112583 0.76820330720288033 -1.0794446480640147 0.88506091518751828 -0.62057194970992269 -0.77798543535057851 -0.96620341594900816 -0.97371853943483189 0.056919951754028551 0.66316656866874413 -0.48206000193395332 0.4713015167296678 -0.61769223460871203 -0.16873460557596429 0.38317884388747719 -0.38495990873772584 -0.45789633025701959
decision_type=2 2 2 2 2 2 2 2 2 2 2 2 2 2 2 2 2 2 2
left_child=2 3 -1 4 6 8 7 -2 10 -10 -6 12 -11 17 -13 -15 -17 -8 -19
right_child=1 -3 -4 -5 5 -7 13 -9 9 11 -12 14 -14 15 -16 16 -18 18 -20
leaf_value=-0.0013940978764085978 0.0077565222762753664 -0.0091390467824761512 0.0098457172006853194 0.004501795187722678 -0.0043018609429183669 -0.0062748320776693494 1.7216501412209159e-05 4.1903505837712003e-05 0.003185332539774482 -0.0014405349223671998 0 0.0018484897572850184 0 -0.00029979873307865246 4.5507920661665126e-05 0 0.0028830745713127283 -0.002139332573821436 -0.00022235018914106355
leaf_weight=20.000000000000004 11.000000000000002 17 10.999999999999998 10.999999999999998 13.000000000000002 14.999999999999998 10.999999999999998 11.999999999999998 12.999999999999998 80 10.999999999999998 42 276 11.999999999999998 72 12.000000000000002 15.999999999999998 11.999999999999998 15.000000000000002
leaf_count=20 11 17 11 11 13 15 11 12 13 80 11 42 276 12 72 12 16 12 15
internal_value=-3.13666e-05 -0.000232392 0.0033548 7.8907e-05 -3.02537e-05 -0.000328946 0.00138012 0.00481342 -6.8127e-05 7.32781e-05 -0.00259252 -3.71694e-05 -0.000342357 1.32378e-05 0.00082715 0.00110819 0.00186351 -0.00097454 -0.00151997
internal_weight=682 651 31 634 623 522 101 23 507 483 24 470 356 78 114 40 28 38 27
internal_count=682 651 31 634 623 522 101 23 507 483 24 470 356 78 114 40 28 38 27
is_linear=0
shrinkage=0.0529975


Tree=198
num_leaves=24
num_cat=0
split_feature=29 29 19 29 28 19 12 28 13 9 31 10 3 6 6 19 28 7 39 10 29 3 3
split_gain=0.156979 0.231997 0.506218 0.0754372 0.156858 0.108534 0.0917012 0.218001 0.0771948 0.0567967 0.105676 0.0500322 0.0486083 0.0466129 0.126268 0.0368269 0.0335673 0.0302398 0.0289593 0.0456445 0.0227299 0.0191854 0.00904165
threshold=1.9619634837178215 0.90830313251086625 0.51248132294284898 -0.15937698407371889 -0.68447518665947016 0.79929482605924529 0.77957234273251219 -0.867791388365038 0.02674618872330704 1.4436013126245439 1.6516263944686991 1.1200048726415253 1.5401712832328538 0.82293442168435027 0.67247960685382691 -0.55372344665266848 -0.48076603747191288 -0.96292450118651229 1.9088435546885634 1.0000000180025095e-35 0.64608805788372303 0.051831328752284529 0.16604446674599735
decision_type=2 2 2 2 2 2 2 2 2 2 2 2 2 2 2 2 2 2 2 2 2 2 2
left_child=1 3 -3 6 -5 9 12 -8 17 15 -11 -10 13 14 18 -6 -17 -9 21 -20 -18 -1 -13
right_child=-2 2 -4 4 5 -7 7 8 11 10 -12 22 -14 -15 -16 16 20 -19 19 -21 -22 -23 -24
leaf_value=-0.00090411142445144424 -0.004918682632491146 -0.0023263482794945015 0.010475142768224041 -0.0050295952380277602 0.0023458793861208965 -0.0042289515009085593 0.007331470724083332 -0.0028320720432403294 0.0038932944679859172 -0.0051172678885809458 0.00054329723690704421 -0.00035287866348978763 -0.0028279935680254969 -0.0021852732585974548 0.0042681776824461106 -0.0022255910751612829 -7.9551429297908878e-06 0 0.0033383548905907045 -0.0003756068310875491 0.0015422462467580777 0.00015051701534978291 0.0010763058063274281
leaf_weight=79 11.999999999999998 12.000000000000002 11.999999999999998 15.999999999999998 13.999999999999998 12.999999999999998 10.999999999999998 12.000000000000002 14.999999999999998 11.000000000000002 13.999999999999998 16.000000000000004 10.999999999999998 15.999999999999998 14.999999999999998 11.999999999999998 222 19 11.000000000000002 11.999999999999998 23 89 14.999999999999998
leaf_count=79 12 12 12 16 14 13 11 12 15 11 14 16 11 16 15 12 222 19 11 12 23 89 15
internal_value=-2.60628e-05 9.40876e-05 0.00465604 -0.000105947 -0.000677655 -0.000338682 0.000453338 0.00185442 0.000514671 -6.41205e-05 -0.00223015 0.00185747 -7.98534e-05 9.6477e-05 0.000363446 0.000154434 0 -0.00126718 -2.83382e-05 0.0014828 0.000143114 -0.000319334 0.000212232
internal_weight=682 670 24 646 325 309 321 88 77 296 25 46 233 222 206 271 257 31 191 23 245 168 31
internal_count=682 670 24 646 325 309 321 88 77 296 25 46 233 222 206 271 257 31 191 23 245 168 31
is_linear=0
shrinkage=0.0529975


Tree=199
num_leaves=16
num_cat=0
split_feature=39 19 29 29 19 51 25 2 29 19 10 6 37 5 8
split_gain=0.151846 0.258617 0.0915535 0.0614391 0.173176 0.03172 0.07967 0.0380565 0.0336413 0.0286054 0.0241135 0.0228241 0.0131708 0.0107394 0.00841179
threshold=-1.1840427946005181 0.86932162594016515 0.88506091518751828 -1.0034921893675615 -1.0115814289029357 1.0000000180025095e-35 -1.2685602186376721 -1.0519583573783546 0.39048142773410505 -0.78831803872658812 -0.39376643566464015 0.65514256985268682 -0.55685107079571161 0.57192177036583158 1.0153674757159228
decision_type=2 2 2 2 2 2 2 2 2 2 2 2 2 2 2
left_child=-1 2 3 -2 -5 6 14 11 10 -9 13 -8 -12 -7 -6
right_child=1 -3 -4 4 5 8 7 9 -10 -11 12 -13 -14 -15 -16
leaf_value=-0.0048368612638419357 0.0026431561187170421 0.0051816137538198701 -0.0033920113763589018 -0.0052163166377608688 0.00048309745712801034 0.0016543648490795809 0 -0.0017105519560389889 -0.002710642189795563 0.00030643110858738645 -0.0014839874980296592 -0.0030212772328793553 0 0 0.0037970959366311809
leaf_weight=11.999999999999998 18 21 17 11.999999999999998 11.000000000000002 13.999999999999998 11.000000000000002 13.999999999999998 13.999999999999998 418 33 10.999999999999998 44 19 12.999999999999998
leaf_count=12 18 21 17 12 11 14 11 14 14 418 33 11 44 19 13
internal_value=-2.46889e-05 9.33076e-05 -0.000106603 1.87262e-06 -8.91084e-05 5.20454e-05 0.00025946 6.7971e-05 -0.000668863 0.000202596 -0.000222093 -0.00180327 -0.000767468 0.000793674 0.00291124
internal_weight=682 670 649 632 614 602 478 454 124 432 110 22 77 33 24
internal_count=682 670 649 632 614 602 478 454 124 432 110 22 77 33 24
is_linear=0
shrinkage=0.0529975


Tree=200
num_leaves=22
num_cat=0
split_feature=25 15 30 29 47 16 4 30 29 19 6 45 39 30 29 33 19 9 6 7 7
split_gain=0.148504 1.12969 0.44493 0.332587 0.844246 0.258773 0.132083 0.106919 0.19873 0.071142 0.0435984 0.0270872 0.0275841 0.0610879 0.0334818 0.0630894 0.0414621 0.0219046 0.0212403 0.00114524 0.000603748
threshold=-1.1505461041247356 0.9320235755932279 -1.367380808596151 0.90830313251086625 0.60404435919047483 1.0266998703525765 -1.1566849254160758 1.1448567224677055 -0.47931416234320662 0.79929482605924529 0.66526872116487523 1.4118624584661312 -0.9002788601712034 0.2567125861955567 -0.26489013004416756 -0.81552943944318845 -0.1457840957559802 0.65886012099562496 1.0215876099118384 -0.14305000592554196 0.25758173596391876
decision_type=2 2 2 2 2 2 2 2 2 2 2 2 2 2 2 2 2 2 2 2 2
left_child=2 3 -1 7 -5 -4 10 9 -9 11 -7 12 13 17 15 -14 -16 -2 -12 -13 -21
right_child=1 -3 5 4 -6 6 -8 8 -10 -11 18 19 14 -15 16 -17 -18 -19 -20 20 -22
leaf_value=0.009711090986067308 0.00062129326546212134 -0.012716180534097996 0.0056728324317199602 0.013066501726798655 -0.0034622921653704192 0.0015702176062207913 -0.0055241670471822416 0.00097547418122519202 -0.0071232195358270495 -0.0033978637614563204 -0.0026350930809694879 -0.001646639665643461 -0.0018557179880000674 0.0030573320591636981 -0.0015152753387152448 0.00095111256654471571 9.1678947733743432e-06 -0.0015387555298947623 0 0 -0.00049580128444770262
leaf_weight=10.999999999999998 43 13.999999999999998 11.999999999999998 12.000000000000002 11.999999999999998 20 10.999999999999998 12.000000000000002 10.999999999999998 10.999999999999998 11.000000000000002 14.999999999999998 19 23 60 160 172 11.999999999999998 12.999999999999998 11.000000000000002 17
leaf_count=11 43 14 12 12 12 20 11 12 11 11 11 15 19 23 60 160 172 12 13 11 17
internal_value=-2.77633e-05 -0.000325115 0.00205048 8.21722e-05 0.00552922 2.6704e-06 -0.00155601 -0.00019213 -0.00332901 -1.16277e-05 0 8.24974e-05 0.000211163 0.00108815 1.4723e-05 0.000564932 -0.000383982 0 -0.00139484 -0.00108491 -0.000341175
internal_weight=682 604 78 590 24 67 55 566 23 543 44 532 489 78 411 179 232 55 24 43 28
internal_count=682 604 78 590 24 67 55 566 23 543 44 532 489 78 411 179 232 55 24 43 28
is_linear=0
shrinkage=0.0529975


Tree=201
num_leaves=21
num_cat=0
split_feature=26 8 30 19 29 39 29 29 14 19 5 18 15 37 30 13 37 10 30 26
split_gain=0.144615 0.455404 1.21005 0.395151 0.380417 0.1103 0.220806 0.13497 0.130175 0.0458423 0.0588086 0.0404378 0.0844424 0.0668227 0.0411726 0.0784723 0.0319222 0.0174325 0.0137935 0.00883159
threshold=-2.4089509458886917 1.7394377131769621 -1.4744917322181113 -0.18494756109845853 1.0555066932308372 -0.9002788601712034 0.86516195744978364 0.54135198810054252 1.4468465039729062 -0.093817954245777643 -1.182706140223132 0.55686811600411656 0.40252221956382495 2.0509306466212647 1.100154062415069 -1.3435801441434851 2.0509306466212647 0.23027344213861059 -0.19753209139108072 -0.64960938580495753
decision_type=2 2 2 2 2 2 2 2 2 2 2 2 2 2 2 2 2 2 2 2
left_child=-1 2 -2 -3 5 6 9 11 -9 10 -4 14 -13 -14 16 -16 -7 18 -11 -12
right_child=1 3 4 -5 -6 7 -8 8 -10 17 19 12 13 -15 15 -17 -18 -19 -20 -21
leaf_value=0.0047862048790416507 0.014077694219617357 0.0002905019159750987 -0.0007780740379840017 -0.01187450659345503 -0.0074412734845954809 -0.00011162399398007803 0.0071126947559676072 -0.0066513699350175546 0 0.0011420186044806943 0.00052402765683648271 -0.004441967905052132 0.00023943654353205022 -0.0028956893923652496 -0.00063733294770301242 0.0043384801125081196 0.0021774354872252238 -0.0020042566991579844 -0.00083322170149121362 0.0033874075669991363
leaf_weight=10.999999999999998 10.999999999999998 11.000000000000002 14.999999999999998 10.999999999999998 13.999999999999998 342 10.999999999999998 12.000000000000002 12.999999999999998 12.000000000000002 13.999999999999995 10.999999999999998 94 17 11.000000000000002 11.999999999999998 11.999999999999998 12.999999999999998 15.999999999999998 19.000000000000004
leaf_count=11 11 11 15 11 14 342 11 12 13 12 14 11 94 17 11 12 12 13 16 19
internal_value=-2.95171e-05 -0.000160474 0.0001134 -0.00678308 -0.000245357 -3.53278e-06 0.00154586 -0.000326542 -0.00372696 0.000378761 0.00145963 -0.000100118 -0.000923035 -0.000304821 0.000158229 0.00207819 0 -0.00076281 0 0.00261912
internal_weight=682 671 649 22 638 624 100 524 25 89 48 499 122 111 377 23 354 41 28 33
internal_count=682 671 649 22 638 624 100 524 25 89 48 499 122 111 377 23 354 41 28 33
is_linear=0
shrinkage=0.0529975


Tree=202
num_leaves=20
num_cat=0
split_feature=29 29 47 29 19 19 13 19 1 30 15 37 29 44 30 8 30 30 2
split_gain=0.142628 0.19912 0.623826 0.0652954 0.348311 0.341551 0.0644539 0.106803 0.0429957 0.0676431 0.0457013 0.0872937 0.0398886 0.099332 0.0320428 0.0249128 0.0226653 0.00632556 0.00446201
threshold=1.9619634837178215 0.90830313251086625 0.60404435919047483 -0.50738366775077293 -0.89853941475979127 -0.97371853943483189 1.6681260819373771 0.79929482605924529 -0.057509765522931737 0.39738538890153063 1.2444105348682857 2.0509306466212647 0.67203377572161016 -0.27086742745529524 0.99608930189529632 -1.0585182509927076 0.84535253915705144 0.76636286000278064 -0.69130762738081997
decision_type=2 2 2 2 2 2 2 2 2 2 2 2 2 2 2 2 2 2 2
left_child=1 3 -3 5 -5 -1 7 12 10 -10 11 16 14 -14 15 -6 18 -11 -7
right_child=-2 2 -4 4 6 8 -8 -9 9 17 -12 -13 13 -15 -16 -17 -18 -19 -20
leaf_value=0.0079474847472256714 -0.00469069007205842 0.010848423602536983 -0.0032698925191780421 -0.0076314658464762741 -0.001109350148812761 0.00078648990072917237 0.0027460964072119854 -0.0041432791353066311 0.0033311555394714937 -0.0011207871899044275 0.0016073395013871507 -0.0047193205548548131 -0.0045727662303310926 0.00094438336197522109 0.0019780650383975393 9.0020592689085333e-05 -0.001768385662808025 5.0311795666278496e-05 0
leaf_weight=10.999999999999998 11.999999999999998 12.000000000000002 11.999999999999998 11.999999999999998 49 20.999999999999993 14.999999999999998 12.999999999999998 17 11.000000000000002 10.999999999999998 10.999999999999998 12.000000000000002 11.999999999999998 17 381 13.999999999999998 15.999999999999998 23.000000000000007
leaf_count=11 12 12 12 12 49 21 15 13 17 11 11 11 12 12 17 381 14 16 23
internal_value=-2.69051e-05 8.71607e-05 0.00431391 -9.73881e-05 -0.000381793 0.000900054 -0.000105074 -0.000240216 -9.15185e-06 0.00117332 -0.000777199 -0.0013486 -6.71133e-05 -0.00194401 4.264e-05 -4.40095e-05 -0.000217884 -0.000332097 0.000288679
internal_weight=682 670 24 646 511 135 499 484 124 44 80 69 471 24 447 430 58 27 44
internal_count=682 670 24 646 511 135 499 484 124 44 80 69 471 24 447 430 58 27 44
is_linear=0
shrinkage=0.0529975


Tree=203
num_leaves=17
num_cat=0
split_feature=16 19 19 29 19 8 29 19 34 29 31 28 19 28 12 39
split_gain=0.147426 0.468418 0.258768 0.0621806 0.140429 0.0826859 0.0509811 0.395144 0.0943303 0.120483 0.0256536 0.0197176 0.0582049 0.0238243 0.0216292 0.0067718
threshold=2.483592546261761 0.98085823280515616 0.76820330720288033 -0.8996447736816684 -1.0115814289029357 0.65709935812043507 0.39048142773410505 -0.30874860567331258 1.4695003799145996 0.68829317853210092 1.0393664827461877 -0.66986113276767056 -0.77761706054577318 0.39186225140800318 1.5535127395682953 1.0867959623221179
decision_type=2 2 2 2 2 2 2 2 2 2 2 2 2 2 2 2
left_child=1 2 3 5 -5 -1 11 -8 9 -9 -10 12 -6 14 -13 -15
right_child=-2 -3 -4 4 6 -7 7 8 10 -11 -12 13 -14 15 -16 -17
leaf_value=-2.3492505748889052e-05 0.004334921769735863 -0.0081652801319757849 0.0063356609830389991 -0.0048579257845807701 -0.00053592255668710764 0.0047222561969587776 -0.0083141568211545364 -0.000175220876049603 0 0.0043618055532556486 -0.003473103792439188 0 0.0029555651320988846 2.7637847694928473e-05 -0.001354567364987021 0.0017280821668138396
leaf_weight=19.000000000000004 14.999999999999998 13.999999999999998 11.999999999999998 11.999999999999998 20 10.999999999999998 11.999999999999998 39 13.000000000000002 19 10.999999999999998 394 19 21 30 21
leaf_count=19 15 14 12 12 20 11 12 39 13 19 11 394 19 21 30 21
internal_value=-2.61723e-05 -0.000172377 6.11274e-05 -0.000103172 -0.00023732 0.00201935 -8.59774e-05 -0.00118623 0.000272985 0.00147134 -0.00210539 0.00011667 0.00117702 0 -0.000110993 0.00113306
internal_weight=682 667 653 641 611 30 599 94 82 58 24 505 39 466 424 42
internal_count=682 667 653 641 611 30 599 94 82 58 24 505 39 466 424 42
is_linear=0
shrinkage=0.0529975


Tree=204
num_leaves=18
num_cat=0
split_feature=19 29 13 17 5 29 48 8 51 13 26 4 26 28 39 3 13
split_gain=0.145502 0.73451 0.15532 0.126731 0.149536 0.159292 0.122053 0.0850972 0.0718216 0.0532089 0.0447631 0.155101 0.0556894 0.0521382 0.0384258 0.0362157 0.00714071
threshold=1.0723426282595778 1.0555066932308372 1.070804347098006 -1.3259289026072676 -1.2303851890457018 -0.56712000422873976 1.0000000180025095e-35 1.0153674757159228 1.0000000180025095e-35 0.66924351695389106 1.5062251613556665 1.5275391697226606 0.77999256740898393 -0.59219080463487817 -0.40719590138638256 0.069677131563802397 0.37811191509940772
decision_type=2 2 2 2 2 2 2 2 2 2 2 2 2 2 2 2 2
left_child=1 2 3 9 5 -5 8 10 15 -1 12 -12 13 -6 -14 -4 -7
right_child=-2 -3 6 4 7 16 -8 -9 -10 -11 11 -13 14 -15 -16 -17 -18
leaf_value=-0.0001447164998240988 0.0037763737221952081 -0.010755309901446677 0.0013674859673803116 0.0070511347366900125 -0.0016298092579394275 0.00093597475125041757 -0.0012460725524440423 -0.0035176096120909193 0.00010994001851571906 -0.0055195689252240969 -0.0050716888144462591 0.0015771933129010791 0.0020372791762429091 1.3187813876478548e-05 0 0.0071237704468361251 -0.00053581239530685429
leaf_weight=12.000000000000002 21 11.999999999999998 12.000000000000002 10.999999999999998 57 11.000000000000002 10.999999999999998 14.999999999999998 12.999999999999998 10.999999999999998 14.000000000000002 12.999999999999998 53 334 56 13.999999999999998 11.999999999999998
leaf_count=12 21 12 12 11 57 11 11 15 13 11 14 13 53 334 56 14 12
internal_value=-2.61475e-05 -0.00019029 9.10688e-05 -0.000145984 1.39135e-05 0.00315302 0.00276721 -0.000202606 0.0040696 -0.00356602 -5.66334e-05 -0.00195385 5.39527e-05 -0.000229734 0.00109124 0.0054395 0
internal_weight=682 661 649 599 576 34 50 542 39 23 527 27 500 391 109 26 23
internal_count=682 661 649 599 576 34 50 542 39 23 527 27 500 391 109 26 23
is_linear=0
shrinkage=0.0529975


Tree=205
num_leaves=26
num_cat=0
split_feature=29 29 47 29 30 30 39 3 39 30 13 30 19 45 14 37 37 39 19 30 53 5 29 9 30
split_gain=0.140742 0.205084 0.571919 0.0635231 0.257436 0.0938509 0.213557 0.0937849 0.0847372 0.0457572 0.0399984 0.0709537 0.0344232 0.0338887 0.0336251 0.0862155 0.0482009 0.0359906 0.0322511 0.026531 0.0242462 0.0445762 0.0162677 0.0130465 0.0025639
threshold=1.9619634837178215 0.90830313251086625 0.60404435919047483 0.14814661164550594 0.81629638730175846 1.0659237897487761 -0.40719590138638256 2.4199693618406726 -0.7385005568059213 -0.034239089395200532 1.070804347098006 -0.3654193333031332 0.25753102098526071 1.2986212263511245 -0.7143282011559936 2.0054340583713257 2.0509306466212647 -0.65482057087052303 0.36856203825079908 0.060005490169828854 0.35627397084393697 0.18187522330447739 0.36963990573511979 0.041699071867101485 -0.22931034158353811
decision_type=2 2 2 2 2 2 2 2 2 2 2 2 2 2 2 2 2 2 2 2 2 2 2 2 2
left_child=1 3 -3 5 8 7 -7 10 9 12 14 -12 24 22 15 19 17 -16 -14 -1 21 -11 23 -10 -5
right_child=-2 2 -4 4 -6 6 -8 -9 13 20 11 -13 18 -15 16 -17 -18 -19 -20 -21 -22 -23 -24 -25 -26
leaf_value=0.00086245498051900932 -0.004658340152286145 0.010612540972294214 -0.0029280990837881648 -0.00016490423809439317 -0.0071842169623875388 0.006076906828186757 -0.0012522053070942625 -0.0035621928369239672 0 0 0.0042072960799561156 -0.00038066700575701905 0.0022983173407717054 5.6462044662097421e-05 0.0015468226197173896 -0.0034816787875223605 0.0030226007444825093 -0.0001109624894120418 -0.00074557463706627499 -0.00068410525814076447 0 0.0034911437899837697 -0.0040609808037317882 -0.0018449818924459042 -0.0020021440099149542
leaf_weight=47 11.999999999999998 12.000000000000002 11.999999999999998 13.999999999999995 10.999999999999998 17 15.999999999999998 13.999999999999998 11.000000000000002 18 12.000000000000002 12.999999999999998 13.000000000000002 10.999999999999998 37 19 11.999999999999998 219 10.999999999999998 69 14.999999999999998 22 13.999999999999998 12.999999999999998 18.000000000000004
leaf_count=47 12 12 12 14 11 17 16 14 11 18 12 13 13 11 37 19 12 219 11 69 15 22 14 13 18
internal_value=-2.53231e-05 8.79095e-05 0.00437745 -9.95351e-05 -0.000964305 0.000205401 0.00269816 0 -0.000250535 0.000518507 0.000149333 0.00198411 -0.000440973 -0.00198624 0 -0.000656952 0.000350142 0.000131899 0.000800197 0 0.00155725 0.00216713 -0.00266341 -0.000966473 -0.00153505
internal_weight=682 670 24 646 171 475 33 442 160 111 428 25 56 49 403 135 268 256 24 116 55 40 38 24 32
internal_count=682 670 24 646 171 475 33 442 160 111 428 25 56 49 403 135 268 256 24 116 55 40 38 24 32
is_linear=0
shrinkage=0.0529975


Tree=206
num_leaves=17
num_cat=0
split_feature=26 8 19 29 45 13 10 8 9 9 19 9 45 6 45 9
split_gain=0.140183 0.434516 1.03701 0.544444 0.379965 0.117721 0.117762 0.092372 0.0657768 0.218201 0.0578948 0.0389599 0.025843 0.0166804 0.0116301 0.00590948
threshold=-2.4089509458886917 1.7394377131769621 1.1335994122992328 1.0555066932308372 -1.0794446480640147 1.070804347098006 -0.36702800265129559 0.85464137538116247 1.4436013126245439 1.5894025559422189 -0.97371853943483189 -1.4687597941215982 1.0721387621211111 -0.26213174428442021 -0.85296218383400146 1.8907913557112523
decision_type=2 2 2 2 2 2 2 2 2 2 2 2 2 2 2 2
left_child=-1 2 3 5 -3 8 -7 -8 10 -10 -2 13 -13 -12 -11 -16
right_child=1 4 -4 -5 -6 6 7 -9 9 14 11 12 -14 -15 15 -17
leaf_value=0.0047150767832972729 0.0029683939701614843 0.00029568343934553606 0.01303945342937377 -0.0090601311879856157 -0.011618484045412774 0.0059853939868796781 -0.0015796561787651295 0.003406222131230997 -0.0067024041021229155 -0.00057798640963436306 0 0.00023100813232959706 -0.00077052555723536699 -0.0021658906511770235 0.0016758143759646113 0
leaf_weight=10.999999999999998 11.999999999999998 11.000000000000002 10.999999999999998 12.999999999999998 10.999999999999998 11.999999999999998 20.000000000000004 10.999999999999998 11.999999999999998 10.999999999999998 13.999999999999998 402 81 28 11.000000000000002 10.999999999999998
leaf_count=11 12 11 11 13 11 12 20 11 12 11 14 402 81 28 11 11
internal_value=-2.62881e-05 -0.000155407 0.000111859 -0.000219523 -0.0066245 3.76445e-05 0.0025419 0.000266066 -0.000159534 -0.00197895 2.38024e-07 -8.72069e-05 4.13763e-05 -0.00153187 0.000326058 0.00105454
internal_weight=682 671 649 638 22 625 43 31 582 45 537 525 483 42 33 22
internal_count=682 671 649 638 22 625 43 31 582 45 537 525 483 42 33 22
is_linear=0
shrinkage=0.0529975


Tree=207
num_leaves=14
num_cat=0
split_feature=45 39 17 39 5 31 30 1 53 29 29 39 39
split_gain=0.136127 0.200172 0.726546 0.3476 0.109122 0.241114 0.0988986 0.0875951 0.0323787 0.0753242 0.0670203 0.064564 0.0540149
threshold=1.7515861548111511 -1.0567165156606251 -0.68132555017795382 -1.1632825049205338 -2.3413136089565394 -1.8979523070786724 1.2754480605365839 -1.4071055589941597 1.0000000180025095e-35 0.58730087529752451 0.67203377572161016 1.5703187172373967 1.7199921651382573
decision_type=2 2 2 2 2 2 2 2 2 2 2 2 2
left_child=1 2 -1 -4 -3 -6 7 -7 9 12 11 -10 -9
right_child=-2 4 3 -5 5 6 -8 8 10 -11 -12 -13 -14
leaf_value=0.01079582033888174 -0.0043406915976526607 0.0040356442605675984 -0.0074705157662567113 0.0032393952804668788 -0.005467355536396456 0.0033680079552946378 -0.003532626382246769 -0.00017246997622704657 0.0001181765237111714 0.0033250197810348061 -0.0030879403372964672 -0.0020925550451379002 0.002428208548501812
leaf_weight=14.999999999999998 13.999999999999998 10.999999999999998 10.999999999999998 11.000000000000002 18 15.999999999999998 15.999999999999998 195 285 17 18 36 19
leaf_count=15 14 11 11 11 18 16 16 195 285 17 18 36 19
internal_value=-2.38033e-05 9.41206e-05 0.00359936 -0.0023192 -0.000132399 -0.000255455 -3.57445e-05 8.27503e-05 -3.14438e-05 0.000432471 -0.000369831 -0.000142222 8.65741e-05
internal_weight=682 668 37 22 631 620 602 586 570 231 339 321 214
internal_count=682 668 37 22 631 620 602 586 570 231 339 321 214
is_linear=0
shrinkage=0.0529975


Tree=208
num_leaves=30
num_cat=0
split_feature=29 29 47 29 30 19 30 39 19 7 16 9 12 44 15 45 30 19 29 3 28 39 39 29 47 29 29 13 44
split_gain=0.137819 0.193599 0.521088 0.0639667 0.172149 0.10788 0.082281 0.216982 0.0871069 0.0791358 0.0662804 0.0535081 0.0520772 0.0556073 0.0327633 0.0307029 0.0229185 0.0223591 0.0493308 0.0378179 0.0243831 0.0272202 0.0179417 0.0120106 0.0162927 0.0118633 0.0118593 0.00816083 0.00349297
threshold=1.9619634837178215 0.90830313251086625 0.60404435919047483 -0.15937698407371889 0.78580018180191746 0.79929482605924529 1.0659237897487761 -0.40719590138638256 0.40243805390274079 0.74368839850664092 0.48773934746793363 -1.3447187789070085 0.68776027441180576 1.0000000180025095e-35 1.2152080743218652 -0.17351479114396184 0.64410653592212463 -0.21848414259570967 0.086634323413631004 0.66215778490618726 -0.10903288614600663 -0.84457657212698811 1.5703187172373967 -0.33096837825487457 -0.092301572127821196 -0.46951660471587603 0.31624251926828922 -0.41999023481202075 1.0000000180025095e-35
decision_type=2 2 2 2 2 2 2 2 2 2 2 2 2 2 2 2 2 2 2 2 2 2 2 2 2 2 2 2 2
left_child=1 3 -3 6 5 16 8 -8 10 -6 12 -12 23 -14 22 -15 17 18 19 -5 21 -19 -13 24 -1 -16 -22 -25 -20
right_child=-2 2 -4 4 9 -7 7 -9 -10 -11 11 14 13 15 25 -17 -18 20 28 -21 26 -23 -24 27 -26 -27 -28 -29 -30
leaf_value=-0.00037093740564005638 -0.0046065243394601231 0.010205337662111401 -0.0027199905354481943 -0.0033733519280829843 -0.0069276084385266976 -0.004086540416059198 0.0064291936215258106 -0.0011362040501146709 0.0037916114250342199 -0.00037359751967522276 -0.0039032928718919901 -0.00032087792929211191 -1.598291922728401e-05 0.0048157899043167118 0.0018047365861554353 0.00043163509694289261 0.0019225536178225269 0.0028008481077486714 0 0 0.0002178262653952615 0 -0.0028038368959331502 0 0.00086383046554142843 0 -0.00060402323625151312 -0.0012143738990757526 0.00099170807428017012
leaf_weight=45 11.999999999999998 12.000000000000002 11.999999999999998 20.000000000000004 11.000000000000002 12.999999999999998 15.000000000000002 15.999999999999998 10.999999999999998 11.999999999999998 12.999999999999998 36 19 12.000000000000002 11.000000000000002 12.999999999999998 10.999999999999998 13.000000000000002 11.000000000000002 10.999999999999998 128 12.999999999999998 10.999999999999998 25 55 10.999999999999998 69 28 12.999999999999998
leaf_count=45 12 12 12 20 11 13 15 16 11 12 13 36 19 12 11 13 11 13 11 11 128 13 11 25 55 11 69 28 13
internal_value=-2.14744e-05 9.04472e-05 0.004258 -9.14086e-05 -0.000618699 -0.000215424 0.000422648 0.0027844 9.52943e-05 -0.00453341 -0.000102641 -0.00133443 0.000399948 0.00188947 -0.000483914 0.0032859 1.45596e-05 -7.53419e-05 -0.000991141 -0.00226384 0.000140066 0.00150599 -0.00128529 -3.95874e-05 0.000252739 0.000887222 -4.49613e-05 -0.000679166 0.000543841
internal_weight=682 670 24 646 325 302 321 31 290 23 279 82 197 44 69 25 289 278 55 31 223 26 47 153 100 22 197 53 24
internal_count=682 670 24 646 325 302 321 31 290 23 279 82 197 44 69 25 289 278 55 31 223 26 47 153 100 22 197 53 24
is_linear=0
shrinkage=0.0529975


Tree=209
num_leaves=15
num_cat=0
split_feature=13 39 29 5 29 25 8 19 25 15 13 3 45 13
split_gain=0.130923 0.238709 0.345029 0.117116 0.289223 0.0346314 0.0697606 0.0700321 0.0513444 0.0410322 0.072059 0.041019 0.0650842 0.050573
threshold=1.9943942564294705 -1.0567165156606251 0.88506091518751828 -2.226046647382725 0.88506091518751828 -1.2685602186376721 1.0153674757159228 0.79929482605924529 -1.3607928225376522 0.26561264658431655 0.39818995660661344 0.61218953703393775 1.0000000180025095e-35 0.51865820564984799
decision_type=2 2 2 2 2 2 2 2 2 2 2 2 2 2
left_child=1 2 -1 -3 5 8 7 11 -5 -8 -11 13 -13 -7
right_child=-2 3 -4 4 -6 6 9 -9 -10 10 -12 12 -14 -15
leaf_value=-0.00060689845248418893 -0.0046229347194002958 0.0039318207414766508 0.0090054365801787058 -0.00012964632476900357 -0.0062522502469219308 -0.00034399826266679194 5.1440311263460457e-05 -0.0032458935790088757 0.0034606225929578213 -0.0055746179907525239 -0.00015651299750844762 0.0023749701780123398 -0.00054018520253779978 0.0010618670388445205
leaf_weight=18 10.999999999999998 12.999999999999998 13.999999999999998 18.000000000000004 15.999999999999998 372 10.999999999999998 11.999999999999998 12.999999999999998 11.000000000000002 17 46 28 82
leaf_count=18 11 13 14 18 16 372 11 12 13 11 17 46 28 82
internal_value=-2.12061e-05 8.41938e-05 0.00417219 -0.000146582 -0.000278831 -5.14747e-05 -0.00016126 0 0.00150403 -0.00216625 -0.00309834 0.000115265 0.00122682 -6.43591e-05
internal_weight=682 671 32 639 626 610 579 540 31 39 28 528 74 454
internal_count=682 671 32 639 626 610 579 540 31 39 28 528 74 454
is_linear=0
shrinkage=0.0529975


Tree=210
num_leaves=21
num_cat=0
split_feature=19 29 13 17 5 29 30 30 29 30 13 39 28 5 19 26 5 19 24 13
split_gain=0.132596 0.669583 0.123243 0.122232 0.130782 0.140428 0.114093 0.0754056 0.222119 0.0535595 0.0438928 0.0316231 0.0342382 0.0629028 0.0296932 0.0324093 0.0240249 0.015262 0.011421 0.00713736
threshold=1.0723426282595778 1.0555066932308372 1.070804347098006 -1.3259289026072676 -1.2303851890457018 -0.56712000422873976 -0.55922880587997159 1.120825799461141 -0.38495990873772584 0.018706036663316029 0.6592044962002882 -0.9002788601712034 -0.59219080463487817 -0.25512979026685595 -0.093817954245777643 -0.64960938580495753 -0.50797408465712168 0.25753102098526071 -0.48245672612894303 0.37811191509940772
decision_type=2 2 2 2 2 2 2 2 2 2 2 2 2 2 2 2 2 2 2 2
left_child=1 2 3 10 5 -5 -4 11 -9 18 -1 14 13 -13 15 -6 -14 -16 -8 -7
right_child=-2 -3 6 4 7 19 9 8 -10 -11 -12 12 16 -15 17 -17 -18 -19 -20 -21
leaf_value=-9.0971452802099384e-05 0.0036076788923238216 -0.010266594192593336 0.0057281337892057232 0.006631185612030209 0 0.00093239499646745111 3.4947198395111032e-05 0.0014275213440877021 -0.0067090489999354908 0.002849004283685095 -0.0051351711748802683 3.8508678938519908e-06 -0.00088419089952887758 -0.0035283339668703614 -0.00084639813671962883 0.0030998900324881525 0.00017321769961161634 0.0011584807727219653 -0.0016030455614505091 -0.00054119176315056716
leaf_weight=11.000000000000002 21 11.999999999999998 13.999999999999998 10.999999999999998 11.000000000000002 11.000000000000002 10.999999999999998 14.000000000000002 11.999999999999998 10.999999999999998 11.999999999999998 27 67 17 22 20 341 10.999999999999998 14.000000000000002 11.999999999999998
leaf_count=11 21 12 14 11 11 11 11 14 12 11 12 27 67 17 22 20 341 11 14 12
internal_value=-2.18913e-05 -0.000179072 8.90647e-05 -0.000120937 3.57289e-05 0.00297062 0.00247317 -0.000166124 -0.00266307 0.000403884 -0.00348131 0 -0.00017132 -0.00148065 0.00103773 0.00207165 0 0 -0.000789657 0
internal_weight=682 661 649 599 576 34 50 542 26 36 23 516 452 44 64 31 408 33 25 23
internal_count=682 661 649 599 576 34 50 542 26 36 23 516 452 44 64 31 408 33 25 23
is_linear=0
shrinkage=0.0529975


Tree=211
num_leaves=28
num_cat=0
split_feature=29 29 47 29 28 19 30 39 19 16 9 12 44 45 26 35 26 51 1 25 37 15 47 7 37 19 37
split_gain=0.12932 0.18926 0.465087 0.0597776 0.166439 0.0924158 0.0799161 0.214313 0.0668253 0.071428 0.054659 0.0464736 0.05398 0.0343282 0.0335645 0.132296 0.0430781 0.0313765 0.0370484 0.028657 0.0326384 0.0239837 0.0165192 0.0124488 0.0121803 0.0118439 0.00699916
threshold=1.9619634837178215 0.90830313251086625 0.60404435919047483 -0.18922587491409379 -0.73336927873141533 0.79929482605924529 1.0659237897487761 -0.40719590138638256 0.39064810619775014 0.49109026712612219 -1.3447187789070085 0.68776027441180576 1.0000000180025095e-35 -0.17351479114396184 1.4907212202591726 1.5813959246344795 0.86532909618089959 1.0000000180025095e-35 -0.66310240456983449 1.7495672393529049 -0.55685107079571161 1.2152080743218652 0.25587139353132682 -0.25919940656948109 -0.6085517392615547 -0.20088432859852637 1.6207810849854718
decision_type=2 2 2 2 2 2 2 2 2 2 2 2 2 2 2 2 2 2 2 2 2 2 2 2 2 2 2
left_child=1 3 -3 6 -5 14 8 -8 9 11 -11 23 -13 -14 16 -16 17 18 -6 20 -18 22 -12 25 -19 -1 -25
right_child=-2 2 -4 4 5 -7 7 -9 -10 10 21 12 13 -15 15 -17 19 24 -20 -21 -22 -23 -24 26 -26 -27 -28
leaf_value=-0.0017646843569506612 -0.0044628643961150414 0.0098124130741883368 -0.0024110155349794447 -0.0057272452876143687 0.0015202310329905471 -0.0038859272386284169 0.0065350218563645177 -0.0010786205193835388 0.0033258072263382741 -0.0040818130000241813 -0.0018889952400088794 -8.5220521194513777e-06 0.0049311500255601751 0.00037400860525192291 -0.0048376412761458243 0.0015327121902183822 0.0028965455463245728 -0.0020238973580057056 -0.00026133906513510599 -0.00023362086286446012 0 0.00064973241761988733 0 0 0 0 0.0010792150157642566
leaf_weight=14.000000000000002 11.999999999999998 12.000000000000002 11.999999999999998 10.999999999999998 35 12.999999999999998 14.000000000000002 15.999999999999998 10.999999999999998 11.999999999999998 28 19 11.000000000000002 12.999999999999998 12.000000000000002 11.999999999999998 28 26 148 14.999999999999998 14.999999999999998 21 15.999999999999998 106 19 14.999999999999998 15.999999999999998
leaf_count=14 12 12 12 11 35 13 14 16 11 12 28 19 11 13 12 12 28 26 148 15 15 21 16 106 19 15 16
internal_value=-2.12492e-05 8.68518e-05 0.00420763 -9.28192e-05 -0.000589208 -0.000291801 0.000417697 0.00277713 8.98453e-05 -8.54416e-05 -0.0014111 0.000432331 0.00185123 0.00326377 -4.8096e-05 -0.00174995 0.000103801 -0.000205985 7.98644e-05 0.00133592 0.00198757 -0.000516558 -0.00122407 0 -0.00137811 -0.000910381 0.000215796
internal_weight=682 670 24 646 334 323 312 30 282 271 77 194 43 24 310 24 286 228 183 58 43 65 44 151 45 29 122
internal_count=682 670 24 646 334 323 312 30 282 271 77 194 43 24 310 24 286 228 183 58 43 65 44 151 45 29 122
is_linear=0
shrinkage=0.0529975


Tree=212
num_leaves=17
num_cat=0
split_feature=16 19 19 29 19 29 19 34 29 26 19 46 45 29 37 9
split_gain=0.132966 0.455092 0.240552 0.0551452 0.131691 0.0446937 0.331586 0.078348 0.105813 0.0224767 0.0270217 0.0245488 0.0230386 0.033313 0.0310183 0.0137121
threshold=2.483592546261761 0.98085823280515616 0.76820330720288033 -1.0034921893675615 -1.0115814289029357 0.39048142773410505 -0.30874860567331258 1.4695003799145996 0.68829317853210092 0.77999256740898393 -0.42215834631899646 0.79829901629636912 -0.5132384874889816 -0.26489013004416756 2.0054340583713257 0.57221365888513109
decision_type=2 2 2 2 2 2 2 2 2 2 2 2 2 2 2 2
left_child=1 2 3 -1 -5 9 -7 8 -8 12 -11 -12 13 -6 -14 -9
right_child=-2 -3 -4 4 5 6 7 15 -10 10 11 -13 14 -15 -16 -17
leaf_value=0.002385003530273831 0.0041204018005656243 -0.0080391749893795536 0.0061187766275461793 -0.0046661387548709759 0.0014288188368985139 -0.007614462092051826 -0.00018610994533793676 -1.0083420004094392e-05 0.0040564669031027661 0.002843048701828165 -9.3662171524360903e-05 0.0017141718417813478 -0.00012896360893088451 -6.6681769132338406e-05 -0.0021842286290079862 -0.0029532891875341163
leaf_weight=18 14.999999999999998 13.999999999999998 11.999999999999998 11.999999999999998 56 11.999999999999998 39 13.000000000000002 19 10.999999999999998 68 21 240 103 18 10.999999999999998
leaf_count=18 15 14 12 12 56 12 39 13 19 11 68 21 240 103 18 11
internal_value=-2.09169e-05 -0.000160311 6.96224e-05 -8.84864e-05 -0.000193112 -4.94463e-05 -0.0010837 0.000246396 0.00134442 0.000135514 0.000827079 0.000340657 -2.31901e-05 0.000450488 -0.000345167 -0.00191261
internal_weight=682 667 653 641 623 611 94 82 58 517 100 89 417 159 258 24
internal_count=682 667 653 641 623 611 94 82 58 517 100 89 417 159 258 24
is_linear=0
shrinkage=0.0529975


Tree=213
num_leaves=21
num_cat=0
split_feature=19 29 13 18 5 29 48 30 29 30 7 30 39 19 28 5 26 5 19 13
split_gain=0.136385 0.630321 0.112849 0.113353 0.1204 0.125585 0.106205 0.0704464 0.202749 0.0643595 0.0442628 0.0307635 0.0296998 0.0304357 0.0298996 0.0584889 0.029226 0.0204624 0.0141486 0.0068502
threshold=1.0723426282595778 1.0555066932308372 1.070804347098006 1.666958539188123 -1.2303851890457018 -0.56712000422873976 1.0000000180025095e-35 1.120825799461141 -0.38495990873772584 -0.55922880587997159 -0.88767882489753147 -0.040481854882533225 -0.9002788601712034 -0.093817954245777643 -0.59219080463487817 -0.25512979026685595 -0.64960938580495753 -0.50797408465712168 0.25753102098526071 0.37811191509940772
decision_type=2 2 2 2 2 2 2 2 2 2 2 2 2 2 2 2 2 2 2 2
left_child=1 2 3 4 5 -1 9 12 -9 -4 -5 -11 13 16 15 -14 -6 -16 -15 -7
right_child=-2 -3 6 10 7 19 -8 8 -10 11 -12 -13 14 18 17 -17 -18 -19 -20 -21
leaf_value=0.006311490280432052 0.0036588306795165043 -0.009968743841966516 0.0064189172899944292 -0.0048734371214904648 0 0.0009269389031553517 -0.0013222084361603059 0.0013259291992029152 -0.0064409504692895612 0 0 0.0029449507421830928 2.7877336426067737e-05 -0.00085235320437714989 -0.00082914975997929049 -0.0033695397072571842 0.0030265709310305791 0.00015161667805759725 0.0010683719089932147 -0.00050759443989593206
leaf_weight=10.999999999999998 21 11.999999999999998 10.999999999999998 13.000000000000002 11.000000000000002 11.000000000000002 10.999999999999998 14.000000000000002 11.999999999999998 17 10.999999999999998 11.000000000000002 27 22 66 17 20 341 10.999999999999998 11.999999999999998
leaf_count=11 21 12 11 13 11 11 11 14 12 17 11 11 27 22 66 17 20 341 11 12
internal_value=-2.23977e-05 -0.000181664 7.82408e-05 -0.000122202 3.11535e-05 0.00284757 0.00236022 -0.000162355 -0.00257577 0.00359188 -0.00330095 0.00133951 0 0.00100399 -0.000167765 -0.00139176 0.00205372 -2.43847e-07 0 0
internal_weight=682 661 649 599 575 34 50 541 26 39 24 28 515 64 451 44 31 407 33 23
internal_count=682 661 649 599 575 34 50 541 26 39 24 28 515 64 451 44 31 407 33 23
is_linear=0
shrinkage=0.0529975


Tree=214
num_leaves=18
num_cat=0
split_feature=29 29 13 29 30 17 5 30 8 13 12 39 12 13 4 27 2
split_gain=0.127532 0.19983 0.104822 0.168335 0.108289 0.10821 0.110576 0.0481897 0.0433681 0.102913 0.0403978 0.0497157 0.0452234 0.0395616 0.0297549 0.0227794 0.0133136
threshold=1.9619634837178215 1.10045454059635 1.070804347098006 0.80607140098567553 -0.55922880587997159 -1.3259289026072676 -1.3515508589206233 0.078492240527173809 0.81385000754121084 -0.11380010182713318 0.65938261488339089 -0.46382886132451456 0.20786826462582295 0.66924351695389106 -0.83159154591140716 -0.36724159071326218 -0.53621083008125725
decision_type=2 2 2 2 2 2 2 2 2 2 2 2 2 2 2 2 2
left_child=1 2 3 5 -4 13 14 16 10 -10 12 -12 -8 -1 -7 -11 -6
right_child=-2 -3 4 -5 7 6 8 -9 9 15 11 -13 -14 -15 -16 -17 -18
leaf_value=-0.00017457507453585224 -0.0044325028065175251 0.0055995336376567393 0.0052678100399025755 -0.0050576776557703903 4.2042697836116321e-05 0.00041085407301841921 8.1950531862358666e-05 0.0025787313615373984 0.0012376445805063259 -0.004971811367513462 0.0021123568255569185 -0.00010660434116542206 -0.001212016017433114 -0.004959014699396188 0.0047701004735722563 -0.00054926081469460299 -0.0017101071290483985
leaf_weight=12.000000000000002 11.999999999999998 11.999999999999998 13.999999999999998 13.999999999999998 11.999999999999998 13.000000000000002 323 10.999999999999998 13.999999999999998 11.999999999999998 47 48 90 10.999999999999998 10.999999999999998 11.000000000000002 15.000000000000002
leaf_count=12 12 12 14 14 12 13 323 11 14 12 47 48 90 11 11 11 15
internal_value=-2.17119e-05 8.55726e-05 -5.41269e-05 -0.000267855 0.00208636 -9.33221e-05 5.49932e-05 0.000197282 -0.000103918 -0.00172251 1.91026e-05 0.000982277 -0.000196668 -0.00325598 0.00319585 -0.00364855 -0.000853573
internal_weight=682 670 658 606 52 592 569 38 545 37 508 95 413 23 24 23 27
internal_count=682 670 658 606 52 592 569 38 545 37 508 95 413 23 24 23 27
is_linear=0
shrinkage=0.0529975


Tree=215
num_leaves=21
num_cat=0
split_feature=19 29 36 2 48 3 9 9 45 51 36 3 26 37 3 37 44 29 3 39
split_gain=0.131137 0.601239 0.0984709 0.100447 0.0983555 0.0744061 0.0670222 0.249911 0.06334 0.0565694 0.0404858 0.0402941 0.0278267 0.0472705 0.0394361 0.0830605 0.0376086 0.0345255 0.0131728 0.00318335
threshold=1.0723426282595778 1.0555066932308372 -1.2605961745300205 -1.2582792823625131 1.0000000180025095e-35 1.5080488381721218 1.4436013126245439 1.5894025559422189 -0.17351479114396184 1.0000000180025095e-35 -0.50266238782419026 0.069677131563802397 0.86532909618089959 -0.83396665377261525 -0.96537943150421912 -0.59407555209111784 0.7223131398807876 -0.82759195732530222 -0.073089290928338629 0.50403954771680926
decision_type=2 2 2 2 2 2 2 2 2 2 2 2 2 2 2 2 2 2 2 2
left_child=1 2 4 10 9 6 12 -8 -7 11 -4 -1 14 16 15 -5 -14 -16 -9 -15
right_child=-2 -3 3 5 -6 8 7 18 -10 -11 -12 -13 13 19 17 -17 -18 -19 -20 -21
leaf_value=0.00086873424145174111 0.0035890434832961029 -0.0097356214813969742 -0.0048674067993946636 -0.0035709235695526756 -0.0013132393846882761 0.0044782033608609783 -0.0072146639051268195 0.0015242056299091637 0 0 -1.3578846445772375e-05 0.0062397718982681151 0.0030302105610693648 -0.00059382126261382014 -0.0014685679477766218 0.00030084188873466501 0 0.00024629070712596133 -0.00017763220012519704 7.1202229977586684e-05
leaf_weight=12.000000000000002 21 11.999999999999998 11.000000000000002 21 10.999999999999998 13.000000000000002 10.999999999999998 14.000000000000002 14.999999999999998 12.999999999999998 10.999999999999998 13.999999999999998 28 22 30 28 11.999999999999998 342 17 24
leaf_count=12 21 12 11 21 11 13 11 14 15 13 11 14 28 22 30 28 12 342 17 24
internal_value=-2.05186e-05 -0.000176901 7.66858e-05 -0.000109846 0.00220854 2.83065e-05 -0.000107384 -0.00200493 0.00244394 0.00339972 -0.00321269 0.00460651 5.77922e-05 0.000901955 -0.000108537 -0.00143991 0.00211898 6.84146e-05 0.000524621 -0.000144325
internal_weight=682 661 649 599 50 577 549 42 28 39 22 26 507 86 421 49 40 372 31 46
internal_count=682 661 649 599 50 577 549 42 28 39 22 26 507 86 421 49 40 372 31 46
is_linear=0
shrinkage=0.0529975


Tree=216
num_leaves=21
num_cat=0
split_feature=8 30 13 13 9 39 30 9 30 47 19 9 30 39 28 19 9 9 26 34
split_gain=0.126052 0.991809 0.498468 0.290891 0.238209 0.103439 0.0422668 0.0270507 0.0376212 0.0645658 0.0497595 0.034745 0.0298649 0.0300927 0.0164315 0.0272934 0.0158288 0.0268343 0.0143032 0.0116947
threshold=1.491856072317866 -1.4744917322181113 0.39818995660661344 1.7584772687198031 -0.38530503638474828 -1.095590616565685 1.2754480605365839 0.84771711489430512 0.19847614544474915 0.60404435919047483 -0.30874860567331258 0.35878021637981822 0.68172090577374511 -0.40719590138638256 -0.0086390595892012704 -0.15322641359502007 1.0997834278732281 1.645699719195042 0.77999256740898393 -0.55942015623788854
decision_type=2 2 2 2 2 2 2 2 2 2 2 2 2 2 2 2 2 2 2 2
left_child=1 -1 -2 5 -4 -3 7 8 14 11 -11 -10 16 -14 15 -7 19 -18 -16 -9
right_child=2 3 4 -5 -6 6 -8 12 9 10 -12 -13 13 -15 18 -17 17 -19 -20 -21
leaf_value=0.012800444631572242 0.0041616441256833456 0.0037700068405730142 -0.0094653799335267692 -0.0070079287241871556 0 0 -0.0021526520132226466 0 0.00027849348140140739 -0.0049741052853725844 -0.00028217404753999158 -0.0013053287525583816 0.0035722942388202723 0 -0.00036038834718991566 0.001601703762030155 -0.0012774836822029075 0.0009739856082083871 0.0005859941493207456 0.0019241094999556836
leaf_weight=10.999999999999998 13.999999999999998 13.999999999999998 17 10.999999999999998 11.000000000000002 54 21 11.000000000000002 101 11.000000000000002 17 52 12.000000000000002 11.999999999999998 153 45 32 15.999999999999998 54 12.999999999999998
leaf_count=11 14 14 17 11 11 54 21 11 101 11 17 52 12 12 153 45 32 16 54 13
internal_value=-2.30191e-05 0.000161698 -0.00265183 -0.00016712 -0.00639717 9.62275e-06 -0.000102291 0 -0.000169706 -0.000769652 -0.00288312 -0.000244797 0.000778272 0.00219964 0.000170749 0.000718272 8.22477e-05 -0.00037282 -7.11667e-05 0.00111782
internal_weight=682 640 42 629 28 618 604 583 487 181 28 153 96 24 306 99 72 48 207 24
internal_count=682 640 42 629 28 618 604 583 487 181 28 153 96 24 306 99 72 48 207 24
is_linear=0
shrinkage=0.0529975


Tree=217
num_leaves=14
num_cat=0
split_feature=26 8 30 19 30 19 9 9 9 29 28 47 3
split_gain=0.129961 0.424492 0.929981 0.336521 0.316929 0.0975465 0.0510053 0.170661 0.0523905 0.0870334 0.0512322 0.0146953 0.00911671
threshold=-2.4089509458886917 1.7394377131769621 -1.4744917322181113 -0.18494756109845853 -1.2395848496026971 0.76820330720288033 1.4436013126245439 1.5894025559422189 1.3692055021107881 0.88506091518751828 -0.93928036375800361 0.53440976605864532 -0.073089290928338629
decision_type=2 2 2 2 2 2 2 2 2 2 2 2 2
left_child=-1 2 -2 -3 -4 6 8 -8 9 10 -6 12 -9
right_child=1 3 4 -5 5 -7 7 11 -10 -11 -12 -13 -14
leaf_value=0.0045451580342765179 0.012361392639759943 4.4723062700576975e-05 -0.0073349619123202307 -0.011226981892476865 0.0027671459620633391 0.003960684025295284 -0.0059050167129299181 0.0002332278428731994 0.002849084328663399 -0.0035842561636924264 -2.4906487103062972e-05 0.0014839464267541757 -0.001289122886329534
leaf_weight=10.999999999999998 10.999999999999998 11.000000000000002 10.999999999999998 10.999999999999998 12.999999999999998 10.999999999999998 11.999999999999998 12.999999999999998 11.999999999999998 12.999999999999998 530 11.999999999999998 11.000000000000002
leaf_count=11 11 11 11 11 13 11 12 13 12 13 530 12 11
internal_value=-1.99801e-05 -0.000144731 0.000119247 -0.00653918 -0.000194113 0 -0.000108775 -0.00166786 2.68585e-05 -5.13739e-05 5.87097e-05 0.000219679 -0.000349886
internal_weight=682 671 649 22 638 627 616 48 568 556 543 36 24
internal_count=682 671 649 22 638 627 616 48 568 556 543 36 24
is_linear=0
shrinkage=0.0529975


Tree=218
num_leaves=21
num_cat=0
split_feature=25 15 29 30 16 4 4 29 0 30 6 47 11 19 11 1 47 33 17 26
split_gain=0.12672 0.96152 0.361727 0.358724 0.205477 0.109016 0.0745844 0.194383 0.156769 0.0902397 0.0582417 0.0535503 0.0391114 0.0503369 0.0288049 0.0269474 0.0237691 0.0152427 0.00754839 0.00302337
threshold=-1.1505461041247356 0.9320235755932279 1.10045454059635 -1.367380808596151 1.0266998703525765 -1.1566849254160758 1.4403103326841389 0.80607140098567553 1.4951965405877095 1.3147074542432582 -1.1211651162020742 0.67367895232230446 -1.2617372055775666 0.76820330720288033 1.7394377131769621 1.365115295832745 0.67367895232230446 -1.1219248523142713 1.8637116030817829 0.66898095573981886
decision_type=2 2 2 2 2 2 2 2 2 2 2 2 2 2 2 2 2 2 2 2
left_child=3 2 6 -1 -5 14 7 9 -8 12 11 -10 -2 15 17 -14 -12 -6 -13 -18
right_child=1 -3 -4 4 5 -7 8 -9 10 -11 16 18 13 -15 -16 -17 19 -19 -20 -21
leaf_value=0.0087827361888324993 0.002317643946943739 -0.011725388762451031 0.0074884856678019271 0.0051030325395986058 -0.0017536190262059197 -0.004940437896850767 0.0052334227389170939 -0.0054198868475052609 0.0032696403568953643 -0.0039707472154134069 -0.0022335742860207933 -0.0010242931451693168 -0.0001264265419020849 -0.0029643311747652259 0.0018652023273943797 0.00159932476100962 -0.0004170626013491358 2.8956871938402701e-05 0.00046081745770763257 0.00057068757285143508
leaf_weight=10.999999999999998 12.999999999999998 13.999999999999998 11.999999999999998 11.999999999999998 14.999999999999991 10.999999999999998 14.999999999999998 14.999999999999998 17 10.999999999999998 21 11.000000000000002 410 10.999999999999998 10.999999999999998 21 11.000000000000002 18.000000000000007 10.999999999999998 10.999999999999998
leaf_count=11 13 14 12 12 15 11 15 15 17 11 21 11 410 11 11 21 11 18 11 11
internal_value=-1.78244e-05 -0.000293364 8.14269e-05 0.00190131 4.7173e-05 -0.00133464 -0.000135705 -0.000418985 0.00114381 -0.000176403 1.0692e-05 0.00145818 -1.90639e-05 -0.000133483 0 -5.56597e-06 -0.00117738 -0.000747253 -9.25979e-05 0
internal_weight=682 604 590 78 67 55 578 481 97 466 82 39 455 442 44 431 43 33 22 22
internal_count=682 604 590 78 67 55 578 481 97 466 82 39 455 442 44 431 43 33 22 22
is_linear=0
shrinkage=0.0529975


Tree=219
num_leaves=21
num_cat=0
split_feature=25 15 29 30 50 29 25 4 29 0 34 1 6 2 8 47 52 25 8 26
split_gain=0.12635 1.29135 0.336332 0.266502 0.175936 0.120003 0.082861 0.0563499 0.191433 0.14506 0.0632563 0.0576396 0.0536125 0.0515587 0.0346282 0.0218642 0.0172778 0.0133418 0.0264984 0.00281952
threshold=-0.92883394012240406 0.78721989720407681 1.10045454059635 -1.391025136749735 1.0000000180025095e-35 -0.7350723801486182 -0.88241780526537705 1.4403103326841389 0.80607140098567553 1.4951965405877095 1.4033088068753929 1.3597989889752562 -1.1211651162020742 1.7553429803906984 -1.2617372055775666 0.67367895232230446 1.0000000180025095e-35 -1.1858416453717864 1.7394377131769621 0.66898095573981886
decision_type=2 2 2 2 2 2 2 2 2 2 2 2 2 2 2 2 2 2 2 2
left_child=3 2 6 -1 5 -5 -2 8 10 -9 11 14 13 -11 -8 -14 17 18 -7 -17
right_child=1 -3 -4 4 -6 16 7 9 -10 12 -12 -13 15 -15 -16 19 -18 -19 -20 -21
leaf_value=0.0077621473111888521 -0.0037768264358225222 -0.014729121598565455 0.007223852231051292 0.0051506320184895316 -0.0044641072677277785 -0.0019027391203784523 0.0022326178479534606 0.0050352758379313455 -0.0052146798867953523 -0.00029903855141711374 -0.0030205043091949798 0.0028133249239487186 -0.0021414935237812336 0.0029794557550555799 -0.00013901248637233741 -0.00040275745758474083 0.0014075013220733331 0.00071289719387951334 0.00058348460501279464 0.00055111316826585025
leaf_weight=10.999999999999998 10.999999999999998 10.999999999999998 11.999999999999998 12.999999999999998 10.999999999999998 20.999999999999993 11.999999999999998 14.999999999999998 14.999999999999998 19 12.999999999999998 14.999999999999998 21 20 394 11.000000000000002 19 15.000000000000005 11.999999999999998 10.999999999999998
leaf_count=11 11 11 12 13 11 21 12 15 15 19 13 15 21 20 394 11 19 15 12 11
internal_value=-1.48132e-05 -0.00033162 8.52692e-05 0.00164035 0.000394227 0.00140816 -0.00013142 -5.09443e-06 -0.000270824 0.00110127 -1.53405e-05 0.000102212 8.18023e-06 0.00140001 -2.04874e-05 -0.00112847 0.000222873 -0.00022092 -0.000868845 0
internal_weight=682 580 569 102 91 80 557 546 449 97 434 421 82 39 406 43 67 48 33 22
internal_count=682 580 569 102 91 80 557 546 449 97 434 421 82 39 406 43 67 48 33 22
is_linear=0
shrinkage=0.0529975


Tree=220
num_leaves=21
num_cat=0
split_feature=16 19 19 29 19 19 35 1 1 8 29 1 30 28 13 44 10 12 30 24
split_gain=0.120372 0.465985 0.202311 0.0460213 0.268651 0.254576 0.0522748 0.280032 0.044215 0.0532531 0.0400185 0.0352476 0.0495894 0.032473 0.0286379 0.0251927 0.0337612 0.0221973 0.00529454 0.00314139
threshold=2.483592546261761 0.98085823280515616 0.76820330720288033 -0.50738366775077293 -0.97371853943483189 -0.89853941475979127 0.27623596926450006 0.11606298994700269 0.37534953492627121 -1.0585182509927076 0.64608805788372303 -0.057509765522931737 0.39738538890153063 -0.66986113276767056 1.1310384716196233 -0.27086742745529524 0.84426131977480479 0.26106902404674398 0.76636286000278064 -0.75140811733563451
decision_type=2 2 2 2 2 2 2 2 2 2 2 2 2 2 2 2 2 2 2 2
left_child=1 2 3 4 -1 -5 10 -8 -9 -10 13 15 -13 -7 -15 19 17 -17 -14 -6
right_child=-2 -3 -4 5 11 6 7 8 9 -11 -12 12 18 14 -16 16 -18 -19 -20 -21
leaf_value=0.0070297215017892422 0.0039274280806320212 -0.0081192785808303618 0.0056330368178927094 -0.0064953581890135753 0.00079390607448841005 0.0020391710549601131 -0.0063944429672687896 0.0020917783805080767 -0.0018358966791276895 0.00025444700788147297 0.0028653381322077454 0.0028851677313764456 -0.00098070391348644608 0.0001619542347432828 -0.0017465198604800297 -0.0012179229110548628 -0.0030679971046240918 0.001098723254251002 0.00010011885494396883 0
leaf_weight=10.999999999999998 14.999999999999998 13.999999999999998 11.999999999999998 11.999999999999998 13.000000000000002 18 15.999999999999998 18 42 102 10.999999999999998 17 11.000000000000002 270 18 21 15.999999999999998 12.999999999999998 15.999999999999998 15.999999999999998
leaf_count=11 15 14 12 12 13 18 16 18 42 102 11 17 11 270 18 21 16 13 16 16
internal_value=-1.27849e-05 -0.000145978 8.66913e-05 -5.759e-05 0.000781117 -0.000299415 -5.93236e-05 -0.000783233 0 -0.000357691 0.000332531 -2.43559e-05 0.00103772 0.000165776 0 -0.000729546 -0.0014196 -0.000125589 -0.000226738 0.000300009
internal_weight=682 667 653 641 134 507 495 178 162 144 317 123 44 306 288 79 50 34 27 29
internal_count=682 667 653 641 134 507 495 178 162 144 317 123 44 306 288 79 50 34 27 29
is_linear=0
shrinkage=0.0529975


Tree=221
num_leaves=23
num_cat=0
split_feature=29 29 47 29 30 19 30 31 7 0 5 29 3 11 30 29 33 30 29 5 3 33
split_gain=0.117222 0.173709 0.392451 0.0521164 0.191846 0.0758038 0.0738505 0.160627 0.0872732 0.0512146 0.0412975 0.0333008 0.0233082 0.020359 0.017019 0.017019 0.0136124 0.014533 0.0109748 0.0156712 0.00682946 0.0036538
threshold=1.9619634837178215 0.90830313251086625 0.60404435919047483 0.14814661164550594 0.81629638730175846 0.37993602828574341 1.0659237897487761 0.26084383935029898 -2.0381597474118105 -1.394750564804889 0.59629610989574633 0.60288618035152008 0.14641408365332778 -0.30827941907133044 0.015056290375564907 -0.98212594115767571 1.7308914753440245 -0.15288167033854896 -0.86288626025472615 -0.50797408465712168 -0.68341574708224084 -0.69244703688948173
decision_type=2 2 2 2 2 2 2 2 2 2 2 2 2 2 2 2 2 2 2 2 2 2
left_child=1 3 -3 6 5 11 8 -8 -1 -10 -7 13 -13 16 -15 -11 17 -5 -17 -20 -12 -16
right_child=-2 2 -4 4 -6 10 7 -9 9 15 20 12 -14 14 21 18 -18 -19 19 -21 -22 -23
leaf_value=-0.0034228026102107157 -0.0042402983022903984 0.0091773783065655697 -0.0020559332008094752 0 -0.00623798304268446 -0.0043386390831372879 0.0059447543199181285 -0.00046562626871764348 0.003014491577782 -0.0015951513269098706 0.00015991505227740534 0.0029426879087227011 0 -0.00017593781109131218 1.4268282033963806e-05 0.0013631147372178245 0.00018752418836503849 -0.0018342117290838773 -0.00045024637757810042 0.00026243682167442181 -0.0011178503114412897 0.0021561112286395713
leaf_weight=13.999999999999998 11.999999999999998 12.000000000000002 11.999999999999998 12.999999999999995 10.999999999999998 10.999999999999998 12.999999999999998 20 10.999999999999998 10.999999999999998 10.999999999999998 14.000000000000002 12.999999999999998 20 11.000000000000002 12.999999999999998 15.999999999999998 28.000000000000004 117 276 12.000000000000002 10.999999999999998
leaf_count=14 12 12 12 13 11 11 13 20 11 11 11 14 13 20 11 13 16 28 117 276 12 11
internal_value=-1.02215e-05 9.21501e-05 0.00403968 -7.95986e-05 -0.000863996 -0.000240464 0.000195514 0.00240637 0 0.000158171 -0.00227872 0.000335159 0.00180657 -7.98698e-05 0.000673278 2.46464e-05 -0.000756958 -0.00125106 0.000108064 2.91805e-05 -0.000359171 0.0015671
internal_weight=682 670 24 646 171 160 475 33 442 428 34 126 27 99 42 417 57 41 406 393 23 22
internal_count=682 670 24 646 171 160 475 33 442 428 34 126 27 99 42 417 57 41 406 393 23 22
is_linear=0
shrinkage=0.0529975


Tree=222
num_leaves=16
num_cat=0
split_feature=26 8 19 29 2 30 9 30 30 39 13 39 45 15 37
split_gain=0.121495 0.397525 0.918093 0.477147 0.32137 0.0872566 0.0463077 0.152439 0.0403953 0.0764392 0.0254049 0.0383866 0.0305167 0.0207578 0.0131925
threshold=-2.4089509458886917 1.7394377131769621 1.1335994122992328 1.0555066932308372 -1.4537527450134631 -0.97556096233642264 1.4436013126245439 0.85781219666092012 1.100154062415069 -0.40719590138638256 0.51865820564984799 -0.87701220232026433 0.84565629789109786 -1.0374632874045682 -0.71195307619323489
decision_type=2 2 2 2 2 2 2 2 2 2 2 2 2 2 2
left_child=-1 2 3 5 -3 -2 8 13 10 -10 11 -7 -12 -8 -15
right_child=1 4 -4 -5 -6 6 7 -9 9 -11 12 -13 -14 14 -16
leaf_value=0.0044046176722392222 0.0030656035437564388 -0.010903163175122441 0.012287783466848837 -0.0084641519227148954 8.3122873553438158e-05 -0.0025881781816450822 0.0017467297165584461 -0.0057252361152381991 0.0041122492579864865 -0.0007231123482996499 0.0011394810417662234 -0.00011036631139850611 -0.00051419756231525641 -0.0015492024391382839 0.00028673681188955938
leaf_weight=10.999999999999998 20 11.000000000000002 10.999999999999998 12.999999999999998 10.999999999999998 12.999999999999998 10.999999999999998 10.999999999999998 13.000000000000002 10.999999999999998 88 397 36 11.999999999999998 13.000000000000002
leaf_count=11 20 11 11 13 11 13 11 11 13 11 88 397 36 12 13
internal_value=-9.67523e-06 -0.00013073 0.000124319 -0.000187012 -0.00631928 5.2883e-05 -6.43884e-05 -0.00156744 6.51477e-05 0.00196167 -2.79915e-05 -0.000241896 0.000604078 0.000172753 -0.000498395
internal_weight=682 671 649 638 22 625 605 47 558 24 534 410 124 36 25
internal_count=682 671 649 638 22 625 605 47 558 24 534 410 124 36 25
is_linear=0
shrinkage=0.0529975


Tree=223
num_leaves=22
num_cat=0
split_feature=16 19 19 29 19 10 19 1 29 39 5 29 3 1 1 47 10 12 29 19 8
split_gain=0.120799 0.453155 0.182882 0.0415819 0.113492 0.243056 0.10442 0.0462338 0.0851113 0.0689133 0.0862245 0.0329893 0.0311638 0.0210842 0.0315005 0.0179923 0.0204585 0.014213 0.00778352 0.00692241 0.00622209
threshold=2.483592546261761 0.98085823280515616 0.76820330720288033 -0.7350723801486182 -0.78831803872658812 0.69104039462678457 -0.89269806438786092 -0.60676820558872702 0.88506091518751828 -0.63854705280048074 -0.63316476854028514 -0.98212594115767571 -0.32293053028958524 -0.40754660124494396 -0.3625911643096893 -0.092301572127821196 0.70777172215440476 -0.15656174076250554 0.0449595834336829 0.37993602828574341 1.4280053257725129
decision_type=2 2 2 2 2 2 2 2 2 2 2 2 2 2 2 2 2 2 2 2 2
left_child=1 2 3 6 5 -5 -1 9 13 10 20 -8 -12 17 -15 -13 -17 -9 19 -11 -6
right_child=-2 -3 -4 4 7 -7 11 8 -10 18 12 15 -14 14 -16 16 -18 -19 -20 -21 -22
leaf_value=0.0046326509444200156 0.0039371853591271943 -0.0080064968086430571 0.0053588857871346525 -0.0076924868157915759 -0.00052120859805430194 0.0010246466015787013 -0.0018871765627832241 0 -0.0033783324835604651 -8.5679139804321973e-05 0.00077086872193371416 -0.00043208087665274486 0.0059597572016029778 0.0019371684745351531 -8.2848304775638948e-05 0.0026820511344511932 0 -0.0017670890712058373 -0.0010766666267033079 0.0010709592127266093 0.00080879539576989424
leaf_weight=11.999999999999998 14.999999999999998 13.999999999999998 11.999999999999998 11.000000000000002 15.000000000000002 13.999999999999998 12.999999999999998 18 18 55 11.000000000000002 12.999999999999995 10.999999999999998 17 342 12.000000000000005 15.999999999999998 27 12.999999999999998 10.999999999999998 11.999999999999998
leaf_count=12 15 14 12 11 15 14 13 18 18 55 11 13 11 17 342 12 16 27 13 11 12
internal_value=-1.02186e-05 -0.000143659 8.56374e-05 -5.10378e-05 -0.000209652 -0.0033317 0.00113618 -2.07763e-05 -0.000301564 0.000824887 0.00227275 0 0.0043356 -0.000100039 2.39245e-05 0.000729407 0.00145522 -0.00111248 -8.79621e-05 8.3222e-05 0
internal_weight=682 667 653 641 575 25 66 550 422 128 49 54 22 404 359 41 28 45 79 66 27
internal_count=682 667 653 641 575 25 66 550 422 128 49 54 22 404 359 41 28 45 79 66 27
is_linear=0
shrinkage=0.0529975


Tree=224
num_leaves=22
num_cat=0
split_feature=25 15 29 30 50 29 30 8 25 19 1 1 39 1 13 13 31 52 5 25 14
split_gain=0.117348 1.18254 0.334189 0.247051 0.153832 0.100766 0.0800265 0.141192 0.0457558 0.038708 0.0221808 0.0812707 0.078218 0.0355772 0.0335946 0.0212393 0.0188011 0.0166635 0.0159936 0.0123012 0.00631859
threshold=-0.92883394012240406 0.78721989720407681 1.10045454059635 -1.391025136749735 1.0000000180025095e-35 -0.7350723801486182 1.1448567224677055 -0.70750653197287705 1.9075965416574248 0.79929482605924529 0.19394222198214275 0.015519502361516649 -0.66602670239464246 0.5031274365887165 0.51865820564984799 -0.44508778669602794 0.035482142573012562 1.0000000180025095e-35 -1.2815111914581778 -1.1956228480172548 -1.410800518238549
decision_type=2 2 2 2 2 2 2 2 2 2 2 2 2 2 2 2 2 2 2 2 2
left_child=3 2 6 -1 5 -5 8 -8 9 10 11 15 -13 16 -15 -2 -12 18 20 -20 -7
right_child=1 -3 -4 4 -6 17 7 -9 -10 -11 13 12 -14 14 -16 -17 -18 -19 19 -21 -22
leaf_value=0.0074830719349071404 -0.0007268995921992943 -0.014091015555396734 0.0072009934168168399 0.0047703969283873146 -0.0041524090555721104 0.0012135504519659183 0.00085542062441112043 -0.0060325942907554836 0.0023806242278901039 -0.0025010811147876772 0.0026454778494030191 -0.0051228520563270045 -0.00020374768809865358 -0.00032048013602346359 0.0014287696335013944 0.00033950349519538969 2.9298476173554e-05 0.0013965185011834197 -0.0019581025679057027 0 0
leaf_weight=10.999999999999998 64 10.999999999999998 11.999999999999998 12.999999999999998 10.999999999999998 11.999999999999995 11.000000000000002 10.999999999999998 15.999999999999998 11.999999999999998 21 11.999999999999998 26 138 33 194 19 19 13.000000000000002 11.000000000000005 11.999999999999998
leaf_count=11 64 11 12 13 11 12 11 11 16 12 21 12 26 138 33 194 19 19 13 11 12
internal_value=-7.42235e-06 -0.000313196 8.51832e-05 0.00158747 0.000384249 0.00133531 -0.000130778 -0.00289354 7.3326e-07 -8.56841e-05 0 -0.000293638 -0.0024024 0.000408782 1.46005e-05 3.80099e-05 0.00172047 0.00023599 -0.000198103 -0.00112974 0.000540284
internal_weight=682 580 569 102 91 80 557 22 535 519 507 296 38 211 171 258 40 67 48 24 24
internal_count=682 580 569 102 91 80 557 22 535 519 507 296 38 211 171 258 40 67 48 24 24
is_linear=0
shrinkage=0.0529975


Tree=225
num_leaves=16
num_cat=0
split_feature=39 19 29 44 19 39 30 5 5 44 29 46 6 29 6
split_gain=0.118679 0.150329 0.056934 0.0402559 0.183424 0.091479 0.0386114 0.0343602 0.0295381 0.0241432 0.0204696 0.0124013 0.0114403 0.012966 0.0221986
threshold=-1.1840427946005181 0.86932162594016515 0.88506091518751828 1.2189034235488292 -1.0813513871689706 -0.82078362726012033 1.2232764528055513 -1.3515508589206233 -1.182706140223132 0.7223131398807876 -0.013061300622848169 -0.16873460557596429 0.81131795453495192 -0.37733879143331001 0.10538243537244314
decision_type=2 2 2 2 2 2 2 2 2 2 2 2 2 2 2
left_child=-1 2 3 4 -2 -5 7 11 -9 -10 12 -6 13 14 -7
right_child=1 -3 -4 5 6 10 -8 8 9 -11 -12 -13 -14 -15 -16
leaf_value=-0.0042645050444761381 -0.0054000386936760231 0.0039739896727716082 -0.0026492588330844793 0.0040473219975138428 0 0 0.0023839202832407211 -0.0021917401645727128 9.4567193161233405e-05 -0.00083364410700549542 -0.0013495731294358747 0.0021141579199922393 -0.00022456028748866599 0 0.0028955846711133603
leaf_weight=11.999999999999998 11.999999999999998 21 17 15.999999999999998 17 11.999999999999998 12.999999999999998 13.999999999999998 376 91 13.999999999999998 20 18 17.000000000000004 11.999999999999998
leaf_count=12 12 21 17 16 17 12 13 14 376 91 14 20 18 17 12
internal_value=-8.07229e-06 9.49819e-05 -5.51017e-05 2.79741e-05 -0.000135387 0.00104382 2.95524e-05 -4.2809e-05 -0.000181856 -7.98135e-05 3.98495e-05 0.00137562 0.000571097 0.00105311 0.00171804
internal_weight=682 670 649 632 543 89 531 518 481 467 73 37 59 41 24
internal_count=682 670 649 632 543 89 531 518 481 467 73 37 59 41 24
is_linear=0
shrinkage=0.0529975


Tree=226
num_leaves=30
num_cat=0
split_feature=3 30 29 46 52 19 29 39 13 13 9 45 2 30 5 9 44 6 13 19 1 9 12 30 29 37 45 1 8
split_gain=0.110717 0.840838 0.583187 1.90851 0.144762 0.161934 0.0463334 0.103301 0.0770365 0.0563191 0.0405923 0.0314506 0.0294044 0.0270761 0.0211571 0.0198073 0.0250908 0.0213996 0.0178037 0.024287 0.021503 0.0177617 0.0146506 0.0131447 0.0125098 0.0113472 0.00974514 0.00958741 0.00891207
threshold=0.69784939052922235 -0.65921609552741589 0.90830313251086625 0.47595447567225796 1.0000000180025095e-35 -0.78831803872658812 0.22011875519856186 -0.76309549149112188 -0.28446345463838202 1.070804347098006 1.4025985340089158 -0.17351479114396184 -1.2582792823625131 1.2232764528055513 0.66453979860267443 0.0093833319795954082 0.7223131398807876 -0.33665560690579144 0.016707167969704166 -0.13083393798565543 0.37534953492627121 0.60048338625090791 0.73349970674932952 -0.22931034158353811 -0.35926482381618469 -0.83396665377261525 -1.1926858801790214 -0.29748972244079414 0.35247443969716541
decision_type=2 2 2 2 2 2 2 2 2 2 2 2 2 2 2 2 2 2 2 2 2 2 2 2 2 2 2 2 2
left_child=2 -2 6 -4 5 -3 9 15 -9 12 11 26 -1 18 -10 17 21 -8 19 24 27 -17 -22 -19 -14 -21 -7 -20 -13
right_child=1 4 3 -5 -6 10 7 8 14 -11 -12 28 13 -15 -16 16 -18 23 20 25 22 -23 -24 -25 -26 -27 -28 -29 -30
leaf_value=-0.0020587496960683799 -0.012411321973476958 -0.0046955270859453556 0.019256645090138993 -0.003905831380029492 0.0039178345621675896 0 0.00061838231464711056 0 -0.0061369744036307589 0.0025696848710629796 0.0027208517904834073 0 -0.00023263852224133429 0.0018027799390636047 -0.0010991179707362968 6.6228088468720217e-06 -0.00051751132178937272 0 0.00053900966016195322 0.0013194652915386076 0 0.0028173115931373494 0.0026898098699420009 -0.0022606064359246632 -0.0015361204309301214 0 0.0014762205300656089 -0.00048270374847879627 -0.0018804841919330096
leaf_weight=12.999999999999998 10.999999999999998 15.999999999999998 12.000000000000002 18 18 11.999999999999995 10.999999999999998 13.999999999999998 12.000000000000002 19 10.999999999999998 14.000000000000005 67 18 10.999999999999998 18.000000000000004 17 10.999999999999998 49 13.999999999999998 12.000000000000002 11.999999999999998 11.999999999999998 17.000000000000004 44 120 20 41 18
leaf_count=13 11 16 12 18 18 12 11 14 12 19 11 14 67 18 11 18 17 11 49 14 12 12 12 17 44 120 20 41 18
internal_value=-8.17208e-06 -0.00143902 0.000297017 0.00682957 0.000196976 -0.000663713 -0.000130392 -0.00101302 -0.00313479 0.000129015 0.00039412 -0.00010483 -9.3619e-06 7.41963e-05 -0.004694 0 0.000735135 -0.000774527 -2.15308e-05 -0.00029278 0.00048871 0.00160697 0.00172304 -0.00153975 -0.000861282 0.000144972 0.000877846 0 -0.00125479
internal_weight=682 120 562 30 109 91 532 123 37 409 75 64 390 377 23 86 47 39 359 245 114 30 24 28 111 134 32 90 32
internal_count=682 120 562 30 109 91 532 123 37 409 75 64 390 377 23 86 47 39 359 245 114 30 24 28 111 134 32 90 32
is_linear=0
shrinkage=0.0529975


Tree=227
num_leaves=33
num_cat=0
split_feature=29 29 19 29 30 19 8 19 30 31 16 37 37 12 44 45 5 18 13 30 30 30 13 37 9 35 29 47 46 13 29 3
split_gain=0.122685 0.164152 0.355136 0.0479662 0.124195 0.0950319 0.0627414 0.0616361 0.0728634 0.143091 0.0509687 0.0463893 0.0482282 0.0368346 0.0380209 0.0247474 0.0167186 0.0485509 0.0328244 0.0290211 0.0201166 0.0172109 0.0144586 0.0141895 0.0124313 0.0116459 0.00999646 0.0128908 0.00921023 0.00789601 0.00330756 0.000960046
threshold=1.9619634837178215 0.90830313251086625 0.51248132294284898 -0.15324387896073374 0.78580018180191746 0.79929482605924529 -0.60241396704342165 0.42784664522021415 1.0659237897487761 0.26084383935029898 0.48773934746793363 2.0509306466212647 -0.59407555209111784 0.68776027441180576 1.0000000180025095e-35 -0.17351479114396184 -0.075867253542055271 0.69997745110616483 0.37811191509940772 0.13484508344717536 -0.2184961416748705 0.35904420432065115 -0.46516582820323371 -0.74710953075000652 -0.074677170393348966 1.6833029701327484 -0.33096837825487457 -0.092301572127821196 -0.16873460557596429 -0.45512680744963085 -0.40882642383089079 0.58542083281666135
decision_type=2 2 2 2 2 2 2 2 2 2 2 2 2 2 2 2 2 2 2 2 2 2 2 2 2 2 2 2 2 2 2 2
left_child=1 3 -3 7 5 16 -6 8 10 -10 13 12 -12 26 -15 -16 17 23 21 20 -20 25 -23 28 -19 -18 27 -1 -5 -28 -14 -26
right_child=-2 2 -4 4 6 -7 -8 -9 9 -11 11 -13 30 14 15 -17 18 24 19 -21 -22 22 -24 -25 31 -27 29 -29 -30 -31 -32 -33
leaf_value=-0.00028877258867517162 -0.0043344354599213174 -0.001869870851031059 0.0088171323965802705 -0.00020770544489023536 -7.3984775209601374e-05 -0.0038214791219134269 -0.0059741782401146913 0.0035044945316915297 0.005657974988970662 -0.00049620770573498589 -0.0026121998372392228 -0.0033192364158931851 0.00063108085477649146 0 0.004110471250476597 0.00023700759065808152 0.00047665862620064589 -0.00013004563481429609 0.0011153496831048946 0.002716046610823294 -0.00093697674750318008 -0.0021504501599406965 0 0 0.0016804057306482178 -0.00069750499623182603 0 0.00079755861373446133 -0.0028284845934189225 -0.001083383291041748 0 1.4059958405137926e-05
leaf_weight=45 11.999999999999998 12.000000000000002 11.999999999999998 12.999999999999998 11.000000000000002 12.999999999999998 10.999999999999998 10.999999999999998 13.000000000000002 18 13.999999999999998 15.999999999999998 35 19 12.000000000000002 12.999999999999998 87 18 26 20 14.999999999999998 13.000000000000002 11.999999999999998 14.999999999999998 14.000000000000002 23 22 55 20 31 20 10.999999999999998
leaf_count=45 12 12 12 13 11 13 11 11 13 18 14 16 35 19 12 13 87 18 26 20 15 13 12 15 14 23 22 55 20 31 20 11
internal_value=-6.76394e-06 9.81752e-05 0.00393517 -6.85439e-05 -0.000530726 -0.00018729 -0.00392128 0.000370917 0.000175089 0.00239454 -8.94173e-05 -0.0011487 -0.000327104 0.000353657 0.00160526 0.00275712 2.83271e-05 -0.000517444 0.000324137 0.00129293 0.000192129 -0.000100444 -0.00123449 -0.0016278 0.000626993 0.000147571 -9.31928e-06 0.000254133 -0.00216586 -0.000600097 0.000339665 0.00131711
internal_weight=682 670 24 646 322 300 22 324 313 31 282 85 69 197 44 25 287 91 196 61 41 135 25 48 43 110 153 100 33 53 55 25
internal_count=682 670 24 646 322 300 22 324 313 31 282 85 69 197 44 25 287 91 196 61 41 135 25 48 43 110 153 100 33 53 55 25
is_linear=0
shrinkage=0.0529975


Tree=228
num_leaves=14
num_cat=0
split_feature=26 8 19 29 35 19 9 9 28 3 28 5 3
split_gain=0.120128 0.373825 0.84106 0.447918 0.314948 0.0775793 0.0393916 0.138499 0.0361364 0.0261941 0.0255343 0.0177544 0.0126881
threshold=-2.4089509458886917 1.7394377131769621 1.1335994122992328 1.0555066932308372 -1.3826553934288939 0.79929482605924529 1.4436013126245439 1.5894025559422189 -0.93928036375800361 -1.8951457579842865 -0.59219080463487817 0.83759191770112496 0.14641408365332778
decision_type=2 2 2 2 2 2 2 2 2 2 2 2 2
left_child=-1 2 3 5 -3 6 8 -8 -2 11 -11 -10 -9
right_child=1 4 -4 -5 -6 -7 7 12 9 10 -12 -13 -14
leaf_value=0.0043803588486344986 0.002352790053000839 -0.010673826195972428 0.011759897789304632 -0.0081996728641378896 0.00016438779498631454 0.0034866016360835224 -0.0052366847387717418 0.0011020870406208529 0 -0.0010295381539603288 4.6170307845683027e-05 0.0026566588868321976 -0.00055530755994736951
leaf_weight=10.999999999999998 12.999999999999998 11.000000000000002 10.999999999999998 12.999999999999998 10.999999999999998 11.999999999999998 11.999999999999998 21 11.000000000000002 64 467 10.999999999999998 13.999999999999998
leaf_count=11 13 11 11 13 11 12 12 21 11 64 467 11 14
internal_value=-9.01514e-06 -0.00012945 0.000117582 -0.000179932 -0.00613072 5.21466e-05 -3.69265e-05 -0.00142639 7.99852e-05 0 -8.05237e-05 0.00158226 0.000284503
internal_weight=682 671 649 638 22 625 613 47 566 553 531 22 35
internal_count=682 671 649 638 22 625 613 47 566 553 531 22 35
is_linear=0
shrinkage=0.0529975


Tree=229
num_leaves=29
num_cat=0
split_feature=29 29 47 29 30 27 8 27 30 39 16 37 37 37 39 47 39 30 30 30 6 27 29 29 39 29 44 29
split_gain=0.115663 0.157959 0.336626 0.0463078 0.114314 0.0957512 0.0578662 0.0573627 0.0642678 0.169621 0.0468352 0.0442199 0.0449305 0.0321819 0.0346619 0.0380823 0.019471 0.0546423 0.029806 0.0270511 0.0297698 0.0168575 0.0127674 0.0124733 0.0118052 0.00858953 0.00665513 0.00343501
threshold=1.9619634837178215 0.90830313251086625 0.60404435919047483 -0.15324387896073374 0.78580018180191746 0.79929482605925195 -0.60241396704342165 0.42784664522022164 1.0659237897487761 -0.40719590138638256 0.48773934746793363 2.0509306466212647 -0.59407555209111784 2.0509306466212647 -0.54042203252699628 1.0000000180025095e-35 -0.87397743875622624 0.37223311871329673 -0.24010109566696164 0.21909800781462088 -0.98400651821324392 0.11175801341929344 0.095413168175139965 0.32628772854720739 -1.0448627579204097 -0.38495990873772584 -0.27086742745529524 -0.40882642383089079
decision_type=2 2 2 2 2 2 2 2 2 2 2 2 2 2 2 2 2 2 2 2 2 2 2 2 2 2 2 2
left_child=1 3 -3 7 5 16 -6 8 10 -10 13 12 -12 14 15 -1 17 18 26 21 -21 22 -18 -23 -20 -16 -5 -14
right_child=-2 2 -4 4 6 -7 -8 -9 9 -11 11 -13 27 -15 25 -17 19 -19 24 20 -22 23 -24 -25 -26 -27 -28 -29
leaf_value=0.0030908881860297571 -0.0042086074073040903 0.0086114793003000314 -0.0017906340636738873 0 -6.0825217560973836e-05 -0.003839072246565232 -0.0057493127382505288 0.0033880839622151236 0.0055054000869857161 -0.0011403506516415264 -0.0025007202062514882 -0.0032062202403224569 0.00064558895432179433 0.0025801575797190627 8.0895299555667276e-05 0 0 0.0027343390039052365 -0.0018353366350099651 9.1519834285171914e-05 -0.0021586229107033797 0 0.0019296842296682895 -0.0013358597040420046 -3.591184221824686e-05 -0.00064301439577765741 0.0018016182633279882 0
leaf_weight=15.000000000000002 11.999999999999998 12.000000000000002 11.999999999999998 12 11.000000000000002 12.999999999999998 10.999999999999998 10.999999999999998 15.000000000000002 15.999999999999998 13.999999999999998 15.999999999999998 35 10.999999999999998 91 14.999999999999998 24 20 13.999999999999998 19 31 80 14.999999999999998 17 40 65 15 20
leaf_count=15 12 12 12 12 11 13 11 11 15 16 14 16 35 11 91 15 24 20 14 19 31 80 15 17 40 65 15 20
internal_value=-6.33385e-06 9.52631e-05 0.00385933 -6.80739e-05 -0.000522326 -0.000191506 -0.00377677 0.000363496 0.000173615 0.00225766 -7.34669e-05 -0.00109048 -0.000289611 0.000350188 0.000105465 0.00161277 2.50642e-05 0.000618186 0 -0.000269877 -0.0012606 8.30231e-05 0.000969847 -0.000241426 -0.000755655 -0.000190254 0.00122429 0.000349217
internal_weight=682 670 24 646 322 300 22 324 313 31 282 85 69 197 186 30 287 101 81 186 50 136 39 97 54 156 27 55
internal_count=682 670 24 646 322 300 22 324 313 31 282 85 69 197 186 30 287 101 81 186 50 136 39 97 54 156 27 55
is_linear=0
shrinkage=0.0529975


Tree=230
num_leaves=22
num_cat=0
split_feature=32 15 29 39 2 14 26 30 8 39 10 13 29 33 8 28 13 31 32 39 34
split_gain=0.116956 1.09046 0.299348 0.231592 0.368796 0.23673 0.0929394 0.0752174 0.125771 0.0408655 0.0983143 0.0432159 0.0789634 0.0286921 0.0327709 0.0562857 0.0318762 0.0284915 0.020231 0.012978 0.00397986
threshold=-0.92883394012240184 0.78721989720407681 1.10045454059635 -0.94932312051585133 -1.2891233292998687 -1.410800518238549 -1.2725577322239361 1.1448567224677055 -0.70750653197287705 -0.99967917988423871 -0.33802351014425597 0.72947764147550831 0.27601877832733596 -0.80765920202970132 0.66068614550589133 -0.59219080463487817 0.11709737550573292 -0.038123266235527122 -1.2052122046809852 -1.0448627579204097 -0.11928610139071143
decision_type=2 2 2 2 2 2 2 2 2 2 2 2 2 2 2 2 2 2 2 2 2
left_child=3 2 7 4 -1 -5 -7 9 -9 10 -2 13 20 -11 15 -15 -16 18 -8 -12 -13
right_child=1 -3 -4 5 -6 6 17 8 -10 11 19 12 -14 14 16 -17 -18 -19 -20 -21 -22
leaf_value=0.010713252190873719 0.0044712701726882832 -0.013541254795842408 0.0068068214463240882 -0.0041863702617080684 -0.00064267925305473261 0.005078009984501055 -0.0018486677109924696 0.00072729096254870698 -0.0057677138248614819 -0.0017950208764297493 -0.0013030209626171646 -0.00048324964043863886 -0.0045465180090493579 -0.0019399845911943284 0.002499345375029903 0.00017353324520133636 -0.00020239208706762473 0.0018435665011543752 0.00038098866967757665 0.00056388567053512696 0.00056394736470401663
leaf_weight=11.000000000000002 12.999999999999998 10.999999999999998 11.999999999999998 20 11.999999999999998 11.999999999999998 11.999999999999998 11.000000000000002 10.999999999999998 17 13.999999999999998 15.999999999999998 10.999999999999998 33 24 371 11.999999999999998 17 18.000000000000004 11.000000000000002 13.000000000000002
leaf_count=11 13 11 12 20 12 12 12 11 11 17 14 16 11 33 24 371 12 17 18 11 13
internal_value=-5.66871e-06 -0.000310973 7.11982e-05 0.00158658 0.00563988 9.69146e-06 0.00179455 -0.000132461 -0.00281052 0 0.00155618 -0.000127947 -0.0016782 1.26344e-05 0.000121331 -7.91804e-06 0.00153214 0.00034471 -0.000476224 -0.000306069 0
internal_weight=682 580 569 102 23 79 59 557 22 535 38 497 40 457 440 404 36 47 30 25 29
internal_count=682 580 569 102 23 79 59 557 22 535 38 497 40 457 440 404 36 47 30 25 29
is_linear=0
shrinkage=0.0529975


Tree=231
num_leaves=14
num_cat=0
split_feature=16 19 19 29 19 10 35 1 19 29 1 11 45
split_gain=0.11491 0.450559 0.160937 0.0382639 0.0942459 0.194818 0.0401146 0.228988 0.0411735 0.0424666 0.0347664 0.0455014 0.0176808
threshold=2.483592546261761 0.98085823280515616 0.76820330720288033 -1.0034921893675615 -0.78831803872658812 0.69104039462678457 0.26955033972340064 0.11606298994700269 -0.69407060819862865 0.64608805788372303 0.37534953492627121 -1.0585182509927076 -0.5132384874889816
decision_type=2 2 2 2 2 2 2 2 2 2 2 2 2
left_child=1 2 3 -1 5 -5 8 -8 -6 12 -9 -12 -10
right_child=-2 -3 -4 4 6 -7 7 10 9 -11 11 -13 -14
leaf_value=0.0020258038719417567 0.0038440445973178319 -0.0079770029287453588 0.0050382125783550134 -0.0061921836833799156 0.0026647522523328302 0.00081941593055083191 -0.0055468219452325098 0.0018249311916429861 0.00053670514169422044 0.002799362677986343 -0.0015817610663999551 0.00029671638408049 -0.00020320760010582135
leaf_weight=18 14.999999999999998 13.999999999999998 11.999999999999998 14.999999999999998 14.999999999999998 18 17 21 137 10.999999999999998 44 115 230
leaf_count=18 15 14 12 15 15 18 17 21 137 11 44 115 230
internal_value=-5.95498e-06 -0.000136394 9.21613e-05 -3.54733e-05 -0.000124878 -0.00265065 2.99221e-05 -0.000563983 0.000349138 0.000198881 3.27202e-05 -0.000219375 5.84617e-05
internal_weight=682 667 653 641 623 33 590 197 393 378 180 159 367
internal_count=682 667 653 641 623 33 590 197 393 378 180 159 367
is_linear=0
shrinkage=0.0529975


Tree=232
num_leaves=24
num_cat=0
split_feature=39 16 6 10 29 52 5 19 23 37 29 37 44 29 5 45 29 25 45 45 44 10 39
split_gain=0.116834 0.145123 0.0632267 0.238133 0.180375 0.0669699 0.312634 0.14975 0.0561 0.0423142 0.0379499 0.0251295 0.024275 0.0334502 0.0220282 0.0211402 0.0198257 0.0183636 0.0125245 0.0120344 0.0122757 0.00468172 0.000127893
threshold=-1.1840427946005181 2.483592546261761 -0.71207127959319683 -0.80827048299085946 0.90830313251086625 1.0000000180025095e-35 -0.85649458878803342 -1.0813513871689706 -0.033828524743001111 1.6207810849854718 -0.95147839412710067 -0.6602524077273918 -0.76745771112333661 0.51841408575409187 0.77616547504632338 1.0000000180025095e-35 -0.72657642365106512 -0.82624283017793043 -0.96620341594900816 -0.85296218383400146 -0.27086742745529524 -1.340476131034892 0.48907626919820585
decision_type=2 2 2 2 2 2 2 2 2 2 2 2 2 2 2 2 2 2 2 2 2 2 2
left_child=-1 2 3 8 5 7 -7 -4 14 17 -9 15 13 -12 -2 -10 -14 -8 -19 -16 -21 -22 -13
right_child=1 -3 4 -5 -6 6 9 10 11 -11 12 22 16 -15 19 -17 -18 18 -20 20 21 -23 -24
leaf_value=-0.0042274256740062926 -0.002212010180131339 0.0049354002875836621 -0.0053234340632938634 0.0061563529908891142 -0.0053899068487392203 0.0065496906947963649 0.0015797873946544532 -0.0024531572539279434 0.0028230359419371479 -0.0024421626261812864 -0.00020520461549990797 -0.00010651840810202044 0.0014018006803471852 -0.002790258390771733 -0.0011870993412458418 0 0 -0.001300304385114532 0.00018441086682726926 -0.00058658698320468569 0.0015399777624058241 0 8.0317310115495658e-05
leaf_weight=11.999999999999998 18 10.999999999999998 10.999999999999998 14.999999999999998 12.999999999999998 17 14.999999999999998 13.999999999999998 23 14.999999999999998 91 16.000000000000004 28 12.999999999999998 17 11.999999999999998 229 14.999999999999998 43 15.999999999999998 11.999999999999998 15.000000000000002 10.999999999999998
leaf_count=12 18 11 11 15 13 17 15 14 23 15 91 16 28 13 17 12 229 15 43 16 12 15 11
internal_value=-3.71181e-06 9.84326e-05 -1.5578e-05 0.000889046 -0.000314663 -0.000102825 0.00102928 -0.000439633 4.71742e-05 -0.000312654 -0.000196513 0.00121953 -5.13132e-05 -0.00072633 -0.000822083 0.00204657 0.00020562 0.000188662 -0.000176285 -0.000136175 0.000231187 0.000946005 0
internal_weight=682 670 659 155 504 491 105 386 140 88 375 62 361 104 78 35 257 73 58 60 43 27 27
internal_count=682 670 659 155 504 491 105 386 140 88 375 62 361 104 78 35 257 73 58 60 43 27 27
is_linear=0
shrinkage=0.0529975


Tree=233
num_leaves=12
num_cat=0
split_feature=26 8 19 29 45 30 3 30 8 8 31
split_gain=0.112569 0.354571 0.821413 0.422724 0.291651 0.07467 0.0357957 0.0648009 0.0185737 0.0299748 0.0193796
threshold=-2.4089509458886917 1.7394377131769621 1.1335994122992328 1.0555066932308372 -1.0794446480640147 -0.97556096233642264 -2.2806150987130667 1.2754480605365839 -1.0585182509927076 -0.94414269736950918 1.0393664827461877
decision_type=2 2 2 2 2 2 2 2 2 2 2
left_child=-1 2 3 5 -3 -2 -7 8 10 -10 -8
right_child=1 4 -4 -5 -6 6 7 -9 9 -11 -12
leaf_value=0.0042439251307265415 0.0028368596125922197 9.6403140800632552e-05 0.011623811127283118 -0.0079665794793602578 -0.010336113389710907 0.002319242509733724 0 -0.0027258662219656398 0.0016524731049504182 -9.062681905818955e-06 -0.0022740539719005868
leaf_weight=10.999999999999998 20 11.000000000000002 10.999999999999998 12.999999999999998 10.999999999999998 10.999999999999998 36 20 26 498 13.999999999999998
leaf_count=11 20 11 11 13 11 11 36 20 26 498 14
internal_value=-5.04285e-06 -0.000121988 0.000118296 -0.000175614 -0.00596697 4.95355e-05 -5.81129e-05 -0.000136518 -7.00491e-06 7.79647e-05 -0.000935211
internal_weight=682 671 649 638 22 625 605 594 574 524 50
internal_count=682 671 649 638 22 625 605 594 574 524 50
is_linear=0
shrinkage=0.0529975


Tree=234
num_leaves=15
num_cat=0
split_feature=13 39 29 7 35 25 30 45 6 29 19 6 5 5
split_gain=0.110399 0.185754 0.280525 0.112866 0.245688 0.0536143 0.0477044 0.121031 0.0382941 0.10977 0.0962264 0.035326 0.0285428 0.0186145
threshold=1.9943942564294705 -1.0567165156606251 0.88506091518751828 -2.3273358155400112 -1.4212897287437452 -1.2685602186376721 1.1448567224677055 0.505932601546078 -0.75866548845034831 0.61291980503130861 0.79929482605924529 -0.55341059740747689 -0.012559061107562601 -0.77362208666853782
decision_type=2 2 2 2 2 2 2 2 2 2 2 2 2 2
left_child=1 2 -1 -3 -5 13 8 -8 9 12 11 -10 -7 -6
right_child=-2 3 -4 4 5 6 7 -9 10 -11 -12 -13 -14 -15
leaf_value=-0.00057208764783833819 -0.0042322626839909894 0.0040078089648567907 0.0080614271471206433 -0.0063452022030298363 0.0032273918355308824 0.0021468129863975189 -0.0051010127739075477 0.001116288934001523 -0.0016923504715935344 0.0047049024189027028 -0.0042256608027343157 4.5936422569101466e-06 -0.00015457762806258139 0
leaf_weight=18 10.999999999999998 11.999999999999998 13.999999999999998 11.999999999999998 12.000000000000002 10.999999999999998 12.000000000000002 10.999999999999998 31 10.999999999999998 10.999999999999998 392 112 11.999999999999998
leaf_count=18 11 12 14 12 12 11 12 11 31 11 11 392 112 12
internal_value=-4.47966e-06 9.1384e-05 0.00369737 -0.000111064 -0.000238147 -4.76185e-05 -0.000167892 -0.00227071 -4.77426e-05 0.000701553 -0.000301374 -0.000125404 8.73191e-05 0.00212277
internal_weight=682 671 32 639 627 615 591 23 568 134 434 423 123 24
internal_count=682 671 32 639 627 615 591 23 568 134 434 423 123 24
is_linear=0
shrinkage=0.0529975


Tree=235
num_leaves=12
num_cat=0
split_feature=45 29 46 13 19 30 30 23 51 33 19
split_gain=0.106021 0.138206 0.788649 0.0524314 0.0841433 0.0505274 0.06232 0.0730549 0.0173392 0.017998 0.0159691
threshold=1.7515861548111511 0.90830313251086625 0.47595447567225796 1.7584772687198031 0.79929482605924529 1.2754480605365839 1.0475394789916936 2.4199693618406699 1.0000000180025095e-35 1.524205896070322 -0.56005770063271443
decision_type=2 2 2 2 2 2 2 2 2 2 2
left_child=1 3 -3 4 5 6 7 8 9 -1 -10
right_child=-2 2 -4 -5 -6 -7 -8 -9 10 -11 -12
leaf_value=0.00035605584071794701 -0.0038151736858074337 0.010422805550856281 -0.003681919983023205 0.0028069631922073022 -0.0036437835914034759 -0.0025443694781679691 0.0025812287552990764 -0.0032187693402454592 -0.001983910033605121 -0.0004759163623582402 -0.0001641521324834629
leaf_weight=372 13.999999999999998 14.999999999999998 18 10.999999999999998 12.999999999999998 15.999999999999998 20 13.999999999999998 12.999999999999998 79 97
leaf_count=372 14 15 18 11 13 16 20 14 13 79 97
internal_value=-2.83628e-06 9.99319e-05 0.00316706 -7.67018e-05 -0.000164856 -4.48221e-05 3.54866e-05 -6.67659e-05 3.27841e-05 0.000190706 -0.000530869
internal_weight=682 668 33 635 624 611 595 575 561 451 110
internal_count=682 668 33 635 624 611 595 575 561 451 110
is_linear=0
shrinkage=0.0529975


Tree=236
num_leaves=31
num_cat=0
split_feature=29 29 19 29 30 19 30 39 19 19 16 37 37 12 6 13 39 30 19 30 8 39 0 39 18 7 19 10 37 26
split_gain=0.115344 0.142291 0.315893 0.0440433 0.0989796 0.0793685 0.0614934 0.149017 0.0619534 0.054637 0.0436674 0.0402526 0.0408718 0.0307282 0.0361246 0.02065 0.01639 0.0399951 0.0239412 0.0167243 0.0152762 0.0143319 0.0102905 0.0173681 0.0103093 0.00863274 0.00880002 0.00682705 0.00613115 0.00418902
threshold=1.9619634837178215 0.90830313251086625 0.51248132294284898 -0.15324387896073374 0.78580018180191746 0.79929482605924529 1.0659237897487761 -0.40719590138638256 0.42784664522021415 -0.65023692210784045 0.48773934746793363 2.0509306466212647 -0.47206197451173448 0.68776027441180576 1.2080644490224646 -0.063604998059118803 -0.9002788601712034 0.37223311871329673 -0.1457840957559802 -0.2184961416748705 0.25182229636332382 -1.0448627579204097 1.7218711074838955 -0.66179316143795452 -1.4129313256184675 -0.25919940656948109 -0.20088432859852637 0.33869174897776294 1.6207810849854718 -0.49946439884091043
decision_type=2 2 2 2 2 2 2 2 2 2 2 2 2 2 2 2 2 2 2 2 2 2 2 2 2 2 2 2 2 2
left_child=1 3 -3 6 5 16 8 -8 10 -6 13 12 -12 25 15 -15 17 19 20 27 -18 -21 23 -20 -24 26 -1 -5 -27 -14
right_child=-2 2 -4 4 9 -7 7 -9 -10 -11 11 -13 29 14 -16 -17 18 -19 22 21 -22 -23 24 -25 -26 28 -28 -29 -30 -31
leaf_value=-0.0015157892213250135 -0.0042023902469880605 -0.0017784719176893739 0.008280350907715596 0.0015192908903714209 -0.0054396647786192588 -0.0035116297530062277 0.0054252747697359771 -0.00081526862828094047 0.003198182196025252 0 -0.0022739778434937778 -0.0030885514298443369 0.00073167527935341843 0.00026718998611806978 -0.0002356998238448729 0.0036371779192675732 -0.0019845505667279613 0.0024199124640108378 0.0011059967389928931 -0.0017357749088695736 0 0 0 -9.4276644852317801e-05 -0.001687130844565029 0 0 0 0.00095929184653604886 0
leaf_weight=14.000000000000002 11.999999999999998 12.000000000000002 11.999999999999998 14.000000000000002 11.000000000000002 12.999999999999998 15.000000000000002 15.999999999999998 10.999999999999998 10.999999999999998 15.999999999999998 15.999999999999998 29.999999999999996 15 14.999999999999998 14 25 19 41 13.999999999999998 13.999999999999998 32 17.000000000000004 89 10.999999999999998 108 14.999999999999998 10.999999999999998 15.999999999999998 23.000000000000004
leaf_count=14 12 12 12 14 11 13 15 16 11 11 16 16 30 15 15 14 25 19 41 14 14 32 17 89 11 108 15 11 16 23
internal_value=-5.85254e-06 9.55874e-05 0.00366797 -5.89335e-05 -0.000502396 -0.000192443 0.000361747 0.00240547 7.82511e-05 -0.00353304 -8.32516e-05 -0.00106504 -0.000293253 0.000324901 0.00146794 0.00243811 2.85568e-06 0.000595503 -0.000243082 0 -0.00132646 -0.000620085 2.04663e-05 0.000264987 -0.000755851 -2.85054e-06 -0.000778815 0.000932986 0.000152449 0.000356662
internal_weight=682 670 24 646 322 300 324 31 293 22 282 85 69 197 44 29 287 90 197 71 39 46 158 130 28 153 29 25 124 53
internal_count=682 670 24 646 322 300 324 31 293 22 282 85 69 197 44 29 287 90 197 71 39 46 158 130 28 153 29 25 124 53
is_linear=0
shrinkage=0.0529975


Tree=237
num_leaves=25
num_cat=0
split_feature=29 29 19 29 30 30 39 7 19 0 3 29 3 8 12 39 37 39 29 33 30 30 29 33
split_gain=0.10724 0.131919 0.294582 0.0418314 0.141236 0.0635285 0.127729 0.0737312 0.0574075 0.0480662 0.0343177 0.0282351 0.017882 0.0165325 0.0154084 0.0257878 0.0199921 0.0259776 0.0199695 0.0127703 0.0124536 0.0114582 0.0076721 0.00460545
threshold=1.9619634837178215 0.90830313251086625 0.51248132294284898 0.14814661164550594 0.81629638730175846 1.0659237897487761 -0.40719590138638256 -2.0381597474118105 0.37993602828574341 -1.394750564804889 -0.62452459780423275 0.60288618035152008 0.14641408365332778 -0.30827941907133044 -0.057577921348720376 1.8998175133410089 -0.83396665377261525 1.7707609656411838 -0.35926482381618469 1.7308914753440245 -0.15288167033854896 0.015056290375564907 0.027640928824010213 -0.69244703688948173
decision_type=2 2 2 2 2 2 2 2 2 2 2 2 2 2 2 2 2 2 2 2 2 2 2 2
left_child=1 3 -3 5 8 7 -7 -1 11 -9 -10 13 -13 19 16 18 22 -18 -16 20 -5 -15 -11 -23
right_child=-2 2 -4 4 -6 6 -8 9 10 14 -12 12 -14 21 15 -17 17 -19 -20 -21 -22 23 -24 -25
leaf_value=-0.0031403571051647422 -0.0040538829301623421 -0.0017156229633863201 0.0079877336562232028 0 -0.0053776315767859982 0.0048480978071349708 -0.00078384002740056072 0.0029178653424384239 0 0.0021069778201540891 -0.0031362578323401147 0.0026310370013990806 0 -8.5053200120249203e-05 0.00048651454635380764 -0.0018925127297629862 -0.00011734424432581459 0.0020001877297200557 -0.00049315240205303199 0.00019286312270027552 -0.0017326678751508015 0 0 0.001885402841238993
leaf_weight=13.999999999999998 11.999999999999998 12.000000000000002 11.999999999999998 12.999999999999995 10.999999999999998 17 15.999999999999998 10.999999999999998 13.999999999999998 18.000000000000004 20 14.000000000000002 12.999999999999998 20 99 18 136 11.999999999999998 123 15.999999999999998 28.000000000000004 11.000000000000002 10.999999999999998 10.999999999999998
leaf_count=14 12 12 12 13 11 17 16 11 14 18 20 14 13 20 99 18 136 12 123 16 28 11 11 11
internal_value=-7.31783e-06 9.01425e-05 0.00353012 -5.82367e-05 -0.000762369 0.000187074 0.00223771 0 -0.000220194 0.000150958 -0.0019958 0.000274922 0.0016349 -0.000101647 2.11283e-05 -0.000235557 0.000403658 8.01907e-05 -2.43335e-05 -0.000713082 -0.00119474 0.000568049 0.00155828 0.00130231
internal_weight=682 670 24 646 171 475 33 442 160 428 34 126 27 99 417 240 177 148 222 57 41 42 29 22
internal_count=682 670 24 646 171 475 33 442 160 428 34 126 27 99 417 240 177 148 222 57 41 42 29 22
is_linear=0
shrinkage=0.0529975


Tree=238
num_leaves=14
num_cat=0
split_feature=5 8 19 29 19 9 30 30 39 45 29 3 53
split_gain=0.108077 0.419489 0.759709 0.428638 0.0741186 0.0339819 0.123591 0.0372861 0.0574537 0.0178268 0.0356308 0.0161923 0.0129129
threshold=-2.226046647382725 1.7394377131769621 1.1335994122992328 1.0555066932308372 0.79929482605924529 1.4436013126245439 0.85781219666092012 1.100154062415069 -0.40719590138638256 1.0721387621211111 0.69655909085426648 0.14641408365332778 1.0626078316449983
decision_type=2 2 2 2 2 2 2 2 2 2 2 2 2
left_child=-1 2 3 4 5 7 11 9 -9 10 -2 -7 -11
right_child=1 -3 -4 -5 -6 6 -8 8 -10 12 -12 -13 -14
leaf_value=0.0037282675568391351 0 -0.0070181205284682848 0.011176100885841297 -0.0080169334996940071 0.0034119013899720526 0.0011622130015854504 -0.0050756405258291374 0.0037439896440212075 -0.00042510447306253211 -0.0009732707676474309 0.0021551445354249157 -0.00072450218028108316 0.00018804484416460901
leaf_weight=14.999999999999998 424 18 10.999999999999998 12.999999999999998 11.999999999999998 21 10.999999999999998 13.000000000000002 10.999999999999998 77 17 14.999999999999998 24
leaf_count=15 424 18 11 13 12 21 11 13 11 77 17 15 24
internal_value=-5.20735e-06 -0.000132018 0.000110806 -0.000171416 5.53361e-05 -3.15033e-05 -0.00132281 7.62574e-05 0.00189731 -1.15126e-05 0.000122728 0.000218566 -0.000636962
internal_weight=682 667 649 638 625 613 47 566 24 542 441 36 101
internal_count=682 667 649 638 625 613 47 566 24 542 441 36 101
is_linear=0
shrinkage=0.0529975


Tree=239
num_leaves=21
num_cat=0
split_feature=25 15 29 39 2 14 53 25 4 29 20 34 1 6 2 18 8 47 30 26
split_gain=0.105103 1.00266 0.274142 0.215847 0.329028 0.22047 0.0834483 0.0620129 0.0479867 0.144468 0.109337 0.0516732 0.0456102 0.041335 0.0415644 0.0235284 0.023412 0.0208993 0.00882237 0.00226513
threshold=-0.92883394012240406 0.78721989720407681 1.10045454059635 -0.94932312051585133 -1.2891233292998687 -1.410800518238549 1.0626078316449983 -0.88241780526537705 1.4403103326841389 0.80607140098567553 1.4951965405877143 1.4033088068753929 1.3597989889752562 -1.1211651162020742 1.7553429803906984 1.3209842474146114 -1.2617372055775666 0.67367895232230446 0.10821086196862244 0.66898095573981886
decision_type=2 2 2 2 2 2 2 2 2 2 2 2 2 2 2 2 2 2 2 2
left_child=3 2 7 4 -1 -5 15 -2 9 11 -10 12 16 14 -12 -7 -9 -15 -17 -19
right_child=1 -3 -4 5 -6 6 -8 8 10 -11 13 -13 -14 17 -16 18 -18 19 -20 -21
leaf_value=0.010207228783566412 -0.0032749653124179898 -0.012978676793363947 0.0065197644805957775 -0.0040619894154630349 -0.00052045686588185556 0.0015335853284263838 0.0043877113157821182 0.001812285249984212 0.0044300559320676709 -0.004551824786927003 -0.00022952666791331892 -0.0027458844082133152 0.0024880739308590161 -0.0019457778591808787 0.002690657495959608 0 -0.0001333064894740645 -0.00020307408476944697 -0.0014142669660600492 0.00057713378311377507
leaf_weight=11.000000000000002 10.999999999999998 10.999999999999998 11.999999999999998 20 11.999999999999998 17 15.999999999999998 11.999999999999998 14.999999999999998 14.999999999999998 19 12.999999999999998 14.999999999999998 21 20 13.000000000000002 394 11.000000000000002 12.999999999999998 10.999999999999998
leaf_count=11 11 11 12 20 12 17 16 12 15 15 19 13 15 21 20 13 394 11 13 11
internal_value=-1.90802e-06 -0.0002919 7.40067e-05 0.00150704 0.00541913 0 0.00171113 -0.000120417 -9.32394e-06 -0.000255388 0.00101042 -3.10097e-05 7.38487e-05 4.62455e-05 0.00127178 0.000157535 -3.33081e-05 -0.000942341 -0.000642687 0
internal_weight=682 580 569 102 23 79 59 557 546 449 97 434 421 82 39 43 406 43 26 22
internal_count=682 580 569 102 23 79 59 557 546 449 97 434 421 82 39 43 406 43 26 22
is_linear=0
shrinkage=0.0529975


Tree=240
num_leaves=15
num_cat=0
split_feature=13 39 29 7 19 29 1 8 45 1 28 46 39 29
split_gain=0.106794 0.164977 0.246369 0.111499 0.227232 0.0453736 0.0310098 0.0350142 0.0635575 0.0210496 0.043281 0.0182405 0.0133089 0.0062694
threshold=1.9943942564294705 -1.0567165156606251 0.88506091518751828 -2.3273358155400112 0.98085823280515616 0.80607140098567553 -1.2781151662940411 0.96222837288512719 -0.85296218383400146 1.971454083210523 -0.99728284792519062 -0.16873460557596429 -0.30334183962230504 -0.30204866562469096
decision_type=2 2 2 2 2 2 2 2 2 2 2 2 2 2
left_child=1 2 -1 -3 5 6 11 9 -9 10 -8 13 -10 -5
right_child=-2 3 -4 4 -6 -7 7 8 12 -11 -12 -13 -14 -15
leaf_value=-0.00049762342587091231 -0.0041593951491807699 0.003997917370690468 0.0075812063172458824 0.00020138872674880617 -0.0059346309726288392 -0.0025907133354903219 0.0027666961439976922 -0.0040388246585780366 0.0011647328018920178 -0.0015687934103124817 2.7347593275617934e-05 0 -0.00077260587710271738 0.0029262097288304937
leaf_weight=18 10.999999999999998 11.999999999999998 13.999999999999998 10.999999999999998 12.999999999999998 12.999999999999998 10.999999999999998 10.999999999999998 11.000000000000002 14.999999999999998 499 12.999999999999998 18 12.000000000000002
leaf_count=18 11 12 14 11 13 13 11 11 11 15 499 13 18 12
internal_value=-6.64596e-07 9.34316e-05 0.00349167 -9.67967e-05 -0.000223329 -3.49115e-05 3.39122e-05 -5.69339e-05 -0.00146509 5.25339e-05 0.000131433 0.00143056 0 0.00217506
internal_weight=682 671 32 639 627 614 601 565 40 525 510 36 29 23
internal_count=682 671 32 639 627 614 601 565 40 525 510 36 29 23
is_linear=0
shrinkage=0.0529975


Tree=241
num_leaves=28
num_cat=0
split_feature=39 16 6 29 29 44 19 39 3 26 29 39 25 10 13 13 45 30 19 13 10 44 29 3 9 37 5
split_gain=0.104893 0.138621 0.0549563 0.291147 0.227201 0.0570756 0.155293 0.0633623 0.0560267 0.03934 0.0342237 0.0633425 0.0346592 0.0365229 0.0321683 0.0215015 0.0180144 0.0165805 0.014157 0.00945673 0.00853106 0.00625537 0.00508132 0.00418567 0.00281635 0.00166673 0.000664529
threshold=-1.1840427946005181 2.483592546261761 -0.63828516933231472 0.90830313251086625 0.90830313251086625 1.2189034235488292 -1.0115814289029357 -0.68299189021424334 -0.15874914442362323 1.5062251613556665 0.32628772854720739 -0.89164984628365074 -1.2685602186376721 1.1200048726415253 -0.59567309800007096 -0.063604998059118803 1.0000000180025095e-35 0.067373054113536654 -0.40772983361434617 -0.30454149614558773 -1.0294279599571521 1.0000000180025095e-35 0.32628772854720739 -0.40145206266026262 0.53131947937075108 0.39030517549847626 1.1212330192496525
decision_type=2 2 2 2 2 2 2 2 2 2 2 2 2 2 2 2 2 2 2 2 2 2 2 2 2 2 2
left_child=-1 2 3 8 5 6 -4 18 9 19 12 17 13 -8 -9 -14 22 -12 -7 20 -2 24 -10 -16 -18 -23 -21
right_child=1 -3 4 -5 -6 7 10 14 16 -11 11 -13 15 -15 23 -17 21 -19 -20 26 -22 25 -24 -25 -26 -27 -28
leaf_value=-0.0040035402854486906 0.00097519215032670253 0.0048229613605448906 -0.005307481642176066 0.0073775369586046424 -0.0063354475108150813 0.0044010713281098226 0.0030159542562637033 0.0016813537481374355 0.002117838147671964 -0.0032239677798392139 -0.00056686408649072966 -0.0031997026102258395 -0.00054895744086796126 -9.6378148167291768e-05 0 0.00030090696877933256 0 0.0014899305704715439 0.00052744068348116349 0 -0.00040487818552777387 -0.00056355491584582742 0 -0.0011941988709886528 0.0011363413613447372 0 -0.0012726725814963204
leaf_weight=11.999999999999998 19 10.999999999999998 10.999999999999998 10.999999999999998 10.999999999999998 11.000000000000002 16.000000000000004 15.999999999999998 26 11.999999999999998 22 21 147 11.999999999999998 10.999999999999998 171 11.000000000000002 10.999999999999998 10.999999999999998 13.000000000000002 12.000000000000002 17.000000000000004 10.999999999999998 22 11.999999999999998 10.999999999999998 10.999999999999998
leaf_count=12 19 11 11 11 11 11 16 16 26 12 22 21 147 12 11 171 11 11 11 13 12 17 11 22 12 11 11
internal_value=-7.36084e-07 9.55009e-05 -1.56844e-05 0.00079023 -0.00030728 -7.92363e-05 -0.000336318 0.00122852 2.19913e-05 -0.00103648 -0.000106037 -0.0012822 7.63985e-05 0.00169492 0 -7.3286e-05 0.000916893 6.33047e-05 0.00324155 -0.000174683 0.000273143 8.16871e-05 0.00173373 -0.000849919 0.000727058 -0.000277722 -0.000924943
internal_weight=682 670 659 166 493 482 411 71 155 67 400 54 346 28 49 318 88 33 22 55 31 51 37 33 23 28 24
internal_count=682 670 659 166 493 482 411 71 155 67 400 54 346 28 49 318 88 33 22 55 31 51 37 33 23 28 24
is_linear=0
shrinkage=0.0529975


Tree=242
num_leaves=30
num_cat=0
split_feature=3 30 29 46 52 19 29 39 13 13 45 2 30 8 5 46 13 19 1 29 5 34 12 37 7 30 29 26 1
split_gain=0.100657 0.722774 0.465209 1.60828 0.109021 0.130769 0.035939 0.0713736 0.0641223 0.0404222 0.0245962 0.0226887 0.0269117 0.0189343 0.0171346 0.0151714 0.0128252 0.0200094 0.0188603 0.0126126 0.0347906 0.0122366 0.0104763 0.00970164 0.00917924 0.00914674 0.00756474 0.00649876 0.00536544
threshold=0.69784939052922235 -0.65921609552741589 0.90830313251086625 0.47595447567225796 1.0000000180025095e-35 -0.78831803872658812 0.22011875519856186 -0.76309549149112188 -0.28446345463838202 1.070804347098006 0.16620890520105805 -1.2582792823625131 1.2232764528055513 0.35247443969716541 0.66453979860267443 -1.0000000180025095e-35 0.016707167969704166 -0.13083393798565543 0.43093758557650286 0.69655909085426648 1.0843569414310898 -0.71555237803527227 0.55192181044119748 -0.83396665377261525 0.46670512319802415 0.26394665027283193 -0.010910652010719417 0.96909123208510295 0.052360576198499327
decision_type=2 2 2 2 2 2 2 2 2 2 2 2 2 2 2 2 2 2 2 2 2 2 2 2 2 2 2 2 2
left_child=2 -2 6 -4 5 -3 9 19 -9 11 15 -1 16 -12 -10 25 17 21 26 20 24 -13 -20 -19 28 -7 -18 -26 -8
right_child=1 4 3 -5 -6 10 7 8 14 -11 13 12 -14 -15 -16 -17 18 23 22 -21 -22 -23 -24 -25 27 -27 -28 -29 -30
leaf_value=-0.0017833145243993404 -0.011536939872045519 -0.0042152720373933045 0.017548777596074757 -0.0036822915134061057 0.0033859631183116939 0 0.00011726054977352014 0 -0.0053424512276302816 0.0022030111992212041 0.00044544436143716798 0 0.0018132768139497515 -0.0016448479935103752 -0.00085960595890604338 0 0.00035965422543994969 0.0012397042205947188 0 0.0011617931188505038 -0.0023850033175326552 -0.0010970599912697315 0.0024786234311708743 0 0.0016212100598141819 0.0027336662620827119 -0.00060465849490110057 0 -0.00088677220367430157
leaf_weight=12.999999999999998 10.999999999999998 15.999999999999998 12.000000000000002 18 18 10.999999999999998 20 13.999999999999998 12.000000000000002 19 14.000000000000002 33 18 17 10.999999999999998 21.000000000000004 65 13.999999999999998 11.000000000000002 14.999999999999998 11.999999999999998 78 10.999999999999998 120 11.000000000000002 11.999999999999998 27 12.999999999999998 14.999999999999998
leaf_count=13 11 16 12 18 18 11 20 14 12 19 14 33 18 17 11 21 65 14 11 15 12 78 11 120 11 12 27 13 15
internal_value=0 -0.00136486 0.000290728 0.00612474 0.000149003 -0.000589006 -8.98735e-05 -0.000869431 -0.00263255 0.00013691 0.00035316 0 9.30203e-05 -0.000592859 -0.0040605 0.00115054 -2.46863e-06 -0.000236215 0.000428375 0 -0.000303348 -0.000755185 0.00163667 0.00015772 0.000193551 0.00193701 0 0.000938472 -0.000209434
internal_weight=682 120 562 30 109 91 532 123 37 409 75 390 377 31 23 44 359 245 114 86 71 111 22 134 59 23 92 24 35
internal_count=682 120 562 30 109 91 532 123 37 409 75 390 377 31 23 44 359 245 114 86 71 111 22 134 59 23 92 24 35
is_linear=0
shrinkage=0.0529975


Tree=243
num_leaves=17
num_cat=0
split_feature=29 29 19 29 7 30 6 31 30 7 8 9 19 19 30 13
split_gain=0.106249 0.109557 0.265679 0.0399825 0.0752788 0.0607595 0.0477495 0.0425279 0.0446081 0.0379111 0.0330622 0.0182849 0.0417268 0.0321756 0.00659432 0.00303113
threshold=1.9619634837178215 0.90830313251086625 0.51248132294284898 -0.8996447736816684 -2.0381597474118105 1.2754480605365839 0.49665522429076792 -1.145145664204468 -1.035745079338027 -1.3604906021676328 0.17325837290014176 0.84771711489430512 -0.62118883244081624 -0.4166652285784076 -0.32507858299649456 0.51865820564984799
decision_type=2 2 2 2 2 2 2 2 2 2 2 2 2 2 2 2
left_child=1 3 -3 6 -5 7 -1 9 -9 14 -11 12 -10 -13 -6 -16
right_child=-2 2 -4 4 5 -7 -8 8 11 10 -12 13 -14 -15 15 -17
leaf_value=0.0031043154461574559 -0.0040256988035686911 -0.0017043206257746813 0.007482829658226919 -0.0033461638763425572 0.00086211019016569875 -0.002834913999548236 -0.00041378904945537401 -0.0026840891366774018 -0.0019106049082271495 0 0.003794719130871896 0.0021646110511387416 0 0 -0.00080370609177817963 0
leaf_weight=18.000000000000004 11.999999999999998 12.000000000000002 11.999999999999998 13.999999999999998 12.999999999999998 14.999999999999998 11.999999999999998 11.999999999999998 29 12.000000000000002 15.999999999999998 22 378 80 14.000000000000002 10.999999999999998
leaf_count=18 12 12 12 14 13 15 12 12 29 12 16 22 378 80 14 11
internal_value=0 0.000100079 0.00323398 -3.43101e-05 -0.000143756 -2.55262e-05 0.00166853 6.24262e-05 -9.09568e-05 0.00127697 0.00256622 0 -0.000159842 0.000614688 0 -0.00037689
internal_weight=682 670 24 646 616 602 30 587 521 66 28 509 407 102 38 25
internal_count=682 670 24 646 616 602 30 587 521 66 28 509 407 102 38 25
is_linear=0
shrinkage=0.0529975


Tree=244
num_leaves=12
num_cat=0
split_feature=26 8 19 29 35 30 3 30 8 1 7
split_gain=0.109346 0.309632 0.705667 0.4283 0.285692 0.0695276 0.0307453 0.0497765 0.0150134 0.0274536 0.0175082
threshold=-2.4089509458886917 1.7394377131769621 1.1335994122992328 1.0555066932308372 -1.3826553934288939 -0.97556096233642264 -2.2806150987130667 1.2754480605365839 -1.0585182509927076 1.365115295832745 1.0550151929475369
decision_type=2 2 2 2 2 2 2 2 2 2 2
left_child=-1 2 3 5 -3 -2 -7 8 10 -10 -8
right_child=1 4 -4 -5 -6 6 7 -9 9 -11 -12
leaf_value=0.0041911060034408518 0.0027541881462460889 -0.0099148630558571933 0.010775790039320931 -0.0080033050935532368 0.0003208306756059112 0.0021668882190032891 0 -0.0023796672333881411 -3.2261361602935056e-05 0.0012397122818602634 -0.0020982591163217672
leaf_weight=10.999999999999998 20 11.000000000000002 10.999999999999998 12.999999999999998 10.999999999999998 10.999999999999998 36 20 478 46 13.999999999999998
leaf_count=11 20 11 11 13 11 11 36 20 478 46 14
internal_value=0 -0.000112558 0.000111289 -0.00016036 -0.00557498 6.62095e-05 -3.73757e-05 -0.000111085 0 7.89846e-05 -0.000833073
internal_weight=682 671 649 638 22 625 605 594 574 524 50
internal_count=682 671 649 638 22 625 605 594 574 524 50
is_linear=0
shrinkage=0.0529975


Tree=245
num_leaves=18
num_cat=0
split_feature=19 14 19 29 19 10 1 39 29 30 19 22 37 12 5 5 29
split_gain=0.106699 0.871256 0.133131 0.0344876 0.0794328 0.166811 0.0417866 0.0699453 0.0645075 0.0207896 0.026904 0.0208729 0.0153653 0.0156283 0.00730654 0.0237775 0.00551886
threshold=0.98085823280515616 -0.73121237853981313 0.76820330720288033 -1.0034921893675615 -0.78831803872658812 0.69104039462678457 -0.60676820558872702 -1.0397809039738557 0.88506091518751828 1.100154062415069 -0.62118883244081624 -0.2345089357934842 -0.80708230617037946 0.24946628942367019 -1.2303851890457018 -0.93629467729355553 0.17822954369588184
decision_type=2 2 2 2 2 2 2 2 2 2 2 2 2 2 2 2 2
left_child=2 -2 3 -1 5 -5 7 -6 9 10 -8 -12 13 16 -14 -16 -9
right_child=1 -3 -4 4 6 -7 8 12 -10 -11 11 -13 14 -15 15 -17 -18
leaf_value=0.0019790502571995243 0.0054868589779366629 -0.011039791339355525 0.0046289162896182732 -0.0056757371212725945 0.0040890923444957001 0.00079035398100805565 -0.0017831997945608078 0.0024065604936614172 -0.002849631265835048 0.0017906763376900705 -0.00053263718052694851 0.00027377239239831223 0.0009089600004647064 0 -0.0019118840830669064 0.00013146256543267472 4.475916246889484e-05
leaf_weight=18 12.000000000000002 11.999999999999998 11.999999999999998 14.999999999999998 10.999999999999998 18 19 15.000000000000002 18 10.999999999999998 128 269 13.999999999999998 13.999999999999998 12.999999999999998 72 10.999999999999998
leaf_count=18 12 12 12 15 11 18 19 15 18 11 128 269 14 14 13 72 11
internal_value=0 -0.00309864 0.000132612 0 -6.74133e-05 -0.00239047 7.2372e-05 0.000827484 -0.000174291 -7.48023e-06 -9.63483e-05 0 0.000362767 0.00116324 0 -0.000209686 0.00182128
internal_weight=682 24 658 646 628 33 595 150 445 427 416 397 139 40 99 85 26
internal_count=682 24 658 646 628 33 595 150 445 427 416 397 139 40 99 85 26
is_linear=0
shrinkage=0.0529975


Tree=246
num_leaves=21
num_cat=0
split_feature=29 29 47 29 19 19 13 19 1 30 15 37 26 1 26 39 30 37 30 2
split_gain=0.102636 0.116826 0.246248 0.0375031 0.199783 0.170517 0.0342792 0.0670747 0.0245751 0.0345903 0.0224287 0.0508447 0.0197053 0.0584885 0.0271269 0.0417963 0.0165377 0.013909 0.00522576 0.00308193
threshold=1.9619634837178215 0.90830313251086625 0.60404435919047483 -0.50738366775077293 -0.97371853943483189 -0.89853941475979127 1.7584772687198031 0.79929482605924529 -0.057509765522931737 0.39738538890153063 1.2444105348682857 2.0509306466212647 1.4907212202591726 0.078195962155066481 0.86532909618089959 -0.40719590138638256 0.89761297373070026 -1.0000000180025095e-35 0.76636286000278064 -0.69130762738081997
decision_type=2 2 2 2 2 2 2 2 2 2 2 2 2 2 2 2 2 2 2 2
left_child=1 3 -3 4 -1 -5 7 12 10 -10 11 17 14 -14 16 -16 -7 -6 -11 -19
right_child=-2 2 -4 5 8 6 -8 -9 9 18 -12 -13 13 -15 15 -17 -18 19 -20 -21
leaf_value=0.006103575071798934 -0.0039549259132697773 0.0074070033010989016 -0.0014575429544803999 -0.0053308040764067852 -0.0014739170925096559 -1.5628719470818472e-06 0.0021884782992700551 -0.0032460307084070609 0.002452504307833653 -0.00091127991643863047 0.001047927986703515 -0.0035482708020501343 -0.0034284654237678102 0.00054385420324181105 0.0019790719608402604 -0.00023263389763298635 -0.0014352164764595606 0.00063739970915824653 0.00021351027089086782 0
leaf_weight=10.999999999999998 11.999999999999998 12.000000000000002 11.999999999999998 11.999999999999998 10.999999999999991 349 11.999999999999998 12.999999999999998 17 11.000000000000002 10.999999999999998 10.999999999999998 12.000000000000002 15.999999999999998 42 36 19 21.999999999999993 15.999999999999998 25.000000000000014
leaf_count=11 12 12 12 12 11 349 12 13 17 11 11 11 12 16 42 36 19 22 16 25
internal_value=0 0.000100203 0.00333654 -3.89004e-05 0.000714798 -0.00025751 -5.98253e-05 -0.000155338 0 0.000912201 -0.000564694 -0.000978144 -1.6528e-05 -0.00125756 6.15813e-05 0.000931396 -0.000116083 -9.47678e-05 -0.000115387 0.000226465
internal_weight=682 670 24 646 135 511 499 487 124 44 80 69 474 28 446 78 368 58 27 47
internal_count=682 670 24 646 135 511 499 487 124 44 80 69 474 28 446 78 368 58 27 47
is_linear=0
shrinkage=0.0529975


Tree=247
num_leaves=14
num_cat=0
split_feature=5 8 19 29 19 9 30 30 39 45 29 23 53
split_gain=0.105139 0.312244 0.692642 0.399761 0.0646727 0.0285108 0.110142 0.035748 0.0538126 0.0174836 0.0365278 0.0151264 0.0103594
threshold=-2.3413136089565394 1.7394377131769621 1.1335994122992328 1.0555066932308372 0.79929482605924529 1.4436013126245439 0.85781219666092012 1.100154062415069 -0.40719590138638256 1.0721387621211111 0.69655909085426648 0.14641408365332684 1.0626078316449983
decision_type=2 2 2 2 2 2 2 2 2 2 2 2 2
left_child=-1 2 3 4 5 7 11 9 -9 10 -2 -7 -11
right_child=1 -3 -4 -5 -6 6 -8 8 -10 12 -12 -13 -14
leaf_value=0.0039903977753686206 0 -0.0057037132400396357 0.010672837589108227 -0.007738873468963822 0.0031916102300273423 0.0011443600922109325 -0.0047554501822200468 0.0036429776994906116 -0.00038311021893598364 -0.00092827396333535243 0.00217859478923708 -0.00067035555061543462 8.4007445613858852e-05
leaf_weight=11.999999999999998 424 21 10.999999999999998 12.999999999999998 11.999999999999998 21 10.999999999999998 13.000000000000002 10.999999999999998 77 17 14.999999999999998 24
leaf_count=12 424 21 11 13 12 21 11 13 11 77 17 15 24
internal_value=0 -0.000113752 0.000107022 -0.000161983 5.65928e-05 -2.38176e-05 -0.00120776 7.39154e-05 0.00185713 -1.1758e-05 0.000121054 0.00023416 -0.000631225
internal_weight=682 670 649 638 625 613 47 566 24 542 441 36 101
internal_count=682 670 649 638 625 613 47 566 24 542 441 36 101
is_linear=0
shrinkage=0.0529975


Tree=248
num_leaves=25
num_cat=0
split_feature=27 14 27 45 29 46 1 3 39 5 45 6 31 8 30 27 39 30 31 2 8 29 1 53
split_gain=0.105558 0.832526 0.120773 0.0365458 0.10928 0.0649799 0.0937792 0.150093 0.033275 0.0306984 0.0297198 0.0448567 0.0266514 0.0340214 0.0565818 0.0521882 0.0330603 0.0263065 0.0215182 0.0165026 0.0133257 0.00751425 0.00665043 0.000675862
threshold=0.98085823280515994 -0.73121237853981313 0.76820330720288699 -1.0794446480640147 0.88506091518751828 -0.16873460557596429 -0.62057194970992546 -0.073089290928338629 -0.57421082304865634 0.4713015167296678 -0.96620341594900816 0.056919951754028551 0.85245812221334372 -0.78929086289357142 0.63776063550318518 -0.89269806438785537 1.7707609656411838 0.79846173015622457 0.97000711212708468 1.4103060219333883 -0.65999724879845789 -0.055057563883069295 -0.33311830524010383 1.0000000180025095e-35
decision_type=2 2 2 2 2 2 2 2 2 2 2 2 2 2 2 2 2 2 2 2 2 2 2 2
left_child=2 -2 3 5 10 8 7 -7 -1 21 11 -5 13 14 19 -15 -17 18 -14 -12 -11 -8 -20 -10
right_child=1 -3 -4 4 -6 6 9 -9 23 20 12 -13 17 15 -16 16 -18 -19 22 -21 -22 -23 -24 -25
leaf_value=-0.0023567733099934935 0.0053175732366878784 -0.010837885053281588 0.0044182325343483557 -0.0032847244483789665 -0.0039209916436007547 0 0 0.0073704127585528679 0.00053168754055103826 0.0023439421382563594 0.00063811787173137459 0.00025095747275101661 0.0017182476895716578 0.0025521408527665076 -0.0037515772178520089 0.00012769158140801178 -0.0014896554393433847 0.0024074737180440407 0.00030655255696081029 -0.0010526103989220055 0 -0.0015301883635961547 -0.00067958955638918828 0
leaf_weight=14.999999999999998 12.000000000000002 11.999999999999998 11.999999999999998 13.000000000000002 14.999999999999998 11.000000000000002 17.000000000000004 10.999999999999998 11.000000000000002 14.000000000000002 25 12.999999999999998 14.999999999999998 17 11.999999999999998 288 34 19 21 25 13.999999999999998 10.999999999999998 34 10.999999999999998
leaf_count=15 12 12 12 13 15 11 17 11 11 14 25 13 15 17 12 288 34 19 21 25 14 11 34 11
internal_value=0 -0.00307907 0.000134988 4.80761e-06 -0.000171977 0.000846885 0.00170166 0.00423332 -0.000778638 0.000281159 -5.82271e-06 -0.00158287 8.18997e-05 -9.02415e-05 -0.00118187 0.000106233 -4.5901e-05 0.000887766 0.000225954 -0.000104705 0.00145966 -0.000741484 -0.000195432 0.000322202
internal_weight=682 24 658 646 531 115 78 22 37 56 516 26 490 401 62 339 322 89 70 50 28 28 55 22
internal_count=682 24 658 646 531 115 78 22 37 56 516 26 490 401 62 339 322 89 70 50 28 28 55 22
is_linear=0
shrinkage=0.0529975


Tree=249
num_leaves=32
num_cat=0
split_feature=29 29 19 29 30 19 29 12 28 36 47 17 6 6 7 34 5 18 39 34 30 34 9 0 37 3 46 45 7 30 3
split_gain=0.101522 0.122183 0.234138 0.0373885 0.0673561 0.070117 0.0628472 0.0479698 0.130395 0.0430197 0.0357387 0.0335868 0.0322711 0.0690258 0.0156316 0.0144568 0.0136921 0.0358728 0.0225733 0.031252 0.0286604 0.0191136 0.0135847 0.0125373 0.0121455 0.00984062 0.00960285 0.00246771 0.0017205 0.00141578 0.000171852
threshold=1.9619634837178215 0.90830313251086625 0.51248132294284898 -0.15937698407371889 0.78580018180191746 0.79929482605924529 0.14814661164550594 0.77957234273251219 -0.867791388365038 -0.066276268205681901 0.046967614135837991 -1.2376758667745971 0.82293442168435027 0.67247960685382691 -0.96292450118651229 1.7233769508750167 -0.075867253542055271 0.69997745110616483 -0.66602670239464246 -0.218005700920989 0.30087394435312981 0.67648328409650371 -0.074677170393348966 -0.73105302358820279 -0.74710953075000652 -0.048105166992213878 -0.16873460557596429 -0.17351479114396184 -1.1767385745334578 0.078492240527173809 0.58542083281666135
decision_type=2 2 2 2 2 2 2 2 2 2 2 2 2 2 2 2 2 2 2 2 2 2 2 2 2 2 2 2 2 2 2
left_child=1 3 -3 7 5 16 -6 11 -9 10 -10 -1 13 15 -11 23 17 24 19 29 25 -21 -19 -13 26 -20 -5 -12 -29 -18 -24
right_child=-2 2 -4 4 6 -7 -8 8 9 14 27 12 -14 -15 -16 -17 18 22 20 21 -22 -23 30 -25 -26 -27 -28 28 -30 -31 -32
leaf_value=-0.0022530448339046247 -0.0039313501331219277 -0.0012924781500393281 0.0073668546909771409 -8.2634842066504682e-05 0 -0.0033039099419455782 -0.0048388205823132972 0.005598281611041772 0.0032740712384445943 -0.0021084036597880285 0.00065273010555675747 0.00064163536970798666 -0.001870894510886334 0.0032199778263433203 0 0.0014089441950239138 0.00049615935803103465 -0.00031315575258229804 -0.00017987427920678641 -0.00065991105127629452 -0.0020216784071740413 0.00087494248530447117 0.0015307875880791258 -0.00037622051784390607 0 0.00094268249847089219 -0.0025937108017459569 8.0354157884712177e-05 -0.00052731226663578479 0.0030395712405962326 1.8912872533877579e-05
leaf_weight=11.999999999999998 11.999999999999998 12.000000000000002 11.999999999999998 12.999999999999998 11.000000000000002 12.999999999999998 11.999999999999998 10.999999999999998 11.999999999999998 12.000000000000002 10.999999999999995 35 13.999999999999998 14.999999999999998 19 12.999999999999998 12.000000000000002 19 58 32 14.999999999999998 45 14.000000000000002 144 14.999999999999998 24 20 11.999999999999995 11.000000000000009 10.999999999999998 10.999999999999998
leaf_count=12 12 12 12 13 11 13 12 11 12 12 11 35 14 15 19 13 12 19 58 32 15 45 14 144 15 24 20 12 11 11 11
internal_value=0 0.000101794 0.00341149 -4.06982e-05 -0.00044683 -0.000183945 -0.00290588 0.000349788 0.00136273 0.000312737 0.00133632 -2.81484e-05 0.000118216 0.000334421 -0.000987749 0 0 -0.000493337 0.000268248 0.000821917 -0.00024935 0.000151332 0.000462112 -0.000125096 -0.00145257 0.000111154 -0.00194843 8.94515e-05 -1.83359e-05 0.00233048 0.00122325
internal_weight=682 670 24 646 325 302 23 321 88 77 46 233 221 207 31 192 289 92 197 100 97 77 44 179 48 82 33 34 23 23 25
internal_count=682 670 24 646 325 302 23 321 88 77 46 233 221 207 31 192 289 92 197 100 97 77 44 179 48 82 33 34 23 23 25
is_linear=0
shrinkage=0.0529975


Tree=250
num_leaves=17
num_cat=0
split_feature=5 8 19 13 39 7 10 9 30 30 39 28 3 39 3 14
split_gain=0.0987516 0.35973 0.671714 0.328281 0.0812386 0.0838993 0.140525 0.0305752 0.0947195 0.0345416 0.0496258 0.0227887 0.0511595 0.01509 0.00430903 0.00313328
threshold=-2.226046647382725 1.7394377131769621 1.1335994122992328 1.7584772687198031 -0.99967917988423871 0.78574329033607027 0.1916749513406284 1.4436013126245439 0.85781219666092012 1.100154062415069 -0.40719590138638256 -0.32062267356645996 -0.57455634993198357 -0.92087730034484216 0.14641408365332778 -0.77764386634531679
decision_type=2 2 2 2 2 2 2 2 2 2 2 2 2 2 2 2
left_child=-1 2 3 4 5 6 -2 9 14 11 -11 12 -6 -13 -9 -8
right_child=1 -3 -4 -5 7 -7 15 8 -10 10 -12 13 -14 -15 -16 -17
leaf_value=0.0035774043145128491 0.0069960733465363138 -0.0064909738297533924 0.010515428987413918 -0.0074238801864653023 -0.0031981609332422138 -0.00090754687196258879 0.00075033872183589707 0.00067881203963558062 -0.0046162976908911118 0.0034485168708234051 -0.0003993535465127538 0.0012749907687849443 -0.00023230109707327799 0 -0.00028971713327916829 -5.687756225923308e-05
leaf_weight=14.999999999999998 10.999999999999998 18 10.999999999999998 10.999999999999998 13.999999999999998 12.999999999999998 10.999999999999998 18.000000000000004 10.999999999999998 13.000000000000002 10.999999999999998 22 140 340 11.999999999999998 11.000000000000002
leaf_count=15 11 18 11 11 14 13 11 18 11 13 11 22 140 340 12 11
internal_value=0 -0.000113428 0.000110594 -0.000154195 3.14278e-05 0.00204764 0.00335145 -0.000135591 -0.00143384 -9.56302e-06 0.00172478 -0.000122497 -0.000655337 9.21847e-05 0.000113637 0.000171511
internal_weight=682 667 649 638 627 46 33 581 41 540 24 516 154 362 30 22
internal_count=682 667 649 638 627 46 33 581 41 540 24 516 154 362 30 22
is_linear=0
shrinkage=0.0529975


Tree=251
num_leaves=25
num_cat=0
split_feature=19 14 19 45 29 46 1 3 30 45 6 5 31 8 30 19 37 30 31 2 8 29 1 16
split_gain=0.106752 0.800921 0.113872 0.0336787 0.102334 0.0618081 0.0857066 0.137684 0.030177 0.0279365 0.040557 0.0273969 0.0259278 0.0312015 0.050618 0.0428254 0.0302119 0.0273421 0.0199166 0.015561 0.0124336 0.00688476 0.00599626 0.0023738
threshold=0.98085823280515616 -0.73121237853981313 0.76820330720288033 -1.0794446480640147 0.88506091518751828 -0.16873460557596429 -0.62057194970992546 -0.073089290928338629 0.22922887850020154 -0.96620341594900816 0.056919951754028551 0.4713015167296678 0.85245812221334372 -0.78929086289357142 0.63776063550318518 -0.89269806438786092 2.0054340583713257 0.79846173015622457 0.97000711212708468 1.4103060219333883 -0.65999724879845789 -0.055057563883069295 -0.33311830524010383 -0.18822102533660498
decision_type=2 2 2 2 2 2 2 2 2 2 2 2 2 2 2 2 2 2 2 2 2 2 2 2
left_child=2 -2 3 5 9 8 7 -7 23 10 -5 21 13 14 19 -15 -17 18 -14 -11 -13 -8 -20 -1
right_child=1 -3 -4 4 -6 6 11 -9 -10 12 -12 20 17 15 -16 16 -18 -19 22 -21 -22 -23 -24 -25
leaf_value=0 0.0051517139372322888 -0.010696466508119397 0.0042982500108482502 -0.0031436840644251934 -0.0037847505693522528 0 0 0.0070812829771511538 -0.0023919052316172138 0.00061684001236196075 0.00020391488571061358 0.0022549583214298711 0.0016506026674734107 0.0023208387213861635 -0.0035599028231048844 0.00012155352194073101 -0.0015188533352406078 0.0024278608086106867 0.00027849584008056292 -0.0010236135805688944 0 -0.0014280325619947527 -0.00065042587696747232 0.00065577741730078591
leaf_weight=12 12.000000000000002 11.999999999999998 11.999999999999998 13.000000000000002 14.999999999999998 11.000000000000002 17.000000000000004 10.999999999999998 12.999999999999998 25 12.999999999999998 14.000000000000002 14.999999999999998 17 11.999999999999998 293 29 19 21 25 13.999999999999998 10.999999999999998 34 12
leaf_count=12 12 12 12 13 15 11 17 11 13 25 13 14 15 17 12 293 29 19 21 25 14 11 34 12
internal_value=0 -0.00309374 0.000138495 1.16911e-05 -0.000157556 0.000819977 0.00165461 0.0040779 -0.000762451 0 -0.00152706 0.000287603 8.81448e-05 -8.13981e-05 -0.00112762 0.000105974 -2.99567e-05 0.000882485 0.000212647 -0.000100433 0.00140129 -0.000671358 -0.000188727 0.000189032
internal_weight=682 24 658 646 531 115 78 22 37 516 26 56 490 401 62 339 322 89 70 50 28 28 55 24
internal_count=682 24 658 646 531 115 78 22 37 516 26 56 490 401 62 339 322 89 70 50 28 28 55 24
is_linear=0
shrinkage=0.0529975


Tree=252
num_leaves=17
num_cat=0
split_feature=29 29 47 13 27 29 45 27 10 7 27 29 44 27 3 10
split_gain=0.0995837 0.116066 0.215754 0.0365241 0.0697 0.0325441 0.126409 0.0929755 0.150136 0.0352911 0.0258883 0.0207924 0.0504189 0.0219558 0.0138496 0.0125204
threshold=1.9619634837178215 0.90830313251086625 0.60404435919047483 1.7584772687198031 0.79929482605925195 -0.69154920279145393 -0.39999725537397507 -0.78831803872658124 0.69104039462678457 -0.25919940656948109 -0.62118883244080891 0.67203377572161016 -0.27086742745529524 -0.69407060819862332 0.3641328779538428 -2.0803441313793809
decision_type=2 2 2 2 2 2 2 2 2 2 2 2 2 2 2 2
left_child=1 3 -3 4 5 6 -1 8 -7 10 -8 13 -13 -9 -11 -15
right_child=-2 2 -4 -5 -6 7 9 11 -10 14 -12 12 -14 15 -16 -17
leaf_value=0.0048981755544367052 -0.0038916117020806459 0.0071225781779287439 -0.0011865801996713693 0.0023021777703975867 -0.0032753924660840154 -0.0063588193011696673 0 0.0017564196286570359 0.00077759916523634698 0.0016494944589484641 -0.0025571388911907866 -0.0032605952549058731 0.00054193393471806378 -0.0014078378184212074 0 5.5751609188958618e-05
leaf_weight=11.999999999999998 11.999999999999998 12.000000000000002 11.999999999999998 11.999999999999998 12.999999999999998 11.000000000000002 13.000000000000002 14.999999999999998 10.999999999999998 21 14.999999999999998 12.000000000000002 12.999999999999998 10.999999999999998 17 470
leaf_count=12 12 12 12 12 13 11 13 15 11 21 15 12 13 11 17 470
internal_value=0 0.000102881 0.00332846 -3.57519e-05 -0.000112072 -4.01968e-06 0.000955788 -0.000163549 -0.00313883 -1.22531e-05 -0.00137828 0 -0.00133562 7.86617e-05 0.000886202 0
internal_weight=682 670 24 646 634 621 78 543 22 66 28 521 25 496 38 481
internal_count=682 670 24 646 634 621 78 543 22 66 28 521 25 496 38 481
is_linear=0
shrinkage=0.0529975


Tree=253
num_leaves=26
num_cat=0
split_feature=52 29 29 47 9 5 28 37 29 44 30 10 37 30 29 44 45 30 32 45 13 8 2 13 9
split_gain=0.0952098 1.4745 0.647755 0.872765 0.454045 0.16366 0.129633 0.0273912 0.0219142 0.0240656 0.0407519 0.0262452 0.0228812 0.0198475 0.0194945 0.0190993 0.0269913 0.0160092 0.0107662 0.0116086 0.00783723 0.00882892 0.00348448 0.00318734 0.000651783
threshold=1.0000000180025095e-35 0.64608805788372303 0.86516195744978364 0.60404435919047483 0.53131947937075108 -0.85649458878803342 -1.107194503700726 1.6207810849854718 -0.95147839412710067 -1.2640479947913779 0.95823478606705337 -0.2600355954460371 -0.42863341300043006 -1.035745079338027 -0.60783007807391165 0.7223131398807876 0.16620890520105805 0.19847614544474915 -0.83747405889393589 -0.96620341594900816 0.056863250984115661 0.30354700356995873 -0.12630823827789192 -0.29450247539198487 0.084163625487983965
decision_type=2 2 2 2 2 2 2 2 2 2 2 2 2 2 2 2 2 2 2 2 2 2 2 2 2
left_child=2 5 6 4 -4 -2 -1 18 -8 11 13 12 -10 -11 -12 16 -15 -17 -7 -20 -13 -22 24 -24 -21
right_child=1 -3 3 -5 -6 7 8 -9 9 10 14 20 -14 15 -16 17 -18 -19 19 22 21 -23 23 -25 -26
leaf_value=-0.004739076871083635 0.0043721418353664162 -0.015894548508259412 0.017742226353646352 -0.0030205701317774815 0.0018627257398296008 0.0011491759851069263 -0.0016619973514542053 -0.0018560460210709925 -0.0029888904678637852 -0.0017092605121979175 0 -0.00074056933326978585 0 0.00090121127137566279 0.002796352963960207 2.0618411564775605e-05 -0.00016780589304937551 -0.0010827557420730344 -0.0012134586586872247 0 0.0013895230301899264 0 0.0010250656564102941 0 -0.00032110142244715578
leaf_weight=10.999999999999998 21 10.999999999999998 11.000000000000002 12.999999999999998 10.999999999999998 18 15.999999999999998 17 15.000000000000002 10.999999999999998 11.000000000000002 15.999999999999998 10.999999999999998 138 18 88 103 46 14.999999999999998 15.999999999999998 12.000000000000002 14.999999999999998 14.000000000000002 12.000000000000002 11.999999999999998
leaf_count=11 21 11 11 13 11 18 16 17 15 11 11 16 11 138 18 88 103 46 15 16 12 15 14 12 12
internal_value=0 -0.00122523 0.000313508 0.00672824 0.0121515 0.000680833 -0.000185289 -0.000198741 -1.63282e-05 4.34927e-05 0.000212065 -0.000813143 -0.00196308 3.59672e-05 0.00194863 0.000131589 0.000423068 -0.000338414 0.00014879 -9.00649e-05 0 0.000549104 0.000195663 0.000613911 -2.7039e-05
internal_weight=682 136 546 35 22 125 511 104 500 484 415 69 26 386 29 375 241 134 87 69 43 27 54 26 28
internal_count=682 136 546 35 22 125 511 104 500 484 415 69 26 386 29 375 241 134 87 69 43 27 54 26 28
is_linear=0
shrinkage=0.0529975


Tree=254
num_leaves=13
num_cat=0
split_feature=29 29 19 13 19 29 19 24 29 13 6 12
split_gain=0.106194 0.108815 0.210886 0.0344037 0.0633749 0.0326818 0.0651823 0.0446223 0.0154974 0.0513761 0.0165844 0.0280503
threshold=1.9619634837178215 0.90830313251086625 0.51248132294284898 1.7584772687198031 0.79929482605924529 -0.8996447736816684 -1.0115814289029357 -0.7269168590994628 0.68829317853210092 0.62908743393947952 -2.185805165987118 -1.4985551606259169
decision_type=2 2 2 2 2 2 2 2 2 2 2 2
left_child=1 3 -3 4 5 7 -7 -1 10 -10 -8 -12
right_child=-2 2 -4 -5 -6 6 8 -9 9 -11 11 -13
leaf_value=0.0034182182811039871 -0.004022760355192217 -0.0012193201428228305 0.0069831433127859792 0.0022371069222346419 -0.0031225840725271122 -0.0032487197270254222 -0.0015540354680509273 0 -0.0032164687070361593 0.00078666590185089732 0.001612401961643419 3.8180052262243475e-06
leaf_weight=12.000000000000002 11.999999999999998 12.000000000000002 11.999999999999998 11.999999999999998 12.999999999999998 11.999999999999998 10.999999999999998 18 11.000000000000002 10.999999999999998 27 519
leaf_count=12 12 12 12 12 13 12 11 18 11 11 27 519
internal_value=0 0.000102068 0.00322517 -3.18429e-05 -0.00010626 -2.71689e-06 -0.000107176 0.00153614 0 -0.00122563 5.11458e-05 0.000112668
internal_weight=682 670 24 646 634 621 591 30 579 22 557 546
internal_count=682 670 24 646 634 621 591 30 579 22 557 546
is_linear=0
shrinkage=0.0529975


Tree=255
num_leaves=25
num_cat=0
split_feature=19 14 19 45 29 46 6 14 39 45 6 31 8 37 19 37 1 19 45 19 12 13 35 53
split_gain=0.0995238 0.743004 0.106588 0.0303434 0.0945742 0.0545892 0.0779622 0.140015 0.0281925 0.0254293 0.0366983 0.0238138 0.0268511 0.0438328 0.0413719 0.0275185 0.0199801 0.0190372 0.0175383 0.0165353 0.0140069 0.00730314 0.00162582 0.000810827
threshold=0.98085823280515616 -0.73121237853981313 0.76820330720288033 -1.0794446480640147 0.88506091518751828 -0.16873460557596429 0.79484251816100315 -0.57503373773948241 -0.57421082304865634 -0.96620341594900816 0.056919951754028551 0.85245812221334372 -0.78929086289357142 -0.6602524077273918 -0.89269806438786092 2.0054340583713257 -0.0091966610987370707 -0.42215834631899646 -1.4191683444090346 -0.40088761763739383 -0.28567912051397965 -0.10376108107353031 1.3169987961073051 1.0000000180025095e-35
decision_type=2 2 2 2 2 2 2 2 2 2 2 2 2 2 2 2 2 2 2 2 2 2 2 2
left_child=2 -2 3 5 9 8 7 -7 -1 10 -5 12 13 19 -14 -16 -9 -13 -18 -11 21 -19 -15 -10
right_child=1 -3 -4 4 -6 6 -8 16 23 11 -12 17 14 22 15 -17 18 20 -20 -21 -22 -23 -24 -25
leaf_value=-0.0021637801233176006 0.0049428353116500968 -0.010317352189016754 0.004153266088331809 -0.0029970921734764977 -0.0036410684227806372 0.0058355169503037053 -0.0010100123956036133 -0.00066774366547321716 0.00052070850067557667 -0.0037138464826443865 0.00017176237457043391 0.0023267648877476599 0.0022708677755874538 0.00054120465816721972 0.00010275296700049387 -0.0014608394166483768 0 0.00033833116602282123 0.0022323594623610264 -0.00058657965292808394 0.0016577885101596982 -0.00074586604480905412 0 0
leaf_weight=14.999999999999998 12.000000000000002 11.999999999999998 11.999999999999998 13.000000000000002 14.999999999999998 17 18 15.999999999999998 11.000000000000002 11.000000000000002 12.999999999999998 14.999999999999998 17 14.000000000000002 293 29 11.999999999999998 42 15.000000000000002 20 10.999999999999998 21 17 10.999999999999998
leaf_count=15 12 12 12 13 15 17 18 16 11 11 13 15 17 14 293 29 12 42 15 20 11 21 17 11
internal_value=0 -0.0029916 0.000129162 6.18824e-06 -0.000153928 0.000774224 0.00155997 0.00245851 -0.000706307 0 -0.00145912 8.16072e-05 -8.02372e-05 -0.00105096 9.22341e-05 -4.09051e-05 0.00043008 0.000843377 0.00129544 -0.00230713 0.000303506 0 0.000186766 0.000288547
internal_weight=682 24 658 646 531 115 78 60 37 516 26 490 401 62 339 322 43 89 27 31 74 63 31 22
internal_count=682 24 658 646 531 115 78 60 37 516 26 490 401 62 339 322 43 89 27 31 74 63 31 22
is_linear=0
shrinkage=0.0529975


Tree=256
num_leaves=26
num_cat=0
split_feature=29 29 19 29 30 19 29 19 30 39 3 15 26 37 29 3 44 17 14 39 44 30 26 15 14
split_gain=0.100799 0.110107 0.197195 0.0314043 0.0579264 0.0580314 0.057933 0.0430532 0.0487889 0.106574 0.0291524 0.0181294 0.026124 0.0194158 0.01512 0.0191827 0.0118475 0.0105588 0.0207337 0.0113485 0.00989177 0.00862276 0.00669665 0.00599029 0.00402161
threshold=1.9619634837178215 0.90830313251086625 0.51248132294284898 -0.15937698407371889 0.78580018180191746 0.79929482605924529 0.14814661164550594 0.40243805390274079 1.0659237897487761 -0.40719590138638256 2.1076678126391135 0.53476930988843951 -0.3243026412051867 2.0509306466212647 0.58730087529752451 -0.094504254302159932 1.0000000180025095e-35 -0.8209612054494474 -0.35976047609578382 -0.99410573794263779 0.7223131398807876 0.17934791166263522 0.47584844498723355 0.4767192868087845 -1.0921116701189553
decision_type=2 2 2 2 2 2 2 2 2 2 2 2 2 2 2 2 2 2 2 2 2 2 2 2 2
left_child=1 3 -3 7 5 14 -6 8 10 -10 11 12 16 21 17 -16 -1 19 23 -5 -20 -13 -14 -19 -21
right_child=-2 2 -4 4 6 -7 -8 -9 9 -11 -12 13 22 -15 15 -17 -18 18 20 24 -22 -23 -24 -25 -26
leaf_value=0.00013130811791526388 -0.003920455928577273 -0.0010755793737168185 0.0068642501817653559 0.0013215263702564669 0 -0.0030028861196976561 -0.0045504489349816463 0.0029435693742827286 0.0045338024576391054 -0.0007022782014765546 -0.0021392735013527628 0.00038773116596848016 -0.00032793048907049253 -0.0020355116045870517 0.0019171142058240986 -2.1427447581677494e-05 0.0019796394003501025 -0.0018146012424811767 0.00018003439042650287 -0.00077670350416771756 -0.00067142422449235125 -0.00077260684646840959 0.00039466253877001249 0 0.00026078644003604134
leaf_weight=28 11.999999999999998 12.000000000000002 11.999999999999998 20 11.000000000000002 12.999999999999998 11.999999999999998 10.999999999999998 15.000000000000002 15.999999999999998 11.999999999999998 36 88 13.999999999999998 19 18 27 23 130 11.000000000000002 46 24 50 10.999999999999998 10.999999999999998
leaf_count=28 12 12 12 20 11 13 12 11 15 16 12 36 88 14 19 18 27 23 130 11 46 24 50 11 11
internal_value=0 9.81687e-05 0.00324008 -3.65712e-05 -0.000409585 -0.000164179 -0.00269067 0.000320316 0.000151038 0.00196671 -6.33314e-05 4.93243e-05 0.000341941 -0.000594965 0 0.000940128 0.00125859 -0.000131571 -0.000307948 0.000533086 -1.89178e-05 0 -1.20833e-05 -0.00140233 -6.37254e-05
internal_weight=682 670 24 646 325 302 23 321 310 31 279 267 193 74 289 37 55 252 210 42 176 60 138 34 22
internal_count=682 670 24 646 325 302 23 321 310 31 279 267 193 74 289 37 55 252 210 42 176 60 138 34 22
is_linear=0
shrinkage=0.0529975


Tree=257
num_leaves=23
num_cat=0
split_feature=26 19 19 30 29 17 25 30 35 39 30 3 1 19 47 53 22 45 37 8 3 5
split_gain=0.0937596 0.281349 0.100797 0.0304831 0.145072 0.0376096 0.0393787 0.0283852 0.0269591 0.0259091 0.0531993 0.0590318 0.0367515 0.0256104 0.0232073 0.0214393 0.0196542 0.0184658 0.0177942 0.0159293 0.0126632 0.0018935
threshold=-2.4089509458886917 0.98085823280515616 0.76820330720288033 0.16840608488038358 0.68829317853210092 -0.89824610739481126 -1.2955004554409264 0.067373054113536654 1.7034250203343835 -0.48469126969849824 0.2567125861955567 -0.023121043056089436 1.2350989491776727 0.50703029617112583 0.46477517292681564 1.0000000180025095e-35 -0.46482576230261891 -0.5132384874889816 2.0054340583713257 0.041619072078612061 -0.26403938101157709 0.85238608608360056
decision_type=2 2 2 2 2 2 2 2 2 2 2 2 2 2 2 2 2 2 2 2 2 2
left_child=-1 2 3 7 5 6 -5 8 13 10 -7 -12 20 17 -9 -8 -15 19 -19 -2 -11 -18
right_child=1 -3 -4 4 -6 9 15 14 -10 12 11 -13 -14 16 -16 -17 21 18 -20 -21 -22 -23
leaf_value=0.0038803367207108108 0 -0.0054115204381909102 0.0040156312433283275 0.00016325584594126426 -0.0051607133136089139 -0.0017468969834891325 -0.0038925963971561737 0 -0.0014365530670633645 0.00094018806066162384 -0.00018467069792018698 0.0021341652547228265 -0.0022304453051315977 0.0028949715732965032 0.0027250294323340513 -8.6927403190998237e-05 0 -1.5390908866029134e-06 -0.0017788679799140088 0.0012851053280358486 -0.00027450656960527543 0.00057446941998031613
leaf_weight=10.999999999999998 44 21 11.999999999999998 15.999999999999998 10.999999999999998 13.999999999999998 12.000000000000002 18 21 27 45 63 18 11.999999999999998 18 10.999999999999998 11.000000000000002 147 12.999999999999998 47 79 10.999999999999998
leaf_count=11 44 21 12 16 11 14 12 18 21 27 45 63 18 12 18 11 11 147 13 47 79 11
internal_value=0 -0.000104766 0.000103935 0 -0.000395826 -8.53614e-05 -0.00150988 0.000331762 0.000126849 0.000143314 0.000694795 0.00114782 -0.000352563 0.000293278 0.0016404 -0.00270774 0.00154856 6.38972e-05 -0.000247067 0.00066413 6.30469e-06 0.000101907
internal_weight=682 671 650 638 296 285 39 342 306 246 122 108 124 285 36 23 34 251 160 91 106 22
internal_count=682 671 650 638 296 285 39 342 306 246 122 108 124 285 36 23 34 251 160 91 106 22
is_linear=0
shrinkage=0.0529975


Tree=258
num_leaves=37
num_cat=0
split_feature=3 30 29 46 52 19 9 29 39 45 45 35 16 25 9 3 47 34 35 53 10 39 3 29 5 2 39 8 30 45 2 8 8 1 2 8
split_gain=0.0916935 0.634823 0.4376 1.32743 0.0830527 0.112398 0.0343832 0.0244744 0.0518415 0.0508738 0.0221869 0.0189811 0.0246358 0.0250445 0.0205352 0.0198554 0.0195655 0.0233354 0.0235802 0.014269 0.0134256 0.0130271 0.0126226 0.0115601 0.0264636 0.00881602 0.00820763 0.0170406 0.0076599 0.00687846 0.00558049 0.00467392 0.00442783 0.00332354 0.00306181 0.00190128
threshold=0.69784939052922235 -0.65921609552741589 0.90830313251086625 0.47595447567225796 1.0000000180025095e-35 -0.78831803872658812 1.4025985340089158 0.24981380638607056 -0.77798543535057851 0.73241506577609128 -0.17351479114396184 -0.83654927055063666 0.26141607259447269 -0.55693638513625909 -0.93666255318626823 0.3498562357046287 0.046967614135837991 1.6674716432717291 -0.20594658830101165 -1.0563937507581851 0.90238280710740504 1.2034698899160323 0.01970888369155287 0.69655909085426648 1.0843569414310898 -1.135560516572679 -0.91044173504925474 -0.64597148682999539 0.39129997605484484 -1.1926858801790214 -0.67213282022615839 -0.30827941907133044 0.39081113449542482 -0.048835791176502975 -0.59263954827926124 0.48335078386503066
decision_type=2 2 2 2 2 2 2 2 2 2 2 2 2 2 2 2 2 2 2 2 2 2 2 2 2 2 2 2 2 2 2 2 2 2 2 2
left_child=2 -2 7 -4 5 -3 10 11 23 -10 29 14 13 -13 -1 19 17 18 -15 -16 30 22 -18 24 26 -21 31 -28 -12 -7 -14 -9 -22 -23 -32 -27
right_child=1 4 3 -5 -6 6 -8 8 9 -11 28 12 20 16 15 -17 21 -19 -20 25 32 33 -24 -25 -26 35 27 -29 -30 -31 34 -33 -34 -35 -36 -37
leaf_value=0.0022210139508223115 -0.010835726330782766 -0.0038888872723093827 0.016292421617115041 -0.0030241771418699371 0.0029456195103548231 0 0.0024894585032187886 -0.00090190706371612577 -0.0037151904468531835 0 0 0.001939723415092502 0.00048740179680642557 -0.0014319149755282435 0.0016571455895735708 -0.0012021871820559133 -0.00029600792321737206 -0.0022254275152909912 0.00037694731837774662 -0.00094406496518294929 -0.00030050558775858162 0 0.00078349011822486975 0.0011039117637639748 -0.0021069550397236122 0.00080639257783847223 0.0018470080102991353 -0.00021691595109020508 -0.0016938575192966237 0.00120861282255457 -0.0010154972976633579 4.3046894877020936e-05 -0.002337835958014818 0.0016653972854530615 0 0
leaf_weight=15.999999999999998 10.999999999999998 15.999999999999998 12.000000000000002 18 18 11.999999999999995 10.999999999999998 13.999999999999998 20 13.999999999999998 15.000000000000005 13.999999999999998 13.999999999999998 22 20 12.999999999999998 78 13.999999999999998 61 10.999999999999995 17 12.000000000000002 40 14.999999999999998 11.999999999999998 17.000000000000007 14.000000000000002 12.000000000000002 17 20 12.999999999999998 12.999999999999998 14.999999999999998 18 12.000000000000002 10.999999999999998
leaf_count=16 11 16 12 18 18 12 11 14 20 14 15 14 14 22 20 13 78 14 61 11 17 12 40 15 12 17 14 12 17 20 13 13 15 18 12 11
internal_value=0 -0.00130329 0.000276835 0.00593534 0.00011282 -0.000522965 0.00034361 -9.18692e-05 -0.000765512 -0.00232351 -0.000107091 8.36063e-05 -8.54063e-05 0.000135892 0.000756727 0.000196043 0 -0.000576087 -8.82025e-05 0.000694078 -0.000931105 0.00036727 3.37871e-05 0 -0.000311353 0 0.000149636 0.000814003 -0.00108178 0.000700678 -3.83529e-05 -0.00031011 -0.00165756 0.0012608 -0.000595446 0.000531775
internal_weight=682 120 562 30 109 91 75 532 114 34 64 418 330 259 88 72 245 97 83 59 71 148 118 80 65 39 53 26 32 32 39 27 32 30 25 28
internal_count=682 120 562 30 109 91 75 532 114 34 64 418 330 259 88 72 245 97 83 59 71 148 118 80 65 39 53 26 32 32 39 27 32 30 25 28
is_linear=0
shrinkage=0.0529975


Tree=259
num_leaves=18
num_cat=0
split_feature=29 29 3 29 45 19 10 7 13 19 19 26 1 30 39 19 44
split_gain=0.098139 0.103063 0.184381 0.0322696 0.107396 0.0827232 0.132935 0.03073 0.0300352 0.0519069 0.0229957 0.0140443 0.0473495 0.0232453 0.0139544 0.011988 0.00214141
threshold=1.9619634837178215 0.90830313251086625 -0.31222304860267452 -0.69154920279145393 -0.39999725537397507 -0.78831803872658812 0.69104039462678457 -0.25919940656948109 1.7584772687198031 0.79929482605924529 -0.62118883244081624 1.4907212202591726 0.078195962155066481 0.99608930189529632 1.8785166525286436 -0.59226473493683407 1.0000000180025095e-35
decision_type=2 2 2 2 2 2 2 2 2 2 2 2 2 2 2 2 2
left_child=1 3 -3 4 -1 6 -5 10 9 11 -6 13 -13 15 16 -7 -9
right_child=-2 2 -4 5 7 8 -8 14 -10 -11 -12 12 -14 -15 -16 -17 -18
leaf_value=0.0045507210770602789 -0.0038720765407738267 -0.0012484255975469293 0.0064315826896668938 -0.0060297256819515019 8.5452451216428036e-06 -0.0011075669990967224 0.00067401264423528587 -0.00034178918740175915 0.002079589093630443 -0.0028368130152150936 -0.002371493682817184 -0.0030259127262539146 0.00052658160765770327 0.0016344984399536042 0.0020003487764885986 3.6988171348958038e-05 0.00044699058701756761
leaf_weight=11.999999999999998 11.999999999999998 11.000000000000002 12.999999999999998 11.000000000000002 13.000000000000002 21 10.999999999999998 13.000000000000002 11.999999999999998 12.999999999999998 14.999999999999998 12.000000000000002 15.999999999999998 19 11.999999999999998 453 12.999999999999998
leaf_count=12 12 11 13 11 13 21 11 13 12 13 15 12 16 19 12 453 13
internal_value=0 9.2841e-05 0.00313283 -3.71608e-05 0.000919662 -0.000188959 -0.00300193 0 -3.15831e-05 -0.000114526 -0.00125442 -1.83996e-06 -0.00105564 5.59798e-05 0.000863651 -1.23714e-05 0
internal_weight=682 670 24 646 78 568 22 66 546 534 28 521 28 493 38 474 26
internal_count=682 670 24 646 78 568 22 66 546 534 28 521 28 493 38 474 26
is_linear=0
shrinkage=0.0529975


Tree=260
num_leaves=19
num_cat=0
split_feature=26 8 19 29 35 29 26 31 19 45 47 19 1 31 12 32 13 8
split_gain=0.0946064 0.27359 0.653035 0.367956 0.257422 0.0633318 0.0191191 0.0373182 0.0802198 0.0571225 0.0340039 0.0337452 0.031356 0.0230254 0.0269196 0.0202487 0.0197357 0.0154913
threshold=-2.4089509458886917 1.7394377131769621 1.1335994122992328 1.0555066932308372 -1.3826553934288939 0.86516195744978364 0.77999256740898393 0.070867766400252261 -0.62118883244081624 0.61917383366108469 0.46477517292681564 -0.42215834631899646 1.4091380473544046 0.93272054047691533 -0.95913200979682944 0.098828489511427045 0.69936057921469963 -0.94071166715936372
decision_type=2 2 2 2 2 2 2 2 2 2 2 2 2 2 2 2 2 2
left_child=-1 2 3 5 -3 6 7 10 9 -9 12 -8 -2 14 -13 -12 -10 -15
right_child=1 4 -4 -5 -6 -7 11 8 16 -11 15 13 -14 17 -16 -17 -18 -19
leaf_value=0.0038953260205702917 0.00026073655969048251 -0.0093652480482825477 0.010361799279468682 -0.0074277891820684373 0.00031903654528942589 0.002990240781614036 0.0025953042938434471 -0.0051070697937596341 0 0 -0.0013615734365346275 0 0.0026073921684723438 -0.00128689501838732 0.002768501309558294 0.00012745925859589664 -0.001546721984039337 7.3824276388733382e-05
leaf_weight=10.999999999999998 207 11.000000000000002 10.999999999999998 12.999999999999998 10.999999999999998 13.999999999999998 12.999999999999998 13.000000000000002 129 11.999999999999998 49 32 12.999999999999998 27 10.999999999999998 32 21 52
leaf_count=11 207 11 11 13 11 14 13 13 129 12 49 32 13 27 11 32 21 52
internal_value=0 -0.000107533 0.000102267 -0.00015861 -0.0052424 5.06699e-05 -3.37715e-05 -0.000202652 -0.000810376 -0.00328763 0.000136852 0.000495444 0.000495812 0.000106016 0.00105622 -0.000724789 -0.000242221 -0.000367036
internal_weight=682 671 649 638 22 625 611 476 175 25 301 135 220 122 43 81 150 79
internal_count=682 671 649 638 22 625 611 476 175 25 301 135 220 122 43 81 150 79
is_linear=0
shrinkage=0.0529975


Tree=261
num_leaves=16
num_cat=0
split_feature=5 8 19 29 29 44 3 29 29 39 28 5 19 19 29
split_gain=0.0942344 0.336681 0.608747 0.341932 0.0586495 0.0181118 0.0463654 0.0219691 0.0195622 0.0450466 0.0202883 0.0288584 0.0218001 0.0189609 0.0183252
threshold=-2.226046647382725 1.7394377131769621 1.1335994122992328 1.0555066932308372 0.86516195744978364 0.7223131398807876 1.1315023988491004 -0.37733879143331001 0.5561357425748209 -0.89164984628365074 -0.55915139048416318 0.31439887141067019 0.42784664522021415 -0.4166652285784076 -0.82759195732530222
decision_type=2 2 2 2 2 2 2 2 2 2 2 2 2 2 2
left_child=-1 2 3 4 5 8 7 14 10 -10 11 -2 -12 -9 -7
right_child=1 -3 -4 -5 -6 6 -8 13 9 -11 12 -13 -14 -15 -16
leaf_value=0.0034895437037954211 0.00021256001597638733 -0.0062853976467877179 0.010006392411056714 -0.0071583954105047714 0.0028792880703159434 -0.00059115150088208683 -0.0029006655086390651 -0.0019594593730825238 0.00054569065053243525 -0.0029505634699548643 -6.380973473842399e-05 0.0028488516999471032 0.001226956264455405 -0.00016925382257323225 0.0011505748378831302
leaf_weight=14.999999999999998 48 18 10.999999999999998 12.999999999999998 13.999999999999998 14.999999999999998 13.999999999999998 18 15.000000000000002 11.999999999999998 296 13.999999999999998 35 99 45
leaf_count=15 48 18 11 13 14 15 14 18 15 12 296 14 35 99 45
internal_value=0 -0.000115693 0.000100736 -0.000150787 5.05435e-05 -3.03049e-05 -0.0004594 -0.000139416 0.000152155 -0.00105034 0.000266818 0.00110931 7.13534e-05 -0.000583559 0.000595161
internal_weight=682 667 649 638 625 611 191 177 420 27 393 62 331 117 60
internal_count=682 667 649 638 625 611 191 177 420 27 393 62 331 117 60
is_linear=0
shrinkage=0.0529975


Tree=262
num_leaves=25
num_cat=0
split_feature=19 14 19 45 29 46 1 50 45 6 1 23 39 13 31 28 5 31 2 25 13 19 5 30
split_gain=0.0994876 0.720909 0.0925752 0.0279806 0.0797178 0.0499995 0.0914713 0.0317017 0.0228497 0.0336964 0.0226822 0.0225579 0.0444122 0.0525317 0.018476 0.0297519 0.0796082 0.0198217 0.019458 0.0125513 0.0103062 0.0134131 0.00684284 0.00655253
threshold=0.98085823280515616 -0.73121237853981313 0.76820330720288033 -1.0794446480640147 0.88506091518751828 1.0000000180025095e-35 -0.61478930014563982 1.0000000180025095e-35 -0.96620341594900816 0.056919951754028551 -0.0091966610987370707 0.61218953703393619 -0.48236117227724046 0.11709737550573292 0.85245812221334372 -0.59219080463487817 -0.25512979026685595 0.97000711212708468 1.4103060219333883 -0.82624283017793043 -0.063604998059118803 -0.35627414002042063 -0.11186834962593033 0.80176545848547709
decision_type=2 2 2 2 2 2 2 2 2 2 2 2 2 2 2 2 2 2 2 2 2 2 2 2
left_child=2 -2 3 5 8 7 -7 19 9 -5 -8 14 13 -13 15 16 -10 -16 -17 -1 21 -14 -21 -19
right_child=1 -3 -4 4 -6 6 10 -9 11 -11 -12 12 20 -15 17 18 -18 23 -20 22 -22 -23 -24 -25
leaf_value=0.001331100225580951 0.0048291201964730116 -0.010203389385530556 0.0038798673981279529 -0.0028584823864499834 -0.0033414497107568512 0.0046818024903239365 -0.00081865920909861463 -0.0022769162945008277 0.00039719775264587755 0.00016358187466936883 0.001305492602489701 0.0034616188603459742 -0.0017974779993795518 0 0.0020134189844231458 9.1814020811229e-05 -0.0036931229606292251 -0.00016879696731213558 -0.0012314462014187866 0.00041310997678836421 0.00059065154400790251 0 -0.00083032629781020243 0.00093951961281078442
leaf_weight=15.999999999999998 12.000000000000002 11.999999999999998 11.999999999999998 13.000000000000002 14.999999999999998 14.999999999999998 20 10.999999999999998 22 12.999999999999998 22 22 11.999999999999998 17 14.999999999999998 249 18 52 29 11.999999999999998 20 21 19.000000000000004 12.999999999999998
leaf_count=16 12 12 12 13 15 15 20 11 22 13 22 22 12 17 15 249 18 52 29 12 20 21 19 13
internal_value=0 -0.00299145 0.000128725 1.32892e-05 -0.000139997 0.000750661 0.00180277 -0.000246201 0 -0.00138168 0.00017256 7.90109e-05 0.000806739 0.00204365 -8.13962e-05 -0.000278401 -0.0015331 0.000585285 -4.47164e-05 0.000301129 -0.000100256 -0.000724534 -0.000171261 1.51166e-05
internal_weight=682 24 658 646 531 115 57 58 516 26 42 490 92 39 398 318 40 80 278 47 53 33 31 65
internal_count=682 24 658 646 531 115 57 58 516 26 42 490 92 39 398 318 40 80 278 47 53 33 31 65
is_linear=0
shrinkage=0.0529975


Tree=263
num_leaves=13
num_cat=0
split_feature=29 29 19 29 19 10 13 19 29 13 19 6
split_gain=0.0972677 0.109045 0.17086 0.0305997 0.0674785 0.121814 0.0273107 0.0552807 0.0156218 0.0438112 0.0231209 0.0138236
threshold=1.9619634837178215 0.90830313251086625 0.51248132294284898 -1.0034921893675615 -0.78831803872658812 0.86347162750411133 1.7584772687198031 0.79929482605924529 0.68829317853210092 0.62908743393947952 -0.69407060819862865 -2.185805165987118
decision_type=2 2 2 2 2 2 2 2 2 2 2 2
left_child=1 3 -3 -1 5 -5 7 8 10 -10 -6 -12
right_child=-2 2 -4 4 6 -7 -8 -9 9 -11 11 -13
leaf_value=0.0018037323173419216 -0.0038509484509991303 -0.00082026832044221636 0.0065812550519831516 -0.0047986986487678403 0.001728966465022417 0.00070202830717481493 0.0020526476267710438 -0.0028587327737792019 -0.0029993194239275149 0.0006780002151765993 -0.001438716031568598 8.7793216210452473e-05
leaf_weight=18 11.999999999999998 12.000000000000002 11.999999999999998 17 18 15.999999999999998 11.999999999999998 12.999999999999998 11.000000000000002 10.999999999999998 10.999999999999998 519
leaf_count=18 12 12 12 17 18 16 12 13 11 11 11 519
internal_value=0 9.66599e-05 0.00322347 -3.73714e-05 -0.00011772 -0.00225472 1.04953e-05 -4.01496e-05 4.10992e-05 -0.00115977 0.000113949 2.73387e-05
internal_weight=682 670 24 646 628 33 595 583 570 22 548 530
internal_count=682 670 24 646 628 33 595 583 570 22 548 530
is_linear=0
shrinkage=0.0529975


Tree=264
num_leaves=28
num_cat=0
split_feature=52 29 29 47 9 5 28 37 29 39 3 45 44 44 19 19 37 10 2 25 45 5 37 2 36 9 25
split_gain=0.0914154 1.31245 0.58422 0.749117 0.409874 0.135452 0.109132 0.0220142 0.0189613 0.0274308 0.0280662 0.0289348 0.0238792 0.0218611 0.0204384 0.0169377 0.0160687 0.0174278 0.0127122 0.00852518 0.0100721 0.00580152 0.00415688 0.00302338 0.00251676 0.000614319 0.000205068
threshold=1.0000000180025095e-35 0.64608805788372303 0.86516195744978364 0.60404435919047483 0.53131947937075108 -0.85649458878803342 -1.107194503700726 1.6207810849854718 -0.95147839412710067 1.8332589020591132 0.61218953703393775 0.27945013731606472 0.7223131398807876 -1.2640479947913779 0.58748672138748581 -0.082621678983574642 -0.55685107079571161 -0.20798591958711662 -0.2420692883287488 -0.83747405889393811 -0.96620341594900816 0.69144389454395616 -0.35832050388688674 -0.12630823827789192 0.30120677989411432 0.084163625487983965 -0.10506730302760346
decision_type=2 2 2 2 2 2 2 2 2 2 2 2 2 2 2 2 2 2 2 2 2 2 2 2 2 2 2
left_child=2 5 6 4 -4 -2 -1 19 -8 10 13 12 15 16 18 -12 17 -10 -15 -7 -21 -16 -13 25 -25 -22 -18
right_child=1 -3 3 -5 -6 7 8 -9 9 -11 11 22 -14 14 21 -17 26 -19 -20 20 23 -23 -24 24 -26 -27 -28
leaf_value=-0.0043493231944976979 0.0039530419880648418 -0.015044251609016599 0.016718158655951252 -0.0026526595535970995 0.0016700940887443305 0.0010037346345824854 -0.0015461590258241285 -0.0016854356407659888 -0.003066760252944264 0.0018335661111542553 0.0024697926384230663 -0.0009479485870239595 -1.9418518888556271e-05 -0.00033301957921380609 -0.0020862093256612071 0 5.1233406904879896e-05 -0.00017630194087284195 0.00035361637582352709 -0.0011450749690282021 0 0 0 0 0.00092267179741220085 -0.00031427236696429162 -0.000176377661044807
leaf_weight=10.999999999999998 21 10.999999999999998 11.000000000000002 12.999999999999998 10.999999999999998 18 15.999999999999998 17 13.000000000000002 17 34 14.000000000000002 17 119 11.000000000000002 14.999999999999998 12.000000000000002 18 175 14.999999999999998 15.999999999999998 11.999999999999998 15.999999999999998 12.000000000000005 13.999999999999998 11.999999999999998 10.999999999999998
leaf_count=11 21 11 11 13 11 18 16 17 13 17 34 14 17 119 11 15 12 18 175 15 16 12 16 12 14 12 11
internal_value=0 -0.00120551 0.000302179 0.0063943 0.0114129 0.000591888 -0.000170904 -0.000201808 -1.47223e-05 3.9951e-05 -3.29917e-05 0.000730047 0.00134032 -0.000257434 -5.73338e-05 0.00188974 -0.00119255 -0.00187782 5.13086e-05 0.000102974 -0.00010034 -0.00141037 -0.000418129 0.000158887 0.000557775 -3.91071e-05 0
internal_weight=682 136 546 35 22 125 511 104 500 484 467 96 66 371 317 49 54 31 294 87 69 23 30 54 26 28 23
internal_count=682 136 546 35 22 125 511 104 500 484 467 96 66 371 317 49 54 31 294 87 69 23 30 54 26 28 23
is_linear=0
shrinkage=0.0529975


Tree=265
num_leaves=15
num_cat=0
split_feature=29 29 19 29 7 31 19 30 30 39 3 30 14 29
split_gain=0.103064 0.102077 0.155957 0.0301803 0.0683961 0.0403648 0.0434567 0.0294992 0.0274397 0.0137005 0.0169714 0.0122953 0.00988822 0.0013313
threshold=1.9619634837178215 0.90830313251086625 0.51248132294284898 -1.0034921893675615 -2.0381597474118105 -1.145145664204468 -0.78831803872658812 -1.035745079338027 -0.36080720719394782 1.8332589020591132 0.61218953703393775 -0.15288167033854896 -0.79030699938318161 -0.12613368717176643
decision_type=2 2 2 2 2 2 2 2 2 2 2 2 2 2
left_child=1 3 -3 -1 -5 8 -7 -8 -6 10 -9 -10 -13 -14
right_child=-2 2 -4 4 5 6 7 9 11 -11 -12 12 13 -15
leaf_value=0.0017945809864245447 -0.0039680038779322116 -0.00073742797673503316 0.0063266355951516863 -0.0031653103359931614 0.0025294390623036814 -0.002250638039098805 -0.0021615130701306186 -0.00019386609118226717 -0.0008231750967492218 0.0012066090852417221 0.0006004218852903307 -2.0361800447808818e-05 0.0018075245331329517 5.9454633666675084e-05
leaf_weight=18 11.999999999999998 12.000000000000002 11.999999999999998 13.999999999999998 21 21 11.999999999999998 408 11.999999999999998 20 85 11.999999999999998 10.999999999999998 12.000000000000002
leaf_count=18 12 12 12 14 21 21 12 408 12 20 85 12 11 12
internal_value=-1.07135e-07 9.5195e-05 0.00312041 -3.41488e-05 -0.000114059 -3.27995e-06 -0.000170137 -4.92865e-05 0.00114731 1.10673e-05 -3.73529e-05 0.000181637 0.000766529 0.00133727
internal_weight=682 670 24 646 628 614 546 525 68 513 493 47 35 23
internal_count=682 670 24 646 628 614 546 525 68 513 493 47 35 23
is_linear=0
shrinkage=0.0529975


Tree=266
num_leaves=21
num_cat=0
split_feature=29 29 47 29 5 7 31 30 8 30 7 8 7 39 47 30 47 2 5 30
split_gain=0.0959135 0.0944438 0.148351 0.0286498 0.0990621 0.0736038 0.0439197 0.0396101 0.0316133 0.0258531 0.0221361 0.0265189 0.0164136 0.0242588 0.0173363 0.0134334 0.00637056 0.00559315 0.00281541 0.00202983
threshold=1.9619634837178215 0.90830313251086625 0.60404435919047483 -0.69154920279145393 -1.1977909254101229 -2.0381597474118105 -1.145145664204468 1.120825799461141 0.23254879003066392 -1.035745079338027 -1.3604906021676328 0.17325837290014176 -0.21192386697240859 -0.61067574593307838 0.1166022072676676 0.51050243431074982 -0.16193616525965079 -0.58748974292915224 -1.0950760906972434 0.84535253915705144
decision_type=2 2 2 2 2 2 2 2 2 2 2 2 2 2 2 2 2 2 2 2
left_child=1 3 -3 4 -1 -5 10 9 16 -8 17 -12 14 -14 -11 -10 -6 18 -7 -17
right_child=-2 2 -4 5 8 6 7 -9 15 12 11 -13 13 -15 -16 19 -18 -19 -20 -21
leaf_value=0.0044834529160588535 -0.0038277796574924736 0.0061337613149684937 -0.00074206958598465374 -0.0034260988955960828 0 0 -0.0020851280443556983 -0.0023490872145824479 -0.0018574751167930352 2.2855320634334937e-05 0 0.0035122516485435839 0.00070044767736745302 -0.00018337789342659977 -0.0010851545405635942 0.00039286353232079668 0.0017200120567777309 -0.00050750863824982066 0.0010398677351552753 -0.00042555500142363203
leaf_weight=10.999999999999998 11.999999999999998 12.000000000000002 11.999999999999998 12.999999999999998 12.000000000000002 11.999999999999998 11.999999999999998 18 17 61 12.000000000000002 12.999999999999998 137 200 67 11.000000000000002 15.999999999999998 10.999999999999998 12.000000000000002 10.999999999999998
leaf_count=11 12 12 12 13 12 12 12 18 17 61 12 13 137 200 67 11 16 11 12 11
internal_value=0 9.19398e-05 0.00300191 -3.20719e-05 0.000868869 -0.000175745 -5.13533e-05 -0.000231886 0 -0.000109358 0.00121795 0.00227094 -1.76439e-05 0.000161523 -0.0005276 -0.000961652 0.00117807 7.32921e-05 0.000620581 0
internal_weight=682 670 24 646 78 568 555 495 67 477 60 25 465 337 128 39 28 35 24 22
internal_count=682 670 24 646 78 568 555 495 67 477 60 25 465 337 128 39 28 35 24 22
is_linear=0
shrinkage=0.0529975


Tree=267
num_leaves=24
num_cat=0
split_feature=19 14 19 45 29 46 1 50 1 45 6 31 30 8 19 30 39 35 31 51 32 10 7
split_gain=0.0905681 0.683827 0.084482 0.0256005 0.0756431 0.0461834 0.084273 0.0261072 0.0210706 0.0198123 0.029799 0.0195549 0.0200802 0.01985 0.0357195 0.0351837 0.0250892 0.0169684 0.0154905 0.0105802 0.0166274 0.00562226 0.00458451
threshold=0.98085823280515616 -0.73121237853981313 0.76820330720288033 -1.0794446480640147 0.88506091518751828 1.0000000180025095e-35 -0.61478930014563982 1.0000000180025095e-35 -0.0091966610987370707 -0.96620341594900816 0.056919951754028551 0.85245812221334372 0.79846173015622457 -0.74470015643389753 -0.89269806438786092 0.63776063550318518 1.7707609656411838 1.6007534170082314 0.97000711212708468 1.0000000180025095e-35 -0.82624283017792843 -0.99998769948958721 0.57687478718044938
decision_type=2 2 2 2 2 2 2 2 2 2 2 2 2 2 2 2 2 2 2 2 2 2 2
left_child=2 -2 3 5 9 7 -7 19 -8 10 -5 13 18 15 -15 17 -16 -11 -13 20 -1 -20 -22
right_child=1 -3 -4 4 -6 6 8 -9 -10 11 -12 12 -14 14 16 -17 -18 -19 21 -21 22 -23 -24
leaf_value=0.0020467957406905307 0.0047414306691392063 -0.0098920611920228236 0.0037026661545180176 -0.0026793313033938765 -0.0032559671244607254 0.0044905911393990179 -0.0007925662552658385 -0.0020830992577299317 0.001254078843129721 0.00049116723205175816 0.00014261805282067878 0.0014491745405995011 0.0020924580893304963 0.0021035137956869443 0.00010504549189781271 -0.002929293807565527 -0.0013032649581963957 -0.0012329292198844477 0.00012920905405841758 -0.00070533330460547002 0.00046646452981485316 -0.00076276918634056001 -0.0007082485031937064
leaf_weight=10.999999999999995 12.000000000000002 11.999999999999998 11.999999999999998 13.000000000000002 14.999999999999998 14.999999999999998 20 10.999999999999998 22 35 12.999999999999998 14.999999999999998 19 17 284 11.999999999999998 34 19 32 10.999999999999998 14.000000000000005 23 10.999999999999998
leaf_count=11 12 12 12 13 15 15 20 11 22 35 13 15 19 17 284 12 34 19 32 11 14 23 11
internal_value=0 -0.00285728 0.000119546 8.8326e-06 -0.000137336 0.000714833 0.00172696 -0.000239314 0.000156703 0 -0.00128776 7.22155e-05 0.000763271 -7.29851e-05 7.83297e-05 -0.000880592 -4.53044e-05 -6.1638e-05 0.000173947 0.000247287 0.00076383 -0.000167607 0
internal_weight=682 24 658 646 531 115 57 58 42 516 26 490 89 401 335 66 318 54 70 47 36 55 25
internal_count=682 24 658 646 531 115 57 58 42 516 26 490 89 401 335 66 318 54 70 47 36 55 25
is_linear=0
shrinkage=0.0529975


Tree=268
num_leaves=17
num_cat=0
split_feature=29 29 19 29 19 36 29 39 28 17 29 5 39 26 39 19
split_gain=0.0911344 0.0954671 0.147182 0.0267819 0.0579163 0.105379 0.022452 0.0895462 0.0303372 0.0177114 0.0151411 0.0366095 0.0122728 0.0119322 0.0265139 0.0105915
threshold=1.9619634837178215 0.90830313251086625 0.51248132294284898 -1.0034921893675615 -0.78831803872658812 0.6170125243548773 0.32628772854720739 -0.69085955959644629 -0.66986113276767056 -1.39396473237739 0.69655909085426648 1.0843569414310898 -1.0397809039738557 0.77999256740898393 -0.61067574593307838 -0.62118883244081624
decision_type=2 2 2 2 2 2 2 2 2 2 2 2 2 2 2 2
left_child=1 3 -3 -1 5 -5 8 10 -6 -10 11 12 -8 15 -15 -11
right_child=-2 2 -4 4 6 -7 7 -9 9 13 -12 -13 -14 14 -16 -17
leaf_value=0.0016866716036255858 -0.0037307834784968412 -0.00071813740454798863 0.0061332178104081944 -0.0043510747398003815 0.0019028964947891257 0.00075793937439440297 -0.00084237145985981707 -0.0042066062118708159 0.0014897408871839205 -0.0013706936003205791 0.0011254721979476452 -0.0022411111218424841 0.00073065391646125091 0.0018750701517767758 0 -7.0367512584091531e-05
leaf_weight=18 11.999999999999998 12.000000000000002 11.999999999999998 18 21 14.999999999999998 10.999999999999998 10.999999999999998 17 13.999999999999998 19 15.999999999999998 42 22 76 346
leaf_count=18 12 12 12 18 21 15 11 11 17 14 19 16 42 22 76 346
internal_value=0 9.00773e-05 0.00301594 -3.46486e-05 -0.000110489 -0.00209023 7.44989e-06 -0.000684874 0.00016608 5.20073e-05 0 -0.000380617 0.00023335 -4.86791e-06 0.000480011 -0.000161648
internal_weight=682 670 24 646 628 33 595 99 496 475 88 69 53 458 98 360
internal_count=682 670 24 646 628 33 595 99 496 475 88 69 53 458 98 360
is_linear=0
shrinkage=0.0529975


Tree=269
num_leaves=26
num_cat=0
split_feature=26 19 19 30 29 17 25 29 1 30 39 3 1 53 15 18 37 19 51 3 1 29 47 44 39
split_gain=0.0901956 0.263602 0.079296 0.0279101 0.113264 0.0339847 0.0322924 0.0281885 0.104243 0.0217658 0.0391492 0.0460574 0.0277242 0.0171045 0.0151562 0.0195469 0.0249067 0.0189485 0.00806762 0.0087704 0.00720201 0.00646059 0.00472193 0.00424817 0.00248045
threshold=-2.4089509458886917 0.98085823280515616 0.76820330720288033 0.16840608488038358 0.68829317853210092 -0.89824610739481126 -1.2955004554409264 0.69655909085426648 1.0780347255283604 0.2567125861955567 -0.48469126969849824 -0.023121043056089436 1.2350989491776727 1.0000000180025095e-35 0.67100945396799161 0.2015912266002253 1.8916925877464743 -0.25973919931875072 1.0000000180025095e-35 -0.58526383161889395 -0.22819119621072334 -0.30204866562469096 0.46477517292681564 0.7223131398807876 -0.5833011321910726
decision_type=2 2 2 2 2 2 2 2 2 2 2 2 2 2 2 2 2 2 2 2 2 2 2 2 2
left_child=-1 2 3 7 5 6 -5 14 -9 20 11 -11 -12 -8 15 16 23 -17 19 -16 -7 -21 -19 -2 -22
right_child=1 -3 -4 4 -6 9 13 8 -10 10 12 -13 -14 -15 18 17 -18 22 -20 21 24 -23 -24 -25 -26
leaf_value=0.003803121363607082 0.00022216607024158191 -0.0052418987801521174 0.0035657795169020696 4.872077083912187e-05 -0.0045876236051312731 0 -0.0035989301568083343 0.004343159443020969 -0.0011611957627937655 -0.0001187367188573144 1.9462940063630531e-06 0.00191522025168617 -0.0020668230446139364 -8.9828597909250723e-05 0 0.00054491384780324835 0.0021758466236427554 -0.0004936385731907219 0 1.2276353621653409e-05 -0.0019652463339313521 0.0019539024375342775 -0.0020739067637820254 -0.00030276413393903712 -8.4873706673227804e-06
leaf_weight=10.999999999999998 117 21 11.999999999999998 15.999999999999998 10.999999999999998 10.999999999999998 12.000000000000002 14.000000000000002 11.999999999999998 45 90 63 14.999999999999998 10.999999999999998 10.999999999999998 12.999999999999998 10.999999999999998 38 12.999999999999998 14.999999999999995 10.999999999999998 24.000000000000004 15.999999999999998 58 11.000000000000002
leaf_count=11 117 21 12 16 11 11 12 14 12 45 90 63 15 11 11 13 11 38 13 15 11 24 16 58 11
internal_value=0 -0.000105281 9.64225e-05 0 -0.000374203 -9.63937e-05 -0.00144951 0.0003221 0.00184288 0.000119795 0.000346556 0.0010448 -0.000326356 -0.00252718 0.000143292 -1.95731e-05 0.000234022 -0.000780661 0.000843427 0.00113189 -0.000992959 0.00146351 -0.00123877 5.33247e-06 -0.00144772
internal_weight=682 671 650 638 296 285 39 342 26 246 213 108 105 23 316 253 186 67 63 50 33 39 54 175 22
internal_count=682 671 650 638 296 285 39 342 26 246 213 108 105 23 316 253 186 67 63 50 33 39 54 175 22
is_linear=0
shrinkage=0.0529975


Tree=270
num_leaves=25
num_cat=0
split_feature=3 30 29 13 9 52 19 19 30 29 9 45 22 12 12 31 30 5 7 53 5 45 30 10
split_gain=0.0912874 0.562613 0.398647 0.0717421 0.0758561 0.0675773 0.08743 0.0614925 0.0419333 0.037131 0.0269426 0.0170975 0.0136115 0.0228801 0.0230644 0.0270715 0.0259912 0.0221535 0.0106606 0.00923244 0.00779085 0.00604858 0.00587573 0.000567805
threshold=0.69784939052922235 -0.65921609552741589 1.10045454059635 1.070804347098006 0.25378021797821126 1.0000000180025095e-35 -0.78831803872658812 0.84812112690812347 -0.3654193333031332 0.80607140098567553 1.4025985340089158 -0.17351479114396184 -1.0519583573783569 0.65938261488339089 0.36503071886080979 0.13285146397546865 1.2754480605365839 -0.80108974281624157 -0.83579385733590894 0.35627397084393697 -1.0098143974948728 -1.1926858801790214 0.39129997605484484 1.069344906450419
decision_type=2 2 2 2 2 2 2 2 2 2 2 2 2 2 2 2 2 2 2 2 2 2 2 2
left_child=2 -2 3 7 8 6 -3 9 -5 12 11 21 18 14 16 -16 -14 20 -1 -19 -15 -8 -13 -20
right_child=1 5 -4 4 -6 -7 10 -9 -10 -11 -12 22 13 17 15 -17 -18 19 23 -21 -22 -23 -24 -25
leaf_value=-0.0017932466958963311 -0.010272805036379907 -0.0034982180855658478 0.0068195067418002474 0.0051114241888704712 -0.00089094681558796738 0.0026001858394149482 0 -0.0033459892568749963 0.00033007692624504475 -0.0025124853623344251 0.0021412688836785175 0 -1.1873346620530101e-05 0.00031014594891766721 0 -0.0025301335383089035 0.0020429311717711633 0.0020832753538230012 0.00014473999822282616 0.00035634461042248331 -0.0011038223506248627 0.0010340089985018664 -0.0015539626838390807 -0.00026996796751049693
leaf_weight=13.999999999999998 10.999999999999998 15.999999999999998 19 12.999999999999998 10.999999999999998 18 11.999999999999995 10.999999999999998 13.000000000000002 10.999999999999998 10.999999999999998 15.000000000000005 300 12.000000000000002 36 15.999999999999998 11.999999999999998 28 11.000000000000002 32 11.999999999999998 20 17 10.999999999999998
leaf_count=14 11 16 19 13 11 18 12 11 13 11 11 15 300 12 36 16 12 28 11 32 12 20 17 11
internal_value=-1.4122e-06 -0.00130179 0.000274764 -1.35034e-05 0.00205194 3.1259e-05 -0.000534203 -0.000200439 0.00344894 -7.7385e-05 0.000224057 -0.000160886 0 9.23368e-05 -7.61083e-05 -0.00105682 8.2226e-05 0.000856312 -0.000904528 0.00138414 -0.000243318 0.000533283 -0.00101349 0
internal_weight=682 120 562 543 37 109 91 506 26 495 75 64 484 448 364 52 312 84 36 60 24 32 32 22
internal_count=682 120 562 543 37 109 91 506 26 495 75 64 484 448 364 52 312 84 36 60 24 32 32 22
is_linear=0
shrinkage=0.0529975


Tree=271
num_leaves=14
num_cat=0
split_feature=5 8 19 29 29 5 1 45 37 30 45 28 47
split_gain=0.0901308 0.320415 0.601502 0.330223 0.0593021 0.0161952 0.0280162 0.026232 0.0287331 0.0216053 0.0190951 0.01836 0.0124018
threshold=-2.226046647382725 1.7394377131769621 1.1335994122992328 1.0555066932308372 0.86516195744978364 -0.88180945008426204 -1.2781151662940411 -0.96620341594900816 -0.80708230617037946 1.2754480605365839 -0.39999725537397507 -0.59219080463487817 0.046967614135837991
decision_type=2 2 2 2 2 2 2 2 2 2 2 2 2
left_child=-1 2 3 4 5 7 -7 -2 12 11 -10 -8 -9
right_child=1 -3 -4 -5 -6 6 9 8 10 -11 -12 -13 -14
leaf_value=0.0034043151372116858 -0.002267294317699428 -0.0061393987975076059 0.0099371088505583287 -0.0070457987642054323 0.0028839599112113401 0.001757705096138353 -0.0010554847251435394 0.0020986458091031644 0.000357865914882344 0.001554495462349506 -0.0015378997844297548 0 0
leaf_weight=14.999999999999998 17 18 10.999999999999998 12.999999999999998 13.999999999999998 20 45 11.000000000000002 12.999999999999998 17 33 443 11.999999999999998
leaf_count=15 17 18 11 13 14 20 45 11 13 17 33 443 12
internal_value=-4.17862e-06 -0.000120859 9.00783e-05 -0.000159798 3.79569e-05 -4.33285e-05 5.75224e-05 -0.000698531 -6.85113e-05 -1.59789e-05 -0.000888326 -0.000103032 0.00117487
internal_weight=682 667 649 638 625 611 525 86 69 505 46 488 23
internal_count=682 667 649 638 625 611 525 86 69 505 46 488 23
is_linear=0
shrinkage=0.0529975


Tree=272
num_leaves=29
num_cat=0
split_feature=52 19 19 20 19 28 39 45 39 39 3 47 44 19 44 3 34 6 14 34 1 3 19 39 24 34 1 6
split_gain=0.0873646 0.556616 0.311098 0.163537 0.119857 0.106902 0.0345645 0.0202251 0.0359948 0.0341054 0.0277899 0.0239012 0.0213917 0.0514695 0.029649 0.0131386 0.0181742 0.0120615 0.0119936 0.0189389 0.0118027 0.0101435 0.00814624 0.00578651 0.00229122 0.00141019 0.000757052 0.000316296
threshold=1.0000000180025095e-35 0.64073303228167133 0.86932162594016515 0.27551796419016245 -0.53971877660986134 -1.107194503700726 -1.1668644794528669 0.73241506577609128 -0.92087730034484216 -0.96766816633406982 -0.94039530756809431 0.53440976605864532 0.7223131398807876 -0.56005770063271443 -1.2640479947913779 0.40160906385802991 -1.1168214032628736 0.34509812348875007 -0.9718119062592413 -0.62411586866347835 -0.2647524644236276 -1.3562025130764546 -0.079979317588441887 -0.24197457294979449 0.11397048865030567 -0.74915959264645526 -0.090526829164176634 -0.35662254230499663
decision_type=2 2 2 2 2 2 2 2 2 2 2 2 2 2 2 2 2 2 2 2 2 2 2 2 2 2 2 2
left_child=2 3 5 4 -2 -1 -7 8 11 -9 21 20 14 -14 -12 16 -11 -18 -6 25 -8 -10 -17 -23 26 -20 27 -21
right_child=1 -3 -4 -5 18 6 7 9 10 15 12 -13 13 -15 -16 22 17 -19 19 24 -22 23 -24 -25 -26 -27 -28 -29
leaf_value=-0.0041186617167066715 0.0038445163890535772 -0.010181812028892571 0.0060685481636870327 -0.0048270662934853876 0.00094569858663200407 0.0025132243287446284 0.0011626534068617008 -0.0025014853150067272 0 -0.0013064484130716663 -0.00063205082850924287 0.0029422369182252853 -0.0027297986547479623 0.00021871864493852797 0.00089015415091060486 -0.0014791559572294355 0 0.0014322856393808271 -0.0001304829050523139 0 -0.00034758629318759892 -0.0023029268465576472 0 0 0.00061644212125870168 -0.0020089236629222676 -0.00030077609438973398 0.00021077835706844993
leaf_weight=10.999999999999998 21 10.999999999999998 19 10.999999999999998 14.999999999999998 10.999999999999998 21 13.999999999999998 15.999999999999998 10.999999999999998 36 15.999999999999998 14.999999999999998 62 156 20.000000000000004 62 23 12.000000000000002 10.999999999999995 17 13.999999999999998 10.999999999999998 11.000000000000002 10.999999999999998 11.999999999999991 18.000000000000014 13.999999999999998
leaf_count=11 21 11 19 11 15 11 21 14 16 11 36 16 15 62 156 20 62 23 12 11 17 14 11 11 11 12 18 14
internal_value=-4.17194e-07 -0.00118269 0.000291065 0 0.000726344 3.73372e-06 0.000151298 5.72934e-05 0.000277476 -0.000451738 2.39487e-05 0.00146864 0.00024811 -0.000427238 0.000558966 -7.06672e-05 0.000187084 0.000530476 -9.74253e-05 -0.000434372 0.000372975 -0.00114215 -0.000958607 -0.00170207 3.36012e-05 -0.00151639 -3.01389e-05 0
internal_weight=682 136 546 125 114 527 516 505 364 141 310 54 269 77 192 127 96 85 93 78 38 41 31 25 54 24 43 25
internal_count=682 136 546 125 114 527 516 505 364 141 310 54 269 77 192 127 96 85 93 78 38 41 31 25 54 24 43 25
is_linear=0
shrinkage=0.0529975


Tree=273
num_leaves=18
num_cat=0
split_feature=39 16 13 2 30 8 45 31 29 7 19 39 31 39 7 29 9
split_gain=0.0897803 0.0917248 0.0411604 0.108777 0.0733025 0.0507064 0.0321838 0.0259572 0.0960919 0.0742536 0.0565535 0.0538584 0.0373323 0.020671 0.0194976 0.0157959 0.00830379
threshold=-1.1840427946005181 2.483592546261761 1.070804347098006 -1.3148723560504141 -0.55922880587997159 1.5895402411079365 -0.28675602325896848 0.070867766400252261 0.88506091518751828 -0.23801997788656473 -0.78831803872658812 -0.71831008678111175 0.19502158590233212 1.8785166525286436 -0.52704887320649119 -0.56712000422873976 -0.17318235415012809
decision_type=2 2 2 2 2 2 2 2 2 2 2 2 2 2 2 2 2
left_child=-1 2 3 -2 -4 7 -6 9 10 13 -9 -11 -12 14 -5 -13 -8
right_child=1 -3 4 5 6 -7 16 8 -10 11 12 15 -14 -15 -16 -17 -18
leaf_value=-0.0037099856087176495 -0.0038929291912338285 0.0039269199128587886 0.004262837992755444 0.00028669200826718198 0.0017447777862610141 0.0028423862154677098 0 -0.0030562221491925441 -0.0042061758327155046 0.0035893686827297715 -0.001422198572743501 0.0018875377618099978 0.00024751614991554697 -0.001966556438768531 -0.00085602787537457066 0 -0.0016678833452760571
leaf_weight=11.999999999999998 14.999999999999998 10.999999999999998 10.999999999999998 116 13.999999999999998 10.999999999999998 12.999999999999998 11.999999999999998 11.999999999999998 21 38 10.999999999999998 253 12.999999999999998 56 50 13.000000000000002
leaf_count=12 15 11 11 116 14 11 13 12 12 21 38 11 253 13 56 50 13
internal_value=-6.74481e-06 8.15705e-05 -6.94368e-06 -0.000143666 0.00134409 0 0 -9.3169e-05 -0.00042414 0.000272457 -0.000173034 0.00155481 0 -0.000290334 -6.24204e-05 0.000491557 -0.00096055
internal_weight=682 670 659 608 51 593 40 582 315 267 303 82 291 185 172 61 26
internal_count=682 670 659 608 51 593 40 582 315 267 303 82 291 185 172 61 26
is_linear=0
shrinkage=0.0529975


Tree=274
num_leaves=23
num_cat=0
split_feature=29 29 47 29 19 19 1 36 29 39 36 30 14 9 19 5 36 36 14 30 14 34
split_gain=0.0863702 0.0883749 0.136646 0.0297662 0.144467 0.119927 0.0186003 0.0320321 0.0176904 0.0841664 0.021161 0.0230244 0.0169189 0.0138536 0.012569 0.0112951 0.0145246 0.0118083 0.0107639 0.00698062 0.00622414 0.000438481
threshold=1.9619634837178215 0.90830313251086625 0.60404435919047483 -0.56712000422873976 -0.97371853943483189 -0.89853941475979127 -0.057509765522931737 0.82946366153757201 0.32628772854720739 -0.69085955959644629 -1.3869184723143255 0.99608930189529632 -0.84940162022654975 -0.71326989622627679 -0.082621678983574642 -1.0950760906972434 -0.65195237611473267 -0.789758519152156 -0.76075968896149726 -0.19753209139108072 -1.1934167344218727 -0.74915959264645526
decision_type=2 2 2 2 2 2 2 2 2 2 2 2 2 2 2 2 2 2 2 2 2 2
left_child=1 3 -3 4 -1 -5 12 -8 10 13 -7 15 20 -10 -15 17 -17 -12 -14 -16 -6 -20
right_child=-2 2 -4 5 6 8 7 -9 9 -11 11 -13 18 14 19 16 -18 -19 21 -21 -22 -23
leaf_value=0.0052274087783047377 -0.0036390176779313665 0.0059016162686727873 -0.00068721082999113588 -0.0044791445693653058 -9.44740160851549e-05 0.0018590987490611122 0.0022056496208257468 -0.00036454187578759801 -0.0011284405040546028 -0.0040954510380121698 -0.0017177619880737625 0.0017566479504892258 -0.0019667729206874953 0.0014775885703433688 0.00057331204983217666 0.00074639083031093501 -0.00013761964270464779 0 0 -0.0005100393252667326 0.0010943685134731521 -0.00025757625291111466
leaf_weight=10.999999999999998 11.999999999999998 12.000000000000002 11.999999999999998 11.999999999999998 14.000000000000002 11.999999999999998 18 20 18 10.999999999999998 17 13.999999999999998 18.999999999999996 13.999999999999998 22 57 295 23 10.999999999999998 34 10.999999999999998 13.000000000000005
leaf_count=11 12 12 12 12 14 12 18 20 18 11 17 14 19 14 22 57 295 23 11 34 11 13
internal_value=-6.62978e-06 7.97982e-05 0.00289554 -3.9767e-05 0.000690663 -0.000220304 0 0.000828846 -5.78751e-05 -0.000680872 8.07459e-05 0 -0.000545491 0 0.00033156 -8.63018e-05 0 -0.000868431 -0.00116489 0 0.000313796 -3.09586e-05
internal_weight=682 670 24 646 117 529 106 38 517 99 418 406 68 88 70 392 352 40 43 56 25 24
internal_count=682 670 24 646 117 529 106 38 517 99 418 406 68 88 70 392 352 40 43 56 25 24
is_linear=0
shrinkage=0.0529975


Tree=275
num_leaves=25
num_cat=0
split_feature=26 19 13 30 1 30 29 17 19 9 12 25 28 29 30 29 9 3 39 30 26 39 33 1
split_gain=0.0894703 0.26031 0.0749043 0.115066 0.0490024 0.0190068 0.0690483 0.0344547 0.0251864 0.0272756 0.0411329 0.0250512 0.0174504 0.0125337 0.0121677 0.0102046 0.0111024 0.0100084 0.00719926 0.011625 0.00556652 0.00529382 0.0038847 0.00247972
threshold=-2.4089509458886917 0.98085823280515616 1.1109604301124176 -0.61648578746490068 0.40127818942419791 0.16840608488038358 0.51841408575409187 -0.89824610739481126 -0.64259766935448892 -0.017160929627940198 0.24401710330907569 -1.2955004554409264 -0.59219080463487817 0.60288618035152008 0.2567125861955567 0.51841408575409187 0.42818238464068498 -0.87079667660317595 1.4151184330301467 -0.47113633150492407 0.91731144881225357 1.1132330802579731 -0.81552943944318845 -0.17596081304943198
decision_type=2 2 2 2 2 2 2 2 2 2 2 2 2 2 2 2 2 2 2 2 2 2 2 2
left_child=-1 2 5 -4 23 13 7 11 9 -9 -11 -7 -10 15 -14 16 18 -15 21 -20 22 -2 -18 -5
right_child=1 -3 3 4 -6 6 -8 8 12 10 -12 -13 14 17 -16 -17 20 -19 19 -21 -22 -23 -24 -25
leaf_value=0.00378033384006025 0 -0.00521569877876702 0.0056153907600603806 0.00010543197660209024 -0.0019495312228339273 0 -0.003182774121094059 0.0022314191463497324 -0.0016950252231556983 0.0016112095220872727 -0.0016298120571602624 -0.0024964268308314756 -0.00084269541971857887 0 0.00022507138401063457 -0.0010432975871972718 0 0.0019889669433246857 -0.0013133656011589273 4.0743119542500633e-05 0 0.00086385389128672415 0.0014841938218294582 0.0021172714825339585
leaf_weight=10.999999999999998 158 21 10.999999999999998 11.999999999999998 11.999999999999998 14.999999999999998 17 23 12.999999999999998 15.999999999999998 15.999999999999998 21 32 11.000000000000002 136 13.999999999999998 10.999999999999998 12.999999999999998 22 24 18 20 24 11.000000000000002
leaf_count=11 158 21 11 12 12 15 17 23 13 16 16 21 32 11 136 14 11 13 22 24 18 20 24 11
internal_value=-6.26836e-06 -0.000111595 8.88284e-05 0.0020237 6.82706e-05 -6.55237e-05 -0.000380539 -0.000115399 0.000103513 0.00105406 0 -0.00152668 -0.000172514 0.000203441 0 6.98861e-05 0.000171743 0.00125226 0 -0.000549321 0.000818571 0.00015692 0.00116001 0.00154737
internal_weight=682 671 650 46 35 604 289 272 236 55 32 36 181 315 168 291 277 24 224 46 53 178 35 23
internal_count=682 671 650 46 35 604 289 272 236 55 32 36 181 315 168 291 277 24 224 46 53 178 35 23
is_linear=0
shrinkage=0.0529975


Tree=276
num_leaves=26
num_cat=0
split_feature=26 29 39 29 29 26 31 49 39 39 53 8 30 30 19 31 12 31 2 25 39 7 14 4 8
split_gain=0.0833027 0.242216 0.100576 0.130827 0.0501542 0.0162507 0.0325638 0.05942 0.054547 0.0344773 0.0326973 0.035975 0.0263778 0.0263091 0.0217906 0.0167325 0.0220683 0.0116777 0.0114422 0.014997 0.0102557 0.00834779 0.00618189 0.00394236 0.00142941
threshold=-2.4089509458886917 1.6259206114699825 -1.0567165156606251 0.86516195744978364 0.88506091518751828 0.77999256740898393 0.070867766400252261 1.0000000180025095e-35 -0.28400153074623863 1.5780785900640184 1.0000000180025095e-35 0.28557286342867877 -0.97556096233642264 0.99608930189529632 -0.42215834631899646 0.93272054047691533 -0.95913200979682944 0.19502158590233212 0.36801829016928378 1.6150031722499618 -0.82078362726012033 0.10198068534994612 -0.12338199272231026 1.2845842295214123 -0.81236339877638863
decision_type=2 2 2 2 2 2 2 2 2 2 2 2 2 2 2 2 2 2 2 2 2 2 2 2 2
left_child=-1 2 3 -2 5 6 9 17 23 12 -11 -12 -4 -14 -7 16 24 21 22 -20 -19 -8 -17 -9 -16
right_child=1 -3 4 -5 -6 14 7 8 -10 10 11 -13 13 -15 15 18 -18 20 19 -21 -22 -23 -24 -25 -26
leaf_value=0.0036506692919017433 0 -0.006174669407493164 0.0024663214426705942 0.005827475178270548 -0.0028609823647492631 0.0021875294530241739 0 -0.0047678603759307549 0 0.00018434992339254908 0 -0.0038617052094906783 4.2201055951234156e-05 0.0021325423771929634 0.00039540942230947883 -0.00014318522698531747 0.0025047265577006605 0.0012058751432109298 -0.0017102321647997651 0 -7.7655101891103371e-05 -0.0015951099800520408 0.00090051720249734451 -0.00099324530289579137 -0.00017842051499823326
leaf_weight=10.999999999999998 20 11.999999999999998 10.999999999999998 12.999999999999998 11.999999999999998 12.999999999999998 18 12.000000000000002 12.999999999999998 19 11.000000000000002 10.999999999999998 240 12.999999999999998 14.999999999999995 18 10.999999999999998 13.999999999999998 20 21 90 17 19 10.999999999999998 17.000000000000004
leaf_count=11 20 12 11 13 12 13 18 12 13 19 11 11 240 13 15 18 11 14 20 21 90 17 19 11 17
internal_value=-2.98042e-06 -0.000104998 4.97052e-05 0.00266831 -0.000101292 -8.9422e-06 -0.000164621 -0.00073512 -0.00249577 0.000148118 -0.0011433 -0.00233329 0.000395486 0.000223465 0.000481987 0.000149112 0.00095457 -0.000146598 -0.000248215 -0.000849489 8.79475e-05 -0.000924831 0.000281166 -0.00378221 0
internal_weight=682 671 659 33 626 614 480 175 36 305 41 22 264 253 134 121 43 139 78 41 104 35 37 23 32
internal_count=682 671 659 33 626 614 480 175 36 305 41 22 264 253 134 121 43 139 78 41 104 35 37 23 32
is_linear=0
shrinkage=0.0529975


Tree=277
num_leaves=24
num_cat=0
split_feature=3 30 29 52 19 13 9 19 30 29 9 45 6 6 30 19 6 13 25 6 26 6 5
split_gain=0.0842653 0.525167 0.384133 0.0586106 0.0815957 0.0579113 0.0670566 0.056536 0.037712 0.0313935 0.0233615 0.0139638 0.0108253 0.0302553 0.0227688 0.0266933 0.0158566 0.0180009 0.00662565 0.00553616 0.00520488 0.00729638 0.00154822
threshold=0.69784939052922235 -0.65921609552741589 1.10045454059635 1.0000000180025095e-35 -0.8134540570553449 1.070804347098006 0.25378021797821126 0.84812112690812347 -0.3654193333031332 0.80607140098567553 1.4025985340089158 -0.17351479114396184 1.0215876099118384 0.86204689121901323 1.2232764528055513 -0.58909706582522026 1.3225910484813301 -0.16399520559514755 -0.29976861207389477 0.2137745057183926 -0.74039037100686877 1.5690816155322571 -0.21785668569605324
decision_type=2 2 2 2 2 2 2 2 2 2 2 2 2 2 2 2 2 2 2 2 2 2 2
left_child=2 -2 5 4 -3 7 8 9 -7 12 11 18 13 14 15 -1 17 -14 -6 -13 21 -18 -22
right_child=1 3 -4 -5 10 6 -8 -9 -10 -11 -12 19 16 -15 -16 -17 20 -19 -20 -21 22 -23 -24
leaf_value=-0.0014388370916248899 -0.0099193480723711713 -0.0034400539674126897 0.0066877286478907293 0.0024290293184761353 0.0010676052546923285 0.0047257493380999278 -0.00089651378261131238 -0.0032048665766217376 0.00022739221969642241 -0.0023094590020697014 0.0020044995575659447 -0.0013479188659378655 0 -0.0018532569014610071 0.0017125112803896162 4.667193847962416e-05 -9.6933983490046254e-05 0.0022473414056093104 -8.09813201066155e-06 0 -0.00086573862125988014 0.001197426668215127 0
leaf_weight=31 10.999999999999998 14.999999999999998 19 18 17.999999999999993 12.999999999999998 10.999999999999998 10.999999999999998 13.000000000000002 10.999999999999998 10.999999999999998 20.000000000000007 11.000000000000002 20 14.999999999999998 342 12.000000000000002 18 14.999999999999998 11.999999999999998 12.000000000000002 11.999999999999998 10.999999999999998
leaf_count=31 11 15 19 18 18 13 11 11 13 11 11 20 11 20 15 342 12 18 15 12 12 12 11
internal_value=-2.00549e-06 -0.00125172 0.000262938 3.38807e-05 -0.000488752 -1.97387e-05 0.00183398 -0.000188821 0.003159 -7.02992e-05 0.000217533 -0.000130256 0 -0.000101998 0 -7.91709e-05 0.000564168 0.00142069 0.00047348 -0.000913148 0 0.000427393 -0.000561432
internal_weight=682 120 562 109 91 543 37 506 26 495 76 65 484 408 388 373 76 29 33 32 47 24 23
internal_count=682 120 562 109 91 543 37 506 26 495 76 65 484 408 388 373 76 29 33 32 47 24 23
is_linear=0
shrinkage=0.0529975


Tree=278
num_leaves=28
num_cat=0
split_feature=52 29 29 46 5 28 12 44 13 37 30 12 44 30 5 0 5 44 31 16 25 25 23 10 6 19 29
split_gain=0.0835086 1.12475 0.506234 0.702109 0.101784 0.0886456 0.0171686 0.0183248 0.0215705 0.0252975 0.0182803 0.0306273 0.0195421 0.0238995 0.0209599 0.022743 0.0171517 0.0171094 0.014871 0.0124133 0.0122524 0.019991 0.0104374 0.00411182 0.0012093 0.000391345 0.000233584
threshold=1.0000000180025095e-35 0.64608805788372303 0.86516195744978364 0.47595447567225796 -0.85649458878803342 -1.107194503700726 1.6038475019141529 -1.2640479947913779 0.52869722640345074 -0.50308237559123692 0.95823478606705337 -0.52889564798408173 0.7223131398807876 0.19847614544474915 -1.2303851890457018 -1.1353031907031734 0.4713015167296678 -0.27086742745529524 0.98000040498008156 0.28363056964762273 -0.30384563342807341 -0.83747405889393811 0.3909015821711177 0.50006629073076847 -0.10463788529306024 -0.30874860567331258 -0.26489013004416756
decision_type=2 2 2 2 2 2 2 2 2 2 2 2 2 2 2 2 2 2 2 2 2 2 2 2 2 2 2
left_child=2 4 5 -4 -2 -1 7 8 9 25 12 -12 14 18 -9 -16 20 -18 -14 -8 21 -6 -15 -13 -22 -7 -11
right_child=1 -3 3 -5 16 6 19 10 -10 26 11 23 13 22 15 -17 17 -19 -20 -21 24 -23 -24 -25 -26 -27 -28
leaf_value=-0.0039248198536312754 0.003418412850496036 -0.013970001394256316 0.012440106230712861 -0.00090523252100814153 0 -0.0029779462257218964 0 0.0018080468915984537 0.000522194207045635 8.6602052285471886e-05 0.0029878813295128679 -0.00050389696440413586 0.0004209982699892997 -0.00016955415580688436 -0.001661122718419031 0.00031859362102202291 0.0017690377680786664 -0.000254010451091819 -0.0012427456109163656 -0.0020797918024443012 -6.6277704090654326e-05 -0.0019330652665546083 -0.0020728608138385778 0.0006290525128879004 0.00037320800882145543 -0.00047186317931617112 -0.00016562503730243921
leaf_weight=10.999999999999998 21 10.999999999999998 15.999999999999998 19 19.999999999999996 12.000000000000002 11.000000000000002 20 17 12.000000000000002 10.999999999999998 13.000000000000002 74 26 10.999999999999998 211 15.000000000000002 12.999999999999998 11.999999999999998 12.999999999999998 11.000000000000002 27.000000000000004 22 10.999999999999998 18 10.999999999999998 12.999999999999998
leaf_count=11 21 11 16 19 20 12 11 20 17 12 11 13 74 26 11 211 15 13 12 13 11 27 22 11 18 11 13
internal_value=-3.65269e-06 -0.00115962 0.000281097 0.00595236 0.000502249 -0.000158369 -1.61732e-05 4.66824e-05 -0.000721043 -0.0012998 0.000193471 0.00126603 5.70413e-05 -0.000422361 0.000354454 0.000148756 -0.000177346 0.000745182 4.70533e-05 -0.00125578 -0.000632047 -0.00112564 -0.00130458 0 2.41315e-05 -0.00236571 0
internal_weight=682 136 546 35 125 511 500 476 65 48 411 35 376 134 242 222 104 28 86 24 76 47 48 24 29 23 25
internal_count=682 136 546 35 125 511 500 476 65 48 411 35 376 134 242 222 104 28 86 24 76 47 48 24 29 23 25
is_linear=0
shrinkage=0.0529975


Tree=279
num_leaves=16
num_cat=0
split_feature=39 16 29 25 3 44 19 39 29 30 1 13 47 45 6
split_gain=0.0859503 0.0866519 0.0368535 0.0422717 0.0452803 0.0311507 0.082652 0.0480495 0.0288425 0.0191222 0.016807 0.0115281 0.00550785 0.00961929 0.00613654
threshold=-1.1840427946005181 2.483592546261761 1.0039302244272565 1.8505823875210379 -0.023121043056089436 1.2189034235488292 -1.0813513871689706 -0.82078362726012033 0.68829317853210092 1.2232764528055513 -1.2781151662940411 -0.74625840930411413 0.25587139353132682 0.39269136943107136 0.6000141287310452
decision_type=2 2 2 2 2 2 2 2 2 2 2 2 2 2 2
left_child=-1 2 3 5 -5 6 -2 -7 9 10 -8 -9 14 -14 -13
right_child=1 -3 -4 4 -6 7 8 11 -10 -11 -12 12 13 -15 -16
leaf_value=-0.0036315339913805204 -0.0037374902229639446 0.0038157204005508879 -0.0021496076377703803 0 0.0038136288065172171 0.0029606356826498729 0.00095082936959284606 0.0012630422742441966 -0.0019422399760824025 0.0016675381939023918 -0.00014902375841036896 -0.00027176147491678513 -0.0015238818387516499 0 0.0009038900522340918
leaf_weight=11.999999999999998 11.999999999999998 10.999999999999998 15.999999999999998 15.000000000000002 10.999999999999998 17 36 12.999999999999998 15.999999999999998 12.999999999999998 451 16.000000000000004 13.000000000000002 15.999999999999998 13.999999999999998
leaf_count=12 12 11 16 15 11 17 36 13 16 13 451 16 13 16 14
internal_value=-8.13535e-06 7.80667e-05 -7.66329e-06 5.42421e-05 0.00193669 -3.17492e-05 -0.000199399 0.000839127 -6.17482e-05 6.92758e-06 -4.29765e-05 5.95598e-05 -0.000190213 -0.000698927 0.000142018
internal_weight=682 670 659 643 26 617 528 89 516 500 487 72 59 29 30
internal_count=682 670 659 643 26 617 528 89 516 500 487 72 59 29 30
is_linear=0
shrinkage=0.0529975


Tree=280
num_leaves=24
num_cat=0
split_feature=26 29 39 29 29 26 31 19 47 39 53 8 30 30 9 6 39 12 12 29 39 8 25
split_gain=0.0825412 0.244977 0.0865157 0.11194 0.0428512 0.0144673 0.0294797 0.0500199 0.0512657 0.0301998 0.0302114 0.0323798 0.0241619 0.0261585 0.0214345 0.0204041 0.0162526 0.0210309 0.0181647 0.0148203 0.0121442 0.00968043 0.00217049
threshold=-2.4089509458886917 1.6259206114699825 -1.0567165156606251 0.86516195744978364 0.88506091518751828 0.77999256740898393 0.070867766400252261 -0.62118883244081624 -0.092301572127821196 1.5780785900640184 1.0000000180025095e-35 0.28557286342867877 -0.97556096233642264 0.99608930189529632 0.0093833319795954082 -2.185805165987118 -0.40719590138638256 -1.4685072003636452 -0.65268116371628804 0.13147790358107489 1.2034698899160323 0.52422876343117963 1.5417556702418926
decision_type=2 2 2 2 2 2 2 2 2 2 2 2 2 2 2 2 2 2 2 2 2 2 2
left_child=-1 2 3 -2 5 6 9 8 -8 12 -11 -12 -4 -14 19 -7 17 -17 -19 -9 22 -16 -18
right_child=1 -3 4 -5 -6 15 7 14 -10 10 11 -13 13 -15 21 16 20 18 -20 -21 -22 -23 -24
leaf_value=0.0036304137063809675 0 -0.0062117071007229997 0.0023597752517735115 0.0053986985990720788 -0.0026419300495190063 -0.0011583119625271042 0 0 -0.0046330437518826853 0.00020033465815095096 0 -0.0036609055839808852 3.0329182620251858e-05 0.0021121066845722412 0.00043284157541398144 0.0029632112410817681 -0.00050209416421954586 -0.00019533769273123047 0.0016180204411635247 -0.0019228773386973366 0.0012433497302266538 -0.00066443585655152633 0
leaf_weight=10.999999999999998 20 11.999999999999998 10.999999999999998 12.999999999999998 11.999999999999998 10.999999999999998 16.000000000000004 18 10.999999999999998 19 11.000000000000002 10.999999999999998 240 12.999999999999998 86 11.999999999999998 37 28.999999999999996 17.000000000000004 23 12.999999999999998 21 14.999999999999998
leaf_count=11 20 12 11 13 12 11 16 18 11 19 11 11 240 13 86 12 37 29 17 23 13 21 15
internal_value=-6.13017e-06 -0.000107691 4.79665e-05 0.00247698 -9.13156e-05 -5.13103e-06 -0.000152733 -0.000696058 -0.00258704 0.000143963 -0.00106186 -0.00221086 0.000376525 0.00021069 -0.000218422 0.000457595 0.000703379 0.00130788 0.000449798 -0.00118134 6.91204e-07 0.000131843 -0.000285974
internal_weight=682 671 659 33 626 614 480 175 27 305 41 22 264 253 148 134 123 58 46 41 65 107 52
internal_count=682 671 659 33 626 614 480 175 27 305 41 22 264 253 148 134 123 58 46 41 65 107 52
is_linear=0
shrinkage=0.0529975


Tree=281
num_leaves=31
num_cat=0
split_feature=3 29 29 46 53 19 39 29 30 45 19 19 37 9 30 30 12 19 29 8 25 15 8 39 53 9 8 29 6 13
split_gain=0.0829053 0.504668 0.359542 1.0762 0.0509581 0.0735254 0.0152829 0.0688762 0.0242459 0.0168506 0.0285556 0.0276616 0.0303098 0.0155949 0.0167559 0.0151699 0.0173334 0.0138495 0.0135207 0.00922731 0.0091368 0.015009 0.012336 0.00816835 0.0100915 0.0074865 0.00337622 0.00143185 0.00128095 0.000789139
threshold=0.69784939052922235 0.61291980503130861 0.90830313251086625 0.47595447567225796 1.0626078316449983 -0.8134540570553449 -0.9002788601712034 0.58353607546613506 0.3394178558886094 0.84565629789109786 0.58748672138748581 0.52840187191567478 -0.78226598530677516 0.21304601824163463 -0.24010109566696164 0.35434376527264305 0.36503071886080979 -0.64259766935448892 -0.35926482381618469 -0.64773942492110204 -0.29119027196421488 0.36427314617117185 0.35247443969716541 -0.83954272362545557 1.0626078316449983 0.32586432752088906 1.5332902844327656 -0.24009572970807494 -0.83000480824637479 0.83990686976513984
decision_type=2 2 2 2 2 2 2 2 2 2 2 2 2 2 2 2 2 2 2 2 2 2 2 2 2 2 2 2 2 2
left_child=2 4 6 -4 5 -2 8 9 13 10 15 12 -11 14 -1 23 17 -17 -18 28 21 -7 27 -8 -25 -21 -23 -22 -14 -15
right_child=1 -3 3 -5 -6 20 7 -9 -10 11 -12 -13 19 29 -16 16 18 -19 -20 25 22 26 -24 24 -26 -27 -28 -29 -30 -31
leaf_value=0.0019041277212027848 -0.0032704666010503355 -0.009741506999630941 0.014714423716037928 -0.0026650513132406989 0.0022535806073665774 0.0018976901777783724 -0.00075512540167086231 -0.0030360439253068099 0.0019892110541114764 0.0016720109531568877 -0.0020372099213397631 0.002273878283305913 0 0 -3.7284410735640165e-05 0.0012549926687794415 0 -0.00043880754674026107 -0.0022099156140287092 -0.001037333912738589 0.00065604261240958302 -0.00051970458549233697 -0.0012429633483910386 0.00051276059533304677 -0.00035471333880988655 0 0.00049007038558153827 0 0.00067950654160751662 -0.0012096275794986936
leaf_weight=11.999999999999998 14.999999999999998 10.999999999999998 12.000000000000002 18 18 12.999999999999998 14.999999999999998 17 18 21 18 13.999999999999998 11.000000000000002 11.000000000000002 20 10.999999999999998 13.999999999999998 57 20 43 11 14.000000000000002 15.999999999999998 142 36 28 10.999999999999998 11 10.999999999999998 12.999999999999998
leaf_count=12 15 11 12 18 18 13 15 17 18 21 18 14 11 11 20 11 14 57 20 43 11 14 16 142 36 28 11 11 11 13
internal_value=-6.00927e-06 -0.0012455 0.000256708 0.00538583 1.44168e-05 -0.000468423 -7.63513e-05 -0.000203469 0.000579372 -3.9388e-05 -0.000262355 0.000441052 5.53793e-05 0 0.000692527 -9.24261e-05 -0.000610857 0 -0.00149157 -0.000318277 0.000198156 0.000772484 -0.000244424 0.000156615 0.000293513 -0.000641599 0 0.000342984 0.000389617 -0.000923437
internal_weight=682 120 562 30 109 91 532 458 74 441 313 128 114 56 32 295 102 68 34 93 76 38 38 193 178 71 25 22 22 24
internal_count=682 120 562 30 109 91 532 458 74 441 313 128 114 56 32 295 102 68 34 93 76 38 38 193 178 71 25 22 22 24
is_linear=0
shrinkage=0.0529975


Tree=282
num_leaves=27
num_cat=0
split_feature=1 25 13 9 19 39 34 19 6 2 25 52 45 44 9 44 45 30 31 31 30 5 52 37 3 1
split_gain=0.0817348 1.17159 0.35496 0.224034 0.154641 0.112162 0.0558546 0.0305844 0.072189 0.140987 0.0211714 0.0209029 0.022979 0.0246483 0.0206168 0.0269441 0.0230875 0.0151196 0.0213196 0.0339227 0.0206014 0.0182635 0.0108429 0.00790425 0.00610967 0.00111715
threshold=-1.0215334090141972 -0.53905528036623618 1.8940040488934418 -0.55312772457610671 0.84812112690812347 -0.82078362726012033 -0.92312713000852431 -0.49068578805936591 0.13285972741939142 0.81758534020114904 -1.2052122046809874 1.0000000180025095e-35 0.73241506577609128 0.7223131398807876 1.3934866756406441 0.7223131398807876 1.2986212263511245 0.5474207137798518 0.97000711212708468 0.85245812221334372 0.63776063550318518 1.0583119074532232 1.0000000180025095e-35 -0.6602524077273918 0.40160906385802991 -0.16840606119931664
decision_type=2 2 2 2 2 2 2 2 2 2 2 2 2 2 2 2 2 2 2 2 2 2 2 2 2 2
left_child=1 2 3 -1 6 -5 -2 8 9 -8 -7 12 13 24 16 -16 17 18 19 -9 -19 -20 -12 -18 -10 -25
right_child=4 -3 -4 5 -6 10 7 14 11 -11 22 -13 -14 -15 15 -17 23 20 21 -21 -22 -23 -24 25 -26 -27
leaf_value=-0.0048910006845962906 0.0024693744704914642 -0.014165068204276746 0.0078876603191985369 0.0045156779051290733 0.0050731951854202347 -0.0014467898724876784 -0.0057567673839488773 0.00027643267204745025 -0.00064730529931096461 0.0008816369108352914 0.0013216757632591599 0.0013513619661841417 0.0010518200379093514 -0.0023661725490907574 0.002298946520189435 -0.00012713916588189447 -0.0017177698543729475 -0.0021935590689126914 0 0.0025205754759836064 0.00016901098860821472 -0.0019448724893960021 -0.00018848151627689884 -0.00043640630395633788 0.00058174852573566896 0
leaf_weight=18 20 10.999999999999998 10.999999999999998 12.999999999999998 11.999999999999998 17.999999999999993 14.000000000000002 279 18 10.999999999999998 17.000000000000007 18 11.999999999999998 17 21 13.999999999999998 19 11.000000000000002 23 15.999999999999998 12.999999999999998 13.999999999999998 14.000000000000002 13.999999999999998 14.999999999999998 19
leaf_count=18 20 11 11 13 12 18 14 279 18 11 17 18 12 17 21 14 19 11 23 16 13 14 14 14 15 19
internal_value=-6.01657e-06 -0.00135533 0.00090106 -0.000461388 0.000230798 0.00103982 6.43961e-05 -3.65473e-05 -0.000833682 -0.00300504 -0.000147154 0 -0.00046794 -0.00103099 0.000145444 0.00128149 1.39687e-05 0.000187306 0.000301412 0.000469144 -0.00090302 -0.000752386 0.000530867 -0.000948961 0 -0.00013113
internal_weight=682 102 91 80 580 62 568 548 105 25 49 80 62 50 443 35 408 356 332 295 24 37 31 52 33 33
internal_count=682 102 91 80 580 62 568 548 105 25 49 80 62 50 443 35 408 356 332 295 24 37 31 52 33 33
is_linear=0
shrinkage=0.0529975


Tree=283
num_leaves=21
num_cat=0
split_feature=29 29 3 29 45 7 31 30 7 15 19 19 30 7 39 14 39 29 7 44
split_gain=0.0822488 0.074635 0.133865 0.0287018 0.081404 0.0549196 0.0327629 0.0274284 0.0215134 0.0205671 0.0168759 0.0154602 0.0131878 0.0126 0.0160169 0.0138278 0.00922021 0.00287957 0.00285824 0.00133933
threshold=1.9619634837178215 0.90830313251086625 -0.31222304860267452 -0.69154920279145393 -0.39999725537397507 -2.0381597474118105 -1.145145664204468 1.120825799461141 -0.25919940656948109 0.14759696081506829 0.72545351707786432 -0.62118883244081624 -0.39052448432170334 -0.21192386697240859 -0.61067574593307838 1.0000000180025095e-35 1.8785166525286436 -0.19304502215890443 -1.3420853209134129 1.0000000180025095e-35
decision_type=2 2 2 2 2 2 2 2 2 2 2 2 2 2 2 2 2 2 2 2
left_child=1 3 -3 4 -1 -5 9 10 11 18 13 -6 -11 15 -15 -8 19 -14 -7 -10
right_child=-2 2 -4 5 8 6 7 -9 16 12 -12 -13 17 14 -16 -17 -18 -19 -20 -21
leaf_value=0.0040301019982504844 -0.0035512475826453005 -0.0010158341542963821 0.0054850789460394126 -0.0029866097799238008 0 -0.00061015135890629842 -0.00081104270253341598 -0.0019918677139672729 -0.00020661313523720384 0.0029669312707267343 -0.0015268678321951974 -0.0019149296723692554 0.00083895674305576803 0.00056653092736920312 -0.00015406399111503105 0.00026919736789882348 0.001712108046594079 0 0.00027955247514721663 0.00039413008343104335
leaf_weight=11.999999999999998 11.999999999999998 11.000000000000002 12.999999999999998 12.999999999999998 13.000000000000002 12.000000000000002 95 18 13.000000000000002 11.999999999999998 17 14.999999999999998 13.999999999999998 136 195 34 11.999999999999998 11.000000000000002 10.999999999999998 12.999999999999998
leaf_count=12 12 11 13 13 13 12 95 18 13 12 17 15 14 136 195 34 12 11 11 13
internal_value=-6.37177e-06 7.77242e-05 0.00266521 -3.13202e-05 0.000870503 -0.000175131 -6.56064e-05 -0.000222679 0 0.0010269 -0.000117556 -0.000993699 0.00172109 -3.15062e-05 0.000126097 -0.000475278 0.00078129 0.000439471 0 0
internal_weight=682 670 24 646 78 568 555 495 66 60 477 28 37 460 331 129 38 25 23 26
internal_count=682 670 24 646 78 568 555 495 66 60 477 28 37 460 331 129 38 25 23 26
is_linear=0
shrinkage=0.0529975


Tree=284
num_leaves=11
num_cat=0
split_feature=7 33 19 29 30 3 30 8 29 31
split_gain=0.0812063 0.260604 0.262376 0.35725 0.0475818 0.0198391 0.0301508 0.0146577 0.0305926 0.0163281
threshold=-2.3273358155400112 -1.3314177049884985 1.0723426282595778 1.0555066932308372 -0.97556096233642264 -2.2806150987130667 1.2754480605365839 -1.0585182509927076 0.69655909085426648 1.0393664827461877
decision_type=2 2 2 2 2 2 2 2 2 2
left_child=-1 -2 3 4 -3 -6 7 9 -9 -7
right_child=1 2 -4 -5 5 6 -8 8 -10 -11
leaf_value=0.0033123252736670093 -0.0065959517343059581 0.0024989749551064034 0.0063627369739142747 -0.007488872901910709 0.0017751690855799466 0 -0.0018274790669408521 7.2554409566238439e-06 0.0020409088066570972 -0.0020168235677680132
leaf_weight=13.999999999999998 10.999999999999998 15.999999999999998 11.999999999999998 11.999999999999998 10.999999999999998 36 20 520 15.999999999999998 13.999999999999998
leaf_count=14 11 16 12 12 11 36 20 520 16 14
internal_value=-4.96302e-06 -0.000113701 4.29701e-05 -0.000121403 7.63e-05 0 -5.94522e-05 6.99109e-06 0.000102756 -0.000795949
internal_weight=682 668 657 645 633 617 606 586 536 50
internal_count=682 668 657 645 633 617 606 586 536 50
is_linear=0
shrinkage=0.0529975


Tree=285
num_leaves=30
num_cat=0
split_feature=52 29 29 46 19 28 45 37 44 12 44 13 37 30 12 44 30 45 1 31 16 13 3 35 19 10 45 29 6
split_gain=0.0795922 1.02291 0.461018 0.604446 0.0878456 0.0732613 0.0308095 0.0213636 0.0171207 0.0152829 0.01724 0.0179002 0.0218305 0.017729 0.0259703 0.0182868 0.020526 0.0186444 0.0317823 0.0128558 0.010806 0.00981579 0.00860763 0.00624098 0.00830207 0.00367343 0.000695951 0.000305112 0.000100267
threshold=1.0000000180025095e-35 0.64608805788372303 0.86516195744978364 0.47595447567225796 -0.64259766935448892 -1.107194503700726 0.505932601546078 1.4822232934970201 -0.27086742745529524 1.6038475019141529 -1.2640479947913779 0.52869722640345074 -0.50308237559123692 0.95823478606705337 -0.52889564798408173 0.7223131398807876 0.19847614544474915 -0.060273559028955231 0.55815587599079153 0.98000040498008156 0.28363056964762273 0.69936057921469963 0.39090158217111926 -0.73157231585847182 -0.25106076459642362 0.50006629073076847 -0.96620341594900816 -0.26489013004416756 -0.44688987853273437
decision_type=2 2 2 2 2 2 2 2 2 2 2 2 2 2 2 2 2 2 2 2 2 2 2 2 2 2 2 2 2
left_child=2 4 5 -4 -2 -1 7 23 -8 10 11 12 -7 15 -15 17 19 18 -12 -17 -11 -19 -18 -6 -25 -16 -26 -14 -10
right_child=1 -3 3 -5 6 9 8 -9 28 20 13 -13 27 14 25 16 22 21 -20 -21 -22 -23 -24 24 26 -27 -28 -29 -30
leaf_value=-0.0035697493336519438 0.0040098610225326467 -0.013349242487669119 0.011699835306274282 -0.00069141356940207268 0.00045686239972658727 -0.0022169150431748984 0.002039048916988551 -0.0023379363076817994 -9.6117977024618939e-05 0 0.0013951371470648135 0.00041292031145791637 9.4722036090944109e-05 0.0028309342609316532 -0.00042283981036676598 0.00037362927614974109 -0.00016070842661880923 0.00012903843230024028 -0.00033905725881872988 -0.0011779875669504223 -0.0019531630265159456 -0.00093188019974165307 -0.0019332793572437628 -0.0013151651896001716 -0.00018824294536825281 0.00063813640349902822 0.00024251201201583967 -0.00019134431777295446 8.3207678188347824e-05
leaf_weight=10.999999999999998 10.999999999999998 10.999999999999998 15.999999999999998 19 18.999999999999993 23 17 11.999999999999998 11.000000000000002 11.000000000000002 79 17 12.000000000000002 10.999999999999998 13.000000000000002 74 26 105 34 11.999999999999998 12.999999999999998 24 22 14.999999999999991 10.999999999999995 10.999999999999998 17.000000000000021 12.999999999999998 11.999999999999998
leaf_count=11 11 11 16 19 19 23 17 12 11 11 79 17 12 11 13 74 26 105 34 12 13 24 22 15 11 11 17 13 12
internal_value=-4.30489e-06 -0.00113304 0.000273446 0.00568554 0.000450524 -0.00014538 -1.79305e-05 -0.000698667 0.00101648 -1.48291e-05 4.36844e-05 -0.000700492 -0.00122624 0.000186507 0.00124229 5.1987e-05 -0.000411169 0.00034035 0.000823856 1.85312e-05 -0.00118494 -4.9228e-05 -0.00122696 -0.000100472 -0.000515064 0 0 0 0
internal_weight=682 136 546 35 125 511 114 74 40 500 476 65 48 411 35 376 134 242 113 86 24 129 48 62 43 24 28 25 23
internal_count=682 136 546 35 125 511 114 74 40 500 476 65 48 411 35 376 134 242 113 86 24 129 48 62 43 24 28 25 23
is_linear=0
shrinkage=0.0529975


Tree=286
num_leaves=37
num_cat=0
split_feature=3 30 19 39 52 0 19 1 39 30 3 45 45 39 39 30 3 19 39 46 47 9 33 6 9 39 37 1 39 30 44 39 45 7 5 14
split_gain=0.078759 0.465449 0.223985 0.952929 0.0443719 0.0700234 0.0661592 0.0201399 0.0691305 0.0356518 0.0522323 0.0792275 0.0582862 0.0386694 0.0268773 0.0376199 0.0380816 0.0271296 0.019196 0.0213979 0.0148325 0.0113635 0.0108251 0.014583 0.010397 0.00883116 0.00996984 0.00665129 0.00531874 0.01161 0.00378509 0.00339005 0.0030732 0.00220437 0.00167598 1.62972e-05
threshold=0.69784939052922235 -0.65921609552741589 0.86932162594016515 -0.29321393586072292 1.0000000180025095e-35 -0.68108654142594893 -0.73439517079375893 -0.59482983229471753 -1.005877976576115 0.5474207137798518 1.0000000180025095e-35 0.84565629789109786 -0.62647971960398829 -1.0867056457924016 -0.77128143325664833 0.067373054113536654 0.14641408365332778 0.29235489073587734 -0.48469126969849824 1.0000000180025095e-35 0.32550598666315644 0.20815734912497191 -1.0401334281691896 1.0215876099118384 -0.41832894907348739 1.7907247779450775 -0.76158571792043761 1.6007116313067136 -0.60879633949723255 0.14988885229296281 1.0000000180025095e-35 0.44436978222931939 0.505932601546078 0.53688927573684286 0.082181192403073422 -0.78608595503722667
decision_type=2 2 2 2 2 2 2 2 2 2 2 2 2 2 2 2 2 2 2 2 2 2 2 2 2 2 2 2 2 2 2 2 2 2 2 2
left_child=2 -2 7 -4 5 6 -3 8 -1 13 11 12 -11 -9 15 17 21 24 19 -7 33 -17 23 -10 -15 26 32 28 29 -16 -30 -20 -24 -12 35 -28
right_child=1 4 3 -5 -6 18 -8 9 22 10 20 -13 -14 14 27 16 -18 -19 31 -21 -22 -23 25 -25 -26 -27 34 -29 30 -31 -32 -33 -34 -35 -36 -37
leaf_value=0.0037267447605604828 -0.0093746279393520128 -0.0047622476602746681 0.012754169212701748 -0.0049297771714958468 0.0020883199415774501 0.0026106561534876243 0 -0.002293676118082288 -0.0015598705234824135 -0.00025504587867920597 -0.00083022986154841305 0.00067211956013200295 -0.0051456237755395746 0 0 0.0042728422731407043 0 0.001552939333138006 -0.00066143374881190214 0 0.001230352643253518 0.00057258199175684913 0 0.00025009743162592653 -0.0014801984730005555 0.0015161716233957252 4.7844985728039298e-05 0.0006911258305228418 0.00015250423471481727 -0.0018018310441318035 -0.00031478856633380449 8.6861293811283456e-05 0.0014176917861189113 0 -0.00049480804288105321 0
leaf_weight=10.999999999999998 10.999999999999998 11.000000000000002 12.000000000000002 10.999999999999998 18 13.000000000000002 19 11.999999999999998 17.000000000000004 14.999999999999998 14.000000000000002 12.999999999999998 18 15.999999999999998 15.000000000000002 12.000000000000002 12.999999999999998 14.999999999999998 19 14.999999999999998 17 10.999999999999998 12.000000000000002 12.999999999999998 19 10.999999999999998 13.999999999999995 19 89 10.999999999999998 81 13.999999999999998 10.999999999999998 10.999999999999998 25 24.000000000000004
leaf_count=11 11 11 12 11 18 13 19 12 17 15 14 13 18 16 15 12 13 15 19 15 17 11 12 13 19 11 14 19 89 11 81 14 11 11 25 24
internal_value=-8.02091e-06 -0.00121626 0.000247785 0.00478528 0 -0.000453843 -0.00235501 0 0.000542248 -0.000186972 -0.00109696 -0.00223215 -0.00348279 6.27856e-05 0.000222449 0.000986854 0.00215625 0 0.000503996 0.00142846 0.000124365 0.00322841 5.83161e-05 -0.000670506 -0.00078967 0.000377453 6.65479e-05 -7.01886e-05 -0.000196893 -0.000839895 -3.35999e-05 -0.000200324 0.000938296 -0.000494894 -0.000204364 0
internal_weight=682 120 562 23 109 91 30 539 138 401 88 46 33 313 301 86 36 50 61 28 42 23 127 30 35 97 86 215 196 26 170 33 23 25 63 38
internal_count=682 120 562 23 109 91 30 539 138 401 88 46 33 313 301 86 36 50 61 28 42 23 127 30 35 97 86 215 196 26 170 33 23 25 63 38
is_linear=0
shrinkage=0.0529975


Tree=287
num_leaves=20
num_cat=0
split_feature=29 29 13 9 6 19 29 19 28 29 29 2 1 13 14 29 30 14 14
split_gain=0.0868152 0.0659639 0.031696 0.0710852 0.0652307 0.0510083 0.0283458 0.127887 0.117679 0.0203237 0.0166536 0.0200389 0.0148394 0.0294196 0.0160544 0.00971039 0.00933422 0.00778519 0.00524007
threshold=1.9619634837178215 1.10045454059635 1.070804347098006 0.25378021797821126 0.81131795453495192 0.84812112690812347 -0.56712000422873976 -0.97371853943483189 -0.73336927873141533 0.80607140098567553 0.60288618035152008 1.3769966426475764 -0.057509765522931737 -0.7562974300577171 -0.84940162022654975 0.51841408575409187 -0.3654193333031332 -0.76075968896149726 -1.1934167344218727
decision_type=2 2 2 2 2 2 2 2 2 2 2 2 2 2 2 2 2 2 2
left_child=1 2 5 4 16 6 7 -1 -8 10 15 -12 14 -14 18 -10 -4 -16 -9
right_child=-2 -3 3 -5 -6 -7 8 12 9 -11 11 -13 13 -15 17 -17 -18 -19 -20
leaf_value=0.0049509667249023935 -0.0036475264172424657 0.0032467431902260279 0.0051259559740257435 -0.0010563066958621189 -0.00015802545351326381 -0.0029846723327960996 -0.0037581399803027354 0 1.9711468713826806e-05 -0.0018187309425973801 0.0024707260412950805 0 -0.00031598957692205155 0.0021969074031419687 -0.0017676303783347416 -0.001114259598365438 0.0009649053254866338 -4.502071783103896e-05 0.0010591675334814183
leaf_weight=10.999999999999998 11.999999999999998 11.999999999999998 10.999999999999998 18 11.999999999999998 10.999999999999998 19 14.000000000000002 412 10.999999999999998 11.000000000000002 10.999999999999998 20 15.999999999999998 18.999999999999996 15.999999999999998 11.000000000000002 24.000000000000004 10.999999999999998
leaf_count=11 12 12 11 18 12 11 19 14 412 11 11 11 20 16 19 16 11 24 11
internal_value=-5.70859e-06 8.09623e-05 0 0.00117846 0.0025172 -0.000117723 -2.38484e-05 0.000688858 -0.000215365 -8.01324e-06 4.42659e-05 0.00130215 0 0.000788754 -0.000458456 -2.13959e-05 0.0039472 -0.00107191 0.000374585
internal_weight=682 670 658 52 34 606 595 115 480 461 450 22 104 36 68 428 22 43 25
internal_count=682 670 658 52 34 606 595 115 480 461 450 22 104 36 68 428 22 43 25
is_linear=0
shrinkage=0.0529975


Tree=288
num_leaves=15
num_cat=0
split_feature=5 8 27 13 29 9 30 30 39 39 30 28 27 0
split_gain=0.0851057 0.306578 0.505249 0.297328 0.0820557 0.0248658 0.0555718 0.0247543 0.0384952 0.00996209 0.011151 0.0101793 0.00602536 0.00306528
threshold=-2.226046647382725 1.7394377131769621 1.1335994122992397 1.7584772687198031 0.90830313251086625 1.4436013126245439 0.85781219666092012 1.100154062415069 -0.40719590138638256 -0.90172138751055098 0.015056290375564907 -0.59219080463487817 0.10022906527122051 -0.33247785360330706
decision_type=2 2 2 2 2 2 2 2 2 2 2 2 2 2
left_child=-1 2 3 4 5 7 12 9 -9 10 -2 -11 13 -7
right_child=1 -3 -4 -5 -6 6 -8 8 -10 11 -12 -13 -14 -15
leaf_value=0.0033063747197405592 -8.2238113617256023e-06 -0.0060061539286051938 0.0091123039460261485 -0.0070599156169217801 0.003082373727032238 0 -0.0036707724865092991 0.0030320055500363068 -0.00031641368574538797 -0.00085088788760782018 0.0010831507617806335 -4.8870438646945852e-05 -0.00077969782182625222 0.00091904564426271908
leaf_weight=14.999999999999998 39 18 10.999999999999998 10.999999999999998 18 11.999999999999998 10.999999999999998 13.000000000000002 10.999999999999998 48 36 416 10.999999999999998 12.000000000000002
leaf_count=15 39 18 11 11 18 12 11 13 11 48 36 416 11 12
internal_value=-5.30693e-06 -0.000118957 8.71511e-05 -0.000141007 3.5072e-05 -7.28147e-05 -0.00118434 1.72509e-05 0.001508 -5.21734e-05 0.000470808 -0.000156496 0 0.000468751
internal_weight=682 667 649 638 627 609 46 563 24 539 75 464 35 24
internal_count=682 667 649 638 627 609 46 563 24 539 75 464 35 24
is_linear=0
shrinkage=0.0529975


Tree=289
num_leaves=20
num_cat=0
split_feature=19 25 19 47 13 29 44 19 39 30 5 12 13 36 47 45 10 12 8
split_gain=0.0851912 0.613167 0.0611573 0.0876469 0.120667 0.0310688 0.0278143 0.0706836 0.0406697 0.0182983 0.0194994 0.0144581 0.0135686 0.0129415 0.00466725 0.00461721 0.00453321 0.00211795 0.000908245
threshold=0.98085823280515616 -0.49819738261807389 0.51248132294284898 0.67367895232230446 0.63912645469308249 0.88506091518751828 1.2189034235488292 -1.0813513871689706 -0.82078362726012033 1.2232764528055513 -1.3515508589206233 1.5535127395682953 -0.59567309800007096 1.0476567213468264 0.25587139353132682 0.39269136943107136 -0.17431934504819654 0.5946182699608481 1.7394377131769621
decision_type=2 2 2 2 2 2 2 2 2 2 2 2 2 2 2 2 2 2 2
left_child=2 -2 5 4 -4 6 7 -1 -8 10 18 13 16 -12 17 -16 -10 -14 -9
right_child=1 -3 3 -5 -6 -7 8 9 12 -11 11 -13 14 -15 15 -17 -18 -19 -20
leaf_value=-0.0033741190054261305 0.0044188111584834338 -0.0094352668102540838 0 -0.00045674186845084052 0.0066812123230645159 -0.0020392722706667286 0.0029646058235147615 0.00013367325332797527 0 0.0016204057366560399 3.5415056585359329e-05 -0.0013307683013828806 -6.6147234802338802e-05 -0.00074368804412650849 -0.0012698737737644034 0 0.001711389623429823 0.00059141908086283058 0.0014046727105082623
leaf_weight=11.999999999999998 12.000000000000002 11.999999999999998 16.000000000000004 21 10.999999999999998 14.999999999999998 14.999999999999998 19 11.000000000000002 12.999999999999998 362 23 15.000000000000002 63 12.000000000000002 10.999999999999998 10.999999999999998 10.999999999999998 17
leaf_count=12 12 12 16 21 11 15 15 19 11 13 362 23 15 63 12 11 11 11 17
internal_value=-4.92584e-06 -0.00277678 0.00010982 0.00182189 0.00356676 -2.99852e-05 2.88886e-05 -0.000111057 0.000886343 0 -5.562e-05 -0.000169311 0.000159873 -7.26097e-05 -0.000234765 -0.000744036 0.00115034 5.24588e-05 0.00101505
internal_weight=682 24 658 48 27 610 595 509 86 497 484 448 71 425 49 23 22 26 36
internal_count=682 24 658 48 27 610 595 509 86 497 484 448 71 425 49 23 22 26 36
is_linear=0
shrinkage=0.0529975


Tree=290
num_leaves=27
num_cat=0
split_feature=39 16 6 30 19 44 19 48 23 6 10 39 13 18 12 30 10 37 6 39 10 30 45 26 31 8
split_gain=0.0812125 0.072284 0.032096 0.105618 0.0934759 0.0362124 0.0655096 0.0291477 0.0280162 0.0272417 0.0246451 0.0453714 0.0227937 0.0272231 0.0199717 0.0172212 0.0160258 0.0261783 0.015565 0.00799641 0.00684123 0.0051302 0.00276216 0.00165037 0.0013282 0.000356724
threshold=-1.1840427946005181 2.483592546261761 -0.63828516933231472 -0.55922880587997159 0.84812112690812347 1.2189034235488292 -1.0115814289029357 1.0000000180025095e-35 -0.32293053028958624 0.32899395277379145 -0.45296540329222434 -0.77128143325664833 -0.063604998059118803 0.18872502611527414 -0.98615590337404135 0.7389585405493303 -1.2113440741508839 -0.6602524077273918 -1.8944222616305835 -0.55314967645947444 -1.0832818953255707 0.30087394435312981 -0.060273559028955231 0.47584844498723355 0.15175702598708321 -0.58800963456610789
decision_type=2 2 2 2 2 2 2 2 2 2 2 2 2 2 2 2 2 2 2 2 2 2 2 2 2 2
left_child=-1 2 3 -2 5 6 -4 9 14 -7 11 -8 15 -14 19 -12 17 18 -10 -5 -18 -11 -22 -24 -13 -19
right_child=1 -3 4 8 -6 7 10 -9 16 21 12 24 13 -15 -16 -17 20 25 -20 -21 22 -23 23 -25 -26 -27
leaf_value=-0.0035255035218704975 0.0040541843433048444 0.0034936829893976815 -0.0035111111943672965 -0.0026065861400575807 -0.0039797426911087471 0.0029220588504988527 -0.0032603441530410279 -0.00052801010214830054 0 -0.0001471566507062105 -0.00082275640027285133 -0.00031209542575408972 0.0011781351640337474 -8.4762953083485752e-06 5.6003032450411037e-05 0.00036551287483674869 -0.00096997178859224513 1.4426421338868147e-05 0.0028126955401914493 -4.6371231366837832e-05 0.00074704815253828728 0.00082122630979411548 -0.00042762738553450046 0.00024102692897623557 0.00027257339283602854 -0.00024226693309517409
leaf_weight=11.999999999999998 15.999999999999998 10.999999999999998 10.999999999999998 12.000000000000002 11.999999999999998 20 12.999999999999998 17 10.999999999999998 13.999999999999998 105 13.999999999999998 72 142 19 36 11.999999999999998 15.000000000000002 19.000000000000004 11.999999999999998 11.999999999999998 19 13.000000000000002 13.999999999999998 18 10.999999999999998
leaf_count=12 16 11 11 12 12 20 13 17 11 14 105 14 72 142 19 36 12 15 19 12 12 19 13 14 18 11
internal_value=-2.54092e-06 8.09377e-05 0 0.000617258 -0.000222111 -6.61748e-05 -0.000272503 0.000979272 6.41297e-05 0.00158566 -0.000115695 -0.00120861 2.12701e-05 0.000380239 -0.000945862 -0.000469318 0.000560482 0.00113955 0.00206862 -0.0018245 -5.80532e-06 0.000271831 0.000225362 0 0 0
internal_weight=682 670 659 166 493 481 411 70 150 53 400 45 355 214 43 141 107 56 30 24 51 33 39 27 32 26
internal_count=682 670 659 166 493 481 411 70 150 53 400 45 355 214 43 141 107 56 30 24 51 33 39 27 32 26
is_linear=0
shrinkage=0.0529975


Tree=291
num_leaves=20
num_cat=0
split_feature=29 29 13 9 6 19 29 19 28 29 29 2 28 13 7 29 29 9 30
split_gain=0.083439 0.060161 0.0319569 0.0653059 0.0631672 0.0451517 0.0276328 0.117918 0.10306 0.0187413 0.0142415 0.0173173 0.0134847 0.0109786 0.0149904 0.0088503 0.00840001 0.00654799 0.005563
threshold=1.9619634837178215 1.10045454059635 1.070804347098006 0.25378021797821126 0.81131795453495192 0.84812112690812347 -0.56712000422873976 -0.97371853943483189 -0.73336927873141533 0.80607140098567553 0.60288618035152008 1.3769966426475764 -0.17592557091568831 -0.063604998059118803 -0.25919940656948109 0.51841408575409187 -0.67708258728040682 0.16824664067492029 -0.3654193333031332
decision_type=2 2 2 2 2 2 2 2 2 2 2 2 2 2 2 2 2 2 2
left_child=1 2 5 4 18 6 7 -1 -8 10 15 -12 13 14 -9 -10 -14 -15 -4
right_child=-2 -3 3 -5 -6 -7 8 12 9 -11 11 -13 16 17 -16 -17 -18 -19 -20
leaf_value=0.0047703443176190831 -0.0035748242514102714 0.0031037468354289141 0.0049633005878341003 -0.00095194380143232016 -0.00015752182564624664 -0.0028128952283381025 -0.0035314060016815928 -0.0017258527022180259 8.9980113647648312e-06 -0.0017559788802782945 0.0022841276805133995 0 0.0017621029572448261 0.001027242397712843 0 -0.0010703833280307638 0 -0.00015602987315530109 0.0010084087055112908
leaf_weight=10.999999999999998 11.999999999999998 11.999999999999998 10.999999999999998 18 11.999999999999998 10.999999999999998 19 20 412 10.999999999999998 11.000000000000002 10.999999999999998 11.000000000000002 15.000000000000002 35 15.999999999999998 10.999999999999998 11.999999999999998 11.000000000000002
leaf_count=11 12 12 11 18 12 11 19 20 412 11 11 11 11 15 35 16 11 12 11
internal_value=-4.19906e-06 8.05632e-05 0 0.00118688 0.00246679 -0.000114757 -2.56857e-05 0.000677713 -0.000214863 -1.96263e-05 3.00337e-05 0.00119582 0 -0.000314333 -0.000761039 -2.94906e-05 0.00102093 0.00035688 0.00387486
internal_weight=682 670 658 52 34 606 595 115 480 461 450 22 104 82 55 428 22 27 22
internal_count=682 670 658 52 34 606 595 115 480 461 450 22 104 82 55 428 22 27 22
is_linear=0
shrinkage=0.0529975


Tree=292
num_leaves=29
num_cat=0
split_feature=26 19 19 44 3 53 45 39 9 3 9 2 8 39 8 9 9 37 31 14 1 37 1 0 44 30 26 37
split_gain=0.0828594 0.233608 0.0568213 0.0211983 0.0332368 0.0287233 0.0301781 0.048864 0.0413735 0.0295809 0.0244986 0.0234134 0.0200652 0.0199729 0.0187108 0.0230503 0.0185337 0.0339583 0.0321208 0.0297406 0.0177752 0.0165527 0.00998234 0.0111611 0.00890712 0.00829768 0.00607608 0.000646644
threshold=-2.4089509458886917 0.98085823280515616 0.76820330720288033 0.7223131398807876 1.1315023988491004 1.0000000180025095e-35 0.61917383366108469 -0.66602670239464246 -0.17318235415012809 -0.085581352896401008 1.4436013126245439 -0.57631356961614955 -0.19932444938805507 -0.59789242406345444 -1.0585182509927076 0.12952605038144796 0.63650063585374606 -0.80708230617037946 0.57534675510667144 -0.15081878097101714 1.4091380473544046 -0.58580344513658222 -0.34832107748169372 1.5233907938454074 -0.27086742745529524 0.14988885229296281 -0.4321362464397453 0.34067253377127077
decision_type=2 2 2 2 2 2 2 2 2 2 2 2 2 2 2 2 2 2 2 2 2 2 2 2 2 2 2 2
left_child=-1 2 3 5 14 6 7 8 -2 -8 16 -10 25 -11 15 -5 18 -18 19 -7 22 -20 26 -24 -14 -9 -16 -19
right_child=1 -3 -4 4 -6 10 9 12 11 13 -12 -13 24 -15 20 -17 17 27 21 -21 -22 -23 23 -25 -26 -27 -28 -29
leaf_value=0.0036407282677440099 0 -0.0049404181227567729 0.0030212362317542851 0 -0.0024260476124998384 -0.00057258500635190698 0.001171754088344567 0 0.00038667809186517291 -0.0021292931833650098 -0.0020751205878362005 0.0040484139217650218 0 0 0.00091789294835369778 -0.0026805908813543394 0.0024970619300354125 -0.00028143568999217534 -0.0028576590604804312 0.00074214022735438344 0.0015811626511332969 0 -0.00079672155725916559 0.00055544089407301802 0.0016502797288435443 -0.001398727692423953 0 0
leaf_weight=10.999999999999998 13.999999999999998 21 11.999999999999998 12.000000000000002 15.999999999999998 96 18 16.000000000000004 12.999999999999998 18 10.999999999999998 24 25 19 22 10.999999999999998 15.999999999999998 17 12.000000000000002 85 12.999999999999998 12.999999999999998 73 10.999999999999998 18 14.999999999999998 35 14.999999999999998
leaf_count=11 14 21 12 12 16 96 18 16 13 18 11 24 25 19 22 11 16 17 12 85 13 13 73 11 18 15 35 15
internal_value=-3.13903e-06 -0.00010491 8.43988e-05 0 -0.000454098 0.000202569 0.000713937 0.00116242 0.00234155 -0.000204904 -0.000127113 0.00315766 0.000147863 -0.00110709 -0.000164019 -0.0014068 0 0.000879634 -0.000220168 1.14752e-05 2.37045e-05 -0.00180038 -0.000131018 -0.000516832 0.000907313 -0.000693092 0.000321752 -1.17028e-05
internal_weight=682 671 650 638 193 445 180 125 51 55 265 37 74 37 177 23 254 48 206 181 154 25 141 84 43 31 57 32
internal_count=682 671 650 638 193 445 180 125 51 55 265 37 74 37 177 23 254 48 206 181 154 25 141 84 43 31 57 32
is_linear=0
shrinkage=0.0529975


Tree=293
num_leaves=24
num_cat=0
split_feature=26 29 39 19 31 13 30 13 29 29 39 30 53 8 31 37 31 7 25 19 39 45 12
split_gain=0.077194 0.232906 0.0722456 0.11864 0.0219624 0.0557008 0.055956 0.064286 0.0556734 0.0312259 0.026903 0.0276963 0.0247761 0.0261096 0.0234952 0.024363 0.0149385 0.0131464 0.0177545 0.0113942 0.0109701 0.00910812 0.00095755
threshold=-2.4089509458886917 1.6259206114699825 -1.095590616565685 0.10304913531016749 0.070867766400252261 0.72947764147550831 1.120825799461141 -0.95707784512977445 0.58353607546613506 0.60288618035152008 1.5780785900640184 -0.97556096233642264 1.0000000180025095e-35 0.28557286342867877 -0.23415373655120816 -0.6602524077273918 -0.084005253285095602 -0.50822345226649568 -0.13511650400726147 -0.69894649288888322 1.8332589020591132 0.84565629789109786 -0.26748456557107997
decision_type=2 2 2 2 2 2 2 2 2 2 2 2 2 2 2 2 2 2 2 2 2 2 2
left_child=-1 2 3 -2 10 6 9 -8 -7 20 11 -4 -12 -14 17 16 -16 19 -19 -13 21 -6 -17
right_child=1 -3 4 -5 5 8 7 -9 -10 -11 12 14 13 -15 15 22 -18 18 -20 -21 -22 -23 -24
leaf_value=0.0035158523534172671 -0.00062036521048277086 -0.0060518074491183824 0.0024673794568257613 0.0055792944048636602 -0.00038820197241638588 0 0 -0.0044500644259080017 -0.0044366477555908531 0.0018059188044561151 0.00022700734151274727 0.0011911052091887208 0 -0.0032400897600509846 0.0029137395224069287 -0.00020711272790681497 0.00023421525129314134 -0.001609694601226729 9.2272738428161852e-05 0 0.0010798043379394047 0.00029776649054197725 0.00023835581680520617
leaf_weight=10.999999999999998 12.000000000000002 11.999999999999998 12.999999999999998 10.999999999999998 168 18.000000000000004 14.000000000000002 10.999999999999998 11.999999999999998 22 19 21 11.000000000000002 10.999999999999998 17 12.999999999999998 18 25 22 116 14.999999999999998 63 27
leaf_count=11 12 12 13 11 168 18 14 11 12 22 19 21 11 11 17 13 18 25 22 116 15 63 27
internal_value=-1.043e-06 -9.96447e-05 5.18304e-05 0.00264443 -5.48714e-05 -0.000366938 -9.81345e-05 -0.00224353 -0.00234454 0.000121224 0.000246114 0.000457122 -0.000884838 -0.00193751 0.000276314 0.00103142 0.00194189 -1.75481e-05 -0.000760934 0.000209852 -4.11101e-05 -0.000168848 0
internal_weight=682 671 659 23 636 323 293 25 30 268 313 272 41 22 259 75 35 184 47 137 246 231 40
internal_count=682 671 659 23 636 323 293 25 30 268 313 272 41 22 259 75 35 184 47 137 246 231 40
is_linear=0
shrinkage=0.0529975


Tree=294
num_leaves=31
num_cat=0
split_feature=12 29 29 18 26 31 30 36 19 3 29 7 39 17 26 10 11 32 3 11 37 39 7 29 5 11 30 44 0 13
split_gain=0.0749641 0.444311 0.253563 0.0337022 0.0462346 0.0378461 0.078336 0.0551369 0.0624587 0.0468267 0.0350441 0.0292789 0.0272497 0.0298807 0.0227367 0.0230808 0.0197311 0.0184473 0.0133533 0.0191114 0.0123952 0.0123488 0.00926752 0.00818015 0.00555598 0.00306288 0.00319696 0.0024373 0.000958788 0.000700631
threshold=-0.98615590337404135 0.88506091518751828 1.10045454059635 -1.2658921237314475 0.79575984322147053 0.070867766400252261 1.0344553418453899 -0.77827467389903748 -0.78831803872658812 2.4199693618406726 0.36963990573511979 -0.21192386697240859 -0.59789242406345444 -0.31043372088879168 -0.49946439884091043 0.90238280710740504 -0.98220770660251067 -0.13511650400725958 -0.13019585992519503 -0.35220596932827636 -0.78226598530677516 -0.63854705280048074 0.74368839850664092 0.47209431521368045 -0.18676274317290134 -0.81236339877638863 0.0042085870411932196 1.0000000180025095e-35 1.0898137838119595 -0.35473659991360212
decision_type=2 2 2 2 2 2 2 2 2 2 2 2 2 2 2 2 2 2 2 2 2 2 2 2 2 2 2 2 2 2
left_child=1 16 3 4 -2 6 9 10 -9 11 -7 14 13 -13 15 -5 -1 -16 20 28 22 23 -10 -18 -21 -23 -27 -14 -20 -22
right_child=2 -3 -4 5 -6 7 -8 8 18 -11 -12 12 27 -15 17 -17 21 -19 19 24 29 25 -24 -25 -26 26 -28 -29 -30 -31
leaf_value=-0.0010804261898940955 0 -0.0088957657443464802 0.0054631286276639957 0.0009263077822988904 0.0032224718515885976 -0.00015245487949399689 0.0036349973286114129 -0.003252358875412096 0 -0.0026706447838883243 -0.0037736983794789598 0 0.00046313530008206005 0.0035441070501904932 -0.0016870584387690315 -0.00027735912508069133 0.002011631075511148 0 -0.0019452594929049492 -0.00015779551906199298 -0.00021195839194450462 0.00060275571367368835 0.0019852181527603278 0 0.00076587105305470646 1.6416019740135616e-05 -0.00063939625376502351 -0.00018311788331606255 -0.0001292886485531675 0.00015926180255543553
leaf_weight=22 21 11.999999999999998 19 68 14.999999999999998 18 11.999999999999998 10.999999999999998 19 10.999999999999998 18 13.000000000000002 22 13.999999999999998 33 96 14.000000000000002 23 11.000000000000002 30 22 11.999999999999998 17 12.999999999999998 21 20 21 20 11.999999999999998 22
leaf_count=22 21 12 19 68 15 18 12 11 19 11 18 13 22 14 33 96 14 23 11 30 22 12 17 13 21 20 21 20 12 22
internal_value=0 -0.00121351 0.000242829 0 0.00144898 -0.000111807 0.000236531 -0.000677443 -0.000187403 9.19792e-06 -0.00240969 0.000187089 0.00109994 0.00225133 -8.98967e-05 0.000195705 6.93547e-05 -0.000976994 0.000101555 -0.000342242 0.000588527 0.000520054 0.00124026 0.00132515 0.000140553 0 -0.00020959 2.54407e-05 -0.00146135 0
internal_weight=682 114 568 549 36 513 312 201 165 300 36 289 69 27 220 164 102 56 154 74 80 80 36 27 51 53 41 42 23 44
internal_count=682 114 568 549 36 513 312 201 165 300 36 289 69 27 220 164 102 56 154 74 80 80 36 27 51 53 41 42 23 44
is_linear=0
shrinkage=0.0529975


Tree=295
num_leaves=32
num_cat=0
split_feature=1 46 39 29 25 1 26 5 29 29 12 16 45 19 7 3 9 12 29 37 17 5 34 14 36 25 7 6 29 10 8
split_gain=0.07485 0.819412 0.217725 0.171593 0.131719 0.0565957 0.0347972 0.026388 0.0695556 0.065986 0.0162521 0.0269433 0.0266446 0.0405899 0.0346098 0.0246169 0.0239409 0.0193469 0.0129553 0.0247971 0.0378218 0.0220821 0.0128876 0.0165863 0.00981853 0.0093057 0.00915959 0.00591017 0.00181008 0.00285856 0.000292083
threshold=-1.1721621033097072 1.0000000180025095e-35 -0.94532615882081716 1.10045454059635 -1.304767911024876 -1.3787519224208868 -1.877632260629583 0.74678726848443155 0.69655909085426648 0.72064798413292819 0.65938261488339089 0.31856441734178825 0.39269136943107136 -0.49068578805936591 0.13516886676693643 -0.26403938101157709 -1.1030050966462424 0.14649148736356027 0.31624251926828922 -0.83396665377261525 1.7361732673094317 1.0843569414310898 -0.73135396192651403 -1.1934167344218727 1.5988812934965206 0.071286232955670895 -0.47782659390124987 -0.11909380401572765 -0.28029560627551625 -0.65938813488047832 -0.84883211797135727
decision_type=2 2 2 2 2 2 2 2 2 2 2 2 2 2 2 2 2 2 2 2 2 2 2 2 2 2 2 2 2 2 2
left_child=1 2 -1 6 -4 -6 -2 9 18 10 12 16 13 14 -8 27 -12 -15 19 20 -9 -20 23 -13 -17 -18 -24 -14 30 -30 -21
right_child=3 -3 4 -5 5 -7 7 8 -10 -11 11 22 15 17 -16 24 25 -19 21 28 -22 -23 26 -25 -26 -27 -28 -29 29 -31 -32
leaf_value=0.0058662862611499663 0.0022604552478856137 -0.011536691269484315 -0.0036363298494449066 0.0052869709305859392 0.0036670133785173236 -0.00026673465000581233 -0.00034206957798676871 0.00286982895396292 0.0033731966175809436 -0.0031082720588152734 -0.00015953810522730569 -0.00066469406036888986 0 0.00020893275129069965 -0.0040885679931097546 1.310156603295389e-06 0.0024595667145154297 -0.0010103735345658358 0.00042195998602621138 0.0002964890895586213 -0.00025952431922502669 -0.001870172701657643 -0.0011938097898028506 0.0011769249897299818 -0.0013397800818793605 9.774113068428998e-05 4.1426036679889709e-05 0.0019334264964376978 -0.0005033412384011476 2.153134799145503e-05 0
leaf_weight=13.999999999999998 12.999999999999998 11.999999999999998 17.999999999999996 11.999999999999998 10.999999999999998 17.000000000000007 21 17.000000000000004 14.999999999999998 15.999999999999998 14.999999999999998 13.999999999999998 11.000000000000002 78 11.999999999999998 67 24 52 13.000000000000002 14.000000000000002 11.999999999999998 17 35 26 10.999999999999998 13.999999999999998 10.999999999999998 18 43 18 10.999999999999998
leaf_count=14 13 12 18 12 11 17 21 17 15 16 15 14 11 78 12 67 24 52 13 14 12 17 35 26 11 14 11 18 43 18 11
internal_value=0 -0.00155624 0.00120087 0.000186108 -0.000597479 0.00144743 2.07128e-05 -3.9671e-05 0.0005144 -0.000268723 -9.75025e-05 0.000334567 -0.000347681 -0.000774261 -0.00230275 0.000246944 0.0012269 -0.000250476 5.01925e-05 0.000351832 0.00155275 -0.000778046 -0.000183565 0.000377882 -0.000186807 0.00188009 -0.000793385 0.00144528 -5.20186e-05 -0.000256142 0.000173904
internal_weight=682 72 60 610 46 28 598 585 160 425 409 139 270 163 33 107 53 130 145 115 29 30 86 40 78 38 46 29 86 61 25
internal_count=682 72 60 610 46 28 598 585 160 425 409 139 270 163 33 107 53 130 145 115 29 30 86 40 78 38 46 29 86 61 25
is_linear=0
shrinkage=0.0529975


Tree=296
num_leaves=19
num_cat=0
split_feature=26 8 19 29 2 29 29 5 0 19 37 0 9 5 31 26 5 16
split_gain=0.0732705 0.224947 0.522958 0.294497 0.214778 0.0437641 0.0147711 0.036761 0.0335277 0.0249958 0.0270818 0.0333815 0.0217852 0.0149117 0.0133403 0.0127209 0.0124552 0.00139129
threshold=-2.4089509458886917 1.7394377131769621 1.1335994122992328 1.0555066932308372 -1.4537527450134631 0.86516195744978364 -0.13426224680465501 -0.29835442882711943 -0.73004092218920846 0.40243805390274079 -0.80708230617037946 0.37499307311988245 -0.27740417804084661 0.37078950860971599 -1.373313165456747 0.85644370907833844 0.18187522330447739 0.87210267098015593
decision_type=2 2 2 2 2 2 2 2 2 2 2 2 2 2 2 2 2 2
left_child=-1 2 3 5 -3 6 9 8 17 10 11 -2 -10 16 -12 -15 -9 -8
right_child=1 4 -4 -5 -6 -7 7 13 12 -11 14 -13 -14 15 -16 -17 -18 -19
leaf_value=0.0034286157401230565 0.0016577126486313387 -0.0085200081313312886 0.0092766463074098991 -0.0066409859311543527 0.00028351285446657484 0.002492089615595171 0.00029008284798346968 0 0 0.0022151308592173258 -0.0013165916964252085 -0.00080078631449843863 -0.0031352221197301867 -0.00067951868004571629 0 0.0001851574614745225 0.0015602239404274066 -0.00029835782987661422
leaf_weight=10.999999999999998 50 11.000000000000002 10.999999999999998 12.999999999999998 10.999999999999998 13.999999999999998 13.999999999999998 41 12.999999999999998 10.999999999999998 19 12.999999999999998 23 84 223 79 22 19
leaf_count=11 50 11 11 13 11 14 14 41 13 11 19 13 23 84 223 79 22 19
internal_value=0 -9.41244e-05 9.51145e-05 -0.000137245 -0.00475083 4.87877e-05 -1.95517e-05 -0.000296368 -0.00131489 0.000217884 8.20713e-05 0.00102367 -0.00230865 1.04385e-05 -0.000153715 -0.000227412 0.000693344 0
internal_weight=682 671 649 638 22 625 611 295 69 316 305 63 36 226 242 163 63 33
internal_count=682 671 649 638 22 625 611 295 69 316 305 63 36 226 242 163 63 33
is_linear=0
shrinkage=0.0529975


Tree=297
num_leaves=17
num_cat=0
split_feature=5 8 19 13 19 39 10 30 37 10 19 6 34 35 45 4
split_gain=0.0722856 0.274177 0.487678 0.270626 0.0475914 0.0949331 0.0210621 0.0342877 0.0257284 0.029312 0.0139162 0.0120422 0.0379525 0.0313087 0.00965736 0.00176589
threshold=-2.226046647382725 1.7394377131769621 1.1335994122992328 1.7584772687198031 0.51248132294284898 -0.80090981903234959 -1.2113440741508839 1.2754480605365839 -0.83396665377261525 -1.8971836538792688 0.030962659840112938 -0.11909380401572765 0.036063655492325965 -0.20594658830101165 0.16620890520105805 1.5792353914438937
decision_type=2 2 2 2 2 2 2 2 2 2 2 2 2 2 2 2
left_child=-1 2 3 4 6 -6 8 11 9 -2 -11 12 -8 -13 -7 -10
right_child=1 -3 -4 -5 5 14 7 -9 15 10 -12 13 -14 -15 -16 -17
leaf_value=0.0030550678992308702 -0.00013258596675454133 -0.005670624617510233 0.0089584600280205578 -0.006733347526576049 0.0048273002210585721 -0.00066756673787689313 0.00015489919317445471 -0.0022425414307772435 -0.00046755970924392204 0.0034774715475621885 0.00022254273503547357 -0.0003046407608204301 -0.0013118858080519971 0.00077158014929545394 0.00082203931090880315 0
leaf_weight=14.999999999999998 10.999999999999998 18 10.999999999999998 10.999999999999998 10.999999999999998 20 103 17 22 13.000000000000002 11.999999999999998 200 77 112 17 11.999999999999998
leaf_count=15 11 18 11 11 11 20 103 17 22 13 12 200 77 112 17 12
internal_value=0 -0.000102439 9.18309e-05 -0.000132187 3.52767e-05 0.00154818 -9.27898e-05 -0.000223846 0.000710739 0.00161468 0.00248574 -0.000113906 -0.000457072 6.69949e-05 0 -0.000170333
internal_weight=682 667 649 638 627 48 579 509 70 36 25 492 180 312 37 34
internal_count=682 667 649 638 627 48 579 509 70 36 25 492 180 312 37 34
is_linear=0
shrinkage=0.0529975


Tree=298
num_leaves=21
num_cat=0
split_feature=19 14 13 30 29 45 28 13 29 7 29 2 1 29 37 30 29 39 39 44
split_gain=0.0751362 0.579895 0.0546232 0.0820207 0.0267672 0.0702542 0.036442 0.10808 0.0238171 0.0172136 0.016877 0.0199439 0.0161784 0.0149319 0.0114336 0.0110582 0.0239413 0.0102633 0.00715367 0.000829392
threshold=0.98085823280515616 -0.73121237853981313 1.1310384716196233 -0.61648578746490068 -0.69154920279145393 -0.39999725537397507 -0.73336927873141533 1.0000000180025095e-35 0.88506091518751828 -0.25919940656948109 0.60288618035152008 1.4103060219333883 0.40127818942419791 0.5561357425748209 2.0509306466212647 0.75264601063067438 -0.30204866562469096 -0.96212642834127982 1.8785166525286436 1.0000000180025095e-35
decision_type=2 2 2 2 2 2 2 2 2 2 2 2 2 2 2 2 2 2 2 2
left_child=2 -2 4 -4 5 -1 7 -6 10 14 13 -12 -5 15 -7 17 -17 -8 19 -11
right_child=1 -3 3 12 6 9 8 -9 -10 18 11 -13 -14 -15 -16 16 -18 -19 -20 -21
leaf_value=0.0037956274564008349 0.0043719346471276952 -0.0090909007871606499 0.0048041004520096853 0.00097335973017551806 0.00098926602472912363 0 0.00077827342232019369 -0.0044679736457065673 -0.0019303752658557198 -0.00010490280480723585 0.0022136972110827261 -4.4338565755454144e-05 -0.0011065451328882378 -0.0015408993872641284 -0.0018213493243370172 -0.00038692585411693672 0.0018608730613809889 -0.00015236439241160014 0.0015666919050984537 0.00033410494864216666
leaf_weight=11.999999999999998 12.000000000000002 11.999999999999998 10.999999999999998 20.000000000000004 14.000000000000002 17 29 13.999999999999998 11.999999999999998 13.000000000000002 15.000000000000002 10.999999999999998 10.999999999999998 11.999999999999998 11.000000000000002 14.999999999999998 21 395 11.999999999999998 12.999999999999998
leaf_count=12 12 12 11 20 14 17 29 14 12 13 15 11 11 12 11 15 21 395 12 13
internal_value=0 -0.0025983 0.000113319 0.00183658 -9.51947e-06 0.000858762 -0.000156322 -0.00184069 -2.99944e-05 0 2.43616e-05 0.00121081 0 -4.07506e-05 -0.0008449 2.71973e-06 0.000836457 -6.25032e-05 0.000739807 0
internal_weight=682 24 658 42 616 78 538 28 510 66 498 26 31 472 28 460 36 424 38 26
internal_count=682 24 658 42 616 78 538 28 510 66 498 26 31 472 28 460 36 424 38 26
is_linear=0
shrinkage=0.0529975


Tree=299
num_leaves=27
num_cat=0
split_feature=29 29 3 29 19 19 28 39 29 30 39 30 9 44 29 19 35 36 7 1 14 9 7 10 3 5
split_gain=0.0730691 0.056815 0.119111 0.025075 0.104484 0.0747958 0.0124733 0.0119617 0.0517222 0.0174445 0.0125648 0.012155 0.0110374 0.0149872 0.00917058 0.0322239 0.0203039 0.00781405 0.0119105 0.00684643 0.00628418 0.00394062 0.00127632 0.00224899 0.000265531 1.44819e-05
threshold=1.9619634837178215 0.90830313251086625 -0.31222304860267452 -0.51854962340086708 -0.97371853943483189 -0.89853941475979127 -0.17592557091568831 -0.9002788601712034 0.5561357425748209 1.0170821779447416 -0.80090981903234959 0.3394178558886094 0.21304601824163463 -0.76745771112333661 -0.12613368717176643 0.42784664522021415 -0.65067059403289995 0.037078339072385925 -0.25919940656948109 0.43933175429885324 -0.78186491069127173 0.16824664067492029 0.060045454624212576 -0.4291942339875453 0.55865212859938473 -0.61089745771569504
decision_type=2 2 2 2 2 2 2 2 2 2 2 2 2 2 2 2 2 2 2 2 2 2 2 2 2 2
left_child=1 3 -3 4 -1 -5 17 11 9 14 -10 12 13 -7 15 -9 -16 21 -19 25 -8 -6 -20 -24 -13 -14
right_child=-2 2 -4 5 6 7 20 8 10 -11 -12 24 19 -15 16 -17 -18 18 22 -21 -22 -23 23 -25 -26 -27
leaf_value=0.0045124997462288319 -0.0033358944598113277 -0.0010715976008727258 0.0050242712156203743 -0.0035486505963679645 0.00076284795224051255 -0.00052523854679357052 0 -4.4609878188984131e-05 -0.00020242730674896123 0.0015363669588985391 -0.0033857559903484728 0.0015773280264081008 -0.0014108840521842897 0.0012403945125869225 -0.0016839291636869596 0.0023447237258422669 -9.3078726054117997e-05 -0.0014622495670975411 0.00032909317181875652 0 0.0015402604496200791 -3.8817417923849137e-05 0 -0.00061123055372954967 3.1186722613667284e-05 0
leaf_weight=10.999999999999998 11.999999999999998 11.000000000000002 12.999999999999998 11.999999999999998 18 10.999999999999998 11.000000000000002 172 12.000000000000002 12.999999999999998 10.999999999999998 16.000000000000004 10.999999999999998 29 23 10.999999999999998 163 21 12.999999999999998 10.999999999999998 13.999999999999998 13.999999999999998 11.999999999999998 15.000000000000002 10.999999999999998 11.000000000000002
leaf_count=11 12 11 13 12 18 11 11 172 12 13 11 16 11 29 23 11 163 21 13 11 14 14 12 15 11 11
internal_value=0 8.56954e-05 0.00234179 -8.17595e-06 0.00062438 -0.000184713 4.90412e-06 -5.0405e-05 -0.000191289 -8.92001e-06 -0.00235109 0.000432821 0 0.000597819 -0.000105684 0.00013189 -0.000372624 -0.00023025 -0.000601873 -0.00061109 0.000980329 0.00027752 0 -0.000215158 0.00127924 -0.00109865
internal_weight=682 670 24 646 129 517 118 505 405 382 23 100 73 40 369 183 186 93 61 33 25 32 40 27 27 22
internal_count=682 670 24 646 129 517 118 505 405 382 23 100 73 40 369 183 186 93 61 33 25 32 40 27 27 22
is_linear=0
shrinkage=0.0529975


Tree=300
num_leaves=31
num_cat=0
split_feature=52 29 29 47 9 5 28 3 3 30 39 39 11 45 19 19 31 37 47 5 26 2 44 34 37 29 2 45 19 3
split_gain=0.0710421 0.896652 0.384413 0.562296 0.341223 0.079215 0.059918 0.0123983 0.0188715 0.0186352 0.0148032 0.0139281 0.0159699 0.011581 0.0229446 0.0258888 0.01175 0.0115115 0.00559283 0.00424612 0.00580914 0.0039708 0.0037506 0.00350459 0.00243291 0.00187201 0.00181585 0.00157383 0.00154322 0.000139497
threshold=1.0000000180025095e-35 0.64608805788372303 0.86516195744978364 0.60404435919047483 0.53131947937075108 -0.85649458878803342 -1.107194503700726 -0.94039530756809431 -0.74409147664140096 0.70108715899300711 -0.48469126969849824 -0.24197457294979449 -1.0689398979680929 0.73241506577609128 -0.56005770063271443 0.58748672138748581 0.89752559575856594 1.7717470369057258 1.0000000180025095e-35 0.67733158508103164 0.49578274451158161 -0.11179017000364815 1.2189034235488292 -0.73135396192651403 0.020128389283062428 -0.032986732049394264 -0.74297003637180825 -0.17351479114396184 -0.64259766935448892 -0.085581352896401008
decision_type=2 2 2 2 2 2 2 2 2 2 2 2 2 2 2 2 2 2 2 2 2 2 2 2 2 2 2 2 2 2
left_child=2 5 6 4 -4 -2 -1 11 25 13 18 12 -8 14 -10 -16 22 19 -11 20 21 26 -15 -12 -25 -9 -7 -13 -20 -28
right_child=1 -3 3 -5 -6 17 7 8 9 10 23 27 -14 16 15 -17 -18 -19 28 -21 -22 -23 -24 24 -26 -27 29 -29 -30 -31
leaf_value=-0.0032077048123682955 0.0029951034123124097 -0.012498865257657163 0.014378004623223412 -0.0025142772449674748 0.0009997422012287694 3.7610963789670875e-05 0 6.3605388577555249e-05 -0.0017388664616367179 0.0022557167780416078 0.00055361421849842488 0 -0.0022837884488358228 -0.0010892318732016655 0.00034769422641305606 -0.0016551833420006545 0.0002089868929221807 -0.0014068922551459773 0.00064880179027333848 0.00074345863004308499 -0.00085800033325223899 0.000674018410563193 0 -0.00082140766776430773 0 0.0019103747615924988 0 0.000508566377813348 0 -0.00056054265947258703
leaf_weight=10.999999999999998 21 10.999999999999998 11.000000000000002 12.999999999999998 10.999999999999998 18.999999999999993 21 12.000000000000002 12.999999999999998 12.999999999999998 10.999999999999998 11.000000000000002 15.999999999999998 65 223 12.999999999999998 20 11.999999999999998 12.999999999999998 13.999999999999998 17 18.000000000000007 10.999999999999998 11.000000000000002 12.999999999999998 10.999999999999998 10.999999999999996 11.999999999999998 11.000000000000002 13.000000000000004
leaf_count=11 21 11 11 13 11 19 21 12 13 13 11 11 16 65 223 13 20 12 13 14 17 18 11 11 13 11 11 12 11 13
internal_value=0 -0.00106057 0.000268581 0.00521032 0.0095852 0.000418742 -0.00011289 0 9.2773e-05 0 0.000742791 -0.000685198 -0.00127477 -0.000162843 4.61444e-06 0.000170224 -0.000640402 -0.000172903 0.00140281 0 -0.000101983 6.23926e-05 -0.000948045 0 -0.000393057 0.00140013 -0.000102238 8.9855e-05 0.000349398 -0.000431188
internal_weight=682 136 546 35 22 125 511 500 440 417 72 60 37 345 249 236 96 104 37 92 78 61 76 35 24 23 43 23 24 24
internal_count=682 136 546 35 22 125 511 500 440 417 72 60 37 345 249 236 96 104 37 92 78 61 76 35 24 23 43 23 24 24
is_linear=0
shrinkage=0.0529975


Tree=301
num_leaves=26
num_cat=0
split_feature=29 29 6 29 5 7 26 5 39 26 39 29 17 8 29 30 29 29 35 30 47 2 8 13 30
split_gain=0.0776276 0.0533509 0.106959 0.0239713 0.0547055 0.043662 0.027006 0.0198361 0.0292154 0.0185381 0.018263 0.0577828 0.0170084 0.0162108 0.0159674 0.014248 0.0128297 0.0177184 0.00843063 0.00692864 0.00426015 0.00411304 0.00750192 0.0023413 0.000790806
threshold=1.9619634837178215 0.90830313251086625 -0.60262248212223379 -0.69154920279145393 -1.1977909254101229 -2.0381597474118105 -1.2725577322239361 -0.7275513161213284 -0.76583885052540779 -1.4221428522580115 -0.9002788601712034 0.5561357425748209 1.3351766794805398 0.23254879003066392 0.22564952026964777 0.78580018180191746 0.60288618035152008 0.26552658291515235 -0.89384396049549431 0.51050243431074982 -0.16193616525965079 -0.76581544946750491 0.89007721214553881 0.74955568298271402 0.84535253915705144
decision_type=2 2 2 2 2 2 2 2 2 2 2 2 2 2 2 2 2 2 2 2 2 2 2 2 2
left_child=1 3 -3 4 -1 -5 9 8 14 23 16 15 -13 20 18 -12 17 -9 -8 -15 -6 22 -10 -7 -21
right_child=-2 2 -4 5 13 6 7 10 21 -11 11 12 -14 19 -16 -17 -18 -19 -20 24 -22 -23 -24 -25 -26
leaf_value=0.0035179019118828903 -0.0034389139379731571 0.0048124945391100722 -0.00095534546265368774 -0.0026404428149247204 0 -0.00028294243565747684 -0.00043170144505464336 0.0013631001804000514 -0.0010236905914384965 0.0022891228016857722 -0.00010430799571274797 -0.0035972912236935475 -7.7800054046134058e-05 -0.0011861932695905379 0 0.00089169283990842084 0.0016622366993982937 -0.00061824596653688656 -0.003567964266755692 0.00033159494059075637 0.0014250831116567968 0.00062278892197312587 0.00028991682220466479 0.00049455341032177212 -0.00014397602155713808
leaf_weight=10.999999999999998 11.999999999999998 13.000000000000002 10.999999999999998 12.999999999999998 12.000000000000002 12.000000000000002 11.999999999999998 13.999999999999998 16.000000000000004 15.999999999999998 311 11.000000000000002 10.999999999999998 17 10.999999999999998 40 22 27 11.000000000000002 11.000000000000002 15.999999999999998 14.999999999999998 10.999999999999998 14.999999999999998 10.999999999999998
leaf_count=11 12 13 11 13 12 12 12 14 16 16 311 11 11 17 11 40 22 27 11 11 16 15 11 15 11
internal_value=0 8.77704e-05 0.00227354 -2.88484e-06 0.000822027 -0.000135738 -3.70222e-05 -0.000161002 -0.000918255 0.00113568 -2.53413e-06 -0.000162267 -0.0024806 3.11109e-05 -0.00194429 2.70242e-06 0.000773864 0 -0.00260019 -0.000535361 0.000980838 0 -0.000321408 0 0
internal_weight=682 670 24 646 78 568 555 512 76 43 436 373 22 67 34 351 63 41 23 39 28 42 27 27 22
internal_count=682 670 24 646 78 568 555 512 76 43 436 373 22 67 34 351 63 41 23 39 28 42 27 27 22
is_linear=0
shrinkage=0.0529975


Tree=302
num_leaves=27
num_cat=0
split_feature=29 29 3 29 45 7 26 5 39 26 39 29 17 29 7 30 29 29 37 35 39 2 8 13 45 3
split_gain=0.0721883 0.0491541 0.101009 0.0224441 0.0611239 0.0404986 0.0250273 0.0184702 0.0276494 0.0171435 0.0169229 0.0542806 0.0154522 0.0148864 0.014192 0.0129513 0.0116993 0.016374 0.0102514 0.00744523 0.00657024 0.00374293 0.00700179 0.00216986 0.00040516 8.53348e-05
threshold=1.9619634837178215 0.90830313251086625 -0.31222304860267452 -0.69154920279145393 -0.39999725537397507 -2.0381597474118105 -1.2725577322239361 -0.7275513161213284 -0.76583885052540779 -1.4221428522580115 -0.9002788601712034 0.5561357425748209 1.3351766794805398 0.22564952026964777 -0.25919940656948109 0.78580018180191746 0.60288618035152008 0.26552658291515235 2.0509306466212647 -0.89384396049549431 1.8785166525286436 -0.76581544946750491 0.89007721214553881 0.74955568298271402 0.16620890520105805 0.4087473849826368
decision_type=2 2 2 2 2 2 2 2 2 2 2 2 2 2 2 2 2 2 2 2 2 2 2 2 2 2
left_child=1 3 -3 4 -1 -5 9 8 13 23 16 15 -13 19 18 -12 17 -9 -6 -8 25 22 -10 -7 -18 -16
right_child=-2 2 -4 5 14 6 7 10 21 -11 11 12 -14 -15 20 -17 24 -19 -20 -21 -22 -23 -24 -25 -26 -27
leaf_value=0.0035336978613649062 -0.0033173869348367599 -0.00094039485584489267 0.0046538952289129441 -0.0025446784855429447 0 -0.00027294360268337482 -0.00041644567730031044 0.0013125224917473416 -0.00098422739164892147 0.0022008773213604014 -9.8884501120578258e-05 -0.00347390514863481 -7.5131540354082249e-05 0 0.00010948194723865514 0.00085059607590048697 0.0020547390687629731 -0.00059143491636569204 -0.0016984666654988121 -0.0034455839206136082 0.0014546016126129942 0.00059920899643869821 0.00027997276244729543 0.00047582874619585529 0.0001583124168424688 0
leaf_weight=11.999999999999998 11.999999999999998 11.000000000000002 12.999999999999998 12.999999999999998 17 12.000000000000002 11.999999999999998 13.999999999999998 16.000000000000004 15.999999999999998 311 11.000000000000002 10.999999999999998 10.999999999999998 14.000000000000002 40 11.000000000000002 27 11.000000000000002 11.000000000000002 11.999999999999998 14.999999999999998 10.999999999999998 14.999999999999998 10.999999999999998 11.999999999999998
leaf_count=12 12 11 13 13 17 12 12 14 16 16 311 11 11 11 14 40 11 27 11 11 12 15 11 15 11 12
internal_value=0 8.34381e-05 0.00218157 -3.14542e-06 0.000794646 -0.000132027 -3.64681e-05 -0.000156243 -0.000887052 0.00109171 -2.7454e-06 -0.000157065 -0.00240408 -0.00188542 0 2.22321e-06 0.000743939 0 -0.000771547 -0.00251899 0.000667858 0 -0.000300223 0 0.00159301 0
internal_weight=682 670 24 646 78 568 555 512 76 43 436 373 22 34 66 351 63 41 28 23 38 42 27 27 22 26
internal_count=682 670 24 646 78 568 555 512 76 43 436 373 22 34 66 351 63 41 28 23 38 42 27 27 22 26
is_linear=0
shrinkage=0.0529975


Tree=303
num_leaves=25
num_cat=0
split_feature=7 29 39 29 29 29 0 39 6 6 10 37 12 39 39 9 19 39 16 5 25 29 30 29
split_gain=0.0735357 0.226467 0.0684524 0.0734873 0.0362825 0.0115747 0.0307873 0.0446955 0.0146268 0.0671694 0.026369 0.0160308 0.0109665 0.015242 0.0101696 0.0221839 0.0254478 0.0118 0.00972098 0.00852166 0.00725698 0.00502911 0.00447753 0.00412759
threshold=-2.3273358155400112 1.6259206114699825 -1.0567165156606251 0.86516195744978364 0.88506091518751828 -0.13426224680465501 -0.64383157088201604 -0.7675094355676072 0.67247960685382691 0.81131795453495192 0.96486216107045431 -0.76158571792043761 0.04666022323074364 1.9088435546885634 -0.9002788601712034 0.20815734912497191 -0.10851345830801649 -0.63854705280048074 -0.47112872418032453 0.40641290761443566 -0.31765442472076971 0.13874613877465147 0.57889870050751091 0.58730087529752451
decision_type=2 2 2 2 2 2 2 2 2 2 2 2 2 2 2 2 2 2 2 2 2 2 2 2
left_child=-1 2 3 -2 5 8 7 21 12 -10 -11 -12 13 22 19 16 -16 -17 -14 -8 -20 -7 -4 -21
right_child=1 -3 4 -5 -6 6 14 -9 9 10 11 -13 18 -15 15 17 -18 -19 20 23 -22 -23 -24 -25
leaf_value=0.0031620821550059032 0 -0.0059679732475001078 -0.00020277681194504402 0.0045720260786559297 -0.002417828995780373 -0.00073166704330105412 0.0013336560538529194 -0.0031597037839858695 0.0031283996630042973 -0.0014008498166309237 0.0017744730207512685 0 -0.0016317250062322945 0.001701998056086119 -0.0018942144116573226 0.001196763263344188 -8.3885035788017949e-05 0 -0.0004502942245618941 -0.0005325916050071311 0.00059390080040476999 0.00035595814443212546 0.00044933778306299917 0.00059023895733699124
leaf_weight=13.999999999999998 20 11.999999999999998 74 12.999999999999998 11.999999999999998 13.999999999999998 21 17 19 21 14.999999999999998 53 11.999999999999998 11.999999999999998 26 33 101 31 59 14.000000000000002 17 21 40 10.999999999999998
leaf_count=14 20 12 74 13 12 14 21 17 19 21 15 53 12 12 26 33 101 31 59 14 17 21 40 11
internal_value=0 -9.89777e-05 5.09169e-05 0.00221128 -7.2402e-05 0 -0.000244109 -0.00133944 0.000213365 0.000700737 0 0.000533819 -1.32461e-05 0.000265737 0 -0.000150836 -0.000575716 0.000569591 -0.000478477 0.000680546 -0.000105191 0 0 0
internal_weight=682 668 656 33 623 611 289 52 322 108 89 68 214 126 237 191 127 64 88 46 76 35 114 25
internal_count=682 668 656 33 623 611 289 52 322 108 89 68 214 126 237 191 127 64 88 46 76 35 114 25
is_linear=0
shrinkage=0.0529975


Tree=304
num_leaves=28
num_cat=0
split_feature=12 52 39 44 7 31 31 19 13 8 19 3 8 14 31 39 39 31 7 13 31 6 44 13 7 38 26
split_gain=0.069308 0.392839 0.227095 0.266171 0.0567008 0.119333 0.0543005 0.110692 0.0535846 0.0478486 0.0455484 0.024659 0.0328549 0.0244571 0.0234717 0.0311527 0.0203876 0.0178208 0.0167842 0.0147749 0.0143824 0.0141088 0.0108799 0.00200791 0.00127311 0.00119344 0.000319671
threshold=-0.98615590337404135 1.0000000180025095e-35 -1.095590616565685 1.0000000180025095e-35 -2.3273358155400112 -1.8979523070786724 0.070867766400252261 0.61559965758852686 0.72947764147550831 -1.0585182509927076 -0.78831803872658812 -0.13019585992519503 -0.35220596932827636 -0.33865525436600913 -0.23415373655120816 -0.48236117227724046 -0.63854705280048074 0.18371843939371016 -0.50822345226649568 0.51865820564984799 -0.084005253285095602 -1.2118083969112008 0.7223131398807876 -0.58563407724646821 -0.065617902779554302 -0.064230805961230861 1.1651638805181372
decision_type=2 2 2 2 2 2 2 2 2 2 2 2 2 2 2 2 2 2 2 2 2 2 2 2 2 2 2
left_child=1 9 3 -2 -4 -6 7 14 10 -1 -8 17 -13 -10 18 20 21 -12 22 -20 -16 -11 -7 26 -17 -25 -18
right_child=2 -3 4 -5 5 6 8 -9 13 16 11 12 -14 -15 15 24 23 -19 19 -21 -22 -23 -24 25 -26 -27 -28
leaf_value=-0.0018477421066572651 -0.00047910810977271138 -0.0081606579884245852 0.0028396154045360945 0.0091198320850177702 -0.0039332837828862629 0.00057930075867348974 -0.0027425444772162392 0.0045851283371088842 -0.0001649235217279034 0.0022616003818437037 -0.00072258246176607995 -0.0018363899935620169 0.00011971133983783003 -0.00395254991564826 0.0030818321035845204 0.00026882412372978252 0.00041679600134181906 0.00087096160210337959 -0.0013255671459178058 0.00026408685936364352 0.00016161286195512885 0 -0.00029288393265204063 0 -0.0001776943606556808 -0.0006226595282578433 0
leaf_weight=20 12.000000000000002 12.999999999999998 12.999999999999998 10.999999999999998 15.999999999999998 91 11.999999999999998 11.999999999999998 13.000000000000002 22 14.999999999999998 31 51 11.999999999999998 16.000000000000004 33 12.999999999999998 93 40 12.999999999999998 13.999999999999998 11.999999999999998 52 11.000000000000002 18 11.000000000000002 11.999999999999998
leaf_count=20 12 13 13 11 16 91 12 12 13 22 15 31 51 12 16 33 13 93 40 13 14 12 52 11 18 11 12
internal_value=0 -0.00116327 0.000237179 0.00480741 0 -0.00010632 4.2785e-05 0.000532123 -0.000547889 7.89803e-05 -0.000189533 1.50465e-05 -0.000615162 -0.00262125 0.000238427 0.00096814 0.000729569 0.000561998 -4.83479e-05 -0.00083005 0.00216704 0.00160918 0.000216242 0 0 -0.00034006 0.000278385
internal_weight=682 114 568 23 545 532 516 289 227 101 202 190 82 25 277 81 81 108 196 53 30 34 143 47 51 22 25
internal_count=682 114 568 23 545 532 516 289 227 101 202 190 82 25 277 81 81 108 196 53 30 34 143 47 51 22 25
is_linear=0
shrinkage=0.0529975


Tree=305
num_leaves=19
num_cat=0
split_feature=39 16 29 25 3 12 19 28 13 12 26 1 19 19 29 12 12 44
split_gain=0.0712971 0.0701573 0.0368582 0.0302085 0.0305574 0.0199149 0.0664086 0.0417977 0.0591942 0.0229898 0.0203694 0.0176517 0.0111658 0.0255574 0.0189679 0.0116009 0.00926162 0.00119599
threshold=-1.1840427946005181 2.483592546261761 1.0039302244272565 1.8505823875210379 -0.023121043056089436 0.77957234273251219 -0.89269806438786092 -0.78389879730128298 -0.95707784512977445 1.5535127395682953 -1.2725577322239361 0.28711749480023258 -0.64259766935448892 -0.58293959405221274 0.58730087529752451 1.0000000180025095e-35 2.0831795082555278 1.0000000180025095e-35
decision_type=2 2 2 2 2 2 2 2 2 2 2 2 2 2 2 2 2 2
left_child=-1 2 3 5 -5 7 -7 8 -2 10 -8 -12 15 -14 -15 -9 17 -11
right_child=1 -3 -4 4 -6 6 9 12 -10 16 11 -13 13 14 -16 -17 -18 -19
leaf_value=-0.0032978571162032458 6.829325322290363e-06 0.0034438699686056558 -0.0021381991952573601 0 0.00319617212267948 0.0034500703339170194 0.0019138746701788292 -5.2739469136169424e-05 -0.0041955535335209664 -0.00017977405868822019 -0.00037789707348596761 0.001200463709388478 -0.0018092694494096224 -0.00013834708368417247 0.0011174511343111056 0.0015193255526556135 0 -0.0019217913682890637
leaf_weight=11.999999999999998 14.000000000000002 10.999999999999998 15.999999999999998 15.000000000000002 10.999999999999998 12.999999999999998 17 11.000000000000002 10.999999999999998 14.000000000000002 59 22 18 365 31 19 10.999999999999998 11.999999999999998
leaf_count=12 14 11 16 15 11 13 17 11 11 14 59 22 18 365 31 19 11 12
internal_value=0 8.1845e-05 0 6.75292e-05 0.00165652 -3.51803e-06 0.000508555 -0.000184195 -0.00207082 4.10795e-05 0.0005102 2.37029e-05 -3.62653e-05 -0.000127145 -7.4626e-06 0.000836101 -0.000936875 -0.00141156
internal_weight=682 670 659 643 26 617 148 469 25 135 98 81 444 414 396 30 37 26
internal_count=682 670 659 643 26 617 148 469 25 135 98 81 444 414 396 30 37 26
is_linear=0
shrinkage=0.0529975


Tree=306
num_leaves=28
num_cat=0
split_feature=3 29 29 52 19 13 9 19 30 29 29 12 26 30 6 6 25 37 6 29 44 47 3 19 30 19 10
split_gain=0.0688561 0.429895 0.278093 0.0351486 0.053901 0.034974 0.0559831 0.0365416 0.0201027 0.0855219 0.0201421 0.0168495 0.0292802 0.0144345 0.0139657 0.0103799 0.0178167 0.0129768 0.00869412 0.00819681 0.00733137 0.00925109 0.00984959 0.00640931 0.00477606 0.00414826 0.000958381
threshold=0.69784939052922235 0.61291980503130861 1.10045454059635 1.0000000180025095e-35 -0.8134540570553449 1.070804347098006 0.25378021797821126 0.84812112690812347 0.5474207137798518 0.38367382074413559 0.58730087529752451 0.36503071886080979 -0.27034343162536151 1.2754480605365839 0.41449703078606742 1.0215876099118384 -1.2052122046809874 2.0509306466212647 1.3225910484813301 -0.28029560627551625 0.7223131398807876 0.32550598666315644 1.1315023988491004 -0.59773785705581195 -0.02834712369346859 -0.33594369637420668 1.6610907374641817
decision_type=2 2 2 2 2 2 2 2 2 2 2 2 2 2 2 2 2 2 2 2 2 2 2 2 2 2 2
left_child=2 3 5 4 -2 7 14 8 10 11 15 13 -13 23 -7 16 -1 -18 19 -17 21 22 25 -10 -12 -6 -20
right_child=1 -3 -4 -5 20 6 -8 -9 9 -11 24 12 -14 -15 -16 18 17 -19 26 -21 -22 -23 -24 -25 -26 -27 -28
leaf_value=-0.0017278447619090153 -0.002767020437093102 -0.0089682878247656361 0.0057093959622162684 0.0018960948165794346 0.0006887633778749516 0.0038350428627769062 -0.00098727500641203575 -0.0025524548306663851 -0.00078625262621003346 -0.0041261938980824524 1.7955787401320971e-05 0.00024413265228068168 -0.0023012826947371866 0.0017029685296879964 0.00049207448433957117 0 -9.7837220615085328e-05 0.0013713634248731703 -0.00014248641220761273 0.0019591627610128252 -0.00046857829416221768 -0.00014839831769196979 0.0018472273110411721 0.00031381797432222694 0.0019723269596513466 -0.00038297791935860726 0.00035006553834959693
leaf_weight=11.999999999999998 14.999999999999998 10.999999999999998 19 18 12.999999999999995 12.000000000000002 10.999999999999998 10.999999999999998 14.999999999999998 10.999999999999998 14.000000000000002 18 15.999999999999998 11.999999999999998 13.999999999999998 12.000000000000002 266 11.999999999999998 24 12.999999999999998 18 18 14.999999999999998 45 13.999999999999998 12.000000000000005 10.999999999999998
leaf_count=12 15 11 19 18 13 12 11 11 15 11 14 18 16 12 14 12 266 12 24 13 18 18 15 45 14 12 11
internal_value=0 -0.00112574 0.000243665 3.13435e-05 -0.000359915 0 0.00144376 -0.00012967 -3.19826e-05 -0.000632255 0.000142598 -5.80299e-06 -0.00094451 0.000386459 0.00268284 2.77932e-06 -0.000111578 0 0.000621259 0.0012687 0.000197599 0.000538019 0.000977836 0 0.00137612 0 0
internal_weight=682 120 562 109 91 543 37 506 495 117 378 106 34 72 26 350 290 278 60 25 76 58 40 60 28 25 35
internal_count=682 120 562 109 91 543 37 506 495 117 378 106 34 72 26 350 290 278 60 25 76 58 40 60 28 25 35
is_linear=0
shrinkage=0.0529975


Tree=307
num_leaves=22
num_cat=0
split_feature=1 47 39 29 25 8 26 5 30 29 29 29 30 5 1 16 6 14 26 26 9
split_gain=0.0670115 0.728203 0.189072 0.147315 0.114371 0.0443776 0.0296322 0.0222201 0.0584117 0.0491802 0.0172487 0.0109036 0.0244743 0.0186233 0.00590965 0.0129099 0.0236451 0.0127306 0.00297671 0.00435889 0.00349115
threshold=-1.1721621033097072 0.25587139353132682 -0.94532615882081716 1.10045454059635 -1.3719805033927748 0.85464137538116247 -1.877632260629583 0.74678726848443155 1.2754480605365839 0.69655909085426648 0.72064798413292819 0.31624251926828922 0.76636286000278064 1.0843569414310898 1.6190855339545245 -0.5312812225774356 0.31989413659674365 0.09189126892138863 1.1506262663918823 0.77999256740898393 0.65886012099562496
decision_type=2 2 2 2 2 2 2 2 2 2 2 2 2 2 2 2 2 2 2 2 2
left_child=1 2 -1 6 -4 -6 -2 8 10 11 14 12 18 -13 15 16 -8 -17 19 -9 -20
right_child=3 -3 4 -5 5 -7 7 9 -10 -11 -12 13 -14 -15 -16 17 -18 -19 20 -21 -22
leaf_value=0.0054741996082443818 0.0020918632066499209 -0.01087944217913491 -0.0037019499822685594 0.0049068657142579512 -0.00017999948156575613 0.0031870160267236931 -0.0018660373889896895 0 -0.0029777933739637535 0.0028887426943636947 -0.0015622654800626092 0.00040141489981091399 0.0022231743658892586 -0.0016880467190330394 0.00075433388472285145 -5.362825061474625e-05 0.00035856460602924558 0.0010032651099424316 -0.00083183606931543845 0.00065517766759013883 0
leaf_weight=13.999999999999998 12.999999999999998 11.999999999999998 14.999999999999995 11.999999999999998 20.000000000000007 10.999999999999998 23 47 14.999999999999998 14.999999999999998 14.999999999999998 13.000000000000002 10.999999999999998 17 21 308 13.999999999999998 29 15.000000000000002 31 10.999999999999998
leaf_count=14 13 12 15 12 20 11 23 47 15 15 15 13 11 17 21 308 14 29 15 31 11
internal_value=0 -0.00146886 0.00112492 0.000179903 -0.000543098 0.00114886 2.57103e-05 -2.91446e-05 -0.000240437 0.000478435 -8.20194e-05 7.80187e-05 0.000355169 -0.000672537 0 -5.70588e-05 -0.000929234 3.29069e-05 0 0.000208115 -0.000384191
internal_weight=682 72 60 610 46 31 598 585 425 160 410 145 115 30 395 374 37 337 104 78 26
internal_count=682 72 60 610 46 31 598 585 425 160 410 145 115 30 395 374 37 337 104 78 26
is_linear=0
shrinkage=0.0529975


Tree=308
num_leaves=15
num_cat=0
split_feature=5 8 19 29 30 5 10 30 37 19 2 26 35 6
split_gain=0.0678362 0.261155 0.450774 0.275476 0.0340266 0.0144325 0.032062 0.0135261 0.0134321 0.0125702 0.0111753 0.0258235 0.0167216 0.013385
threshold=-2.226046647382725 1.7394377131769621 1.1335994122992328 1.0555066932308372 -0.97556096233642264 -0.80108974281624157 0.40871959682948106 0.40355353761669127 -0.6602524077273918 -0.23976275411852155 1.7727646623197912 1.5277718273517384 1.6833029701327484 -1.1446846629037448
decision_type=2 2 2 2 2 2 2 2 2 2 2 2 2 2
left_child=-1 2 3 4 -2 6 -6 9 -9 -8 11 12 -7 -12
right_child=1 -3 -4 -5 5 10 7 8 -10 -11 13 -13 -14 -15
leaf_value=0.0029623246364981841 0.0019371083740177201 -0.0055312676726658018 0.0086172471436165941 -0.0064131984910268097 -0.0027165069838244542 0.00019406243168493763 -0.0012748382106235086 0.0015079816688405774 -0.00024025913022147097 0 0.0017136579866963613 -0.0018914398320749157 -0.0010794459968460769 0
leaf_weight=14.999999999999998 20 18 10.999999999999998 12.999999999999998 10.999999999999998 435 30 17.000000000000004 11.999999999999998 30 19 12.999999999999998 24 13.999999999999998
leaf_count=15 20 18 11 13 11 435 30 17 12 30 19 13 24 14
internal_value=0 -9.66199e-05 9.27044e-05 -0.000122293 5.71898e-05 -1.19259e-05 -0.000584234 -9.23322e-05 0.000667774 -0.000592844 9.32598e-05 6.90687e-06 9.93915e-05 0.000958276
internal_weight=682 667 649 638 625 605 100 89 29 60 505 472 459 33
internal_count=682 667 649 638 625 605 100 89 29 60 505 472 459 33
is_linear=0
shrinkage=0.0529975


Tree=309
num_leaves=26
num_cat=0
split_feature=19 14 19 45 38 29 45 31 29 7 44 19 37 26 3 26 37 46 39 31 39 12 9 6 44
split_gain=0.0687711 0.551036 0.0461084 0.0711836 0.0466798 0.0232492 0.0540595 0.0288311 0.0221263 0.0133994 0.0126966 0.0274696 0.013602 0.0164798 0.0224595 0.020214 0.0096401 0.00925873 0.00688518 0.00679211 0.00564158 0.00326659 0.00301681 0.00237423 0.000575355
threshold=0.98085823280515616 -0.73121237853981313 0.51248132294284898 0.95889753000610456 -0.54803953626578938 -0.69154920279145393 -0.39999725537397507 -2.0384212127303196 0.88506091518751828 -0.25919940656948109 0.7223131398807876 -0.59773785705581195 -0.83396665377261525 0.86532909618089959 -0.96537943150421912 1.4907212202591726 2.0509306466212647 1.0000000180025095e-35 -0.46382886132451456 -0.38079820893587207 1.8785166525286436 0.92027264078901638 1.4864958234905767 1.3963493519703327 -0.27086742745529524
decision_type=2 2 2 2 2 2 2 2 2 2 2 2 2 2 2 2 2 2 2 2 2 2 2 2 2
left_child=2 -2 5 4 -4 6 -1 -7 10 16 12 -12 13 14 -9 -15 -8 19 -19 -13 24 22 -14 -23 -11
right_child=1 -3 3 -5 -6 7 9 8 -10 20 11 17 21 15 -16 -17 -18 18 -20 -21 -22 23 -24 -25 -26
leaf_value=0.0033735568851599495 0.0042917658485139626 -0.0088257710522629176 -0.0020480346342838787 0.0040057713696613354 0.0014354470248812211 -0.0022508402155612096 0 -0.0014607952596516216 -0.001751094121477785 -7.0008725026844955e-05 -0.0021391633726788885 -0.00022565999639300989 -0.00035111271372609341 0.0022436080775480364 0.00044705125407990714 0 -0.0016115825817899273 -0.00096808225626866253 0 0.00072339008560267357 0.0014224711785268396 0.00062856283416518868 0.00020572396449899892 0 0.00027018321666070697
leaf_weight=11.999999999999998 12.000000000000002 11.999999999999998 11.999999999999995 14.999999999999998 21.000000000000004 11.999999999999998 17 12.999999999999998 14.999999999999998 10.999999999999998 15.999999999999998 18 132 23 129 11.999999999999998 11.000000000000002 34 43 44 11.999999999999998 17.000000000000004 12.999999999999998 10.999999999999998 15.000000000000002
leaf_count=12 12 12 12 15 21 12 17 13 15 11 16 18 132 23 129 12 11 34 43 44 12 17 13 11 15
internal_value=0 -0.00248734 0.000106822 0.00159273 0 -1.31294e-05 0.000794163 -0.000152007 -6.51858e-05 0 0 -0.000385685 0.000181387 0.000508577 0.000173084 0.00147494 -0.000708527 -5.55551e-05 -0.000467576 0.000349536 0.000683746 -0.00012017 -0.000248745 0.000266643 0
internal_weight=682 24 658 48 33 610 78 532 520 66 505 155 350 177 142 35 28 139 77 62 38 173 145 28 26
internal_count=682 24 658 48 33 610 78 532 520 66 505 155 350 177 142 35 28 139 77 62 38 173 145 28 26
is_linear=0
shrinkage=0.0529975


Tree=310
num_leaves=32
num_cat=0
split_feature=52 29 29 47 9 19 28 45 39 44 44 30 19 13 37 39 3 37 13 19 39 2 30 35 19 34 45 29 37 30 5
split_gain=0.064533 0.799083 0.337698 0.516655 0.31975 0.0691705 0.0521405 0.0215158 0.0147298 0.0131172 0.0119717 0.0160659 0.0187094 0.0185811 0.0145488 0.0149015 0.0117802 0.0263453 0.00991578 0.0246209 0.0140556 0.0110985 0.0108231 0.00425576 0.00637834 0.00268362 0.00160963 0.00141156 0.000601209 0.00020142 4.99644e-05
threshold=1.0000000180025095e-35 0.64608805788372303 0.86516195744978364 0.60404435919047483 0.53131947937075108 -0.64259766935448892 -1.107194503700726 0.505932601546078 0.6460926943134343 -0.27086742745529524 -1.2640479947913779 0.71764532600494702 -0.48206000193395332 0.39818995660661344 -0.55685107079571161 -0.90172138751055098 -0.18551784864089971 -0.47206197451173448 0.68932155846109688 0.29826914597811244 -0.7675094355676072 1.4103060219333883 0.28707376989685612 -0.73157231585847182 -0.25106076459642362 -0.11928610139071143 -0.62647971960398829 -0.26489013004416756 0.39030517549847626 -0.2184961416748705 0.10771704366122915
decision_type=2 2 2 2 2 2 2 2 2 2 2 2 2 2 2 2 2 2 2 2 2 2 2 2 2 2 2 2 2 2 2
left_child=2 5 6 4 -4 -2 -1 8 23 -9 14 12 13 -12 15 -8 -13 26 20 25 21 -14 -22 -7 -25 -20 -18 -16 -19 -26 -11
right_child=1 -3 3 -5 -6 7 10 9 -10 30 11 16 18 -15 27 -17 17 28 19 -21 22 -23 -24 24 29 -27 -28 -29 -30 -31 -32
leaf_value=-0.0029912071226725588 0.0035407691360283462 -0.011812496064692412 0.013717178683678211 -0.0024841012469789515 0.00084063127736700165 0.00041736310878977056 0 0.0017213252374362097 -0.001790860266160658 0 -0.0020308318016431749 0 0.0014609121715284232 2.1082524642527754e-05 0.00043360822660407875 -0.0019003017987733223 0.00031907681848542809 -0.00030087726746771634 -0.00012891525053119931 -0.0022256007155051988 0.00023509617789745291 0 -0.00062470914903285039 -0.0011347797169349967 0.00018244342473221659 0.00058626349298915911 0.0026299804599491765 -4.5426091494802242e-05 5.9153669930543549e-05 0 -8.8306491231391235e-05
leaf_weight=10.999999999999998 10.999999999999998 10.999999999999998 11.000000000000002 12.999999999999998 10.999999999999998 17.999999999999993 11.999999999999998 17 15.999999999999998 11.000000000000002 19.000000000000004 20 34 11.999999999999998 14.999999999999998 25 11.000000000000002 12.000000000000002 34 10.999999999999998 178 11.999999999999998 46 13.999999999999991 10.999999999999995 13.999999999999998 17 17 10.999999999999998 15.00000000000002 11.999999999999998
leaf_count=11 11 11 11 13 11 18 12 17 16 11 19 20 34 12 15 25 11 12 34 11 178 12 46 14 11 14 17 17 11 15 12
internal_value=0 -0.00101429 0.000252424 0.00488437 0.00908742 0.000379855 -0.000104295 -2.86351e-05 -0.000604537 0.000824847 0 0.00010012 -2.95178e-05 -0.00117307 -0.000624459 -0.00127666 0.000799259 0.00120145 7.64527e-05 -0.000480953 0.000231366 0.00102088 1.64766e-05 -3.09959e-05 -0.000412717 0 0.00214399 2.82902e-05 0 0 0
internal_weight=682 136 546 35 22 125 511 114 74 40 500 431 360 31 69 37 71 51 329 59 270 46 224 58 40 48 28 32 23 26 23
internal_count=682 136 546 35 22 125 511 114 74 40 500 431 360 31 69 37 71 51 329 59 270 46 224 58 40 48 28 32 23 26 23
is_linear=0
shrinkage=0.0529975


Tree=311
num_leaves=21
num_cat=0
split_feature=19 14 19 47 13 12 12 37 44 19 31 39 45 6 10 3 13 47 37 7
split_gain=0.0691963 0.499836 0.042529 0.0713718 0.0973849 0.0162513 0.0245791 0.0192257 0.0186982 0.053382 0.0279406 0.0171268 0.0117438 0.011386 0.0146382 0.0227283 0.0170496 0.0109531 0.0090823 0.0068072
threshold=0.98085823280515616 -0.73121237853981313 0.51248132294284898 0.67367895232230446 0.63912645469308249 -1.4985551606259169 -1.2798633686153678 -0.6085517392615547 1.2189034235488292 -1.0813513871689706 -1.2529345993488217 -0.63854705280048074 0.27945013731606472 -0.98400651821324392 -0.45296540329222434 -0.58526383161889395 -0.063604998059118803 1.0000000180025095e-35 -0.74710953075000652 1.0000000180025095e-35
decision_type=2 2 2 2 2 2 2 2 2 2 2 2 2 2 2 2 2 2 2 2
left_child=2 -2 5 4 -4 11 7 -7 9 -8 -10 -1 17 18 15 -15 -16 -12 -11 -14
right_child=1 -3 3 -5 -6 6 8 -9 10 13 12 -13 19 14 16 -17 -18 -19 -20 -21
leaf_value=0.0019202820698239337 0.0039722383359819128 -0.0085218281671285718 0 -0.00048771459418427924 0.0059134381786790828 -0.0027480599892629964 -0.0030651884199873235 0 0.0026562700745258231 0.0016165958727377978 0.00024232884834096081 0 0 -0.001856756006747334 -0.00040628180759270732 0 0.00033265211141723634 -0.0011959326048854417 0 0.0013681665143498349
leaf_weight=18 12.000000000000002 11.999999999999998 16.000000000000004 21 10.999999999999998 11.000000000000002 10.999999999999998 14.999999999999998 10.999999999999998 13.999999999999998 19 21 14.999999999999998 26 141 44 208 19 18 19
leaf_count=18 12 12 16 21 11 11 11 15 11 14 19 21 15 26 141 44 208 19 18 19
internal_value=0 -0.00249669 0.000105376 0.00153225 0.00311813 -9.38639e-06 -9.60029e-05 -0.00152441 0 -0.000145685 0.000691742 0.000947336 0.000120914 -1.9909e-05 -0.000112856 -0.000781979 1.26191e-05 -0.000383032 0.000839031 0.000831762
internal_weight=682 24 658 48 27 610 571 26 545 462 83 39 72 451 419 70 349 38 32 34
internal_count=682 24 658 48 27 610 571 26 545 462 83 39 72 451 419 70 349 38 32 34
is_linear=0
shrinkage=0.0529975


Tree=312
num_leaves=27
num_cat=0
split_feature=29 29 3 29 45 7 26 5 39 35 39 29 7 29 29 5 17 30 37 39 8 2 8 1 45 44
split_gain=0.07409 0.0474025 0.0921444 0.0213594 0.0495383 0.037697 0.0192704 0.0180536 0.0260608 0.0154725 0.0128301 0.0483481 0.0127827 0.0120531 0.0137062 0.0118431 0.0112872 0.011192 0.00849752 0.00542204 0.00280386 0.0027593 0.00662122 0.00170311 0.00154489 0.000530864
threshold=1.9619634837178215 0.90830313251086625 -0.31222304860267452 -0.69154920279145393 -0.39999725537397507 -2.0381597474118105 -1.2725577322239361 -0.7275513161213284 -0.76583885052540779 -1.1498210744662603 -0.9002788601712034 0.5561357425748209 -0.25919940656948109 0.60288618035152008 0.26552658291515235 -1.3515508589206233 1.3351766794805398 0.78580018180191746 2.0509306466212647 1.8785166525286436 0.71978198616693334 -0.76581544946750491 0.89007721214553881 -0.33004044337524191 0.16620890520105805 -0.27086742745529524
decision_type=2 2 2 2 2 2 2 2 2 2 2 2 2 2 2 2 2 2 2 2 2 2 2 2 2 2
left_child=1 3 -3 4 -1 -5 9 8 15 -7 13 17 18 14 -9 -8 -13 -12 -6 25 -11 22 -10 -17 -15 -14
right_child=-2 2 -4 5 12 6 7 10 21 20 11 16 19 24 -16 23 -18 -19 -20 -21 -22 -23 -24 -25 -26 -27
leaf_value=0.0032467680372223343 -0.0033625168198745193 -0.0008364264544131688 0.0045000074523115019 -0.0024561631078305972 0 0.0022094267430262009 0 0.0011521486740914708 -0.00093309712682986912 0.000530120984661815 -7.0457403289600696e-05 -0.0031928700001184183 -5.4639440421030479e-05 0.0020004263436922522 -0.00060187131683575687 -0.0031393960211187942 -0.00010253672114515613 0.00080806468668488901 -0.0015253432380265518 0.0014035968384387457 -0.00026579293901033676 0.00051760242518369113 0.0003039835448462866 -0.00052072120856253598 7.4632991257007371e-05 0.0002619125057968869
leaf_weight=11.999999999999998 11.999999999999998 11.000000000000002 12.999999999999998 12.999999999999998 17 11.999999999999998 10.999999999999998 13.999999999999998 16.000000000000004 17.000000000000004 311 11.000000000000002 10.999999999999998 11.000000000000002 27 10.999999999999998 10.999999999999998 40 11.000000000000002 11.999999999999998 13.999999999999998 14.999999999999998 10.999999999999998 12.000000000000002 10.999999999999998 15.000000000000002
leaf_count=12 12 11 13 13 17 12 11 14 16 17 311 11 11 11 27 11 11 40 11 12 14 15 11 12 11 15
internal_value=0 8.26909e-05 0.00214303 -2.14675e-06 0.000775913 -0.000128151 -3.54998e-05 -0.000141966 -0.000863559 0.00095186 0 -0.000127076 0 0.000658476 0 -0.00183274 -0.0022501 2.19853e-05 -0.000679088 0.000678016 0 0 -0.00025377 -0.00240424 0.00150924 0
internal_weight=682 670 24 646 78 568 555 512 76 43 436 373 66 63 41 34 22 351 28 38 31 42 27 23 22 26
internal_count=682 670 24 646 78 568 555 512 76 43 436 373 66 63 41 34 22 351 28 38 31 42 27 23 22 26
is_linear=0
shrinkage=0.0529975


Tree=313
num_leaves=16
num_cat=0
split_feature=29 29 13 9 6 19 9 8 19 29 8 39 12 46 23
split_gain=0.0689264 0.0438967 0.0215881 0.0514299 0.0485642 0.0293595 0.0212012 0.0412729 0.0378947 0.0169254 0.0165457 0.0230809 0.0184794 0.0015261 0.00262666
threshold=1.9619634837178215 1.10045454059635 1.070804347098006 0.25378021797821126 0.81131795453495192 0.84812112690812347 -1.2832708155512456 2.0491712434454885 -0.61042266000295275 0.72064798413292819 0.81385000754121084 -0.73333887105792905 0.65938261488339089 0.79829901629636912 -0.16410288526707953
decision_type=2 2 2 2 2 2 2 2 2 2 2 2 2 2 2
left_child=1 2 5 4 -4 6 8 9 -1 10 12 -12 -8 14 -10
right_child=-2 -3 3 -5 -6 -7 7 -9 13 -11 11 -13 -14 -15 -16
leaf_value=-0.0030885487649061527 -0.0032436897482118116 0.0026621442130411311 0.0033713043598051313 -0.00088336388535378222 -0.00011518143659711964 -0.0022589570059753242 4.2190145548752559e-06 0.0025116866668098005 0.00047904780957969362 -0.0014425224324663838 -0.0018702639903384484 0 0.0008987225930846862 -0.00046835494168092945 -0.00025116583871127803
leaf_weight=10.999999999999998 11.999999999999998 11.999999999999998 22 18 11.999999999999998 10.999999999999998 374 12.999999999999998 21.999999999999996 15.999999999999998 22 36 77 12.999999999999998 11.000000000000002
leaf_count=11 12 12 22 18 12 11 374 13 22 16 22 36 77 13 11
internal_value=0 7.92579e-05 0 0.000985314 0.00213336 -8.41111e-05 -1.01446e-05 8.48383e-05 -0.000940264 0 5.8581e-05 -0.00071918 0.000182012 0 5.53396e-05
internal_weight=682 670 658 52 34 606 595 538 57 525 509 58 451 46 33
internal_count=682 670 658 52 34 606 595 538 57 525 509 58 451 46 33
is_linear=0
shrinkage=0.0529975


Tree=314
num_leaves=27
num_cat=0
split_feature=26 29 39 19 29 28 1 1 26 37 29 1 19 37 0 6 29 34 16 37 31 39 7 29 0 9
split_gain=0.0681474 0.217482 0.0548703 0.101547 0.0169346 0.040482 0.0485383 0.0862611 0.10002 0.0475327 0.0294391 0.0424553 0.0224434 0.0161973 0.0271043 0.0546576 0.0109753 0.00957544 0.00898396 0.00751693 0.00688864 0.00702594 0.00513718 0.00433629 0.00327959 0.002802
threshold=-2.4089509458886917 1.6259206114699825 -1.095590616565685 0.10304913531016749 -0.13426224680465501 -0.25232421866251886 -0.66310240456983449 0.69367506658607092 -0.3162705788998198 1.5670123897810002 0.60288618035152008 0.8646363028979408 0.42784664522021415 -0.80708230617037946 0.37499307311988245 0.67247960685382691 0.10301941411127748 0.8710263649775537 -0.5312812225774356 -0.83396665377261525 -1.373313165456747 2.0143865667507739 -0.52704887320649119 -0.25475630368307006 -0.81682861715296928 -0.38530503638474828
decision_type=2 2 2 2 2 2 2 2 2 2 2 2 2 2 2 2 2 2 2 2 2 2 2 2 2 2
left_child=-1 2 3 -2 12 6 -6 8 -8 10 16 -12 13 14 15 23 19 -9 -18 -7 24 22 -22 -4 -15 -17
right_child=1 -3 4 -5 5 9 7 17 -10 -11 11 -13 -14 20 -16 25 18 -19 -20 -21 21 -23 -24 -25 -26 -27
leaf_value=0.0033046141133394975 -0.00065084164012988571 -0.0058446140584787823 -0.00060493888542923358 0.0050454737229257878 0.00092936036053789268 0.0012169021355439599 -0.00045092923824379463 -0.00045794879086578444 -0.0062599125669179538 -0.0026050145630844047 0.0028593814742100222 -0.00016518060711693278 0.0021114018456266149 0 -0.00083658111593212575 0.00073679246190572418 -0.00088686880517751935 0.001159109383044753 0 0 0.00030022292741538629 0.00084757374037744101 -0.00026190231879980838 0.00042403460178945377 -0.0013416758032339814 0.0038036108241519188
leaf_weight=10.999999999999998 12.000000000000002 11.999999999999998 19 10.999999999999998 12.999999999999998 17 21 12.000000000000002 13.999999999999998 11.999999999999998 20 17 10.999999999999998 11.000000000000002 12.999999999999998 12.000000000000002 49 11.999999999999998 60 63 49 19 158 11.000000000000002 10.999999999999998 11.999999999999998
leaf_count=11 12 12 19 11 13 17 21 12 14 12 20 17 11 11 13 12 49 12 60 63 49 19 158 11 11 12
internal_value=0 -9.2553e-05 5.34429e-05 0.00231261 -3.82143e-05 -0.0003246 -0.00137284 -0.0020265 -0.00352065 0 0.000221489 0.00147804 0.000214022 8.78e-05 0.000793254 0.00134644 -2.65698e-05 0.000187813 -0.000395888 0.000387924 -8.95152e-05 0 -9.13405e-05 -2.58242e-05 -0.000873956 0.00295687
internal_weight=682 671 659 23 636 310 72 59 35 238 226 37 326 315 67 54 189 24 109 80 248 226 207 30 22 24
internal_count=682 671 659 23 636 310 72 59 35 238 226 37 326 315 67 54 189 24 109 80 248 226 207 30 22 24
is_linear=0
shrinkage=0.0529975


Tree=315
num_leaves=23
num_cat=0
split_feature=1 46 39 29 25 8 26 5 29 29 30 16 44 14 28 14 3 39 17 8 5 45
split_gain=0.0667153 0.659012 0.171095 0.140179 0.103699 0.0372102 0.0274161 0.0208016 0.0513529 0.0435542 0.0137439 0.010259 0.0133562 0.0082395 0.0193196 0.00817639 0.00452233 0.0115179 0.00858539 0.00835483 0.00668682 0.000628421
threshold=-1.1721621033097072 1.0000000180025095e-35 -0.94532615882081716 1.10045454059635 -1.3719805033927748 0.85464137538116247 -1.877632260629583 0.74678726848443155 0.82104171692581018 0.74294718631138545 1.3147074542432582 -0.2889285474547143 -1.2640479947913779 1.6156882778111015 0.12386009174167734 1.7296564751518833 -0.29794640635346076 1.8785166525286436 0.0060736938188062231 -0.35220596932827636 0.40641290761443566 1.0000000180025095e-35
decision_type=2 2 2 2 2 2 2 2 2 2 2 2 2 2 2 2 2 2 2 2 2 2
left_child=1 2 -1 6 -4 -6 -2 8 10 11 16 12 -9 14 -14 -15 18 19 20 -18 -8 -20
right_child=3 -3 4 -5 5 -7 7 9 -10 -11 -12 -13 13 15 -16 -17 17 -19 21 -21 -22 -23
leaf_value=0.0051456563389543925 0.0020140981193877269 -0.010417023058920149 -0.0035783139482059205 0.0047889250930258608 -0.0001585840153721792 0.0029051340655179554 0.00026372342721028109 -0.0011323487478189247 -0.0031002732376996692 0.002947585881285407 -0.0014920067728204486 0.001272096152181959 0.0014130304039062975 -0.0011762639351431733 -0.00022182058843608205 5.840758294771311e-05 -0.00068450068503963428 -0.0013695229175269424 1.5528212863550914e-05 7.914853047228724e-05 -0.00073034765385970608 0.0013614999105964591
leaf_weight=13.999999999999998 12.999999999999998 11.999999999999998 14.999999999999995 11.999999999999998 20.000000000000007 10.999999999999998 57 20 10.999999999999998 11.999999999999998 12.999999999999998 12.999999999999998 33 11.999999999999998 27 43 41 13.999999999999998 14.000000000000002 242 21 11.999999999999998
leaf_count=14 13 12 15 12 20 11 57 20 11 12 13 13 33 12 27 43 41 14 14 242 21 12
internal_value=0 -0.0014674 0.00100055 0.000177643 -0.000574607 0.00103441 2.69191e-05 -2.54095e-05 -0.000230287 0.000465379 -9.42263e-05 0.000111825 0 0.000185893 0.000618203 -0.000185619 -1.04356e-05 -0.000131771 0.000260864 -1.92247e-05 0 0.000993776
internal_weight=682 72 60 610 46 31 598 585 425 160 414 148 135 115 60 55 401 297 104 283 78 26
internal_count=682 72 60 610 46 31 598 585 425 160 414 148 135 115 60 55 401 297 104 283 78 26
is_linear=0
shrinkage=0.0529975


Tree=316
num_leaves=15
num_cat=0
split_feature=26 8 19 29 2 29 5 1 30 45 37 45 19 8
split_gain=0.0655097 0.202661 0.453466 0.294068 0.184239 0.0257208 0.0119725 0.0233127 0.0177198 0.0157446 0.0162906 0.0107749 0.00767397 0.00497709
threshold=-2.4089509458886917 1.7394377131769621 1.0723426282595778 1.0555066932308372 -1.4537527450134631 0.86516195744978364 -0.88180945008426204 -1.2781151662940411 1.2754480605365839 -0.96620341594900816 -0.80708230617037946 -0.39999725537397507 -0.49068578805936591 0.85464137538116247
decision_type=2 2 2 2 2 2 2 2 2 2 2 2 2 2
left_child=-1 2 3 5 -3 6 9 -8 12 -2 13 -12 -9 -11
right_child=1 4 -4 -5 -6 -7 7 8 -10 10 11 -13 -14 -15
leaf_value=0.0032422575004453199 -0.0018030190515486283 -0.0079944656521126044 0.0079554184645834105 -0.0068262434899626408 0.00015628433390569934 0.0019602359333230749 0.0016214507976584688 -0.00053659998245587882 0.0014315739899253598 0 0.00016154724052748053 -0.0011889594448713473 4.8235811176013213e-06 0.0013883275878394609
leaf_weight=10.999999999999998 17 11.000000000000002 13.999999999999998 11.999999999999998 10.999999999999998 12.999999999999998 20 78 17 11.000000000000002 12.999999999999998 33 409 11.999999999999998
leaf_count=11 17 11 14 12 11 13 20 78 17 11 13 33 409 12
internal_value=0 -8.8724e-05 9.03605e-05 -0.000144945 -0.00450902 3.64929e-05 -1.18489e-05 7.35607e-05 0 -0.000579049 -6.43077e-05 -0.00069835 -7.31974e-05 0.000845076
internal_weight=682 671 649 635 22 623 610 524 504 86 69 46 487 23
internal_count=682 671 649 635 22 623 610 524 504 86 69 46 487 23
is_linear=0
shrinkage=0.0529975


Tree=317
num_leaves=31
num_cat=0
split_feature=3 29 29 29 45 30 25 29 3 47 3 45 30 15 47 1 26 30 3 3 9 6 45 30 48 30 39 31 19 0
split_gain=0.0618724 0.377645 0.240029 0.0319005 0.0433417 0.0391317 0.0274604 0.0468915 0.0238089 0.0153028 0.00898582 0.0263631 0.018652 0.0106454 0.0104346 0.0119702 0.0101358 0.0122865 0.00942648 0.0123088 0.0150377 0.00995076 0.00908791 0.00892302 0.00832338 0.00799741 0.00208164 0.00191218 0.00154896 0.00166775
threshold=0.69784939052922235 0.61291980503130861 1.10045454059635 -0.88252550066366586 -0.96620341594900816 0.55810110622004083 1.8505823875210379 0.88506091518751828 -0.023121043056089436 -0.23157075839148036 -0.27296228241733606 0.61917383366108469 -0.58702578341731926 -1.1024209864414194 0.1166022072676676 0.12744175199285582 0.54392754760021067 0.57198224772349726 -0.033828524743000084 0.31238004980044182 -0.67980906353811055 0.40753608999192309 -0.5132384874889816 0.26394665027283193 1.0000000180025095e-35 0.58764190694955731 -0.025205845435152478 0.73806589905872177 -0.53971877660986134 -1.0000000180025095e-35
decision_type=2 2 2 2 2 2 2 2 2 2 2 2 2 2 2 2 2 2 2 2 2 2 2 2 2 2 2 2 2 2
left_child=2 3 6 -2 5 -5 7 10 -8 23 11 13 24 -1 -13 27 17 -15 25 21 -21 -20 -18 -6 -12 26 -14 -16 -11 -30
right_child=1 -3 -4 4 9 -7 8 -9 -10 28 12 14 18 16 15 -17 22 -19 19 20 -22 -23 -24 -25 -26 -27 -28 -29 29 -31
leaf_value=-0.001318000054599394 0.0021926480383626188 -0.0084172845533520575 0.0053086257248596358 0 0 -0.00366105364687885 0 -0.0028332390667716919 0.0028625678271007567 9.9230813930964074e-05 -0.0019891959267739701 0.0022652017834245454 7.9686325087215023e-05 0 -0.00019590860061948905 0.0015119871407191221 0.0014046036339718829 -0.0015561982336011241 0 0.00084267139298298678 -0.00064454978287731355 0.0011625170774266045 0 0.0019922341653193054 0 -0.001412395108041852 -0.00041519552532730242 0.0004274172583523357 -0.00059785845466661951 0
leaf_weight=12.999999999999998 10.999999999999998 10.999999999999998 19 19.000000000000004 11.000000000000002 10.999999999999998 15.000000000000002 10.999999999999998 10.999999999999998 10.999999999999998 15.999999999999998 12.999999999999998 32 84 34 15.999999999999998 18 10.999999999999998 57 17 69 40 15.999999999999998 13.999999999999998 11.000000000000002 15.999999999999998 28 14.999999999999998 19.999999999999993 12.000000000000005
leaf_count=13 11 11 19 19 11 11 15 11 11 11 16 13 32 84 34 16 18 11 57 17 69 40 16 14 11 16 28 15 20 12
internal_value=0 -0.00106729 0.000230808 1.39459e-05 -0.000275767 -0.00180977 0 -9.50845e-05 0.00150425 0.000398422 0 0.000247843 -0.000197214 -0.000144706 0.00100495 0.000484488 0 -0.000256629 -1.79981e-05 0.000160854 -0.000238877 0.000576344 0.000738566 0.0013236 -0.00138899 -0.000514108 -6.21656e-05 0 -9.30778e-05 -0.000348236
internal_weight=682 120 562 109 98 30 543 517 26 68 506 220 286 142 78 65 129 95 259 183 86 97 34 25 27 76 60 49 43 32
internal_count=682 120 562 109 98 30 543 517 26 68 506 220 286 142 78 65 129 95 259 183 86 97 34 25 27 76 60 49 43 32
is_linear=0
shrinkage=0.0529975


Tree=318
num_leaves=27
num_cat=0
split_feature=26 29 39 19 29 28 34 26 37 29 19 19 1 37 0 6 29 29 9 39 29 8 9 29 9 7
split_gain=0.0634294 0.208126 0.0540552 0.0979455 0.0168296 0.0351736 0.0448374 0.0757827 0.0447233 0.023552 0.0394119 0.0209111 0.0176825 0.0144782 0.025102 0.0487822 0.0114856 0.0104594 0.00603369 0.00631559 0.00528371 0.00498396 0.00413178 0.00364022 0.00258964 0.000227159
threshold=-2.4089509458886917 1.6259206114699825 -1.095590616565685 0.10304913531016749 -0.13426224680465501 -0.25232421866251886 0.8710263649775537 -0.3162705788998198 1.5670123897810002 0.58730087529752451 0.061091527678925943 0.42784664522021415 0.90595426672017687 -0.80708230617037946 0.37499307311988245 0.67247960685382691 0.10301941411127748 0.51841408575409187 -0.98554292810885469 2.0143865667507739 0.027640928824010213 0.40266565603973276 -0.25921606990860707 -0.25475630368307006 -0.38530503638474828 -0.87629078451825793
decision_type=2 2 2 2 2 2 2 2 2 2 2 2 2 2 2 2 2 2 2 2 2 2 2 2 2 2
left_child=-1 2 3 -2 11 6 7 16 9 17 -11 13 -12 14 15 23 -6 20 21 22 -7 25 -20 -4 -17 -15
right_child=1 -3 4 -5 5 8 -8 -9 -10 10 12 -13 -14 18 -16 24 -18 -19 19 -21 -22 -23 -24 -25 -26 -27
leaf_value=0.0031921404601298995 -0.000611681424569513 -0.0057130485232612929 -0.00054517644007777519 0.0049805272456859787 -0.0011466386514643197 0.00048941617905605926 0.00083243429643853198 -0.0041796545381782768 -0.0025447659822257973 0.0033061355395417793 0.0011072917976648871 0.0020520744580625246 -0.0011221759612807102 1.2939125415957876e-05 -0.00079922544504079987 0.00067690160703367565 0.00038060604545697989 -0.0011990969367093912 0.00028851031986112393 0.00084888692902263267 -8.9783416563330275e-05 -0.0012688255551995577 -0.00022506425878111456 0.00040552245851452459 0.0036262583647859977 -0.00018283394756414854
leaf_weight=10.999999999999998 12.000000000000002 11.999999999999998 19 10.999999999999998 17 55 13.999999999999998 20 11.999999999999998 10.999999999999998 15.000000000000002 10.999999999999998 12.999999999999998 11.999999999999998 12.999999999999998 12.000000000000002 21 13.999999999999998 50 18 118 13.999999999999998 141 11.000000000000002 11.999999999999998 13.000000000000002
leaf_count=11 12 12 19 11 17 55 14 20 12 11 15 11 13 12 13 12 21 14 50 18 118 14 141 11 12 13
internal_value=0 -8.56564e-05 5.69035e-05 0.00229885 -3.4008e-05 -0.000319732 -0.00129646 -0.00194932 0 0.000197769 0.00129175 0.000217522 0 9.45613e-05 0.00076064 0.00129493 -0.000207038 -2.72431e-05 -7.15974e-05 1.60102e-05 6.55608e-05 -0.000635879 -5.04752e-05 0 0.00281454 0
internal_weight=682 671 659 23 636 310 72 58 238 226 39 326 28 315 67 54 38 187 248 209 173 39 191 30 24 25
internal_count=682 671 659 23 636 310 72 58 238 226 39 326 28 315 67 54 38 187 248 209 173 39 191 30 24 25
is_linear=0
shrinkage=0.0529975


Tree=319
num_leaves=17
num_cat=0
split_feature=5 8 19 29 19 5 45 24 17 8 24 4 37 37 29 8
split_gain=0.0598416 0.235622 0.427421 0.248287 0.0300298 0.015773 0.0264294 0.00953881 0.0430255 0.0201056 0.0158061 0.0114022 0.0102806 0.0066676 0.0102838 0.00531298
threshold=-2.226046647382725 1.7394377131769621 1.1335994122992328 1.0555066932308372 0.79929482605924529 -0.80108974281624157 -0.96620341594900816 0.32017177740606889 0.41201791251062686 -1.0585182509927076 0.13307393809034262 0.088422718086807628 -0.35832050388688674 -0.80708230617037946 -0.29243874328179176 1.2216947210633207
decision_type=2 2 2 2 2 2 2 2 2 2 2 2 2 2 2 2
left_child=-1 2 3 4 5 6 -2 10 -9 -10 11 -7 -12 14 -8 -15
right_child=1 -3 -4 -5 -6 7 13 8 9 -11 12 -13 -14 15 -16 -17
leaf_value=0.0027827560712119603 -0.0020378794721380524 -0.005252780140466734 0.0083900029382549691 -0.0060923841151549049 0.0021848727133624225 0.00024614299174413801 0.001462517871194413 -0.0023846562380805221 -0.00075378516261578508 0.00046775417637756036 0.0019266724275011251 -0.00084519354074433369 0 0 -6.6281221713946394e-05 -0.0012408572060503887
leaf_weight=14.999999999999998 21 18 10.999999999999998 12.999999999999998 11.999999999999998 268 11.000000000000002 15.999999999999998 46 122 20 22 13.999999999999998 44 18 10.999999999999998
leaf_count=15 21 18 11 13 12 268 11 16 46 122 20 22 14 44 18 11
internal_value=0 -9.03076e-05 8.89876e-05 -0.000120076 4.97943e-05 -1.47848e-06 -0.000584931 0.000110945 -0.000167251 7.86917e-05 0.000290267 0.00012431 0.0013003 -3.2503e-05 0.000465259 -0.000429405
internal_weight=682 667 649 638 625 613 105 508 184 168 324 290 34 84 29 55
internal_count=682 667 649 638 625 613 105 508 184 168 324 290 34 84 29 55
is_linear=0
shrinkage=0.0529975


Tree=320
num_leaves=30
num_cat=0
split_feature=25 15 6 29 4 6 0 35 29 25 19 23 29 7 6 9 34 28 37 19 0 30 29 16 35 17 12 5 39
split_gain=0.0605145 0.527622 0.188335 0.134932 0.116949 0.0336067 0.0220241 0.0309148 0.0394159 0.0303932 0.0343325 0.0471534 0.0281199 0.0253153 0.0203361 0.0192986 0.0180282 0.0160755 0.0181323 0.0144021 0.0069398 0.00463386 0.00793693 0.00578474 0.00448085 0.00365178 0.00283759 0.00205093 0.00108796
threshold=-1.1505461041247356 0.9320235755932279 0.26195950044603578 1.10045454059635 -1.2268577428520142 0.67247960685382691 -0.64383157088201604 -0.83654927055063666 -0.30458813288010861 -0.55693638513625909 -0.49068578805936591 0.069677131563801023 0.82104171692581018 0.10945559533585329 0.83908917833320762 -0.067729804180652955 0.39130272261152038 -0.37220747792138908 2.0054340583713257 -0.69894649288888322 1.1765653322971847 0.24889491302505343 -0.65771292292125405 0.46148900620481703 -0.90587422673224238 -0.70931647686124488 1.2612069853294787 0.20596136942164409 -0.84457657212698811
decision_type=2 2 2 2 2 2 2 2 2 2 2 2 2 2 2 2 2 2 2 2 2 2 2 2 2 2 2 2 2
left_child=2 3 4 6 -1 15 7 24 21 25 11 16 17 28 -7 -4 -11 27 -19 -13 -21 22 -9 -23 -2 -8 -16 -12 -10
right_child=1 -3 5 -5 -6 14 9 8 13 10 12 19 -14 -15 26 -17 -18 18 -20 20 -22 23 -24 -25 -26 -27 -28 -29 -30
leaf_value=0.0076715952255922105 0 -0.0086584948346702332 -0.0027811122511938388 0.0046095065494871365 0 0.0020517904958213141 2.7048756178110091e-05 -0.0014329524215771236 0 -0.0039293858543170065 0.001743881135996532 0.0013568843603259972 0.0019668582075785261 -0.0041161660629992023 -0.00070252309184494054 0 -0.00033328345185418056 -0.00014412768454514995 0.0016232088445408243 -0.0011406770517548945 4.2464525025506969e-05 -0.00015743016244475845 0 0.0009957570115769756 0.00087940644681646957 0.0021098992637503208 7.0713842731479583e-05 2.6204613924994099e-05 -0.00092807623171410755
leaf_weight=11.000000000000002 21 13.999999999999998 12.000000000000002 11.999999999999998 10.999999999999998 10.999999999999998 11.000000000000002 11.000000000000002 10.999999999999998 11.000000000000002 11.000000000000002 10.999999999999998 18 11.999999999999998 11.000000000000002 10.999999999999998 12.999999999999998 306 10.999999999999998 16.000000000000004 10.999999999999998 17.000000000000004 14.999999999999998 10.999999999999998 20 17 10.999999999999998 12.999999999999998 11.000000000000002
leaf_count=11 21 14 12 12 11 11 11 11 11 11 11 11 18 12 11 11 13 306 11 16 11 17 15 11 20 17 11 13 11
internal_value=0 -0.000188172 0.00132905 8.61915e-05 0.00489863 -0.000298785 -4.21237e-05 -0.000644843 -0.00120041 0.000121906 0 -0.00109452 0.000202538 -0.00247695 0.000618892 -0.00171203 -0.00267036 5.68985e-05 -3.21798e-05 0 -0.000526857 -0.000113011 -0.000627702 0.000185882 0.000399988 0.00164619 -0.000134083 0.00123755 -0.000643238
internal_weight=682 604 78 590 22 56 578 129 88 449 421 62 359 34 33 23 24 341 317 38 27 54 26 28 41 28 22 24 22
internal_count=682 604 78 590 22 56 578 129 88 449 421 62 359 34 33 23 24 341 317 38 27 54 26 28 41 28 22 24 22
is_linear=0
shrinkage=0.0529975


Tree=321
num_leaves=33
num_cat=0
split_feature=12 29 29 18 26 31 30 3 29 3 39 7 39 18 12 26 6 8 25 39 47 39 10 13 13 29 6 1 44 12 3 3
split_gain=0.0596027 0.380861 0.198768 0.0257085 0.0353829 0.0275285 0.0567326 0.0423942 0.0389675 0.0596403 0.0271317 0.0219642 0.0231007 0.019342 0.0166022 0.0159822 0.0169167 0.0137782 0.0128617 0.0126555 0.0104393 0.00649006 0.00606042 0.00732259 0.00492924 0.00467518 0.00358334 0.00231973 0.00147519 0.00105864 0.00173722 0.00135276
threshold=-0.98615590337404135 0.88506091518751828 1.10045454059635 -1.2658921237314475 0.79575984322147053 0.070867766400252261 1.0344553418453899 2.4199693618406726 0.14814661164550594 -0.74409147664140096 -0.7675094355676072 -0.21192386697240859 -0.59789242406345444 0.056667851971490886 0.36503071886080979 -0.49946439884091043 0.81131795453495192 -0.98220770660251067 -0.13511650400726147 -0.87701220232026433 0.1166022072676676 -0.63854705280048074 0.3271610461649968 -1.0173119696513917 -0.69606330553609974 0.47209431521368045 0.0090831882210389483 -0.33311830524010383 -0.27086742745529524 -1.5974222798662221 0.3641328779538428 -0.16410288526707839
decision_type=2 2 2 2 2 2 2 2 2 2 2 2 2 2 2 2 2 2 2 2 2 2 2 2 2 2 2 2 2 2 2 2
left_child=1 17 3 4 -2 6 7 11 14 -10 19 15 13 -13 22 16 -5 -1 -17 -11 -16 25 24 -24 27 -19 -26 -7 -14 -23 31 -31
right_child=2 -3 -4 5 -6 8 -8 -9 9 10 -12 12 28 -15 20 18 -18 21 -20 -21 -22 29 23 -25 26 -27 -28 -29 -30 30 -32 -33
leaf_value=-0.00083739892344988551 0 -0.0081912848137268863 0.0048448998545066796 0.00080384282735899493 0.0028234414103844151 0 0.0030973731063986733 -0.0025409449665088207 0.00044740064380730546 -0.0018238121072676574 -0.0046784251039430061 0.0030784337326447298 0.00042770011806928735 0 -0.0018719353594362517 -0.0014005474903063966 -0.00022097356483505241 0.0016065368227766001 0 0 0 -0.00017491471091427084 0.0016008825612102901 0 0.00061415918825231659 0 -3.3077740974662198e-05 -0.00068767809568237635 -9.5765315010736655e-05 0 0 0.00080373151919097636
leaf_weight=22 21 11.999999999999998 19 68 14.999999999999998 13.999999999999998 11.999999999999998 10.999999999999998 19 18 10.999999999999998 14.000000000000002 14.999999999999998 12.999999999999998 14.000000000000002 33 96 14.000000000000002 23 12.000000000000002 13.999999999999998 15.999999999999998 11.000000000000002 12.999999999999998 37 12.999999999999998 13.999999999999998 24 27 14.999999999999995 10.999999999999998 11.000000000000005
leaf_count=22 21 12 19 68 15 14 12 11 19 18 11 14 15 13 14 33 96 14 23 12 14 16 11 13 37 13 14 24 27 15 11 11
internal_value=0 -0.0010761 0.000222648 0 0.00127246 -9.00674e-05 0.000204694 7.73136e-06 -0.000574026 -0.0016403 -0.00269003 0.000178095 0.00096812 0.00202402 -2.43736e-05 -5.78927e-05 0.000176229 0.000104645 -0.000806926 -0.00110902 -0.00109482 0.000485255 0.000223976 0.000875488 0 0.00107988 0.000329153 -0.000417527 0 0 0.000231308 0.000473704
internal_weight=682 114 568 549 36 513 312 300 201 60 41 289 69 27 141 220 164 102 56 30 28 80 113 24 89 27 51 38 42 53 37 26
internal_count=682 114 568 549 36 513 312 300 201 60 41 289 69 27 141 220 164 102 56 30 28 80 113 24 89 27 51 38 42 53 37 26
is_linear=0
shrinkage=0.0529975


Tree=322
num_leaves=30
num_cat=0
split_feature=19 14 29 34 34 50 9 29 39 1 19 45 39 29 29 26 30 19 1 6 19 19 6 45 10 45 1 19 26
split_gain=0.062375 0.489641 0.0400057 0.0181204 0.0631485 0.0354339 0.0570127 0.00911523 0.0259062 0.0280572 0.0165884 0.0164178 0.0104491 0.0286023 0.0126813 0.0120239 0.0140359 0.0089724 0.00739479 0.00560302 0.00778501 0.010048 0.00415456 0.00406004 0.00574538 0.00400804 0.00195268 0.000581078 0.000284442
threshold=0.98085823280515616 -0.73121237853981313 0.90830313251086625 -0.73135396192651403 -0.68513511825975881 1.0000000180025095e-35 -1.020083620481669 -0.26489013004416756 -0.48469126969849824 -0.015445653369820173 -0.58544148469855284 0.27945013731606472 -0.9002788601712034 0.58353607546613506 0.60288618035152008 0.85987119301870041 0.49972355929608853 -0.39954163509215512 1.4091380473544046 0.83908917833320762 -0.52265859133717474 -0.036147584648132454 1.074755030010859 0.73241506577609128 1.0577619183025921 -0.17351479114396184 -0.96156173692007141 0.030962659840112938 0.31876196602869761
decision_type=2 2 2 2 2 2 2 2 2 2 2 2 2 2 2 2 2 2 2 2 2 2 2 2 2 2 2 2 2
left_child=2 -2 3 5 -5 6 -1 8 9 -6 11 -10 14 15 17 18 -17 -9 -14 20 -8 25 -21 24 -12 -22 -23 -19 -25
right_child=1 -3 -4 4 7 -7 19 12 10 -11 23 -13 13 -15 -16 16 -18 27 -20 22 21 26 -24 28 -26 -27 -28 -29 -30
leaf_value=0.0034139065934308379 0.0040129257223432448 -0.0083457364634714742 0.0022310019445607654 -0.0030572413336507134 0 -0.0013632638199302454 0.0012618467941224356 0.00079808919742238246 -0.0022374298361720712 0.0026336155209280045 0.00074485181556725852 0 -0.00060117721036832014 -0.002212403500247765 0.0012948386948174516 0 0.0017141536570514895 -0.00083898567491699414 0.00016486486146077367 -0.0007999802316128482 0 0.0010119775109786473 0.00013336763623362561 -0.00018575113660569348 -5.9446311751698864e-05 -0.00073813128023575685 0 0 0
leaf_weight=14.999999999999998 12.000000000000002 11.999999999999998 18 13.999999999999998 13.000000000000002 17 25 10.999999999999998 11.000000000000002 18 57 15.999999999999998 126 15.999999999999998 20 55 10.999999999999998 17 28 13.000000000000002 17 23 14.999999999999998 21 15.999999999999998 24 12.999999999999998 14.999999999999998 12.999999999999998
leaf_count=15 12 12 18 14 13 17 25 11 11 18 57 16 126 16 20 55 11 17 28 13 17 23 15 21 16 24 13 15 13
internal_value=0 -0.00236663 0.000104038 1.32508e-05 -0.000140348 0.000496871 0.000806691 0 0.000294876 0.00153905 0 -0.00108679 -0.000187599 -0.000363272 0.000343627 -0.00014275 0.000382215 -6.05648e-05 -0.000417283 0.000317236 0.000514272 0.000113766 -0.000159189 0.000259686 0.000489019 -0.000328958 0.000759271 -0.000618921 -5.75671e-05
internal_weight=682 24 658 640 478 162 145 464 165 31 134 27 299 236 63 220 66 43 154 130 102 77 28 107 73 41 36 32 34
internal_count=682 24 658 640 478 162 145 464 165 31 134 27 299 236 63 220 66 43 154 130 102 77 28 107 73 41 36 32 34
is_linear=0
shrinkage=0.0529975


Tree=323
num_leaves=23
num_cat=0
split_feature=1 46 13 29 36 45 11 5 30 29 11 29 16 44 14 0 14 9 9 35 9 9
split_gain=0.0622862 0.601077 0.159951 0.121741 0.107475 0.0431211 0.0254182 0.0168112 0.0485074 0.0394688 0.016453 0.011709 0.00850923 0.0111389 0.0075083 0.0181372 0.00700176 0.00454867 0.00886713 0.00897006 0.0053663 0.00324536
threshold=-1.1721621033097072 1.0000000180025095e-35 1.5024822395029298 1.10045454059635 -0.50266238782419026 0.27945013731606472 1.5332902844327656 0.74678726848443155 1.2754480605365839 0.74294718631138545 1.5895402411079365 0.72064798413292819 -0.2889285474547143 -1.2640479947913779 1.6156882778111015 1.466616724892299 1.7296564751518833 0.83331775609094938 0.65886012099562496 -0.2630483435448594 1.1190177853149279 1.4864958234905767
decision_type=2 2 2 2 2 2 2 2 2 2 2 2 2 2 2 2 2 2 2 2 2 2
left_child=1 2 4 6 10 -6 7 8 11 12 -1 17 13 -9 15 -15 -16 18 19 -2 -19 -22
right_child=3 -3 -4 -5 5 -7 -8 9 -10 -11 -12 -13 -14 14 16 -17 -18 20 -20 -21 21 -23
leaf_value=-0.0003541016306511988 -0.00025046166373571602 -0.0099613084273466254 0.0054129636260747144 0.0044747095745667851 0.0034636974868431239 -1.9711957167736118e-05 0.0020004924719108047 -0.0010435088315487399 -0.0026914835167013143 0.0027882290211532768 -0.0040049683989491587 -0.0012740817995073323 0.0011498174091966093 0 -0.0011047830197835607 0.0018607653539437861 2.0450212339344217e-05 0.00098383477712871972 -0.00095820549014365381 0.00031333880436165484 -0.00034984791949704456 0.00044096857384023246
leaf_weight=11.999999999999998 164 11.999999999999998 10.999999999999998 11.999999999999998 11.000000000000005 14.999999999999998 11.999999999999998 20 14.999999999999998 11.999999999999998 10.999999999999998 14.999999999999998 12.999999999999998 45 11.999999999999998 14.999999999999998 43 21 23 142 24 22
leaf_count=12 164 12 11 12 11 15 12 20 15 12 11 15 13 45 12 15 43 21 23 142 24 22
internal_value=0 -0.00141337 0.000940135 0.000176267 -0.000417677 0.00160868 3.4879e-05 -1.34296e-05 -0.000198671 0.000427058 -0.00280819 -5.35469e-05 8.91407e-05 -8.01725e-06 0.000157132 0.000574161 -0.000195019 0 -7.161e-05 0 0.000389216 0
internal_weight=682 72 60 610 49 26 598 586 426 160 23 411 148 135 115 60 55 396 329 306 67 46
internal_count=682 72 60 610 49 26 598 586 426 160 23 411 148 135 115 60 55 396 329 306 67 46
is_linear=0
shrinkage=0.0529975


Tree=324
num_leaves=23
num_cat=0
split_feature=1 14 13 9 29 37 8 17 29 13 7 9 34 34 39 19 29 17 35 30 35 3
split_gain=0.0581669 0.58012 0.243212 0.21253 0.113243 0.0957837 0.0236458 0.0169994 0.085503 0.053301 0.011656 0.0168813 0.0120474 0.0133622 0.0112662 0.0103864 0.00639584 0.00331416 0.00420927 0.00167207 0.00147308 0.000854525
threshold=-1.1721621033097072 -0.73121237853981313 1.8940040488934418 -0.3968032259349587 1.10045454059635 -0.10808926851221907 1.5332902844327656 1.4192046470161108 0.88506091518751828 0.41826799811381915 1.0187734968076321 1.4436013126245439 1.0709669521227543 0.67648328409650371 -0.75718744093125423 -0.082621678983574642 -0.47252050244418736 1.8637116030817829 1.7012671989904511 -0.0087200035789157526 1.5577177967336298 -0.11235005711367717
decision_type=2 2 2 2 2 2 2 2 2 2 2 2 2 2 2 2 2 2 2 2 2 2
left_child=1 2 3 -1 6 -5 7 8 10 16 11 12 13 -2 -14 -12 -9 18 20 -17 -18 -19
right_child=4 -3 -4 5 -6 -7 -8 9 -10 -11 15 -13 14 -15 -16 19 17 21 -20 -21 -22 -23
leaf_value=-0.004451715494099822 -1.3876909436491145e-05 -0.0094784258042943745 0.0065324780076778388 0.0046676248189021748 0.0043165787811640325 -0.00044345623780723224 0.0019297975442224046 0.00093934080676097464 -0.0038456782365868403 0.0033109700654690077 0.0015700728563770034 -0.0016199757666432568 0 0.0012156369807674464 -0.0015775487623224899 0.00040592365209946805 -0.00034471466407776558 0 -0.0010698554159329552 -0.00024686931988422239 0.00029404868988420113 0.00033720827501723845
leaf_weight=18.999999999999996 368 12.999999999999998 10.999999999999998 11.999999999999998 11.999999999999998 17.000000000000007 11.999999999999998 11.999999999999998 10.999999999999998 10.999999999999998 17 13.999999999999998 11.000000000000002 20 20 14.000000000000002 15.000000000000002 11.000000000000002 13.999999999999998 17 12.999999999999998 18
leaf_count=19 368 13 11 12 12 17 12 12 11 11 17 14 11 20 20 14 15 11 14 17 13 18
internal_value=0 -0.00136547 0.00102421 -0.000694015 0.000170707 0.00190928 3.39193e-05 -1.22596e-05 -0.000150105 0.000605116 -4.93699e-06 -0.000109192 -2.01332e-05 4.93091e-05 -0.000945195 0.000713861 0 -0.000164553 -0.000480144 0 0 9.68823e-05
internal_weight=682 72 59 48 610 29 598 586 492 94 481 433 419 388 31 48 83 71 42 31 28 29
internal_count=682 72 59 48 610 29 598 586 492 94 481 433 419 388 31 48 83 71 42 31 28 29
is_linear=0
shrinkage=0.0529975


Tree=325
num_leaves=36
num_cat=0
split_feature=3 1 29 46 2 14 19 1 28 1 2 2 18 37 37 9 9 19 39 19 29 29 25 3 19 19 36 3 8 9 8 37 37 12 39
split_gain=0.057882 0.350415 0.199546 0.763404 0.0355624 0.0378033 0.0110017 0.0108916 0.0184755 0.031475 0.01421 0.0231768 0.0128657 0.0157345 0.0121942 0.0119119 0.013068 0.00733227 0.00586497 0.00551516 0.0111519 0.00903531 0.00413236 0.003516 0.00345153 0.00332705 0.00207555 0.00165223 0.00135954 0.000856956 0.000603731 0.00123692 0.000751665 0.000137119 5.27218e-05
threshold=0.69784939052922235 -1.1721621033097072 0.90830313251086625 0.47595447567225796 -0.94857875423307914 -0.75231760026958761 -0.64259766935448892 -0.57542997569195231 -0.56407171506897791 0.078195962155066481 -0.23450893579348234 -0.17934027635135594 0.6712887414903167 -0.83396665377261525 -0.76158571792043761 -0.34633506250714963 0.29419725938086166 0.12048126241451844 -0.46382886132451456 0.39064810619775014 0.58730087529752451 0.10301941411127748 -0.29119027196421488 -0.18016410779744454 0.2060410461089841 0.30420161467930168 0.2552713988816398 -0.51388062037282356 0.3347643421965813 0.74259105953129667 0.15591952901507297 0.47716229852109099 0.8576792184296721 -0.27314210422092317 0.1897639484662442
decision_type=2 2 2 2 2 2 2 2 2 2 2 2 2 2 2 2 2 2 2 2 2 2 2 2 2 2 2 2 2 2 2 2 2 2 2
left_child=2 -2 7 -4 -3 -6 -7 14 9 -9 12 -12 13 -10 27 -16 25 22 -11 20 21 -13 -8 -21 29 -17 -24 -1 -14 -18 32 -32 -15 -28 -31
right_child=1 4 3 -5 5 6 17 8 10 18 11 19 28 30 15 16 24 -19 -20 23 -22 -23 26 -25 -26 -27 33 -29 -30 34 31 -33 -34 -35 -36
leaf_value=0 -0.0065253470845292785 0.0024729525624184482 0.011953805419662121 -0.002601759478938339 -0.0020439410941375876 0.0015065905534003786 0.00017103553058630261 -0.0024706128500953856 -0.0019893947352932384 0.00065599693690213893 0.0018824443979924713 0.00026546346538891747 0 -0.00022015449331278333 0.0010384753971172569 0 0 0.000903924494099486 -0.00060735485091027404 0 0.0011621753898974573 -0.00050569709309072344 -0.001116701918393031 -0.0011267858992377706 0.00064613822486885486 -0.0015176327587090469 0 0.0013385468592315168 0.00049345869366981647 -0.00038176013164730149 0 -0.00064627065999971916 0.00022341237122500972 -0.00015053112049131899 0
leaf_weight=12.999999999999998 20 11.999999999999998 12.000000000000002 18 15.999999999999998 13.999999999999998 10.999999999999991 19 21 16.000000000000004 14.999999999999998 111 11.000000000000002 18.000000000000004 20 11.000000000000002 17 13.999999999999998 12.999999999999998 16.000000000000004 20 61 11.000000000000005 10.999999999999998 19 15.999999999999998 10.999999999999991 26 17 12.000000000000002 11.000000000000002 11.999999999999998 12.999999999999998 11.000000000000009 12.999999999999998
leaf_count=13 20 12 12 18 16 14 11 19 21 16 15 111 11 18 20 11 17 14 13 16 20 61 11 11 19 16 11 26 17 12 11 12 13 11 13
internal_value=0 -0.00102774 0.000227868 0.00404785 0.000312839 -4.63823e-05 0.000430981 -1.72774e-05 -0.000177473 -0.00109015 -1.03269e-05 0.000196935 -0.000530205 -0.000895799 0.000347141 0 -0.000240176 0 0 3.35323e-06 0.00013834 0 -0.000291755 -0.000595569 0.000109901 -0.00111901 -0.000627708 0.00108209 0.000228889 -3.75755e-05 -0.000197768 -0.000373372 0 0 -0.000282558
internal_weight=682 120 562 30 100 88 72 532 385 48 337 234 103 75 147 108 88 58 29 219 192 172 44 27 61 27 33 39 28 42 54 23 31 22 25
internal_count=682 120 562 30 100 88 72 532 385 48 337 234 103 75 147 108 88 58 29 219 192 172 44 27 61 27 33 39 28 42 54 23 31 22 25
is_linear=0
shrinkage=0.0529975


Tree=326
num_leaves=21
num_cat=0
split_feature=19 14 19 47 13 29 44 19 39 30 44 30 30 5 12 13 10 1 8 28
split_gain=0.061288 0.441365 0.0350876 0.0605408 0.0717058 0.0200746 0.0181099 0.0459634 0.0288656 0.0107368 0.0110705 0.011067 0.01193 0.00985999 0.00920962 0.00885563 0.0035753 0.00303992 0.00367827 0.00301284
threshold=0.98085823280515616 -0.73121237853981313 0.51248132294284898 0.67367895232230446 0.63912645469308249 0.88506091518751828 1.2189034235488292 -1.0813513871689706 -0.82078362726012033 1.2232764528055513 0.7223131398807876 0.19847614544474915 0.72940658708961503 -1.3515508589206233 1.5742456831807683 -0.59567309800007096 -0.17431934504819654 -0.27930235687570154 -0.50718984864654415 0.10533568207627406
decision_type=2 2 2 2 2 2 2 2 2 2 2 2 2 2 2 2 2 2 2 2
left_child=2 -2 5 4 -4 6 7 -1 -8 10 13 19 -13 -9 -15 16 -10 -17 -19 -12
right_child=1 -3 3 -5 -6 -7 8 9 15 -11 11 12 -14 14 -16 17 -18 18 -20 -21
leaf_value=-0.0026960563395384582 0.0037205126498328065 -0.0080112440297627503 0 -0.00043893623525320473 0.0052725435278702026 -0.00161724044417824 0.0024930077109882004 0.00090895166046661507 0 0.0012622032920843467 0.00027115228425062394 -0.0018136045254288598 0 7.6431695327471653e-05 -0.0010408147212276426 8.2435169121414077e-05 0.0014151816434259871 0 -0.00090728236124820174 -0.00042090907656779802
leaf_weight=11.999999999999998 12.000000000000002 11.999999999999998 16.000000000000004 21 10.999999999999998 14.999999999999998 14.999999999999998 32 11.000000000000002 12.999999999999998 32 22 12.999999999999998 343 15.999999999999998 19 10.999999999999998 11.000000000000002 19 26
leaf_count=12 12 12 16 21 11 15 15 32 11 13 32 22 13 343 16 19 11 11 19 26
internal_value=0 -0.00234138 0.000107681 0.00140276 0.00286633 0 4.94375e-05 -6.09894e-05 0.000740309 2.01301e-05 -1.40151e-05 -0.00052698 -0.00119533 9.65175e-05 0 0.000113991 0.000925827 -0.000184708 -0.000533485 0
internal_weight=682 24 658 48 27 610 595 509 86 497 484 93 35 391 359 71 22 49 30 58
internal_count=682 24 658 48 27 610 595 509 86 497 484 93 35 391 359 71 22 49 30 58
is_linear=0
shrinkage=0.0529975


Tree=327
num_leaves=17
num_cat=0
split_feature=29 29 3 29 24 7 9 27 30 26 7 39 27 27 30 13
split_gain=0.0606757 0.029791 0.0928471 0.0184839 0.0315551 0.0292307 0.014267 0.0488014 0.0122288 0.0127624 0.0148361 0.00855481 0.0083527 0.00524617 0.00268643 0.000810668
threshold=1.9619634837178215 0.90830313251086625 -0.31222304860267452 -0.8996447736816684 -0.7269168590994628 -2.0381597474118105 1.4436013126245439 -0.50979715618823251 1.2232764528055513 -1.2725577322239361 -1.4158865503371294 1.8332589020591132 0.72545351707787109 0.10022906527122051 0.36695455861168719 0.74955568298271402
decision_type=2 2 2 2 2 2 2 2 2 2 2 2 2 2 2 2
left_child=1 3 -3 4 -1 -5 8 -8 9 10 15 12 -11 14 -9 -7
right_child=-2 2 -4 5 -6 6 7 13 -10 11 -12 -13 -14 -15 -16 -17
leaf_value=0.0027719638392029533 -0.0030345749808577799 -0.0011848377127704343 0.0041381314511837203 -0.0020538515532686394 -2.5759590617745366e-05 -5.7155131303086362e-05 -0.0031888054380213131 0 0.0013813182882213614 -4.2016351186561682e-05 0.0020665625727684083 0.00088386986641851052 -0.0011309905408812607 -0.00051581318507332651 0.00090288986763217827 0.0003161501778525657
leaf_weight=12.000000000000002 11.999999999999998 11.000000000000002 12.999999999999998 13.999999999999998 18 18 10.999999999999998 11.000000000000002 13.999999999999998 458 11.999999999999998 19 15.999999999999998 10.999999999999998 15.999999999999998 15.999999999999998
leaf_count=12 12 11 13 14 18 18 11 11 14 458 12 19 16 11 16 16
internal_value=0 8.33766e-05 0.00171644 0 0.00117463 -6.01407e-05 0 -0.000808286 8.60742e-05 2.47875e-05 0.000822621 -4.46488e-05 -0.000106996 6.27493e-05 0.000561042 0
internal_weight=682 670 24 646 30 616 602 49 553 539 46 493 474 38 27 34
internal_count=682 670 24 646 30 616 602 49 553 539 46 493 474 38 27 34
is_linear=0
shrinkage=0.0529975


Tree=328
num_leaves=14
num_cat=0
split_feature=39 16 29 25 3 29 24 19 1 5 19 39 29
split_gain=0.0595276 0.0540136 0.0352477 0.0207888 0.0189087 0.0170186 0.0295606 0.0211843 0.00878476 0.00949004 0.00764616 0.0250174 0.0102231
threshold=-1.1840427946005181 2.483592546261761 1.0039302244272565 1.8505823875210379 -0.023121043056089436 -0.8996447736816684 -0.7269168590994628 -1.0115814289029357 -1.2781151662940411 -0.8786798243624413 -0.49068578805936591 -0.41422937597226511 0.58730087529752451
decision_type=2 2 2 2 2 2 2 2 2 2 2 2 2
left_child=-1 2 3 5 -5 6 -2 -7 9 -9 11 -10 -12
right_child=1 -3 -4 4 -6 7 -8 8 10 -11 12 -13 -14
leaf_value=-0.0030064662441018097 0.0026740061449425064 0.0030319238396558324 -0.0020805402127871912 0 0.0026044193073353952 -0.0018506366408933377 -2.473551613687873e-05 0 -0.0010440143958881912 0.0014046162215027036 -4.051904826918514e-05 0.00060772936685167794 0.00086161200925974509
leaf_weight=11.999999999999998 12.000000000000002 10.999999999999998 15.999999999999998 15.000000000000002 10.999999999999998 11.999999999999998 18 17 68 19 410 29 32
leaf_count=12 12 11 16 15 11 12 18 17 68 19 410 29 32
internal_value=0 8.1867e-05 0 7.63863e-05 0.001394 0 0.00112634 -5.99886e-05 0 0.00073458 -6.07673e-05 -0.000475748 1.98612e-05
internal_weight=682 670 659 643 26 617 30 587 575 36 539 97 442
internal_count=682 670 659 643 26 617 30 587 575 36 539 97 442
is_linear=0
shrinkage=0.0529975


Tree=329
num_leaves=22
num_cat=0
split_feature=26 29 39 19 29 19 19 19 12 13 12 29 28 0 5 2 26 5 37 47 19
split_gain=0.0559214 0.197016 0.0431744 0.0853308 0.0131764 0.0303791 0.0261527 0.0123355 0.0117754 0.0176533 0.0159981 0.0128681 0.0111152 0.0105853 0.00801148 0.00736715 0.00991903 0.00727167 0.00748831 0.00389538 0.00223033
threshold=-2.4089509458886917 1.6259206114699825 -1.095590616565685 0.10304913531016749 0.017107796502060884 -0.56695609829581051 0.86932162594016515 0.50703029617112583 -0.27314210422092317 0.75959470373631699 0.1960524508192901 0.58730087529752451 -0.93928036375800361 0.74375944713916031 0.57192177036583158 1.4905115010031726 0.79575984322147053 0.23758617016408462 2.0054340583713257 0.1166022072676676 -0.39553125998539179
decision_type=2 2 2 2 2 2 2 2 2 2 2 2 2 2 2 2 2 2 2 2 2
left_child=-1 2 3 -2 7 -6 8 12 9 11 13 -7 -4 -10 17 16 -16 18 -14 -19 -12
right_child=1 -3 4 -5 5 6 -8 -9 10 -11 20 -13 14 -15 15 -17 -18 19 -20 -21 -22
leaf_value=0.0030052606164069195 -0.00060832951690862258 -0.0055485845830671211 0.001232307605708409 0.0045832061852955309 -0.002102206964106376 -0.00028198789313763946 -0.0021024300716437016 0.0015365717012108457 0.0020412143040445625 -0.0016978652695589418 0.00043582315001872509 0.001033359914218328 9.3088285563171322e-05 0 0 -8.1338052079439868e-05 0.0015695991668951941 -0.0010250135197163112 -0.0008231638928766884 0 -0.00024296339782792019
leaf_weight=10.999999999999998 12.000000000000002 11.999999999999998 15.999999999999998 10.999999999999998 19 86 10.999999999999998 11.999999999999998 18.000000000000004 13.999999999999998 12.999999999999998 21 232 10.999999999999998 33 23 21 28 22 17 39
leaf_count=11 12 12 16 11 19 86 11 12 18 14 13 21 232 11 33 23 21 28 22 17 39
internal_value=0 -7.2554e-05 6.57915e-05 0.00206804 -1.43768e-05 -0.000337534 -9.4977e-05 0.000156385 3.82193e-05 -0.000251945 0.00053945 0 7.40709e-05 0.00141682 0 0.000467624 0.000802619 -0.000119469 0 -0.00069704 0
internal_weight=682 671 659 23 636 232 213 404 202 121 81 107 392 29 376 77 54 299 254 45 52
internal_count=682 671 659 23 636 232 213 404 202 121 81 107 392 29 376 77 54 299 254 45 52
is_linear=0
shrinkage=0.0529975


Tree=330
num_leaves=28
num_cat=0
split_feature=52 29 29 47 9 19 28 45 39 12 3 3 39 1 8 10 19 10 44 44 16 9 39 1 29 13 5
split_gain=0.0559892 0.694146 0.274948 0.458722 0.288107 0.0572021 0.0410819 0.0137149 0.0118821 0.0107121 0.0132688 0.0132704 0.0109649 0.0108736 0.0108154 0.0100681 0.0123469 0.0120673 0.00955086 0.00864095 0.00573157 0.00531031 0.00331352 0.00240114 0.0011759 0.0011617 7.69718e-06
threshold=1.0000000180025095e-35 0.64608805788372303 0.86516195744978364 0.60404435919047483 0.53131947937075108 -0.64259766935448892 -1.107194503700726 0.505932601546078 0.744944268791493 1.6038475019141529 -0.94039530756809431 -0.74409147664140096 -0.24197457294979449 -1.2781151662940411 -1.0689398979680929 0.96486216107045431 -0.64259766935448892 1.0940465440769784 -0.76745771112333661 -0.27086742745529524 0.28363056964762273 0.37454822436379737 -0.26279973947802987 -1.0000000180025095e-35 -0.032986732049394264 0.58391184054826661 0.10771704366122915
decision_type=2 2 2 2 2 2 2 2 2 2 2 2 2 2 2 2 2 2 2 2 2 2 2 2 2 2 2
left_child=2 5 6 4 -4 -2 -1 8 21 10 12 24 14 18 -8 16 -15 -17 -13 -9 -11 23 -23 25 -12 -7 -21
right_child=1 -3 3 -5 -6 7 9 19 -10 20 11 13 -14 15 -16 17 -18 -19 -20 26 -22 22 -24 -25 -26 -27 -28
leaf_value=-0.0026392860221598202 0.0032328611381850086 -0.011001064329642827 0.012783425508910035 -0.0024647947098319044 0.00064149493067758171 0.00086982182858486674 0 0.00139076328496726 -0.0015690375144689044 0 5.280016436436751e-05 0 8.0022967404120963e-05 0.00067408338001868873 -0.0019697677319838419 0.001756515559485153 -0.00024944299010349203 0 0.0017404495266380535 0 -0.0015176506141923952 -0.0011012715262136742 0 0 0.0017604939678324881 0 -3.4659982462572628e-05
leaf_weight=10.999999999999998 10.999999999999998 10.999999999999998 11.000000000000002 12.999999999999998 10.999999999999998 11.999999999999995 21 17 14.999999999999998 11.000000000000002 12.000000000000002 11.000000000000002 21 39 15.999999999999998 12.999999999999998 280 38 13.999999999999998 11.000000000000002 12.999999999999998 11.000000000000002 10.999999999999998 14.000000000000005 10.999999999999998 10.999999999999998 11.999999999999998
leaf_count=11 11 11 11 13 11 12 21 17 15 11 12 11 21 39 16 13 280 38 14 11 13 11 11 14 11 11 12
internal_value=0 -0.000935495 0.000244471 0.00442364 0.00839965 0.000359987 -7.62513e-05 -6.71112e-06 -0.000478511 0 7.10354e-05 0.000190317 -0.000616755 8.94072e-05 -0.00113068 0 -0.00010469 0.000658524 0.00104342 0.00066286 -0.000960184 0 -0.000635494 0.000289712 0.00130557 0.000597531 0
internal_weight=682 136 546 35 22 125 511 114 74 500 476 418 58 395 37 370 319 51 25 40 24 59 22 37 23 23 23
internal_count=682 136 546 35 22 125 511 114 74 500 476 418 58 395 37 370 319 51 25 40 24 59 22 37 23 23 23
is_linear=0
shrinkage=0.0529975


Tree=331
num_leaves=20
num_cat=0
split_feature=29 29 6 29 24 7 9 19 3 19 1 3 5 2 8 9 39 19 30
split_gain=0.0589716 0.0303059 0.0825179 0.0150721 0.0279856 0.027694 0.013462 0.0438181 0.0115861 0.0195187 0.0147397 0.0122687 0.0111774 0.0177874 0.00641381 0.00636094 0.00531069 0.00460546 0.00251227
threshold=1.9619634837178215 0.90830313251086625 -0.60262248212223379 -0.8996447736816684 -0.7269168590994628 -2.0381597474118105 1.4436013126245439 -0.50979715618823851 -0.94753362869270152 -0.89269806438786092 -1.2781151662940411 -0.74409147664140096 0.50019352231405556 -0.20235004493694972 0.85464137538116247 -0.081648303953357024 -0.70346796692612446 0.10022906527121493 0.36695455861168719
decision_type=2 2 2 2 2 2 2 2 2 2 2 2 2 2 2 2 2 2 2
left_child=1 3 -3 4 -1 -5 8 -8 12 -10 14 -12 15 -14 -11 -7 -15 18 -9
right_child=-2 2 -4 5 -6 6 7 17 9 10 11 -13 13 16 -16 -17 -18 -19 -20
leaf_value=0.0025731008432411601 -0.0029889391298477713 0.004003731737151601 -0.0010072061238116693 -0.0019941876955334378 -4.5599099766028794e-05 0 -0.0030331886920763967 0 0.0019317726078140894 0 0.0011451714267631085 -3.4110736202851554e-05 0.0014675853155507912 -0.0012198968767195655 0.0018501640711798615 -0.0018462762186214204 0 -0.00049344433288023748 0.00085077980882090865
leaf_weight=12.000000000000002 11.999999999999998 13.000000000000002 10.999999999999998 13.999999999999998 18 12.000000000000002 10.999999999999998 11.000000000000002 11.999999999999998 11.000000000000002 20 429 10.999999999999998 13.000000000000002 12.999999999999998 13.999999999999998 18 10.999999999999998 15.999999999999998
leaf_count=12 12 13 11 14 18 12 11 11 12 11 20 429 11 13 13 14 18 11 16
internal_value=0 8.47906e-05 0.00173197 0 0.00106199 -5.2834e-05 4.833e-08 -0.000778902 8.91792e-05 0.000191925 0.000109572 1.74675e-05 -0.000505416 0 0.0012519 -0.00125377 -0.000600776 3.93636e-05 0.000518338
internal_weight=682 670 24 646 30 616 602 49 553 485 473 449 68 42 24 26 31 38 27
internal_count=682 670 24 646 30 616 602 49 553 485 473 449 68 42 24 26 31 38 27
is_linear=0
shrinkage=0.0529975


Tree=332
num_leaves=19
num_cat=0
split_feature=39 16 29 25 44 19 29 9 35 17 6 9 35 39 21 21 30 34
split_gain=0.0563528 0.0515608 0.0317433 0.018752 0.0147897 0.039085 0.0248061 0.0143777 0.0123683 0.0268607 0.0177906 0.00741353 0.0121799 0.0106964 0.00386684 0.00766867 0.00427819 0.00235551
threshold=-1.1840427946005181 2.483592546261761 1.0039302244272565 1.8711999457115185 1.2189034235488292 -1.0813513871689706 -0.69154920279145393 0.097893719014687811 0.26955033972340064 0.41201791251062686 -0.26213174428442021 0.50442375747734025 -0.26831454240107105 -0.41108126879085261 1.2751111534208797 -0.29245322120738132 0.30087394435312981 -0.77796904999978012
decision_type=2 2 2 2 2 2 2 2 2 2 2 2 2 2 2 2 2 2
left_child=-1 2 3 4 5 -2 -6 -5 11 -10 -11 12 -7 -13 15 17 -17 -8
right_child=1 -3 -4 7 6 8 14 -9 9 10 -12 13 -14 -15 -16 16 -18 -19
leaf_value=-0.0029226699677845922 -0.0025236693272817383 0.0029645654936539742 -0.0019719759125268292 0 0.0024213256438113799 -0.00027272429755940562 0 0.0023849075730302603 -0.001938031327543297 0.00039151519806619728 -0.0008440219112426674 0.001125682363666491 0.00045664175153506008 0 0.00083072204632836887 -0.00094458433752793989 0 0.00087524228623560903
leaf_weight=11.999999999999998 11.999999999999998 10.999999999999998 15.999999999999998 12.000000000000002 11.999999999999998 168 12.000000000000002 10.999999999999998 21 79 46 41 96 68 10.999999999999998 21 18 14.999999999999998
leaf_count=12 12 11 16 12 12 168 12 11 21 79 46 41 96 68 11 21 18 15
internal_value=0 8.20856e-05 0 7.46984e-05 1.74795e-06 -9.49169e-05 0.000621591 0.00139328 0 -0.000414014 -2.76654e-05 0.000151388 0 0.000506562 0.000102283 0 -0.000517943 0.000535676
internal_weight=682 670 659 643 620 531 89 23 519 146 125 373 264 109 77 66 39 27
internal_count=682 670 659 643 620 531 89 23 519 146 125 373 264 109 77 66 39 27
is_linear=0
shrinkage=0.0529975


Tree=333
num_leaves=19
num_cat=0
split_feature=29 29 3 29 19 19 28 13 19 13 39 29 53 44 13 7 9 15
split_gain=0.0543584 0.0299293 0.0767273 0.0140608 0.0790964 0.052252 0.00952417 0.00852824 0.0112436 0.00917222 0.0078618 0.0116426 0.00742774 0.00474647 0.00700522 0.00679952 0.00291287 0.00177247
threshold=1.9619634837178215 0.90830313251086625 -0.31222304860267452 -0.51854962340086708 -0.97371853943483189 -0.89853941475979127 -0.17592557091568831 1.6681260819373771 0.76820330720288033 1.1310384716196233 -0.99967917988423871 0.68829317853210092 0.35627397084393697 1.0000000180025095e-35 -0.063604998059118803 -0.25919940656948109 -0.25921606990860707 0.36427314617117185
decision_type=2 2 2 2 2 2 2 2 2 2 2 2 2 2 2 2 2 2
left_child=1 3 -3 4 -1 -5 13 8 9 10 -7 -12 -8 16 15 -15 -6 -18
right_child=-2 2 -4 5 6 7 12 -9 -10 -11 11 -13 -14 14 -16 -17 17 -19
leaf_value=0.0038676709118280676 -0.0028695161334425898 -0.00092092953900341354 0.0039048138618273595 -0.0029267571197193732 0.00065938944636820349 0.00085858265541410026 0.001473854496915323 0.0010240930803222554 -0.0012636355262171061 -0.001065950288027123 3.9724192759269282e-05 -0.0012984685554783856 0 -0.0016681658182778555 0 0 1.7545995967644246e-05 -0.00048254083730886189
leaf_weight=10.999999999999998 11.999999999999998 11.000000000000002 12.999999999999998 11.999999999999998 11.999999999999998 25 13 14.999999999999998 14.999999999999998 15.999999999999998 421 12.999999999999998 12 14.999999999999995 14.999999999999998 20.000000000000004 14.000000000000002 17
leaf_count=11 12 11 13 12 12 25 13 15 15 16 421 13 12 15 15 20 14 17
internal_value=0 8.15328e-05 0.00171822 0 0.000487528 -0.000119004 0 -5.05508e-06 -6.26417e-05 0 4.06645e-05 -1.63523e-06 0.000811305 -0.000253237 -0.000592449 -0.000979469 2.2875e-05 -0.000101664
internal_weight=682 670 24 646 129 517 118 505 490 475 459 434 25 93 50 35 43 31
internal_count=682 670 24 646 129 517 118 505 490 475 459 434 25 93 50 35 43 31
is_linear=0
shrinkage=0.0529975


Tree=334
num_leaves=16
num_cat=0
split_feature=26 29 39 29 25 3 29 12 30 19 35 12 37 0 9
split_gain=0.0547543 0.185673 0.0384856 0.015138 0.0181434 0.0162012 0.0110285 0.020755 0.0455783 0.0169212 0.0153488 0.0140848 0.0112296 0.0194204 0.00464904
threshold=-2.4089509458886917 1.6259206114699825 -1.1698462209513918 1.0039302244272565 1.8505823875210379 -0.023121043056089436 -0.13426224680465501 -1.4985551606259169 0.89761297373070026 0.42784664522021415 1.7012671989904511 -1.9259442767136641 -0.80708230617037946 0.37499307311988245 -0.98554292810885469
decision_type=2 2 2 2 2 2 2 2 2 2 2 2 2 2 2
left_child=-1 2 -2 4 6 -6 9 11 10 12 -9 -8 13 -4 -14
right_child=1 -3 3 -5 5 -7 7 8 -10 -11 -12 -13 14 -15 -16
leaf_value=0.0029752315681982788 0.0025532499141969305 -0.0053864233240967334 0.0011250695408233828 -0.0015626164680676241 0 0.0023935521723532109 -0.00011327409262804904 -7.3205984012004666e-05 -0.0031338264947537177 0.0018321508869949691 -0.0017800887208274205 0.0016329589762062598 -0.00056647285265537973 -0.00069246885854269702 0
leaf_weight=10.999999999999998 10.999999999999998 11.999999999999998 55 10.999999999999998 15.000000000000002 10.999999999999998 12.000000000000002 231 10.999999999999998 10.999999999999998 10.999999999999998 19 39 12.999999999999998 209
leaf_count=11 11 12 55 11 15 11 12 231 11 11 11 19 39 13 209
internal_value=0 -7.02177e-05 6.37815e-05 0 3.97782e-05 0.00127322 -1.32523e-05 -0.000262273 -0.000443395 0.000182876 -0.000220121 0.000859406 7.07222e-05 0.00065525 -7.3738e-05
internal_weight=682 671 659 648 637 26 611 284 253 327 242 31 316 68 248
internal_count=682 671 659 648 637 26 611 284 253 327 242 31 316 68 248
is_linear=0
shrinkage=0.0529975


Tree=335
num_leaves=28
num_cat=0
split_feature=3 30 29 53 0 19 25 29 9 30 30 3 30 12 3 10 39 6 29 3 3 9 48 6 30 9 39
split_gain=0.05544 0.338164 0.209487 0.0274206 0.0443441 0.0416056 0.0182671 0.0351038 0.0132237 0.00896842 0.0163589 0.00690644 0.013911 0.0133466 0.0232713 0.0146165 0.0145924 0.0133948 0.0101527 0.00725164 0.0101952 0.0124893 0.00723454 0.00721658 0.00618462 0.00609683 0.00156472
threshold=0.69784939052922235 -0.65921609552741589 1.10045454059635 1.0626078316449983 -0.68108654142594893 -0.73439517079375893 1.8711999457115185 0.88506091518751828 0.097893719014687811 0.75264601063067438 0.39738538890153063 -0.27296228241733606 -0.58702578341731926 1.0586862688453456 -0.60310963443041177 0.60560064464422292 1.8332589020591132 1.074755030010859 0.57858038708847614 -0.033828524743000084 0.31238004980044182 -0.67980906353811055 1.0000000180025095e-35 0.40753608999192309 0.58764190694955731 -0.26257192804284063 -0.025205845435152478
decision_type=2 2 2 2 2 2 2 2 2 2 2 2 2 2 2 2 2 2 2 2 2 2 2 2 2 2 2
left_child=2 -2 6 4 5 -3 7 11 -8 10 25 13 22 15 -15 16 18 -17 -1 24 23 -22 -13 -21 26 -6 -14
right_child=1 3 -4 -5 9 -7 8 -9 -10 -11 -12 12 19 14 -16 17 -18 -19 -20 20 21 -23 -24 -25 -26 -27 -28
leaf_value=-0.00010608731624019819 -0.007958091033978959 -0.0037536159575048229 0.0049702122832894439 0.0016714615432721961 0 0 0 -0.0024343677636717597 0.0022536256719059809 0.0012188838633482029 -0.0012912207449359532 -0.0017362911162277805 7.8834978797846997e-05 0 0.0025304433269001674 -0.0018495996795236437 0.001563299166946855 0 0.0011072231258408281 8.9014895177246225e-06 0.00075308890129999033 -0.00057570755300720585 0 0.0010403604420175488 -0.0012262526537177509 0.0012229115656250452 -0.00035228496148890902
leaf_weight=135 10.999999999999998 11.000000000000002 19 18 13.999999999999998 19 12.000000000000002 10.999999999999998 10.999999999999998 19 12.999999999999998 15.999999999999998 32 17.000000000000004 11.999999999999998 14.000000000000002 14.999999999999998 10.999999999999998 15.999999999999998 58 18 70 11.000000000000002 40 15.999999999999998 15.000000000000002 28
leaf_count=135 11 11 19 18 14 19 12 11 11 19 13 16 32 17 12 14 15 11 16 58 18 70 11 40 16 15 28
internal_value=0 -0.00100249 0.000226318 1.70855e-05 -0.000321245 -0.00184561 0 -6.35984e-05 0.00130233 0.000422278 0 1.82196e-06 -0.000153167 0.000234989 0.00119374 2.20574e-05 0.000245474 -0.000996592 1.53656e-05 0 0.00015483 -0.000198897 -0.00118062 0.00053278 -0.000438484 0.000638692 -3.0249e-05
internal_weight=682 120 562 109 91 30 543 520 23 61 42 509 289 220 29 191 166 25 151 262 186 88 27 98 76 29 60
internal_count=682 120 562 109 91 30 543 520 23 61 42 509 289 220 29 191 166 25 151 262 186 88 27 98 76 29 60
is_linear=0
shrinkage=0.0529975


Tree=336
num_leaves=20
num_cat=0
split_feature=26 29 13 29 29 8 19 44 23 23 23 45 23 45 44 1 53 8 13
split_gain=0.0550067 0.179249 0.034593 0.0733586 0.028808 0.0163356 0.0105708 0.0139713 0.0204165 0.0086547 0.012392 0.0139579 0.0136974 0.00928961 0.00826891 0.00957498 0.00803085 0.00669817 0.000259256
threshold=-2.4089509458886917 1.6259206114699825 1.1310384716196233 0.82104171692581018 0.88506091518751828 0.85464137538116247 0.76820330720288033 0.7223131398807876 1.1315023988490986 0.41231654554493891 -0.27296228241733678 1.0721387621211111 -0.91541118363197038 0.505932601546078 1.2189034235488292 -0.46667885646683477 1.0626078316449983 -0.53083416844541564 -0.73621938855051117
decision_type=2 2 2 2 2 2 2 2 2 2 2 2 2 2 2 2 2 2 2
left_child=-1 2 4 5 6 -4 7 9 14 10 12 -12 -2 16 15 -9 -11 -16 -15
right_child=1 -3 3 -5 -6 -7 -8 8 -10 13 11 -13 -14 18 17 -17 -18 -19 -20
leaf_value=0.0029802258423521403 -9.6859697843190679e-05 -0.0052955702320492586 -0.0009804082514395004 0.0041149153426300209 -0.0019243228378279973 0.0011339816247324854 -0.0011586177123373413 0.00026074417513943202 -0.0018203623064774832 0.0011634210549112147 0 -0.0013197764361785854 0.00083017048764479648 -0.00020115306373838721 0.00093544608636459857 -0.00075963970188257018 0 0 0
leaf_weight=10.999999999999998 59 11.999999999999998 19.000000000000004 11.999999999999998 15.999999999999998 10.999999999999998 13.999999999999998 24 15.999999999999998 66 133 21 91 12.000000000000002 24 65 11.999999999999998 52 11.999999999999998
leaf_count=11 59 12 19 12 16 11 14 24 16 66 133 21 91 12 24 65 12 52 12
internal_value=0 -7.23266e-05 5.91759e-05 0.00143387 -3.60904e-05 0 2.11852e-05 7.25336e-05 -0.00029132 0.000253576 8.02914e-05 -0.000221059 0.000431057 0.000672225 -4.3566e-05 -0.000411864 0.000944264 0.000301127 0
internal_weight=682 671 659 42 617 30 601 587 181 406 304 154 150 102 165 89 78 76 24
internal_count=682 671 659 42 617 30 601 587 181 406 304 154 150 102 165 89 78 76 24
is_linear=0
shrinkage=0.0529975


Tree=337
num_leaves=26
num_cat=0
split_feature=19 30 29 29 19 19 28 1 19 12 28 37 1 31 53 45 29 37 29 30 9 19 30 1 17
split_gain=0.0576599 0.282076 0.0273428 0.0131204 0.0714766 0.0484683 0.00838763 0.00761815 0.016425 0.0216681 0.0119409 0.0113541 0.01034 0.00741201 0.0068772 0.00666014 0.00645802 0.00477858 0.00475976 0.003499 0.00286205 0.00267411 0.00208806 0.00098736 0.000909316
threshold=1.0723426282595778 -1.2395848496026971 0.90830313251086625 -0.51854962340086708 -0.97371853943483189 -0.89853941475979127 -0.17592557091568831 -0.57542997569195231 -0.49068578805936591 0.095558910110420295 -0.37220747792138908 -0.80708230617037946 -0.053219412620397137 0.97000711212708468 0.35627397084393697 -0.73972095171899488 -0.13919528949838361 1.3126451009290661 0.22011875519856186 0.30819134468247433 0.29419725938086166 -0.78831803872658812 -0.04612323557625686 -0.74396622992847694 0.0060736938188062231
decision_type=2 2 2 2 2 2 2 2 2 2 2 2 2 2 2 2 2 2 2 2 2 2 2 2 2
left_child=1 -1 3 4 -3 -5 17 11 9 -9 12 16 -10 -12 -8 -11 -7 21 -18 -19 23 -6 -22 -13 -23
right_child=-2 2 -4 5 6 7 14 8 10 15 13 20 -14 -15 -16 -17 18 19 -20 -21 22 24 -24 -25 -26
leaf_value=-0.0068416317248612517 0.0024011510651501958 0.0036787911159657785 0.0018237320143608005 -0.002825628659929671 -0.00053767489215946341 0 0.0014026652586247427 -0.0024564496963460137 0 0.00058468527106499666 0 -0.0006214809560767231 0.0016393095591865129 -0.0006362544377130217 0 -0.00064932147866333056 0.0017798082509494994 -0.0012302105718514237 0.00018651694847259006 0 0.0005101466630199232 0.00030551002940722188 0 0 0
leaf_weight=10.999999999999998 21 10.999999999999998 18 11.999999999999998 12.999999999999998 11.999999999999998 13 12.999999999999998 14.000000000000002 12.999999999999998 235 20.000000000000004 15.999999999999998 54 12 23 18 13.000000000000002 24 11.999999999999998 20 43 18 10.999999999999998 11.999999999999998
leaf_count=11 21 11 18 12 13 12 13 13 14 13 235 20 16 54 12 23 18 13 24 12 20 43 18 11 12
internal_value=0 -9.72085e-05 6.7776e-05 0 0.000465577 -0.00012211 0 -8.68751e-06 -0.000142987 -0.000988879 0 0.000326941 0.000913971 -0.000108447 0.000763285 -1.75352e-05 0.000871324 -0.000235706 0.00115193 -0.000781313 -4.15686e-05 0 0.000143085 -0.000443216 0.00018194
internal_weight=682 661 650 632 129 503 118 491 368 49 319 123 30 289 25 36 54 93 42 25 69 68 38 31 55
internal_count=682 661 650 632 129 503 118 491 368 49 319 123 30 289 25 36 54 93 42 25 69 68 38 31 55
is_linear=0
shrinkage=0.0529975


Tree=338
num_leaves=25
num_cat=0
split_feature=6 13 13 6 19 5 19 44 19 52 10 13 29 2 26 13 8 35 37 45 14 36 45 37
split_gain=0.0546619 0.794891 0.436846 0.0661665 0.088268 0.0419144 0.0147737 0.0199851 0.0335336 0.0255702 0.0183144 0.0184867 0.0152867 0.0145626 0.017151 0.0114869 0.00904231 0.00482675 0.00939658 0.00456769 0.00283204 0.00131383 0.00112496 6.78763e-05
threshold=-0.78485340212065313 1.2113506376484462 1.9743162149222646 -0.71207127959319683 0.86932162594016515 -0.012559061107562601 0.51248132294284898 1.2189034235488292 -1.0115814289029357 1.0000000180025095e-35 -0.45296540329222434 0.41826799811381915 0.64608805788372303 1.7727646623197912 1.5277718273517384 0.41826799811381915 -0.53083416844541564 1.6833029701327484 -0.83396665377261525 1.1853799942361178 1.7570932634005898 0.6170125243548773 0.73241506577609128 0.81838671039563404
decision_type=2 2 2 2 2 2 2 2 2 2 2 2 2 2 2 2 2 2 2 2 2 2 2 2
left_child=1 5 3 -2 6 -1 7 8 -5 16 11 -10 -12 14 17 -8 -9 18 -7 -18 -15 22 -20 -23
right_child=2 -3 -4 4 -6 13 15 9 10 -11 12 -13 -14 20 -16 -17 19 -19 21 -21 -22 23 -24 -25
leaf_value=0.0027800793928646809 0.0031283474674382397 -0.01170971064868997 0.0083713185902319371 -0.0025675180666614437 -0.0036835888213847161 0.0010361843143518381 0 0.0010103204436048773 0 0.0023798445464054147 -6.2145565878755809e-05 -0.0023933986104040499 0.0015649821311009544 0.0014706832038254543 -0.0018142196302582793 0.0019307157866670481 -0.00064857133145765193 -0.00078672241246481275 -0.00055130419465413154 0.00021872938520643139 0 0 0 0.00010619257047032944
leaf_weight=11.999999999999998 11.999999999999998 10.999999999999998 11.999999999999998 10.999999999999998 12.999999999999998 20.999999999999993 15.000000000000002 14.999999999999998 28 12.999999999999998 333 12.999999999999998 10.999999999999998 13.000000000000002 10.999999999999998 12.999999999999998 32 10.999999999999998 18.000000000000011 10.999999999999998 15.999999999999998 13.000000000000002 12.999999999999998 10.999999999999998
leaf_count=12 12 11 12 11 13 21 15 15 28 13 333 13 11 13 11 13 32 11 18 11 16 13 13 11
internal_value=0 -0.000874251 0.000252499 -1.48772e-05 -0.000138345 0.00038386 0 -7.89331e-05 -0.000240799 0.000681597 -0.000118101 -0.00110027 0 0 -0.000273327 0.00106485 4.48984e-06 0 0.000192467 -0.000284533 0.000973014 -8.53653e-05 -0.000334263 5.83016e-06
internal_weight=682 150 532 520 508 139 495 467 396 71 385 41 344 127 98 28 58 87 76 43 29 55 31 24
internal_count=682 150 532 520 508 139 495 467 396 71 385 41 344 127 98 28 58 87 76 43 29 55 31 24
is_linear=0
shrinkage=0.0529975


Tree=339
num_leaves=25
num_cat=0
split_feature=19 30 29 29 6 19 10 29 44 21 19 6 2 4 37 2 16 19 29 29 15 9 13 19
split_gain=0.0542977 0.266484 0.0289121 0.0121455 0.0247798 0.0199167 0.065958 0.0112329 0.00724015 0.00705785 0.0124161 0.0230873 0.0122097 0.0177736 0.0109258 0.00992345 0.00594127 0.00490418 0.00414609 0.00547517 0.00398658 0.0026781 0.00181277 0.000230812
threshold=1.0723426282595778 -1.2395848496026971 0.90830313251086625 -0.69154920279145393 -0.24190902949609092 -0.78831803872658812 0.69104039462678457 -0.82759195732530222 -0.27086742745529524 -0.59482983229471509 -0.49068578805936591 0.20834490871109884 -0.23450893579348234 -0.11737869302819316 -0.80708230617037946 -0.67761133655606165 0.49109026712612219 -0.67208257287183415 -0.13919528949838361 0.22011875519856186 0.054048657570057917 0.29419725938086166 -0.28446345463838202 0.24634144076326539
decision_type=2 2 2 2 2 2 2 2 2 2 2 2 2 2 2 2 2 2 2 2 2 2 2 2
left_child=1 -1 3 4 -3 6 -5 16 -9 14 11 -11 15 -14 18 -12 20 -13 -7 -20 -6 23 -23 -16
right_child=-2 2 -4 5 7 9 -8 8 -10 10 12 17 13 -15 21 -17 -18 -19 19 -21 -22 22 -24 -25
leaf_value=-0.0066496773234054566 0.0023302436111907149 0.002171405705010824 0.001871564899483442 -0.0037032268868058922 -0.00056142397474188152 0 0.00086810854153424695 0 0.0013837163446513265 -0.0025025924634570844 5.0146013265799087e-05 0.00058560684174494893 0.0013868543814342914 0 0 -0.00085877549861584392 -0.0012556058136453344 -0.00045741328516460975 0.0017502688699580402 0.00011249383662524347 0.00056965890675482597 0 0.00048786795474216788 -0.00054321917499268577
leaf_weight=10.999999999999998 21 14.999999999999998 18 11.000000000000002 11.000000000000002 10.999999999999998 10.999999999999998 13.000000000000002 14.999999999999998 10.999999999999998 38 10.999999999999998 25 220 13.000000000000002 65 11.999999999999998 32 17 23 11.999999999999998 28 20 18
leaf_count=11 21 15 18 11 11 11 11 13 15 11 38 11 25 220 13 65 12 32 17 23 12 28 20 18
internal_value=0 -9.41809e-05 6.5881e-05 0 0.000591604 -9.17608e-05 -0.0014717 0 0.000764423 -5.94597e-06 -0.000128454 -0.000832749 0 0.000196545 0.000310489 -0.000475053 -0.00053387 -9.02505e-06 0.000876539 0.00109784 0 -8.81874e-06 0.000142466 -0.000416983
internal_weight=682 661 650 632 78 554 22 63 28 532 402 54 348 245 130 103 35 43 51 40 23 79 48 31
internal_count=682 661 650 632 78 554 22 63 28 532 402 54 348 245 130 103 35 43 51 40 23 79 48 31
is_linear=0
shrinkage=0.0529975


Tree=340
num_leaves=16
num_cat=0
split_feature=7 33 19 29 30 44 45 29 3 29 30 29 29 19 13
split_gain=0.0529827 0.17713 0.206636 0.25582 0.0247259 0.011524 0.0184285 0.028986 0.0169541 0.0164122 0.0131762 0.00968833 0.00856803 0.00628544 0.00495112
threshold=-2.3273358155400112 -1.3314177049884985 1.0723426282595778 1.0555066932308372 -0.97556096233642264 0.7223131398807876 0.16620890520105805 0.69655909085426648 1.1315023988491004 0.51841408575409187 1.100154062415069 -0.37733879143331001 -0.82759195732530222 -0.45609526081687068 -0.12885863295753749
decision_type=2 2 2 2 2 2 2 2 2 2 2 2 2 2 2
left_child=-1 -2 3 4 -3 6 7 10 11 14 -6 12 -7 -13 -8
right_child=1 2 -4 -5 5 8 9 -9 -10 -11 -12 13 -14 -15 -16
leaf_value=0.0026889654717389589 -0.0054249878400565209 0.0018151935658780149 0.0056565315199562502 -0.0063321937869059812 0.0001199380895309943 -0.00038313877546265019 0.00021257552590486916 0.002636303397504031 -0.0017420191666632731 -0.001655630438144482 0.0016864266004145269 -0.0013099641302295674 0.00076143693036220806 -0.00014852050031193288 -0.00034289730962683127
leaf_weight=13.999999999999998 10.999999999999998 15.999999999999998 11.999999999999998 11.999999999999998 221 14.999999999999998 91 10.999999999999998 15.999999999999998 13.999999999999998 11.999999999999998 14.999999999999998 45 102 75
leaf_count=14 11 16 12 12 221 15 91 11 16 14 12 15 45 102 75
internal_value=0 -7.92165e-05 4.80078e-05 -9.67495e-05 6.884e-05 0 0.000160714 0.000465415 -0.000326869 -0.000216461 0.000270129 -0.000107887 0.000360646 -0.000410816 -9.86846e-07
internal_weight=682 668 657 645 633 617 424 244 193 180 233 177 60 117 166
internal_count=682 668 657 645 633 617 424 244 193 180 233 177 60 117 166
is_linear=0
shrinkage=0.0529975


Tree=341
num_leaves=15
num_cat=0
split_feature=5 8 19 13 29 9 29 31 30 39 35 6 45 6
split_gain=0.0526659 0.211828 0.386012 0.22136 0.0432067 0.01178 0.0273048 0.0306805 0.0139162 0.0213078 0.0042112 0.00996838 0.00223468 1.07274e-05
threshold=-2.226046647382725 1.7394377131769621 1.1335994122992328 1.7584772687198031 0.90830313251086625 1.4436013126245439 0.020574946179958514 1.6516263944686991 1.100154062415069 -0.40719590138638256 1.6833029701327484 -0.26213174428442021 -1.0794446480640147 0.41449703078606742
decision_type=2 2 2 2 2 2 2 2 2 2 2 2 2 2
left_child=-1 2 3 4 5 8 13 -8 10 -10 11 -2 -12 -7
right_child=1 -3 -4 -5 -6 6 7 -9 9 -11 12 -13 -14 -15
leaf_value=0.0026135336339812966 0.00034395900311587758 -0.0049771946715641705 0.0079763792445626605 -0.0060815380319723476 0.0022509068985346456 0.00037496987654492617 -0.0032839207227185899 0 0.0022782335836033954 -0.00012282338086065919 0 -0.00014890623464007029 -0.00074821553501463892 0
leaf_weight=14.999999999999998 167 18 10.999999999999998 10.999999999999998 18 11.000000000000002 12.000000000000002 11.999999999999998 13.000000000000002 10.999999999999998 10.999999999999998 334 27 10.999999999999998
leaf_count=15 167 18 11 11 18 11 12 12 13 11 11 334 27 11
internal_value=0 -8.18382e-05 8.75934e-05 -0.000110578 3.97599e-05 -3.55468e-05 -0.000803506 -0.00189662 2.27306e-05 0.00114034 -2.62163e-05 3.73066e-06 -0.000526494 0.000290314
internal_weight=682 667 649 638 627 609 46 24 563 24 539 501 38 22
internal_count=682 667 649 638 627 609 46 24 563 24 539 501 38 22
is_linear=0
shrinkage=0.0529975


Tree=342
num_leaves=30
num_cat=0
split_feature=12 29 29 17 26 31 30 3 13 29 19 7 39 17 31 13 8 5 3 19 0 37 7 26 17 44 29 31 26
split_gain=0.0515913 0.323786 0.160573 0.0172413 0.0276776 0.0261071 0.0448366 0.0338213 0.0302749 0.0300824 0.0276333 0.0203132 0.0194024 0.0174653 0.0142731 0.0194857 0.0107406 0.00918303 0.0068237 0.00738137 0.00575382 0.0100495 0.00486069 0.0127211 0.00565086 0.00161615 0.000689516 0.000322205 0.000228195
threshold=-0.98615590337404135 0.88506091518751828 1.10045454059635 1.5264240212685307 0.79575984322147053 0.070867766400252261 1.0344553418453899 2.4199693618406726 0.72947764147550831 0.58353607546613506 -0.78831803872658812 -0.21192386697240859 -0.59789242406345444 -0.31043372088879168 -1.1721279787482837 1.070804347098006 -0.98220770660251067 -1.3515508589206233 -0.79227514423249812 -0.082621678983574642 1.7259195130798726 -0.55685107079571161 0.40911149799571561 0.60754248303806713 0.34736548211568324 1.0000000180025095e-35 -0.062291115380857083 1.3133000219771875 1.0066041109319208
decision_type=2 2 2 2 2 2 2 2 2 2 2 2 2 2 2 2 2 2 2 2 2 2 2 2 2 2 2 2 2
left_child=1 16 3 5 26 6 7 11 10 -10 -7 14 13 -13 15 -2 -1 -16 19 -12 21 -18 24 -24 -20 -14 -5 28 -23
right_child=2 -3 -4 4 -6 8 -8 -9 9 -11 18 12 25 -15 17 -17 20 -19 22 -21 -22 27 23 -25 -26 -27 -28 -29 -30
leaf_value=-0.00073694486720984377 0 -0.0075594617716716033 0.0043643512417869184 0 0.0024303696605967881 -0.0021753192825784426 0.0027990906362135651 -0.002225424450712536 0 -0.0035110973324215715 0.0011736300000508881 0 0.00038821800205381183 0.0029309645010027782 0.00049335581209108514 0.0018190697260782051 0.0013602108727778772 -0.00053265628783560502 -6.3706093765022144e-05 0 -0.00022749499139146191 0 0.0010050917022057454 -0.0004291879216918617 -0.0013140527107090342 -0.00011395783655829271 -0.00033755855748480854 0.00022424802403006201 -0.00017903292221549741
leaf_weight=22 54 11.999999999999998 19 11 14.999999999999998 11.999999999999998 11.999999999999998 10.999999999999998 15.000000000000002 11.999999999999998 20 13.000000000000002 22 13.999999999999998 18 17 26 131 56 17 11.999999999999998 16.000000000000004 23 32 12.999999999999998 20 11 11.999999999999998 13.999999999999998
leaf_count=22 54 12 19 11 15 12 12 11 15 12 20 13 22 14 18 17 26 131 56 17 12 16 23 32 13 20 11 12 14
internal_value=0 -0.000999032 0.000209288 7.30286e-06 0.00103748 -6.48082e-05 0.000221706 4.29531e-05 -0.00053912 -0.00204033 -0.000205303 0.000196451 0.000953935 0.00192856 -2.92248e-05 0.000526768 8.49863e-05 -0.000349354 0 0.000592131 0.000427863 0.00064697 -0.00017739 9.59367e-05 -0.000478643 1.92006e-05 0 0 0
internal_weight=682 114 568 549 37 512 312 300 200 27 173 289 69 27 220 71 102 149 161 37 80 68 124 55 69 42 22 42 30
internal_count=682 114 568 549 37 512 312 300 200 27 173 289 69 27 220 71 102 149 161 37 80 68 124 55 69 42 22 42 30
is_linear=0
shrinkage=0.0529975


Tree=343
num_leaves=21
num_cat=0
split_feature=19 14 19 47 13 29 44 19 39 30 44 30 30 5 13 12 10 1 8 28
split_gain=0.0535302 0.414047 0.0328434 0.052251 0.0601295 0.0144365 0.0134489 0.0337878 0.0265258 0.00758109 0.00868149 0.00982783 0.00998981 0.00737008 0.00706674 0.00700742 0.00328582 0.00254522 0.00265269 0.00240638
threshold=0.98085823280515616 -0.73121237853981313 0.51248132294284898 0.67367895232230446 0.63912645469308249 0.88506091518751828 1.2189034235488292 -1.0813513871689706 -0.82078362726012033 1.2232764528055513 0.7223131398807876 0.19847614544474915 0.72940658708961503 -1.3515508589206233 -0.59567309800007096 1.5742456831807683 -0.17431934504819654 -0.32201934881832944 -0.50718984864654415 0.10533568207627406
decision_type=2 2 2 2 2 2 2 2 2 2 2 2 2 2 2 2 2 2 2 2
left_child=2 -2 5 4 -4 6 7 -1 -8 10 13 19 -13 -9 16 -15 -10 -16 -19 -12
right_child=1 -3 3 -5 -6 -7 8 9 14 -11 11 12 -14 15 17 -17 -18 18 -20 -21
leaf_value=-0.0023168104008814525 0.0036576146131470713 -0.0076967828909492182 0 -0.00034855794684788139 0.0049177231739709728 -0.0013767694682040674 0.0023011276242206544 0.00078114413225342653 0 0.0010563330226456033 0.000261561010982805 -0.0016659784387391763 0 6.246037152317195e-05 0 -0.00091262470484511674 0.0012488037797188073 0 -0.00081525198693014949 -0.00036054898433251841
leaf_weight=11.999999999999998 12.000000000000002 11.999999999999998 16.000000000000004 21 10.999999999999998 14.999999999999998 14.999999999999998 32 11.000000000000002 12.999999999999998 32 22 12.999999999999998 343 18 15.999999999999998 10.999999999999998 11.000000000000002 20 26
leaf_count=12 12 12 16 21 11 15 15 32 11 13 32 22 13 343 18 16 11 11 20 26
internal_value=0 -0.00219046 9.8378e-05 0.00135182 0.00270902 -1.11379e-06 3.53354e-05 -5.81561e-05 0.000632321 9.46216e-06 -1.69847e-05 -0.000471853 -0.00110043 7.91056e-05 3.72905e-05 0 0.000785569 -0.000220691 -0.000515395 0
internal_weight=682 24 658 48 27 610 595 509 86 497 484 93 35 391 71 359 22 49 31 58
internal_count=682 24 658 48 27 610 595 509 86 497 484 93 35 391 71 359 22 49 31 58
is_linear=0
shrinkage=0.0529975


Tree=344
num_leaves=42
num_cat=0
split_feature=1 46 39 39 25 1 31 19 7 39 26 26 45 9 6 6 31 0 39 30 13 39 5 10 14 17 39 34 16 30 35 3 3 31 12 45 9 5 9 13 30
split_gain=0.0526661 0.519075 0.128337 0.0918081 0.0784734 0.0295601 0.0257093 0.0740923 0.0350828 0.0503629 0.0350251 0.0347806 0.0279364 0.0258651 0.0326035 0.0231363 0.0226255 0.0211044 0.0175341 0.0172812 0.0195468 0.0129458 0.00765578 0.00759273 0.00690243 0.0138717 0.0143417 0.00521513 0.00516671 0.00796244 0.00406228 0.00298536 0.00271027 0.00221531 0.00508422 0.00134364 0.000916999 0.000700418 0.000633915 0.000577764 0.000185089
threshold=-1.1721621033097072 1.0000000180025095e-35 -0.94532615882081716 -1.1698462209513918 -1.304767911024876 -1.3787519224208868 0.070867766400252261 -0.89853941475979127 -0.21192386697240859 -0.71831008678111175 0.77999256740898393 1.039485449673258 0.39269136943107136 0.65886012099562496 -0.86684557750224311 -1.1446846629037448 -0.084005253285095602 0.37499307311988245 1.8785166525286436 0.89761297373070026 0.72947764147550831 -0.61067574593307838 0.37078950860971599 -0.41944450176995579 -0.57503373773948241 -0.19453619988540663 -0.28400153074623863 -0.73808928664749962 0.48395072212635887 1.0000000180025095e-35 -0.57772148664267442 0.14641408365332778 -0.20336365145241728 -0.067126814416177558 -0.26748456557107997 0.84565629789109786 0.32586432752088906 0.9620565456748148 -0.15393451192507709 -0.24430737162397051 -0.055032431525820373
decision_type=2 2 2 2 2 2 2 2 2 2 2 2 2 2 2 2 2 2 2 2 2 2 2 2 2 2 2 2 2 2 2 2 2 2 2 2 2 2 2 2 2
left_child=1 2 -1 -2 -4 -6 7 -5 18 16 12 13 19 14 38 21 -10 -17 24 20 22 -13 27 -24 28 26 -26 -8 -9 -30 -14 -27 40 34 -11 -23 -34 -19 -12 -35 -32
right_child=3 -3 4 6 5 -7 10 8 9 33 11 15 30 -15 -16 17 -18 37 -20 -21 -22 35 23 -25 25 31 -28 -29 29 -31 32 -33 36 39 -36 -37 -38 -39 -40 -41 -42
leaf_value=0.0044749397008842819 0.0040107303859611447 -0.009244165145697 -0.0028306704677558813 0.0035377284418964764 0.0026829993408067597 -8.5907073974774686e-05 -0.00044999500773215976 0.0008278601031540757 0.0042053479835007339 -1.5118056676024384e-05 0.00034483755297141602 0.0013542830070343594 0.00054069771223468543 -0.0001764218410730497 0.0033200960163666964 0 0.0002585889372572272 -0.0027269754107941131 -0.0017393492685385265 -0.0031088711708447017 -0.0023235837973237692 -0.00050492626311390528 0 -0.0016783031153659704 -0.0019082212922857144 -0.00015186056635126135 0 0.0005493051018162729 0.00052266164201132637 -0.00055603478304254656 0 0.00046937139163827639 -0.00087267512107751569 0 0.00092044579722533391 0 0 -0.00036629386598040106 0 -0.00036460328602736674 0.00017489091019314809
leaf_weight=13.999999999999998 10.999999999999998 11.999999999999998 17.999999999999996 13.999999999999998 10.999999999999998 17.000000000000007 15.999999999999991 26 11.000000000000002 14.000000000000002 10.999999999999998 17 21 14.999999999999998 18.000000000000004 15.999999999999998 11.999999999999998 11.000000000000002 12.999999999999998 11.999999999999998 14.999999999999998 12.000000000000002 13.000000000000002 10.999999999999998 19 32 15.999999999999998 28.000000000000007 34 31 11.000000000000002 29 12.000000000000002 12.000000000000002 17 18 14.999999999999998 10.999999999999998 10.999999999999998 13.999999999999998 10.999999999999998
leaf_count=14 11 12 18 14 11 17 16 26 11 14 11 17 21 15 18 16 12 11 13 12 15 12 13 11 19 32 16 28 34 31 11 29 12 12 17 18 15 11 11 14 11
internal_value=0 -0.00129723 0.000881835 0.000164517 -0.000467342 0.00107779 4.32885e-05 0.000402701 0.00015064 0.00106095 -0.000281788 0.000293432 -0.000803874 0.00128797 0.00194038 -0.000315802 0.00286636 -0.00123798 -0.000199863 -0.00136785 -0.000845146 0.000353705 -0.000262761 -0.000940762 -5.93303e-06 -0.000342674 -0.00111248 3.5832e-05 0.000276524 0 0 5.48015e-05 -0.000252895 1.80869e-05 0.000375171 -0.000150401 -0.000580778 -0.00212738 9.27026e-05 -0.000179893 0
internal_weight=682 72 60 610 46 28 599 294 280 80 305 140 165 55 40 85 23 38 200 95 83 47 68 24 187 96 35 44 91 65 70 61 49 57 31 30 27 22 22 26 22
internal_count=682 72 60 610 46 28 599 294 280 80 305 140 165 55 40 85 23 38 200 95 83 47 68 24 187 96 35 44 91 65 70 61 49 57 31 30 27 22 22 26 22
is_linear=0
shrinkage=0.0529975


Tree=345
num_leaves=37
num_cat=0
split_feature=52 19 19 19 20 3 44 45 7 45 39 45 3 5 37 44 12 44 12 2 13 26 14 8 19 14 2 31 45 19 3 13 12 24 31 25
split_gain=0.0505716 0.344101 0.167174 0.058396 0.0429145 0.0363368 0.0313725 0.028011 0.028004 0.0180682 0.0390382 0.0232988 0.0212962 0.0150016 0.0166649 0.0149465 0.0121723 0.0113492 0.00898919 0.0102607 0.0110303 0.00767141 0.00739967 0.010509 0.00487425 0.00453032 0.00633797 0.0043635 0.00312593 0.00256343 0.00253971 0.00201915 0.0019438 0.00169264 0.000133145 4.54312e-05
threshold=1.0000000180025095e-35 0.64073303228167133 0.86932162594016515 -0.64259766935448892 0.27551796419016245 2.4199693618406726 0.7223131398807876 -0.96620341594900816 0.16036061190281925 0.61917383366108469 -0.95703311590459494 1.6383449226961444 -0.91541118363196994 0.90978477132028457 -0.47206197451173448 -1.2640479947913779 1.4098512204142646 -0.76745771112333661 0.04666022323074364 -0.64035742551271924 0.5387362471570537 0.27575802692537538 1.594583056081327 -0.59912382855299939 -0.29563791148298718 -0.9718119062592413 -0.39941227732357176 -0.046164977464238137 1.0000000180025095e-35 -0.01797744780787414 -1.2562660173319562 -0.063604998059118803 0.89495476998807433 0.11397048865030567 0.26084383935029898 -0.16744019799123486
decision_type=2 2 2 2 2 2 2 2 2 2 2 2 2 2 2 2 2 2 2 2 2 2 2 2 2 2 2 2 2 2 2 2 2 2 2 2
left_child=2 3 5 -2 25 6 9 8 -8 10 21 13 30 14 17 27 -17 -11 22 32 24 -1 23 -9 -21 -5 28 -14 -27 -15 -12 -16 -20 35 -25 -28
right_child=1 -3 -4 4 -6 -7 7 18 -10 11 12 -13 15 29 31 16 -18 -19 19 20 -22 -23 -24 34 -26 26 33 -29 -30 -31 -32 -33 -34 -35 -36 -37
leaf_value=0.00067479610072800891 0.002965838234822076 -0.0079704190612993348 0.0044644515618991621 0.00071015603835199723 -0.0028190549970593206 -0.0023113293062616207 0 0.0014740805462839805 -0.0030510710980022203 -0.002609167128061838 0 0.0015358765665957755 0.00017392097205776313 0 -0.00043027383493455764 0.00096078866103373954 -0.00036732896171445551 0 0.00059918407684934677 -0.0022500965819849022 0 0.0034390809833884876 -0.00037082832828409643 -0.00011394539932309806 -0.0001537220327925111 -0.001043411950231153 2.2981411979812213e-05 -0.00067001407490217661 0 0.00081493469280296182 -0.0013178123992481409 5.4115293159870788e-05 0 0.00057759644401792073 7.8111779962702387e-05 -6.1587879032060214e-05
leaf_weight=18.000000000000004 10.999999999999998 10.999999999999998 19 17 10.999999999999998 11.999999999999998 15.000000000000002 19 14.999999999999998 14.000000000000002 14.000000000000002 12.999999999999998 15.999999999999998 11.000000000000002 27 137 10.999999999999998 10.999999999999998 11.000000000000002 11.999999999999998 14.999999999999998 10.999999999999998 14.999999999999998 12.000000000000002 15.000000000000002 17.999999999999993 12.999999999999991 24 17 13.999999999999998 11.999999999999998 25 10.999999999999998 12.999999999999998 17 25.000000000000014
leaf_count=18 11 11 19 17 11 12 15 19 15 14 14 13 16 11 27 137 11 11 11 12 15 11 15 12 15 18 13 24 17 14 12 25 11 13 17 25
internal_value=0 -0.000893153 0.000228293 1.26673e-05 -0.000348048 1.3953e-05 0.000107519 -0.000486261 -0.00180133 0.00039083 0.00064956 -0.00010325 0.000332388 -0.000450512 -0.000835775 0.000556139 0.000806262 -0.00183396 -5.58873e-05 -0.000517729 -0.000988925 0.00233251 0.000316273 0.000677682 -0.00153671 0 -0.000110676 -0.000201923 -0.000650454 0.00044289 -0.000868231 -9.54448e-05 0.000151485 0.000166674 0 0
internal_weight=682 136 546 125 114 527 515 157 30 358 243 115 214 102 77 188 148 25 127 64 42 29 63 48 27 103 86 40 35 25 26 52 22 51 29 38
internal_count=682 136 546 125 114 527 515 157 30 358 243 115 214 102 77 188 148 25 127 64 42 29 63 48 27 103 86 40 35 25 26 52 22 51 29 38
is_linear=0
shrinkage=0.0529975


Tree=346
num_leaves=18
num_cat=0
split_feature=13 39 12 5 29 1 8 6 12 12 12 39 45 45 5 6 16
split_gain=0.0507537 0.049328 0.140581 0.0463717 0.0774747 0.0132519 0.0104282 0.0128098 0.00786911 0.0127441 0.0118427 0.0117494 0.0104503 0.00963217 0.00757215 0.005957 0.00501294
threshold=1.9943942564294705 -1.095590616565685 -0.18183550287349634 -2.226046647382725 1.0039302244272565 -1.2781151662940411 0.94671870840226402 0.42024093391122019 0.63896870913787884 0.20786826462582295 0.97241822468955796 -0.46382886132451456 1.0000000180025095e-35 0.27945013731606472 -0.8786798243624413 0.89173377475413307 0.31856441734178825
decision_type=2 2 2 2 2 2 2 2 2 2 2 2 2 2 2 2 2
left_child=1 2 -1 -3 5 14 8 -8 9 12 11 -10 -7 -11 -5 -9 -12
right_child=-2 3 -4 4 -6 6 7 15 10 13 16 -13 -14 -15 -16 -17 -18
leaf_value=0.0054539919464077005 -0.0028657413745478075 0.0025502148069583056 -0.0013420663797274089 0 -0.003437687620783416 0.000345755194689656 -0.0018885990647059872 0.00048040904437448743 0.0018288841420096734 -0.0010868820844673226 0.0004451148160383443 0 -0.00023500204763983118 0 0.0014677301952182335 -0.00070482823232107515 -0.00033155601402605353
leaf_weight=11.000000000000002 10.999999999999998 12.999999999999998 10.999999999999998 13.999999999999998 12.999999999999998 161 12.999999999999998 17 19 51 34 21 169 37 20 17 50
leaf_count=11 11 13 11 14 13 161 13 17 19 51 34 21 169 37 20 17 50
internal_value=0 6.62482e-05 0.00224684 -1.68991e-05 -0.000103581 0 -6.46512e-05 -0.000774344 0 -0.00010593 0.000365272 0.00104893 2.86631e-05 -0.00065459 0.000931897 0 0
internal_weight=682 671 22 649 636 623 589 47 542 418 124 40 330 88 34 34 84
internal_count=682 671 22 649 636 623 589 47 542 418 124 40 330 88 34 34 84
is_linear=0
shrinkage=0.0529975


Tree=347
num_leaves=28
num_cat=0
split_feature=23 29 29 52 19 36 9 19 30 29 29 30 30 10 39 31 26 10 39 30 25 15 8 30 1 36 2
split_gain=0.0488171 0.308201 0.177176 0.0229487 0.0376989 0.0164335 0.0403059 0.0186249 0.0122287 0.0466978 0.0121397 0.00804553 0.00607196 0.0052838 0.00604401 0.00726135 0.00554822 0.00518046 0.00585902 0.0048134 0.00412782 0.00536366 0.0036882 0.00231438 0.00148174 0.00118343 0.000319604
threshold=0.69784939052922057 0.61291980503130861 1.10045454059635 1.0000000180025095e-35 -0.8134540570553449 -1.2605961745300205 0.25378021797821126 0.84812112690812347 0.5474207137798518 0.38367382074413559 0.60288618035152008 1.2232764528055513 -0.093521662355210533 0.96486216107045431 1.9088435546885634 -0.92820038659626736 -0.41189009216647493 -0.36158867509420783 -0.40719590138638256 -0.41246301618769521 -0.29976861207389477 0.37917056548952582 0.35247443969716541 1.0000000180025095e-35 -0.22427391747362665 0.49643214919713108 -0.98117592639600393
decision_type=2 2 2 2 2 2 2 2 2 2 2 2 2 2 2 2 2 2 2 2 2 2 2 2 2 2 2
left_child=2 3 5 4 -2 6 19 8 10 11 13 17 -12 14 15 -7 23 24 -19 -1 21 -6 25 -15 -10 -22 -23
right_child=1 -3 -4 -5 20 7 -8 -9 9 -11 12 -13 -14 16 -16 -17 -18 18 -20 -21 22 26 -24 -25 -26 -27 -28
leaf_value=0.0029559131914402292 -0.0023024916381778368 -0.0075897967021901283 0.0045666400728233657 0.0015375596754522586 0.0012303742861439378 -0.00097734455647048948 -0.00099212185406052315 -0.0018087150849644808 0.00046725111796215292 -0.0030625171663603182 0 0.00077814691092187565 0.0017350263132058816 0.00034270363355506694 0.00071112015404810899 -3.2410253823701704e-05 0.0011531615558291969 -0.00097532443925291536 0 0.00045446751446337301 0 0.00017228136049196352 -0.00065400851758731999 -0.00027718475893114865 0 0.00049127061339824954 -0.00014015175389717031
leaf_weight=10.999999999999998 14.999999999999998 10.999999999999998 19 18 12.999999999999998 22 10.999999999999998 10.999999999999998 15.000000000000002 10.999999999999998 13.000000000000002 19 12.999999999999998 33 17 245 15.999999999999998 34 24 15.000000000000002 11.000000000000002 12.999999999999998 17 19 13.999999999999998 10.999999999999998 11.000000000000002
leaf_count=11 15 11 19 18 13 22 11 11 15 11 13 19 13 33 17 245 16 34 24 15 11 13 17 19 14 11 11
internal_value=0 -0.000949011 0.000204005 2.12409e-05 -0.000283192 0 0.000998213 -8.04592e-05 -6.9232e-06 -0.000479232 0.000126279 0 0.00111992 1.58453e-05 -6.60139e-05 -0.000155612 0.000429764 -0.000283268 -0.000580836 0.0020867 0.000169407 0.000564311 -7.52931e-05 0 0.000109835 0.00016671 0
internal_weight=682 120 562 109 91 543 37 506 495 117 378 106 26 352 284 267 68 87 58 26 76 37 39 52 29 22 24
internal_count=682 120 562 109 91 543 37 506 495 117 378 106 26 352 284 267 68 87 58 26 76 37 39 52 29 22 24
is_linear=0
shrinkage=0.0529975


Tree=348
num_leaves=29
num_cat=0
split_feature=6 13 13 6 27 5 2 26 12 28 29 27 6 47 29 27 47 27 17 14 10 13 0 37 14 45 36 27
split_gain=0.0494349 0.693523 0.397168 0.0551344 0.0878018 0.035679 0.013883 0.0138902 0.0134814 0.0511384 0.0647823 0.046562 0.0129586 0.0207571 0.0589404 0.0149078 0.012191 0.00970508 0.00595669 0.00597894 0.00595032 0.0055171 0.00303438 0.0077064 0.00232383 0.00134989 0.000802058 5.15272e-05
threshold=-0.78485340212065313 1.2113506376484462 1.9743162149222646 -0.71207127959319683 0.86932162594017093 -0.012559061107562601 1.7727646623197912 1.5277718273517384 0.77957234273251219 -0.73336927873141533 -0.67708258728040682 -0.89269806438785537 -0.37332319414465487 0.53440976605864532 0.60288618035152008 -0.6552808502873001 0.46477517292681564 -0.37857519810774692 -0.09319041848826852 0.09822283544032083 1.1200048726415253 0.49858016414264217 1.7488002339928512 -0.83396665377261525 1.7570932634005898 0.84565629789109786 0.6170125243548773 0.2982691459781181
decision_type=2 2 2 2 2 2 2 2 2 2 2 2 2 2 2 2 2 2 2 2 2 2 2 2 2 2 2 2
left_child=1 5 3 -2 8 -1 7 22 9 10 -5 -10 18 15 -15 -14 17 21 -11 -20 -19 -13 23 -7 -8 26 -25 -27
right_child=2 -3 -4 4 -6 6 24 -9 11 12 -12 16 13 14 -16 -17 -18 20 19 -21 -22 -23 -24 25 -26 27 -28 -29
leaf_value=0.0025460569509167179 0.0028483954037283304 -0.010956935897056366 0.0079770954721444919 0 -0.0036684498079890319 0.00090128562742795165 0.001396649547598868 -0.0016713771377016402 0.0028807349344763603 0 -0.0043244187867243307 -0.00066888533041989167 0.0012166672111478497 5.698629080560525e-05 0.0035851291245320742 -0.0002831722111535708 -0.0010762838210818871 0.0012252657951063262 -0.001779732991364123 -9.8156473958576176e-05 2.4828894103589723e-05 0.00023468305211795827 -0.00065663553970595834 -0.00050754309848284585 0 0 0 9.2277365042810634e-05
leaf_weight=11.999999999999998 11.999999999999998 10.999999999999998 11.999999999999998 15.000000000000002 12.999999999999998 20.999999999999993 13.000000000000002 10.999999999999998 12.999999999999998 20 11.999999999999998 29 13.999999999999998 69 11.999999999999998 169 15.999999999999998 28 12.999999999999998 25 38 22 10.999999999999998 21.000000000000007 15.999999999999998 11.000000000000002 11.999999999999998 10.999999999999998
leaf_count=12 12 11 12 15 13 21 13 11 13 20 12 29 14 69 12 169 16 28 13 25 38 22 11 21 16 11 12 11
internal_value=0 -0.000835978 0.000235471 -1.88064e-05 -0.000132564 0.000336797 0 -0.000285312 0 -0.000175756 -0.00216448 0.000420685 6.22734e-06 0.000187235 0.000871046 -9.65124e-05 1.60748e-05 0.000267434 -0.000648873 -0.000996347 0.000690752 -0.000172882 0 0.000120693 0.000933979 -0.000122146 -0.000347221 0
internal_weight=682 150 532 520 508 139 127 98 495 349 27 146 322 264 81 183 133 117 58 38 66 51 87 76 29 55 33 22
internal_count=682 150 532 520 508 139 127 98 495 349 27 146 322 264 81 183 133 117 58 38 66 51 87 76 29 55 33 22
is_linear=0
shrinkage=0.0529975


Tree=349
num_leaves=27
num_cat=0
split_feature=1 46 30 29 9 26 1 34 29 28 29 39 3 2 24 30 8 5 29 29 19 12 7 45 44 45
split_gain=0.0506211 0.472227 0.127035 0.0965159 0.0221507 0.0203282 0.013685 0.0524391 0.0339371 0.0187352 0.0116444 0.0334305 0.00796101 0.00835948 0.00751708 0.00647268 0.00549367 0.00754913 0.00966304 0.00544399 0.00500381 0.00496406 0.00609892 0.0043207 0.00390653 0.00246893
threshold=-1.1721621033097072 1.0000000180025095e-35 -1.367380808596151 1.10045454059635 0.50903300992858969 -1.877632260629583 0.078195962155066481 1.0000000180025095e-35 0.82104171692581018 -0.78389879730128298 -0.26489013004416756 -0.48469126969849824 -0.84581255266705113 -0.5496879802528194 -1.2519856900337165 0.40355353761669127 -0.55599492894197955 0.40641290761443566 0.32628772854720739 -0.059164642875975886 -0.33594369637420668 0.36927468379636325 -0.35847404278820155 0.27945013731606472 -0.76745771112333661 -0.28675602325896848
decision_type=2 2 2 2 2 2 2 2 2 2 2 2 2 2 2 2 2 2 2 2 2 2 2 2 2 2
left_child=1 2 -1 5 14 -2 7 9 10 -7 11 -8 13 -11 -4 20 17 -12 -19 -17 -14 23 -23 -13 -18 -26
right_child=3 -3 4 -5 -6 6 8 -9 -10 12 16 21 15 -15 -16 19 24 18 -20 -21 -22 22 -24 -25 25 -27
leaf_value=0.0046475720052109133 0.0017406875129210263 -0.0088541676515983166 -4.3464166922069533e-05 0.0039853704075534626 0.00056415351921622423 -0.0014070527086137161 0.0023089834692314386 -0.002967737449149663 0.002364437554756656 0 0.00088064035216822028 -0.00012956296942601736 -0.00083791419017003276 0.0013259939740619577 -0.0022384082011658612 0 -0.0012185106249767322 0.00014535878908664203 -0.00081932881791257721 0.0011061711658845567 -5.1628140791807453e-05 0 -0.0012634725630909427 0.00067065400918319741 -0.00043684104616704858 0.00028866157121785959
leaf_weight=11.999999999999998 12.999999999999998 11.999999999999998 15.999999999999998 11.999999999999998 21 21 17 12.999999999999998 13.999999999999998 14.999999999999998 18 13.999999999999998 27 20 11.000000000000002 45 14.999999999999998 67 36 13.999999999999998 164 11.000000000000002 10.999999999999998 29 22.999999999999996 11.000000000000002
leaf_count=12 13 12 16 12 21 21 17 13 14 15 18 14 27 20 11 45 15 67 36 14 164 11 11 29 23 11
internal_value=0 -0.00127537 0.000801318 0.000157674 -0.00044023 3.04966e-05 -1.2965e-05 -0.000255881 0.000251891 -6.346e-05 5.52273e-05 0.000571153 3.84933e-05 0.000736353 -0.00139366 -4.68825e-05 -0.000164926 0 -0.000154258 0.000375759 -0.000220356 0 -0.000597718 0.000283593 -0.000606312 -1.94007e-05
internal_weight=682 72 60 610 48 598 585 319 266 306 252 82 285 35 27 250 170 121 103 59 191 65 22 43 49 34
internal_count=682 72 60 610 48 598 585 319 266 306 252 82 285 35 27 250 170 121 103 59 191 65 22 43 49 34
is_linear=0
shrinkage=0.0529975


Tree=350
num_leaves=24
num_cat=0
split_feature=13 39 27 5 29 44 3 35 17 24 37 35 53 30 2 34 29 27 29 8 16 53 6
split_gain=0.0484272 0.0499196 0.0738778 0.0435382 0.0769339 0.0086872 0.0272802 0.0110587 0.0326109 0.0122819 0.0164395 0.0152046 0.0136781 0.0123233 0.0117445 0.0088618 0.00563379 0.00724397 0.00695878 0.00391635 0.00305439 0.00281265 0.00250455
threshold=1.9943942564294705 -1.095590616565685 0.14175059246403898 -2.226046647382725 1.0039302244272565 0.7223131398807876 1.1315023988491004 0.26955033972340064 0.41201791251062686 -0.60510283882537674 -0.76158571792043761 -0.83654927055063666 1.0626078316449983 -0.040481854882533225 1.7727646623197912 1.0304665067164449 -0.37733879143331001 -0.45609526081686763 -0.82759195732530222 -0.52665404269472227 -1.0934015472725653 1.0626078316449983 -0.37332319414465487
decision_type=2 2 2 2 2 2 2 2 2 2 2 2 2 2 2 2 2 2 2 2 2 2 2
left_child=1 2 -1 -3 5 7 16 9 -9 11 13 12 -5 -11 15 -10 18 -18 -7 -12 -19 -13 -20
right_child=-2 3 -4 4 -6 6 -8 8 14 10 19 21 -14 -15 -16 -17 17 20 22 -21 -22 -23 -24
leaf_value=-0.00039021864911571366 -0.0027971028153559764 0.0024702953739111173 0.0045248380522983 0 -0.0034234119548093387 -0.00032711354404600039 -0.0020577026030896089 -0.0021713626920554199 0.00050304212960203373 0 0.00067447528450945789 -0.0001113518692459811 0.0015052008213598063 0.0015338362736990606 0.0010690215701715971 -0.00050992649704466547 -0.001184938621733671 -0.00060210964644892399 0 -3.5824230073711305e-05 5.4500681716453921e-05 -0.0011836012257394873 0.00088259846324529028
leaf_weight=11.000000000000002 10.999999999999998 12.999999999999998 10.999999999999998 61 12.999999999999998 14.999999999999998 15.999999999999998 14.999999999999998 25 13.999999999999998 19 36 17 56 21 69 14.999999999999998 17 10.999999999999998 76 86 20 34
leaf_count=11 11 13 11 61 13 15 16 15 25 14 19 36 17 56 21 69 15 17 11 76 86 20 34
internal_value=0 6.70428e-05 0.00226061 -1.66667e-05 -0.000100979 0 -0.000288774 0.000133239 -0.000238216 0.00031915 0.000619124 -1.1028e-05 0.000403611 0.00120987 5.13204e-05 -0.000156661 -2.99301e-05 -0.000271878 0.000321537 6.86891e-05 -1.69532e-05 -0.000684401 0.000687757
internal_weight=682 671 22 649 636 623 194 429 130 299 165 134 78 70 115 94 178 118 60 95 103 56 45
internal_count=682 671 22 649 636 623 194 429 130 299 165 134 78 70 115 94 178 118 60 95 103 56 45
is_linear=0
shrinkage=0.0529975


Tree=351
num_leaves=38
num_cat=0
split_feature=52 30 19 19 0 28 9 44 39 44 2 5 1 46 39 44 30 30 23 28 36 19 23 6 12 30 39 8 34 15 36 17 25 23 10 6 36
split_gain=0.0482772 0.317854 0.157672 0.0521582 0.0366758 0.0333494 0.0188739 0.0148696 0.0250131 0.0196234 0.0161199 0.0153217 0.0122747 0.0105512 0.0100333 0.00939602 0.0126062 0.00863219 0.0099999 0.00765843 0.00741724 0.00726161 0.00686136 0.00621638 0.00461658 0.00350046 0.00327797 0.00271976 0.00264697 0.00232932 0.00218284 0.00178374 0.00253245 0.000459679 0.000147303 0.000141625 8.54301e-06
threshold=1.0000000180025095e-35 -0.78155167910224999 0.86932162594016515 -0.64259766935448892 0.27551796419015756 -1.107194503700726 0.84771711489430512 -1.2640479947913779 -0.80090981903234959 0.7223131398807876 -0.28639048543766638 -1.2303851890457018 1.1159950218616561 1.0000000180025095e-35 -0.68473686525244004 1.2189034235488292 0.17934791166263522 0.19847614544474915 0.4676385342606435 0.10533568207627406 -0.52563007833042763 -0.39553125998539179 0.26062722164703961 -0.39757364780976606 0.24946628942367019 0.52517383328279021 -0.54042203252699628 -0.64773942492110204 1.9155852887045843 -0.92918056592592657 -0.73233929288656319 -0.32377588173885025 -0.83747405889393811 -0.048105166992214878 0.23027344213861059 1.1806520359612318 0.30120677989411432
decision_type=2 2 2 2 2 2 2 2 2 2 2 2 2 2 2 2 2 2 2 2 2 2 2 2 2 2 2 2 2 2 2 2 2 2 2 2 2
left_child=2 -2 5 -3 26 -1 7 8 -7 10 11 35 14 -13 -12 16 20 19 25 24 -8 22 -18 -21 -11 -19 30 -23 -14 -10 -5 32 -28 -34 -31 -9 -33
right_child=1 3 -4 4 -6 6 15 9 29 17 12 13 28 -15 -16 -17 21 18 -20 23 -22 27 -24 -25 -26 -27 31 -29 -30 34 -32 36 33 -35 -36 -37 -38
leaf_value=-0.002284486536488016 -0.0076780740101527753 0.0027888327391502759 0.0043324323937119161 0 -0.0026272863441721022 -0.0021530290263355365 0.0027161652732405834 0.0012326377852451957 -0.00043577840223466197 0.00095393762767382283 0.0019636677255194983 -0.00096447382654227503 -0.00028541436408172554 5.7314329586131831e-05 0.00046010903592741637 -0.00012335238601977668 0 0.0003839770942307021 -0.0016766982424696924 -0.0011138263385034848 0.0003210101637714062 8.7751569038150822e-05 0.0014038115189281585 0 0 -0.00059915693926816324 0 -0.00061042178876907153 0.00048721387901696372 0 0.00075316916122106692 0 -0.00090931039985839323 0 0.00040922610533973254 0 3.0982902360204979e-05
leaf_weight=10.999999999999998 10.999999999999998 10.999999999999998 19 15.999999999999998 10.999999999999998 18 12.000000000000002 11.000000000000002 12.999999999999998 17 27 45 27 37 58 13.999999999999998 11.000000000000002 12.000000000000002 21 19 17 11.999999999999998 15.999999999999998 25 24 13.999999999999998 14.999999999999991 16.000000000000004 13.999999999999998 11.000000000000002 17 12.000000000000009 12.999999999999995 11.000000000000005 13.999999999999998 10.999999999999998 19
leaf_count=11 11 11 19 16 11 18 12 11 13 17 27 45 27 37 58 14 11 12 21 19 17 12 16 25 24 14 15 16 14 11 17 12 13 11 14 11 19
internal_value=0 -0.000877025 0.000218602 0 -0.000345301 1.01079e-05 9.80854e-05 -4.46567e-05 -0.000813034 6.65393e-05 0.000374979 -5.51887e-05 0.00076933 -0.000451561 0.0011124 0.000741556 0.000961932 -0.000413219 -0.000949793 0 0.00180727 0.000267848 0.000854204 -0.000520607 0.000411549 0 0 -0.000143051 0 0 0.000421069 -0.0001737 -0.000402867 -0.000693246 0.000307714 0.000952998 0
internal_weight=682 136 546 125 114 527 516 418 56 362 230 104 126 82 85 98 84 132 47 85 29 55 27 44 41 26 103 28 41 38 33 70 39 24 25 22 31
internal_count=682 136 546 125 114 527 516 418 56 362 230 104 126 82 85 98 84 132 47 85 29 55 27 44 41 26 103 28 41 38 33 70 39 24 25 22 31
is_linear=0
shrinkage=0.0529975


Tree=352
num_leaves=21
num_cat=0
split_feature=6 13 13 6 19 5 2 26 29 19 10 29 29 45 10 9 14 36 29 21
split_gain=0.047111 0.655543 0.371264 0.0498815 0.0825632 0.0317497 0.0119912 0.0124909 0.0119174 0.0285122 0.0126455 0.0262435 0.0243645 0.00642265 0.00315163 0.00290742 0.00227131 0.00206825 0.000962384 0.000557312
threshold=-0.78485340212065313 1.2113506376484462 1.9743162149222646 -0.71207127959319683 0.86932162594016515 -0.012559061107562601 1.7727646623197912 1.5277718273517384 -1.0034921893675615 -1.0115814289029357 -0.45296540329222434 0.57858038708847614 0.68829317853210092 0.73241506577609128 -1.759578965548702 0.9276304294152693 1.7570932634005898 0.67443175062047067 0.11842374060933906 1.5436312839947335
decision_type=2 2 2 2 2 2 2 2 2 2 2 2 2 2 2 2 2 2 2 2
left_child=1 5 3 -2 8 -1 7 14 -5 -10 12 13 19 -12 -7 17 -8 18 -16 -11
right_child=2 -3 -4 4 -6 6 16 -9 9 10 11 -13 -14 -15 15 -17 -18 -19 -20 -21
leaf_value=0.0024074673581260296 0.0027111717208723003 -0.010656121688818227 0.0077147674462355086 0.0011854140414528803 -0.0035532907286247055 0.00054077269416814193 0.0013186876707372175 -0.0015740277874952313 -0.0021851076814681535 -0.00012539333170579007 0.00015503201185965013 0.0017381665296004854 -0.0023116261729460071 -0.0003211763841017233 0 0.00025083216447205868 0 0 -0.00079452534148113105 0.00022465950105955473
leaf_weight=11.999999999999998 11.999999999999998 10.999999999999998 11.999999999999998 17 12.999999999999998 17 13.000000000000002 10.999999999999998 10.999999999999998 39 282 21 11.999999999999998 102 20 11.999999999999998 15.999999999999998 15.999999999999998 22 10.999999999999998
leaf_count=12 12 11 12 17 13 17 13 11 11 39 282 21 12 102 20 12 16 16 22 11
internal_value=0 -0.000816013 0.000229952 -1.54759e-05 -0.000124352 0.000323016 0 -0.000259926 0 -4.89193e-05 1.36947e-05 0.000138412 -0.000638634 7.63626e-06 0 -0.000167302 0.00087271 -0.000378351 -0.000558483 0
internal_weight=682 150 532 520 508 139 127 98 495 478 467 405 62 384 87 70 29 58 42 50
internal_count=682 150 532 520 508 139 127 98 495 478 467 405 62 384 87 70 29 58 42 50
is_linear=0
shrinkage=0.0529975


Tree=353
num_leaves=17
num_cat=0
split_feature=13 7 31 29 5 29 29 12 30 5 29 9 5 16 44 45
split_gain=0.0489493 0.0387201 0.0807766 0.0600295 0.00971076 0.0404584 0.0292286 0.0111369 0.0136652 0.00941146 0.0098297 0.00898507 0.00878792 0.00728105 0.00662881 0.00554177
threshold=1.9943942564294705 -2.3273358155400112 -1.8979523070786724 1.10045454059635 0.74678726848443155 0.72064798413292819 0.74294718631138545 0.68776027441180576 1.2754480605365839 -0.87238888357066757 -0.21380076490868594 0.83331775609094938 -1.0098143974948728 -0.2889285474547143 -1.2640479947913779 -0.85296218383400146
decision_type=2 2 2 2 2 2 2 2 2 2 2 2 2 2 2 2
left_child=1 -1 -3 4 5 7 13 8 11 12 -11 -4 -9 14 -6 -16
right_child=-2 2 3 -5 6 -7 -8 9 -10 10 -12 -13 -14 -15 15 -17
leaf_value=0.0024908546729259257 -0.0028139600001667949 -0.0031592765784259676 -0.00025730842148841523 0.0030430756621536233 -0.00082609401982580916 -0.0023796054873025177 0.0023967933550979549 0.00021625353353489125 -0.0016630859079493727 0.0012146356104399674 0 0.00037845302073085356 -0.0011025607762363775 0.00097978362116946842 -0.00038814930060713842 0.00034948383508438482
leaf_weight=11.999999999999998 10.999999999999998 15.999999999999998 222 12.999999999999998 20 14.999999999999998 11.999999999999998 54 10.999999999999998 45 33 75 11.999999999999998 15.999999999999998 30 85
leaf_count=12 11 16 222 13 20 15 12 54 11 45 33 75 12 16 30 85
internal_value=0 6.54681e-05 0 0.000106299 6.59718e-06 -0.000105412 0.000361189 0 -0.000179233 0.000375892 0.00075301 -6.93982e-05 0 6.95645e-05 -2.58566e-05 8.96319e-05
internal_weight=682 671 659 643 630 467 163 452 308 144 78 297 66 151 135 115
internal_count=682 671 659 643 630 467 163 452 308 144 78 297 66 151 135 115
is_linear=0
shrinkage=0.0529975


Tree=354
num_leaves=28
num_cat=0
split_feature=1 14 13 9 29 37 26 1 34 29 28 29 39 3 2 30 29 8 17 17 29 12 7 3 3 53 45
split_gain=0.0467357 0.448445 0.178136 0.166158 0.0886287 0.0719679 0.0177995 0.0131053 0.0457711 0.0304706 0.0159728 0.0101998 0.0301367 0.00706902 0.00730137 0.00549856 0.00510411 0.00492681 0.00600002 0.00874729 0.00816074 0.00458059 0.00559991 0.00449297 0.0040719 0.00375653 0.00357958
threshold=-1.1721621033097072 -0.73121237853981313 1.8940040488934418 -0.3968032259349587 1.10045454059635 -0.10808926851221907 -1.877632260629583 0.078195962155066481 1.0000000180025095e-35 0.82104171692581018 -0.78389879730128298 -0.26489013004416756 -0.48469126969849824 -0.84581255266705113 -0.5496879802528194 0.40355353761669127 -0.059164642875975886 -0.55599492894197955 1.2073271875468978 0.42836154336480076 0.42702620649353651 0.36927468379636325 -0.35847404278820155 -0.27296228241733606 0.27668844417740673 1.0626078316449983 -0.17351479114396184
decision_type=2 2 2 2 2 2 2 2 2 2 2 2 2 2 2 2 2 2 2 2 2 2 2 2 2 2 2
left_child=1 2 3 -1 6 -5 -2 8 10 11 -8 12 -9 14 -12 23 -17 18 19 -13 -20 24 -23 -15 -14 26 -19
right_child=4 -3 -4 5 -6 -7 7 9 -10 -11 13 17 21 15 -16 16 -18 25 20 -21 -22 22 -24 -25 -26 -27 -28
leaf_value=-0.00392409457624379 0.0016278303236357127 -0.0083629802132597266 0.0055847210812641586 0.00408543121307139 0.0038172726925418906 -0.00031441922801125026 -0.0013082072766159483 0.0021911953023258457 -0.0027865932578017404 0.0022494257609535612 0 -1.4437134424606909e-05 0.00069543871566503921 7.0628861460409547e-05 0.0012360159085972775 0 0.0010331309071780709 -0.0012120561666955527 4.285342448682536e-05 0.0012021534018565561 -0.00094255330179813406 0 -0.0012121927314799727 -0.00039643191239837548 -5.2267080653774281e-05 0 0
leaf_weight=18.999999999999996 12.999999999999998 12.999999999999998 10.999999999999998 11.999999999999998 11.999999999999998 17.000000000000007 21 17 12.999999999999998 13.999999999999998 14.999999999999998 18 25 60 20 45 13.999999999999998 20 59 20 24 11.000000000000002 10.999999999999998 131 18 13.999999999999998 14.999999999999998
leaf_count=19 13 13 11 12 12 17 21 17 13 14 15 18 25 60 20 45 14 20 59 20 24 11 11 131 18 14 15
internal_value=0 -0.00122752 0.000863738 -0.000588848 0.000149365 0.00169469 2.70308e-05 -1.28796e-05 -0.000250812 0.00024602 -6.92097e-05 5.79527e-05 0.000541134 2.31586e-05 0.000684492 -5.60086e-05 0.000328344 -0.000145921 0 0.000543694 -0.00020791 0 -0.000574681 -0.000216572 0.0002718 -0.000565472 -0.000828445
internal_weight=682 72 59 48 610 29 598 585 319 266 306 252 82 285 35 250 59 170 121 38 83 65 22 191 43 49 35
internal_count=682 72 59 48 610 29 598 585 319 266 306 252 82 285 35 250 59 170 121 38 83 65 22 191 43 49 35
is_linear=0
shrinkage=0.0529975


Tree=355
num_leaves=19
num_cat=0
split_feature=13 39 12 5 29 1 5 19 9 30 39 1 45 29 37 29 3 45
split_gain=0.048554 0.0463411 0.144214 0.0412118 0.0733832 0.0105757 0.00998804 0.00840721 0.0349143 0.0220035 0.0194973 0.0100909 0.00682866 0.0234639 0.0115593 0.00838793 0.00446653 0.00377219
threshold=1.9943942564294705 -1.095590616565685 -0.18183550287349634 -2.226046647382725 1.0039302244272565 -1.2781151662940411 -0.8786798243624413 -0.49068578805936591 1.4202588513197703 1.100154062415069 -0.40719590138638256 -0.32201934881832944 1.0721387621211111 0.60288618035152008 -0.71195307619323489 0.51841408575409187 -0.79227514423249812 -0.39999725537397507
decision_type=2 2 2 2 2 2 2 2 2 2 2 2 2 2 2 2 2 2
left_child=1 2 -1 -3 5 6 -5 8 9 11 -11 -7 13 15 -14 -9 -16 -15
right_child=-2 3 -4 4 -6 7 -8 12 -10 10 -12 -13 14 17 16 -17 -18 -19
leaf_value=0.0054403504622244506 -0.0028005921566414921 0.0024066815403876074 -0.0014376151527115591 0 -0.0033402476301220788 9.479551228670049e-05 0.0014692335918016389 8.090056871336354e-05 -0.0026841823040929516 0.0023766032207755321 0 -0.00087222166626347458 -0.0013539517470537489 0.0021076170288059476 0.00073866485702969492 -0.0010070843133825813 -0.00021869536792715473 0.00015392704831340795
leaf_weight=11.000000000000002 10.999999999999998 12.999999999999998 10.999999999999998 13.999999999999998 12.999999999999998 34 20 340 10.999999999999998 11.000000000000002 10.999999999999998 58 18 13.000000000000002 11.999999999999998 14.999999999999998 51 14.999999999999998
leaf_count=11 11 13 11 14 13 34 20 340 11 11 11 58 18 13 12 15 51 15
internal_value=0 6.73085e-05 0.00218055 -1.29699e-05 -9.53248e-05 0 0.000837643 -5.25183e-05 -0.000432734 -3.40046e-05 0.00121365 -0.000459638 3.92635e-05 0.000146788 -0.00036394 0 0 0.00147821
internal_weight=682 671 22 649 636 623 34 589 125 114 22 92 464 383 81 355 63 28
internal_count=682 671 22 649 636 623 34 589 125 114 22 92 464 383 81 355 63 28
is_linear=0
shrinkage=0.0529975


Tree=356
num_leaves=15
num_cat=0
split_feature=13 39 12 5 29 1 5 8 16 28 19 45 45 24
split_gain=0.045289 0.0428439 0.13485 0.0382564 0.0681826 0.00960057 0.00929929 0.00779878 0.0114548 0.00788372 0.0109017 0.0149727 0.00722746 0.00260279
threshold=1.9943942564294705 -1.095590616565685 -0.18183550287349634 -2.226046647382725 1.0039302244272565 -1.2781151662940411 -0.8786798243624413 0.94671870840226402 0.57966145828356541 -0.99728284792519062 -0.49068578805936591 -0.73972095171899488 1.2986212263511245 -1.0927139718103871
decision_type=2 2 2 2 2 2 2 2 2 2 2 2 2 2
left_child=1 2 -1 -3 5 6 -5 9 -9 -7 11 -11 -12 -10
right_child=-2 3 -4 4 -6 7 -8 8 13 10 12 -13 -14 -15
leaf_value=0.0052537480285664876 -0.0027045323052021777 0.002319395333131392 -0.0013883052464858591 0 -0.003219102608092736 0.0011000587540571827 0.0014093285909727458 -0.0015211953437501923 -0.00046807566773114499 0.00038659222568289956 0.0001632166668852046 -0.00092181771904644436 -0.00048870176341637484 0.00038661196116686672
leaf_weight=11.000000000000002 10.999999999999998 12.999999999999998 10.999999999999998 13.999999999999998 12.999999999999998 11.999999999999998 20 18 11.000000000000002 23 390 72 45 18
leaf_count=11 11 13 11 14 13 12 20 18 11 23 390 72 45 18
internal_value=0 6.52749e-05 0.0020972 -1.15091e-05 -9.12517e-05 0 0.000798707 -4.93739e-05 -0.000663847 0 -2.61062e-05 -0.000531742 7.42104e-05 0
internal_weight=682 671 22 649 636 623 34 589 47 542 530 95 435 29
internal_count=682 671 22 649 636 623 34 589 47 542 530 95 435 29
is_linear=0
shrinkage=0.0529975


Tree=357
num_leaves=24
num_cat=0
split_feature=3 1 29 13 44 29 2 14 19 19 30 39 6 6 6 45 6 13 30 26 6 39 45
split_gain=0.0450368 0.290655 0.158504 0.0282505 0.0700675 0.0388364 0.0273685 0.0279032 0.00740802 0.00637025 0.00900487 0.00580086 0.00575377 0.0121531 0.0124008 0.00886496 0.00817722 0.00910655 0.00788408 0.00228704 0.0024575 0.00206493 0.00039724
threshold=0.69784939052922235 -1.1721621033097072 1.2522906522553352 1.1310384716196233 -0.27086742745529524 0.88506091518751828 -0.94857875423307914 -0.75231760026958761 0.76820330720288033 -0.64259766935448892 0.47267508903444561 -0.68473686525244004 1.0215876099118384 0.77646436549157405 0.67247960685382691 -0.17351479114396184 1.3225910484813301 -0.16399520559514755 0.18696829580023613 -0.74039037100686877 1.5690816155322571 0.39345381706852661 -0.39999725537397507
decision_type=2 2 2 2 2 2 2 2 2 2 2 2 2 2 2 2 2 2 2 2 2 2 2
left_child=2 -2 3 5 -5 8 -3 -8 12 -9 11 -11 13 14 18 -15 17 -14 -1 20 -18 -13 -21
right_child=1 6 -4 4 -6 -7 7 9 -10 10 -12 21 16 15 -16 -17 19 -19 -20 22 -22 -23 -24
leaf_value=0.00021037892951055584 -0.0059185677387386575 0.0021953355793170775 0.0049598931092469517 0.0036417850266232754 -0.00065619432659773911 -0.0023575292869248881 -0.0017333628566383106 0.0012284487710639887 -0.00096745718058288232 0.0012741386409022605 -0.0008163596295456655 -0.0003019615292448076 0 -0.0014485651623957116 0.0012453692863092893 0 0 0.0016039777127720386 -0.00028552141203143339 -0.00049588200342243606 0.00075515048519199444 0.00041995685915786191 0
leaf_weight=207 20 11.999999999999998 12.999999999999998 14.000000000000002 14.999999999999998 13.999999999999998 15.999999999999998 13.999999999999998 13.999999999999998 10.999999999999991 14.999999999999998 17.000000000000007 11.000000000000002 21 18 15.999999999999998 13.000000000000002 20 150 11.000000000000002 11.999999999999998 14.999999999999998 12.999999999999998
leaf_count=207 20 12 13 14 15 14 16 14 14 11 15 17 11 21 18 16 13 20 150 11 12 15 13
internal_value=0 -0.000909099 0.000198434 2.07299e-05 0.00148759 -6.38228e-05 0.000305045 -2.01949e-06 1.28651e-05 0.000396855 0 0.000480226 6.60993e-05 0 7.91452e-05 -0.000859299 0.000461763 0.00105662 0 0 0.000329242 0 -0.000319584
internal_weight=682 120 562 549 29 520 100 88 506 72 58 43 492 412 375 37 80 31 357 49 25 32 24
internal_count=682 120 562 549 29 520 100 88 506 72 58 43 492 412 375 37 80 31 357 49 25 32 24
is_linear=0
shrinkage=0.0529975


Tree=358
num_leaves=28
num_cat=0
split_feature=6 13 13 6 19 5 29 45 28 10 3 6 29 47 13 7 31 29 37 37 26 39 31 13 5 3 26
split_gain=0.0444717 0.638288 0.347772 0.0444391 0.0721008 0.0313713 0.0115414 0.0381384 0.030594 0.0932118 0.0106629 0.0101334 0.0128826 0.0429184 0.0081475 0.00674133 0.00604374 0.00927728 0.00603802 0.00569145 0.00511273 0.00443069 0.0029784 0.00278029 0.00195504 0.000530566 0.00041701
threshold=-0.78485340212065313 1.2113506376484462 1.9743162149222646 -0.71207127959319683 0.86932162594016515 -0.012559061107562601 -0.69154920279145393 -0.39999725537397507 -0.73336927873141533 0.6276970889317437 -0.32293053028958524 -0.37332319414465487 0.57858038708847614 0.53440976605864532 -0.30454149614558773 -0.25919940656948109 0.94297973329053064 -0.059164642875975886 2.0054340583713257 2.0509306466212647 0.69213876715520184 1.8785166525286436 0.08780597449219528 -0.58563407724646821 1.2300051710180049 -0.57455634993198357 0.73637034128402445
decision_type=2 2 2 2 2 2 2 2 2 2 2 2 2 2 2 2 2 2 2 2 2 2 2 2 2 2 2
left_child=1 5 3 -2 6 -1 7 -5 9 -8 14 20 18 -14 25 19 23 -18 -13 -9 22 -17 -10 24 -12 -7 -25
right_child=2 -3 -4 4 -6 10 8 15 11 -11 16 12 13 -15 -16 21 17 -19 -20 -21 -22 -23 -24 26 -26 -27 -28
leaf_value=0.0024063701107100255 0.0025627771624282965 -0.010500231036770552 0.0074706782311864221 0.0027422843359255324 -0.0033184409507962466 0.00026036004090398176 -0.0044764524209121208 0 -0.00052890305673753432 0.00073394388880261997 0 8.6488437214413249e-05 -0.00056418364478579952 0.0028760206817928131 -0.0012371210130663669 0 0 0.0013673095111213041 -0.00090299887879533513 -0.0012655404190077145 -0.0013464354973432013 0.0010886573332332787 0.00019422387403586917 0 0.00071248236916764606 -0.0001091530016711446 -0.00056983439835120626
leaf_weight=11.999999999999998 11.999999999999998 10.999999999999998 11.999999999999998 11.999999999999998 12.999999999999998 13.000000000000002 11.000000000000002 17 21 14.999999999999998 10.999999999999998 305 13.000000000000002 12.999999999999998 20 21 13.999999999999998 24 11.999999999999998 11.000000000000002 13.999999999999998 10.999999999999998 19 11.000000000000005 10.999999999999998 10.999999999999998 11.999999999999998
leaf_count=12 12 11 12 12 13 13 11 17 21 15 11 305 13 13 20 21 14 24 12 11 14 11 19 11 11 11 12
internal_value=0 -0.000789573 0.000226732 -1.04173e-05 -0.000113979 0.000333188 0 0.000601451 -9.89692e-05 -0.00167796 0 1.05378e-05 0.00013633 0.00115425 -0.000581442 0 0.000382881 0.000826058 1.13382e-05 -0.000574884 -0.000605827 0.00045014 -5.30243e-05 0 0.000334724 0 -0.000401417
internal_weight=682 150 532 520 508 139 495 72 423 26 127 397 343 26 44 60 83 38 317 28 54 32 40 45 22 24 23
internal_count=682 150 532 520 508 139 495 72 423 26 127 397 343 26 44 60 83 38 317 28 54 32 40 45 22 24 23
is_linear=0
shrinkage=0.0529975


Tree=359
num_leaves=21
num_cat=0
split_feature=13 39 19 5 1 31 29 30 26 31 39 29 39 31 7 9 34 29 26 7
split_gain=0.0458607 0.0421189 0.0596084 0.0385359 0.0629169 0.0219583 0.0579489 0.0469978 0.0201753 0.0144764 0.0142747 0.0140706 0.01312 0.0130661 0.009693 0.0079324 0.0107825 0.00613346 0.00180604 0.00110869
threshold=1.9943942564294705 -1.095590616565685 0.14175059246403263 -2.226046647382725 -1.486383819149691 0.070867766400252261 0.88506091518751828 -0.97556096233642264 0.15726192213313098 -0.23415373655120816 -0.48236117227724046 0.020574946179958514 1.8785166525286436 -0.084005253285095602 -0.52704887320649119 0.50442375747734025 -0.4932405570446316 0.50500426577237711 -0.11474408588944733 -0.065617902779554302
decision_type=2 2 2 2 2 2 2 2 2 2 2 2 2 2 2 2 2 2 2 2
left_child=1 2 -1 -3 -5 7 8 -6 11 12 13 18 14 -11 -9 16 -10 -17 -7 -12
right_child=-2 3 -4 4 5 6 -8 9 15 10 19 -13 -14 -15 -16 17 -18 -19 -20 -21
leaf_value=-0.00027402660433491411 -0.0027217457425412045 0.002329031796105017 0.0041112417928036672 -0.0031799694773956429 0.0027552664916778973 0 -0.0030117243007039361 0.00026492221385437297 -0.0013418804371732359 0.0023272110831270287 0.00026057473523839183 -0.0023001052574638868 -0.0015150754660985619 0 -0.0005193172695865222 0.00056892385168074778 0 -0.00021358527340338277 -0.00046080263062622817 -0.00014065314344563381
leaf_weight=11.000000000000002 10.999999999999998 12.999999999999998 10.999999999999998 11.999999999999998 14.999999999999998 12.999999999999998 14.999999999999998 136 12.999999999999998 15.999999999999998 32 11.999999999999998 10.999999999999998 15.999999999999998 58 106 114 19 27 21
leaf_count=11 11 13 11 12 15 13 15 136 13 16 32 12 11 16 58 106 114 19 27 21
internal_value=0 6.54822e-05 0.00208006 -1.05625e-05 -9.0571e-05 0 -0.000306067 0.000316892 -9.43575e-05 0.00011391 0.000682102 -0.000996775 -0.000101268 0.0014729 0 8.36223e-05 -0.000171696 0.000392331 -0.00020504 0
internal_weight=682 671 22 649 636 624 319 305 304 290 85 52 205 32 194 252 127 125 40 53
internal_count=682 671 22 649 636 624 319 305 304 290 85 52 205 32 194 252 127 125 40 53
is_linear=0
shrinkage=0.0529975


Tree=360
num_leaves=37
num_cat=0
split_feature=52 29 29 47 9 7 26 44 45 19 44 3 37 8 25 37 44 26 30 13 37 9 46 8 45 26 21 21 47 16 44 30 6 17 13 31
split_gain=0.0447393 0.533368 0.2087 0.395657 0.221539 0.0398115 0.0292508 0.0112643 0.0242249 0.0289928 0.011277 0.00897206 0.0129806 0.00937508 0.01378 0.00819543 0.00632167 0.00729783 0.00602212 0.00591445 0.00536143 0.00782137 0.00489793 0.00665399 0.0045268 0.00419448 0.00310923 0.00310442 0.00227815 0.00332187 0.00287232 0.00213239 0.000867168 0.000855275 0.000735908 0.00154336
threshold=1.0000000180025095e-35 0.64608805788372303 0.86516195744978364 0.60404435919047483 0.53131947937075108 -1.2455301597227952 -2.0472146238532098 0.7223131398807876 0.27945013731606472 -0.56005770063271443 -1.2640479947913779 -0.91541118363196994 -0.80708230617037946 0.058847420665997331 1.5189577765841438 -0.55685107079571161 1.2189034235488292 -0.16956806752730544 0.63776063550318518 0.52869722640345074 1.5897606839059695 -0.25921606990860707 1.0000000180025095e-35 -0.60425894660370971 0.61917383366108469 0.98916125435528601 -0.34832107748169105 0.4884842755952859 0.88258273171779333 0.80605067592624013 0.7223131398807876 -0.2577292867414443 0.56825181439851502 -0.38324018524645159 -0.39489268292801361 -0.23415373655120816
decision_type=2 2 2 2 2 2 2 2 2 2 2 2 2 2 2 2 2 2 2 2 2 2 2 2 2 2 2 2 2 2 2 2 2 2 2 2
left_child=2 5 6 4 -4 -2 -1 10 9 -9 15 24 13 14 -13 19 26 -18 -15 -8 27 -22 34 -24 32 28 -10 -14 29 30 31 -7 -12 -17 -11 -36
right_child=1 -3 3 -5 -6 25 7 8 16 22 11 12 20 18 -16 33 17 -19 -20 -21 21 -23 23 -25 -26 -27 -28 -29 -30 -31 -32 -33 -34 -35 35 -37
leaf_value=-0.0022294807409140721 0.0021601664242318595 -0.0096676322581251608 0.011426247392178606 -0.0024725381420170039 0.00062890229417536352 0 -0.0012587464928825517 -0.0029271027574961838 0.00029389174343125629 -0.00021378688752634028 0 0.0018515728094798546 5.8127515697878092e-05 -0.00013020950369162947 0 0.00038145934380286585 0 0.0012415798635272797 0.00094552775832869654 0 0.0014395076369411001 0 0 -0.0012474953740344841 0.00012419963223961317 0.00055054176042150429 -0.00049741077970562341 -0.00048631014149162777 3.3952440970444089e-05 0 0 -0.00093549983346003125 -0.0010480657257891616 0 0 0.00053038029457925769
leaf_weight=10.999999999999998 20 10.999999999999998 11.000000000000002 12.999999999999998 10.999999999999998 12.999999999999991 25 11.999999999999998 12.999999999999998 10.999999999999998 12.000000000000002 39 79 32 19 13.000000000000002 10.999999999999998 23 12.999999999999998 12.999999999999998 12.000000000000002 13.999999999999998 13.999999999999998 21 11.999999999999998 10.999999999999998 23 31 10.999999999999998 13.999999999999998 19 37.000000000000007 10.999999999999998 18 14.999999999999998 14.000000000000002
leaf_count=11 20 11 11 13 11 13 25 12 13 11 12 39 79 32 19 13 11 23 13 13 12 14 14 21 12 11 23 31 11 14 19 37 11 18 15 14
internal_value=0 -0.000844078 0.000210646 0.00385216 0.00756807 0.000286071 -6.70499e-05 0 -0.000357322 -0.00094088 0.000176136 0.000341523 0.000469747 0.000908378 0.00134376 -0.00036228 0.000293062 0.000777867 0.000118234 -0.000859473 6.40276e-05 0.00069204 -0.000343675 -0.000754268 -0.000304329 -0.000105387 -4.41844e-05 -5.22986e-05 -0.000280405 -0.00040003 -0.00056063 -0.000751682 -0.000748238 9.89111e-05 0 0.000192003
internal_weight=682 136 546 35 22 125 511 500 157 87 343 274 239 103 58 69 70 34 45 38 136 26 75 35 35 105 36 110 94 83 69 50 23 31 40 29
internal_count=682 136 546 35 22 125 511 500 157 87 343 274 239 103 58 69 70 34 45 38 136 26 75 35 35 105 36 110 94 83 69 50 23 31 40 29
is_linear=0
shrinkage=0.0529975


Tree=361
num_leaves=18
num_cat=0
split_feature=29 29 6 29 24 7 9 19 3 19 29 1 53 39 26 30 3
split_gain=0.0456183 0.023893 0.0729742 0.0121667 0.0238337 0.0206829 0.0104465 0.0226778 0.00964213 0.013618 0.0115517 0.0105842 0.00704656 0.00741106 0.00773091 0.0036625 0.00180229
threshold=1.9619634837178215 0.90830313251086625 -0.60262248212223379 -0.8996447736816684 -0.7269168590994628 -2.0381597474118105 1.3692055021107881 -0.53280384592164454 -0.91541118363196994 -0.89269806438786092 0.60288618035152008 -1.2781151662940411 1.0626078316449983 -0.24197457294979449 0.85987119301870041 0.68172090577374511 1.0000000180025095e-35
decision_type=2 2 2 2 2 2 2 2 2 2 2 2 2 2 2 2 2
left_child=1 3 -3 4 -1 -5 8 -8 12 -10 11 -11 13 14 -7 16 -9
right_child=-2 2 -4 5 -6 6 7 15 9 10 -12 -13 -14 -15 -16 -17 -18
leaf_value=0.002345218757937825 -0.0026384201270841004 0.003682478279905733 -0.0010095600488300739 -0.0017345786498406738 -5.1161432745278685e-05 -0.0016033517315690749 -0.0023023160482739551 0 0.0016309120079603591 0.0010434974433067542 0.0011681008033888119 -3.2685421038192683e-05 0.0002352493325909298 0 0 0.00059171363151537255 -0.00058996109387758806
leaf_weight=12.000000000000002 11.999999999999998 13.000000000000002 10.999999999999998 13.999999999999998 18 24 10.999999999999998 15.999999999999998 11.999999999999998 21 21 418 13.999999999999998 21 11.999999999999998 11.999999999999998 20
leaf_count=12 12 13 11 14 18 24 11 16 12 21 21 418 14 21 12 12 20
internal_value=0 6.4953e-05 0.00152719 0 0.000944349 -5.77101e-05 0 -0.000637275 7.32436e-05 0.00017193 9.83843e-05 1.64665e-05 -0.000454395 -0.000740925 -0.00114853 0 -0.000308079
internal_weight=682 670 24 646 30 616 602 59 543 472 460 439 71 57 36 48 36
internal_count=682 670 24 646 30 616 602 59 543 472 460 439 71 57 36 48 36
is_linear=0
shrinkage=0.0529975


Tree=362
num_leaves=26
num_cat=0
split_feature=15 6 13 29 47 9 29 9 1 39 9 29 30 39 6 30 29 29 16 6 3 12 45 18 3
split_gain=0.0443243 0.704862 0.139881 0.0979827 0.151736 0.0529806 0.0441634 0.0428201 0.0279462 0.0206877 0.0156853 0.0255229 0.00973743 0.013908 0.00816349 0.00562583 0.00588217 0.00516493 0.0080122 0.00499531 0.00475424 0.00363757 0.00344279 0.0021054 0.000562013
threshold=0.73164906344251246 -0.28351052274466554 1.1711945546340348 0.90830313251086625 0.60404435919047483 -0.55312772457610671 0.13874613877465147 -1.1684021685927786 -0.96156173692007141 -0.63854705280048074 1.3692055021107881 0.14814661164550594 1.100154062415069 -0.40719590138638256 0.67247960685382691 0.89761297373070026 0.58730087529752451 -0.26489013004416756 0.48773934746793363 -0.033804108028863848 0.52474510325750146 0.24401710330907569 -0.39999725537397507 1.3209842474146114 -0.09093509373985649
decision_type=2 2 2 2 2 2 2 2 2 2 2 2 2 2 2 2 2 2 2 2 2 2 2 2 2
left_child=3 -2 5 8 -5 7 14 -3 9 -1 12 -12 15 -14 21 16 17 18 -10 -19 -17 -7 -18 -16 -11
right_child=1 2 -4 4 -6 6 -8 -9 10 24 11 -13 13 -15 23 20 22 19 -20 -21 -22 -23 -24 -25 -26
leaf_value=0.0028022727313920105 -0.010955338282657502 0 0.0050657060937777578 0.0064851274130379782 -0.00059705634458852568 0 0.0030007629703464531 -0.0036612397198335775 0.00035847543605046724 0 0.00010036278578047151 -0.0021792416354058639 0.0019598189111998702 0 0.00090813212612255031 -0.0013349082945791706 0.0011429599037101443 0 -0.00050606977116833172 -0.00047151691609619831 0 -0.0011190851795368647 0 0 0.00029118935399027689
leaf_weight=10.999999999999998 10.999999999999998 14.000000000000002 10.999999999999998 11.000000000000002 11.999999999999998 13.000000000000002 10.999999999999998 11.999999999999998 130 11 18 19 11.000000000000002 10.999999999999998 11.000000000000002 11.000000000000002 13.000000000000002 132 28 112 11.999999999999998 13.999999999999998 15.999999999999998 13.999999999999998 13
leaf_count=11 11 14 11 11 12 13 11 12 130 11 18 19 11 11 11 11 13 132 28 112 12 14 16 14 13
internal_value=0 -0.00094531 0.00064737 0.000185927 0.00318986 -0.000110481 0.000648341 -0.00194438 1.40795e-05 0.00135611 -7.86347e-05 -0.00104846 0 0.000967708 0 -4.96161e-05 0 -5.80577e-05 0.000149773 -0.00022094 -0.000764198 -0.000670305 0.000657871 0.000511306 3.27555e-05
internal_weight=682 111 100 571 23 89 63 26 548 35 513 37 476 22 52 454 431 402 158 244 23 27 29 25 24
internal_count=682 111 100 571 23 89 63 26 548 35 513 37 476 22 52 454 431 402 158 244 23 27 29 25 24
is_linear=0
shrinkage=0.0529975


Tree=363
num_leaves=16
num_cat=0
split_feature=13 7 31 29 1 1 34 29 28 29 13 1 8 8 29
split_gain=0.0436454 0.0340011 0.0697178 0.0493123 0.00800493 0.0108073 0.0360799 0.0206228 0.0122482 0.00804154 0.0117859 0.00626866 0.00590281 0.00424866 0.000691399
threshold=1.9943942564294705 -2.3273358155400112 -1.8979523070786724 1.10045454059635 -1.2781151662940411 0.078195962155066481 1.0000000180025095e-35 0.82104171692581018 -0.78389879730128298 -0.26489013004416756 -1.0574680526658031 -1.4695022131636308 -0.37408733324429316 -0.55599492894197955 -0.25475630368307006
decision_type=2 2 2 2 2 2 2 2 2 2 2 2 2 2 2
left_child=1 -1 -3 4 11 6 8 9 -6 10 -7 -4 -10 -11 -13
right_child=-2 2 3 -5 5 7 -8 -9 12 13 -12 14 -14 -15 -16
leaf_value=0.0023362025942527671 -0.0026556515098889559 -0.0029330410102650552 0 0.0027631696033099517 -0.0011623848130069472 -0.00023532084806209068 -0.0024967118022670176 0.0019052891150621834 0.00047407088332494378 0 0.000905549866908904 0 -9.9213287329817789e-05 -0.00052938421784029163 0.0015644329011932703
leaf_weight=11.999999999999998 10.999999999999998 15.999999999999998 12.999999999999998 12.999999999999998 21 26 12.999999999999998 12.999999999999998 57 121 57 10.999999999999998 240 47 11.000000000000002
leaf_count=12 11 16 13 13 21 26 13 13 57 121 57 11 240 47 11
internal_value=0 6.34018e-05 0 0.000100765 9.30977e-06 -2.85521e-05 -0.000238385 0.000208115 -8.00057e-05 5.06314e-05 0.00047791 0.000733366 0 -0.000129517 0.00119015
internal_weight=682 671 659 643 630 595 331 264 318 251 83 35 297 168 22
internal_count=682 671 659 643 630 595 331 264 318 251 83 35 297 168 22
is_linear=0
shrinkage=0.0529975


Tree=364
num_leaves=25
num_cat=0
split_feature=19 30 29 29 19 19 28 53 3 19 0 12 2 33 2 37 9 39 44 9 19 45 47 30
split_gain=0.0435076 0.233626 0.0191131 0.0115344 0.0547987 0.0378711 0.00573705 0.0059994 0.00475474 0.0124205 0.0219178 0.0096393 0.00571097 0.0156506 0.00772663 0.00459323 0.00449239 0.00547739 0.00221131 0.00185671 0.00159398 0.000977838 0.000497647 0.00171338
threshold=1.0723426282595778 -1.2395848496026971 0.90830313251086625 -0.51854962340086708 -0.97371853943483189 -0.89853941475979127 -0.17592557091568831 0.35627397084393697 0.61218953703393775 -0.49068578805936591 -0.25364238391735899 0.63896870913787884 -0.23450893579348234 -0.23102090948124118 -0.68363770451895534 1.3126451009290661 0.29419725938086166 -0.52717017959126766 1.0000000180025095e-35 0.14296078584831606 -0.62118883244081624 0.61917383366108469 -0.30120535152330996 0.19847614544474915
decision_type=2 2 2 2 2 2 2 2 2 2 2 2 2 2 2 2 2 2 2 2 2 2 2 2
left_child=1 -1 3 4 -3 -5 15 -8 9 10 -7 -12 14 -14 -11 19 22 -18 -17 21 -21 -6 -10 -24
right_child=-2 2 -4 5 6 8 7 -9 16 12 11 -13 13 -15 -16 18 17 -19 -20 20 -22 -23 23 -25
leaf_value=-0.0062257268940074358 0.0020827913469899486 0.003256183908823625 0.0015302479885808276 -0.0024996362288350186 0.00055478408222197002 0.00019681607463122724 0.0012632663001919727 0 0.00018097470418651786 9.7227333391186466e-05 -0.0025803592450799203 -2.0953059476522192e-05 0.0012055746727875694 0 -0.00061455723676030673 0 0.0011364260817225929 0 -0.0010703067032530045 -0.00051776340511270171 0 0 0 -0.00053274550074275092
leaf_weight=10.999999999999998 21 10.999999999999998 18 11.999999999999998 17.000000000000004 19 13 12 19 60 13.000000000000002 12.999999999999998 29 197 74 12.000000000000002 23 10.999999999999998 12.999999999999998 13.999999999999995 26.000000000000004 10.999999999999998 20 12.999999999999998
leaf_count=11 21 11 18 12 17 19 13 12 19 60 13 13 29 197 74 12 23 11 13 14 26 11 20 13
internal_value=0 -8.73611e-05 6.18309e-05 0 0.000441329 -0.000109505 0 0.000659083 -7.58223e-06 -9.78859e-05 -0.00087253 -0.00176271 0 0.000172529 -0.000255443 -0.00016359 0.000320423 0.000742719 -0.000708298 0 -0.000138597 0.000356945 0 -0.000121859
internal_weight=682 661 650 632 129 503 118 25 491 405 45 26 360 226 134 93 86 34 25 68 40 28 52 33
internal_count=682 661 650 632 129 503 118 25 491 405 45 26 360 226 134 93 86 34 25 68 40 28 52 33
is_linear=0
shrinkage=0.0529975


Tree=365
num_leaves=22
num_cat=0
split_feature=6 13 13 5 15 6 5 19 2 26 6 19 6 13 37 35 39 13 14 45 29
split_gain=0.044297 0.603706 0.321827 0.0371584 0.0574219 0.0351591 0.0280072 0.0173554 0.00974661 0.00977726 0.00932016 0.0304081 0.0157664 0.0144286 0.00995201 0.00272783 0.00375964 0.00915345 0.00165411 0.000719087 0.000280853
threshold=-0.78485340212065313 1.2113506376484462 1.9743162149222646 -2.226046647382725 1.8215268724258202 -0.71207127959319683 -0.012559061107562601 0.76820330720288033 1.7727646623197912 1.5277718273517384 0.036050060421790368 -0.59773785705581195 0.13285972741939142 0.75959470373631699 2.0054340583713257 1.6833029701327484 -1.0000000180025095e-35 -0.30454149614558773 1.7570932634005898 0.84565629789109786 -0.27536419288318426
decision_type=2 2 2 2 2 2 2 2 2 2 2 2 2 2 2 2 2 2 2 2 2
left_child=1 6 3 -2 5 -5 -1 10 9 15 11 -7 -12 -13 -14 16 17 -8 -10 20 -18
right_child=2 -3 -4 4 -6 7 8 -9 18 -11 12 13 14 -15 -16 -17 19 -19 -20 -21 -22
leaf_value=0.0022597167975136612 0.0022844589709903368 -0.010232557003638317 0.0071931131629348029 0.002303313235206386 -0.0031300501392922909 -0.0024132137460960153 0.001437241185377833 -0.0017491353024913787 0.0011766146803645948 -0.0013972934931116262 0.0014858763074005806 0.00013719704857686154 0.00013506292454945211 -0.0012378138302591814 -0.00087349160580275356 -0.00061741614127259049 0 0 0 0 -0.00039285895405189445
leaf_weight=11.999999999999998 12.999999999999998 10.999999999999998 11.999999999999998 11.999999999999998 10.999999999999998 11.999999999999998 12.000000000000002 10.999999999999998 13.000000000000002 10.999999999999998 17 125 276 19 24 10.999999999999998 10.999999999999995 18.999999999999993 15.999999999999998 20 14.000000000000012
leaf_count=12 13 11 12 12 11 12 12 11 13 11 17 125 276 19 24 11 11 19 16 20 14
internal_value=0 -0.00078933 0.000224959 -2.73459e-06 -0.000101013 0 0.000302072 -8.17788e-05 0 -0.000234577 -7.00974e-06 -0.000348142 0.000142588 -3.98938e-05 1.60165e-05 0 0.000120099 0.000556679 0.00078659 -7.37861e-05 -0.000272245
internal_weight=682 150 532 520 507 496 139 484 127 98 473 156 317 144 300 87 76 31 29 45 25
internal_count=682 150 532 520 507 496 139 484 127 98 473 156 317 144 300 87 76 31 29 45 25
is_linear=0
shrinkage=0.0529975


Tree=366
num_leaves=21
num_cat=0
split_feature=13 39 12 7 35 31 29 30 7 39 18 16 7 37 10 13 7 31 31 12
split_gain=0.0443099 0.0382219 0.12574 0.0358312 0.0895826 0.0205142 0.0563184 0.0416823 0.0148999 0.0127314 0.0111272 0.0142493 0.0108001 0.0153489 0.00644333 0.00816932 0.00625558 0.00574946 0.00422441 0.00130162
threshold=1.9943942564294705 -1.095590616565685 -0.18183550287349634 -2.3273358155400112 -1.4835929937422012 0.070867766400252261 0.88506091518751828 -0.97556096233642264 0.3333337215244665 1.8785166525286436 -0.65003202015448958 0.41105271446408698 -0.23801997788656473 -0.78226598530677516 0.51353189186683568 -0.53041946310165233 -0.45107518540935027 -0.084005253285095602 0.89752559575856594 -0.26748456557107997
decision_type=2 2 2 2 2 2 2 2 2 2 2 2 2 2 2 2 2 2 2 2
left_child=1 2 -1 -3 -5 7 8 -6 10 18 -7 -12 14 17 16 -16 -9 -14 -10 -15
right_child=-2 3 -4 4 5 6 -8 12 9 -11 11 -13 13 19 15 -17 -18 -19 -20 -21
leaf_value=0.0050389541645902199 -0.0026767532271083556 0.0023105123914920062 -0.0013632952665192004 -0.0038825173706165052 0.0027554523655675504 -0.0019673546209497575 -0.0029388057722644408 0 -0.00020417171974347772 0.0015342118557090721 0.00018125190180279041 -0.0011932283459629752 0.0021225972808801194 -0.00028127863657205748 0.0010007667587399133 0 -0.00095500083053031337 0.00016637281154726266 0.00025389065630711038 0.00021592301555522209
leaf_weight=11.000000000000002 10.999999999999998 11.999999999999998 10.999999999999998 10.999999999999998 12.999999999999998 10.999999999999998 14.999999999999998 45 107 10.999999999999998 49 24 14.999999999999998 19 20 114 30 18 105 30
leaf_count=11 11 12 11 11 13 11 15 45 107 11 49 24 15 19 20 114 30 18 105 30
internal_value=0 6.28648e-05 0.00198198 -9.07552e-06 -8.4775e-05 7.11109e-06 -0.000273723 0.000326646 -6.73851e-05 0.000136187 -0.000658497 -0.000238488 0.000141183 0.000639633 -3.42795e-05 0.000148587 -0.000434046 0.00142433 0 0
internal_weight=682 671 22 649 637 626 322 304 307 223 84 73 291 82 209 134 75 33 212 49
internal_count=682 671 22 649 637 626 322 304 307 223 84 73 291 82 209 134 75 33 212 49
is_linear=0
shrinkage=0.0529975


Tree=367
num_leaves=23
num_cat=0
split_feature=6 13 13 5 31 6 5 19 2 7 10 29 29 31 35 39 13 14 1 36 45 19
split_gain=0.0423366 0.571716 0.304879 0.0346607 0.0559771 0.0316258 0.0255047 0.0174207 0.00930203 0.00895144 0.00865347 0.0180976 0.0150299 0.00630907 0.00294029 0.00332206 0.00659345 0.00139728 0.000432061 0.000335772 0.000304724 3.46628e-05
threshold=-0.78485340212065313 1.2113506376484462 1.9743162149222646 -2.226046647382725 -1.8979523070786724 -0.71207127959319683 -0.012559061107562601 0.84812112690812347 1.7727646623197912 1.4002041617486858 -0.45296540329222434 0.68829317853210092 0.60288618035152008 0.092432308958619189 1.6833029701327484 -0.37352830495324169 -0.10376108107353031 1.7570932634005898 1.5436312839947306 0.6170125243548773 0.73241506577609128 -0.036147584648132454
decision_type=2 2 2 2 2 2 2 2 2 2 2 2 2 2 2 2 2 2 2 2 2 2
left_child=1 6 3 -2 -5 -6 -1 10 9 14 11 18 13 -12 15 16 -8 -10 -7 20 -17 -21
right_child=2 -3 -4 4 5 7 8 -9 17 -11 12 -13 -14 -15 -16 19 -18 -19 -20 21 -22 -23
leaf_value=0.0021565793334879214 0.0022062561307188916 -0.0099622778785218215 0.0070011991429133084 -0.0026548338987120489 0.0022008027371841379 -0.00011127868795260831 0.0013289856115437618 -0.0017258439619704112 0.001137333597765026 -0.0011539371350811096 0.00017230229465423449 -0.0019943018329761186 0.0014425860526753351 -0.00026525276433512297 -0.00059856153952459791 -0.00030773554277310267 0 0 0.0001965132128757184 0 0 7.5684755654698973e-05
leaf_weight=11.999999999999998 12.999999999999998 10.999999999999998 11.999999999999998 17 11.999999999999998 39 11.000000000000002 10.999999999999998 13.000000000000002 17 252 11.999999999999998 15.999999999999998 137 10.999999999999998 13.000000000000009 12.999999999999991 15.999999999999998 10.999999999999998 11.000000000000002 10.999999999999998 10.999999999999998
leaf_count=12 13 11 12 17 12 39 11 11 13 17 252 12 16 137 11 13 13 16 11 11 11 11
internal_value=0 -0.000772563 0.00021901 -2.25316e-06 -9.7624e-05 8.03684e-06 0.000288429 -5.9165e-05 0 -0.000229534 0 -0.000552344 9.30784e-05 0 0 0.000168943 0.000619172 0.000768113 0 0 -0.000177314 0
internal_weight=682 150 532 520 507 490 139 478 127 98 467 62 405 389 81 70 24 29 50 46 24 22
internal_count=682 150 532 520 507 490 139 478 127 98 467 62 405 389 81 70 24 29 50 46 24 22
is_linear=0
shrinkage=0.0529975


Tree=368
num_leaves=20
num_cat=0
split_feature=13 39 12 7 35 31 29 30 7 39 15 15 7 39 26 30 25 31 19
split_gain=0.0439892 0.0400584 0.125197 0.0336553 0.0846447 0.0184854 0.050768 0.0381296 0.0135434 0.0120209 0.0103137 0.0136921 0.010024 0.0146762 0.00690601 0.00578987 0.00392405 0.00384232 0.00167058
threshold=1.9943942564294705 -1.095590616565685 -0.18183550287349634 -2.3273358155400112 -1.4835929937422012 0.070867766400252261 0.88506091518751828 -0.97556096233642264 0.3333337215244665 1.8785166525286436 -0.67196494226084857 0.35758401236870835 -0.23801997788656473 -0.71831008678111175 -0.30605995019358756 0.49548770254054531 1.0000000180025095e-35 0.89752559575856594 0.15703195628908198
decision_type=2 2 2 2 2 2 2 2 2 2 2 2 2 2 2 2 2 2 2
left_child=1 2 -1 -3 -5 7 8 -6 10 17 -7 -12 14 -14 15 -9 -16 -10 -15
right_child=-2 3 -4 4 5 6 -8 12 9 -11 11 -13 13 18 16 -17 -18 -19 -20
leaf_value=0.0050717004848458373 -0.0026663962163556115 0.0022367878017252071 -0.0013200587764145026 -0.0037756419214311295 0.0026319828637890934 -0.001888893974299672 -0.0027921790346781879 -6.5750964297341995e-05 -0.00019792518709438491 0.0014865511169853322 0.00020057465916960773 -0.0011380346742112782 0.0016870680357360353 0.000308624666317903 -0.0011200079968975481 0.00059444100528912647 0 0.00023947563037207383 -0.00013588220300609513
leaf_weight=11.000000000000002 10.999999999999998 11.999999999999998 10.999999999999998 10.999999999999998 12.999999999999998 10.999999999999998 14.999999999999998 140 107 10.999999999999998 48 25 20 39 18.000000000000004 40 10.999999999999998 105 23
leaf_count=11 11 12 11 11 13 11 15 140 107 11 48 25 20 39 18 40 11 105 23
internal_value=0 6.33298e-05 0.00202811 -1.05666e-05 -8.42305e-05 4.79086e-06 -0.000261261 0.00030873 -6.41615e-05 0.000128745 -0.000628348 -0.000221023 0.00013038 0.000611441 -3.76643e-05 5.78403e-05 -0.000738374 0 4.35648e-05
internal_weight=682 671 22 649 637 626 322 304 307 223 84 73 291 82 209 180 29 212 62
internal_count=682 671 22 649 637 626 322 304 307 223 84 73 291 82 209 180 29 212 62
is_linear=0
shrinkage=0.0529975


Tree=369
num_leaves=29
num_cat=0
split_feature=3 30 29 10 0 52 39 10 29 25 45 19 6 31 6 1 35 35 10 30 10 9 44 48 12 3 30 39
split_gain=0.0434544 0.267009 0.151539 0.0180724 0.0496161 0.0198694 0.0107267 0.028568 0.0121045 0.00699525 0.00666645 0.0118667 0.0089025 0.0115269 0.00880658 0.00639335 0.00635206 0.0106096 0.00527129 0.00508326 0.00396917 0.00326945 0.00275724 0.00301665 0.001971 0.00166318 0.00136518 0.000580465
threshold=0.69784939052922235 -0.65921609552741589 1.10045454059635 0.44422460764443922 -0.62625233348757947 1.0000000180025095e-35 -0.99967917988423871 -0.33297438908634819 0.80607140098567553 -0.45856353285153578 0.27945013731606472 0.66223157340643679 0.67247960685382691 0.85245812221334372 0.83908917833320762 -0.96156173692007141 -0.66321206334000593 0.27623596926450006 -1.195135951272327 0.16840608488038358 0.94835749635629174 -0.80390174744735665 1.2189034235488292 1.0000000180025095e-35 1.2936161784243394 1.0565500270407264 0.80176545848547709 -0.73333887105792905
decision_type=2 2 2 2 2 2 2 2 2 2 2 2 2 2 2 2 2 2 2 2 2 2 2 2 2 2 2 2
left_child=2 -2 6 4 -3 21 7 -1 10 -9 11 15 13 22 -14 -8 20 -18 -6 -15 -17 -5 23 -12 -16 -20 -21 -23
right_child=1 3 -4 5 18 -7 8 9 -10 -11 12 -13 14 19 24 16 17 -19 25 26 -22 27 -24 -25 -26 -27 -28 -29
leaf_value=0.0025265997764243302 -0.0070749649201951384 -0.0030398413761121676 0.0042282283649470315 -0.00051746430697509989 0.00086441832057220858 0.0022635447199558598 0.0006680937530089805 0.00046190612065833537 -0.0013707608613289467 -0.00094859947309829378 -0.00052048288116728189 -0.0015180159207611958 0.0017210465517553972 0.0012138653768923636 -0.00010897836593046903 -0.0010271917216784692 0.00035966370088095909 -0.00041866959560295258 -0.00049098486464206625 -0.0001208492311965525 0 0 8.6166353082897949e-05 0 0.00046463372416237698 2.0345159952249619e-05 0.00045275105707867581 0.00055961598081766891
leaf_weight=10.999999999999998 10.999999999999998 10.999999999999998 19 10.999999999999998 15.999999999999995 10.999999999999998 21 10.999999999999998 12.999999999999998 12.000000000000002 84 11.999999999999998 13.999999999999998 20 15.999999999999998 28 97 88 14.000000000000005 18.000000000000004 27 15.999999999999998 19 22 19 15.999999999999998 10.999999999999998 14.000000000000002
leaf_count=11 11 11 19 11 16 11 21 11 13 12 84 12 14 20 16 28 97 88 14 18 27 16 19 22 19 16 11 14
internal_value=0 -0.00089445 0.00019342 4.92944e-06 -0.000556191 0.000734348 0 0.000843138 -5.73807e-05 -7.71125e-05 0 -0.000180735 0.000204864 0 0.000793357 -6.0379e-05 -0.000167245 0 0.000185468 0.000660977 -0.000636634 0 -0.00025245 -0.000376874 5.44532e-05 -6.62777e-05 0 0.000358716
internal_weight=682 120 562 109 57 52 543 34 509 23 496 273 223 174 49 261 240 185 46 49 55 41 125 106 35 30 29 30
internal_count=682 120 562 109 57 52 543 34 509 23 496 273 223 174 49 261 240 185 46 49 55 41 125 106 35 30 29 30
is_linear=0
shrinkage=0.0529975


Tree=370
num_leaves=26
num_cat=0
split_feature=6 13 13 5 30 27 1 5 12 13 2 7 16 33 25 28 37 39 35 37 14 36 45 0 30
split_gain=0.0413273 0.547136 0.290939 0.0339405 0.0541722 0.025762 0.0238779 0.0233768 0.0106776 0.0111622 0.00898921 0.00845774 0.00832559 0.0182613 0.0177807 0.0186462 0.00767421 0.00371181 0.00257991 0.00569539 0.00111106 0.000866856 0.000364647 0.000159589 1.84542e-05
threshold=-0.78485340212065313 1.2113506376484462 1.9743162149222646 -2.226046647382725 -1.367380808596151 0.51248132294285587 1.2751111534208766 -0.012559061107562601 -0.42859287233206739 0.32791681133139333 1.7727646623197912 1.4002041617486858 0.24865316657649147 -0.64770303718671507 -0.55693638513625909 -0.59219080463487817 2.0054340583713257 -0.55314967645947444 1.6833029701327484 -0.83396665377261525 1.7570932634005898 0.6170125243548773 0.73241506577609128 1.1765653322971847 0.28707376989685612
decision_type=2 2 2 2 2 2 2 2 2 2 2 2 2 2 2 2 2 2 2 2 2 2 2 2 2
left_child=1 7 3 -2 -5 8 -7 -1 9 17 11 18 14 16 -10 -16 -14 -6 19 -9 -12 22 -21 -19 -23
right_child=2 -3 -4 4 5 6 -8 10 12 -11 20 -13 13 -15 15 -17 -18 23 -20 21 -22 24 -24 -25 -26
leaf_value=0.0020628868162773551 0.0021869285553927512 -0.0097525722189549264 0.0068421791362074944 -0.0029501714051046908 0.00037972648058064211 0.0023745530714887487 -6.4882873918471382e-05 0.0008087925342522888 0.0018921507180493207 -0.001845857597231938 0.0010997447231924297 -0.0011258641081382833 6.3744562965315605e-05 -0.0018195905936667989 -0.0010262989261721734 0.00029362096031199331 -0.0009374866491646828 -0.0005248967032050213 -0.00056440865616389294 -0.00041569219334558347 0 5.5223488792660125e-05 0 0 0
leaf_weight=11.999999999999998 12.999999999999998 10.999999999999998 11.999999999999998 11.999999999999998 10.999999999999998 18.000000000000004 10.999999999999998 20.999999999999993 10.999999999999998 12.999999999999998 13.000000000000002 17 151 12.999999999999998 29 182 18 27 10.999999999999998 15.000000000000009 15.999999999999998 11.000000000000002 11.999999999999998 10.999999999999998 10.999999999999998
leaf_count=12 13 11 12 12 11 18 11 21 11 13 13 17 151 13 29 182 18 27 11 15 16 11 12 11 11
internal_value=0 -0.000762674 0.000217022 0 -9.3415e-05 0 0.0013971 0.000274487 -9.26329e-05 -0.000707548 0 -0.000227744 0 -0.000250294 0.000225629 5.66749e-05 -3.1452e-05 -0.000110215 0 0.00015526 0.000753209 -5.54692e-05 -0.000280922 -0.00044322 0
internal_weight=682 150 532 520 507 495 29 139 466 62 127 98 404 182 222 211 169 49 81 70 29 49 27 38 22
internal_count=682 150 532 520 507 495 29 139 466 62 127 98 404 182 222 211 169 49 81 70 29 49 27 38 22
is_linear=0
shrinkage=0.0529975


Tree=371
num_leaves=18
num_cat=0
split_feature=13 39 12 5 1 31 29 30 19 39 47 31 25 1 29 9 3
split_gain=0.043605 0.0396658 0.120938 0.0316531 0.0548668 0.0173732 0.0461962 0.0392836 0.0168191 0.0109576 0.00994525 0.00808741 0.00707126 0.00636598 0.00554206 0.00545788 0.00525756
threshold=1.9943942564294705 -1.095590616565685 -0.18183550287349634 -2.226046647382725 -1.486383819149691 0.070867766400252261 0.88506091518751828 -0.97556096233642264 -0.78831803872658812 -0.99967917988423871 0.60404435919047483 0.19502158590233212 -0.13511650400726147 1.4091380473544046 0.13147790358107489 -0.62102177894269706 -0.28010060354194294
decision_type=2 2 2 2 2 2 2 2 2 2 2 2 2 2 2 2 2
left_child=1 2 -1 -3 -5 7 8 -6 -7 15 13 14 -12 -11 -10 -9 -13
right_child=-2 3 -4 4 5 6 -8 9 11 10 12 16 -14 -15 -16 -17 -18
leaf_value=0.0050069782902306542 -0.0026554774202009889 0.0021076124129821663 -0.0012728433518990178 -0.0029696912112825114 0.00251100496047815 -0.0016104924411775988 -0.0026891978945861972 0.0016933556616942943 0 3.2937213390585834e-05 -0.001303778362007606 0.00041004655975432342 0 0.0011295105286276319 -0.0014112842471271695 0 -3.6045512564779809e-05
leaf_weight=11.000000000000002 10.999999999999998 12.999999999999998 10.999999999999998 11.999999999999998 14.999999999999998 12.999999999999998 14.999999999999998 11.000000000000002 27 202 19 107 35 11.999999999999998 10.999999999999998 10.999999999999998 146
leaf_count=11 11 13 11 12 15 13 15 11 27 202 19 107 35 12 11 11 146
internal_value=0 6.22537e-05 0.00201748 -1.12245e-05 -8.46948e-05 0 -0.00027242 0.000281693 -8.09275e-05 9.42535e-05 0 0 -0.000614138 0.000155287 -0.000644689 0.00109236 0.000130775
internal_weight=682 671 22 649 636 624 319 305 304 290 268 291 54 214 38 22 253
internal_count=682 671 22 649 636 624 319 305 304 290 268 291 54 214 38 22 253
is_linear=0
shrinkage=0.0529975


Tree=372
num_leaves=26
num_cat=0
split_feature=19 30 29 29 19 19 28 53 3 19 0 34 2 0 2 37 9 39 9 19 30 45 30 46 30
split_gain=0.0427092 0.220985 0.0244007 0.0114448 0.0490586 0.0372592 0.00536897 0.00554226 0.00425122 0.0111143 0.018955 0.0106549 0.00557279 0.0129054 0.00725036 0.00390899 0.00367177 0.00506462 0.00151065 0.00136497 0.00113091 0.000807656 0.000428936 0.0015513 0.000443647
threshold=1.0723426282595778 -1.2395848496026971 0.90830313251086625 -0.51854962340086708 -0.97371853943483189 -0.89853941475979127 -0.17592557091568831 0.35627397084393697 0.61218953703393775 -0.49068578805936591 -0.25364238391735899 0.42697598296021583 -0.23450893579348234 -0.12346686588480722 -0.68363770451895534 1.3126451009290661 0.29419725938086166 -0.52717017959126766 0.14296078584831606 -0.62118883244081624 0.26394665027283193 0.61917383366108469 0.17625919702365994 1.0000000180025095e-35 -0.15288167033854896
decision_type=2 2 2 2 2 2 2 2 2 2 2 2 2 2 2 2 2 2 2 2 2 2 2 2 2
left_child=1 -1 3 4 -3 -5 15 -8 9 10 -7 -12 14 -14 -11 18 22 -18 21 -20 -17 -6 24 -24 -10
right_child=-2 2 -4 5 6 8 7 -9 16 12 11 -13 13 -15 -16 20 17 -19 19 -21 -22 -23 23 -25 -26
leaf_value=-0.0060590541069126006 0.0020607526376855644 0.0030904318225921474 0.001714797155830486 -0.0024951912178953748 0.00050293889684369173 0.0001400584006359811 0.0012226852837840495 0 0 7.0940558140586817e-05 -0.002639728975406637 -6.6340851136337427e-05 0.0011277318378212101 0 -0.00061206259725372198 -0.00095472221784526957 0.0010515161449496466 0 -0.00047588177220779033 0 0 0 0 -0.00054519830718571176 0.00032142892895032878
leaf_weight=10.999999999999998 21 10.999999999999998 18 11.999999999999998 17.000000000000004 19 13 12 17.000000000000004 60 11.000000000000002 14.999999999999998 27 199 74 12.000000000000002 23 10.999999999999998 13.999999999999995 26.000000000000004 12.999999999999998 10.999999999999998 13.000000000000002 10.999999999999998 10.999999999999998
leaf_count=11 21 11 18 12 17 19 13 12 17 60 11 15 27 199 74 12 23 11 14 26 13 11 13 11 11
internal_value=0 -8.92522e-05 5.55897e-05 0 0.000426325 -0.000122269 0 0.000643419 -2.08163e-05 -0.000106175 -0.000838449 -0.00166405 0 0.000156972 -0.000266409 -0.000150687 0.000285958 0.000667783 0 -0.000122889 -0.000653248 0.000323072 0 -0.000152198 0.000122472
internal_weight=682 661 650 632 129 503 118 25 491 405 45 26 360 226 134 93 86 34 68 40 25 28 52 24 28
internal_count=682 661 650 632 129 503 118 25 491 405 45 26 360 226 134 93 86 34 68 40 25 28 52 24 28
is_linear=0
shrinkage=0.0529975


Tree=373
num_leaves=33
num_cat=0
split_feature=3 30 29 46 29 45 30 29 53 19 3 9 39 44 30 30 14 26 12 34 35 3 1 29 12 3 13 37 2 29 18 53
split_gain=0.0416811 0.249843 0.140694 0.51992 0.0169603 0.0232321 0.0279139 0.00625913 0.012945 0.0140565 0.0125843 0.0116054 0.0057291 0.0058076 0.00437071 0.00513242 0.00687908 0.00858823 0.00641778 0.00468945 0.00502661 0.00903099 0.00674477 0.00663114 0.00983252 0.00355754 0.00333226 0.00271543 0.00497363 0.00204079 0.00123816 0.000234085
threshold=0.69784939052922235 -0.65921609552741589 0.90830313251086625 0.47595447567225796 -0.88252550066366586 -0.96620341594900816 0.55810110622004083 0.32628772854720739 0.35627397084393697 0.1272217407097527 -0.25511647960581812 -0.081648303953357024 -0.48236117227724046 -0.27086742745529524 1.2232764528055513 0.13321650914154923 -1.2799481435139477 0.42249124601030136 -1.3020213985980875 1.3428746276186636 -0.20594658830101165 -0.023121043056089436 0.52420612693595225 -0.31616437099661621 0.30291588561416244 -0.31222304860267452 0.41826799811381915 2.0054340583713257 -0.67761133655606165 -0.61342378173697365 -0.45848348131389716 1.0000000180025095e-35
decision_type=2 2 2 2 2 2 2 2 2 2 2 2 2 2 2 2 2 2 2 2 2 2 2 2 2 2 2 2 2 2 2 2
left_child=2 -2 7 -4 -3 6 -6 14 9 26 -11 -10 13 -7 15 16 -1 27 -19 20 23 25 -23 29 -25 -22 -9 28 -18 -17 -20 -14
right_child=1 4 3 -5 5 12 -8 8 11 10 -12 -13 31 -15 -16 19 17 18 30 -21 21 22 -24 24 -26 -27 -28 -29 -30 -31 -32 -33
leaf_value=0.001091678206283195 -0.0068555444310237782 0.0015963914182754464 0.0099271099576954402 -0.002060251099136841 0 0 -0.0028968375671626257 0 0 0 -0.0016419855079048925 -0.0021787007299019761 0 0.0012022307808459045 0.000735616894309346 -0.00024843186068735637 0.00037028502233497044 0 0.0011060601721455934 -0.00076757553279879689 0.00017194346562600117 0.0016475901493479695 0 0 -0.0016684329671304056 -0.00057610620848299915 0.0013174157586038013 -0.00068280630949310692 -0.00024716043794353095 0.00030824713238108325 0 -0.0001760412384865877
leaf_weight=15.999999999999998 10.999999999999998 10.999999999999998 12.000000000000002 18 19.000000000000004 14.999999999999995 10.999999999999998 14.000000000000002 16.000000000000004 20 12.999999999999998 11.999999999999998 11.999999999999998 20.000000000000004 19 33 50 14.999999999999998 29.999999999999996 28 26 12.000000000000002 11.999999999999998 15.000000000000002 13.999999999999998 22 12.999999999999998 14.999999999999998 97 29 11.000000000000002 21
leaf_count=16 11 11 12 18 19 15 11 14 16 20 13 12 12 20 19 33 50 15 30 28 26 12 12 15 14 22 13 15 97 29 11 21
internal_value=0 -0.000877706 0.000187683 0.00339559 0 -0.000203864 -0.00133575 -1.60619e-05 -0.000418577 0 -0.000637948 -0.00124657 0.000268881 0.000720162 5.27091e-05 0 0.000176381 5.05953e-05 0.000602878 -0.000187819 -2.31972e-05 0.000247765 0.000998524 -0.000311658 -0.000895215 -6.74615e-05 0.000845899 -0.000113446 0 0 0.000928993 -6.77792e-05
internal_weight=682 120 562 30 109 98 30 532 88 60 33 28 68 35 444 425 234 218 56 191 163 72 24 91 29 48 27 162 147 62 41 33
internal_count=682 120 562 30 109 98 30 532 88 60 33 28 68 35 444 425 234 218 56 191 163 72 24 91 29 48 27 162 147 62 41 33
is_linear=0
shrinkage=0.0529975


Tree=374
num_leaves=18
num_cat=0
split_feature=13 39 12 5 29 1 5 8 16 12 12 12 39 12 37 16 24
split_gain=0.0420617 0.0329232 0.109493 0.030855 0.0527849 0.00907194 0.00743693 0.00701424 0.00870917 0.00552011 0.0114761 0.00807334 0.00706003 0.00598394 0.00594935 0.00274419 0.00191689
threshold=1.9943942564294705 -1.095590616565685 -0.18183550287349634 -2.226046647382725 1.0039302244272565 -1.2781151662940411 -0.8786798243624413 0.94671870840226402 0.57966145828356541 0.63896870913787884 0.97241822468955796 0.20786826462582295 -0.46382886132451456 -0.24069988706308618 -0.64164016707969174 0.31856441734178825 -1.0927139718103871
decision_type=2 2 2 2 2 2 2 2 2 2 2 2 2 2 2 2 2
left_child=1 2 -1 -3 5 6 -5 9 -9 11 12 13 -11 -7 -13 -12 -10
right_child=-2 3 -4 4 -6 7 -8 8 16 10 15 14 -14 -15 -16 -17 -18
leaf_value=0.0047004634483968069 -0.0026093683790965492 0.0020862488212353585 -0.001257441569134534 0 -0.0028311833834864459 -8.853716156198613e-05 0.0013163820745038502 -0.0013767496348558101 -0.00043882384211114592 0.0016083259461521569 0.00027818852931715067 -0.0010019145221335101 0 0.0004122359881823568 0 -0.00028700145986478996 0.00029660612446838936
leaf_weight=11.000000000000002 10.999999999999998 12.999999999999998 10.999999999999998 13.999999999999998 12.999999999999998 248 20 18 11.000000000000002 19 34 36 21 82 52 50 18
leaf_count=11 11 13 11 14 13 248 20 18 11 19 34 36 21 82 52 50 18
internal_value=0 5.97266e-05 0.00184075 -6.28251e-06 -7.90206e-05 0 0.000777206 -4.71163e-05 -0.000629816 0 0.000311273 -8.28318e-05 0.000987226 2.02458e-05 -0.000520313 0 0
internal_weight=682 671 22 649 636 623 34 589 47 542 124 418 40 330 88 84 29
internal_count=682 671 22 649 636 623 34 589 47 542 124 418 40 330 88 84 29
is_linear=0
shrinkage=0.0529975


Tree=375
num_leaves=25
num_cat=0
split_feature=6 13 13 7 31 6 29 5 10 29 8 26 9 2 7 26 19 8 10 9 5 36 29 14
split_gain=0.040763 0.533007 0.281986 0.029123 0.0596544 0.026778 0.0342902 0.0198658 0.0179971 0.0569918 0.00956033 0.0310931 0.0152403 0.00852468 0.00768119 0.00759892 0.00313943 0.00289189 0.0021027 0.00213298 0.00195173 0.0013066 0.00104715 0.000627761
threshold=-0.78485340212065313 1.2113506376484462 1.9743162149222646 -2.3273358155400112 -1.8979523070786724 -0.63828516933231472 -0.22221952571060924 -0.012559061107562601 -0.41013367215747693 0.68829317853210092 0.326878914809768 0.036711017994560398 1.3934866756406441 1.7727646623197912 0.049266747529907888 1.5277718273517384 -0.23976275411852155 -0.52665404269472227 -1.759578965548702 0.9276304294152693 1.1748878378657943 0.6342382922345553 0.11842374060933906 1.7570932634005898
decision_type=2 2 2 2 2 2 2 2 2 2 2 2 2 2 2 2 2 2 2 2 2 2 2 2
left_child=1 7 3 -2 -5 6 -6 -1 9 17 12 16 14 15 -10 18 -12 20 -9 21 -7 22 -20 -15
right_child=2 -3 -4 4 5 8 -8 13 10 -11 11 -13 -14 23 -16 -17 -18 -19 19 -21 -22 -23 -24 -25
leaf_value=0.0019128038962749644 0.0020818906901379588 -0.009632923258356239 0.0067352916215398725 -0.0028554483719401172 -0.00012353170577386542 0.00055059289943047013 0.0030688051239497545 0.00043210735953561904 0.0004038389753548776 -0.0035245443621817491 -0.0001571839331213446 -0.0023125510478391501 0.0016403524892659963 0.001050780727076227 -0.00017557020497137652 -0.0012386174653164644 0.00033017582625826893 -0.00041303228003285094 0 0.00017649507169963108 0 0 -0.00071116357991484456 0
leaf_weight=11.999999999999998 11.999999999999998 10.999999999999998 11.999999999999998 14.999999999999998 11.000000000000002 22 11.999999999999998 17 124 10.999999999999998 95 11.999999999999998 15.999999999999998 13.000000000000002 103 10.999999999999998 52 24 19 11.999999999999998 10.999999999999998 18 21 15.999999999999998
leaf_count=12 12 11 12 15 11 22 12 17 124 11 95 12 16 13 103 11 52 24 19 12 11 18 21 16
internal_value=0 -0.000760089 0.000212822 0 -8.59539e-05 1.76144e-05 0.00159134 0.000263243 -6.3801e-05 -0.000830694 5.91052e-05 -0.000232391 0.000278891 0 0.000113205 -0.000213313 0 0 0 -0.000145647 0.000277608 -0.00033173 -0.000482593 0.000740916
internal_weight=682 150 532 520 508 493 23 139 470 68 402 159 243 127 227 98 147 57 87 70 33 58 40 29
internal_count=682 150 532 520 508 493 23 139 470 68 402 159 243 127 227 98 147 57 87 70 33 58 40 29
is_linear=0
shrinkage=0.0529975


Tree=376
num_leaves=17
num_cat=0
split_feature=13 39 12 5 1 31 29 30 19 39 29 19 31 9 29 30
split_gain=0.0416676 0.0350965 0.108795 0.0287078 0.0506769 0.0159694 0.0390845 0.0360491 0.0158749 0.0104827 0.00766187 0.0106078 0.0070115 0.00520945 0.00500996 0.00462606
threshold=1.9943942564294705 -1.095590616565685 -0.18183550287349634 -2.226046647382725 -1.486383819149691 0.070867766400252261 0.88506091518751828 -0.97556096233642264 -0.78831803872658812 -0.99967917988423871 -0.95147839412710067 -0.89269806438786092 0.19502158590233212 -0.62102177894269706 0.13147790358107489 1.100154062415069
decision_type=2 2 2 2 2 2 2 2 2 2 2 2 2 2 2 2
left_child=1 2 -1 -3 -5 7 8 -6 -7 13 -11 -12 14 -9 -10 -14
right_child=-2 3 -4 4 5 6 -8 9 12 10 11 -13 15 -15 -16 -17
leaf_value=0.0047398392264033414 -0.0025977710118056689 0.0020075560509093334 -0.0012026042060524409 -0.0028528881589825143 0.0024075159237707702 -0.0015672773814793641 -0.0024852609454596832 0.0016541010376001032 0 -0.0010098308359048562 0.0013488465179287094 0 2.5371268867040639e-05 0 -0.0013300473421462959 0.00093291155895213634
leaf_weight=11.000000000000002 10.999999999999998 12.999999999999998 10.999999999999998 11.999999999999998 14.999999999999998 12.999999999999998 14.999999999999998 11.000000000000002 27 13.999999999999998 10.999999999999998 243 240 10.999999999999998 10.999999999999998 12.999999999999998
leaf_count=11 11 13 11 12 15 13 15 11 27 14 11 243 240 11 11 13
internal_value=0 5.87199e-05 0.00189794 -9.7677e-06 -8.02478e-05 0 -0.000260062 0.000271199 -8.17846e-05 9.05694e-05 0 6.58864e-05 0 0.00106696 -0.000602962 0.000119491
internal_weight=682 671 22 649 636 624 319 305 304 290 268 254 291 22 38 253
internal_count=682 671 22 649 636 624 319 305 304 290 268 254 291 22 38 253
is_linear=0
shrinkage=0.0529975


Tree=377
num_leaves=30
num_cat=0
split_feature=15 6 13 29 47 10 7 10 34 0 25 45 19 3 7 37 28 29 34 19 7 25 0 44 19 31 0 3 4
split_gain=0.0397645 0.604177 0.112848 0.0925431 0.114177 0.0456239 0.0549214 0.0299565 0.0273945 0.0100608 0.0150392 0.014694 0.0131416 0.0224237 0.0116357 0.00906626 0.00831458 0.00715529 0.00604078 0.00508868 0.00466842 0.00407676 0.00345153 0.00224082 0.00195188 0.0016319 0.000904347 0.000492694 8.07171e-05
threshold=0.73164906344251246 -0.28351052274466554 1.1711945546340348 0.90830313251086625 0.60404435919047483 0.96486216107045431 -0.83579385733590894 1.2402863328390834 -0.92312713000852431 -0.64383157088201604 -0.55693638513625909 -0.060273559028955231 -0.49068578805936591 0.069677131563802397 0.060045454624212576 2.0054340583713257 -0.37220747792138908 0.58730087529752451 0.39130272261152038 -0.69894649288888322 -0.47782659390124987 -0.78280325046083343 1.1765653322971847 -0.27086742745529524 -0.42603368173624617 -0.80455491582733907 -1.0778302898317118 -0.080227612052945527 -0.73996438667958653
decision_type=2 2 2 2 2 2 2 2 2 2 2 2 2 2 2 2 2 2 2 2 2 2 2 2 2 2 2 2 2
left_child=3 -2 5 8 -5 6 -3 -7 -1 11 23 14 13 18 20 16 24 -18 -12 -15 21 -10 -21 -11 -14 -13 -8 -9 -27
right_child=1 2 -4 4 -6 7 26 27 9 10 12 25 15 19 -16 -17 17 -19 -20 22 -22 -23 -24 -25 -26 28 -28 -29 -30
leaf_value=0.0019431761360427988 -0.010165327314062795 -0.0030890072082089509 0.0045437364080632113 0.0059273840003749977 -0.00022651780465063966 0.0025676219922616422 0.00034561379988104555 0 -0.001304600826184867 0.0016536644401208994 -0.0025869430816298062 0.00049927647250865709 0 0.00084230999355009014 -0.0023830671661997731 0.00129001186272644 -0.00016128571343877618 0.00058797744806188929 -0.00016125532604905512 -0.00073572282024939267 4.0041548961274237e-05 0 3.6056241880790125e-05 0 0.0012481171010253161 0 0 -0.00028534168822092084 -0.00010391200432304541
leaf_weight=13.999999999999998 10.999999999999998 18 10.999999999999998 11.000000000000002 11.999999999999998 14.999999999999998 15.999999999999995 12 11.999999999999998 12.000000000000002 11.000000000000002 12.999999999999998 12.000000000000002 10.999999999999998 10.999999999999998 10.999999999999998 280 33 12.999999999999998 16.000000000000004 16.000000000000004 14.999999999999998 10.999999999999998 12.999999999999998 11.999999999999998 16.999999999999996 17.000000000000004 11 15.000000000000002
leaf_count=14 11 18 11 11 12 15 16 12 12 12 11 13 12 11 11 11 280 33 13 16 16 15 11 13 12 17 17 11 15
internal_value=0 -0.000897353 0.000573627 0.000174041 0.0030929 -9.93741e-05 -0.00114559 0.00111077 6.77514e-06 -5.20716e-05 4.51459e-05 -0.000523945 -2.3029e-05 -0.000710129 -0.00107972 8.96098e-05 8.19637e-06 -5.08265e-05 -0.00180077 0 -0.000352901 -0.000762396 -0.000260203 0.00117671 0.000867086 5.45556e-05 4.73353e-05 0 0
internal_weight=682 111 100 571 23 89 51 38 548 534 435 99 410 62 54 348 337 313 24 38 43 27 27 25 24 45 33 23 32
internal_count=682 111 100 571 23 89 51 38 548 534 435 99 410 62 54 348 337 313 24 38 43 27 27 25 24 45 33 23 32
is_linear=0
shrinkage=0.0529975


Tree=378
num_leaves=25
num_cat=0
split_feature=19 30 29 29 45 19 10 7 37 1 19 6 28 39 31 37 45 5 39 9 13 29 44 19
split_gain=0.0403169 0.210877 0.0218804 0.0108298 0.0333734 0.0159127 0.0433496 0.00584033 0.00471179 0.00363603 0.00581086 0.0143824 0.00747099 0.00849332 0.00521655 0.00496287 0.00365954 0.00326273 0.0021705 0.00115838 0.001588 0.000374757 0.000120611 2.68095e-06
threshold=1.0723426282595778 -1.2395848496026971 0.90830313251086625 -0.69154920279145393 -0.39999725537397507 -0.78831803872658812 0.69104039462678457 -0.25919940656948109 2.0509306466212647 -0.60676820558872702 -0.49068578805936591 0.20834490871109884 -0.37220747792138908 -0.53397049934467178 0.97000711212708468 -0.80708230617037946 -0.73972095171899488 -0.7275513161213284 1.8785166525286436 0.29419725938086166 -0.28446345463838202 0.22011875519856186 -0.27086742745529524 0.24634144076326539
decision_type=2 2 2 2 2 2 2 2 2 2 2 2 2 2 2 2 2 2 2 2 2 2 2 2
left_child=1 -1 3 4 -3 6 -5 8 -6 15 11 -11 13 -12 -14 17 -13 -7 22 23 -21 -19 -9 -17
right_child=-2 2 -4 5 7 9 -8 18 -10 10 12 16 14 -15 -16 19 -18 21 -20 20 -22 -23 -24 -25
leaf_value=-0.0059172397723609065 0.0020036490141497262 0.002580444368954102 0.001626779236948405 -0.0031239402680245504 0 0 0.0005345478627578926 -1.4347340573770122e-05 -0.0011458292268922423 -0.0018911061312793234 0.0011746593846991384 0.00051637253294479428 0 -7.983733289866652e-05 -0.00054312939854499513 0 -0.0003759688746424917 0.00120233128177598 0.00086352497042084075 0 0.00043641225710324343 0 0.00012636384730427882 -0.00034707742768939768
leaf_weight=10.999999999999998 21 11.999999999999998 18 11.000000000000002 17 21 10.999999999999998 10.999999999999998 11.000000000000002 10.999999999999998 24 13.999999999999998 261 10.999999999999998 55 13.000000000000002 29 15.000000000000002 11.999999999999998 27 20 13.999999999999998 15.000000000000002 17
leaf_count=11 21 12 18 11 17 21 11 11 11 11 24 14 261 11 55 13 29 15 12 27 20 14 15 17
internal_value=0 -8.5356e-05 5.58769e-05 0 0.000557382 -8.78576e-05 -0.00132252 0 -0.000516828 -9.64607e-06 -9.94683e-05 -0.000582935 0 0.000656008 -0.000101868 0.000215847 0 0.000599657 0.000407981 0 9.62435e-05 0.000914999 0 -0.000277036
internal_weight=682 661 650 632 78 554 22 66 28 532 405 54 351 35 316 127 43 50 38 77 47 29 26 30
internal_count=682 661 650 632 78 554 22 66 28 532 405 54 351 35 316 127 43 50 38 77 47 29 26 30
is_linear=0
shrinkage=0.0529975


Tree=379
num_leaves=24
num_cat=0
split_feature=13 39 12 5 19 44 3 31 31 34 13 0 25 5 12 6 14 6 8 31 25 26 39
split_gain=0.0395187 0.0307769 0.0961117 0.0275115 0.0472301 0.00882713 0.0189309 0.0113421 0.0105003 0.024147 0.0102849 0.00933176 0.00780312 0.0112474 0.00757669 0.00766681 0.00371776 0.00467809 0.00736218 0.00445842 0.00361664 0.00355764 3.88553e-05
threshold=1.9943942564294705 -1.095590616565685 -0.18183550287349634 -2.226046647382725 1.0723426282595778 0.7223131398807876 1.1315023988491004 -0.067126814416177558 -0.22624864989152785 -0.20258623309113941 0.73951666222911128 -0.29693381637672189 -0.8313526420166043 -0.97160540576928334 0.36503071886080979 0.19818640772355053 1.594583056081327 0.81131795453495192 -0.88561820617479026 -1.1721279787482837 1.0000000180025095e-35 -0.11474408588944733 0.78079504265968203
decision_type=2 2 2 2 2 2 2 2 2 2 2 2 2 2 2 2 2 2 2 2 2 2 2
left_child=1 2 -1 -3 5 7 16 8 12 22 14 -12 13 -5 15 -9 17 18 -7 -19 -14 -16 -10
right_child=-2 3 -4 4 -6 6 -8 10 9 -11 11 -13 20 -15 21 -17 -18 19 -20 -21 -22 -23 -24
leaf_value=0.004457436485891658 -0.0025281346786924868 0.0019710572687127868 -0.0011129374751872271 0 -0.0027504204799978535 0.0010776693924914261 -0.0017720082875295833 0 7.7873093802014067e-05 0.0027056785202155243 0 -0.0018166681814059758 -0.00029040156639749512 0.0014922602046551581 0 0.00086394927547618465 -0.00064331067141231845 0 0 -0.00084684045588283622 0.00034580601398630012 -0.0010266986175543945 0
leaf_weight=11.000000000000002 10.999999999999998 12.999999999999998 10.999999999999998 23 11.999999999999998 15.999999999999998 15.999999999999998 173 12.000000000000002 11.999999999999998 11.000000000000002 10.999999999999998 69 20 13.000000000000002 31 21 13.999999999999998 103 23 27 18 10.999999999999998
leaf_count=11 11 13 11 23 12 16 16 173 12 12 11 11 69 20 13 31 21 14 103 23 27 18 11
internal_value=0 5.91117e-05 0.00178094 -4.36145e-06 -7.36521e-05 0 -0.000289062 0.000136696 0.000465035 0.0012487 -6.45805e-05 -0.00103314 0.000176058 0.000732634 2.05605e-05 0.000170161 -6.31693e-05 0 0.000197337 -0.000438619 -3.31783e-05 -0.000643131 0
internal_weight=682 671 22 649 636 624 193 431 174 35 257 22 139 43 235 204 177 156 119 37 96 31 23
internal_count=682 671 22 649 636 624 193 431 174 35 257 22 139 43 235 204 177 156 119 37 96 31 23
is_linear=0
shrinkage=0.0529975


Tree=380
num_leaves=24
num_cat=0
split_feature=19 13 29 29 45 7 44 9 34 47 12 6 10 37 19 7 37 47 29 3 47 29 37
split_gain=0.04038 0.198962 0.0295912 0.01018 0.0308346 0.0176743 0.00801832 0.0116452 0.00893989 0.00867584 0.00567205 0.00722562 0.00662568 0.0120251 0.00787883 0.0053549 0.00437125 0.00306054 0.00299689 0.0023177 0.00193213 0.00090542 0.000900664
threshold=1.0723426282595778 1.8940040488934418 0.90830313251086625 -0.69154920279145393 -0.39999725537397507 -2.0381597474118105 0.7223131398807876 0.36707310648644093 -0.72260684108380446 0.60404435919047483 0.81657014730373045 1.3696710463847388 -1.2618906679680262 -0.83396665377261525 0.030962659840112938 -0.25919940656948109 2.0509306466212647 0.60404435919047483 0.086634323413631004 -0.27296228241733606 -0.16193616525965079 0.027640928824010213 -0.35832050388688674
decision_type=2 2 2 2 2 2 2 2 2 2 2 2 2 2 2 2 2 2 2 2 2 2 2
left_child=1 2 3 4 -1 -5 10 17 -9 -10 12 21 13 -7 -14 16 -6 18 -8 -13 -17 -12 -19
right_child=-2 -3 -4 5 15 6 7 8 9 -11 11 19 14 -15 -16 20 -18 22 -20 -21 -22 -23 -24
leaf_value=0.0024758166528775854 0.0020051831226957583 -0.0055865603378293452 0.0019242920033375327 -0.0016892820194921332 0 0.0012064027581314722 0 0 -0.0020997284434683661 0 0.0011008267756098008 0.00033252789979783075 -0.00041098891320294636 -8.9978190154728048e-05 0.00015168906597365147 0 -0.0011044648659518496 -0.00066643049017151511 0.00059620216757938277 -0.00041469683375053117 0.00069321859992550197 0 0
leaf_weight=11.999999999999998 21 11.999999999999998 17 12.999999999999998 17 27 54 19 17 15.999999999999998 29 13.999999999999998 133 28 113 19 11.000000000000002 13.999999999999998 24 19 19 11.999999999999998 22
leaf_count=12 21 12 17 13 17 27 54 19 17 16 29 14 133 28 113 19 11 14 24 19 19 12 22
internal_value=0 -8.54533e-05 5.58115e-05 -1.11414e-06 0.000531247 -9.34262e-05 -2.42111e-05 -0.000334127 -0.000946074 -0.00140536 9.77455e-05 0.000494625 0 0.000487953 -0.000127347 0 -0.000498709 0 0.000163484 0 0.00038688 0.000921023 -0.000388888
internal_weight=682 661 649 632 78 554 541 166 52 33 375 74 301 55 246 66 28 114 78 33 38 41 36
internal_count=682 661 649 632 78 554 541 166 52 33 375 74 301 55 246 66 28 114 78 33 38 41 36
is_linear=0
shrinkage=0.0529975


Tree=381
num_leaves=26
num_cat=0
split_feature=3 1 29 2 14 13 44 29 19 19 19 3 13 5 26 29 19 53 37 1 25 3 5 37 31
split_gain=0.0385024 0.234143 0.134708 0.0198696 0.0211576 0.0163115 0.0458087 0.0237313 0.00434161 0.0039729 0.00494118 0.00396742 0.00368073 0.00430426 0.00392965 0.0051287 0.0111381 0.0071237 0.00479802 0.0072439 0.00384341 0.00176898 0.00122252 0.00100982 0.000286907
threshold=0.69784939052922235 -1.1721621033097072 1.2522906522553352 -0.94857875423307914 -0.75231760026958761 1.1310384716196233 -0.27086742745529524 0.88506091518751828 0.76820330720288033 -0.64259766935448892 0.12048126241451844 1.0565500270407264 0.51865820564984799 0.40641290761443566 0.86532909618089959 -0.35926482381618469 -0.61042266000295275 1.0000000180025095e-35 -0.83396665377261525 0.8646363028979408 -0.94998819627405828 1.5705091480124336 0.67733158508103164 0.20831882249872283 1.3235679000656533
decision_type=2 2 2 2 2 2 2 2 2 2 2 2 2 2 2 2 2 2 2 2 2 2 2 2 2
left_child=2 -2 5 -3 -5 7 -7 8 12 -6 11 -11 14 20 15 17 -17 -1 19 -16 -14 -13 -15 -22 -20
right_child=1 3 -4 4 9 6 -8 -9 -10 10 -12 21 13 22 18 16 -18 -19 24 -21 23 -23 -24 -25 -26
leaf_value=0.000614383696777607 -0.0053386857141196967 0.0018560116513591178 0.0045707311952317437 -0.0015221575089885242 0.00099071211563537599 0.0028946273148251394 -0.00053589470418991111 -0.0018390634850142813 -0.00073185020091296826 -0.0007349312670910901 0.00077555724250190231 0.00049102733290483727 0 -0.00041263798581483258 0.0012188198277512312 -0.0013855917306161603 -8.5933436854667938e-05 -0.00011617856334896588 -0.00013047168048347074 0 0.00092460833670556734 -0.00010016627152742376 4.6270816127608937e-05 0 7.9061831142137503e-05
leaf_weight=48 20 11.999999999999998 12.999999999999998 15.999999999999998 13.999999999999998 14.000000000000002 14.999999999999998 13.999999999999998 13.999999999999998 18 13.999999999999998 14.000000000000002 15.999999999999998 14.000000000000002 22 18 163 88 34 14.999999999999998 38 11.999999999999998 10.999999999999998 10.999999999999998 13.999999999999998
leaf_count=48 20 12 13 16 14 14 15 14 14 18 14 14 16 14 22 18 163 88 34 15 38 12 11 11 14
internal_value=0 -0.000842746 0.000181241 0.000241697 -8.48821e-06 1.64539e-05 0.00113285 -4.47325e-05 1.22284e-05 0.000329496 0 -0.000192405 5.59841e-05 0.000352069 0 -0.000100627 -0.00029282 0.000107534 0.000292151 0.000702899 0.000581188 3.22379e-05 -1.54917e-05 0.000795196 0
internal_weight=682 120 562 100 88 549 29 520 506 72 58 44 492 90 402 317 181 136 85 37 65 26 25 49 48
internal_count=682 120 562 100 88 549 29 520 506 72 58 44 492 90 402 317 181 136 85 37 65 26 25 49 48
is_linear=0
shrinkage=0.0529975


Tree=382
num_leaves=24
num_cat=0
split_feature=6 13 13 7 30 27 1 1 10 39 2 29 30 29 29 1 3 39 8 13 12 45 45
split_gain=0.0401568 0.516598 0.273224 0.0274825 0.0772331 0.0182598 0.019039 0.0180901 0.0104687 0.0135092 0.0078698 0.00991672 0.00587681 0.0056755 0.00548976 0.00662469 0.0059924 0.00485596 0.00156289 0.000943755 0.000691214 0.000496573 0.000446254
threshold=-0.78485340212065313 1.2113506376484462 1.9743162149222646 -2.3273358155400112 -1.367380808596151 0.51248132294285587 1.2751111534208766 -1.2781151662940411 -0.45296540329222434 -0.87701220232026433 1.7727646623197912 0.11842374060933906 0.14988885229296281 0.60288618035152008 -0.24758900706095122 -0.015445653369820173 -0.13019585992519503 -0.11112772739982384 -0.94414269736950918 -1.0675070734194059 -0.38307612182725442 1.0000000180025095e-35 0.39269136943107136
decision_type=2 2 2 2 2 2 2 2 2 2 2 2 2 2 2 2 2 2 2 2 2 2 2
left_child=1 7 3 -2 -5 8 -7 -1 9 -6 11 17 22 14 15 -10 -16 -9 -11 -19 -20 -12 -13
right_child=2 -3 -4 4 5 6 -8 10 13 18 21 12 -14 -15 16 -17 -18 19 20 -21 -22 -23 -24
leaf_value=0.0018811880488133045 0.0020256820575435732 -0.0094882383606461253 0.0066327434745380946 -0.0035973682467934664 -0.001995643340012997 0.0020815983892926355 -5.3291319914331126e-05 0.00079566101417461507 0 0.0001502328762421639 0.00092186994506448909 -0.00027156141501570238 -0.0016203674221423629 0.00088553757473449615 5.0642634471346793e-05 0.00057616442250269342 -0.00048052232795608866 2.7501333325257295e-05 -0.00045069217063794397 -0.00027051077194995248 0 0 0
leaf_weight=10.999999999999998 11.999999999999998 10.999999999999998 11.999999999999998 10.999999999999998 10.999999999999998 18.000000000000004 10.999999999999998 17 136 12.999999999999998 17.000000000000004 11.000000000000002 11.999999999999998 14.999999999999998 84 70 104 13.999999999999998 23.999999999999996 32 11.000000000000002 11.999999999999998 12.999999999999998
leaf_count=11 12 11 12 11 11 18 11 17 136 13 17 11 12 15 84 70 104 14 24 32 11 12 13
internal_value=0 -0.000753129 0.000212562 0 -8.06677e-05 2.52383e-05 0.00120185 0.000253772 -4.72177e-05 -0.000678666 0 -0.000194096 -0.000855618 3.55309e-05 0 0.000176727 -0.00021296 0.000124192 -5.94014e-05 -5.27701e-05 -0.000318223 0.000720129 0
internal_weight=682 150 532 520 508 497 29 139 468 59 128 99 36 409 394 206 188 63 48 46 35 29 24
internal_count=682 150 532 520 508 497 29 139 468 59 128 99 36 409 394 206 188 63 48 46 35 29 24
is_linear=0
shrinkage=0.0529975


Tree=383
num_leaves=19
num_cat=0
split_feature=13 39 12 5 1 31 29 30 19 31 39 39 31 7 31 3 29 7
split_gain=0.0383085 0.0305846 0.0925441 0.0267169 0.0459358 0.0143727 0.0370103 0.0340983 0.0143202 0.0105402 0.00977698 0.00903874 0.00978993 0.00767139 0.00637863 0.00451321 0.00385917 0.00107251
threshold=1.9943942564294705 -1.095590616565685 -0.18183550287349634 -2.226046647382725 -1.486383819149691 0.070867766400252261 0.88506091518751828 -1.0937516901648248 -0.78831803872658812 -0.23415373655120816 1.8785166525286436 -0.48236117227724046 -0.084005253285095602 -0.58634500708265436 0.19502158590233212 -0.080227612052945527 0.13147790358107489 -0.05160638612045227
decision_type=2 2 2 2 2 2 2 2 2 2 2 2 2 2 2 2 2 2
left_child=1 2 -1 -3 -5 7 8 -6 -7 10 13 12 -11 -9 16 -16 -10 -13
right_child=-2 3 -4 4 5 6 -8 9 14 11 -12 17 -14 -15 15 -17 -18 -19
leaf_value=0.0043988509963374901 -0.0024889306983827564 0.0019415636224455603 -0.0010642647101976588 -0.0027130733923649525 0.0025180153513783177 -0.0014821642190961245 -0.002407844403008418 0.00026538192393952794 0 0.0019515527523076969 -0.0013045285640995894 0.00025613313215027962 0 -0.00040149893029662063 0.00031465982466781576 -9.7913465661318773e-05 -0.0012113838756743691 -0.00012225997378487324
leaf_weight=11.000000000000002 10.999999999999998 12.999999999999998 10.999999999999998 11.999999999999998 11.999999999999998 12.999999999999998 14.999999999999998 126 27 15.999999999999998 10.999999999999998 34 15.999999999999998 70 150 103 10.999999999999998 20
leaf_count=11 11 13 11 12 12 13 15 126 27 16 11 34 16 70 150 103 11 20
internal_value=0 5.84057e-05 0.00177492 -4.83399e-06 -7.32615e-05 0 -0.000243622 0.000260351 -6.97926e-05 9.58816e-05 -8.28902e-05 0.00057946 0.00121701 0 0 0.000121349 -0.00056615 1.35727e-06
internal_weight=682 671 22 649 636 624 319 305 304 293 207 86 32 196 291 253 38 54
internal_count=682 671 22 649 636 624 319 305 304 293 207 86 32 196 291 253 38 54
is_linear=0
shrinkage=0.0529975


Tree=384
num_leaves=25
num_cat=0
split_feature=6 13 13 5 31 6 29 5 29 6 22 7 7 9 7 28 44 9 35 37 13 44 45 37
split_gain=0.0374277 0.489487 0.260186 0.0249367 0.0464785 0.0234142 0.0295378 0.0171808 0.0162068 0.0818729 0.00756924 0.00654675 0.00452366 0.0133995 0.0100447 0.0212387 0.00477266 0.00340732 0.00197007 0.00468269 0.000608076 0.000471341 0.000296804 1.3416e-05
threshold=-0.78485340212065313 1.2113506376484462 1.9743162149222646 -2.226046647382725 -1.8979523070786724 -0.63828516933231472 -0.22221952571060924 -0.012559061107562601 0.67203377572161016 -0.24190902949609092 1.7727646623197908 1.4002041617486858 0.74368839850664092 0.67011032427099193 0.060045454624212576 -0.63624379980539381 0.7223131398807876 1.4864958234905767 1.6833029701327484 -0.83396665377261525 -0.49528289046404234 1.0000000180025095e-35 0.73241506577609128 0.41925754983934965
decision_type=2 2 2 2 2 2 2 2 2 2 2 2 2 2 2 2 2 2 2 2 2 2 2 2
left_child=1 7 3 -2 -5 6 -6 -1 12 -10 11 18 14 -14 16 -16 -7 -15 19 -9 23 -12 -22 -21
right_child=2 -3 -4 4 5 8 -8 10 9 -11 21 -13 13 17 15 -17 -18 -19 -20 20 22 -23 -24 -25
leaf_value=0.0017844738297064786 0.0018711463761354739 -0.0092322072225375276 0.0064686862655762593 -0.0024139579196606519 -7.9917033497289632e-05 0.00027999642274155668 0.0028558473302736386 0.00073358408334766245 -0.0037822830204220334 0.00095170621283218696 0.00091862891774169828 -0.00098715915584824689 0.0016630526677428902 -0.00049322351540959878 -0.0020033439835287965 -5.7384224401793403e-05 -0.00014907492322509546 0.00039319669065282135 -0.00048906391378241516 0 -0.00036294859379249096 0 0 4.5758679829241456e-05
leaf_weight=11.999999999999998 12.999999999999998 10.999999999999998 11.999999999999998 17 11.000000000000002 187 11.999999999999998 20.999999999999993 12.000000000000002 15.999999999999998 16.000000000000004 17 11.999999999999998 20 14.999999999999998 101 89 14.999999999999998 10.999999999999998 10.999999999999995 14.000000000000016 12.999999999999998 11.999999999999998 11.999999999999998
leaf_count=12 13 11 12 17 11 187 12 21 12 16 16 17 12 20 15 101 89 15 11 11 14 13 12 12
internal_value=0 -0.000728891 0.000203349 -5.23955e-08 -8.29582e-05 1.20373e-05 0.00148474 0.000249836 -6.36304e-05 -0.00118097 0 -0.000196647 6.89249e-06 0.000478573 -3.84699e-05 -0.000452371 0.00011664 0 0 0.000138992 -4.10319e-05 0.000701839 -0.000237218 0
internal_weight=682 150 532 520 507 490 23 139 467 28 127 98 439 47 392 116 276 35 81 70 49 29 26 23
internal_count=682 150 532 520 507 490 23 139 467 28 127 98 439 47 392 116 276 35 81 70 49 29 26 23
is_linear=0
shrinkage=0.0529975


Tree=385
num_leaves=22
num_cat=0
split_feature=13 39 12 26 35 31 29 30 26 53 26 31 39 31 39 26 25 13 34 3 29
split_gain=0.037913 0.0323856 0.0928328 0.0170426 0.0589718 0.0130314 0.0332384 0.0301643 0.0099582 0.0145422 0.0155887 0.00697063 0.0102482 0.00886218 0.00435359 0.00426802 0.00547438 0.005322 0.00331357 0.00113055 0.000274209
threshold=1.9943942564294705 -1.095590616565685 -0.18183550287349634 -2.2594039339580179 -1.4212897287437452 0.070867766400252261 0.88506091518751828 -0.97556096233642264 0.15726192213313098 1.0000000180025095e-35 -0.05713008591001964 -0.23415373655120816 -0.48236117227724046 -0.084005253285095602 1.7707609656411838 -0.30605995019358756 1.0000000180025095e-35 -0.49528289046404234 1.7628481034177845 -0.20336365145241728 -0.71244533755492911
decision_type=2 2 2 2 2 2 2 2 2 2 2 2 2 2 2 2 2 2 2 2 2
left_child=1 2 -1 -3 -5 7 8 -6 9 10 -7 15 13 -13 18 17 -17 -9 -10 -11 -14
right_child=-2 3 -4 4 5 6 -8 11 14 19 -12 12 20 -15 -16 16 -18 -19 -20 -21 -22
leaf_value=0.0044438407805474211 -0.0024785620345574261 0.0015844988295249257 -0.0010311902551432411 -0.0030583610817992036 0.0023333746536051011 0 -0.0022609667722364307 0.00069471324399097891 9.0205794296543124e-05 0.00041798680739988097 -0.0024960882631653021 0.0018618461885289051 0.00020102430160592543 0 0.00086343182928198261 -0.001114059507450972 0 -4.6198879107848753e-05 -0.00043445471545005692 -9.463042005635135e-05 -4.1243246324068501e-05
leaf_weight=11.000000000000002 10.999999999999998 11.999999999999998 10.999999999999998 11.999999999999998 12.999999999999998 11.000000000000002 14.999999999999998 25 210 11.000000000000002 11.999999999999998 15.999999999999998 10.999999999999998 15.999999999999998 11.999999999999998 15.999999999999998 19 144 34 17 43
leaf_count=11 11 12 11 12 13 11 15 25 210 11 12 16 11 16 12 16 19 144 34 17 43
internal_value=0 5.53488e-05 0.00182231 -1.00193e-05 -6.54164e-05 9.49661e-06 -0.000211629 0.000266639 -4.77859e-05 -0.000694564 -0.00153522 0.000105002 0.000495356 0.00116261 6.73527e-05 -3.57438e-05 -0.000539316 4.35397e-05 0 0 0
internal_weight=682 671 22 649 637 625 322 303 307 51 23 290 86 32 256 204 35 169 244 28 54
internal_count=682 671 22 649 637 625 322 303 307 51 23 290 86 32 256 204 35 169 244 28 54
is_linear=0
shrinkage=0.0529975


Tree=386
num_leaves=22
num_cat=0
split_feature=19 30 29 29 45 19 7 37 3 19 35 6 9 2 33 34 29 19 47 9 19
split_gain=0.0378037 0.192974 0.0222276 0.00900087 0.0279369 0.0146577 0.0053019 0.00385113 0.00324194 0.00639437 0.0150286 0.00692826 0.00583272 0.00480945 0.010679 0.00664629 0.00262223 0.00337172 0.00182454 0.000941664 0.000582848
threshold=1.0723426282595778 -1.2395848496026971 0.90830313251086625 -0.69154920279145393 -0.39999725537397507 -1.0115814289029357 -0.25919940656948109 2.0509306466212647 0.61218953703393775 -0.49068578805936591 0.034511032165129518 0.99166098090143862 0.50903300992858969 -0.23450893579348234 -0.23102090948124118 -0.73135396192651403 -0.46951660471587603 -0.4166652285784076 -0.16193616525965079 0.29419725938086166 0.25753102098526071
decision_type=2 2 2 2 2 2 2 2 2 2 2 2 2 2 2 2 2 2 2 2 2
left_child=1 -1 3 4 -3 -5 7 -6 9 10 12 -12 -7 15 -15 -11 -10 19 -8 -18 -19
right_child=-2 2 -4 5 6 8 18 -9 16 13 11 -13 -14 14 -16 -17 17 20 -20 -21 -22
leaf_value=-0.0056640908193105648 0.0019372873610378147 0.0023511673865251053 0.0016334517644922533 -0.0015831692485002672 0 -0.00036994275818964768 0 -0.0010668771430695136 -0.000111662013992736 3.6086064798043484e-05 -0.0022207105022513463 0 0.00082602614446152444 0.0009629181502309929 0 -0.00056813697462862369 0 0 0.00067790782964565746 0.0011057976585594426 0.00031035192868649597
leaf_weight=10.999999999999998 21 11.999999999999998 18 11.999999999999998 17 19 19 11.000000000000002 15.999999999999998 78 11.000000000000002 11.999999999999998 12.999999999999998 31 202 80 13.000000000000002 42 19 13.999999999999998 10.999999999999998
leaf_count=11 21 12 18 12 17 19 19 11 16 78 11 12 13 31 202 80 13 42 19 14 11
internal_value=0 -8.53668e-05 4.9307e-05 0 0.000500209 -8.72641e-05 0 -0.000500878 -2.44373e-05 -9.62539e-05 -0.000602577 -0.00148982 0 0 0.000134272 -0.000236847 0.000226775 0.000378749 0.000380287 0.000812942 0
internal_weight=682 661 650 632 78 554 66 28 542 446 55 23 32 391 233 158 96 80 38 27 53
internal_count=682 661 650 632 78 554 66 28 542 446 55 23 32 391 233 158 96 80 38 27 53
is_linear=0
shrinkage=0.0529975


Tree=387
num_leaves=24
num_cat=0
split_feature=3 30 29 10 0 52 13 44 29 30 28 8 3 9 0 39 10 13 29 9 3 8 46
split_gain=0.0369193 0.221257 0.130389 0.0153236 0.0410685 0.016717 0.0137899 0.0391635 0.018196 0.0052784 0.00443971 0.00698163 0.00566626 0.00615615 0.00535881 0.00673498 0.00417697 0.00377601 0.0037745 0.00240606 0.00166181 0.000702742 0.000678444
threshold=0.69784939052922235 -0.65921609552741589 1.2522906522553352 0.44422460764443922 -0.62625233348757947 1.0000000180025095e-35 1.1310384716196233 -0.27086742745529524 0.88506091518751828 1.2232764528055513 -0.59219080463487817 -0.075868766108800015 0.18032110899521145 -0.69629092760514444 1.6977252598221748 -0.66179316143795452 -1.195135951272327 -0.43504876594242509 -0.2984281402159476 -0.80390174744735665 1.0565500270407264 0.56615457730010921 1.0000000180025095e-35
decision_type=2 2 2 2 2 2 2 2 2 2 2 2 2 2 2 2 2 2 2 2 2 2 2
left_child=2 -2 6 4 -3 19 8 -8 9 10 11 -1 14 -14 15 -12 -6 -16 -15 -5 -18 -13 -21
right_child=1 3 -4 5 16 -7 7 -9 -10 -11 12 21 13 18 17 -17 20 -19 -20 22 -22 -23 -24
leaf_value=-0.0011813743497161959 -0.0064528168193962879 -0.002784363691160887 0.0044935266226642035 -0.00044644162576314389 0.00075592110454328538 0.0020664095901028051 0.0026745512517862913 -0.00048034058039575706 -0.0016130827284176442 0.00076617922961867268 0.00059131274749110632 0.00028607436842539283 0.00034837911288640813 0 0 2.1238920006441644e-05 -0.00049115837663105458 -0.00092212784098910931 -0.00076199727316518528 0.00051366027954934882 1.8556102288764539e-05 -0.00015261790498772001 0
leaf_weight=17 10.999999999999998 10.999999999999998 12.999999999999998 10.999999999999998 15.999999999999995 10.999999999999998 14.000000000000002 14.999999999999998 13.999999999999998 19 92 13.000000000000002 18 39 13.000000000000002 216 14.000000000000005 13.999999999999998 53 14.000000000000002 15.999999999999998 11.999999999999998 15.999999999999998
leaf_count=17 11 11 13 11 16 11 14 15 14 19 92 13 18 39 13 216 14 14 53 14 16 12 16
internal_value=0 -0.000827417 0.000175212 0 -0.000525827 0.000664667 1.29263e-05 0.00104043 -4.23057e-05 5.89569e-06 -1.85569e-05 -0.000510029 1.85066e-05 -0.000282779 0.000141152 0.000221806 0.000138746 -0.000440325 -0.000491302 0 -6.74673e-05 0 0.000305994
internal_weight=682 120 562 109 57 52 549 29 520 506 487 42 445 110 335 308 46 27 92 41 30 25 30
internal_count=682 120 562 109 57 52 549 29 520 506 487 42 445 110 335 308 46 27 92 41 30 25 30
is_linear=0
shrinkage=0.0529975


Tree=388
num_leaves=27
num_cat=0
split_feature=25 15 6 4 29 17 35 0 25 35 29 27 3 29 7 37 28 34 29 27 0 35 45 17 39 33
split_gain=0.0372727 0.362962 0.132131 0.0876864 0.0716892 0.0239049 0.0122873 0.01225 0.0163285 0.0146154 0.0158079 0.0114765 0.0186629 0.0124189 0.0113508 0.00815872 0.00791509 0.0049127 0.00383812 0.00371973 0.00299841 0.00231752 0.00132246 0.000585384 0.000488775 0.000279293
threshold=-1.1505461041247356 0.9320235755932279 0.26195950044603578 -1.2268577428520142 1.10045454059635 -1.5367388531893622 -1.2163535323140799 -0.64383157088201604 -0.55693638513625909 -0.83654927055063666 -0.30458813288010861 -0.49068578805935875 0.069677131563802397 0.82104171692581018 0.10945559533585329 2.0054340583713257 -0.37220747792138908 0.39130272261152038 -0.67263100970284895 -0.69894649288887756 1.1765653322971847 -0.90587422673224238 0.39269136943107136 -0.70931647686124488 -0.84457657212698811 -0.6946684287005741
decision_type=2 2 2 2 2 2 2 2 2 2 2 2 2 2 2 2 2 2 2 2 2 2 2 2 2 2
left_child=2 4 3 -1 7 -4 -7 9 23 21 18 12 17 15 24 16 -13 -10 22 -14 -21 -2 -11 -9 -12 -20
right_child=1 -3 5 -5 -6 6 -8 8 11 10 14 13 19 -15 -16 -17 -18 -19 25 20 -22 -23 -24 -25 -26 -27
leaf_value=0.0064290266550768973 0 -0.0071773754701826373 -0.0018190934457494009 0 0.0033709788848456279 0.0011427546379475702 -0.0003791626126789996 0 -0.0023272597554286714 -0.00085007690533539699 0 0.00078601631792792569 0.00073988253037465281 0.0013043635959188581 -0.0027979609830704397 0.001166423209625846 -0.00010944535412613578 -0.00010390524659299012 0.00025445533808230038 -0.00065598517661591676 7.6616695451361714e-05 0.00057648251028312458 0 0.0015089037349772063 -0.00052779071779451327 0
leaf_weight=11.000000000000002 21 13.999999999999998 14.999999999999998 10.999999999999998 11.999999999999998 19.999999999999996 21.000000000000004 11.000000000000002 11.000000000000002 14.000000000000002 10.999999999999998 24 10.999999999999998 18 11.999999999999998 10.999999999999998 306 12.999999999999998 17.000000000000004 16.000000000000004 10.999999999999998 20 10.999999999999998 17 11.000000000000002 11.999999999999998
leaf_count=11 21 14 15 11 12 20 21 11 11 14 11 24 11 18 12 11 306 13 17 16 11 20 11 17 11 12
internal_value=0 -0.000151173 0.00103942 0.00403676 7.43665e-05 -0.000302 0.000265698 -1.60253e-05 0.000103259 -0.000469091 -0.000854455 0 -0.000618866 0.00013025 -0.00167613 2.6675e-05 -1.06675e-05 -0.00161731 -0.00010487 0 -0.000186155 0.000212898 -0.000588515 0.00122137 -0.000346522 0.000141882
internal_weight=682 604 78 22 590 56 41 578 449 129 88 421 62 359 34 341 330 24 54 38 27 41 25 28 22 29
internal_count=682 604 78 22 590 56 41 578 449 129 88 421 62 359 34 341 330 24 54 38 27 41 25 28 22 29
is_linear=0
shrinkage=0.0529975


Tree=389
num_leaves=26
num_cat=0
split_feature=6 13 13 5 19 1 19 46 12 5 29 22 29 39 29 19 9 31 1 39 3 26 47 13 45
split_gain=0.0364821 0.465729 0.244196 0.0243425 0.0414485 0.0163999 0.0139566 0.0177898 0.00861314 0.00863091 0.00893593 0.00737287 0.0089261 0.00568482 0.0114931 0.0147354 0.00641869 0.00565713 0.00522402 0.00409812 0.00298808 0.00253056 0.00220796 0.000821307 0.000550426
threshold=-0.78485340212065313 1.2113506376484462 1.9743162149222646 -2.226046647382725 0.98085823280515616 -1.2781151662940411 0.51248132294284898 0.79829901629636912 -0.42859287233206739 0.6135910533746507 0.26552658291515235 1.7727646623197908 0.11842374060933906 -0.90172138751055098 0.14814661164550594 -0.075962742399489067 -1.1880823956112436 0.78382322212725175 -0.41109080581660312 -0.11112772739982384 -0.15874914442362323 -0.55959664068365156 0.74331354545413408 -1.0675070734194059 1.0000000180025095e-35
decision_type=2 2 2 2 2 2 2 2 2 2 2 2 2 2 2 2 2 2 2 2 2 2 2 2 2
left_child=1 5 3 -2 6 -1 8 -8 9 20 -11 12 19 16 17 -16 -10 -15 -14 -7 -5 -18 -20 -21 -13
right_child=2 -3 -4 4 -6 11 7 -9 13 10 -12 24 18 14 15 -17 21 -19 22 23 -22 -23 -24 -25 -26
leaf_value=0.0017831933110667977 0.0018537866510094187 -0.0090134052170537122 0.0062707580053464364 0.00054281552718105498 -0.0026516740521680729 0.00072520466642374542 0.0019452284726689851 -6.277896732581766e-05 0.0013030996052750452 0 -0.0019440183247782731 0.00089113014359157902 0 -3.4198411725260338e-05 -0.001893741984234375 0 -0.00019169486110573179 0.0007745021240615663 -0.001568888714001079 0 -0.00035159938365861607 0.00037367566376885999 0 -0.00025350805489410071 0
leaf_weight=10.999999999999998 12.999999999999998 10.999999999999998 11.999999999999998 12.000000000000002 10.999999999999998 17 17 13.000000000000002 12.999999999999998 17.000000000000004 13.999999999999998 17.000000000000004 10.999999999999998 279 15.000000000000002 12.999999999999998 27 20 14.000000000000002 13.999999999999998 19 37 10.999999999999998 32 11.999999999999998
leaf_count=11 13 11 12 12 11 17 17 13 13 17 14 17 11 279 15 13 27 20 14 14 19 37 11 32 12
internal_value=0 -0.000719191 0.000201212 0 -7.76125e-05 0.000234624 0 0.00101555 -6.63184e-05 -0.000621092 -0.00116801 0 -0.000195005 9.62284e-06 -7.07686e-05 -0.000998739 0.000415629 1.11581e-05 -0.000821546 0.00010207 0 3.93851e-05 -0.00117806 -5.09649e-05 0.000691116
internal_weight=682 150 532 520 507 139 496 30 466 62 31 128 99 404 327 28 77 299 36 63 31 64 25 46 29
internal_count=682 150 532 520 507 139 496 30 466 62 31 128 99 404 327 28 77 299 36 63 31 64 25 46 29
is_linear=0
shrinkage=0.0529975


Tree=390
num_leaves=17
num_cat=0
split_feature=13 39 12 5 21 31 29 30 19 39 29 19 31 9 12 29
split_gain=0.0386861 0.0299976 0.0909845 0.0226708 0.043489 0.0130493 0.0318751 0.0312134 0.0122441 0.00909506 0.00620346 0.00899941 0.00560346 0.00503583 0.00414883 0.00314928
threshold=1.9943942564294705 -1.095590616565685 -0.18183550287349634 -2.226046647382725 -1.4863838191496883 0.070867766400252261 0.88506091518751828 -1.0937516901648248 -0.78831803872658812 -0.99967917988423871 -0.95147839412710067 -0.89269806438786092 0.19502158590233212 -0.62102177894269706 -0.2351334721832409 0.13147790358107489
decision_type=2 2 2 2 2 2 2 2 2 2 2 2 2 2 2 2
left_child=1 2 -1 -3 -5 7 8 -6 -7 13 -11 -12 15 -9 -14 -10
right_child=-2 3 -4 4 5 6 -8 9 12 10 11 -13 14 -15 -16 -17
leaf_value=0.0043601319431323783 -0.0025024401073920023 0.0017865530658714858 -0.0010544706979976422 -0.0026377169463923135 0.0024112035734930228 -0.0013722530871341876 -0.0022396448007458245 0.0015759317998029975 0 -0.00090187313402954471 0.0012471574708532755 0 0 0 0.00046418322948280934 -0.0011213234650163217
leaf_weight=11.000000000000002 10.999999999999998 12.999999999999998 10.999999999999998 11.999999999999998 11.999999999999998 12.999999999999998 14.999999999999998 11.000000000000002 27 13.999999999999998 10.999999999999998 246 190 10.999999999999998 63 10.999999999999998
leaf_count=11 11 13 11 12 12 13 15 11 27 14 11 246 190 11 63 11
internal_value=0 5.73149e-05 0.00175736 -5.21084e-06 -6.90593e-05 0 -0.000229857 0.000250281 -6.67544e-05 9.18363e-05 0 6.63929e-05 0 0.00100127 0.000111388 -0.000533561
internal_weight=682 671 22 649 636 624 319 305 304 293 271 257 291 22 253 38
internal_count=682 671 22 649 636 624 319 305 304 293 271 257 291 22 253 38
is_linear=0
shrinkage=0.0529975


Tree=391
num_leaves=19
num_cat=0
split_feature=13 39 12 7 35 31 29 30 26 53 26 39 1 29 39 26 34 3
split_gain=0.0360454 0.02772 0.0851388 0.0218713 0.0688637 0.0120646 0.0302331 0.027646 0.00868853 0.0132871 0.0143132 0.00638438 0.00498696 0.0063336 0.00369541 0.00349237 0.00272592 0.00116202
threshold=1.9943942564294705 -1.095590616565685 -0.18183550287349634 -2.3273358155400112 -1.4835929937422012 0.070867766400252261 0.88506091518751828 -0.97556096233642264 0.15726192213313098 1.0000000180025095e-35 -0.05713008591001964 -0.99967917988423871 1.4091380473544046 -0.27793600825013065 1.7707609656411838 -0.83862029018207263 1.7628481034177845 -0.20336365145241728
decision_type=2 2 2 2 2 2 2 2 2 2 2 2 2 2 2 2 2 2
left_child=1 2 -1 -3 -5 7 8 -6 9 10 -7 15 13 -13 16 -9 -10 -11
right_child=-2 3 -4 4 5 6 -8 11 14 17 -12 12 -14 -15 -16 -17 -18 -19
leaf_value=0.0042105805085750634 -0.0024166070116207051 0.0018039206970288518 -0.001018302562712463 -0.00339772254445377 0.0022395262623202622 0 -0.002154847737154623 0 8.2774446760504368e-05 0.00042596042649142027 -0.0023744740823011513 0.00017095826734801284 0.0007186108590323116 -0.00033938244119033909 0.00079653368867066258 0.0013491849441816528 -0.00039297044256665441 -8.8455211729321446e-05
leaf_weight=11.000000000000002 10.999999999999998 11.999999999999998 10.999999999999998 10.999999999999998 12.999999999999998 11.000000000000002 14.999999999999998 11.000000000000002 210 11.000000000000002 11.999999999999998 130 20 119 11.999999999999998 10.999999999999998 34 17
leaf_count=11 11 12 11 11 13 11 15 11 210 11 12 130 20 119 12 11 34 17
internal_value=0 5.41231e-05 0.00168852 -5.56765e-06 -6.7023e-05 1.21344e-05 -0.000200276 0.000259175 -4.30075e-05 -0.000648149 -0.00145355 0.000103758 0 -4.77937e-05 6.29639e-05 0.000868746 0 0
internal_weight=682 671 22 649 637 626 322 304 307 51 23 291 269 249 256 22 244 28
internal_count=682 671 22 649 637 626 322 304 307 51 23 291 269 249 256 22 244 28
is_linear=0
shrinkage=0.0529975


Tree=392
num_leaves=20
num_cat=0
split_feature=19 30 29 29 24 19 3 19 39 45 22 33 7 39 19 29 19 53 47
split_gain=0.0365254 0.184527 0.0192917 0.00821653 0.0230705 0.0157833 0.00272924 0.00437685 0.0190577 0.00773566 0.00365615 0.00893652 0.00652757 0.0028863 0.00254693 0.00233841 0.00121087 0.00123264 0.000598697
threshold=1.0723426282595778 -1.2395848496026971 0.90830313251086625 -0.8996447736816684 -0.7370522780722486 -1.0115814289029357 0.61218953703393775 -0.49068578805936591 -0.41422937597226511 -0.73972095171899488 -0.2345089357934842 -0.23102090948124118 -0.63380163292259717 0.048932075659940427 -0.4166652285784076 -0.27080021985623931 0.25753102098526071 -1.0563937507581851 1.0000000180025095e-35
decision_type=2 2 2 2 2 2 2 2 2 2 2 2 2 2 2 2 2 2 2
left_child=1 -1 3 4 -3 -5 7 8 9 -7 12 -12 -9 -10 15 18 17 -16 -8
right_child=-2 2 -4 5 -6 6 14 10 13 -11 11 -13 -14 -15 16 -17 -18 -19 -20
leaf_value=-0.0055382758928298852 0.0019053635587362421 0.0022451042745495605 0.0015239924361586793 -0.0015998248103736834 -0.00013813250765926544 0 0.0002671441322547978 0.00023997935298331353 0.00098063012255144829 -0.0014063535992743794 0.00090074237099251964 0 -0.00039827977093012619 0 1.3377562714511883e-05 0.00090410108904432176 0.00039686252165425803 -0.0003048922512090468 -0.00010380733748426318
leaf_weight=10.999999999999998 21 11.000000000000002 18 11.999999999999998 19 11.999999999999998 15.000000000000002 50 11.000000000000002 35 31 207 123 13.999999999999998 12.999999999999998 18 10.999999999999998 39 10.999999999999998
leaf_count=11 21 11 18 12 19 12 15 50 11 35 31 207 123 14 13 18 11 39 11
internal_value=0 -8.28835e-05 4.85722e-05 0 0.000770111 -5.33365e-05 0 -6.02094e-05 -0.000424668 -0.00105831 0 0.000141947 -0.000172931 0.000515516 0.000228369 0.000510835 0 -0.000111736 0
internal_weight=682 661 650 632 30 602 590 483 72 47 411 238 173 25 107 44 63 52 26
internal_count=682 661 650 632 30 602 590 483 72 47 411 238 173 25 107 44 63 52 26
is_linear=0
shrinkage=0.0529975


Tree=393
num_leaves=23
num_cat=0
split_feature=3 1 29 2 14 13 44 29 30 28 7 3 0 39 39 29 13 3 3 1 31 30
split_gain=0.0364764 0.214848 0.122762 0.0172902 0.0181701 0.0110306 0.0339135 0.0152699 0.00510204 0.00367913 0.00611132 0.00510662 0.00488983 0.00649104 0.00374361 0.00693631 0.00347991 0.00336444 0.00403281 0.00236793 0.000864658 0.000923251
threshold=0.69784939052922235 -1.1721621033097072 1.2522906522553352 -0.94857875423307914 -0.75231760026958761 1.1310384716196233 -0.27086742745529524 0.88506091518751828 1.2232764528055513 -0.59219080463487817 -0.7934460620790067 0.18032110899521145 1.6977252598221748 -0.66179316143795452 -0.84457657212698811 -0.12613368717176643 -0.43504876594242509 1.1172257565998864 1.904225660587813 -0.27930235687570154 -0.022376847022109254 0.49972355929608853
decision_type=2 2 2 2 2 2 2 2 2 2 2 2 2 2 2 2 2 2 2 2 2 2
left_child=2 -2 5 -3 -5 7 -7 8 9 10 -1 12 13 -11 -13 -16 -14 20 -19 -12 -6 -22
right_child=1 3 -4 4 17 6 -8 -9 -10 11 19 14 16 -15 15 -17 -18 18 -20 -21 21 -23
leaf_value=0.0001200173660468535 -0.0051257614773183979 0.0017251608565696725 0.0043682030134567255 -0.0014170214968782968 0.00019485853092112936 0.0024669017846553442 -0.00045400698413914227 -0.0014700136656869366 0.00075885245573371809 0.00058022477775163139 0 0.00015606651306964859 0 1.9988160738697969e-05 0 -0.00096527114178288835 -0.00087596885933416424 0.0010121330138690889 0 -0.0011609388648929993 0 -0.00049630673015652819
leaf_weight=11.999999999999998 20 11.999999999999998 12.999999999999998 15.999999999999998 15.999999999999995 14.000000000000002 14.999999999999998 13.999999999999998 19 92 11.000000000000002 20 13.000000000000002 216 56 34 13.999999999999998 21 12.999999999999998 19 11.000000000000005 10.999999999999998
leaf_count=12 20 12 13 16 16 14 15 14 19 92 11 20 13 216 56 34 14 21 13 19 11 11
internal_value=0 -0.000819284 0.000177425 0.000217364 -1.08748e-05 1.94808e-05 0.000937582 -2.85469e-05 1.4443e-05 -9.30869e-06 -0.000459476 2.32361e-05 0.000140004 0.000217461 -0.000261015 -0.000430419 -0.000410843 0.000296969 0.000638942 -0.00086669 0 -0.000238567
internal_weight=682 120 562 100 88 549 29 520 506 487 42 445 335 308 110 90 27 72 34 30 38 22
internal_count=682 120 562 100 88 549 29 520 506 487 42 445 335 308 110 90 27 72 34 30 38 22
is_linear=0
shrinkage=0.0529975


Tree=394
num_leaves=29
num_cat=0
split_feature=25 15 6 4 29 17 2 0 25 4 1 30 29 23 30 19 34 13 37 31 14 8 0 26 23 45 17 17
split_gain=0.0356033 0.335229 0.123126 0.0832002 0.0640702 0.0198628 0.0112676 0.011254 0.0156005 0.0131524 0.00991237 0.00990021 0.0226159 0.0166346 0.0142622 0.0129868 0.0138121 0.00919209 0.00730875 0.00518958 0.00426128 0.00377889 0.0032691 0.00271862 0.00183614 0.00222845 0.00179719 0.000642964
threshold=-1.1505461041247356 0.9320235755932279 0.26195950044603578 -1.2268577428520142 1.10045454059635 -1.5367388531893622 -1.3434702112925097 -0.64383157088201604 -0.55693638513625909 -0.65791700994745572 -0.22427391747362665 0.42334779089211111 0.82104171692581018 0.019708883691551542 0.62780253484876514 -0.31183434170219121 0.39130272261152038 -0.99723392814418599 2.0054340583713257 -0.20119913320788876 -0.80719117676700114 0.82814850142460628 -0.81879257582006515 -0.49946439884091043 0.05183132875228335 0.39269136943107136 -0.90414760923914617 -0.70931647686124488
decision_type=2 2 2 2 2 2 2 2 2 2 2 2 2 2 2 2 2 2 2 2 2 2 2 2 2 2 2 2
left_child=2 4 3 -1 7 -4 -7 9 27 20 -11 12 18 15 -15 16 -13 -16 19 -10 21 26 -22 -8 25 -24 -2 -9
right_child=1 -3 5 -5 -6 6 23 8 11 10 -12 13 -14 14 17 -17 -18 -19 -20 -21 22 -23 24 -25 -26 -27 -28 -29
leaf_value=0.006242706436443409 0 -0.006896140843785265 -0.0016592653069659893 0 0.0031891224915455659 0.0013993146082355407 -0.00062280652380672071 0 -0.0003617307160748375 -0.0021886960469469732 0 -0.0025756230407890063 0.0019027706702022347 -0.0008159929262883084 -2.7296489768700613e-05 0 -0.00012509880976067589 0.0012058407187555853 0.0011039736189919669 0.0001133300794273705 0 -0.00011147817582916566 -0.0011770307270648709 4.5318401163399688e-05 0 0 0.00098112690524717206 0.0014796149379922691
leaf_weight=11.000000000000002 10.999999999999998 13.999999999999998 14.999999999999998 10.999999999999998 11.999999999999998 10.999999999999995 15.999999999999998 11.000000000000002 86 13.000000000000002 11.999999999999998 14.999999999999998 13.999999999999998 18 12.999999999999998 20 20 29 10.999999999999998 195 13.999999999999998 11.999999999999998 16.000000000000004 14.000000000000005 23 14.999999999999998 13.000000000000002 17
leaf_count=11 11 14 15 11 12 11 16 11 86 13 12 15 14 18 13 20 20 29 11 195 14 12 16 14 23 15 13 17
internal_value=0 -0.000143464 0.00102032 0.00391308 7.28208e-05 -0.000272015 0.000233848 -1.19986e-05 0.000101869 -0.000446988 -0.00142745 0 0.000170828 -0.000393153 0.000123209 -0.0010277 -0.00156881 0.000722906 2.77339e-05 -1.22452e-05 -8.28313e-05 0.000260416 -0.00036532 -0.000161367 -0.000563599 -0.000809021 0.000664326 0.0011949
internal_weight=682 604 78 22 590 56 41 578 449 129 25 421 306 115 60 55 35 42 292 281 104 36 68 30 54 31 24 28
internal_count=682 604 78 22 590 56 41 578 449 129 25 421 306 115 60 55 35 42 292 281 104 36 68 30 54 31 24 28
is_linear=0
shrinkage=0.0529975


Tree=395
num_leaves=28
num_cat=0
split_feature=25 15 30 29 35 9 0 25 29 30 29 29 7 5 37 29 11 3 5 30 30 30 5 16 30 5 17
split_gain=0.0357601 0.392417 0.0767776 0.0600565 0.0323636 0.0159862 0.0150006 0.014612 0.0131107 0.00940015 0.0209244 0.0160683 0.00927913 0.0078372 0.00681086 0.00588124 0.00562732 0.00554767 0.00685231 0.00570075 0.00484176 0.00296282 0.0017696 0.00264939 0.00151375 0.000845702 0.000381601
threshold=-0.92883394012240406 0.78721989720407681 -1.391025136749735 1.10045454059635 -1.0419999505805986 -0.89371629979831702 -0.64383157088201604 -0.55693638513625909 -0.29243874328179176 0.42334779089211111 0.82104171692581018 0.58353607546613506 0.11671165418622724 -1.2303851890457018 2.0054340583713257 -0.67263100970284895 0.60131173948805883 0.01970888369155287 0.31807260602744275 0.6004849574766995 0.26394665027283193 0.24889491302505343 -1.0323045271945952 0.46528185925114773 0.2567125861955567 -0.91885210496912884 -0.70931647686124488
decision_type=2 2 2 2 2 2 2 2 2 2 2 2 2 2 2 2 2 2 2 2 2 2 2 2 2 2 2
left_child=2 3 -1 6 5 -4 8 26 15 10 14 17 25 24 20 21 -15 18 -11 -19 -9 -2 -17 -24 -7 -10 -8
right_child=1 -3 4 -5 -6 13 7 9 12 11 -12 -13 -14 16 -16 22 -18 19 -20 -21 -22 -23 23 -25 -26 -27 -28
leaf_value=0.0041799620737862017 -0.0011100197560086646 -0.0081037341219356799 -0.0015060379501704662 0.0030764229121490799 0.0017905357064009974 0.001031430347016417 0 -0.00011516454595320675 0 -0.0011636217738377069 0.0018321686152865994 -0.0017722945158621356 -0.0024141282939634107 0 0.0010661075669249401 0 -0.0011125711871208988 -0.00035353931719993 0 0.00062549309251976439 0.00052600249698660814 0 0 0.00078082328921579849 0 -0.00046914051058807269 0.001421646263893862
leaf_weight=10.999999999999998 12.000000000000002 10.999999999999998 17 11.999999999999998 21 13.999999999999998 11.000000000000002 250 10.999999999999998 17 13.999999999999998 13.999999999999998 10.999999999999998 15.000000000000005 10.999999999999998 10.999999999999998 10.999999999999998 11.999999999999998 33 39 31 18 12.999999999999998 19 12.999999999999998 13.000000000000002 17
leaf_count=11 12 11 17 12 21 14 11 250 11 17 14 14 11 15 11 11 11 12 33 39 31 18 13 19 13 13 17
internal_value=0 -0.000165114 0.000884368 5.91192e-05 0.000180208 -0.000314144 -2.55536e-05 9.79415e-05 -0.000578389 0 0.000165771 -0.000383863 -0.00135074 6.39864e-05 2.71765e-05 -4.52422e-05 -0.000404403 -3.75882e-05 -0.000460821 0.000259628 -1.05815e-05 -0.000620344 0.000240253 0.000453037 0.000718232 -0.000245346 0.00115568
internal_weight=682 580 102 569 91 70 557 449 108 421 306 115 35 53 292 73 26 101 50 51 281 30 43 32 27 24 28
internal_count=682 580 102 569 91 70 557 449 108 421 306 115 35 53 292 73 26 101 50 51 281 30 43 32 27 24 28
is_linear=0
shrinkage=0.0529975


Tree=396
num_leaves=22
num_cat=0
split_feature=3 1 29 2 14 13 7 6 13 19 13 13 31 29 13 3 13 5 12 19 31
split_gain=0.0350715 0.200439 0.111652 0.0165435 0.0160306 0.00891513 0.0210611 0.0321745 0.00934568 0.00784847 0.00519295 0.00833405 0.00637113 0.00530359 0.00440702 0.00305729 0.00358322 0.00277251 0.00660817 0.00447286 0.000884063
threshold=0.69784939052922235 -1.1721621033097072 1.2522906522553352 -0.94857875423307914 -0.75231760026958761 0.85998491127234566 0.78574329033607027 0.79484251816100315 1.1109604301124176 0.84812112690812347 0.75959470373631699 0.51865820564984799 -0.39939051272357057 0.67203377572161016 1.0908823886052119 1.1172257565998864 -0.58563407724646821 -0.87238888357066757 0.5946182699608481 -0.23593425786207264 -0.022376847022109254
decision_type=2 2 2 2 2 2 2 2 2 2 2 2 2 2 2 2 2 2 2 2 2
left_child=2 -2 5 -3 -5 9 7 8 -7 10 11 13 -13 17 -9 20 -17 19 -19 -1 -6
right_child=1 3 -4 4 15 6 -8 14 -10 -11 -12 12 -14 -15 -16 16 -18 18 -20 -21 -22
leaf_value=-0.00087845882437104391 -0.0049611113917868536 0.0016761151888260103 0.0041728281763309888 -0.0013444388751021692 0.00017641704232064092 0.00018388337208706261 -0.00093294408335256357 0.00017984534055745741 0.0028308663644549302 -0.0011630133830822103 -0.00079899086966249335 0 0.0010589744623707559 -0.00094735533026313237 -0.00084730755940111131 0 0.00094229559720924105 -3.1082929254025899e-05 0.0005291907162408955 0 -0.00025345713460214725
leaf_weight=19 20 11.999999999999998 12.999999999999998 15.999999999999998 15.999999999999995 13.000000000000002 10.999999999999998 14.000000000000002 17 10.999999999999998 15.999999999999998 14.999999999999998 31 10.999999999999998 10.999999999999998 12.999999999999998 21 304 63 12.999999999999998 22.000000000000004
leaf_count=19 20 12 13 16 16 13 11 14 17 11 16 15 31 11 11 13 21 304 63 13 22
internal_value=0 -0.000801821 0.000175534 0.000197741 -2.3613e-05 2.4233e-05 0.000582408 0.00106191 0.00209959 -4.39623e-05 0 3.42959e-05 0.000673618 -2.93187e-05 -0.000123249 0.000261148 0.000589652 0 5.33303e-05 -0.000420746 0
internal_weight=682 120 562 100 88 549 66 55 30 483 472 456 46 410 25 72 34 399 367 32 38
internal_count=682 120 562 100 88 549 66 55 30 483 472 456 46 410 25 72 34 399 367 32 38
is_linear=0
shrinkage=0.0529975


Tree=397
num_leaves=17
num_cat=0
split_feature=13 39 12 7 35 31 29 30 19 39 30 3 1 29 26 31
split_gain=0.0355456 0.0214894 0.0766612 0.0206979 0.0591263 0.0116491 0.0326396 0.0252679 0.00839402 0.00615028 0.00529072 0.00630386 0.00436244 0.00522516 0.00237223 0.00112983
threshold=1.9943942564294705 -1.095590616565685 -0.18183550287349634 -2.3273358155400112 -1.4835929937422012 0.070867766400252261 0.88506091518751828 -0.97556096233642264 -0.78831803872658812 -0.99967917988423871 0.98718375464831409 0.087522934375319633 1.4091380473544046 -0.27793600825013065 -0.83862029018207263 0.95849683626338977
decision_type=2 2 2 2 2 2 2 2 2 2 2 2 2 2 2 2
left_child=1 2 -1 -3 -5 7 8 -6 -7 14 11 -10 13 -11 -9 -12
right_child=-2 3 -4 4 5 6 -8 9 10 12 15 -13 -14 -15 -16 -17
leaf_value=0.0039090503503967367 -0.0023962614075480576 0.0017681161520389042 -0.0010349737252516105 -0.0031414035766865007 0.0021576857449808226 -0.0011484399890323291 -0.0022174975672641386 0 0.00011896215106117871 0.00016142456382928319 0 -0.00040133137803894796 0.00067814002711565665 -0.00030254690426237375 0.0012738911178357248 0.00099582949499456047
leaf_weight=11.000000000000002 10.999999999999998 11.999999999999998 10.999999999999998 10.999999999999998 12.999999999999998 11.999999999999998 14.999999999999998 11.000000000000002 183 130 11.000000000000002 89 20 119 10.999999999999998 11.999999999999998
leaf_count=11 11 12 11 11 13 12 15 11 183 130 11 89 20 119 11 12
internal_value=0 5.75666e-05 0.00149535 0 -5.39842e-05 1.85069e-05 -0.000189764 0.000261045 -2.77889e-05 0.000110944 1.65627e-05 -3.11406e-05 6.41859e-06 -3.48219e-05 0.000864404 0.000711362
internal_weight=682 671 22 649 637 626 322 304 307 291 295 272 269 249 22 23
internal_count=682 671 22 649 637 626 322 304 307 291 295 272 269 249 22 23
is_linear=0
shrinkage=0.0529975


end of trees

feature_importances:
Column_29=1370
Column_19=1014
Column_37=828
Column_30=593
Column_39=476
Column_13=418
Column_9=255
Column_3=232
Column_45=225
Column_5=223
Column_6=205
Column_8=192
Column_28=190
Column_26=179
Column_12=177
Column_1=173
Column_7=164
Column_31=163
Column_47=133
Column_44=127
Column_10=124
Column_2=105
Column_25=105
Column_14=102
Column_17=77
Column_34=71
Column_0=68
Column_35=67
Column_16=65
Column_53=56
Column_46=54
Column_15=52
Column_36=50
Column_27=46
Column_4=40
Column_18=37
Column_52=30
Column_23=28
Column_24=23
Column_33=22
Column_11=19
Column_51=19
Column_21=11
Column_22=8
Column_43=8
Column_48=8
Column_32=7
Column_38=7
Column_50=6
Column_20=4
Column_49=1

parameters:
[boosting: gbdt]
[objective: regression]
[metric: rmse]
[tree_learner: serial]
[device_type: cpu]
[data_sample_strategy: bagging]
[data: ]
[valid: ]
[num_iterations: 2000]
[learning_rate: 0.0529975]
[num_leaves: 126]
[num_threads: 0]
[seed: 42]
[deterministic: 0]
[force_col_wise: 0]
[force_row_wise: 0]
[histogram_pool_size: -1]
[max_depth: 9]
[min_data_in_leaf: 11]
[min_sum_hessian_in_leaf: 0.001]
[bagging_fraction: 0.99809]
[pos_bagging_fraction: 1]
[neg_bagging_fraction: 1]
[bagging_freq: 0]
[bagging_seed: 400]
[bagging_by_query: 0]
[feature_fraction: 0.925341]
[feature_fraction_bynode: 1]
[feature_fraction_seed: 30056]
[extra_trees: 0]
[extra_seed: 12879]
[early_stopping_round: 0]
[early_stopping_min_delta: 0]
[first_metric_only: 0]
[max_delta_step: 0]
[lambda_l1: 0.131792]
[lambda_l2: 5.99641]
[linear_lambda: 0]
[min_gain_to_split: 0]
[drop_rate: 0.1]
[max_drop: 50]
[skip_drop: 0.5]
[xgboost_dart_mode: 0]
[uniform_drop: 0]
[drop_seed: 17869]
[top_rate: 0.2]
[other_rate: 0.1]
[min_data_per_group: 100]
[max_cat_threshold: 32]
[cat_l2: 10]
[cat_smooth: 10]
[max_cat_to_onehot: 4]
[top_k: 20]
[monotone_constraints: ]
[monotone_constraints_method: basic]
[monotone_penalty: 0]
[feature_contri: ]
[forcedsplits_filename: ]
[refit_decay_rate: 0.9]
[cegb_tradeoff: 1]
[cegb_penalty_split: 0]
[cegb_penalty_feature_lazy: ]
[cegb_penalty_feature_coupled: ]
[path_smooth: 0]
[interaction_constraints: ]
[verbosity: -1]
[saved_feature_importance_type: 0]
[use_quantized_grad: 0]
[num_grad_quant_bins: 4]
[quant_train_renew_leaf: 0]
[stochastic_rounding: 1]
[linear_tree: 0]
[max_bin: 255]
[max_bin_by_feature: ]
[min_data_in_bin: 3]
[bin_construct_sample_cnt: 200000]
[data_random_seed: 175]
[is_enable_sparse: 1]
[enable_bundle: 1]
[use_missing: 1]
[zero_as_missing: 0]
[feature_pre_filter: 1]
[pre_partition: 0]
[two_round: 0]
[header: 0]
[label_column: ]
[weight_column: ]
[group_column: ]
[ignore_column: ]
[categorical_feature: ]
[forcedbins_filename: ]
[precise_float_parser: 0]
[parser_config_file: ]
[objective_seed: 16083]
[num_class: 1]
[is_unbalance: 0]
[scale_pos_weight: 1]
[sigmoid: 1]
[boost_from_average: 1]
[reg_sqrt: 0]
[alpha: 0.9]
[fair_c: 1]
[poisson_max_delta_step: 0.7]
[tweedie_variance_power: 1.5]
[lambdarank_truncation_level: 30]
[lambdarank_norm: 1]
[label_gain: ]
[lambdarank_position_bias_regularization: 0]
[eval_at: ]
[multi_error_top_k: 1]
[auc_mu_weights: ]
[num_machines: 1]
[local_listen_port: 12400]
[time_out: 120]
[machine_list_filename: ]
[machines: ]
[gpu_platform_id: -1]
[gpu_device_id: -1]
[gpu_use_dp: 0]
[num_gpu: 1]

end of parameters

pandas_categorical:null
